local_time,local_ns,monotonic_ns,packet_type,exchange_segment,security_id,LTP,LTQ,LTT,prev_close,prev_OI,avg_price,volume,total_sell_quantity,total_buy_quantity,OI,depth_json
09:15:00.001,1790739900001272384,1457642555207411,Ticker Data,0,51,72441.15,,09:14:30,,,,,,,,
09:15:00.001,1790739900001391745,1457642555325492,Previous Close,0,51,,,,72529.07,0,,,,,,
09:15:00.001,1790739900001447026,1457642555380653,Ticker Data,0,51,72441.15,,09:14:31,,,,,,,,
09:15:00.001,1790739900001492346,1457642555425973,Ticker Data,0,51,72441.15,,09:14:32,,,,,,,,
09:15:00.001,1790739900001533346,1457642555466973,Ticker Data,0,51,72441.15,,09:14:33,,,,,,,,
09:15:00.001,1790739900001571426,1457642555505093,Ticker Data,0,51,72441.15,,09:14:34,,,,,,,,
09:15:00.001,1790739900001608707,1457642555542334,Ticker Data,0,51,72441.15,,09:14:35,,,,,,,,
09:15:00.001,1790739900001645347,1457642555578934,Ticker Data,0,51,72441.15,,09:14:36,,,,,,,,
09:15:00.001,1790739900001681027,1457642555614614,Ticker Data,0,51,72441.15,,09:14:37,,,,,,,,
09:15:00.001,1790739900001716387,1457642555649974,Ticker Data,0,51,72441.15,,09:14:38,,,,,,,,
09:15:00.001,1790739900001803268,1457642555736935,Ticker Data,0,51,72441.15,,09:14:39,,,,,,,,
09:15:00.001,1790739900001850468,1457642555784055,Ticker Data,0,51,72441.15,,09:14:40,,,,,,,,
09:15:00.001,1790739900001888548,1457642555822175,Ticker Data,0,51,72441.15,,09:14:41,,,,,,,,
09:15:00.001,1790739900001925189,1457642555858776,Ticker Data,0,51,72441.15,,09:14:42,,,,,,,,
09:15:00.001,1790739900001961829,1457642555895416,Ticker Data,0,51,72441.15,,09:14:43,,,,,,,,
09:15:00.002,1790739900002155590,1457642556089417,Ticker Data,0,51,72441.15,,09:14:44,,,,,,,,
09:15:00.002,1790739900002221831,1457642556155458,Ticker Data,0,51,72441.15,,09:14:45,,,,,,,,
09:15:00.002,1790739900002337991,1457642556271698,Ticker Data,0,51,72441.15,,09:14:46,,,,,,,,
09:15:00.002,1790739900002386032,1457642556319619,Ticker Data,0,51,72441.15,,09:14:47,,,,,,,,
09:15:00.002,1790739900002423232,1457642556356819,Ticker Data,0,51,72441.15,,09:14:48,,,,,,,,
09:15:00.002,1790739900002459472,1457642556393059,Ticker Data,0,51,72441.15,,09:14:49,,,,,,,,
09:15:00.002,1790739900002494712,1457642556428299,Ticker Data,0,51,72441.15,,09:14:50,,,,,,,,
09:15:00.002,1790739900002529353,1457642556462940,Ticker Data,0,51,72441.15,,09:14:51,,,,,,,,
09:15:00.002,1790739900002564393,1457642556497980,Ticker Data,0,51,72441.15,,09:14:52,,,,,,,,
09:15:00.002,1790739900002599553,1457642556533180,Ticker Data,0,51,72441.15,,09:14:53,,,,,,,,
09:15:00.002,1790739900002635593,1457642556569180,Ticker Data,0,51,72441.15,,09:14:54,,,,,,,,
09:15:00.002,1790739900002711754,1457642556645421,Ticker Data,0,51,72441.15,,09:14:55,,,,,,,,
09:15:00.002,1790739900002752954,1457642556686581,Ticker Data,0,51,72441.15,,09:14:56,,,,,,,,
09:15:00.002,1790739900002789034,1457642556722621,Ticker Data,0,51,72441.15,,09:14:57,,,,,,,,
09:15:00.002,1790739900002823234,1457642556756821,Ticker Data,0,51,72441.15,,09:14:58,,,,,,,,
09:15:00.002,1790739900002858955,1457642556792582,Ticker Data,0,51,72441.15,,09:14:59,,,,,,,,
09:15:00.204,1790739900204923623,1457642758858370,Full Data,8,887216,117.95,40,09:15:00,,,117.58,940,4200,7200,604640,"[{""bid_quantity"":60,""ask_quantity"":20,""bid_orders"":1,""ask_orders"":1,""bid_price"":""117.95"",""ask_price"":""120.80""},{""bid_quantity"":200,""ask_quantity"":20,""bid_orders"":1,""ask_orders"":1,""bid_price"":""110.35"",""ask_price"":""127.75""},{""bid_quantity"":80,""ask_quantity"":40,""bid_orders"":1,""ask_orders"":1,""bid_price"":""110.10"",""ask_price"":""128.15""},{""bid_quantity"":40,""ask_quantity"":80,""bid_orders"":1,""ask_orders"":1,""bid_price"":""109.85"",""ask_price"":""135.20""},{""bid_quantity"":40,""ask_quantity"":40,""bid_orders"":1,""ask_orders"":1,""bid_price"":""109.80"",""ask_price"":""135.90""}]"
09:15:00.260,1790739900260131620,1457642814065847,Ticker Data,0,51,72458.97,,09:15:00,,,,,,,,
09:15:00.309,1790739900309434579,1457642863368606,Full Data,8,886659,620.10,20,09:15:00,,,615.90,660,1280,9120,139920,"[{""bid_quantity"":40,""ask_quantity"":20,""bid_orders"":1,""ask_orders"":1,""bid_price"":""600.05"",""ask_price"":""620.10""},{""bid_quantity"":100,""ask_quantity"":60,""bid_orders"":1,""ask_orders"":1,""bid_price"":""600.00"",""ask_price"":""620.15""},{""bid_quantity"":220,""ask_quantity"":20,""bid_orders"":1,""ask_orders"":1,""bid_price"":""589.75"",""ask_price"":""620.25""},{""bid_quantity"":60,""ask_quantity"":40,""bid_orders"":3,""ask_orders"":1,""bid_price"":""582.15"",""ask_price"":""620.30""},{""bid_quantity"":20,""ask_quantity"":20,""bid_orders"":1,""ask_orders"":1,""bid_price"":""582.10"",""ask_price"":""620.35""}]"
09:15:00.351,1790739900351333250,1457642905267477,Full Data,8,887080,496.05,20,09:15:00,,,482.05,2180,2300,27760,212920,"[{""bid_quantity"":40,""ask_quantity"":200,""bid_orders"":1,""ask_orders"":1,""bid_price"":""480.00"",""ask_price"":""496.05""},{""bid_quantity"":40,""ask_quantity"":60,""bid_orders"":2,""ask_orders"":1,""bid_price"":""450.05"",""ask_price"":""496.45""},{""bid_quantity"":80,""ask_quantity"":20,""bid_orders"":2,""ask_orders"":1,""bid_price"":""450.00"",""ask_price"":""496.50""},{""bid_quantity"":260,""ask_quantity"":20,""bid_orders"":1,""ask_orders"":1,""bid_price"":""448.95"",""ask_price"":""501.25""},{""bid_quantity"":80,""ask_quantity"":20,""bid_orders"":1,""ask_orders"":1,""bid_price"":""446.25"",""ask_price"":""501.30""}]"
09:15:00.417,1790739900417705440,1457642971639667,Full Data,8,887306,532.15,20,09:15:00,,,558.61,720,2360,7280,204460,"[{""bid_quantity"":20,""ask_quantity"":20,""bid_orders"":1,""ask_orders"":1,""bid_price"":""532.55"",""ask_price"":""535.45""},{""bid_quantity"":40,""ask_quantity"":40,""bid_orders"":1,""ask_orders"":1,""bid_price"":""532.50"",""ask_price"":""535.50""},{""bid_quantity"":20,""ask_quantity"":40,""bid_orders"":1,""ask_orders"":1,""bid_price"":""532.45"",""ask_price"":""539.90""},{""bid_quantity"":20,""ask_quantity"":100,""bid_orders"":1,""ask_orders"":2,""bid_price"":""532.40"",""ask_price"":""539.95""},{""bid_quantity"":20,""ask_quantity"":120,""bid_orders"":1,""ask_orders"":3,""bid_price"":""532.30"",""ask_price"":""540.00""}]"
09:15:00.442,1790739900442144318,1457642996078425,Full Data,8,887080,482.35,20,09:15:00,,,480.07,2640,3220,29480,212920,"[{""bid_quantity"":40,""ask_quantity"":40,""bid_orders"":1,""ask_orders"":1,""bid_price"":""463.40"",""ask_price"":""482.25""},{""bid_quantity"":60,""ask_quantity"":40,""bid_orders"":1,""ask_orders"":1,""bid_price"":""463.35"",""ask_price"":""482.30""},{""bid_quantity"":40,""ask_quantity"":40,""bid_orders"":2,""ask_orders"":1,""bid_price"":""454.00"",""ask_price"":""482.35""},{""bid_quantity"":320,""ask_quantity"":260,""bid_orders"":6,""ask_orders"":1,""bid_price"":""453.95"",""ask_price"":""482.55""},{""bid_quantity"":40,""ask_quantity"":60,""bid_orders"":1,""ask_orders"":1,""bid_price"":""453.80"",""ask_price"":""482.65""}]"
09:15:00.443,1790739900443810769,1457642997744796,Full Data,8,887306,531.50,60,09:15:00,,,548.80,1160,2320,7340,204460,"[{""bid_quantity"":40,""ask_quantity"":40,""bid_orders"":1,""ask_orders"":1,""bid_price"":""514.85"",""ask_price"":""539.90""},{""bid_quantity"":40,""ask_quantity"":100,""bid_orders"":1,""ask_orders"":2,""bid_price"":""514.80"",""ask_price"":""539.95""},{""bid_quantity"":40,""ask_quantity"":120,""bid_orders"":1,""ask_orders"":3,""bid_price"":""514.70"",""ask_price"":""540.00""},{""bid_quantity"":240,""ask_quantity"":20,""bid_orders"":11,""ask_orders"":1,""bid_price"":""514.50"",""ask_price"":""550.95""},{""bid_quantity"":40,""ask_quantity"":240,""bid_orders"":2,""ask_orders"":1,""bid_price"":""514.00"",""ask_price"":""553.65""}]"
09:15:00.469,1790739900469919778,1457643023853645,Full Data,8,886528,296.65,20,09:15:00,,,312.53,4700,7460,35280,227080,"[{""bid_quantity"":40,""ask_quantity"":1280,""bid_orders"":1,""ask_orders"":4,""bid_price"":""297.60"",""ask_price"":""329.20""},{""bid_quantity"":40,""ask_quantity"":20,""bid_orders"":1,""ask_orders"":1,""bid_price"":""289.10"",""ask_price"":""329.25""},{""bid_quantity"":40,""ask_quantity"":40,""bid_orders"":1,""ask_orders"":1,""bid_price"":""289.05"",""ask_price"":""329.30""},{""bid_quantity"":100,""ask_quantity"":340,""bid_orders"":1,""ask_orders"":1,""bid_price"":""289.00"",""ask_price"":""329.95""},{""bid_quantity"":240,""ask_quantity"":80,""bid_orders"":2,""ask_orders"":1,""bid_price"":""285.00"",""ask_price"":""330.35""}]"
09:15:00.521,1790739900521704513,1457643075638500,Full Data,8,887253,673.65,20,09:15:00,,,691.23,60,1400,6720,68380,"[{""bid_quantity"":40,""ask_quantity"":60,""bid_orders"":1,""ask_orders"":2,""bid_price"":""664.70"",""ask_price"":""695.35""},{""bid_quantity"":20,""ask_quantity"":80,""bid_orders"":1,""ask_orders"":4,""bid_price"":""664.65"",""ask_price"":""695.40""},{""bid_quantity"":20,""ask_quantity"":40,""bid_orders"":1,""ask_orders"":1,""bid_price"":""664.55"",""ask_price"":""695.45""},{""bid_quantity"":320,""ask_quantity"":20,""bid_orders"":1,""ask_orders"":1,""bid_price"":""664.50"",""ask_price"":""695.50""},{""bid_quantity"":40,""ask_quantity"":40,""bid_orders"":1,""ask_orders"":2,""bid_price"":""664.40"",""ask_price"":""695.55""}]"
09:15:00.653,1790739900653961209,1457643207895876,Full Data,8,886528,318.45,20,09:15:00,,,312.19,5100,7620,36720,227080,"[{""bid_quantity"":80,""ask_quantity"":80,""bid_orders"":2,""ask_orders"":3,""bid_price"":""303.05"",""ask_price"":""318.45""},{""bid_quantity"":20,""ask_quantity"":340,""bid_orders"":1,""ask_orders"":1,""bid_price"":""303.00"",""ask_price"":""319.00""},{""bid_quantity"":40,""ask_quantity"":80,""bid_orders"":1,""ask_orders"":1,""bid_price"":""302.45"",""ask_price"":""320.90""},{""bid_quantity"":20,""ask_quantity"":60,""bid_orders"":1,""ask_orders"":3,""bid_price"":""300.00"",""ask_price"":""329.05""},{""bid_quantity"":40,""ask_quantity"":600,""bid_orders"":1,""ask_orders"":6,""bid_price"":""294.75"",""ask_price"":""329.10""}]"
09:15:00.656,1790739900656587426,1457643210521693,Full Data,8,887253,694.55,20,09:15:00,,,692.06,80,1120,7060,68380,"[{""bid_quantity"":380,""ask_quantity"":20,""bid_orders"":3,""ask_orders"":1,""bid_price"":""665.90"",""ask_price"":""694.55""},{""bid_quantity"":40,""ask_quantity"":20,""bid_orders"":1,""ask_orders"":1,""bid_price"":""665.85"",""ask_price"":""694.60""},{""bid_quantity"":20,""ask_quantity"":40,""bid_orders"":1,""ask_orders"":1,""bid_price"":""665.75"",""ask_price"":""695.15""},{""bid_quantity"":40,""ask_quantity"":20,""bid_orders"":1,""ask_orders"":1,""bid_price"":""664.40"",""ask_price"":""695.20""},{""bid_quantity"":20,""ask_quantity"":220,""bid_orders"":1,""ask_orders"":1,""bid_price"":""662.65"",""ask_price"":""696.95""}]"
09:15:00.697,1790739900697603452,1457643251537439,Full Data,8,886685,250.20,20,09:15:00,,,248.26,7580,17140,34420,1113180,"[{""bid_quantity"":60,""ask_quantity"":160,""bid_orders"":1,""ask_orders"":2,""bid_price"":""251.40"",""ask_price"":""259.35""},{""bid_quantity"":40,""ask_quantity"":20,""bid_orders"":2,""ask_orders"":1,""bid_price"":""250.45"",""ask_price"":""259.40""},{""bid_quantity"":120,""ask_quantity"":80,""bid_orders"":1,""ask_orders"":1,""bid_price"":""250.15"",""ask_price"":""259.45""},{""bid_quantity"":480,""ask_quantity"":380,""bid_orders"":1,""ask_orders"":1,""bid_price"":""250.05"",""ask_price"":""259.50""},{""bid_quantity"":20,""ask_quantity"":80,""bid_orders"":1,""ask_orders"":1,""bid_price"":""250.00"",""ask_price"":""260.45""}]"
09:15:00.758,1790739900758101883,1457643312036390,Full Data,8,886461,390.10,20,09:15:00,,,414.51,7480,10520,42100,738980,"[{""bid_quantity"":60,""ask_quantity"":180,""bid_orders"":1,""ask_orders"":3,""bid_price"":""390.40"",""ask_price"":""404.85""},{""bid_quantity"":20,""ask_quantity"":320,""bid_orders"":1,""ask_orders"":4,""bid_price"":""390.35"",""ask_price"":""404.90""},{""bid_quantity"":800,""ask_quantity"":100,""bid_orders"":4,""ask_orders"":1,""bid_price"":""390.10"",""ask_price"":""408.00""},{""bid_quantity"":20,""ask_quantity"":100,""bid_orders"":1,""ask_orders"":1,""bid_price"":""390.00"",""ask_price"":""408.60""},{""bid_quantity"":20,""ask_quantity"":20,""bid_orders"":1,""ask_orders"":1,""bid_price"":""389.00"",""ask_price"":""409.85""}]"
09:15:00.789,1790739900789040363,1457643342974310,Full Data,8,886461,383.80,20,09:15:00,,,402.82,11440,8840,39020,738980,"[{""bid_quantity"":40,""ask_quantity"":80,""bid_orders"":1,""ask_orders"":2,""bid_price"":""375.95"",""ask_price"":""383.75""},{""bid_quantity"":80,""ask_quantity"":20,""bid_orders"":1,""ask_orders"":1,""bid_price"":""375.90"",""ask_price"":""383.80""},{""bid_quantity"":280,""ask_quantity"":40,""bid_orders"":2,""ask_orders"":1,""bid_price"":""375.80"",""ask_price"":""384.05""},{""bid_quantity"":20,""ask_quantity"":60,""bid_orders"":1,""ask_orders"":1,""bid_price"":""375.70"",""ask_price"":""384.15""},{""bid_quantity"":320,""ask_quantity"":40,""bid_orders"":2,""ask_orders"":1,""bid_price"":""375.65"",""ask_price"":""384.40""}]"
09:15:00.834,1790739900834880460,1457643388814887,Full Data,8,887100,367.70,60,09:15:00,,,339.93,3600,4140,14580,254140,"[{""bid_quantity"":60,""ask_quantity"":60,""bid_orders"":1,""ask_orders"":1,""bid_price"":""367.35"",""ask_price"":""372.95""},{""bid_quantity"":60,""ask_quantity"":300,""bid_orders"":1,""ask_orders"":1,""bid_price"":""367.00"",""ask_price"":""373.00""},{""bid_quantity"":140,""ask_quantity"":60,""bid_orders"":3,""ask_orders"":1,""bid_price"":""355.60"",""ask_price"":""374.30""},{""bid_quantity"":200,""ask_quantity"":60,""bid_orders"":3,""ask_orders"":1,""bid_price"":""355.55"",""ask_price"":""374.55""},{""bid_quantity"":1620,""ask_quantity"":60,""bid_orders"":4,""ask_orders"":1,""bid_price"":""355.50"",""ask_price"":""374.80""}]"
09:15:00.880,1790739900880150833,1457643434084860,Full Data,8,886540,149.90,20,09:15:00,,,124.31,3840,16380,24120,605280,"[{""bid_quantity"":160,""ask_quantity"":100,""bid_orders"":3,""ask_orders"":1,""bid_price"":""132.75"",""ask_price"":""149.90""},{""bid_quantity"":120,""ask_quantity"":80,""bid_orders"":2,""ask_orders"":2,""bid_price"":""132.70"",""ask_price"":""149.95""},{""bid_quantity"":20,""ask_quantity"":100,""bid_orders"":1,""ask_orders"":2,""bid_price"":""132.65"",""ask_price"":""150.00""},{""bid_quantity"":20,""ask_quantity"":620,""bid_orders"":1,""ask_orders"":1,""bid_price"":""132.60"",""ask_price"":""152.75""},{""bid_quantity"":100,""ask_quantity"":40,""bid_orders"":1,""ask_orders"":1,""bid_price"":""132.55"",""ask_price"":""154.25""}]"
09:15:01.004,1790739901004186236,1457643558121023,Full Data,8,886620,192.45,60,09:15:00,,,174.05,8460,17620,32540,619000,"[{""bid_quantity"":20,""ask_quantity"":80,""bid_orders"":1,""ask_orders"":3,""bid_price"":""194.55"",""ask_price"":""198.95""},{""bid_quantity"":40,""ask_quantity"":120,""bid_orders"":1,""ask_orders"":2,""bid_price"":""194.50"",""ask_price"":""199.00""},{""bid_quantity"":120,""ask_quantity"":480,""bid_orders"":3,""ask_orders"":1,""bid_price"":""194.40"",""ask_price"":""199.05""},{""bid_quantity"":100,""ask_quantity"":280,""bid_orders"":1,""ask_orders"":2,""bid_price"":""194.20"",""ask_price"":""199.20""},{""bid_quantity"":80,""ask_quantity"":400,""bid_orders"":2,""ask_orders"":1,""bid_price"":""194.05"",""ask_price"":""199.45""}]"
09:15:01.041,1790739901041437797,1457643595372264,Full Data,8,887100,368.60,40,09:15:00,,,343.07,4020,5440,15300,254140,"[{""bid_quantity"":20,""ask_quantity"":40,""bid_orders"":1,""ask_orders"":1,""bid_price"":""368.60"",""ask_price"":""372.00""},{""bid_quantity"":160,""ask_quantity"":780,""bid_orders"":3,""ask_orders"":2,""bid_price"":""355.70"",""ask_price"":""372.05""},{""bid_quantity"":140,""ask_quantity"":60,""bid_orders"":2,""ask_orders"":1,""bid_price"":""355.65"",""ask_price"":""372.15""},{""bid_quantity"":20,""ask_quantity"":100,""bid_orders"":1,""ask_orders"":1,""bid_price"":""355.60"",""ask_price"":""372.20""},{""bid_quantity"":120,""ask_quantity"":100,""bid_orders"":1,""ask_orders"":1,""bid_price"":""355.55"",""ask_price"":""372.40""}]"
09:15:01.043,1790739901043445490,1457643597379357,Full Data,8,886540,149.90,20,09:15:00,,,124.31,3840,17420,24540,605280,"[{""bid_quantity"":160,""ask_quantity"":220,""bid_orders"":3,""ask_orders"":3,""bid_price"":""132.90"",""ask_price"":""149.05""},{""bid_quantity"":200,""ask_quantity"":120,""bid_orders"":2,""ask_orders"":2,""bid_price"":""132.85"",""ask_price"":""149.10""},{""bid_quantity"":120,""ask_quantity"":200,""bid_orders"":2,""ask_orders"":2,""bid_price"":""132.75"",""ask_price"":""149.15""},{""bid_quantity"":120,""ask_quantity"":100,""bid_orders"":2,""ask_orders"":1,""bid_price"":""132.70"",""ask_price"":""149.25""},{""bid_quantity"":20,""ask_quantity"":100,""bid_orders"":1,""ask_orders"":1,""bid_price"":""132.60"",""ask_price"":""149.30""}]"
09:15:01.043,1790739901043579611,1457643597513238,Full Data,8,886620,195.20,20,09:15:00,,,174.98,8820,17780,32200,619000,"[{""bid_quantity"":100,""ask_quantity"":80,""bid_orders"":2,""ask_orders"":4,""bid_price"":""195.20"",""ask_price"":""197.60""},{""bid_quantity"":100,""ask_quantity"":20,""bid_orders"":1,""ask_orders"":1,""bid_price"":""195.00"",""ask_price"":""197.65""},{""bid_quantity"":100,""ask_quantity"":20,""bid_orders"":1,""ask_orders"":1,""bid_price"":""194.80"",""ask_price"":""197.70""},{""bid_quantity"":20,""ask_quantity"":100,""bid_orders"":1,""ask_orders"":1,""bid_price"":""191.00"",""ask_price"":""198.20""},{""bid_quantity"":320,""ask_quantity"":100,""bid_orders"":1,""ask_orders"":1,""bid_price"":""187.60"",""ask_price"":""198.40""}]"
09:15:01.148,1790739901148500010,1457643702434557,Full Data,8,887135,324.00,120,09:15:00,,,353.36,8640,9700,18940,307120,"[{""bid_quantity"":140,""ask_quantity"":320,""bid_orders"":3,""ask_orders"":4,""bid_price"":""322.45"",""ask_price"":""329.45""},{""bid_quantity"":100,""ask_quantity"":380,""bid_orders"":1,""ask_orders"":3,""bid_price"":""322.20"",""ask_price"":""329.50""},{""bid_quantity"":340,""ask_quantity"":260,""bid_orders"":3,""ask_orders"":4,""bid_price"":""322.00"",""ask_price"":""329.55""},{""bid_quantity"":100,""ask_quantity"":160,""bid_orders"":1,""ask_orders"":2,""bid_price"":""321.80"",""ask_price"":""329.60""},{""bid_quantity"":40,""ask_quantity"":120,""bid_orders"":2,""ask_orders"":1,""bid_price"":""321.00"",""ask_price"":""329.65""}]"
09:15:01.190,1790739901190424681,1457643744359148,Full Data,8,887135,324.00,120,09:15:00,,,353.36,8640,11700,20960,307120,"[{""bid_quantity"":80,""ask_quantity"":320,""bid_orders"":1,""ask_orders"":4,""bid_price"":""322.50"",""ask_price"":""329.35""},{""bid_quantity"":60,""ask_quantity"":580,""bid_orders"":2,""ask_orders"":5,""bid_price"":""322.45"",""ask_price"":""329.40""},{""bid_quantity"":340,""ask_quantity"":260,""bid_orders"":3,""ask_orders"":4,""bid_price"":""322.00"",""ask_price"":""329.45""},{""bid_quantity"":100,""ask_quantity"":60,""bid_orders"":1,""ask_orders"":1,""bid_price"":""321.80"",""ask_price"":""329.50""},{""bid_quantity"":100,""ask_quantity"":140,""bid_orders"":1,""ask_orders"":2,""bid_price"":""321.60"",""ask_price"":""329.55""}]"
09:15:01.242,1790739901242141096,1457643796075723,Full Data,8,887279,239.60,40,09:15:00,,,211.40,10620,16920,24600,563560,"[{""bid_quantity"":80,""ask_quantity"":180,""bid_orders"":2,""ask_orders"":4,""bid_price"":""225.05"",""ask_price"":""231.40""},{""bid_quantity"":40,""ask_quantity"":80,""bid_orders"":1,""ask_orders"":1,""bid_price"":""224.95"",""ask_price"":""231.50""},{""bid_quantity"":40,""ask_quantity"":120,""bid_orders"":1,""ask_orders"":3,""bid_price"":""224.90"",""ask_price"":""231.55""},{""bid_quantity"":40,""ask_quantity"":300,""bid_orders"":1,""ask_orders"":3,""bid_price"":""224.70"",""ask_price"":""231.60""},{""bid_quantity"":40,""ask_quantity"":1000,""bid_orders"":1,""ask_orders"":1,""bid_price"":""224.45"",""ask_price"":""231.65""}]"
09:15:01.298,1790739901298398820,1457643852332967,Full Data,8,887355,288.25,20,09:15:00,,,303.93,5760,15420,43060,308440,"[{""bid_quantity"":100,""ask_quantity"":560,""bid_orders"":3,""ask_orders"":8,""bid_price"":""288.25"",""ask_price"":""308.10""},{""bid_quantity"":100,""ask_quantity"":600,""bid_orders"":1,""ask_orders"":3,""bid_price"":""288.20"",""ask_price"":""308.15""},{""bid_quantity"":100,""ask_quantity"":240,""bid_orders"":1,""ask_orders"":4,""bid_price"":""288.00"",""ask_price"":""308.20""},{""bid_quantity"":100,""ask_quantity"":120,""bid_orders"":1,""ask_orders"":3,""bid_price"":""287.80"",""ask_price"":""308.25""},{""bid_quantity"":100,""ask_quantity"":100,""bid_orders"":1,""ask_orders"":2,""bid_price"":""286.60"",""ask_price"":""308.30""}]"
09:15:01.348,1790739901348945707,1457643902879894,Ticker Data,0,51,72530.46,,09:15:01,,,,,,,,
09:15:01.378,1790739901378905381,1457643932839328,Full Data,8,887216,154.20,220,09:15:01,,,148.26,10420,17580,26900,604640,"[{""bid_quantity"":80,""ask_quantity"":120,""bid_orders"":2,""ask_orders"":1,""bid_price"":""152.90"",""ask_price"":""155.70""},{""bid_quantity"":40,""ask_quantity"":160,""bid_orders"":1,""ask_orders"":1,""bid_price"":""151.65"",""ask_price"":""155.75""},{""bid_quantity"":40,""ask_quantity"":20,""bid_orders"":1,""ask_orders"":1,""bid_price"":""151.05"",""ask_price"":""155.85""},{""bid_quantity"":120,""ask_quantity"":120,""bid_orders"":2,""ask_orders"":1,""bid_price"":""151.00"",""ask_price"":""155.90""},{""bid_quantity"":40,""ask_quantity"":160,""bid_orders"":2,""ask_orders"":1,""bid_price"":""150.25"",""ask_price"":""155.95""}]"
09:15:01.389,1790739901389823972,1457643943758039,Full Data,8,886659,571.05,20,09:15:01,,,596.39,2340,5500,12080,139920,"[{""bid_quantity"":20,""ask_quantity"":160,""bid_orders"":1,""ask_orders"":1,""bid_price"":""571.05"",""ask_price"":""583.65""},{""bid_quantity"":240,""ask_quantity"":180,""bid_orders"":2,""ask_orders"":3,""bid_price"":""571.00"",""ask_price"":""583.85""},{""bid_quantity"":380,""ask_quantity"":160,""bid_orders"":1,""ask_orders"":1,""bid_price"":""566.55"",""ask_price"":""583.90""},{""bid_quantity"":240,""ask_quantity"":140,""bid_orders"":1,""ask_orders"":3,""bid_price"":""564.05"",""ask_price"":""584.15""},{""bid_quantity"":240,""ask_quantity"":260,""bid_orders"":2,""ask_orders"":2,""bid_price"":""564.00"",""ask_price"":""584.20""}]"
09:15:01.414,1790739901414472892,1457643968406879,Full Data,8,887216,164.55,20,09:15:01,,,148.68,10980,17840,31360,604640,"[{""bid_quantity"":40,""ask_quantity"":200,""bid_orders"":1,""ask_orders"":2,""bid_price"":""159.10"",""ask_price"":""164.45""},{""bid_quantity"":60,""ask_quantity"":500,""bid_orders"":1,""ask_orders"":1,""bid_price"":""159.05"",""ask_price"":""164.50""},{""bid_quantity"":620,""ask_quantity"":180,""bid_orders"":2,""ask_orders"":3,""bid_price"":""158.95"",""ask_price"":""164.55""},{""bid_quantity"":100,""ask_quantity"":220,""bid_orders"":1,""ask_orders"":3,""bid_price"":""158.85"",""ask_price"":""164.60""},{""bid_quantity"":100,""ask_quantity"":140,""bid_orders"":1,""ask_orders"":2,""bid_price"":""158.75"",""ask_price"":""164.65""}]"
09:15:01.423,1790739901423812392,1457643977746379,Full Data,8,887080,442.70,20,09:15:01,,,462.16,8760,13280,35360,212920,"[{""bid_quantity"":40,""ask_quantity"":180,""bid_orders"":1,""ask_orders"":5,""bid_price"":""430.35"",""ask_price"":""437.00""},{""bid_quantity"":40,""ask_quantity"":60,""bid_orders"":2,""ask_orders"":1,""bid_price"":""430.30"",""ask_price"":""437.05""},{""bid_quantity"":80,""ask_quantity"":20,""bid_orders"":2,""ask_orders"":1,""bid_price"":""430.25"",""ask_price"":""437.10""},{""bid_quantity"":20,""ask_quantity"":40,""bid_orders"":1,""ask_orders"":1,""bid_price"":""430.20"",""ask_price"":""437.15""},{""bid_quantity"":80,""ask_quantity"":100,""bid_orders"":2,""ask_orders"":1,""bid_price"":""430.15"",""ask_price"":""437.20""}]"
09:15:01.425,1790739901425558923,1457643979492750,Full Data,8,886659,571.00,20,09:15:01,,,593.67,2620,6940,11900,139920,"[{""bid_quantity"":160,""ask_quantity"":60,""bid_orders"":2,""ask_orders"":1,""bid_price"":""564.80"",""ask_price"":""572.30""},{""bid_quantity"":60,""ask_quantity"":40,""bid_orders"":1,""ask_orders"":1,""bid_price"":""564.70"",""ask_price"":""572.35""},{""bid_quantity"":100,""ask_quantity"":80,""bid_orders"":1,""ask_orders"":2,""bid_price"":""564.20"",""ask_price"":""572.40""},{""bid_quantity"":240,""ask_quantity"":60,""bid_orders"":2,""ask_orders"":1,""bid_price"":""564.00"",""ask_price"":""572.50""},{""bid_quantity"":420,""ask_quantity"":160,""bid_orders"":1,""ask_orders"":2,""bid_price"":""556.05"",""ask_price"":""572.60""}]"
09:15:01.439,1790739901439712255,1457643993646522,Full Data,8,887306,492.25,40,09:15:01,,,518.89,6220,6760,10340,204460,"[{""bid_quantity"":80,""ask_quantity"":120,""bid_orders"":1,""ask_orders"":1,""bid_price"":""492.25"",""ask_price"":""495.85""},{""bid_quantity"":120,""ask_quantity"":120,""bid_orders"":3,""ask_orders"":1,""bid_price"":""492.20"",""ask_price"":""495.95""},{""bid_quantity"":240,""ask_quantity"":80,""bid_orders"":2,""ask_orders"":1,""bid_price"":""492.00"",""ask_price"":""496.00""},{""bid_quantity"":340,""ask_quantity"":120,""bid_orders"":3,""ask_orders"":1,""bid_price"":""491.00"",""ask_price"":""496.05""},{""bid_quantity"":100,""ask_quantity"":120,""bid_orders"":1,""ask_orders"":1,""bid_price"":""490.40"",""ask_price"":""496.15""}]"
09:15:01.441,1790739901441318825,1457643995252732,Full Data,8,887080,427.75,20,09:15:01,,,457.45,10240,8620,35700,212920,"[{""bid_quantity"":20,""ask_quantity"":80,""bid_orders"":1,""ask_orders"":1,""bid_price"":""427.35"",""ask_price"":""431.80""},{""bid_quantity"":20,""ask_quantity"":80,""bid_orders"":1,""ask_orders"":2,""bid_price"":""427.05"",""ask_price"":""431.85""},{""bid_quantity"":140,""ask_quantity"":80,""bid_orders"":3,""ask_orders"":2,""bid_price"":""425.80"",""ask_price"":""431.95""},{""bid_quantity"":120,""ask_quantity"":60,""bid_orders"":1,""ask_orders"":1,""bid_price"":""425.65"",""ask_price"":""432.10""},{""bid_quantity"":220,""ask_quantity"":60,""bid_orders"":2,""ask_orders"":1,""bid_price"":""424.00"",""ask_price"":""432.20""}]"
09:15:01.457,1790739901457455930,1457644011390117,Full Data,8,887306,500.00,340,09:15:01,,,511.32,9820,6940,11000,204460,"[{""bid_quantity"":80,""ask_quantity"":60,""bid_orders"":1,""ask_orders"":1,""bid_price"":""491.35"",""ask_price"":""496.50""},{""bid_quantity"":80,""ask_quantity"":20,""bid_orders"":1,""ask_orders"":1,""bid_price"":""491.30"",""ask_price"":""496.55""},{""bid_quantity"":80,""ask_quantity"":80,""bid_orders"":1,""ask_orders"":2,""bid_price"":""491.25"",""ask_price"":""496.65""},{""bid_quantity"":60,""ask_quantity"":80,""bid_orders"":1,""ask_orders"":2,""bid_price"":""491.20"",""ask_price"":""496.80""},{""bid_quantity"":100,""ask_quantity"":100,""bid_orders"":1,""ask_orders"":2,""bid_price"":""491.10"",""ask_price"":""496.95""}]"
09:15:01.458,1790739901458869819,1457644012803646,Full Data,8,886528,276.50,40,09:15:01,,,289.00,16380,11720,48820,227080,"[{""bid_quantity"":80,""ask_quantity"":40,""bid_orders"":1,""ask_orders"":1,""bid_price"":""274.15"",""ask_price"":""276.30""},{""bid_quantity"":100,""ask_quantity"":20,""bid_orders"":1,""ask_orders"":1,""bid_price"":""274.05"",""ask_price"":""276.35""},{""bid_quantity"":100,""ask_quantity"":20,""bid_orders"":1,""ask_orders"":1,""bid_price"":""273.70"",""ask_price"":""276.50""},{""bid_quantity"":120,""ask_quantity"":60,""bid_orders"":1,""ask_orders"":1,""bid_price"":""273.60"",""ask_price"":""276.80""},{""bid_quantity"":120,""ask_quantity"":60,""bid_orders"":1,""ask_orders"":1,""bid_price"":""273.50"",""ask_price"":""277.20""}]"
09:15:01.465,1790739901465798584,1457644019732411,Full Data,8,887253,658.45,20,09:15:01,,,670.68,2760,2200,23420,68380,"[{""bid_quantity"":180,""ask_quantity"":160,""bid_orders"":2,""ask_orders"":1,""bid_price"":""646.40"",""ask_price"":""661.95""},{""bid_quantity"":160,""ask_quantity"":20,""bid_orders"":1,""ask_orders"":1,""bid_price"":""646.35"",""ask_price"":""667.05""},{""bid_quantity"":40,""ask_quantity"":40,""bid_orders"":1,""ask_orders"":1,""bid_price"":""646.30"",""ask_price"":""668.85""},{""bid_quantity"":160,""ask_quantity"":220,""bid_orders"":1,""ask_orders"":1,""bid_price"":""646.25"",""ask_price"":""668.90""},{""bid_quantity"":160,""ask_quantity"":40,""bid_orders"":1,""ask_orders"":1,""bid_price"":""646.15"",""ask_price"":""675.50""}]"
09:15:01.472,1790739901472526867,1457644026460814,Full Data,8,886685,267.10,20,09:15:01,,,258.15,47900,27340,64300,1113180,"[{""bid_quantity"":60,""ask_quantity"":80,""bid_orders"":3,""ask_orders"":1,""bid_price"":""264.80"",""ask_price"":""266.65""},{""bid_quantity"":120,""ask_quantity"":140,""bid_orders"":1,""ask_orders"":2,""bid_price"":""264.50"",""ask_price"":""266.70""},{""bid_quantity"":40,""ask_quantity"":120,""bid_orders"":1,""ask_orders"":1,""bid_price"":""264.40"",""ask_price"":""266.80""},{""bid_quantity"":120,""ask_quantity"":120,""bid_orders"":1,""ask_orders"":1,""bid_price"":""264.30"",""ask_price"":""266.90""},{""bid_quantity"":160,""ask_quantity"":120,""bid_orders"":1,""ask_orders"":1,""bid_price"":""263.10"",""ask_price"":""267.00""}]"
09:15:01.475,1790739901475532207,1457644029466154,Full Data,8,886528,280.35,40,09:15:01,,,288.21,17500,11380,51120,227080,"[{""bid_quantity"":40,""ask_quantity"":80,""bid_orders"":1,""ask_orders"":1,""bid_price"":""280.35"",""ask_price"":""286.65""},{""bid_quantity"":180,""ask_quantity"":40,""bid_orders"":1,""ask_orders"":1,""bid_price"":""280.30"",""ask_price"":""286.70""},{""bid_quantity"":380,""ask_quantity"":40,""bid_orders"":3,""ask_orders"":1,""bid_price"":""280.25"",""ask_price"":""288.35""},{""bid_quantity"":260,""ask_quantity"":40,""bid_orders"":2,""ask_orders"":2,""bid_price"":""280.20"",""ask_price"":""288.40""},{""bid_quantity"":160,""ask_quantity"":300,""bid_orders"":1,""ask_orders"":1,""bid_price"":""280.15"",""ask_price"":""288.45""}]"
09:15:01.477,1790739901477180337,1457644031114044,Full Data,8,887253,646.40,20,09:15:01,,,670.50,2780,2960,23980,68380,"[{""bid_quantity"":60,""ask_quantity"":80,""bid_orders"":1,""ask_orders"":1,""bid_price"":""659.10"",""ask_price"":""672.25""},{""bid_quantity"":40,""ask_quantity"":80,""bid_orders"":1,""ask_orders"":1,""bid_price"":""659.05"",""ask_price"":""672.35""},{""bid_quantity"":60,""ask_quantity"":80,""bid_orders"":1,""ask_orders"":1,""bid_price"":""659.00"",""ask_price"":""672.45""},{""bid_quantity"":60,""ask_quantity"":80,""bid_orders"":1,""ask_orders"":1,""bid_price"":""658.90"",""ask_price"":""672.55""},{""bid_quantity"":60,""ask_quantity"":80,""bid_orders"":1,""ask_orders"":1,""bid_price"":""658.80"",""ask_price"":""672.65""}]"
09:15:01.553,1790739901553937634,1457644107871821,Full Data,8,886461,398.80,40,09:15:01,,,392.92,33060,16180,66980,738980,"[{""bid_quantity"":120,""ask_quantity"":100,""bid_orders"":1,""ask_orders"":1,""bid_price"":""393.00"",""ask_price"":""398.05""},{""bid_quantity"":80,""ask_quantity"":120,""bid_orders"":1,""ask_orders"":1,""bid_price"":""392.95"",""ask_price"":""398.10""},{""bid_quantity"":120,""ask_quantity"":160,""bid_orders"":1,""ask_orders"":1,""bid_price"":""392.90"",""ask_price"":""398.15""},{""bid_quantity"":120,""ask_quantity"":120,""bid_orders"":1,""ask_orders"":1,""bid_price"":""392.80"",""ask_price"":""398.20""},{""bid_quantity"":120,""ask_quantity"":120,""bid_orders"":1,""ask_orders"":1,""bid_price"":""392.70"",""ask_price"":""398.30""}]"
09:15:01.599,1790739901599804691,1457644153738878,Full Data,8,886461,401.30,40,09:15:01,,,393.03,34060,13400,66780,738980,"[{""bid_quantity"":80,""ask_quantity"":60,""bid_orders"":1,""ask_orders"":1,""bid_price"":""390.70"",""ask_price"":""399.65""},{""bid_quantity"":160,""ask_quantity"":100,""bid_orders"":1,""ask_orders"":2,""bid_price"":""390.65"",""ask_price"":""399.70""},{""bid_quantity"":160,""ask_quantity"":20,""bid_orders"":1,""ask_orders"":1,""bid_price"":""390.55"",""ask_price"":""401.30""},{""bid_quantity"":460,""ask_quantity"":600,""bid_orders"":3,""ask_orders"":1,""bid_price"":""390.25"",""ask_price"":""401.35""},{""bid_quantity"":20,""ask_quantity"":40,""bid_orders"":1,""ask_orders"":1,""bid_price"":""390.10"",""ask_price"":""401.55""}]"
09:15:01.743,1790739901743372220,1457644297306527,Full Data,8,887100,346.65,20,09:15:01,,,350.22,10660,6660,18440,254140,"[{""bid_quantity"":20,""ask_quantity"":40,""bid_orders"":1,""ask_orders"":1,""bid_price"":""345.10"",""ask_price"":""352.00""},{""bid_quantity"":140,""ask_quantity"":40,""bid_orders"":3,""ask_orders"":1,""bid_price"":""345.00"",""ask_price"":""352.05""},{""bid_quantity"":40,""ask_quantity"":40,""bid_orders"":1,""ask_orders"":1,""bid_price"":""343.00"",""ask_price"":""352.15""},{""bid_quantity"":80,""ask_quantity"":160,""bid_orders"":1,""ask_orders"":3,""bid_price"":""342.95"",""ask_price"":""352.20""},{""bid_quantity"":20,""ask_quantity"":100,""bid_orders"":1,""ask_orders"":1,""bid_price"":""342.90"",""ask_price"":""352.40""}]"
09:15:01.747,1790739901747194565,1457644301128432,Full Data,8,886620,185.50,40,09:15:01,,,180.63,22200,24200,39600,619000,"[{""bid_quantity"":20,""ask_quantity"":20,""bid_orders"":1,""ask_orders"":1,""bid_price"":""181.45"",""ask_price"":""185.50""},{""bid_quantity"":100,""ask_quantity"":40,""bid_orders"":1,""ask_orders"":1,""bid_price"":""181.40"",""ask_price"":""185.55""},{""bid_quantity"":20,""ask_quantity"":480,""bid_orders"":1,""ask_orders"":4,""bid_price"":""181.35"",""ask_price"":""187.10""},{""bid_quantity"":20,""ask_quantity"":20,""bid_orders"":1,""ask_orders"":1,""bid_price"":""181.30"",""ask_price"":""187.15""},{""bid_quantity"":100,""ask_quantity"":440,""bid_orders"":1,""ask_orders"":1,""bid_price"":""181.20"",""ask_price"":""187.20""}]"
09:15:01.756,1790739901756529385,1457644310463252,Full Data,8,886540,134.80,40,09:15:01,,,129.15,7240,44080,27120,605280,"[{""bid_quantity"":20,""ask_quantity"":40,""bid_orders"":1,""ask_orders"":1,""bid_price"":""131.10"",""ask_price"":""133.15""},{""bid_quantity"":20,""ask_quantity"":40,""bid_orders"":1,""ask_orders"":2,""bid_price"":""131.05"",""ask_price"":""134.70""},{""bid_quantity"":20,""ask_quantity"":180,""bid_orders"":1,""ask_orders"":2,""bid_price"":""131.00"",""ask_price"":""134.80""},{""bid_quantity"":20,""ask_quantity"":20,""bid_orders"":1,""ask_orders"":1,""bid_price"":""130.95"",""ask_price"":""134.85""},{""bid_quantity"":20,""ask_quantity"":60,""bid_orders"":1,""ask_orders"":3,""bid_price"":""130.90"",""ask_price"":""134.95""}]"
09:15:01.789,1790739901789845281,1457644343779388,Full Data,8,886620,187.00,20,09:15:01,,,180.65,22280,24360,39920,619000,"[{""bid_quantity"":20,""ask_quantity"":20,""bid_orders"":1,""ask_orders"":1,""bid_price"":""181.85"",""ask_price"":""187.00""},{""bid_quantity"":140,""ask_quantity"":20,""bid_orders"":1,""ask_orders"":1,""bid_price"":""181.80"",""ask_price"":""187.05""},{""bid_quantity"":80,""ask_quantity"":440,""bid_orders"":2,""ask_orders"":1,""bid_price"":""181.65"",""ask_price"":""187.20""},{""bid_quantity"":100,""ask_quantity"":100,""bid_orders"":1,""ask_orders"":1,""bid_price"":""181.60"",""ask_price"":""187.40""},{""bid_quantity"":20,""ask_quantity"":100,""bid_orders"":1,""ask_orders"":1,""bid_price"":""181.55"",""ask_price"":""187.60""}]"
09:15:01.791,1790739901791165250,1457644345099077,Full Data,8,887100,345.15,20,09:15:01,,,350.21,10680,6700,18680,254140,"[{""bid_quantity"":60,""ask_quantity"":100,""bid_orders"":2,""ask_orders"":3,""bid_price"":""345.10"",""ask_price"":""350.50""},{""bid_quantity"":140,""ask_quantity"":20,""bid_orders"":3,""ask_orders"":1,""bid_price"":""345.00"",""ask_price"":""350.55""},{""bid_quantity"":100,""ask_quantity"":80,""bid_orders"":1,""ask_orders"":2,""bid_price"":""344.80"",""ask_price"":""350.60""},{""bid_quantity"":100,""ask_quantity"":20,""bid_orders"":1,""ask_orders"":1,""bid_price"":""344.60"",""ask_price"":""350.65""},{""bid_quantity"":80,""ask_quantity"":20,""bid_orders"":1,""ask_orders"":1,""bid_price"":""341.40"",""ask_price"":""350.75""}]"
09:15:01.793,1790739901793224863,1457644347158650,Full Data,8,886540,129.90,20,09:15:01,,,129.15,7280,44820,26540,605280,"[{""bid_quantity"":20,""ask_quantity"":20,""bid_orders"":1,""ask_orders"":1,""bid_price"":""129.30"",""ask_price"":""133.10""},{""bid_quantity"":40,""ask_quantity"":240,""bid_orders"":1,""ask_orders"":2,""bid_price"":""129.10"",""ask_price"":""133.15""},{""bid_quantity"":100,""ask_quantity"":200,""bid_orders"":1,""ask_orders"":3,""bid_price"":""128.80"",""ask_price"":""134.70""},{""bid_quantity"":20,""ask_quantity"":120,""bid_orders"":1,""ask_orders"":1,""bid_price"":""127.60"",""ask_price"":""134.75""},{""bid_quantity"":40,""ask_quantity"":140,""bid_orders"":2,""ask_orders"":2,""bid_price"":""127.50"",""ask_price"":""134.80""}]"
09:15:01.864,1790739901864753366,1457644418687633,Full Data,8,887135,344.30,20,09:15:01,,,340.21,18680,9300,37000,307120,"[{""bid_quantity"":140,""ask_quantity"":80,""bid_orders"":2,""ask_orders"":1,""bid_price"":""337.90"",""ask_price"":""344.25""},{""bid_quantity"":80,""ask_quantity"":20,""bid_orders"":1,""ask_orders"":1,""bid_price"":""337.85"",""ask_price"":""344.30""},{""bid_quantity"":80,""ask_quantity"":140,""bid_orders"":1,""ask_orders"":2,""bid_price"":""337.80"",""ask_price"":""344.40""},{""bid_quantity"":200,""ask_quantity"":100,""bid_orders"":1,""ask_orders"":1,""bid_price"":""337.00"",""ask_price"":""344.60""},{""bid_quantity"":200,""ask_quantity"":100,""bid_orders"":1,""ask_orders"":1,""bid_price"":""336.95"",""ask_price"":""344.80""}]"
09:15:01.935,1790739901935425023,1457644489359010,Full Data,8,887279,220.30,40,09:15:01,,,216.40,18040,17480,51960,563560,"[{""bid_quantity"":40,""ask_quantity"":360,""bid_orders"":1,""ask_orders"":2,""bid_price"":""216.30"",""ask_price"":""220.30""},{""bid_quantity"":40,""ask_quantity"":100,""bid_orders"":1,""ask_orders"":1,""bid_price"":""216.25"",""ask_price"":""220.40""},{""bid_quantity"":40,""ask_quantity"":100,""bid_orders"":1,""ask_orders"":1,""bid_price"":""215.20"",""ask_price"":""220.60""},{""bid_quantity"":40,""ask_quantity"":120,""bid_orders"":1,""ask_orders"":1,""bid_price"":""215.10"",""ask_price"":""220.75""},{""bid_quantity"":240,""ask_quantity"":100,""bid_orders"":2,""ask_orders"":1,""bid_price"":""215.00"",""ask_price"":""220.80""}]"
09:15:01.938,1790739901938690845,1457644492624672,Full Data,8,887135,345.20,20,09:15:01,,,340.23,18960,9640,36820,307120,"[{""bid_quantity"":20,""ask_quantity"":20,""bid_orders"":1,""ask_orders"":1,""bid_price"":""344.25"",""ask_price"":""348.65""},{""bid_quantity"":20,""ask_quantity"":320,""bid_orders"":1,""ask_orders"":1,""bid_price"":""342.85"",""ask_price"":""348.70""},{""bid_quantity"":160,""ask_quantity"":40,""bid_orders"":2,""ask_orders"":1,""bid_price"":""340.20"",""ask_price"":""349.25""},{""bid_quantity"":40,""ask_quantity"":100,""bid_orders"":1,""ask_orders"":1,""bid_price"":""340.15"",""ask_price"":""349.40""},{""bid_quantity"":120,""ask_quantity"":100,""bid_orders"":2,""ask_orders"":1,""bid_price"":""334.20"",""ask_price"":""349.60""}]"
09:15:02.009,1790739902009676704,1457644563611291,Full Data,8,887355,296.80,40,09:15:01,,,303.43,12460,12760,54520,308440,"[{""bid_quantity"":80,""ask_quantity"":180,""bid_orders"":2,""ask_orders"":3,""bid_price"":""296.75"",""ask_price"":""301.90""},{""bid_quantity"":40,""ask_quantity"":200,""bid_orders"":1,""ask_orders"":1,""bid_price"":""295.85"",""ask_price"":""301.95""},{""bid_quantity"":100,""ask_quantity"":500,""bid_orders"":1,""ask_orders"":3,""bid_price"":""295.80"",""ask_price"":""302.00""},{""bid_quantity"":100,""ask_quantity"":700,""bid_orders"":1,""ask_orders"":4,""bid_price"":""295.60"",""ask_price"":""302.10""},{""bid_quantity"":100,""ask_quantity"":100,""bid_orders"":1,""ask_orders"":1,""bid_price"":""295.40"",""ask_price"":""302.20""}]"
09:15:02.158,1790739902158993790,1457644712928217,Full Data,8,887216,147.55,440,09:15:02,,,153.78,23740,24020,33060,604640,"[{""bid_quantity"":20,""ask_quantity"":100,""bid_orders"":1,""ask_orders"":1,""bid_price"":""145.55"",""ask_price"":""149.55""},{""bid_quantity"":140,""ask_quantity"":40,""bid_orders"":1,""ask_orders"":1,""bid_price"":""145.50"",""ask_price"":""149.65""},{""bid_quantity"":40,""ask_quantity"":80,""bid_orders"":1,""ask_orders"":1,""bid_price"":""145.45"",""ask_price"":""149.70""},{""bid_quantity"":160,""ask_quantity"":40,""bid_orders"":1,""ask_orders"":1,""bid_price"":""145.40"",""ask_price"":""149.75""},{""bid_quantity"":260,""ask_quantity"":580,""bid_orders"":1,""ask_orders"":1,""bid_price"":""145.05"",""ask_price"":""149.80""}]"
09:15:02.178,1790739902178677118,1457644732611505,Full Data,8,886659,595.00,20,09:15:02,,,592.40,5000,3100,13720,139920,"[{""bid_quantity"":120,""ask_quantity"":40,""bid_orders"":3,""ask_orders"":1,""bid_price"":""600.90"",""ask_price"":""613.85""},{""bid_quantity"":40,""ask_quantity"":80,""bid_orders"":2,""ask_orders"":1,""bid_price"":""600.85"",""ask_price"":""614.00""},{""bid_quantity"":100,""ask_quantity"":20,""bid_orders"":2,""ask_orders"":1,""bid_price"":""600.80"",""ask_price"":""619.95""},{""bid_quantity"":20,""ask_quantity"":40,""bid_orders"":1,""ask_orders"":1,""bid_price"":""600.75"",""ask_price"":""620.00""},{""bid_quantity"":40,""ask_quantity"":40,""bid_orders"":1,""ask_orders"":1,""bid_price"":""600.70"",""ask_price"":""620.10""}]"
09:15:02.247,1790739902247632524,1457644801566831,Full Data,8,887080,475.00,20,09:15:02,,,458.47,20140,8440,44220,212920,"[{""bid_quantity"":40,""ask_quantity"":20,""bid_orders"":1,""ask_orders"":1,""bid_price"":""468.95"",""ask_price"":""472.65""},{""bid_quantity"":40,""ask_quantity"":40,""bid_orders"":1,""ask_orders"":1,""bid_price"":""468.85"",""ask_price"":""472.70""},{""bid_quantity"":120,""ask_quantity"":40,""bid_orders"":1,""ask_orders"":1,""bid_price"":""468.75"",""ask_price"":""472.80""},{""bid_quantity"":120,""ask_quantity"":40,""bid_orders"":1,""ask_orders"":1,""bid_price"":""468.65"",""ask_price"":""472.90""},{""bid_quantity"":20,""ask_quantity"":40,""bid_orders"":1,""ask_orders"":1,""bid_price"":""468.45"",""ask_price"":""473.00""}]"
09:15:02.283,1790739902283400996,1457644837335543,Full Data,8,887306,536.00,20,09:15:02,,,514.82,13660,7740,15120,204460,"[{""bid_quantity"":140,""ask_quantity"":80,""bid_orders"":2,""ask_orders"":2,""bid_price"":""536.90"",""ask_price"":""541.35""},{""bid_quantity"":20,""ask_quantity"":20,""bid_orders"":1,""ask_orders"":1,""bid_price"":""536.85"",""ask_price"":""541.40""},{""bid_quantity"":120,""ask_quantity"":100,""bid_orders"":1,""ask_orders"":1,""bid_price"":""536.70"",""ask_price"":""541.50""},{""bid_quantity"":140,""ask_quantity"":220,""bid_orders"":1,""ask_orders"":3,""bid_price"":""536.65"",""ask_price"":""541.60""},{""bid_quantity"":120,""ask_quantity"":20,""bid_orders"":1,""ask_orders"":1,""bid_price"":""536.60"",""ask_price"":""541.65""}]"
09:15:02.284,1790739902284447722,1457644838381549,Full Data,8,886659,595.00,20,09:15:02,,,592.40,5000,3180,14100,139920,"[{""bid_quantity"":100,""ask_quantity"":80,""bid_orders"":1,""ask_orders"":1,""bid_price"":""603.60"",""ask_price"":""613.90""},{""bid_quantity"":40,""ask_quantity"":80,""bid_orders"":1,""ask_orders"":1,""bid_price"":""603.55"",""ask_price"":""614.00""},{""bid_quantity"":120,""ask_quantity"":20,""bid_orders"":2,""ask_orders"":1,""bid_price"":""603.50"",""ask_price"":""619.95""},{""bid_quantity"":40,""ask_quantity"":40,""bid_orders"":1,""ask_orders"":1,""bid_price"":""603.45"",""ask_price"":""620.00""},{""bid_quantity"":100,""ask_quantity"":40,""bid_orders"":1,""ask_orders"":1,""bid_price"":""603.40"",""ask_price"":""620.10""}]"
09:15:02.291,1790739902291968211,1457644845902118,Full Data,8,887306,541.60,40,09:15:02,,,514.94,13720,7440,15160,204460,"[{""bid_quantity"":20,""ask_quantity"":40,""bid_orders"":1,""ask_orders"":1,""bid_price"":""541.65"",""ask_price"":""545.40""},{""bid_quantity"":20,""ask_quantity"":20,""bid_orders"":1,""ask_orders"":1,""bid_price"":""541.40"",""ask_price"":""545.55""},{""bid_quantity"":40,""ask_quantity"":100,""bid_orders"":2,""ask_orders"":1,""bid_price"":""541.35"",""ask_price"":""545.60""},{""bid_quantity"":140,""ask_quantity"":20,""bid_orders"":1,""ask_orders"":1,""bid_price"":""541.30"",""ask_price"":""545.65""},{""bid_quantity"":20,""ask_quantity"":100,""bid_orders"":1,""ask_orders"":1,""bid_price"":""541.15"",""ask_price"":""546.40""}]"
09:15:02.300,1790739902300656347,1457644854590254,Full Data,8,887080,472.45,20,09:15:02,,,458.59,20320,7960,45100,212920,"[{""bid_quantity"":20,""ask_quantity"":20,""bid_orders"":1,""ask_orders"":1,""bid_price"":""472.65"",""ask_price"":""475.95""},{""bid_quantity"":40,""ask_quantity"":140,""bid_orders"":1,""ask_orders"":1,""bid_price"":""471.10"",""ask_price"":""476.00""},{""bid_quantity"":180,""ask_quantity"":80,""bid_orders"":1,""ask_orders"":1,""bid_price"":""471.05"",""ask_price"":""476.45""},{""bid_quantity"":40,""ask_quantity"":20,""bid_orders"":1,""ask_orders"":1,""bid_price"":""469.10"",""ask_price"":""476.50""},{""bid_quantity"":220,""ask_quantity"":100,""bid_orders"":1,""ask_orders"":1,""bid_price"":""469.05"",""ask_price"":""476.60""}]"
09:15:02.309,1790739902309950647,1457644863884834,Ticker Data,0,51,72595.62,,09:15:02,,,,,,,,
09:15:02.369,1790739902369622034,1457644923556181,Full Data,8,886685,241.95,20,09:15:02,,,255.81,87580,31800,68440,1113180,"[{""bid_quantity"":160,""ask_quantity"":40,""bid_orders"":1,""ask_orders"":2,""bid_price"":""242.10"",""ask_price"":""243.60""},{""bid_quantity"":60,""ask_quantity"":560,""bid_orders"":1,""ask_orders"":3,""bid_price"":""242.05"",""ask_price"":""243.75""},{""bid_quantity"":160,""ask_quantity"":160,""bid_orders"":1,""ask_orders"":1,""bid_price"":""242.00"",""ask_price"":""244.25""},{""bid_quantity"":80,""ask_quantity"":120,""bid_orders"":1,""ask_orders"":1,""bid_price"":""241.95"",""ask_price"":""244.30""},{""bid_quantity"":120,""ask_quantity"":240,""bid_orders"":1,""ask_orders"":1,""bid_price"":""241.85"",""ask_price"":""245.55""}]"
09:15:02.413,1790739902413482478,1457644967416425,Full Data,8,886528,302.90,20,09:15:02,,,289.39,27800,11960,103740,227080,"[{""bid_quantity"":160,""ask_quantity"":20,""bid_orders"":2,""ask_orders"":1,""bid_price"":""301.65"",""ask_price"":""302.90""},{""bid_quantity"":60,""ask_quantity"":440,""bid_orders"":2,""ask_orders"":3,""bid_price"":""301.60"",""ask_price"":""303.05""},{""bid_quantity"":20,""ask_quantity"":20,""bid_orders"":1,""ask_orders"":1,""bid_price"":""301.45"",""ask_price"":""303.25""},{""bid_quantity"":20,""ask_quantity"":20,""bid_orders"":1,""ask_orders"":1,""bid_price"":""301.30"",""ask_price"":""303.40""},{""bid_quantity"":80,""ask_quantity"":40,""bid_orders"":1,""ask_orders"":1,""bid_price"":""301.20"",""ask_price"":""308.35""}]"
09:15:02.420,1790739902420226001,1457644974159868,Full Data,8,887253,696.40,20,09:15:02,,,671.09,2880,2740,24480,68380,"[{""bid_quantity"":80,""ask_quantity"":120,""bid_orders"":1,""ask_orders"":1,""bid_price"":""692.85"",""ask_price"":""700.05""},{""bid_quantity"":40,""ask_quantity"":40,""bid_orders"":1,""ask_orders"":1,""bid_price"":""692.80"",""ask_price"":""700.10""},{""bid_quantity"":80,""ask_quantity"":120,""bid_orders"":1,""ask_orders"":1,""bid_price"":""692.75"",""ask_price"":""700.15""},{""bid_quantity"":100,""ask_quantity"":40,""bid_orders"":1,""ask_orders"":1,""bid_price"":""692.65"",""ask_price"":""700.20""},{""bid_quantity"":80,""ask_quantity"":120,""bid_orders"":1,""ask_orders"":1,""bid_price"":""692.55"",""ask_price"":""700.25""}]"
09:15:02.478,1790739902478640099,1457645032574366,Full Data,8,886528,300.50,20,09:15:02,,,289.82,28740,11060,103360,227080,"[{""bid_quantity"":120,""ask_quantity"":60,""bid_orders"":1,""ask_orders"":2,""bid_price"":""299.05"",""ask_price"":""300.90""},{""bid_quantity"":140,""ask_quantity"":100,""bid_orders"":2,""ask_orders"":1,""bid_price"":""299.00"",""ask_price"":""303.10""},{""bid_quantity"":120,""ask_quantity"":20,""bid_orders"":1,""ask_orders"":1,""bid_price"":""298.95"",""ask_price"":""304.35""},{""bid_quantity"":120,""ask_quantity"":160,""bid_orders"":1,""ask_orders"":1,""bid_price"":""298.85"",""ask_price"":""304.85""},{""bid_quantity"":120,""ask_quantity"":80,""bid_orders"":1,""ask_orders"":1,""bid_price"":""298.75"",""ask_price"":""310.35""}]"
09:15:02.498,1790739902498146505,1457645052080452,Full Data,8,887253,683.60,20,09:15:02,,,671.48,2940,2080,23160,68380,"[{""bid_quantity"":180,""ask_quantity"":160,""bid_orders"":2,""ask_orders"":2,""bid_price"":""683.60"",""ask_price"":""705.65""},{""bid_quantity"":60,""ask_quantity"":160,""bid_orders"":1,""ask_orders"":1,""bid_price"":""683.55"",""ask_price"":""705.70""},{""bid_quantity"":160,""ask_quantity"":160,""bid_orders"":1,""ask_orders"":2,""bid_price"":""683.50"",""ask_price"":""706.00""},{""bid_quantity"":100,""ask_quantity"":160,""bid_orders"":1,""ask_orders"":1,""bid_price"":""683.45"",""ask_price"":""706.05""},{""bid_quantity"":40,""ask_quantity"":160,""bid_orders"":1,""ask_orders"":1,""bid_price"":""683.40"",""ask_price"":""706.40""}]"
09:15:02.608,1790739902608813542,1457645162747689,Full Data,8,886461,421.90,20,09:15:02,,,398.07,49880,14320,103920,738980,"[{""bid_quantity"":200,""ask_quantity"":560,""bid_orders"":2,""ask_orders"":5,""bid_price"":""416.65"",""ask_price"":""421.90""},{""bid_quantity"":20,""ask_quantity"":120,""bid_orders"":1,""ask_orders"":1,""bid_price"":""416.60"",""ask_price"":""421.95""},{""bid_quantity"":80,""ask_quantity"":60,""bid_orders"":1,""ask_orders"":1,""bid_price"":""415.85"",""ask_price"":""422.00""},{""bid_quantity"":160,""ask_quantity"":120,""bid_orders"":1,""ask_orders"":1,""bid_price"":""415.80"",""ask_price"":""422.05""},{""bid_quantity"":160,""ask_quantity"":80,""bid_orders"":1,""ask_orders"":1,""bid_price"":""415.65"",""ask_price"":""422.15""}]"
09:15:02.665,1790739902665514989,1457645219448976,Full Data,8,886461,422.70,20,09:15:02,,,398.59,51280,12440,105060,738980,"[{""bid_quantity"":420,""ask_quantity"":60,""bid_orders"":3,""ask_orders"":1,""bid_price"":""422.60"",""ask_price"":""427.90""},{""bid_quantity"":840,""ask_quantity"":180,""bid_orders"":5,""ask_orders"":1,""bid_price"":""422.55"",""ask_price"":""427.95""},{""bid_quantity"":100,""ask_quantity"":80,""bid_orders"":2,""ask_orders"":1,""bid_price"":""422.50"",""ask_price"":""428.70""},{""bid_quantity"":120,""ask_quantity"":280,""bid_orders"":1,""ask_orders"":1,""bid_price"":""422.45"",""ask_price"":""430.10""},{""bid_quantity"":120,""ask_quantity"":20,""bid_orders"":1,""ask_orders"":1,""bid_price"":""422.35"",""ask_price"":""433.65""}]"
09:15:02.775,1790739902775523301,1457645329457728,Full Data,8,886620,175.50,60,09:15:02,,,178.29,37080,24720,39800,619000,"[{""bid_quantity"":160,""ask_quantity"":40,""bid_orders"":3,""ask_orders"":1,""bid_price"":""169.85"",""ask_price"":""175.50""},{""bid_quantity"":60,""ask_quantity"":40,""bid_orders"":2,""ask_orders"":2,""bid_price"":""169.80"",""ask_price"":""175.55""},{""bid_quantity"":100,""ask_quantity"":40,""bid_orders"":2,""ask_orders"":1,""bid_price"":""169.75"",""ask_price"":""175.80""},{""bid_quantity"":20,""ask_quantity"":20,""bid_orders"":1,""ask_orders"":1,""bid_price"":""169.70"",""ask_price"":""175.85""},{""bid_quantity"":60,""ask_quantity"":40,""bid_orders"":1,""ask_orders"":1,""bid_price"":""169.65"",""ask_price"":""176.30""}]"
09:15:02.805,1790739902805298293,1457645359232240,Full Data,8,887100,331.45,20,09:15:02,,,344.76,16480,10620,22580,254140,"[{""bid_quantity"":40,""ask_quantity"":80,""bid_orders"":1,""ask_orders"":1,""bid_price"":""324.35"",""ask_price"":""330.50""},{""bid_quantity"":100,""ask_quantity"":40,""bid_orders"":2,""ask_orders"":1,""bid_price"":""324.20"",""ask_price"":""330.55""},{""bid_quantity"":80,""ask_quantity"":40,""bid_orders"":1,""ask_orders"":1,""bid_price"":""323.65"",""ask_price"":""330.95""},{""bid_quantity"":40,""ask_quantity"":40,""bid_orders"":1,""ask_orders"":1,""bid_price"":""323.60"",""ask_price"":""331.10""},{""bid_quantity"":40,""ask_quantity"":40,""bid_orders"":1,""ask_orders"":1,""bid_price"":""323.55"",""ask_price"":""331.25""}]"
09:15:02.810,1790739902810556648,1457645364490515,Full Data,8,886540,128.95,40,09:15:02,,,127.15,13900,45760,26860,605280,"[{""bid_quantity"":100,""ask_quantity"":40,""bid_orders"":2,""ask_orders"":1,""bid_price"":""122.55"",""ask_price"":""127.30""},{""bid_quantity"":40,""ask_quantity"":1020,""bid_orders"":1,""ask_orders"":2,""bid_price"":""120.85"",""ask_price"":""128.50""},{""bid_quantity"":20,""ask_quantity"":20,""bid_orders"":1,""ask_orders"":1,""bid_price"":""120.80"",""ask_price"":""128.90""},{""bid_quantity"":200,""ask_quantity"":40,""bid_orders"":3,""ask_orders"":1,""bid_price"":""120.75"",""ask_price"":""128.95""},{""bid_quantity"":20,""ask_quantity"":80,""bid_orders"":1,""ask_orders"":2,""bid_price"":""120.40"",""ask_price"":""129.35""}]"
09:15:02.857,1790739902857517551,1457645411451898,Full Data,8,887100,329.25,20,09:15:02,,,344.29,16940,10780,22700,254140,"[{""bid_quantity"":100,""ask_quantity"":80,""bid_orders"":1,""ask_orders"":1,""bid_price"":""327.40"",""ask_price"":""331.05""},{""bid_quantity"":100,""ask_quantity"":40,""bid_orders"":1,""ask_orders"":1,""bid_price"":""327.20"",""ask_price"":""331.10""},{""bid_quantity"":100,""ask_quantity"":20,""bid_orders"":1,""ask_orders"":1,""bid_price"":""327.00"",""ask_price"":""331.50""},{""bid_quantity"":80,""ask_quantity"":40,""bid_orders"":1,""ask_orders"":1,""bid_price"":""326.75"",""ask_price"":""332.25""},{""bid_quantity"":40,""ask_quantity"":80,""bid_orders"":1,""ask_orders"":1,""bid_price"":""326.70"",""ask_price"":""333.35""}]"
09:15:02.858,1790739902858376117,1457645412310024,Full Data,8,886540,124.50,20,09:15:02,,,127.14,13920,42240,27580,605280,"[{""bid_quantity"":60,""ask_quantity"":140,""bid_orders"":2,""ask_orders"":1,""bid_price"":""124.00"",""ask_price"":""127.20""},{""bid_quantity"":140,""ask_quantity"":20,""bid_orders"":1,""ask_orders"":1,""bid_price"":""123.95"",""ask_price"":""127.25""},{""bid_quantity"":100,""ask_quantity"":40,""bid_orders"":2,""ask_orders"":1,""bid_price"":""123.90"",""ask_price"":""128.10""},{""bid_quantity"":20,""ask_quantity"":20,""bid_orders"":1,""ask_orders"":1,""bid_price"":""123.80"",""ask_price"":""128.50""},{""bid_quantity"":20,""ask_quantity"":40,""bid_orders"":1,""ask_orders"":1,""bid_price"":""123.60"",""ask_price"":""128.95""}]"
09:15:02.957,1790739902957548639,1457645511483306,Full Data,8,887135,368.65,20,09:15:02,,,345.69,28280,9100,44480,307120,"[{""bid_quantity"":200,""ask_quantity"":120,""bid_orders"":2,""ask_orders"":2,""bid_price"":""368.65"",""ask_price"":""375.90""},{""bid_quantity"":40,""ask_quantity"":40,""bid_orders"":1,""ask_orders"":1,""bid_price"":""368.60"",""ask_price"":""375.95""},{""bid_quantity"":40,""ask_quantity"":140,""bid_orders"":1,""ask_orders"":3,""bid_price"":""368.55"",""ask_price"":""376.85""},{""bid_quantity"":120,""ask_quantity"":40,""bid_orders"":2,""ask_orders"":1,""bid_price"":""368.50"",""ask_price"":""376.95""},{""bid_quantity"":200,""ask_quantity"":80,""bid_orders"":1,""ask_orders"":1,""bid_price"":""368.40"",""ask_price"":""379.55""}]"
09:15:02.961,1790739902961476784,1457645515410691,Full Data,8,887279,211.50,60,09:15:02,,,211.85,68760,22280,53400,563560,"[{""bid_quantity"":40,""ask_quantity"":40,""bid_orders"":1,""ask_orders"":1,""bid_price"":""211.55"",""ask_price"":""213.90""},{""bid_quantity"":20,""ask_quantity"":120,""bid_orders"":1,""ask_orders"":1,""bid_price"":""211.50"",""ask_price"":""214.00""},{""bid_quantity"":40,""ask_quantity"":60,""bid_orders"":1,""ask_orders"":1,""bid_price"":""211.45"",""ask_price"":""214.05""},{""bid_quantity"":80,""ask_quantity"":260,""bid_orders"":1,""ask_orders"":2,""bid_price"":""211.40"",""ask_price"":""214.10""},{""bid_quantity"":40,""ask_quantity"":20,""bid_orders"":2,""ask_orders"":1,""bid_price"":""211.35"",""ask_price"":""214.65""}]"
09:15:03.003,1790739903003683537,1457645557617724,Full Data,8,887135,376.85,140,09:15:02,,,346.21,28820,6920,42660,307120,"[{""bid_quantity"":180,""ask_quantity"":80,""bid_orders"":3,""ask_orders"":1,""bid_price"":""373.00"",""ask_price"":""379.60""},{""bid_quantity"":40,""ask_quantity"":60,""bid_orders"":1,""ask_orders"":2,""bid_price"":""372.95"",""ask_price"":""379.65""},{""bid_quantity"":40,""ask_quantity"":20,""bid_orders"":1,""ask_orders"":1,""bid_price"":""372.85"",""ask_price"":""380.35""},{""bid_quantity"":40,""ask_quantity"":80,""bid_orders"":1,""ask_orders"":1,""bid_price"":""372.05"",""ask_price"":""383.35""},{""bid_quantity"":200,""ask_quantity"":200,""bid_orders"":1,""ask_orders"":1,""bid_price"":""370.05"",""ask_price"":""383.40""}]"
09:15:03.040,1790739903040181814,1457645594115761,Full Data,8,887355,286.45,20,09:15:03,,,294.18,23700,14320,54120,308440,"[{""bid_quantity"":40,""ask_quantity"":340,""bid_orders"":1,""ask_orders"":4,""bid_price"":""280.45"",""ask_price"":""286.45""},{""bid_quantity"":40,""ask_quantity"":80,""bid_orders"":1,""ask_orders"":2,""bid_price"":""280.40"",""ask_price"":""286.50""},{""bid_quantity"":40,""ask_quantity"":60,""bid_orders"":1,""ask_orders"":3,""bid_price"":""280.35"",""ask_price"":""286.55""},{""bid_quantity"":20,""ask_quantity"":200,""bid_orders"":1,""ask_orders"":1,""bid_price"":""279.90"",""ask_price"":""286.60""},{""bid_quantity"":20,""ask_quantity"":80,""bid_orders"":1,""ask_orders"":2,""bid_price"":""279.75"",""ask_price"":""286.65""}]"
09:15:03.174,1790739903174537523,1457645728471830,Full Data,8,887216,150.10,20,09:15:03,,,151.80,38740,18080,41980,604640,"[{""bid_quantity"":20,""ask_quantity"":60,""bid_orders"":1,""ask_orders"":2,""bid_price"":""148.10"",""ask_price"":""150.10""},{""bid_quantity"":20,""ask_quantity"":60,""bid_orders"":1,""ask_orders"":1,""bid_price"":""148.00"",""ask_price"":""150.45""},{""bid_quantity"":20,""ask_quantity"":40,""bid_orders"":1,""ask_orders"":1,""bid_price"":""147.95"",""ask_price"":""151.05""},{""bid_quantity"":80,""ask_quantity"":40,""bid_orders"":1,""ask_orders"":1,""bid_price"":""146.80"",""ask_price"":""151.20""},{""bid_quantity"":100,""ask_quantity"":240,""bid_orders"":2,""ask_orders"":4,""bid_price"":""146.75"",""ask_price"":""151.25""}]"
09:15:03.218,1790739903218352247,1457645772286194,Full Data,8,887216,146.70,20,09:15:03,,,151.71,40380,19240,41220,604640,"[{""bid_quantity"":80,""ask_quantity"":320,""bid_orders"":1,""ask_orders"":4,""bid_price"":""147.05"",""ask_price"":""149.60""},{""bid_quantity"":120,""ask_quantity"":160,""bid_orders"":1,""ask_orders"":2,""bid_price"":""147.00"",""ask_price"":""149.65""},{""bid_quantity"":80,""ask_quantity"":260,""bid_orders"":1,""ask_orders"":3,""bid_price"":""146.95"",""ask_price"":""149.70""},{""bid_quantity"":120,""ask_quantity"":180,""bid_orders"":1,""ask_orders"":2,""bid_price"":""146.90"",""ask_price"":""149.75""},{""bid_quantity"":120,""ask_quantity"":80,""bid_orders"":1,""ask_orders"":2,""bid_price"":""146.80"",""ask_price"":""149.95""}]"
09:15:03.246,1790739903246223667,1457645800157574,Full Data,8,886659,656.70,60,09:15:03,,,595.44,5340,5780,16000,139920,"[{""bid_quantity"":80,""ask_quantity"":100,""bid_orders"":1,""ask_orders"":1,""bid_price"":""646.30"",""ask_price"":""654.85""},{""bid_quantity"":40,""ask_quantity"":40,""bid_orders"":1,""ask_orders"":2,""bid_price"":""646.25"",""ask_price"":""654.90""},{""bid_quantity"":80,""ask_quantity"":120,""bid_orders"":1,""ask_orders"":2,""bid_price"":""646.20"",""ask_price"":""654.95""},{""bid_quantity"":60,""ask_quantity"":20,""bid_orders"":1,""ask_orders"":1,""bid_price"":""646.10"",""ask_price"":""655.00""},{""bid_quantity"":60,""ask_quantity"":120,""bid_orders"":1,""ask_orders"":2,""bid_price"":""646.00"",""ask_price"":""655.05""}]"
09:15:03.259,1790739903259436113,1457645813370020,Ticker Data,0,51,72598.28,,09:15:03,,,,,,,,
09:15:03.326,1790739903326457546,1457645880391773,Full Data,8,887306,578.10,20,09:15:03,,,524.64,17080,7260,18900,204460,"[{""bid_quantity"":200,""ask_quantity"":160,""bid_orders"":2,""ask_orders"":1,""bid_price"":""573.60"",""ask_price"":""578.95""},{""bid_quantity"":40,""ask_quantity"":160,""bid_orders"":1,""ask_orders"":1,""bid_price"":""573.55"",""ask_price"":""579.50""},{""bid_quantity"":200,""ask_quantity"":40,""bid_orders"":2,""ask_orders"":2,""bid_price"":""573.50"",""ask_price"":""584.15""},{""bid_quantity"":140,""ask_quantity"":140,""bid_orders"":2,""ask_orders"":3,""bid_price"":""573.40"",""ask_price"":""589.45""},{""bid_quantity"":160,""ask_quantity"":40,""bid_orders"":3,""ask_orders"":1,""bid_price"":""573.25"",""ask_price"":""589.50""}]"
09:15:03.327,1790739903327387353,1457645881321580,Full Data,8,887080,504.40,100,09:15:03,,,466.95,26260,6360,46980,212920,"[{""bid_quantity"":100,""ask_quantity"":120,""bid_orders"":1,""ask_orders"":1,""bid_price"":""500.70"",""ask_price"":""506.60""},{""bid_quantity"":60,""ask_quantity"":60,""bid_orders"":2,""ask_orders"":1,""bid_price"":""500.65"",""ask_price"":""506.65""},{""bid_quantity"":20,""ask_quantity"":120,""bid_orders"":1,""ask_orders"":1,""bid_price"":""500.00"",""ask_price"":""506.70""},{""bid_quantity"":240,""ask_quantity"":120,""bid_orders"":1,""ask_orders"":1,""bid_price"":""498.35"",""ask_price"":""506.80""},{""bid_quantity"":220,""ask_quantity"":120,""bid_orders"":1,""ask_orders"":1,""bid_price"":""497.80"",""ask_price"":""506.90""}]"
09:15:03.330,1790739903330660454,1457645884594361,Full Data,8,886659,656.70,60,09:15:03,,,595.44,5340,3060,13200,139920,"[{""bid_quantity"":40,""ask_quantity"":40,""bid_orders"":1,""ask_orders"":1,""bid_price"":""633.35"",""ask_price"":""650.40""},{""bid_quantity"":80,""ask_quantity"":20,""bid_orders"":2,""ask_orders"":1,""bid_price"":""633.30"",""ask_price"":""650.45""},{""bid_quantity"":60,""ask_quantity"":40,""bid_orders"":1,""ask_orders"":1,""bid_price"":""631.45"",""ask_price"":""650.50""},{""bid_quantity"":20,""ask_quantity"":40,""bid_orders"":1,""ask_orders"":1,""bid_price"":""631.40"",""ask_price"":""650.60""},{""bid_quantity"":140,""ask_quantity"":40,""bid_orders"":1,""ask_orders"":1,""bid_price"":""629.40"",""ask_price"":""650.70""}]"
09:15:03.360,1790739903360409886,1457645914343913,Full Data,8,887306,573.25,120,09:15:03,,,524.98,17200,7000,16000,204460,"[{""bid_quantity"":180,""ask_quantity"":280,""bid_orders"":2,""ask_orders"":2,""bid_price"":""569.90"",""ask_price"":""577.05""},{""bid_quantity"":40,""ask_quantity"":160,""bid_orders"":1,""ask_orders"":1,""bid_price"":""569.85"",""ask_price"":""577.10""},{""bid_quantity"":180,""ask_quantity"":120,""bid_orders"":2,""ask_orders"":1,""bid_price"":""569.80"",""ask_price"":""577.15""},{""bid_quantity"":120,""ask_quantity"":260,""bid_orders"":2,""ask_orders"":2,""bid_price"":""568.75"",""ask_price"":""577.20""},{""bid_quantity"":20,""ask_quantity"":120,""bid_orders"":1,""ask_orders"":1,""bid_price"":""568.65"",""ask_price"":""577.25""}]"
09:15:03.388,1790739903388256346,1457645942190293,Full Data,8,886685,241.35,20,09:15:03,,,252.55,119160,37040,77980,1113180,"[{""bid_quantity"":100,""ask_quantity"":20,""bid_orders"":1,""ask_orders"":1,""bid_price"":""241.10"",""ask_price"":""242.30""},{""bid_quantity"":40,""ask_quantity"":620,""bid_orders"":1,""ask_orders"":2,""bid_price"":""240.95"",""ask_price"":""242.35""},{""bid_quantity"":20,""ask_quantity"":60,""bid_orders"":1,""ask_orders"":1,""bid_price"":""239.85"",""ask_price"":""242.45""},{""bid_quantity"":100,""ask_quantity"":160,""bid_orders"":1,""ask_orders"":1,""bid_price"":""239.80"",""ask_price"":""242.50""},{""bid_quantity"":100,""ask_quantity"":40,""bid_orders"":1,""ask_orders"":1,""bid_price"":""239.60"",""ask_price"":""242.60""}]"
09:15:03.390,1790739903390685442,1457645944619269,Full Data,8,887080,504.90,20,09:15:03,,,467.25,26480,7520,49460,212920,"[{""bid_quantity"":120,""ask_quantity"":60,""bid_orders"":2,""ask_orders"":1,""bid_price"":""501.35"",""ask_price"":""504.15""},{""bid_quantity"":80,""ask_quantity"":80,""bid_orders"":2,""ask_orders"":1,""bid_price"":""501.30"",""ask_price"":""504.20""},{""bid_quantity"":40,""ask_quantity"":120,""bid_orders"":1,""ask_orders"":1,""bid_price"":""500.70"",""ask_price"":""504.30""},{""bid_quantity"":140,""ask_quantity"":140,""bid_orders"":2,""ask_orders"":1,""bid_price"":""500.60"",""ask_price"":""504.35""},{""bid_quantity"":80,""ask_quantity"":40,""bid_orders"":1,""ask_orders"":1,""bid_price"":""500.30"",""ask_price"":""504.75""}]"
09:15:03.485,1790739903485523056,1457646039457563,Full Data,8,886528,321.95,20,09:15:03,,,303.95,49140,13100,108720,227080,"[{""bid_quantity"":80,""ask_quantity"":20,""bid_orders"":1,""ask_orders"":1,""bid_price"":""321.75"",""ask_price"":""322.95""},{""bid_quantity"":160,""ask_quantity"":80,""bid_orders"":1,""ask_orders"":4,""bid_price"":""321.70"",""ask_price"":""323.10""},{""bid_quantity"":200,""ask_quantity"":20,""bid_orders"":2,""ask_orders"":1,""bid_price"":""321.60"",""ask_price"":""323.30""},{""bid_quantity"":80,""ask_quantity"":20,""bid_orders"":2,""ask_orders"":1,""bid_price"":""321.25"",""ask_price"":""323.45""},{""bid_quantity"":140,""ask_quantity"":40,""bid_orders"":2,""ask_orders"":1,""bid_price"":""320.85"",""ask_price"":""323.85""}]"
09:15:03.504,1790739903504569779,1457646058503806,Full Data,8,887253,693.05,20,09:15:02,,,671.63,2960,3540,23960,68380,"[{""bid_quantity"":120,""ask_quantity"":180,""bid_orders"":3,""ask_orders"":3,""bid_price"":""714.40"",""ask_price"":""727.30""},{""bid_quantity"":60,""ask_quantity"":160,""bid_orders"":2,""ask_orders"":3,""bid_price"":""714.30"",""ask_price"":""727.40""},{""bid_quantity"":100,""ask_quantity"":140,""bid_orders"":2,""ask_orders"":2,""bid_price"":""714.25"",""ask_price"":""727.50""},{""bid_quantity"":100,""ask_quantity"":80,""bid_orders"":2,""ask_orders"":2,""bid_price"":""714.15"",""ask_price"":""727.55""},{""bid_quantity"":60,""ask_quantity"":20,""bid_orders"":1,""ask_orders"":1,""bid_price"":""714.05"",""ask_price"":""732.25""}]"
09:15:03.577,1790739903577464611,1457646131398998,Full Data,8,886528,326.75,20,09:15:03,,,304.57,50800,9380,107340,227080,"[{""bid_quantity"":20,""ask_quantity"":140,""bid_orders"":1,""ask_orders"":2,""bid_price"":""326.05"",""ask_price"":""332.55""},{""bid_quantity"":500,""ask_quantity"":60,""bid_orders"":3,""ask_orders"":2,""bid_price"":""326.00"",""ask_price"":""332.60""},{""bid_quantity"":560,""ask_quantity"":160,""bid_orders"":3,""ask_orders"":1,""bid_price"":""325.95"",""ask_price"":""332.65""},{""bid_quantity"":300,""ask_quantity"":200,""bid_orders"":3,""ask_orders"":1,""bid_price"":""325.90"",""ask_price"":""334.95""},{""bid_quantity"":80,""ask_quantity"":200,""bid_orders"":3,""ask_orders"":1,""bid_price"":""325.85"",""ask_price"":""336.60""}]"
09:15:03.664,1790739903664972697,1457646218906604,Full Data,8,886461,446.25,260,09:15:03,,,408.75,69180,15180,108580,738980,"[{""bid_quantity"":160,""ask_quantity"":160,""bid_orders"":1,""ask_orders"":3,""bid_price"":""443.05"",""ask_price"":""445.70""},{""bid_quantity"":160,""ask_quantity"":160,""bid_orders"":1,""ask_orders"":1,""bid_price"":""442.75"",""ask_price"":""445.75""},{""bid_quantity"":80,""ask_quantity"":120,""bid_orders"":1,""ask_orders"":1,""bid_price"":""442.70"",""ask_price"":""445.80""},{""bid_quantity"":40,""ask_quantity"":300,""bid_orders"":1,""ask_orders"":3,""bid_price"":""441.95"",""ask_price"":""445.90""},{""bid_quantity"":40,""ask_quantity"":20,""bid_orders"":1,""ask_orders"":1,""bid_price"":""441.75"",""ask_price"":""445.95""}]"
09:15:03.713,1790739903713329530,1457646267263757,Full Data,8,886461,450.00,20,09:15:03,,,409.22,69980,11760,109180,738980,"[{""bid_quantity"":40,""ask_quantity"":1660,""bid_orders"":1,""ask_orders"":2,""bid_price"":""449.05"",""ask_price"":""450.00""},{""bid_quantity"":40,""ask_quantity"":20,""bid_orders"":1,""ask_orders"":1,""bid_price"":""448.95"",""ask_price"":""451.45""},{""bid_quantity"":40,""ask_quantity"":60,""bid_orders"":1,""ask_orders"":2,""bid_price"":""448.85"",""ask_price"":""453.40""},{""bid_quantity"":60,""ask_quantity"":40,""bid_orders"":2,""ask_orders"":1,""bid_price"":""445.25"",""ask_price"":""453.45""},{""bid_quantity"":80,""ask_quantity"":20,""bid_orders"":2,""ask_orders"":1,""bid_price"":""445.20"",""ask_price"":""453.95""}]"
09:15:03.798,1790739903798374641,1457646352309108,Full Data,8,886620,170.95,20,09:15:03,,,177.79,45260,26460,46620,619000,"[{""bid_quantity"":120,""ask_quantity"":120,""bid_orders"":1,""ask_orders"":2,""bid_price"":""169.85"",""ask_price"":""171.25""},{""bid_quantity"":100,""ask_quantity"":60,""bid_orders"":1,""ask_orders"":2,""bid_price"":""169.75"",""ask_price"":""171.30""},{""bid_quantity"":40,""ask_quantity"":120,""bid_orders"":1,""ask_orders"":2,""bid_price"":""169.30"",""ask_price"":""171.35""},{""bid_quantity"":40,""ask_quantity"":60,""bid_orders"":1,""ask_orders"":2,""bid_price"":""169.25"",""ask_price"":""171.40""},{""bid_quantity"":100,""ask_quantity"":40,""bid_orders"":1,""ask_orders"":1,""bid_price"":""169.20"",""ask_price"":""171.60""}]"
09:15:03.816,1790739903816884401,1457646370818428,Full Data,8,886620,169.85,40,09:15:03,,,177.79,45300,26320,46700,619000,"[{""bid_quantity"":100,""ask_quantity"":60,""bid_orders"":1,""ask_orders"":2,""bid_price"":""170.25"",""ask_price"":""171.30""},{""bid_quantity"":80,""ask_quantity"":60,""bid_orders"":1,""ask_orders"":2,""bid_price"":""170.15"",""ask_price"":""171.40""},{""bid_quantity"":80,""ask_quantity"":60,""bid_orders"":1,""ask_orders"":2,""bid_price"":""170.05"",""ask_price"":""171.65""},{""bid_quantity"":100,""ask_quantity"":60,""bid_orders"":1,""ask_orders"":2,""bid_price"":""169.95"",""ask_price"":""171.80""},{""bid_quantity"":80,""ask_quantity"":40,""bid_orders"":1,""ask_orders"":2,""bid_price"":""169.85"",""ask_price"":""171.90""}]"
09:15:03.853,1790739903853487957,1457646407422144,Full Data,8,887100,321.60,20,09:15:03,,,337.15,26040,8940,24220,254140,"[{""bid_quantity"":200,""ask_quantity"":120,""bid_orders"":1,""ask_orders"":2,""bid_price"":""320.50"",""ask_price"":""324.70""},{""bid_quantity"":80,""ask_quantity"":120,""bid_orders"":1,""ask_orders"":2,""bid_price"":""320.45"",""ask_price"":""324.75""},{""bid_quantity"":120,""ask_quantity"":200,""bid_orders"":1,""ask_orders"":2,""bid_price"":""320.40"",""ask_price"":""324.80""},{""bid_quantity"":180,""ask_quantity"":200,""bid_orders"":4,""ask_orders"":2,""bid_price"":""320.25"",""ask_price"":""324.90""},{""bid_quantity"":40,""ask_quantity"":180,""bid_orders"":1,""ask_orders"":2,""bid_price"":""320.10"",""ask_price"":""325.15""}]"
09:15:03.872,1790739903872299719,1457646426233706,Full Data,8,886540,123.20,100,09:15:03,,,124.91,26660,42880,30620,605280,"[{""bid_quantity"":200,""ask_quantity"":100,""bid_orders"":4,""ask_orders"":3,""bid_price"":""119.40"",""ask_price"":""123.20""},{""bid_quantity"":100,""ask_quantity"":160,""bid_orders"":3,""ask_orders"":1,""bid_price"":""119.35"",""ask_price"":""123.35""},{""bid_quantity"":40,""ask_quantity"":20,""bid_orders"":2,""ask_orders"":1,""bid_price"":""119.30"",""ask_price"":""123.45""},{""bid_quantity"":140,""ask_quantity"":20,""bid_orders"":4,""ask_orders"":1,""bid_price"":""119.25"",""ask_price"":""123.60""},{""bid_quantity"":60,""ask_quantity"":60,""bid_orders"":1,""ask_orders"":1,""bid_price"":""119.15"",""ask_price"":""123.65""}]"
09:15:03.903,1790739903903877244,1457646457811111,Full Data,8,887100,326.85,20,09:15:03,,,336.92,26560,8600,24600,254140,"[{""bid_quantity"":100,""ask_quantity"":80,""bid_orders"":2,""ask_orders"":1,""bid_price"":""324.40"",""ask_price"":""326.55""},{""bid_quantity"":60,""ask_quantity"":80,""bid_orders"":1,""ask_orders"":1,""bid_price"":""324.20"",""ask_price"":""326.60""},{""bid_quantity"":60,""ask_quantity"":120,""bid_orders"":1,""ask_orders"":2,""bid_price"":""324.15"",""ask_price"":""326.70""},{""bid_quantity"":60,""ask_quantity"":60,""bid_orders"":1,""ask_orders"":2,""bid_price"":""324.05"",""ask_price"":""326.95""},{""bid_quantity"":60,""ask_quantity"":40,""bid_orders"":1,""ask_orders"":1,""bid_price"":""323.95"",""ask_price"":""328.30""}]"
09:15:03.906,1790739903906159578,1457646460093525,Full Data,8,886540,123.20,20,09:15:03,,,124.91,26680,41840,30380,605280,"[{""bid_quantity"":80,""ask_quantity"":220,""bid_orders"":2,""ask_orders"":2,""bid_price"":""122.05"",""ask_price"":""124.95""},{""bid_quantity"":80,""ask_quantity"":200,""bid_orders"":2,""ask_orders"":2,""bid_price"":""121.80"",""ask_price"":""125.00""},{""bid_quantity"":40,""ask_quantity"":80,""bid_orders"":1,""ask_orders"":2,""bid_price"":""121.75"",""ask_price"":""125.05""},{""bid_quantity"":120,""ask_quantity"":120,""bid_orders"":1,""ask_orders"":2,""bid_price"":""121.70"",""ask_price"":""125.40""},{""bid_quantity"":20,""ask_quantity"":160,""bid_orders"":1,""ask_orders"":2,""bid_price"":""121.55"",""ask_price"":""125.65""}]"
09:15:03.960,1790739903960392729,1457646514326956,Full Data,8,887279,207.40,20,09:15:03,,,210.42,116620,17480,56820,563560,"[{""bid_quantity"":100,""ask_quantity"":160,""bid_orders"":2,""ask_orders"":3,""bid_price"":""205.65"",""ask_price"":""207.85""},{""bid_quantity"":60,""ask_quantity"":240,""bid_orders"":1,""ask_orders"":2,""bid_price"":""205.45"",""ask_price"":""208.80""},{""bid_quantity"":60,""ask_quantity"":80,""bid_orders"":1,""ask_orders"":2,""bid_price"":""205.35"",""ask_price"":""208.85""},{""bid_quantity"":60,""ask_quantity"":120,""bid_orders"":1,""ask_orders"":2,""bid_price"":""205.25"",""ask_price"":""209.15""},{""bid_quantity"":40,""ask_quantity"":20,""bid_orders"":1,""ask_orders"":1,""bid_price"":""205.15"",""ask_price"":""209.40""}]"
09:15:03.992,1790739903993009140,1457646546943087,Full Data,8,887135,388.15,340,09:15:03,,,357.28,41320,7100,42840,307120,"[{""bid_quantity"":120,""ask_quantity"":40,""bid_orders"":1,""ask_orders"":1,""bid_price"":""388.15"",""ask_price"":""390.20""},{""bid_quantity"":40,""ask_quantity"":40,""bid_orders"":1,""ask_orders"":1,""bid_price"":""388.00"",""ask_price"":""390.25""},{""bid_quantity"":80,""ask_quantity"":80,""bid_orders"":1,""ask_orders"":1,""bid_price"":""386.65"",""ask_price"":""391.15""},{""bid_quantity"":80,""ask_quantity"":100,""bid_orders"":2,""ask_orders"":1,""bid_price"":""386.55"",""ask_price"":""391.20""},{""bid_quantity"":20,""ask_quantity"":120,""bid_orders"":1,""ask_orders"":2,""bid_price"":""386.50"",""ask_price"":""393.75""}]"
09:15:04.047,1790739904047815615,1457646601749882,Full Data,8,887355,281.70,40,09:15:04,,,289.72,33720,16180,56240,308440,"[{""bid_quantity"":60,""ask_quantity"":100,""bid_orders"":2,""ask_orders"":4,""bid_price"":""281.10"",""ask_price"":""283.95""},{""bid_quantity"":40,""ask_quantity"":60,""bid_orders"":1,""ask_orders"":1,""bid_price"":""281.05"",""ask_price"":""284.10""},{""bid_quantity"":40,""ask_quantity"":60,""bid_orders"":1,""ask_orders"":1,""bid_price"":""281.00"",""ask_price"":""284.15""},{""bid_quantity"":40,""ask_quantity"":20,""bid_orders"":1,""ask_orders"":1,""bid_price"":""280.95"",""ask_price"":""284.20""},{""bid_quantity"":100,""ask_quantity"":40,""bid_orders"":1,""ask_orders"":2,""bid_price"":""280.80"",""ask_price"":""284.30""}]"
09:15:04.233,1790739904233091254,1457646787025641,Full Data,8,887216,148.95,40,09:15:04,,,150.68,50440,18520,47760,604640,"[{""bid_quantity"":80,""ask_quantity"":120,""bid_orders"":1,""ask_orders"":1,""bid_price"":""149.25"",""ask_price"":""150.50""},{""bid_quantity"":120,""ask_quantity"":140,""bid_orders"":1,""ask_orders"":1,""bid_price"":""149.20"",""ask_price"":""150.55""},{""bid_quantity"":80,""ask_quantity"":280,""bid_orders"":1,""ask_orders"":2,""bid_price"":""149.15"",""ask_price"":""150.60""},{""bid_quantity"":120,""ask_quantity"":160,""bid_orders"":1,""ask_orders"":1,""bid_price"":""149.10"",""ask_price"":""150.70""},{""bid_quantity"":60,""ask_quantity"":160,""bid_orders"":2,""ask_orders"":1,""bid_price"":""149.00"",""ask_price"":""150.90""}]"
09:15:04.273,1790739904273576556,1457646827510583,Full Data,8,887216,145.40,120,09:15:04,,,150.55,51960,23460,49520,604640,"[{""bid_quantity"":120,""ask_quantity"":120,""bid_orders"":1,""ask_orders"":1,""bid_price"":""145.45"",""ask_price"":""147.55""},{""bid_quantity"":80,""ask_quantity"":80,""bid_orders"":2,""ask_orders"":2,""bid_price"":""145.15"",""ask_price"":""147.60""},{""bid_quantity"":40,""ask_quantity"":100,""bid_orders"":1,""ask_orders"":1,""bid_price"":""144.05"",""ask_price"":""147.65""},{""bid_quantity"":40,""ask_quantity"":20,""bid_orders"":1,""ask_orders"":1,""bid_price"":""143.95"",""ask_price"":""147.70""},{""bid_quantity"":440,""ask_quantity"":120,""bid_orders"":1,""ask_orders"":1,""bid_price"":""143.90"",""ask_price"":""147.75""}]"
09:15:04.279,1790739904279857837,1457646833791864,Ticker Data,0,51,72613.56,,09:15:04,,,,,,,,
09:15:04.351,1790739904351042338,1457646904976565,Full Data,8,886659,668.60,20,09:15:04,,,598.52,5640,3860,14580,139920,"[{""bid_quantity"":40,""ask_quantity"":60,""bid_orders"":1,""ask_orders"":1,""bid_price"":""661.45"",""ask_price"":""671.35""},{""bid_quantity"":60,""ask_quantity"":60,""bid_orders"":1,""ask_orders"":1,""bid_price"":""661.40"",""ask_price"":""671.40""},{""bid_quantity"":100,""ask_quantity"":100,""bid_orders"":1,""ask_orders"":1,""bid_price"":""661.30"",""ask_price"":""671.50""},{""bid_quantity"":40,""ask_quantity"":120,""bid_orders"":1,""ask_orders"":1,""bid_price"":""661.25"",""ask_price"":""671.60""},{""bid_quantity"":120,""ask_quantity"":140,""bid_orders"":1,""ask_orders"":2,""bid_price"":""661.20"",""ask_price"":""671.70""}]"
09:15:04.387,1790739904387059691,1457646940993878,Full Data,8,887306,598.05,20,09:15:04,,,529.18,18660,7320,19000,204460,"[{""bid_quantity"":80,""ask_quantity"":100,""bid_orders"":1,""ask_orders"":2,""bid_price"":""591.10"",""ask_price"":""597.55""},{""bid_quantity"":100,""ask_quantity"":40,""bid_orders"":3,""ask_orders"":1,""bid_price"":""591.05"",""ask_price"":""597.65""},{""bid_quantity"":180,""ask_quantity"":100,""bid_orders"":3,""ask_orders"":1,""bid_price"":""591.00"",""ask_price"":""597.75""},{""bid_quantity"":20,""ask_quantity"":40,""bid_orders"":1,""ask_orders"":1,""bid_price"":""590.95"",""ask_price"":""597.80""},{""bid_quantity"":100,""ask_quantity"":120,""bid_orders"":2,""ask_orders"":1,""bid_price"":""590.90"",""ask_price"":""597.85""}]"
09:15:04.427,1790739904427767594,1457646981701941,Full Data,8,886685,235.95,60,09:15:04,,,250.65,139080,36160,71540,1113180,"[{""bid_quantity"":160,""ask_quantity"":40,""bid_orders"":1,""ask_orders"":1,""bid_price"":""234.25"",""ask_price"":""235.85""},{""bid_quantity"":40,""ask_quantity"":20,""bid_orders"":1,""ask_orders"":1,""bid_price"":""234.20"",""ask_price"":""236.20""},{""bid_quantity"":160,""ask_quantity"":20,""bid_orders"":1,""ask_orders"":1,""bid_price"":""234.15"",""ask_price"":""236.35""},{""bid_quantity"":40,""ask_quantity"":160,""bid_orders"":1,""ask_orders"":1,""bid_price"":""234.10"",""ask_price"":""236.50""},{""bid_quantity"":40,""ask_quantity"":20,""bid_orders"":1,""ask_orders"":1,""bid_price"":""234.00"",""ask_price"":""237.45""}]"
09:15:04.430,1790739904430523172,1457646984457239,Full Data,8,887080,522.00,20,09:15:04,,,476.37,32380,6660,49520,212920,"[{""bid_quantity"":60,""ask_quantity"":60,""bid_orders"":2,""ask_orders"":2,""bid_price"":""519.60"",""ask_price"":""522.00""},{""bid_quantity"":160,""ask_quantity"":20,""bid_orders"":3,""ask_orders"":1,""bid_price"":""519.40"",""ask_price"":""522.05""},{""bid_quantity"":120,""ask_quantity"":20,""bid_orders"":2,""ask_orders"":1,""bid_price"":""519.20"",""ask_price"":""522.25""},{""bid_quantity"":160,""ask_quantity"":20,""bid_orders"":3,""ask_orders"":1,""bid_price"":""519.00"",""ask_price"":""522.45""},{""bid_quantity"":20,""ask_quantity"":20,""bid_orders"":1,""ask_orders"":1,""bid_price"":""518.80"",""ask_price"":""522.65""}]"
09:15:04.442,1790739904442654730,1457646996588557,Full Data,8,887306,592.05,20,09:15:04,,,529.72,18820,5360,17600,204460,"[{""bid_quantity"":140,""ask_quantity"":120,""bid_orders"":2,""ask_orders"":1,""bid_price"":""586.90"",""ask_price"":""593.25""},{""bid_quantity"":140,""ask_quantity"":120,""bid_orders"":2,""ask_orders"":1,""bid_price"":""586.85"",""ask_price"":""593.35""},{""bid_quantity"":220,""ask_quantity"":40,""bid_orders"":3,""ask_orders"":1,""bid_price"":""586.80"",""ask_price"":""593.40""},{""bid_quantity"":220,""ask_quantity"":40,""bid_orders"":3,""ask_orders"":1,""bid_price"":""586.75"",""ask_price"":""593.45""},{""bid_quantity"":60,""ask_quantity"":120,""bid_orders"":2,""ask_orders"":1,""bid_price"":""586.70"",""ask_price"":""593.50""}]"
09:15:04.474,1790739904474160494,1457647028094601,Full Data,8,886659,668.60,20,09:15:04,,,598.52,5640,1940,13180,139920,"[{""bid_quantity"":40,""ask_quantity"":100,""bid_orders"":1,""ask_orders"":3,""bid_price"":""662.85"",""ask_price"":""668.75""},{""bid_quantity"":40,""ask_quantity"":140,""bid_orders"":1,""ask_orders"":2,""bid_price"":""662.70"",""ask_price"":""668.80""},{""bid_quantity"":80,""ask_quantity"":140,""bid_orders"":2,""ask_orders"":2,""bid_price"":""659.60"",""ask_price"":""668.90""},{""bid_quantity"":40,""ask_quantity"":120,""bid_orders"":1,""ask_orders"":2,""bid_price"":""659.55"",""ask_price"":""669.00""},{""bid_quantity"":40,""ask_quantity"":120,""bid_orders"":1,""ask_orders"":1,""bid_price"":""659.50"",""ask_price"":""669.10""}]"
09:15:04.475,1790739904475624784,1457647029558731,Full Data,8,887080,525.40,20,09:15:04,,,478.21,33540,6400,50280,212920,"[{""bid_quantity"":140,""ask_quantity"":140,""bid_orders"":3,""ask_orders"":4,""bid_price"":""520.05"",""ask_price"":""523.20""},{""bid_quantity"":60,""ask_quantity"":20,""bid_orders"":1,""ask_orders"":1,""bid_price"":""520.00"",""ask_price"":""523.25""},{""bid_quantity"":80,""ask_quantity"":140,""bid_orders"":2,""ask_orders"":2,""bid_price"":""519.75"",""ask_price"":""523.70""},{""bid_quantity"":60,""ask_quantity"":180,""bid_orders"":2,""ask_orders"":2,""bid_price"":""519.65"",""ask_price"":""523.75""},{""bid_quantity"":100,""ask_quantity"":20,""bid_orders"":1,""ask_orders"":1,""bid_price"":""518.60"",""ask_price"":""524.20""}]"
09:15:04.577,1790739904577473723,1457647131408430,Full Data,8,886528,338.70,40,09:15:04,,,308.42,58380,13080,111880,227080,"[{""bid_quantity"":40,""ask_quantity"":200,""bid_orders"":1,""ask_orders"":2,""bid_price"":""336.90"",""ask_price"":""337.65""},{""bid_quantity"":40,""ask_quantity"":20,""bid_orders"":1,""ask_orders"":1,""bid_price"":""336.35"",""ask_price"":""337.70""},{""bid_quantity"":40,""ask_quantity"":160,""bid_orders"":1,""ask_orders"":1,""bid_price"":""336.20"",""ask_price"":""337.75""},{""bid_quantity"":20,""ask_quantity"":20,""bid_orders"":1,""ask_orders"":1,""bid_price"":""335.35"",""ask_price"":""337.85""},{""bid_quantity"":100,""ask_quantity"":40,""bid_orders"":1,""ask_orders"":1,""bid_price"":""334.95"",""ask_price"":""338.00""}]"
09:15:04.603,1790739904603792493,1457647157726600,Full Data,8,887253,773.00,40,09:15:04,,,685.72,3480,5420,26340,68380,"[{""bid_quantity"":120,""ask_quantity"":80,""bid_orders"":1,""ask_orders"":1,""bid_price"":""737.75"",""ask_price"":""751.45""},{""bid_quantity"":80,""ask_quantity"":100,""bid_orders"":1,""ask_orders"":1,""bid_price"":""737.70"",""ask_price"":""751.50""},{""bid_quantity"":120,""ask_quantity"":140,""bid_orders"":1,""ask_orders"":1,""bid_price"":""737.65"",""ask_price"":""752.90""},{""bid_quantity"":80,""ask_quantity"":40,""bid_orders"":1,""ask_orders"":1,""bid_price"":""737.60"",""ask_price"":""753.05""},{""bid_quantity"":40,""ask_quantity"":140,""bid_orders"":1,""ask_orders"":1,""bid_price"":""737.55"",""ask_price"":""755.15""}]"
09:15:04.663,1790739904663487280,1457647217421227,Full Data,8,886528,333.35,20,09:15:04,,,309.22,60000,11200,108140,227080,"[{""bid_quantity"":20,""ask_quantity"":80,""bid_orders"":1,""ask_orders"":1,""bid_price"":""331.05"",""ask_price"":""333.35""},{""bid_quantity"":20,""ask_quantity"":100,""bid_orders"":1,""ask_orders"":1,""bid_price"":""330.95"",""ask_price"":""333.60""},{""bid_quantity"":20,""ask_quantity"":20,""bid_orders"":1,""ask_orders"":1,""bid_price"":""330.90"",""ask_price"":""333.70""},{""bid_quantity"":20,""ask_quantity"":220,""bid_orders"":1,""ask_orders"":2,""bid_price"":""330.85"",""ask_price"":""333.80""},{""bid_quantity"":20,""ask_quantity"":60,""bid_orders"":1,""ask_orders"":2,""bid_price"":""330.80"",""ask_price"":""333.85""}]"
09:15:04.682,1790739904682112200,1457647236046067,Full Data,8,887253,736.25,40,09:15:04,,,687.41,3600,7780,27260,68380,"[{""bid_quantity"":120,""ask_quantity"":80,""bid_orders"":2,""ask_orders"":1,""bid_price"":""733.40"",""ask_price"":""746.05""},{""bid_quantity"":20,""ask_quantity"":200,""bid_orders"":1,""ask_orders"":2,""bid_price"":""733.35"",""ask_price"":""746.10""},{""bid_quantity"":40,""ask_quantity"":20,""bid_orders"":1,""ask_orders"":1,""bid_price"":""733.25"",""ask_price"":""746.15""},{""bid_quantity"":20,""ask_quantity"":160,""bid_orders"":1,""ask_orders"":1,""bid_price"":""733.20"",""ask_price"":""746.20""},{""bid_quantity"":40,""ask_quantity"":120,""bid_orders"":1,""ask_orders"":2,""bid_price"":""733.15"",""ask_price"":""746.25""}]"
09:15:04.771,1790739904771016496,1457647324950763,Full Data,8,886461,449.80,20,09:15:04,,,415.76,82540,12300,103260,738980,"[{""bid_quantity"":40,""ask_quantity"":40,""bid_orders"":1,""ask_orders"":1,""bid_price"":""448.70"",""ask_price"":""449.80""},{""bid_quantity"":40,""ask_quantity"":40,""bid_orders"":1,""ask_orders"":1,""bid_price"":""448.50"",""ask_price"":""449.85""},{""bid_quantity"":40,""ask_quantity"":60,""bid_orders"":1,""ask_orders"":1,""bid_price"":""448.30"",""ask_price"":""450.50""},{""bid_quantity"":40,""ask_quantity"":40,""bid_orders"":1,""ask_orders"":1,""bid_price"":""448.10"",""ask_price"":""450.55""},{""bid_quantity"":40,""ask_quantity"":160,""bid_orders"":1,""ask_orders"":2,""bid_price"":""447.90"",""ask_price"":""450.70""}]"
09:15:04.841,1790739904841324911,1457647395258978,Full Data,8,886620,170.25,380,09:15:04,,,176.82,52800,32120,45880,619000,"[{""bid_quantity"":60,""ask_quantity"":120,""bid_orders"":1,""ask_orders"":2,""bid_price"":""167.95"",""ask_price"":""169.60""},{""bid_quantity"":80,""ask_quantity"":20,""bid_orders"":2,""ask_orders"":1,""bid_price"":""167.85"",""ask_price"":""169.65""},{""bid_quantity"":60,""ask_quantity"":220,""bid_orders"":2,""ask_orders"":3,""bid_price"":""167.75"",""ask_price"":""169.70""},{""bid_quantity"":140,""ask_quantity"":100,""bid_orders"":2,""ask_orders"":3,""bid_price"":""167.65"",""ask_price"":""170.05""},{""bid_quantity"":20,""ask_quantity"":220,""bid_orders"":1,""ask_orders"":3,""bid_price"":""167.55"",""ask_price"":""170.10""}]"
09:15:04.860,1790739904860346514,1457647414280581,Full Data,8,886620,167.75,120,09:15:04,,,176.70,53700,33700,46020,619000,"[{""bid_quantity"":40,""ask_quantity"":200,""bid_orders"":1,""ask_orders"":2,""bid_price"":""167.90"",""ask_price"":""169.50""},{""bid_quantity"":60,""ask_quantity"":200,""bid_orders"":1,""ask_orders"":2,""bid_price"":""167.85"",""ask_price"":""169.60""},{""bid_quantity"":280,""ask_quantity"":80,""bid_orders"":3,""ask_orders"":2,""bid_price"":""167.65"",""ask_price"":""169.90""},{""bid_quantity"":60,""ask_quantity"":100,""bid_orders"":2,""ask_orders"":2,""bid_price"":""167.35"",""ask_price"":""169.95""},{""bid_quantity"":80,""ask_quantity"":20,""bid_orders"":1,""ask_orders"":1,""bid_price"":""167.10"",""ask_price"":""170.00""}]"
09:15:04.912,1790739904912957294,1457647466891281,Full Data,8,887100,315.30,40,09:15:04,,,333.42,34100,11100,23520,254140,"[{""bid_quantity"":20,""ask_quantity"":60,""bid_orders"":1,""ask_orders"":2,""bid_price"":""314.20"",""ask_price"":""315.75""},{""bid_quantity"":20,""ask_quantity"":40,""bid_orders"":1,""ask_orders"":1,""bid_price"":""313.15"",""ask_price"":""315.80""},{""bid_quantity"":20,""ask_quantity"":160,""bid_orders"":1,""ask_orders"":2,""bid_price"":""312.95"",""ask_price"":""315.85""},{""bid_quantity"":20,""ask_quantity"":40,""bid_orders"":1,""ask_orders"":1,""bid_price"":""312.75"",""ask_price"":""315.90""},{""bid_quantity"":20,""ask_quantity"":140,""bid_orders"":1,""ask_orders"":2,""bid_price"":""312.55"",""ask_price"":""316.00""}]"
09:15:04.924,1790739904924676050,1457647478609877,Full Data,8,886540,119.70,40,09:15:04,,,124.21,35500,47020,31260,605280,"[{""bid_quantity"":20,""ask_quantity"":100,""bid_orders"":1,""ask_orders"":2,""bid_price"":""117.55"",""ask_price"":""118.55""},{""bid_quantity"":20,""ask_quantity"":160,""bid_orders"":1,""ask_orders"":2,""bid_price"":""117.40"",""ask_price"":""118.60""},{""bid_quantity"":20,""ask_quantity"":160,""bid_orders"":1,""ask_orders"":2,""bid_price"":""117.20"",""ask_price"":""118.70""},{""bid_quantity"":40,""ask_quantity"":40,""bid_orders"":1,""ask_orders"":1,""bid_price"":""117.05"",""ask_price"":""118.75""},{""bid_quantity"":40,""ask_quantity"":160,""bid_orders"":2,""ask_orders"":2,""bid_price"":""117.00"",""ask_price"":""118.80""}]"
09:15:04.986,1790739904986745092,1457647540679279,Full Data,8,887100,311.90,20,09:15:04,,,333.10,34640,11720,24140,254140,"[{""bid_quantity"":180,""ask_quantity"":60,""bid_orders"":3,""ask_orders"":2,""bid_price"":""311.90"",""ask_price"":""315.05""},{""bid_quantity"":120,""ask_quantity"":60,""bid_orders"":2,""ask_orders"":2,""bid_price"":""311.85"",""ask_price"":""315.15""},{""bid_quantity"":100,""ask_quantity"":40,""bid_orders"":2,""ask_orders"":1,""bid_price"":""311.80"",""ask_price"":""315.40""},{""bid_quantity"":80,""ask_quantity"":40,""bid_orders"":2,""ask_orders"":1,""bid_price"":""311.75"",""ask_price"":""315.50""},{""bid_quantity"":20,""ask_quantity"":80,""bid_orders"":1,""ask_orders"":1,""bid_price"":""311.70"",""ask_price"":""316.15""}]"
09:15:04.988,1790739904988920506,1457647542854373,Full Data,8,886540,119.20,140,09:15:04,,,124.17,35760,44960,34400,605280,"[{""bid_quantity"":40,""ask_quantity"":120,""bid_orders"":1,""ask_orders"":3,""bid_price"":""117.50"",""ask_price"":""119.20""},{""bid_quantity"":40,""ask_quantity"":20,""bid_orders"":1,""ask_orders"":1,""bid_price"":""117.45"",""ask_price"":""119.25""},{""bid_quantity"":40,""ask_quantity"":160,""bid_orders"":1,""ask_orders"":1,""bid_price"":""117.40"",""ask_price"":""119.30""},{""bid_quantity"":20,""ask_quantity"":60,""bid_orders"":1,""ask_orders"":3,""bid_price"":""116.95"",""ask_price"":""119.35""},{""bid_quantity"":60,""ask_quantity"":200,""bid_orders"":1,""ask_orders"":1,""bid_price"":""116.70"",""ask_price"":""119.70""}]"
09:15:05.048,1790739905048685573,1457647602619680,Full Data,8,887279,197.60,40,09:15:04,,,209.48,132520,25260,45300,563560,"[{""bid_quantity"":40,""ask_quantity"":160,""bid_orders"":2,""ask_orders"":1,""bid_price"":""195.80"",""ask_price"":""197.75""},{""bid_quantity"":40,""ask_quantity"":180,""bid_orders"":2,""ask_orders"":2,""bid_price"":""195.70"",""ask_price"":""198.15""},{""bid_quantity"":40,""ask_quantity"":280,""bid_orders"":2,""ask_orders"":4,""bid_price"":""195.60"",""ask_price"":""198.20""},{""bid_quantity"":220,""ask_quantity"":180,""bid_orders"":3,""ask_orders"":2,""bid_price"":""195.10"",""ask_price"":""198.30""},{""bid_quantity"":80,""ask_quantity"":400,""bid_orders"":1,""ask_orders"":3,""bid_price"":""194.05"",""ask_price"":""198.40""}]"
09:15:05.090,1790739905090310762,1457647644244749,Full Data,8,887355,265.65,120,09:15:05,,,286.20,41840,22920,56140,308440,"[{""bid_quantity"":120,""ask_quantity"":60,""bid_orders"":2,""ask_orders"":2,""bid_price"":""265.70"",""ask_price"":""267.35""},{""bid_quantity"":80,""ask_quantity"":20,""bid_orders"":3,""ask_orders"":1,""bid_price"":""265.65"",""ask_price"":""267.70""},{""bid_quantity"":40,""ask_quantity"":20,""bid_orders"":1,""ask_orders"":1,""bid_price"":""265.60"",""ask_price"":""268.20""},{""bid_quantity"":140,""ask_quantity"":20,""bid_orders"":1,""ask_orders"":1,""bid_price"":""264.90"",""ask_price"":""268.85""},{""bid_quantity"":80,""ask_quantity"":40,""bid_orders"":1,""ask_orders"":1,""bid_price"":""264.15"",""ask_price"":""268.95""}]"
09:15:05.130,1790739905130550982,1457647684484849,Full Data,8,887135,389.05,20,09:15:05,,,364.42,52080,10840,37780,307120,"[{""bid_quantity"":20,""ask_quantity"":40,""bid_orders"":1,""ask_orders"":1,""bid_price"":""389.05"",""ask_price"":""392.25""},{""bid_quantity"":120,""ask_quantity"":160,""bid_orders"":3,""ask_orders"":1,""bid_price"":""389.00"",""ask_price"":""392.30""},{""bid_quantity"":160,""ask_quantity"":240,""bid_orders"":1,""ask_orders"":2,""bid_price"":""387.90"",""ask_price"":""392.35""},{""bid_quantity"":40,""ask_quantity"":100,""bid_orders"":1,""ask_orders"":3,""bid_price"":""387.85"",""ask_price"":""392.40""},{""bid_quantity"":120,""ask_quantity"":40,""bid_orders"":1,""ask_orders"":1,""bid_price"":""386.90"",""ask_price"":""392.50""}]"
09:15:05.149,1790739905149175503,1457647703110010,Full Data,8,887135,389.60,20,09:15:05,,,364.77,52780,8840,36780,307120,"[{""bid_quantity"":20,""ask_quantity"":40,""bid_orders"":1,""ask_orders"":1,""bid_price"":""389.85"",""ask_price"":""390.75""},{""bid_quantity"":20,""ask_quantity"":20,""bid_orders"":1,""ask_orders"":1,""bid_price"":""389.00"",""ask_price"":""390.85""},{""bid_quantity"":160,""ask_quantity"":160,""bid_orders"":1,""ask_orders"":2,""bid_price"":""388.15"",""ask_price"":""391.05""},{""bid_quantity"":20,""ask_quantity"":80,""bid_orders"":1,""ask_orders"":1,""bid_price"":""388.10"",""ask_price"":""392.75""},{""bid_quantity"":100,""ask_quantity"":20,""bid_orders"":1,""ask_orders"":1,""bid_price"":""387.20"",""ask_price"":""392.80""}]"
09:15:05.278,1790739905278990383,1457647832925130,Ticker Data,0,51,72619.46,,09:15:05,,,,,,,,
09:15:05.327,1790739905327608578,1457647881542525,Full Data,8,887216,140.50,20,09:15:05,,,148.89,64900,19560,47020,604640,"[{""bid_quantity"":80,""ask_quantity"":80,""bid_orders"":1,""ask_orders"":1,""bid_price"":""141.45"",""ask_price"":""142.80""},{""bid_quantity"":120,""ask_quantity"":20,""bid_orders"":1,""ask_orders"":1,""bid_price"":""141.40"",""ask_price"":""142.90""},{""bid_quantity"":140,""ask_quantity"":20,""bid_orders"":3,""ask_orders"":1,""bid_price"":""141.30"",""ask_price"":""143.10""},{""bid_quantity"":20,""ask_quantity"":20,""bid_orders"":1,""ask_orders"":1,""bid_price"":""141.20"",""ask_price"":""143.20""},{""bid_quantity"":60,""ask_quantity"":80,""bid_orders"":1,""ask_orders"":1,""bid_price"":""141.15"",""ask_price"":""143.30""}]"
09:15:05.410,1790739905410335473,1457647964269820,Full Data,8,886685,233.75,20,09:15:05,,,247.64,165700,34400,76180,1113180,"[{""bid_quantity"":160,""ask_quantity"":120,""bid_orders"":1,""ask_orders"":2,""bid_price"":""231.80"",""ask_price"":""233.75""},{""bid_quantity"":540,""ask_quantity"":160,""bid_orders"":3,""ask_orders"":1,""bid_price"":""231.75"",""ask_price"":""233.80""},{""bid_quantity"":160,""ask_quantity"":40,""bid_orders"":1,""ask_orders"":2,""bid_price"":""231.70"",""ask_price"":""233.90""},{""bid_quantity"":140,""ask_quantity"":120,""bid_orders"":1,""ask_orders"":1,""bid_price"":""231.65"",""ask_price"":""233.95""},{""bid_quantity"":120,""ask_quantity"":80,""bid_orders"":1,""ask_orders"":1,""bid_price"":""231.55"",""ask_price"":""234.05""}]"
09:15:05.462,1790739905462105688,1457648016039835,Full Data,8,887306,592.35,20,09:15:05,,,533.83,20280,8560,27960,204460,"[{""bid_quantity"":20,""ask_quantity"":200,""bid_orders"":1,""ask_orders"":2,""bid_price"":""583.10"",""ask_price"":""587.70""},{""bid_quantity"":100,""ask_quantity"":20,""bid_orders"":2,""ask_orders"":1,""bid_price"":""583.05"",""ask_price"":""587.75""},{""bid_quantity"":80,""ask_quantity"":200,""bid_orders"":2,""ask_orders"":2,""bid_price"":""583.00"",""ask_price"":""587.85""},{""bid_quantity"":20,""ask_quantity"":120,""bid_orders"":1,""ask_orders"":1,""bid_price"":""582.75"",""ask_price"":""587.95""},{""bid_quantity"":40,""ask_quantity"":20,""bid_orders"":1,""ask_orders"":1,""bid_price"":""582.25"",""ask_price"":""588.00""}]"
09:15:05.510,1790739905510049198,1457648063983345,Full Data,8,886659,663.45,40,09:15:05,,,604.87,6260,2700,15060,139920,"[{""bid_quantity"":80,""ask_quantity"":60,""bid_orders"":2,""ask_orders"":1,""bid_price"":""656.75"",""ask_price"":""662.70""},{""bid_quantity"":40,""ask_quantity"":20,""bid_orders"":1,""ask_orders"":1,""bid_price"":""656.65"",""ask_price"":""662.75""},{""bid_quantity"":60,""ask_quantity"":40,""bid_orders"":1,""ask_orders"":1,""bid_price"":""656.60"",""ask_price"":""662.80""},{""bid_quantity"":60,""ask_quantity"":100,""bid_orders"":1,""ask_orders"":1,""bid_price"":""656.50"",""ask_price"":""662.90""},{""bid_quantity"":60,""ask_quantity"":20,""bid_orders"":1,""ask_orders"":1,""bid_price"":""656.40"",""ask_price"":""662.95""}]"
09:15:05.549,1790739905549525174,1457648103459161,Full Data,8,887306,593.50,20,09:15:05,,,534.00,20340,7600,27960,204460,"[{""bid_quantity"":40,""ask_quantity"":140,""bid_orders"":1,""ask_orders"":2,""bid_price"":""586.80"",""ask_price"":""591.60""},{""bid_quantity"":40,""ask_quantity"":120,""bid_orders"":1,""ask_orders"":1,""bid_price"":""586.75"",""ask_price"":""591.70""},{""bid_quantity"":120,""ask_quantity"":40,""bid_orders"":2,""ask_orders"":1,""bid_price"":""586.65"",""ask_price"":""591.75""},{""bid_quantity"":60,""ask_quantity"":120,""bid_orders"":2,""ask_orders"":1,""bid_price"":""586.20"",""ask_price"":""591.80""},{""bid_quantity"":20,""ask_quantity"":120,""bid_orders"":1,""ask_orders"":1,""bid_price"":""586.15"",""ask_price"":""591.90""}]"
09:15:05.551,1790739905551178185,1457648105112052,Full Data,8,887080,518.85,20,09:15:05,,,484.77,40220,6440,51840,212920,"[{""bid_quantity"":140,""ask_quantity"":80,""bid_orders"":3,""ask_orders"":1,""bid_price"":""513.15"",""ask_price"":""518.85""},{""bid_quantity"":500,""ask_quantity"":20,""bid_orders"":2,""ask_orders"":1,""bid_price"":""513.10"",""ask_price"":""518.90""},{""bid_quantity"":40,""ask_quantity"":40,""bid_orders"":1,""ask_orders"":2,""bid_price"":""513.05"",""ask_price"":""519.40""},{""bid_quantity"":20,""ask_quantity"":40,""bid_orders"":1,""ask_orders"":1,""bid_price"":""512.95"",""ask_price"":""519.65""},{""bid_quantity"":240,""ask_quantity"":60,""bid_orders"":2,""ask_orders"":2,""bid_price"":""510.35"",""ask_price"":""520.05""}]"
09:15:05.600,1790739905600873026,1457648154807253,Full Data,8,886659,669.30,20,09:15:05,,,605.07,6280,3660,13880,139920,"[{""bid_quantity"":40,""ask_quantity"":120,""bid_orders"":1,""ask_orders"":2,""bid_price"":""661.40"",""ask_price"":""667.70""},{""bid_quantity"":40,""ask_quantity"":180,""bid_orders"":1,""ask_orders"":3,""bid_price"":""661.35"",""ask_price"":""667.80""},{""bid_quantity"":40,""ask_quantity"":200,""bid_orders"":1,""ask_orders"":2,""bid_price"":""661.30"",""ask_price"":""667.85""},{""bid_quantity"":20,""ask_quantity"":200,""bid_orders"":1,""ask_orders"":2,""bid_price"":""661.15"",""ask_price"":""668.40""},{""bid_quantity"":20,""ask_quantity"":180,""bid_orders"":1,""ask_orders"":2,""bid_price"":""661.05"",""ask_price"":""668.50""}]"
09:15:05.604,1790739905604318089,1457648158252116,Full Data,8,887080,518.90,20,09:15:05,,,484.99,40480,7000,51840,212920,"[{""bid_quantity"":40,""ask_quantity"":20,""bid_orders"":2,""ask_orders"":1,""bid_price"":""514.65"",""ask_price"":""517.95""},{""bid_quantity"":20,""ask_quantity"":80,""bid_orders"":1,""ask_orders"":1,""bid_price"":""514.55"",""ask_price"":""518.00""},{""bid_quantity"":20,""ask_quantity"":40,""bid_orders"":1,""ask_orders"":1,""bid_price"":""514.45"",""ask_price"":""518.05""},{""bid_quantity"":120,""ask_quantity"":40,""bid_orders"":2,""ask_orders"":1,""bid_price"":""513.80"",""ask_price"":""518.10""},{""bid_quantity"":100,""ask_quantity"":60,""bid_orders"":1,""ask_orders"":1,""bid_price"":""513.60"",""ask_price"":""518.20""}]"
09:15:05.691,1790739905691643134,1457648245577441,Full Data,8,886528,335.05,20,09:15:05,,,310.90,64360,13160,111480,227080,"[{""bid_quantity"":80,""ask_quantity"":20,""bid_orders"":1,""ask_orders"":1,""bid_price"":""334.60"",""ask_price"":""335.85""},{""bid_quantity"":140,""ask_quantity"":20,""bid_orders"":1,""ask_orders"":1,""bid_price"":""334.55"",""ask_price"":""336.05""},{""bid_quantity"":20,""ask_quantity"":20,""bid_orders"":1,""ask_orders"":1,""bid_price"":""334.45"",""ask_price"":""336.25""},{""bid_quantity"":20,""ask_quantity"":80,""bid_orders"":1,""ask_orders"":3,""bid_price"":""334.30"",""ask_price"":""336.40""},{""bid_quantity"":60,""ask_quantity"":20,""bid_orders"":2,""ask_orders"":1,""bid_price"":""334.15"",""ask_price"":""336.55""}]"
09:15:05.695,1790739905695836601,1457648249770628,Full Data,8,887253,736.45,40,09:15:05,,,693.62,4120,9080,29180,68380,"[{""bid_quantity"":80,""ask_quantity"":120,""bid_orders"":1,""ask_orders"":2,""bid_price"":""735.70"",""ask_price"":""742.60""},{""bid_quantity"":120,""ask_quantity"":20,""bid_orders"":1,""ask_orders"":1,""bid_price"":""735.65"",""ask_price"":""742.65""},{""bid_quantity"":80,""ask_quantity"":160,""bid_orders"":1,""ask_orders"":2,""bid_price"":""735.60"",""ask_price"":""742.75""},{""bid_quantity"":120,""ask_quantity"":40,""bid_orders"":1,""ask_orders"":1,""bid_price"":""735.55"",""ask_price"":""742.85""},{""bid_quantity"":120,""ask_quantity"":20,""bid_orders"":1,""ask_orders"":1,""bid_price"":""735.45"",""ask_price"":""742.90""}]"
09:15:05.755,1790739905755433746,1457648309367973,Full Data,8,886528,336.50,60,09:15:05,,,311.16,65080,12320,112360,227080,"[{""bid_quantity"":480,""ask_quantity"":20,""bid_orders"":4,""ask_orders"":1,""bid_price"":""336.55"",""ask_price"":""339.10""},{""bid_quantity"":660,""ask_quantity"":20,""bid_orders"":4,""ask_orders"":1,""bid_price"":""336.50"",""ask_price"":""339.25""},{""bid_quantity"":40,""ask_quantity"":20,""bid_orders"":2,""ask_orders"":1,""bid_price"":""336.45"",""ask_price"":""339.40""},{""bid_quantity"":40,""ask_quantity"":40,""bid_orders"":2,""ask_orders"":2,""bid_price"":""336.40"",""ask_price"":""339.55""},{""bid_quantity"":160,""ask_quantity"":100,""bid_orders"":4,""ask_orders"":1,""bid_price"":""336.35"",""ask_price"":""339.60""}]"
09:15:05.782,1790739905782685443,1457648336619430,Full Data,8,887253,746.10,40,09:15:05,,,695.58,4280,4560,25860,68380,"[{""bid_quantity"":240,""ask_quantity"":20,""bid_orders"":2,""ask_orders"":1,""bid_price"":""741.95"",""ask_price"":""746.15""},{""bid_quantity"":160,""ask_quantity"":20,""bid_orders"":1,""ask_orders"":1,""bid_price"":""741.90"",""ask_price"":""746.40""},{""bid_quantity"":60,""ask_quantity"":20,""bid_orders"":1,""ask_orders"":1,""bid_price"":""741.85"",""ask_price"":""746.65""},{""bid_quantity"":160,""ask_quantity"":20,""bid_orders"":1,""ask_orders"":1,""bid_price"":""741.80"",""ask_price"":""746.90""},{""bid_quantity"":80,""ask_quantity"":20,""bid_orders"":1,""ask_orders"":1,""bid_price"":""741.45"",""ask_price"":""747.15""}]"
09:15:05.782,1790739905782823484,1457648336757191,Full Data,8,886461,460.00,40,09:15:05,,,422.83,101920,14340,113800,738980,"[{""bid_quantity"":500,""ask_quantity"":300,""bid_orders"":1,""ask_orders"":3,""bid_price"":""457.85"",""ask_price"":""462.20""},{""bid_quantity"":360,""ask_quantity"":160,""bid_orders"":4,""ask_orders"":1,""bid_price"":""457.80"",""ask_price"":""462.25""},{""bid_quantity"":820,""ask_quantity"":120,""bid_orders"":5,""ask_orders"":1,""bid_price"":""457.75"",""ask_price"":""462.30""},{""bid_quantity"":180,""ask_quantity"":160,""bid_orders"":2,""ask_orders"":1,""bid_price"":""457.70"",""ask_price"":""462.35""},{""bid_quantity"":220,""ask_quantity"":120,""bid_orders"":2,""ask_orders"":1,""bid_price"":""457.65"",""ask_price"":""462.55""}]"
09:15:05.840,1790739905840587338,1457648394521645,Full Data,8,886461,457.50,40,09:15:05,,,423.04,102520,14080,113780,738980,"[{""bid_quantity"":60,""ask_quantity"":140,""bid_orders"":1,""ask_orders"":2,""bid_price"":""456.65"",""ask_price"":""459.55""},{""bid_quantity"":660,""ask_quantity"":40,""bid_orders"":2,""ask_orders"":1,""bid_price"":""456.60"",""ask_price"":""459.60""},{""bid_quantity"":1100,""ask_quantity"":60,""bid_orders"":7,""ask_orders"":2,""bid_price"":""456.55"",""ask_price"":""459.65""},{""bid_quantity"":240,""ask_quantity"":100,""bid_orders"":4,""ask_orders"":2,""bid_price"":""456.50"",""ask_price"":""459.70""},{""bid_quantity"":160,""ask_quantity"":40,""bid_orders"":3,""ask_orders"":1,""bid_price"":""456.45"",""ask_price"":""459.75""}]"
09:15:05.855,1790739905855711315,1457648409645182,Full Data,8,886620,164.95,20,09:15:05,,,175.38,62520,32680,49600,619000,"[{""bid_quantity"":20,""ask_quantity"":180,""bid_orders"":1,""ask_orders"":2,""bid_price"":""163.25"",""ask_price"":""164.85""},{""bid_quantity"":80,""ask_quantity"":200,""bid_orders"":1,""ask_orders"":2,""bid_price"":""163.05"",""ask_price"":""164.90""},{""bid_quantity"":200,""ask_quantity"":180,""bid_orders"":4,""ask_orders"":2,""bid_price"":""163.00"",""ask_price"":""165.05""},{""bid_quantity"":100,""ask_quantity"":80,""bid_orders"":2,""ask_orders"":2,""bid_price"":""162.85"",""ask_price"":""165.10""},{""bid_quantity"":120,""ask_quantity"":200,""bid_orders"":2,""ask_orders"":3,""bid_price"":""162.80"",""ask_price"":""165.15""}]"
09:15:05.882,1790739905882359408,1457648436293435,Full Data,8,886620,165.05,40,09:15:05,,,175.38,62560,31580,50020,619000,"[{""bid_quantity"":100,""ask_quantity"":40,""bid_orders"":2,""ask_orders"":2,""bid_price"":""164.10"",""ask_price"":""165.40""},{""bid_quantity"":100,""ask_quantity"":140,""bid_orders"":2,""ask_orders"":1,""bid_price"":""164.00"",""ask_price"":""166.00""},{""bid_quantity"":120,""ask_quantity"":220,""bid_orders"":2,""ask_orders"":2,""bid_price"":""163.95"",""ask_price"":""166.10""},{""bid_quantity"":180,""ask_quantity"":160,""bid_orders"":3,""ask_orders"":2,""bid_price"":""163.85"",""ask_price"":""166.40""},{""bid_quantity"":20,""ask_quantity"":100,""bid_orders"":1,""ask_orders"":1,""bid_price"":""163.80"",""ask_price"":""166.60""}]"
09:15:05.960,1790739905960135791,1457648514070058,Full Data,8,887100,312.30,60,09:15:05,,,329.38,43340,10140,23900,254140,"[{""bid_quantity"":120,""ask_quantity"":40,""bid_orders"":1,""ask_orders"":2,""bid_price"":""309.55"",""ask_price"":""311.80""},{""bid_quantity"":120,""ask_quantity"":20,""bid_orders"":1,""ask_orders"":1,""bid_price"":""309.10"",""ask_price"":""311.85""},{""bid_quantity"":80,""ask_quantity"":20,""bid_orders"":1,""ask_orders"":1,""bid_price"":""307.70"",""ask_price"":""311.90""},{""bid_quantity"":80,""ask_quantity"":20,""bid_orders"":1,""ask_orders"":1,""bid_price"":""307.65"",""ask_price"":""311.95""},{""bid_quantity"":160,""ask_quantity"":60,""bid_orders"":1,""ask_orders"":2,""bid_price"":""307.60"",""ask_price"":""312.00""}]"
09:15:05.972,1790739905972281990,1457648526215977,Full Data,8,886540,116.00,20,09:15:05,,,123.54,41000,47160,33680,605280,"[{""bid_quantity"":20,""ask_quantity"":20,""bid_orders"":1,""ask_orders"":1,""bid_price"":""116.20"",""ask_price"":""117.05""},{""bid_quantity"":80,""ask_quantity"":40,""bid_orders"":1,""ask_orders"":1,""bid_price"":""115.50"",""ask_price"":""117.10""},{""bid_quantity"":20,""ask_quantity"":20,""bid_orders"":1,""ask_orders"":1,""bid_price"":""115.40"",""ask_price"":""117.15""},{""bid_quantity"":240,""ask_quantity"":40,""bid_orders"":3,""ask_orders"":1,""bid_price"":""115.35"",""ask_price"":""117.20""},{""bid_quantity"":40,""ask_quantity"":40,""bid_orders"":2,""ask_orders"":1,""bid_price"":""115.00"",""ask_price"":""117.30""}]"
09:15:06.020,1790739906020418541,1457648574352968,Full Data,8,887279,195.25,100,09:15:05,,,208.37,146460,24880,46360,563560,"[{""bid_quantity"":60,""ask_quantity"":60,""bid_orders"":1,""ask_orders"":2,""bid_price"":""193.80"",""ask_price"":""195.10""},{""bid_quantity"":20,""ask_quantity"":180,""bid_orders"":1,""ask_orders"":2,""bid_price"":""193.75"",""ask_price"":""195.25""},{""bid_quantity"":600,""ask_quantity"":200,""bid_orders"":1,""ask_orders"":2,""bid_price"":""193.60"",""ask_price"":""195.85""},{""bid_quantity"":160,""ask_quantity"":100,""bid_orders"":1,""ask_orders"":1,""bid_price"":""192.95"",""ask_price"":""196.35""},{""bid_quantity"":80,""ask_quantity"":60,""bid_orders"":1,""ask_orders"":2,""bid_price"":""192.90"",""ask_price"":""196.60""}]"
09:15:06.057,1790739906057239980,1457648611173927,Full Data,8,887100,311.80,40,09:15:05,,,329.36,43380,10440,24100,254140,"[{""bid_quantity"":20,""ask_quantity"":60,""bid_orders"":1,""ask_orders"":2,""bid_price"":""309.75"",""ask_price"":""311.60""},{""bid_quantity"":120,""ask_quantity"":80,""bid_orders"":1,""ask_orders"":3,""bid_price"":""309.45"",""ask_price"":""311.65""},{""bid_quantity"":60,""ask_quantity"":120,""bid_orders"":1,""ask_orders"":5,""bid_price"":""309.35"",""ask_price"":""311.70""},{""bid_quantity"":80,""ask_quantity"":20,""bid_orders"":1,""ask_orders"":1,""bid_price"":""308.45"",""ask_price"":""311.75""},{""bid_quantity"":100,""ask_quantity"":20,""bid_orders"":1,""ask_orders"":1,""bid_price"":""308.40"",""ask_price"":""311.80""}]"
09:15:06.060,1790739906060644602,1457648614578709,Full Data,8,886540,117.85,40,09:15:06,,,123.53,41060,45440,32740,605280,"[{""bid_quantity"":80,""ask_quantity"":340,""bid_orders"":1,""ask_orders"":10,""bid_price"":""116.25"",""ask_price"":""117.85""},{""bid_quantity"":20,""ask_quantity"":80,""bid_orders"":1,""ask_orders"":2,""bid_price"":""116.20"",""ask_price"":""117.90""},{""bid_quantity"":80,""ask_quantity"":100,""bid_orders"":1,""ask_orders"":1,""bid_price"":""115.45"",""ask_price"":""118.20""},{""bid_quantity"":20,""ask_quantity"":100,""bid_orders"":1,""ask_orders"":1,""bid_price"":""115.40"",""ask_price"":""118.80""},{""bid_quantity"":240,""ask_quantity"":20,""bid_orders"":3,""ask_orders"":1,""bid_price"":""115.35"",""ask_price"":""118.90""}]"
09:15:06.094,1790739906094213619,1457648648147646,Full Data,8,887355,267.55,60,09:15:06,,,283.10,51580,19460,64280,308440,"[{""bid_quantity"":80,""ask_quantity"":20,""bid_orders"":3,""ask_orders"":1,""bid_price"":""265.85"",""ask_price"":""267.25""},{""bid_quantity"":40,""ask_quantity"":40,""bid_orders"":1,""ask_orders"":1,""bid_price"":""264.75"",""ask_price"":""267.45""},{""bid_quantity"":80,""ask_quantity"":40,""bid_orders"":1,""ask_orders"":2,""bid_price"":""264.70"",""ask_price"":""267.50""},{""bid_quantity"":120,""ask_quantity"":220,""bid_orders"":2,""ask_orders"":11,""bid_price"":""264.60"",""ask_price"":""267.70""},{""bid_quantity"":120,""ask_quantity"":120,""bid_orders"":1,""ask_orders"":2,""bid_price"":""264.55"",""ask_price"":""267.75""}]"
09:15:06.130,1790739906130758695,1457648684692682,Full Data,8,887135,401.05,20,09:15:06,,,368.91,62120,10920,43540,307120,"[{""bid_quantity"":20,""ask_quantity"":20,""bid_orders"":1,""ask_orders"":1,""bid_price"":""399.70"",""ask_price"":""401.45""},{""bid_quantity"":40,""ask_quantity"":20,""bid_orders"":1,""ask_orders"":1,""bid_price"":""399.65"",""ask_price"":""401.65""},{""bid_quantity"":20,""ask_quantity"":140,""bid_orders"":1,""ask_orders"":1,""bid_price"":""399.50"",""ask_price"":""401.80""},{""bid_quantity"":40,""ask_quantity"":40,""bid_orders"":2,""ask_orders"":2,""bid_price"":""399.30"",""ask_price"":""401.85""},{""bid_quantity"":140,""ask_quantity"":40,""bid_orders"":1,""ask_orders"":1,""bid_price"":""399.20"",""ask_price"":""402.10""}]"
09:15:06.189,1790739906189573116,1457648743507143,Full Data,8,887135,401.40,20,09:15:06,,,369.06,62420,11420,43140,307120,"[{""bid_quantity"":100,""ask_quantity"":360,""bid_orders"":1,""ask_orders"":3,""bid_price"":""398.25"",""ask_price"":""401.40""},{""bid_quantity"":100,""ask_quantity"":160,""bid_orders"":1,""ask_orders"":1,""bid_price"":""398.10"",""ask_price"":""401.50""},{""bid_quantity"":100,""ask_quantity"":140,""bid_orders"":1,""ask_orders"":1,""bid_price"":""398.05"",""ask_price"":""401.70""},{""bid_quantity"":100,""ask_quantity"":40,""bid_orders"":1,""ask_orders"":2,""bid_price"":""398.00"",""ask_price"":""401.85""},{""bid_quantity"":120,""ask_quantity"":100,""bid_orders"":1,""ask_orders"":1,""bid_price"":""397.85"",""ask_price"":""402.00""}]"
09:15:06.257,1790739906257958719,1457648811893186,Ticker Data,0,51,72613.96,,09:15:06,,,,,,,,
09:15:06.362,1790739906362500595,1457648916434822,Full Data,8,887216,135.50,40,09:15:06,,,148.09,71340,26320,52880,604640,"[{""bid_quantity"":180,""ask_quantity"":80,""bid_orders"":2,""ask_orders"":1,""bid_price"":""133.35"",""ask_price"":""135.05""},{""bid_quantity"":40,""ask_quantity"":80,""bid_orders"":1,""ask_orders"":1,""bid_price"":""133.30"",""ask_price"":""135.15""},{""bid_quantity"":60,""ask_quantity"":140,""bid_orders"":2,""ask_orders"":1,""bid_price"":""133.20"",""ask_price"":""135.20""},{""bid_quantity"":80,""ask_quantity"":120,""bid_orders"":1,""ask_orders"":1,""bid_price"":""133.15"",""ask_price"":""135.25""},{""bid_quantity"":40,""ask_quantity"":80,""bid_orders"":1,""ask_orders"":1,""bid_price"":""132.95"",""ask_price"":""135.35""}]"
09:15:06.393,1790739906393906438,1457648947840705,Full Data,8,886685,220.95,20,09:15:06,,,246.25,179320,36720,76340,1113180,"[{""bid_quantity"":20,""ask_quantity"":20,""bid_orders"":1,""ask_orders"":1,""bid_price"":""220.90"",""ask_price"":""220.95""},{""bid_quantity"":20,""ask_quantity"":140,""bid_orders"":1,""ask_orders"":1,""bid_price"":""220.80"",""ask_price"":""221.10""},{""bid_quantity"":20,""ask_quantity"":40,""bid_orders"":1,""ask_orders"":1,""bid_price"":""220.70"",""ask_price"":""221.30""},{""bid_quantity"":20,""ask_quantity"":60,""bid_orders"":1,""ask_orders"":2,""bid_price"":""220.50"",""ask_price"":""221.40""},{""bid_quantity"":160,""ask_quantity"":40,""bid_orders"":1,""ask_orders"":2,""bid_price"":""220.40"",""ask_price"":""221.50""}]"
09:15:06.423,1790739906423519870,1457648977454057,Full Data,8,887216,133.55,40,09:15:06,,,147.97,71940,26340,55600,604640,"[{""bid_quantity"":20,""ask_quantity"":200,""bid_orders"":1,""ask_orders"":2,""bid_price"":""133.35"",""ask_price"":""134.20""},{""bid_quantity"":60,""ask_quantity"":60,""bid_orders"":1,""ask_orders"":1,""bid_price"":""133.25"",""ask_price"":""134.25""},{""bid_quantity"":20,""ask_quantity"":80,""bid_orders"":1,""ask_orders"":1,""bid_price"":""133.20"",""ask_price"":""134.30""},{""bid_quantity"":20,""ask_quantity"":120,""bid_orders"":1,""ask_orders"":1,""bid_price"":""133.10"",""ask_price"":""134.35""},{""bid_quantity"":20,""ask_quantity"":140,""bid_orders"":1,""ask_orders"":1,""bid_price"":""133.00"",""ask_price"":""134.45""}]"
09:15:06.464,1790739906464348814,1457649018283281,Full Data,8,887306,617.50,20,09:15:06,,,537.00,21340,9180,32760,204460,"[{""bid_quantity"":80,""ask_quantity"":40,""bid_orders"":1,""ask_orders"":1,""bid_price"":""611.05"",""ask_price"":""617.50""},{""bid_quantity"":100,""ask_quantity"":160,""bid_orders"":2,""ask_orders"":1,""bid_price"":""611.00"",""ask_price"":""617.55""},{""bid_quantity"":80,""ask_quantity"":160,""bid_orders"":1,""ask_orders"":1,""bid_price"":""610.95"",""ask_price"":""617.70""},{""bid_quantity"":60,""ask_quantity"":160,""bid_orders"":1,""ask_orders"":1,""bid_price"":""610.90"",""ask_price"":""617.90""},{""bid_quantity"":60,""ask_quantity"":40,""bid_orders"":1,""ask_orders"":1,""bid_price"":""610.80"",""ask_price"":""618.10""}]"
09:15:06.505,1790739906505823243,1457649059757310,Full Data,8,886659,687.05,20,09:15:06,,,624.37,8560,4680,21180,139920,"[{""bid_quantity"":100,""ask_quantity"":20,""bid_orders"":3,""ask_orders"":1,""bid_price"":""689.75"",""ask_price"":""698.00""},{""bid_quantity"":60,""ask_quantity"":20,""bid_orders"":2,""ask_orders"":1,""bid_price"":""689.70"",""ask_price"":""698.30""},{""bid_quantity"":100,""ask_quantity"":20,""bid_orders"":3,""ask_orders"":1,""bid_price"":""689.65"",""ask_price"":""699.60""},{""bid_quantity"":40,""ask_quantity"":20,""bid_orders"":2,""ask_orders"":1,""bid_price"":""689.60"",""ask_price"":""700.00""},{""bid_quantity"":80,""ask_quantity"":40,""bid_orders"":3,""ask_orders"":1,""bid_price"":""689.55"",""ask_price"":""704.90""}]"
09:15:06.516,1790739906516294190,1457649070228177,Full Data,8,887306,617.40,20,09:15:06,,,537.08,21360,10560,33920,204460,"[{""bid_quantity"":120,""ask_quantity"":60,""bid_orders"":3,""ask_orders"":3,""bid_price"":""615.90"",""ask_price"":""620.40""},{""bid_quantity"":100,""ask_quantity"":60,""bid_orders"":2,""ask_orders"":2,""bid_price"":""615.85"",""ask_price"":""623.50""},{""bid_quantity"":140,""ask_quantity"":120,""bid_orders"":3,""ask_orders"":2,""bid_price"":""615.80"",""ask_price"":""627.50""},{""bid_quantity"":100,""ask_quantity"":40,""bid_orders"":2,""ask_orders"":1,""bid_price"":""615.75"",""ask_price"":""627.55""},{""bid_quantity"":140,""ask_quantity"":100,""bid_orders"":2,""ask_orders"":2,""bid_price"":""615.70"",""ask_price"":""627.60""}]"
09:15:06.553,1790739906553379470,1457649107313417,Full Data,8,887080,550.00,20,09:15:06,,,489.11,45060,11560,60640,212920,"[{""bid_quantity"":120,""ask_quantity"":40,""bid_orders"":1,""ask_orders"":1,""bid_price"":""546.80"",""ask_price"":""549.95""},{""bid_quantity"":120,""ask_quantity"":60,""bid_orders"":1,""ask_orders"":1,""bid_price"":""546.70"",""ask_price"":""550.00""},{""bid_quantity"":120,""ask_quantity"":60,""bid_orders"":1,""ask_orders"":2,""bid_price"":""546.60"",""ask_price"":""550.55""},{""bid_quantity"":120,""ask_quantity"":100,""bid_orders"":1,""ask_orders"":1,""bid_price"":""546.50"",""ask_price"":""550.60""},{""bid_quantity"":140,""ask_quantity"":160,""bid_orders"":1,""ask_orders"":2,""bid_price"":""546.45"",""ask_price"":""550.95""}]"
09:15:06.596,1790739906596695631,1457649150630018,Full Data,8,886659,707.55,40,09:15:06,,,626.50,8820,6460,21160,139920,"[{""bid_quantity"":120,""ask_quantity"":320,""bid_orders"":1,""ask_orders"":3,""bid_price"":""691.80"",""ask_price"":""701.00""},{""bid_quantity"":40,""ask_quantity"":180,""bid_orders"":1,""ask_orders"":2,""bid_price"":""691.75"",""ask_price"":""701.05""},{""bid_quantity"":120,""ask_quantity"":140,""bid_orders"":1,""ask_orders"":2,""bid_price"":""691.70"",""ask_price"":""701.40""},{""bid_quantity"":40,""ask_quantity"":160,""bid_orders"":1,""ask_orders"":1,""bid_price"":""691.65"",""ask_price"":""701.45""},{""bid_quantity"":120,""ask_quantity"":160,""bid_orders"":1,""ask_orders"":1,""bid_price"":""691.60"",""ask_price"":""701.90""}]"
09:15:06.605,1790739906605841170,1457649159775037,Full Data,8,887080,548.30,20,09:15:06,,,489.33,45220,9580,58960,212920,"[{""bid_quantity"":20,""ask_quantity"":60,""bid_orders"":1,""ask_orders"":2,""bid_price"":""547.50"",""ask_price"":""550.55""},{""bid_quantity"":20,""ask_quantity"":100,""bid_orders"":1,""ask_orders"":1,""bid_price"":""547.10"",""ask_price"":""550.60""},{""bid_quantity"":20,""ask_quantity"":100,""bid_orders"":1,""ask_orders"":2,""bid_price"":""546.85"",""ask_price"":""552.15""},{""bid_quantity"":60,""ask_quantity"":80,""bid_orders"":3,""ask_orders"":3,""bid_price"":""546.55"",""ask_price"":""552.20""},{""bid_quantity"":20,""ask_quantity"":40,""bid_orders"":1,""ask_orders"":2,""bid_price"":""546.45"",""ask_price"":""552.25""}]"
09:15:06.761,1790739906761346616,1457649315281323,Full Data,8,886528,359.75,20,09:15:06,,,314.37,71300,15760,119780,227080,"[{""bid_quantity"":20,""ask_quantity"":60,""bid_orders"":1,""ask_orders"":2,""bid_price"":""362.45"",""ask_price"":""363.70""},{""bid_quantity"":100,""ask_quantity"":60,""bid_orders"":1,""ask_orders"":2,""bid_price"":""362.35"",""ask_price"":""363.75""},{""bid_quantity"":20,""ask_quantity"":20,""bid_orders"":1,""ask_orders"":1,""bid_price"":""362.30"",""ask_price"":""363.85""},{""bid_quantity"":20,""ask_quantity"":20,""bid_orders"":1,""ask_orders"":1,""bid_price"":""362.10"",""ask_price"":""363.90""},{""bid_quantity"":160,""ask_quantity"":20,""bid_orders"":1,""ask_orders"":1,""bid_price"":""361.95"",""ask_price"":""364.00""}]"
09:15:06.786,1790739906786210217,1457649340144164,Full Data,8,887253,777.90,40,09:15:06,,,699.35,4580,7680,29480,68380,"[{""bid_quantity"":120,""ask_quantity"":100,""bid_orders"":2,""ask_orders"":1,""bid_price"":""776.30"",""ask_price"":""780.00""},{""bid_quantity"":20,""ask_quantity"":40,""bid_orders"":1,""ask_orders"":1,""bid_price"":""776.25"",""ask_price"":""785.20""},{""bid_quantity"":80,""ask_quantity"":100,""bid_orders"":1,""ask_orders"":1,""bid_price"":""776.20"",""ask_price"":""785.25""},{""bid_quantity"":100,""ask_quantity"":20,""bid_orders"":1,""ask_orders"":1,""bid_price"":""776.15"",""ask_price"":""788.05""},{""bid_quantity"":120,""ask_quantity"":140,""bid_orders"":1,""ask_orders"":1,""bid_price"":""776.05"",""ask_price"":""789.15""}]"
09:15:06.836,1790739906836998506,1457649390932573,Full Data,8,886461,485.20,60,09:15:06,,,426.96,111280,21880,119060,738980,"[{""bid_quantity"":20,""ask_quantity"":60,""bid_orders"":1,""ask_orders"":1,""bid_price"":""482.50"",""ask_price"":""484.65""},{""bid_quantity"":20,""ask_quantity"":160,""bid_orders"":1,""ask_orders"":2,""bid_price"":""482.30"",""ask_price"":""484.70""},{""bid_quantity"":100,""ask_quantity"":140,""bid_orders"":1,""ask_orders"":2,""bid_price"":""482.20"",""ask_price"":""484.75""},{""bid_quantity"":20,""ask_quantity"":160,""bid_orders"":1,""ask_orders"":2,""bid_price"":""482.15"",""ask_price"":""484.80""},{""bid_quantity"":160,""ask_quantity"":40,""bid_orders"":1,""ask_orders"":1,""bid_price"":""482.05"",""ask_price"":""484.85""}]"
09:15:06.847,1790739906847728855,1457649401663002,Full Data,8,886528,361.95,20,09:15:06,,,314.62,71680,17360,122420,227080,"[{""bid_quantity"":20,""ask_quantity"":180,""bid_orders"":1,""ask_orders"":2,""bid_price"":""360.80"",""ask_price"":""362.10""},{""bid_quantity"":20,""ask_quantity"":180,""bid_orders"":1,""ask_orders"":2,""bid_price"":""360.60"",""ask_price"":""362.15""},{""bid_quantity"":140,""ask_quantity"":140,""bid_orders"":3,""ask_orders"":2,""bid_price"":""360.40"",""ask_price"":""362.25""},{""bid_quantity"":120,""ask_quantity"":80,""bid_orders"":1,""ask_orders"":1,""bid_price"":""360.30"",""ask_price"":""362.45""},{""bid_quantity"":60,""ask_quantity"":160,""bid_orders"":2,""ask_orders"":2,""bid_price"":""360.25"",""ask_price"":""362.50""}]"
09:15:06.884,1790739906884031690,1457649437965957,Full Data,8,886620,154.30,20,09:15:06,,,173.76,69800,36380,51520,619000,"[{""bid_quantity"":20,""ask_quantity"":80,""bid_orders"":1,""ask_orders"":2,""bid_price"":""152.90"",""ask_price"":""153.45""},{""bid_quantity"":20,""ask_quantity"":60,""bid_orders"":1,""ask_orders"":1,""bid_price"":""152.80"",""ask_price"":""153.50""},{""bid_quantity"":20,""ask_quantity"":60,""bid_orders"":1,""ask_orders"":1,""bid_price"":""152.70"",""ask_price"":""153.60""},{""bid_quantity"":60,""ask_quantity"":60,""bid_orders"":2,""ask_orders"":1,""bid_price"":""151.90"",""ask_price"":""153.70""},{""bid_quantity"":140,""ask_quantity"":60,""bid_orders"":1,""ask_orders"":1,""bid_price"":""151.80"",""ask_price"":""153.80""}]"
09:15:06.886,1790739906886894749,1457649440828616,Full Data,8,887253,777.90,40,09:15:06,,,699.35,4580,7360,28380,68380,"[{""bid_quantity"":500,""ask_quantity"":20,""bid_orders"":6,""ask_orders"":1,""bid_price"":""771.50"",""ask_price"":""779.45""},{""bid_quantity"":20,""ask_quantity"":20,""bid_orders"":1,""ask_orders"":1,""bid_price"":""771.45"",""ask_price"":""779.80""},{""bid_quantity"":80,""ask_quantity"":100,""bid_orders"":1,""ask_orders"":1,""bid_price"":""771.40"",""ask_price"":""780.00""},{""bid_quantity"":100,""ask_quantity"":20,""bid_orders"":1,""ask_orders"":1,""bid_price"":""771.35"",""ask_price"":""780.25""},{""bid_quantity"":60,""ask_quantity"":40,""bid_orders"":1,""ask_orders"":1,""bid_price"":""771.30"",""ask_price"":""784.65""}]"
09:15:06.915,1790739906915554934,1457649469488921,Full Data,8,886620,154.40,20,09:15:06,,,173.68,70080,36400,52120,619000,"[{""bid_quantity"":120,""ask_quantity"":120,""bid_orders"":1,""ask_orders"":2,""bid_price"":""153.20"",""ask_price"":""154.40""},{""bid_quantity"":140,""ask_quantity"":200,""bid_orders"":1,""ask_orders"":2,""bid_price"":""153.15"",""ask_price"":""154.45""},{""bid_quantity"":120,""ask_quantity"":140,""bid_orders"":1,""ask_orders"":2,""bid_price"":""153.10"",""ask_price"":""154.50""},{""bid_quantity"":80,""ask_quantity"":80,""bid_orders"":1,""ask_orders"":2,""bid_price"":""153.00"",""ask_price"":""154.55""},{""bid_quantity"":80,""ask_quantity"":60,""bid_orders"":2,""ask_orders"":1,""bid_price"":""152.95"",""ask_price"":""154.65""}]"
09:15:06.929,1790739906929465944,1457649483399891,Full Data,8,886461,482.05,20,09:15:06,,,427.32,112000,18300,117640,738980,"[{""bid_quantity"":20,""ask_quantity"":40,""bid_orders"":1,""ask_orders"":1,""bid_price"":""483.15"",""ask_price"":""484.80""},{""bid_quantity"":20,""ask_quantity"":40,""bid_orders"":1,""ask_orders"":1,""bid_price"":""483.10"",""ask_price"":""484.85""},{""bid_quantity"":20,""ask_quantity"":60,""bid_orders"":1,""ask_orders"":2,""bid_price"":""483.05"",""ask_price"":""484.95""},{""bid_quantity"":20,""ask_quantity"":160,""bid_orders"":1,""ask_orders"":1,""bid_price"":""483.00"",""ask_price"":""485.90""},{""bid_quantity"":160,""ask_quantity"":100,""bid_orders"":1,""ask_orders"":1,""bid_price"":""482.80"",""ask_price"":""485.95""}]"
09:15:07.025,1790739907025419205,1457649579353312,Full Data,8,887100,297.45,20,09:15:06,,,325.02,50460,15420,31120,254140,"[{""bid_quantity"":400,""ask_quantity"":100,""bid_orders"":4,""ask_orders"":4,""bid_price"":""294.85"",""ask_price"":""296.85""},{""bid_quantity"":20,""ask_quantity"":100,""bid_orders"":1,""ask_orders"":1,""bid_price"":""294.80"",""ask_price"":""298.55""},{""bid_quantity"":100,""ask_quantity"":180,""bid_orders"":1,""ask_orders"":1,""bid_price"":""294.70"",""ask_price"":""298.75""},{""bid_quantity"":200,""ask_quantity"":100,""bid_orders"":2,""ask_orders"":1,""bid_price"":""294.65"",""ask_price"":""298.80""},{""bid_quantity"":320,""ask_quantity"":80,""bid_orders"":2,""ask_orders"":1,""bid_price"":""294.55"",""ask_price"":""298.90""}]"
09:15:07.030,1790739907030048755,1457649583982742,Full Data,8,886540,110.35,20,09:15:07,,,119.66,58200,49860,40580,605280,"[{""bid_quantity"":60,""ask_quantity"":40,""bid_orders"":1,""ask_orders"":2,""bid_price"":""111.00"",""ask_price"":""111.80""},{""bid_quantity"":80,""ask_quantity"":280,""bid_orders"":1,""ask_orders"":1,""bid_price"":""110.80"",""ask_price"":""111.85""},{""bid_quantity"":120,""ask_quantity"":40,""bid_orders"":1,""ask_orders"":1,""bid_price"":""110.75"",""ask_price"":""111.90""},{""bid_quantity"":120,""ask_quantity"":160,""bid_orders"":1,""ask_orders"":4,""bid_price"":""110.65"",""ask_price"":""112.60""},{""bid_quantity"":40,""ask_quantity"":200,""bid_orders"":1,""ask_orders"":1,""bid_price"":""110.60"",""ask_price"":""112.80""}]"
09:15:07.049,1790739907049766443,1457649603700550,Full Data,8,887279,184.75,20,09:15:07,,,206.39,162120,31620,51680,563560,"[{""bid_quantity"":40,""ask_quantity"":260,""bid_orders"":1,""ask_orders"":3,""bid_price"":""183.70"",""ask_price"":""185.90""},{""bid_quantity"":500,""ask_quantity"":220,""bid_orders"":2,""ask_orders"":6,""bid_price"":""183.65"",""ask_price"":""185.95""},{""bid_quantity"":100,""ask_quantity"":160,""bid_orders"":1,""ask_orders"":7,""bid_price"":""183.40"",""ask_price"":""186.00""},{""bid_quantity"":80,""ask_quantity"":80,""bid_orders"":1,""ask_orders"":3,""bid_price"":""183.35"",""ask_price"":""186.25""},{""bid_quantity"":600,""ask_quantity"":280,""bid_orders"":1,""ask_orders"":2,""bid_price"":""183.30"",""ask_price"":""186.45""}]"
09:15:07.080,1790739907080271360,1457649634205467,Full Data,8,887355,253.95,20,09:15:07,,,279.39,59320,27560,70100,308440,"[{""bid_quantity"":80,""ask_quantity"":100,""bid_orders"":1,""ask_orders"":4,""bid_price"":""252.30"",""ask_price"":""253.55""},{""bid_quantity"":100,""ask_quantity"":20,""bid_orders"":2,""ask_orders"":1,""bid_price"":""252.25"",""ask_price"":""254.15""},{""bid_quantity"":120,""ask_quantity"":40,""bid_orders"":2,""ask_orders"":2,""bid_price"":""252.20"",""ask_price"":""254.50""},{""bid_quantity"":100,""ask_quantity"":20,""bid_orders"":2,""ask_orders"":1,""bid_price"":""252.15"",""ask_price"":""254.65""},{""bid_quantity"":180,""ask_quantity"":60,""bid_orders"":2,""ask_orders"":3,""bid_price"":""252.10"",""ask_price"":""255.15""}]"
09:15:07.089,1790739907089028177,1457649642962044,Full Data,8,887100,294.40,20,09:15:07,,,324.93,50620,19000,28580,254140,"[{""bid_quantity"":100,""ask_quantity"":20,""bid_orders"":2,""ask_orders"":1,""bid_price"":""294.35"",""ask_price"":""295.55""},{""bid_quantity"":20,""ask_quantity"":40,""bid_orders"":1,""ask_orders"":1,""bid_price"":""294.30"",""ask_price"":""296.20""},{""bid_quantity"":20,""ask_quantity"":140,""bid_orders"":1,""ask_orders"":1,""bid_price"":""294.25"",""ask_price"":""296.65""},{""bid_quantity"":100,""ask_quantity"":40,""bid_orders"":2,""ask_orders"":2,""bid_price"":""294.00"",""ask_price"":""296.85""},{""bid_quantity"":20,""ask_quantity"":100,""bid_orders"":1,""ask_orders"":1,""bid_price"":""293.95"",""ask_price"":""297.15""}]"
09:15:07.100,1790739907100452331,1457649654386198,Full Data,8,886540,110.20,20,09:15:07,,,119.42,59740,52900,42920,605280,"[{""bid_quantity"":120,""ask_quantity"":120,""bid_orders"":1,""ask_orders"":1,""bid_price"":""109.80"",""ask_price"":""110.75""},{""bid_quantity"":40,""ask_quantity"":80,""bid_orders"":1,""ask_orders"":1,""bid_price"":""109.70"",""ask_price"":""110.80""},{""bid_quantity"":60,""ask_quantity"":120,""bid_orders"":1,""ask_orders"":1,""bid_price"":""109.30"",""ask_price"":""110.85""},{""bid_quantity"":40,""ask_quantity"":120,""bid_orders"":1,""ask_orders"":2,""bid_price"":""109.00"",""ask_price"":""110.95""},{""bid_quantity"":80,""ask_quantity"":120,""bid_orders"":2,""ask_orders"":1,""bid_price"":""108.95"",""ask_price"":""111.00""}]"
09:15:07.187,1790739907187792256,1457649741726643,Full Data,8,887135,423.30,40,09:15:07,,,374.29,70740,13120,49200,307120,"[{""bid_quantity"":160,""ask_quantity"":140,""bid_orders"":1,""ask_orders"":1,""bid_price"":""422.30"",""ask_price"":""423.65""},{""bid_quantity"":20,""ask_quantity"":100,""bid_orders"":1,""ask_orders"":1,""bid_price"":""422.25"",""ask_price"":""423.80""},{""bid_quantity"":140,""ask_quantity"":40,""bid_orders"":1,""ask_orders"":1,""bid_price"":""421.40"",""ask_price"":""424.00""},{""bid_quantity"":40,""ask_quantity"":100,""bid_orders"":1,""ask_orders"":1,""bid_price"":""420.75"",""ask_price"":""424.40""},{""bid_quantity"":160,""ask_quantity"":200,""bid_orders"":2,""ask_orders"":1,""bid_price"":""420.50"",""ask_price"":""424.45""}]"
09:15:07.255,1790739907255209212,1457649809143279,Full Data,8,887135,422.80,100,09:15:07,,,375.39,72380,14800,51400,307120,"[{""bid_quantity"":400,""ask_quantity"":40,""bid_orders"":2,""ask_orders"":2,""bid_price"":""422.80"",""ask_price"":""424.65""},{""bid_quantity"":20,""ask_quantity"":40,""bid_orders"":1,""ask_orders"":1,""bid_price"":""422.65"",""ask_price"":""425.85""},{""bid_quantity"":240,""ask_quantity"":340,""bid_orders"":1,""ask_orders"":2,""bid_price"":""422.25"",""ask_price"":""426.50""},{""bid_quantity"":200,""ask_quantity"":100,""bid_orders"":2,""ask_orders"":1,""bid_price"":""422.20"",""ask_price"":""426.60""},{""bid_quantity"":120,""ask_quantity"":100,""bid_orders"":1,""ask_orders"":1,""bid_price"":""422.15"",""ask_price"":""426.80""}]"
09:15:07.280,1790739907280053933,1457649833987880,Ticker Data,0,51,72622.54,,09:15:07,,,,,,,,
09:15:07.412,1790739907412343789,1457649966278216,Full Data,8,886685,213.60,120,09:15:07,,,243.51,197080,36940,80820,1113180,"[{""bid_quantity"":120,""ask_quantity"":160,""bid_orders"":2,""ask_orders"":3,""bid_price"":""213.60"",""ask_price"":""214.35""},{""bid_quantity"":40,""ask_quantity"":160,""bid_orders"":2,""ask_orders"":1,""bid_price"":""213.40"",""ask_price"":""214.95""},{""bid_quantity"":20,""ask_quantity"":280,""bid_orders"":1,""ask_orders"":1,""bid_price"":""213.30"",""ask_price"":""215.05""},{""bid_quantity"":20,""ask_quantity"":120,""bid_orders"":1,""ask_orders"":1,""bid_price"":""213.20"",""ask_price"":""215.40""},{""bid_quantity"":140,""ask_quantity"":60,""bid_orders"":1,""ask_orders"":2,""bid_price"":""213.15"",""ask_price"":""215.45""}]"
09:15:07.421,1790739907421246287,1457649975180234,Full Data,8,887216,129.50,20,09:15:07,,,145.54,83140,28960,59340,604640,"[{""bid_quantity"":40,""ask_quantity"":140,""bid_orders"":1,""ask_orders"":2,""bid_price"":""129.40"",""ask_price"":""130.30""},{""bid_quantity"":40,""ask_quantity"":20,""bid_orders"":1,""ask_orders"":1,""bid_price"":""129.35"",""ask_price"":""130.35""},{""bid_quantity"":20,""ask_quantity"":140,""bid_orders"":1,""ask_orders"":2,""bid_price"":""129.30"",""ask_price"":""130.40""},{""bid_quantity"":40,""ask_quantity"":20,""bid_orders"":1,""ask_orders"":1,""bid_price"":""129.25"",""ask_price"":""130.45""},{""bid_quantity"":20,""ask_quantity"":20,""bid_orders"":1,""ask_orders"":1,""bid_price"":""129.20"",""ask_price"":""130.55""}]"
09:15:07.451,1790739907451454122,1457650005388269,Full Data,8,887216,131.20,20,09:15:07,,,145.52,83280,26360,57060,604640,"[{""bid_quantity"":540,""ask_quantity"":40,""bid_orders"":5,""ask_orders"":2,""bid_price"":""130.85"",""ask_price"":""132.60""},{""bid_quantity"":200,""ask_quantity"":40,""bid_orders"":3,""ask_orders"":1,""bid_price"":""130.80"",""ask_price"":""132.80""},{""bid_quantity"":80,""ask_quantity"":200,""bid_orders"":2,""ask_orders"":1,""bid_price"":""130.75"",""ask_price"":""133.10""},{""bid_quantity"":120,""ask_quantity"":280,""bid_orders"":2,""ask_orders"":3,""bid_price"":""130.70"",""ask_price"":""133.15""},{""bid_quantity"":40,""ask_quantity"":40,""bid_orders"":1,""ask_orders"":1,""bid_price"":""130.65"",""ask_price"":""133.25""}]"
09:15:07.550,1790739907550184681,1457650104119308,Full Data,8,887306,632.05,20,09:15:07,,,556.23,27040,11740,33700,204460,"[{""bid_quantity"":20,""ask_quantity"":640,""bid_orders"":1,""ask_orders"":5,""bid_price"":""628.60"",""ask_price"":""635.70""},{""bid_quantity"":20,""ask_quantity"":100,""bid_orders"":1,""ask_orders"":3,""bid_price"":""628.35"",""ask_price"":""635.75""},{""bid_quantity"":20,""ask_quantity"":200,""bid_orders"":1,""ask_orders"":2,""bid_price"":""628.10"",""ask_price"":""635.80""},{""bid_quantity"":20,""ask_quantity"":200,""bid_orders"":1,""ask_orders"":3,""bid_price"":""627.75"",""ask_price"":""635.85""},{""bid_quantity"":20,""ask_quantity"":400,""bid_orders"":1,""ask_orders"":2,""bid_price"":""627.50"",""ask_price"":""635.90""}]"
09:15:07.639,1790739907639586500,1457650193520967,Full Data,8,887080,560.45,20,09:15:07,,,496.29,50780,9800,60740,212920,"[{""bid_quantity"":280,""ask_quantity"":60,""bid_orders"":4,""ask_orders"":3,""bid_price"":""556.95"",""ask_price"":""560.45""},{""bid_quantity"":200,""ask_quantity"":160,""bid_orders"":2,""ask_orders"":2,""bid_price"":""556.90"",""ask_price"":""562.00""},{""bid_quantity"":220,""ask_quantity"":140,""bid_orders"":3,""ask_orders"":2,""bid_price"":""556.85"",""ask_price"":""562.05""},{""bid_quantity"":100,""ask_quantity"":200,""bid_orders"":1,""ask_orders"":2,""bid_price"":""556.80"",""ask_price"":""562.65""},{""bid_quantity"":120,""ask_quantity"":40,""bid_orders"":2,""ask_orders"":1,""bid_price"":""556.75"",""ask_price"":""563.55""}]"
09:15:07.702,1790739907702527667,1457650256462374,Full Data,8,887080,556.15,20,09:15:07,,,496.66,51080,9480,60380,212920,"[{""bid_quantity"":40,""ask_quantity"":100,""bid_orders"":1,""ask_orders"":1,""bid_price"":""558.35"",""ask_price"":""562.45""},{""bid_quantity"":120,""ask_quantity"":40,""bid_orders"":1,""ask_orders"":1,""bid_price"":""558.30"",""ask_price"":""562.50""},{""bid_quantity"":60,""ask_quantity"":100,""bid_orders"":1,""ask_orders"":1,""bid_price"":""558.20"",""ask_price"":""562.55""},{""bid_quantity"":60,""ask_quantity"":40,""bid_orders"":1,""ask_orders"":1,""bid_price"":""558.10"",""ask_price"":""562.60""},{""bid_quantity"":40,""ask_quantity"":100,""bid_orders"":1,""ask_orders"":1,""bid_price"":""558.00"",""ask_price"":""562.65""}]"
09:15:07.864,1790739907864653636,1457650418587903,Full Data,8,886528,373.35,20,09:15:07,,,323.52,87280,14580,123540,227080,"[{""bid_quantity"":20,""ask_quantity"":60,""bid_orders"":1,""ask_orders"":2,""bid_price"":""370.75"",""ask_price"":""372.55""},{""bid_quantity"":60,""ask_quantity"":60,""bid_orders"":2,""ask_orders"":2,""bid_price"":""370.60"",""ask_price"":""372.70""},{""bid_quantity"":100,""ask_quantity"":60,""bid_orders"":2,""ask_orders"":2,""bid_price"":""370.45"",""ask_price"":""372.85""},{""bid_quantity"":20,""ask_quantity"":100,""bid_orders"":1,""ask_orders"":3,""bid_price"":""370.40"",""ask_price"":""373.00""},{""bid_quantity"":160,""ask_quantity"":60,""bid_orders"":1,""ask_orders"":2,""bid_price"":""370.25"",""ask_price"":""373.20""}]"
09:15:07.873,1790739907873237012,1457650427171039,Full Data,8,887253,782.90,20,09:15:07,,,703.98,4860,7400,29200,68380,"[{""bid_quantity"":80,""ask_quantity"":80,""bid_orders"":1,""ask_orders"":1,""bid_price"":""782.95"",""ask_price"":""788.65""},{""bid_quantity"":80,""ask_quantity"":20,""bid_orders"":1,""ask_orders"":1,""bid_price"":""782.90"",""ask_price"":""788.70""},{""bid_quantity"":80,""ask_quantity"":80,""bid_orders"":1,""ask_orders"":1,""bid_price"":""782.85"",""ask_price"":""788.75""},{""bid_quantity"":80,""ask_quantity"":20,""bid_orders"":1,""ask_orders"":1,""bid_price"":""782.80"",""ask_price"":""788.80""},{""bid_quantity"":80,""ask_quantity"":80,""bid_orders"":1,""ask_orders"":1,""bid_price"":""782.70"",""ask_price"":""788.85""}]"
09:15:07.913,1790739907913220350,1457650467154937,Full Data,8,886620,155.10,100,09:15:07,,,171.78,78100,41020,53080,619000,"[{""bid_quantity"":120,""ask_quantity"":80,""bid_orders"":2,""ask_orders"":2,""bid_price"":""155.15"",""ask_price"":""155.40""},{""bid_quantity"":260,""ask_quantity"":80,""bid_orders"":3,""ask_orders"":2,""bid_price"":""155.10"",""ask_price"":""155.85""},{""bid_quantity"":20,""ask_quantity"":200,""bid_orders"":1,""ask_orders"":2,""bid_price"":""155.05"",""ask_price"":""156.45""},{""bid_quantity"":20,""ask_quantity"":60,""bid_orders"":1,""ask_orders"":1,""bid_price"":""154.95"",""ask_price"":""157.10""},{""bid_quantity"":20,""ask_quantity"":20,""bid_orders"":1,""ask_orders"":1,""bid_price"":""154.85"",""ask_price"":""157.15""}]"
09:15:07.941,1790739907941552094,1457650495486081,Full Data,8,886461,497.00,20,09:15:07,,,434.50,127580,17640,124660,738980,"[{""bid_quantity"":180,""ask_quantity"":60,""bid_orders"":2,""ask_orders"":2,""bid_price"":""494.15"",""ask_price"":""496.45""},{""bid_quantity"":200,""ask_quantity"":60,""bid_orders"":3,""ask_orders"":2,""bid_price"":""494.10"",""ask_price"":""496.50""},{""bid_quantity"":180,""ask_quantity"":60,""bid_orders"":2,""ask_orders"":2,""bid_price"":""494.05"",""ask_price"":""496.55""},{""bid_quantity"":20,""ask_quantity"":60,""bid_orders"":1,""ask_orders"":2,""bid_price"":""494.00"",""ask_price"":""497.05""},{""bid_quantity"":20,""ask_quantity"":20,""bid_orders"":1,""ask_orders"":1,""bid_price"":""493.95"",""ask_price"":""497.10""}]"
09:15:07.945,1790739907945814481,1457650499748348,Full Data,8,886620,155.85,40,09:15:07,,,171.75,78220,41480,53060,619000,"[{""bid_quantity"":40,""ask_quantity"":80,""bid_orders"":1,""ask_orders"":2,""bid_price"":""155.10"",""ask_price"":""155.75""},{""bid_quantity"":20,""ask_quantity"":300,""bid_orders"":1,""ask_orders"":1,""bid_price"":""155.05"",""ask_price"":""156.35""},{""bid_quantity"":20,""ask_quantity"":100,""bid_orders"":1,""ask_orders"":1,""bid_price"":""154.95"",""ask_price"":""156.40""},{""bid_quantity"":20,""ask_quantity"":200,""bid_orders"":1,""ask_orders"":2,""bid_price"":""154.85"",""ask_price"":""156.80""},{""bid_quantity"":40,""ask_quantity"":180,""bid_orders"":1,""ask_orders"":2,""bid_price"":""154.80"",""ask_price"":""157.10""}]"
09:15:07.976,1790739907976767482,1457650530701949,Full Data,8,886528,371.25,40,09:15:07,,,324.36,88800,16000,124120,227080,"[{""bid_quantity"":120,""ask_quantity"":200,""bid_orders"":2,""ask_orders"":2,""bid_price"":""370.40"",""ask_price"":""372.25""},{""bid_quantity"":380,""ask_quantity"":180,""bid_orders"":4,""ask_orders"":2,""bid_price"":""370.20"",""ask_price"":""372.30""},{""bid_quantity"":120,""ask_quantity"":180,""bid_orders"":2,""ask_orders"":2,""bid_price"":""370.00"",""ask_price"":""372.35""},{""bid_quantity"":20,""ask_quantity"":40,""bid_orders"":1,""ask_orders"":1,""bid_price"":""369.80"",""ask_price"":""372.40""},{""bid_quantity"":20,""ask_quantity"":40,""bid_orders"":1,""ask_orders"":1,""bid_price"":""369.65"",""ask_price"":""372.45""}]"
09:15:07.978,1790739907978199291,1457650532133238,Full Data,8,886461,493.30,20,09:15:07,,,434.67,127940,20460,128360,738980,"[{""bid_quantity"":20,""ask_quantity"":80,""bid_orders"":1,""ask_orders"":3,""bid_price"":""493.10"",""ask_price"":""494.85""},{""bid_quantity"":20,""ask_quantity"":40,""bid_orders"":1,""ask_orders"":1,""bid_price"":""492.90"",""ask_price"":""494.90""},{""bid_quantity"":20,""ask_quantity"":220,""bid_orders"":1,""ask_orders"":5,""bid_price"":""492.75"",""ask_price"":""494.95""},{""bid_quantity"":20,""ask_quantity"":60,""bid_orders"":1,""ask_orders"":2,""bid_price"":""492.60"",""ask_price"":""495.00""},{""bid_quantity"":20,""ask_quantity"":60,""bid_orders"":1,""ask_orders"":2,""bid_price"":""492.40"",""ask_price"":""495.05""}]"
09:15:07.980,1790739907980728187,1457650534662094,Full Data,8,887253,782.90,20,09:15:07,,,703.98,4860,8360,32560,68380,"[{""bid_quantity"":800,""ask_quantity"":160,""bid_orders"":3,""ask_orders"":2,""bid_price"":""782.95"",""ask_price"":""789.35""},{""bid_quantity"":120,""ask_quantity"":120,""bid_orders"":1,""ask_orders"":1,""bid_price"":""782.90"",""ask_price"":""789.50""},{""bid_quantity"":80,""ask_quantity"":120,""bid_orders"":1,""ask_orders"":1,""bid_price"":""782.85"",""ask_price"":""789.60""},{""bid_quantity"":60,""ask_quantity"":120,""bid_orders"":1,""ask_orders"":1,""bid_price"":""782.80"",""ask_price"":""789.70""},{""bid_quantity"":100,""ask_quantity"":140,""bid_orders"":1,""ask_orders"":2,""bid_price"":""782.75"",""ask_price"":""789.80""}]"
09:15:08.068,1790739908068804597,1457650622738464,Full Data,8,887355,253.10,20,09:15:08,,,276.00,67040,29500,70140,308440,"[{""bid_quantity"":140,""ask_quantity"":160,""bid_orders"":3,""ask_orders"":8,""bid_price"":""252.85"",""ask_price"":""253.65""},{""bid_quantity"":80,""ask_quantity"":20,""bid_orders"":2,""ask_orders"":1,""bid_price"":""252.65"",""ask_price"":""254.05""},{""bid_quantity"":60,""ask_quantity"":100,""bid_orders"":2,""ask_orders"":1,""bid_price"":""252.45"",""ask_price"":""254.65""},{""bid_quantity"":140,""ask_quantity"":100,""bid_orders"":2,""ask_orders"":1,""bid_price"":""252.40"",""ask_price"":""255.00""},{""bid_quantity"":20,""ask_quantity"":80,""bid_orders"":1,""ask_orders"":1,""bid_price"":""252.25"",""ask_price"":""255.75""}]"
09:15:08.074,1790739908074873836,1457650628807823,Full Data,8,887279,185.60,20,09:15:07,,,204.41,177640,31900,52280,563560,"[{""bid_quantity"":180,""ask_quantity"":120,""bid_orders"":2,""ask_orders"":5,""bid_price"":""184.50"",""ask_price"":""185.30""},{""bid_quantity"":200,""ask_quantity"":40,""bid_orders"":2,""ask_orders"":2,""bid_price"":""184.45"",""ask_price"":""185.40""},{""bid_quantity"":240,""ask_quantity"":80,""bid_orders"":3,""ask_orders"":4,""bid_price"":""184.25"",""ask_price"":""185.50""},{""bid_quantity"":140,""ask_quantity"":140,""bid_orders"":2,""ask_orders"":1,""bid_price"":""184.20"",""ask_price"":""185.55""},{""bid_quantity"":160,""ask_quantity"":240,""bid_orders"":3,""ask_orders"":1,""bid_price"":""184.15"",""ask_price"":""186.60""}]"
09:15:08.084,1790739908084496099,1457650638430166,Full Data,8,887100,295.60,20,09:15:08,,,321.77,56020,17240,29680,254140,"[{""bid_quantity"":60,""ask_quantity"":60,""bid_orders"":1,""ask_orders"":2,""bid_price"":""294.80"",""ask_price"":""295.60""},{""bid_quantity"":140,""ask_quantity"":60,""bid_orders"":1,""ask_orders"":1,""bid_price"":""294.75"",""ask_price"":""296.10""},{""bid_quantity"":100,""ask_quantity"":40,""bid_orders"":2,""ask_orders"":1,""bid_price"":""294.60"",""ask_price"":""296.15""},{""bid_quantity"":60,""ask_quantity"":140,""bid_orders"":2,""ask_orders"":1,""bid_price"":""294.55"",""ask_price"":""296.45""},{""bid_quantity"":40,""ask_quantity"":60,""bid_orders"":2,""ask_orders"":2,""bid_price"":""294.45"",""ask_price"":""296.70""}]"
09:15:08.126,1790739908126492410,1457650680426757,Full Data,8,886540,111.80,40,09:15:08,,,118.24,67180,51480,40400,605280,"[{""bid_quantity"":500,""ask_quantity"":80,""bid_orders"":3,""ask_orders"":1,""bid_price"":""109.80"",""ask_price"":""110.90""},{""bid_quantity"":60,""ask_quantity"":120,""bid_orders"":2,""ask_orders"":1,""bid_price"":""109.60"",""ask_price"":""110.95""},{""bid_quantity"":160,""ask_quantity"":80,""bid_orders"":2,""ask_orders"":1,""bid_price"":""109.20"",""ask_price"":""111.05""},{""bid_quantity"":80,""ask_quantity"":80,""bid_orders"":3,""ask_orders"":1,""bid_price"":""108.95"",""ask_price"":""111.15""},{""bid_quantity"":40,""ask_quantity"":40,""bid_orders"":2,""ask_orders"":1,""bid_price"":""108.90"",""ask_price"":""111.40""}]"
09:15:08.128,1790739908128951306,1457650682885333,Full Data,8,887100,296.70,40,09:15:08,,,321.49,56620,14860,30500,254140,"[{""bid_quantity"":120,""ask_quantity"":40,""bid_orders"":3,""ask_orders"":1,""bid_price"":""297.95"",""ask_price"":""298.60""},{""bid_quantity"":40,""ask_quantity"":240,""bid_orders"":1,""ask_orders"":1,""bid_price"":""297.90"",""ask_price"":""299.55""},{""bid_quantity"":40,""ask_quantity"":100,""bid_orders"":1,""ask_orders"":1,""bid_price"":""297.85"",""ask_price"":""300.45""},{""bid_quantity"":100,""ask_quantity"":280,""bid_orders"":3,""ask_orders"":2,""bid_price"":""297.80"",""ask_price"":""300.50""},{""bid_quantity"":40,""ask_quantity"":120,""bid_orders"":1,""ask_orders"":1,""bid_price"":""297.75"",""ask_price"":""300.70""}]"
09:15:08.162,1790739908162261002,1457650716194909,Full Data,8,886540,111.75,20,09:15:08,,,118.23,67300,51460,41900,605280,"[{""bid_quantity"":480,""ask_quantity"":60,""bid_orders"":6,""ask_orders"":3,""bid_price"":""110.30"",""ask_price"":""111.75""},{""bid_quantity"":20,""ask_quantity"":20,""bid_orders"":1,""ask_orders"":1,""bid_price"":""110.20"",""ask_price"":""111.80""},{""bid_quantity"":280,""ask_quantity"":140,""bid_orders"":3,""ask_orders"":3,""bid_price"":""110.15"",""ask_price"":""112.60""},{""bid_quantity"":300,""ask_quantity"":80,""bid_orders"":3,""ask_orders"":1,""bid_price"":""110.10"",""ask_price"":""112.95""},{""bid_quantity"":60,""ask_quantity"":40,""bid_orders"":1,""ask_orders"":1,""bid_price"":""109.90"",""ask_price"":""113.00""}]"
09:15:08.255,1790739908255613966,1457650809547913,Full Data,8,887135,424.25,100,09:15:08,,,382.33,83620,15760,54540,307120,"[{""bid_quantity"":160,""ask_quantity"":220,""bid_orders"":1,""ask_orders"":5,""bid_price"":""421.85"",""ask_price"":""424.15""},{""bid_quantity"":160,""ask_quantity"":160,""bid_orders"":1,""ask_orders"":2,""bid_price"":""421.80"",""ask_price"":""424.20""},{""bid_quantity"":40,""ask_quantity"":20,""bid_orders"":1,""ask_orders"":1,""bid_price"":""421.75"",""ask_price"":""424.25""},{""bid_quantity"":160,""ask_quantity"":240,""bid_orders"":1,""ask_orders"":2,""bid_price"":""421.30"",""ask_price"":""424.35""},{""bid_quantity"":40,""ask_quantity"":40,""bid_orders"":1,""ask_orders"":1,""bid_price"":""421.25"",""ask_price"":""424.45""}]"
09:15:08.268,1790739908268727771,1457650822661838,Ticker Data,0,51,72609.37,,09:15:08,,,,,,,,
09:15:08.317,1790739908317956649,1457650871890876,Full Data,8,887135,418.75,20,09:15:08,,,382.44,83840,16800,54800,307120,"[{""bid_quantity"":160,""ask_quantity"":80,""bid_orders"":2,""ask_orders"":3,""bid_price"":""418.75"",""ask_price"":""420.90""},{""bid_quantity"":80,""ask_quantity"":140,""bid_orders"":3,""ask_orders"":1,""bid_price"":""418.70"",""ask_price"":""420.95""},{""bid_quantity"":60,""ask_quantity"":20,""bid_orders"":2,""ask_orders"":1,""bid_price"":""418.55"",""ask_price"":""421.35""},{""bid_quantity"":260,""ask_quantity"":100,""bid_orders"":2,""ask_orders"":1,""bid_price"":""417.95"",""ask_price"":""421.40""},{""bid_quantity"":140,""ask_quantity"":100,""bid_orders"":1,""ask_orders"":1,""bid_price"":""417.90"",""ask_price"":""421.60""}]"
09:15:08.413,1790739908413968991,1457650967903218,Full Data,8,886685,222.40,20,09:15:08,,,241.93,209820,42160,86720,1113180,"[{""bid_quantity"":40,""ask_quantity"":140,""bid_orders"":1,""ask_orders"":1,""bid_price"":""221.15"",""ask_price"":""222.35""},{""bid_quantity"":60,""ask_quantity"":100,""bid_orders"":2,""ask_orders"":4,""bid_price"":""221.10"",""ask_price"":""222.40""},{""bid_quantity"":140,""ask_quantity"":80,""bid_orders"":1,""ask_orders"":1,""bid_price"":""220.90"",""ask_price"":""222.90""},{""bid_quantity"":160,""ask_quantity"":60,""bid_orders"":1,""ask_orders"":2,""bid_price"":""220.65"",""ask_price"":""222.95""},{""bid_quantity"":100,""ask_quantity"":100,""bid_orders"":1,""ask_orders"":1,""bid_price"":""220.60"",""ask_price"":""223.40""}]"
09:15:08.476,1790739908476931198,1457651030865425,Full Data,8,887216,135.75,20,09:15:08,,,144.78,88200,27160,57980,604640,"[{""bid_quantity"":20,""ask_quantity"":60,""bid_orders"":1,""ask_orders"":1,""bid_price"":""135.35"",""ask_price"":""135.80""},{""bid_quantity"":80,""ask_quantity"":60,""bid_orders"":1,""ask_orders"":1,""bid_price"":""135.25"",""ask_price"":""135.85""},{""bid_quantity"":20,""ask_quantity"":60,""bid_orders"":1,""ask_orders"":1,""bid_price"":""135.20"",""ask_price"":""135.90""},{""bid_quantity"":20,""ask_quantity"":60,""bid_orders"":1,""ask_orders"":1,""bid_price"":""135.10"",""ask_price"":""135.95""},{""bid_quantity"":80,""ask_quantity"":60,""bid_orders"":1,""ask_orders"":1,""bid_price"":""135.05"",""ask_price"":""136.00""}]"
09:15:08.515,1790739908515960451,1457651069894798,Full Data,8,887216,135.20,20,09:15:08,,,144.78,88240,27500,57460,604640,"[{""bid_quantity"":20,""ask_quantity"":80,""bid_orders"":1,""ask_orders"":1,""bid_price"":""134.50"",""ask_price"":""135.05""},{""bid_quantity"":200,""ask_quantity"":120,""bid_orders"":1,""ask_orders"":2,""bid_price"":""134.45"",""ask_price"":""135.10""},{""bid_quantity"":20,""ask_quantity"":140,""bid_orders"":1,""ask_orders"":2,""bid_price"":""134.35"",""ask_price"":""135.15""},{""bid_quantity"":20,""ask_quantity"":60,""bid_orders"":1,""ask_orders"":1,""bid_price"":""134.25"",""ask_price"":""135.20""},{""bid_quantity"":80,""ask_quantity"":120,""bid_orders"":1,""ask_orders"":2,""bid_price"":""133.75"",""ask_price"":""135.25""}]"
09:15:08.572,1790739908572831859,1457651126766126,Full Data,8,887306,624.55,40,09:15:08,,,566.24,31120,14900,37880,204460,"[{""bid_quantity"":260,""ask_quantity"":120,""bid_orders"":1,""ask_orders"":1,""bid_price"":""620.70"",""ask_price"":""624.60""},{""bid_quantity"":40,""ask_quantity"":160,""bid_orders"":1,""ask_orders"":1,""bid_price"":""618.85"",""ask_price"":""624.65""},{""bid_quantity"":20,""ask_quantity"":100,""bid_orders"":1,""ask_orders"":1,""bid_price"":""618.15"",""ask_price"":""624.70""},{""bid_quantity"":80,""ask_quantity"":60,""bid_orders"":1,""ask_orders"":1,""bid_price"":""618.10"",""ask_price"":""624.75""},{""bid_quantity"":80,""ask_quantity"":320,""bid_orders"":2,""ask_orders"":3,""bid_price"":""618.05"",""ask_price"":""624.80""}]"
09:15:08.615,1790739908615890777,1457651169824924,Full Data,8,887306,624.80,20,09:15:08,,,566.32,31160,13120,38320,204460,"[{""bid_quantity"":40,""ask_quantity"":120,""bid_orders"":1,""ask_orders"":3,""bid_price"":""621.20"",""ask_price"":""624.70""},{""bid_quantity"":80,""ask_quantity"":140,""bid_orders"":1,""ask_orders"":2,""bid_price"":""621.15"",""ask_price"":""624.80""},{""bid_quantity"":80,""ask_quantity"":240,""bid_orders"":1,""ask_orders"":1,""bid_price"":""621.05"",""ask_price"":""625.80""},{""bid_quantity"":20,""ask_quantity"":160,""bid_orders"":1,""ask_orders"":2,""bid_price"":""620.95"",""ask_price"":""626.05""},{""bid_quantity"":40,""ask_quantity"":240,""bid_orders"":2,""ask_orders"":2,""bid_price"":""620.80"",""ask_price"":""626.25""}]"
09:15:08.680,1790739908680979879,1457651234914386,Full Data,8,886659,705.20,20,09:15:08,,,646.06,11760,10320,22900,139920,"[{""bid_quantity"":180,""ask_quantity"":80,""bid_orders"":5,""ask_orders"":2,""bid_price"":""698.60"",""ask_price"":""705.10""},{""bid_quantity"":60,""ask_quantity"":120,""bid_orders"":2,""ask_orders"":1,""bid_price"":""698.55"",""ask_price"":""705.20""},{""bid_quantity"":120,""ask_quantity"":20,""bid_orders"":3,""ask_orders"":1,""bid_price"":""698.50"",""ask_price"":""705.30""},{""bid_quantity"":80,""ask_quantity"":240,""bid_orders"":2,""ask_orders"":1,""bid_price"":""698.40"",""ask_price"":""706.55""},{""bid_quantity"":60,""ask_quantity"":100,""bid_orders"":1,""ask_orders"":1,""bid_price"":""698.30"",""ask_price"":""708.70""}]"
09:15:08.732,1790739908732121209,1457651286055756,Full Data,8,887080,558.05,20,09:15:08,,,501.59,55760,10540,63480,212920,"[{""bid_quantity"":260,""ask_quantity"":80,""bid_orders"":3,""ask_orders"":1,""bid_price"":""555.25"",""ask_price"":""558.05""},{""bid_quantity"":140,""ask_quantity"":280,""bid_orders"":2,""ask_orders"":2,""bid_price"":""555.20"",""ask_price"":""559.30""},{""bid_quantity"":180,""ask_quantity"":100,""bid_orders"":3,""ask_orders"":2,""bid_price"":""555.15"",""ask_price"":""560.55""},{""bid_quantity"":100,""ask_quantity"":100,""bid_orders"":1,""ask_orders"":1,""bid_price"":""555.10"",""ask_price"":""560.60""},{""bid_quantity"":120,""ask_quantity"":40,""bid_orders"":1,""ask_orders"":1,""bid_price"":""555.05"",""ask_price"":""560.65""}]"
09:15:08.736,1790739908736619759,1457651290553826,Full Data,8,886659,706.55,220,09:15:08,,,649.89,12560,12180,24900,139920,"[{""bid_quantity"":140,""ask_quantity"":100,""bid_orders"":4,""ask_orders"":1,""bid_price"":""698.00"",""ask_price"":""705.05""},{""bid_quantity"":40,""ask_quantity"":100,""bid_orders"":2,""ask_orders"":3,""bid_price"":""697.95"",""ask_price"":""705.10""},{""bid_quantity"":120,""ask_quantity"":100,""bid_orders"":3,""ask_orders"":1,""bid_price"":""697.80"",""ask_price"":""705.25""},{""bid_quantity"":80,""ask_quantity"":100,""bid_orders"":3,""ask_orders"":1,""bid_price"":""697.75"",""ask_price"":""705.35""},{""bid_quantity"":120,""ask_quantity"":60,""bid_orders"":2,""ask_orders"":2,""bid_price"":""697.70"",""ask_price"":""705.40""}]"
09:15:08.770,1790739908770041495,1457651323975362,Full Data,8,887080,557.10,20,09:15:08,,,501.73,55900,10720,62560,212920,"[{""bid_quantity"":220,""ask_quantity"":60,""bid_orders"":3,""ask_orders"":2,""bid_price"":""553.75"",""ask_price"":""557.10""},{""bid_quantity"":100,""ask_quantity"":60,""bid_orders"":1,""ask_orders"":2,""bid_price"":""553.70"",""ask_price"":""557.85""},{""bid_quantity"":100,""ask_quantity"":80,""bid_orders"":2,""ask_orders"":1,""bid_price"":""553.65"",""ask_price"":""558.05""},{""bid_quantity"":80,""ask_quantity"":100,""bid_orders"":1,""ask_orders"":1,""bid_price"":""553.55"",""ask_price"":""558.60""},{""bid_quantity"":100,""ask_quantity"":140,""bid_orders"":1,""ask_orders"":2,""bid_price"":""552.55"",""ask_price"":""559.50""}]"
09:15:08.917,1790739908917900172,1457651471834399,Full Data,8,886620,161.30,40,09:15:08,,,170.55,86300,44940,57200,619000,"[{""bid_quantity"":20,""ask_quantity"":140,""bid_orders"":1,""ask_orders"":1,""bid_price"":""159.15"",""ask_price"":""160.35""},{""bid_quantity"":20,""ask_quantity"":20,""bid_orders"":1,""ask_orders"":1,""bid_price"":""159.00"",""ask_price"":""160.40""},{""bid_quantity"":20,""ask_quantity"":20,""bid_orders"":1,""ask_orders"":1,""bid_price"":""158.90"",""ask_price"":""160.50""},{""bid_quantity"":20,""ask_quantity"":60,""bid_orders"":1,""ask_orders"":1,""bid_price"":""158.80"",""ask_price"":""160.55""},{""bid_quantity"":20,""ask_quantity"":20,""bid_orders"":1,""ask_orders"":1,""bid_price"":""158.70"",""ask_price"":""160.60""}]"
09:15:08.954,1790739908954683290,1457651508617637,Full Data,8,886620,161.30,40,09:15:08,,,170.55,86300,42900,53820,619000,"[{""bid_quantity"":20,""ask_quantity"":160,""bid_orders"":1,""ask_orders"":3,""bid_price"":""158.90"",""ask_price"":""160.00""},{""bid_quantity"":20,""ask_quantity"":220,""bid_orders"":1,""ask_orders"":3,""bid_price"":""158.80"",""ask_price"":""160.05""},{""bid_quantity"":20,""ask_quantity"":100,""bid_orders"":1,""ask_orders"":3,""bid_price"":""158.70"",""ask_price"":""160.10""},{""bid_quantity"":20,""ask_quantity"":80,""bid_orders"":1,""ask_orders"":2,""bid_price"":""158.50"",""ask_price"":""160.30""},{""bid_quantity"":20,""ask_quantity"":80,""bid_orders"":1,""ask_orders"":2,""bid_price"":""158.40"",""ask_price"":""160.40""}]"
09:15:08.959,1790739908959369640,1457651513303667,Full Data,8,886528,373.65,20,09:15:08,,,327.47,95720,15240,125660,227080,"[{""bid_quantity"":20,""ask_quantity"":80,""bid_orders"":1,""ask_orders"":2,""bid_price"":""371.70"",""ask_price"":""373.35""},{""bid_quantity"":20,""ask_quantity"":140,""bid_orders"":1,""ask_orders"":2,""bid_price"":""371.50"",""ask_price"":""373.40""},{""bid_quantity"":40,""ask_quantity"":80,""bid_orders"":1,""ask_orders"":2,""bid_price"":""371.40"",""ask_price"":""373.45""},{""bid_quantity"":20,""ask_quantity"":80,""bid_orders"":1,""ask_orders"":2,""bid_price"":""371.30"",""ask_price"":""373.55""},{""bid_quantity"":20,""ask_quantity"":80,""bid_orders"":1,""ask_orders"":2,""bid_price"":""371.10"",""ask_price"":""373.65""}]"
09:15:08.960,1790739908960654368,1457651514588275,Full Data,8,886461,492.50,20,09:15:08,,,439.75,141640,19460,133860,738980,"[{""bid_quantity"":160,""ask_quantity"":40,""bid_orders"":1,""ask_orders"":1,""bid_price"":""492.75"",""ask_price"":""494.55""},{""bid_quantity"":160,""ask_quantity"":100,""bid_orders"":1,""ask_orders"":1,""bid_price"":""492.70"",""ask_price"":""494.60""},{""bid_quantity"":160,""ask_quantity"":20,""bid_orders"":1,""ask_orders"":1,""bid_price"":""492.60"",""ask_price"":""494.80""},{""bid_quantity"":280,""ask_quantity"":20,""bid_orders"":1,""ask_orders"":1,""bid_price"":""492.55"",""ask_price"":""494.85""},{""bid_quantity"":20,""ask_quantity"":20,""bid_orders"":1,""ask_orders"":1,""bid_price"":""492.45"",""ask_price"":""495.05""}]"
09:15:09.011,1790739909011126615,1457651565060602,Full Data,8,887253,784.05,20,09:15:08,,,707.18,5080,7740,29440,68380,"[{""bid_quantity"":220,""ask_quantity"":100,""bid_orders"":3,""ask_orders"":1,""bid_price"":""779.70"",""ask_price"":""792.95""},{""bid_quantity"":20,""ask_quantity"":40,""bid_orders"":1,""ask_orders"":1,""bid_price"":""779.65"",""ask_price"":""793.00""},{""bid_quantity"":220,""ask_quantity"":100,""bid_orders"":3,""ask_orders"":1,""bid_price"":""779.60"",""ask_price"":""793.05""},{""bid_quantity"":20,""ask_quantity"":40,""bid_orders"":1,""ask_orders"":1,""bid_price"":""779.55"",""ask_price"":""793.10""},{""bid_quantity"":140,""ask_quantity"":100,""bid_orders"":2,""ask_orders"":1,""bid_price"":""779.50"",""ask_price"":""793.15""}]"
09:15:09.014,1790739909014167155,1457651568100982,Full Data,8,886461,494.60,60,09:15:08,,,439.86,141920,19380,133880,738980,"[{""bid_quantity"":260,""ask_quantity"":20,""bid_orders"":1,""ask_orders"":1,""bid_price"":""494.20"",""ask_price"":""494.60""},{""bid_quantity"":40,""ask_quantity"":80,""bid_orders"":1,""ask_orders"":2,""bid_price"":""492.95"",""ask_price"":""494.75""},{""bid_quantity"":120,""ask_quantity"":60,""bid_orders"":1,""ask_orders"":2,""bid_price"":""492.75"",""ask_price"":""494.85""},{""bid_quantity"":160,""ask_quantity"":40,""bid_orders"":1,""ask_orders"":1,""bid_price"":""492.70"",""ask_price"":""494.95""},{""bid_quantity"":20,""ask_quantity"":100,""bid_orders"":1,""ask_orders"":3,""bid_price"":""492.65"",""ask_price"":""495.05""}]"
09:15:09.035,1790739909035693654,1457651589627561,Full Data,8,886528,373.15,20,09:15:09,,,327.91,96660,14080,126980,227080,"[{""bid_quantity"":60,""ask_quantity"":140,""bid_orders"":1,""ask_orders"":6,""bid_price"":""372.40"",""ask_price"":""373.90""},{""bid_quantity"":20,""ask_quantity"":20,""bid_orders"":1,""ask_orders"":1,""bid_price"":""372.35"",""ask_price"":""374.10""},{""bid_quantity"":700,""ask_quantity"":20,""bid_orders"":3,""ask_orders"":1,""bid_price"":""372.20"",""ask_price"":""374.30""},{""bid_quantity"":60,""ask_quantity"":60,""bid_orders"":2,""ask_orders"":1,""bid_price"":""372.15"",""ask_price"":""375.95""},{""bid_quantity"":80,""ask_quantity"":140,""bid_orders"":4,""ask_orders"":1,""bid_price"":""372.10"",""ask_price"":""376.00""}]"
09:15:09.082,1790739909082670558,1457651636604585,Full Data,8,887355,254.55,140,09:15:09,,,273.49,77580,31120,70360,308440,"[{""bid_quantity"":20,""ask_quantity"":60,""bid_orders"":1,""ask_orders"":2,""bid_price"":""253.95"",""ask_price"":""254.75""},{""bid_quantity"":40,""ask_quantity"":20,""bid_orders"":1,""ask_orders"":1,""bid_price"":""253.90"",""ask_price"":""255.05""},{""bid_quantity"":200,""ask_quantity"":40,""bid_orders"":2,""ask_orders"":1,""bid_price"":""253.80"",""ask_price"":""255.15""},{""bid_quantity"":140,""ask_quantity"":100,""bid_orders"":1,""ask_orders"":1,""bid_price"":""253.75"",""ask_price"":""255.40""},{""bid_quantity"":100,""ask_quantity"":60,""bid_orders"":1,""ask_orders"":1,""bid_price"":""253.70"",""ask_price"":""255.50""}]"
09:15:09.104,1790739909104236897,1457651658170964,Full Data,8,887253,784.05,20,09:15:08,,,707.18,5080,10480,30980,68380,"[{""bid_quantity"":120,""ask_quantity"":120,""bid_orders"":1,""ask_orders"":1,""bid_price"":""786.70"",""ask_price"":""794.15""},{""bid_quantity"":80,""ask_quantity"":60,""bid_orders"":1,""ask_orders"":3,""bid_price"":""786.65"",""ask_price"":""794.20""},{""bid_quantity"":120,""ask_quantity"":120,""bid_orders"":1,""ask_orders"":1,""bid_price"":""786.60"",""ask_price"":""794.25""},{""bid_quantity"":80,""ask_quantity"":80,""bid_orders"":1,""ask_orders"":4,""bid_price"":""786.55"",""ask_price"":""794.30""},{""bid_quantity"":120,""ask_quantity"":120,""bid_orders"":1,""ask_orders"":1,""bid_price"":""786.50"",""ask_price"":""794.35""}]"
09:15:09.110,1790739909110149496,1457651664083643,Full Data,8,887279,187.05,60,09:15:09,,,203.30,190820,31280,54480,563560,"[{""bid_quantity"":80,""ask_quantity"":140,""bid_orders"":3,""ask_orders"":1,""bid_price"":""185.70"",""ask_price"":""186.65""},{""bid_quantity"":180,""ask_quantity"":80,""bid_orders"":2,""ask_orders"":3,""bid_price"":""185.60"",""ask_price"":""186.70""},{""bid_quantity"":200,""ask_quantity"":20,""bid_orders"":2,""ask_orders"":1,""bid_price"":""184.70"",""ask_price"":""186.75""},{""bid_quantity"":120,""ask_quantity"":40,""bid_orders"":2,""ask_orders"":2,""bid_price"":""184.60"",""ask_price"":""186.80""},{""bid_quantity"":60,""ask_quantity"":20,""bid_orders"":2,""ask_orders"":1,""bid_price"":""184.55"",""ask_price"":""187.10""}]"
09:15:09.146,1790739909146043968,1457651699978355,Full Data,8,887100,298.75,20,09:15:09,,,320.14,60320,17520,32240,254140,"[{""bid_quantity"":120,""ask_quantity"":120,""bid_orders"":2,""ask_orders"":1,""bid_price"":""298.35"",""ask_price"":""299.20""},{""bid_quantity"":220,""ask_quantity"":20,""bid_orders"":3,""ask_orders"":1,""bid_price"":""298.30"",""ask_price"":""299.50""},{""bid_quantity"":60,""ask_quantity"":260,""bid_orders"":2,""ask_orders"":2,""bid_price"":""298.25"",""ask_price"":""300.05""},{""bid_quantity"":160,""ask_quantity"":60,""bid_orders"":2,""ask_orders"":2,""bid_price"":""298.20"",""ask_price"":""300.10""},{""bid_quantity"":20,""ask_quantity"":40,""bid_orders"":1,""ask_orders"":2,""bid_price"":""297.90"",""ask_price"":""300.15""}]"
09:15:09.150,1790739909150846679,1457651704780626,Full Data,8,886540,112.60,20,09:15:09,,,117.82,71900,52040,39860,605280,"[{""bid_quantity"":80,""ask_quantity"":60,""bid_orders"":1,""ask_orders"":2,""bid_price"":""112.40"",""ask_price"":""113.15""},{""bid_quantity"":200,""ask_quantity"":20,""bid_orders"":1,""ask_orders"":1,""bid_price"":""112.35"",""ask_price"":""113.30""},{""bid_quantity"":20,""ask_quantity"":80,""bid_orders"":1,""ask_orders"":3,""bid_price"":""112.10"",""ask_price"":""113.45""},{""bid_quantity"":20,""ask_quantity"":20,""bid_orders"":1,""ask_orders"":1,""bid_price"":""112.05"",""ask_price"":""113.55""},{""bid_quantity"":20,""ask_quantity"":80,""bid_orders"":1,""ask_orders"":1,""bid_price"":""111.90"",""ask_price"":""113.60""}]"
09:15:09.189,1790739909189472329,1457651743406156,Full Data,8,887100,298.50,40,09:15:09,,,319.99,60740,18660,32380,254140,"[{""bid_quantity"":60,""ask_quantity"":80,""bid_orders"":3,""ask_orders"":1,""bid_price"":""297.90"",""ask_price"":""299.40""},{""bid_quantity"":20,""ask_quantity"":240,""bid_orders"":1,""ask_orders"":3,""bid_price"":""297.60"",""ask_price"":""299.50""},{""bid_quantity"":240,""ask_quantity"":180,""bid_orders"":1,""ask_orders"":3,""bid_price"":""297.40"",""ask_price"":""299.95""},{""bid_quantity"":240,""ask_quantity"":160,""bid_orders"":1,""ask_orders"":3,""bid_price"":""297.20"",""ask_price"":""300.00""},{""bid_quantity"":40,""ask_quantity"":40,""bid_orders"":1,""ask_orders"":2,""bid_price"":""295.85"",""ask_price"":""300.15""}]"
09:15:09.191,1790739909191985505,1457651745919292,Full Data,8,886540,112.70,80,09:15:09,,,117.81,72180,53820,40180,605280,"[{""bid_quantity"":80,""ask_quantity"":200,""bid_orders"":1,""ask_orders"":2,""bid_price"":""111.80"",""ask_price"":""112.70""},{""bid_quantity"":240,""ask_quantity"":20,""bid_orders"":1,""ask_orders"":1,""bid_price"":""111.75"",""ask_price"":""112.75""},{""bid_quantity"":240,""ask_quantity"":120,""bid_orders"":1,""ask_orders"":1,""bid_price"":""111.70"",""ask_price"":""112.80""},{""bid_quantity"":40,""ask_quantity"":40,""bid_orders"":2,""ask_orders"":2,""bid_price"":""111.10"",""ask_price"":""112.90""},{""bid_quantity"":20,""ask_quantity"":20,""bid_orders"":1,""ask_orders"":1,""bid_price"":""111.05"",""ask_price"":""113.00""}]"
09:15:09.283,1790739909283977540,1457651837911608,Ticker Data,0,51,72591.30,,09:15:09,,,,,,,,
09:15:09.333,1790739909333035098,1457651886969125,Full Data,8,887135,426.85,20,09:15:09,,,387.36,94240,17220,57000,307120,"[{""bid_quantity"":60,""ask_quantity"":80,""bid_orders"":1,""ask_orders"":1,""bid_price"":""427.25"",""ask_price"":""428.15""},{""bid_quantity"":20,""ask_quantity"":140,""bid_orders"":1,""ask_orders"":1,""bid_price"":""427.15"",""ask_price"":""428.20""},{""bid_quantity"":160,""ask_quantity"":80,""bid_orders"":1,""ask_orders"":3,""bid_price"":""427.00"",""ask_price"":""428.25""},{""bid_quantity"":20,""ask_quantity"":20,""bid_orders"":1,""ask_orders"":1,""bid_price"":""426.95"",""ask_price"":""428.55""},{""bid_quantity"":20,""ask_quantity"":120,""bid_orders"":1,""ask_orders"":2,""bid_price"":""426.75"",""ask_price"":""428.60""}]"
09:15:09.384,1790739909384511431,1457651938445618,Full Data,8,887135,426.00,20,09:15:09,,,387.73,95120,14180,54200,307120,"[{""bid_quantity"":20,""ask_quantity"":100,""bid_orders"":1,""ask_orders"":3,""bid_price"":""425.85"",""ask_price"":""427.25""},{""bid_quantity"":240,""ask_quantity"":40,""bid_orders"":1,""ask_orders"":2,""bid_price"":""424.70"",""ask_price"":""427.35""},{""bid_quantity"":100,""ask_quantity"":20,""bid_orders"":1,""ask_orders"":1,""bid_price"":""424.45"",""ask_price"":""427.50""},{""bid_quantity"":120,""ask_quantity"":100,""bid_orders"":2,""ask_orders"":1,""bid_price"":""424.00"",""ask_price"":""427.60""},{""bid_quantity"":100,""ask_quantity"":20,""bid_orders"":1,""ask_orders"":1,""bid_price"":""423.90"",""ask_price"":""427.70""}]"
09:15:09.411,1790739909411642527,1457651965576514,Full Data,8,886685,224.90,20,09:15:09,,,240.51,225840,39200,88380,1113180,"[{""bid_quantity"":160,""ask_quantity"":40,""bid_orders"":1,""ask_orders"":2,""bid_price"":""224.55"",""ask_price"":""225.45""},{""bid_quantity"":40,""ask_quantity"":140,""bid_orders"":1,""ask_orders"":1,""bid_price"":""224.50"",""ask_price"":""225.50""},{""bid_quantity"":20,""ask_quantity"":160,""bid_orders"":1,""ask_orders"":1,""bid_price"":""224.45"",""ask_price"":""225.60""},{""bid_quantity"":160,""ask_quantity"":40,""bid_orders"":1,""ask_orders"":1,""bid_price"":""224.25"",""ask_price"":""225.65""},{""bid_quantity"":100,""ask_quantity"":160,""bid_orders"":1,""ask_orders"":1,""bid_price"":""224.20"",""ask_price"":""225.90""}]"
09:15:09.546,1790739909546531519,1457652100466026,Full Data,8,887216,139.95,20,09:15:09,,,143.98,96380,27780,60660,604640,"[{""bid_quantity"":240,""ask_quantity"":160,""bid_orders"":2,""ask_orders"":2,""bid_price"":""139.40"",""ask_price"":""140.00""},{""bid_quantity"":60,""ask_quantity"":60,""bid_orders"":2,""ask_orders"":1,""bid_price"":""139.10"",""ask_price"":""140.05""},{""bid_quantity"":20,""ask_quantity"":60,""bid_orders"":1,""ask_orders"":1,""bid_price"":""139.00"",""ask_price"":""140.10""},{""bid_quantity"":20,""ask_quantity"":80,""bid_orders"":1,""ask_orders"":2,""bid_price"":""138.90"",""ask_price"":""140.15""},{""bid_quantity"":80,""ask_quantity"":80,""bid_orders"":1,""ask_orders"":1,""bid_price"":""138.80"",""ask_price"":""140.20""}]"
09:15:09.613,1790739909613160351,1457652167094618,Full Data,8,887306,620.40,1000,09:15:09,,,572.07,34420,14880,40440,204460,"[{""bid_quantity"":120,""ask_quantity"":140,""bid_orders"":4,""ask_orders"":3,""bid_price"":""613.65"",""ask_price"":""620.85""},{""bid_quantity"":100,""ask_quantity"":80,""bid_orders"":4,""ask_orders"":2,""bid_price"":""613.60"",""ask_price"":""620.90""},{""bid_quantity"":140,""ask_quantity"":40,""bid_orders"":2,""ask_orders"":1,""bid_price"":""613.55"",""ask_price"":""620.95""},{""bid_quantity"":80,""ask_quantity"":60,""bid_orders"":3,""ask_orders"":1,""bid_price"":""613.50"",""ask_price"":""621.00""},{""bid_quantity"":140,""ask_quantity"":60,""bid_orders"":3,""ask_orders"":1,""bid_price"":""613.45"",""ask_price"":""621.10""}]"
09:15:09.654,1790739909654342897,1457652208276884,Full Data,8,887306,618.90,20,09:15:09,,,572.10,34440,13080,37520,204460,"[{""bid_quantity"":40,""ask_quantity"":120,""bid_orders"":1,""ask_orders"":1,""bid_price"":""613.70"",""ask_price"":""619.15""},{""bid_quantity"":40,""ask_quantity"":120,""bid_orders"":1,""ask_orders"":1,""bid_price"":""613.65"",""ask_price"":""619.25""},{""bid_quantity"":40,""ask_quantity"":120,""bid_orders"":1,""ask_orders"":1,""bid_price"":""613.55"",""ask_price"":""619.35""},{""bid_quantity"":40,""ask_quantity"":120,""bid_orders"":1,""ask_orders"":1,""bid_price"":""613.45"",""ask_price"":""619.45""},{""bid_quantity"":60,""ask_quantity"":120,""bid_orders"":2,""ask_orders"":1,""bid_price"":""613.35"",""ask_price"":""619.55""}]"
09:15:09.753,1790739909753255057,1457652307189124,Full Data,8,886659,701.90,20,09:15:09,,,650.85,12780,7220,20820,139920,"[{""bid_quantity"":80,""ask_quantity"":40,""bid_orders"":2,""ask_orders"":2,""bid_price"":""693.05"",""ask_price"":""695.30""},{""bid_quantity"":240,""ask_quantity"":60,""bid_orders"":2,""ask_orders"":2,""bid_price"":""693.00"",""ask_price"":""695.90""},{""bid_quantity"":20,""ask_quantity"":40,""bid_orders"":1,""ask_orders"":1,""bid_price"":""692.35"",""ask_price"":""696.20""},{""bid_quantity"":20,""ask_quantity"":40,""bid_orders"":1,""ask_orders"":1,""bid_price"":""692.30"",""ask_price"":""700.25""},{""bid_quantity"":80,""ask_quantity"":40,""bid_orders"":1,""ask_orders"":1,""bid_price"":""688.55"",""ask_price"":""700.55""}]"
09:15:09.800,1790739909800560683,1457652354494630,Full Data,8,887080,551.70,80,09:15:09,,,507.46,62440,10120,64700,212920,"[{""bid_quantity"":80,""ask_quantity"":60,""bid_orders"":1,""ask_orders"":1,""bid_price"":""549.15"",""ask_price"":""553.00""},{""bid_quantity"":40,""ask_quantity"":60,""bid_orders"":1,""ask_orders"":2,""bid_price"":""549.10"",""ask_price"":""553.05""},{""bid_quantity"":40,""ask_quantity"":60,""bid_orders"":1,""ask_orders"":2,""bid_price"":""549.00"",""ask_price"":""553.10""},{""bid_quantity"":60,""ask_quantity"":100,""bid_orders"":1,""ask_orders"":2,""bid_price"":""548.95"",""ask_price"":""553.85""},{""bid_quantity"":20,""ask_quantity"":80,""bid_orders"":1,""ask_orders"":2,""bid_price"":""547.85"",""ask_price"":""553.95""}]"
09:15:09.833,1790739909833664977,1457652387599004,Full Data,8,886659,696.00,60,09:15:09,,,651.54,12980,8920,21380,139920,"[{""bid_quantity"":40,""ask_quantity"":20,""bid_orders"":1,""ask_orders"":1,""bid_price"":""683.75"",""ask_price"":""691.75""},{""bid_quantity"":60,""ask_quantity"":80,""bid_orders"":1,""ask_orders"":1,""bid_price"":""683.70"",""ask_price"":""691.85""},{""bid_quantity"":40,""ask_quantity"":160,""bid_orders"":1,""ask_orders"":1,""bid_price"":""683.65"",""ask_price"":""691.90""},{""bid_quantity"":60,""ask_quantity"":20,""bid_orders"":1,""ask_orders"":1,""bid_price"":""683.60"",""ask_price"":""692.15""},{""bid_quantity"":20,""ask_quantity"":40,""bid_orders"":1,""ask_orders"":1,""bid_price"":""683.55"",""ask_price"":""692.25""}]"
09:15:09.844,1790739909844856610,1457652398790557,Full Data,8,887080,540.15,20,09:15:09,,,507.78,62960,12300,66540,212920,"[{""bid_quantity"":20,""ask_quantity"":220,""bid_orders"":1,""ask_orders"":3,""bid_price"":""540.95"",""ask_price"":""545.10""},{""bid_quantity"":140,""ask_quantity"":20,""bid_orders"":2,""ask_orders"":1,""bid_price"":""540.85"",""ask_price"":""545.35""},{""bid_quantity"":140,""ask_quantity"":60,""bid_orders"":2,""ask_orders"":2,""bid_price"":""540.65"",""ask_price"":""545.60""},{""bid_quantity"":180,""ask_quantity"":60,""bid_orders"":2,""ask_orders"":2,""bid_price"":""540.55"",""ask_price"":""546.00""},{""bid_quantity"":20,""ask_quantity"":80,""bid_orders"":1,""ask_orders"":1,""bid_price"":""540.50"",""ask_price"":""546.15""}]"
09:15:09.945,1790739909945454301,1457652499388208,Full Data,8,886620,172.05,20,09:15:09,,,169.85,101620,40960,57500,619000,"[{""bid_quantity"":80,""ask_quantity"":260,""bid_orders"":2,""ask_orders"":4,""bid_price"":""169.40"",""ask_price"":""170.75""},{""bid_quantity"":140,""ask_quantity"":220,""bid_orders"":1,""ask_orders"":3,""bid_price"":""169.25"",""ask_price"":""170.80""},{""bid_quantity"":60,""ask_quantity"":280,""bid_orders"":1,""ask_orders"":5,""bid_price"":""168.90"",""ask_price"":""170.85""},{""bid_quantity"":200,""ask_quantity"":80,""bid_orders"":1,""ask_orders"":2,""bid_price"":""168.80"",""ask_price"":""170.90""},{""bid_quantity"":80,""ask_quantity"":200,""bid_orders"":1,""ask_orders"":3,""bid_price"":""168.65"",""ask_price"":""170.95""}]"
09:15:09.959,1790739909959201830,1457652513135737,Full Data,8,886620,170.65,20,09:15:09,,,169.85,101940,39740,57580,619000,"[{""bid_quantity"":140,""ask_quantity"":40,""bid_orders"":3,""ask_orders"":1,""bid_price"":""169.45"",""ask_price"":""170.65""},{""bid_quantity"":220,""ask_quantity"":120,""bid_orders"":3,""ask_orders"":2,""bid_price"":""169.40"",""ask_price"":""170.75""},{""bid_quantity"":80,""ask_quantity"":60,""bid_orders"":1,""ask_orders"":1,""bid_price"":""169.30"",""ask_price"":""170.80""},{""bid_quantity"":140,""ask_quantity"":120,""bid_orders"":1,""ask_orders"":2,""bid_price"":""169.25"",""ask_price"":""170.85""},{""bid_quantity"":240,""ask_quantity"":60,""bid_orders"":1,""ask_orders"":1,""bid_price"":""169.15"",""ask_price"":""170.90""}]"
09:15:10.012,1790739910012612015,1457652566545922,Full Data,8,886461,478.50,20,09:15:09,,,444.75,157760,20760,135760,738980,"[{""bid_quantity"":20,""ask_quantity"":60,""bid_orders"":1,""ask_orders"":2,""bid_price"":""478.70"",""ask_price"":""479.70""},{""bid_quantity"":160,""ask_quantity"":40,""bid_orders"":1,""ask_orders"":1,""bid_price"":""478.60"",""ask_price"":""479.90""},{""bid_quantity"":140,""ask_quantity"":40,""bid_orders"":1,""ask_orders"":1,""bid_price"":""478.55"",""ask_price"":""480.05""},{""bid_quantity"":20,""ask_quantity"":60,""bid_orders"":1,""ask_orders"":2,""bid_price"":""478.50"",""ask_price"":""480.25""},{""bid_quantity"":160,""ask_quantity"":60,""bid_orders"":1,""ask_orders"":2,""bid_price"":""478.35"",""ask_price"":""480.50""}]"
09:15:10.041,1790739910041172040,1457652595105907,Full Data,8,886528,366.15,40,09:15:10,,,335.99,119800,17000,131820,227080,"[{""bid_quantity"":120,""ask_quantity"":40,""bid_orders"":3,""ask_orders"":2,""bid_price"":""364.50"",""ask_price"":""366.35""},{""bid_quantity"":20,""ask_quantity"":20,""bid_orders"":1,""ask_orders"":1,""bid_price"":""364.45"",""ask_price"":""366.55""},{""bid_quantity"":20,""ask_quantity"":20,""bid_orders"":1,""ask_orders"":1,""bid_price"":""364.40"",""ask_price"":""366.75""},{""bid_quantity"":20,""ask_quantity"":60,""bid_orders"":1,""ask_orders"":1,""bid_price"":""364.35"",""ask_price"":""366.90""},{""bid_quantity"":40,""ask_quantity"":20,""bid_orders"":2,""ask_orders"":1,""bid_price"":""364.30"",""ask_price"":""366.95""}]"
09:15:10.120,1790739910120564034,1457652674497901,Full Data,8,887355,267.30,20,09:15:10,,,272.58,85420,30360,71440,308440,"[{""bid_quantity"":120,""ask_quantity"":240,""bid_orders"":3,""ask_orders"":2,""bid_price"":""264.75"",""ask_price"":""267.10""},{""bid_quantity"":100,""ask_quantity"":60,""bid_orders"":1,""ask_orders"":2,""bid_price"":""264.00"",""ask_price"":""267.15""},{""bid_quantity"":100,""ask_quantity"":160,""bid_orders"":1,""ask_orders"":4,""bid_price"":""263.60"",""ask_price"":""267.20""},{""bid_quantity"":40,""ask_quantity"":220,""bid_orders"":1,""ask_orders"":2,""bid_price"":""263.45"",""ask_price"":""267.25""},{""bid_quantity"":100,""ask_quantity"":20,""bid_orders"":1,""ask_orders"":1,""bid_price"":""263.40"",""ask_price"":""267.30""}]"
09:15:10.122,1790739910122901769,1457652676835636,Full Data,8,887253,768.20,40,09:15:09,,,708.88,5220,6460,30020,68380,"[{""bid_quantity"":220,""ask_quantity"":40,""bid_orders"":6,""ask_orders"":2,""bid_price"":""765.60"",""ask_price"":""778.40""},{""bid_quantity"":20,""ask_quantity"":20,""bid_orders"":1,""ask_orders"":1,""bid_price"":""765.55"",""ask_price"":""778.50""},{""bid_quantity"":40,""ask_quantity"":20,""bid_orders"":2,""ask_orders"":1,""bid_price"":""765.50"",""ask_price"":""778.75""},{""bid_quantity"":40,""ask_quantity"":20,""bid_orders"":2,""ask_orders"":1,""bid_price"":""765.45"",""ask_price"":""779.00""},{""bid_quantity"":120,""ask_quantity"":20,""bid_orders"":5,""ask_orders"":1,""bid_price"":""765.40"",""ask_price"":""784.05""}]"
09:15:10.169,1790739910169339389,1457652723273577,Full Data,8,886461,490.05,20,09:15:10,,,445.05,158980,17360,137840,738980,"[{""bid_quantity"":100,""ask_quantity"":220,""bid_orders"":1,""ask_orders"":4,""bid_price"":""484.40"",""ask_price"":""490.05""},{""bid_quantity"":80,""ask_quantity"":20,""bid_orders"":2,""ask_orders"":1,""bid_price"":""484.35"",""ask_price"":""490.25""},{""bid_quantity"":160,""ask_quantity"":200,""bid_orders"":3,""ask_orders"":1,""bid_price"":""484.30"",""ask_price"":""490.60""},{""bid_quantity"":20,""ask_quantity"":20,""bid_orders"":1,""ask_orders"":1,""bid_price"":""484.25"",""ask_price"":""491.60""},{""bid_quantity"":200,""ask_quantity"":80,""bid_orders"":4,""ask_orders"":1,""bid_price"":""484.20"",""ask_price"":""491.65""}]"
09:15:10.189,1790739910189120117,1457652743054104,Full Data,8,887279,197.85,80,09:15:10,,,202.82,202640,29140,60520,563560,"[{""bid_quantity"":280,""ask_quantity"":80,""bid_orders"":3,""ask_orders"":2,""bid_price"":""196.75"",""ask_price"":""197.85""},{""bid_quantity"":360,""ask_quantity"":40,""bid_orders"":4,""ask_orders"":2,""bid_price"":""196.70"",""ask_price"":""198.05""},{""bid_quantity"":200,""ask_quantity"":100,""bid_orders"":2,""ask_orders"":2,""bid_price"":""196.65"",""ask_price"":""198.10""},{""bid_quantity"":180,""ask_quantity"":40,""bid_orders"":2,""ask_orders"":2,""bid_price"":""196.60"",""ask_price"":""198.15""},{""bid_quantity"":160,""ask_quantity"":260,""bid_orders"":2,""ask_orders"":2,""bid_price"":""196.55"",""ask_price"":""198.20""}]"
09:15:10.191,1790739910191662974,1457652745596841,Full Data,8,886528,366.85,20,09:15:10,,,336.29,120980,18260,132020,227080,"[{""bid_quantity"":340,""ask_quantity"":80,""bid_orders"":2,""ask_orders"":2,""bid_price"":""365.30"",""ask_price"":""366.85""},{""bid_quantity"":20,""ask_quantity"":120,""bid_orders"":1,""ask_orders"":4,""bid_price"":""365.15"",""ask_price"":""366.90""},{""bid_quantity"":20,""ask_quantity"":40,""bid_orders"":1,""ask_orders"":1,""bid_price"":""365.10"",""ask_price"":""366.95""},{""bid_quantity"":80,""ask_quantity"":60,""bid_orders"":3,""ask_orders"":2,""bid_price"":""365.05"",""ask_price"":""367.05""},{""bid_quantity"":20,""ask_quantity"":100,""bid_orders"":1,""ask_orders"":2,""bid_price"":""365.00"",""ask_price"":""367.10""}]"
09:15:10.198,1790739910198298497,1457652752232524,Full Data,8,887253,768.20,40,09:15:09,,,708.88,5220,9820,31240,68380,"[{""bid_quantity"":200,""ask_quantity"":120,""bid_orders"":2,""ask_orders"":1,""bid_price"":""769.30"",""ask_price"":""777.95""},{""bid_quantity"":20,""ask_quantity"":20,""bid_orders"":1,""ask_orders"":1,""bid_price"":""769.25"",""ask_price"":""778.00""},{""bid_quantity"":180,""ask_quantity"":120,""bid_orders"":2,""ask_orders"":1,""bid_price"":""769.20"",""ask_price"":""778.05""},{""bid_quantity"":40,""ask_quantity"":20,""bid_orders"":2,""ask_orders"":1,""bid_price"":""769.15"",""ask_price"":""778.10""},{""bid_quantity"":200,""ask_quantity"":100,""bid_orders"":4,""ask_orders"":1,""bid_price"":""769.10"",""ask_price"":""778.15""}]"
09:15:10.243,1790739910243621390,1457652797555337,Full Data,8,887100,311.30,20,09:15:10,,,318.97,68200,16520,34320,254140,"[{""bid_quantity"":40,""ask_quantity"":360,""bid_orders"":2,""ask_orders"":4,""bid_price"":""310.55"",""ask_price"":""311.30""},{""bid_quantity"":120,""ask_quantity"":60,""bid_orders"":1,""ask_orders"":1,""bid_price"":""310.40"",""ask_price"":""311.40""},{""bid_quantity"":40,""ask_quantity"":80,""bid_orders"":1,""ask_orders"":1,""bid_price"":""310.35"",""ask_price"":""312.10""},{""bid_quantity"":120,""ask_quantity"":120,""bid_orders"":1,""ask_orders"":2,""bid_price"":""310.30"",""ask_price"":""312.15""},{""bid_quantity"":60,""ask_quantity"":100,""bid_orders"":1,""ask_orders"":1,""bid_price"":""310.25"",""ask_price"":""312.20""}]"
09:15:10.253,1790739910253120652,1457652807054519,Full Data,8,886540,119.70,20,09:15:10,,,117.85,77740,52620,54480,605280,"[{""bid_quantity"":140,""ask_quantity"":780,""bid_orders"":2,""ask_orders"":5,""bid_price"":""119.35"",""ask_price"":""119.70""},{""bid_quantity"":60,""ask_quantity"":100,""bid_orders"":2,""ask_orders"":5,""bid_price"":""119.30"",""ask_price"":""119.75""},{""bid_quantity"":20,""ask_quantity"":40,""bid_orders"":1,""ask_orders"":1,""bid_price"":""119.25"",""ask_price"":""119.80""},{""bid_quantity"":40,""ask_quantity"":140,""bid_orders"":2,""ask_orders"":1,""bid_price"":""119.20"",""ask_price"":""119.85""},{""bid_quantity"":20,""ask_quantity"":60,""bid_orders"":1,""ask_orders"":1,""bid_price"":""119.15"",""ask_price"":""119.90""}]"
09:15:10.294,1790739910294535160,1457652848469147,Ticker Data,0,51,72599.22,,09:15:10,,,,,,,,
09:15:10.295,1790739910295270604,1457652849204471,Full Data,8,886540,119.75,20,09:15:10,,,117.88,79000,51020,54080,605280,"[{""bid_quantity"":140,""ask_quantity"":260,""bid_orders"":2,""ask_orders"":7,""bid_price"":""119.35"",""ask_price"":""120.55""},{""bid_quantity"":40,""ask_quantity"":200,""bid_orders"":2,""ask_orders"":2,""bid_price"":""119.30"",""ask_price"":""120.60""},{""bid_quantity"":20,""ask_quantity"":20,""bid_orders"":1,""ask_orders"":1,""bid_price"":""119.25"",""ask_price"":""120.70""},{""bid_quantity"":20,""ask_quantity"":20,""bid_orders"":1,""ask_orders"":1,""bid_price"":""119.20"",""ask_price"":""120.80""},{""bid_quantity"":20,""ask_quantity"":20,""bid_orders"":1,""ask_orders"":1,""bid_price"":""119.15"",""ask_price"":""120.85""}]"
09:15:10.398,1790739910398302791,1457652952237058,Full Data,8,887135,428.45,20,09:15:10,,,391.87,108140,13520,59100,307120,"[{""bid_quantity"":320,""ask_quantity"":40,""bid_orders"":2,""ask_orders"":2,""bid_price"":""428.85"",""ask_price"":""429.70""},{""bid_quantity"":20,""ask_quantity"":40,""bid_orders"":1,""ask_orders"":1,""bid_price"":""428.80"",""ask_price"":""430.20""},{""bid_quantity"":260,""ask_quantity"":40,""bid_orders"":2,""ask_orders"":1,""bid_price"":""428.75"",""ask_price"":""430.25""},{""bid_quantity"":160,""ask_quantity"":120,""bid_orders"":2,""ask_orders"":1,""bid_price"":""428.60"",""ask_price"":""431.15""},{""bid_quantity"":520,""ask_quantity"":100,""bid_orders"":2,""ask_orders"":1,""bid_price"":""428.55"",""ask_price"":""431.20""}]"
09:15:10.442,1790739910442278396,1457652996212383,Full Data,8,886685,229.55,20,09:15:10,,,239.69,249660,37600,91280,1113180,"[{""bid_quantity"":20,""ask_quantity"":280,""bid_orders"":1,""ask_orders"":5,""bid_price"":""227.90"",""ask_price"":""229.30""},{""bid_quantity"":20,""ask_quantity"":140,""bid_orders"":1,""ask_orders"":1,""bid_price"":""227.85"",""ask_price"":""229.35""},{""bid_quantity"":380,""ask_quantity"":220,""bid_orders"":3,""ask_orders"":4,""bid_price"":""227.75"",""ask_price"":""229.45""},{""bid_quantity"":200,""ask_quantity"":40,""bid_orders"":1,""ask_orders"":1,""bid_price"":""227.70"",""ask_price"":""229.50""},{""bid_quantity"":160,""ask_quantity"":80,""bid_orders"":1,""ask_orders"":2,""bid_price"":""227.45"",""ask_price"":""229.55""}]"
09:15:10.448,1790739910448181114,1457653002115021,Full Data,8,887135,429.40,20,09:15:10,,,392.04,108620,16680,59480,307120,"[{""bid_quantity"":220,""ask_quantity"":80,""bid_orders"":2,""ask_orders"":3,""bid_price"":""429.25"",""ask_price"":""430.75""},{""bid_quantity"":140,""ask_quantity"":40,""bid_orders"":1,""ask_orders"":1,""bid_price"":""429.20"",""ask_price"":""431.50""},{""bid_quantity"":40,""ask_quantity"":100,""bid_orders"":1,""ask_orders"":1,""bid_price"":""429.00"",""ask_price"":""431.60""},{""bid_quantity"":120,""ask_quantity"":160,""bid_orders"":2,""ask_orders"":1,""bid_price"":""428.95"",""ask_price"":""431.75""},{""bid_quantity"":80,""ask_quantity"":100,""bid_orders"":1,""ask_orders"":1,""bid_price"":""428.90"",""ask_price"":""431.80""}]"
09:15:10.597,1790739910597428399,1457653151362706,Full Data,8,887216,141.75,40,09:15:10,,,143.82,109280,29540,64120,604640,"[{""bid_quantity"":300,""ask_quantity"":20,""bid_orders"":3,""ask_orders"":1,""bid_price"":""140.95"",""ask_price"":""141.90""},{""bid_quantity"":220,""ask_quantity"":240,""bid_orders"":1,""ask_orders"":1,""bid_price"":""140.90"",""ask_price"":""142.10""},{""bid_quantity"":200,""ask_quantity"":80,""bid_orders"":2,""ask_orders"":1,""bid_price"":""140.80"",""ask_price"":""142.15""},{""bid_quantity"":320,""ask_quantity"":60,""bid_orders"":2,""ask_orders"":1,""bid_price"":""140.75"",""ask_price"":""142.70""},{""bid_quantity"":260,""ask_quantity"":80,""bid_orders"":2,""ask_orders"":1,""bid_price"":""140.25"",""ask_price"":""142.75""}]"
09:15:10.648,1790739910648348529,1457653202282836,Full Data,8,887216,141.85,120,09:15:10,,,143.80,110260,30140,63540,604640,"[{""bid_quantity"":60,""ask_quantity"":20,""bid_orders"":2,""ask_orders"":1,""bid_price"":""141.00"",""ask_price"":""141.70""},{""bid_quantity"":120,""ask_quantity"":100,""bid_orders"":1,""ask_orders"":2,""bid_price"":""140.85"",""ask_price"":""141.80""},{""bid_quantity"":80,""ask_quantity"":80,""bid_orders"":1,""ask_orders"":1,""bid_price"":""140.80"",""ask_price"":""141.85""},{""bid_quantity"":300,""ask_quantity"":140,""bid_orders"":1,""ask_orders"":1,""bid_price"":""140.75"",""ask_price"":""141.90""},{""bid_quantity"":240,""ask_quantity"":220,""bid_orders"":1,""ask_orders"":3,""bid_price"":""140.25"",""ask_price"":""141.95""}]"
09:15:10.681,1790739910681431823,1457653235365890,Full Data,8,887306,626.40,20,09:15:10,,,575.79,37220,12140,37840,204460,"[{""bid_quantity"":40,""ask_quantity"":60,""bid_orders"":1,""ask_orders"":2,""bid_price"":""623.10"",""ask_price"":""626.40""},{""bid_quantity"":80,""ask_quantity"":100,""bid_orders"":1,""ask_orders"":4,""bid_price"":""623.05"",""ask_price"":""626.45""},{""bid_quantity"":80,""ask_quantity"":20,""bid_orders"":2,""ask_orders"":1,""bid_price"":""622.85"",""ask_price"":""626.75""},{""bid_quantity"":80,""ask_quantity"":160,""bid_orders"":1,""ask_orders"":3,""bid_price"":""622.75"",""ask_price"":""627.05""},{""bid_quantity"":80,""ask_quantity"":40,""bid_orders"":2,""ask_orders"":1,""bid_price"":""622.55"",""ask_price"":""627.90""}]"
09:15:10.708,1790739910708240997,1457653262174864,Full Data,8,887306,626.40,20,09:15:10,,,575.79,37220,13500,37900,204460,"[{""bid_quantity"":120,""ask_quantity"":60,""bid_orders"":2,""ask_orders"":3,""bid_price"":""623.10"",""ask_price"":""626.05""},{""bid_quantity"":40,""ask_quantity"":20,""bid_orders"":1,""ask_orders"":1,""bid_price"":""623.05"",""ask_price"":""626.30""},{""bid_quantity"":100,""ask_quantity"":40,""bid_orders"":2,""ask_orders"":1,""bid_price"":""623.00"",""ask_price"":""626.45""},{""bid_quantity"":40,""ask_quantity"":40,""bid_orders"":1,""ask_orders"":1,""bid_price"":""622.95"",""ask_price"":""626.95""},{""bid_quantity"":100,""ask_quantity"":40,""bid_orders"":2,""ask_orders"":1,""bid_price"":""622.90"",""ask_price"":""627.00""}]"
09:15:10.852,1790739910852905333,1457653406839720,Full Data,8,886659,702.55,20,09:15:10,,,661.57,16500,8560,22800,139920,"[{""bid_quantity"":60,""ask_quantity"":40,""bid_orders"":2,""ask_orders"":1,""bid_price"":""701.90"",""ask_price"":""706.60""},{""bid_quantity"":40,""ask_quantity"":40,""bid_orders"":1,""ask_orders"":1,""bid_price"":""700.95"",""ask_price"":""706.85""},{""bid_quantity"":20,""ask_quantity"":40,""bid_orders"":1,""ask_orders"":1,""bid_price"":""700.90"",""ask_price"":""706.90""},{""bid_quantity"":40,""ask_quantity"":80,""bid_orders"":1,""ask_orders"":2,""bid_price"":""700.85"",""ask_price"":""707.30""},{""bid_quantity"":20,""ask_quantity"":40,""bid_orders"":1,""ask_orders"":1,""bid_price"":""700.80"",""ask_price"":""707.35""}]"
09:15:10.860,1790739910860390501,1457653414324448,Full Data,8,887080,553.85,20,09:15:10,,,512.18,70000,14200,66080,212920,"[{""bid_quantity"":80,""ask_quantity"":100,""bid_orders"":1,""ask_orders"":1,""bid_price"":""553.05"",""ask_price"":""557.85""},{""bid_quantity"":240,""ask_quantity"":180,""bid_orders"":2,""ask_orders"":2,""bid_price"":""553.00"",""ask_price"":""557.90""},{""bid_quantity"":140,""ask_quantity"":160,""bid_orders"":1,""ask_orders"":2,""bid_price"":""552.30"",""ask_price"":""557.95""},{""bid_quantity"":60,""ask_quantity"":80,""bid_orders"":1,""ask_orders"":1,""bid_price"":""549.50"",""ask_price"":""558.00""},{""bid_quantity"":160,""ask_quantity"":260,""bid_orders"":2,""ask_orders"":3,""bid_price"":""549.45"",""ask_price"":""558.05""}]"
09:15:10.913,1790739910913501965,1457653467436272,Full Data,8,886659,696.15,20,09:15:10,,,663.16,17240,10820,24020,139920,"[{""bid_quantity"":20,""ask_quantity"":100,""bid_orders"":1,""ask_orders"":1,""bid_price"":""699.40"",""ask_price"":""703.20""},{""bid_quantity"":80,""ask_quantity"":20,""bid_orders"":1,""ask_orders"":1,""bid_price"":""698.00"",""ask_price"":""703.25""},{""bid_quantity"":40,""ask_quantity"":80,""bid_orders"":1,""ask_orders"":2,""bid_price"":""696.20"",""ask_price"":""703.40""},{""bid_quantity"":180,""ask_quantity"":40,""bid_orders"":2,""ask_orders"":1,""bid_price"":""696.15"",""ask_price"":""703.45""},{""bid_quantity"":160,""ask_quantity"":80,""bid_orders"":1,""ask_orders"":3,""bid_price"":""695.95"",""ask_price"":""703.55""}]"
09:15:10.919,1790739910919269202,1457653473203109,Full Data,8,887080,553.15,60,09:15:10,,,513.07,71480,13920,66940,212920,"[{""bid_quantity"":40,""ask_quantity"":160,""bid_orders"":1,""ask_orders"":2,""bid_price"":""553.55"",""ask_price"":""556.20""},{""bid_quantity"":20,""ask_quantity"":40,""bid_orders"":1,""ask_orders"":1,""bid_price"":""553.50"",""ask_price"":""556.25""},{""bid_quantity"":40,""ask_quantity"":160,""bid_orders"":2,""ask_orders"":2,""bid_price"":""553.45"",""ask_price"":""556.30""},{""bid_quantity"":20,""ask_quantity"":220,""bid_orders"":1,""ask_orders"":3,""bid_price"":""553.35"",""ask_price"":""556.35""},{""bid_quantity"":160,""ask_quantity"":60,""bid_orders"":2,""ask_orders"":2,""bid_price"":""553.20"",""ask_price"":""556.45""}]"
09:15:10.979,1790739910979105549,1457653533039736,Full Data,8,886620,168.20,20,09:15:10,,,169.62,112040,39000,62040,619000,"[{""bid_quantity"":260,""ask_quantity"":120,""bid_orders"":3,""ask_orders"":1,""bid_price"":""166.55"",""ask_price"":""168.30""},{""bid_quantity"":80,""ask_quantity"":140,""bid_orders"":1,""ask_orders"":1,""bid_price"":""166.50"",""ask_price"":""168.35""},{""bid_quantity"":340,""ask_quantity"":240,""bid_orders"":6,""ask_orders"":2,""bid_price"":""166.45"",""ask_price"":""168.55""},{""bid_quantity"":120,""ask_quantity"":140,""bid_orders"":1,""ask_orders"":2,""bid_price"":""166.35"",""ask_price"":""168.60""},{""bid_quantity"":180,""ask_quantity"":280,""bid_orders"":2,""ask_orders"":2,""bid_price"":""166.30"",""ask_price"":""168.80""}]"
09:15:11.022,1790739911022403829,1457653576338016,Full Data,8,886620,167.05,20,09:15:10,,,169.61,112340,38040,59200,619000,"[{""bid_quantity"":20,""ask_quantity"":80,""bid_orders"":1,""ask_orders"":1,""bid_price"":""166.90"",""ask_price"":""167.95""},{""bid_quantity"":120,""ask_quantity"":180,""bid_orders"":1,""ask_orders"":2,""bid_price"":""166.85"",""ask_price"":""168.00""},{""bid_quantity"":160,""ask_quantity"":180,""bid_orders"":2,""ask_orders"":2,""bid_price"":""166.60"",""ask_price"":""168.05""},{""bid_quantity"":40,""ask_quantity"":180,""bid_orders"":2,""ask_orders"":2,""bid_price"":""166.50"",""ask_price"":""168.10""},{""bid_quantity"":80,""ask_quantity"":40,""bid_orders"":1,""ask_orders"":1,""bid_price"":""166.10"",""ask_price"":""168.25""}]"
09:15:11.094,1790739911094286534,1457653648220961,Full Data,8,887355,271.35,40,09:15:11,,,272.14,93460,28160,75640,308440,"[{""bid_quantity"":20,""ask_quantity"":60,""bid_orders"":1,""ask_orders"":3,""bid_price"":""269.80"",""ask_price"":""270.40""},{""bid_quantity"":140,""ask_quantity"":20,""bid_orders"":2,""ask_orders"":1,""bid_price"":""269.65"",""ask_price"":""271.35""},{""bid_quantity"":20,""ask_quantity"":120,""bid_orders"":1,""ask_orders"":1,""bid_price"":""269.60"",""ask_price"":""272.00""},{""bid_quantity"":240,""ask_quantity"":100,""bid_orders"":2,""ask_orders"":2,""bid_price"":""269.55"",""ask_price"":""272.80""},{""bid_quantity"":120,""ask_quantity"":260,""bid_orders"":2,""ask_orders"":1,""bid_price"":""269.50"",""ask_price"":""273.00""}]"
09:15:11.125,1790739911125392176,1457653679326203,Full Data,8,886461,484.20,20,09:15:11,,,449.16,176220,22620,138100,738980,"[{""bid_quantity"":160,""ask_quantity"":20,""bid_orders"":1,""ask_orders"":1,""bid_price"":""482.35"",""ask_price"":""484.40""},{""bid_quantity"":20,""ask_quantity"":120,""bid_orders"":1,""ask_orders"":1,""bid_price"":""482.05"",""ask_price"":""484.55""},{""bid_quantity"":20,""ask_quantity"":20,""bid_orders"":1,""ask_orders"":1,""bid_price"":""481.95"",""ask_price"":""484.60""},{""bid_quantity"":160,""ask_quantity"":20,""bid_orders"":1,""ask_orders"":1,""bid_price"":""481.90"",""ask_price"":""484.75""},{""bid_quantity"":100,""ask_quantity"":140,""bid_orders"":1,""ask_orders"":1,""bid_price"":""481.85"",""ask_price"":""484.90""}]"
09:15:11.175,1790739911175647061,1457653729580928,Full Data,8,887279,200.55,20,09:15:11,,,202.46,216300,30280,60640,563560,"[{""bid_quantity"":260,""ask_quantity"":80,""bid_orders"":3,""ask_orders"":3,""bid_price"":""199.85"",""ask_price"":""200.75""},{""bid_quantity"":300,""ask_quantity"":20,""bid_orders"":5,""ask_orders"":1,""bid_price"":""199.75"",""ask_price"":""200.85""},{""bid_quantity"":100,""ask_quantity"":40,""bid_orders"":1,""ask_orders"":1,""bid_price"":""199.70"",""ask_price"":""201.15""},{""bid_quantity"":140,""ask_quantity"":40,""bid_orders"":2,""ask_orders"":2,""bid_price"":""199.60"",""ask_price"":""201.25""},{""bid_quantity"":300,""ask_quantity"":240,""bid_orders"":3,""ask_orders"":1,""bid_price"":""199.50"",""ask_price"":""201.40""}]"
09:15:11.179,1790739911179542206,1457653733476073,Full Data,8,886461,482.10,40,09:15:11,,,449.26,176740,20380,138020,738980,"[{""bid_quantity"":20,""ask_quantity"":80,""bid_orders"":1,""ask_orders"":1,""bid_price"":""480.75"",""ask_price"":""482.20""},{""bid_quantity"":160,""ask_quantity"":60,""bid_orders"":1,""ask_orders"":1,""bid_price"":""480.45"",""ask_price"":""482.35""},{""bid_quantity"":120,""ask_quantity"":140,""bid_orders"":1,""ask_orders"":1,""bid_price"":""480.30"",""ask_price"":""482.45""},{""bid_quantity"":140,""ask_quantity"":40,""bid_orders"":1,""ask_orders"":1,""bid_price"":""480.25"",""ask_price"":""482.55""},{""bid_quantity"":160,""ask_quantity"":60,""bid_orders"":1,""ask_orders"":2,""bid_price"":""480.05"",""ask_price"":""483.00""}]"
09:15:11.180,1790739911180637533,1457653734571400,Full Data,8,886528,363.20,20,09:15:11,,,339.77,135840,18780,132000,227080,"[{""bid_quantity"":80,""ask_quantity"":20,""bid_orders"":1,""ask_orders"":1,""bid_price"":""360.50"",""ask_price"":""362.10""},{""bid_quantity"":20,""ask_quantity"":40,""bid_orders"":1,""ask_orders"":1,""bid_price"":""360.00"",""ask_price"":""362.25""},{""bid_quantity"":100,""ask_quantity"":60,""bid_orders"":1,""ask_orders"":1,""bid_price"":""359.45"",""ask_price"":""362.30""},{""bid_quantity"":200,""ask_quantity"":40,""bid_orders"":1,""ask_orders"":1,""bid_price"":""359.40"",""ask_price"":""362.35""},{""bid_quantity"":200,""ask_quantity"":980,""bid_orders"":2,""ask_orders"":1,""bid_price"":""357.70"",""ask_price"":""362.40""}]"
09:15:11.192,1790739911192758412,1457653746692359,Full Data,8,887253,777.45,80,09:15:10,,,723.58,6720,12540,28940,68380,"[{""bid_quantity"":100,""ask_quantity"":400,""bid_orders"":1,""ask_orders"":4,""bid_price"":""764.00"",""ask_price"":""769.95""},{""bid_quantity"":100,""ask_quantity"":60,""bid_orders"":1,""ask_orders"":2,""bid_price"":""763.50"",""ask_price"":""770.00""},{""bid_quantity"":20,""ask_quantity"":100,""bid_orders"":1,""ask_orders"":1,""bid_price"":""762.55"",""ask_price"":""770.05""},{""bid_quantity"":20,""ask_quantity"":120,""bid_orders"":1,""ask_orders"":2,""bid_price"":""762.50"",""ask_price"":""770.10""},{""bid_quantity"":20,""ask_quantity"":120,""bid_orders"":1,""ask_orders"":1,""bid_price"":""762.05"",""ask_price"":""770.15""}]"
09:15:11.234,1790739911234096799,1457653788031466,Full Data,8,887253,761.95,20,09:15:11,,,723.69,6740,11340,31800,68380,"[{""bid_quantity"":120,""ask_quantity"":200,""bid_orders"":1,""ask_orders"":2,""bid_price"":""757.75"",""ask_price"":""764.30""},{""bid_quantity"":120,""ask_quantity"":60,""bid_orders"":1,""ask_orders"":1,""bid_price"":""757.65"",""ask_price"":""764.35""},{""bid_quantity"":120,""ask_quantity"":200,""bid_orders"":1,""ask_orders"":2,""bid_price"":""757.55"",""ask_price"":""764.40""},{""bid_quantity"":120,""ask_quantity"":40,""bid_orders"":1,""ask_orders"":1,""bid_price"":""757.45"",""ask_price"":""764.45""},{""bid_quantity"":100,""ask_quantity"":140,""bid_orders"":1,""ask_orders"":2,""bid_price"":""757.25"",""ask_price"":""764.50""}]"
09:15:11.253,1790739911253440004,1457653807374311,Full Data,8,887100,319.15,160,09:15:11,,,318.25,75140,19080,36180,254140,"[{""bid_quantity"":120,""ask_quantity"":80,""bid_orders"":1,""ask_orders"":1,""bid_price"":""319.70"",""ask_price"":""321.20""},{""bid_quantity"":60,""ask_quantity"":60,""bid_orders"":1,""ask_orders"":1,""bid_price"":""319.65"",""ask_price"":""321.25""},{""bid_quantity"":40,""ask_quantity"":80,""bid_orders"":1,""ask_orders"":1,""bid_price"":""319.20"",""ask_price"":""321.30""},{""bid_quantity"":220,""ask_quantity"":20,""bid_orders"":3,""ask_orders"":1,""bid_price"":""319.15"",""ask_price"":""321.35""},{""bid_quantity"":60,""ask_quantity"":140,""bid_orders"":2,""ask_orders"":2,""bid_price"":""319.10"",""ask_price"":""321.45""}]"
09:15:11.262,1790739911262553303,1457653816487210,Full Data,8,886540,124.00,20,09:15:11,,,117.97,84220,51520,56420,605280,"[{""bid_quantity"":60,""ask_quantity"":380,""bid_orders"":2,""ask_orders"":5,""bid_price"":""122.45"",""ask_price"":""123.10""},{""bid_quantity"":80,""ask_quantity"":40,""bid_orders"":2,""ask_orders"":1,""bid_price"":""122.40"",""ask_price"":""123.95""},{""bid_quantity"":80,""ask_quantity"":40,""bid_orders"":1,""ask_orders"":1,""bid_price"":""121.90"",""ask_price"":""124.20""},{""bid_quantity"":120,""ask_quantity"":20,""bid_orders"":3,""ask_orders"":1,""bid_price"":""121.80"",""ask_price"":""124.25""},{""bid_quantity"":40,""ask_quantity"":160,""bid_orders"":1,""ask_orders"":1,""bid_price"":""121.65"",""ask_price"":""124.55""}]"
09:15:11.289,1790739911289881200,1457653843815187,Ticker Data,0,51,72609.41,,09:15:11,,,,,,,,
09:15:11.299,1790739911299441862,1457653853375889,Full Data,8,887100,319.90,20,09:15:11,,,318.25,75160,18880,37600,254140,"[{""bid_quantity"":440,""ask_quantity"":20,""bid_orders"":2,""ask_orders"":1,""bid_price"":""320.15"",""ask_price"":""321.10""},{""bid_quantity"":680,""ask_quantity"":60,""bid_orders"":3,""ask_orders"":2,""bid_price"":""320.10"",""ask_price"":""321.50""},{""bid_quantity"":120,""ask_quantity"":20,""bid_orders"":1,""ask_orders"":1,""bid_price"":""320.00"",""ask_price"":""321.70""},{""bid_quantity"":80,""ask_quantity"":120,""bid_orders"":1,""ask_orders"":2,""bid_price"":""319.95"",""ask_price"":""321.80""},{""bid_quantity"":120,""ask_quantity"":40,""bid_orders"":2,""ask_orders"":1,""bid_price"":""319.85"",""ask_price"":""321.85""}]"
09:15:11.424,1790739911424694872,1457653978629339,Full Data,8,886685,237.85,60,09:15:11,,,239.24,268880,36300,94400,1113180,"[{""bid_quantity"":160,""ask_quantity"":420,""bid_orders"":1,""ask_orders"":3,""bid_price"":""237.60"",""ask_price"":""239.55""},{""bid_quantity"":120,""ask_quantity"":160,""bid_orders"":1,""ask_orders"":1,""bid_price"":""237.55"",""ask_price"":""239.60""},{""bid_quantity"":220,""ask_quantity"":120,""bid_orders"":2,""ask_orders"":1,""bid_price"":""237.50"",""ask_price"":""239.65""},{""bid_quantity"":260,""ask_quantity"":160,""bid_orders"":4,""ask_orders"":1,""bid_price"":""237.45"",""ask_price"":""239.70""},{""bid_quantity"":220,""ask_quantity"":100,""bid_orders"":2,""ask_orders"":1,""bid_price"":""237.35"",""ask_price"":""239.75""}]"
09:15:11.463,1790739911463647604,1457654017582351,Full Data,8,887135,415.70,20,09:15:11,,,395.39,121940,14700,56720,307120,"[{""bid_quantity"":40,""ask_quantity"":100,""bid_orders"":1,""ask_orders"":3,""bid_price"":""413.45"",""ask_price"":""415.35""},{""bid_quantity"":20,""ask_quantity"":120,""bid_orders"":1,""ask_orders"":1,""bid_price"":""413.20"",""ask_price"":""415.55""},{""bid_quantity"":140,""ask_quantity"":180,""bid_orders"":1,""ask_orders"":2,""bid_price"":""412.85"",""ask_price"":""415.60""},{""bid_quantity"":80,""ask_quantity"":20,""bid_orders"":1,""ask_orders"":1,""bid_price"":""412.65"",""ask_price"":""415.95""},{""bid_quantity"":160,""ask_quantity"":100,""bid_orders"":2,""ask_orders"":1,""bid_price"":""412.50"",""ask_price"":""416.00""}]"
09:15:11.511,1790739911511882356,1457654065816383,Full Data,8,887135,415.10,20,09:15:11,,,395.50,122680,16460,59360,307120,"[{""bid_quantity"":300,""ask_quantity"":220,""bid_orders"":7,""ask_orders"":10,""bid_price"":""413.30"",""ask_price"":""415.10""},{""bid_quantity"":60,""ask_quantity"":100,""bid_orders"":2,""ask_orders"":3,""bid_price"":""413.25"",""ask_price"":""415.15""},{""bid_quantity"":180,""ask_quantity"":80,""bid_orders"":2,""ask_orders"":2,""bid_price"":""413.20"",""ask_price"":""415.50""},{""bid_quantity"":200,""ask_quantity"":120,""bid_orders"":3,""ask_orders"":2,""bid_price"":""413.15"",""ask_price"":""415.75""},{""bid_quantity"":100,""ask_quantity"":140,""bid_orders"":2,""ask_orders"":2,""bid_price"":""413.10"",""ask_price"":""415.80""}]"
09:15:11.649,1790739911649064564,1457654202998831,Full Data,8,887216,149.40,40,09:15:11,,,143.88,117800,29840,66340,604640,"[{""bid_quantity"":260,""ask_quantity"":120,""bid_orders"":2,""ask_orders"":1,""bid_price"":""148.75"",""ask_price"":""149.50""},{""bid_quantity"":420,""ask_quantity"":80,""bid_orders"":3,""ask_orders"":1,""bid_price"":""148.70"",""ask_price"":""149.55""},{""bid_quantity"":20,""ask_quantity"":120,""bid_orders"":1,""ask_orders"":1,""bid_price"":""148.65"",""ask_price"":""149.60""},{""bid_quantity"":20,""ask_quantity"":80,""bid_orders"":1,""ask_orders"":1,""bid_price"":""148.55"",""ask_price"":""149.65""},{""bid_quantity"":220,""ask_quantity"":120,""bid_orders"":3,""ask_orders"":1,""bid_price"":""148.45"",""ask_price"":""149.70""}]"
09:15:11.694,1790739911694745580,1457654248679727,Full Data,8,887216,148.75,40,09:15:11,,,143.92,118600,28360,66200,604640,"[{""bid_quantity"":40,""ask_quantity"":80,""bid_orders"":2,""ask_orders"":1,""bid_price"":""148.15"",""ask_price"":""148.50""},{""bid_quantity"":40,""ask_quantity"":80,""bid_orders"":2,""ask_orders"":1,""bid_price"":""147.95"",""ask_price"":""148.60""},{""bid_quantity"":40,""ask_quantity"":100,""bid_orders"":2,""ask_orders"":1,""bid_price"":""147.85"",""ask_price"":""148.65""},{""bid_quantity"":40,""ask_quantity"":40,""bid_orders"":2,""ask_orders"":1,""bid_price"":""147.75"",""ask_price"":""148.75""},{""bid_quantity"":20,""ask_quantity"":140,""bid_orders"":1,""ask_orders"":1,""bid_price"":""147.65"",""ask_price"":""148.95""}]"
09:15:11.726,1790739911726051062,1457654279985009,Full Data,8,887306,607.60,20,09:15:11,,,579.42,40540,12260,36360,204460,"[{""bid_quantity"":60,""ask_quantity"":160,""bid_orders"":2,""ask_orders"":3,""bid_price"":""603.85"",""ask_price"":""607.40""},{""bid_quantity"":120,""ask_quantity"":360,""bid_orders"":2,""ask_orders"":2,""bid_price"":""603.80"",""ask_price"":""607.55""},{""bid_quantity"":60,""ask_quantity"":200,""bid_orders"":2,""ask_orders"":3,""bid_price"":""603.75"",""ask_price"":""607.60""},{""bid_quantity"":80,""ask_quantity"":20,""bid_orders"":2,""ask_orders"":1,""bid_price"":""603.70"",""ask_price"":""607.65""},{""bid_quantity"":40,""ask_quantity"":80,""bid_orders"":1,""ask_orders"":1,""bid_price"":""603.65"",""ask_price"":""607.75""}]"
09:15:11.761,1790739911761086289,1457654315020316,Full Data,8,887306,603.95,20,09:15:11,,,579.45,40580,12620,36960,204460,"[{""bid_quantity"":40,""ask_quantity"":140,""bid_orders"":1,""ask_orders"":3,""bid_price"":""604.35"",""ask_price"":""607.35""},{""bid_quantity"":100,""ask_quantity"":160,""bid_orders"":1,""ask_orders"":3,""bid_price"":""604.30"",""ask_price"":""607.40""},{""bid_quantity"":40,""ask_quantity"":160,""bid_orders"":1,""ask_orders"":2,""bid_price"":""604.25"",""ask_price"":""607.50""},{""bid_quantity"":120,""ask_quantity"":360,""bid_orders"":2,""ask_orders"":2,""bid_price"":""604.20"",""ask_price"":""607.55""},{""bid_quantity"":20,""ask_quantity"":220,""bid_orders"":1,""ask_orders"":4,""bid_price"":""604.15"",""ask_price"":""607.60""}]"
09:15:11.953,1790739911953820656,1457654507755043,Full Data,8,886659,677.15,20,09:15:11,,,663.86,17780,8720,24980,139920,"[{""bid_quantity"":40,""ask_quantity"":160,""bid_orders"":1,""ask_orders"":5,""bid_price"":""684.60"",""ask_price"":""688.70""},{""bid_quantity"":120,""ask_quantity"":20,""bid_orders"":2,""ask_orders"":1,""bid_price"":""684.55"",""ask_price"":""688.75""},{""bid_quantity"":40,""ask_quantity"":80,""bid_orders"":1,""ask_orders"":2,""bid_price"":""684.50"",""ask_price"":""688.80""},{""bid_quantity"":140,""ask_quantity"":160,""bid_orders"":2,""ask_orders"":2,""bid_price"":""684.45"",""ask_price"":""689.05""},{""bid_quantity"":120,""ask_quantity"":20,""bid_orders"":1,""ask_orders"":1,""bid_price"":""684.35"",""ask_price"":""689.10""}]"
09:15:12.014,1790739912014519169,1457654568453356,Full Data,8,886620,173.80,60,09:15:11,,,169.81,122100,38400,61440,619000,"[{""bid_quantity"":20,""ask_quantity"":40,""bid_orders"":1,""ask_orders"":1,""bid_price"":""173.55"",""ask_price"":""174.30""},{""bid_quantity"":80,""ask_quantity"":40,""bid_orders"":1,""ask_orders"":1,""bid_price"":""173.45"",""ask_price"":""174.35""},{""bid_quantity"":180,""ask_quantity"":480,""bid_orders"":3,""ask_orders"":1,""bid_price"":""173.40"",""ask_price"":""174.75""},{""bid_quantity"":280,""ask_quantity"":400,""bid_orders"":3,""ask_orders"":2,""bid_price"":""173.35"",""ask_price"":""174.80""},{""bid_quantity"":20,""ask_quantity"":180,""bid_orders"":1,""ask_orders"":2,""bid_price"":""173.30"",""ask_price"":""174.85""}]"
09:15:12.055,1790739912055052151,1457654608986858,Full Data,8,886659,679.75,40,09:15:11,,,664.02,17940,9840,23460,139920,"[{""bid_quantity"":80,""ask_quantity"":120,""bid_orders"":2,""ask_orders"":1,""bid_price"":""682.20"",""ask_price"":""685.60""},{""bid_quantity"":20,""ask_quantity"":20,""bid_orders"":1,""ask_orders"":1,""bid_price"":""682.15"",""ask_price"":""685.65""},{""bid_quantity"":60,""ask_quantity"":40,""bid_orders"":1,""ask_orders"":1,""bid_price"":""682.10"",""ask_price"":""685.70""},{""bid_quantity"":40,""ask_quantity"":100,""bid_orders"":1,""ask_orders"":1,""bid_price"":""682.05"",""ask_price"":""685.75""},{""bid_quantity"":40,""ask_quantity"":120,""bid_orders"":1,""ask_orders"":1,""bid_price"":""682.00"",""ask_price"":""685.85""}]"
09:15:12.055,1790739912055234472,1457654609168099,Full Data,8,887080,542.10,40,09:15:11,,,515.41,77560,12260,68240,212920,"[{""bid_quantity"":160,""ask_quantity"":40,""bid_orders"":1,""ask_orders"":1,""bid_price"":""540.45"",""ask_price"":""542.30""},{""bid_quantity"":100,""ask_quantity"":40,""bid_orders"":1,""ask_orders"":1,""bid_price"":""540.25"",""ask_price"":""542.40""},{""bid_quantity"":120,""ask_quantity"":80,""bid_orders"":1,""ask_orders"":2,""bid_price"":""540.15"",""ask_price"":""542.50""},{""bid_quantity"":40,""ask_quantity"":100,""bid_orders"":1,""ask_orders"":2,""bid_price"":""540.10"",""ask_price"":""542.65""},{""bid_quantity"":20,""ask_quantity"":80,""bid_orders"":1,""ask_orders"":2,""bid_price"":""539.95"",""ask_price"":""542.70""}]"
09:15:12.058,1790739912058276132,1457654612210079,Full Data,8,886620,174.75,20,09:15:11,,,169.81,122180,38140,61040,619000,"[{""bid_quantity"":40,""ask_quantity"":140,""bid_orders"":1,""ask_orders"":1,""bid_price"":""174.20"",""ask_price"":""174.60""},{""bid_quantity"":40,""ask_quantity"":220,""bid_orders"":1,""ask_orders"":3,""bid_price"":""174.15"",""ask_price"":""175.15""},{""bid_quantity"":40,""ask_quantity"":120,""bid_orders"":1,""ask_orders"":2,""bid_price"":""174.10"",""ask_price"":""175.20""},{""bid_quantity"":40,""ask_quantity"":200,""bid_orders"":1,""ask_orders"":1,""bid_price"":""174.05"",""ask_price"":""175.45""},{""bid_quantity"":80,""ask_quantity"":100,""bid_orders"":1,""ask_orders"":1,""bid_price"":""173.25"",""ask_price"":""175.60""}]"
09:15:12.097,1790739912097027143,1457654650960970,Full Data,8,887355,277.90,20,09:15:12,,,273.01,112160,28080,78660,308440,"[{""bid_quantity"":60,""ask_quantity"":260,""bid_orders"":1,""ask_orders"":11,""bid_price"":""277.35"",""ask_price"":""277.90""},{""bid_quantity"":60,""ask_quantity"":20,""bid_orders"":2,""ask_orders"":1,""bid_price"":""277.30"",""ask_price"":""277.95""},{""bid_quantity"":220,""ask_quantity"":60,""bid_orders"":2,""ask_orders"":1,""bid_price"":""277.25"",""ask_price"":""278.30""},{""bid_quantity"":80,""ask_quantity"":40,""bid_orders"":1,""ask_orders"":1,""bid_price"":""277.20"",""ask_price"":""278.35""},{""bid_quantity"":80,""ask_quantity"":20,""bid_orders"":1,""ask_orders"":1,""bid_price"":""277.15"",""ask_price"":""278.65""}]"
09:15:12.153,1790739912153997871,1457654707931858,Full Data,8,886461,472.55,20,09:15:12,,,451.32,191740,23100,138200,738980,"[{""bid_quantity"":20,""ask_quantity"":40,""bid_orders"":1,""ask_orders"":1,""bid_price"":""472.40"",""ask_price"":""473.65""},{""bid_quantity"":20,""ask_quantity"":60,""bid_orders"":1,""ask_orders"":2,""bid_price"":""472.25"",""ask_price"":""473.70""},{""bid_quantity"":40,""ask_quantity"":100,""bid_orders"":2,""ask_orders"":2,""bid_price"":""472.20"",""ask_price"":""473.75""},{""bid_quantity"":20,""ask_quantity"":200,""bid_orders"":1,""ask_orders"":2,""bid_price"":""472.10"",""ask_price"":""473.80""},{""bid_quantity"":100,""ask_quantity"":60,""bid_orders"":3,""ask_orders"":2,""bid_price"":""472.05"",""ask_price"":""473.85""}]"
09:15:12.194,1790739912194789095,1457654748723642,Full Data,8,887279,205.25,20,09:15:12,,,202.56,236760,32040,64740,563560,"[{""bid_quantity"":40,""ask_quantity"":100,""bid_orders"":1,""ask_orders"":5,""bid_price"":""204.75"",""ask_price"":""205.25""},{""bid_quantity"":200,""ask_quantity"":160,""bid_orders"":2,""ask_orders"":4,""bid_price"":""204.65"",""ask_price"":""205.40""},{""bid_quantity"":220,""ask_quantity"":40,""bid_orders"":3,""ask_orders"":2,""bid_price"":""204.60"",""ask_price"":""205.50""},{""bid_quantity"":60,""ask_quantity"":40,""bid_orders"":2,""ask_orders"":2,""bid_price"":""204.45"",""ask_price"":""205.55""},{""bid_quantity"":80,""ask_quantity"":40,""bid_orders"":1,""ask_orders"":1,""bid_price"":""204.40"",""ask_price"":""205.60""}]"
09:15:12.198,1790739912198674920,1457654752608987,Full Data,8,886461,470.20,20,09:15:12,,,451.45,192960,22800,136520,738980,"[{""bid_quantity"":60,""ask_quantity"":180,""bid_orders"":1,""ask_orders"":3,""bid_price"":""470.35"",""ask_price"":""471.90""},{""bid_quantity"":20,""ask_quantity"":40,""bid_orders"":1,""ask_orders"":2,""bid_price"":""470.30"",""ask_price"":""471.95""},{""bid_quantity"":20,""ask_quantity"":60,""bid_orders"":1,""ask_orders"":2,""bid_price"":""470.20"",""ask_price"":""472.10""},{""bid_quantity"":20,""ask_quantity"":20,""bid_orders"":1,""ask_orders"":1,""bid_price"":""470.15"",""ask_price"":""472.25""},{""bid_quantity"":20,""ask_quantity"":120,""bid_orders"":1,""ask_orders"":4,""bid_price"":""470.00"",""ask_price"":""472.40""}]"
09:15:12.237,1790739912237923414,1457654791857441,Full Data,8,886528,354.75,20,09:15:12,,,341.31,149360,22100,134280,227080,"[{""bid_quantity"":20,""ask_quantity"":60,""bid_orders"":1,""ask_orders"":2,""bid_price"":""353.65"",""ask_price"":""354.55""},{""bid_quantity"":20,""ask_quantity"":20,""bid_orders"":1,""ask_orders"":1,""bid_price"":""353.25"",""ask_price"":""354.60""},{""bid_quantity"":60,""ask_quantity"":40,""bid_orders"":2,""ask_orders"":1,""bid_price"":""352.90"",""ask_price"":""354.70""},{""bid_quantity"":180,""ask_quantity"":60,""bid_orders"":3,""ask_orders"":2,""bid_price"":""352.80"",""ask_price"":""354.75""},{""bid_quantity"":200,""ask_quantity"":140,""bid_orders"":3,""ask_orders"":5,""bid_price"":""352.55"",""ask_price"":""354.80""}]"
09:15:12.256,1790739912256646175,1457654810580362,Full Data,8,887253,759.10,20,09:15:12,,,723.80,6760,10140,31860,68380,"[{""bid_quantity"":240,""ask_quantity"":80,""bid_orders"":1,""ask_orders"":1,""bid_price"":""752.85"",""ask_price"":""755.60""},{""bid_quantity"":80,""ask_quantity"":120,""bid_orders"":1,""ask_orders"":1,""bid_price"":""751.50"",""ask_price"":""755.65""},{""bid_quantity"":20,""ask_quantity"":80,""bid_orders"":1,""ask_orders"":1,""bid_price"":""751.45"",""ask_price"":""755.70""},{""bid_quantity"":160,""ask_quantity"":120,""bid_orders"":2,""ask_orders"":1,""bid_price"":""751.40"",""ask_price"":""755.75""},{""bid_quantity"":100,""ask_quantity"":120,""bid_orders"":1,""ask_orders"":1,""bid_price"":""748.95"",""ask_price"":""755.85""}]"
09:15:12.269,1790739912269978622,1457654823912529,Ticker Data,0,51,72609.58,,09:15:12,,,,,,,,
09:15:12.296,1790739912296891956,1457654850825903,Full Data,8,887100,325.65,40,09:15:12,,,318.57,83340,17760,37880,254140,"[{""bid_quantity"":120,""ask_quantity"":120,""bid_orders"":2,""ask_orders"":3,""bid_price"":""326.35"",""ask_price"":""328.50""},{""bid_quantity"":540,""ask_quantity"":20,""bid_orders"":3,""ask_orders"":1,""bid_price"":""326.30"",""ask_price"":""328.55""},{""bid_quantity"":600,""ask_quantity"":160,""bid_orders"":3,""ask_orders"":1,""bid_price"":""326.25"",""ask_price"":""328.65""},{""bid_quantity"":60,""ask_quantity"":280,""bid_orders"":1,""ask_orders"":3,""bid_price"":""326.15"",""ask_price"":""328.70""},{""bid_quantity"":60,""ask_quantity"":180,""bid_orders"":1,""ask_orders"":2,""bid_price"":""325.65"",""ask_price"":""328.75""}]"
09:15:12.319,1790739912319618303,1457654873552490,Full Data,8,886540,126.40,60,09:15:12,,,118.58,93620,51280,59240,605280,"[{""bid_quantity"":120,""ask_quantity"":40,""bid_orders"":1,""ask_orders"":1,""bid_price"":""125.00"",""ask_price"":""125.95""},{""bid_quantity"":40,""ask_quantity"":100,""bid_orders"":1,""ask_orders"":2,""bid_price"":""124.95"",""ask_price"":""126.40""},{""bid_quantity"":160,""ask_quantity"":100,""bid_orders"":2,""ask_orders"":1,""bid_price"":""124.90"",""ask_price"":""126.50""},{""bid_quantity"":80,""ask_quantity"":80,""bid_orders"":1,""ask_orders"":1,""bid_price"":""124.85"",""ask_price"":""126.55""},{""bid_quantity"":140,""ask_quantity"":100,""bid_orders"":2,""ask_orders"":1,""bid_price"":""124.80"",""ask_price"":""126.60""}]"
09:15:12.320,1790739912320617029,1457654874550896,Full Data,8,886528,351.15,20,09:15:12,,,341.36,150000,20580,132780,227080,"[{""bid_quantity"":400,""ask_quantity"":280,""bid_orders"":6,""ask_orders"":4,""bid_price"":""350.00"",""ask_price"":""352.55""},{""bid_quantity"":120,""ask_quantity"":160,""bid_orders"":1,""ask_orders"":1,""bid_price"":""349.30"",""ask_price"":""352.60""},{""bid_quantity"":240,""ask_quantity"":220,""bid_orders"":1,""ask_orders"":4,""bid_price"":""349.00"",""ask_price"":""352.65""},{""bid_quantity"":140,""ask_quantity"":60,""bid_orders"":1,""ask_orders"":2,""bid_price"":""348.70"",""ask_price"":""352.70""},{""bid_quantity"":160,""ask_quantity"":40,""bid_orders"":1,""ask_orders"":1,""bid_price"":""348.20"",""ask_price"":""352.80""}]"
09:15:12.331,1790739912331407419,1457654885341406,Full Data,8,887253,759.10,20,09:15:12,,,723.80,6760,9360,30480,68380,"[{""bid_quantity"":80,""ask_quantity"":80,""bid_orders"":1,""ask_orders"":1,""bid_price"":""747.20"",""ask_price"":""751.60""},{""bid_quantity"":100,""ask_quantity"":100,""bid_orders"":1,""ask_orders"":1,""bid_price"":""747.15"",""ask_price"":""751.65""},{""bid_quantity"":100,""ask_quantity"":80,""bid_orders"":1,""ask_orders"":1,""bid_price"":""747.05"",""ask_price"":""751.70""},{""bid_quantity"":100,""ask_quantity"":100,""bid_orders"":1,""ask_orders"":1,""bid_price"":""746.95"",""ask_price"":""751.75""},{""bid_quantity"":100,""ask_quantity"":160,""bid_orders"":1,""ask_orders"":2,""bid_price"":""746.85"",""ask_price"":""751.85""}]"
09:15:12.355,1790739912355362694,1457654909296601,Full Data,8,887100,326.50,20,09:15:12,,,318.60,83600,20520,38180,254140,"[{""bid_quantity"":20,""ask_quantity"":20,""bid_orders"":1,""ask_orders"":1,""bid_price"":""326.35"",""ask_price"":""327.25""},{""bid_quantity"":60,""ask_quantity"":20,""bid_orders"":2,""ask_orders"":1,""bid_price"":""326.30"",""ask_price"":""327.30""},{""bid_quantity"":80,""ask_quantity"":20,""bid_orders"":2,""ask_orders"":1,""bid_price"":""326.20"",""ask_price"":""327.35""},{""bid_quantity"":140,""ask_quantity"":20,""bid_orders"":1,""ask_orders"":1,""bid_price"":""326.10"",""ask_price"":""327.40""},{""bid_quantity"":40,""ask_quantity"":20,""bid_orders"":1,""ask_orders"":1,""bid_price"":""325.70"",""ask_price"":""327.45""}]"
09:15:12.448,1790739912448279655,1457655002213682,Full Data,8,886685,245.55,60,09:15:12,,,239.41,292020,43340,102580,1113180,"[{""bid_quantity"":180,""ask_quantity"":300,""bid_orders"":2,""ask_orders"":5,""bid_price"":""244.20"",""ask_price"":""245.30""},{""bid_quantity"":160,""ask_quantity"":160,""bid_orders"":1,""ask_orders"":3,""bid_price"":""243.80"",""ask_price"":""245.35""},{""bid_quantity"":40,""ask_quantity"":60,""bid_orders"":1,""ask_orders"":1,""bid_price"":""243.75"",""ask_price"":""245.45""},{""bid_quantity"":160,""ask_quantity"":40,""bid_orders"":1,""ask_orders"":1,""bid_price"":""243.05"",""ask_price"":""245.55""},{""bid_quantity"":180,""ask_quantity"":120,""bid_orders"":2,""ask_orders"":2,""bid_price"":""243.00"",""ask_price"":""245.65""}]"
09:15:12.518,1790739912518865912,1457655072800219,Full Data,8,887135,402.55,20,09:15:12,,,397.57,142760,16660,62480,307120,"[{""bid_quantity"":20,""ask_quantity"":40,""bid_orders"":1,""ask_orders"":1,""bid_price"":""402.55"",""ask_price"":""404.10""},{""bid_quantity"":180,""ask_quantity"":80,""bid_orders"":3,""ask_orders"":3,""bid_price"":""402.50"",""ask_price"":""404.15""},{""bid_quantity"":60,""ask_quantity"":60,""bid_orders"":2,""ask_orders"":2,""bid_price"":""402.45"",""ask_price"":""404.20""},{""bid_quantity"":40,""ask_quantity"":60,""bid_orders"":2,""ask_orders"":2,""bid_price"":""402.40"",""ask_price"":""404.25""},{""bid_quantity"":20,""ask_quantity"":100,""bid_orders"":1,""ask_orders"":3,""bid_price"":""402.25"",""ask_price"":""404.35""}]"
09:15:12.597,1790739912597334300,1457655151268407,Full Data,8,887135,404.80,20,09:15:12,,,397.62,144160,12980,60640,307120,"[{""bid_quantity"":340,""ask_quantity"":20,""bid_orders"":3,""ask_orders"":1,""bid_price"":""404.85"",""ask_price"":""404.95""},{""bid_quantity"":200,""ask_quantity"":40,""bid_orders"":3,""ask_orders"":1,""bid_price"":""404.60"",""ask_price"":""405.70""},{""bid_quantity"":140,""ask_quantity"":40,""bid_orders"":3,""ask_orders"":1,""bid_price"":""404.55"",""ask_price"":""406.15""},{""bid_quantity"":160,""ask_quantity"":80,""bid_orders"":1,""ask_orders"":1,""bid_price"":""404.45"",""ask_price"":""406.45""},{""bid_quantity"":140,""ask_quantity"":40,""bid_orders"":2,""ask_orders"":1,""bid_price"":""404.40"",""ask_price"":""406.95""}]"
09:15:12.731,1790739912731727729,1457655285662156,Full Data,8,887216,148.10,120,09:15:12,,,144.42,132900,30720,70560,604640,"[{""bid_quantity"":240,""ask_quantity"":140,""bid_orders"":3,""ask_orders"":1,""bid_price"":""147.25"",""ask_price"":""147.90""},{""bid_quantity"":80,""ask_quantity"":160,""bid_orders"":1,""ask_orders"":2,""bid_price"":""147.20"",""ask_price"":""147.95""},{""bid_quantity"":140,""ask_quantity"":80,""bid_orders"":2,""ask_orders"":1,""bid_price"":""147.15"",""ask_price"":""148.00""},{""bid_quantity"":240,""ask_quantity"":180,""bid_orders"":2,""ask_orders"":2,""bid_price"":""147.10"",""ask_price"":""148.15""},{""bid_quantity"":20,""ask_quantity"":20,""bid_orders"":1,""ask_orders"":1,""bid_price"":""147.05"",""ask_price"":""148.20""}]"
09:15:12.760,1790739912760370795,1457655314304822,Full Data,8,887216,148.15,20,09:15:12,,,144.45,134060,31180,70520,604640,"[{""bid_quantity"":40,""ask_quantity"":60,""bid_orders"":1,""ask_orders"":1,""bid_price"":""147.30"",""ask_price"":""147.95""},{""bid_quantity"":40,""ask_quantity"":120,""bid_orders"":2,""ask_orders"":2,""bid_price"":""147.25"",""ask_price"":""148.00""},{""bid_quantity"":20,""ask_quantity"":60,""bid_orders"":1,""ask_orders"":1,""bid_price"":""147.15"",""ask_price"":""148.05""},{""bid_quantity"":40,""ask_quantity"":100,""bid_orders"":2,""ask_orders"":1,""bid_price"":""147.05"",""ask_price"":""148.10""},{""bid_quantity"":360,""ask_quantity"":100,""bid_orders"":3,""ask_orders"":1,""bid_price"":""147.00"",""ask_price"":""148.25""}]"
09:15:12.798,1790739912798756843,1457655352690750,Full Data,8,887306,606.80,40,09:15:12,,,580.16,41820,13440,39800,204460,"[{""bid_quantity"":40,""ask_quantity"":140,""bid_orders"":1,""ask_orders"":3,""bid_price"":""604.95"",""ask_price"":""607.40""},{""bid_quantity"":60,""ask_quantity"":100,""bid_orders"":2,""ask_orders"":1,""bid_price"":""604.90"",""ask_price"":""607.45""},{""bid_quantity"":60,""ask_quantity"":40,""bid_orders"":2,""ask_orders"":1,""bid_price"":""604.85"",""ask_price"":""607.50""},{""bid_quantity"":20,""ask_quantity"":80,""bid_orders"":1,""ask_orders"":1,""bid_price"":""604.80"",""ask_price"":""607.55""},{""bid_quantity"":120,""ask_quantity"":100,""bid_orders"":1,""ask_orders"":1,""bid_price"":""604.50"",""ask_price"":""607.65""}]"
09:15:12.810,1790739912810588599,1457655364522506,Full Data,8,887306,604.00,60,09:15:12,,,580.28,42040,12460,38900,204460,"[{""bid_quantity"":40,""ask_quantity"":220,""bid_orders"":1,""ask_orders"":4,""bid_price"":""600.45"",""ask_price"":""606.80""},{""bid_quantity"":180,""ask_quantity"":100,""bid_orders"":4,""ask_orders"":3,""bid_price"":""600.40"",""ask_price"":""606.85""},{""bid_quantity"":40,""ask_quantity"":180,""bid_orders"":1,""ask_orders"":3,""bid_price"":""600.35"",""ask_price"":""606.90""},{""bid_quantity"":120,""ask_quantity"":40,""bid_orders"":1,""ask_orders"":1,""bid_price"":""600.30"",""ask_price"":""606.95""},{""bid_quantity"":120,""ask_quantity"":220,""bid_orders"":1,""ask_orders"":3,""bid_price"":""600.20"",""ask_price"":""607.00""}]"
09:15:13.011,1790739913011629220,1457655565563487,Full Data,8,886659,678.65,100,09:15:12,,,664.40,18500,9260,24320,139920,"[{""bid_quantity"":40,""ask_quantity"":120,""bid_orders"":1,""ask_orders"":1,""bid_price"":""674.70"",""ask_price"":""678.60""},{""bid_quantity"":40,""ask_quantity"":40,""bid_orders"":1,""ask_orders"":1,""bid_price"":""674.65"",""ask_price"":""678.65""},{""bid_quantity"":40,""ask_quantity"":40,""bid_orders"":1,""ask_orders"":1,""bid_price"":""674.60"",""ask_price"":""678.70""},{""bid_quantity"":20,""ask_quantity"":40,""bid_orders"":1,""ask_orders"":1,""bid_price"":""674.50"",""ask_price"":""678.75""},{""bid_quantity"":40,""ask_quantity"":40,""bid_orders"":2,""ask_orders"":1,""bid_price"":""674.20"",""ask_price"":""678.80""}]"
09:15:13.039,1790739913039463880,1457655593397787,Full Data,8,887080,536.00,40,09:15:12,,,516.59,82540,13320,69480,212920,"[{""bid_quantity"":20,""ask_quantity"":140,""bid_orders"":1,""ask_orders"":3,""bid_price"":""532.45"",""ask_price"":""535.40""},{""bid_quantity"":20,""ask_quantity"":100,""bid_orders"":1,""ask_orders"":1,""bid_price"":""532.40"",""ask_price"":""535.45""},{""bid_quantity"":20,""ask_quantity"":80,""bid_orders"":1,""ask_orders"":2,""bid_price"":""532.20"",""ask_price"":""535.50""},{""bid_quantity"":20,""ask_quantity"":80,""bid_orders"":1,""ask_orders"":3,""bid_price"":""532.00"",""ask_price"":""535.55""},{""bid_quantity"":20,""ask_quantity"":60,""bid_orders"":1,""ask_orders"":1,""bid_price"":""531.85"",""ask_price"":""535.60""}]"
09:15:13.075,1790739913075559394,1457655629493301,Full Data,8,886620,177.05,40,09:15:12,,,170.19,131320,37940,65340,619000,"[{""bid_quantity"":80,""ask_quantity"":120,""bid_orders"":1,""ask_orders"":1,""bid_price"":""175.80"",""ask_price"":""176.95""},{""bid_quantity"":220,""ask_quantity"":80,""bid_orders"":3,""ask_orders"":2,""bid_price"":""175.70"",""ask_price"":""177.00""},{""bid_quantity"":100,""ask_quantity"":40,""bid_orders"":1,""ask_orders"":1,""bid_price"":""175.65"",""ask_price"":""177.05""},{""bid_quantity"":100,""ask_quantity"":100,""bid_orders"":1,""ask_orders"":1,""bid_price"":""175.50"",""ask_price"":""177.55""},{""bid_quantity"":120,""ask_quantity"":100,""bid_orders"":2,""ask_orders"":1,""bid_price"":""175.40"",""ask_price"":""177.70""}]"
09:15:13.079,1790739913079721621,1457655633655568,Full Data,8,886620,177.05,40,09:15:12,,,170.19,131320,36040,63360,619000,"[{""bid_quantity"":120,""ask_quantity"":20,""bid_orders"":2,""ask_orders"":1,""bid_price"":""175.55"",""ask_price"":""176.80""},{""bid_quantity"":200,""ask_quantity"":120,""bid_orders"":2,""ask_orders"":3,""bid_price"":""175.50"",""ask_price"":""176.85""},{""bid_quantity"":200,""ask_quantity"":200,""bid_orders"":2,""ask_orders"":9,""bid_price"":""175.45"",""ask_price"":""176.90""},{""bid_quantity"":120,""ask_quantity"":180,""bid_orders"":2,""ask_orders"":2,""bid_price"":""175.40"",""ask_price"":""177.00""},{""bid_quantity"":40,""ask_quantity"":60,""bid_orders"":1,""ask_orders"":2,""bid_price"":""175.10"",""ask_price"":""177.05""}]"
09:15:13.112,1790739913112344072,1457655666277979,Full Data,8,887080,532.05,20,09:15:13,,,516.64,82820,12180,67600,212920,"[{""bid_quantity"":60,""ask_quantity"":20,""bid_orders"":3,""ask_orders"":1,""bid_price"":""530.25"",""ask_price"":""532.15""},{""bid_quantity"":20,""ask_quantity"":20,""bid_orders"":1,""ask_orders"":1,""bid_price"":""530.10"",""ask_price"":""532.20""},{""bid_quantity"":40,""ask_quantity"":20,""bid_orders"":2,""ask_orders"":1,""bid_price"":""529.95"",""ask_price"":""532.40""},{""bid_quantity"":60,""ask_quantity"":40,""bid_orders"":1,""ask_orders"":1,""bid_price"":""528.20"",""ask_price"":""532.45""},{""bid_quantity"":160,""ask_quantity"":40,""bid_orders"":1,""ask_orders"":1,""bid_price"":""528.15"",""ask_price"":""532.60""}]"
09:15:13.143,1790739913143657394,1457655697591261,Full Data,8,886659,678.45,20,09:15:13,,,664.42,18520,11580,23840,139920,"[{""bid_quantity"":20,""ask_quantity"":40,""bid_orders"":1,""ask_orders"":1,""bid_price"":""672.95"",""ask_price"":""675.15""},{""bid_quantity"":80,""ask_quantity"":60,""bid_orders"":2,""ask_orders"":1,""bid_price"":""671.60"",""ask_price"":""675.20""},{""bid_quantity"":240,""ask_quantity"":40,""bid_orders"":1,""ask_orders"":1,""bid_price"":""671.55"",""ask_price"":""675.30""},{""bid_quantity"":120,""ask_quantity"":40,""bid_orders"":2,""ask_orders"":1,""bid_price"":""670.40"",""ask_price"":""675.40""},{""bid_quantity"":20,""ask_quantity"":40,""bid_orders"":1,""ask_orders"":1,""bid_price"":""669.70"",""ask_price"":""675.50""}]"
09:15:13.152,1790739913152334171,1457655706268038,Full Data,8,887355,281.65,80,09:15:13,,,273.57,121060,25820,80440,308440,"[{""bid_quantity"":60,""ask_quantity"":20,""bid_orders"":2,""ask_orders"":1,""bid_price"":""282.10"",""ask_price"":""282.80""},{""bid_quantity"":140,""ask_quantity"":80,""bid_orders"":1,""ask_orders"":1,""bid_price"":""281.95"",""ask_price"":""282.90""},{""bid_quantity"":80,""ask_quantity"":20,""bid_orders"":1,""ask_orders"":1,""bid_price"":""281.65"",""ask_price"":""282.95""},{""bid_quantity"":40,""ask_quantity"":80,""bid_orders"":1,""ask_orders"":1,""bid_price"":""281.60"",""ask_price"":""283.00""},{""bid_quantity"":80,""ask_quantity"":80,""bid_orders"":1,""ask_orders"":1,""bid_price"":""281.35"",""ask_price"":""283.10""}]"
09:15:13.197,1790739913197492303,1457655751426450,Full Data,8,887279,208.10,40,09:15:13,,,202.84,251520,31260,63880,563560,"[{""bid_quantity"":40,""ask_quantity"":100,""bid_orders"":2,""ask_orders"":1,""bid_price"":""207.00"",""ask_price"":""208.00""},{""bid_quantity"":40,""ask_quantity"":220,""bid_orders"":1,""ask_orders"":2,""bid_price"":""206.85"",""ask_price"":""208.05""},{""bid_quantity"":180,""ask_quantity"":60,""bid_orders"":1,""ask_orders"":2,""bid_price"":""206.70"",""ask_price"":""208.10""},{""bid_quantity"":140,""ask_quantity"":180,""bid_orders"":1,""ask_orders"":2,""bid_price"":""205.65"",""ask_price"":""208.15""},{""bid_quantity"":60,""ask_quantity"":160,""bid_orders"":1,""ask_orders"":1,""bid_price"":""205.45"",""ask_price"":""208.20""}]"
09:15:13.239,1790739913239120252,1457655793054399,Full Data,8,886461,469.95,20,09:15:13,,,452.37,204140,21020,140080,738980,"[{""bid_quantity"":160,""ask_quantity"":140,""bid_orders"":1,""ask_orders"":1,""bid_price"":""468.60"",""ask_price"":""469.95""},{""bid_quantity"":400,""ask_quantity"":40,""bid_orders"":1,""ask_orders"":1,""bid_price"":""468.55"",""ask_price"":""470.20""},{""bid_quantity"":20,""ask_quantity"":20,""bid_orders"":1,""ask_orders"":1,""bid_price"":""468.50"",""ask_price"":""470.40""},{""bid_quantity"":60,""ask_quantity"":20,""bid_orders"":1,""ask_orders"":1,""bid_price"":""467.95"",""ask_price"":""472.40""},{""bid_quantity"":120,""ask_quantity"":160,""bid_orders"":2,""ask_orders"":1,""bid_price"":""467.75"",""ask_price"":""472.45""}]"
09:15:13.243,1790739913243367240,1457655797301427,Full Data,8,886461,469.20,20,09:15:13,,,452.40,204540,22680,139880,738980,"[{""bid_quantity"":20,""ask_quantity"":20,""bid_orders"":1,""ask_orders"":1,""bid_price"":""467.75"",""ask_price"":""468.60""},{""bid_quantity"":40,""ask_quantity"":20,""bid_orders"":2,""ask_orders"":1,""bid_price"":""467.70"",""ask_price"":""469.20""},{""bid_quantity"":20,""ask_quantity"":40,""bid_orders"":1,""ask_orders"":1,""bid_price"":""467.60"",""ask_price"":""469.30""},{""bid_quantity"":20,""ask_quantity"":80,""bid_orders"":1,""ask_orders"":2,""bid_price"":""467.45"",""ask_price"":""469.35""},{""bid_quantity"":20,""ask_quantity"":160,""bid_orders"":1,""ask_orders"":1,""bid_price"":""467.05"",""ask_price"":""469.75""}]"
09:15:13.280,1790739913280165678,1457655834099585,Ticker Data,0,51,72588.51,,09:15:13,,,,,,,,
09:15:13.324,1790739913324262523,1457655878196710,Full Data,8,886528,351.90,20,09:15:13,,,341.93,159620,20980,133680,227080,"[{""bid_quantity"":40,""ask_quantity"":80,""bid_orders"":2,""ask_orders"":2,""bid_price"":""350.60"",""ask_price"":""352.75""},{""bid_quantity"":40,""ask_quantity"":320,""bid_orders"":2,""ask_orders"":1,""bid_price"":""350.25"",""ask_price"":""352.80""},{""bid_quantity"":80,""ask_quantity"":260,""bid_orders"":2,""ask_orders"":3,""bid_price"":""349.85"",""ask_price"":""352.85""},{""bid_quantity"":180,""ask_quantity"":280,""bid_orders"":2,""ask_orders"":4,""bid_price"":""349.70"",""ask_price"":""352.95""},{""bid_quantity"":160,""ask_quantity"":120,""bid_orders"":1,""ask_orders"":2,""bid_price"":""349.65"",""ask_price"":""353.00""}]"
09:15:13.335,1790739913335385195,1457655889319262,Full Data,8,887253,751.10,40,09:15:13,,,724.45,6900,12820,31120,68380,"[{""bid_quantity"":60,""ask_quantity"":80,""bid_orders"":1,""ask_orders"":1,""bid_price"":""748.70"",""ask_price"":""751.95""},{""bid_quantity"":120,""ask_quantity"":120,""bid_orders"":1,""ask_orders"":1,""bid_price"":""748.65"",""ask_price"":""752.00""},{""bid_quantity"":120,""ask_quantity"":80,""bid_orders"":1,""ask_orders"":1,""bid_price"":""748.55"",""ask_price"":""752.05""},{""bid_quantity"":240,""ask_quantity"":120,""bid_orders"":1,""ask_orders"":1,""bid_price"":""748.50"",""ask_price"":""752.10""},{""bid_quantity"":60,""ask_quantity"":120,""bid_orders"":1,""ask_orders"":1,""bid_price"":""748.45"",""ask_price"":""752.20""}]"
09:15:13.364,1790739913364854866,1457655918788733,Full Data,8,886540,126.00,40,09:15:13,,,118.96,99460,53400,61580,605280,"[{""bid_quantity"":80,""ask_quantity"":160,""bid_orders"":1,""ask_orders"":2,""bid_price"":""125.55"",""ask_price"":""126.80""},{""bid_quantity"":160,""ask_quantity"":120,""bid_orders"":4,""ask_orders"":1,""bid_price"":""125.45"",""ask_price"":""126.90""},{""bid_quantity"":60,""ask_quantity"":120,""bid_orders"":1,""ask_orders"":1,""bid_price"":""125.40"",""ask_price"":""126.95""},{""bid_quantity"":20,""ask_quantity"":60,""bid_orders"":1,""ask_orders"":1,""bid_price"":""125.35"",""ask_price"":""127.00""},{""bid_quantity"":60,""ask_quantity"":140,""bid_orders"":1,""ask_orders"":1,""bid_price"":""125.30"",""ask_price"":""127.10""}]"
09:15:13.408,1790739913408256106,1457655962190133,Full Data,8,887100,327.60,40,09:15:13,,,318.97,89260,17460,39220,254140,"[{""bid_quantity"":40,""ask_quantity"":120,""bid_orders"":1,""ask_orders"":3,""bid_price"":""326.70"",""ask_price"":""327.90""},{""bid_quantity"":40,""ask_quantity"":60,""bid_orders"":1,""ask_orders"":2,""bid_price"":""326.65"",""ask_price"":""327.95""},{""bid_quantity"":180,""ask_quantity"":20,""bid_orders"":2,""ask_orders"":1,""bid_price"":""326.60"",""ask_price"":""328.00""},{""bid_quantity"":40,""ask_quantity"":40,""bid_orders"":1,""ask_orders"":2,""bid_price"":""326.50"",""ask_price"":""328.05""},{""bid_quantity"":60,""ask_quantity"":20,""bid_orders"":1,""ask_orders"":1,""bid_price"":""326.40"",""ask_price"":""328.60""}]"
09:15:13.408,1790739913408688749,1457655962622576,Full Data,8,886528,350.45,20,09:15:13,,,341.96,160080,20280,139560,227080,"[{""bid_quantity"":60,""ask_quantity"":40,""bid_orders"":1,""ask_orders"":1,""bid_price"":""349.40"",""ask_price"":""350.45""},{""bid_quantity"":20,""ask_quantity"":60,""bid_orders"":1,""ask_orders"":2,""bid_price"":""349.35"",""ask_price"":""350.55""},{""bid_quantity"":20,""ask_quantity"":60,""bid_orders"":1,""ask_orders"":2,""bid_price"":""349.20"",""ask_price"":""350.60""},{""bid_quantity"":160,""ask_quantity"":40,""bid_orders"":2,""ask_orders"":1,""bid_price"":""349.10"",""ask_price"":""350.70""},{""bid_quantity"":180,""ask_quantity"":40,""bid_orders"":2,""ask_orders"":1,""bid_price"":""349.05"",""ask_price"":""350.90""}]"
09:15:13.413,1790739913413661301,1457655967595168,Full Data,8,886540,125.75,60,09:15:13,,,118.98,99620,54360,61880,605280,"[{""bid_quantity"":80,""ask_quantity"":120,""bid_orders"":1,""ask_orders"":1,""bid_price"":""125.85"",""ask_price"":""126.75""},{""bid_quantity"":100,""ask_quantity"":280,""bid_orders"":1,""ask_orders"":2,""bid_price"":""125.80"",""ask_price"":""126.80""},{""bid_quantity"":120,""ask_quantity"":60,""bid_orders"":2,""ask_orders"":1,""bid_price"":""125.75"",""ask_price"":""126.95""},{""bid_quantity"":40,""ask_quantity"":60,""bid_orders"":1,""ask_orders"":1,""bid_price"":""125.70"",""ask_price"":""127.00""},{""bid_quantity"":100,""ask_quantity"":60,""bid_orders"":1,""ask_orders"":1,""bid_price"":""125.65"",""ask_price"":""127.30""}]"
09:15:13.458,1790739913458834754,1457656012768941,Full Data,8,887253,752.20,20,09:15:13,,,725.31,7120,10160,31900,68380,"[{""bid_quantity"":220,""ask_quantity"":200,""bid_orders"":3,""ask_orders"":2,""bid_price"":""745.65"",""ask_price"":""751.95""},{""bid_quantity"":40,""ask_quantity"":180,""bid_orders"":2,""ask_orders"":2,""bid_price"":""745.60"",""ask_price"":""752.05""},{""bid_quantity"":80,""ask_quantity"":20,""bid_orders"":1,""ask_orders"":1,""bid_price"":""745.55"",""ask_price"":""752.10""},{""bid_quantity"":60,""ask_quantity"":20,""bid_orders"":1,""ask_orders"":1,""bid_price"":""745.50"",""ask_price"":""752.15""},{""bid_quantity"":240,""ask_quantity"":100,""bid_orders"":1,""ask_orders"":1,""bid_price"":""745.45"",""ask_price"":""752.20""}]"
09:15:13.464,1790739913464276189,1457656018210096,Full Data,8,886685,244.95,20,09:15:13,,,239.63,311820,38400,108840,1113180,"[{""bid_quantity"":160,""ask_quantity"":140,""bid_orders"":1,""ask_orders"":1,""bid_price"":""244.10"",""ask_price"":""245.05""},{""bid_quantity"":80,""ask_quantity"":60,""bid_orders"":1,""ask_orders"":2,""bid_price"":""244.05"",""ask_price"":""245.10""},{""bid_quantity"":200,""ask_quantity"":80,""bid_orders"":2,""ask_orders"":1,""bid_price"":""244.00"",""ask_price"":""245.20""},{""bid_quantity"":40,""ask_quantity"":60,""bid_orders"":1,""ask_orders"":1,""bid_price"":""243.95"",""ask_price"":""245.25""},{""bid_quantity"":60,""ask_quantity"":40,""bid_orders"":2,""ask_orders"":1,""bid_price"":""243.85"",""ask_price"":""245.60""}]"
09:15:13.642,1790739913642944825,1457656196879492,Full Data,8,887135,402.20,20,09:15:13,,,398.15,152360,18760,61620,307120,"[{""bid_quantity"":300,""ask_quantity"":120,""bid_orders"":4,""ask_orders"":3,""bid_price"":""401.60"",""ask_price"":""403.25""},{""bid_quantity"":180,""ask_quantity"":60,""bid_orders"":2,""ask_orders"":2,""bid_price"":""401.50"",""ask_price"":""403.30""},{""bid_quantity"":120,""ask_quantity"":220,""bid_orders"":2,""ask_orders"":3,""bid_price"":""401.45"",""ask_price"":""403.35""},{""bid_quantity"":480,""ask_quantity"":160,""bid_orders"":6,""ask_orders"":3,""bid_price"":""401.40"",""ask_price"":""403.40""},{""bid_quantity"":180,""ask_quantity"":100,""bid_orders"":2,""ask_orders"":2,""bid_price"":""401.25"",""ask_price"":""403.50""}]"
09:15:13.767,1790739913767608631,1457656321542898,Full Data,8,887216,151.90,20,09:15:13,,,144.74,141240,33000,77780,604640,"[{""bid_quantity"":340,""ask_quantity"":100,""bid_orders"":3,""ask_orders"":2,""bid_price"":""151.30"",""ask_price"":""151.90""},{""bid_quantity"":300,""ask_quantity"":720,""bid_orders"":1,""ask_orders"":2,""bid_price"":""151.25"",""ask_price"":""152.40""},{""bid_quantity"":100,""ask_quantity"":700,""bid_orders"":2,""ask_orders"":2,""bid_price"":""151.20"",""ask_price"":""152.45""},{""bid_quantity"":160,""ask_quantity"":740,""bid_orders"":2,""ask_orders"":2,""bid_price"":""151.15"",""ask_price"":""152.50""},{""bid_quantity"":100,""ask_quantity"":740,""bid_orders"":2,""ask_orders"":2,""bid_price"":""151.10"",""ask_price"":""152.55""}]"
09:15:13.858,1790739913858656621,1457656412590768,Full Data,8,887216,152.35,100,09:15:13,,,144.75,141380,31220,76580,604640,"[{""bid_quantity"":200,""ask_quantity"":80,""bid_orders"":2,""ask_orders"":2,""bid_price"":""152.75"",""ask_price"":""153.60""},{""bid_quantity"":400,""ask_quantity"":40,""bid_orders"":3,""ask_orders"":1,""bid_price"":""152.70"",""ask_price"":""153.70""},{""bid_quantity"":320,""ask_quantity"":300,""bid_orders"":2,""ask_orders"":4,""bid_price"":""152.65"",""ask_price"":""153.75""},{""bid_quantity"":300,""ask_quantity"":120,""bid_orders"":1,""ask_orders"":2,""bid_price"":""152.60"",""ask_price"":""153.80""},{""bid_quantity"":80,""ask_quantity"":100,""bid_orders"":1,""ask_orders"":2,""bid_price"":""152.40"",""ask_price"":""153.85""}]"
09:15:13.859,1790739913859784868,1457656413718735,Full Data,8,887306,593.85,20,09:15:13,,,580.85,43220,13180,37980,204460,"[{""bid_quantity"":40,""ask_quantity"":180,""bid_orders"":2,""ask_orders"":3,""bid_price"":""593.50"",""ask_price"":""595.50""},{""bid_quantity"":20,""ask_quantity"":60,""bid_orders"":1,""ask_orders"":2,""bid_price"":""593.25"",""ask_price"":""595.65""},{""bid_quantity"":60,""ask_quantity"":160,""bid_orders"":2,""ask_orders"":3,""bid_price"":""592.70"",""ask_price"":""595.90""},{""bid_quantity"":60,""ask_quantity"":60,""bid_orders"":2,""ask_orders"":2,""bid_price"":""592.65"",""ask_price"":""596.15""},{""bid_quantity"":20,""ask_quantity"":20,""bid_orders"":1,""ask_orders"":1,""bid_price"":""592.60"",""ask_price"":""596.40""}]"
09:15:13.886,1790739913886801603,1457656440735710,Full Data,8,887306,593.00,20,09:15:13,,,580.89,43360,14720,37300,204460,"[{""bid_quantity"":260,""ask_quantity"":40,""bid_orders"":2,""ask_orders"":1,""bid_price"":""590.00"",""ask_price"":""592.90""},{""bid_quantity"":100,""ask_quantity"":120,""bid_orders"":1,""ask_orders"":1,""bid_price"":""589.00"",""ask_price"":""592.95""},{""bid_quantity"":100,""ask_quantity"":120,""bid_orders"":1,""ask_orders"":1,""bid_price"":""588.80"",""ask_price"":""593.05""},{""bid_quantity"":120,""ask_quantity"":120,""bid_orders"":2,""ask_orders"":1,""bid_price"":""588.75"",""ask_price"":""593.15""},{""bid_quantity"":40,""ask_quantity"":120,""bid_orders"":1,""ask_orders"":1,""bid_price"":""588.65"",""ask_price"":""593.25""}]"
09:15:14.061,1790739914061557533,1457656615492080,Full Data,8,886620,179.00,20,09:15:14,,,170.79,141520,38860,64120,619000,"[{""bid_quantity"":80,""ask_quantity"":40,""bid_orders"":1,""ask_orders"":2,""bid_price"":""178.70"",""ask_price"":""179.00""},{""bid_quantity"":80,""ask_quantity"":160,""bid_orders"":1,""ask_orders"":2,""bid_price"":""178.65"",""ask_price"":""179.25""},{""bid_quantity"":80,""ask_quantity"":40,""bid_orders"":1,""ask_orders"":1,""bid_price"":""178.60"",""ask_price"":""179.35""},{""bid_quantity"":100,""ask_quantity"":40,""bid_orders"":1,""ask_orders"":2,""bid_price"":""178.35"",""ask_price"":""179.40""},{""bid_quantity"":100,""ask_quantity"":20,""bid_orders"":2,""ask_orders"":1,""bid_price"":""178.15"",""ask_price"":""179.45""}]"
09:15:14.066,1790739914066055442,1457656619989549,Full Data,8,886620,178.75,80,09:15:14,,,170.81,141800,38740,63920,619000,"[{""bid_quantity"":80,""ask_quantity"":80,""bid_orders"":1,""ask_orders"":1,""bid_price"":""178.05"",""ask_price"":""178.70""},{""bid_quantity"":20,""ask_quantity"":20,""bid_orders"":1,""ask_orders"":1,""bid_price"":""178.00"",""ask_price"":""179.00""},{""bid_quantity"":180,""ask_quantity"":40,""bid_orders"":2,""ask_orders"":1,""bid_price"":""177.95"",""ask_price"":""179.30""},{""bid_quantity"":100,""ask_quantity"":40,""bid_orders"":1,""ask_orders"":2,""bid_price"":""177.75"",""ask_price"":""179.40""},{""bid_quantity"":220,""ask_quantity"":40,""bid_orders"":1,""ask_orders"":2,""bid_price"":""177.45"",""ask_price"":""179.45""}]"
09:15:14.125,1790739914125179545,1457656679113892,Full Data,8,887080,525.95,20,09:15:14,,,517.18,86500,12940,66700,212920,"[{""bid_quantity"":100,""ask_quantity"":80,""bid_orders"":1,""ask_orders"":3,""bid_price"":""521.55"",""ask_price"":""523.75""},{""bid_quantity"":120,""ask_quantity"":140,""bid_orders"":2,""ask_orders"":1,""bid_price"":""521.40"",""ask_price"":""523.80""},{""bid_quantity"":180,""ask_quantity"":100,""bid_orders"":3,""ask_orders"":1,""bid_price"":""521.10"",""ask_price"":""524.20""},{""bid_quantity"":280,""ask_quantity"":20,""bid_orders"":3,""ask_orders"":1,""bid_price"":""521.00"",""ask_price"":""524.35""},{""bid_quantity"":160,""ask_quantity"":100,""bid_orders"":2,""ask_orders"":1,""bid_price"":""520.95"",""ask_price"":""524.40""}]"
09:15:14.158,1790739914158027877,1457656711962024,Full Data,8,886659,667.60,20,09:15:13,,,664.60,19220,12560,24840,139920,"[{""bid_quantity"":20,""ask_quantity"":40,""bid_orders"":1,""ask_orders"":1,""bid_price"":""662.45"",""ask_price"":""666.85""},{""bid_quantity"":20,""ask_quantity"":100,""bid_orders"":1,""ask_orders"":1,""bid_price"":""662.40"",""ask_price"":""666.90""},{""bid_quantity"":60,""ask_quantity"":100,""bid_orders"":2,""ask_orders"":1,""bid_price"":""662.20"",""ask_price"":""667.00""},{""bid_quantity"":20,""ask_quantity"":100,""bid_orders"":1,""ask_orders"":1,""bid_price"":""662.15"",""ask_price"":""667.10""},{""bid_quantity"":80,""ask_quantity"":60,""bid_orders"":1,""ask_orders"":1,""bid_price"":""661.55"",""ask_price"":""667.20""}]"
09:15:14.168,1790739914168742307,1457656722676174,Full Data,8,887355,286.70,20,09:15:14,,,274.75,136840,25900,79300,308440,"[{""bid_quantity"":80,""ask_quantity"":60,""bid_orders"":3,""ask_orders"":1,""bid_price"":""285.60"",""ask_price"":""286.55""},{""bid_quantity"":20,""ask_quantity"":20,""bid_orders"":1,""ask_orders"":1,""bid_price"":""285.15"",""ask_price"":""286.60""},{""bid_quantity"":20,""ask_quantity"":140,""bid_orders"":1,""ask_orders"":2,""bid_price"":""285.00"",""ask_price"":""286.65""},{""bid_quantity"":60,""ask_quantity"":40,""bid_orders"":1,""ask_orders"":2,""bid_price"":""284.95"",""ask_price"":""286.70""},{""bid_quantity"":140,""ask_quantity"":80,""bid_orders"":1,""ask_orders"":1,""bid_price"":""284.90"",""ask_price"":""286.85""}]"
09:15:14.213,1790739914213533957,1457656767467904,Full Data,8,887080,527.45,60,09:15:14,,,517.22,86880,13060,68860,212920,"[{""bid_quantity"":20,""ask_quantity"":40,""bid_orders"":1,""ask_orders"":1,""bid_price"":""524.25"",""ask_price"":""526.95""},{""bid_quantity"":20,""ask_quantity"":160,""bid_orders"":1,""ask_orders"":2,""bid_price"":""524.10"",""ask_price"":""527.00""},{""bid_quantity"":20,""ask_quantity"":440,""bid_orders"":1,""ask_orders"":2,""bid_price"":""523.95"",""ask_price"":""527.05""},{""bid_quantity"":20,""ask_quantity"":40,""bid_orders"":1,""ask_orders"":2,""bid_price"":""523.65"",""ask_price"":""527.10""},{""bid_quantity"":20,""ask_quantity"":80,""bid_orders"":1,""ask_orders"":1,""bid_price"":""523.50"",""ask_price"":""527.15""}]"
09:15:14.270,1790739914270676886,1457656824611193,Ticker Data,0,51,72583.57,,09:15:14,,,,,,,,
09:15:14.270,1790739914270776727,1457656824710394,Full Data,8,886659,667.60,20,09:15:13,,,664.60,19220,10760,24640,139920,"[{""bid_quantity"":20,""ask_quantity"":100,""bid_orders"":1,""ask_orders"":3,""bid_price"":""664.50"",""ask_price"":""669.35""},{""bid_quantity"":20,""ask_quantity"":40,""bid_orders"":1,""ask_orders"":1,""bid_price"":""664.25"",""ask_price"":""669.40""},{""bid_quantity"":20,""ask_quantity"":40,""bid_orders"":1,""ask_orders"":1,""bid_price"":""663.95"",""ask_price"":""669.60""},{""bid_quantity"":40,""ask_quantity"":80,""bid_orders"":1,""ask_orders"":2,""bid_price"":""663.75"",""ask_price"":""669.65""},{""bid_quantity"":20,""ask_quantity"":40,""bid_orders"":1,""ask_orders"":1,""bid_price"":""663.70"",""ask_price"":""669.70""}]"
09:15:14.279,1790739914279827945,1457656833761892,Full Data,8,887279,211.85,20,09:15:14,,,203.48,272980,31260,68720,563560,"[{""bid_quantity"":100,""ask_quantity"":80,""bid_orders"":1,""ask_orders"":1,""bid_price"":""210.75"",""ask_price"":""211.45""},{""bid_quantity"":300,""ask_quantity"":160,""bid_orders"":1,""ask_orders"":1,""bid_price"":""210.60"",""ask_price"":""211.50""},{""bid_quantity"":80,""ask_quantity"":160,""bid_orders"":1,""ask_orders"":1,""bid_price"":""210.50"",""ask_price"":""211.60""},{""bid_quantity"":20,""ask_quantity"":60,""bid_orders"":1,""ask_orders"":2,""bid_price"":""210.45"",""ask_price"":""211.65""},{""bid_quantity"":20,""ask_quantity"":20,""bid_orders"":1,""ask_orders"":1,""bid_price"":""210.35"",""ask_price"":""211.70""}]"
09:15:14.320,1790739914320111326,1457656874045553,Full Data,8,886461,460.20,60,09:15:14,,,453.09,218500,25500,139760,738980,"[{""bid_quantity"":160,""ask_quantity"":40,""bid_orders"":1,""ask_orders"":1,""bid_price"":""458.10"",""ask_price"":""459.75""},{""bid_quantity"":20,""ask_quantity"":40,""bid_orders"":1,""ask_orders"":1,""bid_price"":""458.05"",""ask_price"":""459.80""},{""bid_quantity"":20,""ask_quantity"":80,""bid_orders"":1,""ask_orders"":1,""bid_price"":""458.00"",""ask_price"":""459.85""},{""bid_quantity"":60,""ask_quantity"":20,""bid_orders"":2,""ask_orders"":1,""bid_price"":""457.95"",""ask_price"":""460.05""},{""bid_quantity"":20,""ask_quantity"":160,""bid_orders"":1,""ask_orders"":3,""bid_price"":""457.60"",""ask_price"":""460.25""}]"
09:15:14.324,1790739914324467714,1457656878401661,Full Data,8,886461,459.25,20,09:15:14,,,453.09,218720,23740,141640,738980,"[{""bid_quantity"":60,""ask_quantity"":60,""bid_orders"":2,""ask_orders"":2,""bid_price"":""459.00"",""ask_price"":""459.85""},{""bid_quantity"":20,""ask_quantity"":20,""bid_orders"":1,""ask_orders"":1,""bid_price"":""458.65"",""ask_price"":""460.45""},{""bid_quantity"":20,""ask_quantity"":60,""bid_orders"":1,""ask_orders"":2,""bid_price"":""458.50"",""ask_price"":""460.60""},{""bid_quantity"":20,""ask_quantity"":60,""bid_orders"":1,""ask_orders"":2,""bid_price"":""458.35"",""ask_price"":""460.65""},{""bid_quantity"":20,""ask_quantity"":60,""bid_orders"":1,""ask_orders"":1,""bid_price"":""458.30"",""ask_price"":""461.00""}]"
09:15:14.403,1790739914403649787,1457656957584134,Full Data,8,887100,333.60,40,09:15:14,,,320.21,99240,16640,37380,254140,"[{""bid_quantity"":80,""ask_quantity"":20,""bid_orders"":1,""ask_orders"":1,""bid_price"":""333.20"",""ask_price"":""333.80""},{""bid_quantity"":40,""ask_quantity"":20,""bid_orders"":1,""ask_orders"":1,""bid_price"":""333.15"",""ask_price"":""333.85""},{""bid_quantity"":40,""ask_quantity"":20,""bid_orders"":1,""ask_orders"":1,""bid_price"":""332.95"",""ask_price"":""333.95""},{""bid_quantity"":40,""ask_quantity"":20,""bid_orders"":1,""ask_orders"":1,""bid_price"":""332.90"",""ask_price"":""334.25""},{""bid_quantity"":20,""ask_quantity"":140,""bid_orders"":1,""ask_orders"":1,""bid_price"":""332.85"",""ask_price"":""334.40""}]"
09:15:14.428,1790739914428303506,1457656982237493,Full Data,8,886528,343.75,20,09:15:14,,,342.31,177860,19660,141880,227080,"[{""bid_quantity"":20,""ask_quantity"":20,""bid_orders"":1,""ask_orders"":1,""bid_price"":""341.95"",""ask_price"":""342.85""},{""bid_quantity"":40,""ask_quantity"":20,""bid_orders"":2,""ask_orders"":1,""bid_price"":""341.90"",""ask_price"":""343.05""},{""bid_quantity"":20,""ask_quantity"":40,""bid_orders"":1,""ask_orders"":1,""bid_price"":""341.80"",""ask_price"":""343.25""},{""bid_quantity"":40,""ask_quantity"":60,""bid_orders"":2,""ask_orders"":1,""bid_price"":""341.75"",""ask_price"":""343.30""},{""bid_quantity"":220,""ask_quantity"":300,""bid_orders"":2,""ask_orders"":2,""bid_price"":""341.60"",""ask_price"":""343.35""}]"
09:15:14.439,1790739914439497658,1457656993431685,Full Data,8,886540,129.35,20,09:15:14,,,119.61,107140,54260,62120,605280,"[{""bid_quantity"":160,""ask_quantity"":80,""bid_orders"":2,""ask_orders"":1,""bid_price"":""129.00"",""ask_price"":""129.70""},{""bid_quantity"":200,""ask_quantity"":80,""bid_orders"":2,""ask_orders"":1,""bid_price"":""128.95"",""ask_price"":""129.75""},{""bid_quantity"":80,""ask_quantity"":40,""bid_orders"":2,""ask_orders"":1,""bid_price"":""128.90"",""ask_price"":""129.80""},{""bid_quantity"":200,""ask_quantity"":160,""bid_orders"":2,""ask_orders"":2,""bid_price"":""128.85"",""ask_price"":""129.85""},{""bid_quantity"":200,""ask_quantity"":40,""bid_orders"":1,""ask_orders"":1,""bid_price"":""128.70"",""ask_price"":""129.90""}]"
09:15:14.505,1790739914505961289,1457657059895436,Full Data,8,887253,742.95,40,09:15:14,,,725.46,7180,9660,28840,68380,"[{""bid_quantity"":120,""ask_quantity"":80,""bid_orders"":2,""ask_orders"":2,""bid_price"":""734.15"",""ask_price"":""741.00""},{""bid_quantity"":20,""ask_quantity"":60,""bid_orders"":1,""ask_orders"":2,""bid_price"":""734.10"",""ask_price"":""741.05""},{""bid_quantity"":160,""ask_quantity"":220,""bid_orders"":3,""ask_orders"":3,""bid_price"":""734.05"",""ask_price"":""741.10""},{""bid_quantity"":40,""ask_quantity"":20,""bid_orders"":2,""ask_orders"":1,""bid_price"":""734.00"",""ask_price"":""741.15""},{""bid_quantity"":260,""ask_quantity"":80,""bid_orders"":2,""ask_orders"":1,""bid_price"":""733.95"",""ask_price"":""741.20""}]"
09:15:14.511,1790739914511961967,1457657065896074,Full Data,8,886685,249.05,180,09:15:14,,,240.17,336220,37120,119920,1113180,"[{""bid_quantity"":100,""ask_quantity"":60,""bid_orders"":2,""ask_orders"":1,""bid_price"":""249.00"",""ask_price"":""249.90""},{""bid_quantity"":20,""ask_quantity"":200,""bid_orders"":1,""ask_orders"":2,""bid_price"":""248.95"",""ask_price"":""250.00""},{""bid_quantity"":160,""ask_quantity"":220,""bid_orders"":1,""ask_orders"":2,""bid_price"":""248.80"",""ask_price"":""250.20""},{""bid_quantity"":40,""ask_quantity"":40,""bid_orders"":2,""ask_orders"":1,""bid_price"":""248.75"",""ask_price"":""250.25""},{""bid_quantity"":20,""ask_quantity"":60,""bid_orders"":1,""ask_orders"":1,""bid_price"":""248.60"",""ask_price"":""250.30""}]"
09:15:14.512,1790739914512115968,1457657066049675,Full Data,8,887100,334.15,20,09:15:14,,,320.25,99560,18220,38560,254140,"[{""bid_quantity"":20,""ask_quantity"":40,""bid_orders"":1,""ask_orders"":2,""bid_price"":""333.80"",""ask_price"":""334.65""},{""bid_quantity"":40,""ask_quantity"":40,""bid_orders"":2,""ask_orders"":2,""bid_price"":""333.75"",""ask_price"":""334.70""},{""bid_quantity"":200,""ask_quantity"":80,""bid_orders"":2,""ask_orders"":4,""bid_price"":""333.50"",""ask_price"":""334.75""},{""bid_quantity"":40,""ask_quantity"":40,""bid_orders"":1,""ask_orders"":2,""bid_price"":""333.45"",""ask_price"":""334.80""},{""bid_quantity"":40,""ask_quantity"":160,""bid_orders"":1,""ask_orders"":2,""bid_price"":""333.40"",""ask_price"":""334.85""}]"
09:15:14.528,1790739914528098232,1457657082032339,Full Data,8,886540,129.70,120,09:15:14,,,119.63,107360,55600,63500,605280,"[{""bid_quantity"":120,""ask_quantity"":60,""bid_orders"":2,""ask_orders"":1,""bid_price"":""129.50"",""ask_price"":""129.85""},{""bid_quantity"":40,""ask_quantity"":100,""bid_orders"":1,""ask_orders"":2,""bid_price"":""129.10"",""ask_price"":""129.90""},{""bid_quantity"":40,""ask_quantity"":80,""bid_orders"":1,""ask_orders"":1,""bid_price"":""129.05"",""ask_price"":""129.95""},{""bid_quantity"":80,""ask_quantity"":160,""bid_orders"":1,""ask_orders"":1,""bid_price"":""129.00"",""ask_price"":""130.05""},{""bid_quantity"":20,""ask_quantity"":40,""bid_orders"":1,""ask_orders"":1,""bid_price"":""128.95"",""ask_price"":""130.50""}]"
09:15:14.568,1790739914568479973,1457657122414400,Full Data,8,886528,341.70,20,09:15:14,,,342.31,178360,20680,142640,227080,"[{""bid_quantity"":40,""ask_quantity"":140,""bid_orders"":2,""ask_orders"":4,""bid_price"":""341.05"",""ask_price"":""342.90""},{""bid_quantity"":180,""ask_quantity"":40,""bid_orders"":3,""ask_orders"":1,""bid_price"":""341.00"",""ask_price"":""343.00""},{""bid_quantity"":20,""ask_quantity"":160,""bid_orders"":1,""ask_orders"":1,""bid_price"":""340.85"",""ask_price"":""343.10""},{""bid_quantity"":120,""ask_quantity"":60,""bid_orders"":2,""ask_orders"":1,""bid_price"":""340.80"",""ask_price"":""343.20""},{""bid_quantity"":20,""ask_quantity"":40,""bid_orders"":1,""ask_orders"":1,""bid_price"":""340.65"",""ask_price"":""343.25""}]"
09:15:14.569,1790739914569350699,1457657123284646,Full Data,8,887253,742.95,40,09:15:14,,,725.46,7180,10180,29540,68380,"[{""bid_quantity"":100,""ask_quantity"":120,""bid_orders"":2,""ask_orders"":3,""bid_price"":""734.65"",""ask_price"":""740.45""},{""bid_quantity"":60,""ask_quantity"":20,""bid_orders"":1,""ask_orders"":1,""bid_price"":""734.60"",""ask_price"":""740.50""},{""bid_quantity"":80,""ask_quantity"":160,""bid_orders"":1,""ask_orders"":2,""bid_price"":""734.50"",""ask_price"":""740.65""},{""bid_quantity"":120,""ask_quantity"":40,""bid_orders"":1,""ask_orders"":1,""bid_price"":""734.30"",""ask_price"":""740.70""},{""bid_quantity"":240,""ask_quantity"":60,""bid_orders"":1,""ask_orders"":1,""bid_price"":""734.05"",""ask_price"":""740.75""}]"
09:15:14.732,1790739914732148272,1457657286082339,Full Data,8,887135,394.90,20,09:15:14,,,398.21,160120,18400,59700,307120,"[{""bid_quantity"":80,""ask_quantity"":40,""bid_orders"":1,""ask_orders"":2,""bid_price"":""394.25"",""ask_price"":""395.25""},{""bid_quantity"":40,""ask_quantity"":80,""bid_orders"":2,""ask_orders"":3,""bid_price"":""394.15"",""ask_price"":""395.75""},{""bid_quantity"":180,""ask_quantity"":20,""bid_orders"":2,""ask_orders"":1,""bid_price"":""394.00"",""ask_price"":""395.80""},{""bid_quantity"":20,""ask_quantity"":20,""bid_orders"":1,""ask_orders"":1,""bid_price"":""393.95"",""ask_price"":""396.75""},{""bid_quantity"":20,""ask_quantity"":180,""bid_orders"":1,""ask_orders"":3,""bid_price"":""393.90"",""ask_price"":""396.80""}]"
09:15:14.842,1790739914842520746,1457657396455053,Full Data,8,887216,155.20,160,09:15:14,,,145.45,152680,30800,87860,604640,"[{""bid_quantity"":120,""ask_quantity"":180,""bid_orders"":2,""ask_orders"":2,""bid_price"":""154.45"",""ask_price"":""155.20""},{""bid_quantity"":120,""ask_quantity"":160,""bid_orders"":2,""ask_orders"":1,""bid_price"":""154.35"",""ask_price"":""155.25""},{""bid_quantity"":360,""ask_quantity"":40,""bid_orders"":3,""ask_orders"":1,""bid_price"":""154.30"",""ask_price"":""155.30""},{""bid_quantity"":120,""ask_quantity"":140,""bid_orders"":2,""ask_orders"":1,""bid_price"":""154.25"",""ask_price"":""155.35""},{""bid_quantity"":160,""ask_quantity"":120,""bid_orders"":3,""ask_orders"":2,""bid_price"":""154.20"",""ask_price"":""155.70""}]"
09:15:14.880,1790739914880052669,1457657433986536,Full Data,8,887306,584.15,80,09:15:14,,,581.30,45440,14280,35760,204460,"[{""bid_quantity"":80,""ask_quantity"":80,""bid_orders"":1,""ask_orders"":2,""bid_price"":""579.70"",""ask_price"":""583.80""},{""bid_quantity"":40,""ask_quantity"":20,""bid_orders"":1,""ask_orders"":1,""bid_price"":""579.65"",""ask_price"":""583.85""},{""bid_quantity"":80,""ask_quantity"":120,""bid_orders"":1,""ask_orders"":2,""bid_price"":""579.60"",""ask_price"":""583.90""},{""bid_quantity"":40,""ask_quantity"":140,""bid_orders"":1,""ask_orders"":6,""bid_price"":""579.55"",""ask_price"":""583.95""},{""bid_quantity"":80,""ask_quantity"":60,""bid_orders"":1,""ask_orders"":1,""bid_price"":""579.50"",""ask_price"":""584.00""}]"
09:15:14.931,1790739914931209000,1457657485142947,Full Data,8,887216,156.25,100,09:15:14,,,145.48,153100,29220,88200,604640,"[{""bid_quantity"":100,""ask_quantity"":160,""bid_orders"":1,""ask_orders"":1,""bid_price"":""156.30"",""ask_price"":""157.25""},{""bid_quantity"":120,""ask_quantity"":120,""bid_orders"":2,""ask_orders"":1,""bid_price"":""156.25"",""ask_price"":""157.30""},{""bid_quantity"":120,""ask_quantity"":160,""bid_orders"":1,""ask_orders"":1,""bid_price"":""156.20"",""ask_price"":""157.35""},{""bid_quantity"":160,""ask_quantity"":40,""bid_orders"":3,""ask_orders"":1,""bid_price"":""156.15"",""ask_price"":""157.40""},{""bid_quantity"":120,""ask_quantity"":500,""bid_orders"":1,""ask_orders"":1,""bid_price"":""156.10"",""ask_price"":""157.45""}]"
09:15:14.935,1790739914935243426,1457657489177253,Full Data,8,887306,584.15,80,09:15:14,,,581.30,45440,11760,36720,204460,"[{""bid_quantity"":40,""ask_quantity"":60,""bid_orders"":1,""ask_orders"":2,""bid_price"":""579.80"",""ask_price"":""582.15""},{""bid_quantity"":100,""ask_quantity"":80,""bid_orders"":1,""ask_orders"":2,""bid_price"":""579.75"",""ask_price"":""582.55""},{""bid_quantity"":40,""ask_quantity"":140,""bid_orders"":1,""ask_orders"":2,""bid_price"":""579.70"",""ask_price"":""582.60""},{""bid_quantity"":100,""ask_quantity"":140,""bid_orders"":1,""ask_orders"":2,""bid_price"":""579.65"",""ask_price"":""582.80""},{""bid_quantity"":20,""ask_quantity"":100,""bid_orders"":1,""ask_orders"":2,""bid_price"":""579.60"",""ask_price"":""582.95""}]"
09:15:15.064,1790739915064900105,1457657618834532,Full Data,8,886620,184.95,140,09:15:15,,,171.39,149740,48280,67920,619000,"[{""bid_quantity"":60,""ask_quantity"":20,""bid_orders"":1,""ask_orders"":1,""bid_price"":""184.25"",""ask_price"":""185.00""},{""bid_quantity"":140,""ask_quantity"":20,""bid_orders"":1,""ask_orders"":1,""bid_price"":""183.95"",""ask_price"":""185.05""},{""bid_quantity"":240,""ask_quantity"":100,""bid_orders"":1,""ask_orders"":2,""bid_price"":""183.35"",""ask_price"":""185.30""},{""bid_quantity"":60,""ask_quantity"":40,""bid_orders"":1,""ask_orders"":1,""bid_price"":""183.15"",""ask_price"":""185.35""},{""bid_quantity"":100,""ask_quantity"":140,""bid_orders"":2,""ask_orders"":2,""bid_price"":""183.10"",""ask_price"":""185.40""}]"
09:15:15.093,1790739915093902612,1457657647836559,Full Data,8,886620,181.95,40,09:15:15,,,171.46,150700,49180,67380,619000,"[{""bid_quantity"":200,""ask_quantity"":20,""bid_orders"":4,""ask_orders"":1,""bid_price"":""181.95"",""ask_price"":""184.00""},{""bid_quantity"":20,""ask_quantity"":80,""bid_orders"":1,""ask_orders"":1,""bid_price"":""181.90"",""ask_price"":""184.05""},{""bid_quantity"":80,""ask_quantity"":220,""bid_orders"":1,""ask_orders"":4,""bid_price"":""181.55"",""ask_price"":""184.10""},{""bid_quantity"":120,""ask_quantity"":140,""bid_orders"":1,""ask_orders"":3,""bid_price"":""181.50"",""ask_price"":""184.15""},{""bid_quantity"":80,""ask_quantity"":300,""bid_orders"":1,""ask_orders"":5,""bid_price"":""181.25"",""ask_price"":""184.20""}]"
09:15:15.134,1790739915134652596,1457657688586503,Full Data,8,887355,290.30,20,09:15:15,,,276.09,150860,28120,80400,308440,"[{""bid_quantity"":120,""ask_quantity"":20,""bid_orders"":1,""ask_orders"":1,""bid_price"":""289.45"",""ask_price"":""291.85""},{""bid_quantity"":100,""ask_quantity"":220,""bid_orders"":1,""ask_orders"":5,""bid_price"":""288.95"",""ask_price"":""291.90""},{""bid_quantity"":220,""ask_quantity"":860,""bid_orders"":1,""ask_orders"":5,""bid_price"":""287.90"",""ask_price"":""291.95""},{""bid_quantity"":20,""ask_quantity"":380,""bid_orders"":1,""ask_orders"":9,""bid_price"":""287.25"",""ask_price"":""292.00""},{""bid_quantity"":80,""ask_quantity"":200,""bid_orders"":1,""ask_orders"":6,""bid_price"":""287.20"",""ask_price"":""292.05""}]"
09:15:15.179,1790739915179746808,1457657733681235,Full Data,8,887080,514.85,20,09:15:15,,,517.21,92100,14440,67620,212920,"[{""bid_quantity"":40,""ask_quantity"":60,""bid_orders"":1,""ask_orders"":2,""bid_price"":""515.05"",""ask_price"":""516.45""},{""bid_quantity"":40,""ask_quantity"":60,""bid_orders"":2,""ask_orders"":2,""bid_price"":""515.00"",""ask_price"":""516.80""},{""bid_quantity"":60,""ask_quantity"":80,""bid_orders"":2,""ask_orders"":2,""bid_price"":""514.90"",""ask_price"":""517.50""},{""bid_quantity"":40,""ask_quantity"":80,""bid_orders"":2,""ask_orders"":2,""bid_price"":""514.85"",""ask_price"":""517.55""},{""bid_quantity"":60,""ask_quantity"":180,""bid_orders"":2,""ask_orders"":2,""bid_price"":""514.70"",""ask_price"":""517.60""}]"
09:15:15.229,1790739915229686971,1457657783621118,Full Data,8,886659,656.70,20,09:15:15,,,664.50,19940,11840,24380,139920,"[{""bid_quantity"":60,""ask_quantity"":140,""bid_orders"":2,""ask_orders"":2,""bid_price"":""655.45"",""ask_price"":""658.80""},{""bid_quantity"":60,""ask_quantity"":60,""bid_orders"":2,""ask_orders"":1,""bid_price"":""655.40"",""ask_price"":""658.85""},{""bid_quantity"":20,""ask_quantity"":220,""bid_orders"":1,""ask_orders"":3,""bid_price"":""655.30"",""ask_price"":""658.90""},{""bid_quantity"":40,""ask_quantity"":160,""bid_orders"":2,""ask_orders"":2,""bid_price"":""655.25"",""ask_price"":""659.00""},{""bid_quantity"":20,""ask_quantity"":120,""bid_orders"":1,""ask_orders"":1,""bid_price"":""654.70"",""ask_price"":""659.10""}]"
09:15:15.274,1790739915274017538,1457657827951565,Ticker Data,0,51,72584.28,,09:15:15,,,,,,,,
09:15:15.278,1790739915278131204,1457657832065071,Full Data,8,887279,218.25,20,09:15:15,,,204.12,289840,32720,73180,563560,"[{""bid_quantity"":120,""ask_quantity"":80,""bid_orders"":4,""ask_orders"":1,""bid_price"":""217.00"",""ask_price"":""218.25""},{""bid_quantity"":80,""ask_quantity"":40,""bid_orders"":2,""ask_orders"":1,""bid_price"":""216.90"",""ask_price"":""218.30""},{""bid_quantity"":120,""ask_quantity"":20,""bid_orders"":3,""ask_orders"":1,""bid_price"":""216.65"",""ask_price"":""218.35""},{""bid_quantity"":200,""ask_quantity"":160,""bid_orders"":2,""ask_orders"":1,""bid_price"":""216.60"",""ask_price"":""218.40""},{""bid_quantity"":220,""ask_quantity"":120,""bid_orders"":2,""ask_orders"":1,""bid_price"":""216.50"",""ask_price"":""218.45""}]"
09:15:15.288,1790739915288185429,1457657842119376,Full Data,8,887080,511.70,20,09:15:15,,,517.12,94440,15280,67180,212920,"[{""bid_quantity"":160,""ask_quantity"":120,""bid_orders"":1,""ask_orders"":2,""bid_price"":""510.25"",""ask_price"":""511.60""},{""bid_quantity"":100,""ask_quantity"":360,""bid_orders"":1,""ask_orders"":3,""bid_price"":""510.20"",""ask_price"":""511.70""},{""bid_quantity"":140,""ask_quantity"":20,""bid_orders"":1,""ask_orders"":1,""bid_price"":""510.05"",""ask_price"":""511.90""},{""bid_quantity"":100,""ask_quantity"":140,""bid_orders"":1,""ask_orders"":1,""bid_price"":""510.00"",""ask_price"":""513.05""},{""bid_quantity"":100,""ask_quantity"":120,""bid_orders"":1,""ask_orders"":2,""bid_price"":""509.80"",""ask_price"":""513.20""}]"
09:15:15.321,1790739915321167843,1457657875102110,Full Data,8,886659,656.70,20,09:15:15,,,664.50,19940,11900,24540,139920,"[{""bid_quantity"":60,""ask_quantity"":320,""bid_orders"":2,""ask_orders"":5,""bid_price"":""651.70"",""ask_price"":""654.90""},{""bid_quantity"":60,""ask_quantity"":40,""bid_orders"":2,""ask_orders"":1,""bid_price"":""651.65"",""ask_price"":""654.95""},{""bid_quantity"":20,""ask_quantity"":80,""bid_orders"":1,""ask_orders"":1,""bid_price"":""651.60"",""ask_price"":""655.00""},{""bid_quantity"":20,""ask_quantity"":100,""bid_orders"":1,""ask_orders"":4,""bid_price"":""651.55"",""ask_price"":""655.05""},{""bid_quantity"":20,""ask_quantity"":380,""bid_orders"":1,""ask_orders"":5,""bid_price"":""651.40"",""ask_price"":""655.15""}]"
09:15:15.362,1790739915362541070,1457657916475497,Full Data,8,886461,446.35,20,09:15:15,,,453.05,234060,26240,136560,738980,"[{""bid_quantity"":160,""ask_quantity"":40,""bid_orders"":1,""ask_orders"":2,""bid_price"":""445.85"",""ask_price"":""446.80""},{""bid_quantity"":20,""ask_quantity"":40,""bid_orders"":1,""ask_orders"":1,""bid_price"":""445.80"",""ask_price"":""446.90""},{""bid_quantity"":160,""ask_quantity"":40,""bid_orders"":1,""ask_orders"":1,""bid_price"":""445.70"",""ask_price"":""447.45""},{""bid_quantity"":40,""ask_quantity"":120,""bid_orders"":2,""ask_orders"":2,""bid_price"":""445.65"",""ask_price"":""447.50""},{""bid_quantity"":60,""ask_quantity"":40,""bid_orders"":2,""ask_orders"":1,""bid_price"":""445.50"",""ask_price"":""447.55""}]"
09:15:15.365,1790739915365500850,1457657919434797,Full Data,8,886461,447.35,20,09:15:15,,,453.04,234460,24400,136860,738980,"[{""bid_quantity"":20,""ask_quantity"":40,""bid_orders"":1,""ask_orders"":1,""bid_price"":""447.45"",""ask_price"":""448.30""},{""bid_quantity"":160,""ask_quantity"":40,""bid_orders"":1,""ask_orders"":2,""bid_price"":""447.35"",""ask_price"":""448.55""},{""bid_quantity"":60,""ask_quantity"":980,""bid_orders"":2,""ask_orders"":2,""bid_price"":""447.30"",""ask_price"":""448.65""},{""bid_quantity"":160,""ask_quantity"":40,""bid_orders"":1,""ask_orders"":1,""bid_price"":""447.25"",""ask_price"":""448.85""},{""bid_quantity"":20,""ask_quantity"":60,""bid_orders"":1,""ask_orders"":2,""bid_price"":""447.20"",""ask_price"":""449.40""}]"
09:15:15.469,1790739915469027399,1457658022961906,Full Data,8,886685,252.40,20,09:15:15,,,240.88,357140,39160,123920,1113180,"[{""bid_quantity"":60,""ask_quantity"":100,""bid_orders"":1,""ask_orders"":1,""bid_price"":""251.45"",""ask_price"":""252.40""},{""bid_quantity"":140,""ask_quantity"":60,""bid_orders"":1,""ask_orders"":1,""bid_price"":""251.40"",""ask_price"":""252.45""},{""bid_quantity"":40,""ask_quantity"":120,""bid_orders"":1,""ask_orders"":1,""bid_price"":""251.35"",""ask_price"":""252.50""},{""bid_quantity"":40,""ask_quantity"":120,""bid_orders"":1,""ask_orders"":1,""bid_price"":""251.20"",""ask_price"":""252.55""},{""bid_quantity"":20,""ask_quantity"":180,""bid_orders"":1,""ask_orders"":2,""bid_price"":""251.05"",""ask_price"":""252.60""}]"
09:15:15.471,1790739915471956938,1457658025890925,Full Data,8,887100,339.40,20,09:15:15,,,321.76,109420,20680,58960,254140,"[{""bid_quantity"":200,""ask_quantity"":40,""bid_orders"":1,""ask_orders"":1,""bid_price"":""338.20"",""ask_price"":""339.30""},{""bid_quantity"":140,""ask_quantity"":60,""bid_orders"":1,""ask_orders"":2,""bid_price"":""338.15"",""ask_price"":""339.35""},{""bid_quantity"":160,""ask_quantity"":140,""bid_orders"":3,""ask_orders"":4,""bid_price"":""338.10"",""ask_price"":""339.40""},{""bid_quantity"":120,""ask_quantity"":40,""bid_orders"":2,""ask_orders"":2,""bid_price"":""338.05"",""ask_price"":""339.50""},{""bid_quantity"":100,""ask_quantity"":20,""bid_orders"":2,""ask_orders"":1,""bid_price"":""338.00"",""ask_price"":""339.55""}]"
09:15:15.498,1790739915498872472,1457658052806379,Full Data,8,886540,132.30,20,09:15:15,,,120.56,116840,54740,66500,605280,"[{""bid_quantity"":440,""ask_quantity"":120,""bid_orders"":6,""ask_orders"":1,""bid_price"":""131.20"",""ask_price"":""132.70""},{""bid_quantity"":80,""ask_quantity"":140,""bid_orders"":1,""ask_orders"":3,""bid_price"":""131.15"",""ask_price"":""132.75""},{""bid_quantity"":140,""ask_quantity"":120,""bid_orders"":4,""ask_orders"":1,""bid_price"":""131.10"",""ask_price"":""132.80""},{""bid_quantity"":140,""ask_quantity"":60,""bid_orders"":2,""ask_orders"":1,""bid_price"":""131.05"",""ask_price"":""132.85""},{""bid_quantity"":20,""ask_quantity"":240,""bid_orders"":1,""ask_orders"":2,""bid_price"":""131.00"",""ask_price"":""132.90""}]"
09:15:15.532,1790739915532248448,1457658086182355,Full Data,8,886528,335.90,20,09:15:15,,,342.00,188720,19720,145500,227080,"[{""bid_quantity"":20,""ask_quantity"":20,""bid_orders"":1,""ask_orders"":1,""bid_price"":""336.20"",""ask_price"":""336.30""},{""bid_quantity"":60,""ask_quantity"":40,""bid_orders"":1,""ask_orders"":1,""bid_price"":""336.15"",""ask_price"":""336.35""},{""bid_quantity"":80,""ask_quantity"":40,""bid_orders"":1,""ask_orders"":1,""bid_price"":""335.85"",""ask_price"":""336.55""},{""bid_quantity"":160,""ask_quantity"":40,""bid_orders"":1,""ask_orders"":2,""bid_price"":""335.80"",""ask_price"":""336.75""},{""bid_quantity"":160,""ask_quantity"":40,""bid_orders"":1,""ask_orders"":1,""bid_price"":""335.60"",""ask_price"":""337.00""}]"
09:15:15.534,1790739915534583343,1457658088517130,Full Data,8,887100,336.60,20,09:15:15,,,321.78,109580,17600,58260,254140,"[{""bid_quantity"":360,""ask_quantity"":40,""bid_orders"":4,""ask_orders"":1,""bid_price"":""335.80"",""ask_price"":""338.15""},{""bid_quantity"":120,""ask_quantity"":80,""bid_orders"":2,""ask_orders"":3,""bid_price"":""335.75"",""ask_price"":""338.30""},{""bid_quantity"":60,""ask_quantity"":120,""bid_orders"":1,""ask_orders"":1,""bid_price"":""335.70"",""ask_price"":""338.35""},{""bid_quantity"":100,""ask_quantity"":80,""bid_orders"":2,""ask_orders"":1,""bid_price"":""335.65"",""ask_price"":""339.10""},{""bid_quantity"":60,""ask_quantity"":340,""bid_orders"":1,""ask_orders"":3,""bid_price"":""335.60"",""ask_price"":""339.35""}]"
09:15:15.537,1790739915537017679,1457658090951586,Full Data,8,886540,131.20,40,09:15:15,,,120.59,117180,53880,64080,605280,"[{""bid_quantity"":20,""ask_quantity"":60,""bid_orders"":1,""ask_orders"":1,""bid_price"":""131.10"",""ask_price"":""132.05""},{""bid_quantity"":80,""ask_quantity"":240,""bid_orders"":1,""ask_orders"":2,""bid_price"":""131.05"",""ask_price"":""132.55""},{""bid_quantity"":80,""ask_quantity"":20,""bid_orders"":1,""ask_orders"":1,""bid_price"":""130.95"",""ask_price"":""132.70""},{""bid_quantity"":100,""ask_quantity"":100,""bid_orders"":1,""ask_orders"":1,""bid_price"":""130.90"",""ask_price"":""132.75""},{""bid_quantity"":100,""ask_quantity"":240,""bid_orders"":1,""ask_orders"":2,""bid_price"":""130.80"",""ask_price"":""132.85""}]"
09:15:15.577,1790739915577373580,1457658131307687,Full Data,8,887253,730.50,20,09:15:15,,,725.52,7260,10380,28720,68380,"[{""bid_quantity"":40,""ask_quantity"":80,""bid_orders"":1,""ask_orders"":1,""bid_price"":""726.20"",""ask_price"":""730.75""},{""bid_quantity"":80,""ask_quantity"":120,""bid_orders"":1,""ask_orders"":1,""bid_price"":""725.70"",""ask_price"":""730.80""},{""bid_quantity"":20,""ask_quantity"":120,""bid_orders"":1,""ask_orders"":1,""bid_price"":""725.65"",""ask_price"":""730.90""},{""bid_quantity"":40,""ask_quantity"":120,""bid_orders"":1,""ask_orders"":1,""bid_price"":""724.40"",""ask_price"":""731.00""},{""bid_quantity"":100,""ask_quantity"":100,""bid_orders"":1,""ask_orders"":1,""bid_price"":""723.85"",""ask_price"":""731.10""}]"
09:15:15.585,1790739915585443032,1457658139376899,Full Data,8,886528,334.80,20,09:15:15,,,341.97,189420,25140,149020,227080,"[{""bid_quantity"":20,""ask_quantity"":100,""bid_orders"":1,""ask_orders"":2,""bid_price"":""334.40"",""ask_price"":""335.65""},{""bid_quantity"":40,""ask_quantity"":140,""bid_orders"":1,""ask_orders"":5,""bid_price"":""334.35"",""ask_price"":""335.70""},{""bid_quantity"":200,""ask_quantity"":100,""bid_orders"":2,""ask_orders"":2,""bid_price"":""334.25"",""ask_price"":""335.75""},{""bid_quantity"":20,""ask_quantity"":40,""bid_orders"":1,""ask_orders"":1,""bid_price"":""334.20"",""ask_price"":""335.80""},{""bid_quantity"":160,""ask_quantity"":140,""bid_orders"":1,""ask_orders"":2,""bid_price"":""334.00"",""ask_price"":""335.85""}]"
09:15:15.613,1790739915613875416,1457658167809483,Full Data,8,887253,726.85,20,09:15:15,,,725.52,7280,9420,30620,68380,"[{""bid_quantity"":120,""ask_quantity"":80,""bid_orders"":2,""ask_orders"":2,""bid_price"":""725.60"",""ask_price"":""730.95""},{""bid_quantity"":60,""ask_quantity"":120,""bid_orders"":1,""ask_orders"":1,""bid_price"":""725.55"",""ask_price"":""731.00""},{""bid_quantity"":180,""ask_quantity"":60,""bid_orders"":2,""ask_orders"":1,""bid_price"":""725.50"",""ask_price"":""731.10""},{""bid_quantity"":100,""ask_quantity"":80,""bid_orders"":1,""ask_orders"":1,""bid_price"":""725.40"",""ask_price"":""731.25""},{""bid_quantity"":60,""ask_quantity"":20,""bid_orders"":1,""ask_orders"":1,""bid_price"":""725.35"",""ask_price"":""731.30""}]"
09:15:15.898,1790739915898715539,1457658452649766,Full Data,8,887216,157.90,140,09:15:15,,,146.17,162920,34720,90220,604640,"[{""bid_quantity"":80,""ask_quantity"":60,""bid_orders"":1,""ask_orders"":1,""bid_price"":""157.45"",""ask_price"":""158.00""},{""bid_quantity"":40,""ask_quantity"":80,""bid_orders"":2,""ask_orders"":1,""bid_price"":""157.40"",""ask_price"":""158.05""},{""bid_quantity"":260,""ask_quantity"":80,""bid_orders"":2,""ask_orders"":1,""bid_price"":""157.30"",""ask_price"":""158.10""},{""bid_quantity"":420,""ask_quantity"":220,""bid_orders"":3,""ask_orders"":3,""bid_price"":""157.25"",""ask_price"":""158.15""},{""bid_quantity"":120,""ask_quantity"":80,""bid_orders"":2,""ask_orders"":1,""bid_price"":""157.20"",""ask_price"":""158.20""}]"
09:15:15.936,1790739915936034741,1457658489968728,Full Data,8,887306,579.25,60,09:15:15,,,581.33,47640,16000,41160,204460,"[{""bid_quantity"":140,""ask_quantity"":60,""bid_orders"":1,""ask_orders"":2,""bid_price"":""579.25"",""ask_price"":""580.75""},{""bid_quantity"":40,""ask_quantity"":40,""bid_orders"":1,""ask_orders"":1,""bid_price"":""578.50"",""ask_price"":""580.80""},{""bid_quantity"":40,""ask_quantity"":100,""bid_orders"":1,""ask_orders"":2,""bid_price"":""578.45"",""ask_price"":""580.90""},{""bid_quantity"":40,""ask_quantity"":60,""bid_orders"":2,""ask_orders"":1,""bid_price"":""578.35"",""ask_price"":""581.00""},{""bid_quantity"":40,""ask_quantity"":60,""bid_orders"":1,""ask_orders"":1,""bid_price"":""577.55"",""ask_price"":""581.10""}]"
09:15:15.957,1790739915957164837,1457658511098824,Full Data,8,887216,159.00,100,09:15:15,,,146.21,163460,32780,91880,604640,"[{""bid_quantity"":180,""ask_quantity"":60,""bid_orders"":3,""ask_orders"":3,""bid_price"":""158.50"",""ask_price"":""159.10""},{""bid_quantity"":60,""ask_quantity"":20,""bid_orders"":1,""ask_orders"":1,""bid_price"":""158.45"",""ask_price"":""159.55""},{""bid_quantity"":120,""ask_quantity"":140,""bid_orders"":2,""ask_orders"":1,""bid_price"":""158.40"",""ask_price"":""159.60""},{""bid_quantity"":20,""ask_quantity"":20,""bid_orders"":1,""ask_orders"":1,""bid_price"":""158.35"",""ask_price"":""159.75""},{""bid_quantity"":20,""ask_quantity"":220,""bid_orders"":1,""ask_orders"":2,""bid_price"":""158.25"",""ask_price"":""159.80""}]"
09:15:15.993,1790739915993421672,1457658547355819,Full Data,8,887306,575.40,20,09:15:15,,,581.31,47840,13600,38920,204460,"[{""bid_quantity"":60,""ask_quantity"":20,""bid_orders"":2,""ask_orders"":1,""bid_price"":""577.30"",""ask_price"":""578.65""},{""bid_quantity"":80,""ask_quantity"":100,""bid_orders"":2,""ask_orders"":1,""bid_price"":""577.25"",""ask_price"":""579.20""},{""bid_quantity"":20,""ask_quantity"":100,""bid_orders"":1,""ask_orders"":1,""bid_price"":""577.20"",""ask_price"":""580.20""},{""bid_quantity"":20,""ask_quantity"":100,""bid_orders"":1,""ask_orders"":1,""bid_price"":""577.15"",""ask_price"":""580.50""},{""bid_quantity"":60,""ask_quantity"":200,""bid_orders"":2,""ask_orders"":3,""bid_price"":""577.00"",""ask_price"":""580.60""}]"
09:15:16.140,1790739916140202581,1457658694136808,Full Data,8,887355,293.45,40,09:15:16,,,277.08,160420,26520,84460,308440,"[{""bid_quantity"":200,""ask_quantity"":60,""bid_orders"":3,""ask_orders"":1,""bid_price"":""293.50"",""ask_price"":""294.20""},{""bid_quantity"":60,""ask_quantity"":20,""bid_orders"":2,""ask_orders"":1,""bid_price"":""293.45"",""ask_price"":""294.25""},{""bid_quantity"":140,""ask_quantity"":80,""bid_orders"":4,""ask_orders"":1,""bid_price"":""293.40"",""ask_price"":""294.55""},{""bid_quantity"":100,""ask_quantity"":40,""bid_orders"":4,""ask_orders"":2,""bid_price"":""293.35"",""ask_price"":""294.60""},{""bid_quantity"":20,""ask_quantity"":40,""bid_orders"":1,""ask_orders"":1,""bid_price"":""293.30"",""ask_price"":""294.70""}]"
09:15:16.168,1790739916168031522,1457658721965589,Full Data,8,886620,185.10,60,09:15:16,,,172.02,157580,49800,71760,619000,"[{""bid_quantity"":60,""ask_quantity"":100,""bid_orders"":1,""ask_orders"":3,""bid_price"":""185.15"",""ask_price"":""185.75""},{""bid_quantity"":260,""ask_quantity"":120,""bid_orders"":3,""ask_orders"":6,""bid_price"":""185.00"",""ask_price"":""185.90""},{""bid_quantity"":60,""ask_quantity"":200,""bid_orders"":1,""ask_orders"":3,""bid_price"":""184.90"",""ask_price"":""185.95""},{""bid_quantity"":100,""ask_quantity"":120,""bid_orders"":2,""ask_orders"":2,""bid_price"":""184.80"",""ask_price"":""186.00""},{""bid_quantity"":100,""ask_quantity"":80,""bid_orders"":1,""ask_orders"":1,""bid_price"":""184.70"",""ask_price"":""186.05""}]"
09:15:16.259,1790739916259624074,1457658813558101,Full Data,8,887279,218.95,20,09:15:16,,,205.06,312280,34040,77160,563560,"[{""bid_quantity"":80,""ask_quantity"":100,""bid_orders"":1,""ask_orders"":4,""bid_price"":""218.30"",""ask_price"":""219.00""},{""bid_quantity"":160,""ask_quantity"":60,""bid_orders"":1,""ask_orders"":1,""bid_price"":""218.25"",""ask_price"":""219.15""},{""bid_quantity"":120,""ask_quantity"":100,""bid_orders"":1,""ask_orders"":2,""bid_price"":""218.20"",""ask_price"":""219.30""},{""bid_quantity"":160,""ask_quantity"":40,""bid_orders"":1,""ask_orders"":1,""bid_price"":""218.15"",""ask_price"":""219.35""},{""bid_quantity"":140,""ask_quantity"":40,""bid_orders"":1,""ask_orders"":1,""bid_price"":""218.05"",""ask_price"":""219.40""}]"
09:15:16.262,1790739916262754094,1457658816687961,Full Data,8,887080,507.00,100,09:15:16,,,516.96,97360,18760,69240,212920,"[{""bid_quantity"":100,""ask_quantity"":160,""bid_orders"":1,""ask_orders"":3,""bid_price"":""506.00"",""ask_price"":""508.30""},{""bid_quantity"":40,""ask_quantity"":20,""bid_orders"":1,""ask_orders"":1,""bid_price"":""505.85"",""ask_price"":""508.35""},{""bid_quantity"":100,""ask_quantity"":40,""bid_orders"":1,""ask_orders"":1,""bid_price"":""505.80"",""ask_price"":""508.40""},{""bid_quantity"":100,""ask_quantity"":140,""bid_orders"":1,""ask_orders"":1,""bid_price"":""505.60"",""ask_price"":""508.45""},{""bid_quantity"":160,""ask_quantity"":60,""bid_orders"":1,""ask_orders"":2,""bid_price"":""505.15"",""ask_price"":""508.50""}]"
09:15:16.274,1790739916274646811,1457658828580678,Ticker Data,0,51,72576.81,,09:15:16,,,,,,,,
09:15:16.296,1790739916296092830,1457658850026697,Full Data,8,886659,649.25,40,09:15:16,,,664.38,20140,14100,27280,139920,"[{""bid_quantity"":40,""ask_quantity"":60,""bid_orders"":2,""ask_orders"":1,""bid_price"":""645.90"",""ask_price"":""649.10""},{""bid_quantity"":80,""ask_quantity"":80,""bid_orders"":1,""ask_orders"":2,""bid_price"":""645.85"",""ask_price"":""649.15""},{""bid_quantity"":80,""ask_quantity"":140,""bid_orders"":1,""ask_orders"":3,""bid_price"":""645.75"",""ask_price"":""649.20""},{""bid_quantity"":120,""ask_quantity"":180,""bid_orders"":1,""ask_orders"":2,""bid_price"":""645.65"",""ask_price"":""649.30""},{""bid_quantity"":20,""ask_quantity"":200,""bid_orders"":1,""ask_orders"":2,""bid_price"":""645.60"",""ask_price"":""649.40""}]"
09:15:16.332,1790739916332156103,1457658886090050,Full Data,8,887080,505.15,20,09:15:16,,,516.91,97820,19740,70160,212920,"[{""bid_quantity"":20,""ask_quantity"":60,""bid_orders"":1,""ask_orders"":1,""bid_price"":""505.10"",""ask_price"":""505.95""},{""bid_quantity"":20,""ask_quantity"":40,""bid_orders"":1,""ask_orders"":1,""bid_price"":""504.95"",""ask_price"":""506.00""},{""bid_quantity"":20,""ask_quantity"":60,""bid_orders"":1,""ask_orders"":1,""bid_price"":""504.15"",""ask_price"":""506.05""},{""bid_quantity"":60,""ask_quantity"":200,""bid_orders"":1,""ask_orders"":4,""bid_price"":""502.00"",""ask_price"":""506.10""},{""bid_quantity"":20,""ask_quantity"":180,""bid_orders"":1,""ask_orders"":2,""bid_price"":""501.70"",""ask_price"":""506.15""}]"
09:15:16.344,1790739916344931186,1457658898865093,Full Data,8,886659,645.75,20,09:15:16,,,664.36,20160,12940,25120,139920,"[{""bid_quantity"":20,""ask_quantity"":40,""bid_orders"":1,""ask_orders"":1,""bid_price"":""642.15"",""ask_price"":""644.15""},{""bid_quantity"":20,""ask_quantity"":40,""bid_orders"":1,""ask_orders"":1,""bid_price"":""641.95"",""ask_price"":""644.20""},{""bid_quantity"":60,""ask_quantity"":120,""bid_orders"":1,""ask_orders"":1,""bid_price"":""641.25"",""ask_price"":""644.25""},{""bid_quantity"":20,""ask_quantity"":100,""bid_orders"":1,""ask_orders"":1,""bid_price"":""641.20"",""ask_price"":""644.35""},{""bid_quantity"":20,""ask_quantity"":60,""bid_orders"":1,""ask_orders"":1,""bid_price"":""640.90"",""ask_price"":""644.45""}]"
09:15:16.382,1790739916382609190,1457658936543177,Full Data,8,886461,440.80,40,09:15:16,,,452.79,246460,24780,136680,738980,"[{""bid_quantity"":100,""ask_quantity"":60,""bid_orders"":2,""ask_orders"":2,""bid_price"":""440.50"",""ask_price"":""441.50""},{""bid_quantity"":280,""ask_quantity"":40,""bid_orders"":2,""ask_orders"":1,""bid_price"":""440.45"",""ask_price"":""441.60""},{""bid_quantity"":40,""ask_quantity"":60,""bid_orders"":1,""ask_orders"":2,""bid_price"":""440.40"",""ask_price"":""441.75""},{""bid_quantity"":260,""ask_quantity"":80,""bid_orders"":3,""ask_orders"":1,""bid_price"":""440.35"",""ask_price"":""442.25""},{""bid_quantity"":20,""ask_quantity"":40,""bid_orders"":1,""ask_orders"":1,""bid_price"":""440.00"",""ask_price"":""442.30""}]"
09:15:16.405,1790739916405271856,1457658959205843,Full Data,8,886461,443.60,20,09:15:16,,,452.77,246920,24280,136220,738980,"[{""bid_quantity"":160,""ask_quantity"":140,""bid_orders"":1,""ask_orders"":2,""bid_price"":""442.10"",""ask_price"":""443.55""},{""bid_quantity"":40,""ask_quantity"":40,""bid_orders"":1,""ask_orders"":1,""bid_price"":""442.05"",""ask_price"":""443.60""},{""bid_quantity"":180,""ask_quantity"":20,""bid_orders"":2,""ask_orders"":1,""bid_price"":""442.00"",""ask_price"":""443.70""},{""bid_quantity"":20,""ask_quantity"":60,""bid_orders"":1,""ask_orders"":1,""bid_price"":""441.95"",""ask_price"":""444.65""},{""bid_quantity"":80,""ask_quantity"":40,""bid_orders"":2,""ask_orders"":1,""bid_price"":""441.90"",""ask_price"":""445.40""}]"
09:15:16.470,1790739916470721120,1457659024655387,Full Data,8,886685,257.40,20,09:15:16,,,241.54,375200,38540,137820,1113180,"[{""bid_quantity"":60,""ask_quantity"":40,""bid_orders"":1,""ask_orders"":1,""bid_price"":""257.15"",""ask_price"":""258.05""},{""bid_quantity"":160,""ask_quantity"":60,""bid_orders"":1,""ask_orders"":1,""bid_price"":""257.10"",""ask_price"":""258.10""},{""bid_quantity"":60,""ask_quantity"":120,""bid_orders"":1,""ask_orders"":1,""bid_price"":""257.05"",""ask_price"":""258.35""},{""bid_quantity"":160,""ask_quantity"":100,""bid_orders"":1,""ask_orders"":1,""bid_price"":""257.00"",""ask_price"":""258.40""},{""bid_quantity"":60,""ask_quantity"":140,""bid_orders"":1,""ask_orders"":1,""bid_price"":""256.95"",""ask_price"":""258.55""}]"
09:15:16.514,1790739916514191881,1457659068125788,Full Data,8,887100,343.85,40,09:15:16,,,323.77,122420,22060,60300,254140,"[{""bid_quantity"":60,""ask_quantity"":40,""bid_orders"":2,""ask_orders"":1,""bid_price"":""342.50"",""ask_price"":""343.55""},{""bid_quantity"":40,""ask_quantity"":40,""bid_orders"":1,""ask_orders"":1,""bid_price"":""342.15"",""ask_price"":""343.60""},{""bid_quantity"":80,""ask_quantity"":20,""bid_orders"":2,""ask_orders"":1,""bid_price"":""342.10"",""ask_price"":""343.70""},{""bid_quantity"":80,""ask_quantity"":160,""bid_orders"":1,""ask_orders"":4,""bid_price"":""342.00"",""ask_price"":""343.80""},{""bid_quantity"":40,""ask_quantity"":80,""bid_orders"":1,""ask_orders"":1,""bid_price"":""341.95"",""ask_price"":""343.90""}]"
09:15:16.535,1790739916535576939,1457659089510926,Full Data,8,886540,134.30,20,09:15:16,,,121.21,123480,55500,66920,605280,"[{""bid_quantity"":80,""ask_quantity"":80,""bid_orders"":1,""ask_orders"":1,""bid_price"":""134.45"",""ask_price"":""135.05""},{""bid_quantity"":60,""ask_quantity"":80,""bid_orders"":1,""ask_orders"":1,""bid_price"":""134.40"",""ask_price"":""135.55""},{""bid_quantity"":40,""ask_quantity"":80,""bid_orders"":1,""ask_orders"":1,""bid_price"":""134.35"",""ask_price"":""135.60""},{""bid_quantity"":40,""ask_quantity"":40,""bid_orders"":1,""ask_orders"":1,""bid_price"":""134.30"",""ask_price"":""135.65""},{""bid_quantity"":80,""ask_quantity"":260,""bid_orders"":1,""ask_orders"":2,""bid_price"":""134.25"",""ask_price"":""135.70""}]"
09:15:16.569,1790739916569787481,1457659123721668,Full Data,8,887100,340.55,40,09:15:16,,,323.85,122940,22920,61280,254140,"[{""bid_quantity"":40,""ask_quantity"":60,""bid_orders"":1,""ask_orders"":2,""bid_price"":""340.65"",""ask_price"":""341.90""},{""bid_quantity"":20,""ask_quantity"":400,""bid_orders"":1,""ask_orders"":4,""bid_price"":""340.55"",""ask_price"":""341.95""},{""bid_quantity"":100,""ask_quantity"":300,""bid_orders"":1,""ask_orders"":3,""bid_price"":""340.00"",""ask_price"":""342.00""},{""bid_quantity"":60,""ask_quantity"":100,""bid_orders"":1,""ask_orders"":2,""bid_price"":""339.70"",""ask_price"":""342.10""},{""bid_quantity"":100,""ask_quantity"":160,""bid_orders"":1,""ask_orders"":2,""bid_price"":""339.35"",""ask_price"":""342.15""}]"
09:15:16.594,1790739916594011917,1457659147946024,Full Data,8,886528,331.75,20,09:15:16,,,341.46,199520,23800,147320,227080,"[{""bid_quantity"":20,""ask_quantity"":100,""bid_orders"":1,""ask_orders"":3,""bid_price"":""330.20"",""ask_price"":""331.35""},{""bid_quantity"":60,""ask_quantity"":40,""bid_orders"":2,""ask_orders"":1,""bid_price"":""329.85"",""ask_price"":""331.40""},{""bid_quantity"":40,""ask_quantity"":40,""bid_orders"":1,""ask_orders"":1,""bid_price"":""329.80"",""ask_price"":""331.50""},{""bid_quantity"":160,""ask_quantity"":120,""bid_orders"":1,""ask_orders"":2,""bid_price"":""329.00"",""ask_price"":""331.65""},{""bid_quantity"":160,""ask_quantity"":40,""bid_orders"":1,""ask_orders"":1,""bid_price"":""328.95"",""ask_price"":""331.70""}]"
09:15:16.614,1790739916614037087,1457659167971354,Full Data,8,887253,720.90,20,09:15:16,,,725.55,7620,9820,30920,68380,"[{""bid_quantity"":200,""ask_quantity"":60,""bid_orders"":2,""ask_orders"":1,""bid_price"":""720.00"",""ask_price"":""723.20""},{""bid_quantity"":80,""ask_quantity"":80,""bid_orders"":2,""ask_orders"":1,""bid_price"":""719.95"",""ask_price"":""724.40""},{""bid_quantity"":60,""ask_quantity"":40,""bid_orders"":1,""ask_orders"":1,""bid_price"":""719.90"",""ask_price"":""724.45""},{""bid_quantity"":140,""ask_quantity"":240,""bid_orders"":2,""ask_orders"":1,""bid_price"":""719.80"",""ask_price"":""724.65""},{""bid_quantity"":120,""ask_quantity"":240,""bid_orders"":1,""ask_orders"":1,""bid_price"":""719.70"",""ask_price"":""725.45""}]"
09:15:16.678,1790739916678052101,1457659231986688,Full Data,8,886528,328.65,40,09:15:16,,,341.33,201660,23480,146620,227080,"[{""bid_quantity"":40,""ask_quantity"":120,""bid_orders"":2,""ask_orders"":3,""bid_price"":""328.25"",""ask_price"":""329.30""},{""bid_quantity"":100,""ask_quantity"":200,""bid_orders"":2,""ask_orders"":2,""bid_price"":""328.05"",""ask_price"":""329.40""},{""bid_quantity"":120,""ask_quantity"":120,""bid_orders"":4,""ask_orders"":2,""bid_price"":""328.00"",""ask_price"":""329.50""},{""bid_quantity"":280,""ask_quantity"":60,""bid_orders"":2,""ask_orders"":1,""bid_price"":""327.85"",""ask_price"":""329.55""},{""bid_quantity"":100,""ask_quantity"":20,""bid_orders"":1,""ask_orders"":1,""bid_price"":""327.80"",""ask_price"":""329.65""}]"
09:15:16.702,1790739916702330458,1457659256264445,Full Data,8,887253,720.90,20,09:15:16,,,725.55,7620,10000,30480,68380,"[{""bid_quantity"":80,""ask_quantity"":180,""bid_orders"":1,""ask_orders"":3,""bid_price"":""716.65"",""ask_price"":""723.15""},{""bid_quantity"":180,""ask_quantity"":60,""bid_orders"":2,""ask_orders"":1,""bid_price"":""716.60"",""ask_price"":""723.20""},{""bid_quantity"":60,""ask_quantity"":240,""bid_orders"":1,""ask_orders"":3,""bid_price"":""716.55"",""ask_price"":""723.25""},{""bid_quantity"":120,""ask_quantity"":80,""bid_orders"":1,""ask_orders"":1,""bid_price"":""716.50"",""ask_price"":""723.30""},{""bid_quantity"":120,""ask_quantity"":60,""bid_orders"":1,""ask_orders"":1,""bid_price"":""716.40"",""ask_price"":""723.90""}]"
09:15:16.846,1790739916846859753,1457659400793980,Full Data,8,887135,377.80,20,09:15:16,,,396.49,189580,19880,59760,307120,"[{""bid_quantity"":60,""ask_quantity"":160,""bid_orders"":1,""ask_orders"":4,""bid_price"":""377.80"",""ask_price"":""379.10""},{""bid_quantity"":40,""ask_quantity"":160,""bid_orders"":1,""ask_orders"":1,""bid_price"":""377.75"",""ask_price"":""379.15""},{""bid_quantity"":40,""ask_quantity"":160,""bid_orders"":1,""ask_orders"":1,""bid_price"":""377.60"",""ask_price"":""379.25""},{""bid_quantity"":40,""ask_quantity"":20,""bid_orders"":1,""ask_orders"":1,""bid_price"":""377.45"",""ask_price"":""379.35""},{""bid_quantity"":80,""ask_quantity"":60,""bid_orders"":1,""ask_orders"":2,""bid_price"":""377.35"",""ask_price"":""379.40""}]"
09:15:16.992,1790739916992733217,1457659546667724,Full Data,8,887306,565.15,20,09:15:16,,,581.14,49100,15160,37140,204460,"[{""bid_quantity"":160,""ask_quantity"":40,""bid_orders"":6,""ask_orders"":2,""bid_price"":""562.45"",""ask_price"":""565.80""},{""bid_quantity"":140,""ask_quantity"":60,""bid_orders"":2,""ask_orders"":2,""bid_price"":""562.35"",""ask_price"":""565.85""},{""bid_quantity"":260,""ask_quantity"":40,""bid_orders"":2,""ask_orders"":1,""bid_price"":""562.30"",""ask_price"":""566.00""},{""bid_quantity"":20,""ask_quantity"":20,""bid_orders"":1,""ask_orders"":1,""bid_price"":""562.10"",""ask_price"":""566.10""},{""bid_quantity"":100,""ask_quantity"":40,""bid_orders"":1,""ask_orders"":1,""bid_price"":""562.00"",""ask_price"":""566.60""}]"
09:15:17.008,1790739917008298358,1457659562232305,Full Data,8,887216,162.60,80,09:15:16,,,147.40,178680,32660,90480,604640,"[{""bid_quantity"":160,""ask_quantity"":140,""bid_orders"":2,""ask_orders"":1,""bid_price"":""162.25"",""ask_price"":""162.65""},{""bid_quantity"":120,""ask_quantity"":60,""bid_orders"":1,""ask_orders"":1,""bid_price"":""162.20"",""ask_price"":""162.90""},{""bid_quantity"":300,""ask_quantity"":80,""bid_orders"":1,""ask_orders"":1,""bid_price"":""162.10"",""ask_price"":""162.95""},{""bid_quantity"":60,""ask_quantity"":80,""bid_orders"":2,""ask_orders"":1,""bid_price"":""162.05"",""ask_price"":""163.05""},{""bid_quantity"":80,""ask_quantity"":140,""bid_orders"":1,""ask_orders"":2,""bid_price"":""161.75"",""ask_price"":""163.10""}]"
09:15:17.026,1790739917026960198,1457659580894065,Full Data,8,887306,566.90,20,09:15:17,,,581.10,49240,15240,37140,204460,"[{""bid_quantity"":160,""ask_quantity"":120,""bid_orders"":4,""ask_orders"":2,""bid_price"":""563.95"",""ask_price"":""566.80""},{""bid_quantity"":40,""ask_quantity"":40,""bid_orders"":2,""ask_orders"":1,""bid_price"":""563.90"",""ask_price"":""566.85""},{""bid_quantity"":40,""ask_quantity"":260,""bid_orders"":2,""ask_orders"":4,""bid_price"":""563.85"",""ask_price"":""566.95""},{""bid_quantity"":20,""ask_quantity"":140,""bid_orders"":1,""ask_orders"":2,""bid_price"":""563.45"",""ask_price"":""567.00""},{""bid_quantity"":40,""ask_quantity"":60,""bid_orders"":2,""ask_orders"":2,""bid_price"":""563.40"",""ask_price"":""567.10""}]"
09:15:17.125,1790739917125469796,1457659679404343,Full Data,8,887355,300.55,40,09:15:17,,,278.48,172300,27440,83680,308440,"[{""bid_quantity"":20,""ask_quantity"":40,""bid_orders"":1,""ask_orders"":1,""bid_price"":""299.75"",""ask_price"":""300.40""},{""bid_quantity"":240,""ask_quantity"":80,""bid_orders"":2,""ask_orders"":1,""bid_price"":""298.20"",""ask_price"":""300.45""},{""bid_quantity"":100,""ask_quantity"":380,""bid_orders"":1,""ask_orders"":1,""bid_price"":""298.15"",""ask_price"":""300.55""},{""bid_quantity"":200,""ask_quantity"":40,""bid_orders"":1,""ask_orders"":1,""bid_price"":""298.00"",""ask_price"":""300.60""},{""bid_quantity"":100,""ask_quantity"":60,""bid_orders"":1,""ask_orders"":1,""bid_price"":""297.80"",""ask_price"":""300.65""}]"
09:15:17.146,1790739917146776733,1457659700711000,Full Data,8,886620,188.25,20,09:15:17,,,173.20,170220,48760,71820,619000,"[{""bid_quantity"":40,""ask_quantity"":60,""bid_orders"":1,""ask_orders"":1,""bid_price"":""188.25"",""ask_price"":""189.90""},{""bid_quantity"":160,""ask_quantity"":160,""bid_orders"":1,""ask_orders"":2,""bid_price"":""188.20"",""ask_price"":""189.95""},{""bid_quantity"":120,""ask_quantity"":80,""bid_orders"":2,""ask_orders"":1,""bid_price"":""188.15"",""ask_price"":""190.00""},{""bid_quantity"":60,""ask_quantity"":200,""bid_orders"":1,""ask_orders"":3,""bid_price"":""188.10"",""ask_price"":""190.05""},{""bid_quantity"":60,""ask_quantity"":220,""bid_orders"":1,""ask_orders"":5,""bid_price"":""188.05"",""ask_price"":""190.10""}]"
09:15:17.245,1790739917245720534,1457659799655121,Full Data,8,887279,224.40,20,09:15:17,,,205.87,328880,33240,77860,563560,"[{""bid_quantity"":60,""ask_quantity"":60,""bid_orders"":1,""ask_orders"":1,""bid_price"":""223.65"",""ask_price"":""224.40""},{""bid_quantity"":120,""ask_quantity"":20,""bid_orders"":1,""ask_orders"":1,""bid_price"":""223.60"",""ask_price"":""224.50""},{""bid_quantity"":120,""ask_quantity"":260,""bid_orders"":1,""ask_orders"":2,""bid_price"":""223.50"",""ask_price"":""224.55""},{""bid_quantity"":20,""ask_quantity"":40,""bid_orders"":1,""ask_orders"":1,""bid_price"":""223.40"",""ask_price"":""224.65""},{""bid_quantity"":240,""ask_quantity"":200,""bid_orders"":2,""ask_orders"":2,""bid_price"":""223.30"",""ask_price"":""224.70""}]"
09:15:17.279,1790739917279563592,1457659833497459,Ticker Data,0,51,72577.18,,09:15:17,,,,,,,,
09:15:17.307,1790739917307551774,1457659861485761,Full Data,8,887080,496.20,20,09:15:17,,,515.85,105100,20000,67760,212920,"[{""bid_quantity"":20,""ask_quantity"":20,""bid_orders"":1,""ask_orders"":1,""bid_price"":""496.15"",""ask_price"":""497.50""},{""bid_quantity"":20,""ask_quantity"":140,""bid_orders"":1,""ask_orders"":1,""bid_price"":""496.05"",""ask_price"":""497.55""},{""bid_quantity"":20,""ask_quantity"":60,""bid_orders"":1,""ask_orders"":2,""bid_price"":""496.00"",""ask_price"":""497.65""},{""bid_quantity"":20,""ask_quantity"":60,""bid_orders"":1,""ask_orders"":2,""bid_price"":""495.85"",""ask_price"":""497.70""},{""bid_quantity"":40,""ask_quantity"":20,""bid_orders"":1,""ask_orders"":1,""bid_price"":""495.75"",""ask_price"":""497.85""}]"
09:15:17.337,1790739917337574848,1457659891509075,Full Data,8,886659,635.90,20,09:15:17,,,663.76,20720,12580,26840,139920,"[{""bid_quantity"":60,""ask_quantity"":160,""bid_orders"":2,""ask_orders"":3,""bid_price"":""634.70"",""ask_price"":""637.80""},{""bid_quantity"":20,""ask_quantity"":60,""bid_orders"":1,""ask_orders"":2,""bid_price"":""634.65"",""ask_price"":""637.85""},{""bid_quantity"":60,""ask_quantity"":20,""bid_orders"":2,""ask_orders"":1,""bid_price"":""634.50"",""ask_price"":""637.95""},{""bid_quantity"":40,""ask_quantity"":100,""bid_orders"":2,""ask_orders"":3,""bid_price"":""634.45"",""ask_price"":""638.00""},{""bid_quantity"":80,""ask_quantity"":40,""bid_orders"":2,""ask_orders"":1,""bid_price"":""634.30"",""ask_price"":""638.05""}]"
09:15:17.370,1790739917370918103,1457659924852090,Full Data,8,887080,496.05,20,09:15:17,,,515.81,105320,17640,67760,212920,"[{""bid_quantity"":80,""ask_quantity"":40,""bid_orders"":2,""ask_orders"":1,""bid_price"":""496.35"",""ask_price"":""497.95""},{""bid_quantity"":160,""ask_quantity"":20,""bid_orders"":1,""ask_orders"":1,""bid_price"":""496.30"",""ask_price"":""498.00""},{""bid_quantity"":20,""ask_quantity"":80,""bid_orders"":1,""ask_orders"":3,""bid_price"":""496.25"",""ask_price"":""498.15""},{""bid_quantity"":20,""ask_quantity"":460,""bid_orders"":1,""ask_orders"":2,""bid_price"":""496.20"",""ask_price"":""498.20""},{""bid_quantity"":20,""ask_quantity"":20,""bid_orders"":1,""ask_orders"":1,""bid_price"":""496.10"",""ask_price"":""498.30""}]"
09:15:17.417,1790739917417161603,1457659971095750,Full Data,8,886659,635.90,20,09:15:17,,,663.76,20720,11460,25720,139920,"[{""bid_quantity"":40,""ask_quantity"":360,""bid_orders"":1,""ask_orders"":5,""bid_price"":""634.95"",""ask_price"":""637.70""},{""bid_quantity"":20,""ask_quantity"":40,""bid_orders"":1,""ask_orders"":1,""bid_price"":""634.90"",""ask_price"":""637.80""},{""bid_quantity"":40,""ask_quantity"":40,""bid_orders"":1,""ask_orders"":1,""bid_price"":""634.75"",""ask_price"":""637.85""},{""bid_quantity"":20,""ask_quantity"":40,""bid_orders"":1,""ask_orders"":1,""bid_price"":""634.70"",""ask_price"":""637.95""},{""bid_quantity"":20,""ask_quantity"":60,""bid_orders"":1,""ask_orders"":2,""bid_price"":""634.50"",""ask_price"":""638.00""}]"
09:15:17.426,1790739917427003026,1457659980937093,Full Data,8,886461,434.75,20,09:15:17,,,452.40,253440,26880,138060,738980,"[{""bid_quantity"":20,""ask_quantity"":180,""bid_orders"":1,""ask_orders"":1,""bid_price"":""434.15"",""ask_price"":""434.75""},{""bid_quantity"":20,""ask_quantity"":20,""bid_orders"":1,""ask_orders"":1,""bid_price"":""433.95"",""ask_price"":""434.85""},{""bid_quantity"":60,""ask_quantity"":80,""bid_orders"":2,""ask_orders"":1,""bid_price"":""433.90"",""ask_price"":""434.90""},{""bid_quantity"":160,""ask_quantity"":40,""bid_orders"":1,""ask_orders"":1,""bid_price"":""433.85"",""ask_price"":""434.95""},{""bid_quantity"":40,""ask_quantity"":40,""bid_orders"":2,""ask_orders"":1,""bid_price"":""433.80"",""ask_price"":""435.20""}]"
09:15:17.473,1790739917473385166,1457660027319633,Full Data,8,886685,261.60,60,09:15:17,,,242.45,394520,39180,145660,1113180,"[{""bid_quantity"":160,""ask_quantity"":40,""bid_orders"":1,""ask_orders"":1,""bid_price"":""261.25"",""ask_price"":""261.85""},{""bid_quantity"":160,""ask_quantity"":40,""bid_orders"":2,""ask_orders"":1,""bid_price"":""261.20"",""ask_price"":""261.95""},{""bid_quantity"":40,""ask_quantity"":40,""bid_orders"":1,""ask_orders"":1,""bid_price"":""261.05"",""ask_price"":""262.00""},{""bid_quantity"":20,""ask_quantity"":100,""bid_orders"":1,""ask_orders"":2,""bid_price"":""261.00"",""ask_price"":""262.05""},{""bid_quantity"":140,""ask_quantity"":100,""bid_orders"":1,""ask_orders"":2,""bid_price"":""260.90"",""ask_price"":""262.15""}]"
09:15:17.575,1790739917575602708,1457660129536775,Full Data,8,887100,350.20,200,09:15:17,,,325.74,134660,20940,62320,254140,"[{""bid_quantity"":40,""ask_quantity"":100,""bid_orders"":1,""ask_orders"":2,""bid_price"":""350.20"",""ask_price"":""351.20""},{""bid_quantity"":40,""ask_quantity"":60,""bid_orders"":1,""ask_orders"":1,""bid_price"":""350.15"",""ask_price"":""351.25""},{""bid_quantity"":40,""ask_quantity"":80,""bid_orders"":1,""ask_orders"":1,""bid_price"":""350.10"",""ask_price"":""351.55""},{""bid_quantity"":40,""ask_quantity"":40,""bid_orders"":1,""ask_orders"":1,""bid_price"":""350.05"",""ask_price"":""351.60""},{""bid_quantity"":300,""ask_quantity"":60,""bid_orders"":2,""ask_orders"":1,""bid_price"":""349.80"",""ask_price"":""351.70""}]"
09:15:17.598,1790739917598349255,1457660152283282,Full Data,8,886540,138.70,20,09:15:17,,,122.27,133740,56920,68420,605280,"[{""bid_quantity"":60,""ask_quantity"":80,""bid_orders"":1,""ask_orders"":1,""bid_price"":""137.95"",""ask_price"":""138.60""},{""bid_quantity"":80,""ask_quantity"":60,""bid_orders"":1,""ask_orders"":1,""bid_price"":""137.90"",""ask_price"":""138.70""},{""bid_quantity"":60,""ask_quantity"":120,""bid_orders"":1,""ask_orders"":1,""bid_price"":""137.85"",""ask_price"":""138.80""},{""bid_quantity"":60,""ask_quantity"":120,""bid_orders"":1,""ask_orders"":1,""bid_price"":""137.75"",""ask_price"":""138.90""},{""bid_quantity"":80,""ask_quantity"":180,""bid_orders"":1,""ask_orders"":2,""bid_price"":""137.70"",""ask_price"":""138.95""}]"
09:15:17.631,1790739917631837751,1457660185771778,Full Data,8,887100,352.00,20,09:15:17,,,325.76,134800,17860,63340,254140,"[{""bid_quantity"":240,""ask_quantity"":20,""bid_orders"":2,""ask_orders"":1,""bid_price"":""352.45"",""ask_price"":""353.25""},{""bid_quantity"":120,""ask_quantity"":20,""bid_orders"":1,""ask_orders"":1,""bid_price"":""352.40"",""ask_price"":""353.30""},{""bid_quantity"":360,""ask_quantity"":80,""bid_orders"":3,""ask_orders"":1,""bid_price"":""352.35"",""ask_price"":""354.90""},{""bid_quantity"":100,""ask_quantity"":40,""bid_orders"":1,""ask_orders"":1,""bid_price"":""352.00"",""ask_price"":""355.90""},{""bid_quantity"":80,""ask_quantity"":520,""bid_orders"":2,""ask_orders"":1,""bid_price"":""351.95"",""ask_price"":""355.95""}]"
09:15:17.682,1790739917682780601,1457660236715068,Full Data,8,886528,318.80,20,09:15:17,,,340.35,213060,33300,146860,227080,"[{""bid_quantity"":120,""ask_quantity"":40,""bid_orders"":3,""ask_orders"":1,""bid_price"":""317.80"",""ask_price"":""318.75""},{""bid_quantity"":40,""ask_quantity"":40,""bid_orders"":1,""ask_orders"":1,""bid_price"":""317.70"",""ask_price"":""318.85""},{""bid_quantity"":40,""ask_quantity"":240,""bid_orders"":2,""ask_orders"":3,""bid_price"":""317.65"",""ask_price"":""318.90""},{""bid_quantity"":120,""ask_quantity"":60,""bid_orders"":2,""ask_orders"":2,""bid_price"":""317.60"",""ask_price"":""318.95""},{""bid_quantity"":140,""ask_quantity"":80,""bid_orders"":2,""ask_orders"":2,""bid_price"":""317.50"",""ask_price"":""319.00""}]"
09:15:17.730,1790739917730708431,1457660284642978,Full Data,8,887253,701.35,20,09:15:17,,,725.29,7740,14260,29520,68380,"[{""bid_quantity"":160,""ask_quantity"":340,""bid_orders"":1,""ask_orders"":3,""bid_price"":""699.10"",""ask_price"":""706.10""},{""bid_quantity"":120,""ask_quantity"":140,""bid_orders"":1,""ask_orders"":2,""bid_price"":""699.05"",""ask_price"":""706.15""},{""bid_quantity"":260,""ask_quantity"":220,""bid_orders"":4,""ask_orders"":3,""bid_price"":""699.00"",""ask_price"":""706.20""},{""bid_quantity"":120,""ask_quantity"":240,""bid_orders"":1,""ask_orders"":2,""bid_price"":""698.95"",""ask_price"":""706.25""},{""bid_quantity"":180,""ask_quantity"":180,""bid_orders"":2,""ask_orders"":2,""bid_price"":""698.90"",""ask_price"":""706.30""}]"
09:15:17.769,1790739917769930245,1457660323864232,Full Data,8,886528,316.10,20,09:15:17,,,340.25,214000,25140,144440,227080,"[{""bid_quantity"":60,""ask_quantity"":40,""bid_orders"":2,""ask_orders"":1,""bid_price"":""315.85"",""ask_price"":""316.85""},{""bid_quantity"":40,""ask_quantity"":20,""bid_orders"":2,""ask_orders"":1,""bid_price"":""315.80"",""ask_price"":""316.90""},{""bid_quantity"":160,""ask_quantity"":40,""bid_orders"":1,""ask_orders"":2,""bid_price"":""315.75"",""ask_price"":""317.00""},{""bid_quantity"":40,""ask_quantity"":60,""bid_orders"":2,""ask_orders"":2,""bid_price"":""315.70"",""ask_price"":""317.05""},{""bid_quantity"":20,""ask_quantity"":60,""bid_orders"":1,""ask_orders"":2,""bid_price"":""315.65"",""ask_price"":""317.20""}]"
09:15:17.790,1790739917790742259,1457660344676406,Full Data,8,887253,699.20,20,09:15:17,,,725.22,7760,13420,29380,68380,"[{""bid_quantity"":40,""ask_quantity"":80,""bid_orders"":2,""ask_orders"":1,""bid_price"":""699.20"",""ask_price"":""702.40""},{""bid_quantity"":40,""ask_quantity"":80,""bid_orders"":2,""ask_orders"":1,""bid_price"":""699.10"",""ask_price"":""702.45""},{""bid_quantity"":80,""ask_quantity"":80,""bid_orders"":1,""ask_orders"":1,""bid_price"":""697.80"",""ask_price"":""702.50""},{""bid_quantity"":40,""ask_quantity"":80,""bid_orders"":2,""ask_orders"":1,""bid_price"":""697.75"",""ask_price"":""702.55""},{""bid_quantity"":40,""ask_quantity"":40,""bid_orders"":1,""ask_orders"":1,""bid_price"":""697.65"",""ask_price"":""702.60""}]"
09:15:18.011,1790739918011953610,1457660565887797,Full Data,8,887216,166.75,120,09:15:17,,,148.17,187500,34580,90840,604640,"[{""bid_quantity"":80,""ask_quantity"":80,""bid_orders"":1,""ask_orders"":1,""bid_price"":""165.55"",""ask_price"":""166.25""},{""bid_quantity"":280,""ask_quantity"":80,""bid_orders"":1,""ask_orders"":1,""bid_price"":""165.50"",""ask_price"":""166.30""},{""bid_quantity"":80,""ask_quantity"":20,""bid_orders"":1,""ask_orders"":1,""bid_price"":""165.45"",""ask_price"":""166.35""},{""bid_quantity"":40,""ask_quantity"":120,""bid_orders"":1,""ask_orders"":1,""bid_price"":""165.40"",""ask_price"":""166.40""},{""bid_quantity"":80,""ask_quantity"":60,""bid_orders"":1,""ask_orders"":1,""bid_price"":""165.30"",""ask_price"":""166.45""}]"
09:15:18.050,1790739918050577140,1457660604511127,Full Data,8,887306,555.40,80,09:15:17,,,580.96,49580,16380,38600,204460,"[{""bid_quantity"":40,""ask_quantity"":220,""bid_orders"":2,""ask_orders"":3,""bid_price"":""556.30"",""ask_price"":""560.65""},{""bid_quantity"":80,""ask_quantity"":180,""bid_orders"":3,""ask_orders"":3,""bid_price"":""556.25"",""ask_price"":""560.70""},{""bid_quantity"":260,""ask_quantity"":160,""bid_orders"":2,""ask_orders"":1,""bid_price"":""556.20"",""ask_price"":""560.75""},{""bid_quantity"":100,""ask_quantity"":40,""bid_orders"":1,""ask_orders"":1,""bid_price"":""555.80"",""ask_price"":""560.80""},{""bid_quantity"":40,""ask_quantity"":260,""bid_orders"":1,""ask_orders"":3,""bid_price"":""555.45"",""ask_price"":""560.85""}]"
09:15:18.095,1790739918095663112,1457660649597499,Full Data,8,887216,166.15,20,09:15:18,,,148.23,188180,34020,92880,604640,"[{""bid_quantity"":60,""ask_quantity"":20,""bid_orders"":1,""ask_orders"":1,""bid_price"":""165.75"",""ask_price"":""166.05""},{""bid_quantity"":60,""ask_quantity"":140,""bid_orders"":1,""ask_orders"":2,""bid_price"":""165.70"",""ask_price"":""166.55""},{""bid_quantity"":120,""ask_quantity"":20,""bid_orders"":2,""ask_orders"":1,""bid_price"":""165.65"",""ask_price"":""166.60""},{""bid_quantity"":140,""ask_quantity"":20,""bid_orders"":3,""ask_orders"":1,""bid_price"":""165.60"",""ask_price"":""166.65""},{""bid_quantity"":340,""ask_quantity"":20,""bid_orders"":3,""ask_orders"":1,""bid_price"":""165.50"",""ask_price"":""166.70""}]"
09:15:18.151,1790739918151690834,1457660705624821,Full Data,8,887355,307.60,40,09:15:18,,,280.31,184600,25940,86920,308440,"[{""bid_quantity"":40,""ask_quantity"":40,""bid_orders"":1,""ask_orders"":2,""bid_price"":""307.60"",""ask_price"":""308.45""},{""bid_quantity"":120,""ask_quantity"":60,""bid_orders"":1,""ask_orders"":2,""bid_price"":""307.55"",""ask_price"":""308.55""},{""bid_quantity"":40,""ask_quantity"":20,""bid_orders"":1,""ask_orders"":1,""bid_price"":""307.50"",""ask_price"":""308.60""},{""bid_quantity"":140,""ask_quantity"":140,""bid_orders"":1,""ask_orders"":3,""bid_price"":""307.45"",""ask_price"":""308.70""},{""bid_quantity"":40,""ask_quantity"":20,""bid_orders"":1,""ask_orders"":1,""bid_price"":""307.40"",""ask_price"":""308.75""}]"
09:15:18.160,1790739918160808813,1457660714742840,Full Data,8,886620,194.85,20,09:15:18,,,175.67,195840,40000,79480,619000,"[{""bid_quantity"":120,""ask_quantity"":80,""bid_orders"":2,""ask_orders"":2,""bid_price"":""194.75"",""ask_price"":""195.35""},{""bid_quantity"":100,""ask_quantity"":60,""bid_orders"":2,""ask_orders"":2,""bid_price"":""194.70"",""ask_price"":""195.40""},{""bid_quantity"":240,""ask_quantity"":60,""bid_orders"":3,""ask_orders"":2,""bid_price"":""194.65"",""ask_price"":""195.45""},{""bid_quantity"":80,""ask_quantity"":20,""bid_orders"":2,""ask_orders"":1,""bid_price"":""194.60"",""ask_price"":""195.50""},{""bid_quantity"":100,""ask_quantity"":100,""bid_orders"":2,""ask_orders"":2,""bid_price"":""194.55"",""ask_price"":""195.55""}]"
09:15:18.197,1790739918197394650,1457660751328557,Full Data,8,886620,195.40,20,09:15:18,,,175.68,195940,39400,78140,619000,"[{""bid_quantity"":40,""ask_quantity"":80,""bid_orders"":2,""ask_orders"":1,""bid_price"":""195.10"",""ask_price"":""195.60""},{""bid_quantity"":40,""ask_quantity"":60,""bid_orders"":1,""ask_orders"":1,""bid_price"":""195.00"",""ask_price"":""195.65""},{""bid_quantity"":140,""ask_quantity"":80,""bid_orders"":1,""ask_orders"":1,""bid_price"":""194.95"",""ask_price"":""195.70""},{""bid_quantity"":60,""ask_quantity"":140,""bid_orders"":1,""ask_orders"":2,""bid_price"":""194.85"",""ask_price"":""195.75""},{""bid_quantity"":60,""ask_quantity"":60,""bid_orders"":1,""ask_orders"":1,""bid_price"":""194.65"",""ask_price"":""195.85""}]"
09:15:18.263,1790739918263539758,1457660817473665,Full Data,8,887279,232.10,80,09:15:18,,,207.00,347000,30440,81960,563560,"[{""bid_quantity"":20,""ask_quantity"":220,""bid_orders"":1,""ask_orders"":2,""bid_price"":""232.55"",""ask_price"":""233.95""},{""bid_quantity"":120,""ask_quantity"":260,""bid_orders"":4,""ask_orders"":2,""bid_price"":""232.50"",""ask_price"":""234.00""},{""bid_quantity"":160,""ask_quantity"":100,""bid_orders"":1,""ask_orders"":1,""bid_price"":""232.45"",""ask_price"":""234.05""},{""bid_quantity"":160,""ask_quantity"":80,""bid_orders"":3,""ask_orders"":2,""bid_price"":""232.25"",""ask_price"":""234.15""},{""bid_quantity"":80,""ask_quantity"":40,""bid_orders"":1,""ask_orders"":1,""bid_price"":""232.20"",""ask_price"":""234.20""}]"
09:15:18.284,1790739918284328692,1457660838262719,Ticker Data,0,51,72570.91,,09:15:18,,,,,,,,
09:15:18.381,1790739918381709162,1457660935643549,Full Data,8,887080,490.25,20,09:15:18,,,515.21,107740,17900,70620,212920,"[{""bid_quantity"":120,""ask_quantity"":20,""bid_orders"":1,""ask_orders"":1,""bid_price"":""488.25"",""ask_price"":""489.60""},{""bid_quantity"":40,""ask_quantity"":120,""bid_orders"":1,""ask_orders"":1,""bid_price"":""488.20"",""ask_price"":""490.30""},{""bid_quantity"":120,""ask_quantity"":20,""bid_orders"":1,""ask_orders"":1,""bid_price"":""488.15"",""ask_price"":""490.35""},{""bid_quantity"":20,""ask_quantity"":20,""bid_orders"":1,""ask_orders"":1,""bid_price"":""488.10"",""ask_price"":""490.50""},{""bid_quantity"":120,""ask_quantity"":60,""bid_orders"":1,""ask_orders"":1,""bid_price"":""488.05"",""ask_price"":""490.95""}]"
09:15:18.417,1790739918417403073,1457660971337020,Full Data,8,886659,625.85,60,09:15:18,,,662.27,21660,11060,29200,139920,"[{""bid_quantity"":160,""ask_quantity"":40,""bid_orders"":2,""ask_orders"":1,""bid_price"":""628.30"",""ask_price"":""631.75""},{""bid_quantity"":40,""ask_quantity"":60,""bid_orders"":1,""ask_orders"":1,""bid_price"":""628.25"",""ask_price"":""631.80""},{""bid_quantity"":120,""ask_quantity"":20,""bid_orders"":1,""ask_orders"":1,""bid_price"":""628.20"",""ask_price"":""632.20""},{""bid_quantity"":40,""ask_quantity"":240,""bid_orders"":1,""ask_orders"":1,""bid_price"":""628.15"",""ask_price"":""632.25""},{""bid_quantity"":60,""ask_quantity"":120,""bid_orders"":1,""ask_orders"":1,""bid_price"":""628.10"",""ask_price"":""632.35""}]"
09:15:18.453,1790739918453556267,1457661007490214,Full Data,8,887080,491.35,20,09:15:18,,,515.11,108180,17600,68320,212920,"[{""bid_quantity"":140,""ask_quantity"":20,""bid_orders"":1,""ask_orders"":1,""bid_price"":""489.85"",""ask_price"":""491.30""},{""bid_quantity"":100,""ask_quantity"":20,""bid_orders"":1,""ask_orders"":1,""bid_price"":""489.80"",""ask_price"":""491.35""},{""bid_quantity"":20,""ask_quantity"":40,""bid_orders"":1,""ask_orders"":1,""bid_price"":""489.55"",""ask_price"":""491.45""},{""bid_quantity"":60,""ask_quantity"":60,""bid_orders"":1,""ask_orders"":2,""bid_price"":""489.45"",""ask_price"":""491.50""},{""bid_quantity"":20,""ask_quantity"":40,""bid_orders"":1,""ask_orders"":1,""bid_price"":""489.35"",""ask_price"":""491.60""}]"
09:15:18.512,1790739918512439608,1457661066374075,Full Data,8,886461,428.85,20,09:15:18,,,451.07,268140,25920,138380,738980,"[{""bid_quantity"":40,""ask_quantity"":20,""bid_orders"":1,""ask_orders"":1,""bid_price"":""427.30"",""ask_price"":""428.85""},{""bid_quantity"":40,""ask_quantity"":20,""bid_orders"":1,""ask_orders"":1,""bid_price"":""427.25"",""ask_price"":""428.90""},{""bid_quantity"":20,""ask_quantity"":20,""bid_orders"":1,""ask_orders"":1,""bid_price"":""427.20"",""ask_price"":""428.95""},{""bid_quantity"":80,""ask_quantity"":60,""bid_orders"":2,""ask_orders"":2,""bid_price"":""427.15"",""ask_price"":""429.00""},{""bid_quantity"":20,""ask_quantity"":60,""bid_orders"":1,""ask_orders"":2,""bid_price"":""427.00"",""ask_price"":""429.15""}]"
09:15:18.548,1790739918548812003,1457661102745950,Full Data,8,886659,625.85,60,09:15:18,,,662.27,21660,12100,25360,139920,"[{""bid_quantity"":40,""ask_quantity"":100,""bid_orders"":1,""ask_orders"":3,""bid_price"":""624.55"",""ask_price"":""630.15""},{""bid_quantity"":120,""ask_quantity"":60,""bid_orders"":1,""ask_orders"":2,""bid_price"":""624.50"",""ask_price"":""630.20""},{""bid_quantity"":40,""ask_quantity"":160,""bid_orders"":1,""ask_orders"":3,""bid_price"":""624.45"",""ask_price"":""630.25""},{""bid_quantity"":140,""ask_quantity"":40,""bid_orders"":2,""ask_orders"":2,""bid_price"":""624.40"",""ask_price"":""630.30""},{""bid_quantity"":120,""ask_quantity"":160,""bid_orders"":1,""ask_orders"":2,""bid_price"":""624.30"",""ask_price"":""630.35""}]"
09:15:18.625,1790739918625206218,1457661179140405,Full Data,8,887100,363.95,20,09:15:18,,,327.58,143080,15820,65580,254140,"[{""bid_quantity"":100,""ask_quantity"":60,""bid_orders"":2,""ask_orders"":3,""bid_price"":""361.55"",""ask_price"":""364.60""},{""bid_quantity"":120,""ask_quantity"":260,""bid_orders"":2,""ask_orders"":5,""bid_price"":""361.50"",""ask_price"":""364.80""},{""bid_quantity"":100,""ask_quantity"":20,""bid_orders"":2,""ask_orders"":1,""bid_price"":""361.45"",""ask_price"":""365.25""},{""bid_quantity"":80,""ask_quantity"":100,""bid_orders"":2,""ask_orders"":1,""bid_price"":""361.40"",""ask_price"":""365.30""},{""bid_quantity"":40,""ask_quantity"":80,""bid_orders"":1,""ask_orders"":1,""bid_price"":""361.35"",""ask_price"":""365.80""}]"
09:15:18.684,1790739918684802043,1457661238736070,Full Data,8,887100,360.80,60,09:15:18,,,327.83,144140,22360,65040,254140,"[{""bid_quantity"":120,""ask_quantity"":60,""bid_orders"":3,""ask_orders"":1,""bid_price"":""359.30"",""ask_price"":""360.75""},{""bid_quantity"":320,""ask_quantity"":40,""bid_orders"":1,""ask_orders"":1,""bid_price"":""359.20"",""ask_price"":""360.80""},{""bid_quantity"":100,""ask_quantity"":320,""bid_orders"":1,""ask_orders"":3,""bid_price"":""359.15"",""ask_price"":""360.85""},{""bid_quantity"":100,""ask_quantity"":300,""bid_orders"":1,""ask_orders"":3,""bid_price"":""359.10"",""ask_price"":""360.90""},{""bid_quantity"":20,""ask_quantity"":140,""bid_orders"":1,""ask_orders"":2,""bid_price"":""359.05"",""ask_price"":""360.95""}]"
09:15:18.687,1790739918687396060,1457661241329927,Full Data,8,886540,142.45,20,09:15:18,,,124.37,150180,56380,70620,605280,"[{""bid_quantity"":80,""ask_quantity"":120,""bid_orders"":2,""ask_orders"":2,""bid_price"":""141.80"",""ask_price"":""142.70""},{""bid_quantity"":80,""ask_quantity"":200,""bid_orders"":1,""ask_orders"":2,""bid_price"":""141.60"",""ask_price"":""142.75""},{""bid_quantity"":40,""ask_quantity"":120,""bid_orders"":1,""ask_orders"":1,""bid_price"":""141.45"",""ask_price"":""142.85""},{""bid_quantity"":520,""ask_quantity"":120,""bid_orders"":3,""ask_orders"":1,""bid_price"":""141.40"",""ask_price"":""142.90""},{""bid_quantity"":280,""ask_quantity"":60,""bid_orders"":2,""ask_orders"":1,""bid_price"":""141.25"",""ask_price"":""142.95""}]"
09:15:18.779,1790739918779056293,1457661332990640,Full Data,8,886528,316.00,20,09:15:18,,,339.16,223920,25580,149220,227080,"[{""bid_quantity"":80,""ask_quantity"":40,""bid_orders"":2,""ask_orders"":1,""bid_price"":""315.85"",""ask_price"":""316.75""},{""bid_quantity"":80,""ask_quantity"":20,""bid_orders"":2,""ask_orders"":1,""bid_price"":""315.80"",""ask_price"":""316.80""},{""bid_quantity"":40,""ask_quantity"":240,""bid_orders"":1,""ask_orders"":2,""bid_price"":""315.75"",""ask_price"":""317.60""},{""bid_quantity"":160,""ask_quantity"":100,""bid_orders"":1,""ask_orders"":1,""bid_price"":""315.50"",""ask_price"":""317.80""},{""bid_quantity"":20,""ask_quantity"":20,""bid_orders"":1,""ask_orders"":1,""bid_price"":""315.45"",""ask_price"":""317.95""}]"
09:15:18.863,1790739918863175477,1457661417109784,Full Data,8,886528,311.40,40,09:15:18,,,339.11,224340,26760,146860,227080,"[{""bid_quantity"":20,""ask_quantity"":20,""bid_orders"":1,""ask_orders"":1,""bid_price"":""311.35"",""ask_price"":""312.30""},{""bid_quantity"":20,""ask_quantity"":80,""bid_orders"":1,""ask_orders"":2,""bid_price"":""311.30"",""ask_price"":""312.35""},{""bid_quantity"":40,""ask_quantity"":60,""bid_orders"":2,""ask_orders"":2,""bid_price"":""311.25"",""ask_price"":""312.40""},{""bid_quantity"":20,""ask_quantity"":200,""bid_orders"":1,""ask_orders"":2,""bid_price"":""311.15"",""ask_price"":""312.80""},{""bid_quantity"":40,""ask_quantity"":180,""bid_orders"":1,""ask_orders"":2,""bid_price"":""311.10"",""ask_price"":""312.85""}]"
09:15:18.902,1790739918902317810,1457661456251877,Full Data,8,887253,692.55,20,09:15:18,,,724.45,7980,11740,30320,68380,"[{""bid_quantity"":100,""ask_quantity"":120,""bid_orders"":2,""ask_orders"":1,""bid_price"":""691.00"",""ask_price"":""694.90""},{""bid_quantity"":40,""ask_quantity"":120,""bid_orders"":2,""ask_orders"":1,""bid_price"":""690.95"",""ask_price"":""695.00""},{""bid_quantity"":280,""ask_quantity"":80,""bid_orders"":6,""ask_orders"":1,""bid_price"":""690.85"",""ask_price"":""695.10""},{""bid_quantity"":80,""ask_quantity"":80,""bid_orders"":2,""ask_orders"":1,""bid_price"":""687.70"",""ask_price"":""695.20""},{""bid_quantity"":60,""ask_quantity"":120,""bid_orders"":2,""ask_orders"":2,""bid_price"":""687.65"",""ask_price"":""695.30""}]"
09:15:18.933,1790739918933608133,1457661487542400,Full Data,8,887135,364.30,40,09:15:18,,,393.86,211700,18240,58180,307120,"[{""bid_quantity"":20,""ask_quantity"":20,""bid_orders"":1,""ask_orders"":1,""bid_price"":""363.20"",""ask_price"":""364.55""},{""bid_quantity"":20,""ask_quantity"":160,""bid_orders"":1,""ask_orders"":1,""bid_price"":""363.05"",""ask_price"":""364.70""},{""bid_quantity"":20,""ask_quantity"":20,""bid_orders"":1,""ask_orders"":1,""bid_price"":""363.00"",""ask_price"":""364.75""},{""bid_quantity"":120,""ask_quantity"":60,""bid_orders"":1,""ask_orders"":1,""bid_price"":""362.95"",""ask_price"":""364.85""},{""bid_quantity"":20,""ask_quantity"":20,""bid_orders"":1,""ask_orders"":1,""bid_price"":""362.90"",""ask_price"":""364.90""}]"
09:15:18.983,1790739918983595336,1457661537529483,Full Data,8,887135,366.20,20,09:15:18,,,393.66,213240,19480,57300,307120,"[{""bid_quantity"":40,""ask_quantity"":120,""bid_orders"":2,""ask_orders"":2,""bid_price"":""364.20"",""ask_price"":""365.35""},{""bid_quantity"":20,""ask_quantity"":160,""bid_orders"":1,""ask_orders"":1,""bid_price"":""364.10"",""ask_price"":""365.40""},{""bid_quantity"":20,""ask_quantity"":60,""bid_orders"":1,""ask_orders"":1,""bid_price"":""363.70"",""ask_price"":""365.50""},{""bid_quantity"":100,""ask_quantity"":200,""bid_orders"":1,""ask_orders"":1,""bid_price"":""363.55"",""ask_price"":""365.65""},{""bid_quantity"":20,""ask_quantity"":460,""bid_orders"":1,""ask_orders"":2,""bid_price"":""363.35"",""ask_price"":""365.70""}]"
09:15:19.079,1790739919079036593,1457661632970540,Full Data,8,887216,169.15,20,09:15:19,,,149.37,199220,34360,93500,604640,"[{""bid_quantity"":60,""ask_quantity"":20,""bid_orders"":2,""ask_orders"":1,""bid_price"":""168.95"",""ask_price"":""169.70""},{""bid_quantity"":40,""ask_quantity"":120,""bid_orders"":1,""ask_orders"":2,""bid_price"":""168.90"",""ask_price"":""169.75""},{""bid_quantity"":60,""ask_quantity"":60,""bid_orders"":2,""ask_orders"":3,""bid_price"":""168.85"",""ask_price"":""169.80""},{""bid_quantity"":40,""ask_quantity"":40,""bid_orders"":1,""ask_orders"":1,""bid_price"":""168.80"",""ask_price"":""170.25""},{""bid_quantity"":60,""ask_quantity"":80,""bid_orders"":1,""ask_orders"":1,""bid_price"":""168.70"",""ask_price"":""170.30""}]"
09:15:19.107,1790739919107347977,1457661661282004,Full Data,8,887306,549.90,20,09:15:18,,,579.77,51900,15140,38300,204460,"[{""bid_quantity"":100,""ask_quantity"":300,""bid_orders"":2,""ask_orders"":4,""bid_price"":""547.70"",""ask_price"":""550.00""},{""bid_quantity"":100,""ask_quantity"":160,""bid_orders"":2,""ask_orders"":3,""bid_price"":""547.60"",""ask_price"":""550.20""},{""bid_quantity"":40,""ask_quantity"":140,""bid_orders"":1,""ask_orders"":2,""bid_price"":""547.55"",""ask_price"":""550.40""},{""bid_quantity"":80,""ask_quantity"":80,""bid_orders"":2,""ask_orders"":2,""bid_price"":""547.50"",""ask_price"":""550.45""},{""bid_quantity"":40,""ask_quantity"":140,""bid_orders"":1,""ask_orders"":2,""bid_price"":""547.45"",""ask_price"":""550.60""}]"
09:15:19.152,1790739919152114866,1457661706049333,Full Data,8,887355,309.70,20,09:15:19,,,282.84,200100,27400,87540,308440,"[{""bid_quantity"":140,""ask_quantity"":20,""bid_orders"":3,""ask_orders"":1,""bid_price"":""310.10"",""ask_price"":""311.25""},{""bid_quantity"":20,""ask_quantity"":20,""bid_orders"":1,""ask_orders"":1,""bid_price"":""310.05"",""ask_price"":""311.55""},{""bid_quantity"":100,""ask_quantity"":280,""bid_orders"":2,""ask_orders"":2,""bid_price"":""309.90"",""ask_price"":""312.00""},{""bid_quantity"":40,""ask_quantity"":60,""bid_orders"":2,""ask_orders"":2,""bid_price"":""309.85"",""ask_price"":""312.05""},{""bid_quantity"":100,""ask_quantity"":60,""bid_orders"":2,""ask_orders"":1,""bid_price"":""309.70"",""ask_price"":""312.10""}]"
09:15:19.188,1790739919188880064,1457661742814091,Full Data,8,887216,167.35,60,09:15:19,,,149.44,199900,33900,92080,604640,"[{""bid_quantity"":100,""ask_quantity"":20,""bid_orders"":2,""ask_orders"":1,""bid_price"":""166.90"",""ask_price"":""168.10""},{""bid_quantity"":60,""ask_quantity"":20,""bid_orders"":1,""ask_orders"":1,""bid_price"":""166.85"",""ask_price"":""168.15""},{""bid_quantity"":100,""ask_quantity"":20,""bid_orders"":1,""ask_orders"":1,""bid_price"":""166.80"",""ask_price"":""168.55""},{""bid_quantity"":80,""ask_quantity"":20,""bid_orders"":2,""ask_orders"":1,""bid_price"":""166.75"",""ask_price"":""168.65""},{""bid_quantity"":340,""ask_quantity"":20,""bid_orders"":2,""ask_orders"":1,""bid_price"":""166.70"",""ask_price"":""168.80""}]"
09:15:19.197,1790739919197763841,1457661751697748,Full Data,8,887306,551.85,100,09:15:19,,,579.61,52180,16660,39540,204460,"[{""bid_quantity"":40,""ask_quantity"":100,""bid_orders"":1,""ask_orders"":1,""bid_price"":""550.85"",""ask_price"":""554.15""},{""bid_quantity"":100,""ask_quantity"":100,""bid_orders"":1,""ask_orders"":3,""bid_price"":""550.80"",""ask_price"":""554.20""},{""bid_quantity"":40,""ask_quantity"":180,""bid_orders"":1,""ask_orders"":3,""bid_price"":""550.75"",""ask_price"":""554.25""},{""bid_quantity"":40,""ask_quantity"":220,""bid_orders"":1,""ask_orders"":3,""bid_price"":""550.65"",""ask_price"":""554.30""},{""bid_quantity"":100,""ask_quantity"":120,""bid_orders"":1,""ask_orders"":2,""bid_price"":""550.60"",""ask_price"":""554.35""}]"
09:15:19.234,1790739919234411918,1457661788345945,Full Data,8,886620,197.75,60,09:15:19,,,177.21,210400,38000,77920,619000,"[{""bid_quantity"":60,""ask_quantity"":20,""bid_orders"":1,""ask_orders"":1,""bid_price"":""197.10"",""ask_price"":""197.45""},{""bid_quantity"":40,""ask_quantity"":20,""bid_orders"":1,""ask_orders"":1,""bid_price"":""197.05"",""ask_price"":""197.70""},{""bid_quantity"":60,""ask_quantity"":20,""bid_orders"":1,""ask_orders"":1,""bid_price"":""197.00"",""ask_price"":""197.80""},{""bid_quantity"":60,""ask_quantity"":120,""bid_orders"":1,""ask_orders"":2,""bid_price"":""196.90"",""ask_price"":""198.00""},{""bid_quantity"":80,""ask_quantity"":120,""bid_orders"":1,""ask_orders"":2,""bid_price"":""196.85"",""ask_price"":""198.15""}]"
09:15:19.304,1790739919304207330,1457661858141477,Ticker Data,0,51,72559.78,,09:15:19,,,,,,,,
09:15:19.304,1790739919304299251,1457661858232918,Full Data,8,887279,234.65,20,09:15:19,,,208.51,369900,29840,84200,563560,"[{""bid_quantity"":40,""ask_quantity"":60,""bid_orders"":2,""ask_orders"":3,""bid_price"":""233.60"",""ask_price"":""234.65""},{""bid_quantity"":40,""ask_quantity"":220,""bid_orders"":1,""ask_orders"":1,""bid_price"":""233.45"",""ask_price"":""234.95""},{""bid_quantity"":60,""ask_quantity"":80,""bid_orders"":2,""ask_orders"":1,""bid_price"":""233.35"",""ask_price"":""235.00""},{""bid_quantity"":120,""ask_quantity"":160,""bid_orders"":1,""ask_orders"":1,""bid_price"":""233.15"",""ask_price"":""235.95""},{""bid_quantity"":120,""ask_quantity"":240,""bid_orders"":1,""ask_orders"":1,""bid_price"":""233.05"",""ask_price"":""236.00""}]"
09:15:19.529,1790739919529046424,1457662082980771,Full Data,8,886659,610.00,100,09:15:19,,,661.46,22060,10640,24920,139920,"[{""bid_quantity"":20,""ask_quantity"":20,""bid_orders"":1,""ask_orders"":1,""bid_price"":""608.15"",""ask_price"":""610.80""},{""bid_quantity"":20,""ask_quantity"":60,""bid_orders"":1,""ask_orders"":1,""bid_price"":""608.10"",""ask_price"":""610.85""},{""bid_quantity"":100,""ask_quantity"":40,""bid_orders"":1,""ask_orders"":1,""bid_price"":""607.80"",""ask_price"":""610.95""},{""bid_quantity"":100,""ask_quantity"":60,""bid_orders"":1,""ask_orders"":1,""bid_price"":""607.60"",""ask_price"":""611.05""},{""bid_quantity"":100,""ask_quantity"":60,""bid_orders"":1,""ask_orders"":1,""bid_price"":""607.40"",""ask_price"":""611.15""}]"
09:15:19.595,1790739919595900217,1457662149834524,Full Data,8,887080,473.55,240,09:15:19,,,512.48,116800,21760,67240,212920,"[{""bid_quantity"":220,""ask_quantity"":80,""bid_orders"":2,""ask_orders"":1,""bid_price"":""472.45"",""ask_price"":""473.05""},{""bid_quantity"":60,""ask_quantity"":160,""bid_orders"":2,""ask_orders"":1,""bid_price"":""472.00"",""ask_price"":""473.10""},{""bid_quantity"":20,""ask_quantity"":20,""bid_orders"":1,""ask_orders"":1,""bid_price"":""471.85"",""ask_price"":""473.15""},{""bid_quantity"":140,""ask_quantity"":20,""bid_orders"":1,""ask_orders"":1,""bid_price"":""471.25"",""ask_price"":""473.35""},{""bid_quantity"":20,""ask_quantity"":80,""bid_orders"":1,""ask_orders"":2,""bid_price"":""470.95"",""ask_price"":""473.50""}]"
09:15:19.597,1790739919597434147,1457662151368054,Full Data,8,886461,412.80,40,09:15:19,,,449.51,283220,30940,134020,738980,"[{""bid_quantity"":20,""ask_quantity"":20,""bid_orders"":1,""ask_orders"":1,""bid_price"":""411.65"",""ask_price"":""412.35""},{""bid_quantity"":20,""ask_quantity"":200,""bid_orders"":1,""ask_orders"":2,""bid_price"":""411.60"",""ask_price"":""412.50""},{""bid_quantity"":20,""ask_quantity"":20,""bid_orders"":1,""ask_orders"":1,""bid_price"":""411.20"",""ask_price"":""412.55""},{""bid_quantity"":600,""ask_quantity"":160,""bid_orders"":2,""ask_orders"":1,""bid_price"":""411.00"",""ask_price"":""412.70""},{""bid_quantity"":140,""ask_quantity"":20,""bid_orders"":1,""ask_orders"":1,""bid_price"":""410.40"",""ask_price"":""412.75""}]"
09:15:19.640,1790739919640193823,1457662194127650,Full Data,8,886659,609.85,20,09:15:19,,,661.41,22080,11480,29420,139920,"[{""bid_quantity"":120,""ask_quantity"":20,""bid_orders"":2,""ask_orders"":1,""bid_price"":""608.15"",""ask_price"":""611.50""},{""bid_quantity"":20,""ask_quantity"":120,""bid_orders"":1,""ask_orders"":1,""bid_price"":""608.10"",""ask_price"":""611.65""},{""bid_quantity"":80,""ask_quantity"":100,""bid_orders"":3,""ask_orders"":1,""bid_price"":""608.05"",""ask_price"":""611.80""},{""bid_quantity"":180,""ask_quantity"":140,""bid_orders"":4,""ask_orders"":2,""bid_price"":""608.00"",""ask_price"":""612.00""},{""bid_quantity"":180,""ask_quantity"":20,""bid_orders"":4,""ask_orders"":1,""bid_price"":""607.95"",""ask_price"":""612.45""}]"
09:15:19.641,1790739919641902354,1457662195836181,Full Data,8,886461,413.50,20,09:15:19,,,449.50,283360,29600,137740,738980,"[{""bid_quantity"":40,""ask_quantity"":40,""bid_orders"":2,""ask_orders"":1,""bid_price"":""413.50"",""ask_price"":""414.45""},{""bid_quantity"":20,""ask_quantity"":100,""bid_orders"":1,""ask_orders"":2,""bid_price"":""413.45"",""ask_price"":""414.50""},{""bid_quantity"":20,""ask_quantity"":20,""bid_orders"":1,""ask_orders"":1,""bid_price"":""413.40"",""ask_price"":""414.55""},{""bid_quantity"":20,""ask_quantity"":160,""bid_orders"":1,""ask_orders"":1,""bid_price"":""413.35"",""ask_price"":""414.95""},{""bid_quantity"":20,""ask_quantity"":20,""bid_orders"":1,""ask_orders"":1,""bid_price"":""413.30"",""ask_price"":""415.00""}]"
09:15:19.682,1790739919682236135,1457662236170162,Full Data,8,887100,363.85,20,09:15:19,,,329.49,151380,19300,63740,254140,"[{""bid_quantity"":40,""ask_quantity"":40,""bid_orders"":1,""ask_orders"":1,""bid_price"":""364.15"",""ask_price"":""365.25""},{""bid_quantity"":40,""ask_quantity"":100,""bid_orders"":1,""ask_orders"":2,""bid_price"":""364.10"",""ask_price"":""365.35""},{""bid_quantity"":260,""ask_quantity"":60,""bid_orders"":3,""ask_orders"":2,""bid_price"":""364.00"",""ask_price"":""365.50""},{""bid_quantity"":40,""ask_quantity"":120,""bid_orders"":1,""ask_orders"":2,""bid_price"":""363.95"",""ask_price"":""365.60""},{""bid_quantity"":120,""ask_quantity"":140,""bid_orders"":2,""ask_orders"":1,""bid_price"":""363.90"",""ask_price"":""365.70""}]"
09:15:19.745,1790739919745299823,1457662299233930,Full Data,8,887100,366.55,20,09:15:19,,,329.59,151780,20560,62340,254140,"[{""bid_quantity"":20,""ask_quantity"":160,""bid_orders"":1,""ask_orders"":2,""bid_price"":""365.90"",""ask_price"":""367.55""},{""bid_quantity"":40,""ask_quantity"":920,""bid_orders"":1,""ask_orders"":4,""bid_price"":""365.40"",""ask_price"":""367.60""},{""bid_quantity"":120,""ask_quantity"":120,""bid_orders"":2,""ask_orders"":3,""bid_price"":""365.20"",""ask_price"":""367.65""},{""bid_quantity"":180,""ask_quantity"":80,""bid_orders"":2,""ask_orders"":1,""bid_price"":""364.95"",""ask_price"":""367.70""},{""bid_quantity"":160,""ask_quantity"":40,""bid_orders"":1,""ask_orders"":1,""bid_price"":""364.90"",""ask_price"":""367.75""}]"
09:15:19.745,1790739919745924667,1457662299858534,Full Data,8,886540,145.05,40,09:15:19,,,125.47,159540,54860,70700,605280,"[{""bid_quantity"":40,""ask_quantity"":140,""bid_orders"":1,""ask_orders"":3,""bid_price"":""144.00"",""ask_price"":""145.05""},{""bid_quantity"":60,""ask_quantity"":280,""bid_orders"":1,""ask_orders"":4,""bid_price"":""143.95"",""ask_price"":""145.10""},{""bid_quantity"":260,""ask_quantity"":80,""bid_orders"":5,""ask_orders"":2,""bid_price"":""143.90"",""ask_price"":""145.15""},{""bid_quantity"":140,""ask_quantity"":140,""bid_orders"":1,""ask_orders"":2,""bid_price"":""143.85"",""ask_price"":""145.65""},{""bid_quantity"":140,""ask_quantity"":60,""bid_orders"":3,""ask_orders"":1,""bid_price"":""143.80"",""ask_price"":""145.70""}]"
09:15:19.870,1790739919870453993,1457662424388140,Full Data,8,886528,302.10,40,09:15:19,,,336.77,243620,25920,148440,227080,"[{""bid_quantity"":20,""ask_quantity"":60,""bid_orders"":1,""ask_orders"":2,""bid_price"":""301.85"",""ask_price"":""302.10""},{""bid_quantity"":200,""ask_quantity"":40,""bid_orders"":1,""ask_orders"":1,""bid_price"":""301.00"",""ask_price"":""302.20""},{""bid_quantity"":100,""ask_quantity"":200,""bid_orders"":2,""ask_orders"":2,""bid_price"":""300.95"",""ask_price"":""302.25""},{""bid_quantity"":20,""ask_quantity"":40,""bid_orders"":1,""ask_orders"":1,""bid_price"":""300.90"",""ask_price"":""302.30""},{""bid_quantity"":400,""ask_quantity"":200,""bid_orders"":1,""ask_orders"":2,""bid_price"":""300.55"",""ask_price"":""302.35""}]"
09:15:19.952,1790739919952971527,1457662506905714,Full Data,8,886528,300.50,40,09:15:19,,,336.59,244860,24440,147460,227080,"[{""bid_quantity"":320,""ask_quantity"":40,""bid_orders"":3,""ask_orders"":1,""bid_price"":""300.50"",""ask_price"":""301.30""},{""bid_quantity"":60,""ask_quantity"":40,""bid_orders"":1,""ask_orders"":1,""bid_price"":""300.25"",""ask_price"":""301.35""},{""bid_quantity"":120,""ask_quantity"":200,""bid_orders"":1,""ask_orders"":2,""bid_price"":""300.20"",""ask_price"":""301.40""},{""bid_quantity"":20,""ask_quantity"":200,""bid_orders"":1,""ask_orders"":2,""bid_price"":""300.05"",""ask_price"":""301.45""},{""bid_quantity"":3780,""ask_quantity"":420,""bid_orders"":24,""ask_orders"":4,""bid_price"":""300.00"",""ask_price"":""301.50""}]"
09:15:20.007,1790739920007497119,1457662561431546,Full Data,8,887253,694.80,20,09:15:19,,,724.30,8020,10180,30260,68380,"[{""bid_quantity"":260,""ask_quantity"":120,""bid_orders"":5,""ask_orders"":1,""bid_price"":""674.45"",""ask_price"":""679.45""},{""bid_quantity"":80,""ask_quantity"":120,""bid_orders"":2,""ask_orders"":1,""bid_price"":""674.40"",""ask_price"":""679.55""},{""bid_quantity"":100,""ask_quantity"":60,""bid_orders"":2,""ask_orders"":1,""bid_price"":""674.35"",""ask_price"":""679.60""},{""bid_quantity"":40,""ask_quantity"":260,""bid_orders"":2,""ask_orders"":5,""bid_price"":""674.30"",""ask_price"":""679.65""},{""bid_quantity"":40,""ask_quantity"":20,""bid_orders"":2,""ask_orders"":1,""bid_price"":""674.25"",""ask_price"":""679.70""}]"
09:15:20.010,1790739920010212417,1457662564146764,Full Data,8,887135,352.50,20,09:15:19,,,392.31,222140,19640,57880,307120,"[{""bid_quantity"":20,""ask_quantity"":40,""bid_orders"":1,""ask_orders"":2,""bid_price"":""351.60"",""ask_price"":""352.70""},{""bid_quantity"":160,""ask_quantity"":40,""bid_orders"":2,""ask_orders"":2,""bid_price"":""351.15"",""ask_price"":""352.75""},{""bid_quantity"":20,""ask_quantity"":40,""bid_orders"":1,""ask_orders"":1,""bid_price"":""351.10"",""ask_price"":""352.80""},{""bid_quantity"":20,""ask_quantity"":40,""bid_orders"":1,""ask_orders"":2,""bid_price"":""350.90"",""ask_price"":""352.85""},{""bid_quantity"":120,""ask_quantity"":40,""bid_orders"":1,""ask_orders"":1,""bid_price"":""350.85"",""ask_price"":""352.90""}]"
09:15:20.039,1790739920039601327,1457662593535234,Full Data,8,887135,353.60,20,09:15:20,,,391.93,224340,20740,57020,307120,"[{""bid_quantity"":100,""ask_quantity"":120,""bid_orders"":2,""ask_orders"":3,""bid_price"":""352.15"",""ask_price"":""353.55""},{""bid_quantity"":120,""ask_quantity"":240,""bid_orders"":2,""ask_orders"":2,""bid_price"":""352.00"",""ask_price"":""353.60""},{""bid_quantity"":40,""ask_quantity"":60,""bid_orders"":2,""ask_orders"":1,""bid_price"":""351.85"",""ask_price"":""353.70""},{""bid_quantity"":100,""ask_quantity"":100,""bid_orders"":1,""ask_orders"":4,""bid_price"":""351.80"",""ask_price"":""353.85""},{""bid_quantity"":100,""ask_quantity"":20,""bid_orders"":1,""ask_orders"":1,""bid_price"":""351.75"",""ask_price"":""354.00""}]"
09:15:20.192,1790739920192348595,1457662746282942,Full Data,8,887216,174.45,20,09:15:20,,,150.29,207920,35160,94920,604640,"[{""bid_quantity"":120,""ask_quantity"":40,""bid_orders"":2,""ask_orders"":2,""bid_price"":""174.60"",""ask_price"":""175.15""},{""bid_quantity"":40,""ask_quantity"":20,""bid_orders"":1,""ask_orders"":1,""bid_price"":""174.55"",""ask_price"":""175.45""},{""bid_quantity"":60,""ask_quantity"":120,""bid_orders"":2,""ask_orders"":2,""bid_price"":""174.50"",""ask_price"":""175.50""},{""bid_quantity"":20,""ask_quantity"":100,""bid_orders"":1,""ask_orders"":1,""bid_price"":""174.45"",""ask_price"":""175.65""},{""bid_quantity"":80,""ask_quantity"":160,""bid_orders"":3,""ask_orders"":1,""bid_price"":""174.35"",""ask_price"":""175.90""}]"
09:15:20.232,1790739920232499895,1457662786433882,Full Data,8,887306,532.35,20,09:15:19,,,578.83,53240,15940,36900,204460,"[{""bid_quantity"":40,""ask_quantity"":40,""bid_orders"":1,""ask_orders"":1,""bid_price"":""530.30"",""ask_price"":""532.55""},{""bid_quantity"":40,""ask_quantity"":60,""bid_orders"":1,""ask_orders"":2,""bid_price"":""529.95"",""ask_price"":""532.70""},{""bid_quantity"":100,""ask_quantity"":40,""bid_orders"":1,""ask_orders"":1,""bid_price"":""528.50"",""ask_price"":""532.75""},{""bid_quantity"":60,""ask_quantity"":40,""bid_orders"":1,""ask_orders"":1,""bid_price"":""528.05"",""ask_price"":""532.90""},{""bid_quantity"":40,""ask_quantity"":40,""bid_orders"":1,""ask_orders"":1,""bid_price"":""527.30"",""ask_price"":""532.95""}]"
09:15:20.304,1790739920304607201,1457662858541068,Ticker Data,0,51,72543.77,,09:15:20,,,,,,,,
09:15:20.313,1790739920313932702,1457662867866529,Full Data,8,886620,207.15,60,09:15:20,,,178.67,223480,38080,79400,619000,"[{""bid_quantity"":40,""ask_quantity"":40,""bid_orders"":1,""ask_orders"":1,""bid_price"":""206.45"",""ask_price"":""207.25""},{""bid_quantity"":40,""ask_quantity"":60,""bid_orders"":2,""ask_orders"":1,""bid_price"":""206.40"",""ask_price"":""207.30""},{""bid_quantity"":60,""ask_quantity"":80,""bid_orders"":1,""ask_orders"":1,""bid_price"":""206.25"",""ask_price"":""207.35""},{""bid_quantity"":80,""ask_quantity"":80,""bid_orders"":1,""ask_orders"":2,""bid_price"":""206.15"",""ask_price"":""207.40""},{""bid_quantity"":40,""ask_quantity"":60,""bid_orders"":1,""ask_orders"":1,""bid_price"":""206.10"",""ask_price"":""207.45""}]"
09:15:20.340,1790739920340316032,1457662894249939,Full Data,8,887216,176.50,20,09:15:20,,,150.35,208440,34860,93900,604640,"[{""bid_quantity"":80,""ask_quantity"":20,""bid_orders"":2,""ask_orders"":1,""bid_price"":""176.45"",""ask_price"":""176.50""},{""bid_quantity"":100,""ask_quantity"":20,""bid_orders"":2,""ask_orders"":1,""bid_price"":""176.40"",""ask_price"":""176.95""},{""bid_quantity"":80,""ask_quantity"":120,""bid_orders"":2,""ask_orders"":1,""bid_price"":""176.35"",""ask_price"":""177.10""},{""bid_quantity"":40,""ask_quantity"":120,""bid_orders"":1,""ask_orders"":2,""bid_price"":""176.30"",""ask_price"":""177.15""},{""bid_quantity"":280,""ask_quantity"":80,""bid_orders"":2,""ask_orders"":1,""bid_price"":""176.10"",""ask_price"":""177.40""}]"
09:15:20.364,1790739920364858831,1457662918793018,Full Data,8,886620,205.55,40,09:15:20,,,178.76,224220,34840,79160,619000,"[{""bid_quantity"":240,""ask_quantity"":80,""bid_orders"":6,""ask_orders"":2,""bid_price"":""206.60"",""ask_price"":""207.55""},{""bid_quantity"":120,""ask_quantity"":80,""bid_orders"":1,""ask_orders"":1,""bid_price"":""206.55"",""ask_price"":""208.30""},{""bid_quantity"":100,""ask_quantity"":380,""bid_orders"":1,""ask_orders"":4,""bid_price"":""206.50"",""ask_price"":""208.35""},{""bid_quantity"":320,""ask_quantity"":20,""bid_orders"":7,""ask_orders"":1,""bid_price"":""206.45"",""ask_price"":""208.40""},{""bid_quantity"":120,""ask_quantity"":20,""bid_orders"":1,""ask_orders"":1,""bid_price"":""206.35"",""ask_price"":""208.45""}]"
09:15:20.415,1790739920415033996,1457662968968183,Full Data,8,887279,242.25,60,09:15:20,,,209.71,386000,32460,83740,563560,"[{""bid_quantity"":20,""ask_quantity"":60,""bid_orders"":1,""ask_orders"":1,""bid_price"":""242.15"",""ask_price"":""242.65""},{""bid_quantity"":20,""ask_quantity"":160,""bid_orders"":1,""ask_orders"":1,""bid_price"":""242.10"",""ask_price"":""242.70""},{""bid_quantity"":40,""ask_quantity"":80,""bid_orders"":1,""ask_orders"":2,""bid_price"":""241.75"",""ask_price"":""242.75""},{""bid_quantity"":40,""ask_quantity"":160,""bid_orders"":1,""ask_orders"":1,""bid_price"":""241.40"",""ask_price"":""242.85""},{""bid_quantity"":100,""ask_quantity"":80,""bid_orders"":1,""ask_orders"":2,""bid_price"":""241.35"",""ask_price"":""242.90""}]"
09:15:20.503,1790739920503601769,1457663057535796,Full Data,8,886685,288.10,20,09:15:20,,,249.20,499980,36760,157880,1113180,"[{""bid_quantity"":20,""ask_quantity"":40,""bid_orders"":1,""ask_orders"":1,""bid_price"":""286.85"",""ask_price"":""287.95""},{""bid_quantity"":100,""ask_quantity"":100,""bid_orders"":2,""ask_orders"":2,""bid_price"":""286.80"",""ask_price"":""288.00""},{""bid_quantity"":20,""ask_quantity"":80,""bid_orders"":1,""ask_orders"":1,""bid_price"":""286.75"",""ask_price"":""288.10""},{""bid_quantity"":40,""ask_quantity"":200,""bid_orders"":2,""ask_orders"":2,""bid_price"":""286.65"",""ask_price"":""288.15""},{""bid_quantity"":40,""ask_quantity"":60,""bid_orders"":1,""ask_orders"":1,""bid_price"":""286.60"",""ask_price"":""288.25""}]"
09:15:20.554,1790739920554721139,1457663108655446,Full Data,8,887080,458.75,20,09:15:20,,,510.84,121520,19940,68160,212920,"[{""bid_quantity"":20,""ask_quantity"":60,""bid_orders"":1,""ask_orders"":2,""bid_price"":""457.20"",""ask_price"":""458.70""},{""bid_quantity"":120,""ask_quantity"":40,""bid_orders"":3,""ask_orders"":2,""bid_price"":""457.15"",""ask_price"":""458.75""},{""bid_quantity"":40,""ask_quantity"":180,""bid_orders"":2,""ask_orders"":2,""bid_price"":""457.10"",""ask_price"":""458.95""},{""bid_quantity"":80,""ask_quantity"":40,""bid_orders"":2,""ask_orders"":1,""bid_price"":""456.90"",""ask_price"":""459.00""},{""bid_quantity"":60,""ask_quantity"":140,""bid_orders"":2,""ask_orders"":2,""bid_price"":""456.85"",""ask_price"":""459.20""}]"
09:15:20.626,1790739920626426203,1457663180360790,Full Data,8,886659,595.75,100,09:15:20,,,659.17,22920,13240,23960,139920,"[{""bid_quantity"":40,""ask_quantity"":920,""bid_orders"":1,""ask_orders"":12,""bid_price"":""590.00"",""ask_price"":""593.40""},{""bid_quantity"":20,""ask_quantity"":80,""bid_orders"":1,""ask_orders"":3,""bid_price"":""588.55"",""ask_price"":""593.45""},{""bid_quantity"":20,""ask_quantity"":240,""bid_orders"":1,""ask_orders"":5,""bid_price"":""588.50"",""ask_price"":""593.60""},{""bid_quantity"":120,""ask_quantity"":40,""bid_orders"":2,""ask_orders"":1,""bid_price"":""588.40"",""ask_price"":""593.65""},{""bid_quantity"":100,""ask_quantity"":140,""bid_orders"":1,""ask_orders"":4,""bid_price"":""588.20"",""ask_price"":""593.70""}]"
09:15:20.642,1790739920642440947,1457663196375134,Full Data,8,886461,398.00,60,09:15:20,,,447.68,295340,30000,128400,738980,"[{""bid_quantity"":100,""ask_quantity"":40,""bid_orders"":1,""ask_orders"":1,""bid_price"":""397.10"",""ask_price"":""398.50""},{""bid_quantity"":40,""ask_quantity"":140,""bid_orders"":1,""ask_orders"":2,""bid_price"":""397.05"",""ask_price"":""398.60""},{""bid_quantity"":40,""ask_quantity"":100,""bid_orders"":1,""ask_orders"":3,""bid_price"":""397.00"",""ask_price"":""398.65""},{""bid_quantity"":60,""ask_quantity"":280,""bid_orders"":2,""ask_orders"":5,""bid_price"":""396.80"",""ask_price"":""398.70""},{""bid_quantity"":180,""ask_quantity"":80,""bid_orders"":2,""ask_orders"":2,""bid_price"":""396.70"",""ask_price"":""398.75""}]"
09:15:20.709,1790739920709225899,1457663263160126,Full Data,8,886461,396.30,20,09:15:20,,,447.62,295700,29700,129100,738980,"[{""bid_quantity"":20,""ask_quantity"":280,""bid_orders"":1,""ask_orders"":2,""bid_price"":""395.00"",""ask_price"":""396.10""},{""bid_quantity"":140,""ask_quantity"":160,""bid_orders"":1,""ask_orders"":1,""bid_price"":""393.60"",""ask_price"":""396.20""},{""bid_quantity"":100,""ask_quantity"":100,""bid_orders"":1,""ask_orders"":3,""bid_price"":""392.85"",""ask_price"":""396.50""},{""bid_quantity"":160,""ask_quantity"":20,""bid_orders"":1,""ask_orders"":1,""bid_price"":""392.30"",""ask_price"":""396.60""},{""bid_quantity"":80,""ask_quantity"":60,""bid_orders"":1,""ask_orders"":1,""bid_price"":""392.25"",""ask_price"":""396.65""}]"
09:15:20.715,1790739920715943822,1457663269877769,Full Data,8,886659,591.10,20,09:15:20,,,658.99,22980,14600,25900,139920,"[{""bid_quantity"":280,""ask_quantity"":120,""bid_orders"":6,""ask_orders"":3,""bid_price"":""584.45"",""ask_price"":""590.50""},{""bid_quantity"":180,""ask_quantity"":160,""bid_orders"":2,""ask_orders"":1,""bid_price"":""584.40"",""ask_price"":""590.55""},{""bid_quantity"":40,""ask_quantity"":160,""bid_orders"":1,""ask_orders"":4,""bid_price"":""584.30"",""ask_price"":""590.65""},{""bid_quantity"":460,""ask_quantity"":40,""bid_orders"":1,""ask_orders"":2,""bid_price"":""584.25"",""ask_price"":""590.70""},{""bid_quantity"":240,""ask_quantity"":220,""bid_orders"":1,""ask_orders"":4,""bid_price"":""583.95"",""ask_price"":""590.75""}]"
09:15:20.744,1790739920744310126,1457663298244233,Full Data,8,887100,378.65,40,09:15:20,,,332.67,162780,20140,62300,254140,"[{""bid_quantity"":200,""ask_quantity"":260,""bid_orders"":2,""ask_orders"":2,""bid_price"":""378.50"",""ask_price"":""380.40""},{""bid_quantity"":60,""ask_quantity"":1640,""bid_orders"":1,""ask_orders"":6,""bid_price"":""378.35"",""ask_price"":""380.45""},{""bid_quantity"":60,""ask_quantity"":40,""bid_orders"":1,""ask_orders"":1,""bid_price"":""378.20"",""ask_price"":""380.55""},{""bid_quantity"":260,""ask_quantity"":180,""bid_orders"":2,""ask_orders"":2,""bid_price"":""378.00"",""ask_price"":""380.70""},{""bid_quantity"":160,""ask_quantity"":80,""bid_orders"":1,""ask_orders"":1,""bid_price"":""377.90"",""ask_price"":""380.75""}]"
09:15:20.781,1790739920781016283,1457663334950270,Full Data,8,886540,151.85,40,09:15:20,,,126.12,164240,57020,71140,605280,"[{""bid_quantity"":20,""ask_quantity"":220,""bid_orders"":1,""ask_orders"":4,""bid_price"":""150.75"",""ask_price"":""151.30""},{""bid_quantity"":20,""ask_quantity"":40,""bid_orders"":1,""ask_orders"":1,""bid_price"":""150.65"",""ask_price"":""151.35""},{""bid_quantity"":160,""ask_quantity"":280,""bid_orders"":2,""ask_orders"":3,""bid_price"":""150.55"",""ask_price"":""151.40""},{""bid_quantity"":120,""ask_quantity"":140,""bid_orders"":4,""ask_orders"":2,""bid_price"":""150.50"",""ask_price"":""151.45""},{""bid_quantity"":100,""ask_quantity"":100,""bid_orders"":3,""ask_orders"":2,""bid_price"":""150.45"",""ask_price"":""151.50""}]"
09:15:20.789,1790739920789512618,1457663343446525,Full Data,8,887100,376.05,20,09:15:20,,,333.21,164760,20740,62060,254140,"[{""bid_quantity"":20,""ask_quantity"":40,""bid_orders"":1,""ask_orders"":1,""bid_price"":""375.85"",""ask_price"":""377.10""},{""bid_quantity"":80,""ask_quantity"":220,""bid_orders"":1,""ask_orders"":3,""bid_price"":""375.45"",""ask_price"":""377.15""},{""bid_quantity"":160,""ask_quantity"":500,""bid_orders"":1,""ask_orders"":1,""bid_price"":""374.00"",""ask_price"":""377.20""},{""bid_quantity"":40,""ask_quantity"":200,""bid_orders"":2,""ask_orders"":4,""bid_price"":""372.85"",""ask_price"":""377.25""},{""bid_quantity"":60,""ask_quantity"":80,""bid_orders"":1,""ask_orders"":2,""bid_price"":""372.40"",""ask_price"":""377.30""}]"
09:15:20.834,1790739920834237667,1457663388171854,Full Data,8,886540,150.10,20,09:15:20,,,126.24,165040,56900,70480,605280,"[{""bid_quantity"":60,""ask_quantity"":240,""bid_orders"":1,""ask_orders"":4,""bid_price"":""148.75"",""ask_price"":""150.10""},{""bid_quantity"":820,""ask_quantity"":100,""bid_orders"":3,""ask_orders"":2,""bid_price"":""148.65"",""ask_price"":""150.15""},{""bid_quantity"":220,""ask_quantity"":100,""bid_orders"":1,""ask_orders"":2,""bid_price"":""148.40"",""ask_price"":""150.20""},{""bid_quantity"":40,""ask_quantity"":80,""bid_orders"":1,""ask_orders"":1,""bid_price"":""148.25"",""ask_price"":""150.30""},{""bid_quantity"":140,""ask_quantity"":40,""bid_orders"":1,""ask_orders"":1,""bid_price"":""147.70"",""ask_price"":""150.35""}]"
09:15:20.965,1790739920965103194,1457663519037461,Full Data,8,886528,297.10,220,09:15:20,,,333.95,262180,23300,145840,227080,"[{""bid_quantity"":60,""ask_quantity"":20,""bid_orders"":1,""ask_orders"":1,""bid_price"":""298.00"",""ask_price"":""299.30""},{""bid_quantity"":160,""ask_quantity"":60,""bid_orders"":1,""ask_orders"":1,""bid_price"":""297.95"",""ask_price"":""299.45""},{""bid_quantity"":160,""ask_quantity"":80,""bid_orders"":1,""ask_orders"":1,""bid_price"":""297.90"",""ask_price"":""299.75""},{""bid_quantity"":60,""ask_quantity"":100,""bid_orders"":2,""ask_orders"":1,""bid_price"":""297.85"",""ask_price"":""299.95""},{""bid_quantity"":40,""ask_quantity"":100,""bid_orders"":1,""ask_orders"":1,""bid_price"":""297.80"",""ask_price"":""300.00""}]"
09:15:20.986,1790739920986651933,1457663540586080,Full Data,8,887253,669.75,20,09:15:20,,,721.91,8380,8420,35040,68380,"[{""bid_quantity"":80,""ask_quantity"":120,""bid_orders"":1,""ask_orders"":1,""bid_price"":""671.55"",""ask_price"":""676.40""},{""bid_quantity"":120,""ask_quantity"":120,""bid_orders"":1,""ask_orders"":2,""bid_price"":""671.50"",""ask_price"":""676.50""},{""bid_quantity"":80,""ask_quantity"":140,""bid_orders"":1,""ask_orders"":2,""bid_price"":""671.45"",""ask_price"":""676.60""},{""bid_quantity"":120,""ask_quantity"":100,""bid_orders"":1,""ask_orders"":1,""bid_price"":""671.40"",""ask_price"":""676.85""},{""bid_quantity"":140,""ask_quantity"":60,""bid_orders"":2,""ask_orders"":2,""bid_price"":""671.30"",""ask_price"":""678.15""}]"
09:15:21.054,1790739921054896575,1457663608831042,Full Data,8,887135,353.10,120,09:15:21,,,388.74,241940,19280,56420,307120,"[{""bid_quantity"":160,""ask_quantity"":40,""bid_orders"":1,""ask_orders"":1,""bid_price"":""353.50"",""ask_price"":""355.35""},{""bid_quantity"":40,""ask_quantity"":60,""bid_orders"":1,""ask_orders"":1,""bid_price"":""353.45"",""ask_price"":""355.40""},{""bid_quantity"":220,""ask_quantity"":40,""bid_orders"":2,""ask_orders"":1,""bid_price"":""353.40"",""ask_price"":""355.45""},{""bid_quantity"":60,""ask_quantity"":120,""bid_orders"":1,""ask_orders"":2,""bid_price"":""353.35"",""ask_price"":""355.50""},{""bid_quantity"":100,""ask_quantity"":40,""bid_orders"":2,""ask_orders"":1,""bid_price"":""353.30"",""ask_price"":""355.55""}]"
09:15:21.058,1790739921058018035,1457663611952382,Full Data,8,886528,301.95,20,09:15:21,,,333.80,263400,23140,140720,227080,"[{""bid_quantity"":40,""ask_quantity"":60,""bid_orders"":2,""ask_orders"":1,""bid_price"":""301.95"",""ask_price"":""303.00""},{""bid_quantity"":100,""ask_quantity"":40,""bid_orders"":1,""ask_orders"":1,""bid_price"":""301.80"",""ask_price"":""303.05""},{""bid_quantity"":20,""ask_quantity"":20,""bid_orders"":1,""ask_orders"":1,""bid_price"":""301.70"",""ask_price"":""303.10""},{""bid_quantity"":40,""ask_quantity"":80,""bid_orders"":1,""ask_orders"":2,""bid_price"":""301.60"",""ask_price"":""303.15""},{""bid_quantity"":40,""ask_quantity"":60,""bid_orders"":1,""ask_orders"":1,""bid_price"":""301.50"",""ask_price"":""303.20""}]"
09:15:21.092,1790739921092563618,1457663646497565,Full Data,8,887253,669.75,20,09:15:20,,,721.91,8380,14140,31300,68380,"[{""bid_quantity"":60,""ask_quantity"":220,""bid_orders"":3,""ask_orders"":3,""bid_price"":""673.55"",""ask_price"":""681.00""},{""bid_quantity"":120,""ask_quantity"":60,""bid_orders"":2,""ask_orders"":2,""bid_price"":""673.45"",""ask_price"":""681.05""},{""bid_quantity"":80,""ask_quantity"":120,""bid_orders"":1,""ask_orders"":2,""bid_price"":""673.10"",""ask_price"":""681.10""},{""bid_quantity"":60,""ask_quantity"":180,""bid_orders"":1,""ask_orders"":4,""bid_price"":""671.50"",""ask_price"":""681.15""},{""bid_quantity"":240,""ask_quantity"":260,""bid_orders"":1,""ask_orders"":4,""bid_price"":""671.45"",""ask_price"":""681.20""}]"
09:15:21.128,1790739921128746772,1457663682680759,Full Data,8,887135,351.30,20,09:15:21,,,388.61,242820,19900,55980,307120,"[{""bid_quantity"":20,""ask_quantity"":40,""bid_orders"":1,""ask_orders"":1,""bid_price"":""349.80"",""ask_price"":""351.25""},{""bid_quantity"":60,""ask_quantity"":20,""bid_orders"":2,""ask_orders"":1,""bid_price"":""349.65"",""ask_price"":""351.30""},{""bid_quantity"":20,""ask_quantity"":140,""bid_orders"":1,""ask_orders"":1,""bid_price"":""349.60"",""ask_price"":""351.50""},{""bid_quantity"":140,""ask_quantity"":80,""bid_orders"":1,""ask_orders"":2,""bid_price"":""349.50"",""ask_price"":""351.65""},{""bid_quantity"":200,""ask_quantity"":40,""bid_orders"":3,""ask_orders"":1,""bid_price"":""349.40"",""ask_price"":""351.75""}]"
09:15:21.174,1790739921174278787,1457663728213014,Full Data,8,887355,324.45,20,09:15:21,,,287.84,229760,24120,90160,308440,"[{""bid_quantity"":20,""ask_quantity"":40,""bid_orders"":1,""ask_orders"":1,""bid_price"":""324.40"",""ask_price"":""325.00""},{""bid_quantity"":40,""ask_quantity"":60,""bid_orders"":1,""ask_orders"":1,""bid_price"":""324.20"",""ask_price"":""325.10""},{""bid_quantity"":20,""ask_quantity"":140,""bid_orders"":1,""ask_orders"":1,""bid_price"":""324.15"",""ask_price"":""325.50""},{""bid_quantity"":80,""ask_quantity"":80,""bid_orders"":1,""ask_orders"":1,""bid_price"":""323.90"",""ask_price"":""325.55""},{""bid_quantity"":60,""ask_quantity"":40,""bid_orders"":1,""ask_orders"":2,""bid_price"":""323.60"",""ask_price"":""325.65""}]"
09:15:21.228,1790739921228380817,1457663782315284,Full Data,8,887216,172.75,80,09:15:21,,,151.28,215880,36600,94340,604640,"[{""bid_quantity"":100,""ask_quantity"":300,""bid_orders"":1,""ask_orders"":5,""bid_price"":""172.70"",""ask_price"":""174.10""},{""bid_quantity"":220,""ask_quantity"":120,""bid_orders"":4,""ask_orders"":3,""bid_price"":""172.65"",""ask_price"":""174.15""},{""bid_quantity"":80,""ask_quantity"":40,""bid_orders"":2,""ask_orders"":1,""bid_price"":""172.60"",""ask_price"":""174.20""},{""bid_quantity"":40,""ask_quantity"":200,""bid_orders"":1,""ask_orders"":2,""bid_price"":""172.55"",""ask_price"":""174.25""},{""bid_quantity"":120,""ask_quantity"":80,""bid_orders"":2,""ask_orders"":2,""bid_price"":""172.35"",""ask_price"":""174.30""}]"
09:15:21.265,1790739921265700298,1457663819634325,Full Data,8,887306,536.40,20,09:15:21,,,575.41,57340,15160,42960,204460,"[{""bid_quantity"":140,""ask_quantity"":180,""bid_orders"":3,""ask_orders"":3,""bid_price"":""533.25"",""ask_price"":""536.35""},{""bid_quantity"":200,""ask_quantity"":420,""bid_orders"":3,""ask_orders"":4,""bid_price"":""533.15"",""ask_price"":""536.40""},{""bid_quantity"":120,""ask_quantity"":100,""bid_orders"":1,""ask_orders"":1,""bid_price"":""533.10"",""ask_price"":""536.60""},{""bid_quantity"":100,""ask_quantity"":20,""bid_orders"":3,""ask_orders"":1,""bid_price"":""533.05"",""ask_price"":""536.70""},{""bid_quantity"":140,""ask_quantity"":100,""bid_orders"":2,""ask_orders"":1,""bid_price"":""533.00"",""ask_price"":""536.80""}]"
09:15:21.278,1790739921278890103,1457663832824290,Full Data,8,886620,206.15,60,09:15:21,,,180.95,242940,39440,82420,619000,"[{""bid_quantity"":140,""ask_quantity"":100,""bid_orders"":3,""ask_orders"":1,""bid_price"":""204.95"",""ask_price"":""206.10""},{""bid_quantity"":40,""ask_quantity"":60,""bid_orders"":1,""ask_orders"":1,""bid_price"":""204.90"",""ask_price"":""206.20""},{""bid_quantity"":120,""ask_quantity"":80,""bid_orders"":3,""ask_orders"":2,""bid_price"":""204.85"",""ask_price"":""206.25""},{""bid_quantity"":40,""ask_quantity"":80,""bid_orders"":1,""ask_orders"":1,""bid_price"":""204.75"",""ask_price"":""206.30""},{""bid_quantity"":20,""ask_quantity"":80,""bid_orders"":1,""ask_orders"":2,""bid_price"":""204.70"",""ask_price"":""206.35""}]"
09:15:21.291,1790739921291462185,1457663845396132,Ticker Data,0,51,72530.85,,09:15:21,,,,,,,,
09:15:21.313,1790739921314008171,1457663867942118,Full Data,8,886620,205.35,80,09:15:21,,,181.04,243900,39780,82240,619000,"[{""bid_quantity"":60,""ask_quantity"":80,""bid_orders"":2,""ask_orders"":1,""bid_price"":""204.75"",""ask_price"":""205.45""},{""bid_quantity"":40,""ask_quantity"":80,""bid_orders"":2,""ask_orders"":1,""bid_price"":""204.70"",""ask_price"":""205.50""},{""bid_quantity"":20,""ask_quantity"":160,""bid_orders"":1,""ask_orders"":3,""bid_price"":""204.55"",""ask_price"":""205.55""},{""bid_quantity"":160,""ask_quantity"":80,""bid_orders"":1,""ask_orders"":2,""bid_price"":""204.45"",""ask_price"":""205.65""},{""bid_quantity"":20,""ask_quantity"":40,""bid_orders"":1,""ask_orders"":2,""bid_price"":""204.35"",""ask_price"":""205.70""}]"
09:15:21.402,1790739921402207461,1457663956141648,Full Data,8,887279,238.95,20,09:15:21,,,210.98,401360,31700,87500,563560,"[{""bid_quantity"":180,""ask_quantity"":20,""bid_orders"":2,""ask_orders"":1,""bid_price"":""237.90"",""ask_price"":""238.95""},{""bid_quantity"":220,""ask_quantity"":200,""bid_orders"":3,""ask_orders"":1,""bid_price"":""237.85"",""ask_price"":""239.00""},{""bid_quantity"":120,""ask_quantity"":80,""bid_orders"":1,""ask_orders"":2,""bid_price"":""237.80"",""ask_price"":""239.05""},{""bid_quantity"":60,""ask_quantity"":240,""bid_orders"":1,""ask_orders"":1,""bid_price"":""237.75"",""ask_price"":""239.65""},{""bid_quantity"":140,""ask_quantity"":100,""bid_orders"":1,""ask_orders"":1,""bid_price"":""237.65"",""ask_price"":""240.15""}]"
09:15:21.490,1790739921490947835,1457664044881982,Full Data,8,886685,276.90,20,09:15:21,,,251.14,530460,40420,142820,1113180,"[{""bid_quantity"":60,""ask_quantity"":900,""bid_orders"":1,""ask_orders"":7,""bid_price"":""276.95"",""ask_price"":""278.30""},{""bid_quantity"":20,""ask_quantity"":120,""bid_orders"":1,""ask_orders"":1,""bid_price"":""276.85"",""ask_price"":""278.35""},{""bid_quantity"":140,""ask_quantity"":320,""bid_orders"":1,""ask_orders"":1,""bid_price"":""276.55"",""ask_price"":""278.40""},{""bid_quantity"":80,""ask_quantity"":120,""bid_orders"":1,""ask_orders"":1,""bid_price"":""276.15"",""ask_price"":""278.45""},{""bid_quantity"":20,""ask_quantity"":100,""bid_orders"":1,""ask_orders"":1,""bid_price"":""276.10"",""ask_price"":""278.70""}]"
09:15:21.615,1790739921615255239,1457664169189666,Full Data,8,887080,473.70,20,09:15:21,,,508.46,128460,17580,69800,212920,"[{""bid_quantity"":200,""ask_quantity"":200,""bid_orders"":2,""ask_orders"":1,""bid_price"":""470.40"",""ask_price"":""473.70""},{""bid_quantity"":60,""ask_quantity"":300,""bid_orders"":1,""ask_orders"":1,""bid_price"":""470.35"",""ask_price"":""473.80""},{""bid_quantity"":40,""ask_quantity"":100,""bid_orders"":2,""ask_orders"":1,""bid_price"":""470.10"",""ask_price"":""473.85""},{""bid_quantity"":80,""ask_quantity"":80,""bid_orders"":1,""ask_orders"":1,""bid_price"":""470.05"",""ask_price"":""474.05""},{""bid_quantity"":80,""ask_quantity"":340,""bid_orders"":1,""ask_orders"":2,""bid_price"":""469.95"",""ask_price"":""474.70""}]"
09:15:21.655,1790739921655121937,1457664209055884,Full Data,8,886461,411.70,40,09:15:21,,,446.11,307260,29140,131200,738980,"[{""bid_quantity"":160,""ask_quantity"":100,""bid_orders"":1,""ask_orders"":2,""bid_price"":""411.15"",""ask_price"":""412.40""},{""bid_quantity"":340,""ask_quantity"":180,""bid_orders"":6,""ask_orders"":2,""bid_price"":""411.10"",""ask_price"":""412.45""},{""bid_quantity"":160,""ask_quantity"":120,""bid_orders"":1,""ask_orders"":3,""bid_price"":""411.05"",""ask_price"":""412.50""},{""bid_quantity"":20,""ask_quantity"":280,""bid_orders"":1,""ask_orders"":2,""bid_price"":""411.00"",""ask_price"":""412.80""},{""bid_quantity"":20,""ask_quantity"":200,""bid_orders"":1,""ask_orders"":4,""bid_price"":""410.95"",""ask_price"":""412.85""}]"
09:15:21.698,1790739921698416097,1457664252350004,Full Data,8,886659,606.75,40,09:15:21,,,653.66,25400,11980,28020,139920,"[{""bid_quantity"":160,""ask_quantity"":280,""bid_orders"":4,""ask_orders"":2,""bid_price"":""605.30"",""ask_price"":""609.35""},{""bid_quantity"":20,""ask_quantity"":40,""bid_orders"":1,""ask_orders"":1,""bid_price"":""605.25"",""ask_price"":""609.45""},{""bid_quantity"":240,""ask_quantity"":120,""bid_orders"":7,""ask_orders"":2,""bid_price"":""605.20"",""ask_price"":""609.55""},{""bid_quantity"":20,""ask_quantity"":260,""bid_orders"":1,""ask_orders"":3,""bid_price"":""605.15"",""ask_price"":""610.05""},{""bid_quantity"":100,""ask_quantity"":40,""bid_orders"":1,""ask_orders"":1,""bid_price"":""605.00"",""ask_price"":""610.10""}]"
09:15:21.733,1790739921733799166,1457664287733073,Full Data,8,886461,412.40,20,09:15:21,,,446.03,307980,27420,130900,738980,"[{""bid_quantity"":20,""ask_quantity"":20,""bid_orders"":1,""ask_orders"":1,""bid_price"":""411.80"",""ask_price"":""412.40""},{""bid_quantity"":180,""ask_quantity"":20,""bid_orders"":2,""ask_orders"":1,""bid_price"":""411.75"",""ask_price"":""413.45""},{""bid_quantity"":60,""ask_quantity"":20,""bid_orders"":3,""ask_orders"":1,""bid_price"":""411.70"",""ask_price"":""413.55""},{""bid_quantity"":140,""ask_quantity"":40,""bid_orders"":1,""ask_orders"":1,""bid_price"":""411.60"",""ask_price"":""413.70""},{""bid_quantity"":20,""ask_quantity"":40,""bid_orders"":1,""ask_orders"":1,""bid_price"":""411.55"",""ask_price"":""413.85""}]"
09:15:21.761,1790739921761562186,1457664315496173,Full Data,8,886659,606.05,20,09:15:21,,,653.37,25560,13620,27800,139920,"[{""bid_quantity"":60,""ask_quantity"":120,""bid_orders"":2,""ask_orders"":2,""bid_price"":""605.75"",""ask_price"":""609.50""},{""bid_quantity"":20,""ask_quantity"":120,""bid_orders"":1,""ask_orders"":2,""bid_price"":""605.70"",""ask_price"":""609.55""},{""bid_quantity"":20,""ask_quantity"":100,""bid_orders"":1,""ask_orders"":2,""bid_price"":""605.65"",""ask_price"":""609.60""},{""bid_quantity"":60,""ask_quantity"":40,""bid_orders"":2,""ask_orders"":1,""bid_price"":""605.25"",""ask_price"":""609.65""},{""bid_quantity"":20,""ask_quantity"":140,""bid_orders"":1,""ask_orders"":3,""bid_price"":""605.20"",""ask_price"":""609.70""}]"
09:15:21.794,1790739921794086756,1457664348020703,Full Data,8,887100,373.25,60,09:15:21,,,336.10,178040,17100,67040,254140,"[{""bid_quantity"":80,""ask_quantity"":60,""bid_orders"":1,""ask_orders"":3,""bid_price"":""372.05"",""ask_price"":""373.35""},{""bid_quantity"":40,""ask_quantity"":100,""bid_orders"":1,""ask_orders"":1,""bid_price"":""372.00"",""ask_price"":""373.80""},{""bid_quantity"":80,""ask_quantity"":100,""bid_orders"":1,""ask_orders"":1,""bid_price"":""371.95"",""ask_price"":""374.00""},{""bid_quantity"":160,""ask_quantity"":100,""bid_orders"":2,""ask_orders"":1,""bid_price"":""371.90"",""ask_price"":""374.40""},{""bid_quantity"":120,""ask_quantity"":320,""bid_orders"":1,""ask_orders"":2,""bid_price"":""371.80"",""ask_price"":""374.80""}]"
09:15:21.838,1790739921838054280,1457664391988587,Full Data,8,886540,147.55,20,09:15:21,,,127.52,175720,54600,74940,605280,"[{""bid_quantity"":60,""ask_quantity"":80,""bid_orders"":1,""ask_orders"":2,""bid_price"":""147.85"",""ask_price"":""148.40""},{""bid_quantity"":140,""ask_quantity"":120,""bid_orders"":1,""ask_orders"":2,""bid_price"":""147.65"",""ask_price"":""148.45""},{""bid_quantity"":40,""ask_quantity"":100,""bid_orders"":1,""ask_orders"":3,""bid_price"":""147.45"",""ask_price"":""148.50""},{""bid_quantity"":40,""ask_quantity"":80,""bid_orders"":1,""ask_orders"":1,""bid_price"":""147.40"",""ask_price"":""148.80""},{""bid_quantity"":200,""ask_quantity"":240,""bid_orders"":1,""ask_orders"":1,""bid_price"":""147.20"",""ask_price"":""148.85""}]"
09:15:21.847,1790739921847443301,1457664401377208,Full Data,8,887100,373.00,20,09:15:21,,,336.12,178160,18860,65060,254140,"[{""bid_quantity"":40,""ask_quantity"":80,""bid_orders"":1,""ask_orders"":2,""bid_price"":""371.90"",""ask_price"":""373.20""},{""bid_quantity"":80,""ask_quantity"":60,""bid_orders"":1,""ask_orders"":3,""bid_price"":""371.85"",""ask_price"":""373.25""},{""bid_quantity"":40,""ask_quantity"":40,""bid_orders"":1,""ask_orders"":2,""bid_price"":""371.80"",""ask_price"":""373.35""},{""bid_quantity"":60,""ask_quantity"":160,""bid_orders"":1,""ask_orders"":2,""bid_price"":""371.75"",""ask_price"":""373.50""},{""bid_quantity"":60,""ask_quantity"":40,""bid_orders"":2,""ask_orders"":1,""bid_price"":""371.70"",""ask_price"":""373.60""}]"
09:15:21.852,1790739921852968377,1457664406902204,Full Data,8,886540,148.05,40,09:15:21,,,127.62,176620,56000,72760,605280,"[{""bid_quantity"":20,""ask_quantity"":40,""bid_orders"":1,""ask_orders"":1,""bid_price"":""147.45"",""ask_price"":""148.00""},{""bid_quantity"":160,""ask_quantity"":40,""bid_orders"":2,""ask_orders"":1,""bid_price"":""147.30"",""ask_price"":""148.10""},{""bid_quantity"":20,""ask_quantity"":40,""bid_orders"":1,""ask_orders"":1,""bid_price"":""147.15"",""ask_price"":""148.20""},{""bid_quantity"":40,""ask_quantity"":40,""bid_orders"":1,""ask_orders"":1,""bid_price"":""147.10"",""ask_price"":""148.25""},{""bid_quantity"":200,""ask_quantity"":180,""bid_orders"":1,""ask_orders"":2,""bid_price"":""146.95"",""ask_price"":""148.30""}]"
09:15:22.051,1790739922051736663,1457664605671210,Full Data,8,886528,301.85,20,09:15:22,,,332.61,273400,27820,145960,227080,"[{""bid_quantity"":100,""ask_quantity"":80,""bid_orders"":2,""ask_orders"":2,""bid_price"":""300.10"",""ask_price"":""301.40""},{""bid_quantity"":100,""ask_quantity"":40,""bid_orders"":2,""ask_orders"":2,""bid_price"":""300.05"",""ask_price"":""301.55""},{""bid_quantity"":480,""ask_quantity"":40,""bid_orders"":1,""ask_orders"":1,""bid_price"":""300.00"",""ask_price"":""301.65""},{""bid_quantity"":120,""ask_quantity"":40,""bid_orders"":1,""ask_orders"":1,""bid_price"":""299.95"",""ask_price"":""301.70""},{""bid_quantity"":20,""ask_quantity"":80,""bid_orders"":1,""ask_orders"":1,""bid_price"":""299.90"",""ask_price"":""301.75""}]"
09:15:22.113,1790739922113886145,1457664667820452,Full Data,8,887135,349.55,20,09:15:22,,,386.90,254620,23300,55000,307120,"[{""bid_quantity"":140,""ask_quantity"":240,""bid_orders"":3,""ask_orders"":3,""bid_price"":""349.00"",""ask_price"":""350.55""},{""bid_quantity"":40,""ask_quantity"":60,""bid_orders"":1,""ask_orders"":3,""bid_price"":""348.95"",""ask_price"":""350.60""},{""bid_quantity"":240,""ask_quantity"":20,""bid_orders"":3,""ask_orders"":1,""bid_price"":""348.85"",""ask_price"":""351.45""},{""bid_quantity"":160,""ask_quantity"":100,""bid_orders"":1,""ask_orders"":1,""bid_price"":""348.65"",""ask_price"":""352.30""},{""bid_quantity"":40,""ask_quantity"":240,""bid_orders"":1,""ask_orders"":1,""bid_price"":""348.60"",""ask_price"":""352.80""}]"
09:15:22.175,1790739922175472623,1457664729406610,Full Data,8,887355,325.75,20,09:15:22,,,290.14,245900,24940,92500,308440,"[{""bid_quantity"":80,""ask_quantity"":20,""bid_orders"":1,""ask_orders"":1,""bid_price"":""325.50"",""ask_price"":""326.30""},{""bid_quantity"":20,""ask_quantity"":40,""bid_orders"":1,""ask_orders"":2,""bid_price"":""325.40"",""ask_price"":""327.00""},{""bid_quantity"":80,""ask_quantity"":40,""bid_orders"":1,""ask_orders"":2,""bid_price"":""325.35"",""ask_price"":""327.45""},{""bid_quantity"":80,""ask_quantity"":100,""bid_orders"":1,""ask_orders"":1,""bid_price"":""325.20"",""ask_price"":""327.75""},{""bid_quantity"":40,""ask_quantity"":100,""bid_orders"":1,""ask_orders"":1,""bid_price"":""325.15"",""ask_price"":""327.80""}]"
09:15:22.177,1790739922177269875,1457664731203782,Full Data,8,886528,297.15,20,09:15:22,,,332.49,274380,26540,143500,227080,"[{""bid_quantity"":220,""ask_quantity"":180,""bid_orders"":4,""ask_orders"":2,""bid_price"":""297.40"",""ask_price"":""298.50""},{""bid_quantity"":20,""ask_quantity"":40,""bid_orders"":1,""ask_orders"":1,""bid_price"":""297.35"",""ask_price"":""298.55""},{""bid_quantity"":60,""ask_quantity"":180,""bid_orders"":2,""ask_orders"":2,""bid_price"":""297.30"",""ask_price"":""299.05""},{""bid_quantity"":20,""ask_quantity"":160,""bid_orders"":1,""ask_orders"":1,""bid_price"":""297.25"",""ask_price"":""299.10""},{""bid_quantity"":60,""ask_quantity"":200,""bid_orders"":2,""ask_orders"":2,""bid_price"":""297.20"",""ask_price"":""299.15""}]"
09:15:22.202,1790739922202574838,1457664756508785,Full Data,8,887253,677.15,20,09:15:21,,,721.59,8440,11040,32420,68380,"[{""bid_quantity"":80,""ask_quantity"":220,""bid_orders"":1,""ask_orders"":3,""bid_price"":""669.95"",""ask_price"":""673.70""},{""bid_quantity"":80,""ask_quantity"":80,""bid_orders"":1,""ask_orders"":1,""bid_price"":""669.90"",""ask_price"":""673.80""},{""bid_quantity"":100,""ask_quantity"":160,""bid_orders"":2,""ask_orders"":2,""bid_price"":""669.85"",""ask_price"":""673.85""},{""bid_quantity"":120,""ask_quantity"":80,""bid_orders"":1,""ask_orders"":1,""bid_price"":""669.80"",""ask_price"":""673.90""},{""bid_quantity"":60,""ask_quantity"":60,""bid_orders"":1,""ask_orders"":1,""bid_price"":""669.70"",""ask_price"":""674.15""}]"
09:15:22.247,1790739922247922532,1457664801856799,Full Data,8,886620,208.45,20,09:15:22,,,182.24,256980,41700,86380,619000,"[{""bid_quantity"":20,""ask_quantity"":40,""bid_orders"":1,""ask_orders"":1,""bid_price"":""207.70"",""ask_price"":""208.45""},{""bid_quantity"":40,""ask_quantity"":40,""bid_orders"":1,""ask_orders"":2,""bid_price"":""207.65"",""ask_price"":""208.60""},{""bid_quantity"":60,""ask_quantity"":100,""bid_orders"":1,""ask_orders"":1,""bid_price"":""207.60"",""ask_price"":""208.65""},{""bid_quantity"":80,""ask_quantity"":20,""bid_orders"":3,""ask_orders"":1,""bid_price"":""207.50"",""ask_price"":""208.70""},{""bid_quantity"":180,""ask_quantity"":80,""bid_orders"":2,""ask_orders"":1,""bid_price"":""207.30"",""ask_price"":""208.85""}]"
09:15:22.285,1790739922285116932,1457664839050999,Ticker Data,0,51,72521.62,,09:15:22,,,,,,,,
09:15:22.345,1790739922345876765,1457664899810952,Full Data,8,886620,208.25,40,09:15:22,,,182.26,257100,40380,86620,619000,"[{""bid_quantity"":120,""ask_quantity"":100,""bid_orders"":1,""ask_orders"":1,""bid_price"":""207.75"",""ask_price"":""209.10""},{""bid_quantity"":180,""ask_quantity"":100,""bid_orders"":4,""ask_orders"":1,""bid_price"":""207.70"",""ask_price"":""209.70""},{""bid_quantity"":180,""ask_quantity"":300,""bid_orders"":2,""ask_orders"":2,""bid_price"":""207.50"",""ask_price"":""209.75""},{""bid_quantity"":120,""ask_quantity"":120,""bid_orders"":2,""ask_orders"":1,""bid_price"":""207.45"",""ask_price"":""209.80""},{""bid_quantity"":60,""ask_quantity"":100,""bid_orders"":1,""ask_orders"":1,""bid_price"":""207.40"",""ask_price"":""209.90""}]"
09:15:22.390,1790739922390929297,1457664944863244,Full Data,8,887306,532.00,200,09:15:22,,,574.02,59320,16560,39280,204460,"[{""bid_quantity"":40,""ask_quantity"":140,""bid_orders"":2,""ask_orders"":2,""bid_price"":""525.15"",""ask_price"":""527.45""},{""bid_quantity"":20,""ask_quantity"":40,""bid_orders"":1,""ask_orders"":2,""bid_price"":""524.95"",""ask_price"":""527.50""},{""bid_quantity"":60,""ask_quantity"":60,""bid_orders"":2,""ask_orders"":2,""bid_price"":""524.25"",""ask_price"":""527.55""},{""bid_quantity"":40,""ask_quantity"":120,""bid_orders"":1,""ask_orders"":2,""bid_price"":""523.45"",""ask_price"":""527.65""},{""bid_quantity"":100,""ask_quantity"":40,""bid_orders"":1,""ask_orders"":1,""bid_price"":""523.40"",""ask_price"":""527.70""}]"
09:15:22.391,1790739922391401140,1457664945335327,Full Data,8,887216,178.60,20,09:15:22,,,152.44,226980,36480,95020,604640,"[{""bid_quantity"":80,""ask_quantity"":20,""bid_orders"":2,""ask_orders"":1,""bid_price"":""178.75"",""ask_price"":""179.60""},{""bid_quantity"":140,""ask_quantity"":40,""bid_orders"":2,""ask_orders"":1,""bid_price"":""178.65"",""ask_price"":""179.65""},{""bid_quantity"":40,""ask_quantity"":40,""bid_orders"":1,""ask_orders"":1,""bid_price"":""178.60"",""ask_price"":""179.75""},{""bid_quantity"":40,""ask_quantity"":60,""bid_orders"":1,""ask_orders"":2,""bid_price"":""178.55"",""ask_price"":""179.80""},{""bid_quantity"":80,""ask_quantity"":140,""bid_orders"":1,""ask_orders"":1,""bid_price"":""178.35"",""ask_price"":""179.85""}]"
09:15:22.441,1790739922441510024,1457664995444011,Full Data,8,887279,244.95,40,09:15:22,,,212.07,416700,33240,89720,563560,"[{""bid_quantity"":20,""ask_quantity"":60,""bid_orders"":1,""ask_orders"":1,""bid_price"":""244.00"",""ask_price"":""244.90""},{""bid_quantity"":120,""ask_quantity"":20,""bid_orders"":1,""ask_orders"":1,""bid_price"":""243.90"",""ask_price"":""244.95""},{""bid_quantity"":60,""ask_quantity"":40,""bid_orders"":2,""ask_orders"":1,""bid_price"":""243.85"",""ask_price"":""245.00""},{""bid_quantity"":40,""ask_quantity"":60,""bid_orders"":1,""ask_orders"":1,""bid_price"":""243.80"",""ask_price"":""245.05""},{""bid_quantity"":20,""ask_quantity"":20,""bid_orders"":1,""ask_orders"":1,""bid_price"":""243.60"",""ask_price"":""245.10""}]"
09:15:22.515,1790739922515779864,1457665069714211,Full Data,8,886685,283.35,40,09:15:22,,,252.54,556160,43700,145980,1113180,"[{""bid_quantity"":160,""ask_quantity"":80,""bid_orders"":1,""ask_orders"":1,""bid_price"":""282.75"",""ask_price"":""283.50""},{""bid_quantity"":20,""ask_quantity"":180,""bid_orders"":1,""ask_orders"":2,""bid_price"":""282.70"",""ask_price"":""283.60""},{""bid_quantity"":160,""ask_quantity"":220,""bid_orders"":1,""ask_orders"":2,""bid_price"":""282.65"",""ask_price"":""283.75""},{""bid_quantity"":60,""ask_quantity"":100,""bid_orders"":2,""ask_orders"":1,""bid_price"":""282.60"",""ask_price"":""283.80""},{""bid_quantity"":20,""ask_quantity"":80,""bid_orders"":1,""ask_orders"":1,""bid_price"":""282.40"",""ask_price"":""283.85""}]"
09:15:22.699,1790739922699691934,1457665253626161,Full Data,8,887080,463.85,20,09:15:22,,,507.23,132440,20980,68500,212920,"[{""bid_quantity"":80,""ask_quantity"":60,""bid_orders"":1,""ask_orders"":1,""bid_price"":""461.10"",""ask_price"":""463.05""},{""bid_quantity"":80,""ask_quantity"":140,""bid_orders"":1,""ask_orders"":4,""bid_price"":""461.05"",""ask_price"":""463.10""},{""bid_quantity"":100,""ask_quantity"":60,""bid_orders"":1,""ask_orders"":1,""bid_price"":""461.00"",""ask_price"":""463.20""},{""bid_quantity"":40,""ask_quantity"":80,""bid_orders"":1,""ask_orders"":2,""bid_price"":""460.95"",""ask_price"":""463.25""},{""bid_quantity"":100,""ask_quantity"":120,""bid_orders"":1,""ask_orders"":1,""bid_price"":""460.85"",""ask_price"":""463.30""}]"
09:15:22.736,1790739922736880654,1457665290814641,Full Data,8,886461,403.40,40,09:15:22,,,444.75,318220,28620,131980,738980,"[{""bid_quantity"":40,""ask_quantity"":40,""bid_orders"":1,""ask_orders"":1,""bid_price"":""401.15"",""ask_price"":""402.70""},{""bid_quantity"":20,""ask_quantity"":40,""bid_orders"":1,""ask_orders"":1,""bid_price"":""401.10"",""ask_price"":""402.75""},{""bid_quantity"":40,""ask_quantity"":60,""bid_orders"":2,""ask_orders"":2,""bid_price"":""401.00"",""ask_price"":""402.80""},{""bid_quantity"":20,""ask_quantity"":80,""bid_orders"":1,""ask_orders"":3,""bid_price"":""400.85"",""ask_price"":""403.10""},{""bid_quantity"":120,""ask_quantity"":80,""bid_orders"":2,""ask_orders"":2,""bid_price"":""400.80"",""ask_price"":""403.25""}]"
09:15:22.779,1790739922779431569,1457665333365596,Full Data,8,886659,597.75,20,09:15:22,,,652.96,25760,11820,26400,139920,"[{""bid_quantity"":140,""ask_quantity"":100,""bid_orders"":3,""ask_orders"":2,""bid_price"":""596.40"",""ask_price"":""598.50""},{""bid_quantity"":60,""ask_quantity"":80,""bid_orders"":2,""ask_orders"":2,""bid_price"":""596.30"",""ask_price"":""599.85""},{""bid_quantity"":80,""ask_quantity"":100,""bid_orders"":2,""ask_orders"":2,""bid_price"":""596.15"",""ask_price"":""599.90""},{""bid_quantity"":80,""ask_quantity"":280,""bid_orders"":2,""ask_orders"":2,""bid_price"":""596.05"",""ask_price"":""600.10""},{""bid_quantity"":60,""ask_quantity"":140,""bid_orders"":1,""ask_orders"":1,""bid_price"":""595.95"",""ask_price"":""600.55""}]"
09:15:22.826,1790739922826183952,1457665380117899,Full Data,8,886659,596.20,20,09:15:22,,,652.83,25820,11160,26300,139920,"[{""bid_quantity"":40,""ask_quantity"":60,""bid_orders"":1,""ask_orders"":1,""bid_price"":""598.60"",""ask_price"":""601.10""},{""bid_quantity"":80,""ask_quantity"":60,""bid_orders"":1,""ask_orders"":1,""bid_price"":""598.55"",""ask_price"":""601.15""},{""bid_quantity"":40,""ask_quantity"":60,""bid_orders"":1,""ask_orders"":2,""bid_price"":""598.50"",""ask_price"":""601.60""},{""bid_quantity"":20,""ask_quantity"":160,""bid_orders"":1,""ask_orders"":2,""bid_price"":""598.45"",""ask_price"":""601.75""},{""bid_quantity"":100,""ask_quantity"":80,""bid_orders"":1,""ask_orders"":1,""bid_price"":""598.40"",""ask_price"":""601.80""}]"
09:15:22.855,1790739922855185019,1457665409119326,Full Data,8,887100,374.15,40,09:15:22,,,339.00,192320,19520,67420,254140,"[{""bid_quantity"":180,""ask_quantity"":100,""bid_orders"":2,""ask_orders"":2,""bid_price"":""374.25"",""ask_price"":""376.10""},{""bid_quantity"":220,""ask_quantity"":40,""bid_orders"":3,""ask_orders"":1,""bid_price"":""374.20"",""ask_price"":""376.15""},{""bid_quantity"":160,""ask_quantity"":180,""bid_orders"":2,""ask_orders"":3,""bid_price"":""374.15"",""ask_price"":""376.40""},{""bid_quantity"":80,""ask_quantity"":100,""bid_orders"":2,""ask_orders"":2,""bid_price"":""374.10"",""ask_price"":""376.45""},{""bid_quantity"":280,""ask_quantity"":160,""bid_orders"":2,""ask_orders"":1,""bid_price"":""374.05"",""ask_price"":""376.75""}]"
09:15:22.906,1790739922906977154,1457665460911061,Full Data,8,887100,374.70,20,09:15:22,,,339.04,192520,18440,66480,254140,"[{""bid_quantity"":140,""ask_quantity"":60,""bid_orders"":1,""ask_orders"":2,""bid_price"":""374.95"",""ask_price"":""376.25""},{""bid_quantity"":60,""ask_quantity"":60,""bid_orders"":1,""ask_orders"":2,""bid_price"":""374.70"",""ask_price"":""376.45""},{""bid_quantity"":80,""ask_quantity"":220,""bid_orders"":2,""ask_orders"":2,""bid_price"":""374.65"",""ask_price"":""376.70""},{""bid_quantity"":80,""ask_quantity"":100,""bid_orders"":2,""ask_orders"":1,""bid_price"":""374.50"",""ask_price"":""376.80""},{""bid_quantity"":80,""ask_quantity"":160,""bid_orders"":2,""ask_orders"":1,""bid_price"":""374.40"",""ask_price"":""377.00""}]"
09:15:22.909,1790739922909993774,1457665463927681,Full Data,8,886540,149.90,20,09:15:22,,,128.58,184900,56760,74420,605280,"[{""bid_quantity"":120,""ask_quantity"":60,""bid_orders"":2,""ask_orders"":1,""bid_price"":""149.60"",""ask_price"":""149.90""},{""bid_quantity"":40,""ask_quantity"":80,""bid_orders"":1,""ask_orders"":2,""bid_price"":""149.30"",""ask_price"":""150.05""},{""bid_quantity"":60,""ask_quantity"":80,""bid_orders"":1,""ask_orders"":1,""bid_price"":""149.25"",""ask_price"":""150.35""},{""bid_quantity"":140,""ask_quantity"":60,""bid_orders"":1,""ask_orders"":1,""bid_price"":""149.20"",""ask_price"":""150.40""},{""bid_quantity"":40,""ask_quantity"":60,""bid_orders"":1,""ask_orders"":1,""bid_price"":""148.85"",""ask_price"":""150.45""}]"
09:15:23.170,1790739923170867981,1457665724802528,Full Data,8,887355,330.10,20,09:15:23,,,292.65,263780,23760,93360,308440,"[{""bid_quantity"":80,""ask_quantity"":160,""bid_orders"":1,""ask_orders"":4,""bid_price"":""330.80"",""ask_price"":""332.35""},{""bid_quantity"":120,""ask_quantity"":80,""bid_orders"":1,""ask_orders"":1,""bid_price"":""330.75"",""ask_price"":""332.40""},{""bid_quantity"":80,""ask_quantity"":60,""bid_orders"":1,""ask_orders"":1,""bid_price"":""330.65"",""ask_price"":""332.45""},{""bid_quantity"":80,""ask_quantity"":60,""bid_orders"":1,""ask_orders"":1,""bid_price"":""330.60"",""ask_price"":""332.50""},{""bid_quantity"":100,""ask_quantity"":200,""bid_orders"":1,""ask_orders"":4,""bid_price"":""330.55"",""ask_price"":""332.55""}]"
09:15:23.172,1790739923172266150,1457665726200177,Full Data,8,886528,294.60,40,09:15:23,,,331.57,281720,23760,142680,227080,"[{""bid_quantity"":100,""ask_quantity"":20,""bid_orders"":2,""ask_orders"":1,""bid_price"":""294.35"",""ask_price"":""295.10""},{""bid_quantity"":260,""ask_quantity"":100,""bid_orders"":3,""ask_orders"":1,""bid_price"":""294.30"",""ask_price"":""296.00""},{""bid_quantity"":160,""ask_quantity"":40,""bid_orders"":2,""ask_orders"":1,""bid_price"":""294.25"",""ask_price"":""296.15""},{""bid_quantity"":360,""ask_quantity"":100,""bid_orders"":3,""ask_orders"":1,""bid_price"":""294.20"",""ask_price"":""296.20""},{""bid_quantity"":120,""ask_quantity"":100,""bid_orders"":2,""ask_orders"":1,""bid_price"":""294.15"",""ask_price"":""296.40""}]"
09:15:23.212,1790739923212935293,1457665766869240,Full Data,8,887253,664.90,20,09:15:23,,,719.98,8700,12240,32780,68380,"[{""bid_quantity"":40,""ask_quantity"":160,""bid_orders"":1,""ask_orders"":2,""bid_price"":""662.90"",""ask_price"":""665.80""},{""bid_quantity"":100,""ask_quantity"":120,""bid_orders"":1,""ask_orders"":2,""bid_price"":""662.85"",""ask_price"":""665.85""},{""bid_quantity"":60,""ask_quantity"":80,""bid_orders"":1,""ask_orders"":1,""bid_price"":""661.40"",""ask_price"":""665.90""},{""bid_quantity"":20,""ask_quantity"":120,""bid_orders"":1,""ask_orders"":1,""bid_price"":""661.35"",""ask_price"":""665.95""},{""bid_quantity"":200,""ask_quantity"":240,""bid_orders"":2,""ask_orders"":1,""bid_price"":""661.00"",""ask_price"":""666.15""}]"
09:15:23.234,1790739923234713674,1457665788647661,Full Data,8,887135,343.50,60,09:15:23,,,384.31,273200,32900,55340,307120,"[{""bid_quantity"":80,""ask_quantity"":60,""bid_orders"":2,""ask_orders"":2,""bid_price"":""343.40"",""ask_price"":""344.25""},{""bid_quantity"":20,""ask_quantity"":160,""bid_orders"":1,""ask_orders"":1,""bid_price"":""343.35"",""ask_price"":""344.35""},{""bid_quantity"":80,""ask_quantity"":40,""bid_orders"":2,""ask_orders"":1,""bid_price"":""343.30"",""ask_price"":""344.40""},{""bid_quantity"":80,""ask_quantity"":200,""bid_orders"":2,""ask_orders"":2,""bid_price"":""343.20"",""ask_price"":""344.50""},{""bid_quantity"":100,""ask_quantity"":20,""bid_orders"":1,""ask_orders"":1,""bid_price"":""343.15"",""ask_price"":""344.55""}]"
09:15:23.267,1790739923267681727,1457665821615754,Full Data,8,887135,343.40,20,09:15:23,,,384.25,273640,36480,56080,307120,"[{""bid_quantity"":40,""ask_quantity"":80,""bid_orders"":2,""ask_orders"":4,""bid_price"":""343.10"",""ask_price"":""343.95""},{""bid_quantity"":20,""ask_quantity"":20,""bid_orders"":1,""ask_orders"":1,""bid_price"":""343.00"",""ask_price"":""344.05""},{""bid_quantity"":40,""ask_quantity"":160,""bid_orders"":2,""ask_orders"":1,""bid_price"":""342.90"",""ask_price"":""344.10""},{""bid_quantity"":20,""ask_quantity"":20,""bid_orders"":1,""ask_orders"":1,""bid_price"":""342.75"",""ask_price"":""344.15""},{""bid_quantity"":40,""ask_quantity"":20,""bid_orders"":1,""ask_orders"":1,""bid_price"":""342.70"",""ask_price"":""344.30""}]"
09:15:23.292,1790739923292276887,1457665846211194,Ticker Data,0,51,72516.86,,09:15:23,,,,,,,,
09:15:23.310,1790739923310734366,1457665864668353,Full Data,8,886620,212.70,20,09:15:23,,,183.61,271160,39420,82780,619000,"[{""bid_quantity"":40,""ask_quantity"":80,""bid_orders"":2,""ask_orders"":2,""bid_price"":""212.00"",""ask_price"":""212.80""},{""bid_quantity"":60,""ask_quantity"":60,""bid_orders"":2,""ask_orders"":3,""bid_price"":""211.95"",""ask_price"":""212.85""},{""bid_quantity"":20,""ask_quantity"":220,""bid_orders"":1,""ask_orders"":3,""bid_price"":""211.80"",""ask_price"":""212.95""},{""bid_quantity"":140,""ask_quantity"":120,""bid_orders"":1,""ask_orders"":2,""bid_price"":""211.70"",""ask_price"":""213.00""},{""bid_quantity"":40,""ask_quantity"":100,""bid_orders"":1,""ask_orders"":1,""bid_price"":""211.65"",""ask_price"":""213.15""}]"
09:15:23.333,1790739923333561474,1457665887495421,Full Data,8,887253,664.90,20,09:15:23,,,719.98,8700,9920,31060,68380,"[{""bid_quantity"":80,""ask_quantity"":160,""bid_orders"":1,""ask_orders"":2,""bid_price"":""662.40"",""ask_price"":""665.95""},{""bid_quantity"":160,""ask_quantity"":80,""bid_orders"":3,""ask_orders"":1,""bid_price"":""662.35"",""ask_price"":""666.00""},{""bid_quantity"":100,""ask_quantity"":100,""bid_orders"":3,""ask_orders"":1,""bid_price"":""662.30"",""ask_price"":""666.05""},{""bid_quantity"":60,""ask_quantity"":120,""bid_orders"":1,""ask_orders"":2,""bid_price"":""662.25"",""ask_price"":""666.10""},{""bid_quantity"":40,""ask_quantity"":160,""bid_orders"":2,""ask_orders"":2,""bid_price"":""662.20"",""ask_price"":""666.15""}]"
09:15:23.336,1790739923336473092,1457665890406959,Full Data,8,886620,211.15,60,09:15:23,,,183.63,271340,40700,83800,619000,"[{""bid_quantity"":20,""ask_quantity"":120,""bid_orders"":1,""ask_orders"":2,""bid_price"":""211.15"",""ask_price"":""212.00""},{""bid_quantity"":40,""ask_quantity"":140,""bid_orders"":1,""ask_orders"":2,""bid_price"":""211.10"",""ask_price"":""212.05""},{""bid_quantity"":180,""ask_quantity"":80,""bid_orders"":1,""ask_orders"":1,""bid_price"":""210.60"",""ask_price"":""212.10""},{""bid_quantity"":280,""ask_quantity"":60,""bid_orders"":2,""ask_orders"":1,""bid_price"":""210.55"",""ask_price"":""212.20""},{""bid_quantity"":260,""ask_quantity"":260,""bid_orders"":2,""ask_orders"":3,""bid_price"":""210.50"",""ask_price"":""212.30""}]"
09:15:23.425,1790739923425566829,1457665979500896,Full Data,8,887216,181.55,40,09:15:23,,,153.11,233120,37400,95840,604640,"[{""bid_quantity"":80,""ask_quantity"":20,""bid_orders"":2,""ask_orders"":1,""bid_price"":""181.20"",""ask_price"":""181.65""},{""bid_quantity"":60,""ask_quantity"":120,""bid_orders"":2,""ask_orders"":2,""bid_price"":""181.15"",""ask_price"":""182.25""},{""bid_quantity"":100,""ask_quantity"":100,""bid_orders"":3,""ask_orders"":1,""bid_price"":""181.10"",""ask_price"":""182.40""},{""bid_quantity"":100,""ask_quantity"":100,""bid_orders"":1,""ask_orders"":2,""bid_price"":""181.05"",""ask_price"":""182.50""},{""bid_quantity"":40,""ask_quantity"":100,""bid_orders"":1,""ask_orders"":1,""bid_price"":""181.00"",""ask_price"":""182.55""}]"
09:15:23.428,1790739923428748089,1457665982681916,Full Data,8,887306,524.00,40,09:15:23,,,570.84,63820,15180,41760,204460,"[{""bid_quantity"":20,""ask_quantity"":20,""bid_orders"":1,""ask_orders"":1,""bid_price"":""521.15"",""ask_price"":""522.55""},{""bid_quantity"":80,""ask_quantity"":20,""bid_orders"":2,""ask_orders"":1,""bid_price"":""521.00"",""ask_price"":""522.65""},{""bid_quantity"":40,""ask_quantity"":20,""bid_orders"":2,""ask_orders"":1,""bid_price"":""520.95"",""ask_price"":""522.70""},{""bid_quantity"":160,""ask_quantity"":20,""bid_orders"":3,""ask_orders"":1,""bid_price"":""520.80"",""ask_price"":""522.75""},{""bid_quantity"":20,""ask_quantity"":100,""bid_orders"":1,""ask_orders"":3,""bid_price"":""520.75"",""ask_price"":""522.85""}]"
09:15:23.471,1790739923471810008,1457666025744155,Full Data,8,887216,181.00,20,09:15:23,,,153.13,233320,39320,94460,604640,"[{""bid_quantity"":280,""ask_quantity"":160,""bid_orders"":2,""ask_orders"":2,""bid_price"":""180.35"",""ask_price"":""180.90""},{""bid_quantity"":440,""ask_quantity"":60,""bid_orders"":2,""ask_orders"":2,""bid_price"":""180.30"",""ask_price"":""180.95""},{""bid_quantity"":40,""ask_quantity"":80,""bid_orders"":1,""ask_orders"":3,""bid_price"":""179.80"",""ask_price"":""181.00""},{""bid_quantity"":80,""ask_quantity"":40,""bid_orders"":1,""ask_orders"":1,""bid_price"":""179.75"",""ask_price"":""181.05""},{""bid_quantity"":40,""ask_quantity"":100,""bid_orders"":1,""ask_orders"":2,""bid_price"":""179.70"",""ask_price"":""181.10""}]"
09:15:23.492,1790739923492921464,1457666046855531,Full Data,8,887279,245.40,20,09:15:23,,,213.20,431580,32560,89860,563560,"[{""bid_quantity"":160,""ask_quantity"":60,""bid_orders"":1,""ask_orders"":1,""bid_price"":""245.80"",""ask_price"":""246.60""},{""bid_quantity"":60,""ask_quantity"":60,""bid_orders"":2,""ask_orders"":1,""bid_price"":""245.75"",""ask_price"":""246.70""},{""bid_quantity"":140,""ask_quantity"":60,""bid_orders"":2,""ask_orders"":1,""bid_price"":""245.70"",""ask_price"":""246.95""},{""bid_quantity"":160,""ask_quantity"":40,""bid_orders"":2,""ask_orders"":1,""bid_price"":""245.60"",""ask_price"":""247.00""},{""bid_quantity"":180,""ask_quantity"":20,""bid_orders"":2,""ask_orders"":1,""bid_price"":""245.55"",""ask_price"":""247.05""}]"
09:15:23.554,1790739923554050380,1457666107984327,Full Data,8,886685,286.10,20,09:15:23,,,253.68,575960,42060,147700,1113180,"[{""bid_quantity"":160,""ask_quantity"":20,""bid_orders"":1,""ask_orders"":1,""bid_price"":""285.50"",""ask_price"":""285.95""},{""bid_quantity"":160,""ask_quantity"":20,""bid_orders"":1,""ask_orders"":1,""bid_price"":""285.45"",""ask_price"":""286.10""},{""bid_quantity"":160,""ask_quantity"":60,""bid_orders"":1,""ask_orders"":2,""bid_price"":""285.35"",""ask_price"":""286.15""},{""bid_quantity"":40,""ask_quantity"":100,""bid_orders"":1,""ask_orders"":1,""bid_price"":""285.20"",""ask_price"":""286.40""},{""bid_quantity"":40,""ask_quantity"":60,""bid_orders"":1,""ask_orders"":1,""bid_price"":""285.10"",""ask_price"":""286.50""}]"
09:15:23.802,1790739923802658908,1457666356593415,Full Data,8,886461,387.50,20,09:15:23,,,441.59,341100,31960,125540,738980,"[{""bid_quantity"":100,""ask_quantity"":960,""bid_orders"":3,""ask_orders"":1,""bid_price"":""385.95"",""ask_price"":""387.50""},{""bid_quantity"":240,""ask_quantity"":20,""bid_orders"":2,""ask_orders"":1,""bid_price"":""385.90"",""ask_price"":""387.55""},{""bid_quantity"":40,""ask_quantity"":120,""bid_orders"":1,""ask_orders"":2,""bid_price"":""385.85"",""ask_price"":""387.70""},{""bid_quantity"":60,""ask_quantity"":20,""bid_orders"":2,""ask_orders"":1,""bid_price"":""385.80"",""ask_price"":""387.75""},{""bid_quantity"":80,""ask_quantity"":100,""bid_orders"":2,""ask_orders"":1,""bid_price"":""385.75"",""ask_price"":""387.85""}]"
09:15:23.805,1790739923805476646,1457666359410553,Full Data,8,887080,444.00,20,09:15:23,,,503.17,143300,17380,61120,212920,"[{""bid_quantity"":20,""ask_quantity"":40,""bid_orders"":1,""ask_orders"":2,""bid_price"":""442.90"",""ask_price"":""445.95""},{""bid_quantity"":60,""ask_quantity"":80,""bid_orders"":2,""ask_orders"":2,""bid_price"":""442.75"",""ask_price"":""446.05""},{""bid_quantity"":20,""ask_quantity"":40,""bid_orders"":1,""ask_orders"":2,""bid_price"":""442.65"",""ask_price"":""446.10""},{""bid_quantity"":20,""ask_quantity"":40,""bid_orders"":1,""ask_orders"":2,""bid_price"":""442.50"",""ask_price"":""446.15""},{""bid_quantity"":200,""ask_quantity"":60,""bid_orders"":1,""ask_orders"":1,""bid_price"":""442.00"",""ask_price"":""446.30""}]"
09:15:23.816,1790739923816908280,1457666370842187,Full Data,8,886461,388.90,20,09:15:23,,,441.40,342300,27040,125960,738980,"[{""bid_quantity"":100,""ask_quantity"":200,""bid_orders"":2,""ask_orders"":4,""bid_price"":""387.75"",""ask_price"":""388.90""},{""bid_quantity"":40,""ask_quantity"":20,""bid_orders"":1,""ask_orders"":1,""bid_price"":""387.35"",""ask_price"":""389.15""},{""bid_quantity"":60,""ask_quantity"":40,""bid_orders"":1,""ask_orders"":2,""bid_price"":""387.30"",""ask_price"":""389.25""},{""bid_quantity"":40,""ask_quantity"":140,""bid_orders"":1,""ask_orders"":1,""bid_price"":""385.60"",""ask_price"":""389.40""},{""bid_quantity"":220,""ask_quantity"":20,""bid_orders"":2,""ask_orders"":1,""bid_price"":""385.55"",""ask_price"":""389.50""}]"
09:15:23.884,1790739923884823639,1457666438757626,Full Data,8,886659,575.05,20,09:15:23,,,639.79,31580,10980,25660,139920,"[{""bid_quantity"":200,""ask_quantity"":20,""bid_orders"":3,""ask_orders"":1,""bid_price"":""573.45"",""ask_price"":""577.25""},{""bid_quantity"":160,""ask_quantity"":40,""bid_orders"":1,""ask_orders"":1,""bid_price"":""573.40"",""ask_price"":""577.80""},{""bid_quantity"":40,""ask_quantity"":100,""bid_orders"":2,""ask_orders"":1,""bid_price"":""571.90"",""ask_price"":""578.60""},{""bid_quantity"":280,""ask_quantity"":40,""bid_orders"":5,""ask_orders"":1,""bid_price"":""571.85"",""ask_price"":""578.75""},{""bid_quantity"":280,""ask_quantity"":20,""bid_orders"":2,""ask_orders"":1,""bid_price"":""571.75"",""ask_price"":""579.35""}]"
09:15:23.886,1790739923886467490,1457666440401517,Full Data,8,887080,446.15,80,09:15:23,,,502.75,144360,15920,63660,212920,"[{""bid_quantity"":100,""ask_quantity"":60,""bid_orders"":3,""ask_orders"":2,""bid_price"":""444.35"",""ask_price"":""448.00""},{""bid_quantity"":220,""ask_quantity"":40,""bid_orders"":3,""ask_orders"":1,""bid_price"":""444.30"",""ask_price"":""449.30""},{""bid_quantity"":80,""ask_quantity"":80,""bid_orders"":2,""ask_orders"":1,""bid_price"":""444.25"",""ask_price"":""449.60""},{""bid_quantity"":20,""ask_quantity"":200,""bid_orders"":1,""ask_orders"":2,""bid_price"":""444.20"",""ask_price"":""449.65""},{""bid_quantity"":20,""ask_quantity"":80,""bid_orders"":1,""ask_orders"":1,""bid_price"":""444.15"",""ask_price"":""449.70""}]"
09:15:23.914,1790739923914835633,1457666468770060,Full Data,8,886659,573.95,20,09:15:23,,,639.75,31600,11860,22880,139920,"[{""bid_quantity"":160,""ask_quantity"":40,""bid_orders"":1,""ask_orders"":2,""bid_price"":""570.10"",""ask_price"":""573.15""},{""bid_quantity"":20,""ask_quantity"":40,""bid_orders"":1,""ask_orders"":2,""bid_price"":""570.00"",""ask_price"":""573.25""},{""bid_quantity"":160,""ask_quantity"":20,""bid_orders"":1,""ask_orders"":1,""bid_price"":""566.40"",""ask_price"":""573.45""},{""bid_quantity"":60,""ask_quantity"":20,""bid_orders"":1,""ask_orders"":1,""bid_price"":""566.35"",""ask_price"":""573.55""},{""bid_quantity"":20,""ask_quantity"":20,""bid_orders"":1,""ask_orders"":1,""bid_price"":""566.25"",""ask_price"":""573.65""}]"
09:15:23.925,1790739923925173420,1457666479107327,Full Data,8,887100,405.95,20,09:15:23,,,344.10,214660,10220,64880,254140,"[{""bid_quantity"":100,""ask_quantity"":140,""bid_orders"":2,""ask_orders"":1,""bid_price"":""405.45"",""ask_price"":""408.85""},{""bid_quantity"":60,""ask_quantity"":200,""bid_orders"":1,""ask_orders"":2,""bid_price"":""405.35"",""ask_price"":""408.95""},{""bid_quantity"":20,""ask_quantity"":40,""bid_orders"":1,""ask_orders"":1,""bid_price"":""405.30"",""ask_price"":""409.00""},{""bid_quantity"":160,""ask_quantity"":600,""bid_orders"":1,""ask_orders"":1,""bid_price"":""405.20"",""ask_price"":""409.95""},{""bid_quantity"":60,""ask_quantity"":460,""bid_orders"":1,""ask_orders"":3,""bid_price"":""405.00"",""ask_price"":""410.00""}]"
09:15:23.954,1790739923954792732,1457666508726559,Full Data,8,886540,166.20,80,09:15:23,,,131.38,205280,50580,72160,605280,"[{""bid_quantity"":20,""ask_quantity"":40,""bid_orders"":1,""ask_orders"":1,""bid_price"":""165.25"",""ask_price"":""166.20""},{""bid_quantity"":360,""ask_quantity"":80,""bid_orders"":2,""ask_orders"":1,""bid_price"":""165.20"",""ask_price"":""166.35""},{""bid_quantity"":120,""ask_quantity"":60,""bid_orders"":2,""ask_orders"":1,""bid_price"":""165.15"",""ask_price"":""166.40""},{""bid_quantity"":40,""ask_quantity"":160,""bid_orders"":1,""ask_orders"":1,""bid_price"":""165.10"",""ask_price"":""167.00""},{""bid_quantity"":40,""ask_quantity"":180,""bid_orders"":1,""ask_orders"":1,""bid_price"":""165.00"",""ask_price"":""167.15""}]"
09:15:23.976,1790739923976676793,1457666530610740,Full Data,8,887100,404.55,20,09:15:23,,,344.29,215320,14200,66480,254140,"[{""bid_quantity"":80,""ask_quantity"":20,""bid_orders"":2,""ask_orders"":1,""bid_price"":""405.20"",""ask_price"":""406.75""},{""bid_quantity"":40,""ask_quantity"":60,""bid_orders"":1,""ask_orders"":2,""bid_price"":""405.15"",""ask_price"":""407.60""},{""bid_quantity"":40,""ask_quantity"":100,""bid_orders"":1,""ask_orders"":1,""bid_price"":""405.05"",""ask_price"":""408.00""},{""bid_quantity"":100,""ask_quantity"":120,""bid_orders"":1,""ask_orders"":2,""bid_price"":""405.00"",""ask_price"":""408.20""},{""bid_quantity"":40,""ask_quantity"":120,""bid_orders"":1,""ask_orders"":2,""bid_price"":""404.95"",""ask_price"":""408.40""}]"
09:15:24.004,1790739924004566654,1457666558500881,Full Data,8,886540,164.45,40,09:15:23,,,131.41,205460,54520,72840,605280,"[{""bid_quantity"":80,""ask_quantity"":80,""bid_orders"":2,""ask_orders"":1,""bid_price"":""165.30"",""ask_price"":""165.85""},{""bid_quantity"":40,""ask_quantity"":40,""bid_orders"":2,""ask_orders"":1,""bid_price"":""164.80"",""ask_price"":""165.90""},{""bid_quantity"":20,""ask_quantity"":80,""bid_orders"":1,""ask_orders"":1,""bid_price"":""164.75"",""ask_price"":""165.95""},{""bid_quantity"":60,""ask_quantity"":100,""bid_orders"":2,""ask_orders"":2,""bid_price"":""164.70"",""ask_price"":""166.00""},{""bid_quantity"":60,""ask_quantity"":120,""bid_orders"":2,""ask_orders"":2,""bid_price"":""164.50"",""ask_price"":""166.10""}]"
09:15:24.169,1790739924169917083,1457666723851430,Full Data,8,887355,354.70,100,09:15:24,,,298.23,296300,20380,93420,308440,"[{""bid_quantity"":60,""ask_quantity"":20,""bid_orders"":2,""ask_orders"":1,""bid_price"":""354.85"",""ask_price"":""355.95""},{""bid_quantity"":20,""ask_quantity"":60,""bid_orders"":1,""ask_orders"":2,""bid_price"":""354.80"",""ask_price"":""356.00""},{""bid_quantity"":100,""ask_quantity"":40,""bid_orders"":2,""ask_orders"":2,""bid_price"":""354.75"",""ask_price"":""356.10""},{""bid_quantity"":80,""ask_quantity"":40,""bid_orders"":3,""ask_orders"":2,""bid_price"":""354.60"",""ask_price"":""356.15""},{""bid_quantity"":160,""ask_quantity"":100,""bid_orders"":3,""ask_orders"":1,""bid_price"":""354.50"",""ask_price"":""356.20""}]"
09:15:24.239,1790739924239912056,1457666793846003,Full Data,8,886528,283.40,20,09:15:24,,,328.51,304960,25020,141740,227080,"[{""bid_quantity"":200,""ask_quantity"":20,""bid_orders"":3,""ask_orders"":1,""bid_price"":""282.75"",""ask_price"":""283.70""},{""bid_quantity"":60,""ask_quantity"":40,""bid_orders"":2,""ask_orders"":1,""bid_price"":""282.60"",""ask_price"":""283.80""},{""bid_quantity"":120,""ask_quantity"":60,""bid_orders"":2,""ask_orders"":1,""bid_price"":""282.55"",""ask_price"":""283.85""},{""bid_quantity"":260,""ask_quantity"":40,""bid_orders"":2,""ask_orders"":1,""bid_price"":""282.20"",""ask_price"":""283.90""},{""bid_quantity"":20,""ask_quantity"":60,""bid_orders"":1,""ask_orders"":1,""bid_price"":""282.15"",""ask_price"":""283.95""}]"
09:15:24.267,1790739924267779636,1457666821713663,Full Data,8,887135,331.30,60,09:15:24,,,381.66,290420,34220,54740,307120,"[{""bid_quantity"":140,""ask_quantity"":60,""bid_orders"":1,""ask_orders"":3,""bid_price"":""331.00"",""ask_price"":""331.60""},{""bid_quantity"":120,""ask_quantity"":40,""bid_orders"":2,""ask_orders"":1,""bid_price"":""330.95"",""ask_price"":""331.95""},{""bid_quantity"":80,""ask_quantity"":60,""bid_orders"":2,""ask_orders"":3,""bid_price"":""330.85"",""ask_price"":""332.10""},{""bid_quantity"":60,""ask_quantity"":20,""bid_orders"":1,""ask_orders"":1,""bid_price"":""330.60"",""ask_price"":""332.15""},{""bid_quantity"":100,""ask_quantity"":40,""bid_orders"":1,""ask_orders"":1,""bid_price"":""330.40"",""ask_price"":""332.45""}]"
09:15:24.277,1790739924277239577,1457666831173444,Full Data,8,887253,639.55,20,09:15:24,,,696.79,13100,9440,32180,68380,"[{""bid_quantity"":120,""ask_quantity"":80,""bid_orders"":1,""ask_orders"":1,""bid_price"":""641.90"",""ask_price"":""644.80""},{""bid_quantity"":160,""ask_quantity"":100,""bid_orders"":1,""ask_orders"":1,""bid_price"":""641.85"",""ask_price"":""647.20""},{""bid_quantity"":160,""ask_quantity"":80,""bid_orders"":2,""ask_orders"":1,""bid_price"":""641.70"",""ask_price"":""647.45""},{""bid_quantity"":160,""ask_quantity"":20,""bid_orders"":1,""ask_orders"":1,""bid_price"":""641.65"",""ask_price"":""647.50""},{""bid_quantity"":120,""ask_quantity"":80,""bid_orders"":1,""ask_orders"":1,""bid_price"":""640.90"",""ask_price"":""647.90""}]"
09:15:24.289,1790739924289455336,1457666843389163,Ticker Data,0,51,72501.62,,09:15:24,,,,,,,,
09:15:24.333,1790739924333364020,1457666887298487,Full Data,8,886620,228.05,20,09:15:24,,,186.98,298120,32820,85800,619000,"[{""bid_quantity"":160,""ask_quantity"":40,""bid_orders"":4,""ask_orders"":1,""bid_price"":""226.80"",""ask_price"":""227.95""},{""bid_quantity"":120,""ask_quantity"":200,""bid_orders"":2,""ask_orders"":5,""bid_price"":""226.75"",""ask_price"":""228.00""},{""bid_quantity"":140,""ask_quantity"":60,""bid_orders"":2,""ask_orders"":1,""bid_price"":""226.70"",""ask_price"":""228.05""},{""bid_quantity"":120,""ask_quantity"":100,""bid_orders"":2,""ask_orders"":2,""bid_price"":""226.65"",""ask_price"":""228.10""},{""bid_quantity"":140,""ask_quantity"":20,""bid_orders"":2,""ask_orders"":1,""bid_price"":""226.60"",""ask_price"":""228.15""}]"
09:15:24.376,1790739924376938062,1457666930872129,Full Data,8,887135,331.00,20,09:15:24,,,381.50,291380,34760,55500,307120,"[{""bid_quantity"":40,""ask_quantity"":160,""bid_orders"":1,""ask_orders"":1,""bid_price"":""330.85"",""ask_price"":""332.20""},{""bid_quantity"":240,""ask_quantity"":40,""bid_orders"":1,""ask_orders"":2,""bid_price"":""330.65"",""ask_price"":""332.25""},{""bid_quantity"":160,""ask_quantity"":240,""bid_orders"":2,""ask_orders"":3,""bid_price"":""330.60"",""ask_price"":""332.30""},{""bid_quantity"":320,""ask_quantity"":80,""bid_orders"":2,""ask_orders"":3,""bid_price"":""330.50"",""ask_price"":""332.35""},{""bid_quantity"":100,""ask_quantity"":40,""bid_orders"":1,""ask_orders"":1,""bid_price"":""330.40"",""ask_price"":""332.40""}]"
09:15:24.379,1790739924379224517,1457666933158384,Full Data,8,886528,282.60,20,09:15:24,,,328.42,305520,25720,141680,227080,"[{""bid_quantity"":40,""ask_quantity"":40,""bid_orders"":1,""ask_orders"":2,""bid_price"":""282.55"",""ask_price"":""283.35""},{""bid_quantity"":140,""ask_quantity"":40,""bid_orders"":2,""ask_orders"":1,""bid_price"":""282.50"",""ask_price"":""283.40""},{""bid_quantity"":220,""ask_quantity"":40,""bid_orders"":3,""ask_orders"":1,""bid_price"":""282.40"",""ask_price"":""283.45""},{""bid_quantity"":160,""ask_quantity"":160,""bid_orders"":4,""ask_orders"":1,""bid_price"":""282.30"",""ask_price"":""283.50""},{""bid_quantity"":100,""ask_quantity"":120,""bid_orders"":2,""ask_orders"":2,""bid_price"":""282.25"",""ask_price"":""283.55""}]"
09:15:24.414,1790739924414491945,1457666968425812,Full Data,8,887306,505.80,20,09:15:24,,,563.72,72720,14480,40520,204460,"[{""bid_quantity"":40,""ask_quantity"":100,""bid_orders"":1,""ask_orders"":1,""bid_price"":""504.00"",""ask_price"":""506.05""},{""bid_quantity"":40,""ask_quantity"":120,""bid_orders"":2,""ask_orders"":1,""bid_price"":""503.95"",""ask_price"":""506.15""},{""bid_quantity"":120,""ask_quantity"":40,""bid_orders"":2,""ask_orders"":1,""bid_price"":""503.80"",""ask_price"":""506.20""},{""bid_quantity"":60,""ask_quantity"":60,""bid_orders"":2,""ask_orders"":2,""bid_price"":""503.75"",""ask_price"":""506.25""},{""bid_quantity"":200,""ask_quantity"":100,""bid_orders"":3,""ask_orders"":1,""bid_price"":""503.70"",""ask_price"":""506.60""}]"
09:15:24.428,1790739924428056673,1457666981990540,Full Data,8,887253,639.55,20,09:15:24,,,696.79,13100,9640,31200,68380,"[{""bid_quantity"":20,""ask_quantity"":40,""bid_orders"":1,""ask_orders"":1,""bid_price"":""639.35"",""ask_price"":""642.70""},{""bid_quantity"":240,""ask_quantity"":80,""bid_orders"":1,""ask_orders"":1,""bid_price"":""638.80"",""ask_price"":""642.75""},{""bid_quantity"":20,""ask_quantity"":40,""bid_orders"":1,""ask_orders"":1,""bid_price"":""638.75"",""ask_price"":""642.80""},{""bid_quantity"":240,""ask_quantity"":80,""bid_orders"":1,""ask_orders"":1,""bid_price"":""638.35"",""ask_price"":""642.85""},{""bid_quantity"":80,""ask_quantity"":40,""bid_orders"":1,""ask_orders"":1,""bid_price"":""638.25"",""ask_price"":""642.90""}]"
09:15:24.519,1790739924519719226,1457667073653493,Full Data,8,887306,505.50,20,09:15:24,,,563.71,72740,13360,40020,204460,"[{""bid_quantity"":40,""ask_quantity"":20,""bid_orders"":1,""ask_orders"":1,""bid_price"":""502.00"",""ask_price"":""504.00""},{""bid_quantity"":60,""ask_quantity"":40,""bid_orders"":2,""ask_orders"":1,""bid_price"":""501.95"",""ask_price"":""505.50""},{""bid_quantity"":40,""ask_quantity"":140,""bid_orders"":1,""ask_orders"":1,""bid_price"":""501.90"",""ask_price"":""506.10""},{""bid_quantity"":40,""ask_quantity"":80,""bid_orders"":1,""ask_orders"":1,""bid_price"":""501.85"",""ask_price"":""506.30""},{""bid_quantity"":20,""ask_quantity"":80,""bid_orders"":1,""ask_orders"":1,""bid_price"":""501.80"",""ask_price"":""506.40""}]"
09:15:24.558,1790739924558233595,1457667112167782,Full Data,8,887279,266.05,40,09:15:24,,,216.14,462700,28620,91540,563560,"[{""bid_quantity"":40,""ask_quantity"":60,""bid_orders"":2,""ask_orders"":1,""bid_price"":""265.25"",""ask_price"":""266.15""},{""bid_quantity"":20,""ask_quantity"":220,""bid_orders"":1,""ask_orders"":2,""bid_price"":""265.20"",""ask_price"":""266.20""},{""bid_quantity"":80,""ask_quantity"":40,""bid_orders"":1,""ask_orders"":1,""bid_price"":""265.00"",""ask_price"":""266.25""},{""bid_quantity"":40,""ask_quantity"":220,""bid_orders"":1,""ask_orders"":3,""bid_price"":""264.50"",""ask_price"":""266.30""},{""bid_quantity"":320,""ask_quantity"":40,""bid_orders"":1,""ask_orders"":1,""bid_price"":""264.45"",""ask_price"":""266.35""}]"
09:15:24.593,1790739924593473503,1457667147407730,Full Data,8,887216,196.10,20,09:15:24,,,156.83,260880,32200,96180,604640,"[{""bid_quantity"":40,""ask_quantity"":40,""bid_orders"":1,""ask_orders"":1,""bid_price"":""195.50"",""ask_price"":""196.10""},{""bid_quantity"":240,""ask_quantity"":40,""bid_orders"":1,""ask_orders"":1,""bid_price"":""195.45"",""ask_price"":""196.45""},{""bid_quantity"":40,""ask_quantity"":100,""bid_orders"":1,""ask_orders"":1,""bid_price"":""195.25"",""ask_price"":""196.50""},{""bid_quantity"":200,""ask_quantity"":200,""bid_orders"":3,""ask_orders"":1,""bid_price"":""195.15"",""ask_price"":""196.55""},{""bid_quantity"":80,""ask_quantity"":60,""bid_orders"":1,""ask_orders"":1,""bid_price"":""195.10"",""ask_price"":""196.60""}]"
09:15:24.630,1790739924630200140,1457667184134127,Full Data,8,886685,309.10,20,09:15:24,,,257.36,624520,33800,154160,1113180,"[{""bid_quantity"":40,""ask_quantity"":60,""bid_orders"":1,""ask_orders"":1,""bid_price"":""308.70"",""ask_price"":""309.65""},{""bid_quantity"":20,""ask_quantity"":60,""bid_orders"":1,""ask_orders"":1,""bid_price"":""308.65"",""ask_price"":""309.80""},{""bid_quantity"":100,""ask_quantity"":20,""bid_orders"":1,""ask_orders"":1,""bid_price"":""308.60"",""ask_price"":""309.90""},{""bid_quantity"":140,""ask_quantity"":60,""bid_orders"":1,""ask_orders"":1,""bid_price"":""308.55"",""ask_price"":""310.00""},{""bid_quantity"":100,""ask_quantity"":60,""bid_orders"":2,""ask_orders"":1,""bid_price"":""308.50"",""ask_price"":""310.10""}]"
09:15:24.819,1790739924819097882,1457667373032309,Full Data,8,886461,379.90,20,09:15:24,,,439.47,354080,28640,130900,738980,"[{""bid_quantity"":100,""ask_quantity"":120,""bid_orders"":1,""ask_orders"":1,""bid_price"":""378.60"",""ask_price"":""379.90""},{""bid_quantity"":80,""ask_quantity"":80,""bid_orders"":1,""ask_orders"":1,""bid_price"":""378.50"",""ask_price"":""379.95""},{""bid_quantity"":260,""ask_quantity"":160,""bid_orders"":2,""ask_orders"":1,""bid_price"":""378.40"",""ask_price"":""380.10""},{""bid_quantity"":40,""ask_quantity"":20,""bid_orders"":1,""ask_orders"":1,""bid_price"":""378.35"",""ask_price"":""380.15""},{""bid_quantity"":120,""ask_quantity"":80,""bid_orders"":1,""ask_orders"":3,""bid_price"":""378.30"",""ask_price"":""380.20""}]"
09:15:24.871,1790739924871986704,1457667425920851,Full Data,8,887080,437.70,20,09:15:24,,,499.81,152000,18880,64520,212920,"[{""bid_quantity"":20,""ask_quantity"":80,""bid_orders"":1,""ask_orders"":2,""bid_price"":""436.05"",""ask_price"":""436.95""},{""bid_quantity"":20,""ask_quantity"":20,""bid_orders"":1,""ask_orders"":1,""bid_price"":""436.00"",""ask_price"":""437.00""},{""bid_quantity"":260,""ask_quantity"":40,""bid_orders"":2,""ask_orders"":1,""bid_price"":""434.00"",""ask_price"":""437.15""},{""bid_quantity"":260,""ask_quantity"":20,""bid_orders"":1,""ask_orders"":1,""bid_price"":""433.95"",""ask_price"":""437.25""},{""bid_quantity"":120,""ask_quantity"":20,""bid_orders"":1,""ask_orders"":1,""bid_price"":""432.75"",""ask_price"":""437.35""}]"
09:15:24.913,1790739924913476212,1457667467410079,Full Data,8,886461,380.00,60,09:15:24,,,439.39,354580,27780,130080,738980,"[{""bid_quantity"":20,""ask_quantity"":140,""bid_orders"":1,""ask_orders"":3,""bid_price"":""379.05"",""ask_price"":""380.15""},{""bid_quantity"":40,""ask_quantity"":160,""bid_orders"":1,""ask_orders"":1,""bid_price"":""378.95"",""ask_price"":""380.55""},{""bid_quantity"":20,""ask_quantity"":20,""bid_orders"":1,""ask_orders"":1,""bid_price"":""378.90"",""ask_price"":""380.60""},{""bid_quantity"":20,""ask_quantity"":40,""bid_orders"":1,""ask_orders"":1,""bid_price"":""378.70"",""ask_price"":""380.85""},{""bid_quantity"":20,""ask_quantity"":100,""bid_orders"":1,""ask_orders"":1,""bid_price"":""378.55"",""ask_price"":""381.40""}]"
09:15:24.950,1790739924950338211,1457667504272438,Full Data,8,886659,568.75,20,09:15:24,,,638.48,32180,13000,28020,139920,"[{""bid_quantity"":60,""ask_quantity"":260,""bid_orders"":1,""ask_orders"":4,""bid_price"":""565.10"",""ask_price"":""568.40""},{""bid_quantity"":40,""ask_quantity"":200,""bid_orders"":1,""ask_orders"":1,""bid_price"":""565.05"",""ask_price"":""568.50""},{""bid_quantity"":60,""ask_quantity"":100,""bid_orders"":1,""ask_orders"":3,""bid_price"":""565.00"",""ask_price"":""568.55""},{""bid_quantity"":40,""ask_quantity"":80,""bid_orders"":1,""ask_orders"":2,""bid_price"":""564.95"",""ask_price"":""568.75""},{""bid_quantity"":140,""ask_quantity"":40,""bid_orders"":2,""ask_orders"":2,""bid_price"":""564.90"",""ask_price"":""568.80""}]"
09:15:24.974,1790739924974817929,1457667528752156,Full Data,8,887080,437.35,40,09:15:24,,,499.78,152060,18360,65360,212920,"[{""bid_quantity"":60,""ask_quantity"":80,""bid_orders"":2,""ask_orders"":4,""bid_price"":""437.00"",""ask_price"":""437.65""},{""bid_quantity"":40,""ask_quantity"":60,""bid_orders"":2,""ask_orders"":2,""bid_price"":""436.95"",""ask_price"":""438.15""},{""bid_quantity"":160,""ask_quantity"":140,""bid_orders"":1,""ask_orders"":2,""bid_price"":""436.70"",""ask_price"":""438.80""},{""bid_quantity"":20,""ask_quantity"":100,""bid_orders"":1,""ask_orders"":1,""bid_price"":""436.65"",""ask_price"":""439.00""},{""bid_quantity"":80,""ask_quantity"":100,""bid_orders"":1,""ask_orders"":2,""bid_price"":""436.60"",""ask_price"":""439.10""}]"
09:15:24.977,1790739924977831349,1457667531765376,Full Data,8,887100,410.35,20,09:15:24,,,346.23,222060,15980,67140,254140,"[{""bid_quantity"":120,""ask_quantity"":40,""bid_orders"":2,""ask_orders"":2,""bid_price"":""409.00"",""ask_price"":""410.45""},{""bid_quantity"":40,""ask_quantity"":40,""bid_orders"":1,""ask_orders"":2,""bid_price"":""408.95"",""ask_price"":""410.65""},{""bid_quantity"":40,""ask_quantity"":120,""bid_orders"":1,""ask_orders"":2,""bid_price"":""408.80"",""ask_price"":""410.80""},{""bid_quantity"":40,""ask_quantity"":20,""bid_orders"":1,""ask_orders"":1,""bid_price"":""408.70"",""ask_price"":""410.85""},{""bid_quantity"":60,""ask_quantity"":40,""bid_orders"":2,""ask_orders"":2,""bid_price"":""408.50"",""ask_price"":""410.95""}]"
09:15:25.008,1790739925008021584,1457667561955611,Full Data,8,886540,168.25,40,09:15:24,,,132.95,214920,52960,72620,605280,"[{""bid_quantity"":360,""ask_quantity"":80,""bid_orders"":4,""ask_orders"":2,""bid_price"":""167.30"",""ask_price"":""168.30""},{""bid_quantity"":40,""ask_quantity"":80,""bid_orders"":1,""ask_orders"":2,""bid_price"":""167.25"",""ask_price"":""168.35""},{""bid_quantity"":140,""ask_quantity"":20,""bid_orders"":2,""ask_orders"":1,""bid_price"":""167.20"",""ask_price"":""168.65""},{""bid_quantity"":300,""ask_quantity"":80,""bid_orders"":3,""ask_orders"":1,""bid_price"":""167.10"",""ask_price"":""168.70""},{""bid_quantity"":160,""ask_quantity"":20,""bid_orders"":1,""ask_orders"":1,""bid_price"":""167.05"",""ask_price"":""168.75""}]"
09:15:25.031,1790739925031363935,1457667585297922,Full Data,8,886659,568.75,20,09:15:24,,,638.48,32180,14060,26520,139920,"[{""bid_quantity"":20,""ask_quantity"":20,""bid_orders"":1,""ask_orders"":1,""bid_price"":""563.80"",""ask_price"":""567.15""},{""bid_quantity"":20,""ask_quantity"":240,""bid_orders"":1,""ask_orders"":5,""bid_price"":""563.75"",""ask_price"":""567.20""},{""bid_quantity"":20,""ask_quantity"":20,""bid_orders"":1,""ask_orders"":1,""bid_price"":""563.55"",""ask_price"":""567.25""},{""bid_quantity"":20,""ask_quantity"":80,""bid_orders"":1,""ask_orders"":1,""bid_price"":""563.50"",""ask_price"":""567.35""},{""bid_quantity"":20,""ask_quantity"":60,""bid_orders"":1,""ask_orders"":2,""bid_price"":""563.40"",""ask_price"":""567.40""}]"
09:15:25.049,1790739925049479172,1457667603413039,Full Data,8,887100,411.40,20,09:15:25,,,346.84,224160,15400,69260,254140,"[{""bid_quantity"":20,""ask_quantity"":40,""bid_orders"":1,""ask_orders"":2,""bid_price"":""411.35"",""ask_price"":""412.35""},{""bid_quantity"":60,""ask_quantity"":80,""bid_orders"":2,""ask_orders"":1,""bid_price"":""411.05"",""ask_price"":""413.95""},{""bid_quantity"":100,""ask_quantity"":140,""bid_orders"":1,""ask_orders"":2,""bid_price"":""411.00"",""ask_price"":""414.15""},{""bid_quantity"":120,""ask_quantity"":200,""bid_orders"":1,""ask_orders"":2,""bid_price"":""410.90"",""ask_price"":""414.60""},{""bid_quantity"":180,""ask_quantity"":100,""bid_orders"":2,""ask_orders"":1,""bid_price"":""410.85"",""ask_price"":""414.80""}]"
09:15:25.052,1790739925052834274,1457667606768181,Full Data,8,886540,168.50,20,09:15:25,,,133.03,215400,52880,72100,605280,"[{""bid_quantity"":240,""ask_quantity"":40,""bid_orders"":3,""ask_orders"":1,""bid_price"":""168.55"",""ask_price"":""169.55""},{""bid_quantity"":40,""ask_quantity"":80,""bid_orders"":1,""ask_orders"":1,""bid_price"":""168.50"",""ask_price"":""169.70""},{""bid_quantity"":180,""ask_quantity"":80,""bid_orders"":2,""ask_orders"":1,""bid_price"":""168.45"",""ask_price"":""169.80""},{""bid_quantity"":20,""ask_quantity"":40,""bid_orders"":1,""ask_orders"":1,""bid_price"":""168.40"",""ask_price"":""169.85""},{""bid_quantity"":160,""ask_quantity"":80,""bid_orders"":1,""ask_orders"":1,""bid_price"":""168.35"",""ask_price"":""169.90""}]"
09:15:25.172,1790739925172278366,1457667726212553,Full Data,8,887355,359.85,20,09:15:25,,,302.07,316980,22280,96320,308440,"[{""bid_quantity"":120,""ask_quantity"":40,""bid_orders"":2,""ask_orders"":2,""bid_price"":""359.70"",""ask_price"":""360.55""},{""bid_quantity"":100,""ask_quantity"":80,""bid_orders"":3,""ask_orders"":3,""bid_price"":""359.65"",""ask_price"":""360.90""},{""bid_quantity"":120,""ask_quantity"":120,""bid_orders"":2,""ask_orders"":2,""bid_price"":""359.60"",""ask_price"":""361.20""},{""bid_quantity"":120,""ask_quantity"":120,""bid_orders"":2,""ask_orders"":2,""bid_price"":""359.55"",""ask_price"":""361.40""},{""bid_quantity"":140,""ask_quantity"":140,""bid_orders"":3,""ask_orders"":2,""bid_price"":""359.40"",""ask_price"":""361.60""}]"
09:15:25.289,1790739925289686966,1457667843621313,Ticker Data,0,51,72488.57,,09:15:25,,,,,,,,
09:15:25.324,1790739925324666752,1457667878600699,Full Data,8,886620,233.95,40,09:15:25,,,188.44,308480,35340,88000,619000,"[{""bid_quantity"":40,""ask_quantity"":80,""bid_orders"":2,""ask_orders"":2,""bid_price"":""233.55"",""ask_price"":""234.30""},{""bid_quantity"":200,""ask_quantity"":80,""bid_orders"":7,""ask_orders"":2,""bid_price"":""233.50"",""ask_price"":""234.40""},{""bid_quantity"":60,""ask_quantity"":80,""bid_orders"":2,""ask_orders"":2,""bid_price"":""233.45"",""ask_price"":""234.50""},{""bid_quantity"":60,""ask_quantity"":60,""bid_orders"":2,""ask_orders"":2,""bid_price"":""233.40"",""ask_price"":""234.60""},{""bid_quantity"":60,""ask_quantity"":80,""bid_orders"":2,""ask_orders"":2,""bid_price"":""233.35"",""ask_price"":""234.70""}]"
09:15:25.361,1790739925361578911,1457667915513458,Full Data,8,887135,320.50,60,09:15:25,,,379.10,304400,35480,54700,307120,"[{""bid_quantity"":60,""ask_quantity"":200,""bid_orders"":1,""ask_orders"":2,""bid_price"":""320.55"",""ask_price"":""321.60""},{""bid_quantity"":40,""ask_quantity"":40,""bid_orders"":1,""ask_orders"":1,""bid_price"":""320.50"",""ask_price"":""321.65""},{""bid_quantity"":20,""ask_quantity"":180,""bid_orders"":1,""ask_orders"":2,""bid_price"":""320.30"",""ask_price"":""321.70""},{""bid_quantity"":100,""ask_quantity"":60,""bid_orders"":1,""ask_orders"":2,""bid_price"":""320.20"",""ask_price"":""321.75""},{""bid_quantity"":100,""ask_quantity"":140,""bid_orders"":1,""ask_orders"":3,""bid_price"":""320.10"",""ask_price"":""322.50""}]"
09:15:25.379,1790739925379561587,1457667933495534,Full Data,8,886620,234.35,20,09:15:25,,,188.44,308500,35500,87360,619000,"[{""bid_quantity"":180,""ask_quantity"":60,""bid_orders"":4,""ask_orders"":1,""bid_price"":""233.30"",""ask_price"":""234.10""},{""bid_quantity"":140,""ask_quantity"":140,""bid_orders"":4,""ask_orders"":2,""bid_price"":""233.25"",""ask_price"":""234.20""},{""bid_quantity"":60,""ask_quantity"":120,""bid_orders"":1,""ask_orders"":1,""bid_price"":""233.20"",""ask_price"":""234.25""},{""bid_quantity"":300,""ask_quantity"":60,""bid_orders"":7,""ask_orders"":1,""bid_price"":""233.10"",""ask_price"":""234.30""},{""bid_quantity"":100,""ask_quantity"":100,""bid_orders"":1,""ask_orders"":1,""bid_price"":""232.95"",""ask_price"":""234.35""}]"
09:15:25.382,1790739925382684367,1457667936618234,Full Data,8,886528,274.00,40,09:15:25,,,326.53,317340,25460,138000,227080,"[{""bid_quantity"":80,""ask_quantity"":60,""bid_orders"":4,""ask_orders"":3,""bid_price"":""274.00"",""ask_price"":""274.65""},{""bid_quantity"":20,""ask_quantity"":60,""bid_orders"":1,""ask_orders"":3,""bid_price"":""273.00"",""ask_price"":""274.70""},{""bid_quantity"":80,""ask_quantity"":100,""bid_orders"":1,""ask_orders"":2,""bid_price"":""272.90"",""ask_price"":""274.95""},{""bid_quantity"":60,""ask_quantity"":280,""bid_orders"":2,""ask_orders"":5,""bid_price"":""272.85"",""ask_price"":""275.00""},{""bid_quantity"":20,""ask_quantity"":80,""bid_orders"":1,""ask_orders"":3,""bid_price"":""272.75"",""ask_price"":""275.05""}]"
09:15:25.415,1790739925415803221,1457667969737168,Full Data,8,887253,638.00,60,09:15:24,,,695.94,13300,10960,31720,68380,"[{""bid_quantity"":40,""ask_quantity"":220,""bid_orders"":1,""ask_orders"":4,""bid_price"":""626.15"",""ask_price"":""629.75""},{""bid_quantity"":20,""ask_quantity"":180,""bid_orders"":1,""ask_orders"":4,""bid_price"":""625.95"",""ask_price"":""629.80""},{""bid_quantity"":80,""ask_quantity"":180,""bid_orders"":1,""ask_orders"":2,""bid_price"":""625.45"",""ask_price"":""629.95""},{""bid_quantity"":120,""ask_quantity"":60,""bid_orders"":2,""ask_orders"":1,""bid_price"":""625.30"",""ask_price"":""630.00""},{""bid_quantity"":60,""ask_quantity"":120,""bid_orders"":1,""ask_orders"":1,""bid_price"":""624.65"",""ask_price"":""630.10""}]"
09:15:25.442,1790739925442327153,1457667996261060,Full Data,8,887135,321.65,20,09:15:25,,,379.00,304920,33880,55200,307120,"[{""bid_quantity"":60,""ask_quantity"":80,""bid_orders"":1,""ask_orders"":4,""bid_price"":""321.15"",""ask_price"":""321.65""},{""bid_quantity"":160,""ask_quantity"":40,""bid_orders"":1,""ask_orders"":2,""bid_price"":""321.10"",""ask_price"":""321.70""},{""bid_quantity"":120,""ask_quantity"":40,""bid_orders"":1,""ask_orders"":1,""bid_price"":""321.05"",""ask_price"":""322.50""},{""bid_quantity"":160,""ask_quantity"":120,""bid_orders"":1,""ask_orders"":1,""bid_price"":""321.00"",""ask_price"":""322.55""},{""bid_quantity"":120,""ask_quantity"":100,""bid_orders"":1,""ask_orders"":1,""bid_price"":""320.95"",""ask_price"":""322.60""}]"
09:15:25.483,1790739925483358218,1457668037292365,Full Data,8,887306,493.45,60,09:15:25,,,562.54,74080,13500,40000,204460,"[{""bid_quantity"":100,""ask_quantity"":40,""bid_orders"":1,""ask_orders"":2,""bid_price"":""492.60"",""ask_price"":""493.55""},{""bid_quantity"":160,""ask_quantity"":60,""bid_orders"":1,""ask_orders"":3,""bid_price"":""492.55"",""ask_price"":""493.70""},{""bid_quantity"":80,""ask_quantity"":40,""bid_orders"":1,""ask_orders"":1,""bid_price"":""492.40"",""ask_price"":""493.80""},{""bid_quantity"":100,""ask_quantity"":100,""bid_orders"":1,""ask_orders"":1,""bid_price"":""492.35"",""ask_price"":""494.50""},{""bid_quantity"":60,""ask_quantity"":40,""bid_orders"":1,""ask_orders"":1,""bid_price"":""492.30"",""ask_price"":""494.60""}]"
09:15:25.573,1790739925574005444,1457668127939911,Full Data,8,887216,198.40,40,09:15:25,,,158.23,269920,30440,98420,604640,"[{""bid_quantity"":20,""ask_quantity"":140,""bid_orders"":1,""ask_orders"":4,""bid_price"":""198.45"",""ask_price"":""199.25""},{""bid_quantity"":240,""ask_quantity"":20,""bid_orders"":1,""ask_orders"":1,""bid_price"":""198.20"",""ask_price"":""199.40""},{""bid_quantity"":80,""ask_quantity"":80,""bid_orders"":1,""ask_orders"":2,""bid_price"":""197.70"",""ask_price"":""199.45""},{""bid_quantity"":40,""ask_quantity"":120,""bid_orders"":1,""ask_orders"":3,""bid_price"":""197.65"",""ask_price"":""199.50""},{""bid_quantity"":100,""ask_quantity"":40,""bid_orders"":1,""ask_orders"":1,""bid_price"":""197.60"",""ask_price"":""199.55""}]"
09:15:25.596,1790739925596421829,1457668150355776,Full Data,8,886528,275.80,40,09:15:25,,,326.26,319020,24180,138620,227080,"[{""bid_quantity"":260,""ask_quantity"":80,""bid_orders"":3,""ask_orders"":3,""bid_price"":""275.35"",""ask_price"":""276.15""},{""bid_quantity"":60,""ask_quantity"":40,""bid_orders"":1,""ask_orders"":1,""bid_price"":""275.30"",""ask_price"":""276.35""},{""bid_quantity"":280,""ask_quantity"":20,""bid_orders"":4,""ask_orders"":1,""bid_price"":""275.20"",""ask_price"":""276.40""},{""bid_quantity"":100,""ask_quantity"":60,""bid_orders"":2,""ask_orders"":2,""bid_price"":""275.10"",""ask_price"":""276.65""},{""bid_quantity"":160,""ask_quantity"":60,""bid_orders"":1,""ask_orders"":1,""bid_price"":""275.05"",""ask_price"":""276.85""}]"
09:15:25.598,1790739925598382202,1457668152315989,Full Data,8,887279,270.55,20,09:15:25,,,218.54,484260,33320,91960,563560,"[{""bid_quantity"":40,""ask_quantity"":40,""bid_orders"":1,""ask_orders"":1,""bid_price"":""269.40"",""ask_price"":""270.20""},{""bid_quantity"":40,""ask_quantity"":40,""bid_orders"":2,""ask_orders"":2,""bid_price"":""269.20"",""ask_price"":""270.25""},{""bid_quantity"":80,""ask_quantity"":40,""bid_orders"":2,""ask_orders"":1,""bid_price"":""269.10"",""ask_price"":""270.30""},{""bid_quantity"":160,""ask_quantity"":60,""bid_orders"":1,""ask_orders"":2,""bid_price"":""268.70"",""ask_price"":""270.35""},{""bid_quantity"":160,""ask_quantity"":120,""bid_orders"":1,""ask_orders"":3,""bid_price"":""268.45"",""ask_price"":""270.40""}]"
09:15:25.624,1790739925624979294,1457668178913161,Full Data,8,887306,495.00,20,09:15:25,,,562.20,74460,13460,38680,204460,"[{""bid_quantity"":40,""ask_quantity"":20,""bid_orders"":1,""ask_orders"":1,""bid_price"":""494.45"",""ask_price"":""496.20""},{""bid_quantity"":160,""ask_quantity"":60,""bid_orders"":1,""ask_orders"":3,""bid_price"":""493.75"",""ask_price"":""496.25""},{""bid_quantity"":160,""ask_quantity"":40,""bid_orders"":1,""ask_orders"":1,""bid_price"":""493.70"",""ask_price"":""496.30""},{""bid_quantity"":160,""ask_quantity"":40,""bid_orders"":1,""ask_orders"":1,""bid_price"":""493.50"",""ask_price"":""496.35""},{""bid_quantity"":60,""ask_quantity"":80,""bid_orders"":1,""ask_orders"":2,""bid_price"":""492.60"",""ask_price"":""496.60""}]"
09:15:25.656,1790739925656332697,1457668210266604,Full Data,8,887216,199.60,60,09:15:25,,,158.61,272560,30480,99000,604640,"[{""bid_quantity"":40,""ask_quantity"":40,""bid_orders"":2,""ask_orders"":1,""bid_price"":""198.75"",""ask_price"":""199.55""},{""bid_quantity"":60,""ask_quantity"":40,""bid_orders"":2,""ask_orders"":1,""bid_price"":""198.50"",""ask_price"":""199.60""},{""bid_quantity"":40,""ask_quantity"":60,""bid_orders"":1,""ask_orders"":2,""bid_price"":""198.45"",""ask_price"":""199.65""},{""bid_quantity"":20,""ask_quantity"":100,""bid_orders"":1,""ask_orders"":2,""bid_price"":""198.40"",""ask_price"":""199.75""},{""bid_quantity"":20,""ask_quantity"":100,""bid_orders"":1,""ask_orders"":2,""bid_price"":""198.30"",""ask_price"":""199.80""}]"
09:15:25.888,1790739925888118956,1457668442053263,Full Data,8,886461,390.75,20,09:15:25,,,437.28,367760,27980,130460,738980,"[{""bid_quantity"":160,""ask_quantity"":40,""bid_orders"":1,""ask_orders"":1,""bid_price"":""389.75"",""ask_price"":""390.90""},{""bid_quantity"":240,""ask_quantity"":120,""bid_orders"":1,""ask_orders"":1,""bid_price"":""389.50"",""ask_price"":""391.00""},{""bid_quantity"":160,""ask_quantity"":100,""bid_orders"":1,""ask_orders"":1,""bid_price"":""389.40"",""ask_price"":""391.40""},{""bid_quantity"":20,""ask_quantity"":100,""bid_orders"":1,""ask_orders"":1,""bid_price"":""389.35"",""ask_price"":""391.80""},{""bid_quantity"":20,""ask_quantity"":340,""bid_orders"":1,""ask_orders"":1,""bid_price"":""389.15"",""ask_price"":""392.05""}]"
09:15:25.958,1790739925958707852,1457668512641799,Full Data,8,887080,451.45,120,09:15:25,,,496.53,160320,13540,66100,212920,"[{""bid_quantity"":500,""ask_quantity"":100,""bid_orders"":4,""ask_orders"":1,""bid_price"":""450.25"",""ask_price"":""452.40""},{""bid_quantity"":320,""ask_quantity"":260,""bid_orders"":5,""ask_orders"":1,""bid_price"":""450.20"",""ask_price"":""452.95""},{""bid_quantity"":480,""ask_quantity"":100,""bid_orders"":3,""ask_orders"":1,""bid_price"":""450.15"",""ask_price"":""453.00""},{""bid_quantity"":160,""ask_quantity"":80,""bid_orders"":2,""ask_orders"":1,""bid_price"":""450.10"",""ask_price"":""453.10""},{""bid_quantity"":180,""ask_quantity"":260,""bid_orders"":2,""ask_orders"":2,""bid_price"":""450.00"",""ask_price"":""453.50""}]"
09:15:25.960,1790739925960785506,1457668514719373,Full Data,8,886461,393.60,20,09:15:25,,,437.20,368340,26040,131920,738980,"[{""bid_quantity"":80,""ask_quantity"":40,""bid_orders"":2,""ask_orders"":1,""bid_price"":""392.75"",""ask_price"":""394.65""},{""bid_quantity"":820,""ask_quantity"":20,""bid_orders"":4,""ask_orders"":1,""bid_price"":""392.70"",""ask_price"":""394.70""},{""bid_quantity"":440,""ask_quantity"":40,""bid_orders"":7,""ask_orders"":1,""bid_price"":""392.65"",""ask_price"":""395.05""},{""bid_quantity"":240,""ask_quantity"":60,""bid_orders"":3,""ask_orders"":1,""bid_price"":""392.60"",""ask_price"":""395.35""},{""bid_quantity"":60,""ask_quantity"":460,""bid_orders"":1,""ask_orders"":2,""bid_price"":""392.55"",""ask_price"":""395.40""}]"
09:15:26.007,1790739926007492088,1457668561426315,Full Data,8,886659,580.85,20,09:15:25,,,635.68,33520,11460,26480,139920,"[{""bid_quantity"":40,""ask_quantity"":80,""bid_orders"":1,""ask_orders"":1,""bid_price"":""586.05"",""ask_price"":""590.00""},{""bid_quantity"":80,""ask_quantity"":60,""bid_orders"":1,""ask_orders"":1,""bid_price"":""586.00"",""ask_price"":""590.05""},{""bid_quantity"":40,""ask_quantity"":160,""bid_orders"":1,""ask_orders"":2,""bid_price"":""585.95"",""ask_price"":""590.10""},{""bid_quantity"":100,""ask_quantity"":220,""bid_orders"":1,""ask_orders"":2,""bid_price"":""585.90"",""ask_price"":""590.20""},{""bid_quantity"":100,""ask_quantity"":120,""bid_orders"":1,""ask_orders"":1,""bid_price"":""585.80"",""ask_price"":""590.30""}]"
09:15:26.015,1790739926015894582,1457668569828569,Full Data,8,887080,455.75,20,09:15:25,,,496.40,160840,13860,65680,212920,"[{""bid_quantity"":160,""ask_quantity"":40,""bid_orders"":1,""ask_orders"":1,""bid_price"":""455.15"",""ask_price"":""456.95""},{""bid_quantity"":200,""ask_quantity"":80,""bid_orders"":1,""ask_orders"":1,""bid_price"":""455.10"",""ask_price"":""458.45""},{""bid_quantity"":40,""ask_quantity"":120,""bid_orders"":2,""ask_orders"":1,""bid_price"":""454.90"",""ask_price"":""458.50""},{""bid_quantity"":40,""ask_quantity"":340,""bid_orders"":2,""ask_orders"":2,""bid_price"":""454.70"",""ask_price"":""458.55""},{""bid_quantity"":60,""ask_quantity"":40,""bid_orders"":2,""ask_orders"":1,""bid_price"":""454.55"",""ask_price"":""458.60""}]"
09:15:26.030,1790739926030657718,1457668584591585,Full Data,8,887100,392.45,60,09:15:26,,,349.96,236820,18180,68200,254140,"[{""bid_quantity"":160,""ask_quantity"":60,""bid_orders"":2,""ask_orders"":3,""bid_price"":""392.75"",""ask_price"":""394.00""},{""bid_quantity"":40,""ask_quantity"":40,""bid_orders"":1,""ask_orders"":1,""bid_price"":""392.70"",""ask_price"":""394.10""},{""bid_quantity"":140,""ask_quantity"":100,""bid_orders"":2,""ask_orders"":1,""bid_price"":""392.65"",""ask_price"":""394.40""},{""bid_quantity"":40,""ask_quantity"":100,""bid_orders"":1,""ask_orders"":1,""bid_price"":""392.60"",""ask_price"":""394.55""},{""bid_quantity"":60,""ask_quantity"":140,""bid_orders"":1,""ask_orders"":2,""bid_price"":""392.55"",""ask_price"":""394.60""}]"
09:15:26.096,1790739926096179062,1457668650113369,Full Data,8,886540,160.90,40,09:15:26,,,134.57,225840,55000,71900,605280,"[{""bid_quantity"":20,""ask_quantity"":140,""bid_orders"":1,""ask_orders"":2,""bid_price"":""160.35"",""ask_price"":""160.90""},{""bid_quantity"":20,""ask_quantity"":40,""bid_orders"":1,""ask_orders"":1,""bid_price"":""160.30"",""ask_price"":""160.95""},{""bid_quantity"":20,""ask_quantity"":20,""bid_orders"":1,""ask_orders"":1,""bid_price"":""160.25"",""ask_price"":""161.05""},{""bid_quantity"":80,""ask_quantity"":220,""bid_orders"":1,""ask_orders"":4,""bid_price"":""160.20"",""ask_price"":""161.10""},{""bid_quantity"":60,""ask_quantity"":40,""bid_orders"":2,""ask_orders"":1,""bid_price"":""160.15"",""ask_price"":""161.15""}]"
09:15:26.319,1790739926319335065,1457668873269372,Ticker Data,0,51,72477.09,,09:15:26,,,,,,,,
09:15:26.333,1790739926333993520,1457668887927667,Full Data,8,886620,220.90,20,09:15:26,,,190.15,323380,38660,86920,619000,"[{""bid_quantity"":120,""ask_quantity"":40,""bid_orders"":1,""ask_orders"":2,""bid_price"":""220.35"",""ask_price"":""220.90""},{""bid_quantity"":80,""ask_quantity"":40,""bid_orders"":1,""ask_orders"":2,""bid_price"":""220.30"",""ask_price"":""221.05""},{""bid_quantity"":160,""ask_quantity"":80,""bid_orders"":2,""ask_orders"":2,""bid_price"":""220.25"",""ask_price"":""221.10""},{""bid_quantity"":80,""ask_quantity"":40,""bid_orders"":1,""ask_orders"":2,""bid_price"":""220.20"",""ask_price"":""221.45""},{""bid_quantity"":140,""ask_quantity"":80,""bid_orders"":2,""ask_orders"":1,""bid_price"":""220.15"",""ask_price"":""221.50""}]"
09:15:26.359,1790739926359822607,1457668913756834,Full Data,8,886620,220.85,20,09:15:26,,,190.18,323700,38140,86200,619000,"[{""bid_quantity"":60,""ask_quantity"":40,""bid_orders"":1,""ask_orders"":2,""bid_price"":""220.65"",""ask_price"":""221.05""},{""bid_quantity"":100,""ask_quantity"":40,""bid_orders"":1,""ask_orders"":2,""bid_price"":""220.50"",""ask_price"":""221.45""},{""bid_quantity"":80,""ask_quantity"":120,""bid_orders"":1,""ask_orders"":2,""bid_price"":""220.10"",""ask_price"":""222.15""},{""bid_quantity"":200,""ask_quantity"":120,""bid_orders"":3,""ask_orders"":2,""bid_price"":""220.05"",""ask_price"":""222.30""},{""bid_quantity"":420,""ask_quantity"":100,""bid_orders"":3,""ask_orders"":1,""bid_price"":""219.80"",""ask_price"":""222.60""}]"
09:15:26.408,1790739926408909644,1457668962843871,Full Data,8,887135,341.15,40,09:15:26,,,377.10,318000,33560,58180,307120,"[{""bid_quantity"":20,""ask_quantity"":180,""bid_orders"":1,""ask_orders"":2,""bid_price"":""341.25"",""ask_price"":""342.35""},{""bid_quantity"":20,""ask_quantity"":20,""bid_orders"":1,""ask_orders"":1,""bid_price"":""341.20"",""ask_price"":""342.40""},{""bid_quantity"":20,""ask_quantity"":140,""bid_orders"":1,""ask_orders"":2,""bid_price"":""341.15"",""ask_price"":""342.45""},{""bid_quantity"":20,""ask_quantity"":40,""bid_orders"":1,""ask_orders"":1,""bid_price"":""340.90"",""ask_price"":""342.50""},{""bid_quantity"":20,""ask_quantity"":100,""bid_orders"":1,""ask_orders"":2,""bid_price"":""340.70"",""ask_price"":""342.55""}]"
09:15:26.451,1790739926451028557,1457669004962424,Full Data,8,886528,291.90,20,09:15:26,,,325.09,328240,22660,139960,227080,"[{""bid_quantity"":100,""ask_quantity"":20,""bid_orders"":2,""ask_orders"":1,""bid_price"":""291.30"",""ask_price"":""292.10""},{""bid_quantity"":200,""ask_quantity"":40,""bid_orders"":2,""ask_orders"":1,""bid_price"":""291.25"",""ask_price"":""292.35""},{""bid_quantity"":40,""ask_quantity"":100,""bid_orders"":1,""ask_orders"":1,""bid_price"":""291.20"",""ask_price"":""292.80""},{""bid_quantity"":40,""ask_quantity"":40,""bid_orders"":1,""ask_orders"":1,""bid_price"":""291.10"",""ask_price"":""292.90""},{""bid_quantity"":20,""ask_quantity"":40,""bid_orders"":1,""ask_orders"":1,""bid_price"":""291.05"",""ask_price"":""293.25""}]"
09:15:26.501,1790739926501350922,1457669055285189,Full Data,8,887135,343.05,20,09:15:26,,,377.06,318340,33180,58560,307120,"[{""bid_quantity"":40,""ask_quantity"":120,""bid_orders"":2,""ask_orders"":2,""bid_price"":""341.85"",""ask_price"":""342.95""},{""bid_quantity"":80,""ask_quantity"":120,""bid_orders"":2,""ask_orders"":2,""bid_price"":""341.80"",""ask_price"":""343.05""},{""bid_quantity"":40,""ask_quantity"":20,""bid_orders"":2,""ask_orders"":1,""bid_price"":""341.75"",""ask_price"":""343.10""},{""bid_quantity"":80,""ask_quantity"":40,""bid_orders"":4,""ask_orders"":1,""bid_price"":""341.60"",""ask_price"":""343.50""},{""bid_quantity"":40,""ask_quantity"":40,""bid_orders"":1,""ask_orders"":1,""bid_price"":""341.25"",""ask_price"":""343.70""}]"
09:15:26.502,1790739926502637250,1457669056571117,Full Data,8,887306,518.10,40,09:15:26,,,560.71,76500,12760,40660,204460,"[{""bid_quantity"":40,""ask_quantity"":120,""bid_orders"":1,""ask_orders"":2,""bid_price"":""518.45"",""ask_price"":""520.70""},{""bid_quantity"":40,""ask_quantity"":100,""bid_orders"":1,""ask_orders"":1,""bid_price"":""518.40"",""ask_price"":""520.75""},{""bid_quantity"":120,""ask_quantity"":120,""bid_orders"":2,""ask_orders"":1,""bid_price"":""518.30"",""ask_price"":""520.80""},{""bid_quantity"":160,""ask_quantity"":20,""bid_orders"":1,""ask_orders"":1,""bid_price"":""518.10"",""ask_price"":""521.15""},{""bid_quantity"":160,""ask_quantity"":240,""bid_orders"":1,""ask_orders"":1,""bid_price"":""518.00"",""ask_price"":""521.60""}]"
09:15:26.545,1790739926545141885,1457669099076192,Full Data,8,887279,257.25,120,09:15:26,,,220.86,512220,31440,98700,563560,"[{""bid_quantity"":20,""ask_quantity"":20,""bid_orders"":1,""ask_orders"":1,""bid_price"":""256.20"",""ask_price"":""256.85""},{""bid_quantity"":20,""ask_quantity"":80,""bid_orders"":1,""ask_orders"":3,""bid_price"":""256.05"",""ask_price"":""257.05""},{""bid_quantity"":80,""ask_quantity"":40,""bid_orders"":1,""ask_orders"":1,""bid_price"":""255.00"",""ask_price"":""257.10""},{""bid_quantity"":80,""ask_quantity"":20,""bid_orders"":2,""ask_orders"":1,""bid_price"":""254.95"",""ask_price"":""257.25""},{""bid_quantity"":40,""ask_quantity"":40,""bid_orders"":1,""ask_orders"":1,""bid_price"":""254.90"",""ask_price"":""257.30""}]"
09:15:26.547,1790739926547586981,1457669101520928,Full Data,8,887253,654.20,20,09:15:26,,,692.89,14040,9440,33460,68380,"[{""bid_quantity"":80,""ask_quantity"":60,""bid_orders"":1,""ask_orders"":2,""bid_price"":""657.80"",""ask_price"":""660.00""},{""bid_quantity"":100,""ask_quantity"":60,""bid_orders"":1,""ask_orders"":2,""bid_price"":""657.75"",""ask_price"":""660.60""},{""bid_quantity"":100,""ask_quantity"":60,""bid_orders"":2,""ask_orders"":2,""bid_price"":""657.70"",""ask_price"":""660.85""},{""bid_quantity"":100,""ask_quantity"":200,""bid_orders"":1,""ask_orders"":2,""bid_price"":""657.65"",""ask_price"":""660.95""},{""bid_quantity"":180,""ask_quantity"":240,""bid_orders"":2,""ask_orders"":1,""bid_price"":""657.55"",""ask_price"":""661.15""}]"
09:15:26.597,1790739926597616665,1457669151550812,Full Data,8,887216,187.95,20,09:15:26,,,160.02,284700,35140,96600,604640,"[{""bid_quantity"":120,""ask_quantity"":40,""bid_orders"":1,""ask_orders"":1,""bid_price"":""186.60"",""ask_price"":""187.85""},{""bid_quantity"":100,""ask_quantity"":40,""bid_orders"":1,""ask_orders"":1,""bid_price"":""186.50"",""ask_price"":""187.90""},{""bid_quantity"":800,""ask_quantity"":260,""bid_orders"":2,""ask_orders"":4,""bid_price"":""186.40"",""ask_price"":""187.95""},{""bid_quantity"":100,""ask_quantity"":200,""bid_orders"":1,""ask_orders"":4,""bid_price"":""186.00"",""ask_price"":""188.00""},{""bid_quantity"":80,""ask_quantity"":60,""bid_orders"":1,""ask_orders"":1,""bid_price"":""185.55"",""ask_price"":""188.05""}]"
09:15:26.599,1790739926599152075,1457669153086222,Full Data,8,887306,521.15,20,09:15:26,,,560.70,76520,12020,42280,204460,"[{""bid_quantity"":120,""ask_quantity"":100,""bid_orders"":1,""ask_orders"":1,""bid_price"":""522.00"",""ask_price"":""525.20""},{""bid_quantity"":240,""ask_quantity"":120,""bid_orders"":3,""ask_orders"":2,""bid_price"":""521.95"",""ask_price"":""525.25""},{""bid_quantity"":120,""ask_quantity"":100,""bid_orders"":1,""ask_orders"":1,""bid_price"":""521.90"",""ask_price"":""525.40""},{""bid_quantity"":160,""ask_quantity"":100,""bid_orders"":1,""ask_orders"":1,""bid_price"":""521.85"",""ask_price"":""525.60""},{""bid_quantity"":120,""ask_quantity"":40,""bid_orders"":1,""ask_orders"":1,""bid_price"":""521.60"",""ask_price"":""525.65""}]"
09:15:26.639,1790739926639686657,1457669193620564,Full Data,8,886685,295.40,20,09:15:26,,,262.11,693100,38680,147180,1113180,"[{""bid_quantity"":20,""ask_quantity"":100,""bid_orders"":1,""ask_orders"":4,""bid_price"":""294.75"",""ask_price"":""295.50""},{""bid_quantity"":160,""ask_quantity"":20,""bid_orders"":1,""ask_orders"":1,""bid_price"":""294.60"",""ask_price"":""295.60""},{""bid_quantity"":20,""ask_quantity"":40,""bid_orders"":1,""ask_orders"":1,""bid_price"":""294.55"",""ask_price"":""295.90""},{""bid_quantity"":160,""ask_quantity"":40,""bid_orders"":1,""ask_orders"":1,""bid_price"":""294.40"",""ask_price"":""296.05""},{""bid_quantity"":20,""ask_quantity"":40,""bid_orders"":1,""ask_orders"":1,""bid_price"":""294.35"",""ask_price"":""296.15""}]"
09:15:26.656,1790739926656374285,1457669210308232,Full Data,8,886528,295.40,40,09:15:26,,,325.01,329040,21780,139020,227080,"[{""bid_quantity"":20,""ask_quantity"":40,""bid_orders"":1,""ask_orders"":1,""bid_price"":""295.45"",""ask_price"":""296.00""},{""bid_quantity"":40,""ask_quantity"":100,""bid_orders"":1,""ask_orders"":1,""bid_price"":""295.15"",""ask_price"":""296.40""},{""bid_quantity"":20,""ask_quantity"":80,""bid_orders"":1,""ask_orders"":1,""bid_price"":""295.10"",""ask_price"":""296.50""},{""bid_quantity"":20,""ask_quantity"":100,""bid_orders"":1,""ask_orders"":1,""bid_price"":""294.85"",""ask_price"":""296.60""},{""bid_quantity"":160,""ask_quantity"":160,""bid_orders"":1,""ask_orders"":2,""bid_price"":""294.80"",""ask_price"":""296.75""}]"
09:15:26.660,1790739926660013268,1457669213947055,Full Data,8,887253,654.20,20,09:15:26,,,692.89,14040,7920,33180,68380,"[{""bid_quantity"":80,""ask_quantity"":20,""bid_orders"":1,""ask_orders"":1,""bid_price"":""662.00"",""ask_price"":""665.55""},{""bid_quantity"":80,""ask_quantity"":100,""bid_orders"":2,""ask_orders"":1,""bid_price"":""661.95"",""ask_price"":""665.65""},{""bid_quantity"":120,""ask_quantity"":80,""bid_orders"":1,""ask_orders"":1,""bid_price"":""661.90"",""ask_price"":""665.70""},{""bid_quantity"":80,""ask_quantity"":20,""bid_orders"":1,""ask_orders"":1,""bid_price"":""661.85"",""ask_price"":""665.90""},{""bid_quantity"":80,""ask_quantity"":240,""bid_orders"":1,""ask_orders"":1,""bid_price"":""661.80"",""ask_price"":""666.55""}]"
09:15:26.688,1790739926688825094,1457669242759642,Full Data,8,887216,186.70,20,09:15:26,,,160.02,284800,34160,97780,604640,"[{""bid_quantity"":120,""ask_quantity"":40,""bid_orders"":2,""ask_orders"":1,""bid_price"":""186.15"",""ask_price"":""187.05""},{""bid_quantity"":40,""ask_quantity"":120,""bid_orders"":1,""ask_orders"":3,""bid_price"":""186.10"",""ask_price"":""187.10""},{""bid_quantity"":20,""ask_quantity"":40,""bid_orders"":1,""ask_orders"":1,""bid_price"":""186.05"",""ask_price"":""187.15""},{""bid_quantity"":40,""ask_quantity"":160,""bid_orders"":1,""ask_orders"":3,""bid_price"":""186.00"",""ask_price"":""187.20""},{""bid_quantity"":20,""ask_quantity"":120,""bid_orders"":1,""ask_orders"":3,""bid_price"":""185.95"",""ask_price"":""187.30""}]"
09:15:26.933,1790739926933607158,1457669487541345,Full Data,8,886461,401.70,20,09:15:26,,,436.20,377880,27040,131080,738980,"[{""bid_quantity"":80,""ask_quantity"":20,""bid_orders"":1,""ask_orders"":1,""bid_price"":""400.80"",""ask_price"":""402.45""},{""bid_quantity"":100,""ask_quantity"":60,""bid_orders"":1,""ask_orders"":2,""bid_price"":""400.40"",""ask_price"":""402.60""},{""bid_quantity"":20,""ask_quantity"":40,""bid_orders"":1,""ask_orders"":2,""bid_price"":""400.25"",""ask_price"":""402.65""},{""bid_quantity"":40,""ask_quantity"":80,""bid_orders"":1,""ask_orders"":1,""bid_price"":""399.95"",""ask_price"":""402.75""},{""bid_quantity"":40,""ask_quantity"":40,""bid_orders"":1,""ask_orders"":2,""bid_price"":""399.85"",""ask_price"":""402.80""}]"
09:15:26.992,1790739926992363418,1457669546297605,Full Data,8,886461,401.90,100,09:15:26,,,436.13,378620,27680,130700,738980,"[{""bid_quantity"":80,""ask_quantity"":20,""bid_orders"":2,""ask_orders"":1,""bid_price"":""401.25"",""ask_price"":""402.45""},{""bid_quantity"":160,""ask_quantity"":20,""bid_orders"":1,""ask_orders"":1,""bid_price"":""401.15"",""ask_price"":""402.60""},{""bid_quantity"":60,""ask_quantity"":80,""bid_orders"":3,""ask_orders"":1,""bid_price"":""400.85"",""ask_price"":""402.70""},{""bid_quantity"":260,""ask_quantity"":100,""bid_orders"":2,""ask_orders"":3,""bid_price"":""400.35"",""ask_price"":""402.80""},{""bid_quantity"":40,""ask_quantity"":40,""bid_orders"":1,""ask_orders"":1,""bid_price"":""400.30"",""ask_price"":""403.00""}]"
09:15:27.006,1790739927006334628,1457669560268575,Full Data,8,887080,461.70,20,09:15:26,,,495.16,165820,15480,63860,212920,"[{""bid_quantity"":80,""ask_quantity"":80,""bid_orders"":2,""ask_orders"":1,""bid_price"":""459.55"",""ask_price"":""461.35""},{""bid_quantity"":40,""ask_quantity"":160,""bid_orders"":2,""ask_orders"":1,""bid_price"":""459.40"",""ask_price"":""461.40""},{""bid_quantity"":380,""ask_quantity"":80,""bid_orders"":3,""ask_orders"":1,""bid_price"":""458.65"",""ask_price"":""461.45""},{""bid_quantity"":160,""ask_quantity"":100,""bid_orders"":2,""ask_orders"":1,""bid_price"":""458.60"",""ask_price"":""461.55""},{""bid_quantity"":280,""ask_quantity"":100,""bid_orders"":2,""ask_orders"":2,""bid_price"":""457.75"",""ask_price"":""461.65""}]"
09:15:27.060,1790739927060915981,1457669614850368,Full Data,8,887080,462.00,20,09:15:27,,,495.10,166080,14820,70620,212920,"[{""bid_quantity"":80,""ask_quantity"":60,""bid_orders"":1,""ask_orders"":3,""bid_price"":""461.20"",""ask_price"":""462.15""},{""bid_quantity"":40,""ask_quantity"":20,""bid_orders"":2,""ask_orders"":1,""bid_price"":""461.15"",""ask_price"":""462.35""},{""bid_quantity"":80,""ask_quantity"":20,""bid_orders"":1,""ask_orders"":1,""bid_price"":""461.10"",""ask_price"":""462.50""},{""bid_quantity"":80,""ask_quantity"":40,""bid_orders"":3,""ask_orders"":1,""bid_price"":""461.05"",""ask_price"":""463.00""},{""bid_quantity"":20,""ask_quantity"":120,""bid_orders"":1,""ask_orders"":3,""bid_price"":""460.90"",""ask_price"":""463.10""}]"
09:15:27.086,1790739927086785388,1457669640719335,Full Data,8,886659,591.50,20,09:15:27,,,633.72,35040,12020,32580,139920,"[{""bid_quantity"":20,""ask_quantity"":180,""bid_orders"":1,""ask_orders"":3,""bid_price"":""594.45"",""ask_price"":""596.10""},{""bid_quantity"":20,""ask_quantity"":160,""bid_orders"":1,""ask_orders"":2,""bid_price"":""594.35"",""ask_price"":""596.15""},{""bid_quantity"":40,""ask_quantity"":40,""bid_orders"":1,""ask_orders"":1,""bid_price"":""594.05"",""ask_price"":""596.20""},{""bid_quantity"":20,""ask_quantity"":40,""bid_orders"":1,""ask_orders"":1,""bid_price"":""594.00"",""ask_price"":""596.35""},{""bid_quantity"":20,""ask_quantity"":40,""bid_orders"":1,""ask_orders"":1,""bid_price"":""593.95"",""ask_price"":""596.40""}]"
09:15:27.092,1790739927092505225,1457669646439052,Full Data,8,887100,382.55,40,09:15:27,,,351.34,244980,22300,66280,254140,"[{""bid_quantity"":80,""ask_quantity"":80,""bid_orders"":2,""ask_orders"":2,""bid_price"":""382.60"",""ask_price"":""383.85""},{""bid_quantity"":400,""ask_quantity"":40,""bid_orders"":4,""ask_orders"":1,""bid_price"":""382.55"",""ask_price"":""384.00""},{""bid_quantity"":60,""ask_quantity"":60,""bid_orders"":1,""ask_orders"":2,""bid_price"":""382.35"",""ask_price"":""384.05""},{""bid_quantity"":160,""ask_quantity"":80,""bid_orders"":2,""ask_orders"":1,""bid_price"":""382.30"",""ask_price"":""384.15""},{""bid_quantity"":180,""ask_quantity"":60,""bid_orders"":2,""ask_orders"":2,""bid_price"":""382.20"",""ask_price"":""384.20""}]"
09:15:27.121,1790739927121198371,1457669675132518,Full Data,8,886540,155.15,20,09:15:27,,,135.39,233520,59780,68520,605280,"[{""bid_quantity"":20,""ask_quantity"":100,""bid_orders"":1,""ask_orders"":2,""bid_price"":""155.15"",""ask_price"":""155.50""},{""bid_quantity"":20,""ask_quantity"":60,""bid_orders"":1,""ask_orders"":2,""bid_price"":""155.10"",""ask_price"":""155.55""},{""bid_quantity"":20,""ask_quantity"":140,""bid_orders"":1,""ask_orders"":2,""bid_price"":""155.05"",""ask_price"":""155.60""},{""bid_quantity"":20,""ask_quantity"":80,""bid_orders"":1,""ask_orders"":2,""bid_price"":""154.85"",""ask_price"":""155.65""},{""bid_quantity"":20,""ask_quantity"":80,""bid_orders"":1,""ask_orders"":1,""bid_price"":""154.80"",""ask_price"":""155.70""}]"
09:15:27.126,1790739927126377684,1457669680311511,Full Data,8,887100,382.10,20,09:15:27,,,351.52,246400,22300,66340,254140,"[{""bid_quantity"":80,""ask_quantity"":20,""bid_orders"":1,""ask_orders"":1,""bid_price"":""380.60"",""ask_price"":""381.85""},{""bid_quantity"":80,""ask_quantity"":80,""bid_orders"":2,""ask_orders"":1,""bid_price"":""380.55"",""ask_price"":""381.90""},{""bid_quantity"":80,""ask_quantity"":80,""bid_orders"":1,""ask_orders"":2,""bid_price"":""380.50"",""ask_price"":""382.05""},{""bid_quantity"":160,""ask_quantity"":60,""bid_orders"":2,""ask_orders"":3,""bid_price"":""380.45"",""ask_price"":""382.10""},{""bid_quantity"":160,""ask_quantity"":20,""bid_orders"":2,""ask_orders"":1,""bid_price"":""380.40"",""ask_price"":""382.25""}]"
09:15:27.145,1790739927145558448,1457669699492355,Full Data,8,886540,154.15,20,09:15:27,,,135.39,233560,57700,68100,605280,"[{""bid_quantity"":80,""ask_quantity"":20,""bid_orders"":1,""ask_orders"":1,""bid_price"":""154.25"",""ask_price"":""154.55""},{""bid_quantity"":20,""ask_quantity"":20,""bid_orders"":1,""ask_orders"":1,""bid_price"":""154.00"",""ask_price"":""154.60""},{""bid_quantity"":20,""ask_quantity"":80,""bid_orders"":1,""ask_orders"":3,""bid_price"":""153.85"",""ask_price"":""154.65""},{""bid_quantity"":20,""ask_quantity"":60,""bid_orders"":1,""ask_orders"":2,""bid_price"":""153.80"",""ask_price"":""154.70""},{""bid_quantity"":80,""ask_quantity"":260,""bid_orders"":1,""ask_orders"":6,""bid_price"":""153.60"",""ask_price"":""154.75""}]"
09:15:27.289,1790739927289581940,1457669843516047,Ticker Data,0,51,72479.75,,09:15:27,,,,,,,,
09:15:27.359,1790739927359315351,1457669913249298,Full Data,8,886620,214.45,80,09:15:27,,,191.20,336440,38200,82680,619000,"[{""bid_quantity"":20,""ask_quantity"":40,""bid_orders"":1,""ask_orders"":1,""bid_price"":""213.20"",""ask_price"":""214.65""},{""bid_quantity"":60,""ask_quantity"":40,""bid_orders"":1,""ask_orders"":1,""bid_price"":""213.10"",""ask_price"":""214.70""},{""bid_quantity"":100,""ask_quantity"":40,""bid_orders"":1,""ask_orders"":1,""bid_price"":""213.00"",""ask_price"":""214.75""},{""bid_quantity"":100,""ask_quantity"":100,""bid_orders"":1,""ask_orders"":1,""bid_price"":""212.70"",""ask_price"":""214.80""},{""bid_quantity"":80,""ask_quantity"":180,""bid_orders"":1,""ask_orders"":2,""bid_price"":""212.35"",""ask_price"":""214.95""}]"
09:15:27.469,1790739927469292542,1457670023226889,Full Data,8,887135,348.00,40,09:15:27,,,376.01,328800,34680,55840,307120,"[{""bid_quantity"":40,""ask_quantity"":1320,""bid_orders"":2,""ask_orders"":9,""bid_price"":""346.40"",""ask_price"":""347.90""},{""bid_quantity"":40,""ask_quantity"":60,""bid_orders"":2,""ask_orders"":2,""bid_price"":""346.20"",""ask_price"":""347.95""},{""bid_quantity"":260,""ask_quantity"":320,""bid_orders"":1,""ask_orders"":2,""bid_price"":""345.65"",""ask_price"":""348.00""},{""bid_quantity"":180,""ask_quantity"":60,""bid_orders"":2,""ask_orders"":2,""bid_price"":""345.50"",""ask_price"":""348.05""},{""bid_quantity"":300,""ask_quantity"":80,""bid_orders"":1,""ask_orders"":1,""bid_price"":""345.45"",""ask_price"":""348.30""}]"
09:15:27.506,1790739927506100820,1457670060035087,Full Data,8,887279,249.75,20,09:15:27,,,222.63,542440,32320,91500,563560,"[{""bid_quantity"":20,""ask_quantity"":220,""bid_orders"":1,""ask_orders"":4,""bid_price"":""249.10"",""ask_price"":""249.75""},{""bid_quantity"":20,""ask_quantity"":40,""bid_orders"":1,""ask_orders"":1,""bid_price"":""248.95"",""ask_price"":""249.80""},{""bid_quantity"":20,""ask_quantity"":60,""bid_orders"":1,""ask_orders"":1,""bid_price"":""248.75"",""ask_price"":""249.85""},{""bid_quantity"":20,""ask_quantity"":40,""bid_orders"":1,""ask_orders"":1,""bid_price"":""248.55"",""ask_price"":""249.90""},{""bid_quantity"":20,""ask_quantity"":180,""bid_orders"":1,""ask_orders"":2,""bid_price"":""248.35"",""ask_price"":""250.05""}]"
09:15:27.545,1790739927545125592,1457670099059499,Full Data,8,887306,528.95,100,09:15:27,,,559.31,79420,11680,39560,204460,"[{""bid_quantity"":20,""ask_quantity"":20,""bid_orders"":1,""ask_orders"":1,""bid_price"":""529.10"",""ask_price"":""531.00""},{""bid_quantity"":80,""ask_quantity"":20,""bid_orders"":2,""ask_orders"":1,""bid_price"":""529.05"",""ask_price"":""531.20""},{""bid_quantity"":40,""ask_quantity"":100,""bid_orders"":1,""ask_orders"":1,""bid_price"":""528.95"",""ask_price"":""532.70""},{""bid_quantity"":40,""ask_quantity"":60,""bid_orders"":2,""ask_orders"":1,""bid_price"":""528.65"",""ask_price"":""532.90""},{""bid_quantity"":240,""ask_quantity"":40,""bid_orders"":1,""ask_orders"":1,""bid_price"":""528.45"",""ask_price"":""532.95""}]"
09:15:27.604,1790739927604714378,1457670158648445,Full Data,8,886685,289.35,20,09:15:27,,,263.43,724000,39920,143360,1113180,"[{""bid_quantity"":60,""ask_quantity"":320,""bid_orders"":1,""ask_orders"":2,""bid_price"":""288.25"",""ask_price"":""289.05""},{""bid_quantity"":20,""ask_quantity"":40,""bid_orders"":1,""ask_orders"":2,""bid_price"":""288.20"",""ask_price"":""289.10""},{""bid_quantity"":40,""ask_quantity"":180,""bid_orders"":1,""ask_orders"":2,""bid_price"":""288.10"",""ask_price"":""289.20""},{""bid_quantity"":120,""ask_quantity"":20,""bid_orders"":2,""ask_orders"":1,""bid_price"":""288.00"",""ask_price"":""289.25""},{""bid_quantity"":100,""ask_quantity"":20,""bid_orders"":1,""ask_orders"":1,""bid_price"":""287.90"",""ask_price"":""289.40""}]"
09:15:27.622,1790739927622808695,1457670176742962,Full Data,8,886528,299.15,20,09:15:27,,,323.09,350000,23300,139020,227080,"[{""bid_quantity"":40,""ask_quantity"":40,""bid_orders"":1,""ask_orders"":1,""bid_price"":""299.05"",""ask_price"":""299.80""},{""bid_quantity"":80,""ask_quantity"":40,""bid_orders"":1,""ask_orders"":1,""bid_price"":""298.65"",""ask_price"":""299.85""},{""bid_quantity"":40,""ask_quantity"":20,""bid_orders"":1,""ask_orders"":1,""bid_price"":""298.60"",""ask_price"":""300.50""},{""bid_quantity"":80,""ask_quantity"":100,""bid_orders"":1,""ask_orders"":1,""bid_price"":""298.05"",""ask_price"":""300.80""},{""bid_quantity"":240,""ask_quantity"":40,""bid_orders"":1,""ask_orders"":1,""bid_price"":""297.90"",""ask_price"":""300.85""}]"
09:15:27.658,1790739927658257524,1457670212192031,Full Data,8,887253,672.70,40,09:15:27,,,691.07,15040,7540,30640,68380,"[{""bid_quantity"":80,""ask_quantity"":100,""bid_orders"":1,""ask_orders"":1,""bid_price"":""670.85"",""ask_price"":""674.05""},{""bid_quantity"":40,""ask_quantity"":80,""bid_orders"":1,""ask_orders"":1,""bid_price"":""670.80"",""ask_price"":""674.10""},{""bid_quantity"":20,""ask_quantity"":80,""bid_orders"":1,""ask_orders"":1,""bid_price"":""670.70"",""ask_price"":""675.50""},{""bid_quantity"":40,""ask_quantity"":240,""bid_orders"":1,""ask_orders"":1,""bid_price"":""670.60"",""ask_price"":""675.55""},{""bid_quantity"":40,""ask_quantity"":80,""bid_orders"":1,""ask_orders"":1,""bid_price"":""670.30"",""ask_price"":""675.60""}]"
09:15:27.688,1790739927688184918,1457670242118905,Full Data,8,887216,181.90,40,09:15:27,,,160.70,293020,36740,92580,604640,"[{""bid_quantity"":20,""ask_quantity"":20,""bid_orders"":1,""ask_orders"":1,""bid_price"":""181.80"",""ask_price"":""181.95""},{""bid_quantity"":20,""ask_quantity"":40,""bid_orders"":1,""ask_orders"":1,""bid_price"":""181.70"",""ask_price"":""182.00""},{""bid_quantity"":20,""ask_quantity"":60,""bid_orders"":1,""ask_orders"":3,""bid_price"":""181.60"",""ask_price"":""182.05""},{""bid_quantity"":60,""ask_quantity"":20,""bid_orders"":2,""ask_orders"":1,""bid_price"":""181.40"",""ask_price"":""182.15""},{""bid_quantity"":40,""ask_quantity"":20,""bid_orders"":1,""ask_orders"":1,""bid_price"":""181.30"",""ask_price"":""182.20""}]"
09:15:27.695,1790739927695966728,1457670249900715,Full Data,8,887306,533.20,40,09:15:27,,,559.27,79540,11680,40140,204460,"[{""bid_quantity"":20,""ask_quantity"":60,""bid_orders"":1,""ask_orders"":1,""bid_price"":""531.35"",""ask_price"":""533.25""},{""bid_quantity"":20,""ask_quantity"":40,""bid_orders"":1,""ask_orders"":1,""bid_price"":""531.30"",""ask_price"":""533.30""},{""bid_quantity"":100,""ask_quantity"":120,""bid_orders"":4,""ask_orders"":1,""bid_price"":""531.15"",""ask_price"":""533.50""},{""bid_quantity"":20,""ask_quantity"":260,""bid_orders"":1,""ask_orders"":1,""bid_price"":""531.00"",""ask_price"":""533.65""},{""bid_quantity"":20,""ask_quantity"":80,""bid_orders"":1,""ask_orders"":1,""bid_price"":""530.80"",""ask_price"":""534.00""}]"
09:15:27.718,1790739927718327953,1457670272261860,Full Data,8,887216,182.40,80,09:15:27,,,160.72,293260,35800,94480,604640,"[{""bid_quantity"":60,""ask_quantity"":20,""bid_orders"":3,""ask_orders"":1,""bid_price"":""181.90"",""ask_price"":""183.15""},{""bid_quantity"":40,""ask_quantity"":100,""bid_orders"":1,""ask_orders"":1,""bid_price"":""181.85"",""ask_price"":""183.45""},{""bid_quantity"":80,""ask_quantity"":240,""bid_orders"":2,""ask_orders"":2,""bid_price"":""181.80"",""ask_price"":""183.60""},{""bid_quantity"":60,""ask_quantity"":60,""bid_orders"":3,""ask_orders"":2,""bid_price"":""181.75"",""ask_price"":""184.95""},{""bid_quantity"":300,""ask_quantity"":260,""bid_orders"":4,""ask_orders"":1,""bid_price"":""181.65"",""ask_price"":""185.10""}]"
09:15:27.718,1790739927718454553,1457670272388220,Full Data,8,886528,296.90,20,09:15:27,,,323.00,351240,26080,138580,227080,"[{""bid_quantity"":60,""ask_quantity"":260,""bid_orders"":2,""ask_orders"":2,""bid_price"":""296.60"",""ask_price"":""298.15""},{""bid_quantity"":20,""ask_quantity"":200,""bid_orders"":1,""ask_orders"":1,""bid_price"":""296.45"",""ask_price"":""298.25""},{""bid_quantity"":60,""ask_quantity"":60,""bid_orders"":2,""ask_orders"":1,""bid_price"":""296.35"",""ask_price"":""298.45""},{""bid_quantity"":260,""ask_quantity"":40,""bid_orders"":1,""ask_orders"":1,""bid_price"":""296.30"",""ask_price"":""298.55""},{""bid_quantity"":220,""ask_quantity"":380,""bid_orders"":1,""ask_orders"":1,""bid_price"":""296.20"",""ask_price"":""298.60""}]"
09:15:27.725,1790739927725383558,1457670279317465,Full Data,8,887253,672.70,40,09:15:27,,,691.07,15040,10340,30880,68380,"[{""bid_quantity"":80,""ask_quantity"":160,""bid_orders"":1,""ask_orders"":3,""bid_price"":""667.60"",""ask_price"":""672.90""},{""bid_quantity"":40,""ask_quantity"":80,""bid_orders"":1,""ask_orders"":2,""bid_price"":""667.50"",""ask_price"":""672.95""},{""bid_quantity"":20,""ask_quantity"":580,""bid_orders"":1,""ask_orders"":5,""bid_price"":""667.45"",""ask_price"":""673.00""},{""bid_quantity"":40,""ask_quantity"":60,""bid_orders"":1,""ask_orders"":2,""bid_price"":""667.40"",""ask_price"":""673.05""},{""bid_quantity"":260,""ask_quantity"":120,""bid_orders"":2,""ask_orders"":1,""bid_price"":""667.20"",""ask_price"":""673.15""}]"
09:15:27.997,1790739927997514718,1457670551449065,Full Data,8,886461,400.40,40,09:15:27,,,434.78,394640,28660,136600,738980,"[{""bid_quantity"":20,""ask_quantity"":40,""bid_orders"":1,""ask_orders"":2,""bid_price"":""399.60"",""ask_price"":""400.65""},{""bid_quantity"":40,""ask_quantity"":20,""bid_orders"":1,""ask_orders"":1,""bid_price"":""399.50"",""ask_price"":""400.80""},{""bid_quantity"":20,""ask_quantity"":20,""bid_orders"":1,""ask_orders"":1,""bid_price"":""399.45"",""ask_price"":""400.85""},{""bid_quantity"":160,""ask_quantity"":40,""bid_orders"":1,""ask_orders"":2,""bid_price"":""399.35"",""ask_price"":""400.90""},{""bid_quantity"":20,""ask_quantity"":80,""bid_orders"":1,""ask_orders"":1,""bid_price"":""399.30"",""ask_price"":""401.00""}]"
09:15:28.039,1790739928039558830,1457670593492737,Full Data,8,886461,399.60,20,09:15:28,,,434.73,395200,27760,136220,738980,"[{""bid_quantity"":40,""ask_quantity"":260,""bid_orders"":1,""ask_orders"":6,""bid_price"":""398.65"",""ask_price"":""399.70""},{""bid_quantity"":120,""ask_quantity"":20,""bid_orders"":3,""ask_orders"":1,""bid_price"":""398.50"",""ask_price"":""399.75""},{""bid_quantity"":40,""ask_quantity"":20,""bid_orders"":1,""ask_orders"":1,""bid_price"":""398.35"",""ask_price"":""400.15""},{""bid_quantity"":40,""ask_quantity"":60,""bid_orders"":2,""ask_orders"":1,""bid_price"":""398.30"",""ask_price"":""400.20""},{""bid_quantity"":320,""ask_quantity"":20,""bid_orders"":2,""ask_orders"":1,""bid_price"":""397.35"",""ask_price"":""400.35""}]"
09:15:28.068,1790739928068765139,1457670622699326,Full Data,8,887080,460.25,20,09:15:28,,,494.07,171600,15120,66480,212920,"[{""bid_quantity"":60,""ask_quantity"":40,""bid_orders"":1,""ask_orders"":2,""bid_price"":""460.45"",""ask_price"":""460.55""},{""bid_quantity"":280,""ask_quantity"":40,""bid_orders"":4,""ask_orders"":1,""bid_price"":""460.40"",""ask_price"":""461.35""},{""bid_quantity"":40,""ask_quantity"":80,""bid_orders"":2,""ask_orders"":2,""bid_price"":""460.35"",""ask_price"":""462.05""},{""bid_quantity"":120,""ask_quantity"":240,""bid_orders"":3,""ask_orders"":3,""bid_price"":""460.30"",""ask_price"":""462.65""},{""bid_quantity"":100,""ask_quantity"":400,""bid_orders"":2,""ask_orders"":2,""bid_price"":""460.15"",""ask_price"":""462.70""}]"
09:15:28.138,1790739928138870432,1457670692804339,Full Data,8,887100,383.30,20,09:15:28,,,352.43,253640,17860,68080,254140,"[{""bid_quantity"":40,""ask_quantity"":140,""bid_orders"":1,""ask_orders"":2,""bid_price"":""383.55"",""ask_price"":""384.75""},{""bid_quantity"":60,""ask_quantity"":20,""bid_orders"":2,""ask_orders"":1,""bid_price"":""383.45"",""ask_price"":""384.80""},{""bid_quantity"":40,""ask_quantity"":120,""bid_orders"":1,""ask_orders"":1,""bid_price"":""383.35"",""ask_price"":""385.00""},{""bid_quantity"":40,""ask_quantity"":220,""bid_orders"":1,""ask_orders"":2,""bid_price"":""383.20"",""ask_price"":""385.05""},{""bid_quantity"":20,""ask_quantity"":120,""bid_orders"":1,""ask_orders"":1,""bid_price"":""383.15"",""ask_price"":""385.10""}]"
09:15:28.157,1790739928157914995,1457670711848982,Full Data,8,886540,154.80,20,09:15:28,,,136.34,245820,54620,68100,605280,"[{""bid_quantity"":40,""ask_quantity"":40,""bid_orders"":1,""ask_orders"":1,""bid_price"":""154.65"",""ask_price"":""155.70""},{""bid_quantity"":40,""ask_quantity"":160,""bid_orders"":1,""ask_orders"":2,""bid_price"":""154.60"",""ask_price"":""155.75""},{""bid_quantity"":80,""ask_quantity"":40,""bid_orders"":1,""ask_orders"":1,""bid_price"":""154.55"",""ask_price"":""155.80""},{""bid_quantity"":40,""ask_quantity"":40,""bid_orders"":1,""ask_orders"":1,""bid_price"":""154.50"",""ask_price"":""155.85""},{""bid_quantity"":280,""ask_quantity"":160,""bid_orders"":3,""ask_orders"":2,""bid_price"":""154.40"",""ask_price"":""155.90""}]"
09:15:28.176,1790739928176288514,1457670730222381,Full Data,8,887080,461.10,20,09:15:28,,,494.01,171920,16860,66260,212920,"[{""bid_quantity"":140,""ask_quantity"":20,""bid_orders"":2,""ask_orders"":1,""bid_price"":""459.70"",""ask_price"":""461.05""},{""bid_quantity"":80,""ask_quantity"":60,""bid_orders"":1,""ask_orders"":2,""bid_price"":""459.60"",""ask_price"":""461.10""},{""bid_quantity"":20,""ask_quantity"":20,""bid_orders"":1,""ask_orders"":1,""bid_price"":""459.55"",""ask_price"":""461.20""},{""bid_quantity"":100,""ask_quantity"":20,""bid_orders"":3,""ask_orders"":1,""bid_price"":""459.45"",""ask_price"":""461.30""},{""bid_quantity"":120,""ask_quantity"":20,""bid_orders"":2,""ask_orders"":1,""bid_price"":""459.40"",""ask_price"":""461.40""}]"
09:15:28.206,1790739928206288068,1457670760222015,Full Data,8,886659,592.95,40,09:15:28,,,630.97,37880,11600,26640,139920,"[{""bid_quantity"":20,""ask_quantity"":40,""bid_orders"":1,""ask_orders"":1,""bid_price"":""592.30"",""ask_price"":""594.25""},{""bid_quantity"":20,""ask_quantity"":80,""bid_orders"":1,""ask_orders"":1,""bid_price"":""592.25"",""ask_price"":""594.30""},{""bid_quantity"":20,""ask_quantity"":100,""bid_orders"":1,""ask_orders"":2,""bid_price"":""592.00"",""ask_price"":""594.35""},{""bid_quantity"":40,""ask_quantity"":40,""bid_orders"":1,""ask_orders"":1,""bid_price"":""590.35"",""ask_price"":""594.45""},{""bid_quantity"":80,""ask_quantity"":60,""bid_orders"":1,""ask_orders"":1,""bid_price"":""590.30"",""ask_price"":""594.55""}]"
09:15:28.239,1790739928239635844,1457670793569711,Full Data,8,887355,336.20,20,09:15:28,,,307.58,365540,39040,93200,308440,"[{""bid_quantity"":40,""ask_quantity"":80,""bid_orders"":1,""ask_orders"":2,""bid_price"":""334.70"",""ask_price"":""335.90""},{""bid_quantity"":40,""ask_quantity"":60,""bid_orders"":1,""ask_orders"":2,""bid_price"":""334.55"",""ask_price"":""335.95""},{""bid_quantity"":180,""ask_quantity"":160,""bid_orders"":2,""ask_orders"":3,""bid_price"":""334.40"",""ask_price"":""336.00""},{""bid_quantity"":40,""ask_quantity"":60,""bid_orders"":1,""ask_orders"":2,""bid_price"":""334.35"",""ask_price"":""336.05""},{""bid_quantity"":120,""ask_quantity"":20,""bid_orders"":1,""ask_orders"":1,""bid_price"":""334.15"",""ask_price"":""336.10""}]"
09:15:28.270,1790739928270913086,1457670824847113,Full Data,8,887100,385.60,20,09:15:28,,,352.46,253880,17240,68740,254140,"[{""bid_quantity"":80,""ask_quantity"":140,""bid_orders"":2,""ask_orders"":1,""bid_price"":""384.05"",""ask_price"":""385.65""},{""bid_quantity"":100,""ask_quantity"":40,""bid_orders"":3,""ask_orders"":1,""bid_price"":""384.00"",""ask_price"":""385.70""},{""bid_quantity"":280,""ask_quantity"":80,""bid_orders"":3,""ask_orders"":1,""bid_price"":""383.45"",""ask_price"":""385.75""},{""bid_quantity"":260,""ask_quantity"":120,""bid_orders"":2,""ask_orders"":2,""bid_price"":""383.40"",""ask_price"":""385.80""},{""bid_quantity"":100,""ask_quantity"":120,""bid_orders"":1,""ask_orders"":2,""bid_price"":""383.20"",""ask_price"":""385.90""}]"
09:15:28.273,1790739928273815225,1457670827749252,Full Data,8,886540,154.65,20,09:15:28,,,136.35,245960,55100,68600,605280,"[{""bid_quantity"":80,""ask_quantity"":40,""bid_orders"":1,""ask_orders"":1,""bid_price"":""154.90"",""ask_price"":""155.40""},{""bid_quantity"":40,""ask_quantity"":20,""bid_orders"":1,""ask_orders"":1,""bid_price"":""154.85"",""ask_price"":""155.65""},{""bid_quantity"":80,""ask_quantity"":140,""bid_orders"":1,""ask_orders"":1,""bid_price"":""154.80"",""ask_price"":""156.10""},{""bid_quantity"":40,""ask_quantity"":40,""bid_orders"":1,""ask_orders"":1,""bid_price"":""154.75"",""ask_price"":""156.15""},{""bid_quantity"":80,""ask_quantity"":40,""bid_orders"":3,""ask_orders"":1,""bid_price"":""154.70"",""ask_price"":""156.20""}]"
09:15:28.292,1790739928292608746,1457670846542613,Ticker Data,0,51,72491.85,,09:15:28,,,,,,,,
09:15:28.373,1790739928373886192,1457670927820179,Full Data,8,886620,216.00,20,09:15:28,,,191.98,348180,38880,86260,619000,"[{""bid_quantity"":20,""ask_quantity"":160,""bid_orders"":1,""ask_orders"":3,""bid_price"":""216.65"",""ask_price"":""217.30""},{""bid_quantity"":40,""ask_quantity"":120,""bid_orders"":1,""ask_orders"":2,""bid_price"":""216.60"",""ask_price"":""217.35""},{""bid_quantity"":40,""ask_quantity"":100,""bid_orders"":1,""ask_orders"":2,""bid_price"":""216.55"",""ask_price"":""217.40""},{""bid_quantity"":60,""ask_quantity"":40,""bid_orders"":1,""ask_orders"":1,""bid_price"":""216.25"",""ask_price"":""217.80""},{""bid_quantity"":120,""ask_quantity"":80,""bid_orders"":2,""ask_orders"":2,""bid_price"":""216.20"",""ask_price"":""217.85""}]"
09:15:28.400,1790739928400701926,1457670954635833,Full Data,8,886620,216.00,20,09:15:28,,,191.98,348180,39900,83620,619000,"[{""bid_quantity"":140,""ask_quantity"":80,""bid_orders"":2,""ask_orders"":1,""bid_price"":""214.65"",""ask_price"":""215.90""},{""bid_quantity"":100,""ask_quantity"":320,""bid_orders"":1,""ask_orders"":4,""bid_price"":""214.50"",""ask_price"":""215.95""},{""bid_quantity"":220,""ask_quantity"":80,""bid_orders"":1,""ask_orders"":1,""bid_price"":""214.45"",""ask_price"":""216.00""},{""bid_quantity"":80,""ask_quantity"":160,""bid_orders"":1,""ask_orders"":2,""bid_price"":""214.25"",""ask_price"":""216.05""},{""bid_quantity"":140,""ask_quantity"":80,""bid_orders"":1,""ask_orders"":2,""bid_price"":""214.20"",""ask_price"":""216.10""}]"
09:15:28.485,1790739928485112751,1457671039047058,Full Data,8,887279,253.20,20,09:15:28,,,224.23,576000,32220,96880,563560,"[{""bid_quantity"":40,""ask_quantity"":20,""bid_orders"":1,""ask_orders"":1,""bid_price"":""252.40"",""ask_price"":""253.20""},{""bid_quantity"":100,""ask_quantity"":120,""bid_orders"":2,""ask_orders"":2,""bid_price"":""252.35"",""ask_price"":""253.80""},{""bid_quantity"":60,""ask_quantity"":80,""bid_orders"":1,""ask_orders"":1,""bid_price"":""252.25"",""ask_price"":""254.05""},{""bid_quantity"":40,""ask_quantity"":380,""bid_orders"":1,""ask_orders"":2,""bid_price"":""252.15"",""ask_price"":""254.10""},{""bid_quantity"":40,""ask_quantity"":180,""bid_orders"":1,""ask_orders"":2,""bid_price"":""251.85"",""ask_price"":""254.20""}]"
09:15:28.604,1790739928604915846,1457671158850113,Full Data,8,887306,520.30,20,09:15:28,,,559.01,80180,13520,43080,204460,"[{""bid_quantity"":260,""ask_quantity"":20,""bid_orders"":4,""ask_orders"":1,""bid_price"":""517.25"",""ask_price"":""520.05""},{""bid_quantity"":180,""ask_quantity"":80,""bid_orders"":2,""ask_orders"":1,""bid_price"":""517.20"",""ask_price"":""520.10""},{""bid_quantity"":180,""ask_quantity"":40,""bid_orders"":2,""ask_orders"":2,""bid_price"":""517.15"",""ask_price"":""520.15""},{""bid_quantity"":60,""ask_quantity"":20,""bid_orders"":1,""ask_orders"":1,""bid_price"":""517.05"",""ask_price"":""520.30""},{""bid_quantity"":60,""ask_quantity"":20,""bid_orders"":1,""ask_orders"":1,""bid_price"":""517.00"",""ask_price"":""520.35""}]"
09:15:28.630,1790739928630479532,1457671184413479,Full Data,8,887306,520.30,20,09:15:28,,,559.01,80180,13260,39980,204460,"[{""bid_quantity"":40,""ask_quantity"":120,""bid_orders"":1,""ask_orders"":2,""bid_price"":""516.95"",""ask_price"":""518.60""},{""bid_quantity"":20,""ask_quantity"":40,""bid_orders"":1,""ask_orders"":1,""bid_price"":""516.85"",""ask_price"":""518.70""},{""bid_quantity"":20,""ask_quantity"":80,""bid_orders"":1,""ask_orders"":1,""bid_price"":""516.70"",""ask_price"":""518.85""},{""bid_quantity"":240,""ask_quantity"":60,""bid_orders"":1,""ask_orders"":1,""bid_price"":""516.35"",""ask_price"":""518.95""},{""bid_quantity"":60,""ask_quantity"":40,""bid_orders"":1,""ask_orders"":1,""bid_price"":""516.10"",""ask_price"":""519.05""}]"
09:15:28.670,1790739928670713832,1457671224647779,Full Data,8,887216,186.95,180,09:15:28,,,161.29,300840,36280,95640,604640,"[{""bid_quantity"":20,""ask_quantity"":20,""bid_orders"":1,""ask_orders"":1,""bid_price"":""187.10"",""ask_price"":""187.95""},{""bid_quantity"":80,""ask_quantity"":60,""bid_orders"":1,""ask_orders"":2,""bid_price"":""187.00"",""ask_price"":""188.05""},{""bid_quantity"":40,""ask_quantity"":120,""bid_orders"":1,""ask_orders"":2,""bid_price"":""186.95"",""ask_price"":""188.10""},{""bid_quantity"":40,""ask_quantity"":20,""bid_orders"":1,""ask_orders"":1,""bid_price"":""186.85"",""ask_price"":""188.15""},{""bid_quantity"":20,""ask_quantity"":500,""bid_orders"":1,""ask_orders"":2,""bid_price"":""186.80"",""ask_price"":""188.35""}]"
09:15:28.703,1790739928703097641,1457671257032308,Full Data,8,887253,659.75,20,09:15:28,,,690.85,15160,11660,33240,68380,"[{""bid_quantity"":80,""ask_quantity"":720,""bid_orders"":1,""ask_orders"":6,""bid_price"":""654.45"",""ask_price"":""659.00""},{""bid_quantity"":120,""ask_quantity"":160,""bid_orders"":2,""ask_orders"":1,""bid_price"":""654.40"",""ask_price"":""659.05""},{""bid_quantity"":80,""ask_quantity"":380,""bid_orders"":1,""ask_orders"":1,""bid_price"":""654.35"",""ask_price"":""659.20""},{""bid_quantity"":20,""ask_quantity"":180,""bid_orders"":1,""ask_orders"":2,""bid_price"":""654.30"",""ask_price"":""659.35""},{""bid_quantity"":240,""ask_quantity"":160,""bid_orders"":1,""ask_orders"":1,""bid_price"":""654.15"",""ask_price"":""659.40""}]"
09:15:28.721,1790739928721461520,1457671275395427,Full Data,8,886528,289.50,20,09:15:28,,,321.68,368040,25800,140680,227080,"[{""bid_quantity"":40,""ask_quantity"":40,""bid_orders"":2,""ask_orders"":2,""bid_price"":""288.85"",""ask_price"":""289.50""},{""bid_quantity"":20,""ask_quantity"":40,""bid_orders"":1,""ask_orders"":2,""bid_price"":""288.70"",""ask_price"":""289.55""},{""bid_quantity"":80,""ask_quantity"":20,""bid_orders"":1,""ask_orders"":1,""bid_price"":""288.60"",""ask_price"":""289.65""},{""bid_quantity"":20,""ask_quantity"":440,""bid_orders"":1,""ask_orders"":4,""bid_price"":""288.55"",""ask_price"":""290.00""},{""bid_quantity"":180,""ask_quantity"":20,""bid_orders"":2,""ask_orders"":1,""bid_price"":""288.40"",""ask_price"":""290.15""}]"
09:15:28.736,1790739928736910740,1457671290844847,Full Data,8,887253,659.75,20,09:15:28,,,690.85,15160,11300,32260,68380,"[{""bid_quantity"":60,""ask_quantity"":120,""bid_orders"":2,""ask_orders"":2,""bid_price"":""651.80"",""ask_price"":""655.00""},{""bid_quantity"":80,""ask_quantity"":140,""bid_orders"":1,""ask_orders"":2,""bid_price"":""650.95"",""ask_price"":""655.05""},{""bid_quantity"":140,""ask_quantity"":60,""bid_orders"":2,""ask_orders"":1,""bid_price"":""650.90"",""ask_price"":""655.10""},{""bid_quantity"":100,""ask_quantity"":120,""bid_orders"":2,""ask_orders"":1,""bid_price"":""650.80"",""ask_price"":""655.15""},{""bid_quantity"":100,""ask_quantity"":100,""bid_orders"":2,""ask_orders"":1,""bid_price"":""650.75"",""ask_price"":""655.25""}]"
09:15:29.044,1790739929044108726,1457671598043113,Full Data,8,886461,389.95,20,09:15:29,,,433.32,410340,27500,133740,738980,"[{""bid_quantity"":200,""ask_quantity"":280,""bid_orders"":2,""ask_orders"":3,""bid_price"":""387.90"",""ask_price"":""389.25""},{""bid_quantity"":20,""ask_quantity"":140,""bid_orders"":1,""ask_orders"":2,""bid_price"":""387.85"",""ask_price"":""389.30""},{""bid_quantity"":40,""ask_quantity"":160,""bid_orders"":2,""ask_orders"":1,""bid_price"":""387.65"",""ask_price"":""389.45""},{""bid_quantity"":100,""ask_quantity"":180,""bid_orders"":1,""ask_orders"":2,""bid_price"":""387.60"",""ask_price"":""389.50""},{""bid_quantity"":160,""ask_quantity"":120,""bid_orders"":1,""ask_orders"":2,""bid_price"":""387.55"",""ask_price"":""389.60""}]"
09:15:29.099,1790739929099550365,1457671653484472,Full Data,8,886461,391.40,20,09:15:29,,,433.06,412780,32260,135460,738980,"[{""bid_quantity"":60,""ask_quantity"":80,""bid_orders"":2,""ask_orders"":2,""bid_price"":""388.90"",""ask_price"":""390.25""},{""bid_quantity"":160,""ask_quantity"":40,""bid_orders"":1,""ask_orders"":1,""bid_price"":""388.85"",""ask_price"":""390.30""},{""bid_quantity"":180,""ask_quantity"":80,""bid_orders"":2,""ask_orders"":2,""bid_price"":""388.80"",""ask_price"":""390.35""},{""bid_quantity"":60,""ask_quantity"":140,""bid_orders"":2,""ask_orders"":2,""bid_price"":""388.75"",""ask_price"":""390.40""},{""bid_quantity"":20,""ask_quantity"":20,""bid_orders"":1,""ask_orders"":1,""bid_price"":""388.70"",""ask_price"":""390.45""}]"
09:15:29.143,1790739929143617570,1457671697551917,Full Data,8,887080,446.35,100,09:15:29,,,493.08,175860,15540,66380,212920,"[{""bid_quantity"":60,""ask_quantity"":120,""bid_orders"":2,""ask_orders"":1,""bid_price"":""446.70"",""ask_price"":""447.80""},{""bid_quantity"":80,""ask_quantity"":20,""bid_orders"":2,""ask_orders"":1,""bid_price"":""446.65"",""ask_price"":""447.85""},{""bid_quantity"":140,""ask_quantity"":20,""bid_orders"":3,""ask_orders"":1,""bid_price"":""446.40"",""ask_price"":""447.90""},{""bid_quantity"":260,""ask_quantity"":40,""bid_orders"":3,""ask_orders"":2,""bid_price"":""446.05"",""ask_price"":""448.05""},{""bid_quantity"":60,""ask_quantity"":20,""bid_orders"":2,""ask_orders"":1,""bid_price"":""446.00"",""ask_price"":""448.20""}]"
09:15:29.186,1790739929186151485,1457671740085432,Full Data,8,887355,346.10,20,09:15:29,,,308.40,374260,40620,89740,308440,"[{""bid_quantity"":60,""ask_quantity"":140,""bid_orders"":2,""ask_orders"":2,""bid_price"":""344.85"",""ask_price"":""346.35""},{""bid_quantity"":160,""ask_quantity"":140,""bid_orders"":3,""ask_orders"":4,""bid_price"":""344.60"",""ask_price"":""346.40""},{""bid_quantity"":100,""ask_quantity"":220,""bid_orders"":1,""ask_orders"":3,""bid_price"":""344.00"",""ask_price"":""346.45""},{""bid_quantity"":80,""ask_quantity"":280,""bid_orders"":1,""ask_orders"":6,""bid_price"":""343.05"",""ask_price"":""346.50""},{""bid_quantity"":80,""ask_quantity"":220,""bid_orders"":1,""ask_orders"":3,""bid_price"":""343.00"",""ask_price"":""346.55""}]"
09:15:29.211,1790739929211646730,1457671765580597,Full Data,8,887100,395.30,20,09:15:29,,,353.54,261000,17620,65780,254140,"[{""bid_quantity"":220,""ask_quantity"":40,""bid_orders"":1,""ask_orders"":1,""bid_price"":""395.20"",""ask_price"":""396.30""},{""bid_quantity"":20,""ask_quantity"":80,""bid_orders"":1,""ask_orders"":1,""bid_price"":""395.00"",""ask_price"":""396.35""},{""bid_quantity"":100,""ask_quantity"":20,""bid_orders"":1,""ask_orders"":1,""bid_price"":""394.20"",""ask_price"":""396.40""},{""bid_quantity"":20,""ask_quantity"":40,""bid_orders"":1,""ask_orders"":2,""bid_price"":""394.00"",""ask_price"":""396.50""},{""bid_quantity"":200,""ask_quantity"":220,""bid_orders"":1,""ask_orders"":3,""bid_price"":""393.25"",""ask_price"":""396.55""}]"
09:15:29.238,1790739929238418823,1457671792352690,Full Data,8,886540,160.25,40,09:15:29,,,136.90,252060,54200,68460,605280,"[{""bid_quantity"":40,""ask_quantity"":60,""bid_orders"":1,""ask_orders"":3,""bid_price"":""159.50"",""ask_price"":""160.50""},{""bid_quantity"":140,""ask_quantity"":20,""bid_orders"":2,""ask_orders"":1,""bid_price"":""159.40"",""ask_price"":""160.55""},{""bid_quantity"":160,""ask_quantity"":20,""bid_orders"":2,""ask_orders"":1,""bid_price"":""159.30"",""ask_price"":""160.60""},{""bid_quantity"":80,""ask_quantity"":20,""bid_orders"":1,""ask_orders"":1,""bid_price"":""159.25"",""ask_price"":""160.75""},{""bid_quantity"":40,""ask_quantity"":160,""bid_orders"":1,""ask_orders"":1,""bid_price"":""159.20"",""ask_price"":""160.80""}]"
09:15:29.246,1790739929246351114,1457671800284901,Full Data,8,887080,451.80,80,09:15:29,,,492.87,176720,14900,64180,212920,"[{""bid_quantity"":100,""ask_quantity"":20,""bid_orders"":2,""ask_orders"":1,""bid_price"":""449.15"",""ask_price"":""449.85""},{""bid_quantity"":20,""ask_quantity"":60,""bid_orders"":1,""ask_orders"":1,""bid_price"":""448.75"",""ask_price"":""449.90""},{""bid_quantity"":80,""ask_quantity"":20,""bid_orders"":1,""ask_orders"":1,""bid_price"":""448.55"",""ask_price"":""449.95""},{""bid_quantity"":40,""ask_quantity"":40,""bid_orders"":1,""ask_orders"":2,""bid_price"":""448.50"",""ask_price"":""450.05""},{""bid_quantity"":160,""ask_quantity"":20,""bid_orders"":1,""ask_orders"":1,""bid_price"":""447.90"",""ask_price"":""450.10""}]"
09:15:29.275,1790739929275065060,1457671828998927,Full Data,8,886659,579.45,20,09:15:29,,,630.14,38580,12960,27060,139920,"[{""bid_quantity"":40,""ask_quantity"":100,""bid_orders"":1,""ask_orders"":2,""bid_price"":""578.90"",""ask_price"":""581.25""},{""bid_quantity"":20,""ask_quantity"":120,""bid_orders"":1,""ask_orders"":2,""bid_price"":""578.85"",""ask_price"":""581.35""},{""bid_quantity"":20,""ask_quantity"":80,""bid_orders"":1,""ask_orders"":1,""bid_price"":""578.75"",""ask_price"":""581.45""},{""bid_quantity"":80,""ask_quantity"":80,""bid_orders"":1,""ask_orders"":2,""bid_price"":""578.45"",""ask_price"":""581.55""},{""bid_quantity"":120,""ask_quantity"":280,""bid_orders"":2,""ask_orders"":3,""bid_price"":""578.40"",""ask_price"":""581.60""}]"
09:15:29.290,1790739929290560840,1457671844494747,Ticker Data,0,51,72491.98,,09:15:29,,,,,,,,
09:15:29.296,1790739929296925561,1457671850859508,Full Data,8,887100,396.00,40,09:15:29,,,353.56,261100,18360,67420,254140,"[{""bid_quantity"":40,""ask_quantity"":100,""bid_orders"":1,""ask_orders"":3,""bid_price"":""395.85"",""ask_price"":""397.05""},{""bid_quantity"":280,""ask_quantity"":20,""bid_orders"":2,""ask_orders"":1,""bid_price"":""395.60"",""ask_price"":""397.10""},{""bid_quantity"":40,""ask_quantity"":220,""bid_orders"":1,""ask_orders"":3,""bid_price"":""395.55"",""ask_price"":""397.15""},{""bid_quantity"":40,""ask_quantity"":20,""bid_orders"":1,""ask_orders"":1,""bid_price"":""395.45"",""ask_price"":""397.20""},{""bid_quantity"":120,""ask_quantity"":20,""bid_orders"":2,""ask_orders"":1,""bid_price"":""395.40"",""ask_price"":""397.50""}]"
09:15:29.298,1790739929298149769,1457671852083556,Full Data,8,886540,160.45,40,09:15:29,,,136.92,252300,56600,70460,605280,"[{""bid_quantity"":80,""ask_quantity"":160,""bid_orders"":2,""ask_orders"":2,""bid_price"":""159.85"",""ask_price"":""160.65""},{""bid_quantity"":60,""ask_quantity"":100,""bid_orders"":2,""ask_orders"":3,""bid_price"":""159.80"",""ask_price"":""160.70""},{""bid_quantity"":80,""ask_quantity"":120,""bid_orders"":1,""ask_orders"":2,""bid_price"":""159.75"",""ask_price"":""160.75""},{""bid_quantity"":60,""ask_quantity"":40,""bid_orders"":2,""ask_orders"":1,""bid_price"":""159.70"",""ask_price"":""160.80""},{""bid_quantity"":20,""ask_quantity"":60,""bid_orders"":1,""ask_orders"":2,""bid_price"":""159.65"",""ask_price"":""160.85""}]"
09:15:29.316,1790739929316681329,1457671870615476,Full Data,8,886659,580.35,20,09:15:29,,,630.11,38600,13020,28040,139920,"[{""bid_quantity"":40,""ask_quantity"":40,""bid_orders"":2,""ask_orders"":1,""bid_price"":""578.45"",""ask_price"":""580.50""},{""bid_quantity"":100,""ask_quantity"":60,""bid_orders"":1,""ask_orders"":2,""bid_price"":""577.50"",""ask_price"":""580.55""},{""bid_quantity"":40,""ask_quantity"":320,""bid_orders"":1,""ask_orders"":4,""bid_price"":""577.25"",""ask_price"":""581.00""},{""bid_quantity"":220,""ask_quantity"":40,""bid_orders"":2,""ask_orders"":1,""bid_price"":""577.20"",""ask_price"":""581.15""},{""bid_quantity"":80,""ask_quantity"":40,""bid_orders"":2,""ask_orders"":1,""bid_price"":""577.15"",""ask_price"":""581.20""}]"
09:15:29.406,1790739929406154108,1457671960088455,Full Data,8,886620,224.60,20,09:15:29,,,192.72,357800,39120,84640,619000,"[{""bid_quantity"":60,""ask_quantity"":40,""bid_orders"":1,""ask_orders"":2,""bid_price"":""223.90"",""ask_price"":""224.65""},{""bid_quantity"":40,""ask_quantity"":20,""bid_orders"":1,""ask_orders"":1,""bid_price"":""223.85"",""ask_price"":""224.80""},{""bid_quantity"":100,""ask_quantity"":200,""bid_orders"":2,""ask_orders"":3,""bid_price"":""223.75"",""ask_price"":""224.85""},{""bid_quantity"":40,""ask_quantity"":80,""bid_orders"":1,""ask_orders"":2,""bid_price"":""223.55"",""ask_price"":""224.95""},{""bid_quantity"":140,""ask_quantity"":220,""bid_orders"":2,""ask_orders"":2,""bid_price"":""223.35"",""ask_price"":""225.00""}]"
09:15:29.417,1790739929417018218,1457671970952045,Full Data,8,886620,224.10,60,09:15:29,,,192.74,358060,38380,86040,619000,"[{""bid_quantity"":80,""ask_quantity"":20,""bid_orders"":1,""ask_orders"":1,""bid_price"":""224.35"",""ask_price"":""225.30""},{""bid_quantity"":340,""ask_quantity"":20,""bid_orders"":4,""ask_orders"":1,""bid_price"":""224.30"",""ask_price"":""225.60""},{""bid_quantity"":160,""ask_quantity"":160,""bid_orders"":3,""ask_orders"":1,""bid_price"":""224.25"",""ask_price"":""225.75""},{""bid_quantity"":140,""ask_quantity"":400,""bid_orders"":2,""ask_orders"":4,""bid_price"":""224.20"",""ask_price"":""225.90""},{""bid_quantity"":80,""ask_quantity"":40,""bid_orders"":2,""ask_orders"":1,""bid_price"":""224.10"",""ask_price"":""226.10""}]"
09:15:29.518,1790739929518990917,1457672072925344,Full Data,8,887279,259.15,200,09:15:29,,,225.04,590000,33620,93060,563560,"[{""bid_quantity"":140,""ask_quantity"":60,""bid_orders"":2,""ask_orders"":1,""bid_price"":""258.90"",""ask_price"":""259.70""},{""bid_quantity"":60,""ask_quantity"":40,""bid_orders"":1,""ask_orders"":1,""bid_price"":""258.80"",""ask_price"":""259.80""},{""bid_quantity"":100,""ask_quantity"":100,""bid_orders"":3,""ask_orders"":1,""bid_price"":""258.75"",""ask_price"":""259.85""},{""bid_quantity"":100,""ask_quantity"":160,""bid_orders"":2,""ask_orders"":1,""bid_price"":""258.55"",""ask_price"":""259.95""},{""bid_quantity"":80,""ask_quantity"":40,""bid_orders"":1,""ask_orders"":1,""bid_price"":""258.50"",""ask_price"":""260.15""}]"
09:15:29.597,1790739929597710826,1457672151644973,Full Data,8,887135,338.40,40,09:15:29,,,373.38,355920,34460,62660,307120,"[{""bid_quantity"":160,""ask_quantity"":20,""bid_orders"":1,""ask_orders"":1,""bid_price"":""337.10"",""ask_price"":""338.45""},{""bid_quantity"":80,""ask_quantity"":80,""bid_orders"":2,""ask_orders"":2,""bid_price"":""337.05"",""ask_price"":""338.60""},{""bid_quantity"":200,""ask_quantity"":3280,""bid_orders"":2,""ask_orders"":13,""bid_price"":""337.00"",""ask_price"":""338.95""},{""bid_quantity"":40,""ask_quantity"":100,""bid_orders"":1,""ask_orders"":1,""bid_price"":""336.90"",""ask_price"":""339.25""},{""bid_quantity"":20,""ask_quantity"":1000,""bid_orders"":1,""ask_orders"":1,""bid_price"":""336.80"",""ask_price"":""340.15""}]"
09:15:29.645,1790739929645621096,1457672199555163,Full Data,8,887306,511.65,20,09:15:29,,,558.35,81320,13200,38600,204460,"[{""bid_quantity"":20,""ask_quantity"":520,""bid_orders"":1,""ask_orders"":1,""bid_price"":""512.35"",""ask_price"":""513.60""},{""bid_quantity"":20,""ask_quantity"":20,""bid_orders"":1,""ask_orders"":1,""bid_price"":""512.20"",""ask_price"":""514.10""},{""bid_quantity"":20,""ask_quantity"":40,""bid_orders"":1,""ask_orders"":1,""bid_price"":""512.05"",""ask_price"":""514.15""},{""bid_quantity"":240,""ask_quantity"":80,""bid_orders"":1,""ask_orders"":1,""bid_price"":""511.50"",""ask_price"":""514.50""},{""bid_quantity"":160,""ask_quantity"":40,""bid_orders"":1,""ask_orders"":2,""bid_price"":""510.45"",""ask_price"":""515.30""}]"
09:15:29.658,1790739929658263418,1457672212197485,Full Data,8,887135,337.45,100,09:15:29,,,373.33,356420,35340,64200,307120,"[{""bid_quantity"":40,""ask_quantity"":20,""bid_orders"":1,""ask_orders"":1,""bid_price"":""337.50"",""ask_price"":""338.60""},{""bid_quantity"":200,""ask_quantity"":20,""bid_orders"":2,""ask_orders"":1,""bid_price"":""337.45"",""ask_price"":""338.75""},{""bid_quantity"":120,""ask_quantity"":40,""bid_orders"":2,""ask_orders"":1,""bid_price"":""337.40"",""ask_price"":""338.90""},{""bid_quantity"":320,""ask_quantity"":3560,""bid_orders"":2,""ask_orders"":15,""bid_price"":""337.20"",""ask_price"":""338.95""},{""bid_quantity"":260,""ask_quantity"":160,""bid_orders"":1,""ask_orders"":1,""bid_price"":""337.15"",""ask_price"":""339.85""}]"
09:15:29.686,1790739929686055998,1457672239990145,Full Data,8,887306,514.65,20,09:15:29,,,558.06,81860,13840,40520,204460,"[{""bid_quantity"":40,""ask_quantity"":120,""bid_orders"":1,""ask_orders"":2,""bid_price"":""513.20"",""ask_price"":""515.10""},{""bid_quantity"":80,""ask_quantity"":120,""bid_orders"":1,""ask_orders"":2,""bid_price"":""513.15"",""ask_price"":""515.25""},{""bid_quantity"":40,""ask_quantity"":100,""bid_orders"":1,""ask_orders"":3,""bid_price"":""512.90"",""ask_price"":""515.30""},{""bid_quantity"":120,""ask_quantity"":40,""bid_orders"":2,""ask_orders"":1,""bid_price"":""512.85"",""ask_price"":""515.50""},{""bid_quantity"":100,""ask_quantity"":240,""bid_orders"":1,""ask_orders"":1,""bid_price"":""512.80"",""ask_price"":""516.05""}]"
09:15:29.732,1790739929732887781,1457672286822448,Full Data,8,886528,288.45,20,09:15:29,,,320.46,381380,27320,140640,227080,"[{""bid_quantity"":100,""ask_quantity"":20,""bid_orders"":1,""ask_orders"":1,""bid_price"":""288.40"",""ask_price"":""289.20""},{""bid_quantity"":100,""ask_quantity"":40,""bid_orders"":1,""ask_orders"":1,""bid_price"":""288.30"",""ask_price"":""289.35""},{""bid_quantity"":20,""ask_quantity"":60,""bid_orders"":1,""ask_orders"":2,""bid_price"":""288.25"",""ask_price"":""289.40""},{""bid_quantity"":220,""ask_quantity"":40,""bid_orders"":2,""ask_orders"":1,""bid_price"":""288.20"",""ask_price"":""289.50""},{""bid_quantity"":40,""ask_quantity"":60,""bid_orders"":2,""ask_orders"":2,""bid_price"":""288.05"",""ask_price"":""289.60""}]"
09:15:29.781,1790739929781636416,1457672335570483,Full Data,8,886528,289.80,40,09:15:29,,,320.27,383740,25840,139940,227080,"[{""bid_quantity"":60,""ask_quantity"":60,""bid_orders"":2,""ask_orders"":2,""bid_price"":""289.85"",""ask_price"":""290.80""},{""bid_quantity"":60,""ask_quantity"":20,""bid_orders"":1,""ask_orders"":1,""bid_price"":""289.80"",""ask_price"":""290.90""},{""bid_quantity"":40,""ask_quantity"":20,""bid_orders"":1,""ask_orders"":1,""bid_price"":""289.75"",""ask_price"":""291.15""},{""bid_quantity"":20,""ask_quantity"":200,""bid_orders"":1,""ask_orders"":1,""bid_price"":""289.70"",""ask_price"":""291.50""},{""bid_quantity"":40,""ask_quantity"":100,""bid_orders"":1,""ask_orders"":1,""bid_price"":""289.65"",""ask_price"":""291.60""}]"
09:15:29.807,1790739929807704985,1457672361638892,Full Data,8,887253,655.15,100,09:15:29,,,690.52,15300,8900,32620,68380,"[{""bid_quantity"":160,""ask_quantity"":60,""bid_orders"":2,""ask_orders"":1,""bid_price"":""654.40"",""ask_price"":""657.75""},{""bid_quantity"":60,""ask_quantity"":80,""bid_orders"":1,""ask_orders"":1,""bid_price"":""654.35"",""ask_price"":""657.80""},{""bid_quantity"":160,""ask_quantity"":240,""bid_orders"":2,""ask_orders"":1,""bid_price"":""654.30"",""ask_price"":""658.15""},{""bid_quantity"":120,""ask_quantity"":160,""bid_orders"":1,""ask_orders"":2,""bid_price"":""654.20"",""ask_price"":""658.55""},{""bid_quantity"":160,""ask_quantity"":40,""bid_orders"":3,""ask_orders"":1,""bid_price"":""654.05"",""ask_price"":""659.75""}]"
09:15:30.118,1790739930118248113,1457672672182620,Full Data,8,886461,403.90,40,09:15:30,,,431.99,424680,26820,139600,738980,"[{""bid_quantity"":40,""ask_quantity"":60,""bid_orders"":2,""ask_orders"":1,""bid_price"":""402.75"",""ask_price"":""403.65""},{""bid_quantity"":60,""ask_quantity"":80,""bid_orders"":3,""ask_orders"":3,""bid_price"":""402.55"",""ask_price"":""403.90""},{""bid_quantity"":60,""ask_quantity"":60,""bid_orders"":2,""ask_orders"":2,""bid_price"":""402.40"",""ask_price"":""403.95""},{""bid_quantity"":40,""ask_quantity"":60,""bid_orders"":2,""ask_orders"":2,""bid_price"":""402.00"",""ask_price"":""404.00""},{""bid_quantity"":40,""ask_quantity"":40,""bid_orders"":1,""ask_orders"":2,""bid_price"":""401.70"",""ask_price"":""404.05""}]"
09:15:30.155,1790739930155213912,1457672709148299,Full Data,8,886461,404.80,20,09:15:30,,,431.93,425720,25740,138560,738980,"[{""bid_quantity"":60,""ask_quantity"":40,""bid_orders"":2,""ask_orders"":1,""bid_price"":""403.95"",""ask_price"":""404.80""},{""bid_quantity"":20,""ask_quantity"":60,""bid_orders"":1,""ask_orders"":2,""bid_price"":""403.90"",""ask_price"":""404.90""},{""bid_quantity"":140,""ask_quantity"":80,""bid_orders"":4,""ask_orders"":3,""bid_price"":""403.85"",""ask_price"":""404.95""},{""bid_quantity"":40,""ask_quantity"":40,""bid_orders"":2,""ask_orders"":1,""bid_price"":""403.80"",""ask_price"":""405.00""},{""bid_quantity"":40,""ask_quantity"":40,""bid_orders"":2,""ask_orders"":1,""bid_price"":""403.75"",""ask_price"":""405.05""}]"
09:15:30.202,1790739930202363137,1457672756297324,Full Data,8,887355,334.45,20,09:15:30,,,309.19,382860,42400,92260,308440,"[{""bid_quantity"":120,""ask_quantity"":20,""bid_orders"":2,""ask_orders"":1,""bid_price"":""333.90"",""ask_price"":""334.80""},{""bid_quantity"":80,""ask_quantity"":40,""bid_orders"":3,""ask_orders"":2,""bid_price"":""333.85"",""ask_price"":""334.85""},{""bid_quantity"":140,""ask_quantity"":100,""bid_orders"":3,""ask_orders"":4,""bid_price"":""333.75"",""ask_price"":""334.90""},{""bid_quantity"":60,""ask_quantity"":40,""bid_orders"":2,""ask_orders"":2,""bid_price"":""333.70"",""ask_price"":""334.95""},{""bid_quantity"":60,""ask_quantity"":60,""bid_orders"":2,""ask_orders"":2,""bid_price"":""333.40"",""ask_price"":""335.00""}]"
09:15:30.246,1790739930246747144,1457672800681211,Full Data,8,887080,461.10,20,09:15:30,,,491.20,184640,14960,67340,212920,"[{""bid_quantity"":140,""ask_quantity"":100,""bid_orders"":4,""ask_orders"":2,""bid_price"":""460.25"",""ask_price"":""461.10""},{""bid_quantity"":40,""ask_quantity"":60,""bid_orders"":2,""ask_orders"":1,""bid_price"":""459.80"",""ask_price"":""461.15""},{""bid_quantity"":20,""ask_quantity"":20,""bid_orders"":1,""ask_orders"":1,""bid_price"":""459.75"",""ask_price"":""461.20""},{""bid_quantity"":20,""ask_quantity"":20,""bid_orders"":1,""ask_orders"":1,""bid_price"":""459.50"",""ask_price"":""461.25""},{""bid_quantity"":40,""ask_quantity"":120,""bid_orders"":2,""ask_orders"":2,""bid_price"":""459.45"",""ask_price"":""461.30""}]"
09:15:30.264,1790739930264840741,1457672818774688,Full Data,8,887100,386.55,20,09:15:30,,,354.48,267460,18400,68060,254140,"[{""bid_quantity"":140,""ask_quantity"":140,""bid_orders"":4,""ask_orders"":4,""bid_price"":""385.65"",""ask_price"":""387.15""},{""bid_quantity"":60,""ask_quantity"":20,""bid_orders"":3,""ask_orders"":1,""bid_price"":""385.60"",""ask_price"":""387.20""},{""bid_quantity"":20,""ask_quantity"":220,""bid_orders"":1,""ask_orders"":3,""bid_price"":""385.40"",""ask_price"":""387.25""},{""bid_quantity"":80,""ask_quantity"":20,""bid_orders"":1,""ask_orders"":1,""bid_price"":""385.25"",""ask_price"":""387.30""},{""bid_quantity"":320,""ask_quantity"":160,""bid_orders"":4,""ask_orders"":3,""bid_price"":""385.20"",""ask_price"":""387.35""}]"
09:15:30.305,1790739930305254042,1457672859187989,Ticker Data,0,51,72501.15,,09:15:30,,,,,,,,
09:15:30.321,1790739930321483707,1457672875417694,Full Data,8,887080,461.90,40,09:15:30,,,491.17,184860,14920,68500,212920,"[{""bid_quantity"":80,""ask_quantity"":60,""bid_orders"":1,""ask_orders"":2,""bid_price"":""461.45"",""ask_price"":""461.95""},{""bid_quantity"":80,""ask_quantity"":60,""bid_orders"":1,""ask_orders"":2,""bid_price"":""461.40"",""ask_price"":""462.10""},{""bid_quantity"":40,""ask_quantity"":60,""bid_orders"":2,""ask_orders"":2,""bid_price"":""460.65"",""ask_price"":""462.15""},{""bid_quantity"":80,""ask_quantity"":60,""bid_orders"":2,""ask_orders"":2,""bid_price"":""460.45"",""ask_price"":""462.20""},{""bid_quantity"":40,""ask_quantity"":60,""bid_orders"":1,""ask_orders"":2,""bid_price"":""460.40"",""ask_price"":""462.25""}]"
09:15:30.330,1790739930330335244,1457672884269191,Full Data,8,887100,385.65,80,09:15:30,,,354.59,268400,17620,67760,254140,"[{""bid_quantity"":60,""ask_quantity"":160,""bid_orders"":1,""ask_orders"":1,""bid_price"":""385.90"",""ask_price"":""386.80""},{""bid_quantity"":60,""ask_quantity"":60,""bid_orders"":1,""ask_orders"":2,""bid_price"":""385.70"",""ask_price"":""386.85""},{""bid_quantity"":20,""ask_quantity"":80,""bid_orders"":1,""ask_orders"":4,""bid_price"":""385.60"",""ask_price"":""386.90""},{""bid_quantity"":120,""ask_quantity"":140,""bid_orders"":2,""ask_orders"":3,""bid_price"":""385.40"",""ask_price"":""387.00""},{""bid_quantity"":20,""ask_quantity"":120,""bid_orders"":1,""ask_orders"":3,""bid_price"":""385.25"",""ask_price"":""387.10""}]"
09:15:30.347,1790739930347061272,1457672900995179,Full Data,8,886540,155.60,280,09:15:30,,,137.41,258300,57900,68600,605280,"[{""bid_quantity"":40,""ask_quantity"":40,""bid_orders"":2,""ask_orders"":1,""bid_price"":""155.20"",""ask_price"":""155.60""},{""bid_quantity"":120,""ask_quantity"":40,""bid_orders"":3,""ask_orders"":2,""bid_price"":""155.15"",""ask_price"":""155.65""},{""bid_quantity"":40,""ask_quantity"":100,""bid_orders"":2,""ask_orders"":3,""bid_price"":""155.10"",""ask_price"":""155.70""},{""bid_quantity"":40,""ask_quantity"":60,""bid_orders"":2,""ask_orders"":2,""bid_price"":""155.05"",""ask_price"":""155.75""},{""bid_quantity"":160,""ask_quantity"":20,""bid_orders"":1,""ask_orders"":1,""bid_price"":""154.85"",""ask_price"":""155.80""}]"
09:15:30.380,1790739930380167726,1457672934101633,Full Data,8,886659,595.00,40,09:15:30,,,627.94,40520,11220,27440,139920,"[{""bid_quantity"":80,""ask_quantity"":60,""bid_orders"":2,""ask_orders"":3,""bid_price"":""594.30"",""ask_price"":""596.65""},{""bid_quantity"":40,""ask_quantity"":340,""bid_orders"":2,""ask_orders"":2,""bid_price"":""594.25"",""ask_price"":""598.90""},{""bid_quantity"":180,""ask_quantity"":40,""bid_orders"":4,""ask_orders"":1,""bid_price"":""594.20"",""ask_price"":""599.40""},{""bid_quantity"":60,""ask_quantity"":320,""bid_orders"":3,""ask_orders"":2,""bid_price"":""594.15"",""ask_price"":""599.45""},{""bid_quantity"":140,""ask_quantity"":20,""bid_orders"":2,""ask_orders"":1,""bid_price"":""594.10"",""ask_price"":""599.55""}]"
09:15:30.393,1790739930393971896,1457672947905763,Full Data,8,886659,596.65,40,09:15:30,,,627.84,40640,14160,26580,139920,"[{""bid_quantity"":20,""ask_quantity"":120,""bid_orders"":1,""ask_orders"":2,""bid_price"":""593.85"",""ask_price"":""595.20""},{""bid_quantity"":40,""ask_quantity"":20,""bid_orders"":2,""ask_orders"":1,""bid_price"":""593.55"",""ask_price"":""595.25""},{""bid_quantity"":20,""ask_quantity"":160,""bid_orders"":1,""ask_orders"":3,""bid_price"":""593.50"",""ask_price"":""595.30""},{""bid_quantity"":80,""ask_quantity"":20,""bid_orders"":1,""ask_orders"":1,""bid_price"":""593.30"",""ask_price"":""595.35""},{""bid_quantity"":40,""ask_quantity"":120,""bid_orders"":1,""ask_orders"":2,""bid_price"":""593.25"",""ask_price"":""595.40""}]"
09:15:30.441,1790739930441993606,1457672995927473,Full Data,8,886620,214.90,20,09:15:30,,,193.39,367840,48100,84340,619000,"[{""bid_quantity"":60,""ask_quantity"":140,""bid_orders"":3,""ask_orders"":4,""bid_price"":""214.55"",""ask_price"":""214.90""},{""bid_quantity"":60,""ask_quantity"":40,""bid_orders"":1,""ask_orders"":2,""bid_price"":""214.20"",""ask_price"":""214.95""},{""bid_quantity"":140,""ask_quantity"":40,""bid_orders"":3,""ask_orders"":2,""bid_price"":""214.15"",""ask_price"":""215.00""},{""bid_quantity"":20,""ask_quantity"":40,""bid_orders"":1,""ask_orders"":2,""bid_price"":""214.10"",""ask_price"":""215.05""},{""bid_quantity"":300,""ask_quantity"":20,""bid_orders"":2,""ask_orders"":1,""bid_price"":""214.00"",""ask_price"":""215.10""}]"
09:15:30.474,1790739930474265135,1457673028199122,Full Data,8,886620,215.30,40,09:15:30,,,193.41,368240,47920,84860,619000,"[{""bid_quantity"":140,""ask_quantity"":80,""bid_orders"":3,""ask_orders"":1,""bid_price"":""214.80"",""ask_price"":""215.30""},{""bid_quantity"":200,""ask_quantity"":20,""bid_orders"":4,""ask_orders"":1,""bid_price"":""214.75"",""ask_price"":""215.35""},{""bid_quantity"":100,""ask_quantity"":60,""bid_orders"":3,""ask_orders"":2,""bid_price"":""214.70"",""ask_price"":""215.60""},{""bid_quantity"":280,""ask_quantity"":40,""bid_orders"":5,""ask_orders"":1,""bid_price"":""214.65"",""ask_price"":""215.90""},{""bid_quantity"":120,""ask_quantity"":120,""bid_orders"":4,""ask_orders"":2,""bid_price"":""214.60"",""ask_price"":""216.15""}]"
09:15:30.644,1790739930644285274,1457673198219541,Full Data,8,887135,351.30,440,09:15:30,,,371.67,378220,21540,63220,307120,"[{""bid_quantity"":80,""ask_quantity"":120,""bid_orders"":2,""ask_orders"":1,""bid_price"":""351.45"",""ask_price"":""352.65""},{""bid_quantity"":20,""ask_quantity"":60,""bid_orders"":1,""ask_orders"":1,""bid_price"":""351.40"",""ask_price"":""352.70""},{""bid_quantity"":160,""ask_quantity"":120,""bid_orders"":4,""ask_orders"":1,""bid_price"":""351.35"",""ask_price"":""352.75""},{""bid_quantity"":80,""ask_quantity"":100,""bid_orders"":2,""ask_orders"":2,""bid_price"":""351.30"",""ask_price"":""352.80""},{""bid_quantity"":80,""ask_quantity"":120,""bid_orders"":3,""ask_orders"":1,""bid_price"":""351.25"",""ask_price"":""352.85""}]"
09:15:30.682,1790739930682476521,1457673236410668,Full Data,8,887306,531.30,40,09:15:30,,,557.00,84580,13380,40640,204460,"[{""bid_quantity"":20,""ask_quantity"":40,""bid_orders"":1,""ask_orders"":1,""bid_price"":""531.00"",""ask_price"":""532.15""},{""bid_quantity"":40,""ask_quantity"":20,""bid_orders"":1,""ask_orders"":1,""bid_price"":""529.75"",""ask_price"":""532.20""},{""bid_quantity"":20,""ask_quantity"":20,""bid_orders"":1,""ask_orders"":1,""bid_price"":""529.70"",""ask_price"":""532.40""},{""bid_quantity"":20,""ask_quantity"":20,""bid_orders"":1,""ask_orders"":1,""bid_price"":""529.55"",""ask_price"":""532.60""},{""bid_quantity"":100,""ask_quantity"":20,""bid_orders"":2,""ask_orders"":1,""bid_price"":""529.50"",""ask_price"":""532.80""}]"
09:15:30.732,1790739930732271443,1457673286205630,Full Data,8,887135,349.35,140,09:15:30,,,371.62,379100,23760,61460,307120,"[{""bid_quantity"":20,""ask_quantity"":160,""bid_orders"":1,""ask_orders"":1,""bid_price"":""347.75"",""ask_price"":""349.15""},{""bid_quantity"":40,""ask_quantity"":100,""bid_orders"":2,""ask_orders"":1,""bid_price"":""347.50"",""ask_price"":""349.20""},{""bid_quantity"":20,""ask_quantity"":160,""bid_orders"":1,""ask_orders"":1,""bid_price"":""347.30"",""ask_price"":""349.35""},{""bid_quantity"":40,""ask_quantity"":100,""bid_orders"":1,""ask_orders"":1,""bid_price"":""347.15"",""ask_price"":""349.40""},{""bid_quantity"":100,""ask_quantity"":220,""bid_orders"":1,""ask_orders"":3,""bid_price"":""346.80"",""ask_price"":""349.60""}]"
09:15:30.766,1790739930766569985,1457673320504292,Full Data,8,887216,182.70,20,09:15:30,,,163.13,325140,36780,100280,604640,"[{""bid_quantity"":40,""ask_quantity"":80,""bid_orders"":1,""ask_orders"":4,""bid_price"":""183.45"",""ask_price"":""184.20""},{""bid_quantity"":60,""ask_quantity"":80,""bid_orders"":1,""ask_orders"":1,""bid_price"":""183.40"",""ask_price"":""184.25""},{""bid_quantity"":40,""ask_quantity"":40,""bid_orders"":1,""ask_orders"":2,""bid_price"":""183.35"",""ask_price"":""184.30""},{""bid_quantity"":80,""ask_quantity"":40,""bid_orders"":1,""ask_orders"":1,""bid_price"":""183.30"",""ask_price"":""184.35""},{""bid_quantity"":60,""ask_quantity"":200,""bid_orders"":1,""ask_orders"":1,""bid_price"":""183.25"",""ask_price"":""184.40""}]"
09:15:30.874,1790739930874354642,1457673428288909,Full Data,8,886528,300.65,40,09:15:30,,,319.60,395180,25520,142060,227080,"[{""bid_quantity"":40,""ask_quantity"":20,""bid_orders"":1,""ask_orders"":1,""bid_price"":""300.05"",""ask_price"":""300.80""},{""bid_quantity"":40,""ask_quantity"":40,""bid_orders"":1,""ask_orders"":1,""bid_price"":""300.00"",""ask_price"":""300.95""},{""bid_quantity"":40,""ask_quantity"":140,""bid_orders"":1,""ask_orders"":1,""bid_price"":""299.95"",""ask_price"":""301.00""},{""bid_quantity"":40,""ask_quantity"":240,""bid_orders"":1,""ask_orders"":1,""bid_price"":""299.85"",""ask_price"":""301.15""},{""bid_quantity"":40,""ask_quantity"":20,""bid_orders"":1,""ask_orders"":1,""bid_price"":""299.60"",""ask_price"":""301.60""}]"
09:15:31.159,1790739931159506326,1457673713440753,Full Data,8,886461,404.00,60,09:15:31,,,431.24,436460,28300,139200,738980,"[{""bid_quantity"":20,""ask_quantity"":140,""bid_orders"":1,""ask_orders"":4,""bid_price"":""402.65"",""ask_price"":""403.90""},{""bid_quantity"":20,""ask_quantity"":240,""bid_orders"":1,""ask_orders"":6,""bid_price"":""402.50"",""ask_price"":""403.95""},{""bid_quantity"":180,""ask_quantity"":80,""bid_orders"":2,""ask_orders"":3,""bid_price"":""402.35"",""ask_price"":""404.00""},{""bid_quantity"":20,""ask_quantity"":160,""bid_orders"":1,""ask_orders"":6,""bid_price"":""402.20"",""ask_price"":""404.05""},{""bid_quantity"":100,""ask_quantity"":60,""bid_orders"":1,""ask_orders"":2,""bid_price"":""402.00"",""ask_price"":""404.10""}]"
09:15:31.226,1790739931226836521,1457673780770908,Full Data,8,887355,336.60,20,09:15:31,,,310.05,396300,43060,92120,308440,"[{""bid_quantity"":160,""ask_quantity"":20,""bid_orders"":2,""ask_orders"":1,""bid_price"":""335.75"",""ask_price"":""336.65""},{""bid_quantity"":80,""ask_quantity"":40,""bid_orders"":2,""ask_orders"":2,""bid_price"":""335.70"",""ask_price"":""336.70""},{""bid_quantity"":100,""ask_quantity"":60,""bid_orders"":2,""ask_orders"":2,""bid_price"":""335.65"",""ask_price"":""336.90""},{""bid_quantity"":40,""ask_quantity"":20,""bid_orders"":2,""ask_orders"":1,""bid_price"":""335.60"",""ask_price"":""337.05""},{""bid_quantity"":60,""ask_quantity"":140,""bid_orders"":2,""ask_orders"":1,""bid_price"":""335.55"",""ask_price"":""337.15""}]"
09:15:31.251,1790739931251947084,1457673805881151,Full Data,8,886461,402.05,60,09:15:31,,,431.19,437320,28120,136700,738980,"[{""bid_quantity"":100,""ask_quantity"":20,""bid_orders"":1,""ask_orders"":1,""bid_price"":""400.30"",""ask_price"":""402.50""},{""bid_quantity"":40,""ask_quantity"":100,""bid_orders"":1,""ask_orders"":3,""bid_price"":""400.25"",""ask_price"":""402.55""},{""bid_quantity"":260,""ask_quantity"":100,""bid_orders"":3,""ask_orders"":3,""bid_price"":""400.00"",""ask_price"":""402.60""},{""bid_quantity"":140,""ask_quantity"":340,""bid_orders"":3,""ask_orders"":3,""bid_price"":""399.60"",""ask_price"":""402.65""},{""bid_quantity"":100,""ask_quantity"":100,""bid_orders"":1,""ask_orders"":4,""bid_price"":""399.50"",""ask_price"":""402.70""}]"
09:15:31.296,1790739931296201890,1457673850135877,Ticker Data,0,51,72499.52,,09:15:31,,,,,,,,
09:15:31.317,1790739931317374347,1457673871308294,Full Data,8,887100,391.40,20,09:15:31,,,355.15,273500,17960,66900,254140,"[{""bid_quantity"":20,""ask_quantity"":20,""bid_orders"":1,""ask_orders"":1,""bid_price"":""389.85"",""ask_price"":""390.85""},{""bid_quantity"":80,""ask_quantity"":40,""bid_orders"":1,""ask_orders"":2,""bid_price"":""389.80"",""ask_price"":""390.90""},{""bid_quantity"":80,""ask_quantity"":40,""bid_orders"":3,""ask_orders"":2,""bid_price"":""389.75"",""ask_price"":""390.95""},{""bid_quantity"":60,""ask_quantity"":40,""bid_orders"":3,""ask_orders"":2,""bid_price"":""389.70"",""ask_price"":""391.00""},{""bid_quantity"":80,""ask_quantity"":40,""bid_orders"":3,""ask_orders"":2,""bid_price"":""389.55"",""ask_price"":""391.05""}]"
09:15:31.386,1790739931386893557,1457673940827744,Full Data,8,886540,157.55,20,09:15:31,,,138.11,269240,64120,69060,605280,"[{""bid_quantity"":40,""ask_quantity"":100,""bid_orders"":1,""ask_orders"":1,""bid_price"":""157.80"",""ask_price"":""158.15""},{""bid_quantity"":40,""ask_quantity"":120,""bid_orders"":2,""ask_orders"":2,""bid_price"":""157.50"",""ask_price"":""158.20""},{""bid_quantity"":100,""ask_quantity"":180,""bid_orders"":2,""ask_orders"":3,""bid_price"":""157.20"",""ask_price"":""158.25""},{""bid_quantity"":200,""ask_quantity"":40,""bid_orders"":3,""ask_orders"":2,""bid_price"":""157.15"",""ask_price"":""158.30""},{""bid_quantity"":80,""ask_quantity"":340,""bid_orders"":2,""ask_orders"":7,""bid_price"":""156.80"",""ask_price"":""158.35""}]"
09:15:31.406,1790739931406740765,1457673960674712,Full Data,8,887080,459.45,40,09:15:31,,,490.01,192640,15320,68140,212920,"[{""bid_quantity"":60,""ask_quantity"":40,""bid_orders"":1,""ask_orders"":1,""bid_price"":""457.75"",""ask_price"":""459.40""},{""bid_quantity"":80,""ask_quantity"":40,""bid_orders"":1,""ask_orders"":1,""bid_price"":""457.70"",""ask_price"":""459.45""},{""bid_quantity"":20,""ask_quantity"":60,""bid_orders"":1,""ask_orders"":1,""bid_price"":""457.65"",""ask_price"":""459.50""},{""bid_quantity"":40,""ask_quantity"":340,""bid_orders"":2,""ask_orders"":4,""bid_price"":""457.60"",""ask_price"":""459.60""},{""bid_quantity"":100,""ask_quantity"":80,""bid_orders"":2,""ask_orders"":1,""bid_price"":""457.55"",""ask_price"":""460.00""}]"
09:15:31.437,1790739931437453163,1457673991387070,Full Data,8,886659,590.25,60,09:15:31,,,627.44,41140,13440,26840,139920,"[{""bid_quantity"":40,""ask_quantity"":20,""bid_orders"":2,""ask_orders"":1,""bid_price"":""587.65"",""ask_price"":""589.50""},{""bid_quantity"":20,""ask_quantity"":20,""bid_orders"":1,""ask_orders"":1,""bid_price"":""587.60"",""ask_price"":""589.55""},{""bid_quantity"":40,""ask_quantity"":20,""bid_orders"":2,""ask_orders"":1,""bid_price"":""587.55"",""ask_price"":""589.60""},{""bid_quantity"":40,""ask_quantity"":60,""bid_orders"":2,""ask_orders"":2,""bid_price"":""587.50"",""ask_price"":""589.80""},{""bid_quantity"":20,""ask_quantity"":100,""bid_orders"":1,""ask_orders"":3,""bid_price"":""587.45"",""ask_price"":""589.85""}]"
09:15:31.503,1790739931503019987,1457674056954094,Full Data,8,886620,219.85,60,09:15:31,,,194.04,379160,48100,85260,619000,"[{""bid_quantity"":20,""ask_quantity"":20,""bid_orders"":1,""ask_orders"":1,""bid_price"":""219.20"",""ask_price"":""219.80""},{""bid_quantity"":40,""ask_quantity"":60,""bid_orders"":2,""ask_orders"":2,""bid_price"":""219.15"",""ask_price"":""219.85""},{""bid_quantity"":80,""ask_quantity"":20,""bid_orders"":3,""ask_orders"":1,""bid_price"":""219.00"",""ask_price"":""219.90""},{""bid_quantity"":100,""ask_quantity"":100,""bid_orders"":2,""ask_orders"":4,""bid_price"":""218.95"",""ask_price"":""219.95""},{""bid_quantity"":80,""ask_quantity"":240,""bid_orders"":2,""ask_orders"":5,""bid_price"":""218.85"",""ask_price"":""220.00""}]"
09:15:31.588,1790739931588665981,1457674142599928,Full Data,8,886685,295.60,200,09:15:31,,,267.31,826540,42100,144980,1113180,"[{""bid_quantity"":40,""ask_quantity"":140,""bid_orders"":2,""ask_orders"":4,""bid_price"":""295.10"",""ask_price"":""296.05""},{""bid_quantity"":20,""ask_quantity"":200,""bid_orders"":1,""ask_orders"":3,""bid_price"":""294.95"",""ask_price"":""296.10""},{""bid_quantity"":80,""ask_quantity"":80,""bid_orders"":3,""ask_orders"":4,""bid_price"":""294.85"",""ask_price"":""296.15""},{""bid_quantity"":220,""ask_quantity"":260,""bid_orders"":2,""ask_orders"":7,""bid_price"":""294.80"",""ask_price"":""296.20""},{""bid_quantity"":280,""ask_quantity"":400,""bid_orders"":1,""ask_orders"":5,""bid_price"":""294.70"",""ask_price"":""296.25""}]"
09:15:31.627,1790739931627460032,1457674181394339,Full Data,8,887279,254.95,20,09:15:31,,,226.50,624700,34960,90320,563560,"[{""bid_quantity"":380,""ask_quantity"":20,""bid_orders"":2,""ask_orders"":1,""bid_price"":""254.95"",""ask_price"":""255.05""},{""bid_quantity"":300,""ask_quantity"":80,""bid_orders"":5,""ask_orders"":1,""bid_price"":""254.40"",""ask_price"":""255.10""},{""bid_quantity"":80,""ask_quantity"":20,""bid_orders"":3,""ask_orders"":1,""bid_price"":""254.35"",""ask_price"":""255.25""},{""bid_quantity"":60,""ask_quantity"":120,""bid_orders"":2,""ask_orders"":3,""bid_price"":""254.30"",""ask_price"":""255.40""},{""bid_quantity"":20,""ask_quantity"":20,""bid_orders"":1,""ask_orders"":1,""bid_price"":""254.10"",""ask_price"":""255.50""}]"
09:15:31.731,1790739931731845747,1457674285780174,Full Data,8,887306,519.85,40,09:15:31,,,556.45,86120,13280,40380,204460,"[{""bid_quantity"":60,""ask_quantity"":20,""bid_orders"":2,""ask_orders"":1,""bid_price"":""516.90"",""ask_price"":""518.30""},{""bid_quantity"":20,""ask_quantity"":20,""bid_orders"":1,""ask_orders"":1,""bid_price"":""516.85"",""ask_price"":""518.35""},{""bid_quantity"":20,""ask_quantity"":20,""bid_orders"":1,""ask_orders"":1,""bid_price"":""516.80"",""ask_price"":""518.50""},{""bid_quantity"":60,""ask_quantity"":20,""bid_orders"":2,""ask_orders"":1,""bid_price"":""516.75"",""ask_price"":""518.60""},{""bid_quantity"":20,""ask_quantity"":40,""bid_orders"":1,""ask_orders"":2,""bid_price"":""516.70"",""ask_price"":""518.65""}]"
09:15:31.745,1790739931745669357,1457674299603504,Full Data,8,887135,340.60,320,09:15:31,,,370.59,395280,21480,65300,307120,"[{""bid_quantity"":40,""ask_quantity"":20,""bid_orders"":1,""ask_orders"":1,""bid_price"":""341.10"",""ask_price"":""341.70""},{""bid_quantity"":120,""ask_quantity"":40,""bid_orders"":3,""ask_orders"":2,""bid_price"":""341.05"",""ask_price"":""341.85""},{""bid_quantity"":120,""ask_quantity"":200,""bid_orders"":3,""ask_orders"":2,""bid_price"":""341.00"",""ask_price"":""342.40""},{""bid_quantity"":60,""ask_quantity"":40,""bid_orders"":1,""ask_orders"":1,""bid_price"":""340.95"",""ask_price"":""342.50""},{""bid_quantity"":200,""ask_quantity"":220,""bid_orders"":2,""ask_orders"":2,""bid_price"":""340.90"",""ask_price"":""343.20""}]"
09:15:31.759,1790739931759224004,1457674313157911,Full Data,8,887306,519.70,20,09:15:31,,,556.42,86200,13860,40660,204460,"[{""bid_quantity"":40,""ask_quantity"":20,""bid_orders"":1,""ask_orders"":1,""bid_price"":""517.85"",""ask_price"":""519.60""},{""bid_quantity"":20,""ask_quantity"":60,""bid_orders"":1,""ask_orders"":2,""bid_price"":""517.80"",""ask_price"":""519.65""},{""bid_quantity"":40,""ask_quantity"":20,""bid_orders"":1,""ask_orders"":1,""bid_price"":""517.75"",""ask_price"":""519.70""},{""bid_quantity"":120,""ask_quantity"":40,""bid_orders"":1,""ask_orders"":1,""bid_price"":""517.60"",""ask_price"":""519.95""},{""bid_quantity"":120,""ask_quantity"":20,""bid_orders"":2,""ask_orders"":1,""bid_price"":""517.55"",""ask_price"":""520.00""}]"
09:15:31.825,1790739931825564593,1457674379499140,Full Data,8,887216,189.00,20,09:15:31,,,163.68,333540,37040,92460,604640,"[{""bid_quantity"":80,""ask_quantity"":160,""bid_orders"":2,""ask_orders"":1,""bid_price"":""188.10"",""ask_price"":""189.10""},{""bid_quantity"":100,""ask_quantity"":100,""bid_orders"":3,""ask_orders"":1,""bid_price"":""188.00"",""ask_price"":""189.20""},{""bid_quantity"":220,""ask_quantity"":40,""bid_orders"":1,""ask_orders"":1,""bid_price"":""187.95"",""ask_price"":""189.25""},{""bid_quantity"":140,""ask_quantity"":160,""bid_orders"":2,""ask_orders"":1,""bid_price"":""187.80"",""ask_price"":""189.30""},{""bid_quantity"":300,""ask_quantity"":160,""bid_orders"":2,""ask_orders"":4,""bid_price"":""187.65"",""ask_price"":""189.35""}]"
09:15:31.839,1790739931839621884,1457674393556191,Full Data,8,887216,188.15,120,09:15:31,,,163.70,333720,37060,92080,604640,"[{""bid_quantity"":20,""ask_quantity"":100,""bid_orders"":1,""ask_orders"":2,""bid_price"":""187.90"",""ask_price"":""188.60""},{""bid_quantity"":40,""ask_quantity"":40,""bid_orders"":1,""ask_orders"":2,""bid_price"":""187.85"",""ask_price"":""188.65""},{""bid_quantity"":20,""ask_quantity"":60,""bid_orders"":1,""ask_orders"":2,""bid_price"":""187.80"",""ask_price"":""188.75""},{""bid_quantity"":160,""ask_quantity"":20,""bid_orders"":2,""ask_orders"":1,""bid_price"":""187.75"",""ask_price"":""188.80""},{""bid_quantity"":20,""ask_quantity"":100,""bid_orders"":1,""ask_orders"":2,""bid_price"":""187.70"",""ask_price"":""188.90""}]"
09:15:31.885,1790739931885236419,1457674439170406,Full Data,8,886528,292.90,20,09:15:31,,,319.24,401060,25180,143720,227080,"[{""bid_quantity"":80,""ask_quantity"":60,""bid_orders"":1,""ask_orders"":2,""bid_price"":""292.55"",""ask_price"":""293.20""},{""bid_quantity"":160,""ask_quantity"":40,""bid_orders"":1,""ask_orders"":2,""bid_price"":""292.50"",""ask_price"":""293.30""},{""bid_quantity"":80,""ask_quantity"":20,""bid_orders"":1,""ask_orders"":1,""bid_price"":""292.45"",""ask_price"":""293.35""},{""bid_quantity"":40,""ask_quantity"":20,""bid_orders"":1,""ask_orders"":1,""bid_price"":""292.15"",""ask_price"":""293.50""},{""bid_quantity"":40,""ask_quantity"":100,""bid_orders"":1,""ask_orders"":1,""bid_price"":""292.10"",""ask_price"":""293.80""}]"
09:15:31.967,1790739931967449711,1457674521383698,Full Data,8,886528,293.85,240,09:15:31,,,319.09,403420,27260,143760,227080,"[{""bid_quantity"":200,""ask_quantity"":40,""bid_orders"":2,""ask_orders"":2,""bid_price"":""292.65"",""ask_price"":""293.50""},{""bid_quantity"":40,""ask_quantity"":20,""bid_orders"":1,""ask_orders"":1,""bid_price"":""292.60"",""ask_price"":""293.65""},{""bid_quantity"":100,""ask_quantity"":80,""bid_orders"":4,""ask_orders"":1,""bid_price"":""292.55"",""ask_price"":""293.75""},{""bid_quantity"":20,""ask_quantity"":20,""bid_orders"":1,""ask_orders"":1,""bid_price"":""292.45"",""ask_price"":""293.80""},{""bid_quantity"":20,""ask_quantity"":20,""bid_orders"":1,""ask_orders"":1,""bid_price"":""292.40"",""ask_price"":""293.85""}]"
09:15:31.991,1790739931991670987,1457674545605174,Full Data,8,887253,658.70,20,09:15:31,,,689.55,15980,10140,32860,68380,"[{""bid_quantity"":80,""ask_quantity"":120,""bid_orders"":2,""ask_orders"":2,""bid_price"":""656.40"",""ask_price"":""660.05""},{""bid_quantity"":20,""ask_quantity"":20,""bid_orders"":1,""ask_orders"":1,""bid_price"":""656.35"",""ask_price"":""660.10""},{""bid_quantity"":40,""ask_quantity"":160,""bid_orders"":1,""ask_orders"":2,""bid_price"":""656.20"",""ask_price"":""660.15""},{""bid_quantity"":20,""ask_quantity"":60,""bid_orders"":1,""ask_orders"":1,""bid_price"":""656.05"",""ask_price"":""660.20""},{""bid_quantity"":40,""ask_quantity"":20,""bid_orders"":1,""ask_orders"":1,""bid_price"":""655.85"",""ask_price"":""660.25""}]"
09:15:32.222,1790739932222596160,1457674776530547,Full Data,8,887355,347.10,60,09:15:32,,,310.74,405120,40320,92780,308440,"[{""bid_quantity"":20,""ask_quantity"":120,""bid_orders"":1,""ask_orders"":2,""bid_price"":""346.75"",""ask_price"":""348.30""},{""bid_quantity"":20,""ask_quantity"":80,""bid_orders"":1,""ask_orders"":2,""bid_price"":""346.70"",""ask_price"":""348.35""},{""bid_quantity"":20,""ask_quantity"":20,""bid_orders"":1,""ask_orders"":1,""bid_price"":""346.65"",""ask_price"":""348.40""},{""bid_quantity"":40,""ask_quantity"":100,""bid_orders"":1,""ask_orders"":2,""bid_price"":""346.55"",""ask_price"":""348.60""},{""bid_quantity"":20,""ask_quantity"":20,""bid_orders"":1,""ask_orders"":1,""bid_price"":""346.50"",""ask_price"":""348.65""}]"
09:15:32.282,1790739932282391227,1457674836325294,Full Data,8,886461,393.20,20,09:15:32,,,430.53,446040,29460,139620,738980,"[{""bid_quantity"":40,""ask_quantity"":280,""bid_orders"":1,""ask_orders"":8,""bid_price"":""393.20"",""ask_price"":""393.45""},{""bid_quantity"":20,""ask_quantity"":40,""bid_orders"":1,""ask_orders"":2,""bid_price"":""392.40"",""ask_price"":""394.05""},{""bid_quantity"":120,""ask_quantity"":100,""bid_orders"":2,""ask_orders"":4,""bid_price"":""391.85"",""ask_price"":""394.10""},{""bid_quantity"":300,""ask_quantity"":60,""bid_orders"":4,""ask_orders"":1,""bid_price"":""391.80"",""ask_price"":""394.35""},{""bid_quantity"":200,""ask_quantity"":220,""bid_orders"":1,""ask_orders"":3,""bid_price"":""391.75"",""ask_price"":""394.50""}]"
09:15:32.299,1790739932299774900,1457674853708887,Ticker Data,0,51,72493.73,,09:15:32,,,,,,,,
09:15:32.352,1790739932352307159,1457674906241186,Full Data,8,887100,402.60,20,09:15:32,,,355.78,277960,17020,68760,254140,"[{""bid_quantity"":20,""ask_quantity"":160,""bid_orders"":1,""ask_orders"":3,""bid_price"":""402.55"",""ask_price"":""403.45""},{""bid_quantity"":20,""ask_quantity"":20,""bid_orders"":1,""ask_orders"":1,""bid_price"":""402.50"",""ask_price"":""403.50""},{""bid_quantity"":20,""ask_quantity"":40,""bid_orders"":1,""ask_orders"":2,""bid_price"":""402.45"",""ask_price"":""403.60""},{""bid_quantity"":20,""ask_quantity"":20,""bid_orders"":1,""ask_orders"":1,""bid_price"":""402.40"",""ask_price"":""403.65""},{""bid_quantity"":40,""ask_quantity"":20,""bid_orders"":2,""ask_orders"":1,""bid_price"":""402.30"",""ask_price"":""403.75""}]"
09:15:32.376,1790739932376504476,1457674930438423,Full Data,8,886540,164.30,40,09:15:32,,,138.61,275640,62560,73160,605280,"[{""bid_quantity"":60,""ask_quantity"":80,""bid_orders"":3,""ask_orders"":2,""bid_price"":""164.30"",""ask_price"":""164.50""},{""bid_quantity"":20,""ask_quantity"":120,""bid_orders"":1,""ask_orders"":2,""bid_price"":""164.25"",""ask_price"":""164.55""},{""bid_quantity"":20,""ask_quantity"":40,""bid_orders"":1,""ask_orders"":1,""bid_price"":""164.20"",""ask_price"":""164.60""},{""bid_quantity"":60,""ask_quantity"":80,""bid_orders"":2,""ask_orders"":2,""bid_price"":""164.15"",""ask_price"":""164.65""},{""bid_quantity"":20,""ask_quantity"":40,""bid_orders"":1,""ask_orders"":1,""bid_price"":""164.10"",""ask_price"":""164.70""}]"
09:15:32.423,1790739932423224458,1457674977158685,Full Data,8,887100,403.25,20,09:15:32,,,355.81,278100,17220,68440,254140,"[{""bid_quantity"":60,""ask_quantity"":100,""bid_orders"":2,""ask_orders"":2,""bid_price"":""403.15"",""ask_price"":""404.40""},{""bid_quantity"":80,""ask_quantity"":100,""bid_orders"":3,""ask_orders"":1,""bid_price"":""403.10"",""ask_price"":""404.45""},{""bid_quantity"":20,""ask_quantity"":120,""bid_orders"":1,""ask_orders"":2,""bid_price"":""403.05"",""ask_price"":""404.50""},{""bid_quantity"":60,""ask_quantity"":60,""bid_orders"":2,""ask_orders"":1,""bid_price"":""403.00"",""ask_price"":""404.55""},{""bid_quantity"":60,""ask_quantity"":20,""bid_orders"":2,""ask_orders"":1,""bid_price"":""402.95"",""ask_price"":""404.90""}]"
09:15:32.462,1790739932462853154,1457675016787101,Full Data,8,887080,447.55,20,09:15:32,,,489.58,195040,16860,69340,212920,"[{""bid_quantity"":100,""ask_quantity"":80,""bid_orders"":3,""ask_orders"":4,""bid_price"":""446.00"",""ask_price"":""446.95""},{""bid_quantity"":100,""ask_quantity"":40,""bid_orders"":2,""ask_orders"":2,""bid_price"":""445.30"",""ask_price"":""447.00""},{""bid_quantity"":140,""ask_quantity"":20,""bid_orders"":3,""ask_orders"":1,""bid_price"":""445.25"",""ask_price"":""447.05""},{""bid_quantity"":100,""ask_quantity"":20,""bid_orders"":3,""ask_orders"":1,""bid_price"":""445.20"",""ask_price"":""447.10""},{""bid_quantity"":80,""ask_quantity"":40,""bid_orders"":1,""ask_orders"":2,""bid_price"":""444.65"",""ask_price"":""447.15""}]"
09:15:32.522,1790739932522565500,1457675076499607,Full Data,8,886620,227.75,20,09:15:32,,,194.80,390040,47660,87140,619000,"[{""bid_quantity"":60,""ask_quantity"":20,""bid_orders"":2,""ask_orders"":1,""bid_price"":""227.65"",""ask_price"":""228.15""},{""bid_quantity"":80,""ask_quantity"":20,""bid_orders"":3,""ask_orders"":1,""bid_price"":""227.60"",""ask_price"":""228.20""},{""bid_quantity"":60,""ask_quantity"":80,""bid_orders"":2,""ask_orders"":2,""bid_price"":""227.55"",""ask_price"":""228.45""},{""bid_quantity"":80,""ask_quantity"":200,""bid_orders"":3,""ask_orders"":7,""bid_price"":""227.50"",""ask_price"":""228.50""},{""bid_quantity"":60,""ask_quantity"":20,""bid_orders"":2,""ask_orders"":1,""bid_price"":""227.45"",""ask_price"":""228.55""}]"
09:15:32.566,1790739932566115662,1457675120049689,Full Data,8,886620,228.10,40,09:15:32,,,194.82,390260,46120,87020,619000,"[{""bid_quantity"":60,""ask_quantity"":180,""bid_orders"":2,""ask_orders"":6,""bid_price"":""228.10"",""ask_price"":""228.50""},{""bid_quantity"":60,""ask_quantity"":60,""bid_orders"":3,""ask_orders"":1,""bid_price"":""228.05"",""ask_price"":""228.65""},{""bid_quantity"":400,""ask_quantity"":100,""bid_orders"":6,""ask_orders"":1,""bid_price"":""228.00"",""ask_price"":""229.15""},{""bid_quantity"":100,""ask_quantity"":20,""bid_orders"":4,""ask_orders"":1,""bid_price"":""227.95"",""ask_price"":""229.50""},{""bid_quantity"":140,""ask_quantity"":60,""bid_orders"":4,""ask_orders"":2,""bid_price"":""227.90"",""ask_price"":""229.85""}]"
09:15:32.566,1790739932566262623,1457675120196330,Full Data,8,886659,585.05,20,09:15:32,,,627.11,41480,13700,24820,139920,"[{""bid_quantity"":120,""ask_quantity"":20,""bid_orders"":2,""ask_orders"":1,""bid_price"":""572.45"",""ask_price"":""575.70""},{""bid_quantity"":20,""ask_quantity"":140,""bid_orders"":1,""ask_orders"":2,""bid_price"":""572.40"",""ask_price"":""575.75""},{""bid_quantity"":80,""ask_quantity"":20,""bid_orders"":1,""ask_orders"":1,""bid_price"":""572.00"",""ask_price"":""575.80""},{""bid_quantity"":80,""ask_quantity"":140,""bid_orders"":1,""ask_orders"":6,""bid_price"":""571.95"",""ask_price"":""575.85""},{""bid_quantity"":60,""ask_quantity"":100,""bid_orders"":2,""ask_orders"":3,""bid_price"":""571.55"",""ask_price"":""575.90""}]"
09:15:32.625,1790739932625133123,1457675179067310,Full Data,8,886685,309.35,40,09:15:32,,,268.31,852000,37700,148720,1113180,"[{""bid_quantity"":100,""ask_quantity"":900,""bid_orders"":4,""ask_orders"":7,""bid_price"":""309.45"",""ask_price"":""310.00""},{""bid_quantity"":140,""ask_quantity"":60,""bid_orders"":3,""ask_orders"":1,""bid_price"":""309.35"",""ask_price"":""310.15""},{""bid_quantity"":200,""ask_quantity"":100,""bid_orders"":4,""ask_orders"":4,""bid_price"":""309.30"",""ask_price"":""310.20""},{""bid_quantity"":120,""ask_quantity"":120,""bid_orders"":2,""ask_orders"":3,""bid_price"":""309.25"",""ask_price"":""310.50""},{""bid_quantity"":60,""ask_quantity"":80,""bid_orders"":2,""ask_orders"":3,""bid_price"":""309.20"",""ask_price"":""310.85""}]"
09:15:32.688,1790739932688603494,1457675242537641,Full Data,8,886659,585.05,20,09:15:32,,,627.11,41480,12440,24880,139920,"[{""bid_quantity"":100,""ask_quantity"":120,""bid_orders"":4,""ask_orders"":3,""bid_price"":""569.55"",""ask_price"":""571.80""},{""bid_quantity"":60,""ask_quantity"":20,""bid_orders"":3,""ask_orders"":1,""bid_price"":""569.50"",""ask_price"":""571.85""},{""bid_quantity"":160,""ask_quantity"":40,""bid_orders"":5,""ask_orders"":2,""bid_price"":""569.45"",""ask_price"":""571.90""},{""bid_quantity"":60,""ask_quantity"":20,""bid_orders"":3,""ask_orders"":1,""bid_price"":""569.40"",""ask_price"":""572.00""},{""bid_quantity"":140,""ask_quantity"":20,""bid_orders"":4,""ask_orders"":1,""bid_price"":""569.35"",""ask_price"":""572.05""}]"
09:15:32.701,1790739932701064414,1457675254998321,Full Data,8,887279,267.45,20,09:15:32,,,227.17,637740,33700,89940,563560,"[{""bid_quantity"":20,""ask_quantity"":60,""bid_orders"":1,""ask_orders"":1,""bid_price"":""267.30"",""ask_price"":""268.25""},{""bid_quantity"":40,""ask_quantity"":100,""bid_orders"":2,""ask_orders"":4,""bid_price"":""267.25"",""ask_price"":""268.30""},{""bid_quantity"":100,""ask_quantity"":180,""bid_orders"":3,""ask_orders"":2,""bid_price"":""267.20"",""ask_price"":""268.50""},{""bid_quantity"":20,""ask_quantity"":40,""bid_orders"":1,""ask_orders"":2,""bid_price"":""267.15"",""ask_price"":""268.55""},{""bid_quantity"":60,""ask_quantity"":140,""bid_orders"":2,""ask_orders"":3,""bid_price"":""267.10"",""ask_price"":""268.60""}]"
09:15:32.795,1790739932795565346,1457675349499613,Full Data,8,887135,328.75,20,09:15:32,,,369.66,406900,24220,62660,307120,"[{""bid_quantity"":160,""ask_quantity"":20,""bid_orders"":1,""ask_orders"":1,""bid_price"":""327.70"",""ask_price"":""328.55""},{""bid_quantity"":20,""ask_quantity"":40,""bid_orders"":1,""ask_orders"":2,""bid_price"":""327.65"",""ask_price"":""328.75""},{""bid_quantity"":160,""ask_quantity"":80,""bid_orders"":1,""ask_orders"":3,""bid_price"":""327.60"",""ask_price"":""328.90""},{""bid_quantity"":160,""ask_quantity"":20,""bid_orders"":1,""ask_orders"":1,""bid_price"":""327.50"",""ask_price"":""328.95""},{""bid_quantity"":20,""ask_quantity"":180,""bid_orders"":1,""ask_orders"":3,""bid_price"":""327.45"",""ask_price"":""329.00""}]"
09:15:32.885,1790739932885460687,1457675439395074,Full Data,8,887216,197.15,20,09:15:32,,,164.53,343280,37820,93660,604640,"[{""bid_quantity"":100,""ask_quantity"":60,""bid_orders"":2,""ask_orders"":2,""bid_price"":""196.20"",""ask_price"":""197.05""},{""bid_quantity"":140,""ask_quantity"":80,""bid_orders"":2,""ask_orders"":2,""bid_price"":""196.15"",""ask_price"":""197.15""},{""bid_quantity"":60,""ask_quantity"":20,""bid_orders"":1,""ask_orders"":1,""bid_price"":""196.10"",""ask_price"":""197.25""},{""bid_quantity"":140,""ask_quantity"":160,""bid_orders"":2,""ask_orders"":3,""bid_price"":""196.05"",""ask_price"":""197.30""},{""bid_quantity"":400,""ask_quantity"":120,""bid_orders"":3,""ask_orders"":2,""bid_price"":""196.00"",""ask_price"":""197.35""}]"
09:15:32.905,1790739932905198774,1457675459132681,Full Data,8,887216,197.20,20,09:15:32,,,164.53,343340,36660,94580,604640,"[{""bid_quantity"":20,""ask_quantity"":40,""bid_orders"":1,""ask_orders"":1,""bid_price"":""197.15"",""ask_price"":""197.90""},{""bid_quantity"":60,""ask_quantity"":40,""bid_orders"":2,""ask_orders"":2,""bid_price"":""197.10"",""ask_price"":""197.95""},{""bid_quantity"":80,""ask_quantity"":300,""bid_orders"":1,""ask_orders"":1,""bid_price"":""196.95"",""ask_price"":""198.00""},{""bid_quantity"":40,""ask_quantity"":40,""bid_orders"":1,""ask_orders"":1,""bid_price"":""196.90"",""ask_price"":""198.05""},{""bid_quantity"":80,""ask_quantity"":40,""bid_orders"":1,""ask_orders"":1,""bid_price"":""196.85"",""ask_price"":""198.10""}]"
09:15:32.979,1790739932979035612,1457675532969639,Full Data,8,886528,282.95,20,09:15:32,,,317.93,417040,25080,143740,227080,"[{""bid_quantity"":40,""ask_quantity"":200,""bid_orders"":1,""ask_orders"":4,""bid_price"":""283.15"",""ask_price"":""284.25""},{""bid_quantity"":80,""ask_quantity"":20,""bid_orders"":1,""ask_orders"":1,""bid_price"":""283.05"",""ask_price"":""284.30""},{""bid_quantity"":200,""ask_quantity"":80,""bid_orders"":1,""ask_orders"":2,""bid_price"":""283.00"",""ask_price"":""284.40""},{""bid_quantity"":160,""ask_quantity"":200,""bid_orders"":1,""ask_orders"":2,""bid_price"":""282.90"",""ask_price"":""284.75""},{""bid_quantity"":40,""ask_quantity"":40,""bid_orders"":2,""ask_orders"":1,""bid_price"":""282.85"",""ask_price"":""284.85""}]"
09:15:33.006,1790739933006466189,1457675560400256,Full Data,8,887253,635.45,40,09:15:32,,,688.74,16260,9680,32300,68380,"[{""bid_quantity"":40,""ask_quantity"":120,""bid_orders"":1,""ask_orders"":1,""bid_price"":""642.65"",""ask_price"":""647.05""},{""bid_quantity"":20,""ask_quantity"":20,""bid_orders"":1,""ask_orders"":1,""bid_price"":""642.50"",""ask_price"":""647.10""},{""bid_quantity"":20,""ask_quantity"":60,""bid_orders"":1,""ask_orders"":1,""bid_price"":""642.05"",""ask_price"":""647.20""},{""bid_quantity"":20,""ask_quantity"":60,""bid_orders"":1,""ask_orders"":1,""bid_price"":""641.60"",""ask_price"":""647.25""},{""bid_quantity"":20,""ask_quantity"":40,""bid_orders"":1,""ask_orders"":1,""bid_price"":""640.60"",""ask_price"":""647.30""}]"
09:15:33.059,1790739933059354331,1457675613288478,Full Data,8,886528,286.10,20,09:15:33,,,317.77,419060,26000,142940,227080,"[{""bid_quantity"":40,""ask_quantity"":20,""bid_orders"":1,""ask_orders"":1,""bid_price"":""285.70"",""ask_price"":""286.55""},{""bid_quantity"":120,""ask_quantity"":160,""bid_orders"":2,""ask_orders"":1,""bid_price"":""285.65"",""ask_price"":""286.80""},{""bid_quantity"":100,""ask_quantity"":100,""bid_orders"":2,""ask_orders"":1,""bid_price"":""285.60"",""ask_price"":""287.00""},{""bid_quantity"":180,""ask_quantity"":100,""bid_orders"":2,""ask_orders"":1,""bid_price"":""285.55"",""ask_price"":""287.25""},{""bid_quantity"":680,""ask_quantity"":60,""bid_orders"":4,""ask_orders"":1,""bid_price"":""285.50"",""ask_price"":""287.70""}]"
09:15:33.077,1790739933077029645,1457675630963552,Full Data,8,887253,647.85,20,09:15:33,,,688.64,16300,9600,34640,68380,"[{""bid_quantity"":320,""ask_quantity"":140,""bid_orders"":3,""ask_orders"":3,""bid_price"":""646.55"",""ask_price"":""651.10""},{""bid_quantity"":160,""ask_quantity"":120,""bid_orders"":1,""ask_orders"":1,""bid_price"":""646.50"",""ask_price"":""651.30""},{""bid_quantity"":60,""ask_quantity"":40,""bid_orders"":1,""ask_orders"":1,""bid_price"":""646.40"",""ask_price"":""652.70""},{""bid_quantity"":40,""ask_quantity"":40,""bid_orders"":1,""ask_orders"":1,""bid_price"":""646.30"",""ask_price"":""654.00""},{""bid_quantity"":80,""ask_quantity"":80,""bid_orders"":2,""ask_orders"":1,""bid_price"":""646.25"",""ask_price"":""654.05""}]"
09:15:33.232,1790739933232254049,1457675786188196,Full Data,8,887355,353.70,20,09:15:33,,,311.53,412760,42280,94540,308440,"[{""bid_quantity"":160,""ask_quantity"":60,""bid_orders"":4,""ask_orders"":2,""bid_price"":""353.90"",""ask_price"":""354.85""},{""bid_quantity"":40,""ask_quantity"":100,""bid_orders"":2,""ask_orders"":1,""bid_price"":""353.85"",""ask_price"":""355.40""},{""bid_quantity"":20,""ask_quantity"":80,""bid_orders"":1,""ask_orders"":3,""bid_price"":""353.80"",""ask_price"":""355.45""},{""bid_quantity"":20,""ask_quantity"":20,""bid_orders"":1,""ask_orders"":1,""bid_price"":""353.75"",""ask_price"":""355.50""},{""bid_quantity"":100,""ask_quantity"":60,""bid_orders"":2,""ask_orders"":1,""bid_price"":""353.70"",""ask_price"":""355.55""}]"
09:15:33.277,1790739933277952065,1457675831886292,Full Data,8,886461,386.35,20,09:15:33,,,429.33,458360,28060,138380,738980,"[{""bid_quantity"":120,""ask_quantity"":20,""bid_orders"":3,""ask_orders"":1,""bid_price"":""384.95"",""ask_price"":""385.90""},{""bid_quantity"":120,""ask_quantity"":100,""bid_orders"":3,""ask_orders"":1,""bid_price"":""384.90"",""ask_price"":""385.95""},{""bid_quantity"":180,""ask_quantity"":20,""bid_orders"":2,""ask_orders"":1,""bid_price"":""384.85"",""ask_price"":""386.00""},{""bid_quantity"":100,""ask_quantity"":40,""bid_orders"":3,""ask_orders"":1,""bid_price"":""384.75"",""ask_price"":""386.05""},{""bid_quantity"":180,""ask_quantity"":40,""bid_orders"":2,""ask_orders"":1,""bid_price"":""384.70"",""ask_price"":""386.10""}]"
09:15:33.310,1790739933310583836,1457675864517823,Ticker Data,0,51,72485.70,,09:15:33,,,,,,,,
09:15:33.328,1790739933328125749,1457675882059736,Full Data,8,886461,387.50,20,09:15:33,,,429.25,459120,27780,139460,738980,"[{""bid_quantity"":160,""ask_quantity"":20,""bid_orders"":1,""ask_orders"":1,""bid_price"":""386.85"",""ask_price"":""387.70""},{""bid_quantity"":20,""ask_quantity"":60,""bid_orders"":1,""ask_orders"":2,""bid_price"":""386.80"",""ask_price"":""388.00""},{""bid_quantity"":160,""ask_quantity"":60,""bid_orders"":1,""ask_orders"":2,""bid_price"":""386.75"",""ask_price"":""388.75""},{""bid_quantity"":180,""ask_quantity"":40,""bid_orders"":2,""ask_orders"":1,""bid_price"":""386.65"",""ask_price"":""388.80""},{""bid_quantity"":120,""ask_quantity"":240,""bid_orders"":3,""ask_orders"":1,""bid_price"":""386.60"",""ask_price"":""388.85""}]"
09:15:33.407,1790739933407564823,1457675961498730,Full Data,8,887100,405.70,40,09:15:33,,,356.83,283820,18780,67280,254140,"[{""bid_quantity"":40,""ask_quantity"":60,""bid_orders"":2,""ask_orders"":2,""bid_price"":""405.15"",""ask_price"":""406.25""},{""bid_quantity"":20,""ask_quantity"":80,""bid_orders"":1,""ask_orders"":1,""bid_price"":""405.10"",""ask_price"":""406.30""},{""bid_quantity"":20,""ask_quantity"":140,""bid_orders"":1,""ask_orders"":3,""bid_price"":""405.00"",""ask_price"":""406.35""},{""bid_quantity"":80,""ask_quantity"":100,""bid_orders"":2,""ask_orders"":4,""bid_price"":""404.95"",""ask_price"":""406.45""},{""bid_quantity"":20,""ask_quantity"":60,""bid_orders"":1,""ask_orders"":2,""bid_price"":""404.80"",""ask_price"":""406.50""}]"
09:15:33.543,1790739933543872664,1457676097806971,Full Data,8,886620,227.40,20,09:15:33,,,195.42,397140,48820,88760,619000,"[{""bid_quantity"":140,""ask_quantity"":40,""bid_orders"":3,""ask_orders"":2,""bid_price"":""227.30"",""ask_price"":""227.95""},{""bid_quantity"":80,""ask_quantity"":40,""bid_orders"":1,""ask_orders"":2,""bid_price"":""227.25"",""ask_price"":""228.05""},{""bid_quantity"":140,""ask_quantity"":20,""bid_orders"":2,""ask_orders"":1,""bid_price"":""227.20"",""ask_price"":""228.15""},{""bid_quantity"":20,""ask_quantity"":60,""bid_orders"":1,""ask_orders"":1,""bid_price"":""227.15"",""ask_price"":""228.30""},{""bid_quantity"":120,""ask_quantity"":20,""bid_orders"":2,""ask_orders"":1,""bid_price"":""227.10"",""ask_price"":""228.35""}]"
09:15:33.622,1790739933622853135,1457676176787922,Full Data,8,886685,306.70,20,09:15:33,,,269.56,878840,40160,154460,1113180,"[{""bid_quantity"":60,""ask_quantity"":20,""bid_orders"":3,""ask_orders"":1,""bid_price"":""306.65"",""ask_price"":""306.70""},{""bid_quantity"":60,""ask_quantity"":160,""bid_orders"":2,""ask_orders"":1,""bid_price"":""306.45"",""ask_price"":""307.40""},{""bid_quantity"":20,""ask_quantity"":40,""bid_orders"":1,""ask_orders"":2,""bid_price"":""306.40"",""ask_price"":""307.45""},{""bid_quantity"":40,""ask_quantity"":80,""bid_orders"":1,""ask_orders"":1,""bid_price"":""306.30"",""ask_price"":""307.50""},{""bid_quantity"":20,""ask_quantity"":20,""bid_orders"":1,""ask_orders"":1,""bid_price"":""306.25"",""ask_price"":""307.55""}]"
09:15:33.720,1790739933720352205,1457676274286392,Full Data,8,887279,265.75,20,09:15:33,,,228.00,651580,37200,92300,563560,"[{""bid_quantity"":200,""ask_quantity"":160,""bid_orders"":2,""ask_orders"":3,""bid_price"":""265.15"",""ask_price"":""265.85""},{""bid_quantity"":40,""ask_quantity"":40,""bid_orders"":1,""ask_orders"":2,""bid_price"":""265.10"",""ask_price"":""265.95""},{""bid_quantity"":80,""ask_quantity"":100,""bid_orders"":3,""ask_orders"":4,""bid_price"":""265.05"",""ask_price"":""266.00""},{""bid_quantity"":40,""ask_quantity"":20,""bid_orders"":1,""ask_orders"":1,""bid_price"":""265.00"",""ask_price"":""266.20""},{""bid_quantity"":280,""ask_quantity"":40,""bid_orders"":3,""ask_orders"":1,""bid_price"":""264.95"",""ask_price"":""266.35""}]"
09:15:33.854,1790739933854657794,1457676408591861,Full Data,8,887135,339.00,20,09:15:33,,,368.40,421540,20780,68460,307120,"[{""bid_quantity"":180,""ask_quantity"":20,""bid_orders"":2,""ask_orders"":1,""bid_price"":""338.95"",""ask_price"":""340.15""},{""bid_quantity"":20,""ask_quantity"":20,""bid_orders"":1,""ask_orders"":1,""bid_price"":""338.90"",""ask_price"":""340.25""},{""bid_quantity"":160,""ask_quantity"":40,""bid_orders"":1,""ask_orders"":1,""bid_price"":""338.85"",""ask_price"":""340.75""},{""bid_quantity"":100,""ask_quantity"":100,""bid_orders"":1,""ask_orders"":1,""bid_price"":""338.80"",""ask_price"":""340.80""},{""bid_quantity"":20,""ask_quantity"":200,""bid_orders"":1,""ask_orders"":1,""bid_price"":""338.70"",""ask_price"":""341.00""}]"
09:15:33.881,1790739933881356286,1457676435290233,Full Data,8,887306,513.50,20,09:15:33,,,554.81,89440,13880,39720,204460,"[{""bid_quantity"":20,""ask_quantity"":20,""bid_orders"":1,""ask_orders"":1,""bid_price"":""513.25"",""ask_price"":""515.70""},{""bid_quantity"":80,""ask_quantity"":20,""bid_orders"":1,""ask_orders"":1,""bid_price"":""513.20"",""ask_price"":""515.75""},{""bid_quantity"":40,""ask_quantity"":160,""bid_orders"":1,""ask_orders"":3,""bid_price"":""513.15"",""ask_price"":""516.00""},{""bid_quantity"":100,""ask_quantity"":40,""bid_orders"":2,""ask_orders"":1,""bid_price"":""513.10"",""ask_price"":""516.10""},{""bid_quantity"":20,""ask_quantity"":160,""bid_orders"":1,""ask_orders"":3,""bid_price"":""513.05"",""ask_price"":""516.20""}]"
09:15:33.943,1790739933943243206,1457676497177113,Full Data,8,887216,191.60,20,09:15:33,,,165.30,352460,40140,92400,604640,"[{""bid_quantity"":200,""ask_quantity"":40,""bid_orders"":1,""ask_orders"":1,""bid_price"":""191.60"",""ask_price"":""192.10""},{""bid_quantity"":40,""ask_quantity"":100,""bid_orders"":1,""ask_orders"":1,""bid_price"":""191.55"",""ask_price"":""192.15""},{""bid_quantity"":40,""ask_quantity"":80,""bid_orders"":1,""ask_orders"":2,""bid_price"":""191.25"",""ask_price"":""192.20""},{""bid_quantity"":80,""ask_quantity"":120,""bid_orders"":1,""ask_orders"":3,""bid_price"":""191.05"",""ask_price"":""192.25""},{""bid_quantity"":100,""ask_quantity"":80,""bid_orders"":1,""ask_orders"":2,""bid_price"":""190.95"",""ask_price"":""192.30""}]"
09:15:33.943,1790739933943357887,1457676497291514,Full Data,8,887135,339.25,20,09:15:33,,,368.29,423100,23000,69300,307120,"[{""bid_quantity"":60,""ask_quantity"":20,""bid_orders"":1,""ask_orders"":1,""bid_price"":""338.65"",""ask_price"":""339.80""},{""bid_quantity"":80,""ask_quantity"":20,""bid_orders"":2,""ask_orders"":1,""bid_price"":""338.60"",""ask_price"":""339.85""},{""bid_quantity"":60,""ask_quantity"":160,""bid_orders"":1,""ask_orders"":2,""bid_price"":""338.55"",""ask_price"":""339.90""},{""bid_quantity"":60,""ask_quantity"":20,""bid_orders"":1,""ask_orders"":1,""bid_price"":""338.50"",""ask_price"":""339.95""},{""bid_quantity"":1140,""ask_quantity"":80,""bid_orders"":6,""ask_orders"":1,""bid_price"":""338.45"",""ask_price"":""340.05""}]"
09:15:33.962,1790739933962393090,1457676516327077,Full Data,8,887216,192.15,100,09:15:33,,,165.33,352860,39880,91820,604640,"[{""bid_quantity"":20,""ask_quantity"":60,""bid_orders"":1,""ask_orders"":2,""bid_price"":""191.65"",""ask_price"":""192.20""},{""bid_quantity"":40,""ask_quantity"":60,""bid_orders"":1,""ask_orders"":2,""bid_price"":""191.45"",""ask_price"":""192.25""},{""bid_quantity"":40,""ask_quantity"":100,""bid_orders"":1,""ask_orders"":1,""bid_price"":""191.25"",""ask_price"":""192.30""},{""bid_quantity"":100,""ask_quantity"":20,""bid_orders"":1,""ask_orders"":1,""bid_price"":""191.20"",""ask_price"":""192.35""},{""bid_quantity"":40,""ask_quantity"":180,""bid_orders"":1,""ask_orders"":2,""bid_price"":""191.15"",""ask_price"":""192.40""}]"
09:15:34.065,1790739934065145635,1457676619079822,Full Data,8,886528,288.30,20,09:15:34,,,316.87,431980,25820,142260,227080,"[{""bid_quantity"":40,""ask_quantity"":20,""bid_orders"":1,""ask_orders"":1,""bid_price"":""287.75"",""ask_price"":""288.55""},{""bid_quantity"":20,""ask_quantity"":20,""bid_orders"":1,""ask_orders"":1,""bid_price"":""287.70"",""ask_price"":""288.60""},{""bid_quantity"":20,""ask_quantity"":80,""bid_orders"":1,""ask_orders"":3,""bid_price"":""287.55"",""ask_price"":""288.70""},{""bid_quantity"":20,""ask_quantity"":40,""bid_orders"":1,""ask_orders"":2,""bid_price"":""287.40"",""ask_price"":""288.80""},{""bid_quantity"":160,""ask_quantity"":100,""bid_orders"":1,""ask_orders"":1,""bid_price"":""287.25"",""ask_price"":""289.00""}]"
09:15:34.094,1790739934094216143,1457676648150410,Full Data,8,887253,650.75,20,09:15:34,,,688.17,16500,9380,33000,68380,"[{""bid_quantity"":20,""ask_quantity"":100,""bid_orders"":1,""ask_orders"":1,""bid_price"":""649.85"",""ask_price"":""653.40""},{""bid_quantity"":40,""ask_quantity"":120,""bid_orders"":1,""ask_orders"":1,""bid_price"":""649.25"",""ask_price"":""653.45""},{""bid_quantity"":80,""ask_quantity"":40,""bid_orders"":1,""ask_orders"":1,""bid_price"":""649.20"",""ask_price"":""653.70""},{""bid_quantity"":120,""ask_quantity"":20,""bid_orders"":1,""ask_orders"":1,""bid_price"":""649.15"",""ask_price"":""653.75""},{""bid_quantity"":20,""ask_quantity"":80,""bid_orders"":1,""ask_orders"":1,""bid_price"":""649.10"",""ask_price"":""654.30""}]"
09:15:34.155,1790739934155421978,1457676709355965,Full Data,8,886528,285.75,20,09:15:34,,,316.74,434020,25600,141980,227080,"[{""bid_quantity"":40,""ask_quantity"":20,""bid_orders"":1,""ask_orders"":1,""bid_price"":""284.90"",""ask_price"":""285.45""},{""bid_quantity"":40,""ask_quantity"":40,""bid_orders"":1,""ask_orders"":2,""bid_price"":""284.80"",""ask_price"":""285.60""},{""bid_quantity"":100,""ask_quantity"":40,""bid_orders"":4,""ask_orders"":1,""bid_price"":""284.75"",""ask_price"":""285.85""},{""bid_quantity"":80,""ask_quantity"":80,""bid_orders"":2,""ask_orders"":1,""bid_price"":""284.70"",""ask_price"":""286.20""},{""bid_quantity"":140,""ask_quantity"":20,""bid_orders"":3,""ask_orders"":1,""bid_price"":""284.60"",""ask_price"":""286.25""}]"
09:15:34.172,1790739934172374648,1457676726308595,Full Data,8,887253,650.75,20,09:15:34,,,688.17,16500,9780,31440,68380,"[{""bid_quantity"":60,""ask_quantity"":20,""bid_orders"":2,""ask_orders"":1,""bid_price"":""645.70"",""ask_price"":""648.55""},{""bid_quantity"":20,""ask_quantity"":60,""bid_orders"":1,""ask_orders"":1,""bid_price"":""645.65"",""ask_price"":""648.60""},{""bid_quantity"":20,""ask_quantity"":20,""bid_orders"":1,""ask_orders"":1,""bid_price"":""645.60"",""ask_price"":""648.65""},{""bid_quantity"":40,""ask_quantity"":60,""bid_orders"":1,""ask_orders"":1,""bid_price"":""645.50"",""ask_price"":""648.70""},{""bid_quantity"":100,""ask_quantity"":60,""bid_orders"":2,""ask_orders"":1,""bid_price"":""645.45"",""ask_price"":""648.80""}]"
09:15:34.232,1790739934232684798,1457676786618985,Full Data,8,887355,352.90,80,09:15:34,,,312.68,424980,41600,94800,308440,"[{""bid_quantity"":40,""ask_quantity"":140,""bid_orders"":1,""ask_orders"":3,""bid_price"":""351.90"",""ask_price"":""352.90""},{""bid_quantity"":40,""ask_quantity"":40,""bid_orders"":1,""ask_orders"":2,""bid_price"":""351.70"",""ask_price"":""352.95""},{""bid_quantity"":120,""ask_quantity"":100,""bid_orders"":2,""ask_orders"":2,""bid_price"":""351.65"",""ask_price"":""353.00""},{""bid_quantity"":60,""ask_quantity"":60,""bid_orders"":2,""ask_orders"":2,""bid_price"":""351.50"",""ask_price"":""353.05""},{""bid_quantity"":40,""ask_quantity"":40,""bid_orders"":1,""ask_orders"":2,""bid_price"":""351.45"",""ask_price"":""353.15""}]"
09:15:34.303,1790739934303634537,1457676857568724,Ticker Data,0,51,72479.89,,09:15:34,,,,,,,,
09:15:34.334,1790739934334975819,1457676888909846,Full Data,8,886461,390.25,20,09:15:34,,,428.17,472540,28360,139580,738980,"[{""bid_quantity"":20,""ask_quantity"":40,""bid_orders"":1,""ask_orders"":2,""bid_price"":""390.20"",""ask_price"":""391.35""},{""bid_quantity"":40,""ask_quantity"":40,""bid_orders"":2,""ask_orders"":2,""bid_price"":""390.15"",""ask_price"":""391.40""},{""bid_quantity"":20,""ask_quantity"":60,""bid_orders"":1,""ask_orders"":2,""bid_price"":""390.10"",""ask_price"":""391.45""},{""bid_quantity"":20,""ask_quantity"":160,""bid_orders"":1,""ask_orders"":1,""bid_price"":""390.05"",""ask_price"":""391.50""},{""bid_quantity"":180,""ask_quantity"":40,""bid_orders"":2,""ask_orders"":2,""bid_price"":""390.00"",""ask_price"":""391.55""}]"
09:15:34.390,1790739934390421298,1457676944355285,Full Data,8,886461,389.80,20,09:15:34,,,428.15,472760,29220,138040,738980,"[{""bid_quantity"":20,""ask_quantity"":40,""bid_orders"":1,""ask_orders"":1,""bid_price"":""388.55"",""ask_price"":""389.80""},{""bid_quantity"":20,""ask_quantity"":80,""bid_orders"":1,""ask_orders"":4,""bid_price"":""388.45"",""ask_price"":""389.85""},{""bid_quantity"":20,""ask_quantity"":60,""bid_orders"":1,""ask_orders"":3,""bid_price"":""388.40"",""ask_price"":""389.90""},{""bid_quantity"":20,""ask_quantity"":40,""bid_orders"":1,""ask_orders"":2,""bid_price"":""388.35"",""ask_price"":""389.95""},{""bid_quantity"":100,""ask_quantity"":80,""bid_orders"":2,""ask_orders"":3,""bid_price"":""388.30"",""ask_price"":""390.00""}]"
09:15:34.465,1790739934465491183,1457677019425490,Full Data,8,887100,402.00,20,09:15:34,,,357.69,289520,18040,70700,254140,"[{""bid_quantity"":20,""ask_quantity"":20,""bid_orders"":1,""ask_orders"":1,""bid_price"":""401.10"",""ask_price"":""402.05""},{""bid_quantity"":100,""ask_quantity"":20,""bid_orders"":2,""ask_orders"":1,""bid_price"":""401.05"",""ask_price"":""402.10""},{""bid_quantity"":40,""ask_quantity"":20,""bid_orders"":2,""ask_orders"":1,""bid_price"":""401.00"",""ask_price"":""402.15""},{""bid_quantity"":100,""ask_quantity"":20,""bid_orders"":2,""ask_orders"":1,""bid_price"":""400.90"",""ask_price"":""402.20""},{""bid_quantity"":40,""ask_quantity"":20,""bid_orders"":2,""ask_orders"":1,""bid_price"":""400.85"",""ask_price"":""402.30""}]"
09:15:34.485,1790739934485759394,1457677039693381,Full Data,8,886540,164.75,20,09:15:34,,,140.20,293400,65740,71960,605280,"[{""bid_quantity"":100,""ask_quantity"":20,""bid_orders"":2,""ask_orders"":1,""bid_price"":""163.95"",""ask_price"":""164.40""},{""bid_quantity"":140,""ask_quantity"":20,""bid_orders"":4,""ask_orders"":1,""bid_price"":""163.90"",""ask_price"":""164.45""},{""bid_quantity"":100,""ask_quantity"":20,""bid_orders"":2,""ask_orders"":1,""bid_price"":""163.85"",""ask_price"":""164.50""},{""bid_quantity"":60,""ask_quantity"":20,""bid_orders"":2,""ask_orders"":1,""bid_price"":""163.80"",""ask_price"":""164.55""},{""bid_quantity"":20,""ask_quantity"":180,""bid_orders"":1,""ask_orders"":2,""bid_price"":""163.75"",""ask_price"":""164.60""}]"
09:15:34.542,1790739934542886204,1457677096820391,Full Data,8,886620,226.35,20,09:15:34,,,196.11,406480,48440,87920,619000,"[{""bid_quantity"":100,""ask_quantity"":60,""bid_orders"":3,""ask_orders"":2,""bid_price"":""226.40"",""ask_price"":""227.10""},{""bid_quantity"":40,""ask_quantity"":20,""bid_orders"":1,""ask_orders"":1,""bid_price"":""226.35"",""ask_price"":""227.15""},{""bid_quantity"":160,""ask_quantity"":80,""bid_orders"":3,""ask_orders"":2,""bid_price"":""226.25"",""ask_price"":""227.20""},{""bid_quantity"":60,""ask_quantity"":220,""bid_orders"":1,""ask_orders"":2,""bid_price"":""226.15"",""ask_price"":""227.25""},{""bid_quantity"":140,""ask_quantity"":80,""bid_orders"":2,""ask_orders"":4,""bid_price"":""226.05"",""ask_price"":""227.30""}]"
09:15:34.566,1790739934566615517,1457677120549544,Full Data,8,887100,402.95,20,09:15:34,,,357.75,289940,17860,70480,254140,"[{""bid_quantity"":60,""ask_quantity"":220,""bid_orders"":3,""ask_orders"":2,""bid_price"":""401.90"",""ask_price"":""403.00""},{""bid_quantity"":60,""ask_quantity"":20,""bid_orders"":2,""ask_orders"":1,""bid_price"":""401.85"",""ask_price"":""403.05""},{""bid_quantity"":60,""ask_quantity"":20,""bid_orders"":3,""ask_orders"":1,""bid_price"":""401.80"",""ask_price"":""403.10""},{""bid_quantity"":20,""ask_quantity"":100,""bid_orders"":1,""ask_orders"":3,""bid_price"":""401.75"",""ask_price"":""403.15""},{""bid_quantity"":40,""ask_quantity"":20,""bid_orders"":2,""ask_orders"":1,""bid_price"":""401.70"",""ask_price"":""403.20""}]"
09:15:34.593,1790739934593050168,1457677146984195,Full Data,8,886540,165.10,20,09:15:34,,,140.22,293580,64500,73020,605280,"[{""bid_quantity"":40,""ask_quantity"":120,""bid_orders"":1,""ask_orders"":2,""bid_price"":""164.45"",""ask_price"":""164.90""},{""bid_quantity"":180,""ask_quantity"":20,""bid_orders"":6,""ask_orders"":1,""bid_price"":""164.40"",""ask_price"":""164.95""},{""bid_quantity"":60,""ask_quantity"":20,""bid_orders"":2,""ask_orders"":1,""bid_price"":""164.35"",""ask_price"":""165.00""},{""bid_quantity"":20,""ask_quantity"":140,""bid_orders"":1,""ask_orders"":3,""bid_price"":""164.30"",""ask_price"":""165.05""},{""bid_quantity"":60,""ask_quantity"":160,""bid_orders"":3,""ask_orders"":2,""bid_price"":""164.25"",""ask_price"":""165.10""}]"
09:15:34.605,1790739934605526609,1457677159460556,Full Data,8,887080,445.90,20,09:15:34,,,487.69,203960,17740,69840,212920,"[{""bid_quantity"":40,""ask_quantity"":100,""bid_orders"":2,""ask_orders"":4,""bid_price"":""445.95"",""ask_price"":""447.05""},{""bid_quantity"":80,""ask_quantity"":80,""bid_orders"":4,""ask_orders"":3,""bid_price"":""445.80"",""ask_price"":""447.15""},{""bid_quantity"":40,""ask_quantity"":60,""bid_orders"":2,""ask_orders"":2,""bid_price"":""445.70"",""ask_price"":""447.25""},{""bid_quantity"":60,""ask_quantity"":80,""bid_orders"":3,""ask_orders"":3,""bid_price"":""445.65"",""ask_price"":""447.30""},{""bid_quantity"":120,""ask_quantity"":120,""bid_orders"":2,""ask_orders"":3,""bid_price"":""445.60"",""ask_price"":""447.35""}]"
09:15:34.626,1790739934626113302,1457677180047209,Full Data,8,886620,226.35,20,09:15:34,,,196.11,406480,49000,87880,619000,"[{""bid_quantity"":20,""ask_quantity"":60,""bid_orders"":1,""ask_orders"":3,""bid_price"":""226.50"",""ask_price"":""227.00""},{""bid_quantity"":80,""ask_quantity"":240,""bid_orders"":1,""ask_orders"":3,""bid_price"":""226.25"",""ask_price"":""227.05""},{""bid_quantity"":40,""ask_quantity"":20,""bid_orders"":2,""ask_orders"":1,""bid_price"":""226.20"",""ask_price"":""227.10""},{""bid_quantity"":80,""ask_quantity"":20,""bid_orders"":2,""ask_orders"":1,""bid_price"":""226.15"",""ask_price"":""227.15""},{""bid_quantity"":80,""ask_quantity"":80,""bid_orders"":1,""ask_orders"":2,""bid_price"":""226.10"",""ask_price"":""227.20""}]"
09:15:34.666,1790739934666054120,1457677219988067,Full Data,8,886685,306.00,20,09:15:34,,,270.65,907500,39540,159840,1113180,"[{""bid_quantity"":40,""ask_quantity"":20,""bid_orders"":1,""ask_orders"":1,""bid_price"":""305.45"",""ask_price"":""306.15""},{""bid_quantity"":180,""ask_quantity"":40,""bid_orders"":2,""ask_orders"":2,""bid_price"":""305.40"",""ask_price"":""306.20""},{""bid_quantity"":20,""ask_quantity"":220,""bid_orders"":1,""ask_orders"":2,""bid_price"":""305.35"",""ask_price"":""306.25""},{""bid_quantity"":20,""ask_quantity"":160,""bid_orders"":1,""ask_orders"":1,""bid_price"":""305.30"",""ask_price"":""306.30""},{""bid_quantity"":20,""ask_quantity"":20,""bid_orders"":1,""ask_orders"":1,""bid_price"":""305.25"",""ask_price"":""306.35""}]"
09:15:34.739,1790739934739167673,1457677293101980,Full Data,8,887080,447.05,20,09:15:34,,,487.67,204060,17400,70220,212920,"[{""bid_quantity"":120,""ask_quantity"":20,""bid_orders"":3,""ask_orders"":1,""bid_price"":""446.35"",""ask_price"":""447.05""},{""bid_quantity"":40,""ask_quantity"":120,""bid_orders"":2,""ask_orders"":4,""bid_price"":""446.30"",""ask_price"":""447.55""},{""bid_quantity"":100,""ask_quantity"":60,""bid_orders"":2,""ask_orders"":2,""bid_price"":""446.25"",""ask_price"":""447.70""},{""bid_quantity"":40,""ask_quantity"":60,""bid_orders"":2,""ask_orders"":2,""bid_price"":""446.20"",""ask_price"":""447.75""},{""bid_quantity"":60,""ask_quantity"":160,""bid_orders"":3,""ask_orders"":3,""bid_price"":""446.10"",""ask_price"":""447.80""}]"
09:15:34.796,1790739934796860326,1457677350794633,Full Data,8,886659,576.35,20,09:15:34,,,624.80,43500,13100,27900,139920,"[{""bid_quantity"":40,""ask_quantity"":60,""bid_orders"":2,""ask_orders"":1,""bid_price"":""577.35"",""ask_price"":""578.40""},{""bid_quantity"":80,""ask_quantity"":140,""bid_orders"":3,""ask_orders"":2,""bid_price"":""577.30"",""ask_price"":""579.00""},{""bid_quantity"":40,""ask_quantity"":180,""bid_orders"":2,""ask_orders"":3,""bid_price"":""577.25"",""ask_price"":""579.60""},{""bid_quantity"":40,""ask_quantity"":40,""bid_orders"":2,""ask_orders"":1,""bid_price"":""577.20"",""ask_price"":""579.75""},{""bid_quantity"":40,""ask_quantity"":140,""bid_orders"":2,""ask_orders"":2,""bid_price"":""577.15"",""ask_price"":""579.80""}]"
09:15:34.816,1790739934816040450,1457677369974477,Full Data,8,886659,580.60,20,09:15:34,,,624.70,43600,14800,30000,139920,"[{""bid_quantity"":40,""ask_quantity"":80,""bid_orders"":2,""ask_orders"":1,""bid_price"":""578.20"",""ask_price"":""580.45""},{""bid_quantity"":140,""ask_quantity"":20,""bid_orders"":3,""ask_orders"":1,""bid_price"":""578.00"",""ask_price"":""580.50""},{""bid_quantity"":40,""ask_quantity"":120,""bid_orders"":2,""ask_orders"":2,""bid_price"":""577.65"",""ask_price"":""580.55""},{""bid_quantity"":140,""ask_quantity"":40,""bid_orders"":3,""ask_orders"":2,""bid_price"":""577.60"",""ask_price"":""580.60""},{""bid_quantity"":20,""ask_quantity"":120,""bid_orders"":1,""ask_orders"":2,""bid_price"":""577.55"",""ask_price"":""580.65""}]"
09:15:34.869,1790739934869330954,1457677423265101,Full Data,8,887306,513.70,20,09:15:34,,,554.22,90700,15460,42540,204460,"[{""bid_quantity"":40,""ask_quantity"":120,""bid_orders"":2,""ask_orders"":2,""bid_price"":""512.50"",""ask_price"":""514.25""},{""bid_quantity"":20,""ask_quantity"":40,""bid_orders"":1,""ask_orders"":2,""bid_price"":""512.35"",""ask_price"":""514.30""},{""bid_quantity"":20,""ask_quantity"":40,""bid_orders"":1,""ask_orders"":2,""bid_price"":""512.30"",""ask_price"":""514.50""},{""bid_quantity"":40,""ask_quantity"":80,""bid_orders"":2,""ask_orders"":1,""bid_price"":""512.25"",""ask_price"":""514.55""},{""bid_quantity"":20,""ask_quantity"":100,""bid_orders"":1,""ask_orders"":1,""bid_price"":""512.20"",""ask_price"":""514.60""}]"
09:15:35.001,1790739935001523769,1457677555458116,Full Data,8,887216,192.40,100,09:15:34,,,165.93,360620,40300,96860,604640,"[{""bid_quantity"":100,""ask_quantity"":60,""bid_orders"":2,""ask_orders"":2,""bid_price"":""191.60"",""ask_price"":""192.25""},{""bid_quantity"":200,""ask_quantity"":40,""bid_orders"":4,""ask_orders"":1,""bid_price"":""191.55"",""ask_price"":""192.35""},{""bid_quantity"":180,""ask_quantity"":140,""bid_orders"":2,""ask_orders"":2,""bid_price"":""191.50"",""ask_price"":""192.40""},{""bid_quantity"":20,""ask_quantity"":100,""bid_orders"":1,""ask_orders"":1,""bid_price"":""191.45"",""ask_price"":""192.45""},{""bid_quantity"":120,""ask_quantity"":60,""bid_orders"":1,""ask_orders"":2,""bid_price"":""191.40"",""ask_price"":""192.50""}]"
09:15:35.001,1790739935001682650,1457677555616277,Full Data,8,887135,338.65,20,09:15:34,,,367.27,437420,23000,71720,307120,"[{""bid_quantity"":40,""ask_quantity"":40,""bid_orders"":1,""ask_orders"":2,""bid_price"":""338.45"",""ask_price"":""339.60""},{""bid_quantity"":100,""ask_quantity"":40,""bid_orders"":2,""ask_orders"":1,""bid_price"":""338.40"",""ask_price"":""339.65""},{""bid_quantity"":260,""ask_quantity"":120,""bid_orders"":5,""ask_orders"":2,""bid_price"":""338.35"",""ask_price"":""339.80""},{""bid_quantity"":160,""ask_quantity"":20,""bid_orders"":1,""ask_orders"":1,""bid_price"":""338.30"",""ask_price"":""339.95""},{""bid_quantity"":680,""ask_quantity"":100,""bid_orders"":5,""ask_orders"":1,""bid_price"":""338.25"",""ask_price"":""340.00""}]"
09:15:35.027,1790739935027674578,1457677581608525,Full Data,8,887216,192.05,80,09:15:34,,,165.97,361280,40080,95100,604640,"[{""bid_quantity"":60,""ask_quantity"":160,""bid_orders"":2,""ask_orders"":1,""bid_price"":""192.10"",""ask_price"":""192.65""},{""bid_quantity"":120,""ask_quantity"":40,""bid_orders"":2,""ask_orders"":1,""bid_price"":""192.05"",""ask_price"":""192.80""},{""bid_quantity"":40,""ask_quantity"":60,""bid_orders"":1,""ask_orders"":1,""bid_price"":""192.00"",""ask_price"":""193.00""},{""bid_quantity"":160,""ask_quantity"":20,""bid_orders"":1,""ask_orders"":1,""bid_price"":""191.95"",""ask_price"":""193.30""},{""bid_quantity"":160,""ask_quantity"":120,""bid_orders"":1,""ask_orders"":2,""bid_price"":""191.90"",""ask_price"":""193.35""}]"
09:15:35.162,1790739935162540250,1457677716474477,Full Data,8,886528,282.40,20,09:15:35,,,316.31,440160,24780,142300,227080,"[{""bid_quantity"":40,""ask_quantity"":60,""bid_orders"":2,""ask_orders"":2,""bid_price"":""281.90"",""ask_price"":""283.25""},{""bid_quantity"":260,""ask_quantity"":60,""bid_orders"":2,""ask_orders"":2,""bid_price"":""281.85"",""ask_price"":""283.30""},{""bid_quantity"":120,""ask_quantity"":80,""bid_orders"":1,""ask_orders"":1,""bid_price"":""281.80"",""ask_price"":""283.35""},{""bid_quantity"":20,""ask_quantity"":160,""bid_orders"":1,""ask_orders"":1,""bid_price"":""281.75"",""ask_price"":""283.40""},{""bid_quantity"":120,""ask_quantity"":60,""bid_orders"":1,""ask_orders"":1,""bid_price"":""281.70"",""ask_price"":""283.75""}]"
09:15:35.269,1790739935269759983,1457677823694330,Full Data,8,886528,282.90,20,09:15:35,,,316.28,440640,24300,142180,227080,"[{""bid_quantity"":40,""ask_quantity"":40,""bid_orders"":1,""ask_orders"":2,""bid_price"":""282.50"",""ask_price"":""283.25""},{""bid_quantity"":20,""ask_quantity"":60,""bid_orders"":1,""ask_orders"":2,""bid_price"":""282.45"",""ask_price"":""283.40""},{""bid_quantity"":40,""ask_quantity"":40,""bid_orders"":2,""ask_orders"":2,""bid_price"":""282.40"",""ask_price"":""283.70""},{""bid_quantity"":80,""ask_quantity"":100,""bid_orders"":2,""ask_orders"":1,""bid_price"":""282.35"",""ask_price"":""284.00""},{""bid_quantity"":40,""ask_quantity"":20,""bid_orders"":1,""ask_orders"":1,""bid_price"":""282.25"",""ask_price"":""284.10""}]"
09:15:35.302,1790739935302122713,1457677856056940,Ticker Data,0,51,72472.96,,09:15:35,,,,,,,,
09:15:35.407,1790739935407804676,1457677961739103,Full Data,8,886461,383.80,20,09:15:35,,,427.32,482660,29900,141880,738980,"[{""bid_quantity"":20,""ask_quantity"":40,""bid_orders"":1,""ask_orders"":1,""bid_price"":""382.60"",""ask_price"":""383.70""},{""bid_quantity"":40,""ask_quantity"":60,""bid_orders"":2,""ask_orders"":3,""bid_price"":""382.55"",""ask_price"":""383.75""},{""bid_quantity"":200,""ask_quantity"":100,""bid_orders"":3,""ask_orders"":3,""bid_price"":""382.50"",""ask_price"":""383.80""},{""bid_quantity"":20,""ask_quantity"":40,""bid_orders"":1,""ask_orders"":2,""bid_price"":""382.45"",""ask_price"":""383.85""},{""bid_quantity"":220,""ask_quantity"":100,""bid_orders"":3,""ask_orders"":4,""bid_price"":""382.40"",""ask_price"":""383.90""}]"
09:15:35.442,1790739935442898543,1457677996832530,Full Data,8,886461,383.95,80,09:15:35,,,427.28,483140,29740,141020,738980,"[{""bid_quantity"":20,""ask_quantity"":40,""bid_orders"":1,""ask_orders"":1,""bid_price"":""382.80"",""ask_price"":""383.90""},{""bid_quantity"":20,""ask_quantity"":100,""bid_orders"":1,""ask_orders"":5,""bid_price"":""382.75"",""ask_price"":""383.95""},{""bid_quantity"":40,""ask_quantity"":200,""bid_orders"":2,""ask_orders"":5,""bid_price"":""382.70"",""ask_price"":""384.00""},{""bid_quantity"":20,""ask_quantity"":20,""bid_orders"":1,""ask_orders"":1,""bid_price"":""382.65"",""ask_price"":""384.15""},{""bid_quantity"":40,""ask_quantity"":60,""bid_orders"":2,""ask_orders"":2,""bid_price"":""382.60"",""ask_price"":""384.20""}]"
09:15:35.517,1790739935517330264,1457678071264531,Full Data,8,887100,408.55,20,09:15:35,,,358.74,296300,17240,70000,254140,"[{""bid_quantity"":80,""ask_quantity"":20,""bid_orders"":1,""ask_orders"":1,""bid_price"":""408.30"",""ask_price"":""409.45""},{""bid_quantity"":60,""ask_quantity"":40,""bid_orders"":1,""ask_orders"":2,""bid_price"":""408.25"",""ask_price"":""409.55""},{""bid_quantity"":20,""ask_quantity"":20,""bid_orders"":1,""ask_orders"":1,""bid_price"":""408.20"",""ask_price"":""409.60""},{""bid_quantity"":20,""ask_quantity"":40,""bid_orders"":1,""ask_orders"":2,""bid_price"":""408.10"",""ask_price"":""409.65""},{""bid_quantity"":20,""ask_quantity"":20,""bid_orders"":1,""ask_orders"":1,""bid_price"":""408.05"",""ask_price"":""409.75""}]"
09:15:35.547,1790739935547633460,1457678101567527,Full Data,8,886540,166.80,20,09:15:35,,,140.55,297600,63480,73680,605280,"[{""bid_quantity"":160,""ask_quantity"":60,""bid_orders"":4,""ask_orders"":1,""bid_price"":""166.85"",""ask_price"":""167.45""},{""bid_quantity"":60,""ask_quantity"":240,""bid_orders"":3,""ask_orders"":5,""bid_price"":""166.80"",""ask_price"":""167.50""},{""bid_quantity"":20,""ask_quantity"":60,""bid_orders"":1,""ask_orders"":1,""bid_price"":""166.75"",""ask_price"":""167.55""},{""bid_quantity"":20,""ask_quantity"":40,""bid_orders"":1,""ask_orders"":1,""bid_price"":""166.65"",""ask_price"":""167.60""},{""bid_quantity"":240,""ask_quantity"":60,""bid_orders"":1,""ask_orders"":3,""bid_price"":""166.55"",""ask_price"":""167.65""}]"
09:15:35.599,1790739935599640996,1457678153575183,Full Data,8,886620,231.90,100,09:15:35,,,196.88,416780,50820,111300,619000,"[{""bid_quantity"":160,""ask_quantity"":220,""bid_orders"":2,""ask_orders"":4,""bid_price"":""230.70"",""ask_price"":""231.70""},{""bid_quantity"":100,""ask_quantity"":80,""bid_orders"":2,""ask_orders"":1,""bid_price"":""230.65"",""ask_price"":""231.75""},{""bid_quantity"":40,""ask_quantity"":100,""bid_orders"":1,""ask_orders"":2,""bid_price"":""230.60"",""ask_price"":""231.80""},{""bid_quantity"":20,""ask_quantity"":160,""bid_orders"":1,""ask_orders"":6,""bid_price"":""230.55"",""ask_price"":""231.85""},{""bid_quantity"":60,""ask_quantity"":120,""bid_orders"":2,""ask_orders"":1,""bid_price"":""230.45"",""ask_price"":""231.90""}]"
09:15:35.642,1790739935642619634,1457678196553581,Full Data,8,886620,231.90,100,09:15:35,,,196.88,416780,50840,110860,619000,"[{""bid_quantity"":100,""ask_quantity"":200,""bid_orders"":2,""ask_orders"":7,""bid_price"":""230.45"",""ask_price"":""231.35""},{""bid_quantity"":80,""ask_quantity"":20,""bid_orders"":2,""ask_orders"":1,""bid_price"":""230.40"",""ask_price"":""231.40""},{""bid_quantity"":20,""ask_quantity"":60,""bid_orders"":1,""ask_orders"":2,""bid_price"":""230.35"",""ask_price"":""231.45""},{""bid_quantity"":20,""ask_quantity"":20,""bid_orders"":1,""ask_orders"":1,""bid_price"":""230.30"",""ask_price"":""231.50""},{""bid_quantity"":40,""ask_quantity"":60,""bid_orders"":2,""ask_orders"":1,""bid_price"":""230.20"",""ask_price"":""231.85""}]"
09:15:35.651,1790739935651680093,1457678205614040,Full Data,8,886685,310.80,20,09:15:35,,,271.45,927600,39120,156860,1113180,"[{""bid_quantity"":40,""ask_quantity"":200,""bid_orders"":2,""ask_orders"":2,""bid_price"":""310.45"",""ask_price"":""311.35""},{""bid_quantity"":20,""ask_quantity"":100,""bid_orders"":1,""ask_orders"":3,""bid_price"":""310.30"",""ask_price"":""311.40""},{""bid_quantity"":20,""ask_quantity"":160,""bid_orders"":1,""ask_orders"":1,""bid_price"":""310.25"",""ask_price"":""311.45""},{""bid_quantity"":40,""ask_quantity"":40,""bid_orders"":2,""ask_orders"":2,""bid_price"":""310.20"",""ask_price"":""311.50""},{""bid_quantity"":40,""ask_quantity"":20,""bid_orders"":2,""ask_orders"":1,""bid_price"":""310.05"",""ask_price"":""311.55""}]"
09:15:35.672,1790739935672445507,1457678226379614,Full Data,8,887100,408.40,40,09:15:35,,,358.79,296600,17700,69720,254140,"[{""bid_quantity"":80,""ask_quantity"":20,""bid_orders"":3,""ask_orders"":1,""bid_price"":""408.30"",""ask_price"":""409.30""},{""bid_quantity"":40,""ask_quantity"":100,""bid_orders"":2,""ask_orders"":2,""bid_price"":""408.10"",""ask_price"":""409.35""},{""bid_quantity"":80,""ask_quantity"":20,""bid_orders"":3,""ask_orders"":1,""bid_price"":""408.05"",""ask_price"":""409.40""},{""bid_quantity"":100,""ask_quantity"":100,""bid_orders"":1,""ask_orders"":2,""bid_price"":""408.00"",""ask_price"":""409.45""},{""bid_quantity"":20,""ask_quantity"":20,""bid_orders"":1,""ask_orders"":1,""bid_price"":""407.90"",""ask_price"":""409.60""}]"
09:15:35.682,1790739935682108010,1457678236042197,Full Data,8,886540,167.15,20,09:15:35,,,140.57,297840,62940,73320,605280,"[{""bid_quantity"":40,""ask_quantity"":20,""bid_orders"":1,""ask_orders"":1,""bid_price"":""167.35"",""ask_price"":""167.90""},{""bid_quantity"":40,""ask_quantity"":80,""bid_orders"":2,""ask_orders"":1,""bid_price"":""167.30"",""ask_price"":""167.95""},{""bid_quantity"":40,""ask_quantity"":1580,""bid_orders"":2,""ask_orders"":6,""bid_price"":""167.25"",""ask_price"":""168.00""},{""bid_quantity"":140,""ask_quantity"":60,""bid_orders"":3,""ask_orders"":2,""bid_price"":""167.10"",""ask_price"":""168.35""},{""bid_quantity"":20,""ask_quantity"":60,""bid_orders"":1,""ask_orders"":1,""bid_price"":""167.05"",""ask_price"":""168.40""}]"
09:15:35.745,1790739935745907102,1457678299841089,Full Data,8,887080,438.20,80,09:15:35,,,486.74,208680,19260,68740,212920,"[{""bid_quantity"":140,""ask_quantity"":80,""bid_orders"":7,""ask_orders"":2,""bid_price"":""438.20"",""ask_price"":""439.55""},{""bid_quantity"":40,""ask_quantity"":100,""bid_orders"":2,""ask_orders"":4,""bid_price"":""438.15"",""ask_price"":""439.60""},{""bid_quantity"":80,""ask_quantity"":80,""bid_orders"":3,""ask_orders"":3,""bid_price"":""438.10"",""ask_price"":""439.65""},{""bid_quantity"":60,""ask_quantity"":160,""bid_orders"":3,""ask_orders"":6,""bid_price"":""438.05"",""ask_price"":""439.80""},{""bid_quantity"":40,""ask_quantity"":100,""bid_orders"":2,""ask_orders"":3,""bid_price"":""437.90"",""ask_price"":""439.90""}]"
09:15:35.773,1790739935773188318,1457678327122825,Full Data,8,887279,267.85,20,09:15:35,,,229.89,687920,36120,91100,563560,"[{""bid_quantity"":20,""ask_quantity"":20,""bid_orders"":1,""ask_orders"":1,""bid_price"":""267.85"",""ask_price"":""268.55""},{""bid_quantity"":180,""ask_quantity"":20,""bid_orders"":2,""ask_orders"":1,""bid_price"":""267.75"",""ask_price"":""268.60""},{""bid_quantity"":60,""ask_quantity"":20,""bid_orders"":2,""ask_orders"":1,""bid_price"":""267.60"",""ask_price"":""268.65""},{""bid_quantity"":180,""ask_quantity"":80,""bid_orders"":2,""ask_orders"":3,""bid_price"":""267.50"",""ask_price"":""268.70""},{""bid_quantity"":40,""ask_quantity"":20,""bid_orders"":2,""ask_orders"":1,""bid_price"":""267.45"",""ask_price"":""268.75""}]"
09:15:35.922,1790739935922656605,1457678476590632,Full Data,8,887306,501.80,40,09:15:35,,,553.34,92300,15300,43040,204460,"[{""bid_quantity"":160,""ask_quantity"":40,""bid_orders"":4,""ask_orders"":2,""bid_price"":""500.00"",""ask_price"":""500.95""},{""bid_quantity"":120,""ask_quantity"":100,""bid_orders"":2,""ask_orders"":3,""bid_price"":""498.80"",""ask_price"":""501.10""},{""bid_quantity"":20,""ask_quantity"":20,""bid_orders"":1,""ask_orders"":1,""bid_price"":""498.75"",""ask_price"":""501.15""},{""bid_quantity"":80,""ask_quantity"":240,""bid_orders"":2,""ask_orders"":1,""bid_price"":""498.70"",""ask_price"":""501.20""},{""bid_quantity"":20,""ask_quantity"":100,""bid_orders"":1,""ask_orders"":2,""bid_price"":""498.65"",""ask_price"":""501.25""}]"
09:15:36.236,1790739936236491914,1457678790426341,Full Data,8,887355,360.80,40,09:15:36,,,316.26,462680,27180,97380,308440,"[{""bid_quantity"":100,""ask_quantity"":40,""bid_orders"":1,""ask_orders"":1,""bid_price"":""360.40"",""ask_price"":""362.30""},{""bid_quantity"":320,""ask_quantity"":80,""bid_orders"":1,""ask_orders"":2,""bid_price"":""360.25"",""ask_price"":""362.35""},{""bid_quantity"":20,""ask_quantity"":260,""bid_orders"":1,""ask_orders"":5,""bid_price"":""359.80"",""ask_price"":""362.40""},{""bid_quantity"":80,""ask_quantity"":80,""bid_orders"":1,""ask_orders"":2,""bid_price"":""359.55"",""ask_price"":""362.45""},{""bid_quantity"":40,""ask_quantity"":320,""bid_orders"":1,""ask_orders"":7,""bid_price"":""359.25"",""ask_price"":""362.50""}]"
09:15:36.278,1790739936278145743,1457678832079690,Full Data,8,886528,279.30,40,09:15:36,,,315.84,445820,23540,142960,227080,"[{""bid_quantity"":1140,""ask_quantity"":40,""bid_orders"":5,""ask_orders"":1,""bid_price"":""278.90"",""ask_price"":""279.65""},{""bid_quantity"":80,""ask_quantity"":20,""bid_orders"":1,""ask_orders"":1,""bid_price"":""278.85"",""ask_price"":""279.70""},{""bid_quantity"":20,""ask_quantity"":20,""bid_orders"":1,""ask_orders"":1,""bid_price"":""278.80"",""ask_price"":""279.90""},{""bid_quantity"":80,""ask_quantity"":200,""bid_orders"":1,""ask_orders"":2,""bid_price"":""278.75"",""ask_price"":""280.00""},{""bid_quantity"":60,""ask_quantity"":20,""bid_orders"":2,""ask_orders"":1,""bid_price"":""278.70"",""ask_price"":""280.05""}]"
09:15:36.285,1790739936285515511,1457678839449418,Full Data,8,887253,633.10,80,09:15:36,,,686.54,17080,10060,33880,68380,"[{""bid_quantity"":120,""ask_quantity"":100,""bid_orders"":3,""ask_orders"":4,""bid_price"":""636.80"",""ask_price"":""639.55""},{""bid_quantity"":40,""ask_quantity"":240,""bid_orders"":1,""ask_orders"":1,""bid_price"":""636.45"",""ask_price"":""640.10""},{""bid_quantity"":160,""ask_quantity"":40,""bid_orders"":1,""ask_orders"":1,""bid_price"":""636.40"",""ask_price"":""640.40""},{""bid_quantity"":60,""ask_quantity"":220,""bid_orders"":1,""ask_orders"":3,""bid_price"":""635.60"",""ask_price"":""640.45""},{""bid_quantity"":20,""ask_quantity"":80,""bid_orders"":1,""ask_orders"":1,""bid_price"":""635.40"",""ask_price"":""641.85""}]"
09:15:36.298,1790739936298920078,1457678852853945,Ticker Data,0,51,72478.30,,09:15:36,,,,,,,,
09:15:36.335,1790739936335609555,1457678889543542,Full Data,8,886528,278.80,20,09:15:36,,,315.73,447220,25660,142180,227080,"[{""bid_quantity"":460,""ask_quantity"":20,""bid_orders"":6,""ask_orders"":1,""bid_price"":""278.90"",""ask_price"":""279.70""},{""bid_quantity"":80,""ask_quantity"":20,""bid_orders"":4,""ask_orders"":1,""bid_price"":""278.85"",""ask_price"":""280.00""},{""bid_quantity"":180,""ask_quantity"":40,""bid_orders"":4,""ask_orders"":1,""bid_price"":""278.80"",""ask_price"":""280.10""},{""bid_quantity"":200,""ask_quantity"":20,""bid_orders"":3,""ask_orders"":1,""bid_price"":""278.75"",""ask_price"":""280.30""},{""bid_quantity"":20,""ask_quantity"":120,""bid_orders"":1,""ask_orders"":2,""bid_price"":""278.70"",""ask_price"":""280.40""}]"
09:15:36.501,1790739936501437747,1457679055372094,Full Data,8,886461,384.10,200,09:15:36,,,425.57,501440,29000,135640,738980,"[{""bid_quantity"":40,""ask_quantity"":20,""bid_orders"":1,""ask_orders"":1,""bid_price"":""384.10"",""ask_price"":""385.35""},{""bid_quantity"":300,""ask_quantity"":20,""bid_orders"":5,""ask_orders"":1,""bid_price"":""384.05"",""ask_price"":""385.40""},{""bid_quantity"":60,""ask_quantity"":160,""bid_orders"":2,""ask_orders"":1,""bid_price"":""384.00"",""ask_price"":""385.45""},{""bid_quantity"":40,""ask_quantity"":60,""bid_orders"":1,""ask_orders"":2,""bid_price"":""383.85"",""ask_price"":""385.50""},{""bid_quantity"":200,""ask_quantity"":40,""bid_orders"":2,""ask_orders"":2,""bid_price"":""383.80"",""ask_price"":""385.55""}]"
09:15:36.609,1790739936609865048,1457679163799675,Full Data,8,886620,231.75,20,09:15:36,,,197.45,423760,48540,114340,619000,"[{""bid_quantity"":60,""ask_quantity"":60,""bid_orders"":1,""ask_orders"":1,""bid_price"":""231.05"",""ask_price"":""231.85""},{""bid_quantity"":60,""ask_quantity"":20,""bid_orders"":2,""ask_orders"":1,""bid_price"":""231.00"",""ask_price"":""231.90""},{""bid_quantity"":100,""ask_quantity"":60,""bid_orders"":2,""ask_orders"":1,""bid_price"":""230.90"",""ask_price"":""232.15""},{""bid_quantity"":100,""ask_quantity"":200,""bid_orders"":1,""ask_orders"":2,""bid_price"":""230.85"",""ask_price"":""232.20""},{""bid_quantity"":40,""ask_quantity"":80,""bid_orders"":1,""ask_orders"":1,""bid_price"":""230.75"",""ask_price"":""232.65""}]"
09:15:36.642,1790739936642109976,1457679196043923,Full Data,8,886685,312.20,40,09:15:36,,,272.72,956680,38020,161020,1113180,"[{""bid_quantity"":300,""ask_quantity"":20,""bid_orders"":2,""ask_orders"":1,""bid_price"":""311.30"",""ask_price"":""312.20""},{""bid_quantity"":160,""ask_quantity"":200,""bid_orders"":1,""ask_orders"":2,""bid_price"":""311.25"",""ask_price"":""312.70""},{""bid_quantity"":180,""ask_quantity"":120,""bid_orders"":2,""ask_orders"":2,""bid_price"":""311.10"",""ask_price"":""312.75""},{""bid_quantity"":20,""ask_quantity"":60,""bid_orders"":1,""ask_orders"":1,""bid_price"":""311.05"",""ask_price"":""312.80""},{""bid_quantity"":20,""ask_quantity"":240,""bid_orders"":1,""ask_orders"":2,""bid_price"":""311.00"",""ask_price"":""312.85""}]"
09:15:36.648,1790739936648474418,1457679202408325,Full Data,8,887100,409.35,20,09:15:36,,,360.19,304760,16840,70540,254140,"[{""bid_quantity"":20,""ask_quantity"":20,""bid_orders"":1,""ask_orders"":1,""bid_price"":""408.65"",""ask_price"":""409.80""},{""bid_quantity"":20,""ask_quantity"":20,""bid_orders"":1,""ask_orders"":1,""bid_price"":""408.60"",""ask_price"":""410.10""},{""bid_quantity"":40,""ask_quantity"":20,""bid_orders"":2,""ask_orders"":1,""bid_price"":""408.55"",""ask_price"":""410.95""},{""bid_quantity"":20,""ask_quantity"":60,""bid_orders"":1,""ask_orders"":3,""bid_price"":""408.45"",""ask_price"":""411.00""},{""bid_quantity"":20,""ask_quantity"":20,""bid_orders"":1,""ask_orders"":1,""bid_price"":""408.40"",""ask_price"":""411.10""}]"
09:15:36.676,1790739936676258317,1457679230192264,Full Data,8,886620,231.85,20,09:15:36,,,197.46,423800,48880,114440,619000,"[{""bid_quantity"":40,""ask_quantity"":100,""bid_orders"":1,""ask_orders"":4,""bid_price"":""231.25"",""ask_price"":""232.00""},{""bid_quantity"":60,""ask_quantity"":60,""bid_orders"":2,""ask_orders"":1,""bid_price"":""231.15"",""ask_price"":""232.05""},{""bid_quantity"":20,""ask_quantity"":80,""bid_orders"":1,""ask_orders"":2,""bid_price"":""231.10"",""ask_price"":""232.10""},{""bid_quantity"":40,""ask_quantity"":240,""bid_orders"":1,""ask_orders"":4,""bid_price"":""231.00"",""ask_price"":""232.15""},{""bid_quantity"":20,""ask_quantity"":20,""bid_orders"":1,""ask_orders"":1,""bid_price"":""230.90"",""ask_price"":""232.20""}]"
09:15:36.688,1790739936688614237,1457679242548464,Full Data,8,886540,168.55,20,09:15:36,,,141.10,303480,63780,74120,605280,"[{""bid_quantity"":40,""ask_quantity"":40,""bid_orders"":2,""ask_orders"":1,""bid_price"":""168.00"",""ask_price"":""168.55""},{""bid_quantity"":20,""ask_quantity"":40,""bid_orders"":1,""ask_orders"":1,""bid_price"":""167.95"",""ask_price"":""168.60""},{""bid_quantity"":60,""ask_quantity"":100,""bid_orders"":2,""ask_orders"":2,""bid_price"":""167.90"",""ask_price"":""168.75""},{""bid_quantity"":20,""ask_quantity"":20,""bid_orders"":1,""ask_orders"":1,""bid_price"":""167.80"",""ask_price"":""168.80""},{""bid_quantity"":60,""ask_quantity"":20,""bid_orders"":1,""ask_orders"":1,""bid_price"":""167.65"",""ask_price"":""169.05""}]"
09:15:36.743,1790739936743123230,1457679297057137,Full Data,8,887100,409.65,20,09:15:36,,,360.20,304840,17620,69580,254140,"[{""bid_quantity"":20,""ask_quantity"":80,""bid_orders"":1,""ask_orders"":2,""bid_price"":""408.50"",""ask_price"":""409.40""},{""bid_quantity"":20,""ask_quantity"":40,""bid_orders"":1,""ask_orders"":2,""bid_price"":""408.45"",""ask_price"":""409.45""},{""bid_quantity"":40,""ask_quantity"":140,""bid_orders"":1,""ask_orders"":3,""bid_price"":""408.15"",""ask_price"":""409.50""},{""bid_quantity"":20,""ask_quantity"":40,""bid_orders"":1,""ask_orders"":2,""bid_price"":""407.80"",""ask_price"":""409.55""},{""bid_quantity"":20,""ask_quantity"":140,""bid_orders"":1,""ask_orders"":4,""bid_price"":""407.60"",""ask_price"":""409.60""}]"
09:15:36.749,1790739936749446150,1457679303380057,Full Data,8,886540,167.45,20,09:15:36,,,141.16,304160,65100,74180,605280,"[{""bid_quantity"":80,""ask_quantity"":80,""bid_orders"":1,""ask_orders"":1,""bid_price"":""167.10"",""ask_price"":""167.85""},{""bid_quantity"":200,""ask_quantity"":20,""bid_orders"":1,""ask_orders"":1,""bid_price"":""167.05"",""ask_price"":""167.90""},{""bid_quantity"":280,""ask_quantity"":80,""bid_orders"":2,""ask_orders"":1,""bid_price"":""166.85"",""ask_price"":""167.95""},{""bid_quantity"":100,""ask_quantity"":120,""bid_orders"":1,""ask_orders"":3,""bid_price"":""166.80"",""ask_price"":""168.00""},{""bid_quantity"":360,""ask_quantity"":80,""bid_orders"":1,""ask_orders"":1,""bid_price"":""166.60"",""ask_price"":""168.05""}]"
09:15:36.768,1790739936768341593,1457679322275420,Full Data,8,887279,268.90,20,09:15:36,,,230.93,706000,36460,93700,563560,"[{""bid_quantity"":60,""ask_quantity"":40,""bid_orders"":1,""ask_orders"":2,""bid_price"":""268.55"",""ask_price"":""269.20""},{""bid_quantity"":200,""ask_quantity"":40,""bid_orders"":2,""ask_orders"":2,""bid_price"":""268.50"",""ask_price"":""269.40""},{""bid_quantity"":40,""ask_quantity"":20,""bid_orders"":1,""ask_orders"":1,""bid_price"":""268.45"",""ask_price"":""269.55""},{""bid_quantity"":40,""ask_quantity"":100,""bid_orders"":1,""ask_orders"":1,""bid_price"":""268.40"",""ask_price"":""269.60""},{""bid_quantity"":200,""ask_quantity"":20,""bid_orders"":2,""ask_orders"":1,""bid_price"":""268.30"",""ask_price"":""269.70""}]"
09:15:36.810,1790739936810229663,1457679364163690,Full Data,8,887080,444.35,20,09:15:36,,,485.31,215080,15520,73680,212920,"[{""bid_quantity"":60,""ask_quantity"":60,""bid_orders"":2,""ask_orders"":2,""bid_price"":""443.55"",""ask_price"":""445.45""},{""bid_quantity"":620,""ask_quantity"":40,""bid_orders"":5,""ask_orders"":1,""bid_price"":""443.50"",""ask_price"":""446.40""},{""bid_quantity"":200,""ask_quantity"":200,""bid_orders"":5,""ask_orders"":1,""bid_price"":""443.45"",""ask_price"":""446.55""},{""bid_quantity"":20,""ask_quantity"":200,""bid_orders"":1,""ask_orders"":1,""bid_price"":""443.40"",""ask_price"":""446.75""},{""bid_quantity"":260,""ask_quantity"":200,""bid_orders"":7,""ask_orders"":1,""bid_price"":""443.35"",""ask_price"":""446.85""}]"
09:15:36.834,1790739936834691782,1457679388625729,Full Data,8,887080,445.15,20,09:15:36,,,485.29,215160,18640,71340,212920,"[{""bid_quantity"":100,""ask_quantity"":160,""bid_orders"":2,""ask_orders"":1,""bid_price"":""442.80"",""ask_price"":""445.10""},{""bid_quantity"":280,""ask_quantity"":140,""bid_orders"":2,""ask_orders"":2,""bid_price"":""441.95"",""ask_price"":""445.15""},{""bid_quantity"":120,""ask_quantity"":20,""bid_orders"":2,""ask_orders"":1,""bid_price"":""441.90"",""ask_price"":""445.20""},{""bid_quantity"":260,""ask_quantity"":320,""bid_orders"":1,""ask_orders"":4,""bid_price"":""441.40"",""ask_price"":""445.30""},{""bid_quantity"":100,""ask_quantity"":220,""bid_orders"":1,""ask_orders"":4,""bid_price"":""441.35"",""ask_price"":""445.35""}]"
09:15:36.880,1790739936880401717,1457679434335624,Full Data,8,886659,574.20,20,09:15:36,,,622.94,45100,10740,25120,139920,"[{""bid_quantity"":20,""ask_quantity"":40,""bid_orders"":1,""ask_orders"":2,""bid_price"":""574.15"",""ask_price"":""576.25""},{""bid_quantity"":20,""ask_quantity"":100,""bid_orders"":1,""ask_orders"":1,""bid_price"":""573.85"",""ask_price"":""577.50""},{""bid_quantity"":20,""ask_quantity"":300,""bid_orders"":1,""ask_orders"":4,""bid_price"":""573.80"",""ask_price"":""577.65""},{""bid_quantity"":20,""ask_quantity"":60,""bid_orders"":1,""ask_orders"":2,""bid_price"":""573.70"",""ask_price"":""577.70""},{""bid_quantity"":40,""ask_quantity"":40,""bid_orders"":2,""ask_orders"":1,""bid_price"":""573.55"",""ask_price"":""577.80""}]"
09:15:36.888,1790739936888882412,1457679442816399,Full Data,8,886659,574.20,20,09:15:36,,,622.94,45100,12120,26660,139920,"[{""bid_quantity"":60,""ask_quantity"":100,""bid_orders"":3,""ask_orders"":3,""bid_price"":""573.95"",""ask_price"":""576.10""},{""bid_quantity"":40,""ask_quantity"":60,""bid_orders"":2,""ask_orders"":2,""bid_price"":""573.90"",""ask_price"":""576.15""},{""bid_quantity"":40,""ask_quantity"":60,""bid_orders"":2,""ask_orders"":2,""bid_price"":""573.85"",""ask_price"":""576.20""},{""bid_quantity"":40,""ask_quantity"":100,""bid_orders"":2,""ask_orders"":4,""bid_price"":""573.70"",""ask_price"":""576.25""},{""bid_quantity"":20,""ask_quantity"":40,""bid_orders"":1,""ask_orders"":1,""bid_price"":""573.55"",""ask_price"":""576.30""}]"
09:15:36.968,1790739936968103404,1457679522037551,Full Data,8,887306,509.40,20,09:15:36,,,552.73,93440,15100,40540,204460,"[{""bid_quantity"":40,""ask_quantity"":20,""bid_orders"":1,""ask_orders"":1,""bid_price"":""506.65"",""ask_price"":""508.15""},{""bid_quantity"":80,""ask_quantity"":20,""bid_orders"":1,""ask_orders"":1,""bid_price"":""506.60"",""ask_price"":""508.25""},{""bid_quantity"":20,""ask_quantity"":20,""bid_orders"":1,""ask_orders"":1,""bid_price"":""506.55"",""ask_price"":""508.30""},{""bid_quantity"":40,""ask_quantity"":40,""bid_orders"":2,""ask_orders"":2,""bid_price"":""506.40"",""ask_price"":""508.65""},{""bid_quantity"":80,""ask_quantity"":40,""bid_orders"":2,""ask_orders"":1,""bid_price"":""506.25"",""ask_price"":""508.95""}]"
09:15:37.000,1790739937000409933,1457679554344000,Full Data,8,887306,508.35,40,09:15:36,,,552.71,93480,14480,40460,204460,"[{""bid_quantity"":40,""ask_quantity"":20,""bid_orders"":1,""ask_orders"":1,""bid_price"":""506.65"",""ask_price"":""508.35""},{""bid_quantity"":80,""ask_quantity"":20,""bid_orders"":3,""ask_orders"":1,""bid_price"":""506.60"",""ask_price"":""508.40""},{""bid_quantity"":20,""ask_quantity"":20,""bid_orders"":1,""ask_orders"":1,""bid_price"":""506.55"",""ask_price"":""508.50""},{""bid_quantity"":20,""ask_quantity"":60,""bid_orders"":1,""ask_orders"":2,""bid_price"":""506.45"",""ask_price"":""508.55""},{""bid_quantity"":20,""ask_quantity"":120,""bid_orders"":1,""ask_orders"":2,""bid_price"":""506.30"",""ask_price"":""508.60""}]"
09:15:37.141,1790739937141260844,1457679695195031,Full Data,8,887216,194.05,20,09:15:37,,,167.31,377100,38040,92680,604640,"[{""bid_quantity"":20,""ask_quantity"":240,""bid_orders"":1,""ask_orders"":4,""bid_price"":""193.25"",""ask_price"":""194.15""},{""bid_quantity"":40,""ask_quantity"":120,""bid_orders"":1,""ask_orders"":2,""bid_price"":""193.20"",""ask_price"":""194.20""},{""bid_quantity"":60,""ask_quantity"":20,""bid_orders"":2,""ask_orders"":1,""bid_price"":""193.05"",""ask_price"":""194.25""},{""bid_quantity"":80,""ask_quantity"":100,""bid_orders"":2,""ask_orders"":3,""bid_price"":""193.00"",""ask_price"":""194.35""},{""bid_quantity"":180,""ask_quantity"":100,""bid_orders"":2,""ask_orders"":1,""bid_price"":""192.95"",""ask_price"":""194.40""}]"
09:15:37.241,1790739937241705293,1457679795639600,Full Data,8,887355,352.10,20,09:15:37,,,317.74,480320,24260,95140,308440,"[{""bid_quantity"":40,""ask_quantity"":40,""bid_orders"":2,""ask_orders"":2,""bid_price"":""350.85"",""ask_price"":""351.15""},{""bid_quantity"":20,""ask_quantity"":80,""bid_orders"":1,""ask_orders"":1,""bid_price"":""350.65"",""ask_price"":""351.75""},{""bid_quantity"":60,""ask_quantity"":20,""bid_orders"":1,""ask_orders"":1,""bid_price"":""350.55"",""ask_price"":""352.20""},{""bid_quantity"":20,""ask_quantity"":80,""bid_orders"":1,""ask_orders"":1,""bid_price"":""350.50"",""ask_price"":""352.60""},{""bid_quantity"":20,""ask_quantity"":20,""bid_orders"":1,""ask_orders"":1,""bid_price"":""350.45"",""ask_price"":""352.65""}]"
09:15:37.303,1790739937303595133,1457679857529360,Ticker Data,0,51,72489.22,,09:15:37,,,,,,,,
09:15:37.341,1790739937341679899,1457679895614126,Full Data,8,886528,285.45,40,09:15:37,,,314.95,458480,24040,146360,227080,"[{""bid_quantity"":20,""ask_quantity"":40,""bid_orders"":1,""ask_orders"":1,""bid_price"":""285.60"",""ask_price"":""286.35""},{""bid_quantity"":80,""ask_quantity"":40,""bid_orders"":1,""ask_orders"":2,""bid_price"":""285.55"",""ask_price"":""286.40""},{""bid_quantity"":40,""ask_quantity"":120,""bid_orders"":1,""ask_orders"":2,""bid_price"":""285.50"",""ask_price"":""286.65""},{""bid_quantity"":140,""ask_quantity"":80,""bid_orders"":3,""ask_orders"":1,""bid_price"":""285.40"",""ask_price"":""286.90""},{""bid_quantity"":120,""ask_quantity"":100,""bid_orders"":2,""ask_orders"":1,""bid_price"":""285.20"",""ask_price"":""287.00""}]"
09:15:37.426,1790739937426703049,1457679980637316,Full Data,8,886528,287.15,20,09:15:37,,,314.89,459460,23340,145540,227080,"[{""bid_quantity"":20,""ask_quantity"":40,""bid_orders"":1,""ask_orders"":1,""bid_price"":""287.10"",""ask_price"":""287.95""},{""bid_quantity"":40,""ask_quantity"":60,""bid_orders"":1,""ask_orders"":2,""bid_price"":""287.05"",""ask_price"":""288.05""},{""bid_quantity"":100,""ask_quantity"":60,""bid_orders"":1,""ask_orders"":3,""bid_price"":""286.95"",""ask_price"":""288.10""},{""bid_quantity"":20,""ask_quantity"":80,""bid_orders"":1,""ask_orders"":1,""bid_price"":""286.90"",""ask_price"":""288.15""},{""bid_quantity"":40,""ask_quantity"":20,""bid_orders"":2,""ask_orders"":1,""bid_price"":""286.85"",""ask_price"":""288.25""}]"
09:15:37.451,1790739937451478409,1457680005412236,Full Data,8,887253,649.00,20,09:15:37,,,685.54,17500,10860,34060,68380,"[{""bid_quantity"":20,""ask_quantity"":60,""bid_orders"":1,""ask_orders"":2,""bid_price"":""648.60"",""ask_price"":""651.00""},{""bid_quantity"":20,""ask_quantity"":20,""bid_orders"":1,""ask_orders"":1,""bid_price"":""648.55"",""ask_price"":""651.05""},{""bid_quantity"":20,""ask_quantity"":100,""bid_orders"":1,""ask_orders"":2,""bid_price"":""648.45"",""ask_price"":""651.10""},{""bid_quantity"":20,""ask_quantity"":20,""bid_orders"":1,""ask_orders"":1,""bid_price"":""648.40"",""ask_price"":""651.15""},{""bid_quantity"":20,""ask_quantity"":40,""bid_orders"":1,""ask_orders"":2,""bid_price"":""648.35"",""ask_price"":""651.20""}]"
09:15:37.504,1790739937504880515,1457680058814702,Full Data,8,886461,389.70,20,09:15:37,,,424.90,510600,29840,134080,738980,"[{""bid_quantity"":20,""ask_quantity"":60,""bid_orders"":1,""ask_orders"":1,""bid_price"":""389.65"",""ask_price"":""390.65""},{""bid_quantity"":20,""ask_quantity"":160,""bid_orders"":1,""ask_orders"":2,""bid_price"":""389.60"",""ask_price"":""390.70""},{""bid_quantity"":20,""ask_quantity"":40,""bid_orders"":1,""ask_orders"":2,""bid_price"":""389.55"",""ask_price"":""390.75""},{""bid_quantity"":20,""ask_quantity"":20,""bid_orders"":1,""ask_orders"":1,""bid_price"":""389.40"",""ask_price"":""390.80""},{""bid_quantity"":20,""ask_quantity"":60,""bid_orders"":1,""ask_orders"":3,""bid_price"":""389.25"",""ask_price"":""390.85""}]"
09:15:37.646,1790739937646518070,1457680200452537,Full Data,8,886620,225.45,20,09:15:37,,,198.08,432440,48600,111420,619000,"[{""bid_quantity"":80,""ask_quantity"":20,""bid_orders"":2,""ask_orders"":1,""bid_price"":""226.25"",""ask_price"":""227.10""},{""bid_quantity"":40,""ask_quantity"":20,""bid_orders"":2,""ask_orders"":1,""bid_price"":""226.20"",""ask_price"":""227.15""},{""bid_quantity"":40,""ask_quantity"":20,""bid_orders"":2,""ask_orders"":1,""bid_price"":""226.15"",""ask_price"":""227.25""},{""bid_quantity"":20,""ask_quantity"":100,""bid_orders"":1,""ask_orders"":2,""bid_price"":""226.10"",""ask_price"":""227.30""},{""bid_quantity"":20,""ask_quantity"":60,""bid_orders"":1,""ask_orders"":2,""bid_price"":""226.05"",""ask_price"":""227.35""}]"
09:15:37.672,1790739937672188756,1457680226122743,Full Data,8,886620,226.95,20,09:15:37,,,198.09,432540,49200,109900,619000,"[{""bid_quantity"":100,""ask_quantity"":80,""bid_orders"":2,""ask_orders"":1,""bid_price"":""225.80"",""ask_price"":""226.75""},{""bid_quantity"":60,""ask_quantity"":100,""bid_orders"":3,""ask_orders"":2,""bid_price"":""225.75"",""ask_price"":""226.80""},{""bid_quantity"":80,""ask_quantity"":40,""bid_orders"":2,""ask_orders"":1,""bid_price"":""225.70"",""ask_price"":""226.85""},{""bid_quantity"":20,""ask_quantity"":60,""bid_orders"":1,""ask_orders"":1,""bid_price"":""225.65"",""ask_price"":""226.90""},{""bid_quantity"":20,""ask_quantity"":40,""bid_orders"":1,""ask_orders"":2,""bid_price"":""225.60"",""ask_price"":""226.95""}]"
09:15:37.677,1790739937677721032,1457680231654899,Full Data,8,887100,401.65,40,09:15:37,,,360.98,310500,17080,70080,254140,"[{""bid_quantity"":20,""ask_quantity"":20,""bid_orders"":1,""ask_orders"":1,""bid_price"":""400.60"",""ask_price"":""401.75""},{""bid_quantity"":60,""ask_quantity"":20,""bid_orders"":3,""ask_orders"":1,""bid_price"":""400.45"",""ask_price"":""401.80""},{""bid_quantity"":20,""ask_quantity"":80,""bid_orders"":1,""ask_orders"":3,""bid_price"":""400.40"",""ask_price"":""401.95""},{""bid_quantity"":20,""ask_quantity"":20,""bid_orders"":1,""ask_orders"":1,""bid_price"":""400.35"",""ask_price"":""402.00""},{""bid_quantity"":20,""ask_quantity"":20,""bid_orders"":1,""ask_orders"":1,""bid_price"":""400.30"",""ask_price"":""402.15""}]"
09:15:37.764,1790739937764521473,1457680318455500,Full Data,8,887100,401.50,20,09:15:37,,,361.01,310740,17020,69480,254140,"[{""bid_quantity"":20,""ask_quantity"":20,""bid_orders"":1,""ask_orders"":1,""bid_price"":""400.10"",""ask_price"":""401.45""},{""bid_quantity"":60,""ask_quantity"":80,""bid_orders"":2,""ask_orders"":1,""bid_price"":""400.00"",""ask_price"":""401.50""},{""bid_quantity"":20,""ask_quantity"":20,""bid_orders"":1,""ask_orders"":1,""bid_price"":""399.70"",""ask_price"":""401.55""},{""bid_quantity"":120,""ask_quantity"":20,""bid_orders"":3,""ask_orders"":1,""bid_price"":""399.65"",""ask_price"":""401.60""},{""bid_quantity"":60,""ask_quantity"":80,""bid_orders"":1,""ask_orders"":1,""bid_price"":""399.40"",""ask_price"":""401.95""}]"
09:15:37.775,1790739937775927147,1457680329861094,Full Data,8,886540,163.90,20,09:15:37,,,141.71,311060,64720,71220,605280,"[{""bid_quantity"":60,""ask_quantity"":80,""bid_orders"":1,""ask_orders"":3,""bid_price"":""163.80"",""ask_price"":""164.20""},{""bid_quantity"":60,""ask_quantity"":100,""bid_orders"":1,""ask_orders"":2,""bid_price"":""163.75"",""ask_price"":""164.25""},{""bid_quantity"":20,""ask_quantity"":40,""bid_orders"":1,""ask_orders"":2,""bid_price"":""163.65"",""ask_price"":""164.30""},{""bid_quantity"":20,""ask_quantity"":160,""bid_orders"":1,""ask_orders"":4,""bid_price"":""163.40"",""ask_price"":""164.35""},{""bid_quantity"":20,""ask_quantity"":160,""bid_orders"":1,""ask_orders"":4,""bid_price"":""163.35"",""ask_price"":""164.40""}]"
09:15:37.825,1790739937825995191,1457680379929338,Full Data,8,887080,457.45,20,09:15:37,,,484.52,219900,15100,72480,212920,"[{""bid_quantity"":60,""ask_quantity"":180,""bid_orders"":1,""ask_orders"":1,""bid_price"":""456.80"",""ask_price"":""458.10""},{""bid_quantity"":100,""ask_quantity"":60,""bid_orders"":2,""ask_orders"":2,""bid_price"":""456.75"",""ask_price"":""458.80""},{""bid_quantity"":160,""ask_quantity"":180,""bid_orders"":1,""ask_orders"":2,""bid_price"":""456.70"",""ask_price"":""458.90""},{""bid_quantity"":80,""ask_quantity"":240,""bid_orders"":1,""ask_orders"":3,""bid_price"":""456.65"",""ask_price"":""459.25""},{""bid_quantity"":60,""ask_quantity"":180,""bid_orders"":2,""ask_orders"":2,""bid_price"":""456.60"",""ask_price"":""459.45""}]"
09:15:37.907,1790739937907794159,1457680461728386,Full Data,8,886659,579.30,20,09:15:37,,,622.10,45940,12300,28840,139920,"[{""bid_quantity"":80,""ask_quantity"":100,""bid_orders"":3,""ask_orders"":3,""bid_price"":""589.60"",""ask_price"":""592.15""},{""bid_quantity"":40,""ask_quantity"":120,""bid_orders"":2,""ask_orders"":3,""bid_price"":""589.55"",""ask_price"":""592.25""},{""bid_quantity"":120,""ask_quantity"":140,""bid_orders"":4,""ask_orders"":3,""bid_price"":""589.50"",""ask_price"":""592.35""},{""bid_quantity"":40,""ask_quantity"":120,""bid_orders"":2,""ask_orders"":3,""bid_price"":""589.45"",""ask_price"":""592.40""},{""bid_quantity"":40,""ask_quantity"":60,""bid_orders"":2,""ask_orders"":1,""bid_price"":""589.40"",""ask_price"":""592.45""}]"
09:15:37.979,1790739937979904186,1457680533838573,Full Data,8,886659,579.30,20,09:15:37,,,622.10,45940,12960,29060,139920,"[{""bid_quantity"":60,""ask_quantity"":40,""bid_orders"":1,""ask_orders"":1,""bid_price"":""588.20"",""ask_price"":""592.70""},{""bid_quantity"":40,""ask_quantity"":40,""bid_orders"":1,""ask_orders"":1,""bid_price"":""588.15"",""ask_price"":""592.75""},{""bid_quantity"":80,""ask_quantity"":100,""bid_orders"":2,""ask_orders"":2,""bid_price"":""588.10"",""ask_price"":""592.80""},{""bid_quantity"":60,""ask_quantity"":60,""bid_orders"":2,""ask_orders"":1,""bid_price"":""588.05"",""ask_price"":""592.85""},{""bid_quantity"":40,""ask_quantity"":60,""bid_orders"":1,""ask_orders"":2,""bid_price"":""588.00"",""ask_price"":""592.95""}]"
09:15:38.022,1790739938022656342,1457680576590489,Full Data,8,887306,524.00,20,09:15:37,,,552.06,95020,13720,43660,204460,"[{""bid_quantity"":100,""ask_quantity"":160,""bid_orders"":2,""ask_orders"":4,""bid_price"":""523.55"",""ask_price"":""525.85""},{""bid_quantity"":160,""ask_quantity"":300,""bid_orders"":8,""ask_orders"":2,""bid_price"":""523.50"",""ask_price"":""526.80""},{""bid_quantity"":140,""ask_quantity"":120,""bid_orders"":2,""ask_orders"":2,""bid_price"":""523.45"",""ask_price"":""526.85""},{""bid_quantity"":20,""ask_quantity"":180,""bid_orders"":1,""ask_orders"":2,""bid_price"":""523.40"",""ask_price"":""526.90""},{""bid_quantity"":140,""ask_quantity"":280,""bid_orders"":2,""ask_orders"":1,""bid_price"":""523.35"",""ask_price"":""526.95""}]"
09:15:38.058,1790739938058374773,1457680612309240,Full Data,8,887306,523.55,20,09:15:38,,,552.05,95060,13520,43460,204460,"[{""bid_quantity"":40,""ask_quantity"":80,""bid_orders"":1,""ask_orders"":3,""bid_price"":""523.65"",""ask_price"":""525.80""},{""bid_quantity"":40,""ask_quantity"":180,""bid_orders"":2,""ask_orders"":2,""bid_price"":""523.60"",""ask_price"":""526.05""},{""bid_quantity"":60,""ask_quantity"":40,""bid_orders"":2,""ask_orders"":1,""bid_price"":""523.55"",""ask_price"":""526.20""},{""bid_quantity"":20,""ask_quantity"":20,""bid_orders"":1,""ask_orders"":1,""bid_price"":""523.50"",""ask_price"":""526.25""},{""bid_quantity"":120,""ask_quantity"":40,""bid_orders"":2,""ask_orders"":1,""bid_price"":""523.40"",""ask_price"":""526.60""}]"
09:15:38.110,1790739938110910873,1457680664845180,Full Data,8,887135,349.15,20,09:15:38,,,364.79,471780,21640,84420,307120,"[{""bid_quantity"":40,""ask_quantity"":160,""bid_orders"":2,""ask_orders"":1,""bid_price"":""348.05"",""ask_price"":""349.00""},{""bid_quantity"":20,""ask_quantity"":20,""bid_orders"":1,""ask_orders"":1,""bid_price"":""347.95"",""ask_price"":""349.05""},{""bid_quantity"":40,""ask_quantity"":160,""bid_orders"":2,""ask_orders"":1,""bid_price"":""347.80"",""ask_price"":""349.10""},{""bid_quantity"":60,""ask_quantity"":20,""bid_orders"":3,""ask_orders"":1,""bid_price"":""347.75"",""ask_price"":""349.15""},{""bid_quantity"":60,""ask_quantity"":20,""bid_orders"":2,""ask_orders"":1,""bid_price"":""347.65"",""ask_price"":""349.20""}]"
09:15:38.157,1790739938157349533,1457680711283640,Full Data,8,887216,187.65,20,09:15:38,,,168.50,395340,36760,90100,604640,"[{""bid_quantity"":40,""ask_quantity"":40,""bid_orders"":2,""ask_orders"":1,""bid_price"":""187.45"",""ask_price"":""188.65""},{""bid_quantity"":20,""ask_quantity"":80,""bid_orders"":1,""ask_orders"":1,""bid_price"":""187.40"",""ask_price"":""188.70""},{""bid_quantity"":80,""ask_quantity"":20,""bid_orders"":3,""ask_orders"":1,""bid_price"":""187.35"",""ask_price"":""188.75""},{""bid_quantity"":120,""ask_quantity"":60,""bid_orders"":4,""ask_orders"":1,""bid_price"":""187.25"",""ask_price"":""188.80""},{""bid_quantity"":100,""ask_quantity"":100,""bid_orders"":1,""ask_orders"":1,""bid_price"":""187.20"",""ask_price"":""188.90""}]"
09:15:38.189,1790739938189322820,1457680743256847,Full Data,8,887135,347.60,20,09:15:38,,,364.75,472900,22440,82160,307120,"[{""bid_quantity"":20,""ask_quantity"":60,""bid_orders"":1,""ask_orders"":1,""bid_price"":""345.75"",""ask_price"":""346.70""},{""bid_quantity"":20,""ask_quantity"":160,""bid_orders"":1,""ask_orders"":1,""bid_price"":""345.70"",""ask_price"":""346.75""},{""bid_quantity"":40,""ask_quantity"":160,""bid_orders"":2,""ask_orders"":1,""bid_price"":""345.50"",""ask_price"":""346.85""},{""bid_quantity"":160,""ask_quantity"":80,""bid_orders"":2,""ask_orders"":2,""bid_price"":""345.45"",""ask_price"":""347.15""},{""bid_quantity"":100,""ask_quantity"":160,""bid_orders"":1,""ask_orders"":1,""bid_price"":""345.40"",""ask_price"":""347.20""}]"
09:15:38.197,1790739938197919195,1457680751853142,Full Data,8,887216,188.65,60,09:15:38,,,168.53,395820,38860,90040,604640,"[{""bid_quantity"":80,""ask_quantity"":20,""bid_orders"":4,""ask_orders"":1,""bid_price"":""188.85"",""ask_price"":""189.45""},{""bid_quantity"":80,""ask_quantity"":40,""bid_orders"":3,""ask_orders"":2,""bid_price"":""188.80"",""ask_price"":""189.50""},{""bid_quantity"":60,""ask_quantity"":40,""bid_orders"":2,""ask_orders"":2,""bid_price"":""188.75"",""ask_price"":""189.60""},{""bid_quantity"":60,""ask_quantity"":20,""bid_orders"":2,""ask_orders"":1,""bid_price"":""188.70"",""ask_price"":""189.65""},{""bid_quantity"":40,""ask_quantity"":40,""bid_orders"":1,""ask_orders"":2,""bid_price"":""188.65"",""ask_price"":""189.85""}]"
09:15:38.249,1790739938249985332,1457680803919239,Full Data,8,887355,342.70,40,09:15:38,,,318.52,493120,25480,94660,308440,"[{""bid_quantity"":80,""ask_quantity"":20,""bid_orders"":1,""ask_orders"":1,""bid_price"":""343.00"",""ask_price"":""343.30""},{""bid_quantity"":140,""ask_quantity"":80,""bid_orders"":2,""ask_orders"":1,""bid_price"":""342.95"",""ask_price"":""343.70""},{""bid_quantity"":80,""ask_quantity"":20,""bid_orders"":1,""ask_orders"":1,""bid_price"":""342.90"",""ask_price"":""343.85""},{""bid_quantity"":40,""ask_quantity"":20,""bid_orders"":1,""ask_orders"":1,""bid_price"":""342.85"",""ask_price"":""344.00""},{""bid_quantity"":40,""ask_quantity"":40,""bid_orders"":1,""ask_orders"":1,""bid_price"":""342.75"",""ask_price"":""344.50""}]"
09:15:38.314,1790739938314397868,1457680868332215,Ticker Data,0,51,72483.39,,09:15:38,,,,,,,,
09:15:38.432,1790739938432365631,1457680986299578,Full Data,8,886528,296.10,20,09:15:38,,,314.57,466000,24060,146160,227080,"[{""bid_quantity"":40,""ask_quantity"":20,""bid_orders"":1,""ask_orders"":1,""bid_price"":""296.30"",""ask_price"":""296.90""},{""bid_quantity"":60,""ask_quantity"":20,""bid_orders"":2,""ask_orders"":1,""bid_price"":""296.20"",""ask_price"":""297.10""},{""bid_quantity"":40,""ask_quantity"":100,""bid_orders"":1,""ask_orders"":2,""bid_price"":""296.05"",""ask_price"":""297.35""},{""bid_quantity"":80,""ask_quantity"":120,""bid_orders"":2,""ask_orders"":2,""bid_price"":""296.00"",""ask_price"":""297.50""},{""bid_quantity"":60,""ask_quantity"":80,""bid_orders"":2,""ask_orders"":1,""bid_price"":""295.95"",""ask_price"":""297.55""}]"
09:15:38.523,1790739938523956823,1457681077891210,Full Data,8,886528,299.30,20,09:15:38,,,314.56,466300,26740,145660,227080,"[{""bid_quantity"":20,""ask_quantity"":40,""bid_orders"":1,""ask_orders"":1,""bid_price"":""298.25"",""ask_price"":""299.25""},{""bid_quantity"":100,""ask_quantity"":60,""bid_orders"":4,""ask_orders"":3,""bid_price"":""298.20"",""ask_price"":""299.30""},{""bid_quantity"":60,""ask_quantity"":20,""bid_orders"":2,""ask_orders"":1,""bid_price"":""298.15"",""ask_price"":""299.35""},{""bid_quantity"":20,""ask_quantity"":80,""bid_orders"":1,""ask_orders"":3,""bid_price"":""297.85"",""ask_price"":""299.45""},{""bid_quantity"":20,""ask_quantity"":60,""bid_orders"":1,""ask_orders"":2,""bid_price"":""297.80"",""ask_price"":""299.55""}]"
09:15:38.551,1790739938551277680,1457681105211707,Full Data,8,887253,666.75,20,09:15:38,,,684.84,17920,8000,31800,68380,"[{""bid_quantity"":140,""ask_quantity"":20,""bid_orders"":2,""ask_orders"":1,""bid_price"":""667.40"",""ask_price"":""669.70""},{""bid_quantity"":180,""ask_quantity"":20,""bid_orders"":2,""ask_orders"":1,""bid_price"":""667.35"",""ask_price"":""670.50""},{""bid_quantity"":100,""ask_quantity"":60,""bid_orders"":2,""ask_orders"":2,""bid_price"":""667.25"",""ask_price"":""670.90""},{""bid_quantity"":160,""ask_quantity"":120,""bid_orders"":1,""ask_orders"":1,""bid_price"":""667.20"",""ask_price"":""670.95""},{""bid_quantity"":20,""ask_quantity"":80,""bid_orders"":1,""ask_orders"":1,""bid_price"":""666.85"",""ask_price"":""671.30""}]"
09:15:38.580,1790739938580142106,1457681134076293,Full Data,8,886461,407.70,60,09:15:38,,,424.29,522780,27780,136240,738980,"[{""bid_quantity"":20,""ask_quantity"":280,""bid_orders"":1,""ask_orders"":4,""bid_price"":""406.90"",""ask_price"":""408.55""},{""bid_quantity"":40,""ask_quantity"":120,""bid_orders"":2,""ask_orders"":2,""bid_price"":""406.85"",""ask_price"":""408.60""},{""bid_quantity"":20,""ask_quantity"":340,""bid_orders"":1,""ask_orders"":5,""bid_price"":""406.80"",""ask_price"":""408.65""},{""bid_quantity"":20,""ask_quantity"":260,""bid_orders"":1,""ask_orders"":6,""bid_price"":""406.75"",""ask_price"":""408.70""},{""bid_quantity"":20,""ask_quantity"":20,""bid_orders"":1,""ask_orders"":1,""bid_price"":""406.70"",""ask_price"":""408.75""}]"
09:15:38.619,1790739938619578281,1457681173512228,Full Data,8,886685,293.30,40,09:15:38,,,273.97,997840,41780,152800,1113180,"[{""bid_quantity"":180,""ask_quantity"":40,""bid_orders"":2,""ask_orders"":2,""bid_price"":""292.70"",""ask_price"":""293.40""},{""bid_quantity"":40,""ask_quantity"":40,""bid_orders"":1,""ask_orders"":2,""bid_price"":""292.65"",""ask_price"":""293.50""},{""bid_quantity"":160,""ask_quantity"":100,""bid_orders"":1,""ask_orders"":2,""bid_price"":""292.60"",""ask_price"":""293.55""},{""bid_quantity"":40,""ask_quantity"":80,""bid_orders"":1,""ask_orders"":1,""bid_price"":""292.55"",""ask_price"":""294.30""},{""bid_quantity"":40,""ask_quantity"":60,""bid_orders"":1,""ask_orders"":1,""bid_price"":""292.45"",""ask_price"":""294.40""}]"
09:15:38.673,1790739938673408989,1457681227343176,Full Data,8,886620,217.35,60,09:15:38,,,199.60,463340,51140,87160,619000,"[{""bid_quantity"":140,""ask_quantity"":80,""bid_orders"":2,""ask_orders"":4,""bid_price"":""216.60"",""ask_price"":""217.40""},{""bid_quantity"":140,""ask_quantity"":20,""bid_orders"":4,""ask_orders"":1,""bid_price"":""216.55"",""ask_price"":""217.50""},{""bid_quantity"":140,""ask_quantity"":40,""bid_orders"":3,""ask_orders"":2,""bid_price"":""216.50"",""ask_price"":""217.55""},{""bid_quantity"":100,""ask_quantity"":20,""bid_orders"":3,""ask_orders"":1,""bid_price"":""216.45"",""ask_price"":""217.60""},{""bid_quantity"":20,""ask_quantity"":20,""bid_orders"":1,""ask_orders"":1,""bid_price"":""216.40"",""ask_price"":""217.65""}]"
09:15:38.719,1790739938719747769,1457681273681676,Full Data,8,886620,218.15,20,09:15:38,,,199.61,463600,50000,87440,619000,"[{""bid_quantity"":40,""ask_quantity"":40,""bid_orders"":1,""ask_orders"":2,""bid_price"":""217.25"",""ask_price"":""218.10""},{""bid_quantity"":60,""ask_quantity"":40,""bid_orders"":2,""ask_orders"":2,""bid_price"":""217.20"",""ask_price"":""218.15""},{""bid_quantity"":80,""ask_quantity"":80,""bid_orders"":1,""ask_orders"":2,""bid_price"":""217.15"",""ask_price"":""218.20""},{""bid_quantity"":160,""ask_quantity"":200,""bid_orders"":3,""ask_orders"":4,""bid_price"":""217.10"",""ask_price"":""218.25""},{""bid_quantity"":40,""ask_quantity"":20,""bid_orders"":1,""ask_orders"":1,""bid_price"":""217.00"",""ask_price"":""218.40""}]"
09:15:38.757,1790739938757480253,1457681311414200,Full Data,8,887100,386.70,20,09:15:38,,,361.82,318860,18300,67340,254140,"[{""bid_quantity"":100,""ask_quantity"":20,""bid_orders"":1,""ask_orders"":1,""bid_price"":""385.65"",""ask_price"":""386.45""},{""bid_quantity"":40,""ask_quantity"":100,""bid_orders"":1,""ask_orders"":2,""bid_price"":""384.80"",""ask_price"":""386.55""},{""bid_quantity"":60,""ask_quantity"":40,""bid_orders"":1,""ask_orders"":2,""bid_price"":""384.50"",""ask_price"":""386.60""},{""bid_quantity"":100,""ask_quantity"":20,""bid_orders"":1,""ask_orders"":1,""bid_price"":""384.40"",""ask_price"":""386.70""},{""bid_quantity"":100,""ask_quantity"":80,""bid_orders"":1,""ask_orders"":1,""bid_price"":""384.20"",""ask_price"":""386.75""}]"
09:15:38.789,1790739938789791582,1457681343725489,Full Data,8,886540,157.15,100,09:15:38,,,141.97,315720,64860,67580,605280,"[{""bid_quantity"":60,""ask_quantity"":60,""bid_orders"":2,""ask_orders"":3,""bid_price"":""156.45"",""ask_price"":""157.10""},{""bid_quantity"":220,""ask_quantity"":20,""bid_orders"":3,""ask_orders"":1,""bid_price"":""156.35"",""ask_price"":""157.15""},{""bid_quantity"":160,""ask_quantity"":20,""bid_orders"":1,""ask_orders"":1,""bid_price"":""156.25"",""ask_price"":""157.20""},{""bid_quantity"":20,""ask_quantity"":20,""bid_orders"":1,""ask_orders"":1,""bid_price"":""156.20"",""ask_price"":""157.25""},{""bid_quantity"":20,""ask_quantity"":40,""bid_orders"":1,""ask_orders"":2,""bid_price"":""156.15"",""ask_price"":""157.30""}]"
09:15:38.816,1790739938816097552,1457681370031499,Full Data,8,887279,253.20,20,09:15:38,,,232.32,740180,39960,93800,563560,"[{""bid_quantity"":80,""ask_quantity"":40,""bid_orders"":2,""ask_orders"":1,""bid_price"":""251.85"",""ask_price"":""252.70""},{""bid_quantity"":80,""ask_quantity"":80,""bid_orders"":2,""ask_orders"":2,""bid_price"":""251.75"",""ask_price"":""252.75""},{""bid_quantity"":80,""ask_quantity"":20,""bid_orders"":2,""ask_orders"":1,""bid_price"":""251.65"",""ask_price"":""252.80""},{""bid_quantity"":60,""ask_quantity"":160,""bid_orders"":2,""ask_orders"":5,""bid_price"":""251.55"",""ask_price"":""252.85""},{""bid_quantity"":20,""ask_quantity"":40,""bid_orders"":1,""ask_orders"":2,""bid_price"":""251.45"",""ask_price"":""252.90""}]"
09:15:38.823,1790739938823293798,1457681377227585,Full Data,8,887100,386.70,20,09:15:38,,,361.82,318860,17840,68800,254140,"[{""bid_quantity"":100,""ask_quantity"":40,""bid_orders"":1,""ask_orders"":2,""bid_price"":""385.65"",""ask_price"":""386.25""},{""bid_quantity"":380,""ask_quantity"":100,""bid_orders"":4,""ask_orders"":2,""bid_price"":""384.80"",""ask_price"":""386.30""},{""bid_quantity"":60,""ask_quantity"":140,""bid_orders"":2,""ask_orders"":3,""bid_price"":""384.75"",""ask_price"":""386.35""},{""bid_quantity"":260,""ask_quantity"":120,""bid_orders"":2,""ask_orders"":3,""bid_price"":""384.60"",""ask_price"":""386.60""},{""bid_quantity"":20,""ask_quantity"":80,""bid_orders"":1,""ask_orders"":2,""bid_price"":""384.55"",""ask_price"":""386.65""}]"
09:15:38.823,1790739938823682441,1457681377616268,Full Data,8,886540,156.80,120,09:15:38,,,141.99,316100,65280,68360,605280,"[{""bid_quantity"":40,""ask_quantity"":20,""bid_orders"":1,""ask_orders"":1,""bid_price"":""156.45"",""ask_price"":""157.00""},{""bid_quantity"":60,""ask_quantity"":100,""bid_orders"":2,""ask_orders"":1,""bid_price"":""156.40"",""ask_price"":""157.25""},{""bid_quantity"":60,""ask_quantity"":60,""bid_orders"":2,""ask_orders"":1,""bid_price"":""156.35"",""ask_price"":""157.30""},{""bid_quantity"":120,""ask_quantity"":40,""bid_orders"":3,""ask_orders"":1,""bid_price"":""156.30"",""ask_price"":""157.50""},{""bid_quantity"":60,""ask_quantity"":20,""bid_orders"":2,""ask_orders"":1,""bid_price"":""156.25"",""ask_price"":""157.55""}]"
09:15:38.860,1790739938860463079,1457681414397026,Full Data,8,887080,466.20,40,09:15:38,,,484.24,222580,17480,71800,212920,"[{""bid_quantity"":160,""ask_quantity"":200,""bid_orders"":3,""ask_orders"":1,""bid_price"":""465.10"",""ask_price"":""466.80""},{""bid_quantity"":40,""ask_quantity"":140,""bid_orders"":1,""ask_orders"":3,""bid_price"":""465.05"",""ask_price"":""466.85""},{""bid_quantity"":60,""ask_quantity"":40,""bid_orders"":2,""ask_orders"":1,""bid_price"":""464.95"",""ask_price"":""466.95""},{""bid_quantity"":60,""ask_quantity"":220,""bid_orders"":2,""ask_orders"":2,""bid_price"":""464.85"",""ask_price"":""467.10""},{""bid_quantity"":80,""ask_quantity"":80,""bid_orders"":1,""ask_orders"":2,""bid_price"":""464.80"",""ask_price"":""467.15""}]"
09:15:38.904,1790739938904628804,1457681458563071,Full Data,8,887080,469.30,20,09:15:38,,,484.23,222800,15540,71960,212920,"[{""bid_quantity"":80,""ask_quantity"":20,""bid_orders"":1,""ask_orders"":1,""bid_price"":""468.15"",""ask_price"":""469.65""},{""bid_quantity"":20,""ask_quantity"":100,""bid_orders"":1,""ask_orders"":3,""bid_price"":""468.10"",""ask_price"":""469.75""},{""bid_quantity"":40,""ask_quantity"":20,""bid_orders"":1,""ask_orders"":1,""bid_price"":""468.00"",""ask_price"":""469.80""},{""bid_quantity"":20,""ask_quantity"":20,""bid_orders"":1,""ask_orders"":1,""bid_price"":""467.95"",""ask_price"":""469.95""},{""bid_quantity"":20,""ask_quantity"":40,""bid_orders"":1,""ask_orders"":1,""bid_price"":""467.80"",""ask_price"":""470.00""}]"
09:15:39.093,1790739939093153503,1457681647087810,Full Data,8,887306,528.95,20,09:15:38,,,551.18,98840,13860,42640,204460,"[{""bid_quantity"":20,""ask_quantity"":40,""bid_orders"":1,""ask_orders"":1,""bid_price"":""529.00"",""ask_price"":""530.60""},{""bid_quantity"":40,""ask_quantity"":20,""bid_orders"":1,""ask_orders"":1,""bid_price"":""528.90"",""ask_price"":""530.65""},{""bid_quantity"":40,""ask_quantity"":40,""bid_orders"":1,""ask_orders"":1,""bid_price"":""528.80"",""ask_price"":""530.70""},{""bid_quantity"":20,""ask_quantity"":100,""bid_orders"":1,""ask_orders"":1,""bid_price"":""528.75"",""ask_price"":""530.75""},{""bid_quantity"":20,""ask_quantity"":20,""bid_orders"":1,""ask_orders"":1,""bid_price"":""528.70"",""ask_price"":""530.95""}]"
09:15:39.113,1790739939113661316,1457681667595263,Full Data,8,887306,528.25,20,09:15:39,,,551.13,99060,13520,43320,204460,"[{""bid_quantity"":40,""ask_quantity"":20,""bid_orders"":1,""ask_orders"":1,""bid_price"":""526.45"",""ask_price"":""528.00""},{""bid_quantity"":120,""ask_quantity"":20,""bid_orders"":2,""ask_orders"":1,""bid_price"":""526.40"",""ask_price"":""528.20""},{""bid_quantity"":40,""ask_quantity"":100,""bid_orders"":1,""ask_orders"":1,""bid_price"":""526.35"",""ask_price"":""528.40""},{""bid_quantity"":40,""ask_quantity"":60,""bid_orders"":1,""ask_orders"":1,""bid_price"":""526.25"",""ask_price"":""528.85""},{""bid_quantity"":40,""ask_quantity"":20,""bid_orders"":1,""ask_orders"":1,""bid_price"":""526.15"",""ask_price"":""529.00""}]"
09:15:39.171,1790739939171226288,1457681725160715,Full Data,8,887135,348.45,20,09:15:39,,,364.46,482760,23460,85560,307120,"[{""bid_quantity"":40,""ask_quantity"":20,""bid_orders"":1,""ask_orders"":1,""bid_price"":""348.50"",""ask_price"":""349.25""},{""bid_quantity"":100,""ask_quantity"":20,""bid_orders"":2,""ask_orders"":1,""bid_price"":""348.45"",""ask_price"":""349.30""},{""bid_quantity"":60,""ask_quantity"":20,""bid_orders"":3,""ask_orders"":1,""bid_price"":""348.40"",""ask_price"":""349.40""},{""bid_quantity"":160,""ask_quantity"":40,""bid_orders"":1,""ask_orders"":1,""bid_price"":""348.35"",""ask_price"":""349.70""},{""bid_quantity"":40,""ask_quantity"":100,""bid_orders"":1,""ask_orders"":1,""bid_price"":""348.30"",""ask_price"":""349.80""}]"
09:15:39.214,1790739939214139845,1457681768073832,Full Data,8,887216,186.15,20,09:15:39,,,168.74,400280,38300,91360,604640,"[{""bid_quantity"":40,""ask_quantity"":20,""bid_orders"":1,""ask_orders"":1,""bid_price"":""186.15"",""ask_price"":""186.60""},{""bid_quantity"":60,""ask_quantity"":180,""bid_orders"":1,""ask_orders"":2,""bid_price"":""186.10"",""ask_price"":""186.80""},{""bid_quantity"":100,""ask_quantity"":80,""bid_orders"":3,""ask_orders"":1,""bid_price"":""186.05"",""ask_price"":""186.85""},{""bid_quantity"":200,""ask_quantity"":140,""bid_orders"":2,""ask_orders"":2,""bid_price"":""186.00"",""ask_price"":""186.90""},{""bid_quantity"":80,""ask_quantity"":60,""bid_orders"":3,""ask_orders"":2,""bid_price"":""185.95"",""ask_price"":""187.15""}]"
09:15:39.273,1790739939273615430,1457681827549497,Full Data,8,887135,346.35,100,09:15:39,,,364.43,483440,23460,84560,307120,"[{""bid_quantity"":60,""ask_quantity"":40,""bid_orders"":1,""ask_orders"":1,""bid_price"":""346.30"",""ask_price"":""347.30""},{""bid_quantity"":40,""ask_quantity"":40,""bid_orders"":2,""ask_orders"":2,""bid_price"":""346.25"",""ask_price"":""347.35""},{""bid_quantity"":60,""ask_quantity"":40,""bid_orders"":1,""ask_orders"":2,""bid_price"":""346.20"",""ask_price"":""347.40""},{""bid_quantity"":20,""ask_quantity"":20,""bid_orders"":1,""ask_orders"":1,""bid_price"":""346.15"",""ask_price"":""347.45""},{""bid_quantity"":20,""ask_quantity"":140,""bid_orders"":1,""ask_orders"":6,""bid_price"":""346.00"",""ask_price"":""347.50""}]"
09:15:39.299,1790739939299678078,1457681853612225,Full Data,8,887355,339.95,20,09:15:39,,,319.15,508580,26340,92280,308440,"[{""bid_quantity"":60,""ask_quantity"":100,""bid_orders"":2,""ask_orders"":2,""bid_price"":""339.15"",""ask_price"":""339.95""},{""bid_quantity"":80,""ask_quantity"":40,""bid_orders"":2,""ask_orders"":2,""bid_price"":""339.10"",""ask_price"":""340.00""},{""bid_quantity"":80,""ask_quantity"":40,""bid_orders"":3,""ask_orders"":2,""bid_price"":""339.05"",""ask_price"":""340.15""},{""bid_quantity"":40,""ask_quantity"":20,""bid_orders"":1,""ask_orders"":1,""bid_price"":""339.00"",""ask_price"":""340.25""},{""bid_quantity"":60,""ask_quantity"":40,""bid_orders"":2,""ask_orders"":2,""bid_price"":""338.95"",""ask_price"":""340.30""}]"
09:15:39.304,1790739939304682230,1457681858616137,Ticker Data,0,51,72493.06,,09:15:39,,,,,,,,
09:15:39.313,1790739939313682649,1457681867616516,Full Data,8,887216,187.00,20,09:15:39,,,168.75,400580,37980,90760,604640,"[{""bid_quantity"":60,""ask_quantity"":160,""bid_orders"":2,""ask_orders"":2,""bid_price"":""186.40"",""ask_price"":""187.00""},{""bid_quantity"":60,""ask_quantity"":40,""bid_orders"":2,""ask_orders"":2,""bid_price"":""186.35"",""ask_price"":""187.05""},{""bid_quantity"":100,""ask_quantity"":20,""bid_orders"":4,""ask_orders"":1,""bid_price"":""186.20"",""ask_price"":""187.10""},{""bid_quantity"":160,""ask_quantity"":20,""bid_orders"":3,""ask_orders"":1,""bid_price"":""186.15"",""ask_price"":""187.15""},{""bid_quantity"":20,""ask_quantity"":80,""bid_orders"":1,""ask_orders"":1,""bid_price"":""186.10"",""ask_price"":""187.20""}]"
09:15:39.525,1790739939525373977,1457682079308524,Full Data,8,886528,300.00,20,09:15:39,,,314.32,473880,26960,147940,227080,"[{""bid_quantity"":40,""ask_quantity"":120,""bid_orders"":1,""ask_orders"":3,""bid_price"":""299.65"",""ask_price"":""300.15""},{""bid_quantity"":40,""ask_quantity"":1000,""bid_orders"":2,""ask_orders"":2,""bid_price"":""299.50"",""ask_price"":""300.20""},{""bid_quantity"":20,""ask_quantity"":80,""bid_orders"":1,""ask_orders"":1,""bid_price"":""299.45"",""ask_price"":""300.60""},{""bid_quantity"":20,""ask_quantity"":60,""bid_orders"":1,""ask_orders"":1,""bid_price"":""299.40"",""ask_price"":""300.65""},{""bid_quantity"":40,""ask_quantity"":140,""bid_orders"":2,""ask_orders"":2,""bid_price"":""299.30"",""ask_price"":""301.00""}]"
09:15:39.560,1790739939560776046,1457682114710033,Full Data,8,887253,665.70,60,09:15:39,,,684.61,18180,8800,32000,68380,"[{""bid_quantity"":80,""ask_quantity"":20,""bid_orders"":2,""ask_orders"":1,""bid_price"":""667.55"",""ask_price"":""671.20""},{""bid_quantity"":40,""ask_quantity"":140,""bid_orders"":2,""ask_orders"":2,""bid_price"":""667.50"",""ask_price"":""671.25""},{""bid_quantity"":60,""ask_quantity"":40,""bid_orders"":2,""ask_orders"":1,""bid_price"":""667.45"",""ask_price"":""671.95""},{""bid_quantity"":100,""ask_quantity"":20,""bid_orders"":2,""ask_orders"":1,""bid_price"":""667.40"",""ask_price"":""672.00""},{""bid_quantity"":40,""ask_quantity"":100,""bid_orders"":2,""ask_orders"":2,""bid_price"":""667.35"",""ask_price"":""672.05""}]"
09:15:39.610,1790739939610863570,1457682164797637,Full Data,8,886685,293.30,280,09:15:39,,,274.36,1018460,48340,157620,1113180,"[{""bid_quantity"":160,""ask_quantity"":20,""bid_orders"":1,""ask_orders"":1,""bid_price"":""292.15"",""ask_price"":""293.15""},{""bid_quantity"":180,""ask_quantity"":120,""bid_orders"":2,""ask_orders"":3,""bid_price"":""292.05"",""ask_price"":""293.20""},{""bid_quantity"":60,""ask_quantity"":80,""bid_orders"":2,""ask_orders"":3,""bid_price"":""292.00"",""ask_price"":""293.25""},{""bid_quantity"":40,""ask_quantity"":20,""bid_orders"":1,""ask_orders"":1,""bid_price"":""291.90"",""ask_price"":""293.30""},{""bid_quantity"":20,""ask_quantity"":240,""bid_orders"":1,""ask_orders"":2,""bid_price"":""291.85"",""ask_price"":""293.35""}]"
09:15:39.695,1790739939695775599,1457682249709586,Full Data,8,886620,215.00,20,09:15:39,,,200.03,475220,52240,84000,619000,"[{""bid_quantity"":440,""ask_quantity"":60,""bid_orders"":7,""ask_orders"":1,""bid_price"":""215.00"",""ask_price"":""215.50""},{""bid_quantity"":180,""ask_quantity"":100,""bid_orders"":2,""ask_orders"":5,""bid_price"":""214.25"",""ask_price"":""215.55""},{""bid_quantity"":520,""ask_quantity"":180,""bid_orders"":5,""ask_orders"":2,""bid_price"":""214.20"",""ask_price"":""215.60""},{""bid_quantity"":80,""ask_quantity"":120,""bid_orders"":2,""ask_orders"":2,""bid_price"":""214.05"",""ask_price"":""215.65""},{""bid_quantity"":100,""ask_quantity"":100,""bid_orders"":1,""ask_orders"":2,""bid_price"":""213.85"",""ask_price"":""215.70""}]"
09:15:39.978,1790739939978881549,1457682532816016,Full Data,8,887080,465.40,120,09:15:39,,,483.83,228300,16720,72040,212920,"[{""bid_quantity"":20,""ask_quantity"":400,""bid_orders"":1,""ask_orders"":1,""bid_price"":""465.40"",""ask_price"":""466.60""},{""bid_quantity"":20,""ask_quantity"":20,""bid_orders"":1,""ask_orders"":1,""bid_price"":""465.20"",""ask_price"":""466.65""},{""bid_quantity"":20,""ask_quantity"":780,""bid_orders"":1,""ask_orders"":2,""bid_price"":""465.00"",""ask_price"":""466.70""},{""bid_quantity"":100,""ask_quantity"":40,""bid_orders"":1,""ask_orders"":2,""bid_price"":""464.20"",""ask_price"":""466.75""},{""bid_quantity"":60,""ask_quantity"":180,""bid_orders"":1,""ask_orders"":2,""bid_price"":""463.85"",""ask_price"":""466.95""}]"
09:15:40.081,1790739940081103850,1457682635038077,Full Data,8,886659,599.40,60,09:15:40,,,620.46,49120,11800,28140,139920,"[{""bid_quantity"":40,""ask_quantity"":20,""bid_orders"":1,""ask_orders"":1,""bid_price"":""601.40"",""ask_price"":""604.20""},{""bid_quantity"":60,""ask_quantity"":120,""bid_orders"":2,""ask_orders"":3,""bid_price"":""601.35"",""ask_price"":""605.75""},{""bid_quantity"":60,""ask_quantity"":120,""bid_orders"":2,""ask_orders"":2,""bid_price"":""601.30"",""ask_price"":""605.80""},{""bid_quantity"":160,""ask_quantity"":120,""bid_orders"":4,""ask_orders"":2,""bid_price"":""601.20"",""ask_price"":""605.85""},{""bid_quantity"":20,""ask_quantity"":140,""bid_orders"":1,""ask_orders"":2,""bid_price"":""601.15"",""ask_price"":""606.20""}]"
09:15:40.129,1790739940129443602,1457682683377709,Full Data,8,887306,532.85,60,09:15:40,,,550.69,101520,13740,42020,204460,"[{""bid_quantity"":100,""ask_quantity"":220,""bid_orders"":1,""ask_orders"":3,""bid_price"":""532.40"",""ask_price"":""535.10""},{""bid_quantity"":100,""ask_quantity"":20,""bid_orders"":1,""ask_orders"":1,""bid_price"":""532.20"",""ask_price"":""535.15""},{""bid_quantity"":40,""ask_quantity"":40,""bid_orders"":1,""ask_orders"":2,""bid_price"":""532.05"",""ask_price"":""535.30""},{""bid_quantity"":100,""ask_quantity"":40,""bid_orders"":1,""ask_orders"":2,""bid_price"":""532.00"",""ask_price"":""535.35""},{""bid_quantity"":320,""ask_quantity"":100,""bid_orders"":3,""ask_orders"":1,""bid_price"":""531.40"",""ask_price"":""535.40""}]"
09:15:40.169,1790739940169670182,1457682723604249,Full Data,8,886659,600.45,20,09:15:40,,,620.44,49160,12240,27620,139920,"[{""bid_quantity"":40,""ask_quantity"":100,""bid_orders"":1,""ask_orders"":1,""bid_price"":""601.55"",""ask_price"":""603.75""},{""bid_quantity"":120,""ask_quantity"":20,""bid_orders"":1,""ask_orders"":1,""bid_price"":""601.40"",""ask_price"":""603.80""},{""bid_quantity"":40,""ask_quantity"":180,""bid_orders"":1,""ask_orders"":3,""bid_price"":""601.35"",""ask_price"":""604.40""},{""bid_quantity"":100,""ask_quantity"":40,""bid_orders"":2,""ask_orders"":1,""bid_price"":""601.30"",""ask_price"":""604.95""},{""bid_quantity"":180,""ask_quantity"":100,""bid_orders"":2,""ask_orders"":1,""bid_price"":""601.20"",""ask_price"":""605.00""}]"
09:15:40.173,1790739940173570208,1457682727504115,Full Data,8,887306,535.15,20,09:15:40,,,550.69,101540,13380,43080,204460,"[{""bid_quantity"":120,""ask_quantity"":40,""bid_orders"":3,""ask_orders"":2,""bid_price"":""534.05"",""ask_price"":""535.35""},{""bid_quantity"":60,""ask_quantity"":140,""bid_orders"":2,""ask_orders"":2,""bid_price"":""534.00"",""ask_price"":""536.20""},{""bid_quantity"":80,""ask_quantity"":60,""bid_orders"":3,""ask_orders"":2,""bid_price"":""533.85"",""ask_price"":""536.35""},{""bid_quantity"":200,""ask_quantity"":140,""bid_orders"":3,""ask_orders"":2,""bid_price"":""533.60"",""ask_price"":""536.40""},{""bid_quantity"":60,""ask_quantity"":100,""bid_orders"":1,""ask_orders"":1,""bid_price"":""533.50"",""ask_price"":""536.45""}]"
09:15:40.280,1790739940280564499,1457682834498726,Full Data,8,887355,334.35,20,09:15:40,,,319.54,520660,29300,88900,308440,"[{""bid_quantity"":120,""ask_quantity"":40,""bid_orders"":2,""ask_orders"":1,""bid_price"":""333.75"",""ask_price"":""334.60""},{""bid_quantity"":100,""ask_quantity"":40,""bid_orders"":2,""ask_orders"":1,""bid_price"":""333.70"",""ask_price"":""334.65""},{""bid_quantity"":40,""ask_quantity"":20,""bid_orders"":1,""ask_orders"":1,""bid_price"":""333.65"",""ask_price"":""334.70""},{""bid_quantity"":40,""ask_quantity"":100,""bid_orders"":1,""ask_orders"":3,""bid_price"":""333.60"",""ask_price"":""334.85""},{""bid_quantity"":160,""ask_quantity"":80,""bid_orders"":4,""ask_orders"":1,""bid_price"":""333.55"",""ask_price"":""334.90""}]"
09:15:40.324,1790739940324972666,1457682878906613,Ticker Data,0,51,72502.89,,09:15:40,,,,,,,,
09:15:40.349,1790739940349580306,1457682903514973,Full Data,8,887216,183.10,120,09:15:40,,,169.22,411900,38960,88280,604640,"[{""bid_quantity"":60,""ask_quantity"":60,""bid_orders"":1,""ask_orders"":2,""bid_price"":""182.55"",""ask_price"":""183.30""},{""bid_quantity"":60,""ask_quantity"":20,""bid_orders"":2,""ask_orders"":1,""bid_price"":""182.50"",""ask_price"":""183.55""},{""bid_quantity"":60,""ask_quantity"":40,""bid_orders"":1,""ask_orders"":1,""bid_price"":""182.45"",""ask_price"":""183.65""},{""bid_quantity"":1220,""ask_quantity"":40,""bid_orders"":4,""ask_orders"":2,""bid_price"":""182.40"",""ask_price"":""183.70""},{""bid_quantity"":40,""ask_quantity"":20,""bid_orders"":1,""ask_orders"":1,""bid_price"":""182.10"",""ask_price"":""183.75""}]"
09:15:40.371,1790739940371853369,1457682925787676,Full Data,8,887216,183.65,40,09:15:40,,,169.25,412780,39820,88980,604640,"[{""bid_quantity"":100,""ask_quantity"":80,""bid_orders"":2,""ask_orders"":3,""bid_price"":""183.15"",""ask_price"":""183.70""},{""bid_quantity"":40,""ask_quantity"":80,""bid_orders"":1,""ask_orders"":1,""bid_price"":""182.95"",""ask_price"":""183.75""},{""bid_quantity"":180,""ask_quantity"":20,""bid_orders"":4,""ask_orders"":1,""bid_price"":""182.90"",""ask_price"":""183.80""},{""bid_quantity"":100,""ask_quantity"":60,""bid_orders"":1,""ask_orders"":2,""bid_price"":""182.85"",""ask_price"":""183.90""},{""bid_quantity"":60,""ask_quantity"":20,""bid_orders"":1,""ask_orders"":1,""bid_price"":""182.75"",""ask_price"":""184.00""}]"
09:15:40.611,1790739940611180317,1457683165114584,Full Data,8,886685,291.40,20,09:15:40,,,274.68,1037920,55260,152600,1113180,"[{""bid_quantity"":140,""ask_quantity"":20,""bid_orders"":5,""ask_orders"":1,""bid_price"":""290.75"",""ask_price"":""291.50""},{""bid_quantity"":60,""ask_quantity"":80,""bid_orders"":2,""ask_orders"":2,""bid_price"":""290.70"",""ask_price"":""291.70""},{""bid_quantity"":180,""ask_quantity"":40,""bid_orders"":4,""ask_orders"":2,""bid_price"":""290.65"",""ask_price"":""291.75""},{""bid_quantity"":140,""ask_quantity"":60,""bid_orders"":3,""ask_orders"":2,""bid_price"":""290.60"",""ask_price"":""291.85""},{""bid_quantity"":40,""ask_quantity"":80,""bid_orders"":2,""ask_orders"":1,""bid_price"":""290.45"",""ask_price"":""291.95""}]"
09:15:40.622,1790739940622445670,1457683176379657,Full Data,8,886528,302.00,20,09:15:40,,,313.96,489280,25480,151700,227080,"[{""bid_quantity"":40,""ask_quantity"":140,""bid_orders"":2,""ask_orders"":4,""bid_price"":""302.00"",""ask_price"":""302.90""},{""bid_quantity"":80,""ask_quantity"":100,""bid_orders"":3,""ask_orders"":3,""bid_price"":""301.95"",""ask_price"":""302.95""},{""bid_quantity"":60,""ask_quantity"":120,""bid_orders"":3,""ask_orders"":5,""bid_price"":""301.90"",""ask_price"":""303.00""},{""bid_quantity"":60,""ask_quantity"":80,""bid_orders"":3,""ask_orders"":3,""bid_price"":""301.85"",""ask_price"":""303.05""},{""bid_quantity"":100,""ask_quantity"":120,""bid_orders"":1,""ask_orders"":3,""bid_price"":""301.80"",""ask_price"":""303.10""}]"
09:15:40.651,1790739940651694139,1457683205628286,Full Data,8,887253,677.00,20,09:15:40,,,684.51,18360,9140,32100,68380,"[{""bid_quantity"":140,""ask_quantity"":40,""bid_orders"":3,""ask_orders"":2,""bid_price"":""671.80"",""ask_price"":""674.15""},{""bid_quantity"":40,""ask_quantity"":20,""bid_orders"":2,""ask_orders"":1,""bid_price"":""671.75"",""ask_price"":""675.00""},{""bid_quantity"":140,""ask_quantity"":60,""bid_orders"":4,""ask_orders"":2,""bid_price"":""671.70"",""ask_price"":""675.05""},{""bid_quantity"":160,""ask_quantity"":180,""bid_orders"":4,""ask_orders"":3,""bid_price"":""671.60"",""ask_price"":""675.10""},{""bid_quantity"":200,""ask_quantity"":60,""bid_orders"":4,""ask_orders"":2,""bid_price"":""671.50"",""ask_price"":""675.15""}]"
09:15:40.710,1790739940710379878,1457683264314025,Full Data,8,886620,215.10,60,09:15:40,,,200.33,484740,52460,83280,619000,"[{""bid_quantity"":80,""ask_quantity"":40,""bid_orders"":1,""ask_orders"":1,""bid_price"":""214.55"",""ask_price"":""215.25""},{""bid_quantity"":60,""ask_quantity"":80,""bid_orders"":1,""ask_orders"":2,""bid_price"":""214.50"",""ask_price"":""215.30""},{""bid_quantity"":200,""ask_quantity"":40,""bid_orders"":5,""ask_orders"":1,""bid_price"":""214.45"",""ask_price"":""215.35""},{""bid_quantity"":100,""ask_quantity"":160,""bid_orders"":2,""ask_orders"":5,""bid_price"":""214.40"",""ask_price"":""215.40""},{""bid_quantity"":120,""ask_quantity"":280,""bid_orders"":2,""ask_orders"":4,""bid_price"":""214.35"",""ask_price"":""215.55""}]"
09:15:40.756,1790739940756939539,1457683310873886,Full Data,8,886620,214.50,100,09:15:40,,,200.33,484860,52580,83140,619000,"[{""bid_quantity"":120,""ask_quantity"":80,""bid_orders"":2,""ask_orders"":2,""bid_price"":""214.05"",""ask_price"":""214.95""},{""bid_quantity"":160,""ask_quantity"":160,""bid_orders"":1,""ask_orders"":4,""bid_price"":""213.95"",""ask_price"":""215.00""},{""bid_quantity"":100,""ask_quantity"":260,""bid_orders"":1,""ask_orders"":5,""bid_price"":""213.90"",""ask_price"":""215.10""},{""bid_quantity"":160,""ask_quantity"":100,""bid_orders"":2,""ask_orders"":1,""bid_price"":""213.85"",""ask_price"":""215.25""},{""bid_quantity"":360,""ask_quantity"":80,""bid_orders"":2,""ask_orders"":2,""bid_price"":""213.80"",""ask_price"":""215.35""}]"
09:15:40.760,1790739940760024559,1457683313958426,Full Data,8,886461,409.00,80,09:15:40,,,423.22,561020,27820,149100,738980,"[{""bid_quantity"":200,""ask_quantity"":40,""bid_orders"":2,""ask_orders"":2,""bid_price"":""409.35"",""ask_price"":""409.95""},{""bid_quantity"":60,""ask_quantity"":100,""bid_orders"":1,""ask_orders"":2,""bid_price"":""409.30"",""ask_price"":""410.00""},{""bid_quantity"":160,""ask_quantity"":80,""bid_orders"":1,""ask_orders"":3,""bid_price"":""409.25"",""ask_price"":""410.10""},{""bid_quantity"":120,""ask_quantity"":220,""bid_orders"":2,""ask_orders"":1,""bid_price"":""409.20"",""ask_price"":""410.40""},{""bid_quantity"":160,""ask_quantity"":40,""bid_orders"":2,""ask_orders"":2,""bid_price"":""409.15"",""ask_price"":""410.65""}]"
09:15:40.767,1790739940767828889,1457683321762836,Full Data,8,886528,303.85,40,09:15:40,,,313.87,493500,29480,152920,227080,"[{""bid_quantity"":120,""ask_quantity"":80,""bid_orders"":1,""ask_orders"":2,""bid_price"":""303.90"",""ask_price"":""305.20""},{""bid_quantity"":160,""ask_quantity"":140,""bid_orders"":3,""ask_orders"":4,""bid_price"":""303.85"",""ask_price"":""305.25""},{""bid_quantity"":180,""ask_quantity"":280,""bid_orders"":4,""ask_orders"":7,""bid_price"":""303.80"",""ask_price"":""305.35""},{""bid_quantity"":100,""ask_quantity"":80,""bid_orders"":3,""ask_orders"":1,""bid_price"":""303.70"",""ask_price"":""305.40""},{""bid_quantity"":180,""ask_quantity"":100,""bid_orders"":2,""ask_orders"":3,""bid_price"":""303.65"",""ask_price"":""305.45""}]"
09:15:40.848,1790739940848408290,1457683402342317,Full Data,8,887253,674.15,40,09:15:40,,,684.49,18400,9860,32500,68380,"[{""bid_quantity"":100,""ask_quantity"":60,""bid_orders"":2,""ask_orders"":2,""bid_price"":""674.80"",""ask_price"":""677.30""},{""bid_quantity"":160,""ask_quantity"":60,""bid_orders"":1,""ask_orders"":2,""bid_price"":""674.75"",""ask_price"":""677.45""},{""bid_quantity"":120,""ask_quantity"":20,""bid_orders"":1,""ask_orders"":1,""bid_price"":""674.70"",""ask_price"":""677.55""},{""bid_quantity"":180,""ask_quantity"":100,""bid_orders"":2,""ask_orders"":2,""bid_price"":""674.65"",""ask_price"":""677.60""},{""bid_quantity"":80,""ask_quantity"":60,""bid_orders"":1,""ask_orders"":2,""bid_price"":""674.60"",""ask_price"":""677.65""}]"
09:15:40.853,1790739940853061080,1457683406995107,Full Data,8,886461,412.30,20,09:15:40,,,423.18,562700,29480,148380,738980,"[{""bid_quantity"":240,""ask_quantity"":140,""bid_orders"":2,""ask_orders"":6,""bid_price"":""411.25"",""ask_price"":""412.40""},{""bid_quantity"":40,""ask_quantity"":60,""bid_orders"":2,""ask_orders"":2,""bid_price"":""411.20"",""ask_price"":""412.60""},{""bid_quantity"":260,""ask_quantity"":160,""bid_orders"":3,""ask_orders"":4,""bid_price"":""411.15"",""ask_price"":""412.65""},{""bid_quantity"":100,""ask_quantity"":100,""bid_orders"":2,""ask_orders"":3,""bid_price"":""411.10"",""ask_price"":""412.70""},{""bid_quantity"":220,""ask_quantity"":340,""bid_orders"":4,""ask_orders"":3,""bid_price"":""411.00"",""ask_price"":""412.75""}]"
09:15:40.854,1790739940854043167,1457683407976994,Full Data,8,887279,249.05,20,09:15:40,,,233.16,773040,44420,93500,563560,"[{""bid_quantity"":80,""ask_quantity"":180,""bid_orders"":3,""ask_orders"":3,""bid_price"":""249.00"",""ask_price"":""249.65""},{""bid_quantity"":20,""ask_quantity"":20,""bid_orders"":1,""ask_orders"":1,""bid_price"":""248.95"",""ask_price"":""250.15""},{""bid_quantity"":80,""ask_quantity"":140,""bid_orders"":3,""ask_orders"":4,""bid_price"":""248.90"",""ask_price"":""250.20""},{""bid_quantity"":60,""ask_quantity"":40,""bid_orders"":2,""ask_orders"":2,""bid_price"":""248.85"",""ask_price"":""250.25""},{""bid_quantity"":120,""ask_quantity"":200,""bid_orders"":3,""ask_orders"":3,""bid_price"":""248.80"",""ask_price"":""250.30""}]"
09:15:40.895,1790739940895776556,1457683449710423,Full Data,8,887100,381.80,20,09:15:40,,,362.60,329520,19460,68040,254140,"[{""bid_quantity"":60,""ask_quantity"":20,""bid_orders"":3,""ask_orders"":1,""bid_price"":""381.55"",""ask_price"":""382.90""},{""bid_quantity"":60,""ask_quantity"":40,""bid_orders"":2,""ask_orders"":2,""bid_price"":""381.50"",""ask_price"":""382.95""},{""bid_quantity"":60,""ask_quantity"":20,""bid_orders"":1,""ask_orders"":1,""bid_price"":""381.45"",""ask_price"":""383.00""},{""bid_quantity"":40,""ask_quantity"":100,""bid_orders"":2,""ask_orders"":3,""bid_price"":""381.40"",""ask_price"":""383.05""},{""bid_quantity"":140,""ask_quantity"":120,""bid_orders"":3,""ask_orders"":5,""bid_price"":""381.25"",""ask_price"":""383.10""}]"
09:15:40.918,1790739940918632944,1457683472566851,Full Data,8,887100,380.00,40,09:15:40,,,362.61,329820,20840,67280,254140,"[{""bid_quantity"":80,""ask_quantity"":60,""bid_orders"":1,""ask_orders"":1,""bid_price"":""378.75"",""ask_price"":""380.05""},{""bid_quantity"":40,""ask_quantity"":60,""bid_orders"":1,""ask_orders"":1,""bid_price"":""378.70"",""ask_price"":""380.10""},{""bid_quantity"":60,""ask_quantity"":200,""bid_orders"":2,""ask_orders"":1,""bid_price"":""378.60"",""ask_price"":""380.15""},{""bid_quantity"":60,""ask_quantity"":320,""bid_orders"":2,""ask_orders"":2,""bid_price"":""378.40"",""ask_price"":""380.20""},{""bid_quantity"":100,""ask_quantity"":180,""bid_orders"":1,""ask_orders"":3,""bid_price"":""378.00"",""ask_price"":""380.25""}]"
09:15:40.922,1790739940922737811,1457683476671678,Full Data,8,886540,153.95,20,09:15:40,,,142.71,332920,67100,64140,605280,"[{""bid_quantity"":20,""ask_quantity"":40,""bid_orders"":1,""ask_orders"":1,""bid_price"":""152.65"",""ask_price"":""153.15""},{""bid_quantity"":20,""ask_quantity"":80,""bid_orders"":1,""ask_orders"":1,""bid_price"":""152.60"",""ask_price"":""153.20""},{""bid_quantity"":120,""ask_quantity"":220,""bid_orders"":2,""ask_orders"":5,""bid_price"":""152.25"",""ask_price"":""153.25""},{""bid_quantity"":160,""ask_quantity"":120,""bid_orders"":2,""ask_orders"":4,""bid_price"":""152.15"",""ask_price"":""153.30""},{""bid_quantity"":120,""ask_quantity"":60,""bid_orders"":1,""ask_orders"":2,""bid_price"":""152.05"",""ask_price"":""153.35""}]"
09:15:40.983,1790739940984000047,1457683537934274,Full Data,8,887080,477.00,20,09:15:40,,,483.55,234540,15980,83180,212920,"[{""bid_quantity"":140,""ask_quantity"":20,""bid_orders"":3,""ask_orders"":1,""bid_price"":""475.35"",""ask_price"":""477.05""},{""bid_quantity"":60,""ask_quantity"":60,""bid_orders"":2,""ask_orders"":2,""bid_price"":""475.30"",""ask_price"":""477.65""},{""bid_quantity"":140,""ask_quantity"":120,""bid_orders"":3,""ask_orders"":3,""bid_price"":""475.25"",""ask_price"":""478.00""},{""bid_quantity"":20,""ask_quantity"":180,""bid_orders"":1,""ask_orders"":2,""bid_price"":""475.20"",""ask_price"":""478.30""},{""bid_quantity"":160,""ask_quantity"":20,""bid_orders"":1,""ask_orders"":1,""bid_price"":""475.15"",""ask_price"":""478.35""}]"
09:15:41.052,1790739941052820412,1457683606754839,Full Data,8,887080,474.65,60,09:15:41,,,483.55,234640,15500,82300,212920,"[{""bid_quantity"":20,""ask_quantity"":100,""bid_orders"":1,""ask_orders"":2,""bid_price"":""474.40"",""ask_price"":""475.10""},{""bid_quantity"":20,""ask_quantity"":200,""bid_orders"":1,""ask_orders"":1,""bid_price"":""474.10"",""ask_price"":""475.15""},{""bid_quantity"":20,""ask_quantity"":20,""bid_orders"":1,""ask_orders"":1,""bid_price"":""473.50"",""ask_price"":""475.30""},{""bid_quantity"":100,""ask_quantity"":40,""bid_orders"":1,""ask_orders"":2,""bid_price"":""473.40"",""ask_price"":""475.45""},{""bid_quantity"":100,""ask_quantity"":280,""bid_orders"":1,""ask_orders"":2,""bid_price"":""473.20"",""ask_price"":""476.65""}]"
09:15:41.204,1790739941204210470,1457683758144777,Full Data,8,887306,546.65,20,09:15:41,,,550.45,105680,13080,43640,204460,"[{""bid_quantity"":160,""ask_quantity"":40,""bid_orders"":3,""ask_orders"":1,""bid_price"":""545.80"",""ask_price"":""549.25""},{""bid_quantity"":40,""ask_quantity"":40,""bid_orders"":1,""ask_orders"":1,""bid_price"":""545.45"",""ask_price"":""549.30""},{""bid_quantity"":200,""ask_quantity"":40,""bid_orders"":2,""ask_orders"":1,""bid_price"":""545.15"",""ask_price"":""549.35""},{""bid_quantity"":80,""ask_quantity"":200,""bid_orders"":2,""ask_orders"":5,""bid_price"":""543.90"",""ask_price"":""549.40""},{""bid_quantity"":80,""ask_quantity"":80,""bid_orders"":1,""ask_orders"":3,""bid_price"":""542.60"",""ask_price"":""549.50""}]"
09:15:41.264,1790739941264284779,1457683818218846,Full Data,8,886659,615.05,20,09:15:41,,,620.19,51060,12380,28380,139920,"[{""bid_quantity"":220,""ask_quantity"":40,""bid_orders"":4,""ask_orders"":2,""bid_price"":""613.90"",""ask_price"":""617.65""},{""bid_quantity"":20,""ask_quantity"":20,""bid_orders"":1,""ask_orders"":1,""bid_price"":""613.85"",""ask_price"":""617.75""},{""bid_quantity"":360,""ask_quantity"":60,""bid_orders"":6,""ask_orders"":2,""bid_price"":""613.80"",""ask_price"":""617.80""},{""bid_quantity"":160,""ask_quantity"":20,""bid_orders"":3,""ask_orders"":1,""bid_price"":""613.75"",""ask_price"":""617.85""},{""bid_quantity"":220,""ask_quantity"":20,""bid_orders"":3,""ask_orders"":1,""bid_price"":""613.70"",""ask_price"":""618.10""}]"
09:15:41.313,1790739941313546697,1457683867480724,Ticker Data,0,51,72510.86,,09:15:41,,,,,,,,
09:15:41.315,1790739941315412789,1457683869346696,Full Data,8,887355,324.90,20,09:15:41,,,319.83,536180,29800,83220,308440,"[{""bid_quantity"":40,""ask_quantity"":80,""bid_orders"":1,""ask_orders"":1,""bid_price"":""324.15"",""ask_price"":""324.50""},{""bid_quantity"":60,""ask_quantity"":120,""bid_orders"":2,""ask_orders"":3,""bid_price"":""324.00"",""ask_price"":""324.85""},{""bid_quantity"":180,""ask_quantity"":100,""bid_orders"":2,""ask_orders"":3,""bid_price"":""323.80"",""ask_price"":""324.90""},{""bid_quantity"":20,""ask_quantity"":40,""bid_orders"":1,""ask_orders"":1,""bid_price"":""323.75"",""ask_price"":""324.95""},{""bid_quantity"":120,""ask_quantity"":20,""bid_orders"":2,""ask_orders"":1,""bid_price"":""323.70"",""ask_price"":""325.00""}]"
09:15:41.355,1790739941355486408,1457683909420315,Full Data,8,887135,362.50,80,09:15:41,,,363.98,512260,21680,86460,307120,"[{""bid_quantity"":40,""ask_quantity"":160,""bid_orders"":1,""ask_orders"":1,""bid_price"":""362.55"",""ask_price"":""363.80""},{""bid_quantity"":40,""ask_quantity"":180,""bid_orders"":2,""ask_orders"":2,""bid_price"":""362.50"",""ask_price"":""363.90""},{""bid_quantity"":120,""ask_quantity"":20,""bid_orders"":2,""ask_orders"":1,""bid_price"":""362.45"",""ask_price"":""363.95""},{""bid_quantity"":200,""ask_quantity"":20,""bid_orders"":1,""ask_orders"":1,""bid_price"":""362.40"",""ask_price"":""364.00""},{""bid_quantity"":100,""ask_quantity"":200,""bid_orders"":1,""ask_orders"":3,""bid_price"":""362.10"",""ask_price"":""364.05""}]"
09:15:41.410,1790739941410249602,1457683964183869,Full Data,8,887216,176.70,240,09:15:41,,,169.75,431880,42340,81100,604640,"[{""bid_quantity"":200,""ask_quantity"":80,""bid_orders"":3,""ask_orders"":3,""bid_price"":""176.05"",""ask_price"":""176.75""},{""bid_quantity"":40,""ask_quantity"":400,""bid_orders"":1,""ask_orders"":5,""bid_price"":""176.00"",""ask_price"":""176.80""},{""bid_quantity"":200,""ask_quantity"":20,""bid_orders"":3,""ask_orders"":1,""bid_price"":""175.95"",""ask_price"":""176.85""},{""bid_quantity"":120,""ask_quantity"":80,""bid_orders"":2,""ask_orders"":2,""bid_price"":""175.90"",""ask_price"":""176.90""},{""bid_quantity"":180,""ask_quantity"":80,""bid_orders"":3,""ask_orders"":1,""bid_price"":""175.80"",""ask_price"":""176.95""}]"
09:15:41.445,1790739941445056547,1457683998990494,Full Data,8,887216,178.55,260,09:15:41,,,169.76,432780,39740,83120,604640,"[{""bid_quantity"":60,""ask_quantity"":260,""bid_orders"":1,""ask_orders"":1,""bid_price"":""178.35"",""ask_price"":""178.95""},{""bid_quantity"":40,""ask_quantity"":280,""bid_orders"":1,""ask_orders"":2,""bid_price"":""178.30"",""ask_price"":""179.00""},{""bid_quantity"":100,""ask_quantity"":100,""bid_orders"":3,""ask_orders"":1,""bid_price"":""178.25"",""ask_price"":""179.20""},{""bid_quantity"":120,""ask_quantity"":280,""bid_orders"":2,""ask_orders"":2,""bid_price"":""178.20"",""ask_price"":""179.40""},{""bid_quantity"":60,""ask_quantity"":40,""bid_orders"":1,""ask_orders"":1,""bid_price"":""178.15"",""ask_price"":""179.50""}]"
09:15:41.616,1790739941616242334,1457684170176721,Full Data,8,886685,281.35,20,09:15:41,,,274.96,1069580,66100,141500,1113180,"[{""bid_quantity"":40,""ask_quantity"":160,""bid_orders"":2,""ask_orders"":1,""bid_price"":""281.20"",""ask_price"":""282.05""},{""bid_quantity"":200,""ask_quantity"":40,""bid_orders"":3,""ask_orders"":1,""bid_price"":""281.10"",""ask_price"":""282.10""},{""bid_quantity"":40,""ask_quantity"":160,""bid_orders"":2,""ask_orders"":2,""bid_price"":""281.05"",""ask_price"":""282.15""},{""bid_quantity"":200,""ask_quantity"":60,""bid_orders"":3,""ask_orders"":1,""bid_price"":""280.95"",""ask_price"":""282.20""},{""bid_quantity"":20,""ask_quantity"":100,""bid_orders"":1,""ask_orders"":2,""bid_price"":""280.90"",""ask_price"":""282.25""}]"
09:15:41.688,1790739941688941524,1457684242875951,Full Data,8,886620,207.75,60,09:15:41,,,200.92,515500,55100,80400,619000,"[{""bid_quantity"":20,""ask_quantity"":80,""bid_orders"":1,""ask_orders"":1,""bid_price"":""206.85"",""ask_price"":""207.60""},{""bid_quantity"":60,""ask_quantity"":140,""bid_orders"":2,""ask_orders"":4,""bid_price"":""206.80"",""ask_price"":""207.65""},{""bid_quantity"":20,""ask_quantity"":160,""bid_orders"":1,""ask_orders"":4,""bid_price"":""206.75"",""ask_price"":""207.70""},{""bid_quantity"":400,""ask_quantity"":80,""bid_orders"":5,""ask_orders"":3,""bid_price"":""206.70"",""ask_price"":""207.75""},{""bid_quantity"":40,""ask_quantity"":60,""bid_orders"":1,""ask_orders"":2,""bid_price"":""206.65"",""ask_price"":""207.80""}]"
09:15:41.717,1790739941717660710,1457684271594737,Full Data,8,886620,207.40,20,09:15:41,,,200.92,515540,54940,79480,619000,"[{""bid_quantity"":20,""ask_quantity"":120,""bid_orders"":1,""ask_orders"":2,""bid_price"":""206.50"",""ask_price"":""207.20""},{""bid_quantity"":60,""ask_quantity"":40,""bid_orders"":1,""ask_orders"":1,""bid_price"":""206.30"",""ask_price"":""207.25""},{""bid_quantity"":60,""ask_quantity"":20,""bid_orders"":1,""ask_orders"":1,""bid_price"":""205.70"",""ask_price"":""207.30""},{""bid_quantity"":300,""ask_quantity"":100,""bid_orders"":1,""ask_orders"":2,""bid_price"":""205.65"",""ask_price"":""207.35""},{""bid_quantity"":80,""ask_quantity"":40,""bid_orders"":1,""ask_orders"":1,""bid_price"":""205.60"",""ask_price"":""207.40""}]"
09:15:41.745,1790739941745340249,1457684299274276,Full Data,8,886528,307.20,40,09:15:41,,,313.72,508140,24040,153960,227080,"[{""bid_quantity"":20,""ask_quantity"":80,""bid_orders"":1,""ask_orders"":1,""bid_price"":""306.80"",""ask_price"":""307.35""},{""bid_quantity"":20,""ask_quantity"":40,""bid_orders"":1,""ask_orders"":2,""bid_price"":""306.75"",""ask_price"":""307.40""},{""bid_quantity"":40,""ask_quantity"":80,""bid_orders"":1,""ask_orders"":1,""bid_price"":""306.70"",""ask_price"":""307.45""},{""bid_quantity"":120,""ask_quantity"":40,""bid_orders"":2,""ask_orders"":1,""bid_price"":""306.40"",""ask_price"":""307.50""},{""bid_quantity"":100,""ask_quantity"":40,""bid_orders"":1,""ask_orders"":1,""bid_price"":""306.20"",""ask_price"":""307.60""}]"
09:15:41.778,1790739941778097260,1457684332031167,Full Data,8,887253,686.85,60,09:15:41,,,684.74,19380,8820,31780,68380,"[{""bid_quantity"":100,""ask_quantity"":40,""bid_orders"":2,""ask_orders"":2,""bid_price"":""682.60"",""ask_price"":""684.65""},{""bid_quantity"":100,""ask_quantity"":80,""bid_orders"":3,""ask_orders"":4,""bid_price"":""682.50"",""ask_price"":""684.70""},{""bid_quantity"":60,""ask_quantity"":40,""bid_orders"":2,""ask_orders"":2,""bid_price"":""682.45"",""ask_price"":""685.50""},{""bid_quantity"":100,""ask_quantity"":40,""bid_orders"":3,""ask_orders"":2,""bid_price"":""682.20"",""ask_price"":""685.75""},{""bid_quantity"":60,""ask_quantity"":40,""bid_orders"":2,""ask_orders"":1,""bid_price"":""682.15"",""ask_price"":""685.95""}]"
09:15:41.831,1790739941831117083,1457684385051510,Full Data,8,886461,416.25,20,09:15:41,,,422.97,587360,31560,151720,738980,"[{""bid_quantity"":20,""ask_quantity"":20,""bid_orders"":1,""ask_orders"":1,""bid_price"":""414.60"",""ask_price"":""415.85""},{""bid_quantity"":60,""ask_quantity"":140,""bid_orders"":2,""ask_orders"":5,""bid_price"":""414.55"",""ask_price"":""415.90""},{""bid_quantity"":100,""ask_quantity"":60,""bid_orders"":3,""ask_orders"":3,""bid_price"":""414.40"",""ask_price"":""415.95""},{""bid_quantity"":220,""ask_quantity"":120,""bid_orders"":3,""ask_orders"":5,""bid_price"":""414.30"",""ask_price"":""416.00""},{""bid_quantity"":80,""ask_quantity"":40,""bid_orders"":2,""ask_orders"":1,""bid_price"":""414.20"",""ask_price"":""416.05""}]"
09:15:41.859,1790739941859673588,1457684413607935,Full Data,8,887279,242.30,40,09:15:41,,,233.52,799240,47200,88360,563560,"[{""bid_quantity"":20,""ask_quantity"":20,""bid_orders"":1,""ask_orders"":1,""bid_price"":""241.55"",""ask_price"":""242.35""},{""bid_quantity"":40,""ask_quantity"":80,""bid_orders"":2,""ask_orders"":3,""bid_price"":""241.40"",""ask_price"":""242.40""},{""bid_quantity"":40,""ask_quantity"":140,""bid_orders"":1,""ask_orders"":1,""bid_price"":""241.25"",""ask_price"":""242.55""},{""bid_quantity"":440,""ask_quantity"":60,""bid_orders"":2,""ask_orders"":2,""bid_price"":""241.20"",""ask_price"":""242.80""},{""bid_quantity"":80,""ask_quantity"":180,""bid_orders"":1,""ask_orders"":3,""bid_price"":""241.10"",""ask_price"":""242.85""}]"
09:15:41.868,1790739941868910807,1457684422844714,Full Data,8,886461,414.20,60,09:15:41,,,422.94,589820,30940,156560,738980,"[{""bid_quantity"":40,""ask_quantity"":60,""bid_orders"":1,""ask_orders"":2,""bid_price"":""415.40"",""ask_price"":""416.55""},{""bid_quantity"":20,""ask_quantity"":40,""bid_orders"":1,""ask_orders"":2,""bid_price"":""415.35"",""ask_price"":""416.65""},{""bid_quantity"":160,""ask_quantity"":180,""bid_orders"":1,""ask_orders"":2,""bid_price"":""415.05"",""ask_price"":""416.85""},{""bid_quantity"":120,""ask_quantity"":240,""bid_orders"":2,""ask_orders"":4,""bid_price"":""415.00"",""ask_price"":""416.90""},{""bid_quantity"":40,""ask_quantity"":60,""bid_orders"":1,""ask_orders"":1,""bid_price"":""414.95"",""ask_price"":""417.00""}]"
09:15:41.893,1790739941893483686,1457684447417553,Full Data,8,886528,306.90,100,09:15:41,,,313.70,509500,23520,154540,227080,"[{""bid_quantity"":20,""ask_quantity"":40,""bid_orders"":1,""ask_orders"":1,""bid_price"":""306.55"",""ask_price"":""307.45""},{""bid_quantity"":160,""ask_quantity"":40,""bid_orders"":1,""ask_orders"":2,""bid_price"":""306.50"",""ask_price"":""307.50""},{""bid_quantity"":120,""ask_quantity"":60,""bid_orders"":3,""ask_orders"":2,""bid_price"":""306.45"",""ask_price"":""307.55""},{""bid_quantity"":20,""ask_quantity"":100,""bid_orders"":1,""ask_orders"":2,""bid_price"":""306.40"",""ask_price"":""307.60""},{""bid_quantity"":20,""ask_quantity"":120,""bid_orders"":1,""ask_orders"":5,""bid_price"":""306.20"",""ask_price"":""307.65""}]"
09:15:41.896,1790739941896041063,1457684449974890,Full Data,8,887253,686.85,60,09:15:41,,,684.74,19380,8500,31420,68380,"[{""bid_quantity"":40,""ask_quantity"":120,""bid_orders"":1,""ask_orders"":3,""bid_price"":""682.10"",""ask_price"":""684.65""},{""bid_quantity"":180,""ask_quantity"":40,""bid_orders"":4,""ask_orders"":2,""bid_price"":""682.05"",""ask_price"":""684.70""},{""bid_quantity"":120,""ask_quantity"":20,""bid_orders"":3,""ask_orders"":1,""bid_price"":""681.80"",""ask_price"":""685.00""},{""bid_quantity"":60,""ask_quantity"":100,""bid_orders"":2,""ask_orders"":4,""bid_price"":""681.65"",""ask_price"":""685.75""},{""bid_quantity"":20,""ask_quantity"":40,""bid_orders"":1,""ask_orders"":2,""bid_price"":""681.60"",""ask_price"":""685.80""}]"
09:15:41.926,1790739941926772621,1457684480706488,Full Data,8,887100,369.90,200,09:15:41,,,362.93,339900,23120,65060,254140,"[{""bid_quantity"":100,""ask_quantity"":200,""bid_orders"":2,""ask_orders"":3,""bid_price"":""369.20"",""ask_price"":""370.50""},{""bid_quantity"":20,""ask_quantity"":260,""bid_orders"":1,""ask_orders"":3,""bid_price"":""368.55"",""ask_price"":""370.55""},{""bid_quantity"":20,""ask_quantity"":20,""bid_orders"":1,""ask_orders"":1,""bid_price"":""367.90"",""ask_price"":""370.60""},{""bid_quantity"":100,""ask_quantity"":60,""bid_orders"":1,""ask_orders"":1,""bid_price"":""367.80"",""ask_price"":""370.65""},{""bid_quantity"":320,""ask_quantity"":380,""bid_orders"":1,""ask_orders"":6,""bid_price"":""367.65"",""ask_price"":""370.70""}]"
09:15:41.931,1790739941931876974,1457684485810881,Full Data,8,886540,148.05,40,09:15:41,,,143.01,346260,67560,64600,605280,"[{""bid_quantity"":60,""ask_quantity"":60,""bid_orders"":2,""ask_orders"":3,""bid_price"":""147.15"",""ask_price"":""148.45""},{""bid_quantity"":140,""ask_quantity"":80,""bid_orders"":3,""ask_orders"":4,""bid_price"":""147.10"",""ask_price"":""148.50""},{""bid_quantity"":820,""ask_quantity"":160,""bid_orders"":1,""ask_orders"":3,""bid_price"":""147.05"",""ask_price"":""148.55""},{""bid_quantity"":620,""ask_quantity"":60,""bid_orders"":1,""ask_orders"":2,""bid_price"":""147.00"",""ask_price"":""148.60""},{""bid_quantity"":440,""ask_quantity"":240,""bid_orders"":2,""ask_orders"":5,""bid_price"":""146.95"",""ask_price"":""148.65""}]"
09:15:41.947,1790739941947997359,1457684501931346,Full Data,8,887100,369.25,20,09:15:41,,,362.93,339940,20780,65060,254140,"[{""bid_quantity"":20,""ask_quantity"":40,""bid_orders"":1,""ask_orders"":1,""bid_price"":""368.30"",""ask_price"":""369.55""},{""bid_quantity"":20,""ask_quantity"":100,""bid_orders"":1,""ask_orders"":1,""bid_price"":""368.20"",""ask_price"":""369.60""},{""bid_quantity"":60,""ask_quantity"":80,""bid_orders"":2,""ask_orders"":2,""bid_price"":""368.15"",""ask_price"":""369.65""},{""bid_quantity"":20,""ask_quantity"":100,""bid_orders"":1,""ask_orders"":1,""bid_price"":""368.05"",""ask_price"":""369.80""},{""bid_quantity"":20,""ask_quantity"":100,""bid_orders"":1,""ask_orders"":1,""bid_price"":""368.00"",""ask_price"":""370.00""}]"
09:15:41.976,1790739941976386702,1457684530320689,Full Data,8,886540,148.00,20,09:15:41,,,143.01,346340,66900,65540,605280,"[{""bid_quantity"":40,""ask_quantity"":20,""bid_orders"":1,""ask_orders"":1,""bid_price"":""147.75"",""ask_price"":""148.15""},{""bid_quantity"":80,""ask_quantity"":360,""bid_orders"":1,""ask_orders"":2,""bid_price"":""147.70"",""ask_price"":""148.20""},{""bid_quantity"":60,""ask_quantity"":320,""bid_orders"":2,""ask_orders"":5,""bid_price"":""147.65"",""ask_price"":""148.35""},{""bid_quantity"":100,""ask_quantity"":220,""bid_orders"":2,""ask_orders"":1,""bid_price"":""147.60"",""ask_price"":""148.65""},{""bid_quantity"":80,""ask_quantity"":100,""bid_orders"":3,""ask_orders"":1,""bid_price"":""147.55"",""ask_price"":""148.70""}]"
09:15:42.060,1790739942060198644,1457684614132911,Full Data,8,887080,483.70,20,09:15:42,,,483.39,244980,13820,83800,212920,"[{""bid_quantity"":300,""ask_quantity"":40,""bid_orders"":3,""ask_orders"":2,""bid_price"":""481.05"",""ask_price"":""483.50""},{""bid_quantity"":160,""ask_quantity"":20,""bid_orders"":1,""ask_orders"":1,""bid_price"":""481.00"",""ask_price"":""484.25""},{""bid_quantity"":120,""ask_quantity"":180,""bid_orders"":1,""ask_orders"":1,""bid_price"":""480.50"",""ask_price"":""484.90""},{""bid_quantity"":180,""ask_quantity"":180,""bid_orders"":2,""ask_orders"":1,""bid_price"":""480.45"",""ask_price"":""485.05""},{""bid_quantity"":160,""ask_quantity"":40,""bid_orders"":4,""ask_orders"":1,""bid_price"":""480.40"",""ask_price"":""485.55""}]"
09:15:42.130,1790739942130899701,1457684684833888,Full Data,8,887080,491.50,100,09:15:42,,,483.41,246280,14720,85700,212920,"[{""bid_quantity"":120,""ask_quantity"":100,""bid_orders"":3,""ask_orders"":2,""bid_price"":""487.95"",""ask_price"":""491.45""},{""bid_quantity"":460,""ask_quantity"":20,""bid_orders"":2,""ask_orders"":1,""bid_price"":""487.90"",""ask_price"":""491.50""},{""bid_quantity"":20,""ask_quantity"":180,""bid_orders"":1,""ask_orders"":2,""bid_price"":""487.85"",""ask_price"":""491.55""},{""bid_quantity"":20,""ask_quantity"":20,""bid_orders"":1,""ask_orders"":1,""bid_price"":""487.70"",""ask_price"":""491.65""},{""bid_quantity"":80,""ask_quantity"":60,""bid_orders"":2,""ask_orders"":1,""bid_price"":""487.50"",""ask_price"":""491.70""}]"
09:15:42.263,1790739942263935401,1457684817869708,Full Data,8,886659,624.15,20,09:15:42,,,619.91,53700,11780,28840,139920,"[{""bid_quantity"":80,""ask_quantity"":40,""bid_orders"":2,""ask_orders"":2,""bid_price"":""625.00"",""ask_price"":""627.45""},{""bid_quantity"":100,""ask_quantity"":40,""bid_orders"":4,""ask_orders"":2,""bid_price"":""624.95"",""ask_price"":""627.50""},{""bid_quantity"":80,""ask_quantity"":40,""bid_orders"":2,""ask_orders"":2,""bid_price"":""624.85"",""ask_price"":""627.55""},{""bid_quantity"":40,""ask_quantity"":40,""bid_orders"":1,""ask_orders"":2,""bid_price"":""624.80"",""ask_price"":""627.60""},{""bid_quantity"":60,""ask_quantity"":20,""bid_orders"":1,""ask_orders"":1,""bid_price"":""624.75"",""ask_price"":""627.65""}]"
09:15:42.314,1790739942314884210,1457684868818317,Ticker Data,0,51,72504.34,,09:15:42,,,,,,,,
09:15:42.361,1790739942361613672,1457684915547579,Full Data,8,886659,624.95,20,09:15:42,,,619.92,53820,12960,28020,139920,"[{""bid_quantity"":100,""ask_quantity"":240,""bid_orders"":2,""ask_orders"":5,""bid_price"":""625.20"",""ask_price"":""629.55""},{""bid_quantity"":120,""ask_quantity"":40,""bid_orders"":3,""ask_orders"":2,""bid_price"":""625.15"",""ask_price"":""629.60""},{""bid_quantity"":200,""ask_quantity"":120,""bid_orders"":4,""ask_orders"":4,""bid_price"":""625.10"",""ask_price"":""629.65""},{""bid_quantity"":140,""ask_quantity"":160,""bid_orders"":4,""ask_orders"":3,""bid_price"":""625.05"",""ask_price"":""629.70""},{""bid_quantity"":140,""ask_quantity"":540,""bid_orders"":3,""ask_orders"":9,""bid_price"":""625.00"",""ask_price"":""629.75""}]"
09:15:42.400,1790739942400966447,1457684954900474,Full Data,8,887135,370.70,20,09:15:42,,,363.86,535780,19220,93060,307120,"[{""bid_quantity"":80,""ask_quantity"":20,""bid_orders"":2,""ask_orders"":1,""bid_price"":""369.60"",""ask_price"":""371.00""},{""bid_quantity"":60,""ask_quantity"":20,""bid_orders"":1,""ask_orders"":1,""bid_price"":""369.55"",""ask_price"":""371.10""},{""bid_quantity"":100,""ask_quantity"":20,""bid_orders"":2,""ask_orders"":1,""bid_price"":""369.50"",""ask_price"":""371.15""},{""bid_quantity"":60,""ask_quantity"":20,""bid_orders"":1,""ask_orders"":1,""bid_price"":""369.45"",""ask_price"":""371.20""},{""bid_quantity"":40,""ask_quantity"":20,""bid_orders"":2,""ask_orders"":1,""bid_price"":""369.40"",""ask_price"":""371.30""}]"
09:15:42.623,1790739942623771767,1457685177706194,Full Data,8,886685,276.10,80,09:15:42,,,274.97,1097360,65660,135240,1113180,"[{""bid_quantity"":100,""ask_quantity"":160,""bid_orders"":3,""ask_orders"":1,""bid_price"":""276.50"",""ask_price"":""277.55""},{""bid_quantity"":60,""ask_quantity"":40,""bid_orders"":1,""ask_orders"":1,""bid_price"":""276.40"",""ask_price"":""277.60""},{""bid_quantity"":80,""ask_quantity"":220,""bid_orders"":1,""ask_orders"":2,""bid_price"":""276.30"",""ask_price"":""277.65""},{""bid_quantity"":20,""ask_quantity"":140,""bid_orders"":1,""ask_orders"":3,""bid_price"":""276.25"",""ask_price"":""277.70""},{""bid_quantity"":40,""ask_quantity"":120,""bid_orders"":1,""ask_orders"":3,""bid_price"":""276.15"",""ask_price"":""277.75""}]"
09:15:42.712,1790739942712909783,1457685266844010,Full Data,8,886620,206.05,20,09:15:42,,,201.00,534440,52580,78300,619000,"[{""bid_quantity"":20,""ask_quantity"":100,""bid_orders"":1,""ask_orders"":1,""bid_price"":""206.05"",""ask_price"":""206.50""},{""bid_quantity"":40,""ask_quantity"":60,""bid_orders"":2,""ask_orders"":2,""bid_price"":""206.00"",""ask_price"":""206.70""},{""bid_quantity"":60,""ask_quantity"":140,""bid_orders"":2,""ask_orders"":4,""bid_price"":""205.95"",""ask_price"":""206.80""},{""bid_quantity"":100,""ask_quantity"":20,""bid_orders"":2,""ask_orders"":1,""bid_price"":""205.90"",""ask_price"":""206.90""},{""bid_quantity"":40,""ask_quantity"":80,""bid_orders"":2,""ask_orders"":2,""bid_price"":""205.85"",""ask_price"":""206.95""}]"
09:15:42.747,1790739942747743608,1457685301677715,Full Data,8,886620,207.15,40,09:15:42,,,201.01,536100,53000,77800,619000,"[{""bid_quantity"":100,""ask_quantity"":60,""bid_orders"":1,""ask_orders"":1,""bid_price"":""206.75"",""ask_price"":""207.55""},{""bid_quantity"":60,""ask_quantity"":80,""bid_orders"":1,""ask_orders"":1,""bid_price"":""206.70"",""ask_price"":""207.65""},{""bid_quantity"":40,""ask_quantity"":80,""bid_orders"":1,""ask_orders"":2,""bid_price"":""206.65"",""ask_price"":""208.05""},{""bid_quantity"":120,""ask_quantity"":160,""bid_orders"":1,""ask_orders"":1,""bid_price"":""206.40"",""ask_price"":""208.15""},{""bid_quantity"":100,""ask_quantity"":100,""bid_orders"":1,""ask_orders"":1,""bid_price"":""206.10"",""ask_price"":""208.20""}]"
09:15:42.839,1790739942839460241,1457685393394628,Full Data,8,887279,239.95,20,09:15:42,,,233.76,838400,50240,79640,563560,"[{""bid_quantity"":60,""ask_quantity"":100,""bid_orders"":2,""ask_orders"":2,""bid_price"":""239.45"",""ask_price"":""240.40""},{""bid_quantity"":120,""ask_quantity"":680,""bid_orders"":1,""ask_orders"":14,""bid_price"":""239.15"",""ask_price"":""240.45""},{""bid_quantity"":340,""ask_quantity"":60,""bid_orders"":2,""ask_orders"":1,""bid_price"":""239.00"",""ask_price"":""240.50""},{""bid_quantity"":20,""ask_quantity"":140,""bid_orders"":1,""ask_orders"":3,""bid_price"":""238.90"",""ask_price"":""240.55""},{""bid_quantity"":260,""ask_quantity"":220,""bid_orders"":2,""ask_orders"":4,""bid_price"":""238.80"",""ask_price"":""240.60""}]"
09:15:42.844,1790739942844213312,1457685398147339,Full Data,8,886528,309.10,120,09:15:42,,,313.62,524400,23860,154100,227080,"[{""bid_quantity"":40,""ask_quantity"":20,""bid_orders"":1,""ask_orders"":1,""bid_price"":""307.90"",""ask_price"":""308.80""},{""bid_quantity"":320,""ask_quantity"":20,""bid_orders"":4,""ask_orders"":1,""bid_price"":""307.40"",""ask_price"":""309.05""},{""bid_quantity"":40,""ask_quantity"":60,""bid_orders"":1,""ask_orders"":1,""bid_price"":""307.05"",""ask_price"":""309.10""},{""bid_quantity"":80,""ask_quantity"":20,""bid_orders"":1,""ask_orders"":1,""bid_price"":""307.00"",""ask_price"":""309.20""},{""bid_quantity"":40,""ask_quantity"":40,""bid_orders"":1,""ask_orders"":2,""bid_price"":""306.15"",""ask_price"":""309.30""}]"
09:15:42.932,1790739942932648444,1457685486582511,Full Data,8,887100,368.85,120,09:15:42,,,363.04,350360,19880,65120,254140,"[{""bid_quantity"":60,""ask_quantity"":80,""bid_orders"":3,""ask_orders"":1,""bid_price"":""369.00"",""ask_price"":""370.20""},{""bid_quantity"":40,""ask_quantity"":20,""bid_orders"":2,""ask_orders"":1,""bid_price"":""368.95"",""ask_price"":""370.25""},{""bid_quantity"":40,""ask_quantity"":120,""bid_orders"":2,""ask_orders"":2,""bid_price"":""368.90"",""ask_price"":""370.30""},{""bid_quantity"":120,""ask_quantity"":60,""bid_orders"":5,""ask_orders"":2,""bid_price"":""368.85"",""ask_price"":""370.35""},{""bid_quantity"":40,""ask_quantity"":60,""bid_orders"":2,""ask_orders"":2,""bid_price"":""368.60"",""ask_price"":""370.40""}]"
09:15:42.980,1790739942980312072,1457685534246019,Full Data,8,886540,149.05,20,09:15:42,,,143.12,356140,66720,64360,605280,"[{""bid_quantity"":40,""ask_quantity"":20,""bid_orders"":2,""ask_orders"":1,""bid_price"":""148.65"",""ask_price"":""149.05""},{""bid_quantity"":60,""ask_quantity"":160,""bid_orders"":3,""ask_orders"":3,""bid_price"":""148.60"",""ask_price"":""149.10""},{""bid_quantity"":160,""ask_quantity"":160,""bid_orders"":4,""ask_orders"":2,""bid_price"":""148.55"",""ask_price"":""149.15""},{""bid_quantity"":80,""ask_quantity"":60,""bid_orders"":4,""ask_orders"":2,""bid_price"":""148.50"",""ask_price"":""149.20""},{""bid_quantity"":120,""ask_quantity"":100,""bid_orders"":3,""ask_orders"":3,""bid_price"":""148.45"",""ask_price"":""149.25""}]"
09:15:42.981,1790739942981028756,1457685534962583,Full Data,8,887100,369.95,20,09:15:42,,,363.04,350680,20060,65520,254140,"[{""bid_quantity"":20,""ask_quantity"":120,""bid_orders"":1,""ask_orders"":2,""bid_price"":""369.95"",""ask_price"":""371.10""},{""bid_quantity"":40,""ask_quantity"":100,""bid_orders"":2,""ask_orders"":2,""bid_price"":""369.90"",""ask_price"":""371.15""},{""bid_quantity"":20,""ask_quantity"":60,""bid_orders"":1,""ask_orders"":2,""bid_price"":""369.85"",""ask_price"":""371.20""},{""bid_quantity"":40,""ask_quantity"":160,""bid_orders"":2,""ask_orders"":2,""bid_price"":""369.80"",""ask_price"":""371.35""},{""bid_quantity"":80,""ask_quantity"":80,""bid_orders"":4,""ask_orders"":2,""bid_price"":""369.70"",""ask_price"":""371.40""}]"
09:15:42.984,1790739942984123776,1457685538057643,Full Data,8,886540,149.35,20,09:15:42,,,143.12,356440,66000,64760,605280,"[{""bid_quantity"":60,""ask_quantity"":40,""bid_orders"":2,""ask_orders"":1,""bid_price"":""149.00"",""ask_price"":""149.40""},{""bid_quantity"":120,""ask_quantity"":60,""bid_orders"":3,""ask_orders"":2,""bid_price"":""148.95"",""ask_price"":""149.50""},{""bid_quantity"":60,""ask_quantity"":120,""bid_orders"":2,""ask_orders"":4,""bid_price"":""148.90"",""ask_price"":""149.55""},{""bid_quantity"":120,""ask_quantity"":20,""bid_orders"":3,""ask_orders"":1,""bid_price"":""148.85"",""ask_price"":""149.65""},{""bid_quantity"":60,""ask_quantity"":80,""bid_orders"":3,""ask_orders"":1,""bid_price"":""148.80"",""ask_price"":""149.70""}]"
09:15:43.135,1790739943135287714,1457685689222261,Full Data,8,887080,471.80,40,09:15:43,,,483.38,249660,15940,82200,212920,"[{""bid_quantity"":200,""ask_quantity"":80,""bid_orders"":3,""ask_orders"":3,""bid_price"":""472.10"",""ask_price"":""473.10""},{""bid_quantity"":60,""ask_quantity"":20,""bid_orders"":1,""ask_orders"":1,""bid_price"":""472.00"",""ask_price"":""473.40""},{""bid_quantity"":140,""ask_quantity"":160,""bid_orders"":2,""ask_orders"":2,""bid_price"":""471.90"",""ask_price"":""473.80""},{""bid_quantity"":100,""ask_quantity"":100,""bid_orders"":1,""ask_orders"":1,""bid_price"":""471.85"",""ask_price"":""474.00""},{""bid_quantity"":40,""ask_quantity"":80,""bid_orders"":1,""ask_orders"":1,""bid_price"":""471.75"",""ask_price"":""474.05""}]"
09:15:43.201,1790739943201467341,1457685755401448,Full Data,8,887080,469.55,20,09:15:43,,,483.33,250680,17100,82820,212920,"[{""bid_quantity"":160,""ask_quantity"":80,""bid_orders"":2,""ask_orders"":1,""bid_price"":""469.30"",""ask_price"":""470.60""},{""bid_quantity"":60,""ask_quantity"":20,""bid_orders"":1,""ask_orders"":1,""bid_price"":""468.85"",""ask_price"":""470.65""},{""bid_quantity"":100,""ask_quantity"":80,""bid_orders"":1,""ask_orders"":2,""bid_price"":""468.65"",""ask_price"":""470.75""},{""bid_quantity"":40,""ask_quantity"":200,""bid_orders"":1,""ask_orders"":5,""bid_price"":""468.10"",""ask_price"":""470.85""},{""bid_quantity"":380,""ask_quantity"":20,""bid_orders"":1,""ask_orders"":1,""bid_price"":""468.05"",""ask_price"":""470.90""}]"
09:15:43.278,1790739943278356438,1457685832290785,Full Data,8,887355,329.45,80,09:15:43,,,319.90,564680,27840,85980,308440,"[{""bid_quantity"":40,""ask_quantity"":80,""bid_orders"":1,""ask_orders"":1,""bid_price"":""327.90"",""ask_price"":""328.75""},{""bid_quantity"":40,""ask_quantity"":40,""bid_orders"":2,""ask_orders"":1,""bid_price"":""327.85"",""ask_price"":""328.95""},{""bid_quantity"":40,""ask_quantity"":60,""bid_orders"":1,""ask_orders"":2,""bid_price"":""327.80"",""ask_price"":""329.00""},{""bid_quantity"":40,""ask_quantity"":20,""bid_orders"":2,""ask_orders"":1,""bid_price"":""327.75"",""ask_price"":""329.05""},{""bid_quantity"":300,""ask_quantity"":80,""bid_orders"":4,""ask_orders"":1,""bid_price"":""327.70"",""ask_price"":""329.15""}]"
09:15:43.318,1790739943318483378,1457685872417445,Ticker Data,0,51,72505.39,,09:15:43,,,,,,,,
09:15:43.333,1790739943333703836,1457685887637823,Full Data,8,887306,537.30,20,09:15:43,,,550.07,113880,13940,42420,204460,"[{""bid_quantity"":20,""ask_quantity"":20,""bid_orders"":1,""ask_orders"":1,""bid_price"":""535.65"",""ask_price"":""537.35""},{""bid_quantity"":20,""ask_quantity"":20,""bid_orders"":1,""ask_orders"":1,""bid_price"":""535.50"",""ask_price"":""537.40""},{""bid_quantity"":80,""ask_quantity"":40,""bid_orders"":3,""ask_orders"":2,""bid_price"":""535.35"",""ask_price"":""537.50""},{""bid_quantity"":20,""ask_quantity"":20,""bid_orders"":1,""ask_orders"":1,""bid_price"":""535.15"",""ask_price"":""537.55""},{""bid_quantity"":20,""ask_quantity"":60,""bid_orders"":1,""ask_orders"":3,""bid_price"":""535.05"",""ask_price"":""537.60""}]"
09:15:43.364,1790739943364111793,1457685918045780,Full Data,8,886659,604.55,20,09:15:43,,,619.79,54640,13140,26560,139920,"[{""bid_quantity"":20,""ask_quantity"":80,""bid_orders"":1,""ask_orders"":1,""bid_price"":""603.95"",""ask_price"":""605.80""},{""bid_quantity"":60,""ask_quantity"":80,""bid_orders"":2,""ask_orders"":3,""bid_price"":""603.45"",""ask_price"":""605.85""},{""bid_quantity"":60,""ask_quantity"":60,""bid_orders"":2,""ask_orders"":3,""bid_price"":""603.40"",""ask_price"":""605.90""},{""bid_quantity"":60,""ask_quantity"":20,""bid_orders"":2,""ask_orders"":1,""bid_price"":""603.35"",""ask_price"":""605.95""},{""bid_quantity"":40,""ask_quantity"":40,""bid_orders"":1,""ask_orders"":2,""bid_price"":""602.95"",""ask_price"":""606.00""}]"
09:15:43.391,1790739943391298569,1457685945232516,Full Data,8,887306,537.30,20,09:15:43,,,550.07,113880,14600,43160,204460,"[{""bid_quantity"":60,""ask_quantity"":20,""bid_orders"":1,""ask_orders"":1,""bid_price"":""532.20"",""ask_price"":""536.30""},{""bid_quantity"":340,""ask_quantity"":200,""bid_orders"":3,""ask_orders"":2,""bid_price"":""532.15"",""ask_price"":""536.35""},{""bid_quantity"":300,""ask_quantity"":20,""bid_orders"":4,""ask_orders"":1,""bid_price"":""532.10"",""ask_price"":""536.40""},{""bid_quantity"":100,""ask_quantity"":220,""bid_orders"":1,""ask_orders"":3,""bid_price"":""532.05"",""ask_price"":""536.45""},{""bid_quantity"":280,""ask_quantity"":60,""bid_orders"":3,""ask_orders"":3,""bid_price"":""532.00"",""ask_price"":""536.50""}]"
09:15:43.395,1790739943395626556,1457685949560503,Full Data,8,886659,605.00,20,09:15:43,,,619.78,54680,13100,27280,139920,"[{""bid_quantity"":40,""ask_quantity"":40,""bid_orders"":1,""ask_orders"":1,""bid_price"":""602.70"",""ask_price"":""604.75""},{""bid_quantity"":20,""ask_quantity"":40,""bid_orders"":1,""ask_orders"":2,""bid_price"":""601.90"",""ask_price"":""604.80""},{""bid_quantity"":180,""ask_quantity"":140,""bid_orders"":3,""ask_orders"":7,""bid_price"":""601.80"",""ask_price"":""604.85""},{""bid_quantity"":40,""ask_quantity"":20,""bid_orders"":1,""ask_orders"":1,""bid_price"":""601.75"",""ask_price"":""604.90""},{""bid_quantity"":100,""ask_quantity"":40,""bid_orders"":1,""ask_orders"":2,""bid_price"":""601.60"",""ask_price"":""604.95""}]"
09:15:43.447,1790739943447711933,1457686001646120,Full Data,8,887135,354.45,40,09:15:43,,,363.78,547360,25720,95880,307120,"[{""bid_quantity"":40,""ask_quantity"":40,""bid_orders"":1,""ask_orders"":2,""bid_price"":""353.45"",""ask_price"":""354.45""},{""bid_quantity"":80,""ask_quantity"":20,""bid_orders"":3,""ask_orders"":1,""bid_price"":""353.40"",""ask_price"":""354.50""},{""bid_quantity"":100,""ask_quantity"":20,""bid_orders"":3,""ask_orders"":1,""bid_price"":""353.35"",""ask_price"":""354.55""},{""bid_quantity"":20,""ask_quantity"":40,""bid_orders"":1,""ask_orders"":2,""bid_price"":""353.10"",""ask_price"":""354.60""},{""bid_quantity"":20,""ask_quantity"":100,""bid_orders"":1,""ask_orders"":3,""bid_price"":""353.05"",""ask_price"":""354.65""}]"
09:15:43.517,1790739943517480504,1457686071414731,Full Data,8,887135,353.25,40,09:15:43,,,363.75,548720,25280,97680,307120,"[{""bid_quantity"":160,""ask_quantity"":200,""bid_orders"":1,""ask_orders"":3,""bid_price"":""352.25"",""ask_price"":""353.20""},{""bid_quantity"":60,""ask_quantity"":20,""bid_orders"":1,""ask_orders"":1,""bid_price"":""352.15"",""ask_price"":""353.25""},{""bid_quantity"":20,""ask_quantity"":20,""bid_orders"":1,""ask_orders"":1,""bid_price"":""352.10"",""ask_price"":""353.35""},{""bid_quantity"":20,""ask_quantity"":40,""bid_orders"":1,""ask_orders"":1,""bid_price"":""351.65"",""ask_price"":""353.45""},{""bid_quantity"":760,""ask_quantity"":20,""bid_orders"":8,""ask_orders"":1,""bid_price"":""351.55"",""ask_price"":""353.55""}]"
09:15:43.524,1790739943524222228,1457686078156135,Full Data,8,887216,181.50,20,09:15:43,,,169.99,458420,41680,74380,604640,"[{""bid_quantity"":20,""ask_quantity"":40,""bid_orders"":1,""ask_orders"":1,""bid_price"":""181.10"",""ask_price"":""181.90""},{""bid_quantity"":100,""ask_quantity"":20,""bid_orders"":1,""ask_orders"":1,""bid_price"":""180.90"",""ask_price"":""181.95""},{""bid_quantity"":160,""ask_quantity"":100,""bid_orders"":1,""ask_orders"":2,""bid_price"":""180.85"",""ask_price"":""182.00""},{""bid_quantity"":220,""ask_quantity"":60,""bid_orders"":2,""ask_orders"":2,""bid_price"":""180.60"",""ask_price"":""182.05""},{""bid_quantity"":160,""ask_quantity"":100,""bid_orders"":1,""ask_orders"":3,""bid_price"":""180.20"",""ask_price"":""182.10""}]"
09:15:43.637,1790739943637180478,1457686191114945,Full Data,8,886685,286.40,80,09:15:43,,,275.12,1120060,66800,141300,1113180,"[{""bid_quantity"":80,""ask_quantity"":40,""bid_orders"":1,""ask_orders"":1,""bid_price"":""285.40"",""ask_price"":""286.40""},{""bid_quantity"":20,""ask_quantity"":80,""bid_orders"":1,""ask_orders"":2,""bid_price"":""285.35"",""ask_price"":""286.45""},{""bid_quantity"":120,""ask_quantity"":80,""bid_orders"":3,""ask_orders"":3,""bid_price"":""285.30"",""ask_price"":""286.50""},{""bid_quantity"":80,""ask_quantity"":120,""bid_orders"":4,""ask_orders"":3,""bid_price"":""285.25"",""ask_price"":""286.55""},{""bid_quantity"":40,""ask_quantity"":100,""bid_orders"":2,""ask_orders"":1,""bid_price"":""285.20"",""ask_price"":""286.60""}]"
09:15:43.755,1790739943755795965,1457686309730312,Full Data,8,886620,215.45,20,09:15:43,,,201.18,546160,52380,82040,619000,"[{""bid_quantity"":20,""ask_quantity"":280,""bid_orders"":1,""ask_orders"":4,""bid_price"":""214.35"",""ask_price"":""215.45""},{""bid_quantity"":60,""ask_quantity"":140,""bid_orders"":3,""ask_orders"":3,""bid_price"":""214.30"",""ask_price"":""215.50""},{""bid_quantity"":60,""ask_quantity"":320,""bid_orders"":2,""ask_orders"":5,""bid_price"":""214.25"",""ask_price"":""215.55""},{""bid_quantity"":100,""ask_quantity"":40,""bid_orders"":2,""ask_orders"":1,""bid_price"":""214.20"",""ask_price"":""215.60""},{""bid_quantity"":60,""ask_quantity"":20,""bid_orders"":2,""ask_orders"":1,""bid_price"":""214.15"",""ask_price"":""215.65""}]"
09:15:43.819,1790739943819737818,1457686373671885,Full Data,8,887279,252.10,40,09:15:43,,,234.09,859140,42380,80760,563560,"[{""bid_quantity"":20,""ask_quantity"":120,""bid_orders"":1,""ask_orders"":3,""bid_price"":""251.30"",""ask_price"":""252.05""},{""bid_quantity"":20,""ask_quantity"":20,""bid_orders"":1,""ask_orders"":1,""bid_price"":""251.25"",""ask_price"":""252.15""},{""bid_quantity"":20,""ask_quantity"":140,""bid_orders"":1,""ask_orders"":3,""bid_price"":""251.20"",""ask_price"":""252.20""},{""bid_quantity"":80,""ask_quantity"":40,""bid_orders"":3,""ask_orders"":2,""bid_price"":""251.15"",""ask_price"":""252.25""},{""bid_quantity"":40,""ask_quantity"":60,""bid_orders"":1,""ask_orders"":2,""bid_price"":""251.10"",""ask_price"":""252.35""}]"
09:15:43.873,1790739943873887448,1457686427821755,Full Data,8,886461,406.10,20,09:15:43,,,422.49,627780,37140,161160,738980,"[{""bid_quantity"":60,""ask_quantity"":40,""bid_orders"":2,""ask_orders"":2,""bid_price"":""404.80"",""ask_price"":""406.10""},{""bid_quantity"":100,""ask_quantity"":100,""bid_orders"":4,""ask_orders"":3,""bid_price"":""404.75"",""ask_price"":""406.20""},{""bid_quantity"":60,""ask_quantity"":80,""bid_orders"":2,""ask_orders"":3,""bid_price"":""404.70"",""ask_price"":""406.30""},{""bid_quantity"":160,""ask_quantity"":180,""bid_orders"":3,""ask_orders"":5,""bid_price"":""404.60"",""ask_price"":""406.50""},{""bid_quantity"":40,""ask_quantity"":100,""bid_orders"":1,""ask_orders"":4,""bid_price"":""404.50"",""ask_price"":""406.60""}]"
09:15:43.904,1790739943904222084,1457686458156071,Full Data,8,886528,299.10,20,09:15:43,,,313.48,531500,23540,155420,227080,"[{""bid_quantity"":40,""ask_quantity"":40,""bid_orders"":1,""ask_orders"":2,""bid_price"":""298.70"",""ask_price"":""299.40""},{""bid_quantity"":80,""ask_quantity"":60,""bid_orders"":1,""ask_orders"":3,""bid_price"":""298.65"",""ask_price"":""299.60""},{""bid_quantity"":120,""ask_quantity"":80,""bid_orders"":2,""ask_orders"":3,""bid_price"":""298.60"",""ask_price"":""299.75""},{""bid_quantity"":60,""ask_quantity"":140,""bid_orders"":1,""ask_orders"":3,""bid_price"":""298.55"",""ask_price"":""299.80""},{""bid_quantity"":40,""ask_quantity"":40,""bid_orders"":1,""ask_orders"":2,""bid_price"":""298.50"",""ask_price"":""299.90""}]"
09:15:43.912,1790739943912034295,1457686465968322,Full Data,8,886461,405.00,100,09:15:43,,,422.47,628580,37040,162100,738980,"[{""bid_quantity"":100,""ask_quantity"":60,""bid_orders"":1,""ask_orders"":2,""bid_price"":""405.05"",""ask_price"":""406.15""},{""bid_quantity"":300,""ask_quantity"":80,""bid_orders"":2,""ask_orders"":3,""bid_price"":""405.00"",""ask_price"":""406.20""},{""bid_quantity"":100,""ask_quantity"":120,""bid_orders"":1,""ask_orders"":3,""bid_price"":""404.95"",""ask_price"":""406.25""},{""bid_quantity"":20,""ask_quantity"":40,""bid_orders"":1,""ask_orders"":2,""bid_price"":""404.90"",""ask_price"":""406.30""},{""bid_quantity"":180,""ask_quantity"":20,""bid_orders"":3,""ask_orders"":1,""bid_price"":""404.85"",""ask_price"":""406.35""}]"
09:15:43.951,1790739943951125427,1457686505059214,Full Data,8,887253,672.80,60,09:15:43,,,684.88,20780,9400,32100,68380,"[{""bid_quantity"":220,""ask_quantity"":180,""bid_orders"":6,""ask_orders"":3,""bid_price"":""668.10"",""ask_price"":""671.75""},{""bid_quantity"":100,""ask_quantity"":60,""bid_orders"":3,""ask_orders"":1,""bid_price"":""668.05"",""ask_price"":""671.80""},{""bid_quantity"":240,""ask_quantity"":60,""bid_orders"":6,""ask_orders"":2,""bid_price"":""668.00"",""ask_price"":""671.85""},{""bid_quantity"":60,""ask_quantity"":20,""bid_orders"":2,""ask_orders"":1,""bid_price"":""667.95"",""ask_price"":""671.90""},{""bid_quantity"":280,""ask_quantity"":40,""bid_orders"":5,""ask_orders"":2,""bid_price"":""667.90"",""ask_price"":""671.95""}]"
09:15:43.961,1790739943961576415,1457686515510362,Full Data,8,887100,386.80,20,09:15:43,,,363.35,357020,20060,64360,254140,"[{""bid_quantity"":40,""ask_quantity"":80,""bid_orders"":2,""ask_orders"":1,""bid_price"":""386.40"",""ask_price"":""387.55""},{""bid_quantity"":20,""ask_quantity"":80,""bid_orders"":1,""ask_orders"":2,""bid_price"":""386.35"",""ask_price"":""387.60""},{""bid_quantity"":40,""ask_quantity"":140,""bid_orders"":2,""ask_orders"":2,""bid_price"":""386.30"",""ask_price"":""387.65""},{""bid_quantity"":180,""ask_quantity"":40,""bid_orders"":3,""ask_orders"":1,""bid_price"":""386.10"",""ask_price"":""387.70""},{""bid_quantity"":60,""ask_quantity"":40,""bid_orders"":3,""ask_orders"":1,""bid_price"":""386.05"",""ask_price"":""387.80""}]"
09:15:43.992,1790739943992332694,1457686546266601,Full Data,8,886540,156.10,20,09:15:43,,,143.34,364320,64880,68380,605280,"[{""bid_quantity"":40,""ask_quantity"":40,""bid_orders"":2,""ask_orders"":1,""bid_price"":""156.90"",""ask_price"":""157.35""},{""bid_quantity"":60,""ask_quantity"":40,""bid_orders"":3,""ask_orders"":1,""bid_price"":""156.85"",""ask_price"":""157.40""},{""bid_quantity"":100,""ask_quantity"":20,""bid_orders"":2,""ask_orders"":1,""bid_price"":""156.80"",""ask_price"":""157.45""},{""bid_quantity"":40,""ask_quantity"":80,""bid_orders"":2,""ask_orders"":2,""bid_price"":""156.75"",""ask_price"":""157.55""},{""bid_quantity"":80,""ask_quantity"":40,""bid_orders"":1,""ask_orders"":1,""bid_price"":""156.70"",""ask_price"":""157.60""}]"
09:15:44.022,1790739944022309887,1457686576243954,Full Data,8,886528,298.70,20,09:15:43,,,313.47,531680,24960,154160,227080,"[{""bid_quantity"":20,""ask_quantity"":40,""bid_orders"":1,""ask_orders"":2,""bid_price"":""296.45"",""ask_price"":""297.25""},{""bid_quantity"":80,""ask_quantity"":40,""bid_orders"":2,""ask_orders"":1,""bid_price"":""296.40"",""ask_price"":""297.35""},{""bid_quantity"":60,""ask_quantity"":40,""bid_orders"":2,""ask_orders"":2,""bid_price"":""296.25"",""ask_price"":""297.45""},{""bid_quantity"":120,""ask_quantity"":20,""bid_orders"":3,""ask_orders"":1,""bid_price"":""296.10"",""ask_price"":""297.50""},{""bid_quantity"":120,""ask_quantity"":20,""bid_orders"":2,""ask_orders"":1,""bid_price"":""295.80"",""ask_price"":""297.55""}]"
09:15:44.028,1790739944028447287,1457686582381114,Full Data,8,887253,672.80,60,09:15:43,,,684.88,20780,10260,31400,68380,"[{""bid_quantity"":20,""ask_quantity"":60,""bid_orders"":1,""ask_orders"":2,""bid_price"":""665.65"",""ask_price"":""670.70""},{""bid_quantity"":20,""ask_quantity"":100,""bid_orders"":1,""ask_orders"":3,""bid_price"":""665.60"",""ask_price"":""670.75""},{""bid_quantity"":140,""ask_quantity"":120,""bid_orders"":3,""ask_orders"":4,""bid_price"":""665.55"",""ask_price"":""670.80""},{""bid_quantity"":40,""ask_quantity"":60,""bid_orders"":2,""ask_orders"":2,""bid_price"":""664.80"",""ask_price"":""670.85""},{""bid_quantity"":60,""ask_quantity"":40,""bid_orders"":1,""ask_orders"":2,""bid_price"":""664.35"",""ask_price"":""670.90""}]"
09:15:44.028,1790739944028555368,1457686582488995,Full Data,8,887100,388.00,20,09:15:44,,,363.36,357160,20340,64320,254140,"[{""bid_quantity"":60,""ask_quantity"":60,""bid_orders"":2,""ask_orders"":1,""bid_price"":""387.35"",""ask_price"":""388.35""},{""bid_quantity"":60,""ask_quantity"":80,""bid_orders"":2,""ask_orders"":1,""bid_price"":""387.25"",""ask_price"":""388.45""},{""bid_quantity"":60,""ask_quantity"":80,""bid_orders"":2,""ask_orders"":1,""bid_price"":""387.10"",""ask_price"":""388.55""},{""bid_quantity"":140,""ask_quantity"":20,""bid_orders"":2,""ask_orders"":1,""bid_price"":""387.00"",""ask_price"":""388.60""},{""bid_quantity"":80,""ask_quantity"":80,""bid_orders"":1,""ask_orders"":1,""bid_price"":""386.90"",""ask_price"":""388.65""}]"
09:15:44.052,1790739944052957965,1457686606892152,Full Data,8,886540,157.50,20,09:15:44,,,143.35,364480,65020,64340,605280,"[{""bid_quantity"":40,""ask_quantity"":20,""bid_orders"":2,""ask_orders"":1,""bid_price"":""157.25"",""ask_price"":""157.85""},{""bid_quantity"":20,""ask_quantity"":60,""bid_orders"":1,""ask_orders"":2,""bid_price"":""157.20"",""ask_price"":""157.90""},{""bid_quantity"":20,""ask_quantity"":40,""bid_orders"":1,""ask_orders"":1,""bid_price"":""157.10"",""ask_price"":""157.95""},{""bid_quantity"":80,""ask_quantity"":80,""bid_orders"":1,""ask_orders"":2,""bid_price"":""157.05"",""ask_price"":""158.00""},{""bid_quantity"":20,""ask_quantity"":40,""bid_orders"":1,""ask_orders"":1,""bid_price"":""157.00"",""ask_price"":""158.10""}]"
09:15:44.217,1790739944217411108,1457686771345295,Full Data,8,887080,465.80,40,09:15:44,,,483.10,254400,16060,101960,212920,"[{""bid_quantity"":20,""ask_quantity"":40,""bid_orders"":1,""ask_orders"":2,""bid_price"":""467.20"",""ask_price"":""467.90""},{""bid_quantity"":40,""ask_quantity"":100,""bid_orders"":2,""ask_orders"":2,""bid_price"":""467.15"",""ask_price"":""468.80""},{""bid_quantity"":20,""ask_quantity"":300,""bid_orders"":1,""ask_orders"":2,""bid_price"":""467.05"",""ask_price"":""468.85""},{""bid_quantity"":40,""ask_quantity"":80,""bid_orders"":2,""ask_orders"":1,""bid_price"":""467.00"",""ask_price"":""468.90""},{""bid_quantity"":100,""ask_quantity"":340,""bid_orders"":1,""ask_orders"":1,""bid_price"":""466.85"",""ask_price"":""469.25""}]"
09:15:44.303,1790739944303051222,1457686856985609,Full Data,8,887355,331.90,20,09:15:44,,,320.12,575540,30560,84380,308440,"[{""bid_quantity"":40,""ask_quantity"":60,""bid_orders"":1,""ask_orders"":1,""bid_price"":""331.20"",""ask_price"":""331.85""},{""bid_quantity"":20,""ask_quantity"":60,""bid_orders"":1,""ask_orders"":2,""bid_price"":""331.15"",""ask_price"":""331.90""},{""bid_quantity"":60,""ask_quantity"":700,""bid_orders"":1,""ask_orders"":2,""bid_price"":""331.05"",""ask_price"":""331.95""},{""bid_quantity"":20,""ask_quantity"":40,""bid_orders"":1,""ask_orders"":1,""bid_price"":""330.95"",""ask_price"":""332.00""},{""bid_quantity"":60,""ask_quantity"":40,""bid_orders"":1,""ask_orders"":1,""bid_price"":""330.90"",""ask_price"":""332.05""}]"
09:15:44.309,1790739944309699025,1457686863632972,Ticker Data,0,51,72499.31,,09:15:44,,,,,,,,
09:15:44.313,1790739944313348809,1457686867282716,Full Data,8,887080,469.80,40,09:15:44,,,483.07,254980,17040,101500,212920,"[{""bid_quantity"":20,""ask_quantity"":80,""bid_orders"":1,""ask_orders"":1,""bid_price"":""469.20"",""ask_price"":""470.35""},{""bid_quantity"":60,""ask_quantity"":60,""bid_orders"":2,""ask_orders"":1,""bid_price"":""469.15"",""ask_price"":""470.40""},{""bid_quantity"":60,""ask_quantity"":80,""bid_orders"":2,""ask_orders"":1,""bid_price"":""469.10"",""ask_price"":""470.45""},{""bid_quantity"":60,""ask_quantity"":40,""bid_orders"":1,""ask_orders"":2,""bid_price"":""468.45"",""ask_price"":""470.50""},{""bid_quantity"":60,""ask_quantity"":100,""bid_orders"":1,""ask_orders"":1,""bid_price"":""468.35"",""ask_price"":""470.65""}]"
09:15:44.371,1790739944371232183,1457686925166130,Full Data,8,887306,534.10,20,09:15:44,,,549.91,114940,14400,43460,204460,"[{""bid_quantity"":60,""ask_quantity"":40,""bid_orders"":2,""ask_orders"":2,""bid_price"":""534.00"",""ask_price"":""535.80""},{""bid_quantity"":60,""ask_quantity"":140,""bid_orders"":2,""ask_orders"":3,""bid_price"":""533.90"",""ask_price"":""535.85""},{""bid_quantity"":40,""ask_quantity"":80,""bid_orders"":1,""ask_orders"":2,""bid_price"":""533.70"",""ask_price"":""535.90""},{""bid_quantity"":60,""ask_quantity"":40,""bid_orders"":2,""ask_orders"":2,""bid_price"":""533.65"",""ask_price"":""535.95""},{""bid_quantity"":20,""ask_quantity"":60,""bid_orders"":1,""ask_orders"":3,""bid_price"":""533.60"",""ask_price"":""536.15""}]"
09:15:44.377,1790739944377092021,1457686931025888,Full Data,8,887306,534.10,20,09:15:44,,,549.91,114940,14180,42920,204460,"[{""bid_quantity"":180,""ask_quantity"":180,""bid_orders"":5,""ask_orders"":5,""bid_price"":""532.05"",""ask_price"":""534.90""},{""bid_quantity"":200,""ask_quantity"":60,""bid_orders"":2,""ask_orders"":2,""bid_price"":""532.00"",""ask_price"":""534.95""},{""bid_quantity"":120,""ask_quantity"":40,""bid_orders"":1,""ask_orders"":2,""bid_price"":""531.95"",""ask_price"":""535.00""},{""bid_quantity"":20,""ask_quantity"":60,""bid_orders"":1,""ask_orders"":1,""bid_price"":""531.90"",""ask_price"":""535.05""},{""bid_quantity"":120,""ask_quantity"":20,""bid_orders"":1,""ask_orders"":1,""bid_price"":""531.85"",""ask_price"":""535.10""}]"
09:15:44.414,1790739944414820545,1457686968754692,Full Data,8,886659,602.90,40,09:15:44,,,619.46,55740,13140,28960,139920,"[{""bid_quantity"":80,""ask_quantity"":20,""bid_orders"":2,""ask_orders"":1,""bid_price"":""600.85"",""ask_price"":""602.60""},{""bid_quantity"":80,""ask_quantity"":20,""bid_orders"":3,""ask_orders"":1,""bid_price"":""600.80"",""ask_price"":""602.65""},{""bid_quantity"":80,""ask_quantity"":20,""bid_orders"":2,""ask_orders"":1,""bid_price"":""600.75"",""ask_price"":""602.70""},{""bid_quantity"":60,""ask_quantity"":20,""bid_orders"":2,""ask_orders"":1,""bid_price"":""600.70"",""ask_price"":""602.75""},{""bid_quantity"":60,""ask_quantity"":20,""bid_orders"":2,""ask_orders"":1,""bid_price"":""600.65"",""ask_price"":""602.80""}]"
09:15:44.464,1790739944464370065,1457687018304412,Full Data,8,886659,602.90,40,09:15:44,,,619.46,55740,12680,27520,139920,"[{""bid_quantity"":40,""ask_quantity"":60,""bid_orders"":1,""ask_orders"":2,""bid_price"":""601.15"",""ask_price"":""602.90""},{""bid_quantity"":40,""ask_quantity"":40,""bid_orders"":1,""ask_orders"":2,""bid_price"":""601.10"",""ask_price"":""602.95""},{""bid_quantity"":60,""ask_quantity"":20,""bid_orders"":2,""ask_orders"":1,""bid_price"":""600.95"",""ask_price"":""603.00""},{""bid_quantity"":60,""ask_quantity"":40,""bid_orders"":2,""ask_orders"":1,""bid_price"":""600.90"",""ask_price"":""603.50""},{""bid_quantity"":40,""ask_quantity"":20,""bid_orders"":1,""ask_orders"":1,""bid_price"":""600.85"",""ask_price"":""603.55""}]"
09:15:44.518,1790739944518120252,1457687072054799,Full Data,8,887135,352.20,20,09:15:44,,,363.60,555240,25460,98140,307120,"[{""bid_quantity"":160,""ask_quantity"":20,""bid_orders"":1,""ask_orders"":1,""bid_price"":""351.95"",""ask_price"":""353.15""},{""bid_quantity"":180,""ask_quantity"":140,""bid_orders"":5,""ask_orders"":1,""bid_price"":""351.90"",""ask_price"":""353.20""},{""bid_quantity"":40,""ask_quantity"":440,""bid_orders"":1,""ask_orders"":4,""bid_price"":""351.70"",""ask_price"":""353.25""},{""bid_quantity"":160,""ask_quantity"":60,""bid_orders"":1,""ask_orders"":3,""bid_price"":""351.55"",""ask_price"":""353.30""},{""bid_quantity"":40,""ask_quantity"":40,""bid_orders"":1,""ask_orders"":1,""bid_price"":""351.50"",""ask_price"":""353.40""}]"
09:15:44.584,1790739944584776403,1457687138710590,Full Data,8,887216,182.45,20,09:15:44,,,170.22,466140,42900,76640,604640,"[{""bid_quantity"":20,""ask_quantity"":240,""bid_orders"":1,""ask_orders"":2,""bid_price"":""182.55"",""ask_price"":""183.15""},{""bid_quantity"":120,""ask_quantity"":40,""bid_orders"":3,""ask_orders"":2,""bid_price"":""182.50"",""ask_price"":""183.25""},{""bid_quantity"":80,""ask_quantity"":120,""bid_orders"":2,""ask_orders"":3,""bid_price"":""182.45"",""ask_price"":""183.30""},{""bid_quantity"":180,""ask_quantity"":120,""bid_orders"":4,""ask_orders"":3,""bid_price"":""182.40"",""ask_price"":""183.35""},{""bid_quantity"":100,""ask_quantity"":220,""bid_orders"":3,""ask_orders"":4,""bid_price"":""182.35"",""ask_price"":""183.45""}]"
09:15:44.592,1790739944592713654,1457687146647521,Full Data,8,887135,351.65,20,09:15:44,,,363.59,555560,26180,97980,307120,"[{""bid_quantity"":180,""ask_quantity"":80,""bid_orders"":2,""ask_orders"":2,""bid_price"":""351.70"",""ask_price"":""352.75""},{""bid_quantity"":100,""ask_quantity"":60,""bid_orders"":4,""ask_orders"":2,""bid_price"":""351.65"",""ask_price"":""352.85""},{""bid_quantity"":60,""ask_quantity"":300,""bid_orders"":2,""ask_orders"":2,""bid_price"":""351.55"",""ask_price"":""352.90""},{""bid_quantity"":220,""ask_quantity"":40,""bid_orders"":3,""ask_orders"":2,""bid_price"":""351.50"",""ask_price"":""353.05""},{""bid_quantity"":160,""ask_quantity"":280,""bid_orders"":1,""ask_orders"":2,""bid_price"":""351.10"",""ask_price"":""353.10""}]"
09:15:44.635,1790739944635857173,1457687189791040,Full Data,8,886685,289.95,20,09:15:44,,,275.49,1147680,68720,144300,1113180,"[{""bid_quantity"":160,""ask_quantity"":40,""bid_orders"":1,""ask_orders"":2,""bid_price"":""289.70"",""ask_price"":""290.65""},{""bid_quantity"":200,""ask_quantity"":200,""bid_orders"":6,""ask_orders"":3,""bid_price"":""289.65"",""ask_price"":""290.75""},{""bid_quantity"":40,""ask_quantity"":180,""bid_orders"":2,""ask_orders"":2,""bid_price"":""289.60"",""ask_price"":""290.85""},{""bid_quantity"":80,""ask_quantity"":80,""bid_orders"":1,""ask_orders"":3,""bid_price"":""289.55"",""ask_price"":""290.95""},{""bid_quantity"":180,""ask_quantity"":60,""bid_orders"":2,""ask_orders"":2,""bid_price"":""289.50"",""ask_price"":""291.05""}]"
09:15:44.765,1790739944765865094,1457687319799321,Full Data,8,886620,212.15,20,09:15:44,,,201.40,555660,54700,76500,619000,"[{""bid_quantity"":20,""ask_quantity"":40,""bid_orders"":1,""ask_orders"":2,""bid_price"":""211.80"",""ask_price"":""212.45""},{""bid_quantity"":60,""ask_quantity"":40,""bid_orders"":1,""ask_orders"":1,""bid_price"":""211.70"",""ask_price"":""212.50""},{""bid_quantity"":40,""ask_quantity"":120,""bid_orders"":1,""ask_orders"":2,""bid_price"":""211.65"",""ask_price"":""212.85""},{""bid_quantity"":40,""ask_quantity"":120,""bid_orders"":1,""ask_orders"":2,""bid_price"":""211.55"",""ask_price"":""213.15""},{""bid_quantity"":20,""ask_quantity"":40,""bid_orders"":1,""ask_orders"":1,""bid_price"":""211.45"",""ask_price"":""213.25""}]"
09:15:44.850,1790739944850415120,1457687404349347,Full Data,8,887279,250.05,20,09:15:44,,,234.25,867780,44540,86700,563560,"[{""bid_quantity"":160,""ask_quantity"":40,""bid_orders"":1,""ask_orders"":2,""bid_price"":""249.25"",""ask_price"":""249.95""},{""bid_quantity"":240,""ask_quantity"":40,""bid_orders"":3,""ask_orders"":1,""bid_price"":""249.20"",""ask_price"":""250.00""},{""bid_quantity"":220,""ask_quantity"":40,""bid_orders"":4,""ask_orders"":1,""bid_price"":""249.15"",""ask_price"":""250.05""},{""bid_quantity"":160,""ask_quantity"":60,""bid_orders"":4,""ask_orders"":2,""bid_price"":""249.10"",""ask_price"":""250.10""},{""bid_quantity"":80,""ask_quantity"":120,""bid_orders"":3,""ask_orders"":2,""bid_price"":""249.00"",""ask_price"":""250.15""}]"
09:15:44.914,1790739944914671816,1457687468606283,Full Data,8,886461,410.00,20,09:15:44,,,422.15,641300,32860,162280,738980,"[{""bid_quantity"":160,""ask_quantity"":240,""bid_orders"":1,""ask_orders"":4,""bid_price"":""409.20"",""ask_price"":""410.40""},{""bid_quantity"":80,""ask_quantity"":20,""bid_orders"":3,""ask_orders"":1,""bid_price"":""409.10"",""ask_price"":""410.45""},{""bid_quantity"":400,""ask_quantity"":100,""bid_orders"":5,""ask_orders"":2,""bid_price"":""409.05"",""ask_price"":""410.50""},{""bid_quantity"":20,""ask_quantity"":160,""bid_orders"":1,""ask_orders"":2,""bid_price"":""409.00"",""ask_price"":""410.55""},{""bid_quantity"":160,""ask_quantity"":20,""bid_orders"":1,""ask_orders"":1,""bid_price"":""408.95"",""ask_price"":""410.60""}]"
09:15:44.962,1790739944962025842,1457687515960069,Full Data,8,886461,409.55,20,09:15:44,,,422.14,641600,32160,161860,738980,"[{""bid_quantity"":60,""ask_quantity"":40,""bid_orders"":2,""ask_orders"":1,""bid_price"":""409.35"",""ask_price"":""410.30""},{""bid_quantity"":60,""ask_quantity"":80,""bid_orders"":2,""ask_orders"":3,""bid_price"":""409.30"",""ask_price"":""410.35""},{""bid_quantity"":60,""ask_quantity"":240,""bid_orders"":2,""ask_orders"":5,""bid_price"":""409.25"",""ask_price"":""410.40""},{""bid_quantity"":60,""ask_quantity"":20,""bid_orders"":2,""ask_orders"":1,""bid_price"":""409.20"",""ask_price"":""410.45""},{""bid_quantity"":40,""ask_quantity"":440,""bid_orders"":1,""ask_orders"":6,""bid_price"":""409.15"",""ask_price"":""410.50""}]"
09:15:44.982,1790739944982704215,1457687536638242,Full Data,8,886528,302.30,20,09:15:44,,,313.28,539420,23880,156020,227080,"[{""bid_quantity"":20,""ask_quantity"":40,""bid_orders"":1,""ask_orders"":1,""bid_price"":""302.50"",""ask_price"":""303.25""},{""bid_quantity"":60,""ask_quantity"":20,""bid_orders"":2,""ask_orders"":1,""bid_price"":""302.45"",""ask_price"":""303.30""},{""bid_quantity"":20,""ask_quantity"":60,""bid_orders"":1,""ask_orders"":3,""bid_price"":""302.40"",""ask_price"":""303.35""},{""bid_quantity"":60,""ask_quantity"":40,""bid_orders"":2,""ask_orders"":2,""bid_price"":""302.35"",""ask_price"":""303.45""},{""bid_quantity"":20,""ask_quantity"":160,""bid_orders"":1,""ask_orders"":4,""bid_price"":""302.30"",""ask_price"":""303.60""}]"
09:15:45.071,1790739945071501109,1457687625435216,Full Data,8,886528,301.75,20,09:15:45,,,313.27,539840,24160,155860,227080,"[{""bid_quantity"":20,""ask_quantity"":20,""bid_orders"":1,""ask_orders"":1,""bid_price"":""301.75"",""ask_price"":""302.65""},{""bid_quantity"":240,""ask_quantity"":20,""bid_orders"":3,""ask_orders"":1,""bid_price"":""301.45"",""ask_price"":""302.70""},{""bid_quantity"":40,""ask_quantity"":160,""bid_orders"":2,""ask_orders"":3,""bid_price"":""301.40"",""ask_price"":""302.75""},{""bid_quantity"":80,""ask_quantity"":80,""bid_orders"":3,""ask_orders"":3,""bid_price"":""301.30"",""ask_price"":""302.80""},{""bid_quantity"":60,""ask_quantity"":40,""bid_orders"":2,""ask_orders"":2,""bid_price"":""301.25"",""ask_price"":""302.95""}]"
09:15:45.078,1790739945078508755,1457687632442782,Full Data,8,887100,385.55,60,09:15:45,,,363.71,363560,23900,64880,254140,"[{""bid_quantity"":80,""ask_quantity"":20,""bid_orders"":1,""ask_orders"":1,""bid_price"":""382.85"",""ask_price"":""383.35""},{""bid_quantity"":60,""ask_quantity"":20,""bid_orders"":2,""ask_orders"":1,""bid_price"":""382.80"",""ask_price"":""383.75""},{""bid_quantity"":120,""ask_quantity"":60,""bid_orders"":3,""ask_orders"":2,""bid_price"":""382.60"",""ask_price"":""383.80""},{""bid_quantity"":20,""ask_quantity"":20,""bid_orders"":1,""ask_orders"":1,""bid_price"":""382.55"",""ask_price"":""384.40""},{""bid_quantity"":20,""ask_quantity"":40,""bid_orders"":1,""ask_orders"":1,""bid_price"":""382.40"",""ask_price"":""384.45""}]"
09:15:45.295,1790739945295989440,1457687849923787,Full Data,8,887355,332.70,20,09:15:45,,,320.26,581940,28100,85120,308440,"[{""bid_quantity"":20,""ask_quantity"":40,""bid_orders"":1,""ask_orders"":1,""bid_price"":""331.85"",""ask_price"":""332.55""},{""bid_quantity"":40,""ask_quantity"":60,""bid_orders"":2,""ask_orders"":2,""bid_price"":""331.80"",""ask_price"":""332.65""},{""bid_quantity"":100,""ask_quantity"":60,""bid_orders"":2,""ask_orders"":2,""bid_price"":""331.75"",""ask_price"":""332.70""},{""bid_quantity"":40,""ask_quantity"":80,""bid_orders"":2,""ask_orders"":3,""bid_price"":""331.70"",""ask_price"":""332.75""},{""bid_quantity"":20,""ask_quantity"":100,""bid_orders"":1,""ask_orders"":4,""bid_price"":""331.60"",""ask_price"":""332.80""}]"
09:15:45.330,1790739945330057900,1457687883992327,Ticker Data,0,51,72510.05,,09:15:45,,,,,,,,
09:15:45.341,1790739945341099852,1457687895033759,Full Data,8,887080,470.05,20,09:15:45,,,482.82,259680,15140,104800,212920,"[{""bid_quantity"":40,""ask_quantity"":60,""bid_orders"":1,""ask_orders"":3,""bid_price"":""469.65"",""ask_price"":""470.20""},{""bid_quantity"":160,""ask_quantity"":20,""bid_orders"":1,""ask_orders"":1,""bid_price"":""469.60"",""ask_price"":""470.30""},{""bid_quantity"":40,""ask_quantity"":80,""bid_orders"":1,""ask_orders"":1,""bid_price"":""469.55"",""ask_price"":""470.35""},{""bid_quantity"":40,""ask_quantity"":20,""bid_orders"":2,""ask_orders"":1,""bid_price"":""469.50"",""ask_price"":""470.95""},{""bid_quantity"":40,""ask_quantity"":20,""bid_orders"":1,""ask_orders"":1,""bid_price"":""469.45"",""ask_price"":""471.00""}]"
09:15:45.352,1790739945352328524,1457687906262431,Full Data,8,887080,479.05,40,09:15:45,,,482.74,262660,22560,105640,212920,"[{""bid_quantity"":80,""ask_quantity"":160,""bid_orders"":1,""ask_orders"":1,""bid_price"":""474.70"",""ask_price"":""476.35""},{""bid_quantity"":60,""ask_quantity"":80,""bid_orders"":1,""ask_orders"":3,""bid_price"":""474.65"",""ask_price"":""476.45""},{""bid_quantity"":80,""ask_quantity"":160,""bid_orders"":1,""ask_orders"":1,""bid_price"":""474.55"",""ask_price"":""476.50""},{""bid_quantity"":20,""ask_quantity"":180,""bid_orders"":1,""ask_orders"":2,""bid_price"":""474.50"",""ask_price"":""476.65""},{""bid_quantity"":20,""ask_quantity"":160,""bid_orders"":1,""ask_orders"":1,""bid_price"":""474.30"",""ask_price"":""476.85""}]"
09:15:45.398,1790739945398313582,1457687952247689,Full Data,8,887306,541.55,20,09:15:45,,,549.70,116820,14180,43900,204460,"[{""bid_quantity"":20,""ask_quantity"":60,""bid_orders"":1,""ask_orders"":1,""bid_price"":""538.50"",""ask_price"":""540.50""},{""bid_quantity"":80,""ask_quantity"":320,""bid_orders"":3,""ask_orders"":4,""bid_price"":""538.30"",""ask_price"":""540.55""},{""bid_quantity"":40,""ask_quantity"":160,""bid_orders"":2,""ask_orders"":1,""bid_price"":""538.15"",""ask_price"":""540.60""},{""bid_quantity"":20,""ask_quantity"":20,""bid_orders"":1,""ask_orders"":1,""bid_price"":""537.90"",""ask_price"":""540.90""},{""bid_quantity"":40,""ask_quantity"":140,""bid_orders"":1,""ask_orders"":3,""bid_price"":""537.35"",""ask_price"":""540.95""}]"
09:15:45.419,1790739945419025115,1457687972959062,Full Data,8,887306,541.55,20,09:15:45,,,549.70,116820,14620,43980,204460,"[{""bid_quantity"":60,""ask_quantity"":220,""bid_orders"":2,""ask_orders"":4,""bid_price"":""538.55"",""ask_price"":""540.10""},{""bid_quantity"":80,""ask_quantity"":40,""bid_orders"":3,""ask_orders"":1,""bid_price"":""538.50"",""ask_price"":""540.15""},{""bid_quantity"":60,""ask_quantity"":40,""bid_orders"":2,""ask_orders"":2,""bid_price"":""538.45"",""ask_price"":""540.80""},{""bid_quantity"":60,""ask_quantity"":60,""bid_orders"":2,""ask_orders"":3,""bid_price"":""538.40"",""ask_price"":""540.85""},{""bid_quantity"":60,""ask_quantity"":20,""bid_orders"":2,""ask_orders"":1,""bid_price"":""538.35"",""ask_price"":""540.90""}]"
09:15:45.600,1790739945600647610,1457688154582117,Full Data,8,886659,608.30,20,09:15:45,,,619.05,57260,12960,28120,139920,"[{""bid_quantity"":60,""ask_quantity"":20,""bid_orders"":2,""ask_orders"":1,""bid_price"":""606.80"",""ask_price"":""608.30""},{""bid_quantity"":60,""ask_quantity"":60,""bid_orders"":2,""ask_orders"":3,""bid_price"":""606.60"",""ask_price"":""608.35""},{""bid_quantity"":80,""ask_quantity"":20,""bid_orders"":3,""ask_orders"":1,""bid_price"":""606.55"",""ask_price"":""608.50""},{""bid_quantity"":140,""ask_quantity"":20,""bid_orders"":2,""ask_orders"":1,""bid_price"":""606.20"",""ask_price"":""608.55""},{""bid_quantity"":100,""ask_quantity"":20,""bid_orders"":1,""ask_orders"":1,""bid_price"":""606.00"",""ask_price"":""608.60""}]"
09:15:45.623,1790739945623845239,1457688177779186,Full Data,8,887216,180.50,40,09:15:45,,,170.44,475360,45780,75800,604640,"[{""bid_quantity"":60,""ask_quantity"":240,""bid_orders"":3,""ask_orders"":9,""bid_price"":""179.90"",""ask_price"":""180.50""},{""bid_quantity"":200,""ask_quantity"":20,""bid_orders"":5,""ask_orders"":1,""bid_price"":""179.85"",""ask_price"":""180.55""},{""bid_quantity"":60,""ask_quantity"":60,""bid_orders"":3,""ask_orders"":2,""bid_price"":""179.70"",""ask_price"":""180.60""},{""bid_quantity"":40,""ask_quantity"":40,""bid_orders"":2,""ask_orders"":1,""bid_price"":""179.65"",""ask_price"":""180.75""},{""bid_quantity"":100,""ask_quantity"":40,""bid_orders"":1,""ask_orders"":2,""bid_price"":""179.55"",""ask_price"":""180.80""}]"
09:15:45.673,1790739945673047998,1457688226982105,Full Data,8,887216,179.05,40,09:15:45,,,170.44,475460,46500,73420,604640,"[{""bid_quantity"":20,""ask_quantity"":60,""bid_orders"":1,""ask_orders"":3,""bid_price"":""178.95"",""ask_price"":""179.50""},{""bid_quantity"":20,""ask_quantity"":180,""bid_orders"":1,""ask_orders"":7,""bid_price"":""178.90"",""ask_price"":""179.55""},{""bid_quantity"":120,""ask_quantity"":40,""bid_orders"":2,""ask_orders"":1,""bid_price"":""178.80"",""ask_price"":""179.60""},{""bid_quantity"":80,""ask_quantity"":80,""bid_orders"":1,""ask_orders"":2,""bid_price"":""178.75"",""ask_price"":""179.65""},{""bid_quantity"":40,""ask_quantity"":60,""bid_orders"":1,""ask_orders"":2,""bid_price"":""178.70"",""ask_price"":""179.70""}]"
09:15:45.701,1790739945701211700,1457688255145687,Full Data,8,886685,284.95,20,09:15:45,,,275.65,1162800,69600,139880,1113180,"[{""bid_quantity"":60,""ask_quantity"":20,""bid_orders"":1,""ask_orders"":1,""bid_price"":""284.20"",""ask_price"":""284.80""},{""bid_quantity"":20,""ask_quantity"":20,""bid_orders"":1,""ask_orders"":1,""bid_price"":""284.15"",""ask_price"":""284.85""},{""bid_quantity"":100,""ask_quantity"":20,""bid_orders"":2,""ask_orders"":1,""bid_price"":""284.10"",""ask_price"":""284.95""},{""bid_quantity"":60,""ask_quantity"":40,""bid_orders"":3,""ask_orders"":2,""bid_price"":""284.05"",""ask_price"":""285.00""},{""bid_quantity"":180,""ask_quantity"":40,""bid_orders"":2,""ask_orders"":2,""bid_price"":""283.80"",""ask_price"":""285.05""}]"
09:15:45.794,1790739945794567543,1457688348501930,Full Data,8,886620,213.15,40,09:15:45,,,201.63,567060,53700,79140,619000,"[{""bid_quantity"":180,""ask_quantity"":40,""bid_orders"":4,""ask_orders"":1,""bid_price"":""212.50"",""ask_price"":""213.15""},{""bid_quantity"":40,""ask_quantity"":140,""bid_orders"":2,""ask_orders"":2,""bid_price"":""212.45"",""ask_price"":""213.20""},{""bid_quantity"":180,""ask_quantity"":80,""bid_orders"":3,""ask_orders"":3,""bid_price"":""212.40"",""ask_price"":""213.25""},{""bid_quantity"":60,""ask_quantity"":100,""bid_orders"":2,""ask_orders"":1,""bid_price"":""212.35"",""ask_price"":""213.45""},{""bid_quantity"":80,""ask_quantity"":220,""bid_orders"":3,""ask_orders"":1,""bid_price"":""212.25"",""ask_price"":""213.55""}]"
09:15:45.812,1790739945812583619,1457688366517806,Full Data,8,886620,214.65,20,09:15:45,,,201.64,567380,53320,79800,619000,"[{""bid_quantity"":120,""ask_quantity"":40,""bid_orders"":3,""ask_orders"":1,""bid_price"":""214.15"",""ask_price"":""214.70""},{""bid_quantity"":140,""ask_quantity"":20,""bid_orders"":4,""ask_orders"":1,""bid_price"":""214.10"",""ask_price"":""214.75""},{""bid_quantity"":80,""ask_quantity"":80,""bid_orders"":1,""ask_orders"":1,""bid_price"":""214.05"",""ask_price"":""214.80""},{""bid_quantity"":40,""ask_quantity"":160,""bid_orders"":2,""ask_orders"":3,""bid_price"":""214.00"",""ask_price"":""215.15""},{""bid_quantity"":80,""ask_quantity"":100,""bid_orders"":3,""ask_orders"":1,""bid_price"":""213.95"",""ask_price"":""215.25""}]"
09:15:45.965,1790739945965760049,1457688519694316,Full Data,8,886461,409.40,20,09:15:45,,,421.90,656260,31980,163960,738980,"[{""bid_quantity"":60,""ask_quantity"":100,""bid_orders"":2,""ask_orders"":2,""bid_price"":""409.45"",""ask_price"":""410.50""},{""bid_quantity"":120,""ask_quantity"":80,""bid_orders"":4,""ask_orders"":3,""bid_price"":""409.40"",""ask_price"":""410.55""},{""bid_quantity"":80,""ask_quantity"":80,""bid_orders"":3,""ask_orders"":3,""bid_price"":""409.35"",""ask_price"":""410.65""},{""bid_quantity"":100,""ask_quantity"":80,""bid_orders"":3,""ask_orders"":4,""bid_price"":""409.30"",""ask_price"":""410.70""},{""bid_quantity"":260,""ask_quantity"":20,""bid_orders"":4,""ask_orders"":1,""bid_price"":""409.25"",""ask_price"":""410.75""}]"
09:15:46.025,1790739946025279714,1457688579213981,Full Data,8,886461,410.55,40,09:15:46,,,421.89,656620,31800,163740,738980,"[{""bid_quantity"":220,""ask_quantity"":80,""bid_orders"":3,""ask_orders"":2,""bid_price"":""409.55"",""ask_price"":""410.55""},{""bid_quantity"":120,""ask_quantity"":60,""bid_orders"":4,""ask_orders"":2,""bid_price"":""409.50"",""ask_price"":""410.60""},{""bid_quantity"":80,""ask_quantity"":20,""bid_orders"":3,""ask_orders"":1,""bid_price"":""409.45"",""ask_price"":""410.75""},{""bid_quantity"":260,""ask_quantity"":40,""bid_orders"":4,""ask_orders"":2,""bid_price"":""409.40"",""ask_price"":""410.80""},{""bid_quantity"":140,""ask_quantity"":40,""bid_orders"":3,""ask_orders"":2,""bid_price"":""409.35"",""ask_price"":""410.90""}]"
09:15:46.194,1790739946194214406,1457688748148833,Full Data,8,887253,677.30,20,09:15:46,,,684.67,21480,10100,31720,68380,"[{""bid_quantity"":160,""ask_quantity"":100,""bid_orders"":2,""ask_orders"":2,""bid_price"":""674.55"",""ask_price"":""678.40""},{""bid_quantity"":60,""ask_quantity"":160,""bid_orders"":1,""ask_orders"":1,""bid_price"":""674.50"",""ask_price"":""678.45""},{""bid_quantity"":80,""ask_quantity"":200,""bid_orders"":2,""ask_orders"":2,""bid_price"":""674.45"",""ask_price"":""678.75""},{""bid_quantity"":140,""ask_quantity"":100,""bid_orders"":2,""ask_orders"":1,""bid_price"":""674.40"",""ask_price"":""678.90""},{""bid_quantity"":60,""ask_quantity"":40,""bid_orders"":1,""ask_orders"":2,""bid_price"":""674.35"",""ask_price"":""679.15""}]"
09:15:46.293,1790739946293153686,1457688847087673,Full Data,8,887355,330.70,20,09:15:46,,,320.38,588940,29300,84140,308440,"[{""bid_quantity"":60,""ask_quantity"":100,""bid_orders"":1,""ask_orders"":4,""bid_price"":""329.60"",""ask_price"":""330.40""},{""bid_quantity"":40,""ask_quantity"":60,""bid_orders"":2,""ask_orders"":1,""bid_price"":""329.55"",""ask_price"":""330.50""},{""bid_quantity"":40,""ask_quantity"":80,""bid_orders"":2,""ask_orders"":3,""bid_price"":""329.50"",""ask_price"":""330.55""},{""bid_quantity"":60,""ask_quantity"":60,""bid_orders"":2,""ask_orders"":2,""bid_price"":""329.45"",""ask_price"":""330.60""},{""bid_quantity"":60,""ask_quantity"":40,""bid_orders"":3,""ask_orders"":1,""bid_price"":""329.40"",""ask_price"":""330.65""}]"
09:15:46.330,1790739946330130725,1457688884064832,Ticker Data,0,51,72509.69,,09:15:46,,,,,,,,
09:15:46.367,1790739946367406646,1457688921340993,Full Data,8,887080,471.75,20,09:15:46,,,482.60,266280,20520,103060,212920,"[{""bid_quantity"":20,""ask_quantity"":40,""bid_orders"":1,""ask_orders"":2,""bid_price"":""470.35"",""ask_price"":""471.65""},{""bid_quantity"":100,""ask_quantity"":40,""bid_orders"":3,""ask_orders"":2,""bid_price"":""470.30"",""ask_price"":""471.70""},{""bid_quantity"":180,""ask_quantity"":20,""bid_orders"":3,""ask_orders"":1,""bid_price"":""470.25"",""ask_price"":""471.75""},{""bid_quantity"":40,""ask_quantity"":60,""bid_orders"":2,""ask_orders"":2,""bid_price"":""470.20"",""ask_price"":""471.80""},{""bid_quantity"":140,""ask_quantity"":40,""bid_orders"":3,""ask_orders"":2,""bid_price"":""470.05"",""ask_price"":""471.85""}]"
09:15:46.451,1790739946451509189,1457689005443176,Full Data,8,887306,537.30,20,09:15:46,,,549.56,118020,12680,45200,204460,"[{""bid_quantity"":20,""ask_quantity"":20,""bid_orders"":1,""ask_orders"":1,""bid_price"":""536.70"",""ask_price"":""538.55""},{""bid_quantity"":60,""ask_quantity"":100,""bid_orders"":1,""ask_orders"":1,""bid_price"":""536.65"",""ask_price"":""539.00""},{""bid_quantity"":20,""ask_quantity"":100,""bid_orders"":1,""ask_orders"":1,""bid_price"":""536.60"",""ask_price"":""539.20""},{""bid_quantity"":160,""ask_quantity"":100,""bid_orders"":1,""ask_orders"":1,""bid_price"":""536.55"",""ask_price"":""539.40""},{""bid_quantity"":20,""ask_quantity"":180,""bid_orders"":1,""ask_orders"":1,""bid_price"":""536.50"",""ask_price"":""540.30""}]"
09:15:46.454,1790739946454599369,1457689008533276,Full Data,8,887080,473.45,20,09:15:46,,,482.59,266520,18060,103820,212920,"[{""bid_quantity"":80,""ask_quantity"":20,""bid_orders"":1,""ask_orders"":1,""bid_price"":""472.85"",""ask_price"":""473.65""},{""bid_quantity"":20,""ask_quantity"":20,""bid_orders"":1,""ask_orders"":1,""bid_price"":""472.80"",""ask_price"":""474.40""},{""bid_quantity"":80,""ask_quantity"":100,""bid_orders"":1,""ask_orders"":1,""bid_price"":""472.75"",""ask_price"":""474.60""},{""bid_quantity"":60,""ask_quantity"":340,""bid_orders"":1,""ask_orders"":1,""bid_price"":""472.70"",""ask_price"":""474.90""},{""bid_quantity"":20,""ask_quantity"":380,""bid_orders"":1,""ask_orders"":2,""bid_price"":""472.65"",""ask_price"":""474.95""}]"
09:15:46.466,1790739946466989489,1457689020923316,Full Data,8,887306,538.75,20,09:15:46,,,549.56,118080,12820,44120,204460,"[{""bid_quantity"":120,""ask_quantity"":40,""bid_orders"":2,""ask_orders"":2,""bid_price"":""538.25"",""ask_price"":""540.35""},{""bid_quantity"":160,""ask_quantity"":100,""bid_orders"":2,""ask_orders"":1,""bid_price"":""538.20"",""ask_price"":""541.00""},{""bid_quantity"":120,""ask_quantity"":120,""bid_orders"":2,""ask_orders"":1,""bid_price"":""538.15"",""ask_price"":""541.20""},{""bid_quantity"":20,""ask_quantity"":140,""bid_orders"":1,""ask_orders"":1,""bid_price"":""538.10"",""ask_price"":""541.60""},{""bid_quantity"":20,""ask_quantity"":100,""bid_orders"":1,""ask_orders"":1,""bid_price"":""538.00"",""ask_price"":""541.80""}]"
09:15:46.574,1790739946574099702,1457689128033929,Full Data,8,886659,609.20,20,09:15:46,,,618.86,58280,12240,29480,139920,"[{""bid_quantity"":300,""ask_quantity"":60,""bid_orders"":3,""ask_orders"":3,""bid_price"":""607.65"",""ask_price"":""610.90""},{""bid_quantity"":160,""ask_quantity"":100,""bid_orders"":1,""ask_orders"":2,""bid_price"":""607.60"",""ask_price"":""611.25""},{""bid_quantity"":240,""ask_quantity"":40,""bid_orders"":2,""ask_orders"":1,""bid_price"":""607.55"",""ask_price"":""611.30""},{""bid_quantity"":200,""ask_quantity"":40,""bid_orders"":2,""ask_orders"":1,""bid_price"":""607.50"",""ask_price"":""611.35""},{""bid_quantity"":200,""ask_quantity"":100,""bid_orders"":3,""ask_orders"":1,""bid_price"":""607.20"",""ask_price"":""611.60""}]"
09:15:46.664,1790739946664723287,1457689218657754,Full Data,8,887216,177.25,20,09:15:46,,,170.63,484520,47880,74760,604640,"[{""bid_quantity"":40,""ask_quantity"":80,""bid_orders"":1,""ask_orders"":1,""bid_price"":""176.45"",""ask_price"":""177.05""},{""bid_quantity"":200,""ask_quantity"":360,""bid_orders"":2,""ask_orders"":5,""bid_price"":""176.40"",""ask_price"":""177.10""},{""bid_quantity"":160,""ask_quantity"":80,""bid_orders"":2,""ask_orders"":1,""bid_price"":""175.80"",""ask_price"":""177.20""},{""bid_quantity"":460,""ask_quantity"":20,""bid_orders"":2,""ask_orders"":1,""bid_price"":""175.65"",""ask_price"":""177.25""},{""bid_quantity"":240,""ask_quantity"":120,""bid_orders"":3,""ask_orders"":2,""bid_price"":""175.60"",""ask_price"":""177.30""}]"
09:15:46.716,1790739946716366461,1457689270300408,Full Data,8,887135,358.60,20,09:15:46,,,363.35,571140,23800,102480,307120,"[{""bid_quantity"":180,""ask_quantity"":40,""bid_orders"":2,""ask_orders"":1,""bid_price"":""358.60"",""ask_price"":""359.10""},{""bid_quantity"":20,""ask_quantity"":20,""bid_orders"":1,""ask_orders"":1,""bid_price"":""358.55"",""ask_price"":""359.15""},{""bid_quantity"":160,""ask_quantity"":2960,""bid_orders"":3,""ask_orders"":3,""bid_price"":""358.50"",""ask_price"":""359.30""},{""bid_quantity"":40,""ask_quantity"":40,""bid_orders"":1,""ask_orders"":2,""bid_price"":""358.45"",""ask_price"":""359.65""},{""bid_quantity"":220,""ask_quantity"":20,""bid_orders"":2,""ask_orders"":1,""bid_price"":""358.30"",""ask_price"":""360.55""}]"
09:15:46.776,1790739946776268048,1457689330202075,Full Data,8,887216,175.90,20,09:15:46,,,170.65,486080,51000,74240,604640,"[{""bid_quantity"":60,""ask_quantity"":60,""bid_orders"":2,""ask_orders"":3,""bid_price"":""175.50"",""ask_price"":""175.75""},{""bid_quantity"":20,""ask_quantity"":60,""bid_orders"":1,""ask_orders"":2,""bid_price"":""175.05"",""ask_price"":""175.80""},{""bid_quantity"":600,""ask_quantity"":40,""bid_orders"":4,""ask_orders"":2,""bid_price"":""175.00"",""ask_price"":""175.85""},{""bid_quantity"":80,""ask_quantity"":100,""bid_orders"":1,""ask_orders"":3,""bid_price"":""174.90"",""ask_price"":""175.90""},{""bid_quantity"":260,""ask_quantity"":180,""bid_orders"":1,""ask_orders"":3,""bid_price"":""174.85"",""ask_price"":""175.95""}]"
09:15:46.792,1790739946792500113,1457689346434140,Full Data,8,887135,361.90,20,09:15:46,,,363.33,574700,22100,102720,307120,"[{""bid_quantity"":40,""ask_quantity"":20,""bid_orders"":1,""ask_orders"":1,""bid_price"":""361.95"",""ask_price"":""362.40""},{""bid_quantity"":40,""ask_quantity"":40,""bid_orders"":2,""ask_orders"":1,""bid_price"":""361.80"",""ask_price"":""362.55""},{""bid_quantity"":40,""ask_quantity"":20,""bid_orders"":2,""ask_orders"":1,""bid_price"":""361.75"",""ask_price"":""362.60""},{""bid_quantity"":100,""ask_quantity"":160,""bid_orders"":1,""ask_orders"":1,""bid_price"":""361.20"",""ask_price"":""362.65""},{""bid_quantity"":20,""ask_quantity"":200,""bid_orders"":1,""ask_orders"":3,""bid_price"":""361.10"",""ask_price"":""362.75""}]"
09:15:46.827,1790739946827386139,1457689381320366,Full Data,8,886620,206.85,40,09:15:46,,,201.75,575100,55780,78620,619000,"[{""bid_quantity"":40,""ask_quantity"":80,""bid_orders"":1,""ask_orders"":1,""bid_price"":""206.95"",""ask_price"":""207.70""},{""bid_quantity"":180,""ask_quantity"":40,""bid_orders"":3,""ask_orders"":1,""bid_price"":""206.90"",""ask_price"":""207.75""},{""bid_quantity"":40,""ask_quantity"":80,""bid_orders"":1,""ask_orders"":1,""bid_price"":""206.85"",""ask_price"":""207.80""},{""bid_quantity"":20,""ask_quantity"":80,""bid_orders"":1,""ask_orders"":1,""bid_price"":""206.80"",""ask_price"":""207.85""},{""bid_quantity"":40,""ask_quantity"":180,""bid_orders"":1,""ask_orders"":4,""bid_price"":""206.75"",""ask_price"":""207.90""}]"
09:15:46.854,1790739946854562474,1457689408496421,Full Data,8,886620,207.55,20,09:15:46,,,201.75,575200,55860,79060,619000,"[{""bid_quantity"":60,""ask_quantity"":60,""bid_orders"":2,""ask_orders"":1,""bid_price"":""207.05"",""ask_price"":""207.75""},{""bid_quantity"":120,""ask_quantity"":160,""bid_orders"":2,""ask_orders"":5,""bid_price"":""207.00"",""ask_price"":""207.80""},{""bid_quantity"":40,""ask_quantity"":260,""bid_orders"":1,""ask_orders"":4,""bid_price"":""206.90"",""ask_price"":""207.85""},{""bid_quantity"":100,""ask_quantity"":80,""bid_orders"":1,""ask_orders"":1,""bid_price"":""206.85"",""ask_price"":""207.95""},{""bid_quantity"":40,""ask_quantity"":20,""bid_orders"":1,""ask_orders"":1,""bid_price"":""206.80"",""ask_price"":""208.00""}]"
09:15:46.898,1790739946898455718,1457689452389665,Full Data,8,887279,241.90,20,09:15:46,,,234.84,923500,49740,91960,563560,"[{""bid_quantity"":20,""ask_quantity"":160,""bid_orders"":1,""ask_orders"":1,""bid_price"":""241.00"",""ask_price"":""241.70""},{""bid_quantity"":20,""ask_quantity"":120,""bid_orders"":1,""ask_orders"":2,""bid_price"":""240.90"",""ask_price"":""241.75""},{""bid_quantity"":40,""ask_quantity"":200,""bid_orders"":2,""ask_orders"":2,""bid_price"":""240.85"",""ask_price"":""241.80""},{""bid_quantity"":220,""ask_quantity"":180,""bid_orders"":3,""ask_orders"":2,""bid_price"":""240.80"",""ask_price"":""241.95""},{""bid_quantity"":180,""ask_quantity"":40,""bid_orders"":2,""ask_orders"":2,""bid_price"":""240.75"",""ask_price"":""242.00""}]"
09:15:47.034,1790739947034632958,1457689588567265,Full Data,8,886461,407.80,20,09:15:47,,,421.73,669340,30940,165880,738980,"[{""bid_quantity"":40,""ask_quantity"":80,""bid_orders"":1,""ask_orders"":1,""bid_price"":""407.75"",""ask_price"":""408.80""},{""bid_quantity"":160,""ask_quantity"":60,""bid_orders"":4,""ask_orders"":2,""bid_price"":""407.70"",""ask_price"":""408.85""},{""bid_quantity"":60,""ask_quantity"":100,""bid_orders"":2,""ask_orders"":2,""bid_price"":""407.65"",""ask_price"":""408.90""},{""bid_quantity"":80,""ask_quantity"":60,""bid_orders"":2,""ask_orders"":3,""bid_price"":""407.60"",""ask_price"":""408.95""},{""bid_quantity"":20,""ask_quantity"":40,""bid_orders"":1,""ask_orders"":2,""bid_price"":""407.50"",""ask_price"":""409.00""}]"
09:15:47.080,1790739947080042972,1457689633977159,Full Data,8,886461,406.35,20,09:15:47,,,421.70,670560,30280,166980,738980,"[{""bid_quantity"":60,""ask_quantity"":40,""bid_orders"":2,""ask_orders"":1,""bid_price"":""406.30"",""ask_price"":""407.10""},{""bid_quantity"":120,""ask_quantity"":180,""bid_orders"":3,""ask_orders"":2,""bid_price"":""406.20"",""ask_price"":""407.15""},{""bid_quantity"":60,""ask_quantity"":180,""bid_orders"":2,""ask_orders"":2,""bid_price"":""406.15"",""ask_price"":""407.35""},{""bid_quantity"":120,""ask_quantity"":120,""bid_orders"":4,""ask_orders"":3,""bid_price"":""406.05"",""ask_price"":""407.45""},{""bid_quantity"":20,""ask_quantity"":40,""bid_orders"":1,""ask_orders"":1,""bid_price"":""406.00"",""ask_price"":""407.55""}]"
09:15:47.136,1790739947136785618,1457689690719685,Full Data,8,887100,377.30,20,09:15:47,,,364.07,373900,23680,67060,254140,"[{""bid_quantity"":20,""ask_quantity"":40,""bid_orders"":1,""ask_orders"":1,""bid_price"":""376.55"",""ask_price"":""377.45""},{""bid_quantity"":20,""ask_quantity"":20,""bid_orders"":1,""ask_orders"":1,""bid_price"":""376.50"",""ask_price"":""377.50""},{""bid_quantity"":80,""ask_quantity"":20,""bid_orders"":1,""ask_orders"":1,""bid_price"":""376.45"",""ask_price"":""377.55""},{""bid_quantity"":100,""ask_quantity"":20,""bid_orders"":1,""ask_orders"":1,""bid_price"":""376.40"",""ask_price"":""377.60""},{""bid_quantity"":20,""ask_quantity"":40,""bid_orders"":1,""ask_orders"":2,""bid_price"":""376.35"",""ask_price"":""377.75""}]"
09:15:47.149,1790739947149271499,1457689703205406,Full Data,8,886540,151.20,40,09:15:47,,,143.85,386100,64600,63000,605280,"[{""bid_quantity"":80,""ask_quantity"":80,""bid_orders"":1,""ask_orders"":2,""bid_price"":""150.75"",""ask_price"":""151.20""},{""bid_quantity"":20,""ask_quantity"":60,""bid_orders"":1,""ask_orders"":2,""bid_price"":""150.70"",""ask_price"":""151.25""},{""bid_quantity"":140,""ask_quantity"":200,""bid_orders"":2,""ask_orders"":4,""bid_price"":""150.65"",""ask_price"":""151.30""},{""bid_quantity"":20,""ask_quantity"":160,""bid_orders"":1,""ask_orders"":4,""bid_price"":""150.60"",""ask_price"":""151.35""},{""bid_quantity"":140,""ask_quantity"":80,""bid_orders"":3,""ask_orders"":2,""bid_price"":""150.45"",""ask_price"":""151.40""}]"
09:15:47.171,1790739947171988526,1457689725922433,Full Data,8,886528,300.00,180,09:15:47,,,312.99,558000,27100,156200,227080,"[{""bid_quantity"":740,""ask_quantity"":80,""bid_orders"":1,""ask_orders"":2,""bid_price"":""300.00"",""ask_price"":""300.35""},{""bid_quantity"":80,""ask_quantity"":40,""bid_orders"":1,""ask_orders"":2,""bid_price"":""299.95"",""ask_price"":""300.40""},{""bid_quantity"":20,""ask_quantity"":40,""bid_orders"":1,""ask_orders"":2,""bid_price"":""299.60"",""ask_price"":""300.45""},{""bid_quantity"":140,""ask_quantity"":40,""bid_orders"":2,""ask_orders"":2,""bid_price"":""299.35"",""ask_price"":""300.50""},{""bid_quantity"":280,""ask_quantity"":60,""bid_orders"":5,""ask_orders"":3,""bid_price"":""299.30"",""ask_price"":""300.55""}]"
09:15:47.179,1790739947179336373,1457689733270240,Full Data,8,887100,377.05,20,09:15:47,,,364.07,373920,23740,68040,254140,"[{""bid_quantity"":40,""ask_quantity"":40,""bid_orders"":2,""ask_orders"":1,""bid_price"":""377.10"",""ask_price"":""377.45""},{""bid_quantity"":20,""ask_quantity"":120,""bid_orders"":1,""ask_orders"":4,""bid_price"":""377.05"",""ask_price"":""377.85""},{""bid_quantity"":40,""ask_quantity"":160,""bid_orders"":2,""ask_orders"":4,""bid_price"":""377.00"",""ask_price"":""378.35""},{""bid_quantity"":120,""ask_quantity"":80,""bid_orders"":3,""ask_orders"":2,""bid_price"":""376.90"",""ask_price"":""378.40""},{""bid_quantity"":100,""ask_quantity"":40,""bid_orders"":2,""ask_orders"":2,""bid_price"":""376.80"",""ask_price"":""378.45""}]"
09:15:47.205,1790739947205284661,1457689759219088,Full Data,8,886540,151.20,40,09:15:47,,,143.86,386380,67700,65220,605280,"[{""bid_quantity"":320,""ask_quantity"":180,""bid_orders"":3,""ask_orders"":2,""bid_price"":""151.20"",""ask_price"":""151.70""},{""bid_quantity"":60,""ask_quantity"":80,""bid_orders"":3,""ask_orders"":3,""bid_price"":""151.15"",""ask_price"":""151.75""},{""bid_quantity"":120,""ask_quantity"":60,""bid_orders"":3,""ask_orders"":2,""bid_price"":""151.10"",""ask_price"":""151.80""},{""bid_quantity"":40,""ask_quantity"":60,""bid_orders"":2,""ask_orders"":2,""bid_price"":""151.05"",""ask_price"":""151.85""},{""bid_quantity"":40,""ask_quantity"":60,""bid_orders"":2,""ask_orders"":2,""bid_price"":""151.00"",""ask_price"":""151.90""}]"
09:15:47.258,1790739947258842847,1457689812776714,Full Data,8,886528,300.00,200,09:15:47,,,312.96,559280,26560,157160,227080,"[{""bid_quantity"":40,""ask_quantity"":40,""bid_orders"":1,""ask_orders"":2,""bid_price"":""299.55"",""ask_price"":""300.00""},{""bid_quantity"":120,""ask_quantity"":20,""bid_orders"":4,""ask_orders"":1,""bid_price"":""299.50"",""ask_price"":""300.30""},{""bid_quantity"":220,""ask_quantity"":240,""bid_orders"":4,""ask_orders"":5,""bid_price"":""299.45"",""ask_price"":""300.45""},{""bid_quantity"":20,""ask_quantity"":40,""bid_orders"":1,""ask_orders"":2,""bid_price"":""299.40"",""ask_price"":""300.50""},{""bid_quantity"":160,""ask_quantity"":80,""bid_orders"":4,""ask_orders"":3,""bid_price"":""299.35"",""ask_price"":""300.55""}]"
09:15:47.319,1790739947319478079,1457689873412066,Ticker Data,0,51,72518.60,,09:15:47,,,,,,,,
09:15:47.435,1790739947435658670,1457689989593137,Full Data,8,887080,470.80,20,09:15:47,,,482.47,270360,17240,103640,212920,"[{""bid_quantity"":120,""ask_quantity"":20,""bid_orders"":2,""ask_orders"":1,""bid_price"":""469.90"",""ask_price"":""470.60""},{""bid_quantity"":80,""ask_quantity"":40,""bid_orders"":2,""ask_orders"":1,""bid_price"":""469.85"",""ask_price"":""471.15""},{""bid_quantity"":180,""ask_quantity"":20,""bid_orders"":4,""ask_orders"":1,""bid_price"":""469.80"",""ask_price"":""471.45""},{""bid_quantity"":140,""ask_quantity"":240,""bid_orders"":4,""ask_orders"":1,""bid_price"":""469.70"",""ask_price"":""471.55""},{""bid_quantity"":60,""ask_quantity"":20,""bid_orders"":2,""ask_orders"":1,""bid_price"":""469.60"",""ask_price"":""471.65""}]"
09:15:47.482,1790739947482886815,1457690036821082,Full Data,8,887306,536.20,180,09:15:47,,,549.21,122180,14900,43700,204460,"[{""bid_quantity"":60,""ask_quantity"":100,""bid_orders"":2,""ask_orders"":2,""bid_price"":""535.10"",""ask_price"":""536.75""},{""bid_quantity"":20,""ask_quantity"":80,""bid_orders"":1,""ask_orders"":2,""bid_price"":""534.85"",""ask_price"":""536.80""},{""bid_quantity"":40,""ask_quantity"":220,""bid_orders"":1,""ask_orders"":4,""bid_price"":""534.75"",""ask_price"":""536.90""},{""bid_quantity"":120,""ask_quantity"":80,""bid_orders"":2,""ask_orders"":2,""bid_price"":""534.70"",""ask_price"":""537.00""},{""bid_quantity"":100,""ask_quantity"":260,""bid_orders"":1,""ask_orders"":3,""bid_price"":""534.00"",""ask_price"":""537.05""}]"
09:15:47.513,1790739947513154291,1457690067088278,Full Data,8,887080,470.80,20,09:15:47,,,482.47,270360,17140,102220,212920,"[{""bid_quantity"":20,""ask_quantity"":40,""bid_orders"":1,""ask_orders"":2,""bid_price"":""469.95"",""ask_price"":""471.00""},{""bid_quantity"":140,""ask_quantity"":80,""bid_orders"":3,""ask_orders"":3,""bid_price"":""469.75"",""ask_price"":""471.25""},{""bid_quantity"":40,""ask_quantity"":180,""bid_orders"":2,""ask_orders"":4,""bid_price"":""469.70"",""ask_price"":""471.40""},{""bid_quantity"":20,""ask_quantity"":20,""bid_orders"":1,""ask_orders"":1,""bid_price"":""469.65"",""ask_price"":""471.55""},{""bid_quantity"":120,""ask_quantity"":180,""bid_orders"":3,""ask_orders"":3,""bid_price"":""469.60"",""ask_price"":""471.60""}]"
09:15:47.689,1790739947689783273,1457690243717740,Full Data,8,886659,603.30,20,09:15:47,,,618.76,58800,12940,27820,139920,"[{""bid_quantity"":40,""ask_quantity"":100,""bid_orders"":1,""ask_orders"":2,""bid_price"":""602.55"",""ask_price"":""604.70""},{""bid_quantity"":60,""ask_quantity"":140,""bid_orders"":2,""ask_orders"":2,""bid_price"":""602.50"",""ask_price"":""604.75""},{""bid_quantity"":40,""ask_quantity"":300,""bid_orders"":1,""ask_orders"":3,""bid_price"":""602.45"",""ask_price"":""605.35""},{""bid_quantity"":60,""ask_quantity"":20,""bid_orders"":1,""ask_orders"":1,""bid_price"":""602.40"",""ask_price"":""605.80""},{""bid_quantity"":40,""ask_quantity"":80,""bid_orders"":1,""ask_orders"":1,""bid_price"":""602.35"",""ask_price"":""605.90""}]"
09:15:47.758,1790739947758304116,1457690312238143,Full Data,8,887216,178.55,40,09:15:47,,,170.79,495560,48280,79540,604640,"[{""bid_quantity"":80,""ask_quantity"":140,""bid_orders"":4,""ask_orders"":3,""bid_price"":""178.45"",""ask_price"":""179.20""},{""bid_quantity"":340,""ask_quantity"":60,""bid_orders"":4,""ask_orders"":2,""bid_price"":""178.40"",""ask_price"":""179.25""},{""bid_quantity"":120,""ask_quantity"":100,""bid_orders"":3,""ask_orders"":3,""bid_price"":""178.35"",""ask_price"":""179.35""},{""bid_quantity"":40,""ask_quantity"":140,""bid_orders"":2,""ask_orders"":2,""bid_price"":""178.30"",""ask_price"":""179.45""},{""bid_quantity"":120,""ask_quantity"":100,""bid_orders"":2,""ask_orders"":2,""bid_price"":""178.20"",""ask_price"":""179.50""}]"
09:15:47.782,1790739947782857354,1457690336791381,Full Data,8,887135,353.80,20,09:15:47,,,363.13,587800,23940,104580,307120,"[{""bid_quantity"":160,""ask_quantity"":40,""bid_orders"":1,""ask_orders"":2,""bid_price"":""353.30"",""ask_price"":""354.10""},{""bid_quantity"":180,""ask_quantity"":60,""bid_orders"":5,""ask_orders"":2,""bid_price"":""353.25"",""ask_price"":""354.15""},{""bid_quantity"":160,""ask_quantity"":40,""bid_orders"":1,""ask_orders"":2,""bid_price"":""353.20"",""ask_price"":""354.20""},{""bid_quantity"":40,""ask_quantity"":40,""bid_orders"":1,""ask_orders"":1,""bid_price"":""353.15"",""ask_price"":""354.40""},{""bid_quantity"":40,""ask_quantity"":160,""bid_orders"":1,""ask_orders"":1,""bid_price"":""352.95"",""ask_price"":""354.45""}]"
09:15:47.817,1790739947817811380,1457690371745447,Full Data,8,886659,603.30,20,09:15:47,,,618.76,58800,12660,27820,139920,"[{""bid_quantity"":20,""ask_quantity"":120,""bid_orders"":1,""ask_orders"":1,""bid_price"":""603.30"",""ask_price"":""604.75""},{""bid_quantity"":60,""ask_quantity"":60,""bid_orders"":2,""ask_orders"":2,""bid_price"":""603.25"",""ask_price"":""605.10""},{""bid_quantity"":60,""ask_quantity"":100,""bid_orders"":2,""ask_orders"":2,""bid_price"":""603.20"",""ask_price"":""605.15""},{""bid_quantity"":60,""ask_quantity"":40,""bid_orders"":2,""ask_orders"":2,""bid_price"":""603.15"",""ask_price"":""605.40""},{""bid_quantity"":60,""ask_quantity"":40,""bid_orders"":2,""ask_orders"":2,""bid_price"":""603.10"",""ask_price"":""605.50""}]"
09:15:47.830,1790739947830425582,1457690384359409,Full Data,8,887216,178.85,100,09:15:47,,,170.79,496040,47840,79680,604640,"[{""bid_quantity"":300,""ask_quantity"":20,""bid_orders"":3,""ask_orders"":1,""bid_price"":""178.40"",""ask_price"":""178.90""},{""bid_quantity"":60,""ask_quantity"":200,""bid_orders"":1,""ask_orders"":1,""bid_price"":""178.35"",""ask_price"":""178.95""},{""bid_quantity"":100,""ask_quantity"":40,""bid_orders"":2,""ask_orders"":1,""bid_price"":""178.30"",""ask_price"":""179.15""},{""bid_quantity"":80,""ask_quantity"":60,""bid_orders"":4,""ask_orders"":2,""bid_price"":""178.25"",""ask_price"":""179.20""},{""bid_quantity"":280,""ask_quantity"":120,""bid_orders"":6,""ask_orders"":2,""bid_price"":""178.20"",""ask_price"":""179.25""}]"
09:15:47.851,1790739947851287677,1457690405221504,Full Data,8,887135,355.20,20,09:15:47,,,363.12,588520,24480,104180,307120,"[{""bid_quantity"":120,""ask_quantity"":40,""bid_orders"":3,""ask_orders"":1,""bid_price"":""353.60"",""ask_price"":""354.90""},{""bid_quantity"":60,""ask_quantity"":20,""bid_orders"":2,""ask_orders"":1,""bid_price"":""353.45"",""ask_price"":""354.95""},{""bid_quantity"":20,""ask_quantity"":160,""bid_orders"":1,""ask_orders"":1,""bid_price"":""353.40"",""ask_price"":""355.00""},{""bid_quantity"":120,""ask_quantity"":40,""bid_orders"":1,""ask_orders"":1,""bid_price"":""353.35"",""ask_price"":""355.05""},{""bid_quantity"":160,""ask_quantity"":20,""bid_orders"":1,""ask_orders"":1,""bid_price"":""353.30"",""ask_price"":""355.10""}]"
09:15:47.962,1790739947962635276,1457690516569343,Full Data,8,887279,243.65,20,09:15:47,,,235.12,953360,50540,88180,563560,"[{""bid_quantity"":40,""ask_quantity"":20,""bid_orders"":2,""ask_orders"":1,""bid_price"":""243.70"",""ask_price"":""244.15""},{""bid_quantity"":40,""ask_quantity"":100,""bid_orders"":2,""ask_orders"":2,""bid_price"":""243.65"",""ask_price"":""244.40""},{""bid_quantity"":40,""ask_quantity"":60,""bid_orders"":2,""ask_orders"":2,""bid_price"":""243.60"",""ask_price"":""244.45""},{""bid_quantity"":60,""ask_quantity"":320,""bid_orders"":3,""ask_orders"":2,""bid_price"":""243.55"",""ask_price"":""244.70""},{""bid_quantity"":80,""ask_quantity"":140,""bid_orders"":4,""ask_orders"":1,""bid_price"":""243.50"",""ask_price"":""244.75""}]"
09:15:48.085,1790739948085374270,1457690639308337,Full Data,8,886461,411.70,20,09:15:48,,,421.51,680820,30980,168080,738980,"[{""bid_quantity"":40,""ask_quantity"":280,""bid_orders"":1,""ask_orders"":2,""bid_price"":""411.75"",""ask_price"":""412.85""},{""bid_quantity"":40,""ask_quantity"":100,""bid_orders"":1,""ask_orders"":4,""bid_price"":""411.70"",""ask_price"":""412.90""},{""bid_quantity"":40,""ask_quantity"":60,""bid_orders"":1,""ask_orders"":3,""bid_price"":""411.65"",""ask_price"":""413.05""},{""bid_quantity"":40,""ask_quantity"":60,""bid_orders"":1,""ask_orders"":3,""bid_price"":""411.60"",""ask_price"":""413.10""},{""bid_quantity"":60,""ask_quantity"":60,""bid_orders"":2,""ask_orders"":2,""bid_price"":""411.50"",""ask_price"":""413.15""}]"
09:15:48.135,1790739948135017470,1457690688951537,Full Data,8,886461,414.25,20,09:15:48,,,421.51,681120,31060,168560,738980,"[{""bid_quantity"":60,""ask_quantity"":200,""bid_orders"":2,""ask_orders"":3,""bid_price"":""414.10"",""ask_price"":""415.00""},{""bid_quantity"":60,""ask_quantity"":40,""bid_orders"":2,""ask_orders"":1,""bid_price"":""414.05"",""ask_price"":""415.05""},{""bid_quantity"":60,""ask_quantity"":60,""bid_orders"":2,""ask_orders"":3,""bid_price"":""414.00"",""ask_price"":""415.40""},{""bid_quantity"":220,""ask_quantity"":60,""bid_orders"":3,""ask_orders"":3,""bid_price"":""413.95"",""ask_price"":""415.60""},{""bid_quantity"":60,""ask_quantity"":140,""bid_orders"":1,""ask_orders"":1,""bid_price"":""413.90"",""ask_price"":""415.65""}]"
09:15:48.184,1790739948184544510,1457690738478657,Full Data,8,887100,374.60,20,09:15:48,,,364.13,376100,20660,65280,254140,"[{""bid_quantity"":20,""ask_quantity"":20,""bid_orders"":1,""ask_orders"":1,""bid_price"":""374.90"",""ask_price"":""375.80""},{""bid_quantity"":20,""ask_quantity"":140,""bid_orders"":1,""ask_orders"":3,""bid_price"":""374.85"",""ask_price"":""375.95""},{""bid_quantity"":20,""ask_quantity"":80,""bid_orders"":1,""ask_orders"":3,""bid_price"":""374.70"",""ask_price"":""376.00""},{""bid_quantity"":40,""ask_quantity"":120,""bid_orders"":1,""ask_orders"":2,""bid_price"":""374.65"",""ask_price"":""376.10""},{""bid_quantity"":20,""ask_quantity"":20,""bid_orders"":1,""ask_orders"":1,""bid_price"":""374.60"",""ask_price"":""376.15""}]"
09:15:48.220,1790739948220584703,1457690774518610,Full Data,8,886540,151.10,20,09:15:48,,,143.96,392160,67340,63020,605280,"[{""bid_quantity"":40,""ask_quantity"":20,""bid_orders"":1,""ask_orders"":1,""bid_price"":""151.00"",""ask_price"":""151.15""},{""bid_quantity"":120,""ask_quantity"":20,""bid_orders"":3,""ask_orders"":1,""bid_price"":""150.65"",""ask_price"":""151.40""},{""bid_quantity"":100,""ask_quantity"":140,""bid_orders"":2,""ask_orders"":2,""bid_price"":""150.60"",""ask_price"":""151.45""},{""bid_quantity"":40,""ask_quantity"":140,""bid_orders"":1,""ask_orders"":3,""bid_price"":""150.40"",""ask_price"":""151.50""},{""bid_quantity"":240,""ask_quantity"":80,""bid_orders"":2,""ask_orders"":3,""bid_price"":""150.30"",""ask_price"":""151.55""}]"
09:15:48.248,1790739948248900486,1457690802834793,Full Data,8,887100,374.60,20,09:15:48,,,364.13,376100,21340,64940,254140,"[{""bid_quantity"":20,""ask_quantity"":80,""bid_orders"":1,""ask_orders"":1,""bid_price"":""373.10"",""ask_price"":""374.15""},{""bid_quantity"":240,""ask_quantity"":20,""bid_orders"":5,""ask_orders"":1,""bid_price"":""373.00"",""ask_price"":""374.20""},{""bid_quantity"":80,""ask_quantity"":100,""bid_orders"":3,""ask_orders"":2,""bid_price"":""372.95"",""ask_price"":""374.25""},{""bid_quantity"":40,""ask_quantity"":40,""bid_orders"":1,""ask_orders"":1,""bid_price"":""372.90"",""ask_price"":""374.35""},{""bid_quantity"":20,""ask_quantity"":20,""bid_orders"":1,""ask_orders"":1,""bid_price"":""372.75"",""ask_price"":""374.40""}]"
09:15:48.254,1790739948254630203,1457690808564470,Full Data,8,886540,151.10,20,09:15:48,,,143.96,392160,68360,61960,605280,"[{""bid_quantity"":40,""ask_quantity"":120,""bid_orders"":1,""ask_orders"":3,""bid_price"":""150.00"",""ask_price"":""150.45""},{""bid_quantity"":20,""ask_quantity"":120,""bid_orders"":1,""ask_orders"":4,""bid_price"":""149.95"",""ask_price"":""150.50""},{""bid_quantity"":40,""ask_quantity"":200,""bid_orders"":2,""ask_orders"":4,""bid_price"":""149.90"",""ask_price"":""150.65""},{""bid_quantity"":80,""ask_quantity"":180,""bid_orders"":1,""ask_orders"":3,""bid_price"":""149.75"",""ask_price"":""150.70""},{""bid_quantity"":80,""ask_quantity"":60,""bid_orders"":2,""ask_orders"":2,""bid_price"":""149.70"",""ask_price"":""150.75""}]"
09:15:48.258,1790739948258355348,1457690812289295,Full Data,8,886528,307.25,20,09:15:48,,,312.86,564900,22980,156340,227080,"[{""bid_quantity"":160,""ask_quantity"":20,""bid_orders"":1,""ask_orders"":1,""bid_price"":""306.95"",""ask_price"":""307.30""},{""bid_quantity"":240,""ask_quantity"":200,""bid_orders"":4,""ask_orders"":3,""bid_price"":""306.90"",""ask_price"":""307.90""},{""bid_quantity"":40,""ask_quantity"":60,""bid_orders"":1,""ask_orders"":2,""bid_price"":""306.80"",""ask_price"":""308.15""},{""bid_quantity"":40,""ask_quantity"":60,""bid_orders"":1,""ask_orders"":2,""bid_price"":""306.70"",""ask_price"":""308.20""},{""bid_quantity"":40,""ask_quantity"":120,""bid_orders"":1,""ask_orders"":1,""bid_price"":""306.60"",""ask_price"":""308.25""}]"
09:15:48.306,1790739948307005662,1457690860939649,Full Data,8,887355,327.05,20,09:15:48,,,320.56,613460,28860,87480,308440,"[{""bid_quantity"":40,""ask_quantity"":20,""bid_orders"":2,""ask_orders"":1,""bid_price"":""324.40"",""ask_price"":""325.30""},{""bid_quantity"":20,""ask_quantity"":100,""bid_orders"":1,""ask_orders"":2,""bid_price"":""324.35"",""ask_price"":""325.35""},{""bid_quantity"":20,""ask_quantity"":40,""bid_orders"":1,""ask_orders"":1,""bid_price"":""324.25"",""ask_price"":""325.40""},{""bid_quantity"":20,""ask_quantity"":80,""bid_orders"":1,""ask_orders"":3,""bid_price"":""324.20"",""ask_price"":""325.45""},{""bid_quantity"":140,""ask_quantity"":100,""bid_orders"":2,""ask_orders"":3,""bid_price"":""324.00"",""ask_price"":""325.50""}]"
09:15:48.322,1790739948322152560,1457690876086507,Ticker Data,0,51,72514.46,,09:15:48,,,,,,,,
09:15:48.340,1790739948340766760,1457690894700907,Full Data,8,887253,680.95,20,09:15:48,,,684.63,21680,8500,31660,68380,"[{""bid_quantity"":60,""ask_quantity"":40,""bid_orders"":2,""ask_orders"":2,""bid_price"":""683.60"",""ask_price"":""685.80""},{""bid_quantity"":60,""ask_quantity"":40,""bid_orders"":2,""ask_orders"":2,""bid_price"":""683.55"",""ask_price"":""685.85""},{""bid_quantity"":80,""ask_quantity"":100,""bid_orders"":2,""ask_orders"":3,""bid_price"":""683.50"",""ask_price"":""686.00""},{""bid_quantity"":60,""ask_quantity"":240,""bid_orders"":2,""ask_orders"":1,""bid_price"":""683.35"",""ask_price"":""686.05""},{""bid_quantity"":60,""ask_quantity"":80,""bid_orders"":2,""ask_orders"":1,""bid_price"":""683.30"",""ask_price"":""686.10""}]"
09:15:48.347,1790739948347100161,1457690901034028,Full Data,8,886528,305.90,80,09:15:48,,,312.85,565660,23680,155500,227080,"[{""bid_quantity"":40,""ask_quantity"":20,""bid_orders"":1,""ask_orders"":1,""bid_price"":""304.40"",""ask_price"":""304.85""},{""bid_quantity"":180,""ask_quantity"":40,""bid_orders"":2,""ask_orders"":1,""bid_price"":""304.35"",""ask_price"":""305.15""},{""bid_quantity"":40,""ask_quantity"":100,""bid_orders"":1,""ask_orders"":3,""bid_price"":""304.30"",""ask_price"":""305.40""},{""bid_quantity"":180,""ask_quantity"":20,""bid_orders"":2,""ask_orders"":1,""bid_price"":""304.25"",""ask_price"":""305.45""},{""bid_quantity"":60,""ask_quantity"":20,""bid_orders"":2,""ask_orders"":1,""bid_price"":""304.20"",""ask_price"":""305.50""}]"
09:15:48.369,1790739948369997269,1457690923931656,Full Data,8,887253,680.95,20,09:15:48,,,684.63,21680,10240,31640,68380,"[{""bid_quantity"":40,""ask_quantity"":640,""bid_orders"":1,""ask_orders"":11,""bid_price"":""679.65"",""ask_price"":""683.10""},{""bid_quantity"":40,""ask_quantity"":160,""bid_orders"":1,""ask_orders"":4,""bid_price"":""679.60"",""ask_price"":""683.20""},{""bid_quantity"":40,""ask_quantity"":120,""bid_orders"":1,""ask_orders"":3,""bid_price"":""679.50"",""ask_price"":""683.30""},{""bid_quantity"":20,""ask_quantity"":100,""bid_orders"":1,""ask_orders"":2,""bid_price"":""679.30"",""ask_price"":""683.40""},{""bid_quantity"":20,""ask_quantity"":80,""bid_orders"":1,""ask_orders"":1,""bid_price"":""679.20"",""ask_price"":""683.50""}]"
09:15:48.509,1790739948509392730,1457691063327517,Full Data,8,887080,474.80,20,09:15:48,,,482.32,275080,19880,102580,212920,"[{""bid_quantity"":60,""ask_quantity"":40,""bid_orders"":1,""ask_orders"":2,""bid_price"":""471.75"",""ask_price"":""472.95""},{""bid_quantity"":260,""ask_quantity"":60,""bid_orders"":3,""ask_orders"":3,""bid_price"":""471.65"",""ask_price"":""473.05""},{""bid_quantity"":80,""ask_quantity"":20,""bid_orders"":2,""ask_orders"":1,""bid_price"":""471.60"",""ask_price"":""473.20""},{""bid_quantity"":80,""ask_quantity"":20,""bid_orders"":1,""ask_orders"":1,""bid_price"":""471.55"",""ask_price"":""473.25""},{""bid_quantity"":40,""ask_quantity"":20,""bid_orders"":1,""ask_orders"":1,""bid_price"":""471.50"",""ask_price"":""473.30""}]"
09:15:48.566,1790739948566899822,1457691120833929,Full Data,8,887306,538.75,20,09:15:48,,,549.07,123740,13840,44540,204460,"[{""bid_quantity"":80,""ask_quantity"":80,""bid_orders"":3,""ask_orders"":1,""bid_price"":""536.60"",""ask_price"":""538.20""},{""bid_quantity"":140,""ask_quantity"":40,""bid_orders"":3,""ask_orders"":2,""bid_price"":""536.55"",""ask_price"":""538.25""},{""bid_quantity"":60,""ask_quantity"":80,""bid_orders"":2,""ask_orders"":4,""bid_price"":""536.50"",""ask_price"":""538.30""},{""bid_quantity"":100,""ask_quantity"":40,""bid_orders"":3,""ask_orders"":2,""bid_price"":""536.45"",""ask_price"":""538.35""},{""bid_quantity"":100,""ask_quantity"":20,""bid_orders"":3,""ask_orders"":1,""bid_price"":""536.40"",""ask_price"":""538.50""}]"
09:15:48.594,1790739948594413680,1457691148347747,Full Data,8,887306,538.75,20,09:15:48,,,549.07,123740,13120,43860,204460,"[{""bid_quantity"":60,""ask_quantity"":120,""bid_orders"":2,""ask_orders"":3,""bid_price"":""536.75"",""ask_price"":""538.25""},{""bid_quantity"":20,""ask_quantity"":80,""bid_orders"":1,""ask_orders"":4,""bid_price"":""536.70"",""ask_price"":""538.30""},{""bid_quantity"":60,""ask_quantity"":100,""bid_orders"":2,""ask_orders"":3,""bid_price"":""536.65"",""ask_price"":""538.80""},{""bid_quantity"":60,""ask_quantity"":40,""bid_orders"":2,""ask_orders"":2,""bid_price"":""536.60"",""ask_price"":""538.85""},{""bid_quantity"":40,""ask_quantity"":20,""bid_orders"":1,""ask_orders"":1,""bid_price"":""536.50"",""ask_price"":""538.95""}]"
09:15:48.597,1790739948597481099,1457691151414966,Full Data,8,887080,472.95,40,09:15:48,,,482.32,275120,19460,101400,212920,"[{""bid_quantity"":20,""ask_quantity"":160,""bid_orders"":1,""ask_orders"":1,""bid_price"":""470.80"",""ask_price"":""472.15""},{""bid_quantity"":100,""ask_quantity"":40,""bid_orders"":2,""ask_orders"":2,""bid_price"":""470.40"",""ask_price"":""472.40""},{""bid_quantity"":40,""ask_quantity"":80,""bid_orders"":1,""ask_orders"":3,""bid_price"":""470.00"",""ask_price"":""472.45""},{""bid_quantity"":100,""ask_quantity"":80,""bid_orders"":1,""ask_orders"":4,""bid_price"":""469.95"",""ask_price"":""472.50""},{""bid_quantity"":220,""ask_quantity"":260,""bid_orders"":1,""ask_orders"":2,""bid_price"":""468.95"",""ask_price"":""472.55""}]"
09:15:48.730,1790739948730660440,1457691284594747,Full Data,8,886659,607.50,60,09:15:48,,,618.64,59380,12700,28600,139920,"[{""bid_quantity"":40,""ask_quantity"":60,""bid_orders"":1,""ask_orders"":3,""bid_price"":""604.40"",""ask_price"":""605.85""},{""bid_quantity"":60,""ask_quantity"":60,""bid_orders"":2,""ask_orders"":3,""bid_price"":""604.35"",""ask_price"":""606.55""},{""bid_quantity"":60,""ask_quantity"":40,""bid_orders"":2,""ask_orders"":2,""bid_price"":""604.30"",""ask_price"":""606.60""},{""bid_quantity"":100,""ask_quantity"":40,""bid_orders"":3,""ask_orders"":2,""bid_price"":""604.25"",""ask_price"":""606.65""},{""bid_quantity"":60,""ask_quantity"":20,""bid_orders"":2,""ask_orders"":1,""bid_price"":""604.20"",""ask_price"":""606.70""}]"
09:15:48.779,1790739948779394475,1457691333328542,Full Data,8,887216,180.50,40,09:15:48,,,170.92,503880,46360,78960,604640,"[{""bid_quantity"":40,""ask_quantity"":160,""bid_orders"":1,""ask_orders"":1,""bid_price"":""180.15"",""ask_price"":""181.25""},{""bid_quantity"":320,""ask_quantity"":80,""bid_orders"":7,""ask_orders"":1,""bid_price"":""180.10"",""ask_price"":""181.35""},{""bid_quantity"":860,""ask_quantity"":160,""bid_orders"":13,""ask_orders"":1,""bid_price"":""180.05"",""ask_price"":""181.40""},{""bid_quantity"":580,""ask_quantity"":200,""bid_orders"":8,""ask_orders"":2,""bid_price"":""180.00"",""ask_price"":""181.45""},{""bid_quantity"":80,""ask_quantity"":40,""bid_orders"":2,""ask_orders"":1,""bid_price"":""179.95"",""ask_price"":""181.50""}]"
09:15:48.918,1790739948918906457,1457691472841004,Full Data,8,886620,211.40,100,09:15:48,,,202.03,597980,55960,80060,619000,"[{""bid_quantity"":20,""ask_quantity"":20,""bid_orders"":1,""ask_orders"":1,""bid_price"":""210.50"",""ask_price"":""211.20""},{""bid_quantity"":140,""ask_quantity"":100,""bid_orders"":3,""ask_orders"":3,""bid_price"":""210.45"",""ask_price"":""211.25""},{""bid_quantity"":120,""ask_quantity"":20,""bid_orders"":1,""ask_orders"":1,""bid_price"":""210.40"",""ask_price"":""211.30""},{""bid_quantity"":20,""ask_quantity"":80,""bid_orders"":1,""ask_orders"":1,""bid_price"":""210.35"",""ask_price"":""211.35""},{""bid_quantity"":220,""ask_quantity"":40,""bid_orders"":4,""ask_orders"":2,""bid_price"":""210.30"",""ask_price"":""211.40""}]"
09:15:48.981,1790739948981962784,1457691535896731,Full Data,8,887279,246.10,20,09:15:48,,,235.23,963740,48860,90140,563560,"[{""bid_quantity"":20,""ask_quantity"":40,""bid_orders"":1,""ask_orders"":2,""bid_price"":""245.90"",""ask_price"":""246.35""},{""bid_quantity"":40,""ask_quantity"":420,""bid_orders"":2,""ask_orders"":6,""bid_price"":""245.85"",""ask_price"":""246.40""},{""bid_quantity"":20,""ask_quantity"":160,""bid_orders"":1,""ask_orders"":5,""bid_price"":""245.65"",""ask_price"":""246.50""},{""bid_quantity"":80,""ask_quantity"":40,""bid_orders"":1,""ask_orders"":2,""bid_price"":""245.50"",""ask_price"":""246.55""},{""bid_quantity"":40,""ask_quantity"":300,""bid_orders"":1,""ask_orders"":4,""bid_price"":""245.40"",""ask_price"":""246.60""}]"
09:15:49.153,1790739949153545173,1457691707479880,Full Data,8,886461,410.60,20,09:15:49,,,421.32,694840,31300,171760,738980,"[{""bid_quantity"":240,""ask_quantity"":60,""bid_orders"":2,""ask_orders"":3,""bid_price"":""409.55"",""ask_price"":""410.60""},{""bid_quantity"":60,""ask_quantity"":40,""bid_orders"":2,""ask_orders"":2,""bid_price"":""409.40"",""ask_price"":""410.65""},{""bid_quantity"":80,""ask_quantity"":60,""bid_orders"":3,""ask_orders"":3,""bid_price"":""409.35"",""ask_price"":""410.70""},{""bid_quantity"":120,""ask_quantity"":60,""bid_orders"":3,""ask_orders"":3,""bid_price"":""409.20"",""ask_price"":""410.75""},{""bid_quantity"":60,""ask_quantity"":120,""bid_orders"":2,""ask_orders"":1,""bid_price"":""409.15"",""ask_price"":""410.80""}]"
09:15:49.207,1790739949207738164,1457691761672311,Full Data,8,886461,410.60,20,09:15:49,,,421.31,695500,32700,172440,738980,"[{""bid_quantity"":120,""ask_quantity"":60,""bid_orders"":3,""ask_orders"":3,""bid_price"":""409.65"",""ask_price"":""410.60""},{""bid_quantity"":320,""ask_quantity"":20,""bid_orders"":2,""ask_orders"":1,""bid_price"":""409.60"",""ask_price"":""410.80""},{""bid_quantity"":240,""ask_quantity"":20,""bid_orders"":2,""ask_orders"":1,""bid_price"":""409.55"",""ask_price"":""410.85""},{""bid_quantity"":140,""ask_quantity"":20,""bid_orders"":3,""ask_orders"":1,""bid_price"":""409.50"",""ask_price"":""410.90""},{""bid_quantity"":100,""ask_quantity"":100,""bid_orders"":3,""ask_orders"":4,""bid_price"":""409.45"",""ask_price"":""410.95""}]"
09:15:49.243,1790739949243761356,1457691797695423,Full Data,8,887100,377.60,40,09:15:49,,,364.23,378800,21620,64720,254140,"[{""bid_quantity"":40,""ask_quantity"":360,""bid_orders"":2,""ask_orders"":4,""bid_price"":""377.35"",""ask_price"":""378.60""},{""bid_quantity"":40,""ask_quantity"":80,""bid_orders"":2,""ask_orders"":1,""bid_price"":""377.25"",""ask_price"":""378.70""},{""bid_quantity"":80,""ask_quantity"":20,""bid_orders"":1,""ask_orders"":1,""bid_price"":""377.15"",""ask_price"":""378.75""},{""bid_quantity"":100,""ask_quantity"":160,""bid_orders"":2,""ask_orders"":2,""bid_price"":""377.10"",""ask_price"":""378.90""},{""bid_quantity"":60,""ask_quantity"":120,""bid_orders"":1,""ask_orders"":3,""bid_price"":""377.00"",""ask_price"":""378.95""}]"
09:15:49.273,1790739949273608669,1457691827542776,Full Data,8,886540,152.25,40,09:15:49,,,144.06,396700,66760,64460,605280,"[{""bid_quantity"":20,""ask_quantity"":40,""bid_orders"":1,""ask_orders"":1,""bid_price"":""152.20"",""ask_price"":""152.60""},{""bid_quantity"":20,""ask_quantity"":100,""bid_orders"":1,""ask_orders"":2,""bid_price"":""152.15"",""ask_price"":""152.65""},{""bid_quantity"":100,""ask_quantity"":80,""bid_orders"":5,""ask_orders"":3,""bid_price"":""152.10"",""ask_price"":""152.70""},{""bid_quantity"":80,""ask_quantity"":160,""bid_orders"":1,""ask_orders"":4,""bid_price"":""152.05"",""ask_price"":""152.75""},{""bid_quantity"":80,""ask_quantity"":160,""bid_orders"":2,""ask_orders"":4,""bid_price"":""152.00"",""ask_price"":""152.80""}]"
09:15:49.331,1790739949331819685,1457691885753632,Ticker Data,0,51,72506.55,,09:15:49,,,,,,,,
09:15:49.341,1790739949341865710,1457691895799817,Full Data,8,887100,378.55,60,09:15:49,,,364.24,378980,21360,65100,254140,"[{""bid_quantity"":80,""ask_quantity"":40,""bid_orders"":1,""ask_orders"":1,""bid_price"":""378.20"",""ask_price"":""379.00""},{""bid_quantity"":40,""ask_quantity"":60,""bid_orders"":1,""ask_orders"":2,""bid_price"":""378.15"",""ask_price"":""379.30""},{""bid_quantity"":80,""ask_quantity"":100,""bid_orders"":2,""ask_orders"":3,""bid_price"":""378.10"",""ask_price"":""379.40""},{""bid_quantity"":20,""ask_quantity"":40,""bid_orders"":1,""ask_orders"":2,""bid_price"":""378.00"",""ask_price"":""379.50""},{""bid_quantity"":20,""ask_quantity"":40,""bid_orders"":1,""ask_orders"":1,""bid_price"":""377.95"",""ask_price"":""379.55""}]"
09:15:49.361,1790739949361669078,1457691915603025,Full Data,8,886540,153.45,60,09:15:49,,,144.06,396980,66420,65140,605280,"[{""bid_quantity"":140,""ask_quantity"":120,""bid_orders"":4,""ask_orders"":3,""bid_price"":""152.75"",""ask_price"":""153.40""},{""bid_quantity"":120,""ask_quantity"":160,""bid_orders"":6,""ask_orders"":4,""bid_price"":""152.70"",""ask_price"":""153.45""},{""bid_quantity"":120,""ask_quantity"":260,""bid_orders"":3,""ask_orders"":4,""bid_price"":""152.65"",""ask_price"":""153.50""},{""bid_quantity"":20,""ask_quantity"":100,""bid_orders"":1,""ask_orders"":1,""bid_price"":""152.60"",""ask_price"":""153.65""},{""bid_quantity"":20,""ask_quantity"":80,""bid_orders"":1,""ask_orders"":1,""bid_price"":""152.50"",""ask_price"":""153.80""}]"
09:15:49.367,1790739949367011753,1457691920945580,Full Data,8,886528,304.40,40,09:15:49,,,312.79,569240,24240,159340,227080,"[{""bid_quantity"":200,""ask_quantity"":20,""bid_orders"":2,""ask_orders"":1,""bid_price"":""303.85"",""ask_price"":""304.40""},{""bid_quantity"":40,""ask_quantity"":40,""bid_orders"":2,""ask_orders"":1,""bid_price"":""303.80"",""ask_price"":""304.65""},{""bid_quantity"":20,""ask_quantity"":40,""bid_orders"":1,""ask_orders"":2,""bid_price"":""303.75"",""ask_price"":""304.70""},{""bid_quantity"":80,""ask_quantity"":80,""bid_orders"":3,""ask_orders"":2,""bid_price"":""303.70"",""ask_price"":""305.15""},{""bid_quantity"":40,""ask_quantity"":40,""bid_orders"":1,""ask_orders"":1,""bid_price"":""303.65"",""ask_price"":""305.70""}]"
09:15:49.396,1790739949396040900,1457691949974888,Full Data,8,887253,681.10,140,09:15:49,,,684.16,23900,11480,31920,68380,"[{""bid_quantity"":100,""ask_quantity"":20,""bid_orders"":3,""ask_orders"":1,""bid_price"":""677.15"",""ask_price"":""679.40""},{""bid_quantity"":60,""ask_quantity"":40,""bid_orders"":2,""ask_orders"":2,""bid_price"":""677.10"",""ask_price"":""679.45""},{""bid_quantity"":60,""ask_quantity"":260,""bid_orders"":2,""ask_orders"":2,""bid_price"":""676.90"",""ask_price"":""680.30""},{""bid_quantity"":20,""ask_quantity"":260,""bid_orders"":1,""ask_orders"":6,""bid_price"":""676.85"",""ask_price"":""680.50""},{""bid_quantity"":60,""ask_quantity"":180,""bid_orders"":2,""ask_orders"":2,""bid_price"":""676.80"",""ask_price"":""680.55""}]"
09:15:49.437,1790739949437669330,1457691991603277,Full Data,8,886528,303.65,80,09:15:49,,,312.78,569840,25920,159140,227080,"[{""bid_quantity"":80,""ask_quantity"":60,""bid_orders"":1,""ask_orders"":1,""bid_price"":""302.60"",""ask_price"":""303.45""},{""bid_quantity"":60,""ask_quantity"":20,""bid_orders"":2,""ask_orders"":1,""bid_price"":""302.55"",""ask_price"":""303.50""},{""bid_quantity"":120,""ask_quantity"":100,""bid_orders"":2,""ask_orders"":2,""bid_price"":""302.40"",""ask_price"":""303.55""},{""bid_quantity"":160,""ask_quantity"":60,""bid_orders"":1,""ask_orders"":1,""bid_price"":""302.30"",""ask_price"":""303.65""},{""bid_quantity"":60,""ask_quantity"":40,""bid_orders"":1,""ask_orders"":2,""bid_price"":""302.25"",""ask_price"":""303.70""}]"
09:15:49.462,1790739949462683651,1457692016617598,Full Data,8,887253,681.10,140,09:15:49,,,684.16,23900,9440,31920,68380,"[{""bid_quantity"":40,""ask_quantity"":120,""bid_orders"":1,""ask_orders"":2,""bid_price"":""675.95"",""ask_price"":""679.05""},{""bid_quantity"":80,""ask_quantity"":80,""bid_orders"":2,""ask_orders"":2,""bid_price"":""675.90"",""ask_price"":""679.10""},{""bid_quantity"":40,""ask_quantity"":120,""bid_orders"":1,""ask_orders"":3,""bid_price"":""675.75"",""ask_price"":""679.15""},{""bid_quantity"":40,""ask_quantity"":20,""bid_orders"":1,""ask_orders"":1,""bid_price"":""675.70"",""ask_price"":""679.20""},{""bid_quantity"":80,""ask_quantity"":80,""bid_orders"":2,""ask_orders"":3,""bid_price"":""675.60"",""ask_price"":""679.55""}]"
09:15:49.623,1790739949623496131,1457692177430598,Full Data,8,887306,535.15,40,09:15:49,,,548.93,125080,14300,44720,204460,"[{""bid_quantity"":20,""ask_quantity"":40,""bid_orders"":1,""ask_orders"":2,""bid_price"":""533.75"",""ask_price"":""535.40""},{""bid_quantity"":20,""ask_quantity"":60,""bid_orders"":1,""ask_orders"":2,""bid_price"":""533.70"",""ask_price"":""535.45""},{""bid_quantity"":80,""ask_quantity"":60,""bid_orders"":3,""ask_orders"":3,""bid_price"":""533.65"",""ask_price"":""535.50""},{""bid_quantity"":20,""ask_quantity"":20,""bid_orders"":1,""ask_orders"":1,""bid_price"":""533.60"",""ask_price"":""535.60""},{""bid_quantity"":20,""ask_quantity"":40,""bid_orders"":1,""ask_orders"":2,""bid_price"":""533.55"",""ask_price"":""535.65""}]"
09:15:49.635,1790739949635533528,1457692189467395,Full Data,8,887080,470.45,40,09:15:49,,,482.16,278940,20700,103200,212920,"[{""bid_quantity"":40,""ask_quantity"":120,""bid_orders"":2,""ask_orders"":3,""bid_price"":""468.85"",""ask_price"":""470.20""},{""bid_quantity"":60,""ask_quantity"":200,""bid_orders"":2,""ask_orders"":3,""bid_price"":""468.70"",""ask_price"":""470.25""},{""bid_quantity"":60,""ask_quantity"":140,""bid_orders"":2,""ask_orders"":4,""bid_price"":""468.65"",""ask_price"":""470.30""},{""bid_quantity"":80,""ask_quantity"":80,""bid_orders"":2,""ask_orders"":3,""bid_price"":""468.60"",""ask_price"":""470.35""},{""bid_quantity"":40,""ask_quantity"":40,""bid_orders"":1,""ask_orders"":2,""bid_price"":""468.50"",""ask_price"":""470.40""}]"
09:15:49.659,1790739949659581444,1457692213515471,Full Data,8,887306,535.15,40,09:15:49,,,548.93,125080,14320,45120,204460,"[{""bid_quantity"":120,""ask_quantity"":100,""bid_orders"":4,""ask_orders"":2,""bid_price"":""533.90"",""ask_price"":""535.35""},{""bid_quantity"":60,""ask_quantity"":60,""bid_orders"":2,""ask_orders"":3,""bid_price"":""533.85"",""ask_price"":""535.50""},{""bid_quantity"":140,""ask_quantity"":40,""bid_orders"":3,""ask_orders"":2,""bid_price"":""533.80"",""ask_price"":""535.60""},{""bid_quantity"":60,""ask_quantity"":40,""bid_orders"":2,""ask_orders"":2,""bid_price"":""533.75"",""ask_price"":""535.65""},{""bid_quantity"":60,""ask_quantity"":140,""bid_orders"":2,""ask_orders"":3,""bid_price"":""533.70"",""ask_price"":""535.80""}]"
09:15:49.694,1790739949694263708,1457692248198175,Full Data,8,886685,287.30,80,09:15:49,,,276.08,1216940,73800,146280,1113180,"[{""bid_quantity"":60,""ask_quantity"":160,""bid_orders"":1,""ask_orders"":1,""bid_price"":""287.05"",""ask_price"":""287.85""},{""bid_quantity"":80,""ask_quantity"":80,""bid_orders"":1,""ask_orders"":3,""bid_price"":""287.00"",""ask_price"":""287.90""},{""bid_quantity"":100,""ask_quantity"":20,""bid_orders"":1,""ask_orders"":1,""bid_price"":""286.80"",""ask_price"":""287.95""},{""bid_quantity"":40,""ask_quantity"":360,""bid_orders"":1,""ask_orders"":6,""bid_price"":""286.75"",""ask_price"":""288.00""},{""bid_quantity"":120,""ask_quantity"":40,""bid_orders"":2,""ask_orders"":2,""bid_price"":""286.60"",""ask_price"":""288.05""}]"
09:15:49.804,1790739949804638381,1457692358572448,Full Data,8,887216,179.05,20,09:15:49,,,171.06,510920,49600,75660,604640,"[{""bid_quantity"":40,""ask_quantity"":60,""bid_orders"":1,""ask_orders"":2,""bid_price"":""179.05"",""ask_price"":""179.40""},{""bid_quantity"":100,""ask_quantity"":60,""bid_orders"":1,""ask_orders"":2,""bid_price"":""178.75"",""ask_price"":""179.45""},{""bid_quantity"":100,""ask_quantity"":100,""bid_orders"":2,""ask_orders"":2,""bid_price"":""178.10"",""ask_price"":""179.50""},{""bid_quantity"":100,""ask_quantity"":100,""bid_orders"":1,""ask_orders"":1,""bid_price"":""178.05"",""ask_price"":""179.55""},{""bid_quantity"":200,""ask_quantity"":100,""bid_orders"":2,""ask_orders"":2,""bid_price"":""178.00"",""ask_price"":""179.60""}]"
09:15:49.919,1790739949919688045,1457692473622272,Full Data,8,887216,178.85,20,09:15:49,,,171.06,510980,49360,77080,604640,"[{""bid_quantity"":20,""ask_quantity"":160,""bid_orders"":1,""ask_orders"":3,""bid_price"":""178.45"",""ask_price"":""178.85""},{""bid_quantity"":20,""ask_quantity"":280,""bid_orders"":1,""ask_orders"":5,""bid_price"":""178.35"",""ask_price"":""178.90""},{""bid_quantity"":40,""ask_quantity"":60,""bid_orders"":2,""ask_orders"":2,""bid_price"":""178.15"",""ask_price"":""178.95""},{""bid_quantity"":160,""ask_quantity"":100,""bid_orders"":4,""ask_orders"":3,""bid_price"":""178.05"",""ask_price"":""179.00""},{""bid_quantity"":500,""ask_quantity"":140,""bid_orders"":4,""ask_orders"":3,""bid_price"":""178.00"",""ask_price"":""179.05""}]"
09:15:49.974,1790739949974430839,1457692528364946,Full Data,8,886620,209.15,20,09:15:49,,,202.11,603080,57800,81220,619000,"[{""bid_quantity"":180,""ask_quantity"":100,""bid_orders"":5,""ask_orders"":3,""bid_price"":""208.40"",""ask_price"":""209.15""},{""bid_quantity"":660,""ask_quantity"":40,""bid_orders"":7,""ask_orders"":2,""bid_price"":""208.35"",""ask_price"":""209.20""},{""bid_quantity"":280,""ask_quantity"":200,""bid_orders"":3,""ask_orders"":5,""bid_price"":""208.30"",""ask_price"":""209.25""},{""bid_quantity"":100,""ask_quantity"":60,""bid_orders"":2,""ask_orders"":2,""bid_price"":""208.25"",""ask_price"":""209.30""},{""bid_quantity"":180,""ask_quantity"":60,""bid_orders"":3,""ask_orders"":2,""bid_price"":""208.20"",""ask_price"":""209.35""}]"
09:15:49.996,1790739949996218259,1457692550152126,Full Data,8,886659,610.35,20,09:15:49,,,618.53,59840,13160,29220,139920,"[{""bid_quantity"":60,""ask_quantity"":600,""bid_orders"":3,""ask_orders"":7,""bid_price"":""609.35"",""ask_price"":""614.65""},{""bid_quantity"":140,""ask_quantity"":360,""bid_orders"":3,""ask_orders"":3,""bid_price"":""609.20"",""ask_price"":""614.70""},{""bid_quantity"":80,""ask_quantity"":200,""bid_orders"":2,""ask_orders"":7,""bid_price"":""609.10"",""ask_price"":""614.75""},{""bid_quantity"":100,""ask_quantity"":300,""bid_orders"":1,""ask_orders"":2,""bid_price"":""609.00"",""ask_price"":""614.80""},{""bid_quantity"":40,""ask_quantity"":20,""bid_orders"":1,""ask_orders"":1,""bid_price"":""608.85"",""ask_price"":""614.85""}]"
09:15:49.996,1790739949996337580,1457692550271287,Full Data,8,887135,358.55,20,09:15:49,,,362.86,608440,25160,107560,307120,"[{""bid_quantity"":60,""ask_quantity"":220,""bid_orders"":2,""ask_orders"":3,""bid_price"":""358.15"",""ask_price"":""359.65""},{""bid_quantity"":40,""ask_quantity"":180,""bid_orders"":1,""ask_orders"":4,""bid_price"":""357.60"",""ask_price"":""359.70""},{""bid_quantity"":200,""ask_quantity"":60,""bid_orders"":3,""ask_orders"":3,""bid_price"":""357.55"",""ask_price"":""359.75""},{""bid_quantity"":120,""ask_quantity"":20,""bid_orders"":2,""ask_orders"":1,""bid_price"":""357.50"",""ask_price"":""359.80""},{""bid_quantity"":120,""ask_quantity"":200,""bid_orders"":2,""ask_orders"":2,""bid_price"":""357.00"",""ask_price"":""360.25""}]"
09:15:50.006,1790739950006898768,1457692560832835,Full Data,8,886620,207.70,20,09:15:49,,,202.12,603900,56960,80080,619000,"[{""bid_quantity"":20,""ask_quantity"":40,""bid_orders"":1,""ask_orders"":1,""bid_price"":""207.65"",""ask_price"":""208.40""},{""bid_quantity"":40,""ask_quantity"":80,""bid_orders"":1,""ask_orders"":2,""bid_price"":""207.60"",""ask_price"":""208.45""},{""bid_quantity"":60,""ask_quantity"":260,""bid_orders"":2,""ask_orders"":4,""bid_price"":""207.50"",""ask_price"":""208.80""},{""bid_quantity"":300,""ask_quantity"":40,""bid_orders"":2,""ask_orders"":1,""bid_price"":""207.45"",""ask_price"":""208.85""},{""bid_quantity"":180,""ask_quantity"":100,""bid_orders"":2,""ask_orders"":1,""bid_price"":""207.40"",""ask_price"":""209.10""}]"
09:15:50.065,1790739950065531147,1457692619465214,Full Data,8,887279,241.90,40,09:15:49,,,235.34,974160,49480,97220,563560,"[{""bid_quantity"":40,""ask_quantity"":40,""bid_orders"":1,""ask_orders"":1,""bid_price"":""241.70"",""ask_price"":""242.35""},{""bid_quantity"":200,""ask_quantity"":180,""bid_orders"":3,""ask_orders"":2,""bid_price"":""241.50"",""ask_price"":""242.40""},{""bid_quantity"":40,""ask_quantity"":100,""bid_orders"":2,""ask_orders"":2,""bid_price"":""241.45"",""ask_price"":""242.45""},{""bid_quantity"":100,""ask_quantity"":20,""bid_orders"":3,""ask_orders"":1,""bid_price"":""241.15"",""ask_price"":""242.50""},{""bid_quantity"":60,""ask_quantity"":20,""bid_orders"":1,""ask_orders"":1,""bid_price"":""241.05"",""ask_price"":""242.55""}]"
09:15:50.260,1790739950260326326,1457692814260593,Full Data,8,886461,409.85,60,09:15:50,,,421.18,706300,31820,170740,738980,"[{""bid_quantity"":200,""ask_quantity"":20,""bid_orders"":1,""ask_orders"":1,""bid_price"":""409.55"",""ask_price"":""409.85""},{""bid_quantity"":160,""ask_quantity"":20,""bid_orders"":1,""ask_orders"":1,""bid_price"":""409.20"",""ask_price"":""410.35""},{""bid_quantity"":420,""ask_quantity"":60,""bid_orders"":2,""ask_orders"":2,""bid_price"":""409.15"",""ask_price"":""410.40""},{""bid_quantity"":160,""ask_quantity"":80,""bid_orders"":1,""ask_orders"":2,""bid_price"":""408.65"",""ask_price"":""410.75""},{""bid_quantity"":220,""ask_quantity"":40,""bid_orders"":3,""ask_orders"":2,""bid_price"":""408.60"",""ask_price"":""410.95""}]"
09:15:50.308,1790739950308984601,1457692862918788,Full Data,8,887355,329.20,20,09:15:50,,,320.72,626720,27240,92000,308440,"[{""bid_quantity"":100,""ask_quantity"":60,""bid_orders"":2,""ask_orders"":2,""bid_price"":""328.60"",""ask_price"":""329.15""},{""bid_quantity"":60,""ask_quantity"":20,""bid_orders"":3,""ask_orders"":1,""bid_price"":""328.05"",""ask_price"":""329.20""},{""bid_quantity"":280,""ask_quantity"":40,""bid_orders"":7,""ask_orders"":1,""bid_price"":""328.00"",""ask_price"":""329.25""},{""bid_quantity"":180,""ask_quantity"":80,""bid_orders"":2,""ask_orders"":3,""bid_price"":""327.95"",""ask_price"":""329.30""},{""bid_quantity"":340,""ask_quantity"":40,""bid_orders"":4,""ask_orders"":1,""bid_price"":""327.80"",""ask_price"":""329.35""}]"
09:15:50.326,1790739950326396633,1457692880330940,Ticker Data,0,51,72506.82,,09:15:50,,,,,,,,
09:15:50.330,1790739950330352419,1457692884286606,Full Data,8,887100,378.20,20,09:15:50,,,364.31,381420,21740,64980,254140,"[{""bid_quantity"":120,""ask_quantity"":20,""bid_orders"":5,""ask_orders"":1,""bid_price"":""377.45"",""ask_price"":""378.50""},{""bid_quantity"":100,""ask_quantity"":20,""bid_orders"":3,""ask_orders"":1,""bid_price"":""377.40"",""ask_price"":""378.55""},{""bid_quantity"":40,""ask_quantity"":100,""bid_orders"":2,""ask_orders"":3,""bid_price"":""377.35"",""ask_price"":""378.70""},{""bid_quantity"":20,""ask_quantity"":80,""bid_orders"":1,""ask_orders"":1,""bid_price"":""377.25"",""ask_price"":""378.75""},{""bid_quantity"":80,""ask_quantity"":100,""bid_orders"":2,""ask_orders"":1,""bid_price"":""377.20"",""ask_price"":""378.80""}]"
09:15:50.363,1790739950363100071,1457692917034058,Full Data,8,886540,152.80,40,09:15:50,,,144.14,401000,67540,64260,605280,"[{""bid_quantity"":100,""ask_quantity"":80,""bid_orders"":3,""ask_orders"":2,""bid_price"":""152.25"",""ask_price"":""152.75""},{""bid_quantity"":120,""ask_quantity"":240,""bid_orders"":3,""ask_orders"":3,""bid_price"":""152.20"",""ask_price"":""152.80""},{""bid_quantity"":40,""ask_quantity"":100,""bid_orders"":1,""ask_orders"":3,""bid_price"":""152.10"",""ask_price"":""152.85""},{""bid_quantity"":20,""ask_quantity"":80,""bid_orders"":1,""ask_orders"":2,""bid_price"":""152.05"",""ask_price"":""152.90""},{""bid_quantity"":60,""ask_quantity"":180,""bid_orders"":2,""ask_orders"":2,""bid_price"":""152.00"",""ask_price"":""152.95""}]"
09:15:50.369,1790739950369378271,1457692923312178,Full Data,8,887100,377.05,100,09:15:50,,,364.32,381520,22440,64740,254140,"[{""bid_quantity"":40,""ask_quantity"":60,""bid_orders"":2,""ask_orders"":1,""bid_price"":""377.05"",""ask_price"":""377.90""},{""bid_quantity"":40,""ask_quantity"":180,""bid_orders"":2,""ask_orders"":4,""bid_price"":""376.90"",""ask_price"":""378.00""},{""bid_quantity"":120,""ask_quantity"":100,""bid_orders"":4,""ask_orders"":3,""bid_price"":""376.85"",""ask_price"":""378.05""},{""bid_quantity"":260,""ask_quantity"":60,""bid_orders"":4,""ask_orders"":2,""bid_price"":""376.80"",""ask_price"":""378.10""},{""bid_quantity"":40,""ask_quantity"":80,""bid_orders"":1,""ask_orders"":1,""bid_price"":""376.75"",""ask_price"":""378.20""}]"
09:15:50.395,1790739950395740001,1457692949673948,Full Data,8,886540,152.10,120,09:15:50,,,144.15,401340,67640,64520,605280,"[{""bid_quantity"":60,""ask_quantity"":120,""bid_orders"":3,""ask_orders"":3,""bid_price"":""152.05"",""ask_price"":""152.55""},{""bid_quantity"":120,""ask_quantity"":80,""bid_orders"":4,""ask_orders"":3,""bid_price"":""152.00"",""ask_price"":""152.60""},{""bid_quantity"":120,""ask_quantity"":200,""bid_orders"":3,""ask_orders"":4,""bid_price"":""151.95"",""ask_price"":""152.65""},{""bid_quantity"":380,""ask_quantity"":240,""bid_orders"":5,""ask_orders"":5,""bid_price"":""151.90"",""ask_price"":""152.70""},{""bid_quantity"":200,""ask_quantity"":100,""bid_orders"":3,""ask_orders"":2,""bid_price"":""151.85"",""ask_price"":""152.75""}]"
09:15:50.445,1790739950445591644,1457692999525591,Full Data,8,886528,301.70,20,09:15:50,,,312.66,577360,26940,159700,227080,"[{""bid_quantity"":60,""ask_quantity"":200,""bid_orders"":2,""ask_orders"":3,""bid_price"":""301.65"",""ask_price"":""302.40""},{""bid_quantity"":40,""ask_quantity"":60,""bid_orders"":1,""ask_orders"":3,""bid_price"":""301.60"",""ask_price"":""302.45""},{""bid_quantity"":60,""ask_quantity"":200,""bid_orders"":2,""ask_orders"":3,""bid_price"":""301.55"",""ask_price"":""302.50""},{""bid_quantity"":260,""ask_quantity"":40,""bid_orders"":4,""ask_orders"":2,""bid_price"":""301.40"",""ask_price"":""302.55""},{""bid_quantity"":60,""ask_quantity"":100,""bid_orders"":2,""ask_orders"":5,""bid_price"":""301.35"",""ask_price"":""302.60""}]"
09:15:50.491,1790739950491193378,1457693045127285,Full Data,8,887253,682.85,20,09:15:49,,,684.14,24020,8600,31840,68380,"[{""bid_quantity"":100,""ask_quantity"":80,""bid_orders"":3,""ask_orders"":4,""bid_price"":""675.85"",""ask_price"":""678.15""},{""bid_quantity"":80,""ask_quantity"":40,""bid_orders"":3,""ask_orders"":2,""bid_price"":""675.80"",""ask_price"":""679.20""},{""bid_quantity"":60,""ask_quantity"":100,""bid_orders"":2,""ask_orders"":4,""bid_price"":""675.75"",""ask_price"":""679.65""},{""bid_quantity"":60,""ask_quantity"":260,""bid_orders"":2,""ask_orders"":2,""bid_price"":""675.70"",""ask_price"":""679.70""},{""bid_quantity"":140,""ask_quantity"":100,""bid_orders"":3,""ask_orders"":1,""bid_price"":""675.65"",""ask_price"":""680.65""}]"
09:15:50.530,1790739950530057430,1457693083992057,Full Data,8,886528,301.75,40,09:15:50,,,312.64,578600,26520,160740,227080,"[{""bid_quantity"":200,""ask_quantity"":100,""bid_orders"":2,""ask_orders"":4,""bid_price"":""301.65"",""ask_price"":""302.50""},{""bid_quantity"":140,""ask_quantity"":100,""bid_orders"":4,""ask_orders"":4,""bid_price"":""301.60"",""ask_price"":""302.60""},{""bid_quantity"":160,""ask_quantity"":20,""bid_orders"":5,""ask_orders"":1,""bid_price"":""301.55"",""ask_price"":""302.65""},{""bid_quantity"":200,""ask_quantity"":40,""bid_orders"":4,""ask_orders"":2,""bid_price"":""301.50"",""ask_price"":""302.70""},{""bid_quantity"":20,""ask_quantity"":80,""bid_orders"":1,""ask_orders"":4,""bid_price"":""301.45"",""ask_price"":""302.75""}]"
09:15:50.652,1790739950652862303,1457693206796890,Full Data,8,887306,533.95,20,09:15:50,,,548.80,126600,14760,43700,204460,"[{""bid_quantity"":60,""ask_quantity"":140,""bid_orders"":2,""ask_orders"":3,""bid_price"":""532.30"",""ask_price"":""533.60""},{""bid_quantity"":100,""ask_quantity"":40,""bid_orders"":4,""ask_orders"":1,""bid_price"":""532.15"",""ask_price"":""533.65""},{""bid_quantity"":100,""ask_quantity"":40,""bid_orders"":3,""ask_orders"":2,""bid_price"":""532.10"",""ask_price"":""533.70""},{""bid_quantity"":80,""ask_quantity"":40,""bid_orders"":3,""ask_orders"":2,""bid_price"":""532.00"",""ask_price"":""533.75""},{""bid_quantity"":40,""ask_quantity"":40,""bid_orders"":1,""ask_orders"":2,""bid_price"":""531.35"",""ask_price"":""533.85""}]"
09:15:50.700,1790739950700109129,1457693254043316,Full Data,8,886685,288.35,60,09:15:50,,,276.14,1225360,74040,151000,1113180,"[{""bid_quantity"":40,""ask_quantity"":80,""bid_orders"":2,""ask_orders"":3,""bid_price"":""287.70"",""ask_price"":""288.45""},{""bid_quantity"":40,""ask_quantity"":100,""bid_orders"":2,""ask_orders"":3,""bid_price"":""287.65"",""ask_price"":""288.60""},{""bid_quantity"":60,""ask_quantity"":280,""bid_orders"":3,""ask_orders"":4,""bid_price"":""287.50"",""ask_price"":""288.65""},{""bid_quantity"":120,""ask_quantity"":100,""bid_orders"":4,""ask_orders"":3,""bid_price"":""287.45"",""ask_price"":""288.70""},{""bid_quantity"":20,""ask_quantity"":80,""bid_orders"":1,""ask_orders"":3,""bid_price"":""287.40"",""ask_price"":""288.75""}]"
09:15:50.747,1790739950747042392,1457693300976699,Full Data,8,887080,467.45,20,09:15:50,,,482.08,281320,19900,107140,212920,"[{""bid_quantity"":120,""ask_quantity"":80,""bid_orders"":2,""ask_orders"":3,""bid_price"":""467.70"",""ask_price"":""468.85""},{""bid_quantity"":60,""ask_quantity"":160,""bid_orders"":1,""ask_orders"":3,""bid_price"":""467.65"",""ask_price"":""469.00""},{""bid_quantity"":80,""ask_quantity"":60,""bid_orders"":1,""ask_orders"":2,""bid_price"":""467.60"",""ask_price"":""469.05""},{""bid_quantity"":60,""ask_quantity"":120,""bid_orders"":2,""ask_orders"":2,""bid_price"":""467.55"",""ask_price"":""469.15""},{""bid_quantity"":60,""ask_quantity"":100,""bid_orders"":2,""ask_orders"":1,""bid_price"":""467.45"",""ask_price"":""469.20""}]"
09:15:50.761,1790739950761873568,1457693315807435,Full Data,8,887306,533.55,20,09:15:50,,,548.80,126620,14440,44440,204460,"[{""bid_quantity"":40,""ask_quantity"":60,""bid_orders"":2,""ask_orders"":2,""bid_price"":""532.30"",""ask_price"":""533.95""},{""bid_quantity"":100,""ask_quantity"":100,""bid_orders"":4,""ask_orders"":4,""bid_price"":""532.15"",""ask_price"":""534.00""},{""bid_quantity"":100,""ask_quantity"":40,""bid_orders"":3,""ask_orders"":1,""bid_price"":""532.10"",""ask_price"":""534.05""},{""bid_quantity"":80,""ask_quantity"":160,""bid_orders"":2,""ask_orders"":2,""bid_price"":""532.00"",""ask_price"":""534.10""},{""bid_quantity"":80,""ask_quantity"":100,""bid_orders"":3,""ask_orders"":1,""bid_price"":""531.95"",""ask_price"":""534.40""}]"
09:15:50.788,1790739950788280418,1457693342214285,Full Data,8,887080,467.80,40,09:15:50,,,482.07,281500,19580,106020,212920,"[{""bid_quantity"":60,""ask_quantity"":60,""bid_orders"":2,""ask_orders"":3,""bid_price"":""465.50"",""ask_price"":""466.75""},{""bid_quantity"":60,""ask_quantity"":80,""bid_orders"":2,""ask_orders"":1,""bid_price"":""465.45"",""ask_price"":""466.90""},{""bid_quantity"":220,""ask_quantity"":20,""bid_orders"":3,""ask_orders"":1,""bid_price"":""465.40"",""ask_price"":""466.95""},{""bid_quantity"":40,""ask_quantity"":20,""bid_orders"":1,""ask_orders"":1,""bid_price"":""465.00"",""ask_price"":""467.05""},{""bid_quantity"":80,""ask_quantity"":40,""bid_orders"":1,""ask_orders"":2,""bid_price"":""463.20"",""ask_price"":""467.10""}]"
09:15:50.888,1790739950888177144,1457693442111251,Full Data,8,887216,183.30,20,09:15:50,,,171.18,517780,47540,79700,604640,"[{""bid_quantity"":1120,""ask_quantity"":240,""bid_orders"":3,""ask_orders"":4,""bid_price"":""183.30"",""ask_price"":""183.80""},{""bid_quantity"":120,""ask_quantity"":80,""bid_orders"":5,""ask_orders"":3,""bid_price"":""183.20"",""ask_price"":""183.85""},{""bid_quantity"":80,""ask_quantity"":60,""bid_orders"":3,""ask_orders"":2,""bid_price"":""183.15"",""ask_price"":""183.90""},{""bid_quantity"":160,""ask_quantity"":60,""bid_orders"":5,""ask_orders"":2,""bid_price"":""183.10"",""ask_price"":""183.95""},{""bid_quantity"":60,""ask_quantity"":20,""bid_orders"":2,""ask_orders"":1,""bid_price"":""183.05"",""ask_price"":""184.00""}]"
09:15:51.000,1790739951000885352,1457693554819819,Full Data,8,886620,214.40,60,09:15:50,,,202.19,608800,57200,81820,619000,"[{""bid_quantity"":20,""ask_quantity"":200,""bid_orders"":1,""ask_orders"":2,""bid_price"":""213.40"",""ask_price"":""214.20""},{""bid_quantity"":360,""ask_quantity"":200,""bid_orders"":2,""ask_orders"":3,""bid_price"":""213.00"",""ask_price"":""214.25""},{""bid_quantity"":80,""ask_quantity"":520,""bid_orders"":1,""ask_orders"":6,""bid_price"":""212.90"",""ask_price"":""214.30""},{""bid_quantity"":100,""ask_quantity"":260,""bid_orders"":1,""ask_orders"":3,""bid_price"":""212.85"",""ask_price"":""214.35""},{""bid_quantity"":240,""ask_quantity"":20,""bid_orders"":1,""ask_orders"":1,""bid_price"":""212.80"",""ask_price"":""214.40""}]"
09:15:51.263,1790739951263359969,1457693817294116,Full Data,8,886461,408.00,20,09:15:51,,,420.99,716760,31860,175060,738980,"[{""bid_quantity"":160,""ask_quantity"":60,""bid_orders"":1,""ask_orders"":3,""bid_price"":""407.95"",""ask_price"":""409.05""},{""bid_quantity"":180,""ask_quantity"":20,""bid_orders"":2,""ask_orders"":1,""bid_price"":""407.90"",""ask_price"":""409.15""},{""bid_quantity"":180,""ask_quantity"":20,""bid_orders"":2,""ask_orders"":1,""bid_price"":""407.85"",""ask_price"":""409.20""},{""bid_quantity"":20,""ask_quantity"":40,""bid_orders"":1,""ask_orders"":1,""bid_price"":""407.80"",""ask_price"":""409.30""},{""bid_quantity"":40,""ask_quantity"":120,""bid_orders"":2,""ask_orders"":2,""bid_price"":""407.75"",""ask_price"":""409.40""}]"
09:15:51.335,1790739951335310394,1457693889244901,Ticker Data,0,51,72493.90,,09:15:51,,,,,,,,
09:15:51.355,1790739951355219642,1457693909154109,Full Data,8,887100,380.80,40,09:15:51,,,364.48,385480,23360,63080,254140,"[{""bid_quantity"":100,""ask_quantity"":40,""bid_orders"":1,""ask_orders"":2,""bid_price"":""379.20"",""ask_price"":""380.05""},{""bid_quantity"":20,""ask_quantity"":80,""bid_orders"":1,""ask_orders"":2,""bid_price"":""379.15"",""ask_price"":""380.10""},{""bid_quantity"":80,""ask_quantity"":740,""bid_orders"":1,""ask_orders"":7,""bid_price"":""378.80"",""ask_price"":""380.15""},{""bid_quantity"":140,""ask_quantity"":120,""bid_orders"":2,""ask_orders"":3,""bid_price"":""378.60"",""ask_price"":""380.20""},{""bid_quantity"":100,""ask_quantity"":80,""bid_orders"":1,""ask_orders"":4,""bid_price"":""378.20"",""ask_price"":""380.25""}]"
09:15:51.403,1790739951403787436,1457693957721343,Full Data,8,887100,379.35,20,09:15:51,,,364.48,385500,22540,64140,254140,"[{""bid_quantity"":120,""ask_quantity"":200,""bid_orders"":3,""ask_orders"":5,""bid_price"":""377.85"",""ask_price"":""378.95""},{""bid_quantity"":40,""ask_quantity"":20,""bid_orders"":2,""ask_orders"":1,""bid_price"":""377.80"",""ask_price"":""379.00""},{""bid_quantity"":40,""ask_quantity"":60,""bid_orders"":2,""ask_orders"":2,""bid_price"":""377.75"",""ask_price"":""379.05""},{""bid_quantity"":20,""ask_quantity"":180,""bid_orders"":1,""ask_orders"":2,""bid_price"":""377.70"",""ask_price"":""379.10""},{""bid_quantity"":100,""ask_quantity"":60,""bid_orders"":3,""ask_orders"":2,""bid_price"":""377.65"",""ask_price"":""379.15""}]"
09:15:51.542,1790739951542142410,1457694096076717,Full Data,8,886528,301.70,40,09:15:51,,,312.47,586820,26740,159300,227080,"[{""bid_quantity"":240,""ask_quantity"":60,""bid_orders"":1,""ask_orders"":1,""bid_price"":""301.60"",""ask_price"":""302.40""},{""bid_quantity"":160,""ask_quantity"":260,""bid_orders"":2,""ask_orders"":4,""bid_price"":""301.55"",""ask_price"":""302.70""},{""bid_quantity"":180,""ask_quantity"":100,""bid_orders"":3,""ask_orders"":4,""bid_price"":""301.45"",""ask_price"":""302.85""},{""bid_quantity"":100,""ask_quantity"":80,""bid_orders"":1,""ask_orders"":2,""bid_price"":""301.40"",""ask_price"":""302.90""},{""bid_quantity"":40,""ask_quantity"":60,""bid_orders"":1,""ask_orders"":2,""bid_price"":""301.35"",""ask_price"":""303.00""}]"
09:15:51.625,1790739951625289588,1457694179224095,Full Data,8,886528,300.90,20,09:15:51,,,312.46,587060,27140,159100,227080,"[{""bid_quantity"":240,""ask_quantity"":20,""bid_orders"":4,""ask_orders"":1,""bid_price"":""300.05"",""ask_price"":""300.85""},{""bid_quantity"":60,""ask_quantity"":40,""bid_orders"":2,""ask_orders"":1,""bid_price"":""300.00"",""ask_price"":""300.90""},{""bid_quantity"":220,""ask_quantity"":60,""bid_orders"":3,""ask_orders"":1,""bid_price"":""299.95"",""ask_price"":""300.95""},{""bid_quantity"":60,""ask_quantity"":180,""bid_orders"":2,""ask_orders"":6,""bid_price"":""299.90"",""ask_price"":""301.00""},{""bid_quantity"":20,""ask_quantity"":100,""bid_orders"":1,""ask_orders"":3,""bid_price"":""299.85"",""ask_price"":""301.10""}]"
09:15:51.659,1790739951659336928,1457694213270875,Full Data,8,887253,675.90,20,09:15:51,,,683.99,24360,9460,31880,68380,"[{""bid_quantity"":60,""ask_quantity"":20,""bid_orders"":2,""ask_orders"":1,""bid_price"":""672.50"",""ask_price"":""674.35""},{""bid_quantity"":60,""ask_quantity"":80,""bid_orders"":2,""ask_orders"":3,""bid_price"":""672.45"",""ask_price"":""674.40""},{""bid_quantity"":20,""ask_quantity"":40,""bid_orders"":1,""ask_orders"":1,""bid_price"":""672.40"",""ask_price"":""674.45""},{""bid_quantity"":60,""ask_quantity"":40,""bid_orders"":2,""ask_orders"":2,""bid_price"":""672.35"",""ask_price"":""674.50""},{""bid_quantity"":60,""ask_quantity"":40,""bid_orders"":2,""ask_orders"":2,""bid_price"":""672.25"",""ask_price"":""674.60""}]"
09:15:51.693,1790739951693530309,1457694247464216,Full Data,8,886685,288.65,20,09:15:51,,,276.31,1242460,74860,154300,1113180,"[{""bid_quantity"":180,""ask_quantity"":440,""bid_orders"":2,""ask_orders"":3,""bid_price"":""287.95"",""ask_price"":""288.65""},{""bid_quantity"":200,""ask_quantity"":80,""bid_orders"":3,""ask_orders"":3,""bid_price"":""287.90"",""ask_price"":""288.85""},{""bid_quantity"":200,""ask_quantity"":120,""bid_orders"":3,""ask_orders"":3,""bid_price"":""287.85"",""ask_price"":""288.90""},{""bid_quantity"":60,""ask_quantity"":200,""bid_orders"":3,""ask_orders"":2,""bid_price"":""287.80"",""ask_price"":""289.00""},{""bid_quantity"":40,""ask_quantity"":100,""bid_orders"":2,""ask_orders"":1,""bid_price"":""287.75"",""ask_price"":""289.05""}]"
09:15:51.785,1790739951785611544,1457694339545851,Full Data,8,887080,468.70,20,09:15:51,,,482.02,282660,19260,106040,212920,"[{""bid_quantity"":80,""ask_quantity"":40,""bid_orders"":2,""ask_orders"":2,""bid_price"":""466.50"",""ask_price"":""467.60""},{""bid_quantity"":40,""ask_quantity"":40,""bid_orders"":1,""ask_orders"":1,""bid_price"":""466.45"",""ask_price"":""467.70""},{""bid_quantity"":40,""ask_quantity"":20,""bid_orders"":2,""ask_orders"":1,""bid_price"":""466.15"",""ask_price"":""467.75""},{""bid_quantity"":80,""ask_quantity"":60,""bid_orders"":1,""ask_orders"":1,""bid_price"":""466.10"",""ask_price"":""467.85""},{""bid_quantity"":140,""ask_quantity"":20,""bid_orders"":1,""ask_orders"":1,""bid_price"":""466.05"",""ask_price"":""467.90""}]"
09:15:51.940,1790739951940220903,1457694494155450,Full Data,8,887216,179.70,20,09:15:51,,,171.29,523380,50060,79020,604640,"[{""bid_quantity"":40,""ask_quantity"":460,""bid_orders"":2,""ask_orders"":4,""bid_price"":""179.35"",""ask_price"":""179.90""},{""bid_quantity"":140,""ask_quantity"":300,""bid_orders"":2,""ask_orders"":3,""bid_price"":""178.95"",""ask_price"":""179.95""},{""bid_quantity"":100,""ask_quantity"":100,""bid_orders"":1,""ask_orders"":2,""bid_price"":""178.90"",""ask_price"":""180.00""},{""bid_quantity"":600,""ask_quantity"":300,""bid_orders"":3,""ask_orders"":4,""bid_price"":""178.85"",""ask_price"":""180.05""},{""bid_quantity"":100,""ask_quantity"":160,""bid_orders"":1,""ask_orders"":1,""bid_price"":""178.80"",""ask_price"":""180.10""}]"
09:15:51.975,1790739951975248289,1457694529182556,Full Data,8,886620,210.60,20,09:15:51,,,202.33,617320,58120,82640,619000,"[{""bid_quantity"":60,""ask_quantity"":40,""bid_orders"":1,""ask_orders"":1,""bid_price"":""210.00"",""ask_price"":""210.55""},{""bid_quantity"":60,""ask_quantity"":240,""bid_orders"":3,""ask_orders"":3,""bid_price"":""209.95"",""ask_price"":""210.60""},{""bid_quantity"":40,""ask_quantity"":20,""bid_orders"":2,""ask_orders"":1,""bid_price"":""209.90"",""ask_price"":""210.65""},{""bid_quantity"":40,""ask_quantity"":180,""bid_orders"":2,""ask_orders"":2,""bid_price"":""209.75"",""ask_price"":""210.70""},{""bid_quantity"":100,""ask_quantity"":240,""bid_orders"":1,""ask_orders"":4,""bid_price"":""209.70"",""ask_price"":""210.75""}]"
09:15:52.001,1790739952001693060,1457694555626967,Full Data,8,886620,210.90,40,09:15:51,,,202.33,617740,57020,83360,619000,"[{""bid_quantity"":40,""ask_quantity"":20,""bid_orders"":1,""ask_orders"":1,""bid_price"":""210.20"",""ask_price"":""210.90""},{""bid_quantity"":100,""ask_quantity"":100,""bid_orders"":2,""ask_orders"":2,""bid_price"":""210.15"",""ask_price"":""210.95""},{""bid_quantity"":40,""ask_quantity"":100,""bid_orders"":2,""ask_orders"":1,""bid_price"":""210.10"",""ask_price"":""211.00""},{""bid_quantity"":80,""ask_quantity"":320,""bid_orders"":1,""ask_orders"":4,""bid_price"":""210.05"",""ask_price"":""211.05""},{""bid_quantity"":40,""ask_quantity"":100,""bid_orders"":2,""ask_orders"":1,""bid_price"":""210.00"",""ask_price"":""211.15""}]"
09:15:52.059,1790739952059704635,1457694613638702,Full Data,8,887135,351.75,20,09:15:51,,,362.56,627000,27480,107560,307120,"[{""bid_quantity"":180,""ask_quantity"":100,""bid_orders"":2,""ask_orders"":4,""bid_price"":""352.15"",""ask_price"":""353.10""},{""bid_quantity"":200,""ask_quantity"":40,""bid_orders"":5,""ask_orders"":2,""bid_price"":""352.10"",""ask_price"":""353.20""},{""bid_quantity"":80,""ask_quantity"":40,""bid_orders"":2,""ask_orders"":2,""bid_price"":""352.05"",""ask_price"":""353.25""},{""bid_quantity"":160,""ask_quantity"":40,""bid_orders"":1,""ask_orders"":2,""bid_price"":""352.00"",""ask_price"":""353.35""},{""bid_quantity"":160,""ask_quantity"":120,""bid_orders"":4,""ask_orders"":2,""bid_price"":""351.95"",""ask_price"":""353.60""}]"
09:15:52.098,1790739952098817728,1457694652751795,Full Data,8,887216,179.20,40,09:15:51,,,171.30,524160,49560,78960,604640,"[{""bid_quantity"":20,""ask_quantity"":140,""bid_orders"":1,""ask_orders"":2,""bid_price"":""179.15"",""ask_price"":""179.70""},{""bid_quantity"":20,""ask_quantity"":260,""bid_orders"":1,""ask_orders"":1,""bid_price"":""179.10"",""ask_price"":""179.75""},{""bid_quantity"":80,""ask_quantity"":140,""bid_orders"":2,""ask_orders"":2,""bid_price"":""179.05"",""ask_price"":""179.80""},{""bid_quantity"":80,""ask_quantity"":140,""bid_orders"":1,""ask_orders"":2,""bid_price"":""179.00"",""ask_price"":""179.85""},{""bid_quantity"":40,""ask_quantity"":120,""bid_orders"":1,""ask_orders"":3,""bid_price"":""178.95"",""ask_price"":""179.95""}]"
09:15:52.107,1790739952107963427,1457694661897454,Full Data,8,886659,603.70,20,09:15:51,,,618.16,61180,12960,28920,139920,"[{""bid_quantity"":260,""ask_quantity"":20,""bid_orders"":4,""ask_orders"":1,""bid_price"":""602.85"",""ask_price"":""604.20""},{""bid_quantity"":60,""ask_quantity"":40,""bid_orders"":2,""ask_orders"":2,""bid_price"":""602.80"",""ask_price"":""605.25""},{""bid_quantity"":40,""ask_quantity"":80,""bid_orders"":1,""ask_orders"":3,""bid_price"":""602.75"",""ask_price"":""605.60""},{""bid_quantity"":120,""ask_quantity"":40,""bid_orders"":2,""ask_orders"":2,""bid_price"":""602.70"",""ask_price"":""605.65""},{""bid_quantity"":40,""ask_quantity"":40,""bid_orders"":1,""ask_orders"":2,""bid_price"":""602.65"",""ask_price"":""605.70""}]"
09:15:52.129,1790739952129191844,1457694683125631,Full Data,8,887279,245.00,60,09:15:51,,,235.81,1014120,48640,100400,563560,"[{""bid_quantity"":60,""ask_quantity"":80,""bid_orders"":2,""ask_orders"":4,""bid_price"":""244.90"",""ask_price"":""245.70""},{""bid_quantity"":220,""ask_quantity"":200,""bid_orders"":3,""ask_orders"":5,""bid_price"":""244.80"",""ask_price"":""245.75""},{""bid_quantity"":100,""ask_quantity"":60,""bid_orders"":3,""ask_orders"":2,""bid_price"":""244.75"",""ask_price"":""245.80""},{""bid_quantity"":40,""ask_quantity"":40,""bid_orders"":2,""ask_orders"":1,""bid_price"":""244.60"",""ask_price"":""245.85""},{""bid_quantity"":160,""ask_quantity"":160,""bid_orders"":1,""ask_orders"":1,""bid_price"":""244.50"",""ask_price"":""246.05""}]"
09:15:52.337,1790739952337540911,1457694891475178,Ticker Data,0,51,72476.83,,09:15:52,,,,,,,,
09:15:52.350,1790739952350814356,1457694904748303,Full Data,8,887355,333.05,40,09:15:52,,,321.07,649640,27600,90100,308440,"[{""bid_quantity"":20,""ask_quantity"":20,""bid_orders"":1,""ask_orders"":1,""bid_price"":""333.05"",""ask_price"":""333.45""},{""bid_quantity"":20,""ask_quantity"":40,""bid_orders"":1,""ask_orders"":1,""bid_price"":""333.00"",""ask_price"":""334.20""},{""bid_quantity"":180,""ask_quantity"":120,""bid_orders"":2,""ask_orders"":3,""bid_price"":""332.95"",""ask_price"":""334.35""},{""bid_quantity"":20,""ask_quantity"":340,""bid_orders"":1,""ask_orders"":4,""bid_price"":""332.90"",""ask_price"":""334.40""},{""bid_quantity"":60,""ask_quantity"":220,""bid_orders"":3,""ask_orders"":4,""bid_price"":""332.85"",""ask_price"":""334.50""}]"
09:15:52.379,1790739952379971785,1457694933905652,Full Data,8,886461,405.60,80,09:15:52,,,420.52,745720,35680,174260,738980,"[{""bid_quantity"":160,""ask_quantity"":160,""bid_orders"":1,""ask_orders"":1,""bid_price"":""403.20"",""ask_price"":""404.40""},{""bid_quantity"":100,""ask_quantity"":60,""bid_orders"":2,""ask_orders"":3,""bid_price"":""403.15"",""ask_price"":""404.45""},{""bid_quantity"":20,""ask_quantity"":140,""bid_orders"":1,""ask_orders"":3,""bid_price"":""403.10"",""ask_price"":""404.50""},{""bid_quantity"":20,""ask_quantity"":20,""bid_orders"":1,""ask_orders"":1,""bid_price"":""403.05"",""ask_price"":""404.55""},{""bid_quantity"":160,""ask_quantity"":140,""bid_orders"":2,""ask_orders"":5,""bid_price"":""402.90"",""ask_price"":""404.60""}]"
09:15:52.409,1790739952409632976,1457694963567283,Full Data,8,887100,383.65,20,09:15:52,,,364.61,388880,22600,64880,254140,"[{""bid_quantity"":40,""ask_quantity"":40,""bid_orders"":2,""ask_orders"":1,""bid_price"":""383.20"",""ask_price"":""384.15""},{""bid_quantity"":40,""ask_quantity"":40,""bid_orders"":2,""ask_orders"":2,""bid_price"":""383.15"",""ask_price"":""384.20""},{""bid_quantity"":40,""ask_quantity"":60,""bid_orders"":2,""ask_orders"":2,""bid_price"":""383.10"",""ask_price"":""384.30""},{""bid_quantity"":20,""ask_quantity"":40,""bid_orders"":1,""ask_orders"":2,""bid_price"":""383.05"",""ask_price"":""384.35""},{""bid_quantity"":20,""ask_quantity"":40,""bid_orders"":1,""ask_orders"":1,""bid_price"":""383.00"",""ask_price"":""384.45""}]"
09:15:52.459,1790739952459779060,1457695013713407,Full Data,8,887100,381.60,40,09:15:52,,,364.62,389000,24880,64720,254140,"[{""bid_quantity"":20,""ask_quantity"":20,""bid_orders"":1,""ask_orders"":1,""bid_price"":""380.75"",""ask_price"":""381.80""},{""bid_quantity"":40,""ask_quantity"":120,""bid_orders"":2,""ask_orders"":2,""bid_price"":""380.65"",""ask_price"":""381.85""},{""bid_quantity"":20,""ask_quantity"":460,""bid_orders"":1,""ask_orders"":5,""bid_price"":""380.60"",""ask_price"":""381.90""},{""bid_quantity"":40,""ask_quantity"":780,""bid_orders"":2,""ask_orders"":6,""bid_price"":""380.55"",""ask_price"":""381.95""},{""bid_quantity"":180,""ask_quantity"":60,""bid_orders"":2,""ask_orders"":2,""bid_price"":""380.40"",""ask_price"":""382.00""}]"
09:15:52.632,1790739952632487417,1457695186422084,Full Data,8,886528,298.05,40,09:15:52,,,312.39,590500,27940,159960,227080,"[{""bid_quantity"":60,""ask_quantity"":20,""bid_orders"":2,""ask_orders"":1,""bid_price"":""298.50"",""ask_price"":""298.95""},{""bid_quantity"":60,""ask_quantity"":20,""bid_orders"":2,""ask_orders"":1,""bid_price"":""298.45"",""ask_price"":""299.20""},{""bid_quantity"":60,""ask_quantity"":20,""bid_orders"":2,""ask_orders"":1,""bid_price"":""298.40"",""ask_price"":""299.25""},{""bid_quantity"":120,""ask_quantity"":160,""bid_orders"":4,""ask_orders"":4,""bid_price"":""298.35"",""ask_price"":""299.35""},{""bid_quantity"":220,""ask_quantity"":40,""bid_orders"":4,""ask_orders"":2,""bid_price"":""298.30"",""ask_price"":""299.40""}]"
09:15:52.679,1790739952679198878,1457695233132865,Full Data,8,887253,669.90,60,09:15:52,,,683.94,24440,9860,31960,68380,"[{""bid_quantity"":120,""ask_quantity"":80,""bid_orders"":3,""ask_orders"":3,""bid_price"":""670.25"",""ask_price"":""672.05""},{""bid_quantity"":60,""ask_quantity"":40,""bid_orders"":2,""ask_orders"":2,""bid_price"":""670.20"",""ask_price"":""672.10""},{""bid_quantity"":60,""ask_quantity"":80,""bid_orders"":2,""ask_orders"":3,""bid_price"":""670.15"",""ask_price"":""672.15""},{""bid_quantity"":60,""ask_quantity"":40,""bid_orders"":2,""ask_orders"":2,""bid_price"":""670.10"",""ask_price"":""672.20""},{""bid_quantity"":60,""ask_quantity"":40,""bid_orders"":2,""ask_orders"":2,""bid_price"":""670.05"",""ask_price"":""672.25""}]"
09:15:52.714,1790739952714863949,1457695268797936,Full Data,8,886528,299.25,20,09:15:52,,,312.38,590780,26920,160960,227080,"[{""bid_quantity"":40,""ask_quantity"":60,""bid_orders"":1,""ask_orders"":2,""bid_price"":""298.70"",""ask_price"":""299.40""},{""bid_quantity"":220,""ask_quantity"":80,""bid_orders"":3,""ask_orders"":4,""bid_price"":""298.65"",""ask_price"":""299.50""},{""bid_quantity"":60,""ask_quantity"":40,""bid_orders"":2,""ask_orders"":2,""bid_price"":""298.60"",""ask_price"":""299.60""},{""bid_quantity"":240,""ask_quantity"":60,""bid_orders"":3,""ask_orders"":1,""bid_price"":""298.55"",""ask_price"":""299.65""},{""bid_quantity"":20,""ask_quantity"":120,""bid_orders"":1,""ask_orders"":2,""bid_price"":""298.50"",""ask_price"":""299.70""}]"
09:15:52.782,1790739952782684747,1457695336618654,Full Data,8,887306,531.10,20,09:15:52,,,548.30,130860,13480,44520,204460,"[{""bid_quantity"":40,""ask_quantity"":60,""bid_orders"":2,""ask_orders"":2,""bid_price"":""529.90"",""ask_price"":""531.05""},{""bid_quantity"":120,""ask_quantity"":40,""bid_orders"":3,""ask_orders"":1,""bid_price"":""529.75"",""ask_price"":""531.55""},{""bid_quantity"":20,""ask_quantity"":80,""bid_orders"":1,""ask_orders"":4,""bid_price"":""529.70"",""ask_price"":""531.60""},{""bid_quantity"":20,""ask_quantity"":20,""bid_orders"":1,""ask_orders"":1,""bid_price"":""529.65"",""ask_price"":""531.70""},{""bid_quantity"":40,""ask_quantity"":20,""bid_orders"":1,""ask_orders"":1,""bid_price"":""529.60"",""ask_price"":""531.75""}]"
09:15:52.822,1790739952822357804,1457695376291951,Full Data,8,887080,465.50,20,09:15:52,,,481.59,291840,20540,109460,212920,"[{""bid_quantity"":80,""ask_quantity"":60,""bid_orders"":3,""ask_orders"":2,""bid_price"":""466.40"",""ask_price"":""467.50""},{""bid_quantity"":60,""ask_quantity"":240,""bid_orders"":2,""ask_orders"":6,""bid_price"":""466.35"",""ask_price"":""467.55""},{""bid_quantity"":60,""ask_quantity"":20,""bid_orders"":2,""ask_orders"":1,""bid_price"":""466.30"",""ask_price"":""467.60""},{""bid_quantity"":100,""ask_quantity"":100,""bid_orders"":3,""ask_orders"":2,""bid_price"":""466.25"",""ask_price"":""467.70""},{""bid_quantity"":20,""ask_quantity"":20,""bid_orders"":1,""ask_orders"":1,""bid_price"":""466.20"",""ask_price"":""467.75""}]"
09:15:52.886,1790739952886463738,1457695440398085,Full Data,8,887080,467.30,20,09:15:52,,,481.58,292120,20080,109640,212920,"[{""bid_quantity"":40,""ask_quantity"":20,""bid_orders"":2,""ask_orders"":1,""bid_price"":""466.60"",""ask_price"":""467.60""},{""bid_quantity"":80,""ask_quantity"":40,""bid_orders"":3,""ask_orders"":2,""bid_price"":""466.55"",""ask_price"":""467.85""},{""bid_quantity"":100,""ask_quantity"":140,""bid_orders"":4,""ask_orders"":3,""bid_price"":""466.50"",""ask_price"":""467.90""},{""bid_quantity"":140,""ask_quantity"":60,""bid_orders"":3,""ask_orders"":3,""bid_price"":""466.45"",""ask_price"":""468.00""},{""bid_quantity"":80,""ask_quantity"":20,""bid_orders"":3,""ask_orders"":1,""bid_price"":""466.40"",""ask_price"":""468.05""}]"
09:15:52.967,1790739952967547302,1457695521481249,Full Data,8,886620,212.05,40,09:15:52,,,202.43,623360,57120,83940,619000,"[{""bid_quantity"":20,""ask_quantity"":20,""bid_orders"":1,""ask_orders"":1,""bid_price"":""211.70"",""ask_price"":""212.20""},{""bid_quantity"":160,""ask_quantity"":40,""bid_orders"":2,""ask_orders"":1,""bid_price"":""211.65"",""ask_price"":""212.35""},{""bid_quantity"":140,""ask_quantity"":100,""bid_orders"":3,""ask_orders"":1,""bid_price"":""211.60"",""ask_price"":""212.40""},{""bid_quantity"":60,""ask_quantity"":80,""bid_orders"":1,""ask_orders"":2,""bid_price"":""211.55"",""ask_price"":""212.50""},{""bid_quantity"":60,""ask_quantity"":220,""bid_orders"":2,""ask_orders"":2,""bid_price"":""211.50"",""ask_price"":""212.55""}]"
09:15:52.974,1790739952974461227,1457695528395094,Full Data,8,886620,212.05,20,09:15:52,,,202.43,623400,57800,83920,619000,"[{""bid_quantity"":100,""ask_quantity"":100,""bid_orders"":2,""ask_orders"":2,""bid_price"":""211.55"",""ask_price"":""212.25""},{""bid_quantity"":60,""ask_quantity"":180,""bid_orders"":2,""ask_orders"":4,""bid_price"":""211.50"",""ask_price"":""212.30""},{""bid_quantity"":180,""ask_quantity"":100,""bid_orders"":3,""ask_orders"":3,""bid_price"":""211.35"",""ask_price"":""212.35""},{""bid_quantity"":200,""ask_quantity"":60,""bid_orders"":1,""ask_orders"":2,""bid_price"":""211.30"",""ask_price"":""212.50""},{""bid_quantity"":120,""ask_quantity"":420,""bid_orders"":1,""ask_orders"":6,""bid_price"":""211.20"",""ask_price"":""212.55""}]"
09:15:53.055,1790739953055376269,1457695609310456,Full Data,8,887216,180.50,60,09:15:52,,,171.45,531980,48680,80940,604640,"[{""bid_quantity"":20,""ask_quantity"":20,""bid_orders"":1,""ask_orders"":1,""bid_price"":""180.85"",""ask_price"":""181.55""},{""bid_quantity"":20,""ask_quantity"":20,""bid_orders"":1,""ask_orders"":1,""bid_price"":""180.80"",""ask_price"":""181.60""},{""bid_quantity"":20,""ask_quantity"":400,""bid_orders"":1,""ask_orders"":5,""bid_price"":""180.75"",""ask_price"":""181.65""},{""bid_quantity"":20,""ask_quantity"":60,""bid_orders"":1,""ask_orders"":2,""bid_price"":""180.70"",""ask_price"":""181.70""},{""bid_quantity"":80,""ask_quantity"":200,""bid_orders"":1,""ask_orders"":2,""bid_price"":""180.65"",""ask_price"":""181.80""}]"
09:15:53.110,1790739953110416905,1457695664350972,Full Data,8,887279,247.35,20,09:15:52,,,235.93,1024020,49200,103200,563560,"[{""bid_quantity"":40,""ask_quantity"":20,""bid_orders"":2,""ask_orders"":1,""bid_price"":""247.65"",""ask_price"":""248.40""},{""bid_quantity"":20,""ask_quantity"":100,""bid_orders"":1,""ask_orders"":2,""bid_price"":""247.60"",""ask_price"":""248.45""},{""bid_quantity"":40,""ask_quantity"":60,""bid_orders"":2,""ask_orders"":2,""bid_price"":""247.55"",""ask_price"":""248.50""},{""bid_quantity"":100,""ask_quantity"":280,""bid_orders"":2,""ask_orders"":4,""bid_price"":""247.40"",""ask_price"":""248.70""},{""bid_quantity"":20,""ask_quantity"":100,""bid_orders"":1,""ask_orders"":1,""bid_price"":""247.35"",""ask_price"":""248.75""}]"
09:15:53.114,1790739953114950694,1457695668884641,Full Data,8,887135,351.50,40,09:15:52,,,362.46,632160,27800,106640,307120,"[{""bid_quantity"":20,""ask_quantity"":20,""bid_orders"":1,""ask_orders"":1,""bid_price"":""350.65"",""ask_price"":""351.40""},{""bid_quantity"":20,""ask_quantity"":200,""bid_orders"":1,""ask_orders"":3,""bid_price"":""350.60"",""ask_price"":""351.50""},{""bid_quantity"":20,""ask_quantity"":180,""bid_orders"":1,""ask_orders"":2,""bid_price"":""350.55"",""ask_price"":""351.70""},{""bid_quantity"":20,""ask_quantity"":260,""bid_orders"":1,""ask_orders"":5,""bid_price"":""350.45"",""ask_price"":""351.75""},{""bid_quantity"":20,""ask_quantity"":60,""bid_orders"":1,""ask_orders"":1,""bid_price"":""350.40"",""ask_price"":""351.90""}]"
09:15:53.149,1790739953150008361,1457695703942268,Full Data,8,887216,182.40,40,09:15:53,,,171.45,532240,47420,81900,604640,"[{""bid_quantity"":100,""ask_quantity"":200,""bid_orders"":2,""ask_orders"":3,""bid_price"":""181.85"",""ask_price"":""183.60""},{""bid_quantity"":280,""ask_quantity"":60,""bid_orders"":2,""ask_orders"":1,""bid_price"":""181.80"",""ask_price"":""183.85""},{""bid_quantity"":220,""ask_quantity"":80,""bid_orders"":4,""ask_orders"":1,""bid_price"":""181.75"",""ask_price"":""184.30""},{""bid_quantity"":280,""ask_quantity"":20,""bid_orders"":2,""ask_orders"":1,""bid_price"":""181.70"",""ask_price"":""184.35""},{""bid_quantity"":120,""ask_quantity"":100,""bid_orders"":3,""ask_orders"":1,""bid_price"":""181.65"",""ask_price"":""184.40""}]"
09:15:53.210,1790739953210928595,1457695764862622,Full Data,8,886659,599.10,20,09:15:53,,,617.99,61780,14460,28220,139920,"[{""bid_quantity"":40,""ask_quantity"":160,""bid_orders"":1,""ask_orders"":1,""bid_price"":""597.55"",""ask_price"":""598.95""},{""bid_quantity"":40,""ask_quantity"":80,""bid_orders"":1,""ask_orders"":1,""bid_price"":""597.50"",""ask_price"":""599.00""},{""bid_quantity"":40,""ask_quantity"":260,""bid_orders"":1,""ask_orders"":3,""bid_price"":""597.45"",""ask_price"":""599.05""},{""bid_quantity"":40,""ask_quantity"":40,""bid_orders"":1,""ask_orders"":1,""bid_price"":""597.40"",""ask_price"":""599.10""},{""bid_quantity"":80,""ask_quantity"":20,""bid_orders"":1,""ask_orders"":1,""bid_price"":""596.35"",""ask_price"":""599.15""}]"
09:15:53.330,1790739953330261806,1457695884196073,Ticker Data,0,51,72472.02,,09:15:53,,,,,,,,
09:15:53.368,1790739953368956296,1457695922890243,Full Data,8,886461,401.85,40,09:15:53,,,420.39,751300,34100,172560,738980,"[{""bid_quantity"":20,""ask_quantity"":140,""bid_orders"":1,""ask_orders"":3,""bid_price"":""400.05"",""ask_price"":""401.40""},{""bid_quantity"":4260,""ask_quantity"":60,""bid_orders"":32,""ask_orders"":2,""bid_price"":""400.00"",""ask_price"":""401.45""},{""bid_quantity"":40,""ask_quantity"":80,""bid_orders"":1,""ask_orders"":2,""bid_price"":""399.85"",""ask_price"":""401.55""},{""bid_quantity"":20,""ask_quantity"":40,""bid_orders"":1,""ask_orders"":1,""bid_price"":""399.65"",""ask_price"":""401.60""},{""bid_quantity"":140,""ask_quantity"":80,""bid_orders"":1,""ask_orders"":2,""bid_price"":""399.60"",""ask_price"":""401.70""}]"
09:15:53.424,1790739953424783817,1457695978717844,Full Data,8,886461,401.10,40,09:15:53,,,420.37,752080,34440,173100,738980,"[{""bid_quantity"":40,""ask_quantity"":240,""bid_orders"":1,""ask_orders"":6,""bid_price"":""400.10"",""ask_price"":""401.10""},{""bid_quantity"":40,""ask_quantity"":80,""bid_orders"":1,""ask_orders"":2,""bid_price"":""400.05"",""ask_price"":""401.25""},{""bid_quantity"":3900,""ask_quantity"":60,""bid_orders"":27,""ask_orders"":3,""bid_price"":""400.00"",""ask_price"":""401.30""},{""bid_quantity"":160,""ask_quantity"":80,""bid_orders"":4,""ask_orders"":3,""bid_price"":""399.85"",""ask_price"":""401.35""},{""bid_quantity"":120,""ask_quantity"":80,""bid_orders"":4,""ask_orders"":3,""bid_price"":""399.70"",""ask_price"":""401.45""}]"
09:15:53.465,1790739953465363759,1457696019297986,Full Data,8,887100,387.05,20,09:15:53,,,364.74,391540,23980,65600,254140,"[{""bid_quantity"":20,""ask_quantity"":100,""bid_orders"":1,""ask_orders"":4,""bid_price"":""387.15"",""ask_price"":""388.00""},{""bid_quantity"":20,""ask_quantity"":60,""bid_orders"":1,""ask_orders"":2,""bid_price"":""387.10"",""ask_price"":""388.10""},{""bid_quantity"":40,""ask_quantity"":80,""bid_orders"":2,""ask_orders"":3,""bid_price"":""387.05"",""ask_price"":""388.20""},{""bid_quantity"":20,""ask_quantity"":60,""bid_orders"":1,""ask_orders"":2,""bid_price"":""387.00"",""ask_price"":""388.25""},{""bid_quantity"":80,""ask_quantity"":100,""bid_orders"":4,""ask_orders"":2,""bid_price"":""386.95"",""ask_price"":""388.30""}]"
09:15:53.513,1790739953513310949,1457696067245056,Full Data,8,887100,388.45,20,09:15:53,,,364.74,391680,23760,66000,254140,"[{""bid_quantity"":120,""ask_quantity"":20,""bid_orders"":4,""ask_orders"":1,""bid_price"":""387.90"",""ask_price"":""388.45""},{""bid_quantity"":240,""ask_quantity"":460,""bid_orders"":5,""ask_orders"":1,""bid_price"":""387.85"",""ask_price"":""388.70""},{""bid_quantity"":100,""ask_quantity"":140,""bid_orders"":5,""ask_orders"":3,""bid_price"":""387.80"",""ask_price"":""389.50""},{""bid_quantity"":120,""ask_quantity"":200,""bid_orders"":3,""ask_orders"":2,""bid_price"":""387.70"",""ask_price"":""389.55""},{""bid_quantity"":40,""ask_quantity"":60,""bid_orders"":2,""ask_orders"":2,""bid_price"":""387.65"",""ask_price"":""389.60""}]"
09:15:53.725,1790739953725997803,1457696279932270,Full Data,8,886528,293.15,60,09:15:53,,,312.28,594760,28200,161300,227080,"[{""bid_quantity"":80,""ask_quantity"":60,""bid_orders"":2,""ask_orders"":3,""bid_price"":""293.40"",""ask_price"":""294.10""},{""bid_quantity"":160,""ask_quantity"":120,""bid_orders"":1,""ask_orders"":5,""bid_price"":""293.25"",""ask_price"":""294.15""},{""bid_quantity"":100,""ask_quantity"":120,""bid_orders"":3,""ask_orders"":3,""bid_price"":""293.20"",""ask_price"":""294.30""},{""bid_quantity"":160,""ask_quantity"":200,""bid_orders"":1,""ask_orders"":3,""bid_price"":""293.15"",""ask_price"":""294.35""},{""bid_quantity"":20,""ask_quantity"":220,""bid_orders"":1,""ask_orders"":4,""bid_price"":""293.10"",""ask_price"":""294.50""}]"
09:15:53.807,1790739953807660771,1457696361595078,Full Data,8,886528,292.30,60,09:15:53,,,312.27,594940,28440,161180,227080,"[{""bid_quantity"":20,""ask_quantity"":40,""bid_orders"":1,""ask_orders"":2,""bid_price"":""292.60"",""ask_price"":""293.30""},{""bid_quantity"":80,""ask_quantity"":180,""bid_orders"":3,""ask_orders"":3,""bid_price"":""292.30"",""ask_price"":""293.35""},{""bid_quantity"":160,""ask_quantity"":60,""bid_orders"":3,""ask_orders"":3,""bid_price"":""292.25"",""ask_price"":""293.40""},{""bid_quantity"":260,""ask_quantity"":80,""bid_orders"":4,""ask_orders"":4,""bid_price"":""292.20"",""ask_price"":""293.45""},{""bid_quantity"":120,""ask_quantity"":100,""bid_orders"":3,""ask_orders"":4,""bid_price"":""292.15"",""ask_price"":""293.50""}]"
09:15:53.834,1790739953834542425,1457696388476372,Full Data,8,887253,661.45,20,09:15:53,,,683.67,24840,9700,32460,68380,"[{""bid_quantity"":20,""ask_quantity"":40,""bid_orders"":1,""ask_orders"":2,""bid_price"":""661.05"",""ask_price"":""663.05""},{""bid_quantity"":60,""ask_quantity"":40,""bid_orders"":2,""ask_orders"":2,""bid_price"":""660.95"",""ask_price"":""663.10""},{""bid_quantity"":60,""ask_quantity"":80,""bid_orders"":2,""ask_orders"":4,""bid_price"":""660.90"",""ask_price"":""663.15""},{""bid_quantity"":60,""ask_quantity"":40,""bid_orders"":2,""ask_orders"":2,""bid_price"":""660.85"",""ask_price"":""663.20""},{""bid_quantity"":160,""ask_quantity"":40,""bid_orders"":4,""ask_orders"":2,""bid_price"":""660.80"",""ask_price"":""663.25""}]"
09:15:53.841,1790739953841212388,1457696395146175,Full Data,8,887306,521.60,20,09:15:53,,,548.18,131520,15060,44640,204460,"[{""bid_quantity"":40,""ask_quantity"":160,""bid_orders"":1,""ask_orders"":5,""bid_price"":""521.35"",""ask_price"":""523.00""},{""bid_quantity"":40,""ask_quantity"":40,""bid_orders"":1,""ask_orders"":2,""bid_price"":""521.30"",""ask_price"":""523.05""},{""bid_quantity"":40,""ask_quantity"":40,""bid_orders"":1,""ask_orders"":2,""bid_price"":""521.25"",""ask_price"":""523.10""},{""bid_quantity"":60,""ask_quantity"":80,""bid_orders"":2,""ask_orders"":3,""bid_price"":""521.10"",""ask_price"":""523.15""},{""bid_quantity"":200,""ask_quantity"":20,""bid_orders"":1,""ask_orders"":1,""bid_price"":""521.05"",""ask_price"":""523.20""}]"
09:15:53.990,1790739953990891875,1457696544826382,Full Data,8,886620,218.00,100,09:15:53,,,202.54,628800,58380,84860,619000,"[{""bid_quantity"":200,""ask_quantity"":40,""bid_orders"":1,""ask_orders"":1,""bid_price"":""217.35"",""ask_price"":""217.65""},{""bid_quantity"":60,""ask_quantity"":80,""bid_orders"":1,""ask_orders"":1,""bid_price"":""217.00"",""ask_price"":""217.70""},{""bid_quantity"":200,""ask_quantity"":60,""bid_orders"":1,""ask_orders"":2,""bid_price"":""216.90"",""ask_price"":""217.75""},{""bid_quantity"":40,""ask_quantity"":380,""bid_orders"":2,""ask_orders"":5,""bid_price"":""216.80"",""ask_price"":""217.80""},{""bid_quantity"":480,""ask_quantity"":80,""bid_orders"":4,""ask_orders"":1,""bid_price"":""216.75"",""ask_price"":""217.85""}]"
09:15:54.085,1790739954085464446,1457696639398673,Full Data,8,887279,254.90,80,09:15:54,,,236.05,1032300,46980,108540,563560,"[{""bid_quantity"":80,""ask_quantity"":20,""bid_orders"":4,""ask_orders"":1,""bid_price"":""254.20"",""ask_price"":""254.90""},{""bid_quantity"":200,""ask_quantity"":180,""bid_orders"":3,""ask_orders"":3,""bid_price"":""254.15"",""ask_price"":""254.95""},{""bid_quantity"":220,""ask_quantity"":560,""bid_orders"":4,""ask_orders"":8,""bid_price"":""254.10"",""ask_price"":""255.00""},{""bid_quantity"":240,""ask_quantity"":360,""bid_orders"":4,""ask_orders"":4,""bid_price"":""254.00"",""ask_price"":""255.20""},{""bid_quantity"":80,""ask_quantity"":200,""bid_orders"":4,""ask_orders"":1,""bid_price"":""253.95"",""ask_price"":""255.25""}]"
09:15:54.123,1790739954123971615,1457696677906282,Full Data,8,887216,186.85,80,09:15:54,,,171.58,537420,49720,83300,604640,"[{""bid_quantity"":100,""ask_quantity"":60,""bid_orders"":2,""ask_orders"":2,""bid_price"":""186.30"",""ask_price"":""186.80""},{""bid_quantity"":60,""ask_quantity"":120,""bid_orders"":2,""ask_orders"":2,""bid_price"":""186.25"",""ask_price"":""186.85""},{""bid_quantity"":80,""ask_quantity"":80,""bid_orders"":3,""ask_orders"":3,""bid_price"":""186.20"",""ask_price"":""186.90""},{""bid_quantity"":180,""ask_quantity"":60,""bid_orders"":5,""ask_orders"":2,""bid_price"":""186.15"",""ask_price"":""187.00""},{""bid_quantity"":80,""ask_quantity"":160,""bid_orders"":3,""ask_orders"":3,""bid_price"":""186.10"",""ask_price"":""187.05""}]"
09:15:54.158,1790739954158042035,1457696711975902,Full Data,8,887135,340.50,20,09:15:54,,,362.34,636520,28760,101800,307120,"[{""bid_quantity"":20,""ask_quantity"":160,""bid_orders"":1,""ask_orders"":3,""bid_price"":""340.25"",""ask_price"":""341.10""},{""bid_quantity"":160,""ask_quantity"":40,""bid_orders"":1,""ask_orders"":2,""bid_price"":""340.05"",""ask_price"":""341.15""},{""bid_quantity"":1860,""ask_quantity"":80,""bid_orders"":12,""ask_orders"":4,""bid_price"":""340.00"",""ask_price"":""341.20""},{""bid_quantity"":160,""ask_quantity"":240,""bid_orders"":3,""ask_orders"":6,""bid_price"":""339.75"",""ask_price"":""341.25""},{""bid_quantity"":120,""ask_quantity"":60,""bid_orders"":2,""ask_orders"":1,""bid_price"":""339.60"",""ask_price"":""341.30""}]"
09:15:54.171,1790739954171117840,1457696725051787,Full Data,8,887216,186.70,60,09:15:54,,,171.59,537760,48980,83960,604640,"[{""bid_quantity"":100,""ask_quantity"":20,""bid_orders"":2,""ask_orders"":1,""bid_price"":""186.55"",""ask_price"":""187.15""},{""bid_quantity"":80,""ask_quantity"":100,""bid_orders"":3,""ask_orders"":1,""bid_price"":""186.50"",""ask_price"":""187.20""},{""bid_quantity"":180,""ask_quantity"":20,""bid_orders"":5,""ask_orders"":1,""bid_price"":""186.45"",""ask_price"":""187.25""},{""bid_quantity"":40,""ask_quantity"":220,""bid_orders"":1,""ask_orders"":2,""bid_price"":""186.40"",""ask_price"":""187.35""},{""bid_quantity"":60,""ask_quantity"":60,""bid_orders"":2,""ask_orders"":1,""bid_price"":""186.30"",""ask_price"":""187.45""}]"
09:15:54.216,1790739954216692334,1457696770626361,Full Data,8,886659,587.55,20,09:15:54,,,617.89,62000,14380,28400,139920,"[{""bid_quantity"":80,""ask_quantity"":40,""bid_orders"":2,""ask_orders"":2,""bid_price"":""585.95"",""ask_price"":""587.55""},{""bid_quantity"":40,""ask_quantity"":40,""bid_orders"":1,""ask_orders"":2,""bid_price"":""585.90"",""ask_price"":""587.60""},{""bid_quantity"":40,""ask_quantity"":40,""bid_orders"":1,""ask_orders"":2,""bid_price"":""585.85"",""ask_price"":""587.65""},{""bid_quantity"":60,""ask_quantity"":40,""bid_orders"":2,""ask_orders"":2,""bid_price"":""585.80"",""ask_price"":""587.70""},{""bid_quantity"":40,""ask_quantity"":60,""bid_orders"":1,""ask_orders"":3,""bid_price"":""585.75"",""ask_price"":""587.75""}]"
09:15:54.221,1790739954221882088,1457696775816075,Full Data,8,887135,341.15,40,09:15:54,,,362.33,636680,28420,102820,307120,"[{""bid_quantity"":20,""ask_quantity"":100,""bid_orders"":1,""ask_orders"":3,""bid_price"":""340.60"",""ask_price"":""341.20""},{""bid_quantity"":20,""ask_quantity"":80,""bid_orders"":1,""ask_orders"":4,""bid_price"":""340.35"",""ask_price"":""341.25""},{""bid_quantity"":140,""ask_quantity"":20,""bid_orders"":3,""ask_orders"":1,""bid_price"":""340.30"",""ask_price"":""341.30""},{""bid_quantity"":60,""ask_quantity"":140,""bid_orders"":2,""ask_orders"":6,""bid_price"":""340.25"",""ask_price"":""341.35""},{""bid_quantity"":40,""ask_quantity"":40,""bid_orders"":1,""ask_orders"":2,""bid_price"":""340.15"",""ask_price"":""341.40""}]"
09:15:54.247,1790739954247933296,1457696801867123,Full Data,8,886659,587.55,20,09:15:54,,,617.89,62000,14000,27960,139920,"[{""bid_quantity"":40,""ask_quantity"":200,""bid_orders"":1,""ask_orders"":5,""bid_price"":""587.30"",""ask_price"":""588.85""},{""bid_quantity"":40,""ask_quantity"":60,""bid_orders"":1,""ask_orders"":3,""bid_price"":""587.25"",""ask_price"":""588.90""},{""bid_quantity"":80,""ask_quantity"":40,""bid_orders"":2,""ask_orders"":2,""bid_price"":""587.20"",""ask_price"":""588.95""},{""bid_quantity"":40,""ask_quantity"":80,""bid_orders"":1,""ask_orders"":3,""bid_price"":""587.15"",""ask_price"":""589.00""},{""bid_quantity"":40,""ask_quantity"":120,""bid_orders"":1,""ask_orders"":3,""bid_price"":""587.10"",""ask_price"":""589.05""}]"
09:15:54.331,1790739954331223994,1457696885158181,Ticker Data,0,51,72472.66,,09:15:54,,,,,,,,
09:15:54.350,1790739954350926402,1457696904860229,Full Data,8,887355,338.15,20,09:15:54,,,321.41,666620,27040,94140,308440,"[{""bid_quantity"":20,""ask_quantity"":40,""bid_orders"":1,""ask_orders"":1,""bid_price"":""337.65"",""ask_price"":""338.25""},{""bid_quantity"":20,""ask_quantity"":40,""bid_orders"":1,""ask_orders"":1,""bid_price"":""337.60"",""ask_price"":""338.30""},{""bid_quantity"":100,""ask_quantity"":40,""bid_orders"":2,""ask_orders"":1,""bid_price"":""337.55"",""ask_price"":""338.35""},{""bid_quantity"":60,""ask_quantity"":160,""bid_orders"":3,""ask_orders"":1,""bid_price"":""337.50"",""ask_price"":""338.40""},{""bid_quantity"":100,""ask_quantity"":40,""bid_orders"":4,""ask_orders"":1,""bid_price"":""337.45"",""ask_price"":""338.45""}]"
09:15:54.433,1790739954433362534,1457696987296801,Full Data,8,886461,395.80,20,09:15:54,,,420.05,763640,34800,169280,738980,"[{""bid_quantity"":160,""ask_quantity"":80,""bid_orders"":1,""ask_orders"":4,""bid_price"":""394.85"",""ask_price"":""395.85""},{""bid_quantity"":180,""ask_quantity"":240,""bid_orders"":2,""ask_orders"":3,""bid_price"":""394.80"",""ask_price"":""395.90""},{""bid_quantity"":160,""ask_quantity"":80,""bid_orders"":1,""ask_orders"":4,""bid_price"":""394.75"",""ask_price"":""396.00""},{""bid_quantity"":80,""ask_quantity"":40,""bid_orders"":2,""ask_orders"":1,""bid_price"":""394.70"",""ask_price"":""396.15""},{""bid_quantity"":40,""ask_quantity"":20,""bid_orders"":1,""ask_orders"":1,""bid_price"":""394.65"",""ask_price"":""396.20""}]"
09:15:54.480,1790739954480354598,1457697034288745,Full Data,8,886461,396.75,40,09:15:54,,,419.99,765500,34540,171000,738980,"[{""bid_quantity"":60,""ask_quantity"":20,""bid_orders"":1,""ask_orders"":1,""bid_price"":""397.10"",""ask_price"":""397.95""},{""bid_quantity"":160,""ask_quantity"":80,""bid_orders"":1,""ask_orders"":3,""bid_price"":""397.05"",""ask_price"":""398.20""},{""bid_quantity"":60,""ask_quantity"":20,""bid_orders"":1,""ask_orders"":1,""bid_price"":""396.90"",""ask_price"":""398.70""},{""bid_quantity"":40,""ask_quantity"":40,""bid_orders"":1,""ask_orders"":2,""bid_price"":""396.85"",""ask_price"":""399.05""},{""bid_quantity"":520,""ask_quantity"":80,""bid_orders"":2,""ask_orders"":1,""bid_price"":""396.80"",""ask_price"":""399.20""}]"
09:15:54.523,1790739954523903359,1457697077837546,Full Data,8,887100,386.90,20,09:15:54,,,365.02,396300,23300,67920,254140,"[{""bid_quantity"":160,""ask_quantity"":20,""bid_orders"":1,""ask_orders"":1,""bid_price"":""386.95"",""ask_price"":""388.55""},{""bid_quantity"":120,""ask_quantity"":240,""bid_orders"":2,""ask_orders"":1,""bid_price"":""386.85"",""ask_price"":""389.10""},{""bid_quantity"":180,""ask_quantity"":120,""bid_orders"":2,""ask_orders"":2,""bid_price"":""386.80"",""ask_price"":""389.30""},{""bid_quantity"":20,""ask_quantity"":80,""bid_orders"":1,""ask_orders"":1,""bid_price"":""386.20"",""ask_price"":""389.40""},{""bid_quantity"":540,""ask_quantity"":100,""bid_orders"":4,""ask_orders"":2,""bid_price"":""386.15"",""ask_price"":""389.45""}]"
09:15:54.544,1790739954544826495,1457697098760562,Full Data,8,886540,156.10,100,09:15:54,,,144.74,425540,67700,64260,605280,"[{""bid_quantity"":80,""ask_quantity"":20,""bid_orders"":2,""ask_orders"":1,""bid_price"":""156.35"",""ask_price"":""157.10""},{""bid_quantity"":80,""ask_quantity"":20,""bid_orders"":2,""ask_orders"":1,""bid_price"":""156.30"",""ask_price"":""157.15""},{""bid_quantity"":200,""ask_quantity"":320,""bid_orders"":3,""ask_orders"":2,""bid_price"":""156.25"",""ask_price"":""157.60""},{""bid_quantity"":220,""ask_quantity"":140,""bid_orders"":2,""ask_orders"":1,""bid_price"":""156.20"",""ask_price"":""157.65""},{""bid_quantity"":160,""ask_quantity"":100,""bid_orders"":1,""ask_orders"":1,""bid_price"":""155.85"",""ask_price"":""157.85""}]"
09:15:54.568,1790739954568505568,1457697122440075,Full Data,8,887100,390.10,60,09:15:54,,,365.05,396680,23840,66680,254140,"[{""bid_quantity"":80,""ask_quantity"":60,""bid_orders"":1,""ask_orders"":2,""bid_price"":""388.30"",""ask_price"":""389.55""},{""bid_quantity"":40,""ask_quantity"":40,""bid_orders"":2,""ask_orders"":2,""bid_price"":""388.25"",""ask_price"":""389.60""},{""bid_quantity"":140,""ask_quantity"":100,""bid_orders"":4,""ask_orders"":3,""bid_price"":""388.20"",""ask_price"":""389.70""},{""bid_quantity"":60,""ask_quantity"":20,""bid_orders"":3,""ask_orders"":1,""bid_price"":""388.10"",""ask_price"":""389.75""},{""bid_quantity"":20,""ask_quantity"":120,""bid_orders"":1,""ask_orders"":3,""bid_price"":""388.05"",""ask_price"":""389.90""}]"
09:15:54.574,1790739954574886129,1457697128819996,Full Data,8,886540,157.25,100,09:15:54,,,144.76,425960,68900,64700,605280,"[{""bid_quantity"":140,""ask_quantity"":160,""bid_orders"":3,""ask_orders"":3,""bid_price"":""156.80"",""ask_price"":""157.25""},{""bid_quantity"":140,""ask_quantity"":60,""bid_orders"":2,""ask_orders"":2,""bid_price"":""156.75"",""ask_price"":""157.30""},{""bid_quantity"":100,""ask_quantity"":120,""bid_orders"":3,""ask_orders"":3,""bid_price"":""156.70"",""ask_price"":""157.35""},{""bid_quantity"":140,""ask_quantity"":80,""bid_orders"":4,""ask_orders"":3,""bid_price"":""156.65"",""ask_price"":""157.40""},{""bid_quantity"":100,""ask_quantity"":100,""bid_orders"":3,""ask_orders"":2,""bid_price"":""156.60"",""ask_price"":""157.45""}]"
09:15:54.694,1790739954694878704,1457697248812931,Full Data,8,886685,293.35,20,09:15:54,,,276.86,1290020,76040,166900,1113180,"[{""bid_quantity"":60,""ask_quantity"":80,""bid_orders"":1,""ask_orders"":1,""bid_price"":""292.50"",""ask_price"":""293.40""},{""bid_quantity"":120,""ask_quantity"":20,""bid_orders"":2,""ask_orders"":1,""bid_price"":""292.40"",""ask_price"":""293.45""},{""bid_quantity"":40,""ask_quantity"":180,""bid_orders"":2,""ask_orders"":3,""bid_price"":""292.35"",""ask_price"":""293.50""},{""bid_quantity"":120,""ask_quantity"":180,""bid_orders"":2,""ask_orders"":2,""bid_price"":""292.20"",""ask_price"":""293.70""},{""bid_quantity"":140,""ask_quantity"":120,""bid_orders"":2,""ask_orders"":2,""bid_price"":""292.15"",""ask_price"":""293.75""}]"
09:15:54.813,1790739954813766072,1457697367700139,Full Data,8,886528,292.80,20,09:15:54,,,312.14,598840,29820,162060,227080,"[{""bid_quantity"":60,""ask_quantity"":40,""bid_orders"":2,""ask_orders"":2,""bid_price"":""292.40"",""ask_price"":""293.05""},{""bid_quantity"":100,""ask_quantity"":40,""bid_orders"":4,""ask_orders"":2,""bid_price"":""292.35"",""ask_price"":""293.10""},{""bid_quantity"":220,""ask_quantity"":20,""bid_orders"":3,""ask_orders"":1,""bid_price"":""292.25"",""ask_price"":""293.20""},{""bid_quantity"":120,""ask_quantity"":60,""bid_orders"":4,""ask_orders"":2,""bid_price"":""292.20"",""ask_price"":""293.25""},{""bid_quantity"":60,""ask_quantity"":20,""bid_orders"":1,""ask_orders"":1,""bid_price"":""292.15"",""ask_price"":""293.30""}]"
09:15:54.885,1790739954885446616,1457697439380803,Full Data,8,887306,522.50,20,09:15:54,,,547.99,132420,14800,45280,204460,"[{""bid_quantity"":60,""ask_quantity"":20,""bid_orders"":2,""ask_orders"":1,""bid_price"":""520.90"",""ask_price"":""522.30""},{""bid_quantity"":20,""ask_quantity"":40,""bid_orders"":1,""ask_orders"":1,""bid_price"":""520.85"",""ask_price"":""522.35""},{""bid_quantity"":80,""ask_quantity"":80,""bid_orders"":3,""ask_orders"":2,""bid_price"":""520.60"",""ask_price"":""522.45""},{""bid_quantity"":100,""ask_quantity"":20,""bid_orders"":1,""ask_orders"":1,""bid_price"":""520.20"",""ask_price"":""522.50""},{""bid_quantity"":160,""ask_quantity"":40,""bid_orders"":1,""ask_orders"":2,""bid_price"":""520.15"",""ask_price"":""522.60""}]"
09:15:54.940,1790739954940102769,1457697494037156,Full Data,8,887253,659.60,40,09:15:54,,,683.44,25080,8920,33340,68380,"[{""bid_quantity"":40,""ask_quantity"":40,""bid_orders"":1,""ask_orders"":2,""bid_price"":""662.85"",""ask_price"":""663.15""},{""bid_quantity"":40,""ask_quantity"":40,""bid_orders"":1,""ask_orders"":2,""bid_price"":""662.80"",""ask_price"":""664.75""},{""bid_quantity"":80,""ask_quantity"":40,""bid_orders"":2,""ask_orders"":2,""bid_price"":""662.70"",""ask_price"":""664.85""},{""bid_quantity"":60,""ask_quantity"":40,""bid_orders"":2,""ask_orders"":2,""bid_price"":""662.50"",""ask_price"":""665.20""},{""bid_quantity"":60,""ask_quantity"":240,""bid_orders"":2,""ask_orders"":1,""bid_price"":""662.45"",""ask_price"":""665.35""}]"
09:15:54.965,1790739954965575173,1457697519509280,Full Data,8,887080,459.30,100,09:15:54,,,480.87,301500,19180,108840,212920,"[{""bid_quantity"":60,""ask_quantity"":20,""bid_orders"":2,""ask_orders"":1,""bid_price"":""459.20"",""ask_price"":""459.95""},{""bid_quantity"":320,""ask_quantity"":40,""bid_orders"":3,""ask_orders"":1,""bid_price"":""458.90"",""ask_price"":""460.05""},{""bid_quantity"":580,""ask_quantity"":40,""bid_orders"":5,""ask_orders"":2,""bid_price"":""458.85"",""ask_price"":""460.10""},{""bid_quantity"":220,""ask_quantity"":160,""bid_orders"":3,""ask_orders"":2,""bid_price"":""458.80"",""ask_price"":""461.15""},{""bid_quantity"":80,""ask_quantity"":180,""bid_orders"":3,""ask_orders"":1,""bid_price"":""458.75"",""ask_price"":""461.25""}]"
09:15:55.006,1790739955006250396,1457697560184663,Full Data,8,886620,214.30,40,09:15:54,,,202.69,635420,58600,86140,619000,"[{""bid_quantity"":20,""ask_quantity"":20,""bid_orders"":1,""ask_orders"":1,""bid_price"":""214.25"",""ask_price"":""214.70""},{""bid_quantity"":20,""ask_quantity"":80,""bid_orders"":1,""ask_orders"":3,""bid_price"":""214.20"",""ask_price"":""214.75""},{""bid_quantity"":40,""ask_quantity"":20,""bid_orders"":1,""ask_orders"":1,""bid_price"":""214.15"",""ask_price"":""214.80""},{""bid_quantity"":80,""ask_quantity"":140,""bid_orders"":2,""ask_orders"":3,""bid_price"":""214.10"",""ask_price"":""214.90""},{""bid_quantity"":20,""ask_quantity"":120,""bid_orders"":1,""ask_orders"":2,""bid_price"":""214.00"",""ask_price"":""215.00""}]"
09:15:55.086,1790739955086921518,1457697640855705,Full Data,8,887080,462.65,20,09:15:55,,,480.83,302040,18740,109300,212920,"[{""bid_quantity"":20,""ask_quantity"":60,""bid_orders"":1,""ask_orders"":2,""bid_price"":""462.60"",""ask_price"":""464.15""},{""bid_quantity"":40,""ask_quantity"":200,""bid_orders"":2,""ask_orders"":2,""bid_price"":""462.55"",""ask_price"":""464.25""},{""bid_quantity"":60,""ask_quantity"":160,""bid_orders"":2,""ask_orders"":1,""bid_price"":""462.50"",""ask_price"":""464.30""},{""bid_quantity"":80,""ask_quantity"":60,""bid_orders"":3,""ask_orders"":2,""bid_price"":""462.40"",""ask_price"":""464.35""},{""bid_quantity"":100,""ask_quantity"":40,""bid_orders"":1,""ask_orders"":2,""bid_price"":""462.25"",""ask_price"":""464.40""}]"
09:15:55.097,1790739955097588586,1457697651522653,Full Data,8,887279,248.20,140,09:15:55,,,236.21,1042580,50140,109100,563560,"[{""bid_quantity"":60,""ask_quantity"":120,""bid_orders"":1,""ask_orders"":2,""bid_price"":""247.75"",""ask_price"":""248.40""},{""bid_quantity"":120,""ask_quantity"":20,""bid_orders"":2,""ask_orders"":1,""bid_price"":""247.70"",""ask_price"":""248.45""},{""bid_quantity"":60,""ask_quantity"":20,""bid_orders"":2,""ask_orders"":1,""bid_price"":""247.65"",""ask_price"":""248.50""},{""bid_quantity"":40,""ask_quantity"":20,""bid_orders"":1,""ask_orders"":1,""bid_price"":""247.60"",""ask_price"":""248.55""},{""bid_quantity"":80,""ask_quantity"":40,""bid_orders"":2,""ask_orders"":2,""bid_price"":""247.55"",""ask_price"":""248.65""}]"
09:15:55.169,1790739955169095729,1457697723029676,Full Data,8,887216,181.00,300,09:15:55,,,171.76,544860,51660,82180,604640,"[{""bid_quantity"":160,""ask_quantity"":60,""bid_orders"":2,""ask_orders"":2,""bid_price"":""180.00"",""ask_price"":""180.50""},{""bid_quantity"":120,""ask_quantity"":100,""bid_orders"":2,""ask_orders"":3,""bid_price"":""179.55"",""ask_price"":""180.55""},{""bid_quantity"":80,""ask_quantity"":100,""bid_orders"":1,""ask_orders"":3,""bid_price"":""179.45"",""ask_price"":""180.60""},{""bid_quantity"":220,""ask_quantity"":40,""bid_orders"":3,""ask_orders"":1,""bid_price"":""179.40"",""ask_price"":""180.65""},{""bid_quantity"":220,""ask_quantity"":40,""bid_orders"":2,""ask_orders"":1,""bid_price"":""179.20"",""ask_price"":""180.70""}]"
09:15:55.212,1790739955212132887,1457697766067194,Full Data,8,887135,348.60,20,09:15:55,,,362.15,642680,27540,104220,307120,"[{""bid_quantity"":180,""ask_quantity"":20,""bid_orders"":2,""ask_orders"":1,""bid_price"":""348.90"",""ask_price"":""349.45""},{""bid_quantity"":40,""ask_quantity"":40,""bid_orders"":1,""ask_orders"":2,""bid_price"":""348.85"",""ask_price"":""349.80""},{""bid_quantity"":220,""ask_quantity"":40,""bid_orders"":3,""ask_orders"":2,""bid_price"":""348.80"",""ask_price"":""349.95""},{""bid_quantity"":120,""ask_quantity"":280,""bid_orders"":4,""ask_orders"":3,""bid_price"":""348.75"",""ask_price"":""350.00""},{""bid_quantity"":60,""ask_quantity"":120,""bid_orders"":2,""ask_orders"":2,""bid_price"":""348.65"",""ask_price"":""350.40""}]"
09:15:55.229,1790739955229449279,1457697783383146,Full Data,8,887135,348.60,20,09:15:55,,,362.15,642680,28860,103040,307120,"[{""bid_quantity"":40,""ask_quantity"":20,""bid_orders"":1,""ask_orders"":1,""bid_price"":""346.15"",""ask_price"":""347.10""},{""bid_quantity"":40,""ask_quantity"":20,""bid_orders"":1,""ask_orders"":1,""bid_price"":""346.10"",""ask_price"":""347.15""},{""bid_quantity"":160,""ask_quantity"":200,""bid_orders"":1,""ask_orders"":1,""bid_price"":""345.95"",""ask_price"":""347.20""},{""bid_quantity"":20,""ask_quantity"":40,""bid_orders"":1,""ask_orders"":2,""bid_price"":""345.90"",""ask_price"":""347.25""},{""bid_quantity"":160,""ask_quantity"":20,""bid_orders"":1,""ask_orders"":1,""bid_price"":""345.85"",""ask_price"":""347.30""}]"
09:15:55.275,1790739955275372055,1457697829305962,Full Data,8,886659,598.00,20,09:15:55,,,617.52,62920,14200,29020,139920,"[{""bid_quantity"":60,""ask_quantity"":60,""bid_orders"":2,""ask_orders"":2,""bid_price"":""594.35"",""ask_price"":""596.40""},{""bid_quantity"":20,""ask_quantity"":100,""bid_orders"":1,""ask_orders"":1,""bid_price"":""594.30"",""ask_price"":""596.45""},{""bid_quantity"":80,""ask_quantity"":60,""bid_orders"":2,""ask_orders"":2,""bid_price"":""594.15"",""ask_price"":""596.55""},{""bid_quantity"":40,""ask_quantity"":100,""bid_orders"":1,""ask_orders"":2,""bid_price"":""594.05"",""ask_price"":""596.65""},{""bid_quantity"":20,""ask_quantity"":20,""bid_orders"":1,""ask_orders"":1,""bid_price"":""594.00"",""ask_price"":""596.70""}]"
09:15:55.292,1790739955292170964,1457697846104791,Full Data,8,886659,598.00,20,09:15:55,,,617.52,62920,12960,29000,139920,"[{""bid_quantity"":140,""ask_quantity"":20,""bid_orders"":4,""ask_orders"":1,""bid_price"":""594.95"",""ask_price"":""596.55""},{""bid_quantity"":80,""ask_quantity"":20,""bid_orders"":4,""ask_orders"":1,""bid_price"":""594.90"",""ask_price"":""596.70""},{""bid_quantity"":100,""ask_quantity"":40,""bid_orders"":3,""ask_orders"":2,""bid_price"":""594.85"",""ask_price"":""597.75""},{""bid_quantity"":220,""ask_quantity"":140,""bid_orders"":4,""ask_orders"":3,""bid_price"":""594.80"",""ask_price"":""597.80""},{""bid_quantity"":120,""ask_quantity"":20,""bid_orders"":2,""ask_orders"":1,""bid_price"":""594.75"",""ask_price"":""597.95""}]"
09:15:55.332,1790739955332905947,1457697886840414,Ticker Data,0,51,72476.59,,09:15:55,,,,,,,,
09:15:55.357,1790739955357026983,1457697910961010,Full Data,8,887355,329.60,20,09:15:55,,,321.55,674740,30060,91040,308440,"[{""bid_quantity"":20,""ask_quantity"":40,""bid_orders"":1,""ask_orders"":2,""bid_price"":""329.15"",""ask_price"":""329.60""},{""bid_quantity"":80,""ask_quantity"":40,""bid_orders"":1,""ask_orders"":2,""bid_price"":""329.00"",""ask_price"":""329.65""},{""bid_quantity"":160,""ask_quantity"":100,""bid_orders"":1,""ask_orders"":4,""bid_price"":""328.05"",""ask_price"":""329.70""},{""bid_quantity"":180,""ask_quantity"":280,""bid_orders"":2,""ask_orders"":3,""bid_price"":""328.00"",""ask_price"":""329.75""},{""bid_quantity"":580,""ask_quantity"":100,""bid_orders"":3,""ask_orders"":2,""bid_price"":""327.95"",""ask_price"":""329.80""}]"
09:15:55.496,1790739955496237562,1457698050171709,Full Data,8,886461,400.85,20,09:15:55,,,419.71,777020,35900,173820,738980,"[{""bid_quantity"":1060,""ask_quantity"":40,""bid_orders"":4,""ask_orders"":2,""bid_price"":""400.00"",""ask_price"":""400.80""},{""bid_quantity"":20,""ask_quantity"":40,""bid_orders"":1,""ask_orders"":1,""bid_price"":""399.55"",""ask_price"":""400.90""},{""bid_quantity"":20,""ask_quantity"":20,""bid_orders"":1,""ask_orders"":1,""bid_price"":""399.35"",""ask_price"":""400.95""},{""bid_quantity"":160,""ask_quantity"":160,""bid_orders"":1,""ask_orders"":1,""bid_price"":""399.05"",""ask_price"":""401.10""},{""bid_quantity"":200,""ask_quantity"":80,""bid_orders"":2,""ask_orders"":2,""bid_price"":""399.00"",""ask_price"":""401.15""}]"
09:15:55.538,1790739955539010599,1457698092944986,Full Data,8,886461,401.00,20,09:15:55,,,419.71,777120,35960,174380,738980,"[{""bid_quantity"":1080,""ask_quantity"":80,""bid_orders"":5,""ask_orders"":2,""bid_price"":""400.00"",""ask_price"":""400.95""},{""bid_quantity"":140,""ask_quantity"":140,""bid_orders"":2,""ask_orders"":2,""bid_price"":""399.65"",""ask_price"":""401.00""},{""bid_quantity"":60,""ask_quantity"":20,""bid_orders"":2,""ask_orders"":1,""bid_price"":""399.60"",""ask_price"":""401.05""},{""bid_quantity"":40,""ask_quantity"":40,""bid_orders"":1,""ask_orders"":2,""bid_price"":""399.50"",""ask_price"":""401.10""},{""bid_quantity"":60,""ask_quantity"":60,""bid_orders"":2,""ask_orders"":3,""bid_price"":""399.45"",""ask_price"":""401.15""}]"
09:15:55.574,1790739955574089146,1457698128023253,Full Data,8,887100,380.20,20,09:15:55,,,365.21,400560,22760,66000,254140,"[{""bid_quantity"":20,""ask_quantity"":40,""bid_orders"":1,""ask_orders"":2,""bid_price"":""379.40"",""ask_price"":""380.35""},{""bid_quantity"":220,""ask_quantity"":60,""bid_orders"":4,""ask_orders"":2,""bid_price"":""379.35"",""ask_price"":""380.60""},{""bid_quantity"":40,""ask_quantity"":20,""bid_orders"":1,""ask_orders"":1,""bid_price"":""379.25"",""ask_price"":""380.95""},{""bid_quantity"":380,""ask_quantity"":100,""bid_orders"":3,""ask_orders"":2,""bid_price"":""379.20"",""ask_price"":""381.00""},{""bid_quantity"":80,""ask_quantity"":20,""bid_orders"":2,""ask_orders"":1,""bid_price"":""379.10"",""ask_price"":""381.05""}]"
09:15:55.599,1790739955599868192,1457698153802379,Full Data,8,886540,152.05,20,09:15:55,,,144.87,431580,67440,66560,605280,"[{""bid_quantity"":40,""ask_quantity"":40,""bid_orders"":1,""ask_orders"":1,""bid_price"":""151.90"",""ask_price"":""152.25""},{""bid_quantity"":20,""ask_quantity"":120,""bid_orders"":1,""ask_orders"":6,""bid_price"":""151.80"",""ask_price"":""152.30""},{""bid_quantity"":40,""ask_quantity"":120,""bid_orders"":2,""ask_orders"":3,""bid_price"":""151.75"",""ask_price"":""152.35""},{""bid_quantity"":20,""ask_quantity"":20,""bid_orders"":1,""ask_orders"":1,""bid_price"":""151.70"",""ask_price"":""152.40""},{""bid_quantity"":20,""ask_quantity"":220,""bid_orders"":1,""ask_orders"":4,""bid_price"":""151.65"",""ask_price"":""152.45""}]"
09:15:55.624,1790739955624247230,1457698178181177,Full Data,8,887100,380.35,20,09:15:55,,,365.22,400800,23420,66400,254140,"[{""bid_quantity"":80,""ask_quantity"":140,""bid_orders"":4,""ask_orders"":3,""bid_price"":""380.00"",""ask_price"":""381.15""},{""bid_quantity"":60,""ask_quantity"":80,""bid_orders"":3,""ask_orders"":3,""bid_price"":""379.95"",""ask_price"":""381.20""},{""bid_quantity"":60,""ask_quantity"":140,""bid_orders"":3,""ask_orders"":3,""bid_price"":""379.90"",""ask_price"":""381.25""},{""bid_quantity"":80,""ask_quantity"":60,""bid_orders"":3,""ask_orders"":2,""bid_price"":""379.85"",""ask_price"":""381.30""},{""bid_quantity"":280,""ask_quantity"":80,""bid_orders"":3,""ask_orders"":3,""bid_price"":""379.80"",""ask_price"":""381.35""}]"
09:15:55.631,1790739955631427996,1457698185361903,Full Data,8,886540,152.70,60,09:15:55,,,144.88,431880,67660,67080,605280,"[{""bid_quantity"":100,""ask_quantity"":80,""bid_orders"":3,""ask_orders"":3,""bid_price"":""152.30"",""ask_price"":""152.70""},{""bid_quantity"":300,""ask_quantity"":100,""bid_orders"":7,""ask_orders"":3,""bid_price"":""151.95"",""ask_price"":""152.75""},{""bid_quantity"":360,""ask_quantity"":100,""bid_orders"":7,""ask_orders"":3,""bid_price"":""151.90"",""ask_price"":""152.80""},{""bid_quantity"":140,""ask_quantity"":100,""bid_orders"":3,""ask_orders"":3,""bid_price"":""151.85"",""ask_price"":""152.85""},{""bid_quantity"":60,""ask_quantity"":40,""bid_orders"":3,""ask_orders"":2,""bid_price"":""151.80"",""ask_price"":""152.90""}]"
09:15:55.690,1790739955690610018,1457698244543925,Full Data,8,886685,287.85,60,09:15:55,,,277.00,1305420,75440,167160,1113180,"[{""bid_quantity"":40,""ask_quantity"":160,""bid_orders"":2,""ask_orders"":1,""bid_price"":""286.60"",""ask_price"":""287.45""},{""bid_quantity"":60,""ask_quantity"":220,""bid_orders"":3,""ask_orders"":3,""bid_price"":""286.55"",""ask_price"":""287.55""},{""bid_quantity"":40,""ask_quantity"":40,""bid_orders"":1,""ask_orders"":2,""bid_price"":""286.50"",""ask_price"":""287.60""},{""bid_quantity"":40,""ask_quantity"":60,""bid_orders"":1,""ask_orders"":2,""bid_price"":""286.45"",""ask_price"":""287.65""},{""bid_quantity"":120,""ask_quantity"":20,""bid_orders"":2,""ask_orders"":1,""bid_price"":""286.40"",""ask_price"":""287.75""}]"
09:15:55.911,1790739955911929089,1457698465863356,Full Data,8,887306,527.70,20,09:15:55,,,547.85,133320,12880,45920,204460,"[{""bid_quantity"":80,""ask_quantity"":80,""bid_orders"":2,""ask_orders"":1,""bid_price"":""526.60"",""ask_price"":""527.75""},{""bid_quantity"":20,""ask_quantity"":100,""bid_orders"":1,""ask_orders"":1,""bid_price"":""526.55"",""ask_price"":""529.00""},{""bid_quantity"":20,""ask_quantity"":100,""bid_orders"":1,""ask_orders"":1,""bid_price"":""526.50"",""ask_price"":""529.20""},{""bid_quantity"":320,""ask_quantity"":240,""bid_orders"":4,""ask_orders"":1,""bid_price"":""526.45"",""ask_price"":""530.00""},{""bid_quantity"":60,""ask_quantity"":100,""bid_orders"":3,""ask_orders"":1,""bid_price"":""526.40"",""ask_price"":""530.60""}]"
09:15:55.914,1790739955914796147,1457698468730014,Full Data,8,886528,297.95,80,09:15:55,,,311.74,613340,37080,163200,227080,"[{""bid_quantity"":20,""ask_quantity"":180,""bid_orders"":1,""ask_orders"":1,""bid_price"":""296.65"",""ask_price"":""297.55""},{""bid_quantity"":180,""ask_quantity"":80,""bid_orders"":2,""ask_orders"":2,""bid_price"":""296.55"",""ask_price"":""297.60""},{""bid_quantity"":40,""ask_quantity"":100,""bid_orders"":2,""ask_orders"":5,""bid_price"":""296.50"",""ask_price"":""297.65""},{""bid_quantity"":100,""ask_quantity"":20,""bid_orders"":3,""ask_orders"":1,""bid_price"":""296.45"",""ask_price"":""297.70""},{""bid_quantity"":180,""ask_quantity"":120,""bid_orders"":2,""ask_orders"":3,""bid_price"":""296.40"",""ask_price"":""297.75""}]"
09:15:55.951,1790739955951375944,1457698505310171,Full Data,8,887253,667.65,20,09:15:55,,,683.31,25260,9980,33340,68380,"[{""bid_quantity"":80,""ask_quantity"":40,""bid_orders"":2,""ask_orders"":2,""bid_price"":""669.60"",""ask_price"":""671.40""},{""bid_quantity"":60,""ask_quantity"":40,""bid_orders"":2,""ask_orders"":2,""bid_price"":""669.50"",""ask_price"":""671.50""},{""bid_quantity"":100,""ask_quantity"":280,""bid_orders"":3,""ask_orders"":3,""bid_price"":""669.45"",""ask_price"":""671.55""},{""bid_quantity"":60,""ask_quantity"":100,""bid_orders"":2,""ask_orders"":2,""bid_price"":""669.40"",""ask_price"":""671.65""},{""bid_quantity"":100,""ask_quantity"":40,""bid_orders"":3,""ask_orders"":2,""bid_price"":""669.35"",""ask_price"":""671.85""}]"
09:15:55.979,1790739955979740887,1457698533674914,Full Data,8,887306,527.75,80,09:15:55,,,547.84,133400,13080,46420,204460,"[{""bid_quantity"":40,""ask_quantity"":40,""bid_orders"":1,""ask_orders"":2,""bid_price"":""528.90"",""ask_price"":""530.45""},{""bid_quantity"":160,""ask_quantity"":100,""bid_orders"":4,""ask_orders"":2,""bid_price"":""528.85"",""ask_price"":""530.55""},{""bid_quantity"":60,""ask_quantity"":20,""bid_orders"":2,""ask_orders"":1,""bid_price"":""528.80"",""ask_price"":""530.60""},{""bid_quantity"":120,""ask_quantity"":40,""bid_orders"":4,""ask_orders"":2,""bid_price"":""528.75"",""ask_price"":""530.90""},{""bid_quantity"":100,""ask_quantity"":100,""bid_orders"":3,""ask_orders"":2,""bid_price"":""528.70"",""ask_price"":""531.00""}]"
09:15:55.989,1790739955989495030,1457698543428857,Full Data,8,886528,297.40,120,09:15:55,,,311.68,616360,32520,162280,227080,"[{""bid_quantity"":20,""ask_quantity"":320,""bid_orders"":1,""ask_orders"":6,""bid_price"":""297.10"",""ask_price"":""297.90""},{""bid_quantity"":80,""ask_quantity"":100,""bid_orders"":2,""ask_orders"":5,""bid_price"":""296.95"",""ask_price"":""297.95""},{""bid_quantity"":140,""ask_quantity"":80,""bid_orders"":3,""ask_orders"":3,""bid_price"":""296.90"",""ask_price"":""298.00""},{""bid_quantity"":20,""ask_quantity"":80,""bid_orders"":1,""ask_orders"":4,""bid_price"":""296.80"",""ask_price"":""298.05""},{""bid_quantity"":20,""ask_quantity"":100,""bid_orders"":1,""ask_orders"":3,""bid_price"":""296.70"",""ask_price"":""298.10""}]"
09:15:56.022,1790739956022805685,1457698576739832,Full Data,8,886620,209.15,980,09:15:55,,,202.81,645560,59400,88060,619000,"[{""bid_quantity"":100,""ask_quantity"":20,""bid_orders"":3,""ask_orders"":1,""bid_price"":""209.35"",""ask_price"":""210.15""},{""bid_quantity"":240,""ask_quantity"":40,""bid_orders"":7,""ask_orders"":2,""bid_price"":""209.30"",""ask_price"":""210.20""},{""bid_quantity"":80,""ask_quantity"":100,""bid_orders"":2,""ask_orders"":1,""bid_price"":""209.25"",""ask_price"":""210.30""},{""bid_quantity"":120,""ask_quantity"":80,""bid_orders"":4,""ask_orders"":1,""bid_price"":""209.20"",""ask_price"":""210.35""},{""bid_quantity"":80,""ask_quantity"":60,""bid_orders"":4,""ask_orders"":1,""bid_price"":""209.15"",""ask_price"":""210.40""}]"
09:15:56.049,1790739956049899660,1457698603833727,Full Data,8,887253,667.65,20,09:15:55,,,683.31,25260,10340,31980,68380,"[{""bid_quantity"":180,""ask_quantity"":20,""bid_orders"":3,""ask_orders"":1,""bid_price"":""668.45"",""ask_price"":""672.25""},{""bid_quantity"":20,""ask_quantity"":80,""bid_orders"":1,""ask_orders"":2,""bid_price"":""668.35"",""ask_price"":""672.30""},{""bid_quantity"":20,""ask_quantity"":40,""bid_orders"":1,""ask_orders"":1,""bid_price"":""667.70"",""ask_price"":""672.35""},{""bid_quantity"":60,""ask_quantity"":80,""bid_orders"":1,""ask_orders"":2,""bid_price"":""667.05"",""ask_price"":""672.40""},{""bid_quantity"":60,""ask_quantity"":80,""bid_orders"":1,""ask_orders"":2,""bid_price"":""667.00"",""ask_price"":""672.50""}]"
09:15:56.084,1790739956084709605,1457698638644032,Full Data,8,886620,209.15,980,09:15:55,,,202.81,645560,60360,87900,619000,"[{""bid_quantity"":20,""ask_quantity"":120,""bid_orders"":1,""ask_orders"":2,""bid_price"":""210.20"",""ask_price"":""210.70""},{""bid_quantity"":20,""ask_quantity"":240,""bid_orders"":1,""ask_orders"":2,""bid_price"":""210.10"",""ask_price"":""210.75""},{""bid_quantity"":60,""ask_quantity"":280,""bid_orders"":1,""ask_orders"":3,""bid_price"":""210.05"",""ask_price"":""210.80""},{""bid_quantity"":40,""ask_quantity"":180,""bid_orders"":1,""ask_orders"":2,""bid_price"":""210.00"",""ask_price"":""210.85""},{""bid_quantity"":20,""ask_quantity"":140,""bid_orders"":1,""ask_orders"":2,""bid_price"":""209.90"",""ask_price"":""211.00""}]"
09:15:56.133,1790739956133157398,1457698687091625,Full Data,8,887080,464.60,20,09:15:56,,,480.63,305280,19820,108400,212920,"[{""bid_quantity"":240,""ask_quantity"":20,""bid_orders"":2,""ask_orders"":1,""bid_price"":""463.45"",""ask_price"":""464.40""},{""bid_quantity"":40,""ask_quantity"":40,""bid_orders"":1,""ask_orders"":2,""bid_price"":""463.40"",""ask_price"":""464.45""},{""bid_quantity"":80,""ask_quantity"":60,""bid_orders"":1,""ask_orders"":2,""bid_price"":""463.35"",""ask_price"":""464.65""},{""bid_quantity"":80,""ask_quantity"":40,""bid_orders"":2,""ask_orders"":2,""bid_price"":""463.30"",""ask_price"":""465.00""},{""bid_quantity"":60,""ask_quantity"":20,""bid_orders"":2,""ask_orders"":1,""bid_price"":""463.15"",""ask_price"":""465.20""}]"
09:15:56.154,1790739956154040173,1457698707974320,Full Data,8,887279,245.50,80,09:15:56,,,236.30,1052620,50380,108060,563560,"[{""bid_quantity"":100,""ask_quantity"":80,""bid_orders"":2,""ask_orders"":4,""bid_price"":""243.90"",""ask_price"":""244.65""},{""bid_quantity"":140,""ask_quantity"":40,""bid_orders"":2,""ask_orders"":1,""bid_price"":""243.80"",""ask_price"":""244.70""},{""bid_quantity"":40,""ask_quantity"":80,""bid_orders"":2,""ask_orders"":1,""bid_price"":""243.75"",""ask_price"":""244.80""},{""bid_quantity"":40,""ask_quantity"":40,""bid_orders"":1,""ask_orders"":2,""bid_price"":""243.70"",""ask_price"":""244.85""},{""bid_quantity"":160,""ask_quantity"":100,""bid_orders"":3,""ask_orders"":1,""bid_price"":""243.65"",""ask_price"":""244.95""}]"
09:15:56.173,1790739956173833141,1457698727767008,Full Data,8,887080,466.90,20,09:15:56,,,480.62,305420,19040,109240,212920,"[{""bid_quantity"":160,""ask_quantity"":20,""bid_orders"":1,""ask_orders"":1,""bid_price"":""466.75"",""ask_price"":""467.80""},{""bid_quantity"":40,""ask_quantity"":20,""bid_orders"":1,""ask_orders"":1,""bid_price"":""466.70"",""ask_price"":""468.05""},{""bid_quantity"":40,""ask_quantity"":160,""bid_orders"":2,""ask_orders"":2,""bid_price"":""466.65"",""ask_price"":""469.05""},{""bid_quantity"":100,""ask_quantity"":580,""bid_orders"":3,""ask_orders"":1,""bid_price"":""466.60"",""ask_price"":""469.10""},{""bid_quantity"":40,""ask_quantity"":180,""bid_orders"":1,""ask_orders"":1,""bid_price"":""466.55"",""ask_price"":""469.25""}]"
09:15:56.226,1790739956226676882,1457698780610829,Full Data,8,887216,176.60,20,09:15:56,,,171.98,559860,50100,81740,604640,"[{""bid_quantity"":80,""ask_quantity"":20,""bid_orders"":1,""ask_orders"":1,""bid_price"":""177.00"",""ask_price"":""177.40""},{""bid_quantity"":80,""ask_quantity"":40,""bid_orders"":1,""ask_orders"":1,""bid_price"":""176.95"",""ask_price"":""177.55""},{""bid_quantity"":140,""ask_quantity"":60,""bid_orders"":4,""ask_orders"":2,""bid_price"":""176.90"",""ask_price"":""177.75""},{""bid_quantity"":80,""ask_quantity"":40,""bid_orders"":2,""ask_orders"":1,""bid_price"":""176.85"",""ask_price"":""177.80""},{""bid_quantity"":40,""ask_quantity"":40,""bid_orders"":2,""ask_orders"":1,""bid_price"":""176.80"",""ask_price"":""177.90""}]"
09:15:56.273,1790739956273029302,1457698826963529,Full Data,8,887216,178.75,180,09:15:56,,,171.99,560740,51980,81900,604640,"[{""bid_quantity"":100,""ask_quantity"":60,""bid_orders"":1,""ask_orders"":2,""bid_price"":""177.60"",""ask_price"":""178.45""},{""bid_quantity"":40,""ask_quantity"":180,""bid_orders"":1,""ask_orders"":4,""bid_price"":""177.50"",""ask_price"":""178.50""},{""bid_quantity"":100,""ask_quantity"":40,""bid_orders"":1,""ask_orders"":1,""bid_price"":""177.45"",""ask_price"":""178.55""},{""bid_quantity"":40,""ask_quantity"":40,""bid_orders"":1,""ask_orders"":1,""bid_price"":""177.40"",""ask_price"":""178.60""},{""bid_quantity"":80,""ask_quantity"":60,""bid_orders"":1,""ask_orders"":2,""bid_price"":""177.35"",""ask_price"":""178.65""}]"
09:15:56.273,1790739956273173783,1457698827107450,Full Data,8,887135,348.45,80,09:15:56,,,361.99,649660,27580,104120,307120,"[{""bid_quantity"":80,""ask_quantity"":60,""bid_orders"":2,""ask_orders"":1,""bid_price"":""348.40"",""ask_price"":""349.45""},{""bid_quantity"":100,""ask_quantity"":60,""bid_orders"":1,""ask_orders"":1,""bid_price"":""348.35"",""ask_price"":""349.50""},{""bid_quantity"":200,""ask_quantity"":60,""bid_orders"":3,""ask_orders"":1,""bid_price"":""348.30"",""ask_price"":""349.60""},{""bid_quantity"":20,""ask_quantity"":80,""bid_orders"":1,""ask_orders"":2,""bid_price"":""348.25"",""ask_price"":""349.70""},{""bid_quantity"":200,""ask_quantity"":160,""bid_orders"":2,""ask_orders"":2,""bid_price"":""348.15"",""ask_price"":""349.80""}]"
09:15:56.293,1790739956293088232,1457698847022179,Full Data,8,887135,348.65,20,09:15:56,,,361.96,651060,28700,103960,307120,"[{""bid_quantity"":120,""ask_quantity"":160,""bid_orders"":2,""ask_orders"":1,""bid_price"":""348.60"",""ask_price"":""349.30""},{""bid_quantity"":80,""ask_quantity"":180,""bid_orders"":3,""ask_orders"":2,""bid_price"":""348.40"",""ask_price"":""349.35""},{""bid_quantity"":140,""ask_quantity"":20,""bid_orders"":5,""ask_orders"":1,""bid_price"":""348.25"",""ask_price"":""349.40""},{""bid_quantity"":100,""ask_quantity"":40,""bid_orders"":2,""ask_orders"":2,""bid_price"":""348.00"",""ask_price"":""349.45""},{""bid_quantity"":80,""ask_quantity"":40,""bid_orders"":3,""ask_orders"":2,""bid_price"":""347.95"",""ask_price"":""349.50""}]"
09:15:56.324,1790739956324961797,1457698878895784,Full Data,8,886659,600.65,20,09:15:56,,,617.47,63060,13840,28820,139920,"[{""bid_quantity"":40,""ask_quantity"":20,""bid_orders"":1,""ask_orders"":1,""bid_price"":""598.90"",""ask_price"":""600.35""},{""bid_quantity"":60,""ask_quantity"":20,""bid_orders"":2,""ask_orders"":1,""bid_price"":""598.85"",""ask_price"":""600.40""},{""bid_quantity"":100,""ask_quantity"":20,""bid_orders"":3,""ask_orders"":1,""bid_price"":""598.80"",""ask_price"":""600.45""},{""bid_quantity"":60,""ask_quantity"":80,""bid_orders"":2,""ask_orders"":2,""bid_price"":""598.75"",""ask_price"":""600.50""},{""bid_quantity"":60,""ask_quantity"":40,""bid_orders"":2,""ask_orders"":2,""bid_price"":""598.70"",""ask_price"":""600.60""}]"
09:15:56.341,1790739956341274343,1457698895208330,Ticker Data,0,51,72478.33,,09:15:56,,,,,,,,
09:15:56.388,1790739956388448808,1457698942383035,Full Data,8,887355,326.70,40,09:15:56,,,321.77,693920,29680,92500,308440,"[{""bid_quantity"":20,""ask_quantity"":60,""bid_orders"":1,""ask_orders"":2,""bid_price"":""326.65"",""ask_price"":""327.50""},{""bid_quantity"":40,""ask_quantity"":20,""bid_orders"":2,""ask_orders"":1,""bid_price"":""326.60"",""ask_price"":""327.55""},{""bid_quantity"":20,""ask_quantity"":260,""bid_orders"":1,""ask_orders"":4,""bid_price"":""326.55"",""ask_price"":""327.60""},{""bid_quantity"":40,""ask_quantity"":300,""bid_orders"":2,""ask_orders"":6,""bid_price"":""326.50"",""ask_price"":""327.65""},{""bid_quantity"":100,""ask_quantity"":80,""bid_orders"":2,""ask_orders"":3,""bid_price"":""326.45"",""ask_price"":""327.70""}]"
09:15:56.425,1790739956425282446,1457698979216433,Full Data,8,886659,600.30,20,09:15:56,,,617.47,63080,12940,29240,139920,"[{""bid_quantity"":140,""ask_quantity"":60,""bid_orders"":4,""ask_orders"":3,""bid_price"":""601.20"",""ask_price"":""603.30""},{""bid_quantity"":40,""ask_quantity"":40,""bid_orders"":1,""ask_orders"":2,""bid_price"":""601.15"",""ask_price"":""603.55""},{""bid_quantity"":20,""ask_quantity"":40,""bid_orders"":1,""ask_orders"":2,""bid_price"":""601.10"",""ask_price"":""603.75""},{""bid_quantity"":60,""ask_quantity"":40,""bid_orders"":2,""ask_orders"":2,""bid_price"":""601.05"",""ask_price"":""603.80""},{""bid_quantity"":20,""ask_quantity"":40,""bid_orders"":1,""ask_orders"":1,""bid_price"":""600.95"",""ask_price"":""604.80""}]"
09:15:56.559,1790739956559352352,1457699113286459,Full Data,8,886461,406.35,40,09:15:56,,,419.58,783600,35580,175400,738980,"[{""bid_quantity"":160,""ask_quantity"":40,""bid_orders"":1,""ask_orders"":2,""bid_price"":""405.45"",""ask_price"":""406.40""},{""bid_quantity"":200,""ask_quantity"":60,""bid_orders"":2,""ask_orders"":2,""bid_price"":""405.35"",""ask_price"":""406.55""},{""bid_quantity"":60,""ask_quantity"":40,""bid_orders"":2,""ask_orders"":2,""bid_price"":""405.30"",""ask_price"":""406.75""},{""bid_quantity"":20,""ask_quantity"":380,""bid_orders"":1,""ask_orders"":5,""bid_price"":""405.25"",""ask_price"":""406.80""},{""bid_quantity"":60,""ask_quantity"":60,""bid_orders"":2,""ask_orders"":1,""bid_price"":""405.20"",""ask_price"":""406.85""}]"
09:15:56.595,1790739956595932628,1457699149866735,Full Data,8,886461,404.80,100,09:15:56,,,419.56,784440,36540,174260,738980,"[{""bid_quantity"":60,""ask_quantity"":80,""bid_orders"":1,""ask_orders"":2,""bid_price"":""403.20"",""ask_price"":""404.10""},{""bid_quantity"":60,""ask_quantity"":80,""bid_orders"":2,""ask_orders"":1,""bid_price"":""403.05"",""ask_price"":""404.15""},{""bid_quantity"":60,""ask_quantity"":40,""bid_orders"":2,""ask_orders"":2,""bid_price"":""402.65"",""ask_price"":""404.20""},{""bid_quantity"":100,""ask_quantity"":20,""bid_orders"":3,""ask_orders"":1,""bid_price"":""402.60"",""ask_price"":""404.25""},{""bid_quantity"":540,""ask_quantity"":40,""bid_orders"":2,""ask_orders"":2,""bid_price"":""402.50"",""ask_price"":""404.30""}]"
09:15:56.629,1790739956629765367,1457699183699434,Full Data,8,887100,379.90,20,09:15:56,,,365.37,405960,22800,65520,254140,"[{""bid_quantity"":20,""ask_quantity"":20,""bid_orders"":1,""ask_orders"":1,""bid_price"":""379.50"",""ask_price"":""380.00""},{""bid_quantity"":60,""ask_quantity"":60,""bid_orders"":3,""ask_orders"":2,""bid_price"":""379.45"",""ask_price"":""380.30""},{""bid_quantity"":100,""ask_quantity"":60,""bid_orders"":5,""ask_orders"":2,""bid_price"":""379.40"",""ask_price"":""380.45""},{""bid_quantity"":40,""ask_quantity"":160,""bid_orders"":2,""ask_orders"":2,""bid_price"":""379.35"",""ask_price"":""381.20""},{""bid_quantity"":60,""ask_quantity"":160,""bid_orders"":3,""ask_orders"":1,""bid_price"":""379.25"",""ask_price"":""381.30""}]"
09:15:56.663,1790739956663579626,1457699217513733,Full Data,8,886540,152.00,20,09:15:56,,,144.96,438900,68500,66780,605280,"[{""bid_quantity"":60,""ask_quantity"":140,""bid_orders"":2,""ask_orders"":3,""bid_price"":""152.15"",""ask_price"":""152.65""},{""bid_quantity"":40,""ask_quantity"":60,""bid_orders"":2,""ask_orders"":2,""bid_price"":""152.10"",""ask_price"":""152.75""},{""bid_quantity"":60,""ask_quantity"":60,""bid_orders"":2,""ask_orders"":2,""bid_price"":""152.00"",""ask_price"":""152.80""},{""bid_quantity"":80,""ask_quantity"":60,""bid_orders"":3,""ask_orders"":2,""bid_price"":""151.95"",""ask_price"":""152.85""},{""bid_quantity"":100,""ask_quantity"":60,""bid_orders"":2,""ask_orders"":1,""bid_price"":""151.90"",""ask_price"":""152.90""}]"
09:15:56.729,1790739956729339890,1457699283274117,Full Data,8,886685,286.05,120,09:15:56,,,277.08,1320120,78720,167240,1113180,"[{""bid_quantity"":60,""ask_quantity"":160,""bid_orders"":1,""ask_orders"":1,""bid_price"":""284.80"",""ask_price"":""286.10""},{""bid_quantity"":40,""ask_quantity"":160,""bid_orders"":2,""ask_orders"":4,""bid_price"":""284.75"",""ask_price"":""286.15""},{""bid_quantity"":100,""ask_quantity"":440,""bid_orders"":1,""ask_orders"":6,""bid_price"":""284.60"",""ask_price"":""286.20""},{""bid_quantity"":200,""ask_quantity"":240,""bid_orders"":2,""ask_orders"":2,""bid_price"":""284.55"",""ask_price"":""286.25""},{""bid_quantity"":100,""ask_quantity"":180,""bid_orders"":1,""ask_orders"":2,""bid_price"":""284.50"",""ask_price"":""286.35""}]"
09:15:56.731,1790739956731290943,1457699285225050,Full Data,8,887100,379.40,20,09:15:56,,,365.37,405980,25640,63500,254140,"[{""bid_quantity"":20,""ask_quantity"":140,""bid_orders"":1,""ask_orders"":1,""bid_price"":""377.45"",""ask_price"":""378.50""},{""bid_quantity"":40,""ask_quantity"":80,""bid_orders"":2,""ask_orders"":1,""bid_price"":""377.10"",""ask_price"":""378.55""},{""bid_quantity"":100,""ask_quantity"":120,""bid_orders"":1,""ask_orders"":1,""bid_price"":""377.00"",""ask_price"":""378.60""},{""bid_quantity"":220,""ask_quantity"":180,""bid_orders"":2,""ask_orders"":3,""bid_price"":""376.80"",""ask_price"":""378.65""},{""bid_quantity"":100,""ask_quantity"":200,""bid_orders"":1,""ask_orders"":1,""bid_price"":""376.55"",""ask_price"":""378.70""}]"
09:15:56.738,1790739956738950473,1457699292884340,Full Data,8,886540,151.90,20,09:15:56,,,144.96,438980,69460,65640,605280,"[{""bid_quantity"":20,""ask_quantity"":80,""bid_orders"":1,""ask_orders"":1,""bid_price"":""151.10"",""ask_price"":""151.50""},{""bid_quantity"":60,""ask_quantity"":60,""bid_orders"":1,""ask_orders"":2,""bid_price"":""150.85"",""ask_price"":""151.55""},{""bid_quantity"":120,""ask_quantity"":100,""bid_orders"":4,""ask_orders"":2,""bid_price"":""150.75"",""ask_price"":""151.60""},{""bid_quantity"":20,""ask_quantity"":80,""bid_orders"":1,""ask_orders"":2,""bid_price"":""150.70"",""ask_price"":""151.65""},{""bid_quantity"":140,""ask_quantity"":80,""bid_orders"":3,""ask_orders"":2,""bid_price"":""150.60"",""ask_price"":""151.70""}]"
09:15:56.956,1790739956956711320,1457699510645947,Full Data,8,887306,531.00,20,09:15:56,,,547.73,134200,13460,46000,204460,"[{""bid_quantity"":100,""ask_quantity"":60,""bid_orders"":4,""ask_orders"":2,""bid_price"":""529.20"",""ask_price"":""530.90""},{""bid_quantity"":40,""ask_quantity"":80,""bid_orders"":1,""ask_orders"":2,""bid_price"":""529.15"",""ask_price"":""530.95""},{""bid_quantity"":60,""ask_quantity"":60,""bid_orders"":2,""ask_orders"":1,""bid_price"":""529.10"",""ask_price"":""531.05""},{""bid_quantity"":120,""ask_quantity"":100,""bid_orders"":2,""ask_orders"":3,""bid_price"":""528.95"",""ask_price"":""531.15""},{""bid_quantity"":80,""ask_quantity"":40,""bid_orders"":3,""ask_orders"":1,""bid_price"":""528.90"",""ask_price"":""531.20""}]"
09:15:56.986,1790739956986324991,1457699540259418,Full Data,8,887306,530.95,20,09:15:56,,,547.73,134220,14480,46060,204460,"[{""bid_quantity"":80,""ask_quantity"":20,""bid_orders"":3,""ask_orders"":1,""bid_price"":""529.50"",""ask_price"":""530.95""},{""bid_quantity"":40,""ask_quantity"":20,""bid_orders"":2,""ask_orders"":1,""bid_price"":""529.45"",""ask_price"":""531.15""},{""bid_quantity"":140,""ask_quantity"":20,""bid_orders"":4,""ask_orders"":1,""bid_price"":""529.40"",""ask_price"":""531.40""},{""bid_quantity"":40,""ask_quantity"":80,""bid_orders"":2,""ask_orders"":4,""bid_price"":""529.35"",""ask_price"":""531.45""},{""bid_quantity"":80,""ask_quantity"":100,""bid_orders"":1,""ask_orders"":1,""bid_price"":""529.30"",""ask_price"":""531.60""}]"
09:15:56.996,1790739956996250255,1457699550184522,Full Data,8,886528,298.20,20,09:15:56,,,311.58,620580,30620,160480,227080,"[{""bid_quantity"":60,""ask_quantity"":20,""bid_orders"":2,""ask_orders"":1,""bid_price"":""297.15"",""ask_price"":""297.75""},{""bid_quantity"":180,""ask_quantity"":20,""bid_orders"":2,""ask_orders"":1,""bid_price"":""297.10"",""ask_price"":""297.85""},{""bid_quantity"":60,""ask_quantity"":140,""bid_orders"":2,""ask_orders"":1,""bid_price"":""297.05"",""ask_price"":""297.95""},{""bid_quantity"":160,""ask_quantity"":20,""bid_orders"":1,""ask_orders"":1,""bid_price"":""297.00"",""ask_price"":""298.00""},{""bid_quantity"":80,""ask_quantity"":40,""bid_orders"":3,""ask_orders"":1,""bid_price"":""296.95"",""ask_price"":""298.05""}]"
09:15:57.062,1790739957062905046,1457699616839353,Full Data,8,886620,210.20,20,09:15:57,,,202.87,651740,60180,84400,619000,"[{""bid_quantity"":40,""ask_quantity"":20,""bid_orders"":1,""ask_orders"":1,""bid_price"":""209.35"",""ask_price"":""210.00""},{""bid_quantity"":120,""ask_quantity"":100,""bid_orders"":6,""ask_orders"":3,""bid_price"":""209.30"",""ask_price"":""210.05""},{""bid_quantity"":80,""ask_quantity"":120,""bid_orders"":2,""ask_orders"":2,""bid_price"":""209.25"",""ask_price"":""210.15""},{""bid_quantity"":20,""ask_quantity"":60,""bid_orders"":1,""ask_orders"":1,""bid_price"":""209.20"",""ask_price"":""210.20""},{""bid_quantity"":20,""ask_quantity"":20,""bid_orders"":1,""ask_orders"":1,""bid_price"":""209.15"",""ask_price"":""210.25""}]"
09:15:57.088,1790739957088019408,1457699641953515,Full Data,8,886620,209.95,40,09:15:57,,,202.87,651780,60360,84460,619000,"[{""bid_quantity"":40,""ask_quantity"":160,""bid_orders"":2,""ask_orders"":4,""bid_price"":""209.40"",""ask_price"":""210.00""},{""bid_quantity"":40,""ask_quantity"":220,""bid_orders"":2,""ask_orders"":5,""bid_price"":""209.35"",""ask_price"":""210.05""},{""bid_quantity"":80,""ask_quantity"":200,""bid_orders"":4,""ask_orders"":4,""bid_price"":""209.30"",""ask_price"":""210.10""},{""bid_quantity"":40,""ask_quantity"":100,""bid_orders"":2,""ask_orders"":3,""bid_price"":""209.25"",""ask_price"":""210.15""},{""bid_quantity"":20,""ask_quantity"":20,""bid_orders"":1,""ask_orders"":1,""bid_price"":""209.20"",""ask_price"":""210.20""}]"
09:15:57.138,1790739957138337093,1457699692271120,Full Data,8,886528,296.20,20,09:15:57,,,311.58,620840,30660,159520,227080,"[{""bid_quantity"":100,""ask_quantity"":60,""bid_orders"":2,""ask_orders"":2,""bid_price"":""295.60"",""ask_price"":""296.50""},{""bid_quantity"":40,""ask_quantity"":220,""bid_orders"":2,""ask_orders"":3,""bid_price"":""295.55"",""ask_price"":""296.60""},{""bid_quantity"":80,""ask_quantity"":200,""bid_orders"":3,""ask_orders"":2,""bid_price"":""295.50"",""ask_price"":""296.65""},{""bid_quantity"":80,""ask_quantity"":20,""bid_orders"":3,""ask_orders"":1,""bid_price"":""295.45"",""ask_price"":""296.70""},{""bid_quantity"":40,""ask_quantity"":40,""bid_orders"":2,""ask_orders"":1,""bid_price"":""295.35"",""ask_price"":""296.75""}]"
09:15:57.148,1790739957148038636,1457699701972543,Full Data,8,887279,245.80,20,09:15:57,,,236.39,1064980,49740,107100,563560,"[{""bid_quantity"":120,""ask_quantity"":60,""bid_orders"":1,""ask_orders"":2,""bid_price"":""245.60"",""ask_price"":""246.45""},{""bid_quantity"":100,""ask_quantity"":140,""bid_orders"":1,""ask_orders"":3,""bid_price"":""245.55"",""ask_price"":""246.55""},{""bid_quantity"":80,""ask_quantity"":80,""bid_orders"":2,""ask_orders"":3,""bid_price"":""245.45"",""ask_price"":""246.65""},{""bid_quantity"":100,""ask_quantity"":240,""bid_orders"":1,""ask_orders"":5,""bid_price"":""245.40"",""ask_price"":""246.70""},{""bid_quantity"":20,""ask_quantity"":20,""bid_orders"":1,""ask_orders"":1,""bid_price"":""245.30"",""ask_price"":""246.80""}]"
09:15:57.197,1790739957197372075,1457699751306222,Full Data,8,887253,670.10,40,09:15:56,,,683.23,25420,10200,31500,68380,"[{""bid_quantity"":60,""ask_quantity"":320,""bid_orders"":2,""ask_orders"":7,""bid_price"":""667.40"",""ask_price"":""671.20""},{""bid_quantity"":20,""ask_quantity"":60,""bid_orders"":1,""ask_orders"":2,""bid_price"":""667.35"",""ask_price"":""671.25""},{""bid_quantity"":60,""ask_quantity"":140,""bid_orders"":2,""ask_orders"":3,""bid_price"":""667.30"",""ask_price"":""671.30""},{""bid_quantity"":40,""ask_quantity"":60,""bid_orders"":1,""ask_orders"":1,""bid_price"":""667.20"",""ask_price"":""671.35""},{""bid_quantity"":40,""ask_quantity"":40,""bid_orders"":1,""ask_orders"":1,""bid_price"":""667.15"",""ask_price"":""671.40""}]"
09:15:57.198,1790739957199000085,1457699752933952,Full Data,8,887080,464.10,40,09:15:57,,,480.55,307080,20760,109780,212920,"[{""bid_quantity"":120,""ask_quantity"":20,""bid_orders"":2,""ask_orders"":1,""bid_price"":""462.65"",""ask_price"":""463.65""},{""bid_quantity"":160,""ask_quantity"":40,""bid_orders"":3,""ask_orders"":2,""bid_price"":""462.55"",""ask_price"":""463.70""},{""bid_quantity"":220,""ask_quantity"":40,""bid_orders"":3,""ask_orders"":2,""bid_price"":""462.40"",""ask_price"":""464.00""},{""bid_quantity"":80,""ask_quantity"":140,""bid_orders"":2,""ask_orders"":5,""bid_price"":""462.30"",""ask_price"":""464.10""},{""bid_quantity"":40,""ask_quantity"":20,""bid_orders"":1,""ask_orders"":1,""bid_price"":""462.20"",""ask_price"":""464.25""}]"
09:15:57.224,1790739957224783812,1457699778717679,Full Data,8,887080,464.10,40,09:15:57,,,480.55,307080,20400,108820,212920,"[{""bid_quantity"":40,""ask_quantity"":20,""bid_orders"":1,""ask_orders"":1,""bid_price"":""462.05"",""ask_price"":""463.20""},{""bid_quantity"":120,""ask_quantity"":140,""bid_orders"":3,""ask_orders"":2,""bid_price"":""462.00"",""ask_price"":""463.60""},{""bid_quantity"":80,""ask_quantity"":60,""bid_orders"":2,""ask_orders"":3,""bid_price"":""461.80"",""ask_price"":""463.70""},{""bid_quantity"":40,""ask_quantity"":80,""bid_orders"":1,""ask_orders"":3,""bid_price"":""461.65"",""ask_price"":""463.75""},{""bid_quantity"":100,""ask_quantity"":80,""bid_orders"":1,""ask_orders"":4,""bid_price"":""461.60"",""ask_price"":""464.00""}]"
09:15:57.307,1790739957307904829,1457699861838776,Full Data,8,887216,182.35,20,09:15:57,,,172.05,566480,52280,82480,604640,"[{""bid_quantity"":40,""ask_quantity"":80,""bid_orders"":1,""ask_orders"":1,""bid_price"":""181.70"",""ask_price"":""182.35""},{""bid_quantity"":100,""ask_quantity"":160,""bid_orders"":1,""ask_orders"":1,""bid_price"":""181.60"",""ask_price"":""182.40""},{""bid_quantity"":200,""ask_quantity"":220,""bid_orders"":4,""ask_orders"":3,""bid_price"":""181.55"",""ask_price"":""182.45""},{""bid_quantity"":140,""ask_quantity"":180,""bid_orders"":2,""ask_orders"":2,""bid_price"":""181.50"",""ask_price"":""182.50""},{""bid_quantity"":80,""ask_quantity"":40,""bid_orders"":2,""ask_orders"":2,""bid_price"":""181.45"",""ask_price"":""182.55""}]"
09:15:57.345,1790739957345672793,1457699899606660,Ticker Data,0,51,72476.34,,09:15:57,,,,,,,,
09:15:57.383,1790739957383165715,1457699937099742,Full Data,8,887355,332.25,40,09:15:57,,,321.85,704060,29180,93480,308440,"[{""bid_quantity"":80,""ask_quantity"":100,""bid_orders"":2,""ask_orders"":3,""bid_price"":""331.40"",""ask_price"":""332.25""},{""bid_quantity"":60,""ask_quantity"":60,""bid_orders"":2,""ask_orders"":2,""bid_price"":""331.35"",""ask_price"":""332.30""},{""bid_quantity"":60,""ask_quantity"":60,""bid_orders"":2,""ask_orders"":2,""bid_price"":""331.30"",""ask_price"":""332.35""},{""bid_quantity"":40,""ask_quantity"":220,""bid_orders"":2,""ask_orders"":3,""bid_price"":""331.25"",""ask_price"":""332.40""},{""bid_quantity"":40,""ask_quantity"":80,""bid_orders"":2,""ask_orders"":2,""bid_price"":""331.20"",""ask_price"":""332.45""}]"
09:15:57.399,1790739957399124618,1457699953058525,Full Data,8,887135,345.60,20,09:15:57,,,361.72,661800,29380,104500,307120,"[{""bid_quantity"":200,""ask_quantity"":20,""bid_orders"":2,""ask_orders"":1,""bid_price"":""345.20"",""ask_price"":""345.45""},{""bid_quantity"":40,""ask_quantity"":20,""bid_orders"":2,""ask_orders"":1,""bid_price"":""345.15"",""ask_price"":""345.85""},{""bid_quantity"":260,""ask_quantity"":20,""bid_orders"":4,""ask_orders"":1,""bid_price"":""345.05"",""ask_price"":""346.15""},{""bid_quantity"":20,""ask_quantity"":40,""bid_orders"":1,""ask_orders"":2,""bid_price"":""345.00"",""ask_price"":""346.50""},{""bid_quantity"":20,""ask_quantity"":100,""bid_orders"":1,""ask_orders"":1,""bid_price"":""344.90"",""ask_price"":""346.60""}]"
09:15:57.430,1790739957430328420,1457699984262327,Full Data,8,886659,596.55,20,09:15:57,,,617.27,63820,13240,27600,139920,"[{""bid_quantity"":60,""ask_quantity"":140,""bid_orders"":2,""ask_orders"":6,""bid_price"":""595.05"",""ask_price"":""597.35""},{""bid_quantity"":60,""ask_quantity"":80,""bid_orders"":2,""ask_orders"":3,""bid_price"":""595.00"",""ask_price"":""597.40""},{""bid_quantity"":100,""ask_quantity"":40,""bid_orders"":3,""ask_orders"":2,""bid_price"":""594.80"",""ask_price"":""597.45""},{""bid_quantity"":100,""ask_quantity"":120,""bid_orders"":3,""ask_orders"":3,""bid_price"":""594.75"",""ask_price"":""597.55""},{""bid_quantity"":80,""ask_quantity"":140,""bid_orders"":1,""ask_orders"":3,""bid_price"":""594.65"",""ask_price"":""597.60""}]"
09:15:57.461,1790739957461185339,1457700015119446,Full Data,8,886659,596.55,20,09:15:57,,,617.27,63820,12820,27320,139920,"[{""bid_quantity"":100,""ask_quantity"":40,""bid_orders"":3,""ask_orders"":1,""bid_price"":""595.25"",""ask_price"":""597.10""},{""bid_quantity"":60,""ask_quantity"":40,""bid_orders"":2,""ask_orders"":2,""bid_price"":""595.20"",""ask_price"":""597.15""},{""bid_quantity"":100,""ask_quantity"":40,""bid_orders"":3,""ask_orders"":2,""bid_price"":""594.50"",""ask_price"":""597.20""},{""bid_quantity"":40,""ask_quantity"":40,""bid_orders"":1,""ask_orders"":2,""bid_price"":""594.45"",""ask_price"":""597.25""},{""bid_quantity"":100,""ask_quantity"":40,""bid_orders"":1,""ask_orders"":2,""bid_price"":""594.40"",""ask_price"":""597.30""}]"
09:15:57.602,1790739957602417092,1457700156351599,Full Data,8,886461,404.05,20,09:15:57,,,419.38,793680,36240,175160,738980,"[{""bid_quantity"":160,""ask_quantity"":40,""bid_orders"":1,""ask_orders"":1,""bid_price"":""403.15"",""ask_price"":""404.20""},{""bid_quantity"":100,""ask_quantity"":40,""bid_orders"":1,""ask_orders"":2,""bid_price"":""402.90"",""ask_price"":""404.45""},{""bid_quantity"":180,""ask_quantity"":60,""bid_orders"":2,""ask_orders"":2,""bid_price"":""402.85"",""ask_price"":""404.75""},{""bid_quantity"":60,""ask_quantity"":200,""bid_orders"":1,""ask_orders"":5,""bid_price"":""402.65"",""ask_price"":""405.00""},{""bid_quantity"":100,""ask_quantity"":20,""bid_orders"":1,""ask_orders"":1,""bid_price"":""402.60"",""ask_price"":""405.10""}]"
09:15:57.653,1790739957653518582,1457700207452809,Full Data,8,886461,405.60,20,09:15:57,,,419.38,793860,34160,179000,738980,"[{""bid_quantity"":60,""ask_quantity"":60,""bid_orders"":2,""ask_orders"":2,""bid_price"":""405.30"",""ask_price"":""406.15""},{""bid_quantity"":600,""ask_quantity"":20,""bid_orders"":3,""ask_orders"":1,""bid_price"":""405.20"",""ask_price"":""406.20""},{""bid_quantity"":80,""ask_quantity"":20,""bid_orders"":4,""ask_orders"":1,""bid_price"":""405.15"",""ask_price"":""406.75""},{""bid_quantity"":520,""ask_quantity"":100,""bid_orders"":2,""ask_orders"":1,""bid_price"":""405.10"",""ask_price"":""407.00""},{""bid_quantity"":60,""ask_quantity"":120,""bid_orders"":1,""ask_orders"":1,""bid_price"":""405.05"",""ask_price"":""407.25""}]"
09:15:57.711,1790739957711156715,1457700265090862,Full Data,8,886685,285.55,20,09:15:57,,,277.19,1335600,77340,169440,1113180,"[{""bid_quantity"":340,""ask_quantity"":20,""bid_orders"":3,""ask_orders"":1,""bid_price"":""285.00"",""ask_price"":""285.50""},{""bid_quantity"":60,""ask_quantity"":80,""bid_orders"":3,""ask_orders"":1,""bid_price"":""284.95"",""ask_price"":""285.60""},{""bid_quantity"":200,""ask_quantity"":40,""bid_orders"":3,""ask_orders"":1,""bid_price"":""284.90"",""ask_price"":""285.65""},{""bid_quantity"":40,""ask_quantity"":100,""bid_orders"":2,""ask_orders"":3,""bid_price"":""284.85"",""ask_price"":""285.95""},{""bid_quantity"":20,""ask_quantity"":80,""bid_orders"":1,""ask_orders"":2,""bid_price"":""284.80"",""ask_price"":""286.10""}]"
09:15:57.739,1790739957739257296,1457700293191283,Full Data,8,887100,378.30,20,09:15:57,,,365.50,409780,24720,65980,254140,"[{""bid_quantity"":120,""ask_quantity"":20,""bid_orders"":3,""ask_orders"":1,""bid_price"":""377.70"",""ask_price"":""378.80""},{""bid_quantity"":20,""ask_quantity"":120,""bid_orders"":1,""ask_orders"":5,""bid_price"":""377.65"",""ask_price"":""378.85""},{""bid_quantity"":40,""ask_quantity"":140,""bid_orders"":2,""ask_orders"":4,""bid_price"":""377.60"",""ask_price"":""379.00""},{""bid_quantity"":80,""ask_quantity"":100,""bid_orders"":1,""ask_orders"":3,""bid_price"":""377.55"",""ask_price"":""379.10""},{""bid_quantity"":20,""ask_quantity"":100,""bid_orders"":1,""ask_orders"":2,""bid_price"":""377.50"",""ask_price"":""379.15""}]"
09:15:57.762,1790739957762471766,1457700316405753,Full Data,8,886540,151.50,40,09:15:57,,,145.03,443180,69420,66380,605280,"[{""bid_quantity"":40,""ask_quantity"":80,""bid_orders"":1,""ask_orders"":3,""bid_price"":""151.45"",""ask_price"":""151.90""},{""bid_quantity"":120,""ask_quantity"":60,""bid_orders"":3,""ask_orders"":2,""bid_price"":""151.40"",""ask_price"":""151.95""},{""bid_quantity"":120,""ask_quantity"":280,""bid_orders"":3,""ask_orders"":3,""bid_price"":""151.30"",""ask_price"":""152.00""},{""bid_quantity"":140,""ask_quantity"":40,""bid_orders"":3,""ask_orders"":1,""bid_price"":""151.25"",""ask_price"":""152.05""},{""bid_quantity"":180,""ask_quantity"":100,""bid_orders"":5,""ask_orders"":2,""bid_price"":""151.15"",""ask_price"":""152.10""}]"
09:15:57.772,1790739957772187669,1457700326121576,Full Data,8,887100,377.70,40,09:15:57,,,365.51,409880,24140,64860,254140,"[{""bid_quantity"":20,""ask_quantity"":40,""bid_orders"":1,""ask_orders"":2,""bid_price"":""377.50"",""ask_price"":""378.20""},{""bid_quantity"":20,""ask_quantity"":120,""bid_orders"":1,""ask_orders"":3,""bid_price"":""376.90"",""ask_price"":""378.40""},{""bid_quantity"":20,""ask_quantity"":80,""bid_orders"":1,""ask_orders"":3,""bid_price"":""376.45"",""ask_price"":""378.50""},{""bid_quantity"":200,""ask_quantity"":40,""bid_orders"":4,""ask_orders"":2,""bid_price"":""376.40"",""ask_price"":""378.55""},{""bid_quantity"":20,""ask_quantity"":140,""bid_orders"":1,""ask_orders"":2,""bid_price"":""376.35"",""ask_price"":""378.60""}]"
09:15:57.799,1790739957799250564,1457700353184511,Full Data,8,886540,151.50,20,09:15:57,,,145.04,443840,69900,66820,605280,"[{""bid_quantity"":40,""ask_quantity"":80,""bid_orders"":1,""ask_orders"":1,""bid_price"":""151.15"",""ask_price"":""151.45""},{""bid_quantity"":80,""ask_quantity"":60,""bid_orders"":2,""ask_orders"":2,""bid_price"":""150.65"",""ask_price"":""151.50""},{""bid_quantity"":180,""ask_quantity"":100,""bid_orders"":2,""ask_orders"":2,""bid_price"":""150.60"",""ask_price"":""151.55""},{""bid_quantity"":60,""ask_quantity"":100,""bid_orders"":3,""ask_orders"":3,""bid_price"":""150.55"",""ask_price"":""151.60""},{""bid_quantity"":320,""ask_quantity"":60,""bid_orders"":4,""ask_orders"":1,""bid_price"":""150.50"",""ask_price"":""151.65""}]"
09:15:58.012,1790739958012236820,1457700566171127,Full Data,8,887306,532.85,60,09:15:57,,,547.59,135320,13540,45100,204460,"[{""bid_quantity"":40,""ask_quantity"":20,""bid_orders"":1,""ask_orders"":1,""bid_price"":""531.55"",""ask_price"":""533.60""},{""bid_quantity"":40,""ask_quantity"":40,""bid_orders"":1,""ask_orders"":1,""bid_price"":""531.50"",""ask_price"":""533.80""},{""bid_quantity"":40,""ask_quantity"":20,""bid_orders"":1,""ask_orders"":1,""bid_price"":""531.40"",""ask_price"":""533.85""},{""bid_quantity"":20,""ask_quantity"":220,""bid_orders"":1,""ask_orders"":2,""bid_price"":""531.05"",""ask_price"":""534.00""},{""bid_quantity"":40,""ask_quantity"":40,""bid_orders"":1,""ask_orders"":2,""bid_price"":""530.90"",""ask_price"":""534.10""}]"
09:15:58.042,1790739958042856938,1457700596790805,Full Data,8,887306,532.85,60,09:15:57,,,547.59,135320,13960,46480,204460,"[{""bid_quantity"":40,""ask_quantity"":20,""bid_orders"":1,""ask_orders"":1,""bid_price"":""530.75"",""ask_price"":""532.15""},{""bid_quantity"":60,""ask_quantity"":100,""bid_orders"":2,""ask_orders"":2,""bid_price"":""530.70"",""ask_price"":""532.20""},{""bid_quantity"":60,""ask_quantity"":40,""bid_orders"":2,""ask_orders"":2,""bid_price"":""530.65"",""ask_price"":""532.30""},{""bid_quantity"":60,""ask_quantity"":20,""bid_orders"":2,""ask_orders"":1,""bid_price"":""530.60"",""ask_price"":""532.45""},{""bid_quantity"":60,""ask_quantity"":80,""bid_orders"":2,""ask_orders"":4,""bid_price"":""530.55"",""ask_price"":""532.50""}]"
09:15:58.092,1790739958092466538,1457700646400645,Full Data,8,886620,209.25,40,09:15:58,,,202.98,661360,59740,86020,619000,"[{""bid_quantity"":80,""ask_quantity"":60,""bid_orders"":1,""ask_orders"":2,""bid_price"":""208.85"",""ask_price"":""209.50""},{""bid_quantity"":120,""ask_quantity"":40,""bid_orders"":3,""ask_orders"":2,""bid_price"":""208.80"",""ask_price"":""209.55""},{""bid_quantity"":140,""ask_quantity"":20,""bid_orders"":4,""ask_orders"":1,""bid_price"":""208.75"",""ask_price"":""209.60""},{""bid_quantity"":140,""ask_quantity"":60,""bid_orders"":4,""ask_orders"":2,""bid_price"":""208.70"",""ask_price"":""209.65""},{""bid_quantity"":100,""ask_quantity"":80,""bid_orders"":2,""ask_orders"":2,""bid_price"":""208.65"",""ask_price"":""209.70""}]"
09:15:58.097,1790739958097522731,1457700651456758,Full Data,8,886620,209.20,20,09:15:58,,,202.98,661420,60980,84040,619000,"[{""bid_quantity"":40,""ask_quantity"":40,""bid_orders"":1,""ask_orders"":1,""bid_price"":""207.85"",""ask_price"":""208.50""},{""bid_quantity"":300,""ask_quantity"":20,""bid_orders"":1,""ask_orders"":1,""bid_price"":""207.70"",""ask_price"":""208.55""},{""bid_quantity"":140,""ask_quantity"":160,""bid_orders"":1,""ask_orders"":4,""bid_price"":""207.35"",""ask_price"":""208.60""},{""bid_quantity"":100,""ask_quantity"":300,""bid_orders"":1,""ask_orders"":8,""bid_price"":""207.30"",""ask_price"":""208.65""},{""bid_quantity"":160,""ask_quantity"":20,""bid_orders"":1,""ask_orders"":1,""bid_price"":""207.20"",""ask_price"":""208.70""}]"
09:15:58.140,1790739958140384648,1457700694318555,Full Data,8,886528,299.70,20,09:15:58,,,311.48,624960,29800,160900,227080,"[{""bid_quantity"":160,""ask_quantity"":160,""bid_orders"":4,""ask_orders"":3,""bid_price"":""300.25"",""ask_price"":""301.25""},{""bid_quantity"":60,""ask_quantity"":80,""bid_orders"":2,""ask_orders"":4,""bid_price"":""300.20"",""ask_price"":""301.30""},{""bid_quantity"":40,""ask_quantity"":20,""bid_orders"":1,""ask_orders"":1,""bid_price"":""300.15"",""ask_price"":""301.35""},{""bid_quantity"":60,""ask_quantity"":20,""bid_orders"":1,""ask_orders"":1,""bid_price"":""300.10"",""ask_price"":""301.40""},{""bid_quantity"":120,""ask_quantity"":60,""bid_orders"":2,""ask_orders"":3,""bid_price"":""300.00"",""ask_price"":""301.45""}]"
09:15:58.190,1790739958190859094,1457700744793041,Full Data,8,887253,670.40,40,09:15:57,,,683.21,25460,9080,33460,68380,"[{""bid_quantity"":40,""ask_quantity"":40,""bid_orders"":1,""ask_orders"":1,""bid_price"":""674.35"",""ask_price"":""676.85""},{""bid_quantity"":120,""ask_quantity"":260,""bid_orders"":2,""ask_orders"":2,""bid_price"":""674.30"",""ask_price"":""676.90""},{""bid_quantity"":40,""ask_quantity"":20,""bid_orders"":1,""ask_orders"":1,""bid_price"":""674.25"",""ask_price"":""676.95""},{""bid_quantity"":140,""ask_quantity"":40,""bid_orders"":2,""ask_orders"":2,""bid_price"":""674.10"",""ask_price"":""677.00""},{""bid_quantity"":100,""ask_quantity"":260,""bid_orders"":1,""ask_orders"":2,""bid_price"":""674.05"",""ask_price"":""677.05""}]"
09:15:58.193,1790739958193791633,1457700747725460,Full Data,8,887279,243.75,180,09:15:58,,,236.45,1071600,52380,108260,563560,"[{""bid_quantity"":20,""ask_quantity"":80,""bid_orders"":1,""ask_orders"":4,""bid_price"":""242.90"",""ask_price"":""243.40""},{""bid_quantity"":20,""ask_quantity"":60,""bid_orders"":1,""ask_orders"":2,""bid_price"":""242.55"",""ask_price"":""243.45""},{""bid_quantity"":120,""ask_quantity"":40,""bid_orders"":3,""ask_orders"":1,""bid_price"":""242.50"",""ask_price"":""243.65""},{""bid_quantity"":40,""ask_quantity"":40,""bid_orders"":2,""ask_orders"":2,""bid_price"":""242.45"",""ask_price"":""243.70""},{""bid_quantity"":20,""ask_quantity"":240,""bid_orders"":1,""ask_orders"":4,""bid_price"":""242.35"",""ask_price"":""243.75""}]"
09:15:58.239,1790739958239936051,1457700793870438,Full Data,8,886528,305.75,20,09:15:58,,,311.48,625440,27480,161020,227080,"[{""bid_quantity"":20,""ask_quantity"":100,""bid_orders"":1,""ask_orders"":1,""bid_price"":""304.75"",""ask_price"":""305.75""},{""bid_quantity"":80,""ask_quantity"":20,""bid_orders"":2,""ask_orders"":1,""bid_price"":""304.70"",""ask_price"":""305.80""},{""bid_quantity"":160,""ask_quantity"":40,""bid_orders"":1,""ask_orders"":1,""bid_price"":""304.65"",""ask_price"":""305.90""},{""bid_quantity"":20,""ask_quantity"":80,""bid_orders"":1,""ask_orders"":1,""bid_price"":""304.60"",""ask_price"":""306.65""},{""bid_quantity"":180,""ask_quantity"":40,""bid_orders"":2,""ask_orders"":2,""bid_price"":""304.55"",""ask_price"":""306.70""}]"
09:15:58.240,1790739958240125332,1457700794058999,Full Data,8,887080,474.55,20,09:15:58,,,480.43,309440,18640,111060,212920,"[{""bid_quantity"":20,""ask_quantity"":20,""bid_orders"":1,""ask_orders"":1,""bid_price"":""473.45"",""ask_price"":""474.65""},{""bid_quantity"":80,""ask_quantity"":20,""bid_orders"":1,""ask_orders"":1,""bid_price"":""473.40"",""ask_price"":""475.05""},{""bid_quantity"":20,""ask_quantity"":80,""bid_orders"":1,""ask_orders"":2,""bid_price"":""473.35"",""ask_price"":""475.10""},{""bid_quantity"":80,""ask_quantity"":120,""bid_orders"":1,""ask_orders"":2,""bid_price"":""473.15"",""ask_price"":""475.15""},{""bid_quantity"":80,""ask_quantity"":80,""bid_orders"":2,""ask_orders"":1,""bid_price"":""473.10"",""ask_price"":""475.50""}]"
09:15:58.271,1790739958271717417,1457700825651324,Full Data,8,887253,681.10,20,09:15:58,,,683.21,25480,7740,33820,68380,"[{""bid_quantity"":100,""ask_quantity"":60,""bid_orders"":3,""ask_orders"":1,""bid_price"":""680.60"",""ask_price"":""683.90""},{""bid_quantity"":80,""ask_quantity"":40,""bid_orders"":2,""ask_orders"":2,""bid_price"":""680.55"",""ask_price"":""683.95""},{""bid_quantity"":100,""ask_quantity"":40,""bid_orders"":3,""ask_orders"":2,""bid_price"":""680.50"",""ask_price"":""684.05""},{""bid_quantity"":20,""ask_quantity"":40,""bid_orders"":1,""ask_orders"":2,""bid_price"":""680.45"",""ask_price"":""684.10""},{""bid_quantity"":100,""ask_quantity"":80,""bid_orders"":3,""ask_orders"":2,""bid_price"":""680.40"",""ask_price"":""686.20""}]"
09:15:58.278,1790739958278622421,1457700832556288,Full Data,8,887080,473.25,20,09:15:58,,,480.43,309460,19540,110780,212920,"[{""bid_quantity"":80,""ask_quantity"":20,""bid_orders"":1,""ask_orders"":1,""bid_price"":""469.90"",""ask_price"":""471.15""},{""bid_quantity"":60,""ask_quantity"":100,""bid_orders"":2,""ask_orders"":2,""bid_price"":""469.85"",""ask_price"":""471.75""},{""bid_quantity"":240,""ask_quantity"":20,""bid_orders"":5,""ask_orders"":1,""bid_price"":""469.75"",""ask_price"":""471.85""},{""bid_quantity"":180,""ask_quantity"":20,""bid_orders"":2,""ask_orders"":1,""bid_price"":""469.70"",""ask_price"":""472.00""},{""bid_quantity"":60,""ask_quantity"":20,""bid_orders"":2,""ask_orders"":1,""bid_price"":""469.65"",""ask_price"":""472.05""}]"
09:15:58.328,1790739958328990987,1457700882924974,Ticker Data,0,51,72477.93,,09:15:58,,,,,,,,
09:15:58.345,1790739958345687934,1457700899621881,Full Data,8,887216,176.20,20,09:15:58,,,172.14,572820,52060,78460,604640,"[{""bid_quantity"":80,""ask_quantity"":60,""bid_orders"":1,""ask_orders"":2,""bid_price"":""176.40"",""ask_price"":""177.05""},{""bid_quantity"":20,""ask_quantity"":40,""bid_orders"":1,""ask_orders"":2,""bid_price"":""176.20"",""ask_price"":""177.10""},{""bid_quantity"":160,""ask_quantity"":60,""bid_orders"":2,""ask_orders"":2,""bid_price"":""176.10"",""ask_price"":""177.15""},{""bid_quantity"":80,""ask_quantity"":20,""bid_orders"":1,""ask_orders"":1,""bid_price"":""176.05"",""ask_price"":""177.20""},{""bid_quantity"":300,""ask_quantity"":40,""bid_orders"":4,""ask_orders"":2,""bid_price"":""176.00"",""ask_price"":""177.30""}]"
09:15:58.428,1790739958428419349,1457700982353536,Full Data,8,887355,324.50,40,09:15:58,,,321.96,716940,29900,93300,308440,"[{""bid_quantity"":20,""ask_quantity"":160,""bid_orders"":1,""ask_orders"":1,""bid_price"":""324.35"",""ask_price"":""325.15""},{""bid_quantity"":20,""ask_quantity"":240,""bid_orders"":1,""ask_orders"":3,""bid_price"":""324.20"",""ask_price"":""325.20""},{""bid_quantity"":20,""ask_quantity"":60,""bid_orders"":1,""ask_orders"":3,""bid_price"":""324.15"",""ask_price"":""325.25""},{""bid_quantity"":40,""ask_quantity"":180,""bid_orders"":1,""ask_orders"":2,""bid_price"":""324.10"",""ask_price"":""325.40""},{""bid_quantity"":80,""ask_quantity"":20,""bid_orders"":2,""ask_orders"":1,""bid_price"":""324.05"",""ask_price"":""325.45""}]"
09:15:58.441,1790739958441366193,1457700995300140,Full Data,8,887135,352.25,40,09:15:58,,,361.59,669820,28520,105240,307120,"[{""bid_quantity"":80,""ask_quantity"":20,""bid_orders"":3,""ask_orders"":1,""bid_price"":""352.20"",""ask_price"":""352.80""},{""bid_quantity"":20,""ask_quantity"":20,""bid_orders"":1,""ask_orders"":1,""bid_price"":""352.10"",""ask_price"":""353.30""},{""bid_quantity"":60,""ask_quantity"":20,""bid_orders"":1,""ask_orders"":1,""bid_price"":""352.00"",""ask_price"":""353.35""},{""bid_quantity"":20,""ask_quantity"":20,""bid_orders"":1,""ask_orders"":1,""bid_price"":""351.95"",""ask_price"":""353.40""},{""bid_quantity"":40,""ask_quantity"":160,""bid_orders"":2,""ask_orders"":1,""bid_price"":""351.90"",""ask_price"":""353.55""}]"
09:15:58.462,1790739958462553490,1457701016487317,Full Data,8,887135,351.85,20,09:15:58,,,361.58,670260,27660,105620,307120,"[{""bid_quantity"":40,""ask_quantity"":20,""bid_orders"":1,""ask_orders"":1,""bid_price"":""352.60"",""ask_price"":""353.75""},{""bid_quantity"":20,""ask_quantity"":20,""bid_orders"":1,""ask_orders"":1,""bid_price"":""352.55"",""ask_price"":""353.90""},{""bid_quantity"":20,""ask_quantity"":180,""bid_orders"":1,""ask_orders"":1,""bid_price"":""352.45"",""ask_price"":""353.95""},{""bid_quantity"":120,""ask_quantity"":20,""bid_orders"":3,""ask_orders"":1,""bid_price"":""352.40"",""ask_price"":""354.05""},{""bid_quantity"":40,""ask_quantity"":160,""bid_orders"":2,""ask_orders"":1,""bid_price"":""352.30"",""ask_price"":""354.10""}]"
09:15:58.498,1790739958498611043,1457701052545110,Full Data,8,886659,608.00,420,09:15:58,,,617.12,64760,13140,27720,139920,"[{""bid_quantity"":60,""ask_quantity"":20,""bid_orders"":2,""ask_orders"":1,""bid_price"":""602.40"",""ask_price"":""604.65""},{""bid_quantity"":100,""ask_quantity"":160,""bid_orders"":1,""ask_orders"":2,""bid_price"":""602.20"",""ask_price"":""604.70""},{""bid_quantity"":80,""ask_quantity"":20,""bid_orders"":2,""ask_orders"":1,""bid_price"":""602.10"",""ask_price"":""604.75""},{""bid_quantity"":20,""ask_quantity"":120,""bid_orders"":1,""ask_orders"":1,""bid_price"":""602.05"",""ask_price"":""604.80""},{""bid_quantity"":100,""ask_quantity"":120,""bid_orders"":1,""ask_orders"":1,""bid_price"":""602.00"",""ask_price"":""604.90""}]"
09:15:58.660,1790739958660855051,1457701214789358,Full Data,8,886461,406.45,40,09:15:58,,,419.26,802660,36440,180880,738980,"[{""bid_quantity"":680,""ask_quantity"":80,""bid_orders"":6,""ask_orders"":1,""bid_price"":""405.55"",""ask_price"":""406.80""},{""bid_quantity"":60,""ask_quantity"":40,""bid_orders"":3,""ask_orders"":2,""bid_price"":""405.50"",""ask_price"":""406.85""},{""bid_quantity"":260,""ask_quantity"":40,""bid_orders"":2,""ask_orders"":1,""bid_price"":""405.45"",""ask_price"":""406.90""},{""bid_quantity"":360,""ask_quantity"":40,""bid_orders"":4,""ask_orders"":2,""bid_price"":""405.40"",""ask_price"":""407.55""},{""bid_quantity"":120,""ask_quantity"":20,""bid_orders"":3,""ask_orders"":1,""bid_price"":""405.35"",""ask_price"":""407.65""}]"
09:15:58.720,1790739958720900759,1457701274834746,Full Data,8,886685,284.05,20,09:15:58,,,277.30,1367180,79480,159420,1113180,"[{""bid_quantity"":80,""ask_quantity"":220,""bid_orders"":4,""ask_orders"":2,""bid_price"":""283.70"",""ask_price"":""284.70""},{""bid_quantity"":80,""ask_quantity"":100,""bid_orders"":4,""ask_orders"":1,""bid_price"":""283.55"",""ask_price"":""284.85""},{""bid_quantity"":140,""ask_quantity"":20,""bid_orders"":3,""ask_orders"":1,""bid_price"":""283.45"",""ask_price"":""284.90""},{""bid_quantity"":100,""ask_quantity"":160,""bid_orders"":3,""ask_orders"":1,""bid_price"":""283.40"",""ask_price"":""285.00""},{""bid_quantity"":100,""ask_quantity"":20,""bid_orders"":3,""ask_orders"":1,""bid_price"":""283.30"",""ask_price"":""285.05""}]"
09:15:58.750,1790739958750423150,1457701304357137,Full Data,8,886461,407.75,20,09:15:58,,,419.24,803800,36440,181180,738980,"[{""bid_quantity"":60,""ask_quantity"":40,""bid_orders"":2,""ask_orders"":1,""bid_price"":""406.10"",""ask_price"":""407.20""},{""bid_quantity"":160,""ask_quantity"":20,""bid_orders"":1,""ask_orders"":1,""bid_price"":""406.05"",""ask_price"":""407.25""},{""bid_quantity"":60,""ask_quantity"":100,""bid_orders"":2,""ask_orders"":3,""bid_price"":""406.00"",""ask_price"":""407.30""},{""bid_quantity"":80,""ask_quantity"":100,""bid_orders"":3,""ask_orders"":1,""bid_price"":""405.85"",""ask_price"":""407.35""},{""bid_quantity"":160,""ask_quantity"":40,""bid_orders"":1,""ask_orders"":2,""bid_price"":""405.80"",""ask_price"":""407.40""}]"
09:15:58.758,1790739958758305360,1457701312239427,Full Data,8,887100,377.45,20,09:15:58,,,365.55,411760,23120,65280,254140,"[{""bid_quantity"":20,""ask_quantity"":20,""bid_orders"":1,""ask_orders"":1,""bid_price"":""376.45"",""ask_price"":""377.45""},{""bid_quantity"":20,""ask_quantity"":80,""bid_orders"":1,""ask_orders"":1,""bid_price"":""376.30"",""ask_price"":""377.60""},{""bid_quantity"":40,""ask_quantity"":40,""bid_orders"":2,""ask_orders"":2,""bid_price"":""376.25"",""ask_price"":""377.65""},{""bid_quantity"":40,""ask_quantity"":60,""bid_orders"":2,""ask_orders"":2,""bid_price"":""376.20"",""ask_price"":""377.80""},{""bid_quantity"":60,""ask_quantity"":100,""bid_orders"":2,""ask_orders"":1,""bid_price"":""376.15"",""ask_price"":""378.00""}]"
09:15:58.789,1790739958789142680,1457701343076627,Full Data,8,886540,150.90,20,09:15:58,,,145.09,449500,68400,68520,605280,"[{""bid_quantity"":40,""ask_quantity"":60,""bid_orders"":1,""ask_orders"":2,""bid_price"":""150.55"",""ask_price"":""151.05""},{""bid_quantity"":180,""ask_quantity"":80,""bid_orders"":2,""ask_orders"":1,""bid_price"":""150.50"",""ask_price"":""151.10""},{""bid_quantity"":120,""ask_quantity"":140,""bid_orders"":4,""ask_orders"":3,""bid_price"":""150.40"",""ask_price"":""151.15""},{""bid_quantity"":40,""ask_quantity"":120,""bid_orders"":2,""ask_orders"":4,""bid_price"":""150.30"",""ask_price"":""151.20""},{""bid_quantity"":80,""ask_quantity"":20,""bid_orders"":2,""ask_orders"":1,""bid_price"":""150.25"",""ask_price"":""151.25""}]"
09:15:58.818,1790739958818399269,1457701372333296,Full Data,8,886540,150.00,20,09:15:58,,,145.10,450300,69600,70500,605280,"[{""bid_quantity"":120,""ask_quantity"":40,""bid_orders"":4,""ask_orders"":2,""bid_price"":""149.60"",""ask_price"":""150.20""},{""bid_quantity"":340,""ask_quantity"":80,""bid_orders"":9,""ask_orders"":1,""bid_price"":""149.55"",""ask_price"":""150.25""},{""bid_quantity"":100,""ask_quantity"":120,""bid_orders"":2,""ask_orders"":2,""bid_price"":""149.50"",""ask_price"":""150.30""},{""bid_quantity"":60,""ask_quantity"":180,""bid_orders"":2,""ask_orders"":2,""bid_price"":""149.45"",""ask_price"":""150.35""},{""bid_quantity"":40,""ask_quantity"":80,""bid_orders"":1,""ask_orders"":3,""bid_price"":""149.40"",""ask_price"":""150.40""}]"
09:15:59.075,1790739959075974053,1457701629908320,Full Data,8,887306,538.80,40,09:15:59,,,547.41,137360,14840,45320,204460,"[{""bid_quantity"":40,""ask_quantity"":20,""bid_orders"":2,""ask_orders"":1,""bid_price"":""534.95"",""ask_price"":""537.25""},{""bid_quantity"":40,""ask_quantity"":20,""bid_orders"":2,""ask_orders"":1,""bid_price"":""534.80"",""ask_price"":""537.35""},{""bid_quantity"":40,""ask_quantity"":20,""bid_orders"":2,""ask_orders"":1,""bid_price"":""534.60"",""ask_price"":""537.40""},{""bid_quantity"":100,""ask_quantity"":100,""bid_orders"":1,""ask_orders"":3,""bid_price"":""534.20"",""ask_price"":""537.45""},{""bid_quantity"":240,""ask_quantity"":160,""bid_orders"":1,""ask_orders"":1,""bid_price"":""534.15"",""ask_price"":""537.55""}]"
09:15:59.126,1790739959126723621,1457701680657768,Full Data,8,886620,206.50,100,09:15:59,,,203.00,664980,61420,86380,619000,"[{""bid_quantity"":80,""ask_quantity"":100,""bid_orders"":3,""ask_orders"":4,""bid_price"":""205.85"",""ask_price"":""206.50""},{""bid_quantity"":140,""ask_quantity"":60,""bid_orders"":5,""ask_orders"":2,""bid_price"":""205.80"",""ask_price"":""206.55""},{""bid_quantity"":40,""ask_quantity"":80,""bid_orders"":2,""ask_orders"":3,""bid_price"":""205.75"",""ask_price"":""206.60""},{""bid_quantity"":60,""ask_quantity"":100,""bid_orders"":3,""ask_orders"":4,""bid_price"":""205.70"",""ask_price"":""206.65""},{""bid_quantity"":80,""ask_quantity"":100,""bid_orders"":3,""ask_orders"":1,""bid_price"":""205.60"",""ask_price"":""206.75""}]"
09:15:59.132,1790739959132708500,1457701686642407,Full Data,8,887306,537.35,20,09:15:59,,,547.41,137380,14900,45480,204460,"[{""bid_quantity"":20,""ask_quantity"":20,""bid_orders"":1,""ask_orders"":1,""bid_price"":""535.15"",""ask_price"":""536.45""},{""bid_quantity"":40,""ask_quantity"":80,""bid_orders"":2,""ask_orders"":2,""bid_price"":""535.00"",""ask_price"":""536.50""},{""bid_quantity"":20,""ask_quantity"":400,""bid_orders"":1,""ask_orders"":5,""bid_price"":""534.70"",""ask_price"":""536.55""},{""bid_quantity"":40,""ask_quantity"":160,""bid_orders"":1,""ask_orders"":3,""bid_price"":""533.05"",""ask_price"":""536.60""},{""bid_quantity"":80,""ask_quantity"":40,""bid_orders"":1,""ask_orders"":1,""bid_price"":""533.00"",""ask_price"":""536.65""}]"
09:15:59.161,1790739959161321964,1457701715256271,Full Data,8,886620,206.90,20,09:15:59,,,203.00,665140,60140,87120,619000,"[{""bid_quantity"":120,""ask_quantity"":80,""bid_orders"":3,""ask_orders"":2,""bid_price"":""207.00"",""ask_price"":""207.60""},{""bid_quantity"":80,""ask_quantity"":80,""bid_orders"":1,""ask_orders"":3,""bid_price"":""206.95"",""ask_price"":""207.65""},{""bid_quantity"":20,""ask_quantity"":240,""bid_orders"":1,""ask_orders"":2,""bid_price"":""206.90"",""ask_price"":""207.70""},{""bid_quantity"":60,""ask_quantity"":120,""bid_orders"":2,""ask_orders"":3,""bid_price"":""206.80"",""ask_price"":""207.85""},{""bid_quantity"":20,""ask_quantity"":160,""bid_orders"":1,""ask_orders"":3,""bid_price"":""206.75"",""ask_price"":""207.90""}]"
09:15:59.215,1790739959215849997,1457701769783824,Full Data,8,886528,300.55,40,09:15:59,,,311.41,629820,30360,160340,227080,"[{""bid_quantity"":80,""ask_quantity"":60,""bid_orders"":1,""ask_orders"":2,""bid_price"":""300.60"",""ask_price"":""301.50""},{""bid_quantity"":60,""ask_quantity"":20,""bid_orders"":1,""ask_orders"":1,""bid_price"":""300.55"",""ask_price"":""301.95""},{""bid_quantity"":320,""ask_quantity"":100,""bid_orders"":3,""ask_orders"":1,""bid_price"":""300.50"",""ask_price"":""302.00""},{""bid_quantity"":140,""ask_quantity"":60,""bid_orders"":3,""ask_orders"":1,""bid_price"":""300.40"",""ask_price"":""302.10""},{""bid_quantity"":80,""ask_quantity"":40,""bid_orders"":3,""ask_orders"":1,""bid_price"":""300.35"",""ask_price"":""302.15""}]"
09:15:59.245,1790739959245258427,1457701799192414,Full Data,8,887253,678.10,20,09:15:58,,,683.08,26080,9540,33220,68380,"[{""bid_quantity"":80,""ask_quantity"":40,""bid_orders"":1,""ask_orders"":1,""bid_price"":""677.80"",""ask_price"":""682.00""},{""bid_quantity"":80,""ask_quantity"":20,""bid_orders"":2,""ask_orders"":1,""bid_price"":""677.75"",""ask_price"":""682.05""},{""bid_quantity"":80,""ask_quantity"":60,""bid_orders"":3,""ask_orders"":1,""bid_price"":""677.70"",""ask_price"":""682.10""},{""bid_quantity"":40,""ask_quantity"":60,""bid_orders"":1,""ask_orders"":1,""bid_price"":""677.65"",""ask_price"":""682.15""},{""bid_quantity"":20,""ask_quantity"":40,""bid_orders"":1,""ask_orders"":1,""bid_price"":""677.60"",""ask_price"":""682.25""}]"
09:15:59.274,1790739959274826498,1457701828760725,Full Data,8,887080,476.50,20,09:15:59,,,480.34,312740,23120,111240,212920,"[{""bid_quantity"":160,""ask_quantity"":80,""bid_orders"":1,""ask_orders"":2,""bid_price"":""473.00"",""ask_price"":""474.55""},{""bid_quantity"":20,""ask_quantity"":80,""bid_orders"":1,""ask_orders"":2,""bid_price"":""472.95"",""ask_price"":""474.60""},{""bid_quantity"":40,""ask_quantity"":40,""bid_orders"":2,""ask_orders"":2,""bid_price"":""472.85"",""ask_price"":""474.65""},{""bid_quantity"":40,""ask_quantity"":60,""bid_orders"":1,""ask_orders"":2,""bid_price"":""472.70"",""ask_price"":""474.70""},{""bid_quantity"":80,""ask_quantity"":120,""bid_orders"":2,""ask_orders"":2,""bid_price"":""472.65"",""ask_price"":""474.80""}]"
09:15:59.281,1790739959281771223,1457701835705290,Full Data,8,886528,304.50,60,09:15:59,,,311.39,631120,29380,161940,227080,"[{""bid_quantity"":20,""ask_quantity"":40,""bid_orders"":1,""ask_orders"":1,""bid_price"":""304.20"",""ask_price"":""304.65""},{""bid_quantity"":40,""ask_quantity"":20,""bid_orders"":1,""ask_orders"":1,""bid_price"":""304.05"",""ask_price"":""304.75""},{""bid_quantity"":120,""ask_quantity"":60,""bid_orders"":2,""ask_orders"":2,""bid_price"":""303.80"",""ask_price"":""304.85""},{""bid_quantity"":40,""ask_quantity"":180,""bid_orders"":2,""ask_orders"":2,""bid_price"":""303.70"",""ask_price"":""304.90""},{""bid_quantity"":60,""ask_quantity"":220,""bid_orders"":1,""ask_orders"":3,""bid_price"":""303.65"",""ask_price"":""304.95""}]"
09:15:59.303,1790739959303713284,1457701857647231,Full Data,8,887253,678.10,20,09:15:58,,,683.08,26080,9640,32740,68380,"[{""bid_quantity"":20,""ask_quantity"":40,""bid_orders"":1,""ask_orders"":1,""bid_price"":""679.60"",""ask_price"":""684.00""},{""bid_quantity"":20,""ask_quantity"":240,""bid_orders"":1,""ask_orders"":5,""bid_price"":""679.55"",""ask_price"":""684.05""},{""bid_quantity"":60,""ask_quantity"":120,""bid_orders"":2,""ask_orders"":4,""bid_price"":""679.45"",""ask_price"":""684.10""},{""bid_quantity"":60,""ask_quantity"":520,""bid_orders"":1,""ask_orders"":4,""bid_price"":""679.15"",""ask_price"":""684.15""},{""bid_quantity"":40,""ask_quantity"":40,""bid_orders"":1,""ask_orders"":2,""bid_price"":""678.55"",""ask_price"":""684.20""}]"
09:15:59.331,1790739959331957827,1457701885891694,Ticker Data,0,51,72483.78,,09:15:59,,,,,,,,
09:15:59.355,1790739959355374058,1457701909308125,Full Data,8,887216,174.60,20,09:15:59,,,172.22,584120,53040,76700,604640,"[{""bid_quantity"":20,""ask_quantity"":60,""bid_orders"":1,""ask_orders"":2,""bid_price"":""174.05"",""ask_price"":""174.70""},{""bid_quantity"":60,""ask_quantity"":40,""bid_orders"":2,""ask_orders"":1,""bid_price"":""174.00"",""ask_price"":""174.85""},{""bid_quantity"":60,""ask_quantity"":180,""bid_orders"":1,""ask_orders"":2,""bid_price"":""173.75"",""ask_price"":""174.90""},{""bid_quantity"":200,""ask_quantity"":80,""bid_orders"":2,""ask_orders"":2,""bid_price"":""173.70"",""ask_price"":""174.95""},{""bid_quantity"":200,""ask_quantity"":120,""bid_orders"":2,""ask_orders"":3,""bid_price"":""173.65"",""ask_price"":""175.00""}]"
09:15:59.400,1790739959400305509,1457701954239576,Full Data,8,887080,474.75,20,09:15:59,,,480.34,312900,19980,110740,212920,"[{""bid_quantity"":80,""ask_quantity"":80,""bid_orders"":1,""ask_orders"":3,""bid_price"":""473.70"",""ask_price"":""475.25""},{""bid_quantity"":20,""ask_quantity"":20,""bid_orders"":1,""ask_orders"":1,""bid_price"":""473.65"",""ask_price"":""475.30""},{""bid_quantity"":120,""ask_quantity"":140,""bid_orders"":2,""ask_orders"":3,""bid_price"":""473.50"",""ask_price"":""475.35""},{""bid_quantity"":20,""ask_quantity"":20,""bid_orders"":1,""ask_orders"":1,""bid_price"":""473.45"",""ask_price"":""475.40""},{""bid_quantity"":40,""ask_quantity"":20,""bid_orders"":1,""ask_orders"":1,""bid_price"":""473.40"",""ask_price"":""475.45""}]"
09:15:59.428,1790739959428824573,1457701982758400,Full Data,8,887355,320.80,20,09:15:59,,,322.00,730860,30800,91980,308440,"[{""bid_quantity"":80,""ask_quantity"":60,""bid_orders"":2,""ask_orders"":3,""bid_price"":""320.15"",""ask_price"":""320.80""},{""bid_quantity"":20,""ask_quantity"":160,""bid_orders"":1,""ask_orders"":1,""bid_price"":""320.00"",""ask_price"":""320.90""},{""bid_quantity"":40,""ask_quantity"":20,""bid_orders"":1,""ask_orders"":1,""bid_price"":""319.95"",""ask_price"":""320.95""},{""bid_quantity"":40,""ask_quantity"":20,""bid_orders"":1,""ask_orders"":1,""bid_price"":""319.80"",""ask_price"":""321.00""},{""bid_quantity"":240,""ask_quantity"":40,""bid_orders"":4,""ask_orders"":1,""bid_price"":""319.60"",""ask_price"":""321.05""}]"
09:15:59.630,1790739959630096313,1457702184030740,Full Data,8,886659,610.55,20,09:15:59,,,616.93,65920,11580,29460,139920,"[{""bid_quantity"":60,""ask_quantity"":20,""bid_orders"":2,""ask_orders"":1,""bid_price"":""605.65"",""ask_price"":""607.55""},{""bid_quantity"":120,""ask_quantity"":20,""bid_orders"":4,""ask_orders"":1,""bid_price"":""605.60"",""ask_price"":""607.60""},{""bid_quantity"":40,""ask_quantity"":20,""bid_orders"":1,""ask_orders"":1,""bid_price"":""605.50"",""ask_price"":""608.80""},{""bid_quantity"":80,""ask_quantity"":120,""bid_orders"":1,""ask_orders"":2,""bid_price"":""605.45"",""ask_price"":""609.20""},{""bid_quantity"":80,""ask_quantity"":100,""bid_orders"":2,""ask_orders"":1,""bid_price"":""605.40"",""ask_price"":""609.40""}]"
09:15:59.737,1790739959737448727,1457702291382994,Full Data,8,886685,279.10,20,09:15:59,,,277.33,1386860,80900,160440,1113180,"[{""bid_quantity"":60,""ask_quantity"":160,""bid_orders"":2,""ask_orders"":1,""bid_price"":""279.15"",""ask_price"":""279.80""},{""bid_quantity"":80,""ask_quantity"":740,""bid_orders"":3,""ask_orders"":3,""bid_price"":""279.10"",""ask_price"":""279.85""},{""bid_quantity"":60,""ask_quantity"":40,""bid_orders"":2,""ask_orders"":1,""bid_price"":""279.05"",""ask_price"":""280.05""},{""bid_quantity"":200,""ask_quantity"":200,""bid_orders"":2,""ask_orders"":2,""bid_price"":""279.00"",""ask_price"":""280.10""},{""bid_quantity"":160,""ask_quantity"":40,""bid_orders"":1,""ask_orders"":2,""bid_price"":""278.95"",""ask_price"":""280.15""}]"
09:15:59.759,1790739959759501789,1457702313435696,Full Data,8,886461,408.55,20,09:15:59,,,419.12,815620,38220,180940,738980,"[{""bid_quantity"":100,""ask_quantity"":100,""bid_orders"":2,""ask_orders"":2,""bid_price"":""408.65"",""ask_price"":""409.85""},{""bid_quantity"":80,""ask_quantity"":120,""bid_orders"":3,""ask_orders"":2,""bid_price"":""408.60"",""ask_price"":""410.00""},{""bid_quantity"":60,""ask_quantity"":20,""bid_orders"":2,""ask_orders"":1,""bid_price"":""408.55"",""ask_price"":""410.05""},{""bid_quantity"":260,""ask_quantity"":40,""bid_orders"":4,""ask_orders"":2,""bid_price"":""408.45"",""ask_price"":""410.20""},{""bid_quantity"":60,""ask_quantity"":20,""bid_orders"":3,""ask_orders"":1,""bid_price"":""408.40"",""ask_price"":""410.25""}]"
09:15:59.805,1790739959805092484,1457702359026511,Full Data,8,886461,409.60,20,09:15:59,,,419.10,817700,38080,184120,738980,"[{""bid_quantity"":240,""ask_quantity"":100,""bid_orders"":3,""ask_orders"":2,""bid_price"":""409.65"",""ask_price"":""410.85""},{""bid_quantity"":480,""ask_quantity"":80,""bid_orders"":6,""ask_orders"":3,""bid_price"":""409.60"",""ask_price"":""410.90""},{""bid_quantity"":120,""ask_quantity"":40,""bid_orders"":2,""ask_orders"":2,""bid_price"":""409.55"",""ask_price"":""410.95""},{""bid_quantity"":260,""ask_quantity"":20,""bid_orders"":3,""ask_orders"":1,""bid_price"":""409.50"",""ask_price"":""411.05""},{""bid_quantity"":60,""ask_quantity"":20,""bid_orders"":1,""ask_orders"":1,""bid_price"":""409.45"",""ask_price"":""411.15""}]"
09:15:59.812,1790739959812241410,1457702366175317,Full Data,8,887100,371.35,20,09:15:59,,,365.63,418040,23500,64340,254140,"[{""bid_quantity"":20,""ask_quantity"":20,""bid_orders"":1,""ask_orders"":1,""bid_price"":""371.25"",""ask_price"":""371.60""},{""bid_quantity"":20,""ask_quantity"":40,""bid_orders"":1,""ask_orders"":1,""bid_price"":""371.00"",""ask_price"":""371.65""},{""bid_quantity"":20,""ask_quantity"":20,""bid_orders"":1,""ask_orders"":1,""bid_price"":""370.90"",""ask_price"":""372.10""},{""bid_quantity"":20,""ask_quantity"":40,""bid_orders"":1,""ask_orders"":1,""bid_price"":""370.85"",""ask_price"":""372.35""},{""bid_quantity"":160,""ask_quantity"":40,""bid_orders"":1,""ask_orders"":1,""bid_price"":""370.65"",""ask_price"":""372.55""}]"
09:15:59.841,1790739959841024556,1457702394958743,Full Data,8,886540,149.00,60,09:15:59,,,145.17,460960,68760,68460,605280,"[{""bid_quantity"":120,""ask_quantity"":60,""bid_orders"":2,""ask_orders"":2,""bid_price"":""148.50"",""ask_price"":""149.05""},{""bid_quantity"":120,""ask_quantity"":20,""bid_orders"":4,""ask_orders"":1,""bid_price"":""148.45"",""ask_price"":""149.10""},{""bid_quantity"":100,""ask_quantity"":40,""bid_orders"":2,""ask_orders"":2,""bid_price"":""148.40"",""ask_price"":""149.20""},{""bid_quantity"":80,""ask_quantity"":140,""bid_orders"":1,""ask_orders"":1,""bid_price"":""148.30"",""ask_price"":""149.25""},{""bid_quantity"":60,""ask_quantity"":200,""bid_orders"":2,""ask_orders"":1,""bid_price"":""148.25"",""ask_price"":""149.30""}]"
09:15:59.845,1790739959845679186,1457702399613093,Full Data,8,887100,373.20,100,09:15:59,,,365.64,418280,23480,64260,254140,"[{""bid_quantity"":20,""ask_quantity"":40,""bid_orders"":1,""ask_orders"":1,""bid_price"":""372.60"",""ask_price"":""373.20""},{""bid_quantity"":20,""ask_quantity"":20,""bid_orders"":1,""ask_orders"":1,""bid_price"":""372.55"",""ask_price"":""373.65""},{""bid_quantity"":40,""ask_quantity"":140,""bid_orders"":1,""ask_orders"":2,""bid_price"":""372.50"",""ask_price"":""373.80""},{""bid_quantity"":20,""ask_quantity"":100,""bid_orders"":1,""ask_orders"":3,""bid_price"":""372.40"",""ask_price"":""374.05""},{""bid_quantity"":80,""ask_quantity"":260,""bid_orders"":1,""ask_orders"":2,""bid_price"":""372.35"",""ask_price"":""374.15""}]"
09:15:59.857,1790739959857263701,1457702411197648,Full Data,8,886540,149.25,40,09:15:59,,,145.18,461340,68740,68480,605280,"[{""bid_quantity"":40,""ask_quantity"":40,""bid_orders"":1,""ask_orders"":1,""bid_price"":""149.05"",""ask_price"":""149.60""},{""bid_quantity"":80,""ask_quantity"":100,""bid_orders"":4,""ask_orders"":1,""bid_price"":""149.00"",""ask_price"":""149.65""},{""bid_quantity"":120,""ask_quantity"":80,""bid_orders"":3,""ask_orders"":2,""bid_price"":""148.95"",""ask_price"":""149.90""},{""bid_quantity"":180,""ask_quantity"":40,""bid_orders"":4,""ask_orders"":1,""bid_price"":""148.90"",""ask_price"":""149.95""},{""bid_quantity"":40,""ask_quantity"":260,""bid_orders"":2,""ask_orders"":4,""bid_price"":""148.85"",""ask_price"":""150.00""}]"
