local_time,local_ns,monotonic_ns,packet_type,exchange_segment,security_id,LTP,LTQ,LTT,prev_close,prev_OI,avg_price,volume,total_sell_quantity,total_buy_quantity,OI,depth_json
09:15:00.001,1791517500001192004,2235242555126951,Ticker Data,0,51,71776.67,,09:14:29,,,,,,,,
09:15:00.001,1791517500001312605,2235242555246392,Previous Close,0,51,,,,71593.24,0,,,,,,
09:15:00.001,1791517500001369045,2235242555302672,Ticker Data,0,51,71776.67,,09:14:30,,,,,,,,
09:15:00.001,1791517500001421046,2235242555354633,Ticker Data,0,51,71776.67,,09:14:31,,,,,,,,
09:15:00.001,1791517500001462686,2235242555396313,Ticker Data,0,51,71776.67,,09:14:32,,,,,,,,
09:15:00.001,1791517500001501406,2235242555434993,Ticker Data,0,51,71776.67,,09:14:33,,,,,,,,
09:15:00.001,1791517500001538807,2235242555472354,Ticker Data,0,51,71776.67,,09:14:34,,,,,,,,
09:15:00.001,1791517500001575367,2235242555508954,Ticker Data,0,51,71776.67,,09:14:35,,,,,,,,
09:15:00.001,1791517500001611727,2235242555545314,Ticker Data,0,51,71776.67,,09:14:36,,,,,,,,
09:15:00.001,1791517500001648327,2235242555581914,Ticker Data,0,51,71776.67,,09:14:37,,,,,,,,
09:15:00.001,1791517500001684287,2235242555617874,Ticker Data,0,51,71776.67,,09:14:38,,,,,,,,
09:15:00.001,1791517500001719568,2235242555653155,Ticker Data,0,51,71776.67,,09:14:39,,,,,,,,
09:15:00.001,1791517500001756088,2235242555689635,Ticker Data,0,51,71776.67,,09:14:40,,,,,,,,
09:15:00.001,1791517500001791368,2235242555724955,Ticker Data,0,51,71776.67,,09:14:41,,,,,,,,
09:15:00.001,1791517500001826448,2235242555760035,Ticker Data,0,51,71776.67,,09:14:42,,,,,,,,
09:15:00.001,1791517500001861209,2235242555794796,Ticker Data,0,51,71776.67,,09:14:43,,,,,,,,
09:15:00.001,1791517500001896129,2235242555829676,Ticker Data,0,51,71776.67,,09:14:44,,,,,,,,
09:15:00.001,1791517500001930689,2235242555864276,Ticker Data,0,51,71776.67,,09:14:45,,,,,,,,
09:15:00.001,1791517500002000049,2235242555933717,Ticker Data,0,51,71776.67,,09:14:46,,,,,,,,
09:15:00.002,1791517500002040250,2235242555973837,Ticker Data,0,51,71776.67,,09:14:47,,,,,,,,
09:15:00.002,1791517500002091890,2235242556025517,Ticker Data,0,51,71776.67,,09:14:48,,,,,,,,
09:15:00.002,1791517500002138690,2235242556072317,Ticker Data,0,51,71776.67,,09:14:49,,,,,,,,
09:15:00.002,1791517500002175811,2235242556109398,Ticker Data,0,51,71776.67,,09:14:50,,,,,,,,
09:15:00.002,1791517500002210571,2235242556144158,Ticker Data,0,51,71776.67,,09:14:51,,,,,,,,
09:15:00.002,1791517500002246171,2235242556179758,Ticker Data,0,51,71776.67,,09:14:52,,,,,,,,
09:15:00.002,1791517500002281251,2235242556214838,Ticker Data,0,51,71776.67,,09:14:53,,,,,,,,
09:15:00.002,1791517500002316292,2235242556249879,Ticker Data,0,51,71776.67,,09:14:54,,,,,,,,
09:15:00.002,1791517500002391252,2235242556324839,Ticker Data,0,51,71776.67,,09:14:55,,,,,,,,
09:15:00.002,1791517500002433332,2235242556366919,Ticker Data,0,51,71776.67,,09:14:56,,,,,,,,
09:15:00.002,1791517500002468413,2235242556402000,Ticker Data,0,51,71776.67,,09:14:57,,,,,,,,
09:15:00.002,1791517500002502853,2235242556436440,Ticker Data,0,51,71776.67,,09:14:58,,,,,,,,
09:15:00.002,1791517500002537013,2235242556470600,Ticker Data,0,51,71776.67,,09:14:59,,,,,,,,
09:15:00.175,1791517500175453690,2235242729387917,Full Data,8,1115207,660.30,40,09:15:00,,,638.70,340,6120,5280,97240,"[{""bid_quantity"":200,""ask_quantity"":80,""bid_orders"":1,""ask_orders"":2,""bid_price"":""650.00"",""ask_price"":""656.10""},{""bid_quantity"":20,""ask_quantity"":120,""bid_orders"":1,""ask_orders"":2,""bid_price"":""640.15"",""ask_price"":""656.15""},{""bid_quantity"":20,""ask_quantity"":40,""bid_orders"":1,""ask_orders"":1,""bid_price"":""640.10"",""ask_price"":""656.20""},{""bid_quantity"":200,""ask_quantity"":80,""bid_orders"":1,""ask_orders"":1,""bid_price"":""640.00"",""ask_price"":""659.35""},{""bid_quantity"":40,""ask_quantity"":320,""bid_orders"":1,""ask_orders"":5,""bid_price"":""632.65"",""ask_price"":""659.40""}]"
09:15:00.423,1791517500423488692,2235242977423239,Full Data,8,1111639,597.15,40,09:15:00,,,594.05,120,2940,2280,60460,"[{""bid_quantity"":80,""ask_quantity"":60,""bid_orders"":2,""ask_orders"":2,""bid_price"":""576.20"",""ask_price"":""620.85""},{""bid_quantity"":40,""ask_quantity"":40,""bid_orders"":1,""ask_orders"":2,""bid_price"":""576.10"",""ask_price"":""620.90""},{""bid_quantity"":20,""ask_quantity"":40,""bid_orders"":1,""ask_orders"":1,""bid_price"":""575.50"",""ask_price"":""620.95""},{""bid_quantity"":40,""ask_quantity"":40,""bid_orders"":1,""ask_orders"":1,""bid_price"":""572.10"",""ask_price"":""621.95""},{""bid_quantity"":100,""ask_quantity"":180,""bid_orders"":1,""ask_orders"":1,""bid_price"":""571.50"",""ask_price"":""622.30""}]"
09:15:00.583,1791517500583964209,2235243137898476,Full Data,8,1114046,467.50,40,09:15:00,,,476.25,180,3760,25560,119180,"[{""bid_quantity"":20,""ask_quantity"":40,""bid_orders"":1,""ask_orders"":1,""bid_price"":""456.00"",""ask_price"":""461.55""},{""bid_quantity"":40,""ask_quantity"":20,""bid_orders"":1,""ask_orders"":1,""bid_price"":""455.00"",""ask_price"":""461.60""},{""bid_quantity"":40,""ask_quantity"":40,""bid_orders"":1,""ask_orders"":1,""bid_price"":""450.05"",""ask_price"":""461.65""},{""bid_quantity"":20,""ask_quantity"":40,""bid_orders"":1,""ask_orders"":1,""bid_price"":""450.00"",""ask_price"":""461.70""},{""bid_quantity"":80,""ask_quantity"":40,""bid_orders"":1,""ask_orders"":1,""bid_price"":""443.80"",""ask_price"":""468.55""}]"
09:15:00.594,1791517500594880159,2235243148814266,Full Data,8,1111639,597.15,40,09:15:00,,,594.05,120,2900,2280,60460,"[{""bid_quantity"":80,""ask_quantity"":60,""bid_orders"":2,""ask_orders"":2,""bid_price"":""576.20"",""ask_price"":""616.75""},{""bid_quantity"":40,""ask_quantity"":40,""bid_orders"":1,""ask_orders"":1,""bid_price"":""576.10"",""ask_price"":""616.85""},{""bid_quantity"":20,""ask_quantity"":20,""bid_orders"":1,""ask_orders"":1,""bid_price"":""575.50"",""ask_price"":""619.15""},{""bid_quantity"":40,""ask_quantity"":180,""bid_orders"":1,""ask_orders"":1,""bid_price"":""572.10"",""ask_price"":""622.30""},{""bid_quantity"":100,""ask_quantity"":20,""bid_orders"":1,""ask_orders"":1,""bid_price"":""568.50"",""ask_price"":""665.60""}]"
09:15:00.646,1791517500646805215,2235243200739322,Ticker Data,0,51,71814.30,,09:15:00,,,,,,,,
09:15:00.689,1791517500689869293,2235243243803360,Full Data,8,1114464,756.40,20,09:15:00,,,756.20,1560,5760,33040,272380,"[{""bid_quantity"":20,""ask_quantity"":80,""bid_orders"":1,""ask_orders"":2,""bid_price"":""756.80"",""ask_price"":""767.45""},{""bid_quantity"":20,""ask_quantity"":40,""bid_orders"":1,""ask_orders"":1,""bid_price"":""756.70"",""ask_price"":""767.50""},{""bid_quantity"":40,""ask_quantity"":40,""bid_orders"":1,""ask_orders"":1,""bid_price"":""756.65"",""ask_price"":""767.55""},{""bid_quantity"":20,""ask_quantity"":20,""bid_orders"":1,""ask_orders"":1,""bid_price"":""756.50"",""ask_price"":""767.65""},{""bid_quantity"":40,""ask_quantity"":20,""bid_orders"":1,""ask_orders"":1,""bid_price"":""751.85"",""ask_price"":""767.70""}]"
09:15:00.768,1791517500768699562,2235243322633709,Full Data,8,1110871,498.30,60,09:15:00,,,518.30,480,4940,4520,81380,"[{""bid_quantity"":80,""ask_quantity"":40,""bid_orders"":2,""ask_orders"":2,""bid_price"":""491.35"",""ask_price"":""498.40""},{""bid_quantity"":40,""ask_quantity"":20,""bid_orders"":1,""ask_orders"":1,""bid_price"":""489.10"",""ask_price"":""512.80""},{""bid_quantity"":20,""ask_quantity"":20,""bid_orders"":1,""ask_orders"":1,""bid_price"":""489.05"",""ask_price"":""512.85""},{""bid_quantity"":80,""ask_quantity"":40,""bid_orders"":1,""ask_orders"":1,""bid_price"":""484.85"",""ask_price"":""512.90""},{""bid_quantity"":80,""ask_quantity"":80,""bid_orders"":1,""ask_orders"":1,""bid_price"":""484.80"",""ask_price"":""513.55""}]"
09:15:00.774,1791517500774279518,2235243328213425,Full Data,8,1114813,548.60,20,09:15:00,,,550.34,400,4000,4280,57500,"[{""bid_quantity"":60,""ask_quantity"":60,""bid_orders"":2,""ask_orders"":2,""bid_price"":""539.25"",""ask_price"":""550.65""},{""bid_quantity"":80,""ask_quantity"":20,""bid_orders"":1,""ask_orders"":1,""bid_price"":""539.20"",""ask_price"":""550.70""},{""bid_quantity"":80,""ask_quantity"":40,""bid_orders"":1,""ask_orders"":1,""bid_price"":""533.55"",""ask_price"":""550.75""},{""bid_quantity"":480,""ask_quantity"":20,""bid_orders"":1,""ask_orders"":1,""bid_price"":""533.50"",""ask_price"":""551.05""},{""bid_quantity"":480,""ask_quantity"":20,""bid_orders"":1,""ask_orders"":1,""bid_price"":""533.30"",""ask_price"":""551.10""}]"
09:15:00.846,1791517500846260343,2235243400194530,Full Data,8,1104245,436.30,20,09:15:00,,,435.61,1000,5440,9200,52960,"[{""bid_quantity"":20,""ask_quantity"":100,""bid_orders"":1,""ask_orders"":3,""bid_price"":""434.55"",""ask_price"":""442.10""},{""bid_quantity"":40,""ask_quantity"":40,""bid_orders"":1,""ask_orders"":1,""bid_price"":""432.00"",""ask_price"":""442.15""},{""bid_quantity"":80,""ask_quantity"":40,""bid_orders"":1,""ask_orders"":1,""bid_price"":""430.40"",""ask_price"":""442.20""},{""bid_quantity"":80,""ask_quantity"":60,""bid_orders"":1,""ask_orders"":1,""bid_price"":""428.20"",""ask_price"":""442.45""},{""bid_quantity"":280,""ask_quantity"":140,""bid_orders"":2,""ask_orders"":4,""bid_price"":""426.00"",""ask_price"":""443.80""}]"
09:15:00.847,1791517500847282030,2235243401215937,Full Data,8,1116183,487.40,20,09:15:00,,,477.08,6380,8980,14780,319760,"[{""bid_quantity"":80,""ask_quantity"":40,""bid_orders"":2,""ask_orders"":1,""bid_price"":""480.10"",""ask_price"":""487.35""},{""bid_quantity"":80,""ask_quantity"":680,""bid_orders"":2,""ask_orders"":3,""bid_price"":""480.05"",""ask_price"":""487.45""},{""bid_quantity"":40,""ask_quantity"":80,""bid_orders"":1,""ask_orders"":2,""bid_price"":""475.70"",""ask_price"":""488.10""},{""bid_quantity"":20,""ask_quantity"":20,""bid_orders"":1,""ask_orders"":1,""bid_price"":""475.60"",""ask_price"":""488.45""},{""bid_quantity"":80,""ask_quantity"":120,""bid_orders"":1,""ask_orders"":1,""bid_price"":""475.55"",""ask_price"":""489.70""}]"
09:15:00.905,1791517500905584366,2235243459518633,Full Data,8,1114464,756.50,20,09:15:00,,,756.23,1660,4040,34960,272380,"[{""bid_quantity"":80,""ask_quantity"":40,""bid_orders"":2,""ask_orders"":1,""bid_price"":""751.90"",""ask_price"":""767.05""},{""bid_quantity"":40,""ask_quantity"":40,""bid_orders"":1,""ask_orders"":1,""bid_price"":""751.80"",""ask_price"":""767.10""},{""bid_quantity"":260,""ask_quantity"":40,""bid_orders"":5,""ask_orders"":1,""bid_price"":""750.05"",""ask_price"":""767.15""},{""bid_quantity"":100,""ask_quantity"":40,""bid_orders"":1,""ask_orders"":1,""bid_price"":""748.85"",""ask_price"":""767.25""},{""bid_quantity"":40,""ask_quantity"":20,""bid_orders"":1,""ask_orders"":1,""bid_price"":""744.05"",""ask_price"":""767.65""}]"
09:15:00.932,1791517500932295179,2235243486229126,Full Data,8,1114813,550.65,20,09:15:00,,,550.35,420,6100,5260,57500,"[{""bid_quantity"":20,""ask_quantity"":60,""bid_orders"":1,""ask_orders"":2,""bid_price"":""539.90"",""ask_price"":""550.35""},{""bid_quantity"":40,""ask_quantity"":60,""bid_orders"":1,""ask_orders"":2,""bid_price"":""539.85"",""ask_price"":""550.45""},{""bid_quantity"":20,""ask_quantity"":20,""bid_orders"":1,""ask_orders"":1,""bid_price"":""539.75"",""ask_price"":""551.05""},{""bid_quantity"":20,""ask_quantity"":20,""bid_orders"":1,""ask_orders"":1,""bid_price"":""533.45"",""ask_price"":""551.10""},{""bid_quantity"":240,""ask_quantity"":40,""bid_orders"":1,""ask_orders"":1,""bid_price"":""533.40"",""ask_price"":""557.50""}]"
09:15:00.938,1791517500938569860,2235243492504047,Full Data,8,1116183,480.30,20,09:15:00,,,477.50,6800,8460,14920,319760,"[{""bid_quantity"":20,""ask_quantity"":80,""bid_orders"":1,""ask_orders"":2,""bid_price"":""480.30"",""ask_price"":""487.65""},{""bid_quantity"":60,""ask_quantity"":40,""bid_orders"":1,""ask_orders"":1,""bid_price"":""480.25"",""ask_price"":""487.70""},{""bid_quantity"":240,""ask_quantity"":20,""bid_orders"":4,""ask_orders"":1,""bid_price"":""480.20"",""ask_price"":""487.75""},{""bid_quantity"":20,""ask_quantity"":120,""bid_orders"":1,""ask_orders"":1,""bid_price"":""475.80"",""ask_price"":""487.90""},{""bid_quantity"":80,""ask_quantity"":60,""bid_orders"":1,""ask_orders"":1,""bid_price"":""473.95"",""ask_price"":""488.00""}]"
09:15:01.000,1791517501000418339,2235243554352486,Full Data,8,1102591,667.65,20,09:15:00,,,656.56,2440,4940,6960,209460,"[{""bid_quantity"":380,""ask_quantity"":40,""bid_orders"":3,""ask_orders"":1,""bid_price"":""625.40"",""ask_price"":""655.90""},{""bid_quantity"":280,""ask_quantity"":20,""bid_orders"":6,""ask_orders"":1,""bid_price"":""625.35"",""ask_price"":""667.50""},{""bid_quantity"":40,""ask_quantity"":80,""bid_orders"":1,""ask_orders"":2,""bid_price"":""625.30"",""ask_price"":""667.55""},{""bid_quantity"":80,""ask_quantity"":100,""bid_orders"":1,""ask_orders"":1,""bid_price"":""625.25"",""ask_price"":""667.60""},{""bid_quantity"":20,""ask_quantity"":120,""bid_orders"":1,""ask_orders"":1,""bid_price"":""620.90"",""ask_price"":""667.65""}]"
09:15:01.032,1791517501032482346,2235243586416373,Full Data,8,1111309,690.10,20,09:15:00,,,698.49,980,4080,9440,98080,"[{""bid_quantity"":20,""ask_quantity"":80,""bid_orders"":1,""ask_orders"":2,""bid_price"":""696.20"",""ask_price"":""705.20""},{""bid_quantity"":20,""ask_quantity"":80,""bid_orders"":1,""ask_orders"":1,""bid_price"":""696.15"",""ask_price"":""705.25""},{""bid_quantity"":100,""ask_quantity"":40,""bid_orders"":3,""ask_orders"":1,""bid_price"":""690.20"",""ask_price"":""705.30""},{""bid_quantity"":20,""ask_quantity"":80,""bid_orders"":1,""ask_orders"":1,""bid_price"":""690.00"",""ask_price"":""705.35""},{""bid_quantity"":20,""ask_quantity"":40,""bid_orders"":1,""ask_orders"":1,""bid_price"":""688.05"",""ask_price"":""707.00""}]"
09:15:01.065,1791517501065676801,2235243619611108,Full Data,8,1102591,667.65,20,09:15:00,,,656.56,2440,4820,6760,209460,"[{""bid_quantity"":200,""ask_quantity"":40,""bid_orders"":4,""ask_orders"":1,""bid_price"":""630.60"",""ask_price"":""655.90""},{""bid_quantity"":40,""ask_quantity"":20,""bid_orders"":1,""ask_orders"":1,""bid_price"":""630.55"",""ask_price"":""667.50""},{""bid_quantity"":360,""ask_quantity"":80,""bid_orders"":2,""ask_orders"":2,""bid_price"":""630.50"",""ask_price"":""667.55""},{""bid_quantity"":20,""ask_quantity"":100,""bid_orders"":1,""ask_orders"":1,""bid_price"":""625.45"",""ask_price"":""667.60""},{""bid_quantity"":40,""ask_quantity"":120,""bid_orders"":1,""ask_orders"":1,""bid_price"":""625.40"",""ask_price"":""667.65""}]"
09:15:01.072,1791517501072197163,2235243626131150,Full Data,8,1107704,0.00,0,00:00:00,,,0.00,0,2060,1560,17620,"[{""bid_quantity"":40,""ask_quantity"":40,""bid_orders"":1,""ask_orders"":1,""bid_price"":""675.90"",""ask_price"":""733.60""},{""bid_quantity"":20,""ask_quantity"":20,""bid_orders"":1,""ask_orders"":1,""bid_price"":""675.85"",""ask_price"":""733.65""},{""bid_quantity"":40,""ask_quantity"":40,""bid_orders"":1,""ask_orders"":1,""bid_price"":""673.25"",""ask_price"":""734.35""},{""bid_quantity"":20,""ask_quantity"":20,""bid_orders"":1,""ask_orders"":1,""bid_price"":""672.30"",""ask_price"":""734.40""},{""bid_quantity"":20,""ask_quantity"":20,""bid_orders"":1,""ask_orders"":1,""bid_price"":""671.40"",""ask_price"":""735.00""}]"
09:15:01.083,1791517501083992359,2235243637926466,Full Data,8,1111309,696.20,20,09:15:00,,,698.44,1000,3680,7480,98080,"[{""bid_quantity"":20,""ask_quantity"":80,""bid_orders"":1,""ask_orders"":2,""bid_price"":""696.15"",""ask_price"":""703.50""},{""bid_quantity"":100,""ask_quantity"":80,""bid_orders"":3,""ask_orders"":1,""bid_price"":""690.20"",""ask_price"":""703.55""},{""bid_quantity"":20,""ask_quantity"":40,""bid_orders"":1,""ask_orders"":1,""bid_price"":""690.00"",""ask_price"":""705.05""},{""bid_quantity"":740,""ask_quantity"":20,""bid_orders"":2,""ask_orders"":1,""bid_price"":""688.00"",""ask_price"":""705.10""},{""bid_quantity"":80,""ask_quantity"":80,""bid_orders"":1,""ask_orders"":1,""bid_price"":""682.10"",""ask_price"":""707.80""}]"
09:15:01.117,1791517501117334174,2235243671268121,Full Data,8,1107336,421.20,20,09:15:00,,,421.30,2040,7820,7500,304080,"[{""bid_quantity"":60,""ask_quantity"":80,""bid_orders"":2,""ask_orders"":2,""bid_price"":""421.15"",""ask_price"":""422.75""},{""bid_quantity"":100,""ask_quantity"":20,""bid_orders"":1,""ask_orders"":1,""bid_price"":""419.20"",""ask_price"":""422.80""},{""bid_quantity"":20,""ask_quantity"":40,""bid_orders"":1,""ask_orders"":1,""bid_price"":""415.35"",""ask_price"":""422.85""},{""bid_quantity"":20,""ask_quantity"":20,""bid_orders"":1,""ask_orders"":1,""bid_price"":""411.50"",""ask_price"":""423.10""},{""bid_quantity"":100,""ask_quantity"":20,""bid_orders"":1,""ask_orders"":1,""bid_price"":""411.45"",""ask_price"":""423.15""}]"
09:15:01.167,1791517501167569219,2235243721503246,Full Data,8,1105793,528.10,20,09:15:00,,,533.45,980,4400,9580,50360,"[{""bid_quantity"":40,""ask_quantity"":20,""bid_orders"":1,""ask_orders"":1,""bid_price"":""528.45"",""ask_price"":""529.70""},{""bid_quantity"":20,""ask_quantity"":20,""bid_orders"":1,""ask_orders"":1,""bid_price"":""528.40"",""ask_price"":""530.25""},{""bid_quantity"":80,""ask_quantity"":40,""bid_orders"":1,""ask_orders"":1,""bid_price"":""528.35"",""ask_price"":""530.30""},{""bid_quantity"":20,""ask_quantity"":80,""bid_orders"":1,""ask_orders"":1,""bid_price"":""528.10"",""ask_price"":""537.80""},{""bid_quantity"":40,""ask_quantity"":80,""bid_orders"":1,""ask_orders"":2,""bid_price"":""527.95"",""ask_price"":""537.85""}]"
09:15:01.249,1791517501249567869,2235243803502176,Full Data,8,1105793,542.85,20,09:15:00,,,535.74,1420,2620,11940,50360,"[{""bid_quantity"":60,""ask_quantity"":80,""bid_orders"":2,""ask_orders"":1,""bid_price"":""540.35"",""ask_price"":""548.15""},{""bid_quantity"":60,""ask_quantity"":100,""bid_orders"":2,""ask_orders"":1,""bid_price"":""540.30"",""ask_price"":""548.80""},{""bid_quantity"":20,""ask_quantity"":20,""bid_orders"":1,""ask_orders"":1,""bid_price"":""540.25"",""ask_price"":""550.00""},{""bid_quantity"":60,""ask_quantity"":80,""bid_orders"":2,""ask_orders"":1,""bid_price"":""540.20"",""ask_price"":""550.25""},{""bid_quantity"":20,""ask_quantity"":40,""bid_orders"":1,""ask_orders"":1,""bid_price"":""540.15"",""ask_price"":""550.30""}]"
09:15:01.305,1791517501305772792,2235243859706819,Full Data,8,1112083,594.85,40,09:15:01,,,588.95,2100,2980,14560,97520,"[{""bid_quantity"":40,""ask_quantity"":20,""bid_orders"":1,""ask_orders"":1,""bid_price"":""594.85"",""ask_price"":""594.90""},{""bid_quantity"":100,""ask_quantity"":60,""bid_orders"":3,""ask_orders"":2,""bid_price"":""584.05"",""ask_price"":""595.00""},{""bid_quantity"":180,""ask_quantity"":180,""bid_orders"":3,""ask_orders"":4,""bid_price"":""584.00"",""ask_price"":""595.05""},{""bid_quantity"":40,""ask_quantity"":40,""bid_orders"":1,""ask_orders"":1,""bid_price"":""583.95"",""ask_price"":""595.60""},{""bid_quantity"":40,""ask_quantity"":20,""bid_orders"":1,""ask_orders"":1,""bid_price"":""583.90"",""ask_price"":""597.50""}]"
09:15:01.349,1791517501349208432,2235243903142659,Full Data,8,1115207,667.60,20,09:15:01,,,645.35,2640,7400,13300,97240,"[{""bid_quantity"":80,""ask_quantity"":20,""bid_orders"":2,""ask_orders"":1,""bid_price"":""658.90"",""ask_price"":""665.95""},{""bid_quantity"":100,""ask_quantity"":20,""bid_orders"":1,""ask_orders"":1,""bid_price"":""658.80"",""ask_price"":""666.05""},{""bid_quantity"":100,""ask_quantity"":100,""bid_orders"":1,""ask_orders"":1,""bid_price"":""658.40"",""ask_price"":""666.15""},{""bid_quantity"":40,""ask_quantity"":40,""bid_orders"":1,""ask_orders"":1,""bid_price"":""658.15"",""ask_price"":""668.35""},{""bid_quantity"":20,""ask_quantity"":100,""bid_orders"":1,""ask_orders"":1,""bid_price"":""658.05"",""ask_price"":""668.40""}]"
09:15:01.349,1791517501349704715,2235243903638582,Full Data,8,1112083,600.05,20,09:15:01,,,592.47,2800,5140,17580,97520,"[{""bid_quantity"":40,""ask_quantity"":60,""bid_orders"":1,""ask_orders"":2,""bid_price"":""599.95"",""ask_price"":""606.95""},{""bid_quantity"":40,""ask_quantity"":40,""bid_orders"":1,""ask_orders"":2,""bid_price"":""599.90"",""ask_price"":""607.00""},{""bid_quantity"":120,""ask_quantity"":60,""bid_orders"":1,""ask_orders"":2,""bid_price"":""599.85"",""ask_price"":""607.10""},{""bid_quantity"":20,""ask_quantity"":20,""bid_orders"":1,""ask_orders"":1,""bid_price"":""599.35"",""ask_price"":""607.20""},{""bid_quantity"":100,""ask_quantity"":20,""bid_orders"":1,""ask_orders"":1,""bid_price"":""599.20"",""ask_price"":""607.30""}]"
09:15:01.353,1791517501353302979,2235243907237246,Full Data,8,1115207,652.90,80,09:15:01,,,646.70,3060,9580,13540,97240,"[{""bid_quantity"":40,""ask_quantity"":40,""bid_orders"":1,""ask_orders"":2,""bid_price"":""651.95"",""ask_price"":""655.75""},{""bid_quantity"":200,""ask_quantity"":60,""bid_orders"":5,""ask_orders"":3,""bid_price"":""651.90"",""ask_price"":""655.80""},{""bid_quantity"":20,""ask_quantity"":80,""bid_orders"":1,""ask_orders"":3,""bid_price"":""651.10"",""ask_price"":""655.85""},{""bid_quantity"":40,""ask_quantity"":20,""bid_orders"":1,""ask_orders"":1,""bid_price"":""646.00"",""ask_price"":""655.90""},{""bid_quantity"":120,""ask_quantity"":20,""bid_orders"":1,""ask_orders"":1,""bid_price"":""645.95"",""ask_price"":""655.95""}]"
09:15:01.446,1791517501446728022,2235244000662169,Full Data,8,1114046,432.80,40,09:15:01,,,454.48,1220,8640,29620,119180,"[{""bid_quantity"":80,""ask_quantity"":60,""bid_orders"":2,""ask_orders"":2,""bid_price"":""430.60"",""ask_price"":""434.45""},{""bid_quantity"":40,""ask_quantity"":20,""bid_orders"":1,""ask_orders"":1,""bid_price"":""430.55"",""ask_price"":""434.50""},{""bid_quantity"":40,""ask_quantity"":20,""bid_orders"":1,""ask_orders"":1,""bid_price"":""430.50"",""ask_price"":""434.60""},{""bid_quantity"":40,""ask_quantity"":20,""bid_orders"":1,""ask_orders"":1,""bid_price"":""430.05"",""ask_price"":""434.65""},{""bid_quantity"":100,""ask_quantity"":20,""bid_orders"":1,""ask_orders"":1,""bid_price"":""428.80"",""ask_price"":""434.70""}]"
09:15:01.446,1791517501446882823,2235244000816570,Full Data,8,1111639,562.95,20,09:15:01,,,569.34,2260,6220,7460,60460,"[{""bid_quantity"":40,""ask_quantity"":40,""bid_orders"":1,""ask_orders"":1,""bid_price"":""562.10"",""ask_price"":""567.35""},{""bid_quantity"":100,""ask_quantity"":40,""bid_orders"":1,""ask_orders"":1,""bid_price"":""561.20"",""ask_price"":""567.40""},{""bid_quantity"":100,""ask_quantity"":40,""bid_orders"":1,""ask_orders"":1,""bid_price"":""560.80"",""ask_price"":""567.45""},{""bid_quantity"":120,""ask_quantity"":40,""bid_orders"":1,""ask_orders"":1,""bid_price"":""559.80"",""ask_price"":""567.80""},{""bid_quantity"":20,""ask_quantity"":20,""bid_orders"":1,""ask_orders"":1,""bid_price"":""559.75"",""ask_price"":""567.90""}]"
09:15:01.499,1791517501499406962,2235244053340989,Full Data,8,1111639,562.95,20,09:15:01,,,569.34,2260,5880,7080,60460,"[{""bid_quantity"":20,""ask_quantity"":80,""bid_orders"":1,""ask_orders"":2,""bid_price"":""559.75"",""ask_price"":""562.70""},{""bid_quantity"":40,""ask_quantity"":40,""bid_orders"":1,""ask_orders"":1,""bid_price"":""558.85"",""ask_price"":""562.80""},{""bid_quantity"":20,""ask_quantity"":20,""bid_orders"":1,""ask_orders"":1,""bid_price"":""557.25"",""ask_price"":""562.85""},{""bid_quantity"":20,""ask_quantity"":20,""bid_orders"":1,""ask_orders"":1,""bid_price"":""556.85"",""ask_price"":""563.00""},{""bid_quantity"":100,""ask_quantity"":20,""bid_orders"":1,""ask_orders"":1,""bid_price"":""556.80"",""ask_price"":""563.10""}]"
09:15:01.499,1791517501499535883,2235244053469510,Full Data,8,1110871,472.20,20,09:15:01,,,492.43,2020,10700,6460,81380,"[{""bid_quantity"":40,""ask_quantity"":20,""bid_orders"":1,""ask_orders"":1,""bid_price"":""470.10"",""ask_price"":""470.90""},{""bid_quantity"":40,""ask_quantity"":20,""bid_orders"":1,""ask_orders"":1,""bid_price"":""469.30"",""ask_price"":""470.95""},{""bid_quantity"":40,""ask_quantity"":40,""bid_orders"":1,""ask_orders"":1,""bid_price"":""466.80"",""ask_price"":""471.00""},{""bid_quantity"":40,""ask_quantity"":20,""bid_orders"":1,""ask_orders"":1,""bid_price"":""466.15"",""ask_price"":""471.05""},{""bid_quantity"":40,""ask_quantity"":20,""bid_orders"":1,""ask_orders"":1,""bid_price"":""466.10"",""ask_price"":""471.15""}]"
09:15:01.530,1791517501530574324,2235244084508591,Full Data,8,1104245,441.85,20,09:15:01,,,441.61,3060,8100,9780,52960,"[{""bid_quantity"":20,""ask_quantity"":20,""bid_orders"":1,""ask_orders"":1,""bid_price"":""441.80"",""ask_price"":""443.50""},{""bid_quantity"":20,""ask_quantity"":40,""bid_orders"":1,""ask_orders"":1,""bid_price"":""441.75"",""ask_price"":""443.55""},{""bid_quantity"":20,""ask_quantity"":40,""bid_orders"":1,""ask_orders"":1,""bid_price"":""441.65"",""ask_price"":""443.60""},{""bid_quantity"":20,""ask_quantity"":40,""bid_orders"":1,""ask_orders"":1,""bid_price"":""441.10"",""ask_price"":""443.65""},{""bid_quantity"":100,""ask_quantity"":20,""bid_orders"":3,""ask_orders"":1,""bid_price"":""440.55"",""ask_price"":""443.80""}]"
09:15:01.534,1791517501534391868,2235244088325935,Full Data,8,1114464,770.50,20,09:15:01,,,765.39,4640,9980,38460,272380,"[{""bid_quantity"":40,""ask_quantity"":100,""bid_orders"":1,""ask_orders"":3,""bid_price"":""761.90"",""ask_price"":""767.15""},{""bid_quantity"":40,""ask_quantity"":160,""bid_orders"":1,""ask_orders"":1,""bid_price"":""760.55"",""ask_price"":""767.20""},{""bid_quantity"":40,""ask_quantity"":20,""bid_orders"":1,""ask_orders"":1,""bid_price"":""759.95"",""ask_price"":""767.50""},{""bid_quantity"":120,""ask_quantity"":160,""bid_orders"":1,""ask_orders"":1,""bid_price"":""759.90"",""ask_price"":""767.55""},{""bid_quantity"":40,""ask_quantity"":20,""bid_orders"":1,""ask_orders"":1,""bid_price"":""754.00"",""ask_price"":""767.60""}]"
09:15:01.535,1791517501535762837,2235244089696664,Full Data,8,1114813,519.25,20,09:15:01,,,533.42,1700,6200,7520,57500,"[{""bid_quantity"":80,""ask_quantity"":20,""bid_orders"":2,""ask_orders"":1,""bid_price"":""515.60"",""ask_price"":""520.85""},{""bid_quantity"":40,""ask_quantity"":20,""bid_orders"":1,""ask_orders"":1,""bid_price"":""515.50"",""ask_price"":""520.90""},{""bid_quantity"":40,""ask_quantity"":20,""bid_orders"":1,""ask_orders"":1,""bid_price"":""515.15"",""ask_price"":""521.00""},{""bid_quantity"":100,""ask_quantity"":20,""bid_orders"":1,""ask_orders"":1,""bid_price"":""514.40"",""ask_price"":""521.10""},{""bid_quantity"":100,""ask_quantity"":20,""bid_orders"":1,""ask_orders"":1,""bid_price"":""514.00"",""ask_price"":""521.20""}]"
09:15:01.559,1791517501559869473,2235244113803500,Ticker Data,0,51,71833.92,,09:15:01,,,,,,,,
09:15:01.581,1791517501581958576,2235244135892603,Full Data,8,1116183,482.75,20,09:15:01,,,484.48,12380,14200,25540,319760,"[{""bid_quantity"":40,""ask_quantity"":40,""bid_orders"":1,""ask_orders"":1,""bid_price"":""487.30"",""ask_price"":""490.30""},{""bid_quantity"":20,""ask_quantity"":480,""bid_orders"":1,""ask_orders"":1,""bid_price"":""487.15"",""ask_price"":""490.35""},{""bid_quantity"":60,""ask_quantity"":40,""bid_orders"":2,""ask_orders"":1,""bid_price"":""487.05"",""ask_price"":""490.40""},{""bid_quantity"":20,""ask_quantity"":160,""bid_orders"":1,""ask_orders"":2,""bid_price"":""486.95"",""ask_price"":""490.50""},{""bid_quantity"":20,""ask_quantity"":120,""bid_orders"":1,""ask_orders"":1,""bid_price"":""486.85"",""ask_price"":""490.65""}]"
09:15:01.585,1791517501585117916,2235244139052143,Full Data,8,1104245,440.55,100,09:15:01,,,441.58,3260,10660,10180,52960,"[{""bid_quantity"":20,""ask_quantity"":40,""bid_orders"":1,""ask_orders"":1,""bid_price"":""432.45"",""ask_price"":""439.55""},{""bid_quantity"":80,""ask_quantity"":80,""bid_orders"":1,""ask_orders"":3,""bid_price"":""432.40"",""ask_price"":""439.60""},{""bid_quantity"":20,""ask_quantity"":60,""bid_orders"":1,""ask_orders"":2,""bid_price"":""432.35"",""ask_price"":""439.65""},{""bid_quantity"":40,""ask_quantity"":20,""bid_orders"":1,""ask_orders"":1,""bid_price"":""432.30"",""ask_price"":""439.70""},{""bid_quantity"":100,""ask_quantity"":20,""bid_orders"":1,""ask_orders"":1,""bid_price"":""432.25"",""ask_price"":""439.75""}]"
09:15:01.586,1791517501586968608,2235244140902435,Full Data,8,1114813,519.25,20,09:15:01,,,533.42,1700,7740,10800,57500,"[{""bid_quantity"":40,""ask_quantity"":80,""bid_orders"":1,""ask_orders"":1,""bid_price"":""516.75"",""ask_price"":""522.45""},{""bid_quantity"":40,""ask_quantity"":100,""bid_orders"":1,""ask_orders"":1,""bid_price"":""516.70"",""ask_price"":""525.70""},{""bid_quantity"":80,""ask_quantity"":20,""bid_orders"":2,""ask_orders"":1,""bid_price"":""516.65"",""ask_price"":""529.95""},{""bid_quantity"":20,""ask_quantity"":80,""bid_orders"":1,""ask_orders"":1,""bid_price"":""515.90"",""ask_price"":""530.00""},{""bid_quantity"":20,""ask_quantity"":40,""bid_orders"":1,""ask_orders"":1,""bid_price"":""515.80"",""ask_price"":""530.05""}]"
09:15:01.595,1791517501595760825,2235244149694732,Full Data,8,1114464,758.25,20,09:15:01,,,765.30,4820,7280,36760,272380,"[{""bid_quantity"":60,""ask_quantity"":80,""bid_orders"":2,""ask_orders"":3,""bid_price"":""756.40"",""ask_price"":""766.35""},{""bid_quantity"":20,""ask_quantity"":160,""bid_orders"":1,""ask_orders"":1,""bid_price"":""756.35"",""ask_price"":""766.40""},{""bid_quantity"":60,""ask_quantity"":40,""bid_orders"":2,""ask_orders"":2,""bid_price"":""756.30"",""ask_price"":""766.50""},{""bid_quantity"":220,""ask_quantity"":180,""bid_orders"":1,""ask_orders"":2,""bid_price"":""756.25"",""ask_price"":""766.60""},{""bid_quantity"":20,""ask_quantity"":160,""bid_orders"":1,""ask_orders"":1,""bid_price"":""756.20"",""ask_price"":""766.65""}]"
09:15:01.625,1791517501625303576,2235244179238043,Full Data,8,1116183,486.35,40,09:15:01,,,484.49,12460,16260,24640,319760,"[{""bid_quantity"":80,""ask_quantity"":40,""bid_orders"":2,""ask_orders"":1,""bid_price"":""483.70"",""ask_price"":""487.20""},{""bid_quantity"":20,""ask_quantity"":600,""bid_orders"":1,""ask_orders"":1,""bid_price"":""483.65"",""ask_price"":""487.25""},{""bid_quantity"":20,""ask_quantity"":20,""bid_orders"":1,""ask_orders"":1,""bid_price"":""483.60"",""ask_price"":""487.30""},{""bid_quantity"":20,""ask_quantity"":40,""bid_orders"":1,""ask_orders"":1,""bid_price"":""483.55"",""ask_price"":""490.25""},{""bid_quantity"":20,""ask_quantity"":120,""bid_orders"":1,""ask_orders"":1,""bid_price"":""483.45"",""ask_price"":""490.30""}]"
09:15:01.727,1791517501727538716,2235244281473103,Full Data,8,1102591,623.60,60,09:15:01,,,638.11,5580,6980,12140,209460,"[{""bid_quantity"":40,""ask_quantity"":20,""bid_orders"":1,""ask_orders"":1,""bid_price"":""613.20"",""ask_price"":""621.20""},{""bid_quantity"":60,""ask_quantity"":20,""bid_orders"":1,""ask_orders"":1,""bid_price"":""613.15"",""ask_price"":""621.30""},{""bid_quantity"":40,""ask_quantity"":20,""bid_orders"":1,""ask_orders"":1,""bid_price"":""609.90"",""ask_price"":""621.35""},{""bid_quantity"":20,""ask_quantity"":20,""bid_orders"":1,""ask_orders"":1,""bid_price"":""609.85"",""ask_price"":""621.40""},{""bid_quantity"":20,""ask_quantity"":20,""bid_orders"":1,""ask_orders"":1,""bid_price"":""609.75"",""ask_price"":""621.50""}]"
09:15:01.748,1791517501748039849,2235244301973836,Full Data,8,1102591,621.05,20,09:15:01,,,637.41,5760,6700,14140,209460,"[{""bid_quantity"":60,""ask_quantity"":40,""bid_orders"":1,""ask_orders"":2,""bid_price"":""614.80"",""ask_price"":""621.05""},{""bid_quantity"":40,""ask_quantity"":140,""bid_orders"":1,""ask_orders"":1,""bid_price"":""609.95"",""ask_price"":""621.10""},{""bid_quantity"":100,""ask_quantity"":40,""bid_orders"":2,""ask_orders"":1,""bid_price"":""609.90"",""ask_price"":""621.15""},{""bid_quantity"":20,""ask_quantity"":100,""bid_orders"":1,""ask_orders"":1,""bid_price"":""609.85"",""ask_price"":""621.20""},{""bid_quantity"":20,""ask_quantity"":20,""bid_orders"":1,""ask_orders"":1,""bid_price"":""609.75"",""ask_price"":""621.35""}]"
09:15:01.779,1791517501779036329,2235244332970316,Full Data,8,1111309,704.45,20,09:15:01,,,703.32,2200,4800,14000,98080,"[{""bid_quantity"":40,""ask_quantity"":40,""bid_orders"":1,""ask_orders"":2,""bid_price"":""704.25"",""ask_price"":""711.95""},{""bid_quantity"":60,""ask_quantity"":220,""bid_orders"":2,""ask_orders"":3,""bid_price"":""704.20"",""ask_price"":""712.00""},{""bid_quantity"":40,""ask_quantity"":80,""bid_orders"":1,""ask_orders"":1,""bid_price"":""704.15"",""ask_price"":""717.50""},{""bid_quantity"":20,""ask_quantity"":20,""bid_orders"":1,""ask_orders"":1,""bid_price"":""704.10"",""ask_price"":""717.85""},{""bid_quantity"":20,""ask_quantity"":40,""bid_orders"":1,""ask_orders"":2,""bid_price"":""704.00"",""ask_price"":""718.60""}]"
09:15:01.781,1791517501781094662,2235244335028569,Full Data,8,1107704,0.00,0,00:00:00,,,0.00,0,2600,3700,17620,"[{""bid_quantity"":80,""ask_quantity"":60,""bid_orders"":2,""ask_orders"":2,""bid_price"":""660.55"",""ask_price"":""693.50""},{""bid_quantity"":40,""ask_quantity"":140,""bid_orders"":1,""ask_orders"":1,""bid_price"":""660.45"",""ask_price"":""693.55""},{""bid_quantity"":100,""ask_quantity"":60,""bid_orders"":1,""ask_orders"":2,""bid_price"":""660.40"",""ask_price"":""693.60""},{""bid_quantity"":100,""ask_quantity"":20,""bid_orders"":1,""ask_orders"":1,""bid_price"":""660.00"",""ask_price"":""693.70""},{""bid_quantity"":120,""ask_quantity"":20,""bid_orders"":1,""ask_orders"":1,""bid_price"":""658.65"",""ask_price"":""693.80""}]"
09:15:01.799,1791517501799993624,2235244353927691,Full Data,8,1107704,0.00,0,00:00:00,,,0.00,0,2600,3700,17620,"[{""bid_quantity"":80,""ask_quantity"":100,""bid_orders"":2,""ask_orders"":3,""bid_price"":""660.55"",""ask_price"":""693.30""},{""bid_quantity"":40,""ask_quantity"":60,""bid_orders"":1,""ask_orders"":2,""bid_price"":""660.45"",""ask_price"":""693.40""},{""bid_quantity"":100,""ask_quantity"":20,""bid_orders"":1,""ask_orders"":1,""bid_price"":""660.40"",""ask_price"":""693.50""},{""bid_quantity"":100,""ask_quantity"":120,""bid_orders"":1,""ask_orders"":2,""bid_price"":""660.00"",""ask_price"":""693.60""},{""bid_quantity"":120,""ask_quantity"":20,""bid_orders"":1,""ask_orders"":1,""bid_price"":""658.65"",""ask_price"":""693.70""}]"
09:15:01.811,1791517501811923501,2235244365857808,Full Data,8,1107336,397.50,20,09:15:01,,,409.03,5340,9800,12180,304080,"[{""bid_quantity"":40,""ask_quantity"":80,""bid_orders"":1,""ask_orders"":2,""bid_price"":""392.85"",""ask_price"":""396.70""},{""bid_quantity"":20,""ask_quantity"":40,""bid_orders"":1,""ask_orders"":1,""bid_price"":""392.80"",""ask_price"":""396.80""},{""bid_quantity"":20,""ask_quantity"":20,""bid_orders"":1,""ask_orders"":1,""bid_price"":""392.70"",""ask_price"":""396.85""},{""bid_quantity"":20,""ask_quantity"":20,""bid_orders"":1,""ask_orders"":1,""bid_price"":""392.60"",""ask_price"":""396.95""},{""bid_quantity"":20,""ask_quantity"":20,""bid_orders"":1,""ask_orders"":1,""bid_price"":""392.50"",""ask_price"":""397.05""}]"
09:15:01.836,1791517501836380499,2235244390314686,Full Data,8,1111309,711.75,20,09:15:01,,,703.40,2240,5360,13820,98080,"[{""bid_quantity"":20,""ask_quantity"":20,""bid_orders"":1,""ask_orders"":1,""bid_price"":""700.05"",""ask_price"":""708.95""},{""bid_quantity"":80,""ask_quantity"":20,""bid_orders"":2,""ask_orders"":1,""bid_price"":""700.00"",""ask_price"":""709.00""},{""bid_quantity"":20,""ask_quantity"":320,""bid_orders"":1,""ask_orders"":2,""bid_price"":""699.95"",""ask_price"":""709.05""},{""bid_quantity"":40,""ask_quantity"":20,""bid_orders"":1,""ask_orders"":1,""bid_price"":""699.90"",""ask_price"":""709.15""},{""bid_quantity"":20,""ask_quantity"":100,""bid_orders"":1,""ask_orders"":1,""bid_price"":""699.75"",""ask_price"":""709.20""}]"
09:15:01.950,1791517501950490956,2235244504425063,Full Data,8,1105793,532.55,20,09:15:01,,,539.65,4780,8540,12400,50360,"[{""bid_quantity"":60,""ask_quantity"":120,""bid_orders"":2,""ask_orders"":4,""bid_price"":""528.95"",""ask_price"":""534.65""},{""bid_quantity"":40,""ask_quantity"":40,""bid_orders"":1,""ask_orders"":1,""bid_price"":""528.90"",""ask_price"":""534.70""},{""bid_quantity"":40,""ask_quantity"":320,""bid_orders"":1,""ask_orders"":1,""bid_price"":""527.90"",""ask_price"":""534.75""},{""bid_quantity"":40,""ask_quantity"":100,""bid_orders"":1,""ask_orders"":1,""bid_price"":""527.85"",""ask_price"":""535.20""},{""bid_quantity"":100,""ask_quantity"":100,""bid_orders"":1,""ask_orders"":1,""bid_price"":""527.60"",""ask_price"":""535.60""}]"
09:15:02.029,1791517502029754308,2235244583689135,Full Data,8,1105793,531.50,20,09:15:02,,,539.43,4920,10160,11820,50360,"[{""bid_quantity"":40,""ask_quantity"":20,""bid_orders"":1,""ask_orders"":1,""bid_price"":""528.80"",""ask_price"":""532.65""},{""bid_quantity"":20,""ask_quantity"":20,""bid_orders"":1,""ask_orders"":1,""bid_price"":""528.75"",""ask_price"":""532.80""},{""bid_quantity"":80,""ask_quantity"":20,""bid_orders"":2,""ask_orders"":1,""bid_price"":""528.60"",""ask_price"":""532.95""},{""bid_quantity"":20,""ask_quantity"":40,""bid_orders"":1,""ask_orders"":1,""bid_price"":""528.55"",""ask_price"":""533.05""},{""bid_quantity"":120,""ask_quantity"":40,""bid_orders"":2,""ask_orders"":1,""bid_price"":""528.40"",""ask_price"":""533.10""}]"
09:15:02.117,1791517502117651636,2235244671585943,Full Data,8,1112083,583.90,40,09:15:02,,,591.66,4680,8160,20180,97520,"[{""bid_quantity"":40,""ask_quantity"":40,""bid_orders"":1,""ask_orders"":1,""bid_price"":""581.85"",""ask_price"":""590.10""},{""bid_quantity"":40,""ask_quantity"":40,""bid_orders"":1,""ask_orders"":1,""bid_price"":""581.80"",""ask_price"":""590.15""},{""bid_quantity"":40,""ask_quantity"":80,""bid_orders"":1,""ask_orders"":2,""bid_price"":""581.75"",""ask_price"":""590.20""},{""bid_quantity"":20,""ask_quantity"":1280,""bid_orders"":1,""ask_orders"":3,""bid_price"":""581.70"",""ask_price"":""590.25""},{""bid_quantity"":100,""ask_quantity"":100,""bid_orders"":1,""ask_orders"":1,""bid_price"":""580.80"",""ask_price"":""590.40""}]"
09:15:02.169,1791517502169589252,2235244723523559,Full Data,8,1115207,640.50,40,09:15:02,,,645.13,5260,11260,17860,97240,"[{""bid_quantity"":40,""ask_quantity"":40,""bid_orders"":1,""ask_orders"":2,""bid_price"":""634.35"",""ask_price"":""640.80""},{""bid_quantity"":40,""ask_quantity"":40,""bid_orders"":1,""ask_orders"":1,""bid_price"":""634.30"",""ask_price"":""640.85""},{""bid_quantity"":60,""ask_quantity"":600,""bid_orders"":2,""ask_orders"":1,""bid_price"":""634.25"",""ask_price"":""640.90""},{""bid_quantity"":20,""ask_quantity"":120,""bid_orders"":1,""ask_orders"":1,""bid_price"":""634.20"",""ask_price"":""641.20""},{""bid_quantity"":600,""ask_quantity"":20,""bid_orders"":1,""ask_orders"":1,""bid_price"":""634.10"",""ask_price"":""641.25""}]"
09:15:02.199,1791517502199314004,2235244753247911,Full Data,8,1112083,588.55,20,09:15:02,,,591.62,4760,7660,20420,97520,"[{""bid_quantity"":40,""ask_quantity"":60,""bid_orders"":1,""ask_orders"":2,""bid_price"":""584.85"",""ask_price"":""589.50""},{""bid_quantity"":40,""ask_quantity"":20,""bid_orders"":1,""ask_orders"":1,""bid_price"":""584.80"",""ask_price"":""589.55""},{""bid_quantity"":20,""ask_quantity"":20,""bid_orders"":1,""ask_orders"":1,""bid_price"":""584.45"",""ask_price"":""589.60""},{""bid_quantity"":100,""ask_quantity"":60,""bid_orders"":1,""ask_orders"":2,""bid_price"":""584.40"",""ask_price"":""589.70""},{""bid_quantity"":120,""ask_quantity"":600,""bid_orders"":1,""ask_orders"":1,""bid_price"":""584.05"",""ask_price"":""589.80""}]"
09:15:02.208,1791517502208120581,2235244762054528,Full Data,8,1115207,642.00,40,09:15:02,,,645.10,5300,10460,17280,97240,"[{""bid_quantity"":40,""ask_quantity"":20,""bid_orders"":2,""ask_orders"":1,""bid_price"":""639.60"",""ask_price"":""642.00""},{""bid_quantity"":80,""ask_quantity"":340,""bid_orders"":2,""ask_orders"":1,""bid_price"":""639.50"",""ask_price"":""642.40""},{""bid_quantity"":20,""ask_quantity"":20,""bid_orders"":1,""ask_orders"":1,""bid_price"":""639.45"",""ask_price"":""644.00""},{""bid_quantity"":40,""ask_quantity"":40,""bid_orders"":1,""ask_orders"":1,""bid_price"":""639.40"",""ask_price"":""644.45""},{""bid_quantity"":20,""ask_quantity"":340,""bid_orders"":1,""ask_orders"":1,""bid_price"":""639.35"",""ask_price"":""644.80""}]"
09:15:02.437,1791517502437203620,2235244991137927,Full Data,8,1114046,436.70,20,09:15:02,,,444.43,2300,6600,31100,119180,"[{""bid_quantity"":20,""ask_quantity"":60,""bid_orders"":1,""ask_orders"":2,""bid_price"":""434.90"",""ask_price"":""436.70""},{""bid_quantity"":20,""ask_quantity"":40,""bid_orders"":1,""ask_orders"":1,""bid_price"":""434.70"",""ask_price"":""437.55""},{""bid_quantity"":40,""ask_quantity"":20,""bid_orders"":1,""ask_orders"":1,""bid_price"":""434.55"",""ask_price"":""437.60""},{""bid_quantity"":20,""ask_quantity"":100,""bid_orders"":1,""ask_orders"":1,""bid_price"":""434.50"",""ask_price"":""438.00""},{""bid_quantity"":20,""ask_quantity"":40,""bid_orders"":1,""ask_orders"":1,""bid_price"":""434.30"",""ask_price"":""441.05""}]"
09:15:02.482,1791517502482933996,2235245036868223,Full Data,8,1111639,561.25,20,09:15:02,,,567.98,2940,7000,13020,60460,"[{""bid_quantity"":160,""ask_quantity"":40,""bid_orders"":1,""ask_orders"":1,""bid_price"":""561.05"",""ask_price"":""566.60""},{""bid_quantity"":40,""ask_quantity"":40,""bid_orders"":2,""ask_orders"":1,""bid_price"":""561.00"",""ask_price"":""568.25""},{""bid_quantity"":160,""ask_quantity"":20,""bid_orders"":1,""ask_orders"":1,""bid_price"":""560.95"",""ask_price"":""568.35""},{""bid_quantity"":40,""ask_quantity"":100,""bid_orders"":2,""ask_orders"":1,""bid_price"":""560.90"",""ask_price"":""568.40""},{""bid_quantity"":160,""ask_quantity"":100,""bid_orders"":1,""ask_orders"":1,""bid_price"":""560.85"",""ask_price"":""568.80""}]"
09:15:02.518,1791517502519007029,2235245072941016,Full Data,8,1110871,474.95,20,09:15:02,,,485.54,3240,10020,8880,81380,"[{""bid_quantity"":40,""ask_quantity"":40,""bid_orders"":1,""ask_orders"":1,""bid_price"":""475.35"",""ask_price"":""476.85""},{""bid_quantity"":20,""ask_quantity"":20,""bid_orders"":1,""ask_orders"":1,""bid_price"":""475.30"",""ask_price"":""477.05""},{""bid_quantity"":40,""ask_quantity"":40,""bid_orders"":1,""ask_orders"":1,""bid_price"":""475.20"",""ask_price"":""477.70""},{""bid_quantity"":20,""ask_quantity"":40,""bid_orders"":1,""ask_orders"":1,""bid_price"":""475.15"",""ask_price"":""480.20""},{""bid_quantity"":20,""ask_quantity"":20,""bid_orders"":1,""ask_orders"":1,""bid_price"":""474.95"",""ask_price"":""480.25""}]"
09:15:02.554,1791517502554955741,2235245108890008,Full Data,8,1111639,568.35,20,09:15:02,,,567.98,2960,6780,12540,60460,"[{""bid_quantity"":260,""ask_quantity"":80,""bid_orders"":6,""ask_orders"":2,""bid_price"":""565.00"",""ask_price"":""574.90""},{""bid_quantity"":160,""ask_quantity"":40,""bid_orders"":1,""ask_orders"":1,""bid_price"":""564.95"",""ask_price"":""575.00""},{""bid_quantity"":20,""ask_quantity"":40,""bid_orders"":1,""ask_orders"":1,""bid_price"":""564.90"",""ask_price"":""575.30""},{""bid_quantity"":160,""ask_quantity"":100,""bid_orders"":1,""ask_orders"":1,""bid_price"":""564.85"",""ask_price"":""575.60""},{""bid_quantity"":160,""ask_quantity"":100,""bid_orders"":4,""ask_orders"":1,""bid_price"":""564.80"",""ask_price"":""576.00""}]"
09:15:02.571,1791517502571714169,2235245125648116,Ticker Data,0,51,71825.17,,09:15:02,,,,,,,,
09:15:02.588,1791517502588878680,2235245142812827,Full Data,8,1104245,434.05,20,09:15:02,,,441.07,4040,7520,11380,52960,"[{""bid_quantity"":40,""ask_quantity"":40,""bid_orders"":2,""ask_orders"":1,""bid_price"":""432.85"",""ask_price"":""435.90""},{""bid_quantity"":40,""ask_quantity"":80,""bid_orders"":1,""ask_orders"":2,""bid_price"":""432.80"",""ask_price"":""439.75""},{""bid_quantity"":60,""ask_quantity"":80,""bid_orders"":2,""ask_orders"":1,""bid_price"":""432.75"",""ask_price"":""439.80""},{""bid_quantity"":40,""ask_quantity"":80,""bid_orders"":1,""ask_orders"":1,""bid_price"":""432.65"",""ask_price"":""439.85""},{""bid_quantity"":120,""ask_quantity"":120,""bid_orders"":1,""ask_orders"":1,""bid_price"":""430.45"",""ask_price"":""439.95""}]"
09:15:02.591,1791517502591923580,2235245145857407,Full Data,8,1114813,515.40,20,09:15:02,,,529.92,2880,5940,8540,57500,"[{""bid_quantity"":60,""ask_quantity"":20,""bid_orders"":2,""ask_orders"":1,""bid_price"":""522.30"",""ask_price"":""526.75""},{""bid_quantity"":40,""ask_quantity"":20,""bid_orders"":1,""ask_orders"":1,""bid_price"":""522.25"",""ask_price"":""526.85""},{""bid_quantity"":60,""ask_quantity"":20,""bid_orders"":2,""ask_orders"":1,""bid_price"":""522.20"",""ask_price"":""526.95""},{""bid_quantity"":20,""ask_quantity"":20,""bid_orders"":1,""ask_orders"":1,""bid_price"":""522.10"",""ask_price"":""527.05""},{""bid_quantity"":20,""ask_quantity"":20,""bid_orders"":1,""ask_orders"":1,""bid_price"":""522.00"",""ask_price"":""527.15""}]"
09:15:02.601,1791517502601500162,2235245155434389,Full Data,8,1114464,760.30,20,09:15:02,,,762.51,7640,7180,38420,272380,"[{""bid_quantity"":140,""ask_quantity"":20,""bid_orders"":2,""ask_orders"":1,""bid_price"":""755.60"",""ask_price"":""760.40""},{""bid_quantity"":20,""ask_quantity"":60,""bid_orders"":1,""ask_orders"":2,""bid_price"":""755.50"",""ask_price"":""760.45""},{""bid_quantity"":20,""ask_quantity"":40,""bid_orders"":1,""ask_orders"":1,""bid_price"":""755.40"",""ask_price"":""760.50""},{""bid_quantity"":20,""ask_quantity"":20,""bid_orders"":1,""ask_orders"":1,""bid_price"":""755.30"",""ask_price"":""760.55""},{""bid_quantity"":20,""ask_quantity"":20,""bid_orders"":1,""ask_orders"":1,""bid_price"":""755.20"",""ask_price"":""760.60""}]"
09:15:02.610,1791517502610118497,2235245164052404,Full Data,8,1116183,485.85,280,09:15:02,,,484.63,18640,19320,29320,319760,"[{""bid_quantity"":40,""ask_quantity"":60,""bid_orders"":1,""ask_orders"":2,""bid_price"":""481.90"",""ask_price"":""486.75""},{""bid_quantity"":20,""ask_quantity"":20,""bid_orders"":1,""ask_orders"":1,""bid_price"":""481.85"",""ask_price"":""486.80""},{""bid_quantity"":20,""ask_quantity"":20,""bid_orders"":1,""ask_orders"":1,""bid_price"":""481.75"",""ask_price"":""486.85""},{""bid_quantity"":60,""ask_quantity"":120,""bid_orders"":2,""ask_orders"":4,""bid_price"":""481.65"",""ask_price"":""487.15""},{""bid_quantity"":40,""ask_quantity"":120,""bid_orders"":1,""ask_orders"":1,""bid_price"":""481.60"",""ask_price"":""487.25""}]"
09:15:02.640,1791517502640834936,2235245194768923,Full Data,8,1114813,515.40,20,09:15:02,,,529.92,2880,6020,9080,57500,"[{""bid_quantity"":80,""ask_quantity"":20,""bid_orders"":2,""ask_orders"":1,""bid_price"":""530.25"",""ask_price"":""536.65""},{""bid_quantity"":60,""ask_quantity"":20,""bid_orders"":2,""ask_orders"":1,""bid_price"":""530.20"",""ask_price"":""536.75""},{""bid_quantity"":60,""ask_quantity"":100,""bid_orders"":2,""ask_orders"":1,""bid_price"":""530.10"",""ask_price"":""536.80""},{""bid_quantity"":20,""ask_quantity"":20,""bid_orders"":1,""ask_orders"":1,""bid_price"":""530.00"",""ask_price"":""536.85""},{""bid_quantity"":20,""ask_quantity"":20,""bid_orders"":1,""ask_orders"":1,""bid_price"":""529.90"",""ask_price"":""536.95""}]"
09:15:02.655,1791517502655615631,2235245209549578,Full Data,8,1116183,480.40,20,09:15:02,,,484.61,18780,21860,28640,319760,"[{""bid_quantity"":40,""ask_quantity"":40,""bid_orders"":1,""ask_orders"":2,""bid_price"":""480.30"",""ask_price"":""485.90""},{""bid_quantity"":20,""ask_quantity"":20,""bid_orders"":1,""ask_orders"":1,""bid_price"":""480.25"",""ask_price"":""485.95""},{""bid_quantity"":40,""ask_quantity"":40,""bid_orders"":1,""ask_orders"":2,""bid_price"":""480.20"",""ask_price"":""486.00""},{""bid_quantity"":20,""ask_quantity"":20,""bid_orders"":1,""ask_orders"":1,""bid_price"":""480.15"",""ask_price"":""486.05""},{""bid_quantity"":40,""ask_quantity"":20,""bid_orders"":1,""ask_orders"":1,""bid_price"":""480.10"",""ask_price"":""486.10""}]"
09:15:02.670,1791517502670387967,2235245224321874,Full Data,8,1114464,756.30,20,09:15:02,,,762.41,8000,7680,37880,272380,"[{""bid_quantity"":40,""ask_quantity"":80,""bid_orders"":1,""ask_orders"":2,""bid_price"":""752.75"",""ask_price"":""760.30""},{""bid_quantity"":20,""ask_quantity"":60,""bid_orders"":1,""ask_orders"":3,""bid_price"":""752.70"",""ask_price"":""760.35""},{""bid_quantity"":40,""ask_quantity"":100,""bid_orders"":1,""ask_orders"":1,""bid_price"":""752.65"",""ask_price"":""760.40""},{""bid_quantity"":20,""ask_quantity"":180,""bid_orders"":1,""ask_orders"":1,""bid_price"":""752.60"",""ask_price"":""760.75""},{""bid_quantity"":20,""ask_quantity"":100,""bid_orders"":1,""ask_orders"":1,""bid_price"":""752.50"",""ask_price"":""760.80""}]"
09:15:02.751,1791517502751449610,2235245305383717,Full Data,8,1102591,636.75,20,09:15:02,,,633.16,7480,5420,16800,209460,"[{""bid_quantity"":40,""ask_quantity"":140,""bid_orders"":1,""ask_orders"":1,""bid_price"":""636.45"",""ask_price"":""642.35""},{""bid_quantity"":20,""ask_quantity"":140,""bid_orders"":1,""ask_orders"":2,""bid_price"":""635.35"",""ask_price"":""642.40""},{""bid_quantity"":20,""ask_quantity"":100,""bid_orders"":1,""ask_orders"":1,""bid_price"":""635.25"",""ask_price"":""643.60""},{""bid_quantity"":40,""ask_quantity"":100,""bid_orders"":1,""ask_orders"":1,""bid_price"":""635.20"",""ask_price"":""644.00""},{""bid_quantity"":20,""ask_quantity"":60,""bid_orders"":1,""ask_orders"":1,""bid_price"":""635.15"",""ask_price"":""646.75""}]"
09:15:02.783,1791517502783752299,2235245337686246,Full Data,8,1102591,634.90,20,09:15:02,,,633.21,7600,5300,15680,209460,"[{""bid_quantity"":60,""ask_quantity"":20,""bid_orders"":2,""ask_orders"":1,""bid_price"":""634.90"",""ask_price"":""637.35""},{""bid_quantity"":20,""ask_quantity"":20,""bid_orders"":1,""ask_orders"":1,""bid_price"":""634.85"",""ask_price"":""638.20""},{""bid_quantity"":40,""ask_quantity"":40,""bid_orders"":1,""ask_orders"":1,""bid_price"":""633.95"",""ask_price"":""641.25""},{""bid_quantity"":120,""ask_quantity"":40,""bid_orders"":1,""ask_orders"":1,""bid_price"":""633.90"",""ask_price"":""641.35""},{""bid_quantity"":40,""ask_quantity"":40,""bid_orders"":1,""ask_orders"":1,""bid_price"":""633.05"",""ask_price"":""642.30""}]"
09:15:02.803,1791517502803895429,2235245357829296,Full Data,8,1107704,680.65,20,09:15:02,,,682.10,620,4940,6200,17620,"[{""bid_quantity"":40,""ask_quantity"":20,""bid_orders"":1,""ask_orders"":1,""bid_price"":""680.70"",""ask_price"":""693.50""},{""bid_quantity"":60,""ask_quantity"":20,""bid_orders"":2,""ask_orders"":1,""bid_price"":""680.65"",""ask_price"":""693.55""},{""bid_quantity"":20,""ask_quantity"":20,""bid_orders"":1,""ask_orders"":1,""bid_price"":""680.55"",""ask_price"":""693.65""},{""bid_quantity"":20,""ask_quantity"":20,""bid_orders"":1,""ask_orders"":1,""bid_price"":""680.45"",""ask_price"":""693.75""},{""bid_quantity"":100,""ask_quantity"":20,""bid_orders"":1,""ask_orders"":1,""bid_price"":""680.40"",""ask_price"":""693.85""}]"
09:15:02.826,1791517502826172253,2235245380106320,Full Data,8,1107704,680.65,20,09:15:02,,,682.10,620,3260,4220,17620,"[{""bid_quantity"":80,""ask_quantity"":20,""bid_orders"":2,""ask_orders"":1,""bid_price"":""680.70"",""ask_price"":""690.65""},{""bid_quantity"":20,""ask_quantity"":40,""bid_orders"":1,""ask_orders"":2,""bid_price"":""680.65"",""ask_price"":""690.70""},{""bid_quantity"":20,""ask_quantity"":20,""bid_orders"":1,""ask_orders"":1,""bid_price"":""680.55"",""ask_price"":""690.80""},{""bid_quantity"":20,""ask_quantity"":20,""bid_orders"":1,""ask_orders"":1,""bid_price"":""680.45"",""ask_price"":""690.90""},{""bid_quantity"":20,""ask_quantity"":20,""bid_orders"":1,""ask_orders"":1,""bid_price"":""680.35"",""ask_price"":""691.00""}]"
09:15:02.835,1791517502835363872,2235245389297859,Full Data,8,1107336,406.95,20,09:15:02,,,406.27,8460,10860,12820,304080,"[{""bid_quantity"":20,""ask_quantity"":40,""bid_orders"":1,""ask_orders"":1,""bid_price"":""406.75"",""ask_price"":""408.85""},{""bid_quantity"":20,""ask_quantity"":40,""bid_orders"":1,""ask_orders"":1,""bid_price"":""406.55"",""ask_price"":""408.90""},{""bid_quantity"":20,""ask_quantity"":60,""bid_orders"":1,""ask_orders"":2,""bid_price"":""406.35"",""ask_price"":""408.95""},{""bid_quantity"":20,""ask_quantity"":20,""bid_orders"":1,""ask_orders"":1,""bid_price"":""405.65"",""ask_price"":""409.15""},{""bid_quantity"":40,""ask_quantity"":20,""bid_orders"":1,""ask_orders"":1,""bid_price"":""403.25"",""ask_price"":""409.20""}]"
09:15:02.843,1791517502843344124,2235245397278271,Full Data,8,1111309,699.10,20,09:15:02,,,702.83,3200,4320,14940,98080,"[{""bid_quantity"":20,""ask_quantity"":20,""bid_orders"":1,""ask_orders"":1,""bid_price"":""701.55"",""ask_price"":""709.10""},{""bid_quantity"":40,""ask_quantity"":20,""bid_orders"":1,""ask_orders"":1,""bid_price"":""701.50"",""ask_price"":""709.25""},{""bid_quantity"":20,""ask_quantity"":40,""bid_orders"":1,""ask_orders"":1,""bid_price"":""701.45"",""ask_price"":""711.95""},{""bid_quantity"":320,""ask_quantity"":100,""bid_orders"":1,""ask_orders"":1,""bid_price"":""701.35"",""ask_price"":""712.00""},{""bid_quantity"":20,""ask_quantity"":100,""bid_orders"":1,""ask_orders"":1,""bid_price"":""701.20"",""ask_price"":""714.40""}]"
09:15:02.903,1791517502903911195,2235245457845702,Full Data,8,1111309,703.70,20,09:15:02,,,702.97,3280,4880,14520,98080,"[{""bid_quantity"":20,""ask_quantity"":20,""bid_orders"":1,""ask_orders"":1,""bid_price"":""703.70"",""ask_price"":""709.65""},{""bid_quantity"":20,""ask_quantity"":20,""bid_orders"":1,""ask_orders"":1,""bid_price"":""703.65"",""ask_price"":""709.75""},{""bid_quantity"":20,""ask_quantity"":20,""bid_orders"":1,""ask_orders"":1,""bid_price"":""703.55"",""ask_price"":""709.85""},{""bid_quantity"":40,""ask_quantity"":20,""bid_orders"":1,""ask_orders"":1,""bid_price"":""703.50"",""ask_price"":""709.95""},{""bid_quantity"":20,""ask_quantity"":20,""bid_orders"":1,""ask_orders"":1,""bid_price"":""703.45"",""ask_price"":""710.05""}]"
09:15:03.035,1791517503035676726,2235245589610953,Full Data,8,1105793,541.90,20,09:15:03,,,538.30,7120,7960,11900,50360,"[{""bid_quantity"":20,""ask_quantity"":40,""bid_orders"":1,""ask_orders"":2,""bid_price"":""538.05"",""ask_price"":""541.25""},{""bid_quantity"":20,""ask_quantity"":40,""bid_orders"":1,""ask_orders"":2,""bid_price"":""537.85"",""ask_price"":""541.30""},{""bid_quantity"":20,""ask_quantity"":20,""bid_orders"":1,""ask_orders"":1,""bid_price"":""537.65"",""ask_price"":""541.35""},{""bid_quantity"":40,""ask_quantity"":80,""bid_orders"":1,""ask_orders"":3,""bid_price"":""537.40"",""ask_price"":""541.40""},{""bid_quantity"":20,""ask_quantity"":40,""bid_orders"":1,""ask_orders"":2,""bid_price"":""536.90"",""ask_price"":""541.45""}]"
09:15:03.113,1791517503113660030,2235245667594577,Full Data,8,1105793,544.45,40,09:15:03,,,538.52,7420,7080,12260,50360,"[{""bid_quantity"":40,""ask_quantity"":160,""bid_orders"":1,""ask_orders"":2,""bid_price"":""541.30"",""ask_price"":""544.50""},{""bid_quantity"":20,""ask_quantity"":280,""bid_orders"":1,""ask_orders"":1,""bid_price"":""541.25"",""ask_price"":""544.55""},{""bid_quantity"":40,""ask_quantity"":100,""bid_orders"":1,""ask_orders"":1,""bid_price"":""541.10"",""ask_price"":""544.80""},{""bid_quantity"":20,""ask_quantity"":80,""bid_orders"":1,""ask_orders"":1,""bid_price"":""541.05"",""ask_price"":""544.95""},{""bid_quantity"":20,""ask_quantity"":120,""bid_orders"":1,""ask_orders"":1,""bid_price"":""541.00"",""ask_price"":""545.15""}]"
09:15:03.204,1791517503204817099,2235245758751126,Full Data,8,1112083,608.20,60,09:15:03,,,592.17,8500,6780,21600,97520,"[{""bid_quantity"":40,""ask_quantity"":20,""bid_orders"":1,""ask_orders"":1,""bid_price"":""601.15"",""ask_price"":""607.30""},{""bid_quantity"":40,""ask_quantity"":80,""bid_orders"":1,""ask_orders"":1,""bid_price"":""601.10"",""ask_price"":""607.35""},{""bid_quantity"":40,""ask_quantity"":20,""bid_orders"":1,""ask_orders"":1,""bid_price"":""601.05"",""ask_price"":""607.40""},{""bid_quantity"":20,""ask_quantity"":40,""bid_orders"":1,""ask_orders"":1,""bid_price"":""600.80"",""ask_price"":""607.65""},{""bid_quantity"":20,""ask_quantity"":60,""bid_orders"":1,""ask_orders"":1,""bid_price"":""600.70"",""ask_price"":""608.20""}]"
09:15:03.210,1791517503210422335,2235245764356282,Full Data,8,1115207,660.70,20,09:15:03,,,645.24,7280,11460,18840,97240,"[{""bid_quantity"":40,""ask_quantity"":20,""bid_orders"":1,""ask_orders"":1,""bid_price"":""656.90"",""ask_price"":""659.95""},{""bid_quantity"":20,""ask_quantity"":480,""bid_orders"":1,""ask_orders"":1,""bid_price"":""656.85"",""ask_price"":""660.15""},{""bid_quantity"":40,""ask_quantity"":60,""bid_orders"":1,""ask_orders"":2,""bid_price"":""656.80"",""ask_price"":""660.25""},{""bid_quantity"":20,""ask_quantity"":20,""bid_orders"":1,""ask_orders"":1,""bid_price"":""656.75"",""ask_price"":""660.30""},{""bid_quantity"":20,""ask_quantity"":20,""bid_orders"":1,""ask_orders"":1,""bid_price"":""656.65"",""ask_price"":""660.40""}]"
09:15:03.281,1791517503281402874,2235245835337101,Full Data,8,1115207,658.35,40,09:15:03,,,646.34,7880,11340,17900,97240,"[{""bid_quantity"":40,""ask_quantity"":40,""bid_orders"":1,""ask_orders"":2,""bid_price"":""656.85"",""ask_price"":""663.45""},{""bid_quantity"":280,""ask_quantity"":40,""bid_orders"":1,""ask_orders"":2,""bid_price"":""656.80"",""ask_price"":""663.50""},{""bid_quantity"":100,""ask_quantity"":40,""bid_orders"":1,""ask_orders"":1,""bid_price"":""656.00"",""ask_price"":""663.55""},{""bid_quantity"":40,""ask_quantity"":60,""bid_orders"":1,""ask_orders"":2,""bid_price"":""655.65"",""ask_price"":""663.60""},{""bid_quantity"":100,""ask_quantity"":20,""bid_orders"":1,""ask_orders"":1,""bid_price"":""655.60"",""ask_price"":""663.70""}]"
09:15:03.289,1791517503289472006,2235245843406113,Full Data,8,1112083,607.90,20,09:15:03,,,592.33,8600,9200,20640,97520,"[{""bid_quantity"":40,""ask_quantity"":140,""bid_orders"":1,""ask_orders"":3,""bid_price"":""600.80"",""ask_price"":""608.00""},{""bid_quantity"":220,""ask_quantity"":20,""bid_orders"":2,""ask_orders"":1,""bid_price"":""600.75"",""ask_price"":""608.10""},{""bid_quantity"":60,""ask_quantity"":20,""bid_orders"":1,""ask_orders"":1,""bid_price"":""600.60"",""ask_price"":""608.20""},{""bid_quantity"":100,""ask_quantity"":20,""bid_orders"":1,""ask_orders"":1,""bid_price"":""600.40"",""ask_price"":""608.30""},{""bid_quantity"":100,""ask_quantity"":280,""bid_orders"":1,""ask_orders"":3,""bid_price"":""600.00"",""ask_price"":""608.40""}]"
09:15:03.448,1791517503448296312,2235246002230339,Full Data,8,1114046,440.90,20,09:15:03,,,445.53,3420,9520,30840,119180,"[{""bid_quantity"":40,""ask_quantity"":20,""bid_orders"":1,""ask_orders"":1,""bid_price"":""438.15"",""ask_price"":""439.55""},{""bid_quantity"":40,""ask_quantity"":40,""bid_orders"":1,""ask_orders"":1,""bid_price"":""438.10"",""ask_price"":""440.25""},{""bid_quantity"":80,""ask_quantity"":20,""bid_orders"":2,""ask_orders"":1,""bid_price"":""438.05"",""ask_price"":""442.60""},{""bid_quantity"":80,""ask_quantity"":40,""bid_orders"":1,""ask_orders"":1,""bid_price"":""435.70"",""ask_price"":""442.65""},{""bid_quantity"":320,""ask_quantity"":140,""bid_orders"":1,""ask_orders"":1,""bid_price"":""435.65"",""ask_price"":""442.70""}]"
09:15:03.518,1791517503518751247,2235246072685714,Full Data,8,1110871,480.00,20,09:15:03,,,486.44,4740,8140,9480,81380,"[{""bid_quantity"":20,""ask_quantity"":60,""bid_orders"":1,""ask_orders"":2,""bid_price"":""480.05"",""ask_price"":""482.55""},{""bid_quantity"":60,""ask_quantity"":20,""bid_orders"":2,""ask_orders"":1,""bid_price"":""479.90"",""ask_price"":""482.60""},{""bid_quantity"":40,""ask_quantity"":40,""bid_orders"":1,""ask_orders"":1,""bid_price"":""479.85"",""ask_price"":""482.65""},{""bid_quantity"":20,""ask_quantity"":20,""bid_orders"":1,""ask_orders"":1,""bid_price"":""479.80"",""ask_price"":""482.80""},{""bid_quantity"":60,""ask_quantity"":20,""bid_orders"":2,""ask_orders"":1,""bid_price"":""479.70"",""ask_price"":""483.00""}]"
09:15:03.541,1791517503541989677,2235246095923784,Full Data,8,1111639,574.85,20,09:15:03,,,569.87,3620,6520,17100,60460,"[{""bid_quantity"":80,""ask_quantity"":120,""bid_orders"":4,""ask_orders"":3,""bid_price"":""565.25"",""ask_price"":""572.35""},{""bid_quantity"":120,""ask_quantity"":40,""bid_orders"":2,""ask_orders"":1,""bid_price"":""565.20"",""ask_price"":""572.45""},{""bid_quantity"":60,""ask_quantity"":100,""bid_orders"":3,""ask_orders"":1,""bid_price"":""565.15"",""ask_price"":""574.00""},{""bid_quantity"":40,""ask_quantity"":100,""bid_orders"":2,""ask_orders"":1,""bid_price"":""565.05"",""ask_price"":""574.40""},{""bid_quantity"":40,""ask_quantity"":140,""bid_orders"":2,""ask_orders"":1,""bid_price"":""564.95"",""ask_price"":""576.30""}]"
09:15:03.563,1791517503563557896,2235246117492003,Ticker Data,0,51,71816.97,,09:15:03,,,,,,,,
09:15:03.600,1791517503600584335,2235246154518322,Full Data,8,1111639,574.85,20,09:15:03,,,569.87,3620,6120,17980,60460,"[{""bid_quantity"":40,""ask_quantity"":20,""bid_orders"":1,""ask_orders"":1,""bid_price"":""572.85"",""ask_price"":""576.90""},{""bid_quantity"":20,""ask_quantity"":100,""bid_orders"":1,""ask_orders"":1,""bid_price"":""572.80"",""ask_price"":""580.50""},{""bid_quantity"":20,""ask_quantity"":60,""bid_orders"":1,""ask_orders"":2,""bid_price"":""572.70"",""ask_price"":""585.80""},{""bid_quantity"":20,""ask_quantity"":60,""bid_orders"":1,""ask_orders"":2,""bid_price"":""572.60"",""ask_price"":""585.85""},{""bid_quantity"":20,""ask_quantity"":60,""bid_orders"":1,""ask_orders"":2,""bid_price"":""572.50"",""ask_price"":""585.90""}]"
09:15:03.642,1791517503642284485,2235246196218552,Full Data,8,1114813,527.35,20,09:15:03,,,529.57,3340,7480,10740,57500,"[{""bid_quantity"":40,""ask_quantity"":60,""bid_orders"":1,""ask_orders"":1,""bid_price"":""530.55"",""ask_price"":""532.45""},{""bid_quantity"":20,""ask_quantity"":40,""bid_orders"":1,""ask_orders"":1,""bid_price"":""530.35"",""ask_price"":""533.60""},{""bid_quantity"":20,""ask_quantity"":80,""bid_orders"":1,""ask_orders"":1,""bid_price"":""530.25"",""ask_price"":""533.95""},{""bid_quantity"":20,""ask_quantity"":100,""bid_orders"":1,""ask_orders"":1,""bid_price"":""530.15"",""ask_price"":""534.00""},{""bid_quantity"":20,""ask_quantity"":100,""bid_orders"":1,""ask_orders"":1,""bid_price"":""530.05"",""ask_price"":""534.40""}]"
09:15:03.657,1791517503657779185,2235246211713092,Full Data,8,1116183,493.75,20,09:15:03,,,485.87,27800,20140,32140,319760,"[{""bid_quantity"":40,""ask_quantity"":40,""bid_orders"":1,""ask_orders"":1,""bid_price"":""491.65"",""ask_price"":""493.15""},{""bid_quantity"":40,""ask_quantity"":40,""bid_orders"":1,""ask_orders"":1,""bid_price"":""491.60"",""ask_price"":""495.55""},{""bid_quantity"":40,""ask_quantity"":140,""bid_orders"":1,""ask_orders"":1,""bid_price"":""491.55"",""ask_price"":""495.60""},{""bid_quantity"":20,""ask_quantity"":140,""bid_orders"":1,""ask_orders"":1,""bid_price"":""491.05"",""ask_price"":""496.30""},{""bid_quantity"":20,""ask_quantity"":140,""bid_orders"":1,""ask_orders"":1,""bid_price"":""490.95"",""ask_price"":""496.60""}]"
09:15:03.683,1791517503683856313,2235246237790220,Full Data,8,1104245,444.70,20,09:15:03,,,441.22,5260,8920,10680,52960,"[{""bid_quantity"":20,""ask_quantity"":40,""bid_orders"":1,""ask_orders"":1,""bid_price"":""442.20"",""ask_price"":""443.70""},{""bid_quantity"":20,""ask_quantity"":20,""bid_orders"":1,""ask_orders"":1,""bid_price"":""442.00"",""ask_price"":""443.75""},{""bid_quantity"":20,""ask_quantity"":40,""bid_orders"":1,""ask_orders"":1,""bid_price"":""441.80"",""ask_price"":""443.85""},{""bid_quantity"":20,""ask_quantity"":20,""bid_orders"":1,""ask_orders"":1,""bid_price"":""441.65"",""ask_price"":""443.90""},{""bid_quantity"":20,""ask_quantity"":40,""bid_orders"":1,""ask_orders"":1,""bid_price"":""441.45"",""ask_price"":""444.05""}]"
09:15:03.684,1791517503684173035,2235246238106742,Full Data,8,1114464,768.25,20,09:15:03,,,763.22,9580,8500,39840,272380,"[{""bid_quantity"":20,""ask_quantity"":20,""bid_orders"":1,""ask_orders"":1,""bid_price"":""763.35"",""ask_price"":""768.25""},{""bid_quantity"":20,""ask_quantity"":100,""bid_orders"":1,""ask_orders"":2,""bid_price"":""763.25"",""ask_price"":""768.30""},{""bid_quantity"":20,""ask_quantity"":40,""bid_orders"":1,""ask_orders"":1,""bid_price"":""763.15"",""ask_price"":""768.35""},{""bid_quantity"":20,""ask_quantity"":160,""bid_orders"":1,""ask_orders"":1,""bid_price"":""763.05"",""ask_price"":""768.40""},{""bid_quantity"":20,""ask_quantity"":20,""bid_orders"":1,""ask_orders"":1,""bid_price"":""762.95"",""ask_price"":""771.05""}]"
09:15:03.695,1791517503695397348,2235246249331375,Full Data,8,1114813,527.35,20,09:15:03,,,529.57,3340,7140,9400,57500,"[{""bid_quantity"":40,""ask_quantity"":60,""bid_orders"":1,""ask_orders"":1,""bid_price"":""530.85"",""ask_price"":""532.45""},{""bid_quantity"":40,""ask_quantity"":40,""bid_orders"":1,""ask_orders"":1,""bid_price"":""529.70"",""ask_price"":""532.95""},{""bid_quantity"":80,""ask_quantity"":40,""bid_orders"":2,""ask_orders"":1,""bid_price"":""526.10"",""ask_price"":""534.10""},{""bid_quantity"":120,""ask_quantity"":100,""bid_orders"":1,""ask_orders"":1,""bid_price"":""526.05"",""ask_price"":""534.80""},{""bid_quantity"":40,""ask_quantity"":100,""bid_orders"":1,""ask_orders"":1,""bid_price"":""523.30"",""ask_price"":""535.20""}]"
09:15:03.701,1791517503701910070,2235246255843977,Full Data,8,1116183,488.60,20,09:15:03,,,485.88,27820,20960,31060,319760,"[{""bid_quantity"":160,""ask_quantity"":40,""bid_orders"":2,""ask_orders"":1,""bid_price"":""486.45"",""ask_price"":""490.20""},{""bid_quantity"":20,""ask_quantity"":60,""bid_orders"":1,""ask_orders"":3,""bid_price"":""486.35"",""ask_price"":""490.25""},{""bid_quantity"":40,""ask_quantity"":40,""bid_orders"":1,""ask_orders"":1,""bid_price"":""485.70"",""ask_price"":""490.30""},{""bid_quantity"":40,""ask_quantity"":60,""bid_orders"":1,""ask_orders"":3,""bid_price"":""485.65"",""ask_price"":""490.35""},{""bid_quantity"":100,""ask_quantity"":20,""bid_orders"":1,""ask_orders"":1,""bid_price"":""485.60"",""ask_price"":""490.45""}]"
09:15:03.730,1791517503730392214,2235246284326521,Full Data,8,1104245,441.00,20,09:15:03,,,441.26,5600,8760,10240,52960,"[{""bid_quantity"":40,""ask_quantity"":40,""bid_orders"":1,""ask_orders"":2,""bid_price"":""439.45"",""ask_price"":""442.25""},{""bid_quantity"":20,""ask_quantity"":20,""bid_orders"":1,""ask_orders"":1,""bid_price"":""439.40"",""ask_price"":""442.40""},{""bid_quantity"":20,""ask_quantity"":40,""bid_orders"":1,""ask_orders"":1,""bid_price"":""439.20"",""ask_price"":""444.55""},{""bid_quantity"":40,""ask_quantity"":20,""bid_orders"":1,""ask_orders"":1,""bid_price"":""439.05"",""ask_price"":""444.60""},{""bid_quantity"":20,""ask_quantity"":160,""bid_orders"":1,""ask_orders"":1,""bid_price"":""439.00"",""ask_price"":""444.65""}]"
09:15:03.752,1791517503752049314,2235246305983341,Full Data,8,1114464,768.25,20,09:15:03,,,763.22,9580,8800,39660,272380,"[{""bid_quantity"":20,""ask_quantity"":40,""bid_orders"":1,""ask_orders"":1,""bid_price"":""758.50"",""ask_price"":""762.55""},{""bid_quantity"":20,""ask_quantity"":60,""bid_orders"":1,""ask_orders"":2,""bid_price"":""758.40"",""ask_price"":""762.60""},{""bid_quantity"":340,""ask_quantity"":60,""bid_orders"":2,""ask_orders"":2,""bid_price"":""758.30"",""ask_price"":""762.65""},{""bid_quantity"":20,""ask_quantity"":20,""bid_orders"":1,""ask_orders"":1,""bid_price"":""758.20"",""ask_price"":""762.75""},{""bid_quantity"":20,""ask_quantity"":20,""bid_orders"":1,""ask_orders"":1,""bid_price"":""758.10"",""ask_price"":""762.85""}]"
09:15:03.782,1791517503782126548,2235246336060855,Full Data,8,1102591,633.90,20,09:15:03,,,631.90,9020,8660,18440,209460,"[{""bid_quantity"":40,""ask_quantity"":440,""bid_orders"":1,""ask_orders"":12,""bid_price"":""630.25"",""ask_price"":""634.90""},{""bid_quantity"":20,""ask_quantity"":100,""bid_orders"":1,""ask_orders"":1,""bid_price"":""630.20"",""ask_price"":""636.10""},{""bid_quantity"":20,""ask_quantity"":80,""bid_orders"":1,""ask_orders"":2,""bid_price"":""630.15"",""ask_price"":""636.20""},{""bid_quantity"":40,""ask_quantity"":100,""bid_orders"":2,""ask_orders"":1,""bid_price"":""630.10"",""ask_price"":""636.25""},{""bid_quantity"":40,""ask_quantity"":20,""bid_orders"":2,""ask_orders"":1,""bid_price"":""630.00"",""ask_price"":""637.35""}]"
09:15:03.796,1791517503796200839,2235246350134826,Full Data,8,1102591,630.40,20,09:15:03,,,631.87,9200,8740,18040,209460,"[{""bid_quantity"":20,""ask_quantity"":80,""bid_orders"":1,""ask_orders"":2,""bid_price"":""631.40"",""ask_price"":""634.85""},{""bid_quantity"":20,""ask_quantity"":280,""bid_orders"":1,""ask_orders"":7,""bid_price"":""631.30"",""ask_price"":""634.90""},{""bid_quantity"":20,""ask_quantity"":40,""bid_orders"":1,""ask_orders"":1,""bid_price"":""631.20"",""ask_price"":""636.20""},{""bid_quantity"":20,""ask_quantity"":100,""bid_orders"":1,""ask_orders"":1,""bid_price"":""631.10"",""ask_price"":""636.25""},{""bid_quantity"":20,""ask_quantity"":40,""bid_orders"":1,""ask_orders"":1,""bid_price"":""631.00"",""ask_price"":""636.50""}]"
09:15:03.826,1791517503826803277,2235246380737344,Full Data,8,1107704,677.40,20,09:15:03,,,681.95,640,3820,5500,17620,"[{""bid_quantity"":100,""ask_quantity"":20,""bid_orders"":4,""ask_orders"":1,""bid_price"":""679.75"",""ask_price"":""687.10""},{""bid_quantity"":20,""ask_quantity"":40,""bid_orders"":1,""ask_orders"":1,""bid_price"":""679.70"",""ask_price"":""688.15""},{""bid_quantity"":140,""ask_quantity"":140,""bid_orders"":5,""ask_orders"":1,""bid_price"":""679.65"",""ask_price"":""690.30""},{""bid_quantity"":100,""ask_quantity"":40,""bid_orders"":1,""ask_orders"":1,""bid_price"":""679.60"",""ask_price"":""700.65""},{""bid_quantity"":60,""ask_quantity"":20,""bid_orders"":3,""ask_orders"":1,""bid_price"":""679.40"",""ask_price"":""707.50""}]"
09:15:03.846,1791517503846643325,2235246400577472,Full Data,8,1107704,677.40,20,09:15:03,,,681.95,640,3520,5440,17620,"[{""bid_quantity"":120,""ask_quantity"":20,""bid_orders"":4,""ask_orders"":1,""bid_price"":""680.75"",""ask_price"":""687.10""},{""bid_quantity"":80,""ask_quantity"":40,""bid_orders"":3,""ask_orders"":1,""bid_price"":""680.70"",""ask_price"":""687.80""},{""bid_quantity"":100,""ask_quantity"":140,""bid_orders"":1,""ask_orders"":1,""bid_price"":""680.00"",""ask_price"":""690.30""},{""bid_quantity"":80,""ask_quantity"":40,""bid_orders"":3,""ask_orders"":1,""bid_price"":""679.85"",""ask_price"":""700.65""},{""bid_quantity"":140,""ask_quantity"":60,""bid_orders"":1,""ask_orders"":1,""bid_price"":""679.80"",""ask_price"":""707.45""}]"
09:15:03.905,1791517503905430705,2235246459364852,Full Data,8,1111309,699.70,20,09:15:03,,,705.69,5100,7140,15400,98080,"[{""bid_quantity"":100,""ask_quantity"":40,""bid_orders"":2,""ask_orders"":1,""bid_price"":""698.20"",""ask_price"":""702.75""},{""bid_quantity"":320,""ask_quantity"":40,""bid_orders"":1,""ask_orders"":1,""bid_price"":""698.15"",""ask_price"":""702.80""},{""bid_quantity"":80,""ask_quantity"":80,""bid_orders"":1,""ask_orders"":2,""bid_price"":""696.20"",""ask_price"":""702.85""},{""bid_quantity"":120,""ask_quantity"":20,""bid_orders"":1,""ask_orders"":1,""bid_price"":""695.65"",""ask_price"":""702.90""},{""bid_quantity"":140,""ask_quantity"":20,""bid_orders"":1,""ask_orders"":1,""bid_price"":""695.20"",""ask_price"":""702.95""}]"
09:15:03.956,1791517503956793436,2235246510727464,Full Data,8,1111309,699.70,20,09:15:03,,,705.69,5100,7100,15780,98080,"[{""bid_quantity"":520,""ask_quantity"":40,""bid_orders"":2,""ask_orders"":1,""bid_price"":""698.20"",""ask_price"":""702.85""},{""bid_quantity"":60,""ask_quantity"":60,""bid_orders"":1,""ask_orders"":2,""bid_price"":""696.45"",""ask_price"":""702.90""},{""bid_quantity"":100,""ask_quantity"":20,""bid_orders"":1,""ask_orders"":1,""bid_price"":""696.40"",""ask_price"":""702.95""},{""bid_quantity"":80,""ask_quantity"":60,""bid_orders"":1,""ask_orders"":2,""bid_price"":""696.20"",""ask_price"":""703.00""},{""bid_quantity"":100,""ask_quantity"":20,""bid_orders"":1,""ask_orders"":1,""bid_price"":""696.00"",""ask_price"":""703.05""}]"
09:15:04.116,1791517504116094506,2235246670028533,Full Data,8,1105793,542.10,20,09:15:04,,,539.11,8700,7160,11340,50360,"[{""bid_quantity"":20,""ask_quantity"":40,""bid_orders"":1,""ask_orders"":2,""bid_price"":""540.15"",""ask_price"":""541.75""},{""bid_quantity"":20,""ask_quantity"":20,""bid_orders"":1,""ask_orders"":1,""bid_price"":""540.10"",""ask_price"":""541.90""},{""bid_quantity"":20,""ask_quantity"":20,""bid_orders"":1,""ask_orders"":1,""bid_price"":""540.05"",""ask_price"":""542.10""},{""bid_quantity"":20,""ask_quantity"":20,""bid_orders"":1,""ask_orders"":1,""bid_price"":""539.90"",""ask_price"":""542.30""},{""bid_quantity"":40,""ask_quantity"":20,""bid_orders"":1,""ask_orders"":1,""bid_price"":""539.85"",""ask_price"":""542.50""}]"
09:15:04.193,1791517504193659247,2235246747593394,Full Data,8,1105793,543.75,20,09:15:04,,,539.29,9140,8700,12020,50360,"[{""bid_quantity"":20,""ask_quantity"":40,""bid_orders"":1,""ask_orders"":2,""bid_price"":""541.30"",""ask_price"":""543.10""},{""bid_quantity"":40,""ask_quantity"":20,""bid_orders"":1,""ask_orders"":1,""bid_price"":""541.15"",""ask_price"":""543.25""},{""bid_quantity"":20,""ask_quantity"":20,""bid_orders"":1,""ask_orders"":1,""bid_price"":""541.10"",""ask_price"":""543.30""},{""bid_quantity"":20,""ask_quantity"":20,""bid_orders"":1,""ask_orders"":1,""bid_price"":""540.90"",""ask_price"":""543.50""},{""bid_quantity"":40,""ask_quantity"":20,""bid_orders"":1,""ask_orders"":1,""bid_price"":""540.80"",""ask_price"":""543.65""}]"
09:15:04.302,1791517504302939953,2235246856874020,Full Data,8,1112083,600.30,20,09:15:04,,,592.78,9780,6920,23400,97520,"[{""bid_quantity"":40,""ask_quantity"":80,""bid_orders"":1,""ask_orders"":3,""bid_price"":""596.40"",""ask_price"":""600.30""},{""bid_quantity"":40,""ask_quantity"":60,""bid_orders"":1,""ask_orders"":1,""bid_price"":""596.35"",""ask_price"":""600.80""},{""bid_quantity"":20,""ask_quantity"":100,""bid_orders"":1,""ask_orders"":1,""bid_price"":""596.30"",""ask_price"":""602.00""},{""bid_quantity"":40,""ask_quantity"":100,""bid_orders"":1,""ask_orders"":1,""bid_price"":""595.90"",""ask_price"":""602.40""},{""bid_quantity"":40,""ask_quantity"":140,""bid_orders"":1,""ask_orders"":1,""bid_price"":""595.85"",""ask_price"":""602.50""}]"
09:15:04.342,1791517504342477928,2235246896412155,Full Data,8,1115207,651.15,60,09:15:04,,,646.59,8520,10280,17600,97240,"[{""bid_quantity"":40,""ask_quantity"":20,""bid_orders"":1,""ask_orders"":1,""bid_price"":""652.05"",""ask_price"":""652.90""},{""bid_quantity"":20,""ask_quantity"":20,""bid_orders"":1,""ask_orders"":1,""bid_price"":""652.00"",""ask_price"":""656.60""},{""bid_quantity"":40,""ask_quantity"":120,""bid_orders"":1,""ask_orders"":1,""bid_price"":""651.95"",""ask_price"":""658.80""},{""bid_quantity"":20,""ask_quantity"":480,""bid_orders"":1,""ask_orders"":1,""bid_price"":""651.90"",""ask_price"":""658.95""},{""bid_quantity"":40,""ask_quantity"":1000,""bid_orders"":2,""ask_orders"":1,""bid_price"":""651.05"",""ask_price"":""660.00""}]"
09:15:04.383,1791517504383939476,2235246937873663,Full Data,8,1112083,600.80,60,09:15:04,,,592.84,9860,5900,20960,97520,"[{""bid_quantity"":40,""ask_quantity"":60,""bid_orders"":1,""ask_orders"":2,""bid_price"":""599.20"",""ask_price"":""605.95""},{""bid_quantity"":40,""ask_quantity"":100,""bid_orders"":1,""ask_orders"":1,""bid_price"":""599.15"",""ask_price"":""606.75""},{""bid_quantity"":20,""ask_quantity"":140,""bid_orders"":1,""ask_orders"":1,""bid_price"":""599.10"",""ask_price"":""607.40""},{""bid_quantity"":40,""ask_quantity"":40,""bid_orders"":1,""ask_orders"":1,""bid_price"":""599.05"",""ask_price"":""607.75""},{""bid_quantity"":20,""ask_quantity"":40,""bid_orders"":1,""ask_orders"":1,""bid_price"":""599.00"",""ask_price"":""608.20""}]"
09:15:04.436,1791517504436856858,2235246990791005,Full Data,8,1114046,440.00,20,09:15:04,,,445.49,3600,9120,30540,119180,"[{""bid_quantity"":60,""ask_quantity"":40,""bid_orders"":2,""ask_orders"":1,""bid_price"":""441.65"",""ask_price"":""446.35""},{""bid_quantity"":20,""ask_quantity"":20,""bid_orders"":1,""ask_orders"":1,""bid_price"":""441.55"",""ask_price"":""446.55""},{""bid_quantity"":20,""ask_quantity"":140,""bid_orders"":1,""ask_orders"":1,""bid_price"":""441.50"",""ask_price"":""446.60""},{""bid_quantity"":20,""ask_quantity"":20,""bid_orders"":1,""ask_orders"":1,""bid_price"":""441.40"",""ask_price"":""447.10""},{""bid_quantity"":20,""ask_quantity"":60,""bid_orders"":1,""ask_orders"":1,""bid_price"":""441.30"",""ask_price"":""447.15""}]"
09:15:04.508,1791517504508756122,2235247062690189,Full Data,8,1110871,488.45,20,09:15:04,,,485.86,5560,8460,9400,81380,"[{""bid_quantity"":20,""ask_quantity"":40,""bid_orders"":1,""ask_orders"":1,""bid_price"":""487.45"",""ask_price"":""490.35""},{""bid_quantity"":20,""ask_quantity"":20,""bid_orders"":1,""ask_orders"":1,""bid_price"":""487.40"",""ask_price"":""490.40""},{""bid_quantity"":20,""ask_quantity"":360,""bid_orders"":1,""ask_orders"":2,""bid_price"":""487.35"",""ask_price"":""490.55""},{""bid_quantity"":60,""ask_quantity"":100,""bid_orders"":2,""ask_orders"":1,""bid_price"":""487.30"",""ask_price"":""490.75""},{""bid_quantity"":20,""ask_quantity"":20,""bid_orders"":1,""ask_orders"":1,""bid_price"":""487.20"",""ask_price"":""491.05""}]"
09:15:04.557,1791517504557059274,2235247110993781,Ticker Data,0,51,71782.08,,09:15:04,,,,,,,,
09:15:04.606,1791517504606577034,2235247160511221,Full Data,8,1111639,581.35,20,09:15:04,,,571.18,4300,6400,17680,60460,"[{""bid_quantity"":20,""ask_quantity"":20,""bid_orders"":1,""ask_orders"":1,""bid_price"":""578.15"",""ask_price"":""583.05""},{""bid_quantity"":40,""ask_quantity"":40,""bid_orders"":1,""ask_orders"":1,""bid_price"":""578.10"",""ask_price"":""583.10""},{""bid_quantity"":20,""ask_quantity"":60,""bid_orders"":1,""ask_orders"":2,""bid_price"":""578.00"",""ask_price"":""583.15""},{""bid_quantity"":20,""ask_quantity"":40,""bid_orders"":1,""ask_orders"":1,""bid_price"":""577.95"",""ask_price"":""583.20""},{""bid_quantity"":20,""ask_quantity"":20,""bid_orders"":1,""ask_orders"":1,""bid_price"":""577.85"",""ask_price"":""583.25""}]"
09:15:04.658,1791517504658394889,2235247212328916,Full Data,8,1111639,580.15,20,09:15:04,,,571.27,4360,7220,17140,60460,"[{""bid_quantity"":80,""ask_quantity"":60,""bid_orders"":3,""ask_orders"":2,""bid_price"":""574.05"",""ask_price"":""581.45""},{""bid_quantity"":20,""ask_quantity"":40,""bid_orders"":1,""ask_orders"":1,""bid_price"":""573.95"",""ask_price"":""581.50""},{""bid_quantity"":20,""ask_quantity"":60,""bid_orders"":1,""ask_orders"":2,""bid_price"":""573.85"",""ask_price"":""581.55""},{""bid_quantity"":20,""ask_quantity"":20,""bid_orders"":1,""ask_orders"":1,""bid_price"":""573.75"",""ask_price"":""581.65""},{""bid_quantity"":20,""ask_quantity"":20,""bid_orders"":1,""ask_orders"":1,""bid_price"":""573.65"",""ask_price"":""581.75""}]"
09:15:04.696,1791517504696932018,2235247250866205,Full Data,8,1114813,532.30,40,09:15:04,,,530.38,4260,9160,12880,57500,"[{""bid_quantity"":20,""ask_quantity"":20,""bid_orders"":1,""ask_orders"":1,""bid_price"":""531.95"",""ask_price"":""534.85""},{""bid_quantity"":40,""ask_quantity"":40,""bid_orders"":1,""ask_orders"":1,""bid_price"":""531.90"",""ask_price"":""534.95""},{""bid_quantity"":60,""ask_quantity"":20,""bid_orders"":2,""ask_orders"":1,""bid_price"":""531.85"",""ask_price"":""535.20""},{""bid_quantity"":60,""ask_quantity"":80,""bid_orders"":2,""ask_orders"":1,""bid_price"":""531.80"",""ask_price"":""535.95""},{""bid_quantity"":20,""ask_quantity"":100,""bid_orders"":1,""ask_orders"":1,""bid_price"":""531.75"",""ask_price"":""536.00""}]"
09:15:04.719,1791517504719284482,2235247273218549,Full Data,8,1116183,494.00,20,09:15:04,,,486.40,32400,22520,33580,319760,"[{""bid_quantity"":20,""ask_quantity"":80,""bid_orders"":1,""ask_orders"":2,""bid_price"":""489.85"",""ask_price"":""494.05""},{""bid_quantity"":100,""ask_quantity"":80,""bid_orders"":3,""ask_orders"":2,""bid_price"":""489.70"",""ask_price"":""494.15""},{""bid_quantity"":40,""ask_quantity"":60,""bid_orders"":2,""ask_orders"":3,""bid_price"":""489.65"",""ask_price"":""494.20""},{""bid_quantity"":160,""ask_quantity"":40,""bid_orders"":1,""ask_orders"":1,""bid_price"":""489.55"",""ask_price"":""494.35""},{""bid_quantity"":20,""ask_quantity"":20,""bid_orders"":1,""ask_orders"":1,""bid_price"":""489.50"",""ask_price"":""494.40""}]"
09:15:04.753,1791517504753640664,2235247307575131,Full Data,8,1104245,443.50,20,09:15:04,,,441.68,6960,9140,10520,52960,"[{""bid_quantity"":20,""ask_quantity"":20,""bid_orders"":1,""ask_orders"":1,""bid_price"":""443.30"",""ask_price"":""444.50""},{""bid_quantity"":20,""ask_quantity"":40,""bid_orders"":1,""ask_orders"":1,""bid_price"":""443.15"",""ask_price"":""444.55""},{""bid_quantity"":320,""ask_quantity"":20,""bid_orders"":1,""ask_orders"":1,""bid_price"":""442.35"",""ask_price"":""444.60""},{""bid_quantity"":60,""ask_quantity"":20,""bid_orders"":1,""ask_orders"":1,""bid_price"":""442.30"",""ask_price"":""444.70""},{""bid_quantity"":40,""ask_quantity"":20,""bid_orders"":1,""ask_orders"":1,""bid_price"":""441.20"",""ask_price"":""444.75""}]"
09:15:04.755,1791517504755902118,2235247309836025,Full Data,8,1114813,533.00,20,09:15:04,,,530.40,4280,6540,10340,57500,"[{""bid_quantity"":40,""ask_quantity"":80,""bid_orders"":1,""ask_orders"":1,""bid_price"":""534.60"",""ask_price"":""535.95""},{""bid_quantity"":60,""ask_quantity"":20,""bid_orders"":2,""ask_orders"":1,""bid_price"":""534.55"",""ask_price"":""536.05""},{""bid_quantity"":20,""ask_quantity"":40,""bid_orders"":1,""ask_orders"":1,""bid_price"":""534.15"",""ask_price"":""536.70""},{""bid_quantity"":40,""ask_quantity"":80,""bid_orders"":1,""ask_orders"":1,""bid_price"":""533.80"",""ask_price"":""541.60""},{""bid_quantity"":20,""ask_quantity"":40,""bid_orders"":1,""ask_orders"":1,""bid_price"":""533.75"",""ask_price"":""541.65""}]"
09:15:04.797,1791517504797516827,2235247351451054,Full Data,8,1102591,634.90,20,09:15:04,,,631.45,11120,7860,20800,209460,"[{""bid_quantity"":40,""ask_quantity"":80,""bid_orders"":1,""ask_orders"":1,""bid_price"":""631.95"",""ask_price"":""635.75""},{""bid_quantity"":20,""ask_quantity"":200,""bid_orders"":1,""ask_orders"":2,""bid_price"":""631.85"",""ask_price"":""635.80""},{""bid_quantity"":40,""ask_quantity"":40,""bid_orders"":1,""ask_orders"":1,""bid_price"":""631.80"",""ask_price"":""636.25""},{""bid_quantity"":20,""ask_quantity"":40,""bid_orders"":1,""ask_orders"":1,""bid_price"":""631.75"",""ask_price"":""641.65""},{""bid_quantity"":20,""ask_quantity"":40,""bid_orders"":1,""ask_orders"":1,""bid_price"":""631.65"",""ask_price"":""641.70""}]"
09:15:04.815,1791517504815336142,2235247369270449,Full Data,8,1104245,443.80,20,09:15:04,,,441.69,7020,11380,12780,52960,"[{""bid_quantity"":60,""ask_quantity"":20,""bid_orders"":2,""ask_orders"":1,""bid_price"":""442.40"",""ask_price"":""443.80""},{""bid_quantity"":320,""ask_quantity"":20,""bid_orders"":1,""ask_orders"":1,""bid_price"":""442.35"",""ask_price"":""443.90""},{""bid_quantity"":60,""ask_quantity"":20,""bid_orders"":1,""ask_orders"":1,""bid_price"":""442.30"",""ask_price"":""443.95""},{""bid_quantity"":20,""ask_quantity"":20,""bid_orders"":1,""ask_orders"":1,""bid_price"":""442.20"",""ask_price"":""444.00""},{""bid_quantity"":20,""ask_quantity"":20,""bid_orders"":1,""ask_orders"":1,""bid_price"":""442.00"",""ask_price"":""444.05""}]"
09:15:04.819,1791517504819939132,2235247373872999,Full Data,8,1102591,631.95,20,09:15:04,,,631.45,11140,7840,21100,209460,"[{""bid_quantity"":80,""ask_quantity"":80,""bid_orders"":3,""ask_orders"":1,""bid_price"":""633.45"",""ask_price"":""635.75""},{""bid_quantity"":40,""ask_quantity"":200,""bid_orders"":2,""ask_orders"":2,""bid_price"":""633.35"",""ask_price"":""635.80""},{""bid_quantity"":40,""ask_quantity"":20,""bid_orders"":1,""ask_orders"":1,""bid_price"":""633.30"",""ask_price"":""636.70""},{""bid_quantity"":40,""ask_quantity"":40,""bid_orders"":2,""ask_orders"":1,""bid_price"":""633.25"",""ask_price"":""637.25""},{""bid_quantity"":40,""ask_quantity"":40,""bid_orders"":1,""ask_orders"":1,""bid_price"":""633.20"",""ask_price"":""641.70""}]"
09:15:04.833,1791517504833806382,2235247387740289,Full Data,8,1114464,764.35,20,09:15:04,,,764.01,11140,8840,39180,272380,"[{""bid_quantity"":500,""ask_quantity"":60,""bid_orders"":2,""ask_orders"":1,""bid_price"":""764.35"",""ask_price"":""765.65""},{""bid_quantity"":20,""ask_quantity"":40,""bid_orders"":1,""ask_orders"":1,""bid_price"":""762.20"",""ask_price"":""765.70""},{""bid_quantity"":200,""ask_quantity"":60,""bid_orders"":1,""ask_orders"":3,""bid_price"":""761.60"",""ask_price"":""765.80""},{""bid_quantity"":140,""ask_quantity"":40,""bid_orders"":1,""ask_orders"":1,""bid_price"":""760.95"",""ask_price"":""769.35""},{""bid_quantity"":20,""ask_quantity"":40,""bid_orders"":1,""ask_orders"":1,""bid_price"":""760.25"",""ask_price"":""769.40""}]"
09:15:04.844,1791517504844561131,2235247398494958,Full Data,8,1107704,685.55,20,09:15:04,,,683.58,1160,7920,7800,17620,"[{""bid_quantity"":60,""ask_quantity"":40,""bid_orders"":2,""ask_orders"":1,""bid_price"":""681.00"",""ask_price"":""689.05""},{""bid_quantity"":140,""ask_quantity"":20,""bid_orders"":1,""ask_orders"":1,""bid_price"":""680.95"",""ask_price"":""689.10""},{""bid_quantity"":40,""ask_quantity"":40,""bid_orders"":1,""ask_orders"":1,""bid_price"":""680.90"",""ask_price"":""689.15""},{""bid_quantity"":20,""ask_quantity"":120,""bid_orders"":1,""ask_orders"":2,""bid_price"":""680.85"",""ask_price"":""689.20""},{""bid_quantity"":20,""ask_quantity"":20,""bid_orders"":1,""ask_orders"":1,""bid_price"":""680.75"",""ask_price"":""689.30""}]"
09:15:04.867,1791517504867913082,2235247421847229,Full Data,8,1107704,685.55,20,09:15:04,,,683.58,1160,8140,8100,17620,"[{""bid_quantity"":40,""ask_quantity"":40,""bid_orders"":1,""ask_orders"":1,""bid_price"":""681.65"",""ask_price"":""687.25""},{""bid_quantity"":20,""ask_quantity"":20,""bid_orders"":1,""ask_orders"":1,""bid_price"":""681.60"",""ask_price"":""687.30""},{""bid_quantity"":20,""ask_quantity"":40,""bid_orders"":1,""ask_orders"":1,""bid_price"":""681.50"",""ask_price"":""687.35""},{""bid_quantity"":20,""ask_quantity"":20,""bid_orders"":1,""ask_orders"":1,""bid_price"":""681.40"",""ask_price"":""687.40""},{""bid_quantity"":20,""ask_quantity"":20,""bid_orders"":1,""ask_orders"":1,""bid_price"":""681.30"",""ask_price"":""687.50""}]"
09:15:04.889,1791517504889985945,2235247443919812,Full Data,8,1107336,410.65,40,09:15:04,,,406.48,15260,13540,17680,304080,"[{""bid_quantity"":40,""ask_quantity"":20,""bid_orders"":1,""ask_orders"":1,""bid_price"":""409.70"",""ask_price"":""410.05""},{""bid_quantity"":40,""ask_quantity"":20,""bid_orders"":1,""ask_orders"":1,""bid_price"":""408.85"",""ask_price"":""410.15""},{""bid_quantity"":40,""ask_quantity"":20,""bid_orders"":1,""ask_orders"":1,""bid_price"":""408.65"",""ask_price"":""410.20""},{""bid_quantity"":100,""ask_quantity"":60,""bid_orders"":1,""ask_orders"":2,""bid_price"":""408.00"",""ask_price"":""410.35""},{""bid_quantity"":40,""ask_quantity"":20,""bid_orders"":1,""ask_orders"":1,""bid_price"":""406.30"",""ask_price"":""410.40""}]"
09:15:04.960,1791517504960362759,2235247514296786,Full Data,8,1111309,705.70,40,09:15:04,,,706.61,6300,6860,15480,98080,"[{""bid_quantity"":40,""ask_quantity"":20,""bid_orders"":1,""ask_orders"":1,""bid_price"":""705.65"",""ask_price"":""709.30""},{""bid_quantity"":260,""ask_quantity"":40,""bid_orders"":2,""ask_orders"":1,""bid_price"":""705.60"",""ask_price"":""709.35""},{""bid_quantity"":40,""ask_quantity"":20,""bid_orders"":1,""ask_orders"":1,""bid_price"":""704.20"",""ask_price"":""709.40""},{""bid_quantity"":40,""ask_quantity"":20,""bid_orders"":1,""ask_orders"":1,""bid_price"":""704.15"",""ask_price"":""709.50""},{""bid_quantity"":120,""ask_quantity"":20,""bid_orders"":1,""ask_orders"":1,""bid_price"":""704.05"",""ask_price"":""709.60""}]"
09:15:05.014,1791517505014313628,2235247568247455,Full Data,8,1111309,705.70,40,09:15:04,,,706.61,6300,7460,15800,98080,"[{""bid_quantity"":20,""ask_quantity"":40,""bid_orders"":1,""ask_orders"":1,""bid_price"":""702.90"",""ask_price"":""706.30""},{""bid_quantity"":20,""ask_quantity"":40,""bid_orders"":1,""ask_orders"":1,""bid_price"":""702.85"",""ask_price"":""706.35""},{""bid_quantity"":40,""ask_quantity"":100,""bid_orders"":1,""ask_orders"":1,""bid_price"":""701.20"",""ask_price"":""706.40""},{""bid_quantity"":40,""ask_quantity"":20,""bid_orders"":1,""ask_orders"":1,""bid_price"":""701.15"",""ask_price"":""706.50""},{""bid_quantity"":40,""ask_quantity"":20,""bid_orders"":1,""ask_orders"":1,""bid_price"":""698.35"",""ask_price"":""706.60""}]"
09:15:05.206,1791517505206759831,2235247760694058,Full Data,8,1105793,540.50,20,09:15:05,,,539.74,10660,6560,12860,50360,"[{""bid_quantity"":20,""ask_quantity"":20,""bid_orders"":1,""ask_orders"":1,""bid_price"":""542.20"",""ask_price"":""543.10""},{""bid_quantity"":20,""ask_quantity"":20,""bid_orders"":1,""ask_orders"":1,""bid_price"":""540.85"",""ask_price"":""543.40""},{""bid_quantity"":40,""ask_quantity"":20,""bid_orders"":1,""ask_orders"":1,""bid_price"":""540.40"",""ask_price"":""543.50""},{""bid_quantity"":20,""ask_quantity"":20,""bid_orders"":1,""ask_orders"":1,""bid_price"":""540.35"",""ask_price"":""543.55""},{""bid_quantity"":20,""ask_quantity"":120,""bid_orders"":1,""ask_orders"":1,""bid_price"":""540.15"",""ask_price"":""543.85""}]"
09:15:05.281,1791517505281103871,2235247835038018,Full Data,8,1105793,545.80,20,09:15:05,,,539.86,10920,6460,13240,50360,"[{""bid_quantity"":40,""ask_quantity"":20,""bid_orders"":2,""ask_orders"":1,""bid_price"":""543.80"",""ask_price"":""546.20""},{""bid_quantity"":60,""ask_quantity"":20,""bid_orders"":2,""ask_orders"":1,""bid_price"":""543.65"",""ask_price"":""546.25""},{""bid_quantity"":20,""ask_quantity"":20,""bid_orders"":1,""ask_orders"":1,""bid_price"":""543.50"",""ask_price"":""546.30""},{""bid_quantity"":20,""ask_quantity"":20,""bid_orders"":1,""ask_orders"":1,""bid_price"":""543.35"",""ask_price"":""546.40""},{""bid_quantity"":40,""ask_quantity"":20,""bid_orders"":1,""ask_orders"":1,""bid_price"":""543.15"",""ask_price"":""546.45""}]"
09:15:05.352,1791517505352827294,2235247906761841,Full Data,8,1115207,651.15,20,09:15:05,,,647.42,9740,10260,17860,97240,"[{""bid_quantity"":60,""ask_quantity"":20,""bid_orders"":2,""ask_orders"":1,""bid_price"":""651.85"",""ask_price"":""654.45""},{""bid_quantity"":20,""ask_quantity"":40,""bid_orders"":1,""ask_orders"":1,""bid_price"":""651.80"",""ask_price"":""655.45""},{""bid_quantity"":20,""ask_quantity"":40,""bid_orders"":1,""ask_orders"":1,""bid_price"":""651.75"",""ask_price"":""655.50""},{""bid_quantity"":80,""ask_quantity"":20,""bid_orders"":2,""ask_orders"":1,""bid_price"":""651.70"",""ask_price"":""655.60""},{""bid_quantity"":20,""ask_quantity"":60,""bid_orders"":1,""ask_orders"":1,""bid_price"":""651.65"",""ask_price"":""656.25""}]"
09:15:05.387,1791517505387229677,2235247941163864,Full Data,8,1112083,597.80,20,09:15:05,,,593.55,12100,6480,25000,97520,"[{""bid_quantity"":20,""ask_quantity"":20,""bid_orders"":1,""ask_orders"":1,""bid_price"":""598.65"",""ask_price"":""599.35""},{""bid_quantity"":20,""ask_quantity"":20,""bid_orders"":1,""ask_orders"":1,""bid_price"":""598.60"",""ask_price"":""599.45""},{""bid_quantity"":20,""ask_quantity"":20,""bid_orders"":1,""ask_orders"":1,""bid_price"":""598.30"",""ask_price"":""599.55""},{""bid_quantity"":20,""ask_quantity"":20,""bid_orders"":1,""ask_orders"":1,""bid_price"":""598.10"",""ask_price"":""599.65""},{""bid_quantity"":20,""ask_quantity"":20,""bid_orders"":1,""ask_orders"":1,""bid_price"":""597.95"",""ask_price"":""599.75""}]"
09:15:05.430,1791517505430350075,2235247984284462,Full Data,8,1115207,652.55,20,09:15:05,,,647.53,9940,10380,18000,97240,"[{""bid_quantity"":20,""ask_quantity"":40,""bid_orders"":1,""ask_orders"":1,""bid_price"":""653.00"",""ask_price"":""655.55""},{""bid_quantity"":20,""ask_quantity"":80,""bid_orders"":1,""ask_orders"":3,""bid_price"":""652.85"",""ask_price"":""655.60""},{""bid_quantity"":20,""ask_quantity"":40,""bid_orders"":1,""ask_orders"":1,""bid_price"":""652.70"",""ask_price"":""655.65""},{""bid_quantity"":20,""ask_quantity"":60,""bid_orders"":1,""ask_orders"":2,""bid_price"":""652.55"",""ask_price"":""655.70""},{""bid_quantity"":60,""ask_quantity"":20,""bid_orders"":1,""ask_orders"":1,""bid_price"":""652.40"",""ask_price"":""655.75""}]"
09:15:05.485,1791517505485720393,2235248039654460,Full Data,8,1112083,600.25,20,09:15:05,,,593.59,12160,7960,27380,97520,"[{""bid_quantity"":20,""ask_quantity"":300,""bid_orders"":1,""ask_orders"":1,""bid_price"":""600.90"",""ask_price"":""602.25""},{""bid_quantity"":20,""ask_quantity"":140,""bid_orders"":1,""ask_orders"":1,""bid_price"":""600.80"",""ask_price"":""602.90""},{""bid_quantity"":20,""ask_quantity"":40,""bid_orders"":1,""ask_orders"":1,""bid_price"":""600.75"",""ask_price"":""603.20""},{""bid_quantity"":20,""ask_quantity"":100,""bid_orders"":1,""ask_orders"":1,""bid_price"":""600.60"",""ask_price"":""604.00""},{""bid_quantity"":20,""ask_quantity"":120,""bid_orders"":1,""ask_orders"":1,""bid_price"":""600.40"",""ask_price"":""604.30""}]"
09:15:05.519,1791517505519778573,2235248073712600,Full Data,8,1110871,487.95,20,09:15:05,,,487.82,7720,9620,9300,81380,"[{""bid_quantity"":20,""ask_quantity"":20,""bid_orders"":1,""ask_orders"":1,""bid_price"":""488.75"",""ask_price"":""490.10""},{""bid_quantity"":60,""ask_quantity"":20,""bid_orders"":2,""ask_orders"":1,""bid_price"":""487.35"",""ask_price"":""490.20""},{""bid_quantity"":40,""ask_quantity"":140,""bid_orders"":2,""ask_orders"":1,""bid_price"":""487.30"",""ask_price"":""490.25""},{""bid_quantity"":20,""ask_quantity"":20,""bid_orders"":1,""ask_orders"":1,""bid_price"":""487.10"",""ask_price"":""490.30""},{""bid_quantity"":20,""ask_quantity"":40,""bid_orders"":1,""ask_orders"":1,""bid_price"":""486.90"",""ask_price"":""491.55""}]"
09:15:05.549,1791517505549886167,2235248103820114,Ticker Data,0,51,71778.51,,09:15:05,,,,,,,,
09:15:05.665,1791517505665372513,2235248219306740,Full Data,8,1111639,579.20,20,09:15:05,,,572.36,4980,7480,17160,60460,"[{""bid_quantity"":20,""ask_quantity"":40,""bid_orders"":1,""ask_orders"":2,""bid_price"":""575.10"",""ask_price"":""579.30""},{""bid_quantity"":20,""ask_quantity"":40,""bid_orders"":1,""ask_orders"":2,""bid_price"":""575.00"",""ask_price"":""579.35""},{""bid_quantity"":40,""ask_quantity"":20,""bid_orders"":2,""ask_orders"":1,""bid_price"":""574.90"",""ask_price"":""579.45""},{""bid_quantity"":40,""ask_quantity"":20,""bid_orders"":2,""ask_orders"":1,""bid_price"":""574.80"",""ask_price"":""579.55""},{""bid_quantity"":40,""ask_quantity"":20,""bid_orders"":2,""ask_orders"":1,""bid_price"":""574.70"",""ask_price"":""579.65""}]"
09:15:05.723,1791517505723948372,2235248277882479,Full Data,8,1111639,571.65,40,09:15:05,,,572.36,5020,7440,17460,60460,"[{""bid_quantity"":40,""ask_quantity"":20,""bid_orders"":1,""ask_orders"":1,""bid_price"":""569.90"",""ask_price"":""573.25""},{""bid_quantity"":20,""ask_quantity"":20,""bid_orders"":1,""ask_orders"":1,""bid_price"":""569.85"",""ask_price"":""573.30""},{""bid_quantity"":40,""ask_quantity"":20,""bid_orders"":1,""ask_orders"":1,""bid_price"":""569.80"",""ask_price"":""573.35""},{""bid_quantity"":20,""ask_quantity"":20,""bid_orders"":1,""ask_orders"":1,""bid_price"":""569.65"",""ask_price"":""573.40""},{""bid_quantity"":40,""ask_quantity"":20,""bid_orders"":2,""ask_orders"":1,""bid_price"":""569.55"",""ask_price"":""573.50""}]"
09:15:05.765,1791517505765466280,2235248319400347,Full Data,8,1114813,524.80,20,09:15:05,,,532.58,7520,11040,9560,57500,"[{""bid_quantity"":20,""ask_quantity"":20,""bid_orders"":1,""ask_orders"":1,""bid_price"":""524.75"",""ask_price"":""526.15""},{""bid_quantity"":40,""ask_quantity"":40,""bid_orders"":1,""ask_orders"":2,""bid_price"":""524.70"",""ask_price"":""526.35""},{""bid_quantity"":20,""ask_quantity"":100,""bid_orders"":1,""ask_orders"":1,""bid_price"":""524.65"",""ask_price"":""526.40""},{""bid_quantity"":20,""ask_quantity"":20,""bid_orders"":1,""ask_orders"":1,""bid_price"":""524.60"",""ask_price"":""526.45""},{""bid_quantity"":40,""ask_quantity"":20,""bid_orders"":1,""ask_orders"":1,""bid_price"":""524.10"",""ask_price"":""526.50""}]"
09:15:05.810,1791517505810432250,2235248364366677,Full Data,8,1114813,524.10,20,09:15:05,,,532.46,7640,9400,9800,57500,"[{""bid_quantity"":140,""ask_quantity"":20,""bid_orders"":2,""ask_orders"":1,""bid_price"":""522.45"",""ask_price"":""523.85""},{""bid_quantity"":40,""ask_quantity"":20,""bid_orders"":1,""ask_orders"":1,""bid_price"":""519.90"",""ask_price"":""523.90""},{""bid_quantity"":40,""ask_quantity"":20,""bid_orders"":1,""ask_orders"":1,""bid_price"":""519.85"",""ask_price"":""523.95""},{""bid_quantity"":40,""ask_quantity"":20,""bid_orders"":1,""ask_orders"":1,""bid_price"":""519.80"",""ask_price"":""524.05""},{""bid_quantity"":120,""ask_quantity"":20,""bid_orders"":1,""ask_orders"":1,""bid_price"":""519.75"",""ask_price"":""524.15""}]"
09:15:05.810,1791517505810573331,2235248364506958,Full Data,8,1116183,493.70,20,09:15:05,,,487.03,37200,21880,34140,319760,"[{""bid_quantity"":20,""ask_quantity"":40,""bid_orders"":1,""ask_orders"":2,""bid_price"":""491.05"",""ask_price"":""492.65""},{""bid_quantity"":20,""ask_quantity"":40,""bid_orders"":1,""ask_orders"":2,""bid_price"":""491.00"",""ask_price"":""493.15""},{""bid_quantity"":20,""ask_quantity"":20,""bid_orders"":1,""ask_orders"":1,""bid_price"":""490.80"",""ask_price"":""493.35""},{""bid_quantity"":120,""ask_quantity"":20,""bid_orders"":1,""ask_orders"":1,""bid_price"":""490.45"",""ask_price"":""493.40""},{""bid_quantity"":200,""ask_quantity"":20,""bid_orders"":2,""ask_orders"":1,""bid_price"":""490.00"",""ask_price"":""493.45""}]"
09:15:05.820,1791517505820090753,2235248374024860,Full Data,8,1104245,443.00,20,09:15:05,,,441.98,8380,9500,11260,52960,"[{""bid_quantity"":60,""ask_quantity"":20,""bid_orders"":2,""ask_orders"":1,""bid_price"":""442.40"",""ask_price"":""444.80""},{""bid_quantity"":20,""ask_quantity"":20,""bid_orders"":1,""ask_orders"":1,""bid_price"":""442.30"",""ask_price"":""445.25""},{""bid_quantity"":60,""ask_quantity"":20,""bid_orders"":1,""ask_orders"":1,""bid_price"":""441.80"",""ask_price"":""445.45""},{""bid_quantity"":120,""ask_quantity"":40,""bid_orders"":1,""ask_orders"":1,""bid_price"":""441.65"",""ask_price"":""445.50""},{""bid_quantity"":140,""ask_quantity"":20,""bid_orders"":1,""ask_orders"":1,""bid_price"":""441.35"",""ask_price"":""445.55""}]"
09:15:05.830,1791517505830539460,2235248384473487,Full Data,8,1102591,618.80,20,09:15:05,,,631.61,13440,7540,18200,209460,"[{""bid_quantity"":40,""ask_quantity"":60,""bid_orders"":1,""ask_orders"":3,""bid_price"":""618.80"",""ask_price"":""624.35""},{""bid_quantity"":40,""ask_quantity"":140,""bid_orders"":1,""ask_orders"":3,""bid_price"":""618.75"",""ask_price"":""624.40""},{""bid_quantity"":40,""ask_quantity"":60,""bid_orders"":1,""ask_orders"":2,""bid_price"":""616.70"",""ask_price"":""624.45""},{""bid_quantity"":40,""ask_quantity"":60,""bid_orders"":1,""ask_orders"":1,""bid_price"":""616.65"",""ask_price"":""624.50""},{""bid_quantity"":140,""ask_quantity"":40,""bid_orders"":1,""ask_orders"":2,""bid_price"":""614.50"",""ask_price"":""624.55""}]"
09:15:05.857,1791517505857462474,2235248411396581,Full Data,8,1102591,618.80,20,09:15:05,,,631.59,13460,7580,18160,209460,"[{""bid_quantity"":20,""ask_quantity"":60,""bid_orders"":1,""ask_orders"":3,""bid_price"":""618.80"",""ask_price"":""623.95""},{""bid_quantity"":40,""ask_quantity"":140,""bid_orders"":1,""ask_orders"":3,""bid_price"":""618.75"",""ask_price"":""624.00""},{""bid_quantity"":40,""ask_quantity"":80,""bid_orders"":1,""ask_orders"":3,""bid_price"":""617.95"",""ask_price"":""624.05""},{""bid_quantity"":40,""ask_quantity"":40,""bid_orders"":1,""ask_orders"":2,""bid_price"":""617.90"",""ask_price"":""624.10""},{""bid_quantity"":40,""ask_quantity"":80,""bid_orders"":1,""ask_orders"":3,""bid_price"":""614.25"",""ask_price"":""624.15""}]"
09:15:05.868,1791517505868381905,2235248422316012,Full Data,8,1107704,685.60,40,09:15:05,,,683.74,1260,4640,6140,17620,"[{""bid_quantity"":40,""ask_quantity"":80,""bid_orders"":1,""ask_orders"":3,""bid_price"":""670.95"",""ask_price"":""680.65""},{""bid_quantity"":20,""ask_quantity"":60,""bid_orders"":1,""ask_orders"":3,""bid_price"":""670.90"",""ask_price"":""680.70""},{""bid_quantity"":40,""ask_quantity"":40,""bid_orders"":1,""ask_orders"":2,""bid_price"":""670.85"",""ask_price"":""680.75""},{""bid_quantity"":20,""ask_quantity"":40,""bid_orders"":1,""ask_orders"":2,""bid_price"":""670.80"",""ask_price"":""680.80""},{""bid_quantity"":40,""ask_quantity"":60,""bid_orders"":2,""ask_orders"":3,""bid_price"":""670.70"",""ask_price"":""680.85""}]"
09:15:05.888,1791517505888222473,2235248442156500,Full Data,8,1107704,685.60,40,09:15:05,,,683.74,1260,4840,5920,17620,"[{""bid_quantity"":40,""ask_quantity"":120,""bid_orders"":1,""ask_orders"":4,""bid_price"":""670.95"",""ask_price"":""680.35""},{""bid_quantity"":20,""ask_quantity"":140,""bid_orders"":1,""ask_orders"":3,""bid_price"":""670.90"",""ask_price"":""680.40""},{""bid_quantity"":40,""ask_quantity"":40,""bid_orders"":1,""ask_orders"":2,""bid_price"":""670.85"",""ask_price"":""680.45""},{""bid_quantity"":20,""ask_quantity"":160,""bid_orders"":1,""ask_orders"":2,""bid_price"":""670.80"",""ask_price"":""680.50""},{""bid_quantity"":20,""ask_quantity"":40,""bid_orders"":1,""ask_orders"":2,""bid_price"":""670.70"",""ask_price"":""680.55""}]"
09:15:05.890,1791517505890542328,2235248444476195,Full Data,8,1104245,443.00,20,09:15:05,,,441.98,8380,8720,11040,52960,"[{""bid_quantity"":20,""ask_quantity"":20,""bid_orders"":1,""ask_orders"":1,""bid_price"":""442.70"",""ask_price"":""444.55""},{""bid_quantity"":60,""ask_quantity"":40,""bid_orders"":2,""ask_orders"":1,""bid_price"":""442.60"",""ask_price"":""445.40""},{""bid_quantity"":20,""ask_quantity"":20,""bid_orders"":1,""ask_orders"":1,""bid_price"":""442.50"",""ask_price"":""445.45""},{""bid_quantity"":40,""ask_quantity"":40,""bid_orders"":1,""ask_orders"":1,""bid_price"":""442.45"",""ask_price"":""445.50""},{""bid_quantity"":20,""ask_quantity"":20,""bid_orders"":1,""ask_orders"":1,""bid_price"":""442.40"",""ask_price"":""445.60""}]"
09:15:05.912,1791517505912673111,2235248466607098,Full Data,8,1107336,400.00,120,09:15:05,,,406.22,17620,10240,36980,304080,"[{""bid_quantity"":40,""ask_quantity"":40,""bid_orders"":1,""ask_orders"":1,""bid_price"":""397.75"",""ask_price"":""400.15""},{""bid_quantity"":20,""ask_quantity"":60,""bid_orders"":1,""ask_orders"":2,""bid_price"":""397.70"",""ask_price"":""400.20""},{""bid_quantity"":320,""ask_quantity"":40,""bid_orders"":1,""ask_orders"":1,""bid_price"":""397.60"",""ask_price"":""400.25""},{""bid_quantity"":100,""ask_quantity"":20,""bid_orders"":2,""ask_orders"":1,""bid_price"":""397.55"",""ask_price"":""400.70""},{""bid_quantity"":40,""ask_quantity"":20,""bid_orders"":1,""ask_orders"":1,""bid_price"":""397.35"",""ask_price"":""400.85""}]"
09:15:05.912,1791517505912790672,2235248466724299,Full Data,8,1114464,769.15,20,09:15:05,,,764.45,12480,10240,39680,272380,"[{""bid_quantity"":80,""ask_quantity"":20,""bid_orders"":2,""ask_orders"":1,""bid_price"":""768.85"",""ask_price"":""772.15""},{""bid_quantity"":20,""ask_quantity"":40,""bid_orders"":1,""ask_orders"":1,""bid_price"":""768.80"",""ask_price"":""775.05""},{""bid_quantity"":40,""ask_quantity"":20,""bid_orders"":1,""ask_orders"":1,""bid_price"":""768.75"",""ask_price"":""775.10""},{""bid_quantity"":20,""ask_quantity"":40,""bid_orders"":1,""ask_orders"":1,""bid_price"":""768.70"",""ask_price"":""775.20""},{""bid_quantity"":20,""ask_quantity"":20,""bid_orders"":1,""ask_orders"":1,""bid_price"":""768.60"",""ask_price"":""775.50""}]"
09:15:06.020,1791517506020873810,2235248574808037,Full Data,8,1111309,711.75,20,09:15:05,,,707.18,7640,6780,15840,98080,"[{""bid_quantity"":20,""ask_quantity"":20,""bid_orders"":1,""ask_orders"":1,""bid_price"":""713.70"",""ask_price"":""715.90""},{""bid_quantity"":20,""ask_quantity"":40,""bid_orders"":1,""ask_orders"":1,""bid_price"":""712.10"",""ask_price"":""715.95""},{""bid_quantity"":20,""ask_quantity"":20,""bid_orders"":1,""ask_orders"":1,""bid_price"":""711.95"",""ask_price"":""716.00""},{""bid_quantity"":20,""ask_quantity"":20,""bid_orders"":1,""ask_orders"":1,""bid_price"":""711.30"",""ask_price"":""716.05""},{""bid_quantity"":40,""ask_quantity"":20,""bid_orders"":1,""ask_orders"":1,""bid_price"":""710.65"",""ask_price"":""716.10""}]"
09:15:06.076,1791517506076095366,2235248630029513,Full Data,8,1111309,714.10,20,09:15:06,,,707.20,7660,6620,17960,98080,"[{""bid_quantity"":40,""ask_quantity"":20,""bid_orders"":1,""ask_orders"":1,""bid_price"":""711.70"",""ask_price"":""713.70""},{""bid_quantity"":20,""ask_quantity"":40,""bid_orders"":1,""ask_orders"":1,""bid_price"":""711.65"",""ask_price"":""716.05""},{""bid_quantity"":40,""ask_quantity"":40,""bid_orders"":1,""ask_orders"":1,""bid_price"":""711.45"",""ask_price"":""716.10""},{""bid_quantity"":320,""ask_quantity"":20,""bid_orders"":1,""ask_orders"":1,""bid_price"":""710.55"",""ask_price"":""718.80""},{""bid_quantity"":40,""ask_quantity"":180,""bid_orders"":1,""ask_orders"":3,""bid_price"":""710.50"",""ask_price"":""719.70""}]"
09:15:06.283,1791517506283207184,2235248837141371,Full Data,8,1105793,551.10,20,09:15:06,,,540.59,12200,10020,17200,50360,"[{""bid_quantity"":20,""ask_quantity"":40,""bid_orders"":1,""ask_orders"":2,""bid_price"":""550.20"",""ask_price"":""551.25""},{""bid_quantity"":40,""ask_quantity"":60,""bid_orders"":2,""ask_orders"":2,""bid_price"":""549.20"",""ask_price"":""551.30""},{""bid_quantity"":40,""ask_quantity"":20,""bid_orders"":1,""ask_orders"":1,""bid_price"":""549.15"",""ask_price"":""551.60""},{""bid_quantity"":20,""ask_quantity"":40,""bid_orders"":1,""ask_orders"":1,""bid_price"":""549.00"",""ask_price"":""553.10""},{""bid_quantity"":40,""ask_quantity"":100,""bid_orders"":1,""ask_orders"":1,""bid_price"":""548.75"",""ask_price"":""553.20""}]"
09:15:06.363,1791517506363420622,2235248917354809,Full Data,8,1105793,552.05,20,09:15:06,,,540.64,12260,9720,16740,50360,"[{""bid_quantity"":60,""ask_quantity"":20,""bid_orders"":2,""ask_orders"":1,""bid_price"":""551.95"",""ask_price"":""552.65""},{""bid_quantity"":20,""ask_quantity"":20,""bid_orders"":1,""ask_orders"":1,""bid_price"":""551.80"",""ask_price"":""552.80""},{""bid_quantity"":20,""ask_quantity"":20,""bid_orders"":1,""ask_orders"":1,""bid_price"":""551.65"",""ask_price"":""552.85""},{""bid_quantity"":20,""ask_quantity"":40,""bid_orders"":1,""ask_orders"":1,""bid_price"":""551.00"",""ask_price"":""553.05""},{""bid_quantity"":20,""ask_quantity"":20,""bid_orders"":1,""ask_orders"":1,""bid_price"":""550.95"",""ask_price"":""553.60""}]"
09:15:06.426,1791517506426365029,2235248980299176,Full Data,8,1115207,660.65,20,09:15:06,,,649.63,12800,12140,21480,97240,"[{""bid_quantity"":20,""ask_quantity"":20,""bid_orders"":1,""ask_orders"":1,""bid_price"":""659.00"",""ask_price"":""660.15""},{""bid_quantity"":40,""ask_quantity"":20,""bid_orders"":1,""ask_orders"":1,""bid_price"":""658.85"",""ask_price"":""660.20""},{""bid_quantity"":20,""ask_quantity"":20,""bid_orders"":1,""ask_orders"":1,""bid_price"":""658.80"",""ask_price"":""660.25""},{""bid_quantity"":40,""ask_quantity"":20,""bid_orders"":1,""ask_orders"":1,""bid_price"":""658.70"",""ask_price"":""660.30""},{""bid_quantity"":20,""ask_quantity"":20,""bid_orders"":1,""ask_orders"":1,""bid_price"":""658.65"",""ask_price"":""660.45""}]"
09:15:06.457,1791517506457616591,2235249011550658,Full Data,8,1114046,436.35,20,09:15:06,,,441.90,13340,11580,34200,119180,"[{""bid_quantity"":20,""ask_quantity"":20,""bid_orders"":1,""ask_orders"":1,""bid_price"":""435.80"",""ask_price"":""437.35""},{""bid_quantity"":20,""ask_quantity"":20,""bid_orders"":1,""ask_orders"":1,""bid_price"":""435.75"",""ask_price"":""437.40""},{""bid_quantity"":20,""ask_quantity"":20,""bid_orders"":1,""ask_orders"":1,""bid_price"":""435.65"",""ask_price"":""438.50""},{""bid_quantity"":20,""ask_quantity"":40,""bid_orders"":1,""ask_orders"":1,""bid_price"":""435.55"",""ask_price"":""438.55""},{""bid_quantity"":20,""ask_quantity"":20,""bid_orders"":1,""ask_orders"":1,""bid_price"":""435.45"",""ask_price"":""438.75""}]"
09:15:06.483,1791517506483764360,2235249037698387,Full Data,8,1115207,656.65,20,09:15:06,,,649.98,13400,13560,19520,97240,"[{""bid_quantity"":20,""ask_quantity"":40,""bid_orders"":1,""ask_orders"":2,""bid_price"":""651.15"",""ask_price"":""652.80""},{""bid_quantity"":40,""ask_quantity"":20,""bid_orders"":1,""ask_orders"":1,""bid_price"":""644.80"",""ask_price"":""652.85""},{""bid_quantity"":40,""ask_quantity"":40,""bid_orders"":1,""ask_orders"":1,""bid_price"":""644.75"",""ask_price"":""652.90""},{""bid_quantity"":80,""ask_quantity"":60,""bid_orders"":1,""ask_orders"":2,""bid_price"":""642.60"",""ask_price"":""653.00""},{""bid_quantity"":20,""ask_quantity"":20,""bid_orders"":1,""ask_orders"":1,""bid_price"":""640.70"",""ask_price"":""653.05""}]"
09:15:06.484,1791517506484133922,2235249038067789,Full Data,8,1112083,600.00,20,09:15:06,,,594.91,14380,9660,28420,97520,"[{""bid_quantity"":20,""ask_quantity"":60,""bid_orders"":1,""ask_orders"":2,""bid_price"":""594.15"",""ask_price"":""597.50""},{""bid_quantity"":80,""ask_quantity"":20,""bid_orders"":4,""ask_orders"":1,""bid_price"":""594.00"",""ask_price"":""597.55""},{""bid_quantity"":40,""ask_quantity"":40,""bid_orders"":2,""ask_orders"":2,""bid_price"":""593.95"",""ask_price"":""597.60""},{""bid_quantity"":60,""ask_quantity"":40,""bid_orders"":1,""ask_orders"":1,""bid_price"":""589.85"",""ask_price"":""597.65""},{""bid_quantity"":40,""ask_quantity"":20,""bid_orders"":1,""ask_orders"":1,""bid_price"":""589.80"",""ask_price"":""597.70""}]"
09:15:06.575,1791517506575925395,2235249129859342,Ticker Data,0,51,71761.62,,09:15:06,,,,,,,,
09:15:06.580,1791517506580766906,2235249134700933,Full Data,8,1112083,596.65,20,09:15:06,,,594.99,14820,9400,28820,97520,"[{""bid_quantity"":20,""ask_quantity"":20,""bid_orders"":1,""ask_orders"":1,""bid_price"":""595.25"",""ask_price"":""596.10""},{""bid_quantity"":20,""ask_quantity"":20,""bid_orders"":1,""ask_orders"":1,""bid_price"":""595.05"",""ask_price"":""596.15""},{""bid_quantity"":20,""ask_quantity"":40,""bid_orders"":1,""ask_orders"":1,""bid_price"":""594.90"",""ask_price"":""596.20""},{""bid_quantity"":20,""ask_quantity"":20,""bid_orders"":1,""ask_orders"":1,""bid_price"":""593.85"",""ask_price"":""596.25""},{""bid_quantity"":40,""ask_quantity"":20,""bid_orders"":1,""ask_orders"":1,""bid_price"":""591.10"",""ask_price"":""596.35""}]"
09:15:06.722,1791517506722680263,2235249276614330,Full Data,8,1111639,583.55,20,09:15:06,,,572.29,6300,10220,21300,60460,"[{""bid_quantity"":20,""ask_quantity"":80,""bid_orders"":1,""ask_orders"":3,""bid_price"":""582.45"",""ask_price"":""585.20""},{""bid_quantity"":20,""ask_quantity"":20,""bid_orders"":1,""ask_orders"":1,""bid_price"":""582.30"",""ask_price"":""585.30""},{""bid_quantity"":20,""ask_quantity"":40,""bid_orders"":1,""ask_orders"":2,""bid_price"":""582.10"",""ask_price"":""585.40""},{""bid_quantity"":20,""ask_quantity"":60,""bid_orders"":1,""ask_orders"":2,""bid_price"":""581.90"",""ask_price"":""585.45""},{""bid_quantity"":20,""ask_quantity"":20,""bid_orders"":1,""ask_orders"":1,""bid_price"":""581.70"",""ask_price"":""585.50""}]"
09:15:06.779,1791517506779242708,2235249333176895,Full Data,8,1111639,583.55,20,09:15:06,,,572.29,6300,10140,21680,60460,"[{""bid_quantity"":20,""ask_quantity"":20,""bid_orders"":1,""ask_orders"":1,""bid_price"":""582.30"",""ask_price"":""583.35""},{""bid_quantity"":20,""ask_quantity"":20,""bid_orders"":1,""ask_orders"":1,""bid_price"":""582.10"",""ask_price"":""583.50""},{""bid_quantity"":20,""ask_quantity"":40,""bid_orders"":1,""ask_orders"":1,""bid_price"":""581.70"",""ask_price"":""583.55""},{""bid_quantity"":20,""ask_quantity"":40,""bid_orders"":1,""ask_orders"":1,""bid_price"":""581.50"",""ask_price"":""583.75""},{""bid_quantity"":20,""ask_quantity"":40,""bid_orders"":1,""ask_orders"":1,""bid_price"":""581.30"",""ask_price"":""583.90""}]"
09:15:06.814,1791517506814267895,2235249368202242,Full Data,8,1116183,491.10,40,09:15:06,,,487.71,40480,24460,48620,319760,"[{""bid_quantity"":20,""ask_quantity"":80,""bid_orders"":1,""ask_orders"":3,""bid_price"":""491.05"",""ask_price"":""494.20""},{""bid_quantity"":20,""ask_quantity"":60,""bid_orders"":1,""ask_orders"":2,""bid_price"":""490.90"",""ask_price"":""494.25""},{""bid_quantity"":20,""ask_quantity"":20,""bid_orders"":1,""ask_orders"":1,""bid_price"":""490.85"",""ask_price"":""494.30""},{""bid_quantity"":20,""ask_quantity"":20,""bid_orders"":1,""ask_orders"":1,""bid_price"":""490.70"",""ask_price"":""494.35""},{""bid_quantity"":20,""ask_quantity"":40,""bid_orders"":1,""ask_orders"":1,""bid_price"":""490.65"",""ask_price"":""495.00""}]"
09:15:06.892,1791517506892176878,2235249446111225,Full Data,8,1107704,692.55,60,09:15:06,,,681.21,1960,8280,10760,17620,"[{""bid_quantity"":120,""ask_quantity"":20,""bid_orders"":4,""ask_orders"":1,""bid_price"":""681.35"",""ask_price"":""690.60""},{""bid_quantity"":80,""ask_quantity"":140,""bid_orders"":3,""ask_orders"":1,""bid_price"":""681.25"",""ask_price"":""690.65""},{""bid_quantity"":100,""ask_quantity"":40,""bid_orders"":1,""ask_orders"":2,""bid_price"":""681.20"",""ask_price"":""690.70""},{""bid_quantity"":40,""ask_quantity"":20,""bid_orders"":2,""ask_orders"":1,""bid_price"":""681.15"",""ask_price"":""690.75""},{""bid_quantity"":40,""ask_quantity"":120,""bid_orders"":2,""ask_orders"":2,""bid_price"":""681.05"",""ask_price"":""690.80""}]"
09:15:06.895,1791517506895065977,2235249448999884,Full Data,8,1104245,446.00,20,09:15:06,,,443.08,10100,10840,14060,52960,"[{""bid_quantity"":40,""ask_quantity"":20,""bid_orders"":1,""ask_orders"":1,""bid_price"":""446.25"",""ask_price"":""448.00""},{""bid_quantity"":20,""ask_quantity"":20,""bid_orders"":1,""ask_orders"":1,""bid_price"":""446.20"",""ask_price"":""448.10""},{""bid_quantity"":40,""ask_quantity"":20,""bid_orders"":1,""ask_orders"":1,""bid_price"":""446.15"",""ask_price"":""448.15""},{""bid_quantity"":20,""ask_quantity"":20,""bid_orders"":1,""ask_orders"":1,""bid_price"":""446.10"",""ask_price"":""448.50""},{""bid_quantity"":20,""ask_quantity"":180,""bid_orders"":1,""ask_orders"":2,""bid_price"":""446.00"",""ask_price"":""449.95""}]"
09:15:06.913,1791517506913695297,2235249467629284,Full Data,8,1107704,692.55,60,09:15:06,,,681.21,1960,10180,12660,17620,"[{""bid_quantity"":120,""ask_quantity"":60,""bid_orders"":4,""ask_orders"":2,""bid_price"":""681.35"",""ask_price"":""690.50""},{""bid_quantity"":80,""ask_quantity"":140,""bid_orders"":3,""ask_orders"":1,""bid_price"":""681.25"",""ask_price"":""690.55""},{""bid_quantity"":100,""ask_quantity"":100,""bid_orders"":1,""ask_orders"":5,""bid_price"":""681.20"",""ask_price"":""690.60""},{""bid_quantity"":40,""ask_quantity"":40,""bid_orders"":2,""ask_orders"":2,""bid_price"":""681.15"",""ask_price"":""690.70""},{""bid_quantity"":40,""ask_quantity"":20,""bid_orders"":2,""ask_orders"":1,""bid_price"":""681.05"",""ask_price"":""690.75""}]"
09:15:06.913,1791517506913809178,2235249467742845,Full Data,8,1114464,768.95,20,09:15:06,,,764.96,16280,13080,45040,272380,"[{""bid_quantity"":20,""ask_quantity"":40,""bid_orders"":1,""ask_orders"":1,""bid_price"":""767.80"",""ask_price"":""771.60""},{""bid_quantity"":60,""ask_quantity"":20,""bid_orders"":2,""ask_orders"":1,""bid_price"":""767.70"",""ask_price"":""771.65""},{""bid_quantity"":140,""ask_quantity"":20,""bid_orders"":1,""ask_orders"":1,""bid_price"":""767.65"",""ask_price"":""771.85""},{""bid_quantity"":20,""ask_quantity"":60,""bid_orders"":1,""ask_orders"":2,""bid_price"":""767.60"",""ask_price"":""772.00""},{""bid_quantity"":20,""ask_quantity"":60,""bid_orders"":1,""ask_orders"":1,""bid_price"":""767.50"",""ask_price"":""772.10""}]"
09:15:06.920,1791517506920703942,2235249474637809,Full Data,8,1107336,412.65,40,09:15:06,,,405.63,24260,12260,49460,304080,"[{""bid_quantity"":40,""ask_quantity"":40,""bid_orders"":1,""ask_orders"":1,""bid_price"":""409.55"",""ask_price"":""412.05""},{""bid_quantity"":20,""ask_quantity"":20,""bid_orders"":1,""ask_orders"":1,""bid_price"":""409.50"",""ask_price"":""412.10""},{""bid_quantity"":40,""ask_quantity"":20,""bid_orders"":1,""ask_orders"":1,""bid_price"":""409.45"",""ask_price"":""412.20""},{""bid_quantity"":20,""ask_quantity"":20,""bid_orders"":1,""ask_orders"":1,""bid_price"":""409.40"",""ask_price"":""412.30""},{""bid_quantity"":40,""ask_quantity"":20,""bid_orders"":1,""ask_orders"":1,""bid_price"":""409.30"",""ask_price"":""412.35""}]"
09:15:06.966,1791517506966893441,2235249520827428,Full Data,8,1104245,446.00,20,09:15:06,,,443.08,10100,13620,15560,52960,"[{""bid_quantity"":160,""ask_quantity"":20,""bid_orders"":2,""ask_orders"":1,""bid_price"":""442.20"",""ask_price"":""446.35""},{""bid_quantity"":40,""ask_quantity"":20,""bid_orders"":1,""ask_orders"":1,""bid_price"":""442.05"",""ask_price"":""446.40""},{""bid_quantity"":140,""ask_quantity"":20,""bid_orders"":1,""ask_orders"":1,""bid_price"":""441.90"",""ask_price"":""446.50""},{""bid_quantity"":100,""ask_quantity"":20,""bid_orders"":1,""ask_orders"":1,""bid_price"":""441.35"",""ask_price"":""446.60""},{""bid_quantity"":60,""ask_quantity"":20,""bid_orders"":1,""ask_orders"":1,""bid_price"":""440.90"",""ask_price"":""446.70""}]"
09:15:06.983,1791517506983059905,2235249536993732,Full Data,8,1114464,765.80,20,09:15:06,,,764.96,16300,13120,44220,272380,"[{""bid_quantity"":40,""ask_quantity"":40,""bid_orders"":2,""ask_orders"":1,""bid_price"":""765.80"",""ask_price"":""771.55""},{""bid_quantity"":20,""ask_quantity"":20,""bid_orders"":1,""ask_orders"":1,""bid_price"":""765.60"",""ask_price"":""771.65""},{""bid_quantity"":20,""ask_quantity"":20,""bid_orders"":1,""ask_orders"":1,""bid_price"":""765.50"",""ask_price"":""771.85""},{""bid_quantity"":20,""ask_quantity"":40,""bid_orders"":1,""ask_orders"":1,""bid_price"":""765.40"",""ask_price"":""771.95""},{""bid_quantity"":20,""ask_quantity"":60,""bid_orders"":1,""ask_orders"":2,""bid_price"":""765.30"",""ask_price"":""772.00""}]"
09:15:07.091,1791517507091610446,2235249645544593,Full Data,8,1111309,706.60,40,09:15:07,,,708.01,8880,10040,19660,98080,"[{""bid_quantity"":20,""ask_quantity"":20,""bid_orders"":1,""ask_orders"":1,""bid_price"":""709.30"",""ask_price"":""711.85""},{""bid_quantity"":40,""ask_quantity"":40,""bid_orders"":1,""ask_orders"":1,""bid_price"":""707.65"",""ask_price"":""711.90""},{""bid_quantity"":20,""ask_quantity"":20,""bid_orders"":1,""ask_orders"":1,""bid_price"":""707.60"",""ask_price"":""711.95""},{""bid_quantity"":20,""ask_quantity"":20,""bid_orders"":1,""ask_orders"":1,""bid_price"":""707.50"",""ask_price"":""712.05""},{""bid_quantity"":20,""ask_quantity"":80,""bid_orders"":1,""ask_orders"":2,""bid_price"":""707.40"",""ask_price"":""712.10""}]"
09:15:07.134,1791517507134390203,2235249688324270,Full Data,8,1111309,706.60,40,09:15:07,,,708.01,8880,11440,21160,98080,"[{""bid_quantity"":20,""ask_quantity"":60,""bid_orders"":1,""ask_orders"":2,""bid_price"":""709.30"",""ask_price"":""712.90""},{""bid_quantity"":40,""ask_quantity"":40,""bid_orders"":1,""ask_orders"":1,""bid_price"":""708.65"",""ask_price"":""712.95""},{""bid_quantity"":40,""ask_quantity"":40,""bid_orders"":1,""ask_orders"":1,""bid_price"":""706.35"",""ask_price"":""713.00""},{""bid_quantity"":60,""ask_quantity"":20,""bid_orders"":1,""ask_orders"":1,""bid_price"":""706.30"",""ask_price"":""713.05""},{""bid_quantity"":140,""ask_quantity"":100,""bid_orders"":1,""ask_orders"":1,""bid_price"":""706.05"",""ask_price"":""713.20""}]"
09:15:07.368,1791517507368588675,2235249922522742,Full Data,8,1105793,546.30,20,09:15:07,,,541.34,16220,11660,18860,50360,"[{""bid_quantity"":40,""ask_quantity"":20,""bid_orders"":1,""ask_orders"":1,""bid_price"":""545.65"",""ask_price"":""548.10""},{""bid_quantity"":20,""ask_quantity"":20,""bid_orders"":1,""ask_orders"":1,""bid_price"":""545.60"",""ask_price"":""548.15""},{""bid_quantity"":20,""ask_quantity"":20,""bid_orders"":1,""ask_orders"":1,""bid_price"":""545.30"",""ask_price"":""548.20""},{""bid_quantity"":20,""ask_quantity"":20,""bid_orders"":1,""ask_orders"":1,""bid_price"":""545.20"",""ask_price"":""548.25""},{""bid_quantity"":20,""ask_quantity"":40,""bid_orders"":1,""ask_orders"":1,""bid_price"":""544.50"",""ask_price"":""548.30""}]"
09:15:07.451,1791517507451494571,2235250005428838,Full Data,8,1105793,546.65,20,09:15:07,,,541.39,16340,9380,17080,50360,"[{""bid_quantity"":120,""ask_quantity"":20,""bid_orders"":4,""ask_orders"":1,""bid_price"":""546.60"",""ask_price"":""547.10""},{""bid_quantity"":20,""ask_quantity"":40,""bid_orders"":1,""ask_orders"":2,""bid_price"":""545.60"",""ask_price"":""547.60""},{""bid_quantity"":20,""ask_quantity"":40,""bid_orders"":1,""ask_orders"":1,""bid_price"":""545.55"",""ask_price"":""548.05""},{""bid_quantity"":40,""ask_quantity"":40,""bid_orders"":1,""ask_orders"":1,""bid_price"":""545.35"",""ask_price"":""548.80""},{""bid_quantity"":40,""ask_quantity"":60,""bid_orders"":1,""ask_orders"":1,""bid_price"":""544.45"",""ask_price"":""548.85""}]"
09:15:07.546,1791517507546351424,2235250100285611,Full Data,8,1115207,659.15,20,09:15:07,,,650.18,14400,12480,21800,97240,"[{""bid_quantity"":20,""ask_quantity"":60,""bid_orders"":1,""ask_orders"":2,""bid_price"":""659.45"",""ask_price"":""661.50""},{""bid_quantity"":20,""ask_quantity"":20,""bid_orders"":1,""ask_orders"":1,""bid_price"":""659.25"",""ask_price"":""661.55""},{""bid_quantity"":20,""ask_quantity"":40,""bid_orders"":1,""ask_orders"":1,""bid_price"":""659.05"",""ask_price"":""661.65""},{""bid_quantity"":20,""ask_quantity"":60,""bid_orders"":1,""ask_orders"":3,""bid_price"":""658.85"",""ask_price"":""661.70""},{""bid_quantity"":20,""ask_quantity"":20,""bid_orders"":1,""ask_orders"":1,""bid_price"":""658.65"",""ask_price"":""661.75""}]"
09:15:07.552,1791517507552525584,2235250106459571,Ticker Data,0,51,71762.50,,09:15:07,,,,,,,,
09:15:07.570,1791517507570157297,2235250124091284,Full Data,8,1112083,606.40,80,09:15:07,,,595.44,16600,9980,29260,97520,"[{""bid_quantity"":20,""ask_quantity"":20,""bid_orders"":1,""ask_orders"":1,""bid_price"":""601.90"",""ask_price"":""603.40""},{""bid_quantity"":20,""ask_quantity"":20,""bid_orders"":1,""ask_orders"":1,""bid_price"":""601.20"",""ask_price"":""603.45""},{""bid_quantity"":20,""ask_quantity"":20,""bid_orders"":1,""ask_orders"":1,""bid_price"":""601.00"",""ask_price"":""603.55""},{""bid_quantity"":20,""ask_quantity"":20,""bid_orders"":1,""ask_orders"":1,""bid_price"":""600.80"",""ask_price"":""603.65""},{""bid_quantity"":40,""ask_quantity"":20,""bid_orders"":1,""ask_orders"":1,""bid_price"":""598.95"",""ask_price"":""603.75""}]"
09:15:07.656,1791517507656322294,2235250210256521,Full Data,8,1112083,601.55,20,09:15:07,,,595.57,16860,9260,29400,97520,"[{""bid_quantity"":20,""ask_quantity"":40,""bid_orders"":1,""ask_orders"":2,""bid_price"":""601.40"",""ask_price"":""603.45""},{""bid_quantity"":20,""ask_quantity"":40,""bid_orders"":1,""ask_orders"":2,""bid_price"":""601.20"",""ask_price"":""603.60""},{""bid_quantity"":20,""ask_quantity"":20,""bid_orders"":1,""ask_orders"":1,""bid_price"":""601.00"",""ask_price"":""603.80""},{""bid_quantity"":40,""ask_quantity"":20,""bid_orders"":1,""ask_orders"":1,""bid_price"":""600.85"",""ask_price"":""604.05""},{""bid_quantity"":40,""ask_quantity"":20,""bid_orders"":2,""ask_orders"":1,""bid_price"":""600.80"",""ask_price"":""604.25""}]"
09:15:07.786,1791517507787007378,2235250340941405,Full Data,8,1111639,568.95,20,09:15:07,,,573.08,7460,10560,20720,60460,"[{""bid_quantity"":100,""ask_quantity"":60,""bid_orders"":3,""ask_orders"":2,""bid_price"":""568.90"",""ask_price"":""571.30""},{""bid_quantity"":20,""ask_quantity"":40,""bid_orders"":1,""ask_orders"":2,""bid_price"":""568.85"",""ask_price"":""571.40""},{""bid_quantity"":20,""ask_quantity"":80,""bid_orders"":1,""ask_orders"":3,""bid_price"":""568.75"",""ask_price"":""571.45""},{""bid_quantity"":20,""ask_quantity"":60,""bid_orders"":1,""ask_orders"":2,""bid_price"":""568.70"",""ask_price"":""571.60""},{""bid_quantity"":20,""ask_quantity"":20,""bid_orders"":1,""ask_orders"":1,""bid_price"":""568.65"",""ask_price"":""571.65""}]"
09:15:07.844,1791517507844913072,2235250398847259,Full Data,8,1111639,568.50,20,09:15:07,,,572.85,7900,12680,22540,60460,"[{""bid_quantity"":20,""ask_quantity"":20,""bid_orders"":1,""ask_orders"":1,""bid_price"":""567.40"",""ask_price"":""568.55""},{""bid_quantity"":40,""ask_quantity"":40,""bid_orders"":1,""ask_orders"":1,""bid_price"":""566.65"",""ask_price"":""568.60""},{""bid_quantity"":320,""ask_quantity"":60,""bid_orders"":1,""ask_orders"":2,""bid_price"":""564.45"",""ask_price"":""568.65""},{""bid_quantity"":140,""ask_quantity"":60,""bid_orders"":2,""ask_orders"":2,""bid_price"":""564.40"",""ask_price"":""568.75""},{""bid_quantity"":40,""ask_quantity"":20,""bid_orders"":1,""ask_orders"":1,""bid_price"":""564.20"",""ask_price"":""568.85""}]"
09:15:07.860,1791517507860338132,2235250414272079,Full Data,8,1116183,494.80,20,09:15:07,,,488.02,43000,26580,51840,319760,"[{""bid_quantity"":20,""ask_quantity"":20,""bid_orders"":1,""ask_orders"":1,""bid_price"":""495.15"",""ask_price"":""496.95""},{""bid_quantity"":40,""ask_quantity"":20,""bid_orders"":1,""ask_orders"":1,""bid_price"":""494.85"",""ask_price"":""497.05""},{""bid_quantity"":40,""ask_quantity"":40,""bid_orders"":1,""ask_orders"":2,""bid_price"":""494.80"",""ask_price"":""497.30""},{""bid_quantity"":40,""ask_quantity"":40,""bid_orders"":1,""ask_orders"":1,""bid_price"":""494.75"",""ask_price"":""497.80""},{""bid_quantity"":40,""ask_quantity"":40,""bid_orders"":1,""ask_orders"":1,""bid_price"":""494.70"",""ask_price"":""497.85""}]"
09:15:07.931,1791517507931604272,2235250485538299,Full Data,8,1116183,496.20,20,09:15:07,,,488.03,43080,26440,50740,319760,"[{""bid_quantity"":20,""ask_quantity"":20,""bid_orders"":1,""ask_orders"":1,""bid_price"":""494.75"",""ask_price"":""496.25""},{""bid_quantity"":40,""ask_quantity"":40,""bid_orders"":1,""ask_orders"":1,""bid_price"":""494.70"",""ask_price"":""496.40""},{""bid_quantity"":160,""ask_quantity"":20,""bid_orders"":2,""ask_orders"":1,""bid_price"":""493.20"",""ask_price"":""496.45""},{""bid_quantity"":120,""ask_quantity"":20,""bid_orders"":1,""ask_orders"":1,""bid_price"":""493.15"",""ask_price"":""496.60""},{""bid_quantity"":40,""ask_quantity"":20,""bid_orders"":1,""ask_orders"":1,""bid_price"":""492.55"",""ask_price"":""496.80""}]"
09:15:07.983,1791517507983017724,2235250536951751,Full Data,8,1104245,450.00,60,09:15:07,,,443.39,10960,16480,16360,52960,"[{""bid_quantity"":80,""ask_quantity"":140,""bid_orders"":2,""ask_orders"":4,""bid_price"":""446.15"",""ask_price"":""449.20""},{""bid_quantity"":40,""ask_quantity"":20,""bid_orders"":1,""ask_orders"":1,""bid_price"":""445.95"",""ask_price"":""449.35""},{""bid_quantity"":20,""ask_quantity"":20,""bid_orders"":1,""ask_orders"":1,""bid_price"":""445.40"",""ask_price"":""449.45""},{""bid_quantity"":120,""ask_quantity"":20,""bid_orders"":1,""ask_orders"":1,""bid_price"":""445.25"",""ask_price"":""449.55""},{""bid_quantity"":100,""ask_quantity"":20,""bid_orders"":1,""ask_orders"":1,""bid_price"":""444.80"",""ask_price"":""449.65""}]"
09:15:07.999,1791517507999369990,2235250553303977,Full Data,8,1114464,777.30,20,09:15:07,,,765.40,17300,14160,49000,272380,"[{""bid_quantity"":60,""ask_quantity"":40,""bid_orders"":2,""ask_orders"":1,""bid_price"":""770.10"",""ask_price"":""777.15""},{""bid_quantity"":180,""ask_quantity"":40,""bid_orders"":2,""ask_orders"":1,""bid_price"":""770.05"",""ask_price"":""777.20""},{""bid_quantity"":20,""ask_quantity"":40,""bid_orders"":1,""ask_orders"":1,""bid_price"":""770.00"",""ask_price"":""777.25""},{""bid_quantity"":80,""ask_quantity"":80,""bid_orders"":3,""ask_orders"":2,""bid_price"":""769.95"",""ask_price"":""777.60""},{""bid_quantity"":180,""ask_quantity"":100,""bid_orders"":2,""ask_orders"":1,""bid_price"":""769.90"",""ask_price"":""777.75""}]"
09:15:08.043,1791517508043952238,2235250597886665,Full Data,8,1104245,450.00,60,09:15:07,,,443.39,10960,12900,14220,52960,"[{""bid_quantity"":20,""ask_quantity"":20,""bid_orders"":1,""ask_orders"":1,""bid_price"":""447.00"",""ask_price"":""447.95""},{""bid_quantity"":20,""ask_quantity"":20,""bid_orders"":1,""ask_orders"":1,""bid_price"":""446.60"",""ask_price"":""448.00""},{""bid_quantity"":40,""ask_quantity"":40,""bid_orders"":1,""ask_orders"":1,""bid_price"":""446.55"",""ask_price"":""448.05""},{""bid_quantity"":40,""ask_quantity"":20,""bid_orders"":1,""ask_orders"":1,""bid_price"":""446.35"",""ask_price"":""449.30""},{""bid_quantity"":40,""ask_quantity"":40,""bid_orders"":1,""ask_orders"":1,""bid_price"":""445.80"",""ask_price"":""449.40""}]"
09:15:08.062,1791517508062169036,2235250616103063,Full Data,8,1114464,774.95,20,09:15:08,,,765.41,17320,12020,43820,272380,"[{""bid_quantity"":20,""ask_quantity"":20,""bid_orders"":1,""ask_orders"":1,""bid_price"":""774.25"",""ask_price"":""776.15""},{""bid_quantity"":20,""ask_quantity"":20,""bid_orders"":1,""ask_orders"":1,""bid_price"":""774.20"",""ask_price"":""776.30""},{""bid_quantity"":20,""ask_quantity"":40,""bid_orders"":1,""ask_orders"":1,""bid_price"":""774.15"",""ask_price"":""776.45""},{""bid_quantity"":40,""ask_quantity"":20,""bid_orders"":1,""ask_orders"":1,""bid_price"":""774.10"",""ask_price"":""776.50""},{""bid_quantity"":20,""ask_quantity"":20,""bid_orders"":1,""ask_orders"":1,""bid_price"":""774.05"",""ask_price"":""776.70""}]"
09:15:08.138,1791517508138497569,2235250692431756,Full Data,8,1111309,714.90,20,09:15:08,,,709.13,10420,10020,19520,98080,"[{""bid_quantity"":20,""ask_quantity"":40,""bid_orders"":1,""ask_orders"":1,""bid_price"":""713.20"",""ask_price"":""714.60""},{""bid_quantity"":20,""ask_quantity"":20,""bid_orders"":1,""ask_orders"":1,""bid_price"":""712.55"",""ask_price"":""714.65""},{""bid_quantity"":40,""ask_quantity"":20,""bid_orders"":1,""ask_orders"":1,""bid_price"":""712.50"",""ask_price"":""714.75""},{""bid_quantity"":20,""ask_quantity"":60,""bid_orders"":1,""ask_orders"":2,""bid_price"":""712.40"",""ask_price"":""714.85""},{""bid_quantity"":40,""ask_quantity"":20,""bid_orders"":1,""ask_orders"":1,""bid_price"":""712.25"",""ask_price"":""714.95""}]"
09:15:08.203,1791517508203723310,2235250757657577,Full Data,8,1111309,712.80,20,09:15:08,,,709.13,10440,9440,19900,98080,"[{""bid_quantity"":40,""ask_quantity"":40,""bid_orders"":1,""ask_orders"":2,""bid_price"":""714.60"",""ask_price"":""717.35""},{""bid_quantity"":20,""ask_quantity"":40,""bid_orders"":1,""ask_orders"":2,""bid_price"":""714.55"",""ask_price"":""717.45""},{""bid_quantity"":40,""ask_quantity"":220,""bid_orders"":1,""ask_orders"":3,""bid_price"":""714.40"",""ask_price"":""717.60""},{""bid_quantity"":20,""ask_quantity"":40,""bid_orders"":1,""ask_orders"":1,""bid_price"":""714.35"",""ask_price"":""718.70""},{""bid_quantity"":20,""ask_quantity"":140,""bid_orders"":1,""ask_orders"":2,""bid_price"":""714.20"",""ask_price"":""718.75""}]"
09:15:08.452,1791517508452754399,2235251006688666,Full Data,8,1105793,547.80,20,09:15:08,,,542.43,18760,10260,16700,50360,"[{""bid_quantity"":40,""ask_quantity"":40,""bid_orders"":1,""ask_orders"":2,""bid_price"":""547.45"",""ask_price"":""549.20""},{""bid_quantity"":60,""ask_quantity"":20,""bid_orders"":2,""ask_orders"":1,""bid_price"":""546.70"",""ask_price"":""549.25""},{""bid_quantity"":20,""ask_quantity"":20,""bid_orders"":1,""ask_orders"":1,""bid_price"":""546.65"",""ask_price"":""549.30""},{""bid_quantity"":20,""ask_quantity"":20,""bid_orders"":1,""ask_orders"":1,""bid_price"":""546.45"",""ask_price"":""549.40""},{""bid_quantity"":20,""ask_quantity"":280,""bid_orders"":1,""ask_orders"":2,""bid_price"":""546.25"",""ask_price"":""549.50""}]"
09:15:08.529,1791517508529830296,2235251083764643,Full Data,8,1105793,551.25,20,09:15:08,,,542.45,18800,10340,16740,50360,"[{""bid_quantity"":60,""ask_quantity"":20,""bid_orders"":2,""ask_orders"":1,""bid_price"":""548.65"",""ask_price"":""550.50""},{""bid_quantity"":20,""ask_quantity"":20,""bid_orders"":1,""ask_orders"":1,""bid_price"":""548.60"",""ask_price"":""550.55""},{""bid_quantity"":20,""ask_quantity"":40,""bid_orders"":1,""ask_orders"":2,""bid_price"":""548.55"",""ask_price"":""550.65""},{""bid_quantity"":20,""ask_quantity"":20,""bid_orders"":1,""ask_orders"":1,""bid_price"":""548.50"",""ask_price"":""550.75""},{""bid_quantity"":20,""ask_quantity"":20,""bid_orders"":1,""ask_orders"":1,""bid_price"":""548.35"",""ask_price"":""550.85""}]"
09:15:08.553,1791517508553362088,2235251107296035,Ticker Data,0,51,71755.47,,09:15:08,,,,,,,,
09:15:08.563,1791517508563917637,2235251117851544,Full Data,8,1115207,658.00,40,09:15:08,,,650.94,16360,12040,22040,97240,"[{""bid_quantity"":80,""ask_quantity"":20,""bid_orders"":2,""ask_orders"":1,""bid_price"":""657.20"",""ask_price"":""659.85""},{""bid_quantity"":60,""ask_quantity"":20,""bid_orders"":2,""ask_orders"":1,""bid_price"":""656.30"",""ask_price"":""660.05""},{""bid_quantity"":40,""ask_quantity"":60,""bid_orders"":1,""ask_orders"":2,""bid_price"":""656.25"",""ask_price"":""660.20""},{""bid_quantity"":60,""ask_quantity"":20,""bid_orders"":1,""ask_orders"":1,""bid_price"":""655.35"",""ask_price"":""660.40""},{""bid_quantity"":100,""ask_quantity"":120,""bid_orders"":1,""ask_orders"":2,""bid_price"":""654.10"",""ask_price"":""660.60""}]"
09:15:08.615,1791517508615729171,2235251169663078,Full Data,8,1115207,658.00,40,09:15:08,,,650.94,16360,12040,22420,97240,"[{""bid_quantity"":40,""ask_quantity"":20,""bid_orders"":1,""ask_orders"":1,""bid_price"":""656.95"",""ask_price"":""659.05""},{""bid_quantity"":20,""ask_quantity"":20,""bid_orders"":1,""ask_orders"":1,""bid_price"":""656.65"",""ask_price"":""659.25""},{""bid_quantity"":20,""ask_quantity"":20,""bid_orders"":1,""ask_orders"":1,""bid_price"":""656.55"",""ask_price"":""659.45""},{""bid_quantity"":20,""ask_quantity"":40,""bid_orders"":1,""ask_orders"":1,""bid_price"":""656.45"",""ask_price"":""659.60""},{""bid_quantity"":20,""ask_quantity"":20,""bid_orders"":1,""ask_orders"":1,""bid_price"":""656.35"",""ask_price"":""659.65""}]"
09:15:08.663,1791517508663932603,2235251217866630,Full Data,8,1112083,602.00,20,09:15:08,,,596.21,18640,11080,30680,97520,"[{""bid_quantity"":40,""ask_quantity"":140,""bid_orders"":1,""ask_orders"":1,""bid_price"":""602.20"",""ask_price"":""604.50""},{""bid_quantity"":40,""ask_quantity"":20,""bid_orders"":1,""ask_orders"":1,""bid_price"":""602.15"",""ask_price"":""604.55""},{""bid_quantity"":80,""ask_quantity"":20,""bid_orders"":2,""ask_orders"":1,""bid_price"":""602.10"",""ask_price"":""604.70""},{""bid_quantity"":20,""ask_quantity"":40,""bid_orders"":1,""ask_orders"":1,""bid_price"":""601.95"",""ask_price"":""605.80""},{""bid_quantity"":20,""ask_quantity"":60,""bid_orders"":1,""ask_orders"":1,""bid_price"":""601.75"",""ask_price"":""605.85""}]"
09:15:08.752,1791517508752434414,2235251306368481,Full Data,8,1112083,604.55,20,09:15:08,,,596.23,18680,10620,32480,97520,"[{""bid_quantity"":20,""ask_quantity"":20,""bid_orders"":1,""ask_orders"":1,""bid_price"":""601.95"",""ask_price"":""604.15""},{""bid_quantity"":20,""ask_quantity"":40,""bid_orders"":1,""ask_orders"":1,""bid_price"":""601.75"",""ask_price"":""604.30""},{""bid_quantity"":20,""ask_quantity"":20,""bid_orders"":1,""ask_orders"":1,""bid_price"":""601.55"",""ask_price"":""604.35""},{""bid_quantity"":20,""ask_quantity"":20,""bid_orders"":1,""ask_orders"":1,""bid_price"":""601.35"",""ask_price"":""604.40""},{""bid_quantity"":100,""ask_quantity"":20,""bid_orders"":1,""ask_orders"":1,""bid_price"":""600.80"",""ask_price"":""604.45""}]"
09:15:08.843,1791517508843093120,2235251397027147,Full Data,8,1111639,571.10,20,09:15:08,,,573.05,8860,11420,20800,60460,"[{""bid_quantity"":200,""ask_quantity"":80,""bid_orders"":3,""ask_orders"":2,""bid_price"":""571.00"",""ask_price"":""573.50""},{""bid_quantity"":20,""ask_quantity"":100,""bid_orders"":1,""ask_orders"":1,""bid_price"":""570.40"",""ask_price"":""573.55""},{""bid_quantity"":160,""ask_quantity"":40,""bid_orders"":3,""ask_orders"":1,""bid_price"":""570.30"",""ask_price"":""574.50""},{""bid_quantity"":60,""ask_quantity"":40,""bid_orders"":1,""ask_orders"":1,""bid_price"":""570.15"",""ask_price"":""574.55""},{""bid_quantity"":20,""ask_quantity"":20,""bid_orders"":1,""ask_orders"":1,""bid_price"":""570.10"",""ask_price"":""574.90""}]"
09:15:08.898,1791517508898226716,2235251452160743,Full Data,8,1102591,624.75,20,09:15:08,,,629.46,18240,13720,22840,209460,"[{""bid_quantity"":20,""ask_quantity"":60,""bid_orders"":1,""ask_orders"":2,""bid_price"":""623.00"",""ask_price"":""625.10""},{""bid_quantity"":40,""ask_quantity"":20,""bid_orders"":1,""ask_orders"":1,""bid_price"":""622.85"",""ask_price"":""625.15""},{""bid_quantity"":20,""ask_quantity"":20,""bid_orders"":1,""ask_orders"":1,""bid_price"":""622.80"",""ask_price"":""625.30""},{""bid_quantity"":20,""ask_quantity"":20,""bid_orders"":1,""ask_orders"":1,""bid_price"":""622.60"",""ask_price"":""625.35""},{""bid_quantity"":40,""ask_quantity"":20,""bid_orders"":1,""ask_orders"":1,""bid_price"":""622.55"",""ask_price"":""625.50""}]"
09:15:08.900,1791517508900795893,2235251454729840,Full Data,8,1111639,573.55,100,09:15:08,,,573.06,9000,11260,21220,60460,"[{""bid_quantity"":40,""ask_quantity"":60,""bid_orders"":1,""ask_orders"":2,""bid_price"":""572.95"",""ask_price"":""575.40""},{""bid_quantity"":20,""ask_quantity"":20,""bid_orders"":1,""ask_orders"":1,""bid_price"":""572.90"",""ask_price"":""575.60""},{""bid_quantity"":20,""ask_quantity"":20,""bid_orders"":1,""ask_orders"":1,""bid_price"":""572.85"",""ask_price"":""575.75""},{""bid_quantity"":60,""ask_quantity"":60,""bid_orders"":2,""ask_orders"":2,""bid_price"":""572.80"",""ask_price"":""575.90""},{""bid_quantity"":20,""ask_quantity"":20,""bid_orders"":1,""ask_orders"":1,""bid_price"":""572.70"",""ask_price"":""576.10""}]"
09:15:08.917,1791517508917223799,2235251471157986,Full Data,8,1116183,496.55,20,09:15:08,,,488.66,47080,28460,52880,319760,"[{""bid_quantity"":20,""ask_quantity"":40,""bid_orders"":1,""ask_orders"":1,""bid_price"":""496.60"",""ask_price"":""498.40""},{""bid_quantity"":40,""ask_quantity"":20,""bid_orders"":1,""ask_orders"":1,""bid_price"":""496.50"",""ask_price"":""498.45""},{""bid_quantity"":20,""ask_quantity"":40,""bid_orders"":1,""ask_orders"":1,""bid_price"":""496.45"",""ask_price"":""498.50""},{""bid_quantity"":40,""ask_quantity"":20,""bid_orders"":2,""ask_orders"":1,""bid_price"":""496.40"",""ask_price"":""498.55""},{""bid_quantity"":60,""ask_quantity"":40,""bid_orders"":2,""ask_orders"":1,""bid_price"":""496.30"",""ask_price"":""498.60""}]"
09:15:08.968,1791517508968488410,2235251522422357,Full Data,8,1116183,498.05,20,09:15:08,,,488.70,47280,28180,54840,319760,"[{""bid_quantity"":60,""ask_quantity"":40,""bid_orders"":2,""ask_orders"":1,""bid_price"":""497.35"",""ask_price"":""499.35""},{""bid_quantity"":40,""ask_quantity"":40,""bid_orders"":2,""ask_orders"":1,""bid_price"":""497.30"",""ask_price"":""499.40""},{""bid_quantity"":20,""ask_quantity"":20,""bid_orders"":1,""ask_orders"":1,""bid_price"":""497.15"",""ask_price"":""499.45""},{""bid_quantity"":20,""ask_quantity"":40,""bid_orders"":1,""ask_orders"":1,""bid_price"":""497.10"",""ask_price"":""499.50""},{""bid_quantity"":20,""ask_quantity"":20,""bid_orders"":1,""ask_orders"":1,""bid_price"":""497.00"",""ask_price"":""499.55""}]"
09:15:09.052,1791517509052850635,2235251606784662,Full Data,8,1104245,451.90,40,09:15:09,,,443.73,11680,10780,14380,52960,"[{""bid_quantity"":60,""ask_quantity"":20,""bid_orders"":2,""ask_orders"":1,""bid_price"":""453.30"",""ask_price"":""454.05""},{""bid_quantity"":20,""ask_quantity"":120,""bid_orders"":1,""ask_orders"":1,""bid_price"":""453.25"",""ask_price"":""454.95""},{""bid_quantity"":40,""ask_quantity"":100,""bid_orders"":1,""ask_orders"":1,""bid_price"":""453.15"",""ask_price"":""455.65""},{""bid_quantity"":20,""ask_quantity"":100,""bid_orders"":1,""ask_orders"":1,""bid_price"":""453.10"",""ask_price"":""456.00""},{""bid_quantity"":20,""ask_quantity"":100,""bid_orders"":1,""ask_orders"":1,""bid_price"":""452.90"",""ask_price"":""456.80""}]"
09:15:09.070,1791517509070136387,2235251624070414,Full Data,8,1114464,783.35,20,09:15:09,,,765.92,18320,11340,43380,272380,"[{""bid_quantity"":20,""ask_quantity"":20,""bid_orders"":1,""ask_orders"":1,""bid_price"":""784.25"",""ask_price"":""785.00""},{""bid_quantity"":60,""ask_quantity"":340,""bid_orders"":2,""ask_orders"":1,""bid_price"":""783.85"",""ask_price"":""788.00""},{""bid_quantity"":140,""ask_quantity"":40,""bid_orders"":1,""ask_orders"":1,""bid_price"":""783.75"",""ask_price"":""788.45""},{""bid_quantity"":20,""ask_quantity"":20,""bid_orders"":1,""ask_orders"":1,""bid_price"":""783.70"",""ask_price"":""788.80""},{""bid_quantity"":20,""ask_quantity"":100,""bid_orders"":1,""ask_orders"":1,""bid_price"":""783.60"",""ask_price"":""789.65""}]"
09:15:09.125,1791517509125506704,2235251679441211,Full Data,8,1104245,456.95,80,09:15:09,,,443.90,11840,10720,14400,52960,"[{""bid_quantity"":40,""ask_quantity"":20,""bid_orders"":1,""ask_orders"":1,""bid_price"":""454.00"",""ask_price"":""456.20""},{""bid_quantity"":60,""ask_quantity"":20,""bid_orders"":2,""ask_orders"":1,""bid_price"":""453.95"",""ask_price"":""456.25""},{""bid_quantity"":40,""ask_quantity"":40,""bid_orders"":1,""ask_orders"":2,""bid_price"":""453.85"",""ask_price"":""456.30""},{""bid_quantity"":20,""ask_quantity"":60,""bid_orders"":1,""ask_orders"":2,""bid_price"":""453.80"",""ask_price"":""456.40""},{""bid_quantity"":20,""ask_quantity"":20,""bid_orders"":1,""ask_orders"":1,""bid_price"":""453.75"",""ask_price"":""456.50""}]"
09:15:09.149,1791517509149342778,2235251703276805,Full Data,8,1114464,784.95,40,09:15:09,,,766.55,18900,11600,44640,272380,"[{""bid_quantity"":60,""ask_quantity"":40,""bid_orders"":2,""ask_orders"":1,""bid_price"":""784.85"",""ask_price"":""787.95""},{""bid_quantity"":20,""ask_quantity"":220,""bid_orders"":1,""ask_orders"":1,""bid_price"":""784.75"",""ask_price"":""788.00""},{""bid_quantity"":40,""ask_quantity"":20,""bid_orders"":1,""ask_orders"":1,""bid_price"":""782.20"",""ask_price"":""788.05""},{""bid_quantity"":20,""ask_quantity"":40,""bid_orders"":1,""ask_orders"":1,""bid_price"":""782.05"",""ask_price"":""788.20""},{""bid_quantity"":60,""ask_quantity"":20,""bid_orders"":1,""ask_orders"":1,""bid_price"":""782.00"",""ask_price"":""788.25""}]"
09:15:09.199,1791517509199162940,2235251753097047,Full Data,8,1111309,725.15,20,09:15:09,,,709.98,16700,12160,19840,98080,"[{""bid_quantity"":20,""ask_quantity"":40,""bid_orders"":1,""ask_orders"":1,""bid_price"":""721.95"",""ask_price"":""725.15""},{""bid_quantity"":20,""ask_quantity"":40,""bid_orders"":1,""ask_orders"":1,""bid_price"":""721.70"",""ask_price"":""725.20""},{""bid_quantity"":20,""ask_quantity"":40,""bid_orders"":1,""ask_orders"":1,""bid_price"":""720.80"",""ask_price"":""725.25""},{""bid_quantity"":120,""ask_quantity"":20,""bid_orders"":1,""ask_orders"":1,""bid_price"":""720.40"",""ask_price"":""725.70""},{""bid_quantity"":60,""ask_quantity"":40,""bid_orders"":1,""ask_orders"":2,""bid_price"":""719.85"",""ask_price"":""725.80""}]"
09:15:09.258,1791517509258805685,2235251812739752,Full Data,8,1111309,722.05,20,09:15:09,,,710.03,16760,10020,20120,98080,"[{""bid_quantity"":20,""ask_quantity"":40,""bid_orders"":1,""ask_orders"":1,""bid_price"":""721.20"",""ask_price"":""724.35""},{""bid_quantity"":40,""ask_quantity"":40,""bid_orders"":1,""ask_orders"":2,""bid_price"":""721.10"",""ask_price"":""724.40""},{""bid_quantity"":20,""ask_quantity"":80,""bid_orders"":1,""ask_orders"":2,""bid_price"":""719.95"",""ask_price"":""724.45""},{""bid_quantity"":20,""ask_quantity"":60,""bid_orders"":1,""ask_orders"":3,""bid_price"":""719.85"",""ask_price"":""724.50""},{""bid_quantity"":20,""ask_quantity"":60,""bid_orders"":1,""ask_orders"":3,""bid_price"":""719.80"",""ask_price"":""724.60""}]"
09:15:09.484,1791517509484744745,2235252038678972,Full Data,8,1114046,445.35,20,09:15:09,,,442.17,16960,13440,38260,119180,"[{""bid_quantity"":40,""ask_quantity"":20,""bid_orders"":2,""ask_orders"":1,""bid_price"":""446.00"",""ask_price"":""447.45""},{""bid_quantity"":40,""ask_quantity"":20,""bid_orders"":1,""ask_orders"":1,""bid_price"":""445.95"",""ask_price"":""447.50""},{""bid_quantity"":40,""ask_quantity"":100,""bid_orders"":2,""ask_orders"":1,""bid_price"":""445.90"",""ask_price"":""447.85""},{""bid_quantity"":20,""ask_quantity"":40,""bid_orders"":1,""ask_orders"":1,""bid_price"":""445.85"",""ask_price"":""448.05""},{""bid_quantity"":20,""ask_quantity"":20,""bid_orders"":1,""ask_orders"":1,""bid_price"":""445.70"",""ask_price"":""449.15""}]"
09:15:09.550,1791517509550111167,2235252104045314,Ticker Data,0,51,71759.47,,09:15:09,,,,,,,,
09:15:09.682,1791517509682611703,2235252236546010,Full Data,8,1115207,659.40,20,09:15:09,,,651.39,17140,13520,23780,97240,"[{""bid_quantity"":20,""ask_quantity"":20,""bid_orders"":1,""ask_orders"":1,""bid_price"":""659.05"",""ask_price"":""662.10""},{""bid_quantity"":40,""ask_quantity"":100,""bid_orders"":1,""ask_orders"":3,""bid_price"":""658.75"",""ask_price"":""662.15""},{""bid_quantity"":20,""ask_quantity"":40,""bid_orders"":1,""ask_orders"":2,""bid_price"":""658.60"",""ask_price"":""662.20""},{""bid_quantity"":20,""ask_quantity"":20,""bid_orders"":1,""ask_orders"":1,""bid_price"":""658.30"",""ask_price"":""662.25""},{""bid_quantity"":20,""ask_quantity"":40,""bid_orders"":1,""ask_orders"":2,""bid_price"":""658.10"",""ask_price"":""662.35""}]"
09:15:09.840,1791517509840061600,2235252393996067,Full Data,8,1112083,604.05,20,09:15:09,,,597.22,20600,12100,31820,97520,"[{""bid_quantity"":140,""ask_quantity"":40,""bid_orders"":3,""ask_orders"":1,""bid_price"":""600.80"",""ask_price"":""602.35""},{""bid_quantity"":20,""ask_quantity"":200,""bid_orders"":1,""ask_orders"":2,""bid_price"":""600.50"",""ask_price"":""602.40""},{""bid_quantity"":100,""ask_quantity"":20,""bid_orders"":2,""ask_orders"":1,""bid_price"":""600.25"",""ask_price"":""602.50""},{""bid_quantity"":120,""ask_quantity"":20,""bid_orders"":1,""ask_orders"":1,""bid_price"":""599.25"",""ask_price"":""602.55""},{""bid_quantity"":100,""ask_quantity"":20,""bid_orders"":1,""ask_orders"":1,""bid_price"":""598.00"",""ask_price"":""602.60""}]"
09:15:09.924,1791517509924126103,2235252478060410,Full Data,8,1102591,626.30,40,09:15:09,,,628.87,19980,12320,23900,209460,"[{""bid_quantity"":20,""ask_quantity"":40,""bid_orders"":1,""ask_orders"":1,""bid_price"":""622.70"",""ask_price"":""625.15""},{""bid_quantity"":20,""ask_quantity"":20,""bid_orders"":1,""ask_orders"":1,""bid_price"":""622.60"",""ask_price"":""625.25""},{""bid_quantity"":60,""ask_quantity"":20,""bid_orders"":2,""ask_orders"":1,""bid_price"":""622.50"",""ask_price"":""625.30""},{""bid_quantity"":40,""ask_quantity"":40,""bid_orders"":2,""ask_orders"":2,""bid_price"":""622.40"",""ask_price"":""625.50""},{""bid_quantity"":20,""ask_quantity"":40,""bid_orders"":1,""ask_orders"":2,""bid_price"":""622.30"",""ask_price"":""625.70""}]"
09:15:09.954,1791517509954588460,2235252508522967,Full Data,8,1102591,626.30,40,09:15:09,,,628.87,19980,12720,23680,209460,"[{""bid_quantity"":20,""ask_quantity"":60,""bid_orders"":1,""ask_orders"":2,""bid_price"":""623.70"",""ask_price"":""626.75""},{""bid_quantity"":20,""ask_quantity"":20,""bid_orders"":1,""ask_orders"":1,""bid_price"":""623.60"",""ask_price"":""626.80""},{""bid_quantity"":20,""ask_quantity"":40,""bid_orders"":1,""ask_orders"":2,""bid_price"":""623.50"",""ask_price"":""627.15""},{""bid_quantity"":20,""ask_quantity"":60,""bid_orders"":1,""ask_orders"":2,""bid_price"":""623.25"",""ask_price"":""627.20""},{""bid_quantity"":40,""ask_quantity"":40,""bid_orders"":1,""ask_orders"":2,""bid_price"":""622.50"",""ask_price"":""627.25""}]"
09:15:09.963,1791517509963490317,2235252517424304,Full Data,8,1107704,678.85,40,09:15:08,,,681.32,2380,11920,12940,17620,"[{""bid_quantity"":100,""ask_quantity"":120,""bid_orders"":3,""ask_orders"":4,""bid_price"":""674.75"",""ask_price"":""682.50""},{""bid_quantity"":20,""ask_quantity"":140,""bid_orders"":1,""ask_orders"":1,""bid_price"":""674.70"",""ask_price"":""682.55""},{""bid_quantity"":60,""ask_quantity"":100,""bid_orders"":2,""ask_orders"":4,""bid_price"":""674.65"",""ask_price"":""682.60""},{""bid_quantity"":20,""ask_quantity"":40,""bid_orders"":1,""ask_orders"":2,""bid_price"":""674.60"",""ask_price"":""682.70""},{""bid_quantity"":20,""ask_quantity"":140,""bid_orders"":1,""ask_orders"":3,""bid_price"":""674.55"",""ask_price"":""682.80""}]"
09:15:10.013,1791517510013487560,2235252567421627,Full Data,8,1114813,531.35,20,09:15:09,,,531.44,16480,12220,15420,57500,"[{""bid_quantity"":60,""ask_quantity"":20,""bid_orders"":2,""ask_orders"":1,""bid_price"":""530.20"",""ask_price"":""531.60""},{""bid_quantity"":40,""ask_quantity"":60,""bid_orders"":2,""ask_orders"":2,""bid_price"":""530.15"",""ask_price"":""533.95""},{""bid_quantity"":40,""ask_quantity"":180,""bid_orders"":1,""ask_orders"":2,""bid_price"":""530.05"",""ask_price"":""534.00""},{""bid_quantity"":20,""ask_quantity"":200,""bid_orders"":1,""ask_orders"":3,""bid_price"":""529.95"",""ask_price"":""534.05""},{""bid_quantity"":100,""ask_quantity"":100,""bid_orders"":1,""ask_orders"":2,""bid_price"":""529.90"",""ask_price"":""534.15""}]"
09:15:10.044,1791517510044211239,2235252598145706,Full Data,8,1107336,409.45,60,09:15:09,,,406.00,28440,13400,52860,304080,"[{""bid_quantity"":40,""ask_quantity"":40,""bid_orders"":1,""ask_orders"":2,""bid_price"":""407.20"",""ask_price"":""409.10""},{""bid_quantity"":40,""ask_quantity"":300,""bid_orders"":1,""ask_orders"":4,""bid_price"":""407.15"",""ask_price"":""409.20""},{""bid_quantity"":40,""ask_quantity"":40,""bid_orders"":1,""ask_orders"":2,""bid_price"":""407.10"",""ask_price"":""409.30""},{""bid_quantity"":20,""ask_quantity"":100,""bid_orders"":1,""ask_orders"":3,""bid_price"":""407.00"",""ask_price"":""409.40""},{""bid_quantity"":40,""ask_quantity"":40,""bid_orders"":2,""ask_orders"":2,""bid_price"":""406.85"",""ask_price"":""409.70""}]"
09:15:10.059,1791517510059283736,2235252613217763,Full Data,8,1116183,495.55,20,09:15:09,,,489.25,49720,28940,53220,319760,"[{""bid_quantity"":20,""ask_quantity"":60,""bid_orders"":1,""ask_orders"":2,""bid_price"":""494.80"",""ask_price"":""496.60""},{""bid_quantity"":40,""ask_quantity"":80,""bid_orders"":1,""ask_orders"":4,""bid_price"":""493.95"",""ask_price"":""496.65""},{""bid_quantity"":40,""ask_quantity"":420,""bid_orders"":1,""ask_orders"":5,""bid_price"":""493.90"",""ask_price"":""496.70""},{""bid_quantity"":20,""ask_quantity"":120,""bid_orders"":1,""ask_orders"":1,""bid_price"":""493.70"",""ask_price"":""496.75""},{""bid_quantity"":160,""ask_quantity"":20,""bid_orders"":2,""ask_orders"":1,""bid_price"":""492.45"",""ask_price"":""496.95""}]"
09:15:10.135,1791517510135438468,2235252689372415,Full Data,8,1104245,448.10,20,09:15:10,,,444.12,12320,12720,15940,52960,"[{""bid_quantity"":60,""ask_quantity"":40,""bid_orders"":2,""ask_orders"":1,""bid_price"":""446.95"",""ask_price"":""448.55""},{""bid_quantity"":40,""ask_quantity"":40,""bid_orders"":1,""ask_orders"":1,""bid_price"":""446.85"",""ask_price"":""448.60""},{""bid_quantity"":20,""ask_quantity"":480,""bid_orders"":1,""ask_orders"":1,""bid_price"":""446.70"",""ask_price"":""448.75""},{""bid_quantity"":20,""ask_quantity"":140,""bid_orders"":1,""ask_orders"":1,""bid_price"":""446.50"",""ask_price"":""448.80""},{""bid_quantity"":40,""ask_quantity"":20,""bid_orders"":1,""ask_orders"":1,""bid_price"":""446.40"",""ask_price"":""448.90""}]"
09:15:10.200,1791517510200724810,2235252754658917,Full Data,8,1104245,448.10,20,09:15:10,,,444.12,12320,13100,17720,52960,"[{""bid_quantity"":40,""ask_quantity"":20,""bid_orders"":1,""ask_orders"":1,""bid_price"":""446.00"",""ask_price"":""447.35""},{""bid_quantity"":20,""ask_quantity"":80,""bid_orders"":1,""ask_orders"":2,""bid_price"":""445.95"",""ask_price"":""448.10""},{""bid_quantity"":20,""ask_quantity"":40,""bid_orders"":1,""ask_orders"":1,""bid_price"":""445.80"",""ask_price"":""448.15""},{""bid_quantity"":20,""ask_quantity"":40,""bid_orders"":1,""ask_orders"":1,""bid_price"":""445.65"",""ask_price"":""448.45""},{""bid_quantity"":20,""ask_quantity"":480,""bid_orders"":1,""ask_orders"":1,""bid_price"":""445.05"",""ask_price"":""448.60""}]"
09:15:10.217,1791517510217202996,2235252771136943,Full Data,8,1114464,771.55,20,09:15:10,,,767.16,20000,15580,47160,272380,"[{""bid_quantity"":60,""ask_quantity"":60,""bid_orders"":2,""ask_orders"":2,""bid_price"":""772.25"",""ask_price"":""774.90""},{""bid_quantity"":20,""ask_quantity"":20,""bid_orders"":1,""ask_orders"":1,""bid_price"":""772.20"",""ask_price"":""775.10""},{""bid_quantity"":60,""ask_quantity"":20,""bid_orders"":2,""ask_orders"":1,""bid_price"":""772.05"",""ask_price"":""775.30""},{""bid_quantity"":20,""ask_quantity"":20,""bid_orders"":1,""ask_orders"":1,""bid_price"":""771.90"",""ask_price"":""775.50""},{""bid_quantity"":20,""ask_quantity"":20,""bid_orders"":1,""ask_orders"":1,""bid_price"":""771.70"",""ask_price"":""775.70""}]"
09:15:10.273,1791517510273194318,2235252827128465,Full Data,8,1111309,716.45,20,09:15:10,,,710.23,17280,11220,21540,98080,"[{""bid_quantity"":40,""ask_quantity"":60,""bid_orders"":1,""ask_orders"":1,""bid_price"":""713.85"",""ask_price"":""716.50""},{""bid_quantity"":20,""ask_quantity"":140,""bid_orders"":1,""ask_orders"":2,""bid_price"":""713.80"",""ask_price"":""716.75""},{""bid_quantity"":40,""ask_quantity"":220,""bid_orders"":1,""ask_orders"":3,""bid_price"":""713.65"",""ask_price"":""716.80""},{""bid_quantity"":20,""ask_quantity"":140,""bid_orders"":1,""ask_orders"":3,""bid_price"":""713.60"",""ask_price"":""717.30""},{""bid_quantity"":20,""ask_quantity"":100,""bid_orders"":1,""ask_orders"":1,""bid_price"":""713.40"",""ask_price"":""717.60""}]"
09:15:10.324,1791517510324181487,2235252878115754,Full Data,8,1111309,719.55,20,09:15:10,,,710.28,17400,11260,21980,98080,"[{""bid_quantity"":20,""ask_quantity"":20,""bid_orders"":1,""ask_orders"":1,""bid_price"":""718.30"",""ask_price"":""720.80""},{""bid_quantity"":60,""ask_quantity"":120,""bid_orders"":2,""ask_orders"":2,""bid_price"":""718.15"",""ask_price"":""721.20""},{""bid_quantity"":20,""ask_quantity"":80,""bid_orders"":1,""ask_orders"":2,""bid_price"":""718.10"",""ask_price"":""721.30""},{""bid_quantity"":100,""ask_quantity"":120,""bid_orders"":2,""ask_orders"":2,""bid_price"":""717.95"",""ask_price"":""721.60""},{""bid_quantity"":20,""ask_quantity"":120,""bid_orders"":1,""ask_orders"":1,""bid_price"":""717.90"",""ask_price"":""722.35""}]"
09:15:10.553,1791517510553389128,2235253107323355,Full Data,8,1110871,487.45,20,09:15:10,,,486.67,12900,14600,16300,81380,"[{""bid_quantity"":20,""ask_quantity"":20,""bid_orders"":1,""ask_orders"":1,""bid_price"":""488.05"",""ask_price"":""489.95""},{""bid_quantity"":60,""ask_quantity"":20,""bid_orders"":2,""ask_orders"":1,""bid_price"":""488.00"",""ask_price"":""490.00""},{""bid_quantity"":20,""ask_quantity"":20,""bid_orders"":1,""ask_orders"":1,""bid_price"":""487.80"",""ask_price"":""490.10""},{""bid_quantity"":20,""ask_quantity"":40,""bid_orders"":1,""ask_orders"":1,""bid_price"":""487.60"",""ask_price"":""490.15""},{""bid_quantity"":40,""ask_quantity"":20,""bid_orders"":1,""ask_orders"":1,""bid_price"":""487.40"",""ask_price"":""490.60""}]"
09:15:10.564,1791517510564431279,2235253118365466,Ticker Data,0,51,71775.46,,09:15:10,,,,,,,,
09:15:10.613,1791517510613999359,2235253167933346,Full Data,8,1105793,550.80,20,09:15:10,,,543.13,20640,12560,20920,50360,"[{""bid_quantity"":40,""ask_quantity"":20,""bid_orders"":2,""ask_orders"":1,""bid_price"":""550.30"",""ask_price"":""551.50""},{""bid_quantity"":20,""ask_quantity"":180,""bid_orders"":1,""ask_orders"":1,""bid_price"":""550.25"",""ask_price"":""551.60""},{""bid_quantity"":40,""ask_quantity"":140,""bid_orders"":1,""ask_orders"":2,""bid_price"":""550.15"",""ask_price"":""552.10""},{""bid_quantity"":40,""ask_quantity"":20,""bid_orders"":2,""ask_orders"":1,""bid_price"":""550.10"",""ask_price"":""552.25""},{""bid_quantity"":20,""ask_quantity"":100,""bid_orders"":1,""ask_orders"":1,""bid_price"":""550.05"",""ask_price"":""552.30""}]"
09:15:10.691,1791517510691482700,2235253245416927,Full Data,8,1105793,554.30,20,09:15:10,,,543.35,21140,9820,20160,50360,"[{""bid_quantity"":40,""ask_quantity"":20,""bid_orders"":2,""ask_orders"":1,""bid_price"":""552.80"",""ask_price"":""556.40""},{""bid_quantity"":40,""ask_quantity"":20,""bid_orders"":2,""ask_orders"":1,""bid_price"":""552.75"",""ask_price"":""556.70""},{""bid_quantity"":40,""ask_quantity"":60,""bid_orders"":2,""ask_orders"":1,""bid_price"":""552.70"",""ask_price"":""556.75""},{""bid_quantity"":60,""ask_quantity"":60,""bid_orders"":3,""ask_orders"":1,""bid_price"":""552.65"",""ask_price"":""557.00""},{""bid_quantity"":100,""ask_quantity"":100,""bid_orders"":4,""ask_orders"":1,""bid_price"":""552.55"",""ask_price"":""557.55""}]"
09:15:10.750,1791517510750603322,2235253304537389,Full Data,8,1115207,668.10,20,09:15:10,,,652.06,19080,12980,23040,97240,"[{""bid_quantity"":40,""ask_quantity"":40,""bid_orders"":1,""ask_orders"":2,""bid_price"":""666.65"",""ask_price"":""669.10""},{""bid_quantity"":40,""ask_quantity"":40,""bid_orders"":1,""ask_orders"":2,""bid_price"":""666.60"",""ask_price"":""669.15""},{""bid_quantity"":140,""ask_quantity"":120,""bid_orders"":3,""ask_orders"":2,""bid_price"":""666.55"",""ask_price"":""669.20""},{""bid_quantity"":20,""ask_quantity"":40,""bid_orders"":1,""ask_orders"":1,""bid_price"":""666.45"",""ask_price"":""669.25""},{""bid_quantity"":100,""ask_quantity"":40,""bid_orders"":1,""ask_orders"":2,""bid_price"":""666.40"",""ask_price"":""669.30""}]"
09:15:10.845,1791517510845032851,2235253398967118,Full Data,8,1112083,611.95,20,09:15:10,,,598.15,23180,12640,34540,97520,"[{""bid_quantity"":40,""ask_quantity"":20,""bid_orders"":1,""ask_orders"":1,""bid_price"":""611.50"",""ask_price"":""613.20""},{""bid_quantity"":40,""ask_quantity"":20,""bid_orders"":1,""ask_orders"":1,""bid_price"":""611.45"",""ask_price"":""613.45""},{""bid_quantity"":40,""ask_quantity"":20,""bid_orders"":1,""ask_orders"":1,""bid_price"":""611.40"",""ask_price"":""613.75""},{""bid_quantity"":20,""ask_quantity"":20,""bid_orders"":1,""ask_orders"":1,""bid_price"":""611.35"",""ask_price"":""614.20""},{""bid_quantity"":20,""ask_quantity"":140,""bid_orders"":1,""ask_orders"":2,""bid_price"":""611.15"",""ask_price"":""614.75""}]"
09:15:10.931,1791517510931994493,2235253485928760,Full Data,8,1112083,614.45,20,09:15:10,,,598.36,23480,11020,32940,97520,"[{""bid_quantity"":80,""ask_quantity"":160,""bid_orders"":2,""ask_orders"":2,""bid_price"":""613.65"",""ask_price"":""616.10""},{""bid_quantity"":60,""ask_quantity"":180,""bid_orders"":2,""ask_orders"":2,""bid_price"":""613.60"",""ask_price"":""616.70""},{""bid_quantity"":20,""ask_quantity"":140,""bid_orders"":1,""ask_orders"":2,""bid_price"":""613.40"",""ask_price"":""616.75""},{""bid_quantity"":20,""ask_quantity"":160,""bid_orders"":1,""ask_orders"":1,""bid_price"":""613.20"",""ask_price"":""616.80""},{""bid_quantity"":20,""ask_quantity"":160,""bid_orders"":1,""ask_orders"":1,""bid_price"":""613.00"",""ask_price"":""616.85""}]"
09:15:11.000,1791517511000598976,2235253554533123,Full Data,8,1107704,672.05,20,09:15:10,,,681.10,2540,11080,10920,17620,"[{""bid_quantity"":20,""ask_quantity"":100,""bid_orders"":1,""ask_orders"":3,""bid_price"":""670.85"",""ask_price"":""676.85""},{""bid_quantity"":120,""ask_quantity"":100,""bid_orders"":2,""ask_orders"":1,""bid_price"":""670.80"",""ask_price"":""677.20""},{""bid_quantity"":20,""ask_quantity"":60,""bid_orders"":1,""ask_orders"":2,""bid_price"":""670.70"",""ask_price"":""677.50""},{""bid_quantity"":20,""ask_quantity"":20,""bid_orders"":1,""ask_orders"":1,""bid_price"":""670.60"",""ask_price"":""677.55""},{""bid_quantity"":40,""ask_quantity"":120,""bid_orders"":1,""ask_orders"":2,""bid_price"":""669.25"",""ask_price"":""677.60""}]"
09:15:11.034,1791517511034160153,2235253588094180,Full Data,8,1116183,507.95,20,09:15:10,,,490.10,54900,25680,54200,319760,"[{""bid_quantity"":20,""ask_quantity"":40,""bid_orders"":1,""ask_orders"":1,""bid_price"":""505.35"",""ask_price"":""507.30""},{""bid_quantity"":20,""ask_quantity"":20,""bid_orders"":1,""ask_orders"":1,""bid_price"":""505.30"",""ask_price"":""507.35""},{""bid_quantity"":20,""ask_quantity"":20,""bid_orders"":1,""ask_orders"":1,""bid_price"":""505.20"",""ask_price"":""507.45""},{""bid_quantity"":20,""ask_quantity"":20,""bid_orders"":1,""ask_orders"":1,""bid_price"":""505.00"",""ask_price"":""507.50""},{""bid_quantity"":20,""ask_quantity"":40,""bid_orders"":1,""ask_orders"":1,""bid_price"":""504.85"",""ask_price"":""508.80""}]"
09:15:11.060,1791517511060716805,2235253614650792,Full Data,8,1114813,531.55,20,09:15:11,,,531.33,18560,13160,16300,57500,"[{""bid_quantity"":40,""ask_quantity"":40,""bid_orders"":1,""ask_orders"":2,""bid_price"":""529.00"",""ask_price"":""531.00""},{""bid_quantity"":20,""ask_quantity"":40,""bid_orders"":1,""ask_orders"":1,""bid_price"":""528.95"",""ask_price"":""531.05""},{""bid_quantity"":20,""ask_quantity"":20,""bid_orders"":1,""ask_orders"":1,""bid_price"":""528.85"",""ask_price"":""531.10""},{""bid_quantity"":20,""ask_quantity"":40,""bid_orders"":1,""ask_orders"":2,""bid_price"":""528.75"",""ask_price"":""531.15""},{""bid_quantity"":20,""ask_quantity"":20,""bid_orders"":1,""ask_orders"":1,""bid_price"":""528.55"",""ask_price"":""531.30""}]"
09:15:11.205,1791517511205906303,2235253759840450,Full Data,8,1104245,454.55,20,09:15:11,,,444.47,12860,14900,18920,52960,"[{""bid_quantity"":20,""ask_quantity"":20,""bid_orders"":1,""ask_orders"":1,""bid_price"":""455.10"",""ask_price"":""455.75""},{""bid_quantity"":60,""ask_quantity"":60,""bid_orders"":2,""ask_orders"":1,""bid_price"":""455.05"",""ask_price"":""456.00""},{""bid_quantity"":40,""ask_quantity"":20,""bid_orders"":1,""ask_orders"":1,""bid_price"":""454.90"",""ask_price"":""456.10""},{""bid_quantity"":20,""ask_quantity"":40,""bid_orders"":1,""ask_orders"":1,""bid_price"":""454.85"",""ask_price"":""456.75""},{""bid_quantity"":20,""ask_quantity"":40,""bid_orders"":1,""ask_orders"":1,""bid_price"":""454.60"",""ask_price"":""457.10""}]"
09:15:11.280,1791517511280505944,2235253834440211,Full Data,8,1104245,454.65,20,09:15:11,,,445.17,13740,13160,19080,52960,"[{""bid_quantity"":20,""ask_quantity"":20,""bid_orders"":1,""ask_orders"":1,""bid_price"":""455.50"",""ask_price"":""457.05""},{""bid_quantity"":20,""ask_quantity"":40,""bid_orders"":1,""ask_orders"":1,""bid_price"":""455.30"",""ask_price"":""457.10""},{""bid_quantity"":20,""ask_quantity"":20,""bid_orders"":1,""ask_orders"":1,""bid_price"":""455.10"",""ask_price"":""457.15""},{""bid_quantity"":20,""ask_quantity"":40,""bid_orders"":1,""ask_orders"":1,""bid_price"":""454.90"",""ask_price"":""457.25""},{""bid_quantity"":20,""ask_quantity"":20,""bid_orders"":1,""ask_orders"":1,""bid_price"":""454.75"",""ask_price"":""457.35""}]"
09:15:11.297,1791517511297600615,2235253851534522,Full Data,8,1114464,790.00,20,09:15:11,,,768.52,21740,12420,45420,272380,"[{""bid_quantity"":20,""ask_quantity"":20,""bid_orders"":1,""ask_orders"":1,""bid_price"":""788.60"",""ask_price"":""790.00""},{""bid_quantity"":20,""ask_quantity"":40,""bid_orders"":1,""ask_orders"":1,""bid_price"":""788.55"",""ask_price"":""791.55""},{""bid_quantity"":20,""ask_quantity"":40,""bid_orders"":1,""ask_orders"":1,""bid_price"":""788.45"",""ask_price"":""791.80""},{""bid_quantity"":20,""ask_quantity"":20,""bid_orders"":1,""ask_orders"":1,""bid_price"":""788.35"",""ask_price"":""791.85""},{""bid_quantity"":20,""ask_quantity"":100,""bid_orders"":1,""ask_orders"":1,""bid_price"":""788.25"",""ask_price"":""793.90""}]"
09:15:11.319,1791517511319689478,2235253873623425,Full Data,8,1111309,731.60,20,09:15:11,,,711.00,18260,10660,23700,98080,"[{""bid_quantity"":20,""ask_quantity"":20,""bid_orders"":1,""ask_orders"":1,""bid_price"":""729.05"",""ask_price"":""731.65""},{""bid_quantity"":40,""ask_quantity"":20,""bid_orders"":1,""ask_orders"":1,""bid_price"":""728.90"",""ask_price"":""731.85""},{""bid_quantity"":20,""ask_quantity"":20,""bid_orders"":1,""ask_orders"":1,""bid_price"":""728.85"",""ask_price"":""732.00""},{""bid_quantity"":20,""ask_quantity"":20,""bid_orders"":1,""ask_orders"":1,""bid_price"":""728.65"",""ask_price"":""732.05""},{""bid_quantity"":20,""ask_quantity"":40,""bid_orders"":1,""ask_orders"":2,""bid_price"":""728.50"",""ask_price"":""732.20""}]"
09:15:11.378,1791517511378357176,2235253932291163,Full Data,8,1111309,731.75,20,09:15:11,,,711.02,18280,10900,24520,98080,"[{""bid_quantity"":540,""ask_quantity"":80,""bid_orders"":3,""ask_orders"":2,""bid_price"":""726.80"",""ask_price"":""731.30""},{""bid_quantity"":20,""ask_quantity"":40,""bid_orders"":1,""ask_orders"":2,""bid_price"":""726.75"",""ask_price"":""731.35""},{""bid_quantity"":380,""ask_quantity"":40,""bid_orders"":3,""ask_orders"":1,""bid_price"":""726.65"",""ask_price"":""732.15""},{""bid_quantity"":60,""ask_quantity"":20,""bid_orders"":1,""ask_orders"":1,""bid_price"":""726.60"",""ask_price"":""732.20""},{""bid_quantity"":120,""ask_quantity"":20,""bid_orders"":2,""ask_orders"":1,""bid_price"":""726.45"",""ask_price"":""732.35""}]"
09:15:11.507,1791517511507299289,2235254061233716,Full Data,8,1114046,439.95,80,09:15:11,,,442.19,18480,13620,35600,119180,"[{""bid_quantity"":20,""ask_quantity"":60,""bid_orders"":1,""ask_orders"":2,""bid_price"":""438.65"",""ask_price"":""440.25""},{""bid_quantity"":20,""ask_quantity"":40,""bid_orders"":1,""ask_orders"":2,""bid_price"":""438.55"",""ask_price"":""440.40""},{""bid_quantity"":20,""ask_quantity"":20,""bid_orders"":1,""ask_orders"":1,""bid_price"":""438.45"",""ask_price"":""440.45""},{""bid_quantity"":20,""ask_quantity"":20,""bid_orders"":1,""ask_orders"":1,""bid_price"":""438.35"",""ask_price"":""440.65""},{""bid_quantity"":20,""ask_quantity"":60,""bid_orders"":1,""ask_orders"":2,""bid_price"":""438.25"",""ask_price"":""440.75""}]"
09:15:11.544,1791517511544730331,2235254098664278,Full Data,8,1110871,481.05,20,09:15:11,,,486.33,16820,12780,14520,81380,"[{""bid_quantity"":20,""ask_quantity"":20,""bid_orders"":1,""ask_orders"":1,""bid_price"":""480.55"",""ask_price"":""482.35""},{""bid_quantity"":40,""ask_quantity"":120,""bid_orders"":1,""ask_orders"":2,""bid_price"":""478.75"",""ask_price"":""482.40""},{""bid_quantity"":20,""ask_quantity"":20,""bid_orders"":1,""ask_orders"":1,""bid_price"":""478.70"",""ask_price"":""482.60""},{""bid_quantity"":320,""ask_quantity"":100,""bid_orders"":1,""ask_orders"":1,""bid_price"":""478.60"",""ask_price"":""482.70""},{""bid_quantity"":380,""ask_quantity"":180,""bid_orders"":2,""ask_orders"":3,""bid_price"":""478.55"",""ask_price"":""482.90""}]"
09:15:11.557,1791517511557427013,2235254111361280,Ticker Data,0,51,71796.69,,09:15:11,,,,,,,,
09:15:11.699,1791517511699966494,2235254253900721,Full Data,8,1105793,562.40,20,09:15:11,,,544.08,22140,10580,18120,50360,"[{""bid_quantity"":80,""ask_quantity"":20,""bid_orders"":3,""ask_orders"":1,""bid_price"":""560.65"",""ask_price"":""562.95""},{""bid_quantity"":20,""ask_quantity"":60,""bid_orders"":1,""ask_orders"":2,""bid_price"":""560.60"",""ask_price"":""563.00""},{""bid_quantity"":20,""ask_quantity"":20,""bid_orders"":1,""ask_orders"":1,""bid_price"":""560.55"",""ask_price"":""563.20""},{""bid_quantity"":20,""ask_quantity"":80,""bid_orders"":1,""ask_orders"":2,""bid_price"":""560.45"",""ask_price"":""563.30""},{""bid_quantity"":20,""ask_quantity"":60,""bid_orders"":1,""ask_orders"":2,""bid_price"":""560.40"",""ask_price"":""563.35""}]"
09:15:11.776,1791517511776189986,2235254330124093,Full Data,8,1105793,561.60,20,09:15:11,,,544.13,22200,10560,17780,50360,"[{""bid_quantity"":160,""ask_quantity"":40,""bid_orders"":1,""ask_orders"":2,""bid_price"":""560.65"",""ask_price"":""561.90""},{""bid_quantity"":200,""ask_quantity"":20,""bid_orders"":1,""ask_orders"":1,""bid_price"":""560.60"",""ask_price"":""561.95""},{""bid_quantity"":100,""ask_quantity"":40,""bid_orders"":1,""ask_orders"":2,""bid_price"":""559.65"",""ask_price"":""562.10""},{""bid_quantity"":120,""ask_quantity"":20,""bid_orders"":1,""ask_orders"":1,""bid_price"":""559.35"",""ask_price"":""562.15""},{""bid_quantity"":140,""ask_quantity"":20,""bid_orders"":2,""ask_orders"":1,""bid_price"":""559.30"",""ask_price"":""562.30""}]"
09:15:11.819,1791517511819485506,2235254373419733,Full Data,8,1115207,674.55,40,09:15:11,,,654.78,22420,12880,24260,97240,"[{""bid_quantity"":40,""ask_quantity"":20,""bid_orders"":1,""ask_orders"":1,""bid_price"":""670.60"",""ask_price"":""671.30""},{""bid_quantity"":20,""ask_quantity"":40,""bid_orders"":1,""ask_orders"":1,""bid_price"":""670.55"",""ask_price"":""672.10""},{""bid_quantity"":40,""ask_quantity"":20,""bid_orders"":1,""ask_orders"":1,""bid_price"":""670.45"",""ask_price"":""673.55""},{""bid_quantity"":20,""ask_quantity"":40,""bid_orders"":1,""ask_orders"":1,""bid_price"":""670.40"",""ask_price"":""674.50""},{""bid_quantity"":20,""ask_quantity"":20,""bid_orders"":1,""ask_orders"":1,""bid_price"":""670.20"",""ask_price"":""674.65""}]"
09:15:11.939,1791517511939671562,2235254493605789,Full Data,8,1112083,613.15,20,09:15:11,,,600.81,27620,16440,34040,97520,"[{""bid_quantity"":80,""ask_quantity"":180,""bid_orders"":2,""ask_orders"":1,""bid_price"":""610.50"",""ask_price"":""613.60""},{""bid_quantity"":20,""ask_quantity"":480,""bid_orders"":1,""ask_orders"":1,""bid_price"":""610.45"",""ask_price"":""613.65""},{""bid_quantity"":40,""ask_quantity"":100,""bid_orders"":1,""ask_orders"":1,""bid_price"":""610.35"",""ask_price"":""614.00""},{""bid_quantity"":20,""ask_quantity"":80,""bid_orders"":1,""ask_orders"":2,""bid_price"":""610.30"",""ask_price"":""614.10""},{""bid_quantity"":20,""ask_quantity"":260,""bid_orders"":1,""ask_orders"":2,""bid_price"":""610.10"",""ask_price"":""614.15""}]"
09:15:11.969,1791517511969237473,2235254523171540,Full Data,8,1102591,618.75,20,09:15:11,,,628.31,22500,14960,26180,209460,"[{""bid_quantity"":20,""ask_quantity"":80,""bid_orders"":1,""ask_orders"":3,""bid_price"":""618.10"",""ask_price"":""619.85""},{""bid_quantity"":40,""ask_quantity"":40,""bid_orders"":1,""ask_orders"":2,""bid_price"":""617.90"",""ask_price"":""620.00""},{""bid_quantity"":40,""ask_quantity"":40,""bid_orders"":1,""ask_orders"":2,""bid_price"":""617.50"",""ask_price"":""620.15""},{""bid_quantity"":20,""ask_quantity"":40,""bid_orders"":1,""ask_orders"":2,""bid_price"":""617.35"",""ask_price"":""620.25""},{""bid_quantity"":20,""ask_quantity"":20,""bid_orders"":1,""ask_orders"":1,""bid_price"":""617.15"",""ask_price"":""620.30""}]"
09:15:12.017,1791517512017477985,2235254571412172,Full Data,8,1107704,668.05,20,09:15:11,,,680.23,2700,10380,11440,17620,"[{""bid_quantity"":100,""ask_quantity"":120,""bid_orders"":4,""ask_orders"":4,""bid_price"":""665.50"",""ask_price"":""673.35""},{""bid_quantity"":140,""ask_quantity"":140,""bid_orders"":1,""ask_orders"":1,""bid_price"":""665.45"",""ask_price"":""673.40""},{""bid_quantity"":40,""ask_quantity"":120,""bid_orders"":1,""ask_orders"":4,""bid_price"":""665.40"",""ask_price"":""673.45""},{""bid_quantity"":20,""ask_quantity"":20,""bid_orders"":1,""ask_orders"":1,""bid_price"":""665.35"",""ask_price"":""673.55""},{""bid_quantity"":20,""ask_quantity"":100,""bid_orders"":1,""ask_orders"":1,""bid_price"":""665.25"",""ask_price"":""673.60""}]"
09:15:12.021,1791517512021696252,2235254575630599,Full Data,8,1111639,568.65,20,09:15:11,,,572.32,12700,11640,22200,60460,"[{""bid_quantity"":20,""ask_quantity"":20,""bid_orders"":1,""ask_orders"":1,""bid_price"":""568.00"",""ask_price"":""568.10""},{""bid_quantity"":40,""ask_quantity"":60,""bid_orders"":1,""ask_orders"":2,""bid_price"":""566.55"",""ask_price"":""570.05""},{""bid_quantity"":100,""ask_quantity"":60,""bid_orders"":1,""ask_orders"":2,""bid_price"":""566.30"",""ask_price"":""570.10""},{""bid_quantity"":80,""ask_quantity"":40,""bid_orders"":1,""ask_orders"":2,""bid_price"":""566.20"",""ask_price"":""570.15""},{""bid_quantity"":80,""ask_quantity"":60,""bid_orders"":1,""ask_orders"":2,""bid_price"":""566.10"",""ask_price"":""570.30""}]"
09:15:12.046,1791517512046356371,2235254600290318,Full Data,8,1107336,405.95,60,09:15:12,,,405.90,32180,16400,56120,304080,"[{""bid_quantity"":40,""ask_quantity"":20,""bid_orders"":1,""ask_orders"":1,""bid_price"":""403.50"",""ask_price"":""405.20""},{""bid_quantity"":20,""ask_quantity"":40,""bid_orders"":1,""ask_orders"":1,""bid_price"":""403.45"",""ask_price"":""405.25""},{""bid_quantity"":40,""ask_quantity"":20,""bid_orders"":1,""ask_orders"":1,""bid_price"":""403.40"",""ask_price"":""405.30""},{""bid_quantity"":20,""ask_quantity"":20,""bid_orders"":1,""ask_orders"":1,""bid_price"":""403.15"",""ask_price"":""405.60""},{""bid_quantity"":20,""ask_quantity"":40,""bid_orders"":1,""ask_orders"":2,""bid_price"":""403.05"",""ask_price"":""405.70""}]"
09:15:12.077,1791517512077711094,2235254631645041,Full Data,8,1111639,571.25,20,09:15:12,,,572.29,12860,13920,25040,60460,"[{""bid_quantity"":40,""ask_quantity"":40,""bid_orders"":2,""ask_orders"":2,""bid_price"":""570.75"",""ask_price"":""573.35""},{""bid_quantity"":20,""ask_quantity"":100,""bid_orders"":1,""ask_orders"":3,""bid_price"":""570.70"",""ask_price"":""573.45""},{""bid_quantity"":20,""ask_quantity"":40,""bid_orders"":1,""ask_orders"":2,""bid_price"":""570.65"",""ask_price"":""573.50""},{""bid_quantity"":20,""ask_quantity"":80,""bid_orders"":1,""ask_orders"":4,""bid_price"":""570.55"",""ask_price"":""573.60""},{""bid_quantity"":20,""ask_quantity"":100,""bid_orders"":1,""ask_orders"":1,""bid_price"":""570.45"",""ask_price"":""574.35""}]"
09:15:12.138,1791517512138327925,2235254692261872,Full Data,8,1114813,528.25,20,09:15:12,,,530.49,21960,15340,18120,57500,"[{""bid_quantity"":20,""ask_quantity"":20,""bid_orders"":1,""ask_orders"":1,""bid_price"":""528.15"",""ask_price"":""529.95""},{""bid_quantity"":20,""ask_quantity"":20,""bid_orders"":1,""ask_orders"":1,""bid_price"":""528.10"",""ask_price"":""530.10""},{""bid_quantity"":20,""ask_quantity"":40,""bid_orders"":1,""ask_orders"":1,""bid_price"":""527.95"",""ask_price"":""530.20""},{""bid_quantity"":60,""ask_quantity"":60,""bid_orders"":2,""ask_orders"":2,""bid_price"":""527.80"",""ask_price"":""530.25""},{""bid_quantity"":80,""ask_quantity"":20,""bid_orders"":3,""ask_orders"":1,""bid_price"":""527.75"",""ask_price"":""530.30""}]"
09:15:12.286,1791517512286954165,2235254840888392,Full Data,8,1104245,452.90,20,09:15:12,,,445.75,14380,12820,17680,52960,"[{""bid_quantity"":60,""ask_quantity"":20,""bid_orders"":2,""ask_orders"":1,""bid_price"":""451.90"",""ask_price"":""453.30""},{""bid_quantity"":220,""ask_quantity"":40,""bid_orders"":3,""ask_orders"":1,""bid_price"":""451.85"",""ask_price"":""453.40""},{""bid_quantity"":60,""ask_quantity"":40,""bid_orders"":2,""ask_orders"":1,""bid_price"":""451.75"",""ask_price"":""454.30""},{""bid_quantity"":20,""ask_quantity"":100,""bid_orders"":1,""ask_orders"":1,""bid_price"":""451.55"",""ask_price"":""454.35""},{""bid_quantity"":20,""ask_quantity"":40,""bid_orders"":1,""ask_orders"":1,""bid_price"":""451.35"",""ask_price"":""454.90""}]"
09:15:12.309,1791517512309968994,2235254863903061,Full Data,8,1114464,784.95,20,09:15:12,,,770.14,23620,12840,45820,272380,"[{""bid_quantity"":20,""ask_quantity"":20,""bid_orders"":1,""ask_orders"":1,""bid_price"":""783.70"",""ask_price"":""786.55""},{""bid_quantity"":40,""ask_quantity"":20,""bid_orders"":2,""ask_orders"":1,""bid_price"":""783.65"",""ask_price"":""786.70""},{""bid_quantity"":20,""ask_quantity"":20,""bid_orders"":1,""ask_orders"":1,""bid_price"":""783.60"",""ask_price"":""786.75""},{""bid_quantity"":40,""ask_quantity"":20,""bid_orders"":1,""ask_orders"":1,""bid_price"":""783.55"",""ask_price"":""786.95""},{""bid_quantity"":20,""ask_quantity"":100,""bid_orders"":1,""ask_orders"":1,""bid_price"":""783.45"",""ask_price"":""787.10""}]"
09:15:12.359,1791517512359102831,2235254913036898,Full Data,8,1104245,453.30,20,09:15:12,,,445.76,14400,12980,18080,52960,"[{""bid_quantity"":20,""ask_quantity"":20,""bid_orders"":1,""ask_orders"":1,""bid_price"":""452.70"",""ask_price"":""453.00""},{""bid_quantity"":20,""ask_quantity"":20,""bid_orders"":1,""ask_orders"":1,""bid_price"":""452.55"",""ask_price"":""453.70""},{""bid_quantity"":20,""ask_quantity"":40,""bid_orders"":1,""ask_orders"":1,""bid_price"":""452.45"",""ask_price"":""453.85""},{""bid_quantity"":20,""ask_quantity"":120,""bid_orders"":1,""ask_orders"":2,""bid_price"":""452.35"",""ask_price"":""454.35""},{""bid_quantity"":40,""ask_quantity"":40,""bid_orders"":1,""ask_orders"":1,""bid_price"":""452.30"",""ask_price"":""455.20""}]"
09:15:12.386,1791517512386897611,2235254940831678,Full Data,8,1111309,724.15,20,09:15:12,,,712.18,19560,12020,23460,98080,"[{""bid_quantity"":20,""ask_quantity"":20,""bid_orders"":1,""ask_orders"":1,""bid_price"":""722.05"",""ask_price"":""724.35""},{""bid_quantity"":40,""ask_quantity"":40,""bid_orders"":1,""ask_orders"":1,""bid_price"":""721.50"",""ask_price"":""724.45""},{""bid_quantity"":20,""ask_quantity"":40,""bid_orders"":1,""ask_orders"":2,""bid_price"":""720.85"",""ask_price"":""724.55""},{""bid_quantity"":100,""ask_quantity"":20,""bid_orders"":2,""ask_orders"":1,""bid_price"":""720.55"",""ask_price"":""724.75""},{""bid_quantity"":40,""ask_quantity"":20,""bid_orders"":1,""ask_orders"":1,""bid_price"":""720.50"",""ask_price"":""724.85""}]"
09:15:12.433,1791517512433549712,2235254987483819,Full Data,8,1111309,724.35,20,09:15:12,,,712.19,19580,11780,23520,98080,"[{""bid_quantity"":20,""ask_quantity"":40,""bid_orders"":1,""ask_orders"":1,""bid_price"":""722.05"",""ask_price"":""724.35""},{""bid_quantity"":40,""ask_quantity"":20,""bid_orders"":1,""ask_orders"":1,""bid_price"":""721.90"",""ask_price"":""724.40""},{""bid_quantity"":40,""ask_quantity"":40,""bid_orders"":1,""ask_orders"":1,""bid_price"":""720.95"",""ask_price"":""724.50""},{""bid_quantity"":40,""ask_quantity"":20,""bid_orders"":1,""ask_orders"":1,""bid_price"":""720.90"",""ask_price"":""724.55""},{""bid_quantity"":20,""ask_quantity"":20,""bid_orders"":1,""ask_orders"":1,""bid_price"":""720.85"",""ask_price"":""724.75""}]"
09:15:12.502,1791517512502939241,2235255056873388,Full Data,8,1114046,444.00,20,09:15:12,,,442.07,19960,11840,40660,119180,"[{""bid_quantity"":20,""ask_quantity"":40,""bid_orders"":1,""ask_orders"":2,""bid_price"":""444.15"",""ask_price"":""445.75""},{""bid_quantity"":40,""ask_quantity"":40,""bid_orders"":2,""ask_orders"":2,""bid_price"":""443.95"",""ask_price"":""445.80""},{""bid_quantity"":40,""ask_quantity"":40,""bid_orders"":1,""ask_orders"":2,""bid_price"":""443.85"",""ask_price"":""445.85""},{""bid_quantity"":20,""ask_quantity"":60,""bid_orders"":1,""ask_orders"":3,""bid_price"":""443.55"",""ask_price"":""445.90""},{""bid_quantity"":20,""ask_quantity"":40,""bid_orders"":1,""ask_orders"":2,""bid_price"":""443.50"",""ask_price"":""445.95""}]"
09:15:12.543,1791517512543604463,2235255097538370,Full Data,8,1110871,484.65,20,09:15:12,,,485.89,18220,12980,14980,81380,"[{""bid_quantity"":20,""ask_quantity"":20,""bid_orders"":1,""ask_orders"":1,""bid_price"":""484.85"",""ask_price"":""486.60""},{""bid_quantity"":40,""ask_quantity"":20,""bid_orders"":2,""ask_orders"":1,""bid_price"":""484.80"",""ask_price"":""486.75""},{""bid_quantity"":20,""ask_quantity"":20,""bid_orders"":1,""ask_orders"":1,""bid_price"":""484.55"",""ask_price"":""486.80""},{""bid_quantity"":20,""ask_quantity"":20,""bid_orders"":1,""ask_orders"":1,""bid_price"":""484.35"",""ask_price"":""486.90""},{""bid_quantity"":140,""ask_quantity"":20,""bid_orders"":1,""ask_orders"":1,""bid_price"":""484.30"",""ask_price"":""486.95""}]"
09:15:12.585,1791517512585157132,2235255139091199,Ticker Data,0,51,71780.27,,09:15:12,,,,,,,,
09:15:12.787,1791517512787513919,2235255341448226,Full Data,8,1105793,556.75,20,09:15:12,,,544.79,23560,10800,18160,50360,"[{""bid_quantity"":80,""ask_quantity"":20,""bid_orders"":3,""ask_orders"":1,""bid_price"":""556.90"",""ask_price"":""559.45""},{""bid_quantity"":20,""ask_quantity"":20,""bid_orders"":1,""ask_orders"":1,""bid_price"":""556.85"",""ask_price"":""559.55""},{""bid_quantity"":20,""ask_quantity"":20,""bid_orders"":1,""ask_orders"":1,""bid_price"":""556.70"",""ask_price"":""559.65""},{""bid_quantity"":20,""ask_quantity"":20,""bid_orders"":1,""ask_orders"":1,""bid_price"":""556.60"",""ask_price"":""559.70""},{""bid_quantity"":240,""ask_quantity"":20,""bid_orders"":3,""ask_orders"":1,""bid_price"":""556.50"",""ask_price"":""559.75""}]"
09:15:12.826,1791517512826984614,2235255380918521,Full Data,8,1115207,671.20,100,09:15:12,,,655.64,24080,13880,27020,97240,"[{""bid_quantity"":20,""ask_quantity"":20,""bid_orders"":1,""ask_orders"":1,""bid_price"":""667.85"",""ask_price"":""671.05""},{""bid_quantity"":120,""ask_quantity"":320,""bid_orders"":3,""ask_orders"":1,""bid_price"":""667.75"",""ask_price"":""671.15""},{""bid_quantity"":20,""ask_quantity"":60,""bid_orders"":1,""ask_orders"":3,""bid_price"":""667.65"",""ask_price"":""671.20""},{""bid_quantity"":40,""ask_quantity"":120,""bid_orders"":1,""ask_orders"":2,""bid_price"":""667.60"",""ask_price"":""671.60""},{""bid_quantity"":40,""ask_quantity"":100,""bid_orders"":1,""ask_orders"":1,""bid_price"":""667.55"",""ask_price"":""671.70""}]"
09:15:12.859,1791517512859793826,2235255413728013,Full Data,8,1105793,556.75,20,09:15:12,,,544.79,23560,10820,17540,50360,"[{""bid_quantity"":20,""ask_quantity"":60,""bid_orders"":1,""ask_orders"":2,""bid_price"":""556.25"",""ask_price"":""558.05""},{""bid_quantity"":40,""ask_quantity"":20,""bid_orders"":1,""ask_orders"":1,""bid_price"":""556.20"",""ask_price"":""558.20""},{""bid_quantity"":20,""ask_quantity"":20,""bid_orders"":1,""ask_orders"":1,""bid_price"":""556.10"",""ask_price"":""558.30""},{""bid_quantity"":100,""ask_quantity"":20,""bid_orders"":1,""ask_orders"":1,""bid_price"":""555.80"",""ask_price"":""558.40""},{""bid_quantity"":20,""ask_quantity"":80,""bid_orders"":1,""ask_orders"":2,""bid_price"":""555.20"",""ask_price"":""558.50""}]"
09:15:12.895,1791517512895374815,2235255449308802,Full Data,8,1115207,669.05,20,09:15:12,,,655.68,24160,14520,27160,97240,"[{""bid_quantity"":20,""ask_quantity"":20,""bid_orders"":1,""ask_orders"":1,""bid_price"":""667.25"",""ask_price"":""668.65""},{""bid_quantity"":40,""ask_quantity"":20,""bid_orders"":1,""ask_orders"":1,""bid_price"":""667.10"",""ask_price"":""669.00""},{""bid_quantity"":80,""ask_quantity"":20,""bid_orders"":1,""ask_orders"":1,""bid_price"":""667.05"",""ask_price"":""669.05""},{""bid_quantity"":20,""ask_quantity"":40,""bid_orders"":1,""ask_orders"":2,""bid_price"":""667.00"",""ask_price"":""669.10""},{""bid_quantity"":60,""ask_quantity"":40,""bid_orders"":2,""ask_orders"":2,""bid_price"":""666.85"",""ask_price"":""669.20""}]"
09:15:12.988,1791517512988433217,2235255542367404,Full Data,8,1102591,626.70,20,09:15:12,,,627.89,24280,11760,25240,209460,"[{""bid_quantity"":40,""ask_quantity"":40,""bid_orders"":2,""ask_orders"":1,""bid_price"":""623.10"",""ask_price"":""630.75""},{""bid_quantity"":120,""ask_quantity"":40,""bid_orders"":3,""ask_orders"":1,""bid_price"":""623.05"",""ask_price"":""630.80""},{""bid_quantity"":340,""ask_quantity"":100,""bid_orders"":6,""ask_orders"":2,""bid_price"":""623.00"",""ask_price"":""630.85""},{""bid_quantity"":20,""ask_quantity"":20,""bid_orders"":1,""ask_orders"":1,""bid_price"":""622.95"",""ask_price"":""631.00""},{""bid_quantity"":60,""ask_quantity"":40,""bid_orders"":2,""ask_orders"":1,""bid_price"":""622.90"",""ask_price"":""632.65""}]"
09:15:13.011,1791517513011797208,2235255565731115,Full Data,8,1102591,626.15,20,09:15:13,,,627.88,24380,12040,25800,209460,"[{""bid_quantity"":60,""ask_quantity"":20,""bid_orders"":2,""ask_orders"":1,""bid_price"":""626.65"",""ask_price"":""630.30""},{""bid_quantity"":20,""ask_quantity"":40,""bid_orders"":1,""ask_orders"":1,""bid_price"":""626.60"",""ask_price"":""630.35""},{""bid_quantity"":40,""ask_quantity"":20,""bid_orders"":1,""ask_orders"":1,""bid_price"":""626.55"",""ask_price"":""630.45""},{""bid_quantity"":20,""ask_quantity"":20,""bid_orders"":1,""ask_orders"":1,""bid_price"":""626.50"",""ask_price"":""630.55""},{""bid_quantity"":20,""ask_quantity"":100,""bid_orders"":1,""ask_orders"":1,""bid_price"":""626.40"",""ask_price"":""631.60""}]"
09:15:13.026,1791517513026026499,2235255579960486,Full Data,8,1107704,680.25,20,09:15:12,,,679.43,3360,10120,12300,17620,"[{""bid_quantity"":20,""ask_quantity"":40,""bid_orders"":1,""ask_orders"":1,""bid_price"":""680.40"",""ask_price"":""682.30""},{""bid_quantity"":20,""ask_quantity"":20,""bid_orders"":1,""ask_orders"":1,""bid_price"":""680.20"",""ask_price"":""682.35""},{""bid_quantity"":20,""ask_quantity"":40,""bid_orders"":1,""ask_orders"":1,""bid_price"":""680.00"",""ask_price"":""682.40""},{""bid_quantity"":40,""ask_quantity"":60,""bid_orders"":1,""ask_orders"":2,""bid_price"":""679.85"",""ask_price"":""682.45""},{""bid_quantity"":20,""ask_quantity"":20,""bid_orders"":1,""ask_orders"":1,""bid_price"":""679.80"",""ask_price"":""682.55""}]"
09:15:13.032,1791517513032376020,2235255586310007,Full Data,8,1112083,607.00,20,09:15:13,,,601.67,30280,12240,31340,97520,"[{""bid_quantity"":40,""ask_quantity"":20,""bid_orders"":2,""ask_orders"":1,""bid_price"":""604.55"",""ask_price"":""606.85""},{""bid_quantity"":80,""ask_quantity"":60,""bid_orders"":2,""ask_orders"":1,""bid_price"":""604.05"",""ask_price"":""606.90""},{""bid_quantity"":60,""ask_quantity"":140,""bid_orders"":1,""ask_orders"":1,""bid_price"":""603.90"",""ask_price"":""607.00""},{""bid_quantity"":100,""ask_quantity"":180,""bid_orders"":1,""ask_orders"":2,""bid_price"":""603.75"",""ask_price"":""607.50""},{""bid_quantity"":100,""ask_quantity"":180,""bid_orders"":1,""ask_orders"":2,""bid_price"":""602.80"",""ask_price"":""607.55""}]"
09:15:13.047,1791517513047145236,2235255601079223,Full Data,8,1107704,680.25,20,09:15:12,,,679.43,3360,9900,11740,17620,"[{""bid_quantity"":40,""ask_quantity"":40,""bid_orders"":1,""ask_orders"":1,""bid_price"":""680.05"",""ask_price"":""682.45""},{""bid_quantity"":20,""ask_quantity"":140,""bid_orders"":1,""ask_orders"":1,""bid_price"":""680.00"",""ask_price"":""682.50""},{""bid_quantity"":40,""ask_quantity"":100,""bid_orders"":1,""ask_orders"":1,""bid_price"":""679.85"",""ask_price"":""684.00""},{""bid_quantity"":20,""ask_quantity"":100,""bid_orders"":1,""ask_orders"":1,""bid_price"":""679.80"",""ask_price"":""684.40""},{""bid_quantity"":40,""ask_quantity"":20,""bid_orders"":1,""ask_orders"":1,""bid_price"":""679.70"",""ask_price"":""685.65""}]"
09:15:13.050,1791517513050257176,2235255604191123,Full Data,8,1107336,409.95,20,09:15:12,,,406.16,36480,12280,55500,304080,"[{""bid_quantity"":600,""ask_quantity"":20,""bid_orders"":5,""ask_orders"":1,""bid_price"":""410.20"",""ask_price"":""412.85""},{""bid_quantity"":120,""ask_quantity"":160,""bid_orders"":3,""ask_orders"":2,""bid_price"":""410.15"",""ask_price"":""412.90""},{""bid_quantity"":40,""ask_quantity"":40,""bid_orders"":1,""ask_orders"":1,""bid_price"":""410.00"",""ask_price"":""413.85""},{""bid_quantity"":20,""ask_quantity"":40,""bid_orders"":1,""ask_orders"":1,""bid_price"":""409.95"",""ask_price"":""414.50""},{""bid_quantity"":20,""ask_quantity"":40,""bid_orders"":1,""ask_orders"":1,""bid_price"":""409.90"",""ask_price"":""414.75""}]"
09:15:13.083,1791517513083352990,2235255637287177,Full Data,8,1111639,577.50,40,09:15:12,,,572.54,13980,11120,22600,60460,"[{""bid_quantity"":20,""ask_quantity"":40,""bid_orders"":1,""ask_orders"":2,""bid_price"":""580.05"",""ask_price"":""581.35""},{""bid_quantity"":40,""ask_quantity"":40,""bid_orders"":1,""ask_orders"":2,""bid_price"":""579.50"",""ask_price"":""581.40""},{""bid_quantity"":60,""ask_quantity"":60,""bid_orders"":2,""ask_orders"":2,""bid_price"":""579.40"",""ask_price"":""581.60""},{""bid_quantity"":20,""ask_quantity"":140,""bid_orders"":1,""ask_orders"":3,""bid_price"":""579.25"",""ask_price"":""581.65""},{""bid_quantity"":40,""ask_quantity"":100,""bid_orders"":1,""ask_orders"":2,""bid_price"":""578.45"",""ask_price"":""581.70""}]"
09:15:13.117,1791517513117929653,2235255671863640,Full Data,8,1112083,605.15,40,09:15:13,,,601.69,30520,11320,32240,97520,"[{""bid_quantity"":40,""ask_quantity"":40,""bid_orders"":1,""ask_orders"":2,""bid_price"":""603.45"",""ask_price"":""605.95""},{""bid_quantity"":20,""ask_quantity"":220,""bid_orders"":1,""ask_orders"":2,""bid_price"":""603.40"",""ask_price"":""606.00""},{""bid_quantity"":20,""ask_quantity"":140,""bid_orders"":1,""ask_orders"":2,""bid_price"":""603.35"",""ask_price"":""606.15""},{""bid_quantity"":40,""ask_quantity"":180,""bid_orders"":1,""ask_orders"":2,""bid_price"":""603.30"",""ask_price"":""606.70""},{""bid_quantity"":20,""ask_quantity"":20,""bid_orders"":1,""ask_orders"":1,""bid_price"":""603.20"",""ask_price"":""606.75""}]"
09:15:13.120,1791517513120488630,2235255674422537,Full Data,8,1116183,497.45,20,09:15:13,,,491.50,60900,26400,54260,319760,"[{""bid_quantity"":20,""ask_quantity"":60,""bid_orders"":1,""ask_orders"":2,""bid_price"":""496.55"",""ask_price"":""497.45""},{""bid_quantity"":20,""ask_quantity"":20,""bid_orders"":1,""ask_orders"":1,""bid_price"":""496.50"",""ask_price"":""498.15""},{""bid_quantity"":20,""ask_quantity"":60,""bid_orders"":1,""ask_orders"":2,""bid_price"":""496.40"",""ask_price"":""498.30""},{""bid_quantity"":60,""ask_quantity"":20,""bid_orders"":2,""ask_orders"":1,""bid_price"":""496.35"",""ask_price"":""498.35""},{""bid_quantity"":40,""ask_quantity"":80,""bid_orders"":2,""ask_orders"":3,""bid_price"":""496.30"",""ask_price"":""498.55""}]"
09:15:13.146,1791517513146810680,2235255700744587,Full Data,8,1111639,580.55,20,09:15:13,,,572.56,14020,11680,22120,60460,"[{""bid_quantity"":40,""ask_quantity"":40,""bid_orders"":1,""ask_orders"":1,""bid_price"":""579.45"",""ask_price"":""581.25""},{""bid_quantity"":80,""ask_quantity"":20,""bid_orders"":2,""ask_orders"":1,""bid_price"":""579.35"",""ask_price"":""581.30""},{""bid_quantity"":20,""ask_quantity"":20,""bid_orders"":1,""ask_orders"":1,""bid_price"":""579.30"",""ask_price"":""581.35""},{""bid_quantity"":40,""ask_quantity"":40,""bid_orders"":1,""ask_orders"":2,""bid_price"":""579.20"",""ask_price"":""581.40""},{""bid_quantity"":60,""ask_quantity"":20,""bid_orders"":2,""ask_orders"":1,""bid_price"":""579.15"",""ask_price"":""581.45""}]"
09:15:13.147,1791517513147367963,2235255701301790,Full Data,8,1114813,537.40,20,09:15:13,,,530.53,24200,12740,16040,57500,"[{""bid_quantity"":60,""ask_quantity"":40,""bid_orders"":2,""ask_orders"":1,""bid_price"":""536.05"",""ask_price"":""536.90""},{""bid_quantity"":60,""ask_quantity"":200,""bid_orders"":2,""ask_orders"":3,""bid_price"":""535.05"",""ask_price"":""537.00""},{""bid_quantity"":20,""ask_quantity"":20,""bid_orders"":1,""ask_orders"":1,""bid_price"":""534.95"",""ask_price"":""537.50""},{""bid_quantity"":40,""ask_quantity"":40,""bid_orders"":1,""ask_orders"":1,""bid_price"":""534.25"",""ask_price"":""537.55""},{""bid_quantity"":40,""ask_quantity"":40,""bid_orders"":1,""ask_orders"":1,""bid_price"":""534.20"",""ask_price"":""537.60""}]"
09:15:13.188,1791517513188326788,2235255742260735,Full Data,8,1116183,496.75,20,09:15:13,,,491.50,60920,26460,54040,319760,"[{""bid_quantity"":20,""ask_quantity"":20,""bid_orders"":1,""ask_orders"":1,""bid_price"":""496.55"",""ask_price"":""497.40""},{""bid_quantity"":20,""ask_quantity"":60,""bid_orders"":1,""ask_orders"":2,""bid_price"":""496.50"",""ask_price"":""497.45""},{""bid_quantity"":20,""ask_quantity"":20,""bid_orders"":1,""ask_orders"":1,""bid_price"":""496.45"",""ask_price"":""497.60""},{""bid_quantity"":20,""ask_quantity"":20,""bid_orders"":1,""ask_orders"":1,""bid_price"":""496.35"",""ask_price"":""497.75""},{""bid_quantity"":40,""ask_quantity"":40,""bid_orders"":2,""ask_orders"":1,""bid_price"":""496.30"",""ask_price"":""498.10""}]"
09:15:13.202,1791517513202208517,2235255756142464,Full Data,8,1114813,536.05,40,09:15:13,,,530.55,24320,13040,15780,57500,"[{""bid_quantity"":20,""ask_quantity"":20,""bid_orders"":1,""ask_orders"":1,""bid_price"":""535.00"",""ask_price"":""536.30""},{""bid_quantity"":60,""ask_quantity"":20,""bid_orders"":2,""ask_orders"":1,""bid_price"":""534.85"",""ask_price"":""537.05""},{""bid_quantity"":20,""ask_quantity"":60,""bid_orders"":1,""ask_orders"":1,""bid_price"":""534.80"",""ask_price"":""537.25""},{""bid_quantity"":20,""ask_quantity"":240,""bid_orders"":1,""ask_orders"":2,""bid_price"":""534.70"",""ask_price"":""537.30""},{""bid_quantity"":20,""ask_quantity"":40,""bid_orders"":1,""ask_orders"":1,""bid_price"":""534.65"",""ask_price"":""537.50""}]"
09:15:13.364,1791517513364867408,2235255918801635,Full Data,8,1104245,446.55,60,09:15:13,,,446.05,15480,14040,17920,52960,"[{""bid_quantity"":100,""ask_quantity"":20,""bid_orders"":3,""ask_orders"":1,""bid_price"":""446.00"",""ask_price"":""446.90""},{""bid_quantity"":40,""ask_quantity"":40,""bid_orders"":1,""ask_orders"":1,""bid_price"":""445.60"",""ask_price"":""447.35""},{""bid_quantity"":120,""ask_quantity"":40,""bid_orders"":2,""ask_orders"":1,""bid_price"":""445.40"",""ask_price"":""447.50""},{""bid_quantity"":80,""ask_quantity"":20,""bid_orders"":2,""ask_orders"":1,""bid_price"":""444.40"",""ask_price"":""447.55""},{""bid_quantity"":20,""ask_quantity"":40,""bid_orders"":1,""ask_orders"":1,""bid_price"":""444.35"",""ask_price"":""447.70""}]"
09:15:13.385,1791517513385992025,2235255939926012,Full Data,8,1114464,768.25,20,09:15:13,,,770.89,25700,13700,48420,272380,"[{""bid_quantity"":160,""ask_quantity"":80,""bid_orders"":5,""ask_orders"":2,""bid_price"":""771.40"",""ask_price"":""774.45""},{""bid_quantity"":160,""ask_quantity"":60,""bid_orders"":2,""ask_orders"":2,""bid_price"":""771.35"",""ask_price"":""774.50""},{""bid_quantity"":60,""ask_quantity"":20,""bid_orders"":3,""ask_orders"":1,""bid_price"":""771.30"",""ask_price"":""774.70""},{""bid_quantity"":40,""ask_quantity"":40,""bid_orders"":2,""ask_orders"":1,""bid_price"":""771.20"",""ask_price"":""774.80""},{""bid_quantity"":60,""ask_quantity"":20,""bid_orders"":3,""ask_orders"":1,""bid_price"":""771.10"",""ask_price"":""774.85""}]"
09:15:13.435,1791517513435765386,2235255989699413,Full Data,8,1104245,446.85,20,09:15:13,,,446.05,15500,13160,18020,52960,"[{""bid_quantity"":20,""ask_quantity"":20,""bid_orders"":1,""ask_orders"":1,""bid_price"":""447.25"",""ask_price"":""447.95""},{""bid_quantity"":20,""ask_quantity"":20,""bid_orders"":1,""ask_orders"":1,""bid_price"":""447.15"",""ask_price"":""448.05""},{""bid_quantity"":20,""ask_quantity"":80,""bid_orders"":1,""ask_orders"":1,""bid_price"":""447.10"",""ask_price"":""449.10""},{""bid_quantity"":40,""ask_quantity"":100,""bid_orders"":2,""ask_orders"":1,""bid_price"":""447.00"",""ask_price"":""449.15""},{""bid_quantity"":40,""ask_quantity"":220,""bid_orders"":2,""ask_orders"":1,""bid_price"":""446.95"",""ask_price"":""449.35""}]"
09:15:13.436,1791517513436857473,2235255990791380,Full Data,8,1111309,715.75,20,09:15:13,,,712.49,20340,13600,23940,98080,"[{""bid_quantity"":100,""ask_quantity"":40,""bid_orders"":3,""ask_orders"":2,""bid_price"":""713.60"",""ask_price"":""716.55""},{""bid_quantity"":60,""ask_quantity"":20,""bid_orders"":1,""ask_orders"":1,""bid_price"":""713.55"",""ask_price"":""716.60""},{""bid_quantity"":80,""ask_quantity"":20,""bid_orders"":2,""ask_orders"":1,""bid_price"":""713.50"",""ask_price"":""717.15""},{""bid_quantity"":40,""ask_quantity"":120,""bid_orders"":1,""ask_orders"":2,""bid_price"":""713.00"",""ask_price"":""718.40""},{""bid_quantity"":60,""ask_quantity"":80,""bid_orders"":1,""ask_orders"":2,""bid_price"":""712.60"",""ask_price"":""718.45""}]"
09:15:13.451,1791517513451857130,2235256005791037,Full Data,8,1114464,775.00,40,09:15:13,,,770.92,25900,15860,47080,272380,"[{""bid_quantity"":100,""ask_quantity"":20,""bid_orders"":1,""ask_orders"":1,""bid_price"":""774.95"",""ask_price"":""775.90""},{""bid_quantity"":40,""ask_quantity"":20,""bid_orders"":1,""ask_orders"":1,""bid_price"":""773.70"",""ask_price"":""776.05""},{""bid_quantity"":100,""ask_quantity"":20,""bid_orders"":1,""ask_orders"":1,""bid_price"":""773.40"",""ask_price"":""776.10""},{""bid_quantity"":80,""ask_quantity"":40,""bid_orders"":3,""ask_orders"":1,""bid_price"":""772.65"",""ask_price"":""776.25""},{""bid_quantity"":40,""ask_quantity"":20,""bid_orders"":2,""ask_orders"":1,""bid_price"":""771.50"",""ask_price"":""776.30""}]"
09:15:13.507,1791517513507588210,2235256061522357,Full Data,8,1114046,448.30,20,09:15:13,,,442.35,21200,14360,37720,119180,"[{""bid_quantity"":40,""ask_quantity"":20,""bid_orders"":1,""ask_orders"":1,""bid_price"":""446.85"",""ask_price"":""449.00""},{""bid_quantity"":40,""ask_quantity"":20,""bid_orders"":2,""ask_orders"":1,""bid_price"":""446.80"",""ask_price"":""449.05""},{""bid_quantity"":40,""ask_quantity"":20,""bid_orders"":1,""ask_orders"":1,""bid_price"":""446.75"",""ask_price"":""449.10""},{""bid_quantity"":20,""ask_quantity"":40,""bid_orders"":1,""ask_orders"":2,""bid_price"":""446.60"",""ask_price"":""449.15""},{""bid_quantity"":100,""ask_quantity"":20,""bid_orders"":1,""ask_orders"":1,""bid_price"":""446.55"",""ask_price"":""449.20""}]"
09:15:13.507,1791517513507733971,2235256061667598,Full Data,8,1111309,715.75,20,09:15:13,,,712.49,20340,11180,24020,98080,"[{""bid_quantity"":60,""ask_quantity"":40,""bid_orders"":2,""ask_orders"":2,""bid_price"":""714.60"",""ask_price"":""715.95""},{""bid_quantity"":40,""ask_quantity"":40,""bid_orders"":1,""ask_orders"":2,""bid_price"":""714.55"",""ask_price"":""716.55""},{""bid_quantity"":60,""ask_quantity"":120,""bid_orders"":2,""ask_orders"":2,""bid_price"":""714.50"",""ask_price"":""718.40""},{""bid_quantity"":20,""ask_quantity"":20,""bid_orders"":1,""ask_orders"":1,""bid_price"":""714.40"",""ask_price"":""718.45""},{""bid_quantity"":20,""ask_quantity"":20,""bid_orders"":1,""ask_orders"":1,""bid_price"":""714.30"",""ask_price"":""718.80""}]"
09:15:13.553,1791517513553531987,2235256107465974,Full Data,8,1110871,489.10,40,09:15:13,,,486.00,19880,13240,16380,81380,"[{""bid_quantity"":20,""ask_quantity"":40,""bid_orders"":1,""ask_orders"":2,""bid_price"":""488.35"",""ask_price"":""490.00""},{""bid_quantity"":180,""ask_quantity"":20,""bid_orders"":3,""ask_orders"":1,""bid_price"":""488.15"",""ask_price"":""490.05""},{""bid_quantity"":20,""ask_quantity"":40,""bid_orders"":1,""ask_orders"":2,""bid_price"":""487.95"",""ask_price"":""490.15""},{""bid_quantity"":40,""ask_quantity"":20,""bid_orders"":2,""ask_orders"":1,""bid_price"":""487.85"",""ask_price"":""490.20""},{""bid_quantity"":100,""ask_quantity"":20,""bid_orders"":1,""ask_orders"":1,""bid_price"":""487.80"",""ask_price"":""490.35""}]"
09:15:13.566,1791517513566317189,2235256120251256,Ticker Data,0,51,71770.59,,09:15:13,,,,,,,,
09:15:13.862,1791517513862543943,2235256416478330,Full Data,8,1105793,547.25,20,09:15:13,,,545.11,25380,11760,19260,50360,"[{""bid_quantity"":40,""ask_quantity"":20,""bid_orders"":1,""ask_orders"":1,""bid_price"":""545.85"",""ask_price"":""547.50""},{""bid_quantity"":20,""ask_quantity"":20,""bid_orders"":1,""ask_orders"":1,""bid_price"":""545.80"",""ask_price"":""547.70""},{""bid_quantity"":140,""ask_quantity"":20,""bid_orders"":1,""ask_orders"":1,""bid_price"":""545.00"",""ask_price"":""547.90""},{""bid_quantity"":40,""ask_quantity"":20,""bid_orders"":1,""ask_orders"":1,""bid_price"":""544.65"",""ask_price"":""548.05""},{""bid_quantity"":200,""ask_quantity"":40,""bid_orders"":2,""ask_orders"":1,""bid_price"":""544.60"",""ask_price"":""548.10""}]"
09:15:13.895,1791517513895245354,2235256449179541,Full Data,8,1115207,656.65,20,09:15:13,,,656.16,28100,16100,26620,97240,"[{""bid_quantity"":60,""ask_quantity"":20,""bid_orders"":2,""ask_orders"":1,""bid_price"":""654.75"",""ask_price"":""656.85""},{""bid_quantity"":40,""ask_quantity"":20,""bid_orders"":1,""ask_orders"":1,""bid_price"":""654.70"",""ask_price"":""657.00""},{""bid_quantity"":40,""ask_quantity"":100,""bid_orders"":1,""ask_orders"":1,""bid_price"":""654.65"",""ask_price"":""657.05""},{""bid_quantity"":20,""ask_quantity"":20,""bid_orders"":1,""ask_orders"":1,""bid_price"":""654.60"",""ask_price"":""657.15""},{""bid_quantity"":60,""ask_quantity"":20,""bid_orders"":2,""ask_orders"":1,""bid_price"":""654.40"",""ask_price"":""657.25""}]"
09:15:13.945,1791517513945189877,2235256499123944,Full Data,8,1105793,548.25,20,09:15:13,,,545.12,25540,11820,17380,50360,"[{""bid_quantity"":20,""ask_quantity"":20,""bid_orders"":1,""ask_orders"":1,""bid_price"":""545.80"",""ask_price"":""547.00""},{""bid_quantity"":20,""ask_quantity"":40,""bid_orders"":1,""ask_orders"":2,""bid_price"":""545.35"",""ask_price"":""547.15""},{""bid_quantity"":40,""ask_quantity"":40,""bid_orders"":1,""ask_orders"":2,""bid_price"":""545.30"",""ask_price"":""547.30""},{""bid_quantity"":140,""ask_quantity"":20,""bid_orders"":1,""ask_orders"":1,""bid_price"":""545.00"",""ask_price"":""547.40""},{""bid_quantity"":380,""ask_quantity"":40,""bid_orders"":3,""ask_orders"":2,""bid_price"":""544.60"",""ask_price"":""547.45""}]"
09:15:14.013,1791517514013767000,2235256567701027,Full Data,8,1102591,635.45,100,09:15:14,,,627.96,25100,11640,24360,209460,"[{""bid_quantity"":20,""ask_quantity"":20,""bid_orders"":1,""ask_orders"":1,""bid_price"":""632.95"",""ask_price"":""635.25""},{""bid_quantity"":20,""ask_quantity"":20,""bid_orders"":1,""ask_orders"":1,""bid_price"":""632.90"",""ask_price"":""635.30""},{""bid_quantity"":40,""ask_quantity"":40,""bid_orders"":1,""ask_orders"":2,""bid_price"":""632.75"",""ask_price"":""635.45""},{""bid_quantity"":40,""ask_quantity"":140,""bid_orders"":1,""ask_orders"":1,""bid_price"":""632.35"",""ask_price"":""635.50""},{""bid_quantity"":40,""ask_quantity"":20,""bid_orders"":2,""ask_orders"":1,""bid_price"":""632.25"",""ask_price"":""635.60""}]"
09:15:14.048,1791517514048175942,2235256602110129,Full Data,8,1102591,635.45,100,09:15:14,,,627.96,25100,12320,24140,209460,"[{""bid_quantity"":20,""ask_quantity"":180,""bid_orders"":1,""ask_orders"":3,""bid_price"":""633.00"",""ask_price"":""635.90""},{""bid_quantity"":80,""ask_quantity"":40,""bid_orders"":3,""ask_orders"":2,""bid_price"":""632.90"",""ask_price"":""636.00""},{""bid_quantity"":40,""ask_quantity"":40,""bid_orders"":1,""ask_orders"":2,""bid_price"":""632.75"",""ask_price"":""636.05""},{""bid_quantity"":120,""ask_quantity"":40,""bid_orders"":2,""ask_orders"":2,""bid_price"":""632.25"",""ask_price"":""636.15""},{""bid_quantity"":40,""ask_quantity"":100,""bid_orders"":1,""ask_orders"":1,""bid_price"":""631.95"",""ask_price"":""637.20""}]"
09:15:14.049,1791517514049405150,2235256603339017,Full Data,8,1107704,685.80,20,09:15:14,,,679.65,3560,12140,12700,17620,"[{""bid_quantity"":60,""ask_quantity"":40,""bid_orders"":2,""ask_orders"":1,""bid_price"":""685.20"",""ask_price"":""687.55""},{""bid_quantity"":20,""ask_quantity"":40,""bid_orders"":1,""ask_orders"":1,""bid_price"":""685.05"",""ask_price"":""687.60""},{""bid_quantity"":20,""ask_quantity"":40,""bid_orders"":1,""ask_orders"":1,""bid_price"":""685.00"",""ask_price"":""687.85""},{""bid_quantity"":20,""ask_quantity"":140,""bid_orders"":1,""ask_orders"":1,""bid_price"":""684.85"",""ask_price"":""687.90""},{""bid_quantity"":20,""ask_quantity"":40,""bid_orders"":1,""ask_orders"":1,""bid_price"":""684.60"",""ask_price"":""688.25""}]"
09:15:14.058,1791517514058410968,2235256612344995,Full Data,8,1107704,685.80,20,09:15:14,,,679.65,3560,12560,12580,17620,"[{""bid_quantity"":60,""ask_quantity"":60,""bid_orders"":2,""ask_orders"":2,""bid_price"":""685.20"",""ask_price"":""689.55""},{""bid_quantity"":20,""ask_quantity"":40,""bid_orders"":1,""ask_orders"":2,""bid_price"":""685.05"",""ask_price"":""689.60""},{""bid_quantity"":20,""ask_quantity"":60,""bid_orders"":1,""ask_orders"":2,""bid_price"":""685.00"",""ask_price"":""689.65""},{""bid_quantity"":20,""ask_quantity"":20,""bid_orders"":1,""ask_orders"":1,""bid_price"":""684.85"",""ask_price"":""689.70""},{""bid_quantity"":20,""ask_quantity"":120,""bid_orders"":1,""ask_orders"":6,""bid_price"":""684.60"",""ask_price"":""689.75""}]"
09:15:14.086,1791517514086745471,2235256640679378,Full Data,8,1107336,413.55,20,09:15:14,,,406.46,38720,13380,55820,304080,"[{""bid_quantity"":40,""ask_quantity"":40,""bid_orders"":1,""ask_orders"":2,""bid_price"":""412.90"",""ask_price"":""414.30""},{""bid_quantity"":20,""ask_quantity"":40,""bid_orders"":1,""ask_orders"":2,""bid_price"":""412.85"",""ask_price"":""414.45""},{""bid_quantity"":40,""ask_quantity"":40,""bid_orders"":1,""ask_orders"":2,""bid_price"":""412.80"",""ask_price"":""414.50""},{""bid_quantity"":120,""ask_quantity"":60,""bid_orders"":3,""ask_orders"":2,""bid_price"":""412.75"",""ask_price"":""414.55""},{""bid_quantity"":40,""ask_quantity"":40,""bid_orders"":1,""ask_orders"":2,""bid_price"":""412.70"",""ask_price"":""414.65""}]"
09:15:14.125,1791517514125853844,2235256679787991,Full Data,8,1112083,600.00,20,09:15:14,,,601.69,32180,13640,33520,97520,"[{""bid_quantity"":20,""ask_quantity"":20,""bid_orders"":1,""ask_orders"":1,""bid_price"":""598.60"",""ask_price"":""600.25""},{""bid_quantity"":180,""ask_quantity"":20,""bid_orders"":2,""ask_orders"":1,""bid_price"":""598.45"",""ask_price"":""601.75""},{""bid_quantity"":20,""ask_quantity"":40,""bid_orders"":1,""ask_orders"":1,""bid_price"":""598.30"",""ask_price"":""601.80""},{""bid_quantity"":60,""ask_quantity"":100,""bid_orders"":1,""ask_orders"":2,""bid_price"":""597.80"",""ask_price"":""601.90""},{""bid_quantity"":100,""ask_quantity"":20,""bid_orders"":1,""ask_orders"":1,""bid_price"":""597.75"",""ask_price"":""601.95""}]"
09:15:14.141,1791517514141344944,2235256695279131,Full Data,8,1111639,583.95,20,09:15:14,,,572.79,14380,11840,22520,60460,"[{""bid_quantity"":60,""ask_quantity"":40,""bid_orders"":2,""ask_orders"":1,""bid_price"":""584.20"",""ask_price"":""586.20""},{""bid_quantity"":40,""ask_quantity"":20,""bid_orders"":1,""ask_orders"":1,""bid_price"":""584.05"",""ask_price"":""586.25""},{""bid_quantity"":40,""ask_quantity"":20,""bid_orders"":2,""ask_orders"":1,""bid_price"":""583.90"",""ask_price"":""586.30""},{""bid_quantity"":20,""ask_quantity"":40,""bid_orders"":1,""ask_orders"":1,""bid_price"":""583.85"",""ask_price"":""586.35""},{""bid_quantity"":40,""ask_quantity"":40,""bid_orders"":1,""ask_orders"":2,""bid_price"":""583.80"",""ask_price"":""586.40""}]"
09:15:14.179,1791517514179882713,2235256733816700,Full Data,8,1116183,493.25,20,09:15:14,,,491.66,64040,26300,54140,319760,"[{""bid_quantity"":40,""ask_quantity"":40,""bid_orders"":1,""ask_orders"":2,""bid_price"":""493.25"",""ask_price"":""494.90""},{""bid_quantity"":40,""ask_quantity"":20,""bid_orders"":1,""ask_orders"":1,""bid_price"":""492.95"",""ask_price"":""494.95""},{""bid_quantity"":20,""ask_quantity"":160,""bid_orders"":1,""ask_orders"":3,""bid_price"":""492.90"",""ask_price"":""495.00""},{""bid_quantity"":40,""ask_quantity"":40,""bid_orders"":1,""ask_orders"":2,""bid_price"":""492.85"",""ask_price"":""495.05""},{""bid_quantity"":20,""ask_quantity"":400,""bid_orders"":1,""ask_orders"":1,""bid_price"":""492.80"",""ask_price"":""495.15""}]"
09:15:14.199,1791517514199914602,2235256753848509,Full Data,8,1114813,538.90,20,09:15:14,,,530.70,24860,12220,16860,57500,"[{""bid_quantity"":20,""ask_quantity"":160,""bid_orders"":1,""ask_orders"":1,""bid_price"":""540.95"",""ask_price"":""543.15""},{""bid_quantity"":40,""ask_quantity"":160,""bid_orders"":1,""ask_orders"":1,""bid_price"":""540.90"",""ask_price"":""543.35""},{""bid_quantity"":20,""ask_quantity"":60,""bid_orders"":1,""ask_orders"":1,""bid_price"":""540.80"",""ask_price"":""543.40""},{""bid_quantity"":20,""ask_quantity"":160,""bid_orders"":1,""ask_orders"":2,""bid_price"":""540.60"",""ask_price"":""543.70""},{""bid_quantity"":40,""ask_quantity"":100,""bid_orders"":1,""ask_orders"":1,""bid_price"":""540.50"",""ask_price"":""543.90""}]"
09:15:14.232,1791517514232019609,2235256785953756,Full Data,8,1112083,596.65,40,09:15:14,,,601.67,32520,11880,30660,97520,"[{""bid_quantity"":20,""ask_quantity"":20,""bid_orders"":1,""ask_orders"":1,""bid_price"":""596.75"",""ask_price"":""598.35""},{""bid_quantity"":40,""ask_quantity"":20,""bid_orders"":1,""ask_orders"":1,""bid_price"":""596.65"",""ask_price"":""598.85""},{""bid_quantity"":20,""ask_quantity"":20,""bid_orders"":1,""ask_orders"":1,""bid_price"":""596.50"",""ask_price"":""598.95""},{""bid_quantity"":40,""ask_quantity"":40,""bid_orders"":1,""ask_orders"":1,""bid_price"":""596.40"",""ask_price"":""599.00""},{""bid_quantity"":20,""ask_quantity"":20,""bid_orders"":1,""ask_orders"":1,""bid_price"":""596.35"",""ask_price"":""599.05""}]"
09:15:14.250,1791517514250451568,2235256804385835,Full Data,8,1114813,542.70,20,09:15:14,,,530.83,25160,11620,17220,57500,"[{""bid_quantity"":40,""ask_quantity"":60,""bid_orders"":2,""ask_orders"":2,""bid_price"":""542.75"",""ask_price"":""544.95""},{""bid_quantity"":20,""ask_quantity"":100,""bid_orders"":1,""ask_orders"":1,""bid_price"":""542.70"",""ask_price"":""545.30""},{""bid_quantity"":20,""ask_quantity"":40,""bid_orders"":1,""ask_orders"":1,""bid_price"":""542.50"",""ask_price"":""546.65""},{""bid_quantity"":40,""ask_quantity"":60,""bid_orders"":1,""ask_orders"":1,""bid_price"":""542.35"",""ask_price"":""546.70""},{""bid_quantity"":20,""ask_quantity"":40,""bid_orders"":1,""ask_orders"":1,""bid_price"":""542.30"",""ask_price"":""546.80""}]"
09:15:14.444,1791517514444412261,2235256998346688,Full Data,8,1104245,443.75,20,09:15:14,,,446.11,16600,13220,17720,52960,"[{""bid_quantity"":40,""ask_quantity"":40,""bid_orders"":1,""ask_orders"":1,""bid_price"":""444.10"",""ask_price"":""445.05""},{""bid_quantity"":20,""ask_quantity"":20,""bid_orders"":1,""ask_orders"":1,""bid_price"":""443.90"",""ask_price"":""445.10""},{""bid_quantity"":60,""ask_quantity"":40,""bid_orders"":2,""ask_orders"":1,""bid_price"":""443.85"",""ask_price"":""446.20""},{""bid_quantity"":160,""ask_quantity"":60,""bid_orders"":2,""ask_orders"":2,""bid_price"":""443.70"",""ask_price"":""446.25""},{""bid_quantity"":40,""ask_quantity"":180,""bid_orders"":1,""ask_orders"":2,""bid_price"":""443.45"",""ask_price"":""446.35""}]"
09:15:14.475,1791517514475873944,2235257029807971,Full Data,8,1114464,771.15,40,09:15:14,,,771.02,26800,16240,47560,272380,"[{""bid_quantity"":120,""ask_quantity"":20,""bid_orders"":4,""ask_orders"":1,""bid_price"":""768.80"",""ask_price"":""770.90""},{""bid_quantity"":40,""ask_quantity"":20,""bid_orders"":2,""ask_orders"":1,""bid_price"":""768.75"",""ask_price"":""771.50""},{""bid_quantity"":60,""ask_quantity"":80,""bid_orders"":2,""ask_orders"":3,""bid_price"":""768.70"",""ask_price"":""772.60""},{""bid_quantity"":200,""ask_quantity"":140,""bid_orders"":3,""ask_orders"":3,""bid_price"":""768.15"",""ask_price"":""772.65""},{""bid_quantity"":220,""ask_quantity"":160,""bid_orders"":3,""ask_orders"":2,""bid_price"":""767.55"",""ask_price"":""772.95""}]"
09:15:14.510,1791517514510238046,2235257064171873,Full Data,8,1114046,456.40,20,09:15:14,,,442.83,22160,14000,39640,119180,"[{""bid_quantity"":20,""ask_quantity"":20,""bid_orders"":1,""ask_orders"":1,""bid_price"":""457.00"",""ask_price"":""458.90""},{""bid_quantity"":80,""ask_quantity"":120,""bid_orders"":3,""ask_orders"":1,""bid_price"":""456.85"",""ask_price"":""458.95""},{""bid_quantity"":20,""ask_quantity"":20,""bid_orders"":1,""ask_orders"":1,""bid_price"":""456.80"",""ask_price"":""459.00""},{""bid_quantity"":20,""ask_quantity"":20,""bid_orders"":1,""ask_orders"":1,""bid_price"":""456.65"",""ask_price"":""459.05""},{""bid_quantity"":20,""ask_quantity"":40,""bid_orders"":1,""ask_orders"":1,""bid_price"":""456.60"",""ask_price"":""459.50""}]"
09:15:14.535,1791517514535853532,2235257089787719,Full Data,8,1111309,710.85,20,09:15:14,,,712.76,22340,14040,25460,98080,"[{""bid_quantity"":40,""ask_quantity"":80,""bid_orders"":1,""ask_orders"":3,""bid_price"":""707.95"",""ask_price"":""710.85""},{""bid_quantity"":20,""ask_quantity"":140,""bid_orders"":1,""ask_orders"":1,""bid_price"":""707.90"",""ask_price"":""711.60""},{""bid_quantity"":240,""ask_quantity"":200,""bid_orders"":2,""ask_orders"":2,""bid_price"":""707.75"",""ask_price"":""712.00""},{""bid_quantity"":20,""ask_quantity"":100,""bid_orders"":1,""ask_orders"":1,""bid_price"":""707.70"",""ask_price"":""712.40""},{""bid_quantity"":40,""ask_quantity"":100,""bid_orders"":1,""ask_orders"":1,""bid_price"":""707.60"",""ask_price"":""712.75""}]"
09:15:14.536,1791517514536025253,2235257089958960,Full Data,8,1104245,443.65,40,09:15:14,,,446.10,16660,13140,17760,52960,"[{""bid_quantity"":20,""ask_quantity"":20,""bid_orders"":1,""ask_orders"":1,""bid_price"":""444.40"",""ask_price"":""444.85""},{""bid_quantity"":20,""ask_quantity"":40,""bid_orders"":1,""ask_orders"":1,""bid_price"":""444.30"",""ask_price"":""445.05""},{""bid_quantity"":20,""ask_quantity"":20,""bid_orders"":1,""ask_orders"":1,""bid_price"":""444.20"",""ask_price"":""445.10""},{""bid_quantity"":20,""ask_quantity"":40,""bid_orders"":1,""ask_orders"":1,""bid_price"":""444.10"",""ask_price"":""445.75""},{""bid_quantity"":20,""ask_quantity"":40,""bid_orders"":1,""ask_orders"":1,""bid_price"":""444.00"",""ask_price"":""445.80""}]"
09:15:14.568,1791517514568464703,2235257122398970,Ticker Data,0,51,71753.17,,09:15:14,,,,,,,,
09:15:14.568,1791517514568554463,2235257122488090,Full Data,8,1111309,707.90,20,09:15:14,,,712.76,22360,14280,25520,98080,"[{""bid_quantity"":40,""ask_quantity"":20,""bid_orders"":1,""ask_orders"":1,""bid_price"":""707.85"",""ask_price"":""710.30""},{""bid_quantity"":40,""ask_quantity"":20,""bid_orders"":1,""ask_orders"":1,""bid_price"":""707.80"",""ask_price"":""710.40""},{""bid_quantity"":40,""ask_quantity"":40,""bid_orders"":1,""ask_orders"":1,""bid_price"":""707.75"",""ask_price"":""710.65""},{""bid_quantity"":20,""ask_quantity"":40,""bid_orders"":1,""ask_orders"":1,""bid_price"":""707.70"",""ask_price"":""710.70""},{""bid_quantity"":20,""ask_quantity"":40,""bid_orders"":1,""ask_orders"":2,""bid_price"":""707.50"",""ask_price"":""710.75""}]"
09:15:14.959,1791517514959610309,2235257513544456,Full Data,8,1105793,543.95,20,09:15:14,,,544.98,28160,11360,20500,50360,"[{""bid_quantity"":80,""ask_quantity"":20,""bid_orders"":2,""ask_orders"":1,""bid_price"":""541.85"",""ask_price"":""543.50""},{""bid_quantity"":40,""ask_quantity"":40,""bid_orders"":1,""ask_orders"":1,""bid_price"":""541.80"",""ask_price"":""544.05""},{""bid_quantity"":160,""ask_quantity"":40,""bid_orders"":2,""ask_orders"":2,""bid_price"":""541.75"",""ask_price"":""544.15""},{""bid_quantity"":60,""ask_quantity"":60,""bid_orders"":2,""ask_orders"":2,""bid_price"":""541.55"",""ask_price"":""544.45""},{""bid_quantity"":20,""ask_quantity"":40,""bid_orders"":1,""ask_orders"":2,""bid_price"":""541.50"",""ask_price"":""544.70""}]"
09:15:14.996,1791517514996387867,2235257550321814,Full Data,8,1115207,651.90,20,09:15:14,,,655.93,29660,13000,24640,97240,"[{""bid_quantity"":40,""ask_quantity"":20,""bid_orders"":1,""ask_orders"":1,""bid_price"":""650.20"",""ask_price"":""652.35""},{""bid_quantity"":40,""ask_quantity"":40,""bid_orders"":1,""ask_orders"":1,""bid_price"":""650.15"",""ask_price"":""652.40""},{""bid_quantity"":40,""ask_quantity"":80,""bid_orders"":1,""ask_orders"":2,""bid_price"":""650.10"",""ask_price"":""652.50""},{""bid_quantity"":40,""ask_quantity"":40,""bid_orders"":1,""ask_orders"":1,""bid_price"":""650.05"",""ask_price"":""652.55""},{""bid_quantity"":20,""ask_quantity"":40,""bid_orders"":1,""ask_orders"":1,""bid_price"":""650.00"",""ask_price"":""652.60""}]"
09:15:15.041,1791517515041841320,2235257595775267,Full Data,8,1115207,646.05,60,09:15:15,,,655.77,30320,14880,23920,97240,"[{""bid_quantity"":20,""ask_quantity"":100,""bid_orders"":1,""ask_orders"":4,""bid_price"":""645.55"",""ask_price"":""649.60""},{""bid_quantity"":140,""ask_quantity"":340,""bid_orders"":3,""ask_orders"":2,""bid_price"":""645.00"",""ask_price"":""649.65""},{""bid_quantity"":20,""ask_quantity"":500,""bid_orders"":1,""ask_orders"":6,""bid_price"":""644.95"",""ask_price"":""649.70""},{""bid_quantity"":100,""ask_quantity"":60,""bid_orders"":1,""ask_orders"":3,""bid_price"":""644.80"",""ask_price"":""649.75""},{""bid_quantity"":20,""ask_quantity"":20,""bid_orders"":1,""ask_orders"":1,""bid_price"":""644.55"",""ask_price"":""649.80""}]"
09:15:15.042,1791517515042982488,2235257596916715,Full Data,8,1102591,646.75,20,09:15:15,,,628.89,26860,12500,28880,209460,"[{""bid_quantity"":280,""ask_quantity"":20,""bid_orders"":3,""ask_orders"":1,""bid_price"":""647.30"",""ask_price"":""652.60""},{""bid_quantity"":220,""ask_quantity"":40,""bid_orders"":2,""ask_orders"":1,""bid_price"":""647.25"",""ask_price"":""652.65""},{""bid_quantity"":140,""ask_quantity"":20,""bid_orders"":2,""ask_orders"":1,""bid_price"":""647.20"",""ask_price"":""652.70""},{""bid_quantity"":20,""ask_quantity"":20,""bid_orders"":1,""ask_orders"":1,""bid_price"":""647.15"",""ask_price"":""652.75""},{""bid_quantity"":360,""ask_quantity"":40,""bid_orders"":2,""ask_orders"":2,""bid_price"":""647.10"",""ask_price"":""652.80""}]"
09:15:15.095,1791517515095376066,2235257649310053,Full Data,8,1102591,648.00,240,09:15:15,,,629.34,27500,12720,24340,209460,"[{""bid_quantity"":20,""ask_quantity"":20,""bid_orders"":1,""ask_orders"":1,""bid_price"":""645.55"",""ask_price"":""650.65""},{""bid_quantity"":60,""ask_quantity"":80,""bid_orders"":1,""ask_orders"":4,""bid_price"":""645.45"",""ask_price"":""650.70""},{""bid_quantity"":20,""ask_quantity"":60,""bid_orders"":1,""ask_orders"":2,""bid_price"":""645.35"",""ask_price"":""650.75""},{""bid_quantity"":40,""ask_quantity"":80,""bid_orders"":1,""ask_orders"":4,""bid_price"":""645.20"",""ask_price"":""650.80""},{""bid_quantity"":20,""ask_quantity"":20,""bid_orders"":1,""ask_orders"":1,""bid_price"":""645.15"",""ask_price"":""650.90""}]"
09:15:15.096,1791517515096862516,2235257650796383,Full Data,8,1107704,698.85,40,09:15:15,,,682.04,4240,15800,11220,17620,"[{""bid_quantity"":60,""ask_quantity"":40,""bid_orders"":2,""ask_orders"":2,""bid_price"":""696.95"",""ask_price"":""703.15""},{""bid_quantity"":20,""ask_quantity"":40,""bid_orders"":1,""ask_orders"":2,""bid_price"":""696.90"",""ask_price"":""703.20""},{""bid_quantity"":100,""ask_quantity"":80,""bid_orders"":1,""ask_orders"":3,""bid_price"":""696.80"",""ask_price"":""703.75""},{""bid_quantity"":20,""ask_quantity"":20,""bid_orders"":1,""ask_orders"":1,""bid_price"":""696.75"",""ask_price"":""703.80""},{""bid_quantity"":40,""ask_quantity"":40,""bid_orders"":2,""ask_orders"":1,""bid_price"":""696.70"",""ask_price"":""704.20""}]"
09:15:15.098,1791517515098421206,2235257652355113,Full Data,8,1107704,698.85,40,09:15:15,,,682.04,4240,9580,9640,17620,"[{""bid_quantity"":120,""ask_quantity"":40,""bid_orders"":3,""ask_orders"":2,""bid_price"":""689.65"",""ask_price"":""701.95""},{""bid_quantity"":20,""ask_quantity"":60,""bid_orders"":1,""ask_orders"":2,""bid_price"":""687.10"",""ask_price"":""702.00""},{""bid_quantity"":40,""ask_quantity"":40,""bid_orders"":1,""ask_orders"":2,""bid_price"":""684.35"",""ask_price"":""702.05""},{""bid_quantity"":40,""ask_quantity"":60,""bid_orders"":1,""ask_orders"":2,""bid_price"":""683.25"",""ask_price"":""702.10""},{""bid_quantity"":20,""ask_quantity"":40,""bid_orders"":1,""ask_orders"":2,""bid_price"":""677.45"",""ask_price"":""702.15""}]"
09:15:15.102,1791517515102775274,2235257656709141,Full Data,8,1107336,421.55,20,09:15:15,,,407.84,42280,13380,52300,304080,"[{""bid_quantity"":60,""ask_quantity"":80,""bid_orders"":2,""ask_orders"":4,""bid_price"":""421.35"",""ask_price"":""424.25""},{""bid_quantity"":20,""ask_quantity"":160,""bid_orders"":1,""ask_orders"":1,""bid_price"":""421.25"",""ask_price"":""424.30""},{""bid_quantity"":20,""ask_quantity"":80,""bid_orders"":1,""ask_orders"":4,""bid_price"":""421.05"",""ask_price"":""424.35""},{""bid_quantity"":40,""ask_quantity"":180,""bid_orders"":1,""ask_orders"":2,""bid_price"":""419.55"",""ask_price"":""424.40""},{""bid_quantity"":20,""ask_quantity"":100,""bid_orders"":1,""ask_orders"":5,""bid_price"":""418.65"",""ask_price"":""424.45""}]"
09:15:15.202,1791517515202117235,2235257756051422,Full Data,8,1111639,592.85,20,09:15:15,,,576.56,17280,11420,21560,60460,"[{""bid_quantity"":20,""ask_quantity"":20,""bid_orders"":1,""ask_orders"":1,""bid_price"":""589.90"",""ask_price"":""591.85""},{""bid_quantity"":20,""ask_quantity"":40,""bid_orders"":1,""ask_orders"":1,""bid_price"":""589.80"",""ask_price"":""591.90""},{""bid_quantity"":40,""ask_quantity"":40,""bid_orders"":1,""ask_orders"":1,""bid_price"":""589.10"",""ask_price"":""591.95""},{""bid_quantity"":60,""ask_quantity"":40,""bid_orders"":1,""ask_orders"":1,""bid_price"":""589.05"",""ask_price"":""592.35""},{""bid_quantity"":60,""ask_quantity"":40,""bid_orders"":1,""ask_orders"":1,""bid_price"":""588.30"",""ask_price"":""592.45""}]"
09:15:15.220,1791517515220345433,2235257774279460,Full Data,8,1112083,600.00,20,09:15:15,,,601.21,36580,15160,33960,97520,"[{""bid_quantity"":20,""ask_quantity"":20,""bid_orders"":1,""ask_orders"":1,""bid_price"":""599.90"",""ask_price"":""601.45""},{""bid_quantity"":40,""ask_quantity"":20,""bid_orders"":2,""ask_orders"":1,""bid_price"":""599.75"",""ask_price"":""602.00""},{""bid_quantity"":20,""ask_quantity"":40,""bid_orders"":1,""ask_orders"":1,""bid_price"":""599.70"",""ask_price"":""602.05""},{""bid_quantity"":40,""ask_quantity"":80,""bid_orders"":1,""ask_orders"":2,""bid_price"":""599.55"",""ask_price"":""602.10""},{""bid_quantity"":20,""ask_quantity"":40,""bid_orders"":1,""ask_orders"":1,""bid_price"":""599.50"",""ask_price"":""602.75""}]"
09:15:15.244,1791517515244574910,2235257798509137,Full Data,8,1116183,494.45,20,09:15:15,,,491.64,67420,28440,56320,319760,"[{""bid_quantity"":20,""ask_quantity"":60,""bid_orders"":1,""ask_orders"":2,""bid_price"":""493.75"",""ask_price"":""494.50""},{""bid_quantity"":40,""ask_quantity"":40,""bid_orders"":1,""ask_orders"":1,""bid_price"":""493.70"",""ask_price"":""494.95""},{""bid_quantity"":20,""ask_quantity"":20,""bid_orders"":1,""ask_orders"":1,""bid_price"":""493.65"",""ask_price"":""495.35""},{""bid_quantity"":40,""ask_quantity"":60,""bid_orders"":1,""ask_orders"":1,""bid_price"":""493.60"",""ask_price"":""495.40""},{""bid_quantity"":20,""ask_quantity"":20,""bid_orders"":1,""ask_orders"":1,""bid_price"":""493.55"",""ask_price"":""495.55""}]"
09:15:15.275,1791517515275129027,2235257829063014,Full Data,8,1114813,546.95,20,09:15:15,,,532.00,27120,14420,19600,57500,"[{""bid_quantity"":120,""ask_quantity"":20,""bid_orders"":5,""ask_orders"":1,""bid_price"":""547.10"",""ask_price"":""549.05""},{""bid_quantity"":20,""ask_quantity"":20,""bid_orders"":1,""ask_orders"":1,""bid_price"":""547.05"",""ask_price"":""549.25""},{""bid_quantity"":40,""ask_quantity"":20,""bid_orders"":1,""ask_orders"":1,""bid_price"":""546.90"",""ask_price"":""549.40""},{""bid_quantity"":20,""ask_quantity"":100,""bid_orders"":1,""ask_orders"":2,""bid_price"":""546.85"",""ask_price"":""549.50""},{""bid_quantity"":40,""ask_quantity"":160,""bid_orders"":1,""ask_orders"":1,""bid_price"":""546.70"",""ask_price"":""549.80""}]"
09:15:15.308,1791517515308799605,2235257862733752,Full Data,8,1111639,590.70,40,09:15:15,,,576.61,17340,13620,23700,60460,"[{""bid_quantity"":20,""ask_quantity"":40,""bid_orders"":1,""ask_orders"":2,""bid_price"":""591.45"",""ask_price"":""593.70""},{""bid_quantity"":40,""ask_quantity"":100,""bid_orders"":1,""ask_orders"":3,""bid_price"":""591.30"",""ask_price"":""593.75""},{""bid_quantity"":20,""ask_quantity"":20,""bid_orders"":1,""ask_orders"":1,""bid_price"":""591.10"",""ask_price"":""593.80""},{""bid_quantity"":20,""ask_quantity"":20,""bid_orders"":1,""ask_orders"":1,""bid_price"":""591.05"",""ask_price"":""593.90""},{""bid_quantity"":100,""ask_quantity"":20,""bid_orders"":1,""ask_orders"":1,""bid_price"":""590.40"",""ask_price"":""594.00""}]"
09:15:15.316,1791517515316767416,2235257870701563,Full Data,8,1116183,492.25,20,09:15:15,,,491.65,67500,28980,56080,319760,"[{""bid_quantity"":20,""ask_quantity"":20,""bid_orders"":1,""ask_orders"":1,""bid_price"":""492.20"",""ask_price"":""493.60""},{""bid_quantity"":20,""ask_quantity"":20,""bid_orders"":1,""ask_orders"":1,""bid_price"":""492.00"",""ask_price"":""493.70""},{""bid_quantity"":20,""ask_quantity"":100,""bid_orders"":1,""ask_orders"":2,""bid_price"":""491.85"",""ask_price"":""493.75""},{""bid_quantity"":40,""ask_quantity"":40,""bid_orders"":1,""ask_orders"":1,""bid_price"":""491.70"",""ask_price"":""494.45""},{""bid_quantity"":20,""ask_quantity"":80,""bid_orders"":1,""ask_orders"":3,""bid_price"":""491.65"",""ask_price"":""494.50""}]"
09:15:15.326,1791517515326975482,2235257880909469,Full Data,8,1112083,597.40,20,09:15:15,,,601.21,36820,15020,33760,97520,"[{""bid_quantity"":20,""ask_quantity"":40,""bid_orders"":1,""ask_orders"":1,""bid_price"":""597.20"",""ask_price"":""598.95""},{""bid_quantity"":20,""ask_quantity"":40,""bid_orders"":1,""ask_orders"":1,""bid_price"":""597.00"",""ask_price"":""599.00""},{""bid_quantity"":60,""ask_quantity"":60,""bid_orders"":2,""ask_orders"":2,""bid_price"":""596.85"",""ask_price"":""599.05""},{""bid_quantity"":20,""ask_quantity"":20,""bid_orders"":1,""ask_orders"":1,""bid_price"":""596.65"",""ask_price"":""599.10""},{""bid_quantity"":100,""ask_quantity"":180,""bid_orders"":1,""ask_orders"":3,""bid_price"":""596.40"",""ask_price"":""599.30""}]"
09:15:15.344,1791517515344829877,2235257898763944,Full Data,8,1114813,547.10,60,09:15:15,,,532.05,27200,14240,19760,57500,"[{""bid_quantity"":40,""ask_quantity"":40,""bid_orders"":1,""ask_orders"":2,""bid_price"":""548.20"",""ask_price"":""550.15""},{""bid_quantity"":40,""ask_quantity"":40,""bid_orders"":2,""ask_orders"":2,""bid_price"":""548.15"",""ask_price"":""550.30""},{""bid_quantity"":60,""ask_quantity"":40,""bid_orders"":2,""ask_orders"":2,""bid_price"":""548.00"",""ask_price"":""550.50""},{""bid_quantity"":40,""ask_quantity"":20,""bid_orders"":2,""ask_orders"":1,""bid_price"":""547.80"",""ask_price"":""550.65""},{""bid_quantity"":20,""ask_quantity"":100,""bid_orders"":1,""ask_orders"":2,""bid_price"":""547.65"",""ask_price"":""550.70""}]"
09:15:15.511,1791517515511992157,2235258065926264,Full Data,8,1114046,463.35,40,09:15:15,,,444.03,23620,11240,38520,119180,"[{""bid_quantity"":60,""ask_quantity"":20,""bid_orders"":3,""ask_orders"":1,""bid_price"":""463.05"",""ask_price"":""465.00""},{""bid_quantity"":40,""ask_quantity"":40,""bid_orders"":2,""ask_orders"":2,""bid_price"":""463.00"",""ask_price"":""465.10""},{""bid_quantity"":40,""ask_quantity"":20,""bid_orders"":2,""ask_orders"":1,""bid_price"":""462.95"",""ask_price"":""465.20""},{""bid_quantity"":40,""ask_quantity"":60,""bid_orders"":2,""ask_orders"":2,""bid_price"":""462.90"",""ask_price"":""465.25""},{""bid_quantity"":20,""ask_quantity"":20,""bid_orders"":1,""ask_orders"":1,""bid_price"":""462.85"",""ask_price"":""465.50""}]"
09:15:15.519,1791517515519454965,2235258073388872,Full Data,8,1104245,445.65,20,09:15:15,,,445.89,18260,12280,17100,52960,"[{""bid_quantity"":40,""ask_quantity"":40,""bid_orders"":1,""ask_orders"":2,""bid_price"":""444.10"",""ask_price"":""444.60""},{""bid_quantity"":20,""ask_quantity"":20,""bid_orders"":1,""ask_orders"":1,""bid_price"":""444.00"",""ask_price"":""445.40""},{""bid_quantity"":80,""ask_quantity"":40,""bid_orders"":3,""ask_orders"":1,""bid_price"":""443.85"",""ask_price"":""445.60""},{""bid_quantity"":140,""ask_quantity"":60,""bid_orders"":1,""ask_orders"":1,""bid_price"":""443.80"",""ask_price"":""445.65""},{""bid_quantity"":40,""ask_quantity"":40,""bid_orders"":1,""ask_orders"":1,""bid_price"":""443.60"",""ask_price"":""446.40""}]"
09:15:15.551,1791517515551150650,2235258105084637,Full Data,8,1114464,767.85,20,09:15:15,,,770.82,29420,16080,47200,272380,"[{""bid_quantity"":60,""ask_quantity"":40,""bid_orders"":2,""ask_orders"":1,""bid_price"":""767.75"",""ask_price"":""771.25""},{""bid_quantity"":40,""ask_quantity"":40,""bid_orders"":2,""ask_orders"":1,""bid_price"":""767.70"",""ask_price"":""771.30""},{""bid_quantity"":40,""ask_quantity"":20,""bid_orders"":1,""ask_orders"":1,""bid_price"":""767.60"",""ask_price"":""771.35""},{""bid_quantity"":20,""ask_quantity"":20,""bid_orders"":1,""ask_orders"":1,""bid_price"":""767.55"",""ask_price"":""771.45""},{""bid_quantity"":20,""ask_quantity"":100,""bid_orders"":1,""ask_orders"":1,""bid_price"":""767.35"",""ask_price"":""771.60""}]"
09:15:15.564,1791517515564293935,2235258118228002,Ticker Data,0,51,71759.29,,09:15:15,,,,,,,,
09:15:15.585,1791517515585093749,2235258139027696,Full Data,8,1111309,708.30,40,09:15:15,,,712.13,24820,13540,24020,98080,"[{""bid_quantity"":20,""ask_quantity"":20,""bid_orders"":1,""ask_orders"":1,""bid_price"":""706.45"",""ask_price"":""708.50""},{""bid_quantity"":40,""ask_quantity"":60,""bid_orders"":1,""ask_orders"":2,""bid_price"":""706.40"",""ask_price"":""708.70""},{""bid_quantity"":20,""ask_quantity"":20,""bid_orders"":1,""ask_orders"":1,""bid_price"":""706.20"",""ask_price"":""708.75""},{""bid_quantity"":160,""ask_quantity"":20,""bid_orders"":2,""ask_orders"":1,""bid_price"":""705.90"",""ask_price"":""708.85""},{""bid_quantity"":120,""ask_quantity"":20,""bid_orders"":1,""ask_orders"":1,""bid_price"":""705.65"",""ask_price"":""708.90""}]"
09:15:15.586,1791517515586147756,2235258140081623,Full Data,8,1110871,505.45,20,09:15:15,,,488.70,24180,11680,15720,81380,"[{""bid_quantity"":20,""ask_quantity"":60,""bid_orders"":1,""ask_orders"":2,""bid_price"":""505.75"",""ask_price"":""506.05""},{""bid_quantity"":20,""ask_quantity"":60,""bid_orders"":1,""ask_orders"":1,""bid_price"":""505.60"",""ask_price"":""507.80""},{""bid_quantity"":20,""ask_quantity"":40,""bid_orders"":1,""ask_orders"":1,""bid_price"":""505.55"",""ask_price"":""507.85""},{""bid_quantity"":20,""ask_quantity"":20,""bid_orders"":1,""ask_orders"":1,""bid_price"":""505.40"",""ask_price"":""507.90""},{""bid_quantity"":40,""ask_quantity"":20,""bid_orders"":2,""ask_orders"":1,""bid_price"":""505.25"",""ask_price"":""508.15""}]"
09:15:15.590,1791517515590923427,2235258144857294,Full Data,8,1104245,445.65,20,09:15:15,,,445.89,18260,14500,19040,52960,"[{""bid_quantity"":180,""ask_quantity"":20,""bid_orders"":2,""ask_orders"":1,""bid_price"":""442.60"",""ask_price"":""443.70""},{""bid_quantity"":40,""ask_quantity"":40,""bid_orders"":2,""ask_orders"":1,""bid_price"":""442.35"",""ask_price"":""443.90""},{""bid_quantity"":40,""ask_quantity"":20,""bid_orders"":1,""ask_orders"":1,""bid_price"":""442.25"",""ask_price"":""443.95""},{""bid_quantity"":20,""ask_quantity"":60,""bid_orders"":1,""ask_orders"":2,""bid_price"":""442.20"",""ask_price"":""444.10""},{""bid_quantity"":20,""ask_quantity"":20,""bid_orders"":1,""ask_orders"":1,""bid_price"":""442.05"",""ask_price"":""444.15""}]"
09:15:15.620,1791517515620410097,2235258174344324,Full Data,8,1111309,708.30,40,09:15:15,,,712.13,24820,13700,23760,98080,"[{""bid_quantity"":80,""ask_quantity"":20,""bid_orders"":3,""ask_orders"":1,""bid_price"":""704.15"",""ask_price"":""706.85""},{""bid_quantity"":60,""ask_quantity"":20,""bid_orders"":2,""ask_orders"":1,""bid_price"":""703.80"",""ask_price"":""707.05""},{""bid_quantity"":1120,""ask_quantity"":140,""bid_orders"":2,""ask_orders"":2,""bid_price"":""703.70"",""ask_price"":""707.20""},{""bid_quantity"":80,""ask_quantity"":20,""bid_orders"":2,""ask_orders"":1,""bid_price"":""703.15"",""ask_price"":""707.25""},{""bid_quantity"":80,""ask_quantity"":40,""bid_orders"":2,""ask_orders"":1,""bid_price"":""703.10"",""ask_price"":""707.45""}]"
09:15:16.040,1791517516040061848,2235258593996435,Full Data,8,1105793,540.70,40,09:15:15,,,544.79,30320,12620,18060,50360,"[{""bid_quantity"":60,""ask_quantity"":20,""bid_orders"":2,""ask_orders"":1,""bid_price"":""538.80"",""ask_price"":""539.85""},{""bid_quantity"":40,""ask_quantity"":40,""bid_orders"":1,""ask_orders"":2,""bid_price"":""538.65"",""ask_price"":""539.90""},{""bid_quantity"":40,""ask_quantity"":20,""bid_orders"":1,""ask_orders"":1,""bid_price"":""538.20"",""ask_price"":""539.95""},{""bid_quantity"":100,""ask_quantity"":40,""bid_orders"":1,""ask_orders"":1,""bid_price"":""537.25"",""ask_price"":""540.00""},{""bid_quantity"":40,""ask_quantity"":40,""bid_orders"":1,""ask_orders"":2,""bid_price"":""537.00"",""ask_price"":""540.05""}]"
09:15:16.058,1791517516058647408,2235258612581555,Full Data,8,1115207,648.45,20,09:15:15,,,655.43,32120,12040,24840,97240,"[{""bid_quantity"":60,""ask_quantity"":20,""bid_orders"":2,""ask_orders"":1,""bid_price"":""647.40"",""ask_price"":""648.20""},{""bid_quantity"":40,""ask_quantity"":60,""bid_orders"":1,""ask_orders"":2,""bid_price"":""645.90"",""ask_price"":""648.35""},{""bid_quantity"":20,""ask_quantity"":20,""bid_orders"":1,""ask_orders"":1,""bid_price"":""645.70"",""ask_price"":""648.40""},{""bid_quantity"":40,""ask_quantity"":20,""bid_orders"":1,""ask_orders"":1,""bid_price"":""645.45"",""ask_price"":""648.55""},{""bid_quantity"":40,""ask_quantity"":20,""bid_orders"":1,""ask_orders"":1,""bid_price"":""645.00"",""ask_price"":""648.60""}]"
09:15:16.092,1791517516092750388,2235258646684455,Full Data,8,1102591,645.45,20,09:15:16,,,630.59,29660,14580,27020,209460,"[{""bid_quantity"":40,""ask_quantity"":20,""bid_orders"":1,""ask_orders"":1,""bid_price"":""644.30"",""ask_price"":""645.65""},{""bid_quantity"":20,""ask_quantity"":20,""bid_orders"":1,""ask_orders"":1,""bid_price"":""644.25"",""ask_price"":""645.85""},{""bid_quantity"":40,""ask_quantity"":20,""bid_orders"":1,""ask_orders"":1,""bid_price"":""644.20"",""ask_price"":""646.05""},{""bid_quantity"":20,""ask_quantity"":40,""bid_orders"":1,""ask_orders"":1,""bid_price"":""644.15"",""ask_price"":""646.10""},{""bid_quantity"":20,""ask_quantity"":20,""bid_orders"":1,""ask_orders"":1,""bid_price"":""644.05"",""ask_price"":""646.25""}]"
09:15:16.115,1791517516115159933,2235258669094080,Full Data,8,1107704,697.55,60,09:15:16,,,685.71,5320,10280,11940,17620,"[{""bid_quantity"":40,""ask_quantity"":80,""bid_orders"":1,""ask_orders"":3,""bid_price"":""697.75"",""ask_price"":""702.45""},{""bid_quantity"":20,""ask_quantity"":140,""bid_orders"":1,""ask_orders"":1,""bid_price"":""697.70"",""ask_price"":""702.50""},{""bid_quantity"":20,""ask_quantity"":80,""bid_orders"":1,""ask_orders"":3,""bid_price"":""697.60"",""ask_price"":""702.55""},{""bid_quantity"":20,""ask_quantity"":40,""bid_orders"":1,""ask_orders"":2,""bid_price"":""697.50"",""ask_price"":""702.70""},{""bid_quantity"":20,""ask_quantity"":120,""bid_orders"":1,""ask_orders"":2,""bid_price"":""697.40"",""ask_price"":""702.80""}]"
09:15:16.115,1791517516115307454,2235258669241121,Full Data,8,1102591,645.70,20,09:15:16,,,630.65,29780,13980,26900,209460,"[{""bid_quantity"":100,""ask_quantity"":20,""bid_orders"":3,""ask_orders"":1,""bid_price"":""645.75"",""ask_price"":""648.05""},{""bid_quantity"":20,""ask_quantity"":20,""bid_orders"":1,""ask_orders"":1,""bid_price"":""645.65"",""ask_price"":""648.30""},{""bid_quantity"":20,""ask_quantity"":200,""bid_orders"":1,""ask_orders"":2,""bid_price"":""645.55"",""ask_price"":""649.60""},{""bid_quantity"":20,""ask_quantity"":100,""bid_orders"":1,""ask_orders"":1,""bid_price"":""645.45"",""ask_price"":""650.00""},{""bid_quantity"":20,""ask_quantity"":60,""bid_orders"":1,""ask_orders"":2,""bid_price"":""645.35"",""ask_price"":""650.10""}]"
09:15:16.149,1791517516149487235,2235258703421342,Full Data,8,1115207,648.00,20,09:15:16,,,655.43,32140,14160,25320,97240,"[{""bid_quantity"":80,""ask_quantity"":200,""bid_orders"":2,""ask_orders"":3,""bid_price"":""645.95"",""ask_price"":""649.45""},{""bid_quantity"":40,""ask_quantity"":20,""bid_orders"":1,""ask_orders"":1,""bid_price"":""645.90"",""ask_price"":""649.50""},{""bid_quantity"":120,""ask_quantity"":220,""bid_orders"":1,""ask_orders"":5,""bid_price"":""645.85"",""ask_price"":""649.60""},{""bid_quantity"":100,""ask_quantity"":20,""bid_orders"":1,""ask_orders"":1,""bid_price"":""645.60"",""ask_price"":""649.65""},{""bid_quantity"":20,""ask_quantity"":40,""bid_orders"":1,""ask_orders"":2,""bid_price"":""644.95"",""ask_price"":""649.70""}]"
09:15:16.151,1791517516151714209,2235258705648076,Full Data,8,1107704,697.55,60,09:15:16,,,685.71,5320,10220,11600,17620,"[{""bid_quantity"":40,""ask_quantity"":80,""bid_orders"":1,""ask_orders"":2,""bid_price"":""698.35"",""ask_price"":""701.95""},{""bid_quantity"":20,""ask_quantity"":140,""bid_orders"":1,""ask_orders"":1,""bid_price"":""698.20"",""ask_price"":""702.00""},{""bid_quantity"":20,""ask_quantity"":40,""bid_orders"":1,""ask_orders"":1,""bid_price"":""698.10"",""ask_price"":""702.05""},{""bid_quantity"":20,""ask_quantity"":40,""bid_orders"":1,""ask_orders"":1,""bid_price"":""698.00"",""ask_price"":""702.10""},{""bid_quantity"":20,""ask_quantity"":20,""bid_orders"":1,""ask_orders"":1,""bid_price"":""697.90"",""ask_price"":""702.45""}]"
09:15:16.151,1791517516151838810,2235258705772397,Full Data,8,1105793,539.40,20,09:15:16,,,544.78,30420,12680,18120,50360,"[{""bid_quantity"":40,""ask_quantity"":20,""bid_orders"":1,""ask_orders"":1,""bid_price"":""538.30"",""ask_price"":""540.40""},{""bid_quantity"":40,""ask_quantity"":20,""bid_orders"":1,""ask_orders"":1,""bid_price"":""538.25"",""ask_price"":""540.55""},{""bid_quantity"":40,""ask_quantity"":40,""bid_orders"":1,""ask_orders"":1,""bid_price"":""538.20"",""ask_price"":""540.75""},{""bid_quantity"":20,""ask_quantity"":20,""bid_orders"":1,""ask_orders"":1,""bid_price"":""538.15"",""ask_price"":""540.80""},{""bid_quantity"":40,""ask_quantity"":20,""bid_orders"":1,""ask_orders"":1,""bid_price"":""538.10"",""ask_price"":""540.85""}]"
09:15:16.152,1791517516152464174,2235258706397961,Full Data,8,1107336,424.90,20,09:15:16,,,410.07,48200,16140,57080,304080,"[{""bid_quantity"":20,""ask_quantity"":20,""bid_orders"":1,""ask_orders"":1,""bid_price"":""423.10"",""ask_price"":""425.25""},{""bid_quantity"":20,""ask_quantity"":40,""bid_orders"":1,""ask_orders"":2,""bid_price"":""423.05"",""ask_price"":""425.30""},{""bid_quantity"":40,""ask_quantity"":240,""bid_orders"":2,""ask_orders"":2,""bid_price"":""422.95"",""ask_price"":""425.45""},{""bid_quantity"":40,""ask_quantity"":140,""bid_orders"":1,""ask_orders"":3,""bid_price"":""422.90"",""ask_price"":""425.60""},{""bid_quantity"":20,""ask_quantity"":140,""bid_orders"":1,""ask_orders"":1,""bid_price"":""422.85"",""ask_price"":""425.75""}]"
09:15:16.267,1791517516267292876,2235258821227103,Full Data,8,1111639,592.05,40,09:15:16,,,577.57,18180,11620,22580,60460,"[{""bid_quantity"":40,""ask_quantity"":40,""bid_orders"":1,""ask_orders"":1,""bid_price"":""590.35"",""ask_price"":""592.35""},{""bid_quantity"":20,""ask_quantity"":60,""bid_orders"":1,""ask_orders"":2,""bid_price"":""590.30"",""ask_price"":""593.15""},{""bid_quantity"":40,""ask_quantity"":120,""bid_orders"":1,""ask_orders"":2,""bid_price"":""590.25"",""ask_price"":""593.20""},{""bid_quantity"":40,""ask_quantity"":160,""bid_orders"":2,""ask_orders"":2,""bid_price"":""590.20"",""ask_price"":""593.25""},{""bid_quantity"":80,""ask_quantity"":120,""bid_orders"":2,""ask_orders"":2,""bid_price"":""589.80"",""ask_price"":""593.60""}]"
09:15:16.281,1791517516281679249,2235258835613156,Full Data,8,1116183,492.20,20,09:15:16,,,491.63,71980,27440,52980,319760,"[{""bid_quantity"":40,""ask_quantity"":20,""bid_orders"":1,""ask_orders"":1,""bid_price"":""490.90"",""ask_price"":""492.20""},{""bid_quantity"":40,""ask_quantity"":40,""bid_orders"":2,""ask_orders"":1,""bid_price"":""490.85"",""ask_price"":""492.70""},{""bid_quantity"":60,""ask_quantity"":20,""bid_orders"":2,""ask_orders"":1,""bid_price"":""490.80"",""ask_price"":""493.45""},{""bid_quantity"":20,""ask_quantity"":200,""bid_orders"":1,""ask_orders"":2,""bid_price"":""490.60"",""ask_price"":""493.50""},{""bid_quantity"":160,""ask_quantity"":40,""bid_orders"":2,""ask_orders"":1,""bid_price"":""490.20"",""ask_price"":""493.75""}]"
09:15:16.325,1791517516325913774,2235258879848081,Full Data,8,1112083,596.50,20,09:15:16,,,600.75,39760,14480,31940,97520,"[{""bid_quantity"":20,""ask_quantity"":40,""bid_orders"":1,""ask_orders"":1,""bid_price"":""596.55"",""ask_price"":""598.40""},{""bid_quantity"":20,""ask_quantity"":20,""bid_orders"":1,""ask_orders"":1,""bid_price"":""596.50"",""ask_price"":""598.50""},{""bid_quantity"":20,""ask_quantity"":40,""bid_orders"":1,""ask_orders"":1,""bid_price"":""596.35"",""ask_price"":""598.60""},{""bid_quantity"":40,""ask_quantity"":40,""bid_orders"":2,""ask_orders"":1,""bid_price"":""596.30"",""ask_price"":""598.65""},{""bid_quantity"":60,""ask_quantity"":20,""bid_orders"":2,""ask_orders"":1,""bid_price"":""596.25"",""ask_price"":""598.70""}]"
09:15:16.334,1791517516334040827,2235258887975014,Full Data,8,1114813,543.35,20,09:15:16,,,533.85,29920,15600,17860,57500,"[{""bid_quantity"":80,""ask_quantity"":40,""bid_orders"":3,""ask_orders"":1,""bid_price"":""543.25"",""ask_price"":""545.85""},{""bid_quantity"":100,""ask_quantity"":20,""bid_orders"":3,""ask_orders"":1,""bid_price"":""543.20"",""ask_price"":""545.95""},{""bid_quantity"":40,""ask_quantity"":40,""bid_orders"":2,""ask_orders"":2,""bid_price"":""542.90"",""ask_price"":""546.15""},{""bid_quantity"":120,""ask_quantity"":40,""bid_orders"":2,""ask_orders"":2,""bid_price"":""542.85"",""ask_price"":""546.35""},{""bid_quantity"":80,""ask_quantity"":40,""bid_orders"":2,""ask_orders"":1,""bid_price"":""542.40"",""ask_price"":""547.10""}]"
09:15:16.363,1791517516363682378,2235258917616285,Full Data,8,1111639,592.05,40,09:15:16,,,577.57,18180,12020,22560,60460,"[{""bid_quantity"":60,""ask_quantity"":80,""bid_orders"":2,""ask_orders"":2,""bid_price"":""589.00"",""ask_price"":""591.15""},{""bid_quantity"":40,""ask_quantity"":20,""bid_orders"":1,""ask_orders"":1,""bid_price"":""588.60"",""ask_price"":""591.35""},{""bid_quantity"":40,""ask_quantity"":60,""bid_orders"":1,""ask_orders"":2,""bid_price"":""588.05"",""ask_price"":""591.50""},{""bid_quantity"":140,""ask_quantity"":20,""bid_orders"":1,""ask_orders"":1,""bid_price"":""588.00"",""ask_price"":""591.65""},{""bid_quantity"":120,""ask_quantity"":100,""bid_orders"":2,""ask_orders"":1,""bid_price"":""587.85"",""ask_price"":""591.75""}]"
09:15:16.395,1791517516395885706,2235258949820253,Full Data,8,1116183,493.70,40,09:15:16,,,491.63,72120,27480,53640,319760,"[{""bid_quantity"":20,""ask_quantity"":320,""bid_orders"":1,""ask_orders"":1,""bid_price"":""491.80"",""ask_price"":""493.70""},{""bid_quantity"":20,""ask_quantity"":40,""bid_orders"":1,""ask_orders"":1,""bid_price"":""491.75"",""ask_price"":""493.75""},{""bid_quantity"":20,""ask_quantity"":40,""bid_orders"":1,""ask_orders"":1,""bid_price"":""491.65"",""ask_price"":""494.05""},{""bid_quantity"":60,""ask_quantity"":100,""bid_orders"":2,""ask_orders"":1,""bid_price"":""491.60"",""ask_price"":""494.20""},{""bid_quantity"":40,""ask_quantity"":100,""bid_orders"":1,""ask_orders"":1,""bid_price"":""491.50"",""ask_price"":""494.40""}]"
09:15:16.401,1791517516401599463,2235258955533370,Full Data,8,1114813,543.20,20,09:15:16,,,533.85,29940,13660,17860,57500,"[{""bid_quantity"":20,""ask_quantity"":40,""bid_orders"":1,""ask_orders"":1,""bid_price"":""542.20"",""ask_price"":""543.25""},{""bid_quantity"":20,""ask_quantity"":40,""bid_orders"":1,""ask_orders"":1,""bid_price"":""542.15"",""ask_price"":""544.00""},{""bid_quantity"":20,""ask_quantity"":60,""bid_orders"":1,""ask_orders"":2,""bid_price"":""542.10"",""ask_price"":""544.75""},{""bid_quantity"":40,""ask_quantity"":40,""bid_orders"":2,""ask_orders"":2,""bid_price"":""542.05"",""ask_price"":""544.80""},{""bid_quantity"":40,""ask_quantity"":80,""bid_orders"":2,""ask_orders"":2,""bid_price"":""542.00"",""ask_price"":""544.85""}]"
09:15:16.410,1791517516410316800,2235258964250787,Full Data,8,1112083,598.85,40,09:15:16,,,600.73,40020,12480,34100,97520,"[{""bid_quantity"":80,""ask_quantity"":60,""bid_orders"":3,""ask_orders"":2,""bid_price"":""596.75"",""ask_price"":""599.65""},{""bid_quantity"":20,""ask_quantity"":40,""bid_orders"":1,""ask_orders"":2,""bid_price"":""596.65"",""ask_price"":""599.70""},{""bid_quantity"":560,""ask_quantity"":40,""bid_orders"":3,""ask_orders"":2,""bid_price"":""596.15"",""ask_price"":""599.90""},{""bid_quantity"":40,""ask_quantity"":100,""bid_orders"":2,""ask_orders"":1,""bid_price"":""596.10"",""ask_price"":""600.00""},{""bid_quantity"":40,""ask_quantity"":20,""bid_orders"":2,""ask_orders"":1,""bid_price"":""595.90"",""ask_price"":""600.05""}]"
09:15:16.511,1791517516511132171,2235259065066238,Full Data,8,1114046,455.95,20,09:15:16,,,445.08,25060,13820,40340,119180,"[{""bid_quantity"":40,""ask_quantity"":40,""bid_orders"":2,""ask_orders"":2,""bid_price"":""454.10"",""ask_price"":""455.90""},{""bid_quantity"":60,""ask_quantity"":40,""bid_orders"":2,""ask_orders"":2,""bid_price"":""453.95"",""ask_price"":""455.95""},{""bid_quantity"":40,""ask_quantity"":40,""bid_orders"":2,""ask_orders"":2,""bid_price"":""453.50"",""ask_price"":""456.10""},{""bid_quantity"":40,""ask_quantity"":40,""bid_orders"":2,""ask_orders"":2,""bid_price"":""453.45"",""ask_price"":""456.15""},{""bid_quantity"":60,""ask_quantity"":40,""bid_orders"":2,""ask_orders"":2,""bid_price"":""452.35"",""ask_price"":""456.35""}]"
09:15:16.570,1791517516570726556,2235259124660583,Ticker Data,0,51,71756.82,,09:15:16,,,,,,,,
09:15:16.607,1791517516607230831,2235259161165018,Full Data,8,1104245,445.05,20,09:15:16,,,445.78,18960,15500,19540,52960,"[{""bid_quantity"":40,""ask_quantity"":20,""bid_orders"":2,""ask_orders"":1,""bid_price"":""443.55"",""ask_price"":""444.85""},{""bid_quantity"":20,""ask_quantity"":40,""bid_orders"":1,""ask_orders"":1,""bid_price"":""443.40"",""ask_price"":""444.90""},{""bid_quantity"":40,""ask_quantity"":40,""bid_orders"":1,""ask_orders"":1,""bid_price"":""443.35"",""ask_price"":""444.95""},{""bid_quantity"":100,""ask_quantity"":20,""bid_orders"":1,""ask_orders"":1,""bid_price"":""443.30"",""ask_price"":""445.10""},{""bid_quantity"":40,""ask_quantity"":60,""bid_orders"":1,""ask_orders"":2,""bid_price"":""443.25"",""ask_price"":""445.25""}]"
09:15:16.658,1791517516658903445,2235259212837512,Full Data,8,1114464,769.40,20,09:15:16,,,770.43,32920,17300,48780,272380,"[{""bid_quantity"":40,""ask_quantity"":40,""bid_orders"":1,""ask_orders"":1,""bid_price"":""769.45"",""ask_price"":""771.80""},{""bid_quantity"":20,""ask_quantity"":20,""bid_orders"":1,""ask_orders"":1,""bid_price"":""769.40"",""ask_price"":""771.85""},{""bid_quantity"":40,""ask_quantity"":20,""bid_orders"":1,""ask_orders"":1,""bid_price"":""769.35"",""ask_price"":""772.10""},{""bid_quantity"":20,""ask_quantity"":20,""bid_orders"":1,""ask_orders"":1,""bid_price"":""769.30"",""ask_price"":""772.15""},{""bid_quantity"":20,""ask_quantity"":40,""bid_orders"":1,""ask_orders"":1,""bid_price"":""769.20"",""ask_price"":""772.70""}]"
09:15:16.665,1791517516665209726,2235259219143673,Full Data,8,1111309,712.65,20,09:15:16,,,712.13,25460,13840,24660,98080,"[{""bid_quantity"":40,""ask_quantity"":20,""bid_orders"":1,""ask_orders"":1,""bid_price"":""709.90"",""ask_price"":""712.35""},{""bid_quantity"":20,""ask_quantity"":20,""bid_orders"":1,""ask_orders"":1,""bid_price"":""709.85"",""ask_price"":""712.65""},{""bid_quantity"":40,""ask_quantity"":20,""bid_orders"":2,""ask_orders"":1,""bid_price"":""709.65"",""ask_price"":""712.80""},{""bid_quantity"":40,""ask_quantity"":60,""bid_orders"":1,""ask_orders"":3,""bid_price"":""709.55"",""ask_price"":""712.85""},{""bid_quantity"":20,""ask_quantity"":140,""bid_orders"":1,""ask_orders"":1,""bid_price"":""709.50"",""ask_price"":""712.95""}]"
09:15:16.672,1791517516672998016,2235259226931843,Full Data,8,1104245,443.55,20,09:15:16,,,445.78,18980,15320,19460,52960,"[{""bid_quantity"":40,""ask_quantity"":20,""bid_orders"":2,""ask_orders"":1,""bid_price"":""442.05"",""ask_price"":""443.05""},{""bid_quantity"":100,""ask_quantity"":40,""bid_orders"":1,""ask_orders"":1,""bid_price"":""442.00"",""ask_price"":""443.85""},{""bid_quantity"":20,""ask_quantity"":20,""bid_orders"":1,""ask_orders"":1,""bid_price"":""441.75"",""ask_price"":""443.90""},{""bid_quantity"":180,""ask_quantity"":200,""bid_orders"":2,""ask_orders"":2,""bid_price"":""441.60"",""ask_price"":""443.95""},{""bid_quantity"":80,""ask_quantity"":20,""bid_orders"":1,""ask_orders"":1,""bid_price"":""441.45"",""ask_price"":""444.05""}]"
09:15:16.705,1791517516705333265,2235259259267292,Full Data,8,1111309,712.65,20,09:15:16,,,712.13,25460,14580,24460,98080,"[{""bid_quantity"":40,""ask_quantity"":60,""bid_orders"":1,""ask_orders"":3,""bid_price"":""708.00"",""ask_price"":""711.55""},{""bid_quantity"":20,""ask_quantity"":40,""bid_orders"":1,""ask_orders"":2,""bid_price"":""707.95"",""ask_price"":""711.60""},{""bid_quantity"":40,""ask_quantity"":60,""bid_orders"":1,""ask_orders"":3,""bid_price"":""707.80"",""ask_price"":""711.75""},{""bid_quantity"":20,""ask_quantity"":80,""bid_orders"":1,""ask_orders"":2,""bid_price"":""707.75"",""ask_price"":""711.80""},{""bid_quantity"":20,""ask_quantity"":60,""bid_orders"":1,""ask_orders"":3,""bid_price"":""707.60"",""ask_price"":""711.85""}]"
09:15:16.705,1791517516705680267,2235259259614094,Full Data,8,1114464,769.45,20,09:15:16,,,770.42,32960,17380,47520,272380,"[{""bid_quantity"":40,""ask_quantity"":20,""bid_orders"":1,""ask_orders"":1,""bid_price"":""768.00"",""ask_price"":""770.20""},{""bid_quantity"":20,""ask_quantity"":20,""bid_orders"":1,""ask_orders"":1,""bid_price"":""767.95"",""ask_price"":""770.25""},{""bid_quantity"":60,""ask_quantity"":40,""bid_orders"":2,""ask_orders"":1,""bid_price"":""767.90"",""ask_price"":""770.40""},{""bid_quantity"":20,""ask_quantity"":20,""bid_orders"":1,""ask_orders"":1,""bid_price"":""767.85"",""ask_price"":""770.45""},{""bid_quantity"":20,""ask_quantity"":20,""bid_orders"":1,""ask_orders"":1,""bid_price"":""767.75"",""ask_price"":""770.65""}]"
09:15:17.085,1791517517085182199,2235259639116666,Full Data,8,1102591,637.45,40,09:15:16,,,630.89,30660,12800,24060,209460,"[{""bid_quantity"":40,""ask_quantity"":20,""bid_orders"":1,""ask_orders"":1,""bid_price"":""630.55"",""ask_price"":""632.40""},{""bid_quantity"":20,""ask_quantity"":40,""bid_orders"":1,""ask_orders"":2,""bid_price"":""630.50"",""ask_price"":""632.55""},{""bid_quantity"":20,""ask_quantity"":20,""bid_orders"":1,""ask_orders"":1,""bid_price"":""630.10"",""ask_price"":""632.60""},{""bid_quantity"":20,""ask_quantity"":60,""bid_orders"":1,""ask_orders"":3,""bid_price"":""629.70"",""ask_price"":""632.75""},{""bid_quantity"":40,""ask_quantity"":20,""bid_orders"":1,""ask_orders"":1,""bid_price"":""629.35"",""ask_price"":""632.80""}]"
09:15:17.133,1791517517133559911,2235259687494138,Full Data,8,1115207,656.20,40,09:15:17,,,655.36,33060,10900,23540,97240,"[{""bid_quantity"":20,""ask_quantity"":20,""bid_orders"":1,""ask_orders"":1,""bid_price"":""654.10"",""ask_price"":""656.20""},{""bid_quantity"":20,""ask_quantity"":20,""bid_orders"":1,""ask_orders"":1,""bid_price"":""654.05"",""ask_price"":""657.05""},{""bid_quantity"":40,""ask_quantity"":120,""bid_orders"":1,""ask_orders"":1,""bid_price"":""653.85"",""ask_price"":""657.15""},{""bid_quantity"":20,""ask_quantity"":240,""bid_orders"":1,""ask_orders"":2,""bid_price"":""653.80"",""ask_price"":""657.20""},{""bid_quantity"":60,""ask_quantity"":100,""bid_orders"":2,""ask_orders"":1,""bid_price"":""653.75"",""ask_price"":""657.35""}]"
09:15:17.135,1791517517135385723,2235259689319670,Full Data,8,1107704,687.20,20,09:15:17,,,686.02,5640,12720,13500,17620,"[{""bid_quantity"":100,""ask_quantity"":40,""bid_orders"":3,""ask_orders"":1,""bid_price"":""681.00"",""ask_price"":""684.80""},{""bid_quantity"":20,""ask_quantity"":20,""bid_orders"":1,""ask_orders"":1,""bid_price"":""680.95"",""ask_price"":""684.95""},{""bid_quantity"":40,""ask_quantity"":40,""bid_orders"":1,""ask_orders"":1,""bid_price"":""680.90"",""ask_price"":""685.00""},{""bid_quantity"":20,""ask_quantity"":20,""bid_orders"":1,""ask_orders"":1,""bid_price"":""680.85"",""ask_price"":""685.10""},{""bid_quantity"":20,""ask_quantity"":20,""bid_orders"":1,""ask_orders"":1,""bid_price"":""680.75"",""ask_price"":""685.25""}]"
09:15:17.136,1791517517136300809,2235259690234796,Full Data,8,1102591,630.55,20,09:15:17,,,630.87,31000,12160,31600,209460,"[{""bid_quantity"":400,""ask_quantity"":40,""bid_orders"":2,""ask_orders"":1,""bid_price"":""630.20"",""ask_price"":""632.90""},{""bid_quantity"":40,""ask_quantity"":40,""bid_orders"":1,""ask_orders"":1,""bid_price"":""630.15"",""ask_price"":""632.95""},{""bid_quantity"":60,""ask_quantity"":20,""bid_orders"":2,""ask_orders"":1,""bid_price"":""630.10"",""ask_price"":""633.15""},{""bid_quantity"":20,""ask_quantity"":100,""bid_orders"":1,""ask_orders"":1,""bid_price"":""630.05"",""ask_price"":""633.20""},{""bid_quantity"":20,""ask_quantity"":40,""bid_orders"":1,""ask_orders"":2,""bid_price"":""630.00"",""ask_price"":""633.35""}]"
09:15:17.177,1791517517177228073,2235259731162020,Full Data,8,1105793,544.25,20,09:15:17,,,544.72,31560,14040,17720,50360,"[{""bid_quantity"":20,""ask_quantity"":60,""bid_orders"":1,""ask_orders"":3,""bid_price"":""542.95"",""ask_price"":""544.55""},{""bid_quantity"":20,""ask_quantity"":60,""bid_orders"":1,""ask_orders"":2,""bid_price"":""542.75"",""ask_price"":""544.60""},{""bid_quantity"":20,""ask_quantity"":20,""bid_orders"":1,""ask_orders"":1,""bid_price"":""542.60"",""ask_price"":""544.65""},{""bid_quantity"":20,""ask_quantity"":20,""bid_orders"":1,""ask_orders"":1,""bid_price"":""542.55"",""ask_price"":""544.85""},{""bid_quantity"":20,""ask_quantity"":40,""bid_orders"":1,""ask_orders"":2,""bid_price"":""542.30"",""ask_price"":""545.00""}]"
09:15:17.182,1791517517182898910,2235259736832817,Full Data,8,1107704,687.20,20,09:15:17,,,686.02,5640,10740,11580,17620,"[{""bid_quantity"":20,""ask_quantity"":60,""bid_orders"":1,""ask_orders"":2,""bid_price"":""682.10"",""ask_price"":""684.40""},{""bid_quantity"":40,""ask_quantity"":20,""bid_orders"":1,""ask_orders"":1,""bid_price"":""682.05"",""ask_price"":""684.55""},{""bid_quantity"":20,""ask_quantity"":20,""bid_orders"":1,""ask_orders"":1,""bid_price"":""682.00"",""ask_price"":""684.70""},{""bid_quantity"":40,""ask_quantity"":20,""bid_orders"":1,""ask_orders"":1,""bid_price"":""681.95"",""ask_price"":""684.85""},{""bid_quantity"":20,""ask_quantity"":20,""bid_orders"":1,""ask_orders"":1,""bid_price"":""681.90"",""ask_price"":""685.00""}]"
09:15:17.183,1791517517183389713,2235259737323540,Full Data,8,1107336,413.95,20,09:15:17,,,410.41,50100,13320,57460,304080,"[{""bid_quantity"":20,""ask_quantity"":60,""bid_orders"":1,""ask_orders"":1,""bid_price"":""413.75"",""ask_price"":""414.75""},{""bid_quantity"":20,""ask_quantity"":40,""bid_orders"":1,""ask_orders"":1,""bid_price"":""413.55"",""ask_price"":""415.15""},{""bid_quantity"":20,""ask_quantity"":20,""bid_orders"":1,""ask_orders"":1,""bid_price"":""413.45"",""ask_price"":""415.55""},{""bid_quantity"":20,""ask_quantity"":20,""bid_orders"":1,""ask_orders"":1,""bid_price"":""413.40"",""ask_price"":""415.65""},{""bid_quantity"":20,""ask_quantity"":140,""bid_orders"":1,""ask_orders"":1,""bid_price"":""413.30"",""ask_price"":""415.80""}]"
09:15:17.185,1791517517185739248,2235259739673075,Full Data,8,1115207,656.20,40,09:15:17,,,655.36,33060,13740,25420,97240,"[{""bid_quantity"":40,""ask_quantity"":20,""bid_orders"":1,""ask_orders"":1,""bid_price"":""652.25"",""ask_price"":""654.30""},{""bid_quantity"":40,""ask_quantity"":40,""bid_orders"":2,""ask_orders"":1,""bid_price"":""652.20"",""ask_price"":""654.45""},{""bid_quantity"":20,""ask_quantity"":20,""bid_orders"":1,""ask_orders"":1,""bid_price"":""652.00"",""ask_price"":""654.60""},{""bid_quantity"":40,""ask_quantity"":20,""bid_orders"":1,""ask_orders"":1,""bid_price"":""651.85"",""ask_price"":""654.70""},{""bid_quantity"":20,""ask_quantity"":140,""bid_orders"":1,""ask_orders"":1,""bid_price"":""651.80"",""ask_price"":""654.90""}]"
09:15:17.213,1791517517213718589,2235259767652376,Full Data,8,1105793,545.30,40,09:15:17,,,544.70,32200,13460,18340,50360,"[{""bid_quantity"":20,""ask_quantity"":20,""bid_orders"":1,""ask_orders"":1,""bid_price"":""543.55"",""ask_price"":""545.05""},{""bid_quantity"":20,""ask_quantity"":20,""bid_orders"":1,""ask_orders"":1,""bid_price"":""543.50"",""ask_price"":""545.10""},{""bid_quantity"":40,""ask_quantity"":20,""bid_orders"":1,""ask_orders"":1,""bid_price"":""543.45"",""ask_price"":""545.25""},{""bid_quantity"":20,""ask_quantity"":20,""bid_orders"":1,""ask_orders"":1,""bid_price"":""543.40"",""ask_price"":""545.40""},{""bid_quantity"":60,""ask_quantity"":40,""bid_orders"":2,""ask_orders"":2,""bid_price"":""543.35"",""ask_price"":""545.45""}]"
09:15:17.321,1791517517321795247,2235259875729474,Full Data,8,1111639,580.80,20,09:15:17,,,577.92,19060,11680,21980,60460,"[{""bid_quantity"":20,""ask_quantity"":20,""bid_orders"":1,""ask_orders"":1,""bid_price"":""580.75"",""ask_price"":""581.00""},{""bid_quantity"":120,""ask_quantity"":40,""bid_orders"":2,""ask_orders"":1,""bid_price"":""579.65"",""ask_price"":""581.05""},{""bid_quantity"":40,""ask_quantity"":40,""bid_orders"":1,""ask_orders"":1,""bid_price"":""579.45"",""ask_price"":""581.25""},{""bid_quantity"":20,""ask_quantity"":40,""bid_orders"":1,""ask_orders"":1,""bid_price"":""579.40"",""ask_price"":""581.40""},{""bid_quantity"":60,""ask_quantity"":40,""bid_orders"":1,""ask_orders"":2,""bid_price"":""579.30"",""ask_price"":""581.50""}]"
09:15:17.346,1791517517346863889,2235259900798436,Full Data,8,1116183,491.90,20,09:15:17,,,491.64,73480,27800,52700,319760,"[{""bid_quantity"":20,""ask_quantity"":20,""bid_orders"":1,""ask_orders"":1,""bid_price"":""493.20"",""ask_price"":""494.55""},{""bid_quantity"":80,""ask_quantity"":20,""bid_orders"":3,""ask_orders"":1,""bid_price"":""493.15"",""ask_price"":""495.00""},{""bid_quantity"":20,""ask_quantity"":40,""bid_orders"":1,""ask_orders"":1,""bid_price"":""492.95"",""ask_price"":""495.35""},{""bid_quantity"":20,""ask_quantity"":80,""bid_orders"":1,""ask_orders"":2,""bid_price"":""492.80"",""ask_price"":""495.40""},{""bid_quantity"":20,""ask_quantity"":20,""bid_orders"":1,""ask_orders"":1,""bid_price"":""492.75"",""ask_price"":""495.55""}]"
09:15:17.390,1791517517390676172,2235259944610159,Full Data,8,1114813,532.75,80,09:15:17,,,534.20,32000,14340,17160,57500,"[{""bid_quantity"":40,""ask_quantity"":20,""bid_orders"":2,""ask_orders"":1,""bid_price"":""532.65"",""ask_price"":""535.40""},{""bid_quantity"":40,""ask_quantity"":60,""bid_orders"":1,""ask_orders"":2,""bid_price"":""532.60"",""ask_price"":""535.45""},{""bid_quantity"":80,""ask_quantity"":40,""bid_orders"":3,""ask_orders"":1,""bid_price"":""532.55"",""ask_price"":""535.50""},{""bid_quantity"":20,""ask_quantity"":320,""bid_orders"":1,""ask_orders"":1,""bid_price"":""532.45"",""ask_price"":""535.60""},{""bid_quantity"":20,""ask_quantity"":20,""bid_orders"":1,""ask_orders"":1,""bid_price"":""532.20"",""ask_price"":""535.70""}]"
09:15:17.396,1791517517396590290,2235259950524397,Full Data,8,1116183,494.30,20,09:15:17,,,491.64,73520,28020,52780,319760,"[{""bid_quantity"":20,""ask_quantity"":40,""bid_orders"":1,""ask_orders"":1,""bid_price"":""494.10"",""ask_price"":""495.10""},{""bid_quantity"":20,""ask_quantity"":20,""bid_orders"":1,""ask_orders"":1,""bid_price"":""493.90"",""ask_price"":""495.15""},{""bid_quantity"":60,""ask_quantity"":40,""bid_orders"":2,""ask_orders"":1,""bid_price"":""493.85"",""ask_price"":""495.25""},{""bid_quantity"":40,""ask_quantity"":20,""bid_orders"":2,""ask_orders"":1,""bid_price"":""493.70"",""ask_price"":""495.30""},{""bid_quantity"":40,""ask_quantity"":60,""bid_orders"":1,""ask_orders"":1,""bid_price"":""493.55"",""ask_price"":""495.40""}]"
09:15:17.397,1791517517397517456,2235259951451243,Full Data,8,1111639,580.00,20,09:15:17,,,577.92,19120,13740,24120,60460,"[{""bid_quantity"":40,""ask_quantity"":40,""bid_orders"":2,""ask_orders"":2,""bid_price"":""578.65"",""ask_price"":""580.60""},{""bid_quantity"":20,""ask_quantity"":40,""bid_orders"":1,""ask_orders"":1,""bid_price"":""578.60"",""ask_price"":""580.70""},{""bid_quantity"":40,""ask_quantity"":40,""bid_orders"":1,""ask_orders"":2,""bid_price"":""578.55"",""ask_price"":""580.80""},{""bid_quantity"":20,""ask_quantity"":120,""bid_orders"":1,""ask_orders"":2,""bid_price"":""578.50"",""ask_price"":""581.00""},{""bid_quantity"":20,""ask_quantity"":20,""bid_orders"":1,""ask_orders"":1,""bid_price"":""578.40"",""ask_price"":""581.20""}]"
09:15:17.406,1791517517406539394,2235259960473661,Full Data,8,1112083,602.45,20,09:15:17,,,600.56,42920,16100,33920,97520,"[{""bid_quantity"":300,""ask_quantity"":20,""bid_orders"":1,""ask_orders"":1,""bid_price"":""600.00"",""ask_price"":""601.45""},{""bid_quantity"":40,""ask_quantity"":40,""bid_orders"":1,""ask_orders"":1,""bid_price"":""599.85"",""ask_price"":""601.95""},{""bid_quantity"":40,""ask_quantity"":160,""bid_orders"":1,""ask_orders"":2,""bid_price"":""599.30"",""ask_price"":""602.00""},{""bid_quantity"":420,""ask_quantity"":60,""bid_orders"":1,""ask_orders"":2,""bid_price"":""599.25"",""ask_price"":""602.10""},{""bid_quantity"":160,""ask_quantity"":100,""bid_orders"":2,""ask_orders"":1,""bid_price"":""598.80"",""ask_price"":""602.65""}]"
09:15:17.446,1791517517446387132,2235260000321359,Full Data,8,1114813,535.55,20,09:15:17,,,534.20,32080,15700,19500,57500,"[{""bid_quantity"":20,""ask_quantity"":40,""bid_orders"":1,""ask_orders"":1,""bid_price"":""533.60"",""ask_price"":""535.30""},{""bid_quantity"":40,""ask_quantity"":40,""bid_orders"":2,""ask_orders"":1,""bid_price"":""532.90"",""ask_price"":""535.35""},{""bid_quantity"":80,""ask_quantity"":40,""bid_orders"":2,""ask_orders"":1,""bid_price"":""532.75"",""ask_price"":""535.40""},{""bid_quantity"":20,""ask_quantity"":20,""bid_orders"":1,""ask_orders"":1,""bid_price"":""532.45"",""ask_price"":""535.45""},{""bid_quantity"":100,""ask_quantity"":20,""bid_orders"":1,""ask_orders"":1,""bid_price"":""532.35"",""ask_price"":""535.60""}]"
09:15:17.481,1791517517481222597,2235260035156624,Full Data,8,1112083,600.25,20,09:15:17,,,600.56,43000,13360,31700,97520,"[{""bid_quantity"":300,""ask_quantity"":20,""bid_orders"":1,""ask_orders"":1,""bid_price"":""600.00"",""ask_price"":""601.00""},{""bid_quantity"":20,""ask_quantity"":20,""bid_orders"":1,""ask_orders"":1,""bid_price"":""599.55"",""ask_price"":""601.15""},{""bid_quantity"":40,""ask_quantity"":20,""bid_orders"":1,""ask_orders"":1,""bid_price"":""599.40"",""ask_price"":""601.25""},{""bid_quantity"":40,""ask_quantity"":20,""bid_orders"":1,""ask_orders"":1,""bid_price"":""599.35"",""ask_price"":""601.30""},{""bid_quantity"":40,""ask_quantity"":180,""bid_orders"":1,""ask_orders"":3,""bid_price"":""598.90"",""ask_price"":""601.40""}]"
09:15:17.542,1791517517542240191,2235260096174378,Full Data,8,1114046,448.30,20,09:15:17,,,445.53,26400,11140,37180,119180,"[{""bid_quantity"":20,""ask_quantity"":20,""bid_orders"":1,""ask_orders"":1,""bid_price"":""448.55"",""ask_price"":""449.75""},{""bid_quantity"":20,""ask_quantity"":20,""bid_orders"":1,""ask_orders"":1,""bid_price"":""448.20"",""ask_price"":""449.85""},{""bid_quantity"":40,""ask_quantity"":20,""bid_orders"":2,""ask_orders"":1,""bid_price"":""448.15"",""ask_price"":""449.90""},{""bid_quantity"":40,""ask_quantity"":40,""bid_orders"":2,""ask_orders"":1,""bid_price"":""448.05"",""ask_price"":""450.05""},{""bid_quantity"":20,""ask_quantity"":20,""bid_orders"":1,""ask_orders"":1,""bid_price"":""447.95"",""ask_price"":""450.10""}]"
09:15:17.574,1791517517574453119,2235260128387186,Ticker Data,0,51,71747.82,,09:15:17,,,,,,,,
09:15:17.587,1791517517587426363,2235260141360310,Full Data,8,1110871,488.45,20,09:15:17,,,490.90,30220,18440,14760,81380,"[{""bid_quantity"":780,""ask_quantity"":20,""bid_orders"":2,""ask_orders"":1,""bid_price"":""486.90"",""ask_price"":""489.45""},{""bid_quantity"":20,""ask_quantity"":20,""bid_orders"":1,""ask_orders"":1,""bid_price"":""486.85"",""ask_price"":""489.50""},{""bid_quantity"":120,""ask_quantity"":20,""bid_orders"":1,""ask_orders"":1,""bid_price"":""486.65"",""ask_price"":""489.65""},{""bid_quantity"":100,""ask_quantity"":20,""bid_orders"":1,""ask_orders"":1,""bid_price"":""486.30"",""ask_price"":""489.70""},{""bid_quantity"":80,""ask_quantity"":20,""bid_orders"":2,""ask_orders"":1,""bid_price"":""485.15"",""ask_price"":""489.85""}]"
09:15:17.690,1791517517690883231,2235260244817378,Full Data,8,1104245,448.75,20,09:15:17,,,445.78,20080,13840,19700,52960,"[{""bid_quantity"":40,""ask_quantity"":20,""bid_orders"":2,""ask_orders"":1,""bid_price"":""447.40"",""ask_price"":""449.05""},{""bid_quantity"":40,""ask_quantity"":40,""bid_orders"":2,""ask_orders"":1,""bid_price"":""447.20"",""ask_price"":""449.35""},{""bid_quantity"":80,""ask_quantity"":20,""bid_orders"":3,""ask_orders"":1,""bid_price"":""447.15"",""ask_price"":""449.55""},{""bid_quantity"":40,""ask_quantity"":40,""bid_orders"":2,""ask_orders"":1,""bid_price"":""447.05"",""ask_price"":""449.70""},{""bid_quantity"":60,""ask_quantity"":60,""bid_orders"":2,""ask_orders"":2,""bid_price"":""447.00"",""ask_price"":""449.75""}]"
09:15:17.693,1791517517693121565,2235260247055592,Full Data,8,1111309,716.95,20,09:15:17,,,712.16,25880,14000,24800,98080,"[{""bid_quantity"":40,""ask_quantity"":40,""bid_orders"":1,""ask_orders"":1,""bid_price"":""715.75"",""ask_price"":""717.80""},{""bid_quantity"":20,""ask_quantity"":20,""bid_orders"":1,""ask_orders"":1,""bid_price"":""715.70"",""ask_price"":""717.85""},{""bid_quantity"":40,""ask_quantity"":20,""bid_orders"":2,""ask_orders"":1,""bid_price"":""715.55"",""ask_price"":""717.90""},{""bid_quantity"":40,""ask_quantity"":20,""bid_orders"":2,""ask_orders"":1,""bid_price"":""715.35"",""ask_price"":""717.95""},{""bid_quantity"":40,""ask_quantity"":20,""bid_orders"":1,""ask_orders"":1,""bid_price"":""715.20"",""ask_price"":""718.00""}]"
09:15:17.696,1791517517696168585,2235260250102372,Full Data,8,1114464,773.55,20,09:15:17,,,770.54,35040,17640,47740,272380,"[{""bid_quantity"":40,""ask_quantity"":40,""bid_orders"":2,""ask_orders"":1,""bid_price"":""774.35"",""ask_price"":""776.65""},{""bid_quantity"":160,""ask_quantity"":20,""bid_orders"":2,""ask_orders"":1,""bid_price"":""774.30"",""ask_price"":""776.70""},{""bid_quantity"":80,""ask_quantity"":40,""bid_orders"":3,""ask_orders"":1,""bid_price"":""774.25"",""ask_price"":""776.80""},{""bid_quantity"":360,""ask_quantity"":20,""bid_orders"":3,""ask_orders"":1,""bid_price"":""774.15"",""ask_price"":""776.85""},{""bid_quantity"":40,""ask_quantity"":40,""bid_orders"":2,""ask_orders"":2,""bid_price"":""774.05"",""ask_price"":""777.05""}]"
09:15:17.733,1791517517733426626,2235260287360573,Full Data,8,1111309,716.95,20,09:15:17,,,712.16,25880,14500,23800,98080,"[{""bid_quantity"":20,""ask_quantity"":60,""bid_orders"":1,""ask_orders"":2,""bid_price"":""711.90"",""ask_price"":""714.25""},{""bid_quantity"":20,""ask_quantity"":20,""bid_orders"":1,""ask_orders"":1,""bid_price"":""711.75"",""ask_price"":""714.30""},{""bid_quantity"":20,""ask_quantity"":40,""bid_orders"":1,""ask_orders"":2,""bid_price"":""711.60"",""ask_price"":""714.45""},{""bid_quantity"":40,""ask_quantity"":20,""bid_orders"":1,""ask_orders"":1,""bid_price"":""710.45"",""ask_price"":""714.50""},{""bid_quantity"":100,""ask_quantity"":40,""bid_orders"":1,""ask_orders"":1,""bid_price"":""710.40"",""ask_price"":""714.60""}]"
09:15:17.747,1791517517747334356,2235260301268423,Full Data,8,1104245,447.40,20,09:15:17,,,445.79,20100,15520,21440,52960,"[{""bid_quantity"":40,""ask_quantity"":20,""bid_orders"":2,""ask_orders"":1,""bid_price"":""445.50"",""ask_price"":""447.45""},{""bid_quantity"":60,""ask_quantity"":40,""bid_orders"":2,""ask_orders"":1,""bid_price"":""445.45"",""ask_price"":""447.55""},{""bid_quantity"":140,""ask_quantity"":80,""bid_orders"":1,""ask_orders"":3,""bid_price"":""445.40"",""ask_price"":""447.60""},{""bid_quantity"":40,""ask_quantity"":20,""bid_orders"":1,""ask_orders"":1,""bid_price"":""445.35"",""ask_price"":""447.80""},{""bid_quantity"":40,""ask_quantity"":100,""bid_orders"":2,""ask_orders"":1,""bid_price"":""445.30"",""ask_price"":""447.85""}]"
09:15:17.765,1791517517765144111,2235260319078058,Full Data,8,1114464,771.30,20,09:15:17,,,770.54,35060,16960,47680,272380,"[{""bid_quantity"":40,""ask_quantity"":40,""bid_orders"":2,""ask_orders"":1,""bid_price"":""771.95"",""ask_price"":""774.60""},{""bid_quantity"":140,""ask_quantity"":40,""bid_orders"":1,""ask_orders"":1,""bid_price"":""771.90"",""ask_price"":""774.65""},{""bid_quantity"":40,""ask_quantity"":40,""bid_orders"":2,""ask_orders"":1,""bid_price"":""771.85"",""ask_price"":""774.70""},{""bid_quantity"":180,""ask_quantity"":20,""bid_orders"":2,""ask_orders"":1,""bid_price"":""771.30"",""ask_price"":""774.75""},{""bid_quantity"":680,""ask_quantity"":20,""bid_orders"":2,""ask_orders"":1,""bid_price"":""771.00"",""ask_price"":""774.90""}]"
09:15:18.108,1791517518108675650,2235260662609997,Full Data,8,1102591,632.40,40,09:15:18,,,630.83,31500,11600,26120,209460,"[{""bid_quantity"":20,""ask_quantity"":20,""bid_orders"":1,""ask_orders"":1,""bid_price"":""632.10"",""ask_price"":""634.15""},{""bid_quantity"":20,""ask_quantity"":40,""bid_orders"":1,""ask_orders"":1,""bid_price"":""632.05"",""ask_price"":""634.25""},{""bid_quantity"":80,""ask_quantity"":140,""bid_orders"":2,""ask_orders"":2,""bid_price"":""631.90"",""ask_price"":""634.80""},{""bid_quantity"":20,""ask_quantity"":40,""bid_orders"":1,""ask_orders"":1,""bid_price"":""631.80"",""ask_price"":""635.10""},{""bid_quantity"":20,""ask_quantity"":40,""bid_orders"":1,""ask_orders"":1,""bid_price"":""631.75"",""ask_price"":""635.15""}]"
09:15:18.134,1791517518134485536,2235260688419483,Full Data,8,1107704,685.00,20,09:15:18,,,685.78,6120,10080,12060,17620,"[{""bid_quantity"":40,""ask_quantity"":20,""bid_orders"":1,""ask_orders"":1,""bid_price"":""683.85"",""ask_price"":""686.05""},{""bid_quantity"":20,""ask_quantity"":40,""bid_orders"":1,""ask_orders"":2,""bid_price"":""683.80"",""ask_price"":""686.10""},{""bid_quantity"":20,""ask_quantity"":40,""bid_orders"":1,""ask_orders"":1,""bid_price"":""683.60"",""ask_price"":""686.70""},{""bid_quantity"":20,""ask_quantity"":100,""bid_orders"":1,""ask_orders"":1,""bid_price"":""683.45"",""ask_price"":""687.20""},{""bid_quantity"":20,""ask_quantity"":100,""bid_orders"":1,""ask_orders"":1,""bid_price"":""683.40"",""ask_price"":""687.35""}]"
09:15:18.160,1791517518160319983,2235260714253970,Full Data,8,1102591,632.40,40,09:15:18,,,630.83,31500,12160,25620,209460,"[{""bid_quantity"":60,""ask_quantity"":60,""bid_orders"":2,""ask_orders"":3,""bid_price"":""631.80"",""ask_price"":""632.40""},{""bid_quantity"":20,""ask_quantity"":60,""bid_orders"":1,""ask_orders"":2,""bid_price"":""631.65"",""ask_price"":""634.25""},{""bid_quantity"":20,""ask_quantity"":160,""bid_orders"":1,""ask_orders"":2,""bid_price"":""631.45"",""ask_price"":""634.70""},{""bid_quantity"":160,""ask_quantity"":180,""bid_orders"":2,""ask_orders"":4,""bid_price"":""630.90"",""ask_price"":""634.80""},{""bid_quantity"":20,""ask_quantity"":60,""bid_orders"":1,""ask_orders"":2,""bid_price"":""630.75"",""ask_price"":""635.10""}]"
09:15:18.176,1791517518176883290,2235260730817317,Full Data,8,1107704,685.00,20,09:15:18,,,685.78,6120,10220,11380,17620,"[{""bid_quantity"":40,""ask_quantity"":20,""bid_orders"":1,""ask_orders"":1,""bid_price"":""682.75"",""ask_price"":""686.05""},{""bid_quantity"":20,""ask_quantity"":40,""bid_orders"":1,""ask_orders"":2,""bid_price"":""682.70"",""ask_price"":""686.10""},{""bid_quantity"":20,""ask_quantity"":140,""bid_orders"":1,""ask_orders"":1,""bid_price"":""682.65"",""ask_price"":""686.40""},{""bid_quantity"":40,""ask_quantity"":40,""bid_orders"":1,""ask_orders"":1,""bid_price"":""682.55"",""ask_price"":""686.45""},{""bid_quantity"":20,""ask_quantity"":100,""bid_orders"":1,""ask_orders"":1,""bid_price"":""682.50"",""ask_price"":""687.20""}]"
09:15:18.183,1791517518183236411,2235260737170318,Full Data,8,1107336,411.25,20,09:15:18,,,410.54,54420,14400,58680,304080,"[{""bid_quantity"":40,""ask_quantity"":20,""bid_orders"":2,""ask_orders"":1,""bid_price"":""411.70"",""ask_price"":""413.35""},{""bid_quantity"":40,""ask_quantity"":40,""bid_orders"":1,""ask_orders"":1,""bid_price"":""411.65"",""ask_price"":""413.50""},{""bid_quantity"":40,""ask_quantity"":20,""bid_orders"":2,""ask_orders"":1,""bid_price"":""411.60"",""ask_price"":""413.55""},{""bid_quantity"":20,""ask_quantity"":140,""bid_orders"":1,""ask_orders"":1,""bid_price"":""411.50"",""ask_price"":""413.60""},{""bid_quantity"":20,""ask_quantity"":60,""bid_orders"":1,""ask_orders"":1,""bid_price"":""411.45"",""ask_price"":""413.75""}]"
09:15:18.208,1791517518208016611,2235260761950558,Full Data,8,1115207,653.90,40,09:15:18,,,655.39,35140,12500,23040,97240,"[{""bid_quantity"":60,""ask_quantity"":40,""bid_orders"":2,""ask_orders"":2,""bid_price"":""651.95"",""ask_price"":""653.55""},{""bid_quantity"":20,""ask_quantity"":40,""bid_orders"":1,""ask_orders"":1,""bid_price"":""651.90"",""ask_price"":""653.60""},{""bid_quantity"":20,""ask_quantity"":20,""bid_orders"":1,""ask_orders"":1,""bid_price"":""651.70"",""ask_price"":""653.65""},{""bid_quantity"":80,""ask_quantity"":20,""bid_orders"":3,""ask_orders"":1,""bid_price"":""651.65"",""ask_price"":""653.75""},{""bid_quantity"":140,""ask_quantity"":60,""bid_orders"":2,""ask_orders"":2,""bid_price"":""651.60"",""ask_price"":""653.85""}]"
09:15:18.219,1791517518219622246,2235260773556273,Full Data,8,1105793,542.95,20,09:15:18,,,544.78,33820,14100,16960,50360,"[{""bid_quantity"":40,""ask_quantity"":20,""bid_orders"":2,""ask_orders"":1,""bid_price"":""542.45"",""ask_price"":""544.35""},{""bid_quantity"":80,""ask_quantity"":40,""bid_orders"":3,""ask_orders"":2,""bid_price"":""542.35"",""ask_price"":""544.40""},{""bid_quantity"":20,""ask_quantity"":20,""bid_orders"":1,""ask_orders"":1,""bid_price"":""542.25"",""ask_price"":""544.45""},{""bid_quantity"":20,""ask_quantity"":60,""bid_orders"":1,""ask_orders"":2,""bid_price"":""542.10"",""ask_price"":""544.50""},{""bid_quantity"":20,""ask_quantity"":20,""bid_orders"":1,""ask_orders"":1,""bid_price"":""541.95"",""ask_price"":""544.55""}]"
09:15:18.248,1791517518248419592,2235260802353619,Full Data,8,1115207,654.75,80,09:15:18,,,655.36,35820,13460,22940,97240,"[{""bid_quantity"":40,""ask_quantity"":320,""bid_orders"":1,""ask_orders"":1,""bid_price"":""651.50"",""ask_price"":""654.70""},{""bid_quantity"":20,""ask_quantity"":480,""bid_orders"":1,""ask_orders"":3,""bid_price"":""651.45"",""ask_price"":""654.75""},{""bid_quantity"":60,""ask_quantity"":80,""bid_orders"":2,""ask_orders"":1,""bid_price"":""651.40"",""ask_price"":""654.80""},{""bid_quantity"":20,""ask_quantity"":100,""bid_orders"":1,""ask_orders"":1,""bid_price"":""651.35"",""ask_price"":""654.90""},{""bid_quantity"":60,""ask_quantity"":260,""bid_orders"":1,""ask_orders"":2,""bid_price"":""651.30"",""ask_price"":""655.20""}]"
09:15:18.280,1791517518280427719,2235260834362186,Full Data,8,1105793,542.80,40,09:15:18,,,544.77,33860,15400,19520,50360,"[{""bid_quantity"":20,""ask_quantity"":20,""bid_orders"":1,""ask_orders"":1,""bid_price"":""542.60"",""ask_price"":""544.00""},{""bid_quantity"":60,""ask_quantity"":20,""bid_orders"":2,""ask_orders"":1,""bid_price"":""542.55"",""ask_price"":""544.05""},{""bid_quantity"":20,""ask_quantity"":60,""bid_orders"":1,""ask_orders"":3,""bid_price"":""542.50"",""ask_price"":""544.10""},{""bid_quantity"":20,""ask_quantity"":20,""bid_orders"":1,""ask_orders"":1,""bid_price"":""542.45"",""ask_price"":""544.15""},{""bid_quantity"":20,""ask_quantity"":40,""bid_orders"":1,""ask_orders"":2,""bid_price"":""542.30"",""ask_price"":""544.25""}]"
09:15:18.381,1791517518381543292,2235260935477319,Full Data,8,1116183,491.55,20,09:15:18,,,491.71,75260,29020,54400,319760,"[{""bid_quantity"":40,""ask_quantity"":20,""bid_orders"":1,""ask_orders"":1,""bid_price"":""490.85"",""ask_price"":""492.45""},{""bid_quantity"":60,""ask_quantity"":20,""bid_orders"":2,""ask_orders"":1,""bid_price"":""490.75"",""ask_price"":""492.50""},{""bid_quantity"":20,""ask_quantity"":40,""bid_orders"":1,""ask_orders"":1,""bid_price"":""490.70"",""ask_price"":""492.55""},{""bid_quantity"":40,""ask_quantity"":20,""bid_orders"":1,""ask_orders"":1,""bid_price"":""490.65"",""ask_price"":""492.60""},{""bid_quantity"":20,""ask_quantity"":40,""bid_orders"":1,""ask_orders"":1,""bid_price"":""490.60"",""ask_price"":""492.65""}]"
09:15:18.431,1791517518431296053,2235260985230320,Full Data,8,1114813,536.70,20,09:15:18,,,534.30,34600,13600,17380,57500,"[{""bid_quantity"":20,""ask_quantity"":20,""bid_orders"":1,""ask_orders"":1,""bid_price"":""535.05"",""ask_price"":""536.30""},{""bid_quantity"":20,""ask_quantity"":20,""bid_orders"":1,""ask_orders"":1,""bid_price"":""534.45"",""ask_price"":""536.35""},{""bid_quantity"":60,""ask_quantity"":40,""bid_orders"":2,""ask_orders"":2,""bid_price"":""534.30"",""ask_price"":""536.70""},{""bid_quantity"":40,""ask_quantity"":60,""bid_orders"":1,""ask_orders"":2,""bid_price"":""533.50"",""ask_price"":""536.90""},{""bid_quantity"":60,""ask_quantity"":160,""bid_orders"":1,""ask_orders"":2,""bid_price"":""533.45"",""ask_price"":""537.20""}]"
09:15:18.464,1791517518464842110,2235261018776577,Full Data,8,1116183,491.10,20,09:15:18,,,491.71,75340,28660,52420,319760,"[{""bid_quantity"":40,""ask_quantity"":120,""bid_orders"":2,""ask_orders"":6,""bid_price"":""491.35"",""ask_price"":""492.90""},{""bid_quantity"":20,""ask_quantity"":40,""bid_orders"":1,""ask_orders"":2,""bid_price"":""491.15"",""ask_price"":""492.95""},{""bid_quantity"":40,""ask_quantity"":40,""bid_orders"":1,""ask_orders"":2,""bid_price"":""491.05"",""ask_price"":""493.10""},{""bid_quantity"":20,""ask_quantity"":20,""bid_orders"":1,""ask_orders"":1,""bid_price"":""491.00"",""ask_price"":""493.25""},{""bid_quantity"":40,""ask_quantity"":60,""bid_orders"":2,""ask_orders"":3,""bid_price"":""490.90"",""ask_price"":""493.45""}]"
09:15:18.476,1791517518476113263,2235261030047370,Full Data,8,1111639,579.45,20,09:15:18,,,578.06,20460,11520,21800,60460,"[{""bid_quantity"":20,""ask_quantity"":100,""bid_orders"":1,""ask_orders"":3,""bid_price"":""579.25"",""ask_price"":""581.45""},{""bid_quantity"":40,""ask_quantity"":40,""bid_orders"":1,""ask_orders"":1,""bid_price"":""579.20"",""ask_price"":""581.55""},{""bid_quantity"":120,""ask_quantity"":40,""bid_orders"":2,""ask_orders"":2,""bid_price"":""579.05"",""ask_price"":""581.60""},{""bid_quantity"":100,""ask_quantity"":40,""bid_orders"":3,""ask_orders"":2,""bid_price"":""579.00"",""ask_price"":""581.80""},{""bid_quantity"":100,""ask_quantity"":40,""bid_orders"":1,""ask_orders"":2,""bid_price"":""578.55"",""ask_price"":""581.95""}]"
09:15:18.482,1791517518482162622,2235261036096489,Full Data,8,1114813,533.10,20,09:15:18,,,534.30,34660,14640,17160,57500,"[{""bid_quantity"":20,""ask_quantity"":20,""bid_orders"":1,""ask_orders"":1,""bid_price"":""530.90"",""ask_price"":""534.70""},{""bid_quantity"":20,""ask_quantity"":20,""bid_orders"":1,""ask_orders"":1,""bid_price"":""530.85"",""ask_price"":""535.00""},{""bid_quantity"":80,""ask_quantity"":200,""bid_orders"":3,""ask_orders"":4,""bid_price"":""530.80"",""ask_price"":""535.05""},{""bid_quantity"":80,""ask_quantity"":60,""bid_orders"":4,""ask_orders"":1,""bid_price"":""530.75"",""ask_price"":""535.10""},{""bid_quantity"":80,""ask_quantity"":40,""bid_orders"":2,""ask_orders"":1,""bid_price"":""530.70"",""ask_price"":""535.35""}]"
09:15:18.498,1791517518498513248,2235261052447155,Full Data,8,1112083,598.55,20,09:15:18,,,600.51,44900,13160,31180,97520,"[{""bid_quantity"":40,""ask_quantity"":20,""bid_orders"":1,""ask_orders"":1,""bid_price"":""596.80"",""ask_price"":""598.80""},{""bid_quantity"":20,""ask_quantity"":40,""bid_orders"":1,""ask_orders"":2,""bid_price"":""596.75"",""ask_price"":""599.00""},{""bid_quantity"":40,""ask_quantity"":180,""bid_orders"":1,""ask_orders"":2,""bid_price"":""596.65"",""ask_price"":""599.15""},{""bid_quantity"":40,""ask_quantity"":20,""bid_orders"":1,""ask_orders"":1,""bid_price"":""596.60"",""ask_price"":""599.20""},{""bid_quantity"":20,""ask_quantity"":20,""bid_orders"":1,""ask_orders"":1,""bid_price"":""596.55"",""ask_price"":""599.35""}]"
09:15:18.562,1791517518562949104,2235261116883211,Ticker Data,0,51,71763.03,,09:15:18,,,,,,,,
09:15:18.592,1791517518592916657,2235261146850724,Full Data,8,1112083,598.95,60,09:15:18,,,600.50,44980,13480,31340,97520,"[{""bid_quantity"":40,""ask_quantity"":40,""bid_orders"":1,""ask_orders"":2,""bid_price"":""597.45"",""ask_price"":""598.90""},{""bid_quantity"":300,""ask_quantity"":160,""bid_orders"":1,""ask_orders"":2,""bid_price"":""597.40"",""ask_price"":""599.10""},{""bid_quantity"":40,""ask_quantity"":180,""bid_orders"":1,""ask_orders"":2,""bid_price"":""597.35"",""ask_price"":""599.15""},{""bid_quantity"":20,""ask_quantity"":40,""bid_orders"":1,""ask_orders"":2,""bid_price"":""597.25"",""ask_price"":""599.25""},{""bid_quantity"":100,""ask_quantity"":20,""bid_orders"":3,""ask_orders"":1,""bid_price"":""597.15"",""ask_price"":""599.35""}]"
09:15:18.594,1791517518594555668,2235261148489535,Full Data,8,1110871,488.70,20,09:15:18,,,490.87,31180,14380,15000,81380,"[{""bid_quantity"":20,""ask_quantity"":20,""bid_orders"":1,""ask_orders"":1,""bid_price"":""486.95"",""ask_price"":""488.10""},{""bid_quantity"":720,""ask_quantity"":40,""bid_orders"":1,""ask_orders"":2,""bid_price"":""486.90"",""ask_price"":""488.15""},{""bid_quantity"":40,""ask_quantity"":40,""bid_orders"":2,""ask_orders"":2,""bid_price"":""486.85"",""ask_price"":""488.25""},{""bid_quantity"":20,""ask_quantity"":20,""bid_orders"":1,""ask_orders"":1,""bid_price"":""486.65"",""ask_price"":""488.30""},{""bid_quantity"":20,""ask_quantity"":40,""bid_orders"":1,""ask_orders"":1,""bid_price"":""486.55"",""ask_price"":""488.35""}]"
09:15:18.748,1791517518748055979,2235261301990206,Full Data,8,1111309,708.60,40,09:15:18,,,712.15,26480,13420,24080,98080,"[{""bid_quantity"":40,""ask_quantity"":120,""bid_orders"":1,""ask_orders"":5,""bid_price"":""708.30"",""ask_price"":""711.45""},{""bid_quantity"":20,""ask_quantity"":40,""bid_orders"":1,""ask_orders"":2,""bid_price"":""708.25"",""ask_price"":""711.50""},{""bid_quantity"":40,""ask_quantity"":220,""bid_orders"":1,""ask_orders"":6,""bid_price"":""708.05"",""ask_price"":""711.60""},{""bid_quantity"":20,""ask_quantity"":80,""bid_orders"":1,""ask_orders"":4,""bid_price"":""707.85"",""ask_price"":""711.70""},{""bid_quantity"":20,""ask_quantity"":140,""bid_orders"":1,""ask_orders"":1,""bid_price"":""707.70"",""ask_price"":""711.75""}]"
09:15:18.753,1791517518753890857,2235261307824924,Full Data,8,1104245,442.45,40,09:15:18,,,445.76,21000,16640,20600,52960,"[{""bid_quantity"":20,""ask_quantity"":40,""bid_orders"":1,""ask_orders"":2,""bid_price"":""442.25"",""ask_price"":""443.25""},{""bid_quantity"":20,""ask_quantity"":60,""bid_orders"":1,""ask_orders"":2,""bid_price"":""442.15"",""ask_price"":""443.35""},{""bid_quantity"":20,""ask_quantity"":60,""bid_orders"":1,""ask_orders"":3,""bid_price"":""442.05"",""ask_price"":""443.45""},{""bid_quantity"":20,""ask_quantity"":60,""bid_orders"":1,""ask_orders"":3,""bid_price"":""441.95"",""ask_price"":""443.60""},{""bid_quantity"":20,""ask_quantity"":80,""bid_orders"":1,""ask_orders"":4,""bid_price"":""441.90"",""ask_price"":""443.65""}]"
09:15:18.787,1791517518787191432,2235261341125659,Full Data,8,1114464,769.35,140,09:15:18,,,770.55,35800,17460,47320,272380,"[{""bid_quantity"":60,""ask_quantity"":20,""bid_orders"":2,""ask_orders"":1,""bid_price"":""767.80"",""ask_price"":""770.25""},{""bid_quantity"":40,""ask_quantity"":20,""bid_orders"":1,""ask_orders"":1,""bid_price"":""767.75"",""ask_price"":""770.30""},{""bid_quantity"":80,""ask_quantity"":20,""bid_orders"":3,""ask_orders"":1,""bid_price"":""767.70"",""ask_price"":""770.40""},{""bid_quantity"":60,""ask_quantity"":20,""bid_orders"":2,""ask_orders"":1,""bid_price"":""767.65"",""ask_price"":""770.45""},{""bid_quantity"":100,""ask_quantity"":20,""bid_orders"":3,""ask_orders"":1,""bid_price"":""767.60"",""ask_price"":""770.60""}]"
09:15:18.793,1791517518793817435,2235261347751302,Full Data,8,1111309,708.60,40,09:15:18,,,712.15,26480,13300,24340,98080,"[{""bid_quantity"":40,""ask_quantity"":20,""bid_orders"":1,""ask_orders"":1,""bid_price"":""709.90"",""ask_price"":""712.40""},{""bid_quantity"":20,""ask_quantity"":20,""bid_orders"":1,""ask_orders"":1,""bid_price"":""709.85"",""ask_price"":""712.55""},{""bid_quantity"":20,""ask_quantity"":40,""bid_orders"":1,""ask_orders"":2,""bid_price"":""709.65"",""ask_price"":""713.55""},{""bid_quantity"":40,""ask_quantity"":220,""bid_orders"":1,""ask_orders"":3,""bid_price"":""709.50"",""ask_price"":""713.60""},{""bid_quantity"":20,""ask_quantity"":40,""bid_orders"":1,""ask_orders"":1,""bid_price"":""709.45"",""ask_price"":""713.75""}]"
09:15:18.826,1791517518826102604,2235261380036511,Full Data,8,1104245,444.60,20,09:15:18,,,445.75,21080,15640,21040,52960,"[{""bid_quantity"":20,""ask_quantity"":60,""bid_orders"":1,""ask_orders"":3,""bid_price"":""444.45"",""ask_price"":""445.65""},{""bid_quantity"":20,""ask_quantity"":40,""bid_orders"":1,""ask_orders"":2,""bid_price"":""444.40"",""ask_price"":""445.70""},{""bid_quantity"":40,""ask_quantity"":60,""bid_orders"":1,""ask_orders"":2,""bid_price"":""444.30"",""ask_price"":""445.80""},{""bid_quantity"":20,""ask_quantity"":40,""bid_orders"":1,""ask_orders"":1,""bid_price"":""444.25"",""ask_price"":""445.95""},{""bid_quantity"":20,""ask_quantity"":140,""bid_orders"":1,""ask_orders"":1,""bid_price"":""444.20"",""ask_price"":""446.00""}]"
09:15:18.842,1791517518842693351,2235261396627458,Full Data,8,1114464,769.35,140,09:15:18,,,770.55,35800,17440,46440,272380,"[{""bid_quantity"":40,""ask_quantity"":20,""bid_orders"":2,""ask_orders"":1,""bid_price"":""771.15"",""ask_price"":""772.95""},{""bid_quantity"":20,""ask_quantity"":40,""bid_orders"":1,""ask_orders"":1,""bid_price"":""771.10"",""ask_price"":""773.00""},{""bid_quantity"":40,""ask_quantity"":40,""bid_orders"":2,""ask_orders"":2,""bid_price"":""771.05"",""ask_price"":""773.10""},{""bid_quantity"":40,""ask_quantity"":40,""bid_orders"":1,""ask_orders"":2,""bid_price"":""771.00"",""ask_price"":""773.15""},{""bid_quantity"":40,""ask_quantity"":100,""bid_orders"":2,""ask_orders"":1,""bid_price"":""770.95"",""ask_price"":""773.25""}]"
09:15:19.139,1791517519139381827,2235261693315974,Full Data,8,1102591,621.15,20,09:15:19,,,630.75,32500,12720,24560,209460,"[{""bid_quantity"":20,""ask_quantity"":60,""bid_orders"":1,""ask_orders"":2,""bid_price"":""619.50"",""ask_price"":""621.85""},{""bid_quantity"":40,""ask_quantity"":20,""bid_orders"":1,""ask_orders"":1,""bid_price"":""618.80"",""ask_price"":""621.90""},{""bid_quantity"":120,""ask_quantity"":60,""bid_orders"":2,""ask_orders"":2,""bid_price"":""618.40"",""ask_price"":""621.95""},{""bid_quantity"":40,""ask_quantity"":40,""bid_orders"":2,""ask_orders"":1,""bid_price"":""618.30"",""ask_price"":""622.00""},{""bid_quantity"":120,""ask_quantity"":20,""bid_orders"":1,""ask_orders"":1,""bid_price"":""618.15"",""ask_price"":""622.05""}]"
09:15:19.166,1791517519166095280,2235261720029187,Full Data,8,1107704,681.50,20,09:15:18,,,685.56,6480,11980,12580,17620,"[{""bid_quantity"":40,""ask_quantity"":20,""bid_orders"":1,""ask_orders"":1,""bid_price"":""672.10"",""ask_price"":""675.55""},{""bid_quantity"":20,""ask_quantity"":140,""bid_orders"":1,""ask_orders"":1,""bid_price"":""672.05"",""ask_price"":""675.60""},{""bid_quantity"":20,""ask_quantity"":20,""bid_orders"":1,""ask_orders"":1,""bid_price"":""672.00"",""ask_price"":""675.65""},{""bid_quantity"":20,""ask_quantity"":20,""bid_orders"":1,""ask_orders"":1,""bid_price"":""671.90"",""ask_price"":""675.75""},{""bid_quantity"":20,""ask_quantity"":20,""bid_orders"":1,""ask_orders"":1,""bid_price"":""671.80"",""ask_price"":""675.95""}]"
09:15:19.188,1791517519188425184,2235261742359091,Full Data,8,1102591,621.45,20,09:15:19,,,630.73,32560,12820,24820,209460,"[{""bid_quantity"":20,""ask_quantity"":40,""bid_orders"":1,""ask_orders"":1,""bid_price"":""619.45"",""ask_price"":""621.00""},{""bid_quantity"":40,""ask_quantity"":20,""bid_orders"":2,""ask_orders"":1,""bid_price"":""618.90"",""ask_price"":""621.05""},{""bid_quantity"":80,""ask_quantity"":20,""bid_orders"":2,""ask_orders"":1,""bid_price"":""618.80"",""ask_price"":""621.10""},{""bid_quantity"":40,""ask_quantity"":20,""bid_orders"":1,""ask_orders"":1,""bid_price"":""618.45"",""ask_price"":""621.15""},{""bid_quantity"":140,""ask_quantity"":20,""bid_orders"":3,""ask_orders"":1,""bid_price"":""618.40"",""ask_price"":""621.25""}]"
09:15:19.195,1791517519195868392,2235261749802619,Full Data,8,1107704,681.50,20,09:15:18,,,685.56,6480,11960,12460,17620,"[{""bid_quantity"":20,""ask_quantity"":20,""bid_orders"":1,""ask_orders"":1,""bid_price"":""672.05"",""ask_price"":""675.05""},{""bid_quantity"":20,""ask_quantity"":60,""bid_orders"":1,""ask_orders"":2,""bid_price"":""671.90"",""ask_price"":""675.15""},{""bid_quantity"":40,""ask_quantity"":20,""bid_orders"":1,""ask_orders"":1,""bid_price"":""671.15"",""ask_price"":""675.35""},{""bid_quantity"":100,""ask_quantity"":20,""bid_orders"":1,""ask_orders"":1,""bid_price"":""670.40"",""ask_price"":""675.45""},{""bid_quantity"":140,""ask_quantity"":20,""bid_orders"":1,""ask_orders"":1,""bid_price"":""670.10"",""ask_price"":""675.55""}]"
09:15:19.211,1791517519211243451,2235261765177318,Full Data,8,1107336,405.25,20,09:15:19,,,410.49,55560,15620,56700,304080,"[{""bid_quantity"":20,""ask_quantity"":20,""bid_orders"":1,""ask_orders"":1,""bid_price"":""401.65"",""ask_price"":""403.10""},{""bid_quantity"":200,""ask_quantity"":20,""bid_orders"":3,""ask_orders"":1,""bid_price"":""401.60"",""ask_price"":""403.15""},{""bid_quantity"":20,""ask_quantity"":20,""bid_orders"":1,""ask_orders"":1,""bid_price"":""401.35"",""ask_price"":""403.20""},{""bid_quantity"":40,""ask_quantity"":40,""bid_orders"":2,""ask_orders"":2,""bid_price"":""401.30"",""ask_price"":""403.30""},{""bid_quantity"":20,""ask_quantity"":40,""bid_orders"":1,""ask_orders"":1,""bid_price"":""401.10"",""ask_price"":""403.45""}]"
09:15:19.234,1791517519234714323,2235261788648510,Full Data,8,1115207,659.10,60,09:15:19,,,655.32,37180,14160,25240,97240,"[{""bid_quantity"":60,""ask_quantity"":20,""bid_orders"":2,""ask_orders"":1,""bid_price"":""656.20"",""ask_price"":""658.80""},{""bid_quantity"":40,""ask_quantity"":80,""bid_orders"":1,""ask_orders"":2,""bid_price"":""656.10"",""ask_price"":""658.85""},{""bid_quantity"":40,""ask_quantity"":180,""bid_orders"":1,""ask_orders"":3,""bid_price"":""656.05"",""ask_price"":""658.90""},{""bid_quantity"":240,""ask_quantity"":340,""bid_orders"":2,""ask_orders"":2,""bid_price"":""656.00"",""ask_price"":""659.00""},{""bid_quantity"":80,""ask_quantity"":40,""bid_orders"":2,""ask_orders"":2,""bid_price"":""655.90"",""ask_price"":""659.05""}]"
09:15:19.276,1791517519276939076,2235261830873063,Full Data,8,1105793,547.65,20,09:15:19,,,544.77,35180,16180,17700,50360,"[{""bid_quantity"":40,""ask_quantity"":40,""bid_orders"":1,""ask_orders"":2,""bid_price"":""546.00"",""ask_price"":""547.65""},{""bid_quantity"":40,""ask_quantity"":20,""bid_orders"":2,""ask_orders"":1,""bid_price"":""545.85"",""ask_price"":""547.80""},{""bid_quantity"":20,""ask_quantity"":20,""bid_orders"":1,""ask_orders"":1,""bid_price"":""545.65"",""ask_price"":""547.90""},{""bid_quantity"":20,""ask_quantity"":40,""bid_orders"":1,""ask_orders"":2,""bid_price"":""545.55"",""ask_price"":""548.00""},{""bid_quantity"":60,""ask_quantity"":20,""bid_orders"":2,""ask_orders"":1,""bid_price"":""545.50"",""ask_price"":""548.05""}]"
09:15:19.307,1791517519307384912,2235261861319019,Full Data,8,1115207,658.20,20,09:15:19,,,655.33,37200,14920,25340,97240,"[{""bid_quantity"":40,""ask_quantity"":20,""bid_orders"":1,""ask_orders"":1,""bid_price"":""656.20"",""ask_price"":""658.40""},{""bid_quantity"":40,""ask_quantity"":20,""bid_orders"":2,""ask_orders"":1,""bid_price"":""655.85"",""ask_price"":""658.45""},{""bid_quantity"":40,""ask_quantity"":60,""bid_orders"":1,""ask_orders"":1,""bid_price"":""655.40"",""ask_price"":""658.55""},{""bid_quantity"":40,""ask_quantity"":640,""bid_orders"":1,""ask_orders"":3,""bid_price"":""655.35"",""ask_price"":""658.60""},{""bid_quantity"":20,""ask_quantity"":160,""bid_orders"":1,""ask_orders"":2,""bid_price"":""655.30"",""ask_price"":""658.65""}]"
09:15:19.363,1791517519363713196,2235261917647303,Full Data,8,1105793,546.25,20,09:15:19,,,544.77,35200,16620,20040,50360,"[{""bid_quantity"":20,""ask_quantity"":20,""bid_orders"":1,""ask_orders"":1,""bid_price"":""545.95"",""ask_price"":""547.60""},{""bid_quantity"":20,""ask_quantity"":40,""bid_orders"":1,""ask_orders"":2,""bid_price"":""545.90"",""ask_price"":""547.65""},{""bid_quantity"":20,""ask_quantity"":40,""bid_orders"":1,""ask_orders"":2,""bid_price"":""545.85"",""ask_price"":""547.70""},{""bid_quantity"":60,""ask_quantity"":20,""bid_orders"":2,""ask_orders"":1,""bid_price"":""545.80"",""ask_price"":""547.80""},{""bid_quantity"":20,""ask_quantity"":20,""bid_orders"":1,""ask_orders"":1,""bid_price"":""545.70"",""ask_price"":""547.85""}]"
09:15:19.449,1791517519449657551,2235262003591618,Full Data,8,1111639,571.50,120,09:15:19,,,577.91,21380,13720,23220,60460,"[{""bid_quantity"":60,""ask_quantity"":40,""bid_orders"":2,""ask_orders"":1,""bid_price"":""568.75"",""ask_price"":""571.35""},{""bid_quantity"":160,""ask_quantity"":40,""bid_orders"":5,""ask_orders"":1,""bid_price"":""568.70"",""ask_price"":""571.45""},{""bid_quantity"":40,""ask_quantity"":220,""bid_orders"":2,""ask_orders"":3,""bid_price"":""568.55"",""ask_price"":""571.55""},{""bid_quantity"":140,""ask_quantity"":100,""bid_orders"":1,""ask_orders"":3,""bid_price"":""568.50"",""ask_price"":""571.80""},{""bid_quantity"":60,""ask_quantity"":100,""bid_orders"":1,""ask_orders"":1,""bid_price"":""568.40"",""ask_price"":""571.85""}]"
09:15:19.480,1791517519480221069,2235262034155216,Full Data,8,1114813,524.55,600,09:15:19,,,533.95,36920,14900,18040,57500,"[{""bid_quantity"":340,""ask_quantity"":40,""bid_orders"":2,""ask_orders"":1,""bid_price"":""524.55"",""ask_price"":""526.40""},{""bid_quantity"":20,""ask_quantity"":720,""bid_orders"":1,""ask_orders"":4,""bid_price"":""524.30"",""ask_price"":""526.45""},{""bid_quantity"":100,""ask_quantity"":60,""bid_orders"":1,""ask_orders"":2,""bid_price"":""524.10"",""ask_price"":""526.55""},{""bid_quantity"":40,""ask_quantity"":140,""bid_orders"":1,""ask_orders"":1,""bid_price"":""523.65"",""ask_price"":""526.60""},{""bid_quantity"":200,""ask_quantity"":40,""bid_orders"":1,""ask_orders"":2,""bid_price"":""523.60"",""ask_price"":""526.65""}]"
09:15:19.511,1791517519511347790,2235262065281697,Full Data,8,1116183,494.35,20,09:15:19,,,491.78,78740,29160,53520,319760,"[{""bid_quantity"":80,""ask_quantity"":60,""bid_orders"":3,""ask_orders"":2,""bid_price"":""494.45"",""ask_price"":""496.20""},{""bid_quantity"":40,""ask_quantity"":40,""bid_orders"":1,""ask_orders"":2,""bid_price"":""494.15"",""ask_price"":""496.25""},{""bid_quantity"":40,""ask_quantity"":60,""bid_orders"":1,""ask_orders"":2,""bid_price"":""494.10"",""ask_price"":""496.40""},{""bid_quantity"":120,""ask_quantity"":60,""bid_orders"":4,""ask_orders"":2,""bid_price"":""493.85"",""ask_price"":""496.45""},{""bid_quantity"":160,""ask_quantity"":80,""bid_orders"":2,""ask_orders"":1,""bid_price"":""493.70"",""ask_price"":""496.75""}]"
09:15:19.531,1791517519531844882,2235262085778869,Full Data,8,1111639,571.50,120,09:15:19,,,577.91,21380,14180,21540,60460,"[{""bid_quantity"":20,""ask_quantity"":20,""bid_orders"":1,""ask_orders"":1,""bid_price"":""567.20"",""ask_price"":""569.85""},{""bid_quantity"":120,""ask_quantity"":80,""bid_orders"":1,""ask_orders"":3,""bid_price"":""567.10"",""ask_price"":""570.00""},{""bid_quantity"":60,""ask_quantity"":20,""bid_orders"":1,""ask_orders"":1,""bid_price"":""567.00"",""ask_price"":""570.05""},{""bid_quantity"":20,""ask_quantity"":20,""bid_orders"":1,""ask_orders"":1,""bid_price"":""566.95"",""ask_price"":""570.20""},{""bid_quantity"":60,""ask_quantity"":40,""bid_orders"":1,""ask_orders"":2,""bid_price"":""566.80"",""ask_price"":""570.25""}]"
09:15:19.567,1791517519567141070,2235262121075377,Full Data,8,1114046,435.75,20,09:15:19,,,445.25,29160,14360,40260,119180,"[{""bid_quantity"":80,""ask_quantity"":100,""bid_orders"":3,""ask_orders"":1,""bid_price"":""438.15"",""ask_price"":""440.20""},{""bid_quantity"":20,""ask_quantity"":40,""bid_orders"":1,""ask_orders"":2,""bid_price"":""438.10"",""ask_price"":""440.25""},{""bid_quantity"":140,""ask_quantity"":20,""bid_orders"":1,""ask_orders"":1,""bid_price"":""438.00"",""ask_price"":""440.40""},{""bid_quantity"":80,""ask_quantity"":20,""bid_orders"":1,""ask_orders"":1,""bid_price"":""437.55"",""ask_price"":""440.65""},{""bid_quantity"":20,""ask_quantity"":100,""bid_orders"":1,""ask_orders"":1,""bid_price"":""437.40"",""ask_price"":""440.70""}]"
09:15:19.577,1791517519577549977,2235262131484004,Ticker Data,0,51,71763.40,,09:15:19,,,,,,,,
09:15:19.577,1791517519577629698,2235262131563365,Full Data,8,1114813,524.00,20,09:15:19,,,533.82,37420,16280,19880,57500,"[{""bid_quantity"":20,""ask_quantity"":40,""bid_orders"":1,""ask_orders"":2,""bid_price"":""524.00"",""ask_price"":""525.60""},{""bid_quantity"":40,""ask_quantity"":20,""bid_orders"":1,""ask_orders"":1,""bid_price"":""523.90"",""ask_price"":""525.65""},{""bid_quantity"":20,""ask_quantity"":60,""bid_orders"":1,""ask_orders"":3,""bid_price"":""523.85"",""ask_price"":""525.85""},{""bid_quantity"":60,""ask_quantity"":20,""bid_orders"":2,""ask_orders"":1,""bid_price"":""523.70"",""ask_price"":""526.05""},{""bid_quantity"":20,""ask_quantity"":20,""bid_orders"":1,""ask_orders"":1,""bid_price"":""523.65"",""ask_price"":""526.15""}]"
09:15:19.626,1791517519626917616,2235262180851723,Full Data,8,1112083,602.50,20,09:15:19,,,600.44,48020,14560,33460,97520,"[{""bid_quantity"":300,""ask_quantity"":20,""bid_orders"":2,""ask_orders"":1,""bid_price"":""600.30"",""ask_price"":""602.00""},{""bid_quantity"":60,""ask_quantity"":20,""bid_orders"":3,""ask_orders"":1,""bid_price"":""600.25"",""ask_price"":""602.05""},{""bid_quantity"":60,""ask_quantity"":20,""bid_orders"":2,""ask_orders"":1,""bid_price"":""600.05"",""ask_price"":""602.15""},{""bid_quantity"":100,""ask_quantity"":40,""bid_orders"":1,""ask_orders"":2,""bid_price"":""600.00"",""ask_price"":""602.20""},{""bid_quantity"":40,""ask_quantity"":40,""bid_orders"":2,""ask_orders"":2,""bid_price"":""599.95"",""ask_price"":""602.40""}]"
09:15:19.629,1791517519629113270,2235262183047137,Full Data,8,1110871,480.25,40,09:15:19,,,490.52,33200,14900,14480,81380,"[{""bid_quantity"":200,""ask_quantity"":20,""bid_orders"":1,""ask_orders"":1,""bid_price"":""480.00"",""ask_price"":""480.85""},{""bid_quantity"":40,""ask_quantity"":20,""bid_orders"":1,""ask_orders"":1,""bid_price"":""479.45"",""ask_price"":""480.90""},{""bid_quantity"":40,""ask_quantity"":20,""bid_orders"":2,""ask_orders"":1,""bid_price"":""478.65"",""ask_price"":""480.95""},{""bid_quantity"":300,""ask_quantity"":40,""bid_orders"":4,""ask_orders"":2,""bid_price"":""478.50"",""ask_price"":""481.00""},{""bid_quantity"":120,""ask_quantity"":20,""bid_orders"":2,""ask_orders"":1,""bid_price"":""478.20"",""ask_price"":""481.05""}]"
09:15:19.667,1791517519667910881,2235262221844828,Full Data,8,1112083,601.75,20,09:15:19,,,600.44,48140,14660,32720,97520,"[{""bid_quantity"":20,""ask_quantity"":20,""bid_orders"":1,""ask_orders"":1,""bid_price"":""600.25"",""ask_price"":""600.95""},{""bid_quantity"":100,""ask_quantity"":20,""bid_orders"":1,""ask_orders"":1,""bid_price"":""599.25"",""ask_price"":""601.05""},{""bid_quantity"":20,""ask_quantity"":40,""bid_orders"":1,""ask_orders"":1,""bid_price"":""599.10"",""ask_price"":""601.20""},{""bid_quantity"":20,""ask_quantity"":20,""bid_orders"":1,""ask_orders"":1,""bid_price"":""598.85"",""ask_price"":""601.25""},{""bid_quantity"":20,""ask_quantity"":160,""bid_orders"":1,""ask_orders"":2,""bid_price"":""598.50"",""ask_price"":""601.40""}]"
09:15:19.798,1791517519798128242,2235262352062509,Full Data,8,1111309,713.35,20,09:15:19,,,712.26,27500,13900,24700,98080,"[{""bid_quantity"":20,""ask_quantity"":40,""bid_orders"":1,""ask_orders"":1,""bid_price"":""712.20"",""ask_price"":""715.05""},{""bid_quantity"":20,""ask_quantity"":20,""bid_orders"":1,""ask_orders"":1,""bid_price"":""712.15"",""ask_price"":""715.10""},{""bid_quantity"":40,""ask_quantity"":20,""bid_orders"":1,""ask_orders"":1,""bid_price"":""712.10"",""ask_price"":""715.25""},{""bid_quantity"":40,""ask_quantity"":20,""bid_orders"":2,""ask_orders"":1,""bid_price"":""712.05"",""ask_price"":""715.30""},{""bid_quantity"":20,""ask_quantity"":40,""bid_orders"":1,""ask_orders"":2,""bid_price"":""711.95"",""ask_price"":""715.40""}]"
09:15:19.836,1791517519836568370,2235262390502597,Full Data,8,1104245,446.70,40,09:15:19,,,445.77,21840,15940,21020,52960,"[{""bid_quantity"":100,""ask_quantity"":60,""bid_orders"":4,""ask_orders"":2,""bid_price"":""445.10"",""ask_price"":""446.25""},{""bid_quantity"":60,""ask_quantity"":60,""bid_orders"":2,""ask_orders"":2,""bid_price"":""444.95"",""ask_price"":""446.30""},{""bid_quantity"":20,""ask_quantity"":80,""bid_orders"":1,""ask_orders"":3,""bid_price"":""444.75"",""ask_price"":""446.40""},{""bid_quantity"":40,""ask_quantity"":200,""bid_orders"":1,""ask_orders"":4,""bid_price"":""444.70"",""ask_price"":""446.55""},{""bid_quantity"":120,""ask_quantity"":40,""bid_orders"":1,""ask_orders"":2,""bid_price"":""444.65"",""ask_price"":""446.60""}]"
09:15:19.858,1791517519859000515,2235262412934382,Full Data,8,1114464,773.00,20,09:15:19,,,770.86,37540,17880,46460,272380,"[{""bid_quantity"":40,""ask_quantity"":20,""bid_orders"":2,""ask_orders"":1,""bid_price"":""772.95"",""ask_price"":""774.95""},{""bid_quantity"":100,""ask_quantity"":20,""bid_orders"":1,""ask_orders"":1,""bid_price"":""772.65"",""ask_price"":""775.00""},{""bid_quantity"":40,""ask_quantity"":20,""bid_orders"":1,""ask_orders"":1,""bid_price"":""772.55"",""ask_price"":""775.20""},{""bid_quantity"":40,""ask_quantity"":20,""bid_orders"":1,""ask_orders"":1,""bid_price"":""772.50"",""ask_price"":""775.40""},{""bid_quantity"":40,""ask_quantity"":20,""bid_orders"":1,""ask_orders"":1,""bid_price"":""772.20"",""ask_price"":""775.45""}]"
09:15:19.869,1791517519869140141,2235262423074448,Full Data,8,1111309,713.35,20,09:15:19,,,712.26,27500,13620,24440,98080,"[{""bid_quantity"":40,""ask_quantity"":80,""bid_orders"":1,""ask_orders"":3,""bid_price"":""712.55"",""ask_price"":""714.70""},{""bid_quantity"":40,""ask_quantity"":40,""bid_orders"":1,""ask_orders"":1,""bid_price"":""712.50"",""ask_price"":""714.85""},{""bid_quantity"":40,""ask_quantity"":40,""bid_orders"":1,""ask_orders"":2,""bid_price"":""712.45"",""ask_price"":""714.90""},{""bid_quantity"":40,""ask_quantity"":60,""bid_orders"":2,""ask_orders"":3,""bid_price"":""712.30"",""ask_price"":""715.05""},{""bid_quantity"":20,""ask_quantity"":20,""bid_orders"":1,""ask_orders"":1,""bid_price"":""712.15"",""ask_price"":""715.10""}]"
09:15:19.903,1791517519903997806,2235262457931833,Full Data,8,1104245,446.05,20,09:15:19,,,445.77,21860,15860,20920,52960,"[{""bid_quantity"":20,""ask_quantity"":40,""bid_orders"":1,""ask_orders"":2,""bid_price"":""445.20"",""ask_price"":""446.55""},{""bid_quantity"":140,""ask_quantity"":20,""bid_orders"":1,""ask_orders"":1,""bid_price"":""445.10"",""ask_price"":""446.60""},{""bid_quantity"":40,""ask_quantity"":20,""bid_orders"":2,""ask_orders"":1,""bid_price"":""445.05"",""ask_price"":""446.75""},{""bid_quantity"":40,""ask_quantity"":40,""bid_orders"":1,""ask_orders"":1,""bid_price"":""445.00"",""ask_price"":""446.90""},{""bid_quantity"":80,""ask_quantity"":40,""bid_orders"":3,""ask_orders"":2,""bid_price"":""444.95"",""ask_price"":""446.95""}]"
09:15:19.921,1791517519921750961,2235262475685068,Full Data,8,1114464,773.40,20,09:15:19,,,770.87,37620,17500,46760,272380,"[{""bid_quantity"":60,""ask_quantity"":40,""bid_orders"":2,""ask_orders"":2,""bid_price"":""773.65"",""ask_price"":""775.80""},{""bid_quantity"":20,""ask_quantity"":120,""bid_orders"":1,""ask_orders"":1,""bid_price"":""773.60"",""ask_price"":""776.05""},{""bid_quantity"":40,""ask_quantity"":40,""bid_orders"":1,""ask_orders"":1,""bid_price"":""773.55"",""ask_price"":""776.25""},{""bid_quantity"":260,""ask_quantity"":20,""bid_orders"":3,""ask_orders"":1,""bid_price"":""773.50"",""ask_price"":""776.40""},{""bid_quantity"":60,""ask_quantity"":20,""bid_orders"":2,""ask_orders"":1,""bid_price"":""773.35"",""ask_price"":""776.50""}]"
09:15:20.169,1791517520169256519,2235262723190666,Full Data,8,1102591,615.75,20,09:15:20,,,629.82,35480,13400,24540,209460,"[{""bid_quantity"":20,""ask_quantity"":20,""bid_orders"":1,""ask_orders"":1,""bid_price"":""614.30"",""ask_price"":""615.90""},{""bid_quantity"":40,""ask_quantity"":40,""bid_orders"":1,""ask_orders"":2,""bid_price"":""614.05"",""ask_price"":""616.10""},{""bid_quantity"":40,""ask_quantity"":40,""bid_orders"":1,""ask_orders"":2,""bid_price"":""613.80"",""ask_price"":""616.45""},{""bid_quantity"":100,""ask_quantity"":220,""bid_orders"":2,""ask_orders"":2,""bid_price"":""613.75"",""ask_price"":""616.50""},{""bid_quantity"":40,""ask_quantity"":100,""bid_orders"":2,""ask_orders"":1,""bid_price"":""612.55"",""ask_price"":""616.80""}]"
09:15:20.182,1791517520182741406,2235262736675433,Full Data,8,1107704,665.70,20,09:15:20,,,684.92,6720,11180,11380,17620,"[{""bid_quantity"":40,""ask_quantity"":40,""bid_orders"":1,""ask_orders"":2,""bid_price"":""665.20"",""ask_price"":""667.60""},{""bid_quantity"":20,""ask_quantity"":40,""bid_orders"":1,""ask_orders"":1,""bid_price"":""665.15"",""ask_price"":""667.70""},{""bid_quantity"":40,""ask_quantity"":40,""bid_orders"":1,""ask_orders"":1,""bid_price"":""665.00"",""ask_price"":""667.75""},{""bid_quantity"":20,""ask_quantity"":20,""bid_orders"":1,""ask_orders"":1,""bid_price"":""664.95"",""ask_price"":""667.80""},{""bid_quantity"":60,""ask_quantity"":40,""bid_orders"":2,""ask_orders"":1,""bid_price"":""664.80"",""ask_price"":""668.05""}]"
09:15:20.211,1791517520211458192,2235262765392219,Full Data,8,1102591,613.70,40,09:15:20,,,629.76,35620,14440,24000,209460,"[{""bid_quantity"":20,""ask_quantity"":160,""bid_orders"":1,""ask_orders"":1,""bid_price"":""610.50"",""ask_price"":""615.65""},{""bid_quantity"":60,""ask_quantity"":40,""bid_orders"":2,""ask_orders"":2,""bid_price"":""610.35"",""ask_price"":""615.70""},{""bid_quantity"":20,""ask_quantity"":240,""bid_orders"":1,""ask_orders"":4,""bid_price"":""610.20"",""ask_price"":""615.75""},{""bid_quantity"":20,""ask_quantity"":80,""bid_orders"":1,""ask_orders"":4,""bid_price"":""610.15"",""ask_price"":""615.80""},{""bid_quantity"":120,""ask_quantity"":100,""bid_orders"":2,""ask_orders"":5,""bid_price"":""610.00"",""ask_price"":""615.85""}]"
09:15:20.235,1791517520235633868,2235262789567975,Full Data,8,1107704,664.60,40,09:15:20,,,684.18,6980,11300,10500,17620,"[{""bid_quantity"":20,""ask_quantity"":40,""bid_orders"":1,""ask_orders"":1,""bid_price"":""660.85"",""ask_price"":""665.00""},{""bid_quantity"":40,""ask_quantity"":20,""bid_orders"":2,""ask_orders"":1,""bid_price"":""660.80"",""ask_price"":""665.05""},{""bid_quantity"":40,""ask_quantity"":40,""bid_orders"":2,""ask_orders"":1,""bid_price"":""660.75"",""ask_price"":""665.20""},{""bid_quantity"":40,""ask_quantity"":20,""bid_orders"":2,""ask_orders"":1,""bid_price"":""660.65"",""ask_price"":""665.25""},{""bid_quantity"":20,""ask_quantity"":40,""bid_orders"":1,""ask_orders"":1,""bid_price"":""660.55"",""ask_price"":""665.30""}]"
09:15:20.238,1791517520238329605,2235262792263592,Full Data,8,1107336,395.00,20,09:15:20,,,410.17,57660,17520,54340,304080,"[{""bid_quantity"":20,""ask_quantity"":20,""bid_orders"":1,""ask_orders"":1,""bid_price"":""395.00"",""ask_price"":""395.80""},{""bid_quantity"":20,""ask_quantity"":20,""bid_orders"":1,""ask_orders"":1,""bid_price"":""394.45"",""ask_price"":""395.85""},{""bid_quantity"":40,""ask_quantity"":20,""bid_orders"":1,""ask_orders"":1,""bid_price"":""394.40"",""ask_price"":""395.90""},{""bid_quantity"":40,""ask_quantity"":40,""bid_orders"":2,""ask_orders"":2,""bid_price"":""394.10"",""ask_price"":""396.00""},{""bid_quantity"":40,""ask_quantity"":140,""bid_orders"":1,""ask_orders"":1,""bid_price"":""393.95"",""ask_price"":""396.05""}]"
09:15:20.306,1791517520306570526,2235262860504673,Full Data,8,1115207,656.60,240,09:15:20,,,655.41,39300,12840,24880,97240,"[{""bid_quantity"":60,""ask_quantity"":20,""bid_orders"":2,""ask_orders"":1,""bid_price"":""656.95"",""ask_price"":""658.60""},{""bid_quantity"":60,""ask_quantity"":20,""bid_orders"":3,""ask_orders"":1,""bid_price"":""656.90"",""ask_price"":""658.70""},{""bid_quantity"":60,""ask_quantity"":40,""bid_orders"":2,""ask_orders"":2,""bid_price"":""656.80"",""ask_price"":""658.75""},{""bid_quantity"":40,""ask_quantity"":40,""bid_orders"":2,""ask_orders"":2,""bid_price"":""656.75"",""ask_price"":""659.00""},{""bid_quantity"":20,""ask_quantity"":60,""bid_orders"":1,""ask_orders"":2,""bid_price"":""656.70"",""ask_price"":""659.20""}]"
09:15:20.368,1791517520368831728,2235262922765875,Full Data,8,1105793,548.75,20,09:15:20,,,544.83,36600,16280,18880,50360,"[{""bid_quantity"":20,""ask_quantity"":20,""bid_orders"":1,""ask_orders"":1,""bid_price"":""546.50"",""ask_price"":""548.50""},{""bid_quantity"":20,""ask_quantity"":40,""bid_orders"":1,""ask_orders"":1,""bid_price"":""546.45"",""ask_price"":""548.55""},{""bid_quantity"":40,""ask_quantity"":20,""bid_orders"":2,""ask_orders"":1,""bid_price"":""546.40"",""ask_price"":""548.60""},{""bid_quantity"":20,""ask_quantity"":20,""bid_orders"":1,""ask_orders"":1,""bid_price"":""546.35"",""ask_price"":""548.65""},{""bid_quantity"":200,""ask_quantity"":140,""bid_orders"":4,""ask_orders"":1,""bid_price"":""546.25"",""ask_price"":""548.80""}]"
09:15:20.402,1791517520402743027,2235262956677254,Full Data,8,1115207,659.15,20,09:15:20,,,655.41,39340,11700,24800,97240,"[{""bid_quantity"":60,""ask_quantity"":40,""bid_orders"":2,""ask_orders"":2,""bid_price"":""659.10"",""ask_price"":""659.95""},{""bid_quantity"":20,""ask_quantity"":1000,""bid_orders"":1,""ask_orders"":1,""bid_price"":""659.05"",""ask_price"":""660.00""},{""bid_quantity"":20,""ask_quantity"":100,""bid_orders"":1,""ask_orders"":1,""bid_price"":""658.85"",""ask_price"":""660.15""},{""bid_quantity"":40,""ask_quantity"":360,""bid_orders"":1,""ask_orders"":2,""bid_price"":""658.70"",""ask_price"":""662.40""},{""bid_quantity"":20,""ask_quantity"":100,""bid_orders"":1,""ask_orders"":1,""bid_price"":""658.65"",""ask_price"":""662.80""}]"
09:15:20.436,1791517520436292404,2235262990226351,Full Data,8,1105793,550.90,60,09:15:20,,,544.88,36980,13040,19780,50360,"[{""bid_quantity"":20,""ask_quantity"":20,""bid_orders"":1,""ask_orders"":1,""bid_price"":""548.75"",""ask_price"":""550.45""},{""bid_quantity"":20,""ask_quantity"":40,""bid_orders"":1,""ask_orders"":2,""bid_price"":""548.65"",""ask_price"":""550.55""},{""bid_quantity"":240,""ask_quantity"":40,""bid_orders"":3,""ask_orders"":2,""bid_price"":""548.60"",""ask_price"":""550.75""},{""bid_quantity"":20,""ask_quantity"":200,""bid_orders"":1,""ask_orders"":2,""bid_price"":""548.45"",""ask_price"":""550.90""},{""bid_quantity"":20,""ask_quantity"":20,""bid_orders"":1,""ask_orders"":1,""bid_price"":""548.40"",""ask_price"":""550.95""}]"
09:15:20.482,1791517520482111100,2235263036045127,Full Data,8,1116183,495.40,20,09:15:20,,,491.86,80640,27460,52360,319760,"[{""bid_quantity"":40,""ask_quantity"":20,""bid_orders"":1,""ask_orders"":1,""bid_price"":""497.85"",""ask_price"":""499.40""},{""bid_quantity"":140,""ask_quantity"":60,""bid_orders"":3,""ask_orders"":2,""bid_price"":""497.80"",""ask_price"":""499.55""},{""bid_quantity"":40,""ask_quantity"":20,""bid_orders"":1,""ask_orders"":1,""bid_price"":""497.75"",""ask_price"":""499.60""},{""bid_quantity"":20,""ask_quantity"":180,""bid_orders"":1,""ask_orders"":1,""bid_price"":""497.70"",""ask_price"":""499.80""},{""bid_quantity"":60,""ask_quantity"":460,""bid_orders"":2,""ask_orders"":9,""bid_price"":""497.60"",""ask_price"":""500.00""}]"
09:15:20.503,1791517520503173276,2235263057107223,Full Data,8,1111639,557.30,20,09:15:20,,,576.83,23120,11480,13720,60460,"[{""bid_quantity"":20,""ask_quantity"":40,""bid_orders"":1,""ask_orders"":1,""bid_price"":""555.85"",""ask_price"":""557.45""},{""bid_quantity"":20,""ask_quantity"":60,""bid_orders"":1,""ask_orders"":2,""bid_price"":""555.70"",""ask_price"":""557.55""},{""bid_quantity"":40,""ask_quantity"":40,""bid_orders"":1,""ask_orders"":2,""bid_price"":""555.50"",""ask_price"":""557.60""},{""bid_quantity"":20,""ask_quantity"":40,""bid_orders"":1,""ask_orders"":1,""bid_price"":""555.40"",""ask_price"":""557.65""},{""bid_quantity"":20,""ask_quantity"":20,""bid_orders"":1,""ask_orders"":1,""bid_price"":""555.30"",""ask_price"":""557.75""}]"
09:15:20.573,1791517520573751292,2235263127685559,Full Data,8,1114813,513.30,40,09:15:20,,,532.56,41040,13860,15480,57500,"[{""bid_quantity"":100,""ask_quantity"":140,""bid_orders"":3,""ask_orders"":1,""bid_price"":""511.35"",""ask_price"":""513.45""},{""bid_quantity"":40,""ask_quantity"":80,""bid_orders"":2,""ask_orders"":3,""bid_price"":""511.30"",""ask_price"":""513.50""},{""bid_quantity"":40,""ask_quantity"":80,""bid_orders"":1,""ask_orders"":2,""bid_price"":""510.95"",""ask_price"":""513.60""},{""bid_quantity"":360,""ask_quantity"":140,""bid_orders"":2,""ask_orders"":1,""bid_price"":""510.90"",""ask_price"":""513.65""},{""bid_quantity"":120,""ask_quantity"":20,""bid_orders"":1,""ask_orders"":1,""bid_price"":""510.45"",""ask_price"":""513.70""}]"
09:15:20.580,1791517520580673337,2235263134607284,Ticker Data,0,51,71776.25,,09:15:20,,,,,,,,
09:15:20.596,1791517520596132956,2235263150067023,Full Data,8,1114046,430.00,100,09:15:20,,,444.36,31320,11660,36300,119180,"[{""bid_quantity"":40,""ask_quantity"":140,""bid_orders"":2,""ask_orders"":1,""bid_price"":""426.35"",""ask_price"":""428.80""},{""bid_quantity"":140,""ask_quantity"":40,""bid_orders"":1,""ask_orders"":1,""bid_price"":""426.30"",""ask_price"":""428.85""},{""bid_quantity"":100,""ask_quantity"":40,""bid_orders"":4,""ask_orders"":1,""bid_price"":""426.25"",""ask_price"":""428.95""},{""bid_quantity"":140,""ask_quantity"":160,""bid_orders"":3,""ask_orders"":1,""bid_price"":""426.15"",""ask_price"":""429.00""},{""bid_quantity"":20,""ask_quantity"":20,""bid_orders"":1,""ask_orders"":1,""bid_price"":""426.10"",""ask_price"":""430.15""}]"
09:15:20.603,1791517520603857326,2235263157791593,Full Data,8,1116183,499.40,20,09:15:20,,,491.95,82000,28280,53640,319760,"[{""bid_quantity"":20,""ask_quantity"":40,""bid_orders"":1,""ask_orders"":1,""bid_price"":""497.20"",""ask_price"":""499.30""},{""bid_quantity"":100,""ask_quantity"":280,""bid_orders"":4,""ask_orders"":2,""bid_price"":""497.15"",""ask_price"":""499.35""},{""bid_quantity"":60,""ask_quantity"":80,""bid_orders"":2,""ask_orders"":3,""bid_price"":""497.05"",""ask_price"":""499.45""},{""bid_quantity"":40,""ask_quantity"":40,""bid_orders"":1,""ask_orders"":1,""bid_price"":""497.00"",""ask_price"":""499.55""},{""bid_quantity"":40,""ask_quantity"":20,""bid_orders"":2,""ask_orders"":1,""bid_price"":""496.95"",""ask_price"":""499.60""}]"
09:15:20.624,1791517520624992463,2235263178926330,Full Data,8,1111639,557.30,20,09:15:20,,,576.83,23120,10960,13920,60460,"[{""bid_quantity"":20,""ask_quantity"":40,""bid_orders"":1,""ask_orders"":2,""bid_price"":""556.35"",""ask_price"":""557.75""},{""bid_quantity"":40,""ask_quantity"":80,""bid_orders"":2,""ask_orders"":3,""bid_price"":""555.85"",""ask_price"":""557.90""},{""bid_quantity"":60,""ask_quantity"":40,""bid_orders"":2,""ask_orders"":2,""bid_price"":""555.75"",""ask_price"":""558.05""},{""bid_quantity"":20,""ask_quantity"":20,""bid_orders"":1,""ask_orders"":1,""bid_price"":""554.70"",""ask_price"":""558.15""},{""bid_quantity"":20,""ask_quantity"":40,""bid_orders"":1,""ask_orders"":2,""bid_price"":""554.60"",""ask_price"":""558.20""}]"
09:15:20.649,1791517520649982384,2235263203916371,Full Data,8,1114813,513.85,20,09:15:20,,,532.54,41080,12720,15260,57500,"[{""bid_quantity"":20,""ask_quantity"":20,""bid_orders"":1,""ask_orders"":1,""bid_price"":""513.65"",""ask_price"":""515.60""},{""bid_quantity"":20,""ask_quantity"":20,""bid_orders"":1,""ask_orders"":1,""bid_price"":""513.45"",""ask_price"":""515.75""},{""bid_quantity"":20,""ask_quantity"":100,""bid_orders"":1,""ask_orders"":1,""bid_price"":""513.25"",""ask_price"":""515.90""},{""bid_quantity"":20,""ask_quantity"":20,""bid_orders"":1,""ask_orders"":1,""bid_price"":""513.10"",""ask_price"":""515.95""},{""bid_quantity"":40,""ask_quantity"":60,""bid_orders"":1,""ask_orders"":1,""bid_price"":""512.95"",""ask_price"":""516.00""}]"
09:15:20.683,1791517520683219359,2235263237153266,Full Data,8,1110871,472.35,20,09:15:20,,,488.92,37160,12860,14100,81380,"[{""bid_quantity"":20,""ask_quantity"":120,""bid_orders"":1,""ask_orders"":1,""bid_price"":""470.00"",""ask_price"":""472.30""},{""bid_quantity"":20,""ask_quantity"":320,""bid_orders"":1,""ask_orders"":1,""bid_price"":""469.85"",""ask_price"":""472.40""},{""bid_quantity"":60,""ask_quantity"":20,""bid_orders"":3,""ask_orders"":1,""bid_price"":""469.80"",""ask_price"":""472.45""},{""bid_quantity"":40,""ask_quantity"":20,""bid_orders"":2,""ask_orders"":1,""bid_price"":""469.65"",""ask_price"":""472.50""},{""bid_quantity"":40,""ask_quantity"":100,""bid_orders"":2,""ask_orders"":1,""bid_price"":""469.60"",""ask_price"":""472.55""}]"
09:15:20.693,1791517520693454625,2235263247388572,Full Data,8,1112083,604.75,20,09:15:20,,,600.52,50860,11600,29180,97520,"[{""bid_quantity"":20,""ask_quantity"":20,""bid_orders"":1,""ask_orders"":1,""bid_price"":""604.50"",""ask_price"":""607.05""},{""bid_quantity"":40,""ask_quantity"":40,""bid_orders"":1,""ask_orders"":2,""bid_price"":""604.30"",""ask_price"":""607.20""},{""bid_quantity"":20,""ask_quantity"":40,""bid_orders"":1,""ask_orders"":2,""bid_price"":""604.25"",""ask_price"":""607.35""},{""bid_quantity"":20,""ask_quantity"":180,""bid_orders"":1,""ask_orders"":2,""bid_price"":""604.05"",""ask_price"":""607.50""},{""bid_quantity"":60,""ask_quantity"":80,""bid_orders"":1,""ask_orders"":1,""bid_price"":""603.90"",""ask_price"":""607.75""}]"
09:15:20.758,1791517520758098043,2235263312032150,Full Data,8,1112083,606.40,20,09:15:20,,,600.68,51960,12800,31920,97520,"[{""bid_quantity"":80,""ask_quantity"":180,""bid_orders"":2,""ask_orders"":3,""bid_price"":""607.00"",""ask_price"":""608.90""},{""bid_quantity"":20,""ask_quantity"":40,""bid_orders"":1,""ask_orders"":2,""bid_price"":""606.95"",""ask_price"":""609.10""},{""bid_quantity"":20,""ask_quantity"":100,""bid_orders"":1,""ask_orders"":2,""bid_price"":""606.75"",""ask_price"":""609.15""},{""bid_quantity"":20,""ask_quantity"":80,""bid_orders"":1,""ask_orders"":3,""bid_price"":""606.60"",""ask_price"":""609.35""},{""bid_quantity"":20,""ask_quantity"":100,""bid_orders"":1,""ask_orders"":1,""bid_price"":""606.45"",""ask_price"":""609.70""}]"
09:15:20.872,1791517520872168939,2235263426103206,Full Data,8,1111309,725.00,40,09:15:20,,,712.69,29180,10860,22340,98080,"[{""bid_quantity"":40,""ask_quantity"":60,""bid_orders"":1,""ask_orders"":1,""bid_price"":""723.30"",""ask_price"":""725.00""},{""bid_quantity"":40,""ask_quantity"":60,""bid_orders"":1,""ask_orders"":2,""bid_price"":""723.20"",""ask_price"":""725.15""},{""bid_quantity"":40,""ask_quantity"":120,""bid_orders"":1,""ask_orders"":2,""bid_price"":""723.15"",""ask_price"":""725.90""},{""bid_quantity"":20,""ask_quantity"":100,""bid_orders"":1,""ask_orders"":1,""bid_price"":""723.10"",""ask_price"":""726.00""},{""bid_quantity"":60,""ask_quantity"":60,""bid_orders"":1,""ask_orders"":2,""bid_price"":""723.00"",""ask_price"":""726.05""}]"
09:15:20.924,1791517520924040554,2235263477974581,Full Data,8,1104245,453.10,20,09:15:20,,,445.86,22720,12220,18340,52960,"[{""bid_quantity"":20,""ask_quantity"":40,""bid_orders"":1,""ask_orders"":1,""bid_price"":""452.80"",""ask_price"":""454.30""},{""bid_quantity"":20,""ask_quantity"":400,""bid_orders"":1,""ask_orders"":2,""bid_price"":""452.65"",""ask_price"":""454.35""},{""bid_quantity"":20,""ask_quantity"":40,""bid_orders"":1,""ask_orders"":1,""bid_price"":""452.60"",""ask_price"":""454.40""},{""bid_quantity"":60,""ask_quantity"":120,""bid_orders"":2,""ask_orders"":1,""bid_price"":""452.40"",""ask_price"":""454.45""},{""bid_quantity"":20,""ask_quantity"":20,""bid_orders"":1,""ask_orders"":1,""bid_price"":""452.20"",""ask_price"":""454.65""}]"
09:15:20.926,1791517520926384650,2235263480318557,Full Data,8,1111309,720.15,80,09:15:20,,,712.86,29780,10960,24020,98080,"[{""bid_quantity"":20,""ask_quantity"":60,""bid_orders"":1,""ask_orders"":1,""bid_price"":""722.95"",""ask_price"":""725.00""},{""bid_quantity"":40,""ask_quantity"":20,""bid_orders"":1,""ask_orders"":1,""bid_price"":""722.80"",""ask_price"":""725.45""},{""bid_quantity"":20,""ask_quantity"":40,""bid_orders"":1,""ask_orders"":1,""bid_price"":""722.75"",""ask_price"":""725.85""},{""bid_quantity"":40,""ask_quantity"":100,""bid_orders"":1,""ask_orders"":1,""bid_price"":""722.60"",""ask_price"":""725.90""},{""bid_quantity"":20,""ask_quantity"":60,""bid_orders"":1,""ask_orders"":2,""bid_price"":""722.55"",""ask_price"":""726.05""}]"
09:15:20.934,1791517520934592503,2235263488526410,Full Data,8,1114464,781.40,80,09:15:20,,,771.24,39140,14280,46420,272380,"[{""bid_quantity"":20,""ask_quantity"":840,""bid_orders"":1,""ask_orders"":2,""bid_price"":""783.05"",""ask_price"":""784.95""},{""bid_quantity"":140,""ask_quantity"":40,""bid_orders"":1,""ask_orders"":1,""bid_price"":""783.00"",""ask_price"":""786.05""},{""bid_quantity"":600,""ask_quantity"":40,""bid_orders"":1,""ask_orders"":1,""bid_price"":""781.55"",""ask_price"":""786.10""},{""bid_quantity"":700,""ask_quantity"":120,""bid_orders"":4,""ask_orders"":1,""bid_price"":""781.40"",""ask_price"":""786.15""},{""bid_quantity"":40,""ask_quantity"":140,""bid_orders"":1,""ask_orders"":1,""bid_price"":""781.30"",""ask_price"":""787.05""}]"
09:15:20.984,1791517520984099942,2235263538034489,Full Data,8,1104245,454.50,80,09:15:20,,,446.04,23220,14260,18020,52960,"[{""bid_quantity"":40,""ask_quantity"":20,""bid_orders"":1,""ask_orders"":1,""bid_price"":""452.80"",""ask_price"":""454.40""},{""bid_quantity"":20,""ask_quantity"":120,""bid_orders"":1,""ask_orders"":2,""bid_price"":""452.75"",""ask_price"":""454.50""},{""bid_quantity"":20,""ask_quantity"":40,""bid_orders"":1,""ask_orders"":2,""bid_price"":""452.70"",""ask_price"":""454.65""},{""bid_quantity"":20,""ask_quantity"":140,""bid_orders"":1,""ask_orders"":2,""bid_price"":""452.65"",""ask_price"":""454.80""},{""bid_quantity"":60,""ask_quantity"":40,""bid_orders"":2,""ask_orders"":1,""bid_price"":""452.60"",""ask_price"":""454.85""}]"
09:15:21.001,1791517521001872497,2235263555806684,Full Data,8,1114464,784.95,820,09:15:20,,,771.52,39980,14480,45780,272380,"[{""bid_quantity"":180,""ask_quantity"":20,""bid_orders"":2,""ask_orders"":1,""bid_price"":""784.70"",""ask_price"":""789.25""},{""bid_quantity"":220,""ask_quantity"":40,""bid_orders"":2,""ask_orders"":1,""bid_price"":""784.65"",""ask_price"":""789.30""},{""bid_quantity"":80,""ask_quantity"":200,""bid_orders"":2,""ask_orders"":4,""bid_price"":""784.40"",""ask_price"":""789.35""},{""bid_quantity"":260,""ask_quantity"":620,""bid_orders"":3,""ask_orders"":2,""bid_price"":""784.35"",""ask_price"":""789.45""},{""bid_quantity"":20,""ask_quantity"":60,""bid_orders"":1,""ask_orders"":1,""bid_price"":""783.30"",""ask_price"":""789.50""}]"
09:15:21.219,1791517521219285101,2235263773219248,Full Data,8,1107704,657.30,20,09:15:21,,,683.24,7260,12580,13120,17620,"[{""bid_quantity"":20,""ask_quantity"":40,""bid_orders"":1,""ask_orders"":1,""bid_price"":""655.30"",""ask_price"":""656.10""},{""bid_quantity"":40,""ask_quantity"":20,""bid_orders"":1,""ask_orders"":1,""bid_price"":""655.05"",""ask_price"":""656.15""},{""bid_quantity"":140,""ask_quantity"":40,""bid_orders"":1,""ask_orders"":1,""bid_price"":""653.40"",""ask_price"":""656.30""},{""bid_quantity"":40,""ask_quantity"":20,""bid_orders"":1,""ask_orders"":1,""bid_price"":""652.45"",""ask_price"":""656.35""},{""bid_quantity"":100,""ask_quantity"":20,""bid_orders"":1,""ask_orders"":1,""bid_price"":""652.40"",""ask_price"":""656.55""}]"
09:15:21.267,1791517521267151251,2235263821085638,Full Data,8,1102591,607.40,20,09:15:21,,,629.34,36340,15640,26680,209460,"[{""bid_quantity"":40,""ask_quantity"":80,""bid_orders"":1,""ask_orders"":4,""bid_price"":""603.95"",""ask_price"":""607.20""},{""bid_quantity"":120,""ask_quantity"":140,""bid_orders"":4,""ask_orders"":1,""bid_price"":""603.85"",""ask_price"":""607.25""},{""bid_quantity"":100,""ask_quantity"":60,""bid_orders"":2,""ask_orders"":3,""bid_price"":""603.75"",""ask_price"":""607.30""},{""bid_quantity"":20,""ask_quantity"":20,""bid_orders"":1,""ask_orders"":1,""bid_price"":""603.60"",""ask_price"":""607.35""},{""bid_quantity"":20,""ask_quantity"":240,""bid_orders"":1,""ask_orders"":7,""bid_price"":""603.40"",""ask_price"":""607.40""}]"
09:15:21.269,1791517521269326745,2235263823260692,Full Data,8,1107704,657.30,20,09:15:21,,,683.24,7260,12400,13140,17620,"[{""bid_quantity"":20,""ask_quantity"":40,""bid_orders"":1,""ask_orders"":1,""bid_price"":""655.30"",""ask_price"":""656.90""},{""bid_quantity"":40,""ask_quantity"":20,""bid_orders"":1,""ask_orders"":1,""bid_price"":""655.05"",""ask_price"":""656.95""},{""bid_quantity"":20,""ask_quantity"":40,""bid_orders"":1,""ask_orders"":1,""bid_price"":""653.75"",""ask_price"":""657.10""},{""bid_quantity"":140,""ask_quantity"":20,""bid_orders"":1,""ask_orders"":1,""bid_price"":""653.70"",""ask_price"":""657.15""},{""bid_quantity"":120,""ask_quantity"":20,""bid_orders"":1,""ask_orders"":1,""bid_price"":""653.00"",""ask_price"":""657.30""}]"
09:15:21.273,1791517521273559972,2235263827493919,Full Data,8,1107336,390.00,240,09:15:21,,,409.79,58860,18160,56280,304080,"[{""bid_quantity"":20,""ask_quantity"":40,""bid_orders"":1,""ask_orders"":2,""bid_price"":""390.05"",""ask_price"":""391.55""},{""bid_quantity"":300,""ask_quantity"":40,""bid_orders"":3,""ask_orders"":2,""bid_price"":""390.00"",""ask_price"":""391.60""},{""bid_quantity"":160,""ask_quantity"":80,""bid_orders"":2,""ask_orders"":2,""bid_price"":""389.90"",""ask_price"":""391.75""},{""bid_quantity"":40,""ask_quantity"":140,""bid_orders"":1,""ask_orders"":1,""bid_price"":""389.85"",""ask_price"":""392.00""},{""bid_quantity"":20,""ask_quantity"":40,""bid_orders"":1,""ask_orders"":2,""bid_price"":""389.75"",""ask_price"":""392.40""}]"
09:15:21.442,1791517521442201581,2235263996135768,Full Data,8,1115207,670.80,40,09:15:21,,,655.90,41580,12060,25060,97240,"[{""bid_quantity"":40,""ask_quantity"":40,""bid_orders"":2,""ask_orders"":2,""bid_price"":""670.55"",""ask_price"":""672.60""},{""bid_quantity"":40,""ask_quantity"":60,""bid_orders"":1,""ask_orders"":2,""bid_price"":""670.50"",""ask_price"":""672.70""},{""bid_quantity"":20,""ask_quantity"":20,""bid_orders"":1,""ask_orders"":1,""bid_price"":""670.45"",""ask_price"":""672.80""},{""bid_quantity"":20,""ask_quantity"":20,""bid_orders"":1,""ask_orders"":1,""bid_price"":""670.40"",""ask_price"":""672.95""},{""bid_quantity"":40,""ask_quantity"":40,""bid_orders"":2,""ask_orders"":2,""bid_price"":""670.25"",""ask_price"":""673.10""}]"
09:15:21.522,1791517521522377299,2235264076311606,Full Data,8,1105793,558.20,20,09:15:21,,,546.03,41440,14560,20580,50360,"[{""bid_quantity"":20,""ask_quantity"":60,""bid_orders"":1,""ask_orders"":3,""bid_price"":""558.15"",""ask_price"":""558.45""},{""bid_quantity"":120,""ask_quantity"":60,""bid_orders"":1,""ask_orders"":2,""bid_price"":""557.75"",""ask_price"":""558.50""},{""bid_quantity"":20,""ask_quantity"":100,""bid_orders"":1,""ask_orders"":1,""bid_price"":""557.60"",""ask_price"":""558.60""},{""bid_quantity"":40,""ask_quantity"":40,""bid_orders"":1,""ask_orders"":2,""bid_price"":""557.25"",""ask_price"":""558.65""},{""bid_quantity"":40,""ask_quantity"":20,""bid_orders"":1,""ask_orders"":1,""bid_price"":""556.60"",""ask_price"":""558.75""}]"
09:15:21.568,1791517521568718998,2235264122652945,Full Data,8,1116183,508.15,20,09:15:21,,,492.47,85640,30960,54740,319760,"[{""bid_quantity"":60,""ask_quantity"":180,""bid_orders"":2,""ask_orders"":4,""bid_price"":""505.50"",""ask_price"":""507.40""},{""bid_quantity"":20,""ask_quantity"":260,""bid_orders"":1,""ask_orders"":2,""bid_price"":""505.45"",""ask_price"":""507.50""},{""bid_quantity"":40,""ask_quantity"":20,""bid_orders"":1,""ask_orders"":1,""bid_price"":""505.40"",""ask_price"":""507.55""},{""bid_quantity"":40,""ask_quantity"":40,""bid_orders"":1,""ask_orders"":2,""bid_price"":""505.35"",""ask_price"":""507.60""},{""bid_quantity"":20,""ask_quantity"":20,""bid_orders"":1,""ask_orders"":1,""bid_price"":""505.30"",""ask_price"":""507.65""}]"
09:15:21.600,1791517521600423603,2235264154357830,Ticker Data,0,51,71780.88,,09:15:21,,,,,,,,
09:15:21.601,1791517521601695851,2235264155629758,Full Data,8,1114046,428.10,20,09:15:21,,,443.66,32760,14980,37400,119180,"[{""bid_quantity"":80,""ask_quantity"":40,""bid_orders"":3,""ask_orders"":1,""bid_price"":""426.35"",""ask_price"":""428.00""},{""bid_quantity"":160,""ask_quantity"":40,""bid_orders"":2,""ask_orders"":2,""bid_price"":""426.30"",""ask_price"":""428.05""},{""bid_quantity"":80,""ask_quantity"":40,""bid_orders"":3,""ask_orders"":2,""bid_price"":""426.20"",""ask_price"":""428.10""},{""bid_quantity"":20,""ask_quantity"":20,""bid_orders"":1,""ask_orders"":1,""bid_price"":""426.05"",""ask_price"":""428.25""},{""bid_quantity"":20,""ask_quantity"":60,""bid_orders"":1,""ask_orders"":3,""bid_price"":""425.95"",""ask_price"":""428.30""}]"
09:15:21.610,1791517521610786910,2235264164720737,Full Data,8,1111639,553.90,20,09:15:21,,,574.87,25760,16780,19220,60460,"[{""bid_quantity"":200,""ask_quantity"":40,""bid_orders"":3,""ask_orders"":2,""bid_price"":""554.10"",""ask_price"":""556.25""},{""bid_quantity"":60,""ask_quantity"":620,""bid_orders"":2,""ask_orders"":3,""bid_price"":""553.95"",""ask_price"":""556.55""},{""bid_quantity"":40,""ask_quantity"":60,""bid_orders"":2,""ask_orders"":2,""bid_price"":""553.90"",""ask_price"":""556.60""},{""bid_quantity"":40,""ask_quantity"":40,""bid_orders"":2,""ask_orders"":2,""bid_price"":""553.85"",""ask_price"":""556.65""},{""bid_quantity"":20,""ask_quantity"":40,""bid_orders"":1,""ask_orders"":2,""bid_price"":""553.75"",""ask_price"":""556.70""}]"
09:15:21.649,1791517521649649321,2235264203583588,Full Data,8,1116183,505.50,20,09:15:21,,,492.48,85740,30760,54700,319760,"[{""bid_quantity"":20,""ask_quantity"":40,""bid_orders"":1,""ask_orders"":1,""bid_price"":""504.65"",""ask_price"":""505.50""},{""bid_quantity"":200,""ask_quantity"":20,""bid_orders"":3,""ask_orders"":1,""bid_price"":""504.60"",""ask_price"":""506.75""},{""bid_quantity"":40,""ask_quantity"":20,""bid_orders"":1,""ask_orders"":1,""bid_price"":""504.55"",""ask_price"":""506.80""},{""bid_quantity"":40,""ask_quantity"":60,""bid_orders"":1,""ask_orders"":2,""bid_price"":""504.50"",""ask_price"":""507.10""},{""bid_quantity"":40,""ask_quantity"":280,""bid_orders"":1,""ask_orders"":1,""bid_price"":""504.10"",""ask_price"":""507.20""}]"
09:15:21.681,1791517521681566167,2235264235500154,Full Data,8,1114813,510.95,20,09:15:21,,,531.92,42360,16120,17520,57500,"[{""bid_quantity"":60,""ask_quantity"":60,""bid_orders"":2,""ask_orders"":3,""bid_price"":""510.00"",""ask_price"":""511.00""},{""bid_quantity"":40,""ask_quantity"":60,""bid_orders"":2,""ask_orders"":2,""bid_price"":""509.95"",""ask_price"":""511.70""},{""bid_quantity"":60,""ask_quantity"":160,""bid_orders"":2,""ask_orders"":2,""bid_price"":""509.90"",""ask_price"":""512.20""},{""bid_quantity"":40,""ask_quantity"":160,""bid_orders"":2,""ask_orders"":2,""bid_price"":""509.85"",""ask_price"":""512.40""},{""bid_quantity"":60,""ask_quantity"":120,""bid_orders"":2,""ask_orders"":1,""bid_price"":""509.80"",""ask_price"":""512.70""}]"
09:15:21.730,1791517521730384963,2235264284319350,Full Data,8,1110871,468.35,40,09:15:21,,,488.08,38820,16440,16500,81380,"[{""bid_quantity"":20,""ask_quantity"":40,""bid_orders"":1,""ask_orders"":2,""bid_price"":""466.95"",""ask_price"":""468.60""},{""bid_quantity"":20,""ask_quantity"":120,""bid_orders"":1,""ask_orders"":2,""bid_price"":""466.90"",""ask_price"":""468.65""},{""bid_quantity"":20,""ask_quantity"":140,""bid_orders"":1,""ask_orders"":3,""bid_price"":""466.85"",""ask_price"":""469.15""},{""bid_quantity"":200,""ask_quantity"":260,""bid_orders"":4,""ask_orders"":3,""bid_price"":""466.80"",""ask_price"":""469.20""},{""bid_quantity"":60,""ask_quantity"":100,""bid_orders"":2,""ask_orders"":1,""bid_price"":""466.65"",""ask_price"":""469.30""}]"
09:15:21.758,1791517521758029501,2235264311963488,Full Data,8,1111639,554.35,20,09:15:21,,,574.83,25800,16680,19200,60460,"[{""bid_quantity"":40,""ask_quantity"":20,""bid_orders"":1,""ask_orders"":1,""bid_price"":""554.30"",""ask_price"":""556.25""},{""bid_quantity"":20,""ask_quantity"":40,""bid_orders"":1,""ask_orders"":2,""bid_price"":""554.20"",""ask_price"":""556.30""},{""bid_quantity"":60,""ask_quantity"":60,""bid_orders"":2,""ask_orders"":2,""bid_price"":""554.00"",""ask_price"":""556.40""},{""bid_quantity"":140,""ask_quantity"":620,""bid_orders"":1,""ask_orders"":3,""bid_price"":""553.90"",""ask_price"":""556.55""},{""bid_quantity"":40,""ask_quantity"":120,""bid_orders"":2,""ask_orders"":1,""bid_price"":""553.85"",""ask_price"":""556.60""}]"
09:15:21.763,1791517521763713498,2235264317647365,Full Data,8,1114813,510.95,20,09:15:21,,,531.92,42360,16340,17280,57500,"[{""bid_quantity"":60,""ask_quantity"":120,""bid_orders"":2,""ask_orders"":6,""bid_price"":""510.00"",""ask_price"":""511.00""},{""bid_quantity"":20,""ask_quantity"":140,""bid_orders"":1,""ask_orders"":1,""bid_price"":""509.70"",""ask_price"":""511.35""},{""bid_quantity"":60,""ask_quantity"":60,""bid_orders"":1,""ask_orders"":2,""bid_price"":""509.30"",""ask_price"":""511.70""},{""bid_quantity"":60,""ask_quantity"":140,""bid_orders"":1,""ask_orders"":1,""bid_price"":""508.95"",""ask_price"":""512.00""},{""bid_quantity"":40,""ask_quantity"":260,""bid_orders"":1,""ask_orders"":4,""bid_price"":""508.60"",""ask_price"":""512.70""}]"
09:15:21.795,1791517521795268782,2235264349202809,Full Data,8,1112083,615.20,60,09:15:21,,,601.90,57480,15980,30480,97520,"[{""bid_quantity"":40,""ask_quantity"":20,""bid_orders"":2,""ask_orders"":1,""bid_price"":""612.55"",""ask_price"":""614.65""},{""bid_quantity"":40,""ask_quantity"":20,""bid_orders"":2,""ask_orders"":1,""bid_price"":""612.45"",""ask_price"":""614.85""},{""bid_quantity"":40,""ask_quantity"":40,""bid_orders"":2,""ask_orders"":1,""bid_price"":""612.35"",""ask_price"":""614.95""},{""bid_quantity"":40,""ask_quantity"":20,""bid_orders"":1,""ask_orders"":1,""bid_price"":""612.30"",""ask_price"":""615.00""},{""bid_quantity"":40,""ask_quantity"":20,""bid_orders"":2,""ask_orders"":1,""bid_price"":""612.20"",""ask_price"":""615.05""}]"
09:15:21.850,1791517521850172576,2235264404106803,Full Data,8,1112083,612.90,20,09:15:21,,,601.90,57500,16900,32500,97520,"[{""bid_quantity"":20,""ask_quantity"":40,""bid_orders"":1,""ask_orders"":2,""bid_price"":""613.05"",""ask_price"":""614.40""},{""bid_quantity"":40,""ask_quantity"":40,""bid_orders"":2,""ask_orders"":2,""bid_price"":""612.90"",""ask_price"":""614.45""},{""bid_quantity"":60,""ask_quantity"":20,""bid_orders"":2,""ask_orders"":1,""bid_price"":""612.85"",""ask_price"":""614.50""},{""bid_quantity"":40,""ask_quantity"":100,""bid_orders"":2,""ask_orders"":2,""bid_price"":""612.70"",""ask_price"":""614.55""},{""bid_quantity"":20,""ask_quantity"":100,""bid_orders"":1,""ask_orders"":3,""bid_price"":""612.55"",""ask_price"":""614.60""}]"
09:15:21.921,1791517521921711918,2235264475645985,Full Data,8,1111309,730.35,40,09:15:21,,,713.47,30900,13500,25220,98080,"[{""bid_quantity"":40,""ask_quantity"":100,""bid_orders"":1,""ask_orders"":4,""bid_price"":""728.90"",""ask_price"":""730.55""},{""bid_quantity"":20,""ask_quantity"":60,""bid_orders"":1,""ask_orders"":2,""bid_price"":""728.85"",""ask_price"":""731.50""},{""bid_quantity"":40,""ask_quantity"":60,""bid_orders"":1,""ask_orders"":2,""bid_price"":""728.75"",""ask_price"":""731.55""},{""bid_quantity"":20,""ask_quantity"":120,""bid_orders"":1,""ask_orders"":2,""bid_price"":""728.70"",""ask_price"":""731.60""},{""bid_quantity"":20,""ask_quantity"":20,""bid_orders"":1,""ask_orders"":1,""bid_price"":""728.50"",""ask_price"":""731.95""}]"
09:15:21.974,1791517521974153137,2235264528087364,Full Data,8,1111309,728.20,20,09:15:21,,,713.48,30920,13280,25160,98080,"[{""bid_quantity"":40,""ask_quantity"":60,""bid_orders"":1,""ask_orders"":3,""bid_price"":""728.60"",""ask_price"":""730.55""},{""bid_quantity"":20,""ask_quantity"":20,""bid_orders"":1,""ask_orders"":1,""bid_price"":""728.55"",""ask_price"":""731.45""},{""bid_quantity"":60,""ask_quantity"":60,""bid_orders"":1,""ask_orders"":2,""bid_price"":""728.00"",""ask_price"":""731.50""},{""bid_quantity"":20,""ask_quantity"":100,""bid_orders"":1,""ask_orders"":1,""bid_price"":""727.90"",""ask_price"":""732.00""},{""bid_quantity"":40,""ask_quantity"":60,""bid_orders"":1,""ask_orders"":1,""bid_price"":""727.80"",""ask_price"":""733.05""}]"
09:15:21.999,1791517521999182259,2235264553116326,Full Data,8,1104245,457.10,20,09:15:21,,,446.58,24340,15240,21480,52960,"[{""bid_quantity"":40,""ask_quantity"":20,""bid_orders"":2,""ask_orders"":1,""bid_price"":""456.80"",""ask_price"":""458.35""},{""bid_quantity"":180,""ask_quantity"":40,""bid_orders"":4,""ask_orders"":1,""bid_price"":""456.70"",""ask_price"":""458.40""},{""bid_quantity"":20,""ask_quantity"":40,""bid_orders"":1,""ask_orders"":1,""bid_price"":""456.65"",""ask_price"":""458.50""},{""bid_quantity"":40,""ask_quantity"":20,""bid_orders"":2,""ask_orders"":1,""bid_price"":""456.50"",""ask_price"":""458.55""},{""bid_quantity"":40,""ask_quantity"":20,""bid_orders"":1,""ask_orders"":1,""bid_price"":""456.45"",""ask_price"":""458.65""}]"
09:15:22.004,1791517522004644174,2235264558578201,Full Data,8,1114464,791.40,20,09:15:21,,,772.13,41240,16460,47520,272380,"[{""bid_quantity"":180,""ask_quantity"":80,""bid_orders"":1,""ask_orders"":4,""bid_price"":""789.30"",""ask_price"":""791.75""},{""bid_quantity"":60,""ask_quantity"":60,""bid_orders"":1,""ask_orders"":2,""bid_price"":""789.25"",""ask_price"":""791.80""},{""bid_quantity"":140,""ask_quantity"":40,""bid_orders"":1,""ask_orders"":1,""bid_price"":""789.20"",""ask_price"":""791.90""},{""bid_quantity"":40,""ask_quantity"":20,""bid_orders"":1,""ask_orders"":1,""bid_price"":""788.95"",""ask_price"":""791.95""},{""bid_quantity"":20,""ask_quantity"":40,""bid_orders"":1,""ask_orders"":2,""bid_price"":""788.65"",""ask_price"":""792.10""}]"
09:15:22.059,1791517522059437728,2235264613371875,Full Data,8,1104245,456.80,20,09:15:21,,,446.59,24360,13340,19540,52960,"[{""bid_quantity"":40,""ask_quantity"":40,""bid_orders"":1,""ask_orders"":2,""bid_price"":""457.20"",""ask_price"":""458.45""},{""bid_quantity"":40,""ask_quantity"":40,""bid_orders"":1,""ask_orders"":2,""bid_price"":""457.15"",""ask_price"":""458.65""},{""bid_quantity"":40,""ask_quantity"":20,""bid_orders"":1,""ask_orders"":1,""bid_price"":""457.10"",""ask_price"":""458.80""},{""bid_quantity"":40,""ask_quantity"":60,""bid_orders"":2,""ask_orders"":2,""bid_price"":""457.05"",""ask_price"":""459.00""},{""bid_quantity"":20,""ask_quantity"":40,""bid_orders"":1,""ask_orders"":1,""bid_price"":""457.00"",""ask_price"":""459.25""}]"
09:15:22.087,1791517522087406949,2235264641340936,Full Data,8,1114464,791.40,20,09:15:21,,,772.13,41240,14660,45540,272380,"[{""bid_quantity"":40,""ask_quantity"":40,""bid_orders"":2,""ask_orders"":1,""bid_price"":""790.00"",""ask_price"":""791.65""},{""bid_quantity"":160,""ask_quantity"":40,""bid_orders"":2,""ask_orders"":2,""bid_price"":""789.75"",""ask_price"":""791.70""},{""bid_quantity"":60,""ask_quantity"":60,""bid_orders"":2,""ask_orders"":3,""bid_price"":""789.65"",""ask_price"":""791.75""},{""bid_quantity"":200,""ask_quantity"":40,""bid_orders"":2,""ask_orders"":2,""bid_price"":""789.30"",""ask_price"":""791.95""},{""bid_quantity"":20,""ask_quantity"":40,""bid_orders"":1,""ask_orders"":1,""bid_price"":""788.55"",""ask_price"":""792.05""}]"
09:15:22.211,1791517522211137028,2235264765071415,Full Data,8,1102591,605.15,20,09:15:22,,,628.21,37980,13340,25060,209460,"[{""bid_quantity"":40,""ask_quantity"":560,""bid_orders"":2,""ask_orders"":2,""bid_price"":""603.30"",""ask_price"":""605.25""},{""bid_quantity"":20,""ask_quantity"":140,""bid_orders"":1,""ask_orders"":1,""bid_price"":""603.25"",""ask_price"":""605.70""},{""bid_quantity"":60,""ask_quantity"":120,""bid_orders"":2,""ask_orders"":1,""bid_price"":""603.20"",""ask_price"":""605.75""},{""bid_quantity"":40,""ask_quantity"":200,""bid_orders"":2,""ask_orders"":2,""bid_price"":""603.15"",""ask_price"":""605.90""},{""bid_quantity"":60,""ask_quantity"":80,""bid_orders"":3,""ask_orders"":1,""bid_price"":""603.10"",""ask_price"":""606.25""}]"
09:15:22.242,1791517522242544831,2235264796479178,Full Data,8,1107704,653.00,20,09:15:21,,,681.79,7640,10480,11700,17620,"[{""bid_quantity"":40,""ask_quantity"":40,""bid_orders"":1,""ask_orders"":1,""bid_price"":""653.90"",""ask_price"":""656.35""},{""bid_quantity"":20,""ask_quantity"":20,""bid_orders"":1,""ask_orders"":1,""bid_price"":""653.85"",""ask_price"":""656.40""},{""bid_quantity"":20,""ask_quantity"":40,""bid_orders"":1,""ask_orders"":1,""bid_price"":""653.75"",""ask_price"":""656.45""},{""bid_quantity"":60,""ask_quantity"":140,""bid_orders"":2,""ask_orders"":1,""bid_price"":""653.70"",""ask_price"":""656.50""},{""bid_quantity"":20,""ask_quantity"":20,""bid_orders"":1,""ask_orders"":1,""bid_price"":""653.65"",""ask_price"":""656.55""}]"
09:15:22.278,1791517522278533743,2235264832467730,Full Data,8,1102591,605.25,20,09:15:22,,,628.20,38000,13020,24880,209460,"[{""bid_quantity"":40,""ask_quantity"":200,""bid_orders"":1,""ask_orders"":2,""bid_price"":""604.25"",""ask_price"":""605.90""},{""bid_quantity"":20,""ask_quantity"":340,""bid_orders"":1,""ask_orders"":1,""bid_price"":""604.20"",""ask_price"":""606.00""},{""bid_quantity"":20,""ask_quantity"":120,""bid_orders"":1,""ask_orders"":1,""bid_price"":""604.15"",""ask_price"":""606.20""},{""bid_quantity"":20,""ask_quantity"":100,""bid_orders"":1,""ask_orders"":2,""bid_price"":""604.10"",""ask_price"":""606.25""},{""bid_quantity"":20,""ask_quantity"":120,""bid_orders"":1,""ask_orders"":2,""bid_price"":""604.05"",""ask_price"":""606.40""}]"
09:15:22.279,1791517522279128227,2235264833062054,Full Data,8,1107704,653.00,20,09:15:21,,,681.79,7640,10360,11560,17620,"[{""bid_quantity"":40,""ask_quantity"":40,""bid_orders"":1,""ask_orders"":1,""bid_price"":""654.15"",""ask_price"":""656.65""},{""bid_quantity"":40,""ask_quantity"":40,""bid_orders"":2,""ask_orders"":2,""bid_price"":""654.10"",""ask_price"":""656.70""},{""bid_quantity"":60,""ask_quantity"":40,""bid_orders"":2,""ask_orders"":1,""bid_price"":""654.05"",""ask_price"":""656.75""},{""bid_quantity"":20,""ask_quantity"":40,""bid_orders"":1,""ask_orders"":1,""bid_price"":""654.00"",""ask_price"":""657.55""},{""bid_quantity"":20,""ask_quantity"":100,""bid_orders"":1,""ask_orders"":1,""bid_price"":""653.95"",""ask_price"":""657.60""}]"
09:15:22.284,1791517522284171860,2235264838105607,Full Data,8,1107336,390.45,60,09:15:22,,,409.21,60600,16100,55320,304080,"[{""bid_quantity"":20,""ask_quantity"":60,""bid_orders"":1,""ask_orders"":2,""bid_price"":""389.50"",""ask_price"":""390.45""},{""bid_quantity"":80,""ask_quantity"":60,""bid_orders"":3,""ask_orders"":3,""bid_price"":""389.45"",""ask_price"":""390.50""},{""bid_quantity"":20,""ask_quantity"":40,""bid_orders"":1,""ask_orders"":2,""bid_price"":""389.40"",""ask_price"":""390.60""},{""bid_quantity"":20,""ask_quantity"":180,""bid_orders"":1,""ask_orders"":2,""bid_price"":""389.35"",""ask_price"":""391.00""},{""bid_quantity"":140,""ask_quantity"":20,""bid_orders"":2,""ask_orders"":1,""bid_price"":""389.30"",""ask_price"":""391.05""}]"
09:15:22.444,1791517522445005378,2235264998939565,Full Data,8,1115207,663.20,40,09:15:22,,,656.49,43400,14580,24680,97240,"[{""bid_quantity"":20,""ask_quantity"":80,""bid_orders"":1,""ask_orders"":4,""bid_price"":""663.05"",""ask_price"":""665.25""},{""bid_quantity"":20,""ask_quantity"":20,""bid_orders"":1,""ask_orders"":1,""bid_price"":""662.90"",""ask_price"":""665.30""},{""bid_quantity"":120,""ask_quantity"":300,""bid_orders"":1,""ask_orders"":2,""bid_price"":""662.20"",""ask_price"":""665.35""},{""bid_quantity"":80,""ask_quantity"":80,""bid_orders"":1,""ask_orders"":2,""bid_price"":""661.75"",""ask_price"":""665.40""},{""bid_quantity"":200,""ask_quantity"":40,""bid_orders"":2,""ask_orders"":2,""bid_price"":""661.60"",""ask_price"":""665.50""}]"
09:15:22.527,1791517522527244070,2235265081178177,Full Data,8,1115207,665.25,80,09:15:22,,,656.51,43500,11760,22220,97240,"[{""bid_quantity"":20,""ask_quantity"":40,""bid_orders"":1,""ask_orders"":2,""bid_price"":""663.30"",""ask_price"":""665.55""},{""bid_quantity"":120,""ask_quantity"":60,""bid_orders"":2,""ask_orders"":2,""bid_price"":""663.15"",""ask_price"":""665.75""},{""bid_quantity"":20,""ask_quantity"":60,""bid_orders"":1,""ask_orders"":2,""bid_price"":""663.05"",""ask_price"":""666.35""},{""bid_quantity"":60,""ask_quantity"":120,""bid_orders"":1,""ask_orders"":2,""bid_price"":""663.00"",""ask_price"":""666.40""},{""bid_quantity"":20,""ask_quantity"":100,""bid_orders"":1,""ask_orders"":2,""bid_price"":""662.95"",""ask_price"":""666.55""}]"
09:15:22.528,1791517522528199716,2235265082133583,Full Data,8,1105793,553.75,40,09:15:22,,,546.29,42460,10540,17640,50360,"[{""bid_quantity"":20,""ask_quantity"":40,""bid_orders"":1,""ask_orders"":1,""bid_price"":""553.25"",""ask_price"":""554.10""},{""bid_quantity"":20,""ask_quantity"":120,""bid_orders"":1,""ask_orders"":2,""bid_price"":""553.20"",""ask_price"":""555.10""},{""bid_quantity"":20,""ask_quantity"":20,""bid_orders"":1,""ask_orders"":1,""bid_price"":""553.00"",""ask_price"":""555.30""},{""bid_quantity"":20,""ask_quantity"":40,""bid_orders"":1,""ask_orders"":1,""bid_price"":""552.80"",""ask_price"":""556.45""},{""bid_quantity"":40,""ask_quantity"":20,""bid_orders"":2,""ask_orders"":1,""bid_price"":""552.60"",""ask_price"":""556.55""}]"
09:15:22.596,1791517522596938640,2235265150872667,Ticker Data,0,51,71788.33,,09:15:22,,,,,,,,
09:15:22.617,1791517522617998016,2235265171932123,Full Data,8,1114046,430.40,120,09:15:22,,,442.66,34840,10900,36220,119180,"[{""bid_quantity"":20,""ask_quantity"":20,""bid_orders"":1,""ask_orders"":1,""bid_price"":""428.95"",""ask_price"":""430.50""},{""bid_quantity"":20,""ask_quantity"":20,""bid_orders"":1,""ask_orders"":1,""bid_price"":""428.90"",""ask_price"":""430.65""},{""bid_quantity"":20,""ask_quantity"":60,""bid_orders"":1,""ask_orders"":3,""bid_price"":""428.80"",""ask_price"":""430.70""},{""bid_quantity"":20,""ask_quantity"":40,""bid_orders"":1,""ask_orders"":1,""bid_price"":""428.75"",""ask_price"":""430.75""},{""bid_quantity"":20,""ask_quantity"":20,""bid_orders"":1,""ask_orders"":1,""bid_price"":""428.60"",""ask_price"":""430.80""}]"
09:15:22.623,1791517522623163689,2235265177097756,Full Data,8,1116183,504.50,20,09:15:22,,,492.90,88800,28760,53820,319760,"[{""bid_quantity"":40,""ask_quantity"":40,""bid_orders"":2,""ask_orders"":1,""bid_price"":""502.90"",""ask_price"":""504.65""},{""bid_quantity"":20,""ask_quantity"":100,""bid_orders"":1,""ask_orders"":1,""bid_price"":""502.75"",""ask_price"":""505.05""},{""bid_quantity"":40,""ask_quantity"":60,""bid_orders"":1,""ask_orders"":2,""bid_price"":""502.55"",""ask_price"":""505.15""},{""bid_quantity"":20,""ask_quantity"":160,""bid_orders"":1,""ask_orders"":4,""bid_price"":""502.50"",""ask_price"":""505.75""},{""bid_quantity"":20,""ask_quantity"":240,""bid_orders"":1,""ask_orders"":3,""bid_price"":""502.30"",""ask_price"":""506.00""}]"
09:15:22.676,1791517522676043471,2235265229977698,Full Data,8,1110871,471.25,40,09:15:22,,,487.37,40200,13240,14940,81380,"[{""bid_quantity"":20,""ask_quantity"":20,""bid_orders"":1,""ask_orders"":1,""bid_price"":""468.15"",""ask_price"":""469.80""},{""bid_quantity"":40,""ask_quantity"":40,""bid_orders"":1,""ask_orders"":2,""bid_price"":""468.00"",""ask_price"":""469.85""},{""bid_quantity"":20,""ask_quantity"":40,""bid_orders"":1,""ask_orders"":1,""bid_price"":""467.95"",""ask_price"":""469.95""},{""bid_quantity"":140,""ask_quantity"":20,""bid_orders"":1,""ask_orders"":1,""bid_price"":""467.90"",""ask_price"":""470.00""},{""bid_quantity"":40,""ask_quantity"":40,""bid_orders"":1,""ask_orders"":2,""bid_price"":""467.85"",""ask_price"":""470.05""}]"
09:15:22.687,1791517522687090022,2235265241024009,Full Data,8,1105793,554.90,20,09:15:22,,,546.34,42740,11600,19240,50360,"[{""bid_quantity"":60,""ask_quantity"":20,""bid_orders"":2,""ask_orders"":1,""bid_price"":""554.80"",""ask_price"":""556.15""},{""bid_quantity"":20,""ask_quantity"":40,""bid_orders"":1,""ask_orders"":2,""bid_price"":""554.75"",""ask_price"":""556.60""},{""bid_quantity"":320,""ask_quantity"":40,""bid_orders"":1,""ask_orders"":1,""bid_price"":""554.60"",""ask_price"":""556.70""},{""bid_quantity"":20,""ask_quantity"":40,""bid_orders"":1,""ask_orders"":2,""bid_price"":""554.55"",""ask_price"":""556.75""},{""bid_quantity"":240,""ask_quantity"":40,""bid_orders"":3,""ask_orders"":1,""bid_price"":""554.40"",""ask_price"":""556.85""}]"
09:15:22.716,1791517522716449172,2235265270383079,Full Data,8,1111639,555.40,20,09:15:22,,,574.20,26680,11920,14240,60460,"[{""bid_quantity"":40,""ask_quantity"":300,""bid_orders"":1,""ask_orders"":1,""bid_price"":""553.55"",""ask_price"":""557.45""},{""bid_quantity"":40,""ask_quantity"":160,""bid_orders"":1,""ask_orders"":5,""bid_price"":""553.50"",""ask_price"":""557.50""},{""bid_quantity"":20,""ask_quantity"":60,""bid_orders"":1,""ask_orders"":2,""bid_price"":""553.20"",""ask_price"":""557.55""},{""bid_quantity"":20,""ask_quantity"":80,""bid_orders"":1,""ask_orders"":3,""bid_price"":""552.15"",""ask_price"":""557.60""},{""bid_quantity"":40,""ask_quantity"":60,""bid_orders"":1,""ask_orders"":2,""bid_price"":""552.05"",""ask_price"":""557.65""}]"
09:15:22.766,1791517522766846897,2235265320781004,Full Data,8,1116183,504.40,20,09:15:22,,,492.93,88960,30300,56680,319760,"[{""bid_quantity"":20,""ask_quantity"":40,""bid_orders"":1,""ask_orders"":2,""bid_price"":""504.35"",""ask_price"":""504.40""},{""bid_quantity"":20,""ask_quantity"":20,""bid_orders"":1,""ask_orders"":1,""bid_price"":""504.20"",""ask_price"":""504.90""},{""bid_quantity"":20,""ask_quantity"":20,""bid_orders"":1,""ask_orders"":1,""bid_price"":""503.90"",""ask_price"":""505.00""},{""bid_quantity"":40,""ask_quantity"":20,""bid_orders"":1,""ask_orders"":1,""bid_price"":""503.75"",""ask_price"":""505.95""},{""bid_quantity"":20,""ask_quantity"":40,""bid_orders"":1,""ask_orders"":1,""bid_price"":""503.70"",""ask_price"":""506.00""}]"
09:15:22.770,1791517522770936404,2235265324870351,Full Data,8,1114813,510.05,20,09:15:22,,,530.06,46200,13220,15640,57500,"[{""bid_quantity"":40,""ask_quantity"":20,""bid_orders"":1,""ask_orders"":1,""bid_price"":""508.60"",""ask_price"":""511.05""},{""bid_quantity"":40,""ask_quantity"":20,""bid_orders"":1,""ask_orders"":1,""bid_price"":""508.50"",""ask_price"":""511.10""},{""bid_quantity"":40,""ask_quantity"":40,""bid_orders"":2,""ask_orders"":1,""bid_price"":""508.45"",""ask_price"":""511.15""},{""bid_quantity"":20,""ask_quantity"":40,""bid_orders"":1,""ask_orders"":2,""bid_price"":""508.35"",""ask_price"":""511.25""},{""bid_quantity"":20,""ask_quantity"":20,""bid_orders"":1,""ask_orders"":1,""bid_price"":""508.25"",""ask_price"":""511.45""}]"
09:15:22.814,1791517522814757127,2235265368691154,Full Data,8,1111639,553.55,20,09:15:22,,,574.17,26720,13880,16880,60460,"[{""bid_quantity"":20,""ask_quantity"":40,""bid_orders"":1,""ask_orders"":1,""bid_price"":""553.05"",""ask_price"":""555.25""},{""bid_quantity"":40,""ask_quantity"":40,""bid_orders"":1,""ask_orders"":1,""bid_price"":""552.90"",""ask_price"":""555.30""},{""bid_quantity"":80,""ask_quantity"":40,""bid_orders"":3,""ask_orders"":1,""bid_price"":""552.80"",""ask_price"":""555.35""},{""bid_quantity"":40,""ask_quantity"":40,""bid_orders"":1,""ask_orders"":1,""bid_price"":""552.75"",""ask_price"":""555.40""},{""bid_quantity"":60,""ask_quantity"":20,""bid_orders"":1,""ask_orders"":1,""bid_price"":""552.50"",""ask_price"":""555.45""}]"
09:15:22.817,1791517522817938987,2235265371872854,Full Data,8,1114813,510.05,20,09:15:22,,,530.06,46200,13180,17700,57500,"[{""bid_quantity"":60,""ask_quantity"":20,""bid_orders"":2,""ask_orders"":1,""bid_price"":""508.15"",""ask_price"":""510.20""},{""bid_quantity"":20,""ask_quantity"":40,""bid_orders"":1,""ask_orders"":1,""bid_price"":""508.10"",""ask_price"":""510.30""},{""bid_quantity"":40,""ask_quantity"":20,""bid_orders"":1,""ask_orders"":1,""bid_price"":""508.05"",""ask_price"":""510.35""},{""bid_quantity"":20,""ask_quantity"":20,""bid_orders"":1,""ask_orders"":1,""bid_price"":""508.00"",""ask_price"":""510.45""},{""bid_quantity"":20,""ask_quantity"":40,""bid_orders"":1,""ask_orders"":1,""bid_price"":""507.90"",""ask_price"":""510.50""}]"
09:15:22.854,1791517522854237502,2235265408171689,Full Data,8,1112083,613.40,20,09:15:22,,,602.28,59860,14700,32620,97520,"[{""bid_quantity"":40,""ask_quantity"":20,""bid_orders"":1,""ask_orders"":1,""bid_price"":""610.75"",""ask_price"":""612.50""},{""bid_quantity"":20,""ask_quantity"":40,""bid_orders"":1,""ask_orders"":2,""bid_price"":""610.70"",""ask_price"":""612.55""},{""bid_quantity"":40,""ask_quantity"":20,""bid_orders"":1,""ask_orders"":1,""bid_price"":""610.65"",""ask_price"":""612.60""},{""bid_quantity"":20,""ask_quantity"":20,""bid_orders"":1,""ask_orders"":1,""bid_price"":""610.55"",""ask_price"":""612.75""},{""bid_quantity"":140,""ask_quantity"":60,""bid_orders"":2,""ask_orders"":2,""bid_price"":""610.50"",""ask_price"":""612.90""}]"
09:15:22.945,1791517522945609332,2235265499543519,Full Data,8,1112083,611.50,20,09:15:22,,,602.28,59880,14820,32300,97520,"[{""bid_quantity"":20,""ask_quantity"":40,""bid_orders"":1,""ask_orders"":2,""bid_price"":""608.65"",""ask_price"":""610.85""},{""bid_quantity"":60,""ask_quantity"":20,""bid_orders"":2,""ask_orders"":1,""bid_price"":""608.55"",""ask_price"":""610.90""},{""bid_quantity"":200,""ask_quantity"":80,""bid_orders"":2,""ask_orders"":4,""bid_price"":""608.25"",""ask_price"":""610.95""},{""bid_quantity"":140,""ask_quantity"":20,""bid_orders"":2,""ask_orders"":1,""bid_price"":""608.00"",""ask_price"":""611.20""},{""bid_quantity"":20,""ask_quantity"":20,""bid_orders"":1,""ask_orders"":1,""bid_price"":""607.95"",""ask_price"":""611.25""}]"
09:15:22.978,1791517522978379663,2235265532313730,Full Data,8,1111309,725.15,20,09:15:22,,,713.72,31440,14200,25140,98080,"[{""bid_quantity"":40,""ask_quantity"":40,""bid_orders"":1,""ask_orders"":1,""bid_price"":""723.85"",""ask_price"":""725.95""},{""bid_quantity"":20,""ask_quantity"":80,""bid_orders"":1,""ask_orders"":3,""bid_price"":""723.80"",""ask_price"":""726.25""},{""bid_quantity"":40,""ask_quantity"":20,""bid_orders"":1,""ask_orders"":1,""bid_price"":""723.65"",""ask_price"":""726.30""},{""bid_quantity"":40,""ask_quantity"":40,""bid_orders"":2,""ask_orders"":2,""bid_price"":""723.60"",""ask_price"":""726.35""},{""bid_quantity"":40,""ask_quantity"":40,""bid_orders"":2,""ask_orders"":1,""bid_price"":""723.40"",""ask_price"":""726.40""}]"
09:15:23.053,1791517523053143786,2235265607078093,Full Data,8,1111309,725.15,20,09:15:22,,,713.72,31440,13780,25040,98080,"[{""bid_quantity"":20,""ask_quantity"":20,""bid_orders"":1,""ask_orders"":1,""bid_price"":""725.20"",""ask_price"":""726.75""},{""bid_quantity"":40,""ask_quantity"":20,""bid_orders"":1,""ask_orders"":1,""bid_price"":""725.05"",""ask_price"":""726.85""},{""bid_quantity"":20,""ask_quantity"":20,""bid_orders"":1,""ask_orders"":1,""bid_price"":""725.00"",""ask_price"":""726.95""},{""bid_quantity"":40,""ask_quantity"":40,""bid_orders"":1,""ask_orders"":1,""bid_price"":""724.80"",""ask_price"":""727.00""},{""bid_quantity"":20,""ask_quantity"":60,""bid_orders"":1,""ask_orders"":3,""bid_price"":""724.75"",""ask_price"":""727.05""}]"
09:15:23.075,1791517523075333890,2235265629267837,Full Data,8,1104245,454.05,20,09:15:23,,,447.13,26180,16040,21060,52960,"[{""bid_quantity"":40,""ask_quantity"":20,""bid_orders"":1,""ask_orders"":1,""bid_price"":""453.35"",""ask_price"":""454.85""},{""bid_quantity"":20,""ask_quantity"":40,""bid_orders"":1,""ask_orders"":1,""bid_price"":""453.30"",""ask_price"":""455.00""},{""bid_quantity"":40,""ask_quantity"":40,""bid_orders"":1,""ask_orders"":2,""bid_price"":""453.25"",""ask_price"":""455.05""},{""bid_quantity"":60,""ask_quantity"":40,""bid_orders"":2,""ask_orders"":1,""bid_price"":""453.20"",""ask_price"":""455.10""},{""bid_quantity"":80,""ask_quantity"":40,""bid_orders"":1,""ask_orders"":1,""bid_price"":""453.10"",""ask_price"":""455.15""}]"
09:15:23.138,1791517523138449057,2235265692383124,Full Data,8,1104245,453.35,20,09:15:23,,,447.15,26240,13800,19200,52960,"[{""bid_quantity"":160,""ask_quantity"":40,""bid_orders"":2,""ask_orders"":1,""bid_price"":""451.90"",""ask_price"":""453.40""},{""bid_quantity"":40,""ask_quantity"":40,""bid_orders"":1,""ask_orders"":1,""bid_price"":""451.85"",""ask_price"":""453.45""},{""bid_quantity"":40,""ask_quantity"":60,""bid_orders"":1,""ask_orders"":2,""bid_price"":""451.80"",""ask_price"":""453.50""},{""bid_quantity"":20,""ask_quantity"":60,""bid_orders"":1,""ask_orders"":3,""bid_price"":""451.70"",""ask_price"":""453.75""},{""bid_quantity"":60,""ask_quantity"":20,""bid_orders"":2,""ask_orders"":1,""bid_price"":""451.65"",""ask_price"":""453.95""}]"
09:15:23.177,1791517523177337229,2235265731271096,Full Data,8,1114464,784.95,20,09:15:23,,,773.41,44060,15780,46260,272380,"[{""bid_quantity"":60,""ask_quantity"":60,""bid_orders"":2,""ask_orders"":2,""bid_price"":""783.95"",""ask_price"":""786.35""},{""bid_quantity"":160,""ask_quantity"":40,""bid_orders"":2,""ask_orders"":2,""bid_price"":""783.90"",""ask_price"":""786.40""},{""bid_quantity"":60,""ask_quantity"":80,""bid_orders"":2,""ask_orders"":4,""bid_price"":""783.75"",""ask_price"":""786.55""},{""bid_quantity"":120,""ask_quantity"":40,""bid_orders"":2,""ask_orders"":2,""bid_price"":""783.70"",""ask_price"":""786.60""},{""bid_quantity"":40,""ask_quantity"":40,""bid_orders"":1,""ask_orders"":1,""bid_price"":""783.55"",""ask_price"":""786.65""}]"
09:15:23.237,1791517523237609218,2235265791543325,Full Data,8,1102591,603.85,20,09:15:23,,,627.52,39180,12840,25400,209460,"[{""bid_quantity"":60,""ask_quantity"":60,""bid_orders"":3,""ask_orders"":3,""bid_price"":""604.25"",""ask_price"":""606.20""},{""bid_quantity"":20,""ask_quantity"":40,""bid_orders"":1,""ask_orders"":2,""bid_price"":""604.10"",""ask_price"":""606.30""},{""bid_quantity"":60,""ask_quantity"":260,""bid_orders"":3,""ask_orders"":1,""bid_price"":""604.05"",""ask_price"":""606.35""},{""bid_quantity"":40,""ask_quantity"":20,""bid_orders"":2,""ask_orders"":1,""bid_price"":""603.90"",""ask_price"":""606.40""},{""bid_quantity"":40,""ask_quantity"":20,""bid_orders"":2,""ask_orders"":1,""bid_price"":""603.85"",""ask_price"":""606.45""}]"
09:15:23.288,1791517523288937349,2235265842871536,Full Data,8,1102591,608.00,20,09:15:23,,,627.49,39240,11920,25680,209460,"[{""bid_quantity"":40,""ask_quantity"":120,""bid_orders"":2,""ask_orders"":1,""bid_price"":""605.50"",""ask_price"":""608.80""},{""bid_quantity"":40,""ask_quantity"":100,""bid_orders"":1,""ask_orders"":1,""bid_price"":""605.40"",""ask_price"":""608.85""},{""bid_quantity"":20,""ask_quantity"":100,""bid_orders"":1,""ask_orders"":1,""bid_price"":""605.35"",""ask_price"":""609.00""},{""bid_quantity"":40,""ask_quantity"":100,""bid_orders"":2,""ask_orders"":1,""bid_price"":""605.30"",""ask_price"":""609.20""},{""bid_quantity"":100,""ask_quantity"":40,""bid_orders"":1,""ask_orders"":1,""bid_price"":""605.25"",""ask_price"":""609.90""}]"
09:15:23.328,1791517523328211683,2235265882145830,Full Data,8,1107704,657.00,40,09:15:23,,,681.21,7820,10420,11640,17620,"[{""bid_quantity"":20,""ask_quantity"":20,""bid_orders"":1,""ask_orders"":1,""bid_price"":""655.80"",""ask_price"":""659.65""},{""bid_quantity"":60,""ask_quantity"":20,""bid_orders"":2,""ask_orders"":1,""bid_price"":""655.75"",""ask_price"":""659.70""},{""bid_quantity"":40,""ask_quantity"":60,""bid_orders"":2,""ask_orders"":2,""bid_price"":""655.70"",""ask_price"":""659.85""},{""bid_quantity"":80,""ask_quantity"":20,""bid_orders"":3,""ask_orders"":1,""bid_price"":""655.65"",""ask_price"":""660.00""},{""bid_quantity"":40,""ask_quantity"":20,""bid_orders"":2,""ask_orders"":1,""bid_price"":""655.60"",""ask_price"":""660.15""}]"
09:15:23.333,1791517523333240836,2235265887174743,Full Data,8,1107336,391.95,20,09:15:23,,,408.68,62420,15880,56020,304080,"[{""bid_quantity"":20,""ask_quantity"":20,""bid_orders"":1,""ask_orders"":1,""bid_price"":""392.00"",""ask_price"":""394.05""},{""bid_quantity"":40,""ask_quantity"":140,""bid_orders"":2,""ask_orders"":3,""bid_price"":""391.95"",""ask_price"":""394.15""},{""bid_quantity"":20,""ask_quantity"":100,""bid_orders"":1,""ask_orders"":1,""bid_price"":""391.85"",""ask_price"":""394.20""},{""bid_quantity"":60,""ask_quantity"":120,""bid_orders"":2,""ask_orders"":1,""bid_price"":""391.80"",""ask_price"":""394.35""},{""bid_quantity"":20,""ask_quantity"":40,""bid_orders"":1,""ask_orders"":1,""bid_price"":""391.70"",""ask_price"":""394.40""}]"
09:15:23.509,1791517523509215652,2235266063149959,Full Data,8,1115207,665.60,240,09:15:23,,,657.02,45860,13620,23640,97240,"[{""bid_quantity"":20,""ask_quantity"":60,""bid_orders"":1,""ask_orders"":2,""bid_price"":""663.55"",""ask_price"":""665.15""},{""bid_quantity"":20,""ask_quantity"":120,""bid_orders"":1,""ask_orders"":1,""bid_price"":""663.50"",""ask_price"":""665.55""},{""bid_quantity"":40,""ask_quantity"":40,""bid_orders"":1,""ask_orders"":1,""bid_price"":""663.45"",""ask_price"":""666.00""},{""bid_quantity"":40,""ask_quantity"":20,""bid_orders"":2,""ask_orders"":1,""bid_price"":""663.40"",""ask_price"":""666.45""},{""bid_quantity"":80,""ask_quantity"":140,""bid_orders"":2,""ask_orders"":2,""bid_price"":""663.35"",""ask_price"":""666.50""}]"
09:15:23.568,1791517523568558835,2235266122492822,Full Data,8,1114046,430.90,20,09:15:23,,,442.15,36060,11280,37620,119180,"[{""bid_quantity"":360,""ask_quantity"":60,""bid_orders"":2,""ask_orders"":2,""bid_price"":""428.60"",""ask_price"":""430.55""},{""bid_quantity"":20,""ask_quantity"":40,""bid_orders"":1,""ask_orders"":2,""bid_price"":""428.55"",""ask_price"":""430.60""},{""bid_quantity"":160,""ask_quantity"":20,""bid_orders"":2,""ask_orders"":1,""bid_price"":""428.40"",""ask_price"":""430.75""},{""bid_quantity"":20,""ask_quantity"":60,""bid_orders"":1,""ask_orders"":2,""bid_price"":""428.30"",""ask_price"":""430.80""},{""bid_quantity"":40,""ask_quantity"":40,""bid_orders"":2,""ask_orders"":2,""bid_price"":""428.20"",""ask_price"":""430.85""}]"
09:15:23.580,1791517523580800915,2235266134734942,Ticker Data,0,51,71779.65,,09:15:23,,,,,,,,
09:15:23.612,1791517523612484919,2235266166419106,Full Data,8,1115207,665.60,240,09:15:23,,,657.02,45860,12020,23740,97240,"[{""bid_quantity"":80,""ask_quantity"":40,""bid_orders"":3,""ask_orders"":2,""bid_price"":""662.60"",""ask_price"":""664.60""},{""bid_quantity"":40,""ask_quantity"":40,""bid_orders"":2,""ask_orders"":2,""bid_price"":""662.55"",""ask_price"":""664.70""},{""bid_quantity"":20,""ask_quantity"":80,""bid_orders"":1,""ask_orders"":3,""bid_price"":""662.50"",""ask_price"":""664.80""},{""bid_quantity"":40,""ask_quantity"":40,""bid_orders"":2,""ask_orders"":2,""bid_price"":""662.45"",""ask_price"":""665.00""},{""bid_quantity"":80,""ask_quantity"":260,""bid_orders"":3,""ask_orders"":2,""bid_price"":""662.40"",""ask_price"":""665.35""}]"
09:15:23.625,1791517523625714925,2235266179648912,Full Data,8,1110871,468.35,20,09:15:23,,,486.55,42080,13440,14940,81380,"[{""bid_quantity"":20,""ask_quantity"":40,""bid_orders"":1,""ask_orders"":1,""bid_price"":""468.20"",""ask_price"":""470.35""},{""bid_quantity"":40,""ask_quantity"":20,""bid_orders"":2,""ask_orders"":1,""bid_price"":""468.15"",""ask_price"":""470.40""},{""bid_quantity"":20,""ask_quantity"":40,""bid_orders"":1,""ask_orders"":2,""bid_price"":""468.10"",""ask_price"":""470.45""},{""bid_quantity"":20,""ask_quantity"":40,""bid_orders"":1,""ask_orders"":2,""bid_price"":""468.05"",""ask_price"":""470.55""},{""bid_quantity"":120,""ask_quantity"":120,""bid_orders"":2,""ask_orders"":2,""bid_price"":""468.00"",""ask_price"":""470.60""}]"
09:15:23.631,1791517523631183000,2235266185117107,Full Data,8,1105793,552.20,20,09:15:23,,,546.51,44000,14160,20640,50360,"[{""bid_quantity"":60,""ask_quantity"":60,""bid_orders"":3,""ask_orders"":3,""bid_price"":""551.25"",""ask_price"":""552.25""},{""bid_quantity"":260,""ask_quantity"":40,""bid_orders"":3,""ask_orders"":2,""bid_price"":""551.20"",""ask_price"":""552.30""},{""bid_quantity"":140,""ask_quantity"":40,""bid_orders"":2,""ask_orders"":2,""bid_price"":""550.95"",""ask_price"":""553.60""},{""bid_quantity"":420,""ask_quantity"":260,""bid_orders"":3,""ask_orders"":4,""bid_price"":""550.90"",""ask_price"":""553.70""},{""bid_quantity"":60,""ask_quantity"":20,""bid_orders"":2,""ask_orders"":1,""bid_price"":""550.85"",""ask_price"":""553.95""}]"
09:15:23.666,1791517523666082945,2235266220017012,Full Data,8,1116183,499.25,20,09:15:23,,,493.22,91820,29620,54120,319760,"[{""bid_quantity"":40,""ask_quantity"":20,""bid_orders"":1,""ask_orders"":1,""bid_price"":""498.95"",""ask_price"":""500.55""},{""bid_quantity"":40,""ask_quantity"":20,""bid_orders"":2,""ask_orders"":1,""bid_price"":""498.90"",""ask_price"":""500.65""},{""bid_quantity"":40,""ask_quantity"":40,""bid_orders"":2,""ask_orders"":1,""bid_price"":""498.85"",""ask_price"":""500.75""},{""bid_quantity"":40,""ask_quantity"":20,""bid_orders"":1,""ask_orders"":1,""bid_price"":""498.80"",""ask_price"":""500.85""},{""bid_quantity"":40,""ask_quantity"":40,""bid_orders"":1,""ask_orders"":1,""bid_price"":""498.70"",""ask_price"":""500.90""}]"
09:15:23.700,1791517523700186126,2235266254119993,Full Data,8,1111639,559.65,20,09:15:23,,,573.61,27680,13280,17840,60460,"[{""bid_quantity"":80,""ask_quantity"":80,""bid_orders"":1,""ask_orders"":3,""bid_price"":""559.00"",""ask_price"":""560.45""},{""bid_quantity"":20,""ask_quantity"":40,""bid_orders"":1,""ask_orders"":1,""bid_price"":""558.50"",""ask_price"":""560.55""},{""bid_quantity"":40,""ask_quantity"":20,""bid_orders"":1,""ask_orders"":1,""bid_price"":""558.30"",""ask_price"":""560.60""},{""bid_quantity"":20,""ask_quantity"":40,""bid_orders"":1,""ask_orders"":1,""bid_price"":""558.25"",""ask_price"":""560.70""},{""bid_quantity"":40,""ask_quantity"":20,""bid_orders"":1,""ask_orders"":1,""bid_price"":""558.20"",""ask_price"":""560.75""}]"
09:15:23.750,1791517523750048528,2235266303982715,Full Data,8,1105793,550.80,40,09:15:23,,,546.52,44040,12300,18160,50360,"[{""bid_quantity"":100,""ask_quantity"":20,""bid_orders"":4,""ask_orders"":1,""bid_price"":""548.95"",""ask_price"":""550.65""},{""bid_quantity"":40,""ask_quantity"":40,""bid_orders"":1,""ask_orders"":2,""bid_price"":""548.90"",""ask_price"":""550.75""},{""bid_quantity"":360,""ask_quantity"":40,""bid_orders"":3,""ask_orders"":2,""bid_price"":""548.85"",""ask_price"":""550.80""},{""bid_quantity"":340,""ask_quantity"":40,""bid_orders"":4,""ask_orders"":2,""bid_price"":""548.80"",""ask_price"":""550.85""},{""bid_quantity"":120,""ask_quantity"":120,""bid_orders"":1,""ask_orders"":2,""bid_price"":""548.60"",""ask_price"":""550.90""}]"
09:15:23.751,1791517523751596138,2235266305530125,Full Data,8,1116183,499.30,20,09:15:23,,,493.22,91840,29240,53900,319760,"[{""bid_quantity"":20,""ask_quantity"":40,""bid_orders"":1,""ask_orders"":1,""bid_price"":""498.30"",""ask_price"":""498.95""},{""bid_quantity"":20,""ask_quantity"":40,""bid_orders"":1,""ask_orders"":1,""bid_price"":""498.10"",""ask_price"":""499.50""},{""bid_quantity"":60,""ask_quantity"":40,""bid_orders"":2,""ask_orders"":1,""bid_price"":""497.95"",""ask_price"":""499.55""},{""bid_quantity"":40,""ask_quantity"":20,""bid_orders"":2,""ask_orders"":1,""bid_price"":""497.90"",""ask_price"":""499.85""},{""bid_quantity"":20,""ask_quantity"":20,""bid_orders"":1,""ask_orders"":1,""bid_price"":""497.60"",""ask_price"":""500.05""}]"
09:15:23.789,1791517523789340101,2235266343274048,Full Data,8,1111639,560.25,40,09:15:23,,,573.56,27780,11100,15480,60460,"[{""bid_quantity"":20,""ask_quantity"":40,""bid_orders"":1,""ask_orders"":1,""bid_price"":""560.25"",""ask_price"":""562.00""},{""bid_quantity"":20,""ask_quantity"":40,""bid_orders"":1,""ask_orders"":1,""bid_price"":""560.20"",""ask_price"":""562.10""},{""bid_quantity"":20,""ask_quantity"":40,""bid_orders"":1,""ask_orders"":1,""bid_price"":""560.00"",""ask_price"":""562.25""},{""bid_quantity"":120,""ask_quantity"":20,""bid_orders"":3,""ask_orders"":1,""bid_price"":""559.85"",""ask_price"":""562.30""},{""bid_quantity"":100,""ask_quantity"":20,""bid_orders"":2,""ask_orders"":1,""bid_price"":""559.75"",""ask_price"":""562.45""}]"
09:15:23.950,1791517523950678304,2235266504612531,Full Data,8,1112083,600.90,40,09:15:23,,,602.47,62040,13140,30060,97520,"[{""bid_quantity"":20,""ask_quantity"":20,""bid_orders"":1,""ask_orders"":1,""bid_price"":""600.90"",""ask_price"":""602.90""},{""bid_quantity"":180,""ask_quantity"":80,""bid_orders"":2,""ask_orders"":3,""bid_price"":""600.75"",""ask_price"":""602.95""},{""bid_quantity"":20,""ask_quantity"":80,""bid_orders"":1,""ask_orders"":2,""bid_price"":""600.55"",""ask_price"":""603.00""},{""bid_quantity"":100,""ask_quantity"":20,""bid_orders"":1,""ask_orders"":1,""bid_price"":""600.40"",""ask_price"":""603.05""},{""bid_quantity"":60,""ask_quantity"":40,""bid_orders"":1,""ask_orders"":2,""bid_price"":""600.25"",""ask_price"":""603.30""}]"
09:15:24.040,1791517524040781086,2235266594715473,Full Data,8,1112083,600.85,20,09:15:24,,,602.46,62220,13400,30080,97520,"[{""bid_quantity"":20,""ask_quantity"":20,""bid_orders"":1,""ask_orders"":1,""bid_price"":""600.70"",""ask_price"":""602.10""},{""bid_quantity"":20,""ask_quantity"":40,""bid_orders"":1,""ask_orders"":1,""bid_price"":""600.45"",""ask_price"":""602.15""},{""bid_quantity"":80,""ask_quantity"":60,""bid_orders"":2,""ask_orders"":2,""bid_price"":""600.25"",""ask_price"":""602.25""},{""bid_quantity"":40,""ask_quantity"":40,""bid_orders"":1,""ask_orders"":1,""bid_price"":""600.15"",""ask_price"":""602.70""},{""bid_quantity"":20,""ask_quantity"":20,""bid_orders"":1,""ask_orders"":1,""bid_price"":""600.10"",""ask_price"":""602.75""}]"
09:15:24.042,1791517524042206015,2235266596139842,Full Data,8,1111309,718.15,20,09:15:23,,,713.88,32060,12100,22760,98080,"[{""bid_quantity"":20,""ask_quantity"":60,""bid_orders"":1,""ask_orders"":1,""bid_price"":""716.00"",""ask_price"":""717.30""},{""bid_quantity"":160,""ask_quantity"":40,""bid_orders"":2,""ask_orders"":1,""bid_price"":""715.85"",""ask_price"":""718.00""},{""bid_quantity"":60,""ask_quantity"":20,""bid_orders"":2,""ask_orders"":1,""bid_price"":""715.65"",""ask_price"":""718.05""},{""bid_quantity"":40,""ask_quantity"":40,""bid_orders"":1,""ask_orders"":1,""bid_price"":""715.50"",""ask_price"":""718.10""},{""bid_quantity"":20,""ask_quantity"":20,""bid_orders"":1,""ask_orders"":1,""bid_price"":""715.45"",""ask_price"":""718.30""}]"
09:15:24.094,1791517524094324391,2235266648258538,Full Data,8,1111309,717.30,40,09:15:24,,,713.88,32100,13780,25120,98080,"[{""bid_quantity"":20,""ask_quantity"":40,""bid_orders"":1,""ask_orders"":2,""bid_price"":""715.95"",""ask_price"":""717.30""},{""bid_quantity"":180,""ask_quantity"":40,""bid_orders"":2,""ask_orders"":1,""bid_price"":""715.85"",""ask_price"":""717.80""},{""bid_quantity"":20,""ask_quantity"":40,""bid_orders"":1,""ask_orders"":2,""bid_price"":""715.80"",""ask_price"":""718.30""},{""bid_quantity"":40,""ask_quantity"":20,""bid_orders"":1,""ask_orders"":1,""bid_price"":""715.65"",""ask_price"":""718.45""},{""bid_quantity"":20,""ask_quantity"":40,""bid_orders"":1,""ask_orders"":1,""bid_price"":""715.60"",""ask_price"":""718.50""}]"
09:15:24.146,1791517524146862771,2235266700796678,Full Data,8,1104245,446.20,40,09:15:24,,,447.26,27040,13620,18520,52960,"[{""bid_quantity"":120,""ask_quantity"":40,""bid_orders"":2,""ask_orders"":2,""bid_price"":""446.05"",""ask_price"":""447.15""},{""bid_quantity"":180,""ask_quantity"":40,""bid_orders"":2,""ask_orders"":1,""bid_price"":""446.00"",""ask_price"":""447.35""},{""bid_quantity"":40,""ask_quantity"":20,""bid_orders"":1,""ask_orders"":1,""bid_price"":""445.90"",""ask_price"":""447.40""},{""bid_quantity"":100,""ask_quantity"":60,""bid_orders"":3,""ask_orders"":2,""bid_price"":""445.85"",""ask_price"":""447.50""},{""bid_quantity"":20,""ask_quantity"":40,""bid_orders"":1,""ask_orders"":2,""bid_price"":""445.70"",""ask_price"":""447.55""}]"
09:15:24.173,1791517524173795345,2235266727729252,Full Data,8,1114464,779.20,100,09:15:24,,,773.78,45540,15720,45400,272380,"[{""bid_quantity"":40,""ask_quantity"":20,""bid_orders"":1,""ask_orders"":1,""bid_price"":""775.45"",""ask_price"":""779.00""},{""bid_quantity"":20,""ask_quantity"":80,""bid_orders"":1,""ask_orders"":4,""bid_price"":""775.40"",""ask_price"":""779.05""},{""bid_quantity"":40,""ask_quantity"":60,""bid_orders"":1,""ask_orders"":3,""bid_price"":""775.25"",""ask_price"":""779.10""},{""bid_quantity"":20,""ask_quantity"":200,""bid_orders"":1,""ask_orders"":2,""bid_price"":""775.20"",""ask_price"":""779.25""},{""bid_quantity"":20,""ask_quantity"":60,""bid_orders"":1,""ask_orders"":3,""bid_price"":""775.05"",""ask_price"":""779.30""}]"
09:15:24.216,1791517524216256339,2235266770190326,Full Data,8,1104245,446.05,20,09:15:24,,,447.25,27080,15440,20580,52960,"[{""bid_quantity"":140,""ask_quantity"":40,""bid_orders"":1,""ask_orders"":2,""bid_price"":""446.10"",""ask_price"":""446.80""},{""bid_quantity"":80,""ask_quantity"":40,""bid_orders"":2,""ask_orders"":1,""bid_price"":""446.05"",""ask_price"":""447.10""},{""bid_quantity"":40,""ask_quantity"":40,""bid_orders"":1,""ask_orders"":2,""bid_price"":""446.00"",""ask_price"":""447.15""},{""bid_quantity"":20,""ask_quantity"":60,""bid_orders"":1,""ask_orders"":2,""bid_price"":""445.85"",""ask_price"":""447.50""},{""bid_quantity"":20,""ask_quantity"":20,""bid_orders"":1,""ask_orders"":1,""bid_price"":""445.70"",""ask_price"":""447.55""}]"
09:15:24.235,1791517524235140301,2235266789074288,Full Data,8,1114464,779.20,100,09:15:24,,,773.78,45540,15780,47780,272380,"[{""bid_quantity"":20,""ask_quantity"":80,""bid_orders"":1,""ask_orders"":4,""bid_price"":""776.55"",""ask_price"":""779.30""},{""bid_quantity"":40,""ask_quantity"":40,""bid_orders"":1,""ask_orders"":2,""bid_price"":""776.40"",""ask_price"":""779.40""},{""bid_quantity"":20,""ask_quantity"":380,""bid_orders"":1,""ask_orders"":4,""bid_price"":""776.35"",""ask_price"":""779.45""},{""bid_quantity"":40,""ask_quantity"":80,""bid_orders"":1,""ask_orders"":3,""bid_price"":""776.25"",""ask_price"":""779.50""},{""bid_quantity"":40,""ask_quantity"":20,""bid_orders"":1,""ask_orders"":1,""bid_price"":""776.20"",""ask_price"":""779.55""}]"
09:15:24.257,1791517524257619206,2235266811553353,Full Data,8,1102591,615.10,20,09:15:24,,,626.86,41020,15380,25500,209460,"[{""bid_quantity"":40,""ask_quantity"":20,""bid_orders"":2,""ask_orders"":1,""bid_price"":""612.90"",""ask_price"":""614.50""},{""bid_quantity"":20,""ask_quantity"":40,""bid_orders"":1,""ask_orders"":2,""bid_price"":""612.85"",""ask_price"":""614.75""},{""bid_quantity"":40,""ask_quantity"":40,""bid_orders"":1,""ask_orders"":2,""bid_price"":""612.75"",""ask_price"":""615.00""},{""bid_quantity"":20,""ask_quantity"":100,""bid_orders"":1,""ask_orders"":2,""bid_price"":""612.70"",""ask_price"":""615.10""},{""bid_quantity"":40,""ask_quantity"":180,""bid_orders"":1,""ask_orders"":2,""bid_price"":""612.55"",""ask_price"":""615.15""}]"
09:15:24.293,1791517524293633319,2235266847567346,Full Data,8,1107704,667.25,20,09:15:24,,,680.49,8120,13060,13940,17620,"[{""bid_quantity"":40,""ask_quantity"":40,""bid_orders"":1,""ask_orders"":1,""bid_price"":""663.80"",""ask_price"":""666.10""},{""bid_quantity"":60,""ask_quantity"":20,""bid_orders"":2,""ask_orders"":1,""bid_price"":""663.75"",""ask_price"":""666.15""},{""bid_quantity"":40,""ask_quantity"":60,""bid_orders"":1,""ask_orders"":2,""bid_price"":""663.65"",""ask_price"":""666.30""},{""bid_quantity"":160,""ask_quantity"":20,""bid_orders"":2,""ask_orders"":1,""bid_price"":""663.60"",""ask_price"":""666.50""},{""bid_quantity"":20,""ask_quantity"":20,""bid_orders"":1,""ask_orders"":1,""bid_price"":""663.40"",""ask_price"":""666.65""}]"
09:15:24.297,1791517524297622024,2235266851555891,Full Data,8,1102591,615.10,20,09:15:24,,,626.86,41020,15480,25580,209460,"[{""bid_quantity"":40,""ask_quantity"":20,""bid_orders"":2,""ask_orders"":1,""bid_price"":""612.90"",""ask_price"":""614.45""},{""bid_quantity"":20,""ask_quantity"":20,""bid_orders"":1,""ask_orders"":1,""bid_price"":""612.85"",""ask_price"":""614.55""},{""bid_quantity"":20,""ask_quantity"":40,""bid_orders"":1,""ask_orders"":1,""bid_price"":""612.70"",""ask_price"":""614.60""},{""bid_quantity"":40,""ask_quantity"":40,""bid_orders"":1,""ask_orders"":2,""bid_price"":""612.55"",""ask_price"":""614.65""},{""bid_quantity"":60,""ask_quantity"":40,""bid_orders"":2,""ask_orders"":2,""bid_price"":""612.50"",""ask_price"":""614.75""}]"
09:15:24.339,1791517524339786777,2235266893720804,Full Data,8,1107336,395.85,20,09:15:24,,,408.39,63660,15900,55140,304080,"[{""bid_quantity"":240,""ask_quantity"":20,""bid_orders"":2,""ask_orders"":1,""bid_price"":""395.40"",""ask_price"":""396.70""},{""bid_quantity"":180,""ask_quantity"":20,""bid_orders"":1,""ask_orders"":1,""bid_price"":""395.25"",""ask_price"":""396.75""},{""bid_quantity"":20,""ask_quantity"":40,""bid_orders"":1,""ask_orders"":1,""bid_price"":""395.00"",""ask_price"":""396.80""},{""bid_quantity"":40,""ask_quantity"":20,""bid_orders"":1,""ask_orders"":1,""bid_price"":""394.95"",""ask_price"":""396.85""},{""bid_quantity"":40,""ask_quantity"":120,""bid_orders"":1,""ask_orders"":2,""bid_price"":""394.85"",""ask_price"":""397.00""}]"
09:15:24.579,1791517524579417765,2235267133352072,Ticker Data,0,51,71770.90,,09:15:24,,,,,,,,
09:15:24.579,1791517524579523925,2235267133457552,Full Data,8,1114046,435.60,40,09:15:24,,,441.74,37720,13220,37740,119180,"[{""bid_quantity"":40,""ask_quantity"":20,""bid_orders"":2,""ask_orders"":1,""bid_price"":""434.30"",""ask_price"":""436.05""},{""bid_quantity"":40,""ask_quantity"":20,""bid_orders"":2,""ask_orders"":1,""bid_price"":""434.25"",""ask_price"":""436.10""},{""bid_quantity"":100,""ask_quantity"":60,""bid_orders"":3,""ask_orders"":2,""bid_price"":""434.20"",""ask_price"":""436.20""},{""bid_quantity"":160,""ask_quantity"":140,""bid_orders"":2,""ask_orders"":2,""bid_price"":""434.10"",""ask_price"":""436.25""},{""bid_quantity"":100,""ask_quantity"":20,""bid_orders"":1,""ask_orders"":1,""bid_price"":""433.55"",""ask_price"":""436.30""}]"
09:15:24.623,1791517524623469089,2235267177403276,Full Data,8,1115207,657.40,20,09:15:24,,,657.10,47600,12500,26000,97240,"[{""bid_quantity"":140,""ask_quantity"":320,""bid_orders"":4,""ask_orders"":1,""bid_price"":""654.75"",""ask_price"":""656.75""},{""bid_quantity"":20,""ask_quantity"":100,""bid_orders"":1,""ask_orders"":4,""bid_price"":""654.35"",""ask_price"":""656.80""},{""bid_quantity"":60,""ask_quantity"":60,""bid_orders"":2,""ask_orders"":2,""bid_price"":""654.30"",""ask_price"":""656.85""},{""bid_quantity"":40,""ask_quantity"":160,""bid_orders"":2,""ask_orders"":2,""bid_price"":""654.25"",""ask_price"":""656.90""},{""bid_quantity"":40,""ask_quantity"":40,""bid_orders"":1,""ask_orders"":2,""bid_price"":""653.90"",""ask_price"":""656.95""}]"
09:15:24.635,1791517524635843449,2235267189777476,Full Data,8,1110871,476.00,60,09:15:24,,,486.25,43140,12600,14580,81380,"[{""bid_quantity"":60,""ask_quantity"":60,""bid_orders"":3,""ask_orders"":3,""bid_price"":""474.80"",""ask_price"":""476.25""},{""bid_quantity"":40,""ask_quantity"":40,""bid_orders"":2,""ask_orders"":2,""bid_price"":""474.75"",""ask_price"":""476.30""},{""bid_quantity"":40,""ask_quantity"":20,""bid_orders"":1,""ask_orders"":1,""bid_price"":""474.70"",""ask_price"":""476.40""},{""bid_quantity"":20,""ask_quantity"":100,""bid_orders"":1,""ask_orders"":1,""bid_price"":""474.60"",""ask_price"":""476.45""},{""bid_quantity"":40,""ask_quantity"":40,""bid_orders"":2,""ask_orders"":2,""bid_price"":""474.55"",""ask_price"":""476.50""}]"
09:15:24.667,1791517524667271692,2235267221205719,Full Data,8,1115207,656.65,120,09:15:24,,,657.10,47720,14360,24180,97240,"[{""bid_quantity"":60,""ask_quantity"":240,""bid_orders"":2,""ask_orders"":4,""bid_price"":""654.95"",""ask_price"":""656.70""},{""bid_quantity"":60,""ask_quantity"":420,""bid_orders"":1,""ask_orders"":6,""bid_price"":""654.85"",""ask_price"":""656.80""},{""bid_quantity"":20,""ask_quantity"":40,""bid_orders"":1,""ask_orders"":1,""bid_price"":""654.80"",""ask_price"":""657.10""},{""bid_quantity"":100,""ask_quantity"":40,""bid_orders"":3,""ask_orders"":2,""bid_price"":""654.75"",""ask_price"":""657.15""},{""bid_quantity"":20,""ask_quantity"":140,""bid_orders"":1,""ask_orders"":2,""bid_price"":""654.30"",""ask_price"":""657.20""}]"
09:15:24.703,1791517524703161364,2235267257095311,Full Data,8,1116183,492.85,60,09:15:24,,,493.26,94180,30820,53320,319760,"[{""bid_quantity"":100,""ask_quantity"":40,""bid_orders"":1,""ask_orders"":2,""bid_price"":""492.25"",""ask_price"":""493.30""},{""bid_quantity"":20,""ask_quantity"":40,""bid_orders"":1,""ask_orders"":2,""bid_price"":""492.20"",""ask_price"":""493.50""},{""bid_quantity"":500,""ask_quantity"":180,""bid_orders"":1,""ask_orders"":2,""bid_price"":""492.00"",""ask_price"":""493.65""},{""bid_quantity"":20,""ask_quantity"":40,""bid_orders"":1,""ask_orders"":2,""bid_price"":""491.90"",""ask_price"":""493.85""},{""bid_quantity"":20,""ask_quantity"":40,""bid_orders"":1,""ask_orders"":2,""bid_price"":""491.55"",""ask_price"":""494.00""}]"
09:15:24.704,1791517524704275371,2235267258209198,Full Data,8,1105793,543.85,40,09:15:24,,,546.52,45760,12280,17540,50360,"[{""bid_quantity"":40,""ask_quantity"":40,""bid_orders"":1,""ask_orders"":2,""bid_price"":""542.80"",""ask_price"":""544.25""},{""bid_quantity"":40,""ask_quantity"":40,""bid_orders"":2,""ask_orders"":2,""bid_price"":""542.75"",""ask_price"":""544.60""},{""bid_quantity"":40,""ask_quantity"":40,""bid_orders"":2,""ask_orders"":2,""bid_price"":""542.65"",""ask_price"":""544.65""},{""bid_quantity"":40,""ask_quantity"":20,""bid_orders"":2,""ask_orders"":1,""bid_price"":""542.55"",""ask_price"":""544.75""},{""bid_quantity"":20,""ask_quantity"":20,""bid_orders"":1,""ask_orders"":1,""bid_price"":""542.35"",""ask_price"":""545.00""}]"
09:15:24.750,1791517524750729871,2235267304663858,Full Data,8,1116183,493.20,20,09:15:24,,,493.26,94300,30440,53580,319760,"[{""bid_quantity"":20,""ask_quantity"":60,""bid_orders"":1,""ask_orders"":3,""bid_price"":""492.30"",""ask_price"":""493.30""},{""bid_quantity"":60,""ask_quantity"":40,""bid_orders"":2,""ask_orders"":2,""bid_price"":""492.25"",""ask_price"":""493.55""},{""bid_quantity"":20,""ask_quantity"":60,""bid_orders"":1,""ask_orders"":2,""bid_price"":""492.20"",""ask_price"":""493.70""},{""bid_quantity"":500,""ask_quantity"":40,""bid_orders"":1,""ask_orders"":2,""bid_price"":""492.00"",""ask_price"":""493.85""},{""bid_quantity"":80,""ask_quantity"":40,""bid_orders"":3,""ask_orders"":1,""bid_price"":""491.95"",""ask_price"":""493.95""}]"
09:15:24.752,1791517524752195881,2235267306129788,Full Data,8,1111639,565.85,20,09:15:24,,,573.16,29060,11560,15040,60460,"[{""bid_quantity"":40,""ask_quantity"":60,""bid_orders"":1,""ask_orders"":2,""bid_price"":""563.85"",""ask_price"":""565.50""},{""bid_quantity"":40,""ask_quantity"":40,""bid_orders"":1,""ask_orders"":1,""bid_price"":""563.80"",""ask_price"":""565.55""},{""bid_quantity"":20,""ask_quantity"":40,""bid_orders"":1,""ask_orders"":1,""bid_price"":""563.70"",""ask_price"":""565.60""},{""bid_quantity"":40,""ask_quantity"":40,""bid_orders"":1,""ask_orders"":2,""bid_price"":""563.65"",""ask_price"":""565.65""},{""bid_quantity"":40,""ask_quantity"":40,""bid_orders"":1,""ask_orders"":1,""bid_price"":""563.60"",""ask_price"":""565.80""}]"
09:15:24.841,1791517524841493417,2235267395427484,Full Data,8,1111639,561.10,20,09:15:24,,,573.02,29480,11680,15060,60460,"[{""bid_quantity"":20,""ask_quantity"":120,""bid_orders"":1,""ask_orders"":3,""bid_price"":""561.10"",""ask_price"":""563.15""},{""bid_quantity"":20,""ask_quantity"":20,""bid_orders"":1,""ask_orders"":1,""bid_price"":""561.05"",""ask_price"":""563.20""},{""bid_quantity"":40,""ask_quantity"":40,""bid_orders"":2,""ask_orders"":1,""bid_price"":""560.95"",""ask_price"":""563.30""},{""bid_quantity"":40,""ask_quantity"":40,""bid_orders"":1,""ask_orders"":2,""bid_price"":""560.90"",""ask_price"":""563.35""},{""bid_quantity"":40,""ask_quantity"":20,""bid_orders"":1,""ask_orders"":1,""bid_price"":""560.85"",""ask_price"":""563.55""}]"
09:15:24.850,1791517524850860918,2235267404794825,Full Data,8,1114813,519.30,40,09:15:24,,,528.83,50480,12440,15160,57500,"[{""bid_quantity"":20,""ask_quantity"":20,""bid_orders"":1,""ask_orders"":1,""bid_price"":""516.45"",""ask_price"":""517.90""},{""bid_quantity"":60,""ask_quantity"":20,""bid_orders"":2,""ask_orders"":1,""bid_price"":""516.40"",""ask_price"":""518.05""},{""bid_quantity"":20,""ask_quantity"":20,""bid_orders"":1,""ask_orders"":1,""bid_price"":""516.35"",""ask_price"":""518.35""},{""bid_quantity"":20,""ask_quantity"":60,""bid_orders"":1,""ask_orders"":1,""bid_price"":""516.20"",""ask_price"":""518.50""},{""bid_quantity"":60,""ask_quantity"":20,""bid_orders"":3,""ask_orders"":1,""bid_price"":""516.00"",""ask_price"":""518.55""}]"
09:15:25.041,1791517525041469989,2235267595404216,Full Data,8,1112083,598.75,20,09:15:25,,,602.35,65560,13400,30160,97520,"[{""bid_quantity"":80,""ask_quantity"":20,""bid_orders"":3,""ask_orders"":1,""bid_price"":""598.60"",""ask_price"":""600.20""},{""bid_quantity"":140,""ask_quantity"":40,""bid_orders"":1,""ask_orders"":1,""bid_price"":""598.50"",""ask_price"":""600.25""},{""bid_quantity"":40,""ask_quantity"":420,""bid_orders"":2,""ask_orders"":2,""bid_price"":""598.45"",""ask_price"":""600.40""},{""bid_quantity"":20,""ask_quantity"":20,""bid_orders"":1,""ask_orders"":1,""bid_price"":""598.30"",""ask_price"":""600.45""},{""bid_quantity"":20,""ask_quantity"":20,""bid_orders"":1,""ask_orders"":1,""bid_price"":""598.10"",""ask_price"":""600.60""}]"
09:15:25.114,1791517525114166778,2235267668100805,Full Data,8,1111309,717.55,20,09:15:24,,,714.08,34860,13060,22480,98080,"[{""bid_quantity"":40,""ask_quantity"":60,""bid_orders"":1,""ask_orders"":2,""bid_price"":""713.80"",""ask_price"":""716.10""},{""bid_quantity"":40,""ask_quantity"":20,""bid_orders"":1,""ask_orders"":1,""bid_price"":""713.75"",""ask_price"":""716.20""},{""bid_quantity"":40,""ask_quantity"":40,""bid_orders"":1,""ask_orders"":2,""bid_price"":""713.70"",""ask_price"":""716.45""},{""bid_quantity"":20,""ask_quantity"":100,""bid_orders"":1,""ask_orders"":1,""bid_price"":""713.65"",""ask_price"":""716.80""},{""bid_quantity"":60,""ask_quantity"":20,""bid_orders"":2,""ask_orders"":1,""bid_price"":""713.45"",""ask_price"":""716.85""}]"
09:15:25.124,1791517525124181883,2235267678115950,Full Data,8,1112083,600.05,20,09:15:25,,,602.35,65600,15580,31600,97520,"[{""bid_quantity"":200,""ask_quantity"":20,""bid_orders"":1,""ask_orders"":1,""bid_price"":""598.45"",""ask_price"":""600.10""},{""bid_quantity"":40,""ask_quantity"":40,""bid_orders"":2,""ask_orders"":1,""bid_price"":""598.40"",""ask_price"":""600.15""},{""bid_quantity"":40,""ask_quantity"":100,""bid_orders"":1,""ask_orders"":2,""bid_price"":""598.30"",""ask_price"":""600.20""},{""bid_quantity"":60,""ask_quantity"":60,""bid_orders"":2,""ask_orders"":2,""bid_price"":""598.25"",""ask_price"":""600.25""},{""bid_quantity"":40,""ask_quantity"":40,""bid_orders"":2,""ask_orders"":1,""bid_price"":""597.90"",""ask_price"":""600.35""}]"
09:15:25.152,1791517525152765108,2235267706699055,Full Data,8,1111309,715.75,40,09:15:25,,,714.09,34960,15020,24360,98080,"[{""bid_quantity"":20,""ask_quantity"":40,""bid_orders"":1,""ask_orders"":2,""bid_price"":""713.40"",""ask_price"":""715.90""},{""bid_quantity"":60,""ask_quantity"":40,""bid_orders"":1,""ask_orders"":2,""bid_price"":""713.30"",""ask_price"":""716.05""},{""bid_quantity"":20,""ask_quantity"":40,""bid_orders"":1,""ask_orders"":2,""bid_price"":""713.25"",""ask_price"":""716.20""},{""bid_quantity"":20,""ask_quantity"":40,""bid_orders"":1,""ask_orders"":2,""bid_price"":""713.05"",""ask_price"":""716.45""},{""bid_quantity"":20,""ask_quantity"":120,""bid_orders"":1,""ask_orders"":2,""bid_price"":""713.00"",""ask_price"":""716.80""}]"
09:15:25.239,1791517525239769990,2235267793704337,Full Data,8,1104245,444.55,20,09:15:25,,,447.18,28260,15340,18360,52960,"[{""bid_quantity"":60,""ask_quantity"":20,""bid_orders"":2,""ask_orders"":1,""bid_price"":""444.55"",""ask_price"":""445.55""},{""bid_quantity"":20,""ask_quantity"":40,""bid_orders"":1,""ask_orders"":2,""bid_price"":""444.50"",""ask_price"":""445.95""},{""bid_quantity"":40,""ask_quantity"":40,""bid_orders"":1,""ask_orders"":1,""bid_price"":""444.45"",""ask_price"":""446.25""},{""bid_quantity"":20,""ask_quantity"":20,""bid_orders"":1,""ask_orders"":1,""bid_price"":""444.40"",""ask_price"":""446.30""},{""bid_quantity"":40,""ask_quantity"":20,""bid_orders"":1,""ask_orders"":1,""bid_price"":""444.35"",""ask_price"":""446.45""}]"
09:15:25.245,1791517525245589307,2235267799523174,Full Data,8,1114464,775.85,100,09:15:25,,,773.81,46080,15100,46900,272380,"[{""bid_quantity"":40,""ask_quantity"":140,""bid_orders"":1,""ask_orders"":1,""bid_price"":""775.35"",""ask_price"":""775.85""},{""bid_quantity"":80,""ask_quantity"":60,""bid_orders"":3,""ask_orders"":2,""bid_price"":""775.30"",""ask_price"":""777.50""},{""bid_quantity"":40,""ask_quantity"":60,""bid_orders"":2,""ask_orders"":2,""bid_price"":""775.25"",""ask_price"":""778.15""},{""bid_quantity"":140,""ask_quantity"":140,""bid_orders"":1,""ask_orders"":2,""bid_price"":""775.20"",""ask_price"":""778.25""},{""bid_quantity"":80,""ask_quantity"":20,""bid_orders"":3,""ask_orders"":1,""bid_price"":""775.10"",""ask_price"":""778.35""}]"
09:15:25.283,1791517525283033869,2235267836967896,Full Data,8,1102591,610.95,20,09:15:25,,,626.51,42160,12800,27060,209460,"[{""bid_quantity"":40,""ask_quantity"":60,""bid_orders"":1,""ask_orders"":2,""bid_price"":""609.25"",""ask_price"":""610.80""},{""bid_quantity"":20,""ask_quantity"":20,""bid_orders"":1,""ask_orders"":1,""bid_price"":""609.20"",""ask_price"":""611.15""},{""bid_quantity"":40,""ask_quantity"":160,""bid_orders"":1,""ask_orders"":2,""bid_price"":""609.15"",""ask_price"":""611.20""},{""bid_quantity"":20,""ask_quantity"":40,""bid_orders"":1,""ask_orders"":2,""bid_price"":""609.05"",""ask_price"":""612.25""},{""bid_quantity"":40,""ask_quantity"":100,""bid_orders"":2,""ask_orders"":1,""bid_price"":""609.00"",""ask_price"":""612.40""}]"
09:15:25.288,1791517525288397344,2235267842331291,Full Data,8,1107704,664.20,20,09:15:25,,,680.15,8300,10640,11300,17620,"[{""bid_quantity"":40,""ask_quantity"":20,""bid_orders"":1,""ask_orders"":1,""bid_price"":""660.00"",""ask_price"":""662.25""},{""bid_quantity"":60,""ask_quantity"":20,""bid_orders"":2,""ask_orders"":1,""bid_price"":""659.95"",""ask_price"":""662.40""},{""bid_quantity"":20,""ask_quantity"":40,""bid_orders"":1,""ask_orders"":1,""bid_price"":""659.75"",""ask_price"":""662.50""},{""bid_quantity"":140,""ask_quantity"":20,""bid_orders"":1,""ask_orders"":1,""bid_price"":""659.70"",""ask_price"":""662.60""},{""bid_quantity"":20,""ask_quantity"":40,""bid_orders"":1,""ask_orders"":1,""bid_price"":""659.60"",""ask_price"":""662.70""}]"
09:15:25.354,1791517525354890133,2235267908824360,Full Data,8,1104245,444.85,20,09:15:25,,,447.17,28340,15360,18660,52960,"[{""bid_quantity"":60,""ask_quantity"":20,""bid_orders"":2,""ask_orders"":1,""bid_price"":""445.00"",""ask_price"":""445.45""},{""bid_quantity"":20,""ask_quantity"":60,""bid_orders"":1,""ask_orders"":2,""bid_price"":""444.95"",""ask_price"":""446.20""},{""bid_quantity"":40,""ask_quantity"":40,""bid_orders"":1,""ask_orders"":2,""bid_price"":""444.90"",""ask_price"":""446.45""},{""bid_quantity"":40,""ask_quantity"":60,""bid_orders"":2,""ask_orders"":3,""bid_price"":""444.85"",""ask_price"":""446.50""},{""bid_quantity"":40,""ask_quantity"":20,""bid_orders"":2,""ask_orders"":1,""bid_price"":""444.80"",""ask_price"":""446.65""}]"
09:15:25.355,1791517525355331976,2235267909265803,Full Data,8,1107704,664.20,20,09:15:25,,,680.15,8300,10780,11260,17620,"[{""bid_quantity"":40,""ask_quantity"":40,""bid_orders"":1,""ask_orders"":1,""bid_price"":""659.80"",""ask_price"":""662.00""},{""bid_quantity"":20,""ask_quantity"":20,""bid_orders"":1,""ask_orders"":1,""bid_price"":""659.75"",""ask_price"":""662.05""},{""bid_quantity"":20,""ask_quantity"":40,""bid_orders"":1,""ask_orders"":1,""bid_price"":""659.60"",""ask_price"":""662.20""},{""bid_quantity"":20,""ask_quantity"":60,""bid_orders"":1,""ask_orders"":2,""bid_price"":""659.45"",""ask_price"":""662.25""},{""bid_quantity"":120,""ask_quantity"":20,""bid_orders"":1,""ask_orders"":1,""bid_price"":""659.25"",""ask_price"":""662.40""}]"
09:15:25.355,1791517525355428017,2235267909361644,Full Data,8,1102591,610.95,20,09:15:25,,,626.51,42160,13060,27220,209460,"[{""bid_quantity"":40,""ask_quantity"":20,""bid_orders"":2,""ask_orders"":1,""bid_price"":""608.85"",""ask_price"":""610.40""},{""bid_quantity"":20,""ask_quantity"":40,""bid_orders"":1,""ask_orders"":2,""bid_price"":""608.80"",""ask_price"":""610.50""},{""bid_quantity"":40,""ask_quantity"":40,""bid_orders"":1,""ask_orders"":2,""bid_price"":""608.75"",""ask_price"":""610.55""},{""bid_quantity"":60,""ask_quantity"":40,""bid_orders"":3,""ask_orders"":1,""bid_price"":""608.70"",""ask_price"":""610.60""},{""bid_quantity"":40,""ask_quantity"":20,""bid_orders"":1,""ask_orders"":1,""bid_price"":""608.60"",""ask_price"":""610.65""}]"
09:15:25.573,1791517525573500545,2235268127434732,Ticker Data,0,51,71766.55,,09:15:25,,,,,,,,
09:15:25.643,1791517525643386757,2235268197320744,Full Data,8,1110871,470.10,20,09:15:25,,,485.95,44080,12260,14080,81380,"[{""bid_quantity"":60,""ask_quantity"":40,""bid_orders"":2,""ask_orders"":2,""bid_price"":""469.65"",""ask_price"":""471.25""},{""bid_quantity"":40,""ask_quantity"":40,""bid_orders"":2,""ask_orders"":2,""bid_price"":""469.60"",""ask_price"":""471.30""},{""bid_quantity"":40,""ask_quantity"":40,""bid_orders"":2,""ask_orders"":2,""bid_price"":""469.50"",""ask_price"":""471.40""},{""bid_quantity"":120,""ask_quantity"":60,""bid_orders"":1,""ask_orders"":2,""bid_price"":""469.45"",""ask_price"":""471.45""},{""bid_quantity"":20,""ask_quantity"":40,""bid_orders"":1,""ask_orders"":2,""bid_price"":""469.35"",""ask_price"":""471.50""}]"
09:15:25.674,1791517525675001521,2235268228935388,Full Data,8,1115207,655.10,20,09:15:25,,,657.07,48520,12160,24020,97240,"[{""bid_quantity"":20,""ask_quantity"":40,""bid_orders"":1,""ask_orders"":1,""bid_price"":""654.00"",""ask_price"":""655.80""},{""bid_quantity"":20,""ask_quantity"":60,""bid_orders"":1,""ask_orders"":2,""bid_price"":""653.90"",""ask_price"":""655.90""},{""bid_quantity"":20,""ask_quantity"":40,""bid_orders"":1,""ask_orders"":2,""bid_price"":""653.80"",""ask_price"":""655.95""},{""bid_quantity"":20,""ask_quantity"":20,""bid_orders"":1,""ask_orders"":1,""bid_price"":""653.75"",""ask_price"":""656.15""},{""bid_quantity"":60,""ask_quantity"":40,""bid_orders"":1,""ask_orders"":1,""bid_price"":""653.65"",""ask_price"":""656.25""}]"
09:15:25.708,1791517525708660418,2235268262594485,Full Data,8,1115207,655.80,20,09:15:25,,,657.07,48600,12520,23840,97240,"[{""bid_quantity"":20,""ask_quantity"":40,""bid_orders"":1,""ask_orders"":2,""bid_price"":""654.25"",""ask_price"":""655.80""},{""bid_quantity"":40,""ask_quantity"":60,""bid_orders"":1,""ask_orders"":2,""bid_price"":""653.85"",""ask_price"":""655.90""},{""bid_quantity"":20,""ask_quantity"":40,""bid_orders"":1,""ask_orders"":2,""bid_price"":""653.70"",""ask_price"":""655.95""},{""bid_quantity"":60,""ask_quantity"":60,""bid_orders"":1,""ask_orders"":2,""bid_price"":""653.65"",""ask_price"":""656.00""},{""bid_quantity"":320,""ask_quantity"":20,""bid_orders"":1,""ask_orders"":1,""bid_price"":""653.30"",""ask_price"":""656.15""}]"
09:15:25.743,1791517525743256482,2235268297190509,Full Data,8,1116183,491.55,20,09:15:25,,,493.27,97940,32800,56040,319760,"[{""bid_quantity"":200,""ask_quantity"":40,""bid_orders"":1,""ask_orders"":2,""bid_price"":""491.00"",""ask_price"":""491.80""},{""bid_quantity"":2060,""ask_quantity"":40,""bid_orders"":12,""ask_orders"":1,""bid_price"":""490.00"",""ask_price"":""491.85""},{""bid_quantity"":40,""ask_quantity"":60,""bid_orders"":1,""ask_orders"":3,""bid_price"":""489.55"",""ask_price"":""491.90""},{""bid_quantity"":100,""ask_quantity"":100,""bid_orders"":1,""ask_orders"":3,""bid_price"":""489.30"",""ask_price"":""492.05""},{""bid_quantity"":100,""ask_quantity"":20,""bid_orders"":1,""ask_orders"":1,""bid_price"":""488.40"",""ask_price"":""492.15""}]"
09:15:25.772,1791517525772973474,2235268326907461,Full Data,8,1105793,542.70,20,09:15:25,,,546.46,46820,14860,20520,50360,"[{""bid_quantity"":20,""ask_quantity"":60,""bid_orders"":1,""ask_orders"":1,""bid_price"":""541.25"",""ask_price"":""542.75""},{""bid_quantity"":120,""ask_quantity"":80,""bid_orders"":1,""ask_orders"":2,""bid_price"":""541.20"",""ask_price"":""542.80""},{""bid_quantity"":20,""ask_quantity"":40,""bid_orders"":1,""ask_orders"":2,""bid_price"":""541.15"",""ask_price"":""542.90""},{""bid_quantity"":20,""ask_quantity"":120,""bid_orders"":1,""ask_orders"":3,""bid_price"":""541.05"",""ask_price"":""542.95""},{""bid_quantity"":60,""ask_quantity"":80,""bid_orders"":2,""ask_orders"":2,""bid_price"":""540.95"",""ask_price"":""543.00""}]"
09:15:25.805,1791517525805591644,2235268359525751,Full Data,8,1116183,491.00,20,09:15:25,,,493.26,98160,34940,58700,319760,"[{""bid_quantity"":20,""ask_quantity"":20,""bid_orders"":1,""ask_orders"":1,""bid_price"":""490.30"",""ask_price"":""491.25""},{""bid_quantity"":20,""ask_quantity"":40,""bid_orders"":1,""ask_orders"":1,""bid_price"":""490.25"",""ask_price"":""491.50""},{""bid_quantity"":20,""ask_quantity"":20,""bid_orders"":1,""ask_orders"":1,""bid_price"":""490.20"",""ask_price"":""491.55""},{""bid_quantity"":20,""ask_quantity"":40,""bid_orders"":1,""ask_orders"":1,""bid_price"":""490.15"",""ask_price"":""491.70""},{""bid_quantity"":20,""ask_quantity"":20,""bid_orders"":1,""ask_orders"":1,""bid_price"":""490.10"",""ask_price"":""491.75""}]"
09:15:25.834,1791517525834928994,2235268388862981,Full Data,8,1111639,560.40,20,09:15:25,,,572.76,30100,13280,17300,60460,"[{""bid_quantity"":20,""ask_quantity"":20,""bid_orders"":1,""ask_orders"":1,""bid_price"":""560.35"",""ask_price"":""561.45""},{""bid_quantity"":20,""ask_quantity"":40,""bid_orders"":1,""ask_orders"":1,""bid_price"":""560.30"",""ask_price"":""562.25""},{""bid_quantity"":20,""ask_quantity"":40,""bid_orders"":1,""ask_orders"":2,""bid_price"":""560.25"",""ask_price"":""562.65""},{""bid_quantity"":40,""ask_quantity"":20,""bid_orders"":2,""ask_orders"":1,""bid_price"":""560.20"",""ask_price"":""562.80""},{""bid_quantity"":40,""ask_quantity"":40,""bid_orders"":2,""ask_orders"":1,""bid_price"":""560.15"",""ask_price"":""562.85""}]"
09:15:25.867,1791517525867811166,2235268421745113,Full Data,8,1114813,517.00,40,09:15:25,,,528.60,51400,14700,18060,57500,"[{""bid_quantity"":20,""ask_quantity"":20,""bid_orders"":1,""ask_orders"":1,""bid_price"":""515.40"",""ask_price"":""517.00""},{""bid_quantity"":60,""ask_quantity"":20,""bid_orders"":2,""ask_orders"":1,""bid_price"":""515.35"",""ask_price"":""517.05""},{""bid_quantity"":20,""ask_quantity"":20,""bid_orders"":1,""ask_orders"":1,""bid_price"":""515.30"",""ask_price"":""517.25""},{""bid_quantity"":40,""ask_quantity"":20,""bid_orders"":1,""ask_orders"":1,""bid_price"":""515.25"",""ask_price"":""517.45""},{""bid_quantity"":200,""ask_quantity"":20,""bid_orders"":1,""ask_orders"":1,""bid_price"":""515.10"",""ask_price"":""517.60""}]"
09:15:25.903,1791517525903675718,2235268457609665,Full Data,8,1111639,560.65,40,09:15:25,,,572.74,30140,13120,17820,60460,"[{""bid_quantity"":140,""ask_quantity"":20,""bid_orders"":1,""ask_orders"":1,""bid_price"":""560.65"",""ask_price"":""562.00""},{""bid_quantity"":340,""ask_quantity"":40,""bid_orders"":2,""ask_orders"":1,""bid_price"":""560.60"",""ask_price"":""562.05""},{""bid_quantity"":20,""ask_quantity"":20,""bid_orders"":1,""ask_orders"":1,""bid_price"":""560.55"",""ask_price"":""562.10""},{""bid_quantity"":40,""ask_quantity"":40,""bid_orders"":2,""ask_orders"":1,""bid_price"":""560.50"",""ask_price"":""562.35""},{""bid_quantity"":20,""ask_quantity"":60,""bid_orders"":1,""ask_orders"":2,""bid_price"":""560.45"",""ask_price"":""562.40""}]"
09:15:25.919,1791517525919965423,2235268473899290,Full Data,8,1114813,517.15,20,09:15:25,,,528.59,51420,14680,18280,57500,"[{""bid_quantity"":20,""ask_quantity"":20,""bid_orders"":1,""ask_orders"":1,""bid_price"":""515.90"",""ask_price"":""517.45""},{""bid_quantity"":120,""ask_quantity"":40,""bid_orders"":1,""ask_orders"":2,""bid_price"":""515.85"",""ask_price"":""517.60""},{""bid_quantity"":60,""ask_quantity"":200,""bid_orders"":2,""ask_orders"":3,""bid_price"":""515.80"",""ask_price"":""517.65""},{""bid_quantity"":40,""ask_quantity"":40,""bid_orders"":1,""ask_orders"":2,""bid_price"":""515.75"",""ask_price"":""517.85""},{""bid_quantity"":20,""ask_quantity"":20,""bid_orders"":1,""ask_orders"":1,""bid_price"":""515.55"",""ask_price"":""518.00""}]"
09:15:26.129,1791517526129545537,2235268683479764,Full Data,8,1112083,594.05,20,09:15:26,,,602.18,68680,16480,32140,97520,"[{""bid_quantity"":60,""ask_quantity"":40,""bid_orders"":2,""ask_orders"":2,""bid_price"":""592.60"",""ask_price"":""594.75""},{""bid_quantity"":20,""ask_quantity"":20,""bid_orders"":1,""ask_orders"":1,""bid_price"":""592.50"",""ask_price"":""594.80""},{""bid_quantity"":40,""ask_quantity"":20,""bid_orders"":2,""ask_orders"":1,""bid_price"":""592.40"",""ask_price"":""594.90""},{""bid_quantity"":40,""ask_quantity"":40,""bid_orders"":1,""ask_orders"":1,""bid_price"":""592.15"",""ask_price"":""595.05""},{""bid_quantity"":20,""ask_quantity"":20,""bid_orders"":1,""ask_orders"":1,""bid_price"":""592.10"",""ask_price"":""595.10""}]"
09:15:26.189,1791517526189317883,2235268743252070,Full Data,8,1111309,709.40,20,09:15:26,,,714.08,35680,15280,24720,98080,"[{""bid_quantity"":20,""ask_quantity"":40,""bid_orders"":1,""ask_orders"":2,""bid_price"":""708.50"",""ask_price"":""709.80""},{""bid_quantity"":20,""ask_quantity"":260,""bid_orders"":1,""ask_orders"":4,""bid_price"":""708.45"",""ask_price"":""709.90""},{""bid_quantity"":60,""ask_quantity"":160,""bid_orders"":1,""ask_orders"":2,""bid_price"":""708.35"",""ask_price"":""710.10""},{""bid_quantity"":60,""ask_quantity"":40,""bid_orders"":2,""ask_orders"":1,""bid_price"":""708.30"",""ask_price"":""711.10""},{""bid_quantity"":20,""ask_quantity"":280,""bid_orders"":1,""ask_orders"":2,""bid_price"":""708.15"",""ask_price"":""711.20""}]"
09:15:26.221,1791517526221464850,2235268775398957,Full Data,8,1111309,709.90,200,09:15:26,,,714.04,35940,12580,22680,98080,"[{""bid_quantity"":60,""ask_quantity"":40,""bid_orders"":2,""ask_orders"":2,""bid_price"":""708.55"",""ask_price"":""709.90""},{""bid_quantity"":40,""ask_quantity"":40,""bid_orders"":1,""ask_orders"":1,""bid_price"":""708.45"",""ask_price"":""710.80""},{""bid_quantity"":40,""ask_quantity"":140,""bid_orders"":1,""ask_orders"":1,""bid_price"":""708.40"",""ask_price"":""710.85""},{""bid_quantity"":60,""ask_quantity"":40,""bid_orders"":2,""ask_orders"":1,""bid_price"":""708.35"",""ask_price"":""710.95""},{""bid_quantity"":40,""ask_quantity"":240,""bid_orders"":1,""ask_orders"":2,""bid_price"":""708.30"",""ask_price"":""712.00""}]"
09:15:26.227,1791517526227952652,2235268781886479,Full Data,8,1112083,595.95,20,09:15:26,,,602.15,68980,14260,30400,97520,"[{""bid_quantity"":60,""ask_quantity"":20,""bid_orders"":2,""ask_orders"":1,""bid_price"":""593.45"",""ask_price"":""595.90""},{""bid_quantity"":40,""ask_quantity"":20,""bid_orders"":1,""ask_orders"":1,""bid_price"":""593.35"",""ask_price"":""595.95""},{""bid_quantity"":40,""ask_quantity"":220,""bid_orders"":1,""ask_orders"":4,""bid_price"":""593.30"",""ask_price"":""596.00""},{""bid_quantity"":60,""ask_quantity"":20,""bid_orders"":1,""ask_orders"":1,""bid_price"":""593.25"",""ask_price"":""596.05""},{""bid_quantity"":200,""ask_quantity"":20,""bid_orders"":1,""ask_orders"":1,""bid_price"":""593.15"",""ask_price"":""596.15""}]"
09:15:26.306,1791517526306333519,2235268860267506,Full Data,8,1107704,664.10,20,09:15:26,,,679.37,8720,10720,11820,17620,"[{""bid_quantity"":20,""ask_quantity"":80,""bid_orders"":1,""ask_orders"":2,""bid_price"":""662.40"",""ask_price"":""664.95""},{""bid_quantity"":40,""ask_quantity"":20,""bid_orders"":1,""ask_orders"":1,""bid_price"":""662.30"",""ask_price"":""665.00""},{""bid_quantity"":20,""ask_quantity"":20,""bid_orders"":1,""ask_orders"":1,""bid_price"":""662.25"",""ask_price"":""665.15""},{""bid_quantity"":40,""ask_quantity"":20,""bid_orders"":1,""ask_orders"":1,""bid_price"":""662.15"",""ask_price"":""665.35""},{""bid_quantity"":20,""ask_quantity"":20,""bid_orders"":1,""ask_orders"":1,""bid_price"":""662.10"",""ask_price"":""665.55""}]"
09:15:26.318,1791517526318290556,2235268872224423,Full Data,8,1102591,614.15,20,09:15:26,,,625.96,43980,13000,24780,209460,"[{""bid_quantity"":40,""ask_quantity"":160,""bid_orders"":1,""ask_orders"":1,""bid_price"":""611.25"",""ask_price"":""614.20""},{""bid_quantity"":20,""ask_quantity"":20,""bid_orders"":1,""ask_orders"":1,""bid_price"":""611.20"",""ask_price"":""614.30""},{""bid_quantity"":60,""ask_quantity"":20,""bid_orders"":2,""ask_orders"":1,""bid_price"":""611.00"",""ask_price"":""614.35""},{""bid_quantity"":20,""ask_quantity"":40,""bid_orders"":1,""ask_orders"":1,""bid_price"":""610.95"",""ask_price"":""614.40""},{""bid_quantity"":20,""ask_quantity"":340,""bid_orders"":1,""ask_orders"":2,""bid_price"":""610.85"",""ask_price"":""614.45""}]"
09:15:26.393,1791517526393267120,2235268947201347,Full Data,8,1114464,769.95,20,09:15:26,,,773.66,48600,19800,47780,272380,"[{""bid_quantity"":20,""ask_quantity"":20,""bid_orders"":1,""ask_orders"":1,""bid_price"":""766.90"",""ask_price"":""769.20""},{""bid_quantity"":60,""ask_quantity"":20,""bid_orders"":2,""ask_orders"":1,""bid_price"":""766.65"",""ask_price"":""769.40""},{""bid_quantity"":300,""ask_quantity"":40,""bid_orders"":2,""ask_orders"":1,""bid_price"":""766.50"",""ask_price"":""769.45""},{""bid_quantity"":40,""ask_quantity"":40,""bid_orders"":1,""ask_orders"":2,""bid_price"":""766.05"",""ask_price"":""769.50""},{""bid_quantity"":40,""ask_quantity"":80,""bid_orders"":1,""ask_orders"":4,""bid_price"":""766.00"",""ask_price"":""769.55""}]"
09:15:26.394,1791517526394860810,2235268948794677,Full Data,8,1107704,664.10,20,09:15:26,,,679.37,8720,10920,12140,17620,"[{""bid_quantity"":20,""ask_quantity"":20,""bid_orders"":1,""ask_orders"":1,""bid_price"":""663.65"",""ask_price"":""664.00""},{""bid_quantity"":20,""ask_quantity"":40,""bid_orders"":1,""ask_orders"":1,""bid_price"":""663.40"",""ask_price"":""664.05""},{""bid_quantity"":40,""ask_quantity"":60,""bid_orders"":1,""ask_orders"":2,""bid_price"":""663.35"",""ask_price"":""666.00""},{""bid_quantity"":20,""ask_quantity"":140,""bid_orders"":1,""ask_orders"":1,""bid_price"":""663.20"",""ask_price"":""666.10""},{""bid_quantity"":40,""ask_quantity"":20,""bid_orders"":1,""ask_orders"":1,""bid_price"":""663.05"",""ask_price"":""666.15""}]"
09:15:26.401,1791517526401579934,2235268955514001,Full Data,8,1102591,614.45,20,09:15:26,,,625.90,44220,12000,24980,209460,"[{""bid_quantity"":20,""ask_quantity"":160,""bid_orders"":1,""ask_orders"":2,""bid_price"":""611.95"",""ask_price"":""614.45""},{""bid_quantity"":20,""ask_quantity"":220,""bid_orders"":1,""ask_orders"":1,""bid_price"":""611.90"",""ask_price"":""614.50""},{""bid_quantity"":40,""ask_quantity"":60,""bid_orders"":1,""ask_orders"":2,""bid_price"":""611.80"",""ask_price"":""614.70""},{""bid_quantity"":60,""ask_quantity"":100,""bid_orders"":2,""ask_orders"":1,""bid_price"":""611.75"",""ask_price"":""614.80""},{""bid_quantity"":20,""ask_quantity"":40,""bid_orders"":1,""ask_orders"":1,""bid_price"":""611.65"",""ask_price"":""614.90""}]"
09:15:26.420,1791517526420270574,2235268974204561,Full Data,8,1107336,394.00,20,09:15:26,,,407.57,68320,16120,55700,304080,"[{""bid_quantity"":100,""ask_quantity"":20,""bid_orders"":4,""ask_orders"":1,""bid_price"":""394.00"",""ask_price"":""395.55""},{""bid_quantity"":80,""ask_quantity"":180,""bid_orders"":3,""ask_orders"":2,""bid_price"":""393.90"",""ask_price"":""395.70""},{""bid_quantity"":300,""ask_quantity"":60,""bid_orders"":3,""ask_orders"":2,""bid_price"":""393.60"",""ask_price"":""395.75""},{""bid_quantity"":220,""ask_quantity"":20,""bid_orders"":1,""ask_orders"":1,""bid_price"":""393.55"",""ask_price"":""395.95""},{""bid_quantity"":40,""ask_quantity"":440,""bid_orders"":1,""ask_orders"":3,""bid_price"":""393.45"",""ask_price"":""396.00""}]"
09:15:26.428,1791517526428125945,2235268982059812,Full Data,8,1104245,440.40,20,09:15:26,,,447.05,29100,15280,19340,52960,"[{""bid_quantity"":60,""ask_quantity"":40,""bid_orders"":2,""ask_orders"":2,""bid_price"":""439.75"",""ask_price"":""439.90""},{""bid_quantity"":20,""ask_quantity"":20,""bid_orders"":1,""ask_orders"":1,""bid_price"":""439.20"",""ask_price"":""439.95""},{""bid_quantity"":60,""ask_quantity"":20,""bid_orders"":2,""ask_orders"":1,""bid_price"":""439.15"",""ask_price"":""440.25""},{""bid_quantity"":60,""ask_quantity"":20,""bid_orders"":2,""ask_orders"":1,""bid_price"":""439.05"",""ask_price"":""440.30""},{""bid_quantity"":340,""ask_quantity"":20,""bid_orders"":3,""ask_orders"":1,""bid_price"":""438.80"",""ask_price"":""440.35""}]"
09:15:26.460,1791517526460283273,2235269014217180,Full Data,8,1114464,769.20,20,09:15:26,,,773.65,48620,19600,48540,272380,"[{""bid_quantity"":160,""ask_quantity"":40,""bid_orders"":1,""ask_orders"":1,""bid_price"":""767.20"",""ask_price"":""769.35""},{""bid_quantity"":60,""ask_quantity"":40,""bid_orders"":2,""ask_orders"":2,""bid_price"":""767.15"",""ask_price"":""769.40""},{""bid_quantity"":20,""ask_quantity"":80,""bid_orders"":1,""ask_orders"":3,""bid_price"":""767.05"",""ask_price"":""769.45""},{""bid_quantity"":80,""ask_quantity"":80,""bid_orders"":2,""ask_orders"":4,""bid_price"":""766.95"",""ask_price"":""769.55""},{""bid_quantity"":20,""ask_quantity"":40,""bid_orders"":1,""ask_orders"":2,""bid_price"":""766.90"",""ask_price"":""769.70""}]"
09:15:26.589,1791517526589156825,2235269143090932,Ticker Data,0,51,71777.37,,09:15:26,,,,,,,,
09:15:26.640,1791517526640747519,2235269194681466,Full Data,8,1110871,475.65,20,09:15:26,,,485.63,45260,11420,16320,81380,"[{""bid_quantity"":80,""ask_quantity"":20,""bid_orders"":3,""ask_orders"":1,""bid_price"":""474.15"",""ask_price"":""475.65""},{""bid_quantity"":20,""ask_quantity"":160,""bid_orders"":1,""ask_orders"":3,""bid_price"":""474.10"",""ask_price"":""476.45""},{""bid_quantity"":20,""ask_quantity"":140,""bid_orders"":1,""ask_orders"":2,""bid_price"":""473.95"",""ask_price"":""476.55""},{""bid_quantity"":340,""ask_quantity"":120,""bid_orders"":2,""ask_orders"":2,""bid_price"":""473.90"",""ask_price"":""476.70""},{""bid_quantity"":60,""ask_quantity"":100,""bid_orders"":3,""ask_orders"":1,""bid_price"":""473.75"",""ask_price"":""477.00""}]"
09:15:26.713,1791517526713064466,2235269266998373,Full Data,8,1115207,647.30,20,09:15:26,,,656.67,51700,13620,22800,97240,"[{""bid_quantity"":60,""ask_quantity"":40,""bid_orders"":1,""ask_orders"":2,""bid_price"":""646.35"",""ask_price"":""648.20""},{""bid_quantity"":40,""ask_quantity"":60,""bid_orders"":1,""ask_orders"":3,""bid_price"":""646.10"",""ask_price"":""648.30""},{""bid_quantity"":80,""ask_quantity"":20,""bid_orders"":1,""ask_orders"":1,""bid_price"":""646.05"",""ask_price"":""648.35""},{""bid_quantity"":100,""ask_quantity"":40,""bid_orders"":1,""ask_orders"":2,""bid_price"":""646.00"",""ask_price"":""648.55""},{""bid_quantity"":20,""ask_quantity"":20,""bid_orders"":1,""ask_orders"":1,""bid_price"":""645.95"",""ask_price"":""648.70""}]"
09:15:26.794,1791517526794133109,2235269348067416,Full Data,8,1116183,487.25,20,09:15:26,,,492.90,105920,35940,54800,319760,"[{""bid_quantity"":820,""ask_quantity"":100,""bid_orders"":1,""ask_orders"":3,""bid_price"":""486.35"",""ask_price"":""487.55""},{""bid_quantity"":320,""ask_quantity"":80,""bid_orders"":2,""ask_orders"":2,""bid_price"":""485.55"",""ask_price"":""487.60""},{""bid_quantity"":100,""ask_quantity"":60,""bid_orders"":1,""ask_orders"":2,""bid_price"":""485.45"",""ask_price"":""487.75""},{""bid_quantity"":100,""ask_quantity"":40,""bid_orders"":2,""ask_orders"":2,""bid_price"":""485.35"",""ask_price"":""487.90""},{""bid_quantity"":280,""ask_quantity"":40,""bid_orders"":3,""ask_orders"":1,""bid_price"":""485.20"",""ask_price"":""487.95""}]"
09:15:26.899,1791517526899183188,2235269453117255,Full Data,8,1114813,525.95,20,09:15:26,,,528.23,53420,11940,16400,57500,"[{""bid_quantity"":20,""ask_quantity"":40,""bid_orders"":1,""ask_orders"":1,""bid_price"":""523.50"",""ask_price"":""525.35""},{""bid_quantity"":20,""ask_quantity"":40,""bid_orders"":1,""ask_orders"":1,""bid_price"":""523.40"",""ask_price"":""525.40""},{""bid_quantity"":60,""ask_quantity"":60,""bid_orders"":1,""ask_orders"":2,""bid_price"":""523.35"",""ask_price"":""525.45""},{""bid_quantity"":20,""ask_quantity"":40,""bid_orders"":1,""ask_orders"":2,""bid_price"":""523.30"",""ask_price"":""525.50""},{""bid_quantity"":100,""ask_quantity"":20,""bid_orders"":1,""ask_orders"":1,""bid_price"":""523.25"",""ask_price"":""525.65""}]"
09:15:26.988,1791517526988131322,2235269542065389,Full Data,8,1114813,523.85,40,09:15:26,,,528.22,53520,12920,15800,57500,"[{""bid_quantity"":20,""ask_quantity"":20,""bid_orders"":1,""ask_orders"":1,""bid_price"":""523.05"",""ask_price"":""524.70""},{""bid_quantity"":360,""ask_quantity"":40,""bid_orders"":4,""ask_orders"":1,""bid_price"":""522.90"",""ask_price"":""524.75""},{""bid_quantity"":60,""ask_quantity"":20,""bid_orders"":1,""ask_orders"":1,""bid_price"":""522.85"",""ask_price"":""524.80""},{""bid_quantity"":120,""ask_quantity"":40,""bid_orders"":1,""ask_orders"":1,""bid_price"":""522.80"",""ask_price"":""524.85""},{""bid_quantity"":40,""ask_quantity"":20,""bid_orders"":1,""ask_orders"":1,""bid_price"":""522.65"",""ask_price"":""524.90""}]"
09:15:26.990,1791517526990193056,2235269544126883,Full Data,8,1111639,569.35,20,09:15:26,,,572.22,32060,11320,15140,60460,"[{""bid_quantity"":60,""ask_quantity"":20,""bid_orders"":2,""ask_orders"":1,""bid_price"":""568.15"",""ask_price"":""569.45""},{""bid_quantity"":40,""ask_quantity"":40,""bid_orders"":1,""ask_orders"":1,""bid_price"":""568.05"",""ask_price"":""571.15""},{""bid_quantity"":20,""ask_quantity"":40,""bid_orders"":1,""ask_orders"":1,""bid_price"":""568.00"",""ask_price"":""571.20""},{""bid_quantity"":140,""ask_quantity"":60,""bid_orders"":1,""ask_orders"":2,""bid_price"":""567.75"",""ask_price"":""571.30""},{""bid_quantity"":100,""ask_quantity"":60,""bid_orders"":1,""ask_orders"":2,""bid_price"":""567.70"",""ask_price"":""571.40""}]"
09:15:26.997,1791517526997026860,2235269550960807,Full Data,8,1105793,536.50,20,09:15:26,,,546.16,48860,14400,20120,50360,"[{""bid_quantity"":20,""ask_quantity"":80,""bid_orders"":1,""ask_orders"":3,""bid_price"":""536.50"",""ask_price"":""537.55""},{""bid_quantity"":140,""ask_quantity"":40,""bid_orders"":1,""ask_orders"":1,""bid_price"":""536.40"",""ask_price"":""538.50""},{""bid_quantity"":80,""ask_quantity"":80,""bid_orders"":3,""ask_orders"":2,""bid_price"":""536.35"",""ask_price"":""538.70""},{""bid_quantity"":40,""ask_quantity"":80,""bid_orders"":1,""ask_orders"":2,""bid_price"":""536.25"",""ask_price"":""538.90""},{""bid_quantity"":240,""ask_quantity"":300,""bid_orders"":2,""ask_orders"":3,""bid_price"":""536.20"",""ask_price"":""539.00""}]"
09:15:27.224,1791517527224207087,2235269778141394,Full Data,8,1111309,704.10,40,09:15:27,,,713.59,37760,14640,27820,98080,"[{""bid_quantity"":20,""ask_quantity"":40,""bid_orders"":1,""ask_orders"":2,""bid_price"":""702.90"",""ask_price"":""704.20""},{""bid_quantity"":20,""ask_quantity"":40,""bid_orders"":1,""ask_orders"":2,""bid_price"":""702.40"",""ask_price"":""704.25""},{""bid_quantity"":20,""ask_quantity"":40,""bid_orders"":1,""ask_orders"":2,""bid_price"":""702.20"",""ask_price"":""704.30""},{""bid_quantity"":40,""ask_quantity"":40,""bid_orders"":1,""ask_orders"":2,""bid_price"":""702.10"",""ask_price"":""704.40""},{""bid_quantity"":20,""ask_quantity"":20,""bid_orders"":1,""ask_orders"":1,""bid_price"":""702.00"",""ask_price"":""704.45""}]"
09:15:27.231,1791517527231498374,2235269785432281,Full Data,8,1112083,589.60,20,09:15:27,,,601.66,72260,14460,30160,97520,"[{""bid_quantity"":20,""ask_quantity"":40,""bid_orders"":1,""ask_orders"":2,""bid_price"":""588.40"",""ask_price"":""589.70""},{""bid_quantity"":20,""ask_quantity"":100,""bid_orders"":1,""ask_orders"":2,""bid_price"":""588.25"",""ask_price"":""589.80""},{""bid_quantity"":20,""ask_quantity"":60,""bid_orders"":1,""ask_orders"":2,""bid_price"":""588.10"",""ask_price"":""589.85""},{""bid_quantity"":20,""ask_quantity"":80,""bid_orders"":1,""ask_orders"":3,""bid_price"":""587.90"",""ask_price"":""590.00""},{""bid_quantity"":20,""ask_quantity"":20,""bid_orders"":1,""ask_orders"":1,""bid_price"":""587.70"",""ask_price"":""590.05""}]"
09:15:27.282,1791517527282129301,2235269836063368,Full Data,8,1111309,705.55,20,09:15:27,,,713.57,37820,13960,26320,98080,"[{""bid_quantity"":40,""ask_quantity"":40,""bid_orders"":1,""ask_orders"":2,""bid_price"":""704.30"",""ask_price"":""706.90""},{""bid_quantity"":20,""ask_quantity"":20,""bid_orders"":1,""ask_orders"":1,""bid_price"":""703.80"",""ask_price"":""706.95""},{""bid_quantity"":100,""ask_quantity"":20,""bid_orders"":2,""ask_orders"":1,""bid_price"":""703.55"",""ask_price"":""707.05""},{""bid_quantity"":40,""ask_quantity"":140,""bid_orders"":1,""ask_orders"":3,""bid_price"":""703.40"",""ask_price"":""707.20""},{""bid_quantity"":40,""ask_quantity"":40,""bid_orders"":1,""ask_orders"":1,""bid_price"":""703.30"",""ask_price"":""707.25""}]"
09:15:27.314,1791517527314888753,2235269868822820,Full Data,8,1112083,592.90,40,09:15:27,,,601.63,72420,13700,30100,97520,"[{""bid_quantity"":20,""ask_quantity"":180,""bid_orders"":1,""ask_orders"":2,""bid_price"":""591.10"",""ask_price"":""594.00""},{""bid_quantity"":20,""ask_quantity"":100,""bid_orders"":1,""ask_orders"":1,""bid_price"":""591.05"",""ask_price"":""594.30""},{""bid_quantity"":40,""ask_quantity"":100,""bid_orders"":1,""ask_orders"":1,""bid_price"":""590.80"",""ask_price"":""594.40""},{""bid_quantity"":40,""ask_quantity"":40,""bid_orders"":1,""ask_orders"":2,""bid_price"":""590.45"",""ask_price"":""594.50""},{""bid_quantity"":40,""ask_quantity"":100,""bid_orders"":1,""ask_orders"":1,""bid_price"":""590.00"",""ask_price"":""594.75""}]"
09:15:27.322,1791517527322383081,2235269876316988,Full Data,8,1107704,667.70,20,09:15:27,,,678.66,9360,10680,11940,17620,"[{""bid_quantity"":40,""ask_quantity"":60,""bid_orders"":1,""ask_orders"":2,""bid_price"":""667.10"",""ask_price"":""671.15""},{""bid_quantity"":40,""ask_quantity"":200,""bid_orders"":1,""ask_orders"":2,""bid_price"":""667.05"",""ask_price"":""671.20""},{""bid_quantity"":20,""ask_quantity"":20,""bid_orders"":1,""ask_orders"":1,""bid_price"":""666.55"",""ask_price"":""671.35""},{""bid_quantity"":20,""ask_quantity"":20,""bid_orders"":1,""ask_orders"":1,""bid_price"":""666.40"",""ask_price"":""671.40""},{""bid_quantity"":100,""ask_quantity"":20,""bid_orders"":1,""ask_orders"":1,""bid_price"":""666.00"",""ask_price"":""671.45""}]"
09:15:27.351,1791517527351608030,2235269905542097,Full Data,8,1102591,617.25,20,09:15:27,,,625.71,45480,12540,24960,209460,"[{""bid_quantity"":80,""ask_quantity"":40,""bid_orders"":3,""ask_orders"":2,""bid_price"":""615.00"",""ask_price"":""617.20""},{""bid_quantity"":100,""ask_quantity"":20,""bid_orders"":4,""ask_orders"":1,""bid_price"":""614.90"",""ask_price"":""617.25""},{""bid_quantity"":60,""ask_quantity"":100,""bid_orders"":3,""ask_orders"":1,""bid_price"":""614.85"",""ask_price"":""618.20""},{""bid_quantity"":60,""ask_quantity"":60,""bid_orders"":3,""ask_orders"":1,""bid_price"":""614.80"",""ask_price"":""618.45""},{""bid_quantity"":60,""ask_quantity"":20,""bid_orders"":3,""ask_orders"":1,""bid_price"":""614.75"",""ask_price"":""618.70""}]"
09:15:27.388,1791517527388860750,2235269942794737,Full Data,8,1107704,667.70,20,09:15:27,,,678.66,9360,10620,11980,17620,"[{""bid_quantity"":20,""ask_quantity"":60,""bid_orders"":1,""ask_orders"":2,""bid_price"":""666.55"",""ask_price"":""670.75""},{""bid_quantity"":20,""ask_quantity"":180,""bid_orders"":1,""ask_orders"":2,""bid_price"":""666.40"",""ask_price"":""670.80""},{""bid_quantity"":100,""ask_quantity"":60,""bid_orders"":1,""ask_orders"":2,""bid_price"":""666.00"",""ask_price"":""670.85""},{""bid_quantity"":100,""ask_quantity"":20,""bid_orders"":1,""ask_orders"":1,""bid_price"":""665.60"",""ask_price"":""670.95""},{""bid_quantity"":40,""ask_quantity"":40,""bid_orders"":1,""ask_orders"":2,""bid_price"":""665.00"",""ask_price"":""671.00""}]"
09:15:27.391,1791517527391175285,2235269945109192,Full Data,8,1102591,617.25,20,09:15:27,,,625.71,45480,12940,25260,209460,"[{""bid_quantity"":40,""ask_quantity"":20,""bid_orders"":2,""ask_orders"":1,""bid_price"":""615.10"",""ask_price"":""616.80""},{""bid_quantity"":40,""ask_quantity"":60,""bid_orders"":2,""ask_orders"":2,""bid_price"":""615.05"",""ask_price"":""617.10""},{""bid_quantity"":40,""ask_quantity"":160,""bid_orders"":2,""ask_orders"":2,""bid_price"":""614.95"",""ask_price"":""617.50""},{""bid_quantity"":80,""ask_quantity"":20,""bid_orders"":4,""ask_orders"":1,""bid_price"":""614.90"",""ask_price"":""617.80""},{""bid_quantity"":60,""ask_quantity"":120,""bid_orders"":3,""ask_orders"":2,""bid_price"":""614.85"",""ask_price"":""618.20""}]"
09:15:27.401,1791517527401097229,2235269955031016,Full Data,8,1107336,397.85,200,09:15:27,,,407.31,70380,14320,55100,304080,"[{""bid_quantity"":20,""ask_quantity"":40,""bid_orders"":1,""ask_orders"":2,""bid_price"":""396.95"",""ask_price"":""398.40""},{""bid_quantity"":20,""ask_quantity"":80,""bid_orders"":1,""ask_orders"":2,""bid_price"":""396.85"",""ask_price"":""398.45""},{""bid_quantity"":20,""ask_quantity"":360,""bid_orders"":1,""ask_orders"":4,""bid_price"":""396.80"",""ask_price"":""398.50""},{""bid_quantity"":20,""ask_quantity"":40,""bid_orders"":1,""ask_orders"":2,""bid_price"":""396.75"",""ask_price"":""398.55""},{""bid_quantity"":20,""ask_quantity"":40,""bid_orders"":1,""ask_orders"":2,""bid_price"":""396.70"",""ask_price"":""398.65""}]"
09:15:27.436,1791517527436337577,2235269990271764,Full Data,8,1104245,440.15,20,09:15:27,,,446.83,29940,14560,20360,52960,"[{""bid_quantity"":20,""ask_quantity"":20,""bid_orders"":1,""ask_orders"":1,""bid_price"":""439.40"",""ask_price"":""441.40""},{""bid_quantity"":80,""ask_quantity"":20,""bid_orders"":3,""ask_orders"":1,""bid_price"":""439.30"",""ask_price"":""441.75""},{""bid_quantity"":40,""ask_quantity"":140,""bid_orders"":2,""ask_orders"":1,""bid_price"":""439.25"",""ask_price"":""441.80""},{""bid_quantity"":20,""ask_quantity"":20,""bid_orders"":1,""ask_orders"":1,""bid_price"":""439.20"",""ask_price"":""441.90""},{""bid_quantity"":40,""ask_quantity"":40,""bid_orders"":1,""ask_orders"":1,""bid_price"":""439.15"",""ask_price"":""442.00""}]"
09:15:27.439,1791517527439784679,2235269993718546,Full Data,8,1114464,769.55,60,09:15:27,,,773.25,51080,17080,46440,272380,"[{""bid_quantity"":20,""ask_quantity"":40,""bid_orders"":1,""ask_orders"":1,""bid_price"":""769.35"",""ask_price"":""770.35""},{""bid_quantity"":160,""ask_quantity"":160,""bid_orders"":1,""ask_orders"":2,""bid_price"":""769.30"",""ask_price"":""770.95""},{""bid_quantity"":20,""ask_quantity"":60,""bid_orders"":1,""ask_orders"":1,""bid_price"":""769.05"",""ask_price"":""771.30""},{""bid_quantity"":60,""ask_quantity"":100,""bid_orders"":2,""ask_orders"":1,""bid_price"":""768.95"",""ask_price"":""772.20""},{""bid_quantity"":220,""ask_quantity"":160,""bid_orders"":2,""ask_orders"":2,""bid_price"":""768.90"",""ask_price"":""772.60""}]"
09:15:27.450,1791517527450361228,2235270004295095,Full Data,8,1104245,441.75,40,09:15:27,,,446.81,30020,14160,19180,52960,"[{""bid_quantity"":20,""ask_quantity"":40,""bid_orders"":1,""ask_orders"":1,""bid_price"":""441.35"",""ask_price"":""442.85""},{""bid_quantity"":40,""ask_quantity"":600,""bid_orders"":2,""ask_orders"":6,""bid_price"":""441.25"",""ask_price"":""442.90""},{""bid_quantity"":40,""ask_quantity"":140,""bid_orders"":2,""ask_orders"":2,""bid_price"":""441.10"",""ask_price"":""443.55""},{""bid_quantity"":40,""ask_quantity"":20,""bid_orders"":1,""ask_orders"":1,""bid_price"":""440.95"",""ask_price"":""443.65""},{""bid_quantity"":20,""ask_quantity"":80,""bid_orders"":1,""ask_orders"":1,""bid_price"":""440.90"",""ask_price"":""443.70""}]"
09:15:27.579,1791517527579212540,2235270133146887,Ticker Data,0,51,71766.71,,09:15:27,,,,,,,,
09:15:27.591,1791517527591848742,2235270145782689,Full Data,8,1114046,433.65,20,09:15:27,,,441.14,41160,11600,37460,119180,"[{""bid_quantity"":140,""ask_quantity"":40,""bid_orders"":1,""ask_orders"":2,""bid_price"":""431.45"",""ask_price"":""432.85""},{""bid_quantity"":60,""ask_quantity"":40,""bid_orders"":2,""ask_orders"":2,""bid_price"":""431.40"",""ask_price"":""432.95""},{""bid_quantity"":40,""ask_quantity"":40,""bid_orders"":1,""ask_orders"":2,""bid_price"":""431.35"",""ask_price"":""433.00""},{""bid_quantity"":40,""ask_quantity"":60,""bid_orders"":2,""ask_orders"":2,""bid_price"":""431.30"",""ask_price"":""433.05""},{""bid_quantity"":20,""ask_quantity"":100,""bid_orders"":1,""ask_orders"":4,""bid_price"":""431.25"",""ask_price"":""433.10""}]"
09:15:27.643,1791517527643966238,2235270197900665,Full Data,8,1110871,473.35,20,09:15:27,,,485.13,49040,14580,19740,81380,"[{""bid_quantity"":20,""ask_quantity"":20,""bid_orders"":1,""ask_orders"":1,""bid_price"":""471.15"",""ask_price"":""472.90""},{""bid_quantity"":20,""ask_quantity"":40,""bid_orders"":1,""ask_orders"":1,""bid_price"":""470.90"",""ask_price"":""472.95""},{""bid_quantity"":160,""ask_quantity"":20,""bid_orders"":2,""ask_orders"":1,""bid_price"":""470.85"",""ask_price"":""473.00""},{""bid_quantity"":40,""ask_quantity"":20,""bid_orders"":2,""ask_orders"":1,""bid_price"":""470.80"",""ask_price"":""473.05""},{""bid_quantity"":120,""ask_quantity"":20,""bid_orders"":2,""ask_orders"":1,""bid_price"":""470.70"",""ask_price"":""473.20""}]"
09:15:27.808,1791517527808695942,2235270362629889,Full Data,8,1115207,653.50,60,09:15:27,,,656.37,53620,12560,25660,97240,"[{""bid_quantity"":20,""ask_quantity"":20,""bid_orders"":1,""ask_orders"":1,""bid_price"":""652.15"",""ask_price"":""653.40""},{""bid_quantity"":20,""ask_quantity"":40,""bid_orders"":1,""ask_orders"":2,""bid_price"":""651.50"",""ask_price"":""653.45""},{""bid_quantity"":60,""ask_quantity"":160,""bid_orders"":2,""ask_orders"":3,""bid_price"":""651.35"",""ask_price"":""653.50""},{""bid_quantity"":20,""ask_quantity"":100,""bid_orders"":1,""ask_orders"":1,""bid_price"":""651.15"",""ask_price"":""653.55""},{""bid_quantity"":20,""ask_quantity"":320,""bid_orders"":1,""ask_orders"":2,""bid_price"":""651.05"",""ask_price"":""653.60""}]"
09:15:27.850,1791517527850035569,2235270403969756,Full Data,8,1116183,489.50,20,09:15:27,,,492.71,109740,33960,52840,319760,"[{""bid_quantity"":40,""ask_quantity"":60,""bid_orders"":2,""ask_orders"":2,""bid_price"":""489.35"",""ask_price"":""490.85""},{""bid_quantity"":120,""ask_quantity"":60,""bid_orders"":2,""ask_orders"":2,""bid_price"":""489.30"",""ask_price"":""490.90""},{""bid_quantity"":60,""ask_quantity"":80,""bid_orders"":2,""ask_orders"":3,""bid_price"":""489.25"",""ask_price"":""490.95""},{""bid_quantity"":40,""ask_quantity"":40,""bid_orders"":2,""ask_orders"":1,""bid_price"":""489.20"",""ask_price"":""491.05""},{""bid_quantity"":20,""ask_quantity"":40,""bid_orders"":1,""ask_orders"":2,""bid_price"":""489.05"",""ask_price"":""491.10""}]"
09:15:27.853,1791517527853341550,2235270407275457,Full Data,8,1115207,653.50,20,09:15:27,,,656.37,53640,12660,25400,97240,"[{""bid_quantity"":20,""ask_quantity"":20,""bid_orders"":1,""ask_orders"":1,""bid_price"":""651.80"",""ask_price"":""653.20""},{""bid_quantity"":20,""ask_quantity"":60,""bid_orders"":1,""ask_orders"":2,""bid_price"":""651.35"",""ask_price"":""653.25""},{""bid_quantity"":20,""ask_quantity"":20,""bid_orders"":1,""ask_orders"":1,""bid_price"":""651.15"",""ask_price"":""653.30""},{""bid_quantity"":60,""ask_quantity"":180,""bid_orders"":2,""ask_orders"":4,""bid_price"":""651.00"",""ask_price"":""653.45""},{""bid_quantity"":20,""ask_quantity"":60,""bid_orders"":1,""ask_orders"":3,""bid_price"":""650.90"",""ask_price"":""653.50""}]"
09:15:27.911,1791517527912000449,2235270465934756,Full Data,8,1116183,489.35,20,09:15:27,,,492.70,109880,35980,52860,319760,"[{""bid_quantity"":180,""ask_quantity"":40,""bid_orders"":2,""ask_orders"":2,""bid_price"":""489.30"",""ask_price"":""490.95""},{""bid_quantity"":180,""ask_quantity"":40,""bid_orders"":3,""ask_orders"":1,""bid_price"":""489.20"",""ask_price"":""491.05""},{""bid_quantity"":40,""ask_quantity"":40,""bid_orders"":2,""ask_orders"":2,""bid_price"":""489.05"",""ask_price"":""491.10""},{""bid_quantity"":40,""ask_quantity"":380,""bid_orders"":1,""ask_orders"":5,""bid_price"":""488.80"",""ask_price"":""491.15""},{""bid_quantity"":100,""ask_quantity"":60,""bid_orders"":1,""ask_orders"":2,""bid_price"":""488.75"",""ask_price"":""491.25""}]"
09:15:27.917,1791517527917385044,2235270471319231,Full Data,8,1114813,516.15,40,09:15:27,,,528.04,55080,14460,19360,57500,"[{""bid_quantity"":40,""ask_quantity"":20,""bid_orders"":1,""ask_orders"":1,""bid_price"":""514.95"",""ask_price"":""516.55""},{""bid_quantity"":160,""ask_quantity"":40,""bid_orders"":2,""ask_orders"":2,""bid_price"":""514.90"",""ask_price"":""516.65""},{""bid_quantity"":280,""ask_quantity"":80,""bid_orders"":3,""ask_orders"":3,""bid_price"":""514.50"",""ask_price"":""516.80""},{""bid_quantity"":140,""ask_quantity"":20,""bid_orders"":2,""ask_orders"":1,""bid_price"":""514.00"",""ask_price"":""516.90""},{""bid_quantity"":60,""ask_quantity"":40,""bid_orders"":1,""ask_orders"":2,""bid_price"":""513.95"",""ask_price"":""516.95""}]"
09:15:27.977,1791517527977507192,2235270531441379,Full Data,8,1111639,561.45,20,09:15:27,,,572.04,33440,12240,14860,60460,"[{""bid_quantity"":200,""ask_quantity"":60,""bid_orders"":1,""ask_orders"":2,""bid_price"":""560.30"",""ask_price"":""561.30""},{""bid_quantity"":20,""ask_quantity"":20,""bid_orders"":1,""ask_orders"":1,""bid_price"":""559.85"",""ask_price"":""561.35""},{""bid_quantity"":40,""ask_quantity"":40,""bid_orders"":1,""ask_orders"":1,""bid_price"":""559.55"",""ask_price"":""561.40""},{""bid_quantity"":180,""ask_quantity"":60,""bid_orders"":3,""ask_orders"":3,""bid_price"":""559.40"",""ask_price"":""561.45""},{""bid_quantity"":40,""ask_quantity"":20,""bid_orders"":2,""ask_orders"":1,""bid_price"":""559.35"",""ask_price"":""561.55""}]"
09:15:28.019,1791517528019244742,2235270573179009,Full Data,8,1114813,515.15,20,09:15:27,,,528.03,55140,12220,18160,57500,"[{""bid_quantity"":40,""ask_quantity"":60,""bid_orders"":2,""ask_orders"":2,""bid_price"":""516.95"",""ask_price"":""518.70""},{""bid_quantity"":40,""ask_quantity"":40,""bid_orders"":1,""ask_orders"":2,""bid_price"":""516.90"",""ask_price"":""518.75""},{""bid_quantity"":40,""ask_quantity"":60,""bid_orders"":2,""ask_orders"":3,""bid_price"":""516.85"",""ask_price"":""518.90""},{""bid_quantity"":60,""ask_quantity"":40,""bid_orders"":2,""ask_orders"":2,""bid_price"":""516.45"",""ask_price"":""519.05""},{""bid_quantity"":120,""ask_quantity"":80,""bid_orders"":3,""ask_orders"":2,""bid_price"":""516.40"",""ask_price"":""519.35""}]"
09:15:28.061,1791517528061499615,2235270615433802,Full Data,8,1111639,562.35,20,09:15:27,,,572.02,33520,10400,15140,60460,"[{""bid_quantity"":40,""ask_quantity"":40,""bid_orders"":1,""ask_orders"":1,""bid_price"":""561.90"",""ask_price"":""563.50""},{""bid_quantity"":40,""ask_quantity"":20,""bid_orders"":1,""ask_orders"":1,""bid_price"":""561.60"",""ask_price"":""563.55""},{""bid_quantity"":120,""ask_quantity"":80,""bid_orders"":3,""ask_orders"":2,""bid_price"":""561.50"",""ask_price"":""563.70""},{""bid_quantity"":20,""ask_quantity"":60,""bid_orders"":1,""ask_orders"":2,""bid_price"":""561.45"",""ask_price"":""563.75""},{""bid_quantity"":40,""ask_quantity"":40,""bid_orders"":2,""ask_orders"":2,""bid_price"":""561.35"",""ask_price"":""563.95""}]"
09:15:28.064,1791517528064457794,2235270618391701,Full Data,8,1105793,539.30,20,09:15:28,,,545.90,50460,13900,17260,50360,"[{""bid_quantity"":100,""ask_quantity"":60,""bid_orders"":1,""ask_orders"":2,""bid_price"":""539.00"",""ask_price"":""540.00""},{""bid_quantity"":20,""ask_quantity"":40,""bid_orders"":1,""ask_orders"":2,""bid_price"":""538.85"",""ask_price"":""540.35""},{""bid_quantity"":60,""ask_quantity"":180,""bid_orders"":2,""ask_orders"":2,""bid_price"":""538.65"",""ask_price"":""540.40""},{""bid_quantity"":40,""ask_quantity"":60,""bid_orders"":2,""ask_orders"":2,""bid_price"":""538.45"",""ask_price"":""540.55""},{""bid_quantity"":20,""ask_quantity"":20,""bid_orders"":1,""ask_orders"":1,""bid_price"":""538.30"",""ask_price"":""540.90""}]"
09:15:28.284,1791517528284141053,2235270838075240,Full Data,8,1111309,714.10,60,09:15:28,,,713.53,38680,12600,24360,98080,"[{""bid_quantity"":20,""ask_quantity"":1000,""bid_orders"":1,""ask_orders"":1,""bid_price"":""716.20"",""ask_price"":""717.30""},{""bid_quantity"":60,""ask_quantity"":80,""bid_orders"":2,""ask_orders"":1,""bid_price"":""716.05"",""ask_price"":""717.90""},{""bid_quantity"":20,""ask_quantity"":100,""bid_orders"":1,""ask_orders"":1,""bid_price"":""715.90"",""ask_price"":""718.70""},{""bid_quantity"":40,""ask_quantity"":40,""bid_orders"":1,""ask_orders"":1,""bid_price"":""715.80"",""ask_price"":""719.55""},{""bid_quantity"":40,""ask_quantity"":120,""bid_orders"":2,""ask_orders"":2,""bid_price"":""715.70"",""ask_price"":""719.60""}]"
09:15:28.324,1791517528324119991,2235270878054018,Full Data,8,1112083,602.55,40,09:15:28,,,601.36,75120,13780,29740,97520,"[{""bid_quantity"":40,""ask_quantity"":40,""bid_orders"":2,""ask_orders"":2,""bid_price"":""600.60"",""ask_price"":""602.60""},{""bid_quantity"":20,""ask_quantity"":40,""bid_orders"":1,""ask_orders"":2,""bid_price"":""600.55"",""ask_price"":""602.80""},{""bid_quantity"":40,""ask_quantity"":80,""bid_orders"":2,""ask_orders"":3,""bid_price"":""600.50"",""ask_price"":""602.95""},{""bid_quantity"":20,""ask_quantity"":120,""bid_orders"":1,""ask_orders"":2,""bid_price"":""600.35"",""ask_price"":""603.00""},{""bid_quantity"":140,""ask_quantity"":40,""bid_orders"":1,""ask_orders"":1,""bid_price"":""600.30"",""ask_price"":""603.10""}]"
09:15:28.338,1791517528338047401,2235270891981628,Full Data,8,1111309,714.10,60,09:15:28,,,713.53,38680,13060,23820,98080,"[{""bid_quantity"":20,""ask_quantity"":1000,""bid_orders"":1,""ask_orders"":1,""bid_price"":""716.50"",""ask_price"":""717.30""},{""bid_quantity"":20,""ask_quantity"":60,""bid_orders"":1,""ask_orders"":2,""bid_price"":""716.35"",""ask_price"":""717.85""},{""bid_quantity"":20,""ask_quantity"":100,""bid_orders"":1,""ask_orders"":2,""bid_price"":""716.20"",""ask_price"":""717.90""},{""bid_quantity"":20,""ask_quantity"":140,""bid_orders"":1,""ask_orders"":1,""bid_price"":""716.05"",""ask_price"":""718.65""},{""bid_quantity"":160,""ask_quantity"":100,""bid_orders"":1,""ask_orders"":1,""bid_price"":""716.00"",""ask_price"":""718.70""}]"
09:15:28.375,1791517528375681044,2235270929615151,Full Data,8,1107704,664.05,20,09:15:28,,,678.24,9620,9540,11440,17620,"[{""bid_quantity"":20,""ask_quantity"":20,""bid_orders"":1,""ask_orders"":1,""bid_price"":""656.00"",""ask_price"":""658.10""},{""bid_quantity"":160,""ask_quantity"":20,""bid_orders"":2,""ask_orders"":1,""bid_price"":""655.80"",""ask_price"":""658.20""},{""bid_quantity"":20,""ask_quantity"":40,""bid_orders"":1,""ask_orders"":1,""bid_price"":""655.60"",""ask_price"":""658.35""},{""bid_quantity"":20,""ask_quantity"":20,""bid_orders"":1,""ask_orders"":1,""bid_price"":""655.40"",""ask_price"":""658.40""},{""bid_quantity"":20,""ask_quantity"":20,""bid_orders"":1,""ask_orders"":1,""bid_price"":""655.30"",""ask_price"":""658.55""}]"
09:15:28.380,1791517528380546716,2235270934480703,Full Data,8,1102591,607.05,20,09:15:28,,,625.39,46480,12160,27060,209460,"[{""bid_quantity"":20,""ask_quantity"":60,""bid_orders"":1,""ask_orders"":3,""bid_price"":""605.25"",""ask_price"":""607.05""},{""bid_quantity"":40,""ask_quantity"":40,""bid_orders"":2,""ask_orders"":2,""bid_price"":""605.15"",""ask_price"":""607.10""},{""bid_quantity"":40,""ask_quantity"":60,""bid_orders"":2,""ask_orders"":2,""bid_price"":""605.05"",""ask_price"":""607.15""},{""bid_quantity"":20,""ask_quantity"":160,""bid_orders"":1,""ask_orders"":2,""bid_price"":""604.95"",""ask_price"":""607.30""},{""bid_quantity"":40,""ask_quantity"":40,""bid_orders"":2,""ask_orders"":2,""bid_price"":""604.90"",""ask_price"":""607.45""}]"
09:15:28.427,1791517528427687500,2235270981621407,Full Data,8,1107704,664.05,20,09:15:28,,,678.24,9620,9260,11680,17620,"[{""bid_quantity"":40,""ask_quantity"":20,""bid_orders"":1,""ask_orders"":1,""bid_price"":""657.15"",""ask_price"":""659.30""},{""bid_quantity"":20,""ask_quantity"":20,""bid_orders"":1,""ask_orders"":1,""bid_price"":""657.10"",""ask_price"":""660.55""},{""bid_quantity"":40,""ask_quantity"":100,""bid_orders"":1,""ask_orders"":1,""bid_price"":""656.95"",""ask_price"":""660.80""},{""bid_quantity"":20,""ask_quantity"":100,""bid_orders"":1,""ask_orders"":1,""bid_price"":""656.90"",""ask_price"":""661.20""},{""bid_quantity"":20,""ask_quantity"":20,""bid_orders"":1,""ask_orders"":1,""bid_price"":""656.70"",""ask_price"":""662.95""}]"
09:15:28.429,1791517528429700633,2235270983634620,Full Data,8,1102591,608.25,20,09:15:28,,,625.37,46520,14040,27260,209460,"[{""bid_quantity"":80,""ask_quantity"":20,""bid_orders"":3,""ask_orders"":1,""bid_price"":""606.25"",""ask_price"":""608.90""},{""bid_quantity"":20,""ask_quantity"":320,""bid_orders"":1,""ask_orders"":1,""bid_price"":""606.20"",""ask_price"":""609.05""},{""bid_quantity"":40,""ask_quantity"":20,""bid_orders"":1,""ask_orders"":1,""bid_price"":""606.05"",""ask_price"":""609.10""},{""bid_quantity"":40,""ask_quantity"":100,""bid_orders"":2,""ask_orders"":1,""bid_price"":""605.90"",""ask_price"":""609.20""},{""bid_quantity"":20,""ask_quantity"":140,""bid_orders"":1,""ask_orders"":2,""bid_price"":""605.75"",""ask_price"":""609.50""}]"
09:15:28.466,1791517528466357830,2235271020292057,Full Data,8,1107336,390.80,20,09:15:28,,,406.84,72820,15140,58420,304080,"[{""bid_quantity"":20,""ask_quantity"":80,""bid_orders"":1,""ask_orders"":2,""bid_price"":""390.20"",""ask_price"":""391.75""},{""bid_quantity"":80,""ask_quantity"":260,""bid_orders"":3,""ask_orders"":3,""bid_price"":""390.10"",""ask_price"":""391.80""},{""bid_quantity"":400,""ask_quantity"":100,""bid_orders"":1,""ask_orders"":1,""bid_price"":""390.00"",""ask_price"":""392.00""},{""bid_quantity"":20,""ask_quantity"":200,""bid_orders"":1,""ask_orders"":1,""bid_price"":""389.90"",""ask_price"":""392.40""},{""bid_quantity"":20,""ask_quantity"":40,""bid_orders"":1,""ask_orders"":1,""bid_price"":""389.75"",""ask_price"":""392.50""}]"
09:15:28.467,1791517528467367756,2235271021301663,Full Data,8,1112083,602.30,60,09:15:28,,,601.36,75260,16200,31240,97520,"[{""bid_quantity"":20,""ask_quantity"":80,""bid_orders"":1,""ask_orders"":3,""bid_price"":""599.45"",""ask_price"":""601.10""},{""bid_quantity"":100,""ask_quantity"":40,""bid_orders"":1,""ask_orders"":1,""bid_price"":""599.25"",""ask_price"":""601.15""},{""bid_quantity"":40,""ask_quantity"":20,""bid_orders"":1,""ask_orders"":1,""bid_price"":""599.20"",""ask_price"":""601.20""},{""bid_quantity"":20,""ask_quantity"":20,""bid_orders"":1,""ask_orders"":1,""bid_price"":""599.15"",""ask_price"":""601.25""},{""bid_quantity"":120,""ask_quantity"":40,""bid_orders"":1,""ask_orders"":1,""bid_price"":""599.10"",""ask_price"":""601.35""}]"
09:15:28.530,1791517528530417284,2235271084351391,Full Data,8,1104245,444.40,60,09:15:28,,,446.45,32800,13480,19180,52960,"[{""bid_quantity"":200,""ask_quantity"":20,""bid_orders"":2,""ask_orders"":1,""bid_price"":""447.15"",""ask_price"":""448.45""},{""bid_quantity"":180,""ask_quantity"":180,""bid_orders"":2,""ask_orders"":2,""bid_price"":""447.10"",""ask_price"":""448.50""},{""bid_quantity"":40,""ask_quantity"":40,""bid_orders"":1,""ask_orders"":1,""bid_price"":""447.05"",""ask_price"":""448.75""},{""bid_quantity"":180,""ask_quantity"":140,""bid_orders"":2,""ask_orders"":2,""bid_price"":""447.00"",""ask_price"":""448.80""},{""bid_quantity"":20,""ask_quantity"":120,""bid_orders"":1,""ask_orders"":1,""bid_price"":""446.95"",""ask_price"":""448.90""}]"
09:15:28.549,1791517528549989930,2235271103923957,Full Data,8,1114464,777.50,40,09:15:28,,,773.25,52160,16360,44720,272380,"[{""bid_quantity"":20,""ask_quantity"":120,""bid_orders"":1,""ask_orders"":4,""bid_price"":""776.60"",""ask_price"":""779.35""},{""bid_quantity"":20,""ask_quantity"":100,""bid_orders"":1,""ask_orders"":2,""bid_price"":""776.25"",""ask_price"":""779.40""},{""bid_quantity"":40,""ask_quantity"":240,""bid_orders"":1,""ask_orders"":2,""bid_price"":""776.15"",""ask_price"":""780.00""},{""bid_quantity"":20,""ask_quantity"":160,""bid_orders"":1,""ask_orders"":2,""bid_price"":""776.05"",""ask_price"":""780.20""},{""bid_quantity"":20,""ask_quantity"":40,""bid_orders"":1,""ask_orders"":1,""bid_price"":""775.90"",""ask_price"":""780.25""}]"
09:15:28.581,1791517528581578454,2235271135512481,Ticker Data,0,51,71779.49,,09:15:28,,,,,,,,
09:15:28.601,1791517528601476543,2235271155410610,Full Data,8,1114046,432.20,20,09:15:28,,,440.73,42660,12040,38160,119180,"[{""bid_quantity"":140,""ask_quantity"":40,""bid_orders"":1,""ask_orders"":2,""bid_price"":""431.60"",""ask_price"":""432.40""},{""bid_quantity"":160,""ask_quantity"":40,""bid_orders"":1,""ask_orders"":2,""bid_price"":""431.50"",""ask_price"":""432.50""},{""bid_quantity"":200,""ask_quantity"":40,""bid_orders"":3,""ask_orders"":2,""bid_price"":""431.40"",""ask_price"":""432.55""},{""bid_quantity"":40,""ask_quantity"":40,""bid_orders"":1,""ask_orders"":2,""bid_price"":""431.25"",""ask_price"":""432.65""},{""bid_quantity"":160,""ask_quantity"":40,""bid_orders"":1,""ask_orders"":2,""bid_price"":""431.20"",""ask_price"":""432.70""}]"
09:15:28.656,1791517528656102255,2235271210036242,Full Data,8,1110871,472.45,20,09:15:28,,,484.53,51080,10740,15600,81380,"[{""bid_quantity"":20,""ask_quantity"":20,""bid_orders"":1,""ask_orders"":1,""bid_price"":""473.65"",""ask_price"":""474.70""},{""bid_quantity"":40,""ask_quantity"":20,""bid_orders"":1,""ask_orders"":1,""bid_price"":""473.60"",""ask_price"":""474.75""},{""bid_quantity"":40,""ask_quantity"":20,""bid_orders"":2,""ask_orders"":1,""bid_price"":""473.55"",""ask_price"":""475.30""},{""bid_quantity"":60,""ask_quantity"":40,""bid_orders"":2,""ask_orders"":1,""bid_price"":""473.30"",""ask_price"":""475.35""},{""bid_quantity"":360,""ask_quantity"":40,""bid_orders"":2,""ask_orders"":2,""bid_price"":""473.20"",""ask_price"":""475.85""}]"
09:15:28.850,1791517528850707872,2235271404641979,Full Data,8,1115207,655.30,60,09:15:28,,,656.34,54620,14420,25280,97240,"[{""bid_quantity"":20,""ask_quantity"":20,""bid_orders"":1,""ask_orders"":1,""bid_price"":""654.20"",""ask_price"":""657.15""},{""bid_quantity"":260,""ask_quantity"":260,""bid_orders"":3,""ask_orders"":2,""bid_price"":""653.60"",""ask_price"":""657.25""},{""bid_quantity"":40,""ask_quantity"":80,""bid_orders"":1,""ask_orders"":3,""bid_price"":""653.05"",""ask_price"":""657.35""},{""bid_quantity"":200,""ask_quantity"":100,""bid_orders"":1,""ask_orders"":1,""bid_price"":""653.00"",""ask_price"":""657.60""},{""bid_quantity"":20,""ask_quantity"":80,""bid_orders"":1,""ask_orders"":2,""bid_price"":""652.45"",""ask_price"":""657.65""}]"
09:15:28.901,1791517528901119838,2235271455054065,Full Data,8,1116183,494.95,20,09:15:28,,,492.68,116660,35900,54200,319760,"[{""bid_quantity"":60,""ask_quantity"":60,""bid_orders"":2,""ask_orders"":2,""bid_price"":""493.80"",""ask_price"":""495.40""},{""bid_quantity"":40,""ask_quantity"":220,""bid_orders"":1,""ask_orders"":2,""bid_price"":""493.50"",""ask_price"":""495.80""},{""bid_quantity"":60,""ask_quantity"":40,""bid_orders"":2,""ask_orders"":2,""bid_price"":""493.45"",""ask_price"":""495.85""},{""bid_quantity"":60,""ask_quantity"":140,""bid_orders"":2,""ask_orders"":2,""bid_price"":""493.40"",""ask_price"":""495.95""},{""bid_quantity"":60,""ask_quantity"":660,""bid_orders"":2,""ask_orders"":2,""bid_price"":""493.15"",""ask_price"":""496.00""}]"
09:15:28.943,1791517528943557672,2235271497491659,Full Data,8,1115207,657.35,60,09:15:28,,,656.34,54680,14620,25140,97240,"[{""bid_quantity"":240,""ask_quantity"":40,""bid_orders"":3,""ask_orders"":2,""bid_price"":""653.60"",""ask_price"":""656.95""},{""bid_quantity"":20,""ask_quantity"":40,""bid_orders"":1,""ask_orders"":2,""bid_price"":""653.35"",""ask_price"":""657.00""},{""bid_quantity"":60,""ask_quantity"":20,""bid_orders"":1,""ask_orders"":1,""bid_price"":""653.30"",""ask_price"":""657.10""},{""bid_quantity"":100,""ask_quantity"":60,""bid_orders"":1,""ask_orders"":1,""bid_price"":""653.20"",""ask_price"":""657.15""},{""bid_quantity"":200,""ask_quantity"":120,""bid_orders"":1,""ask_orders"":2,""bid_price"":""653.00"",""ask_price"":""657.20""}]"
09:15:28.947,1791517528947945780,2235271501879607,Full Data,8,1116183,494.70,20,09:15:28,,,492.68,116880,34780,51120,319760,"[{""bid_quantity"":20,""ask_quantity"":20,""bid_orders"":1,""ask_orders"":1,""bid_price"":""492.15"",""ask_price"":""494.70""},{""bid_quantity"":280,""ask_quantity"":60,""bid_orders"":2,""ask_orders"":3,""bid_price"":""492.10"",""ask_price"":""494.75""},{""bid_quantity"":40,""ask_quantity"":80,""bid_orders"":1,""ask_orders"":4,""bid_price"":""491.65"",""ask_price"":""494.80""},{""bid_quantity"":60,""ask_quantity"":100,""bid_orders"":1,""ask_orders"":4,""bid_price"":""491.60"",""ask_price"":""494.85""},{""bid_quantity"":100,""ask_quantity"":80,""bid_orders"":1,""ask_orders"":4,""bid_price"":""491.40"",""ask_price"":""494.90""}]"
09:15:28.991,1791517528991257500,2235271545191567,Full Data,8,1114813,519.90,20,09:15:28,,,527.72,56500,11500,18280,57500,"[{""bid_quantity"":80,""ask_quantity"":20,""bid_orders"":3,""ask_orders"":1,""bid_price"":""520.80"",""ask_price"":""521.65""},{""bid_quantity"":380,""ask_quantity"":80,""bid_orders"":3,""ask_orders"":2,""bid_price"":""520.75"",""ask_price"":""521.70""},{""bid_quantity"":340,""ask_quantity"":120,""bid_orders"":2,""ask_orders"":2,""bid_price"":""520.70"",""ask_price"":""521.75""},{""bid_quantity"":80,""ask_quantity"":40,""bid_orders"":2,""ask_orders"":2,""bid_price"":""520.65"",""ask_price"":""521.85""},{""bid_quantity"":40,""ask_quantity"":400,""bid_orders"":1,""ask_orders"":2,""bid_price"":""520.40"",""ask_price"":""521.95""}]"
09:15:29.024,1791517529024301633,2235271578235860,Full Data,8,1111639,568.15,20,09:15:28,,,571.74,34460,9720,15580,60460,"[{""bid_quantity"":20,""ask_quantity"":100,""bid_orders"":1,""ask_orders"":1,""bid_price"":""567.70"",""ask_price"":""570.00""},{""bid_quantity"":60,""ask_quantity"":40,""bid_orders"":2,""ask_orders"":1,""bid_price"":""567.65"",""ask_price"":""570.35""},{""bid_quantity"":100,""ask_quantity"":60,""bid_orders"":1,""ask_orders"":1,""bid_price"":""567.60"",""ask_price"":""570.40""},{""bid_quantity"":40,""ask_quantity"":100,""bid_orders"":1,""ask_orders"":1,""bid_price"":""567.55"",""ask_price"":""570.50""},{""bid_quantity"":20,""ask_quantity"":100,""bid_orders"":1,""ask_orders"":1,""bid_price"":""567.50"",""ask_price"":""570.85""}]"
09:15:29.053,1791517529053427822,2235271607361969,Full Data,8,1105793,542.50,20,09:15:29,,,545.83,51760,12620,17260,50360,"[{""bid_quantity"":40,""ask_quantity"":40,""bid_orders"":1,""ask_orders"":2,""bid_price"":""542.00"",""ask_price"":""543.65""},{""bid_quantity"":160,""ask_quantity"":80,""bid_orders"":2,""ask_orders"":4,""bid_price"":""541.60"",""ask_price"":""543.80""},{""bid_quantity"":20,""ask_quantity"":40,""bid_orders"":1,""ask_orders"":2,""bid_price"":""541.50"",""ask_price"":""543.95""},{""bid_quantity"":100,""ask_quantity"":380,""bid_orders"":1,""ask_orders"":3,""bid_price"":""541.10"",""ask_price"":""544.00""},{""bid_quantity"":20,""ask_quantity"":40,""bid_orders"":1,""ask_orders"":2,""bid_price"":""541.05"",""ask_price"":""544.05""}]"
09:15:29.090,1791517529090097538,2235271644031685,Full Data,8,1114813,522.40,140,09:15:29,,,527.60,57780,11860,18560,57500,"[{""bid_quantity"":40,""ask_quantity"":20,""bid_orders"":1,""ask_orders"":1,""bid_price"":""522.15"",""ask_price"":""524.45""},{""bid_quantity"":20,""ask_quantity"":40,""bid_orders"":1,""ask_orders"":2,""bid_price"":""522.10"",""ask_price"":""524.50""},{""bid_quantity"":20,""ask_quantity"":140,""bid_orders"":1,""ask_orders"":1,""bid_price"":""522.05"",""ask_price"":""524.55""},{""bid_quantity"":60,""ask_quantity"":100,""bid_orders"":2,""ask_orders"":1,""bid_price"":""522.00"",""ask_price"":""524.65""},{""bid_quantity"":20,""ask_quantity"":40,""bid_orders"":1,""ask_orders"":1,""bid_price"":""521.95"",""ask_price"":""524.70""}]"
09:15:29.094,1791517529094491407,2235271648425354,Full Data,8,1111639,569.05,20,09:15:29,,,571.74,34520,10760,16000,60460,"[{""bid_quantity"":20,""ask_quantity"":20,""bid_orders"":1,""ask_orders"":1,""bid_price"":""568.00"",""ask_price"":""569.00""},{""bid_quantity"":20,""ask_quantity"":20,""bid_orders"":1,""ask_orders"":1,""bid_price"":""567.95"",""ask_price"":""569.05""},{""bid_quantity"":20,""ask_quantity"":40,""bid_orders"":1,""ask_orders"":1,""bid_price"":""567.90"",""ask_price"":""569.65""},{""bid_quantity"":40,""ask_quantity"":20,""bid_orders"":1,""ask_orders"":1,""bid_price"":""567.75"",""ask_price"":""570.25""},{""bid_quantity"":20,""ask_quantity"":120,""bid_orders"":1,""ask_orders"":1,""bid_price"":""567.60"",""ask_price"":""570.30""}]"
09:15:29.138,1791517529138396850,2235271692331077,Full Data,8,1105793,542.00,20,09:15:29,,,545.83,51780,11380,17020,50360,"[{""bid_quantity"":20,""ask_quantity"":20,""bid_orders"":1,""ask_orders"":1,""bid_price"":""541.80"",""ask_price"":""543.60""},{""bid_quantity"":60,""ask_quantity"":40,""bid_orders"":2,""ask_orders"":2,""bid_price"":""541.70"",""ask_price"":""543.75""},{""bid_quantity"":60,""ask_quantity"":320,""bid_orders"":3,""ask_orders"":4,""bid_price"":""541.65"",""ask_price"":""543.80""},{""bid_quantity"":20,""ask_quantity"":180,""bid_orders"":1,""ask_orders"":1,""bid_price"":""541.50"",""ask_price"":""543.90""},{""bid_quantity"":20,""ask_quantity"":20,""bid_orders"":1,""ask_orders"":1,""bid_price"":""541.45"",""ask_price"":""544.10""}]"
09:15:29.351,1791517529351243025,2235271905177252,Full Data,8,1111309,713.85,20,09:15:29,,,713.55,39420,13620,23480,98080,"[{""bid_quantity"":20,""ask_quantity"":60,""bid_orders"":1,""ask_orders"":3,""bid_price"":""712.65"",""ask_price"":""715.75""},{""bid_quantity"":20,""ask_quantity"":240,""bid_orders"":1,""ask_orders"":3,""bid_price"":""712.45"",""ask_price"":""715.80""},{""bid_quantity"":40,""ask_quantity"":280,""bid_orders"":1,""ask_orders"":6,""bid_price"":""712.30"",""ask_price"":""715.85""},{""bid_quantity"":40,""ask_quantity"":80,""bid_orders"":2,""ask_orders"":4,""bid_price"":""712.25"",""ask_price"":""715.95""},{""bid_quantity"":60,""ask_quantity"":20,""bid_orders"":2,""ask_orders"":1,""bid_price"":""712.00"",""ask_price"":""716.00""}]"
09:15:29.364,1791517529364783993,2235271918717940,Full Data,8,1107704,664.85,20,09:15:29,,,677.92,9860,9800,12100,17620,"[{""bid_quantity"":140,""ask_quantity"":20,""bid_orders"":1,""ask_orders"":1,""bid_price"":""663.80"",""ask_price"":""665.20""},{""bid_quantity"":40,""ask_quantity"":20,""bid_orders"":1,""ask_orders"":1,""bid_price"":""663.70"",""ask_price"":""665.50""},{""bid_quantity"":20,""ask_quantity"":20,""bid_orders"":1,""ask_orders"":1,""bid_price"":""663.65"",""ask_price"":""665.60""},{""bid_quantity"":20,""ask_quantity"":20,""bid_orders"":1,""ask_orders"":1,""bid_price"":""663.55"",""ask_price"":""665.65""},{""bid_quantity"":40,""ask_quantity"":20,""bid_orders"":1,""ask_orders"":1,""bid_price"":""663.25"",""ask_price"":""665.85""}]"
09:15:29.409,1791517529409216760,2235271963151267,Full Data,8,1102591,612.00,20,09:15:29,,,624.99,48160,11880,25540,209460,"[{""bid_quantity"":40,""ask_quantity"":20,""bid_orders"":1,""ask_orders"":1,""bid_price"":""612.50"",""ask_price"":""613.90""},{""bid_quantity"":40,""ask_quantity"":40,""bid_orders"":2,""ask_orders"":2,""bid_price"":""612.40"",""ask_price"":""613.95""},{""bid_quantity"":40,""ask_quantity"":60,""bid_orders"":1,""ask_orders"":2,""bid_price"":""612.30"",""ask_price"":""614.60""},{""bid_quantity"":60,""ask_quantity"":140,""bid_orders"":2,""ask_orders"":1,""bid_price"":""612.25"",""ask_price"":""615.10""},{""bid_quantity"":40,""ask_quantity"":40,""bid_orders"":2,""ask_orders"":2,""bid_price"":""612.20"",""ask_price"":""615.35""}]"
09:15:29.455,1791517529455938621,2235272009873128,Full Data,8,1107704,664.85,20,09:15:29,,,677.92,9860,12000,11560,17620,"[{""bid_quantity"":20,""ask_quantity"":20,""bid_orders"":1,""ask_orders"":1,""bid_price"":""662.65"",""ask_price"":""664.75""},{""bid_quantity"":20,""ask_quantity"":20,""bid_orders"":1,""ask_orders"":1,""bid_price"":""662.60"",""ask_price"":""664.80""},{""bid_quantity"":20,""ask_quantity"":20,""bid_orders"":1,""ask_orders"":1,""bid_price"":""662.50"",""ask_price"":""665.00""},{""bid_quantity"":20,""ask_quantity"":40,""bid_orders"":1,""ask_orders"":1,""bid_price"":""662.45"",""ask_price"":""665.10""},{""bid_quantity"":20,""ask_quantity"":20,""bid_orders"":1,""ask_orders"":1,""bid_price"":""662.30"",""ask_price"":""665.15""}]"
09:15:29.456,1791517529456936468,2235272010870455,Full Data,8,1102591,612.00,20,09:15:29,,,624.99,48160,12100,24920,209460,"[{""bid_quantity"":120,""ask_quantity"":20,""bid_orders"":1,""ask_orders"":1,""bid_price"":""610.85"",""ask_price"":""612.70""},{""bid_quantity"":100,""ask_quantity"":20,""bid_orders"":1,""ask_orders"":1,""bid_price"":""610.50"",""ask_price"":""612.80""},{""bid_quantity"":40,""ask_quantity"":20,""bid_orders"":1,""ask_orders"":1,""bid_price"":""610.35"",""ask_price"":""612.85""},{""bid_quantity"":40,""ask_quantity"":20,""bid_orders"":1,""ask_orders"":1,""bid_price"":""610.30"",""ask_price"":""613.10""},{""bid_quantity"":40,""ask_quantity"":20,""bid_orders"":1,""ask_orders"":1,""bid_price"":""609.70"",""ask_price"":""613.35""}]"
09:15:29.457,1791517529457044988,2235272010978655,Full Data,8,1111309,715.55,60,09:15:29,,,713.55,39480,12580,24920,98080,"[{""bid_quantity"":60,""ask_quantity"":20,""bid_orders"":2,""ask_orders"":1,""bid_price"":""714.95"",""ask_price"":""716.15""},{""bid_quantity"":20,""ask_quantity"":40,""bid_orders"":1,""ask_orders"":2,""bid_price"":""714.90"",""ask_price"":""717.10""},{""bid_quantity"":40,""ask_quantity"":960,""bid_orders"":1,""ask_orders"":1,""bid_price"":""714.80"",""ask_price"":""717.30""},{""bid_quantity"":20,""ask_quantity"":80,""bid_orders"":1,""ask_orders"":1,""bid_price"":""714.65"",""ask_price"":""717.90""},{""bid_quantity"":20,""ask_quantity"":140,""bid_orders"":1,""ask_orders"":2,""bid_price"":""714.50"",""ask_price"":""718.00""}]"
09:15:29.494,1791517529494316389,2235272048250536,Full Data,8,1112083,598.65,20,09:15:29,,,601.29,83500,14000,31600,97520,"[{""bid_quantity"":60,""ask_quantity"":80,""bid_orders"":2,""ask_orders"":3,""bid_price"":""598.00"",""ask_price"":""600.00""},{""bid_quantity"":100,""ask_quantity"":20,""bid_orders"":1,""ask_orders"":1,""bid_price"":""597.20"",""ask_price"":""600.05""},{""bid_quantity"":40,""ask_quantity"":40,""bid_orders"":1,""ask_orders"":1,""bid_price"":""596.90"",""ask_price"":""600.15""},{""bid_quantity"":60,""ask_quantity"":40,""bid_orders"":1,""ask_orders"":2,""bid_price"":""596.85"",""ask_price"":""600.20""},{""bid_quantity"":640,""ask_quantity"":20,""bid_orders"":2,""ask_orders"":1,""bid_price"":""596.75"",""ask_price"":""600.25""}]"
09:15:29.497,1791517529497606450,2235272051540357,Full Data,8,1112083,598.70,20,09:15:29,,,601.28,83740,16300,30500,97520,"[{""bid_quantity"":20,""ask_quantity"":40,""bid_orders"":1,""ask_orders"":1,""bid_price"":""596.20"",""ask_price"":""598.30""},{""bid_quantity"":40,""ask_quantity"":20,""bid_orders"":1,""ask_orders"":1,""bid_price"":""596.15"",""ask_price"":""598.35""},{""bid_quantity"":300,""ask_quantity"":40,""bid_orders"":1,""ask_orders"":1,""bid_price"":""596.10"",""ask_price"":""598.40""},{""bid_quantity"":40,""ask_quantity"":40,""bid_orders"":2,""ask_orders"":2,""bid_price"":""595.85"",""ask_price"":""598.45""},{""bid_quantity"":40,""ask_quantity"":40,""bid_orders"":2,""ask_orders"":1,""bid_price"":""595.75"",""ask_price"":""598.50""}]"
09:15:29.541,1791517529541868976,2235272095802923,Full Data,8,1104245,445.00,20,09:15:29,,,446.42,34180,14420,18600,52960,"[{""bid_quantity"":40,""ask_quantity"":60,""bid_orders"":1,""ask_orders"":2,""bid_price"":""444.15"",""ask_price"":""445.55""},{""bid_quantity"":20,""ask_quantity"":40,""bid_orders"":1,""ask_orders"":2,""bid_price"":""444.10"",""ask_price"":""445.60""},{""bid_quantity"":40,""ask_quantity"":40,""bid_orders"":1,""ask_orders"":1,""bid_price"":""444.00"",""ask_price"":""445.65""},{""bid_quantity"":20,""ask_quantity"":20,""bid_orders"":1,""ask_orders"":1,""bid_price"":""443.95"",""ask_price"":""445.80""},{""bid_quantity"":160,""ask_quantity"":100,""bid_orders"":1,""ask_orders"":1,""bid_price"":""443.80"",""ask_price"":""445.90""}]"
09:15:29.582,1791517529582707360,2235272136641267,Full Data,8,1114464,775.20,140,09:15:29,,,773.26,52880,16420,44540,272380,"[{""bid_quantity"":40,""ask_quantity"":20,""bid_orders"":1,""ask_orders"":1,""bid_price"":""773.85"",""ask_price"":""775.50""},{""bid_quantity"":20,""ask_quantity"":20,""bid_orders"":1,""ask_orders"":1,""bid_price"":""773.80"",""ask_price"":""775.85""},{""bid_quantity"":20,""ask_quantity"":40,""bid_orders"":1,""ask_orders"":1,""bid_price"":""773.60"",""ask_price"":""775.95""},{""bid_quantity"":20,""ask_quantity"":20,""bid_orders"":1,""ask_orders"":1,""bid_price"":""773.45"",""ask_price"":""776.15""},{""bid_quantity"":160,""ask_quantity"":20,""bid_orders"":2,""ask_orders"":1,""bid_price"":""773.25"",""ask_price"":""776.30""}]"
09:15:29.598,1791517529598418182,2235272152352129,Ticker Data,0,51,71790.27,,09:15:29,,,,,,,,
09:15:29.624,1791517529624935233,2235272178869340,Full Data,8,1114046,433.60,20,09:15:29,,,440.60,43560,11680,37360,119180,"[{""bid_quantity"":180,""ask_quantity"":20,""bid_orders"":2,""ask_orders"":1,""bid_price"":""432.95"",""ask_price"":""434.90""},{""bid_quantity"":240,""ask_quantity"":20,""bid_orders"":3,""ask_orders"":1,""bid_price"":""432.90"",""ask_price"":""435.05""},{""bid_quantity"":20,""ask_quantity"":100,""bid_orders"":1,""ask_orders"":1,""bid_price"":""432.75"",""ask_price"":""435.50""},{""bid_quantity"":20,""ask_quantity"":100,""bid_orders"":1,""ask_orders"":1,""bid_price"":""432.65"",""ask_price"":""436.15""},{""bid_quantity"":20,""ask_quantity"":40,""bid_orders"":1,""ask_orders"":1,""bid_price"":""432.45"",""ask_price"":""436.75""}]"
09:15:29.625,1791517529625343115,2235272179276982,Full Data,8,1104245,444.15,20,09:15:29,,,446.41,34240,15200,17680,52960,"[{""bid_quantity"":40,""ask_quantity"":20,""bid_orders"":1,""ask_orders"":1,""bid_price"":""441.00"",""ask_price"":""442.50""},{""bid_quantity"":20,""ask_quantity"":20,""bid_orders"":1,""ask_orders"":1,""bid_price"":""440.95"",""ask_price"":""442.55""},{""bid_quantity"":40,""ask_quantity"":20,""bid_orders"":1,""ask_orders"":1,""bid_price"":""440.80"",""ask_price"":""442.65""},{""bid_quantity"":20,""ask_quantity"":20,""bid_orders"":1,""ask_orders"":1,""bid_price"":""440.75"",""ask_price"":""442.70""},{""bid_quantity"":20,""ask_quantity"":20,""bid_orders"":1,""ask_orders"":1,""bid_price"":""440.60"",""ask_price"":""442.85""}]"
09:15:29.625,1791517529625921639,2235272179855426,Full Data,8,1114464,772.80,20,09:15:29,,,773.26,52940,19280,44360,272380,"[{""bid_quantity"":20,""ask_quantity"":40,""bid_orders"":1,""ask_orders"":2,""bid_price"":""769.40"",""ask_price"":""771.65""},{""bid_quantity"":40,""ask_quantity"":60,""bid_orders"":1,""ask_orders"":2,""bid_price"":""769.25"",""ask_price"":""771.75""},{""bid_quantity"":20,""ask_quantity"":40,""bid_orders"":1,""ask_orders"":2,""bid_price"":""769.20"",""ask_price"":""771.80""},{""bid_quantity"":40,""ask_quantity"":60,""bid_orders"":2,""ask_orders"":2,""bid_price"":""769.05"",""ask_price"":""771.90""},{""bid_quantity"":20,""ask_quantity"":20,""bid_orders"":1,""ask_orders"":1,""bid_price"":""768.90"",""ask_price"":""771.95""}]"
09:15:29.663,1791517529663391041,2235272217325028,Full Data,8,1110871,475.75,20,09:15:29,,,484.32,52320,10960,16800,81380,"[{""bid_quantity"":20,""ask_quantity"":20,""bid_orders"":1,""ask_orders"":1,""bid_price"":""475.15"",""ask_price"":""476.50""},{""bid_quantity"":20,""ask_quantity"":20,""bid_orders"":1,""ask_orders"":1,""bid_price"":""475.10"",""ask_price"":""476.55""},{""bid_quantity"":40,""ask_quantity"":20,""bid_orders"":2,""ask_orders"":1,""bid_price"":""475.05"",""ask_price"":""476.60""},{""bid_quantity"":20,""ask_quantity"":20,""bid_orders"":1,""ask_orders"":1,""bid_price"":""474.95"",""ask_price"":""476.65""},{""bid_quantity"":40,""ask_quantity"":20,""bid_orders"":1,""ask_orders"":1,""bid_price"":""474.90"",""ask_price"":""476.70""}]"
09:15:29.958,1791517529958614148,2235272512548375,Full Data,8,1115207,655.00,20,09:15:29,,,656.26,57600,12280,23480,97240,"[{""bid_quantity"":20,""ask_quantity"":80,""bid_orders"":1,""ask_orders"":3,""bid_price"":""652.20"",""ask_price"":""655.05""},{""bid_quantity"":80,""ask_quantity"":40,""bid_orders"":2,""ask_orders"":2,""bid_price"":""652.15"",""ask_price"":""655.25""},{""bid_quantity"":60,""ask_quantity"":40,""bid_orders"":2,""ask_orders"":2,""bid_price"":""652.10"",""ask_price"":""655.45""},{""bid_quantity"":20,""ask_quantity"":120,""bid_orders"":1,""ask_orders"":2,""bid_price"":""652.05"",""ask_price"":""655.60""},{""bid_quantity"":20,""ask_quantity"":20,""bid_orders"":1,""ask_orders"":1,""bid_price"":""651.40"",""ask_price"":""655.65""}]"
09:15:29.967,1791517529967358324,2235272521292311,Full Data,8,1116183,493.15,20,09:15:29,,,492.66,119700,34900,50820,319760,"[{""bid_quantity"":180,""ask_quantity"":40,""bid_orders"":2,""ask_orders"":2,""bid_price"":""491.40"",""ask_price"":""493.05""},{""bid_quantity"":60,""ask_quantity"":100,""bid_orders"":2,""ask_orders"":4,""bid_price"":""491.25"",""ask_price"":""493.10""},{""bid_quantity"":40,""ask_quantity"":40,""bid_orders"":2,""ask_orders"":2,""bid_price"":""491.10"",""ask_price"":""493.30""},{""bid_quantity"":160,""ask_quantity"":40,""bid_orders"":3,""ask_orders"":2,""bid_price"":""491.00"",""ask_price"":""493.40""},{""bid_quantity"":20,""ask_quantity"":60,""bid_orders"":1,""ask_orders"":3,""bid_price"":""490.90"",""ask_price"":""493.90""}]"
09:15:30.001,1791517530001841307,2235272555775454,Full Data,8,1115207,655.00,20,09:15:29,,,656.26,57600,12600,23440,97240,"[{""bid_quantity"":20,""ask_quantity"":20,""bid_orders"":1,""ask_orders"":1,""bid_price"":""652.10"",""ask_price"":""654.25""},{""bid_quantity"":20,""ask_quantity"":20,""bid_orders"":1,""ask_orders"":1,""bid_price"":""652.05"",""ask_price"":""654.30""},{""bid_quantity"":20,""ask_quantity"":220,""bid_orders"":1,""ask_orders"":2,""bid_price"":""651.85"",""ask_price"":""654.40""},{""bid_quantity"":20,""ask_quantity"":20,""bid_orders"":1,""ask_orders"":1,""bid_price"":""651.70"",""ask_price"":""654.45""},{""bid_quantity"":40,""ask_quantity"":60,""bid_orders"":1,""ask_orders"":3,""bid_price"":""651.60"",""ask_price"":""654.60""}]"
09:15:30.008,1791517530008410550,2235272562344537,Full Data,8,1116183,491.00,40,09:15:29,,,492.66,119800,36800,53160,319760,"[{""bid_quantity"":40,""ask_quantity"":40,""bid_orders"":1,""ask_orders"":2,""bid_price"":""491.60"",""ask_price"":""492.60""},{""bid_quantity"":20,""ask_quantity"":100,""bid_orders"":1,""ask_orders"":3,""bid_price"":""491.55"",""ask_price"":""492.80""},{""bid_quantity"":40,""ask_quantity"":40,""bid_orders"":1,""ask_orders"":1,""bid_price"":""491.40"",""ask_price"":""493.25""},{""bid_quantity"":20,""ask_quantity"":40,""bid_orders"":1,""ask_orders"":2,""bid_price"":""491.35"",""ask_price"":""493.40""},{""bid_quantity"":40,""ask_quantity"":220,""bid_orders"":1,""ask_orders"":3,""bid_price"":""491.25"",""ask_price"":""493.50""}]"
09:15:30.052,1791517530052104272,2235272606038379,Full Data,8,1114813,517.45,20,09:15:30,,,526.91,62740,12620,18820,57500,"[{""bid_quantity"":20,""ask_quantity"":20,""bid_orders"":1,""ask_orders"":1,""bid_price"":""516.15"",""ask_price"":""517.90""},{""bid_quantity"":20,""ask_quantity"":40,""bid_orders"":1,""ask_orders"":1,""bid_price"":""516.10"",""ask_price"":""518.30""},{""bid_quantity"":60,""ask_quantity"":20,""bid_orders"":2,""ask_orders"":1,""bid_price"":""516.05"",""ask_price"":""518.65""},{""bid_quantity"":20,""ask_quantity"":40,""bid_orders"":1,""ask_orders"":1,""bid_price"":""516.00"",""ask_price"":""519.30""},{""bid_quantity"":200,""ask_quantity"":60,""bid_orders"":2,""ask_orders"":1,""bid_price"":""515.90"",""ask_price"":""519.35""}]"
09:15:30.093,1791517530093849741,2235272647783688,Full Data,8,1111639,564.65,60,09:15:29,,,571.55,35380,10320,15260,60460,"[{""bid_quantity"":40,""ask_quantity"":20,""bid_orders"":1,""ask_orders"":1,""bid_price"":""562.35"",""ask_price"":""564.35""},{""bid_quantity"":40,""ask_quantity"":40,""bid_orders"":1,""ask_orders"":1,""bid_price"":""562.30"",""ask_price"":""564.45""},{""bid_quantity"":40,""ask_quantity"":20,""bid_orders"":1,""ask_orders"":1,""bid_price"":""562.25"",""ask_price"":""564.50""},{""bid_quantity"":40,""ask_quantity"":40,""bid_orders"":2,""ask_orders"":1,""bid_price"":""562.20"",""ask_price"":""564.55""},{""bid_quantity"":20,""ask_quantity"":120,""bid_orders"":1,""ask_orders"":1,""bid_price"":""562.10"",""ask_price"":""564.70""}]"
09:15:30.141,1791517530141817211,2235272695751598,Full Data,8,1114813,517.20,20,09:15:30,,,526.87,63000,13320,19520,57500,"[{""bid_quantity"":40,""ask_quantity"":80,""bid_orders"":2,""ask_orders"":3,""bid_price"":""516.20"",""ask_price"":""518.25""},{""bid_quantity"":20,""ask_quantity"":60,""bid_orders"":1,""ask_orders"":2,""bid_price"":""516.15"",""ask_price"":""518.30""},{""bid_quantity"":40,""ask_quantity"":60,""bid_orders"":2,""ask_orders"":2,""bid_price"":""516.10"",""ask_price"":""518.35""},{""bid_quantity"":160,""ask_quantity"":20,""bid_orders"":2,""ask_orders"":1,""bid_price"":""516.05"",""ask_price"":""518.40""},{""bid_quantity"":160,""ask_quantity"":20,""bid_orders"":2,""ask_orders"":1,""bid_price"":""515.95"",""ask_price"":""518.45""}]"
09:15:30.144,1791517530144380668,2235272698314735,Full Data,8,1111639,564.65,60,09:15:29,,,571.55,35380,10460,15140,60460,"[{""bid_quantity"":20,""ask_quantity"":60,""bid_orders"":1,""ask_orders"":2,""bid_price"":""562.20"",""ask_price"":""563.80""},{""bid_quantity"":20,""ask_quantity"":40,""bid_orders"":1,""ask_orders"":2,""bid_price"":""562.10"",""ask_price"":""563.85""},{""bid_quantity"":20,""ask_quantity"":140,""bid_orders"":1,""ask_orders"":3,""bid_price"":""562.00"",""ask_price"":""563.90""},{""bid_quantity"":20,""ask_quantity"":60,""bid_orders"":1,""ask_orders"":2,""bid_price"":""561.90"",""ask_price"":""563.95""},{""bid_quantity"":20,""ask_quantity"":220,""bid_orders"":1,""ask_orders"":3,""bid_price"":""561.70"",""ask_price"":""564.00""}]"
09:15:30.154,1791517530154911416,2235272708845563,Full Data,8,1105793,544.50,40,09:15:30,,,545.80,52580,11860,19360,50360,"[{""bid_quantity"":20,""ask_quantity"":80,""bid_orders"":1,""ask_orders"":4,""bid_price"":""543.75"",""ask_price"":""545.20""},{""bid_quantity"":40,""ask_quantity"":40,""bid_orders"":2,""ask_orders"":2,""bid_price"":""543.70"",""ask_price"":""545.35""},{""bid_quantity"":40,""ask_quantity"":20,""bid_orders"":2,""ask_orders"":1,""bid_price"":""543.60"",""ask_price"":""545.50""},{""bid_quantity"":20,""ask_quantity"":20,""bid_orders"":1,""ask_orders"":1,""bid_price"":""543.50"",""ask_price"":""545.65""},{""bid_quantity"":40,""ask_quantity"":60,""bid_orders"":2,""ask_orders"":2,""bid_price"":""543.45"",""ask_price"":""545.70""}]"
09:15:30.187,1791517530187870709,2235272741804776,Full Data,8,1105793,545.05,40,09:15:30,,,545.80,52720,12020,19540,50360,"[{""bid_quantity"":40,""ask_quantity"":40,""bid_orders"":2,""ask_orders"":2,""bid_price"":""544.50"",""ask_price"":""545.85""},{""bid_quantity"":40,""ask_quantity"":40,""bid_orders"":2,""ask_orders"":2,""bid_price"":""544.35"",""ask_price"":""545.95""},{""bid_quantity"":40,""ask_quantity"":40,""bid_orders"":1,""ask_orders"":2,""bid_price"":""544.25"",""ask_price"":""546.00""},{""bid_quantity"":60,""ask_quantity"":240,""bid_orders"":2,""ask_orders"":4,""bid_price"":""544.20"",""ask_price"":""546.15""},{""bid_quantity"":40,""ask_quantity"":20,""bid_orders"":2,""ask_orders"":1,""bid_price"":""543.95"",""ask_price"":""546.20""}]"
09:15:30.421,1791517530421156375,2235272975090642,Full Data,8,1107704,665.00,20,09:15:29,,,677.84,9920,9400,12080,17620,"[{""bid_quantity"":80,""ask_quantity"":40,""bid_orders"":3,""ask_orders"":2,""bid_price"":""658.95"",""ask_price"":""661.30""},{""bid_quantity"":60,""ask_quantity"":20,""bid_orders"":3,""ask_orders"":1,""bid_price"":""658.90"",""ask_price"":""661.55""},{""bid_quantity"":120,""ask_quantity"":40,""bid_orders"":4,""ask_orders"":1,""bid_price"":""658.75"",""ask_price"":""661.70""},{""bid_quantity"":40,""ask_quantity"":100,""bid_orders"":2,""ask_orders"":1,""bid_price"":""658.70"",""ask_price"":""662.40""},{""bid_quantity"":40,""ask_quantity"":40,""bid_orders"":2,""ask_orders"":1,""bid_price"":""658.55"",""ask_price"":""662.75""}]"
09:15:30.431,1791517530431730204,2235272985664271,Full Data,8,1102591,609.55,20,09:15:30,,,624.70,49240,11420,25720,209460,"[{""bid_quantity"":20,""ask_quantity"":40,""bid_orders"":1,""ask_orders"":2,""bid_price"":""607.95"",""ask_price"":""609.90""},{""bid_quantity"":40,""ask_quantity"":40,""bid_orders"":2,""ask_orders"":2,""bid_price"":""607.85"",""ask_price"":""610.05""},{""bid_quantity"":100,""ask_quantity"":40,""bid_orders"":4,""ask_orders"":2,""bid_price"":""607.65"",""ask_price"":""610.15""},{""bid_quantity"":40,""ask_quantity"":40,""bid_orders"":1,""ask_orders"":2,""bid_price"":""607.50"",""ask_price"":""610.25""},{""bid_quantity"":40,""ask_quantity"":180,""bid_orders"":2,""ask_orders"":1,""bid_price"":""607.45"",""ask_price"":""610.50""}]"
09:15:30.481,1791517530481109523,2235273035043510,Full Data,8,1111309,715.15,20,09:15:30,,,713.57,40140,14860,23520,98080,"[{""bid_quantity"":20,""ask_quantity"":180,""bid_orders"":1,""ask_orders"":2,""bid_price"":""713.20"",""ask_price"":""715.20""},{""bid_quantity"":60,""ask_quantity"":40,""bid_orders"":1,""ask_orders"":2,""bid_price"":""712.40"",""ask_price"":""715.55""},{""bid_quantity"":40,""ask_quantity"":360,""bid_orders"":1,""ask_orders"":3,""bid_price"":""712.25"",""ask_price"":""715.60""},{""bid_quantity"":40,""ask_quantity"":180,""bid_orders"":2,""ask_orders"":2,""bid_price"":""712.20"",""ask_price"":""715.65""},{""bid_quantity"":20,""ask_quantity"":220,""bid_orders"":1,""ask_orders"":3,""bid_price"":""712.10"",""ask_price"":""715.70""}]"
09:15:30.484,1791517530485005748,2235273038939655,Full Data,8,1107704,665.00,20,09:15:29,,,677.84,9920,9140,12060,17620,"[{""bid_quantity"":20,""ask_quantity"":40,""bid_orders"":1,""ask_orders"":1,""bid_price"":""659.70"",""ask_price"":""662.05""},{""bid_quantity"":40,""ask_quantity"":40,""bid_orders"":2,""ask_orders"":2,""bid_price"":""659.65"",""ask_price"":""662.10""},{""bid_quantity"":40,""ask_quantity"":60,""bid_orders"":2,""ask_orders"":2,""bid_price"":""659.50"",""ask_price"":""662.25""},{""bid_quantity"":40,""ask_quantity"":40,""bid_orders"":2,""ask_orders"":2,""bid_price"":""659.45"",""ask_price"":""662.30""},{""bid_quantity"":40,""ask_quantity"":40,""bid_orders"":1,""ask_orders"":2,""bid_price"":""659.35"",""ask_price"":""662.45""}]"
09:15:30.521,1791517530521576344,2235273075510491,Full Data,8,1102591,609.55,20,09:15:30,,,624.70,49240,11400,25520,209460,"[{""bid_quantity"":40,""ask_quantity"":60,""bid_orders"":2,""ask_orders"":2,""bid_price"":""608.90"",""ask_price"":""610.95""},{""bid_quantity"":40,""ask_quantity"":180,""bid_orders"":2,""ask_orders"":2,""bid_price"":""608.55"",""ask_price"":""611.05""},{""bid_quantity"":60,""ask_quantity"":180,""bid_orders"":2,""ask_orders"":2,""bid_price"":""608.40"",""ask_price"":""611.15""},{""bid_quantity"":100,""ask_quantity"":100,""bid_orders"":5,""ask_orders"":1,""bid_price"":""608.35"",""ask_price"":""611.20""},{""bid_quantity"":100,""ask_quantity"":20,""bid_orders"":3,""ask_orders"":1,""bid_price"":""608.25"",""ask_price"":""611.95""}]"
09:15:30.524,1791517530524957806,2235273078891833,Full Data,8,1107336,394.00,20,09:15:30,,,405.87,78980,13420,57480,304080,"[{""bid_quantity"":120,""ask_quantity"":20,""bid_orders"":4,""ask_orders"":1,""bid_price"":""392.30"",""ask_price"":""394.35""},{""bid_quantity"":40,""ask_quantity"":280,""bid_orders"":2,""ask_orders"":5,""bid_price"":""392.25"",""ask_price"":""394.40""},{""bid_quantity"":40,""ask_quantity"":280,""bid_orders"":2,""ask_orders"":1,""bid_price"":""392.20"",""ask_price"":""394.70""},{""bid_quantity"":80,""ask_quantity"":120,""bid_orders"":3,""ask_orders"":2,""bid_price"":""392.15"",""ask_price"":""394.80""},{""bid_quantity"":100,""ask_quantity"":40,""bid_orders"":5,""ask_orders"":1,""bid_price"":""392.10"",""ask_price"":""394.85""}]"
09:15:30.533,1791517530533543541,2235273087477768,Full Data,8,1111309,711.20,20,09:15:30,,,713.57,40200,14980,22820,98080,"[{""bid_quantity"":40,""ask_quantity"":20,""bid_orders"":1,""ask_orders"":1,""bid_price"":""709.50"",""ask_price"":""712.85""},{""bid_quantity"":20,""ask_quantity"":160,""bid_orders"":1,""ask_orders"":1,""bid_price"":""709.45"",""ask_price"":""712.90""},{""bid_quantity"":60,""ask_quantity"":140,""bid_orders"":2,""ask_orders"":1,""bid_price"":""709.25"",""ask_price"":""713.20""},{""bid_quantity"":120,""ask_quantity"":40,""bid_orders"":2,""ask_orders"":2,""bid_price"":""709.20"",""ask_price"":""713.25""},{""bid_quantity"":20,""ask_quantity"":180,""bid_orders"":1,""ask_orders"":2,""bid_price"":""708.85"",""ask_price"":""713.30""}]"
09:15:30.553,1791517530554007433,2235273107941540,Full Data,8,1112083,596.20,40,09:15:30,,,601.22,85540,14220,31020,97520,"[{""bid_quantity"":40,""ask_quantity"":40,""bid_orders"":1,""ask_orders"":2,""bid_price"":""594.95"",""ask_price"":""596.70""},{""bid_quantity"":20,""ask_quantity"":20,""bid_orders"":1,""ask_orders"":1,""bid_price"":""594.90"",""ask_price"":""596.75""},{""bid_quantity"":40,""ask_quantity"":20,""bid_orders"":1,""ask_orders"":1,""bid_price"":""594.80"",""ask_price"":""596.80""},{""bid_quantity"":120,""ask_quantity"":20,""bid_orders"":2,""ask_orders"":1,""bid_price"":""594.75"",""ask_price"":""596.95""},{""bid_quantity"":20,""ask_quantity"":340,""bid_orders"":1,""ask_orders"":2,""bid_price"":""594.55"",""ask_price"":""597.05""}]"
09:15:30.585,1791517530585363876,2235273139298063,Ticker Data,0,51,71789.44,,09:15:30,,,,,,,,
09:15:30.700,1791517530700350459,2235273254284486,Full Data,8,1110871,473.00,40,09:15:30,,,483.95,54020,10740,17220,81380,"[{""bid_quantity"":160,""ask_quantity"":20,""bid_orders"":2,""ask_orders"":1,""bid_price"":""469.00"",""ask_price"":""470.60""},{""bid_quantity"":80,""ask_quantity"":40,""bid_orders"":3,""ask_orders"":2,""bid_price"":""468.90"",""ask_price"":""470.65""},{""bid_quantity"":40,""ask_quantity"":60,""bid_orders"":2,""ask_orders"":3,""bid_price"":""468.85"",""ask_price"":""470.70""},{""bid_quantity"":40,""ask_quantity"":40,""bid_orders"":2,""ask_orders"":2,""bid_price"":""468.75"",""ask_price"":""470.85""},{""bid_quantity"":20,""ask_quantity"":60,""bid_orders"":1,""ask_orders"":3,""bid_price"":""468.70"",""ask_price"":""470.90""}]"
09:15:30.717,1791517530717210008,2235273271144075,Full Data,8,1104245,444.05,20,09:15:30,,,446.39,34680,14480,18800,52960,"[{""bid_quantity"":20,""ask_quantity"":40,""bid_orders"":1,""ask_orders"":2,""bid_price"":""444.45"",""ask_price"":""445.70""},{""bid_quantity"":40,""ask_quantity"":60,""bid_orders"":1,""ask_orders"":2,""bid_price"":""444.40"",""ask_price"":""445.95""},{""bid_quantity"":60,""ask_quantity"":140,""bid_orders"":2,""ask_orders"":1,""bid_price"":""444.35"",""ask_price"":""446.00""},{""bid_quantity"":120,""ask_quantity"":20,""bid_orders"":4,""ask_orders"":1,""bid_price"":""444.30"",""ask_price"":""446.05""},{""bid_quantity"":40,""ask_quantity"":40,""bid_orders"":2,""ask_orders"":2,""bid_price"":""444.25"",""ask_price"":""446.15""}]"
09:15:30.719,1791517530719339861,2235273273273728,Full Data,8,1114464,774.00,20,09:15:30,,,773.27,55240,17240,45760,272380,"[{""bid_quantity"":20,""ask_quantity"":60,""bid_orders"":1,""ask_orders"":2,""bid_price"":""774.10"",""ask_price"":""777.35""},{""bid_quantity"":200,""ask_quantity"":20,""bid_orders"":3,""ask_orders"":1,""bid_price"":""774.05"",""ask_price"":""777.40""},{""bid_quantity"":160,""ask_quantity"":40,""bid_orders"":1,""ask_orders"":1,""bid_price"":""774.00"",""ask_price"":""777.55""},{""bid_quantity"":220,""ask_quantity"":20,""bid_orders"":3,""ask_orders"":1,""bid_price"":""773.90"",""ask_price"":""777.60""},{""bid_quantity"":120,""ask_quantity"":60,""bid_orders"":1,""ask_orders"":1,""bid_price"":""773.45"",""ask_price"":""777.65""}]"
09:15:31.015,1791517531015434174,2235273569368481,Full Data,8,1115207,658.65,80,09:15:30,,,656.24,58520,12640,24340,97240,"[{""bid_quantity"":20,""ask_quantity"":60,""bid_orders"":1,""ask_orders"":2,""bid_price"":""659.60"",""ask_price"":""662.25""},{""bid_quantity"":20,""ask_quantity"":200,""bid_orders"":1,""ask_orders"":2,""bid_price"":""659.45"",""ask_price"":""662.30""},{""bid_quantity"":20,""ask_quantity"":120,""bid_orders"":1,""ask_orders"":1,""bid_price"":""659.35"",""ask_price"":""662.35""},{""bid_quantity"":40,""ask_quantity"":160,""bid_orders"":1,""ask_orders"":2,""bid_price"":""659.25"",""ask_price"":""662.40""},{""bid_quantity"":20,""ask_quantity"":80,""bid_orders"":1,""ask_orders"":2,""bid_price"":""659.20"",""ask_price"":""662.75""}]"
09:15:31.016,1791517531016685262,2235273570619169,Full Data,8,1116183,496.55,20,09:15:30,,,492.71,124580,33240,52320,319760,"[{""bid_quantity"":40,""ask_quantity"":60,""bid_orders"":2,""ask_orders"":2,""bid_price"":""496.80"",""ask_price"":""498.65""},{""bid_quantity"":40,""ask_quantity"":100,""bid_orders"":1,""ask_orders"":1,""bid_price"":""496.75"",""ask_price"":""498.90""},{""bid_quantity"":40,""ask_quantity"":120,""bid_orders"":1,""ask_orders"":1,""bid_price"":""496.70"",""ask_price"":""498.95""},{""bid_quantity"":40,""ask_quantity"":1200,""bid_orders"":1,""ask_orders"":6,""bid_price"":""496.40"",""ask_price"":""499.00""},{""bid_quantity"":60,""ask_quantity"":40,""bid_orders"":2,""ask_orders"":1,""bid_price"":""496.35"",""ask_price"":""499.10""}]"
09:15:31.094,1791517531094781566,2235273648715913,Full Data,8,1114813,509.55,20,09:15:31,,,526.02,66800,12120,19100,57500,"[{""bid_quantity"":20,""ask_quantity"":40,""bid_orders"":1,""ask_orders"":2,""bid_price"":""509.85"",""ask_price"":""511.05""},{""bid_quantity"":40,""ask_quantity"":60,""bid_orders"":2,""ask_orders"":3,""bid_price"":""509.75"",""ask_price"":""511.25""},{""bid_quantity"":40,""ask_quantity"":80,""bid_orders"":1,""ask_orders"":3,""bid_price"":""509.70"",""ask_price"":""511.35""},{""bid_quantity"":60,""ask_quantity"":40,""bid_orders"":3,""ask_orders"":2,""bid_price"":""509.65"",""ask_price"":""511.40""},{""bid_quantity"":20,""ask_quantity"":40,""bid_orders"":1,""ask_orders"":2,""bid_price"":""509.60"",""ask_price"":""511.55""}]"
09:15:31.264,1791517531264463262,2235273818397689,Full Data,8,1105793,550.95,60,09:15:31,,,545.80,54060,11520,24040,50360,"[{""bid_quantity"":20,""ask_quantity"":60,""bid_orders"":1,""ask_orders"":3,""bid_price"":""550.80"",""ask_price"":""552.50""},{""bid_quantity"":100,""ask_quantity"":80,""bid_orders"":4,""ask_orders"":4,""bid_price"":""550.65"",""ask_price"":""552.55""},{""bid_quantity"":40,""ask_quantity"":40,""bid_orders"":2,""ask_orders"":2,""bid_price"":""550.60"",""ask_price"":""552.70""},{""bid_quantity"":40,""ask_quantity"":40,""bid_orders"":2,""ask_orders"":2,""bid_price"":""550.55"",""ask_price"":""552.75""},{""bid_quantity"":20,""ask_quantity"":40,""bid_orders"":1,""ask_orders"":1,""bid_price"":""550.50"",""ask_price"":""552.80""}]"
09:15:31.412,1791517531412585219,2235273966519486,Full Data,8,1107704,651.05,20,09:15:31,,,676.58,10500,9640,16380,17620,"[{""bid_quantity"":60,""ask_quantity"":20,""bid_orders"":2,""ask_orders"":1,""bid_price"":""649.70"",""ask_price"":""651.60""},{""bid_quantity"":40,""ask_quantity"":20,""bid_orders"":2,""ask_orders"":1,""bid_price"":""649.65"",""ask_price"":""651.85""},{""bid_quantity"":80,""ask_quantity"":140,""bid_orders"":3,""ask_orders"":2,""bid_price"":""649.50"",""ask_price"":""651.95""},{""bid_quantity"":40,""ask_quantity"":40,""bid_orders"":2,""ask_orders"":2,""bid_price"":""649.45"",""ask_price"":""652.05""},{""bid_quantity"":20,""ask_quantity"":20,""bid_orders"":1,""ask_orders"":1,""bid_price"":""649.35"",""ask_price"":""652.25""}]"
09:15:31.435,1791517531435436526,2235273989370553,Full Data,8,1102591,599.40,20,09:15:31,,,623.54,51780,10980,35380,209460,"[{""bid_quantity"":60,""ask_quantity"":100,""bid_orders"":2,""ask_orders"":3,""bid_price"":""600.10"",""ask_price"":""602.40""},{""bid_quantity"":40,""ask_quantity"":40,""bid_orders"":2,""ask_orders"":1,""bid_price"":""600.05"",""ask_price"":""602.75""},{""bid_quantity"":80,""ask_quantity"":100,""bid_orders"":3,""ask_orders"":1,""bid_price"":""600.00"",""ask_price"":""602.80""},{""bid_quantity"":20,""ask_quantity"":100,""bid_orders"":1,""ask_orders"":1,""bid_price"":""599.95"",""ask_price"":""603.00""},{""bid_quantity"":20,""ask_quantity"":20,""bid_orders"":1,""ask_orders"":1,""bid_price"":""599.90"",""ask_price"":""603.15""}]"
09:15:31.469,1791517531469175104,2235274023109171,Full Data,8,1107704,651.05,20,09:15:31,,,676.58,10500,9540,16540,17620,"[{""bid_quantity"":60,""ask_quantity"":20,""bid_orders"":2,""ask_orders"":1,""bid_price"":""650.35"",""ask_price"":""651.60""},{""bid_quantity"":160,""ask_quantity"":40,""bid_orders"":2,""ask_orders"":1,""bid_price"":""650.30"",""ask_price"":""652.70""},{""bid_quantity"":20,""ask_quantity"":60,""bid_orders"":1,""ask_orders"":2,""bid_price"":""650.05"",""ask_price"":""653.45""},{""bid_quantity"":40,""ask_quantity"":160,""bid_orders"":2,""ask_orders"":2,""bid_price"":""649.85"",""ask_price"":""653.50""},{""bid_quantity"":40,""ask_quantity"":100,""bid_orders"":1,""ask_orders"":1,""bid_price"":""649.70"",""ask_price"":""654.00""}]"
09:15:31.501,1791517531501980716,2235274055914783,Full Data,8,1102591,599.40,20,09:15:31,,,623.54,51780,11200,36400,209460,"[{""bid_quantity"":40,""ask_quantity"":20,""bid_orders"":2,""ask_orders"":1,""bid_price"":""600.20"",""ask_price"":""602.30""},{""bid_quantity"":60,""ask_quantity"":60,""bid_orders"":2,""ask_orders"":1,""bid_price"":""600.10"",""ask_price"":""602.35""},{""bid_quantity"":40,""ask_quantity"":100,""bid_orders"":2,""ask_orders"":3,""bid_price"":""600.05"",""ask_price"":""602.40""},{""bid_quantity"":20,""ask_quantity"":80,""bid_orders"":1,""ask_orders"":1,""bid_price"":""600.00"",""ask_price"":""602.50""},{""bid_quantity"":60,""ask_quantity"":20,""bid_orders"":3,""ask_orders"":1,""bid_price"":""599.90"",""ask_price"":""602.75""}]"
09:15:31.526,1791517531526350994,2235274080285301,Full Data,8,1111309,725.10,20,09:15:31,,,713.75,42000,14520,25800,98080,"[{""bid_quantity"":20,""ask_quantity"":20,""bid_orders"":1,""ask_orders"":1,""bid_price"":""725.35"",""ask_price"":""727.35""},{""bid_quantity"":40,""ask_quantity"":20,""bid_orders"":2,""ask_orders"":1,""bid_price"":""725.30"",""ask_price"":""727.55""},{""bid_quantity"":40,""ask_quantity"":120,""bid_orders"":1,""ask_orders"":1,""bid_price"":""725.25"",""ask_price"":""727.60""},{""bid_quantity"":20,""ask_quantity"":20,""bid_orders"":1,""ask_orders"":1,""bid_price"":""725.20"",""ask_price"":""727.75""},{""bid_quantity"":20,""ask_quantity"":20,""bid_orders"":1,""ask_orders"":1,""bid_price"":""725.10"",""ask_price"":""727.90""}]"
09:15:31.555,1791517531555247540,2235274109181487,Full Data,8,1111309,727.85,40,09:15:31,,,713.83,42260,12480,24400,98080,"[{""bid_quantity"":20,""ask_quantity"":100,""bid_orders"":1,""ask_orders"":1,""bid_price"":""727.15"",""ask_price"":""728.00""},{""bid_quantity"":20,""ask_quantity"":40,""bid_orders"":1,""ask_orders"":1,""bid_price"":""726.80"",""ask_price"":""729.00""},{""bid_quantity"":60,""ask_quantity"":140,""bid_orders"":2,""ask_orders"":2,""bid_price"":""726.60"",""ask_price"":""729.05""},{""bid_quantity"":40,""ask_quantity"":20,""bid_orders"":2,""ask_orders"":1,""bid_price"":""726.55"",""ask_price"":""729.20""},{""bid_quantity"":40,""ask_quantity"":60,""bid_orders"":2,""ask_orders"":2,""bid_price"":""726.40"",""ask_price"":""729.25""}]"
09:15:31.592,1791517531592300740,2235274146235207,Ticker Data,0,51,71800.54,,09:15:31,,,,,,,,
09:15:31.634,1791517531634695213,2235274188629440,Full Data,8,1114046,424.00,40,09:15:31,,,440.08,45420,12640,36960,119180,"[{""bid_quantity"":40,""ask_quantity"":60,""bid_orders"":2,""ask_orders"":3,""bid_price"":""424.20"",""ask_price"":""425.50""},{""bid_quantity"":200,""ask_quantity"":40,""bid_orders"":3,""ask_orders"":2,""bid_price"":""424.15"",""ask_price"":""425.65""},{""bid_quantity"":80,""ask_quantity"":80,""bid_orders"":3,""ask_orders"":3,""bid_price"":""424.05"",""ask_price"":""425.70""},{""bid_quantity"":40,""ask_quantity"":40,""bid_orders"":2,""ask_orders"":2,""bid_price"":""423.95"",""ask_price"":""425.75""},{""bid_quantity"":20,""ask_quantity"":60,""bid_orders"":1,""ask_orders"":3,""bid_price"":""423.90"",""ask_price"":""425.80""}]"
09:15:31.697,1791517531697714580,2235274251648727,Full Data,8,1110871,465.80,20,09:15:31,,,483.15,56720,12480,16500,81380,"[{""bid_quantity"":20,""ask_quantity"":20,""bid_orders"":1,""ask_orders"":1,""bid_price"":""464.80"",""ask_price"":""466.40""},{""bid_quantity"":200,""ask_quantity"":80,""bid_orders"":3,""ask_orders"":3,""bid_price"":""464.70"",""ask_price"":""466.45""},{""bid_quantity"":40,""ask_quantity"":40,""bid_orders"":2,""ask_orders"":2,""bid_price"":""464.65"",""ask_price"":""466.50""},{""bid_quantity"":140,""ask_quantity"":20,""bid_orders"":1,""ask_orders"":1,""bid_price"":""464.60"",""ask_price"":""466.55""},{""bid_quantity"":100,""ask_quantity"":20,""bid_orders"":3,""ask_orders"":1,""bid_price"":""464.45"",""ask_price"":""466.65""}]"
09:15:31.705,1791517531705874313,2235274259808300,Full Data,8,1112083,609.95,100,09:15:31,,,601.24,87280,13720,29880,97520,"[{""bid_quantity"":40,""ask_quantity"":40,""bid_orders"":1,""ask_orders"":2,""bid_price"":""610.25"",""ask_price"":""611.85""},{""bid_quantity"":20,""ask_quantity"":180,""bid_orders"":1,""ask_orders"":3,""bid_price"":""610.20"",""ask_price"":""611.90""},{""bid_quantity"":40,""ask_quantity"":20,""bid_orders"":1,""ask_orders"":1,""bid_price"":""610.15"",""ask_price"":""611.95""},{""bid_quantity"":20,""ask_quantity"":220,""bid_orders"":1,""ask_orders"":3,""bid_price"":""610.05"",""ask_price"":""612.00""},{""bid_quantity"":20,""ask_quantity"":20,""bid_orders"":1,""ask_orders"":1,""bid_price"":""609.85"",""ask_price"":""612.05""}]"
09:15:31.764,1791517531764175810,2235274318109877,Full Data,8,1104245,454.40,20,09:15:31,,,446.79,37240,13380,20700,52960,"[{""bid_quantity"":40,""ask_quantity"":20,""bid_orders"":1,""ask_orders"":1,""bid_price"":""453.55"",""ask_price"":""454.75""},{""bid_quantity"":20,""ask_quantity"":20,""bid_orders"":1,""ask_orders"":1,""bid_price"":""453.50"",""ask_price"":""454.85""},{""bid_quantity"":40,""ask_quantity"":40,""bid_orders"":1,""ask_orders"":1,""bid_price"":""453.40"",""ask_price"":""454.95""},{""bid_quantity"":20,""ask_quantity"":140,""bid_orders"":1,""ask_orders"":2,""bid_price"":""453.35"",""ask_price"":""455.00""},{""bid_quantity"":40,""ask_quantity"":20,""bid_orders"":2,""ask_orders"":1,""bid_price"":""453.20"",""ask_price"":""455.05""}]"
09:15:31.789,1791517531789326332,2235274343260359,Full Data,8,1114464,788.30,20,09:15:31,,,773.38,56360,16720,45460,272380,"[{""bid_quantity"":180,""ask_quantity"":20,""bid_orders"":2,""ask_orders"":1,""bid_price"":""786.40"",""ask_price"":""788.30""},{""bid_quantity"":160,""ask_quantity"":20,""bid_orders"":1,""ask_orders"":1,""bid_price"":""786.35"",""ask_price"":""788.40""},{""bid_quantity"":200,""ask_quantity"":60,""bid_orders"":2,""ask_orders"":3,""bid_price"":""786.30"",""ask_price"":""788.45""},{""bid_quantity"":260,""ask_quantity"":40,""bid_orders"":2,""ask_orders"":2,""bid_price"":""786.25"",""ask_price"":""788.60""},{""bid_quantity"":180,""ask_quantity"":40,""bid_orders"":2,""ask_orders"":2,""bid_price"":""786.15"",""ask_price"":""788.65""}]"
09:15:32.116,1791517532116952768,2235274670887155,Full Data,8,1116183,501.00,20,09:15:32,,,493.04,130080,35660,53440,319760,"[{""bid_quantity"":40,""ask_quantity"":60,""bid_orders"":1,""ask_orders"":3,""bid_price"":""499.60"",""ask_price"":""501.05""},{""bid_quantity"":20,""ask_quantity"":40,""bid_orders"":1,""ask_orders"":2,""bid_price"":""499.55"",""ask_price"":""501.10""},{""bid_quantity"":280,""ask_quantity"":40,""bid_orders"":3,""ask_orders"":2,""bid_price"":""499.50"",""ask_price"":""501.15""},{""bid_quantity"":200,""ask_quantity"":60,""bid_orders"":5,""ask_orders"":2,""bid_price"":""499.45"",""ask_price"":""501.25""},{""bid_quantity"":180,""ask_quantity"":60,""bid_orders"":4,""ask_orders"":2,""bid_price"":""499.30"",""ask_price"":""501.45""}]"
09:15:32.119,1791517532119110062,2235274673044049,Full Data,8,1115207,665.55,20,09:15:32,,,656.46,59840,16140,25480,97240,"[{""bid_quantity"":20,""ask_quantity"":20,""bid_orders"":1,""ask_orders"":1,""bid_price"":""662.90"",""ask_price"":""664.95""},{""bid_quantity"":40,""ask_quantity"":40,""bid_orders"":1,""ask_orders"":2,""bid_price"":""662.85"",""ask_price"":""665.00""},{""bid_quantity"":40,""ask_quantity"":60,""bid_orders"":2,""ask_orders"":3,""bid_price"":""662.75"",""ask_price"":""665.05""},{""bid_quantity"":480,""ask_quantity"":100,""bid_orders"":5,""ask_orders"":4,""bid_price"":""662.40"",""ask_price"":""665.15""},{""bid_quantity"":160,""ask_quantity"":40,""bid_orders"":2,""ask_orders"":2,""bid_price"":""662.05"",""ask_price"":""665.25""}]"
09:15:32.182,1791517532182397711,2235274736331938,Full Data,8,1111639,554.95,20,09:15:32,,,570.64,37300,12700,18380,60460,"[{""bid_quantity"":160,""ask_quantity"":40,""bid_orders"":2,""ask_orders"":2,""bid_price"":""553.80"",""ask_price"":""554.95""},{""bid_quantity"":40,""ask_quantity"":60,""bid_orders"":2,""ask_orders"":2,""bid_price"":""553.45"",""ask_price"":""555.40""},{""bid_quantity"":40,""ask_quantity"":60,""bid_orders"":2,""ask_orders"":2,""bid_price"":""553.40"",""ask_price"":""555.55""},{""bid_quantity"":60,""ask_quantity"":60,""bid_orders"":2,""ask_orders"":2,""bid_price"":""553.30"",""ask_price"":""555.60""},{""bid_quantity"":40,""ask_quantity"":60,""bid_orders"":2,""ask_orders"":2,""bid_price"":""553.25"",""ask_price"":""555.65""}]"
09:15:32.229,1791517532229667056,2235274783601563,Full Data,8,1111639,552.95,20,09:15:32,,,570.63,37320,10220,15240,60460,"[{""bid_quantity"":60,""ask_quantity"":60,""bid_orders"":3,""ask_orders"":2,""bid_price"":""550.65"",""ask_price"":""552.35""},{""bid_quantity"":40,""ask_quantity"":40,""bid_orders"":2,""ask_orders"":1,""bid_price"":""550.40"",""ask_price"":""552.40""},{""bid_quantity"":40,""ask_quantity"":20,""bid_orders"":2,""ask_orders"":1,""bid_price"":""550.35"",""ask_price"":""552.45""},{""bid_quantity"":40,""ask_quantity"":20,""bid_orders"":2,""ask_orders"":1,""bid_price"":""550.25"",""ask_price"":""552.50""},{""bid_quantity"":260,""ask_quantity"":20,""bid_orders"":4,""ask_orders"":1,""bid_price"":""550.20"",""ask_price"":""552.55""}]"
09:15:32.281,1791517532281017508,2235274834951615,Full Data,8,1105793,553.35,20,09:15:32,,,545.93,54860,11860,21220,50360,"[{""bid_quantity"":100,""ask_quantity"":40,""bid_orders"":3,""ask_orders"":2,""bid_price"":""552.85"",""ask_price"":""553.60""},{""bid_quantity"":60,""ask_quantity"":20,""bid_orders"":3,""ask_orders"":1,""bid_price"":""552.80"",""ask_price"":""554.05""},{""bid_quantity"":40,""ask_quantity"":40,""bid_orders"":2,""ask_orders"":1,""bid_price"":""552.65"",""ask_price"":""554.10""},{""bid_quantity"":40,""ask_quantity"":40,""bid_orders"":2,""ask_orders"":1,""bid_price"":""552.50"",""ask_price"":""554.55""},{""bid_quantity"":40,""ask_quantity"":320,""bid_orders"":2,""ask_orders"":1,""bid_price"":""552.45"",""ask_price"":""554.90""}]"
09:15:32.354,1791517532354961185,2235274908895212,Full Data,8,1105793,554.10,40,09:15:32,,,545.95,55000,11700,21520,50360,"[{""bid_quantity"":40,""ask_quantity"":40,""bid_orders"":1,""ask_orders"":2,""bid_price"":""554.15"",""ask_price"":""555.75""},{""bid_quantity"":20,""ask_quantity"":200,""bid_orders"":1,""ask_orders"":3,""bid_price"":""554.10"",""ask_price"":""555.80""},{""bid_quantity"":20,""ask_quantity"":60,""bid_orders"":1,""ask_orders"":3,""bid_price"":""554.05"",""ask_price"":""555.85""},{""bid_quantity"":100,""ask_quantity"":60,""bid_orders"":4,""ask_orders"":2,""bid_price"":""554.00"",""ask_price"":""555.90""},{""bid_quantity"":60,""ask_quantity"":20,""bid_orders"":3,""ask_orders"":1,""bid_price"":""553.95"",""ask_price"":""556.00""}]"
09:15:32.432,1791517532432420126,2235274986354233,Full Data,8,1107704,652.75,20,09:15:31,,,676.44,10560,11760,13720,17620,"[{""bid_quantity"":60,""ask_quantity"":100,""bid_orders"":2,""ask_orders"":4,""bid_price"":""647.15"",""ask_price"":""650.55""},{""bid_quantity"":180,""ask_quantity"":160,""bid_orders"":3,""ask_orders"":2,""bid_price"":""647.10"",""ask_price"":""650.60""},{""bid_quantity"":80,""ask_quantity"":100,""bid_orders"":3,""ask_orders"":4,""bid_price"":""647.05"",""ask_price"":""650.65""},{""bid_quantity"":40,""ask_quantity"":60,""bid_orders"":2,""ask_orders"":3,""bid_price"":""646.95"",""ask_price"":""650.75""},{""bid_quantity"":40,""ask_quantity"":120,""bid_orders"":2,""ask_orders"":2,""bid_price"":""646.90"",""ask_price"":""650.80""}]"
09:15:32.450,1791517532450126480,2235275004060467,Full Data,8,1102591,598.15,60,09:15:32,,,623.24,52480,11300,30000,209460,"[{""bid_quantity"":60,""ask_quantity"":120,""bid_orders"":2,""ask_orders"":6,""bid_price"":""597.00"",""ask_price"":""598.90""},{""bid_quantity"":100,""ask_quantity"":60,""bid_orders"":4,""ask_orders"":2,""bid_price"":""596.95"",""ask_price"":""599.00""},{""bid_quantity"":240,""ask_quantity"":60,""bid_orders"":5,""ask_orders"":3,""bid_price"":""596.40"",""ask_price"":""599.15""},{""bid_quantity"":60,""ask_quantity"":160,""bid_orders"":2,""ask_orders"":2,""bid_price"":""596.35"",""ask_price"":""599.40""},{""bid_quantity"":20,""ask_quantity"":40,""bid_orders"":1,""ask_orders"":2,""bid_price"":""596.30"",""ask_price"":""599.55""}]"
09:15:32.476,1791517532476695012,2235275030629159,Full Data,8,1107704,652.75,20,09:15:31,,,676.44,10560,12020,13880,17620,"[{""bid_quantity"":40,""ask_quantity"":60,""bid_orders"":1,""ask_orders"":2,""bid_price"":""647.35"",""ask_price"":""649.75""},{""bid_quantity"":40,""ask_quantity"":60,""bid_orders"":2,""ask_orders"":3,""bid_price"":""647.30"",""ask_price"":""649.80""},{""bid_quantity"":60,""ask_quantity"":40,""bid_orders"":2,""ask_orders"":2,""bid_price"":""647.20"",""ask_price"":""649.95""},{""bid_quantity"":60,""ask_quantity"":40,""bid_orders"":2,""ask_orders"":2,""bid_price"":""647.15"",""ask_price"":""650.00""},{""bid_quantity"":180,""ask_quantity"":20,""bid_orders"":3,""ask_orders"":1,""bid_price"":""647.10"",""ask_price"":""650.15""}]"
09:15:32.490,1791517532490819103,2235275044753370,Full Data,8,1102591,598.15,60,09:15:32,,,623.24,52480,11280,30360,209460,"[{""bid_quantity"":120,""ask_quantity"":60,""bid_orders"":5,""ask_orders"":3,""bid_price"":""597.40"",""ask_price"":""598.90""},{""bid_quantity"":60,""ask_quantity"":80,""bid_orders"":2,""ask_orders"":3,""bid_price"":""597.35"",""ask_price"":""599.55""},{""bid_quantity"":80,""ask_quantity"":60,""bid_orders"":3,""ask_orders"":2,""bid_price"":""597.30"",""ask_price"":""599.65""},{""bid_quantity"":20,""ask_quantity"":40,""bid_orders"":1,""ask_orders"":2,""bid_price"":""597.00"",""ask_price"":""599.70""},{""bid_quantity"":20,""ask_quantity"":60,""bid_orders"":1,""ask_orders"":2,""bid_price"":""596.95"",""ask_price"":""599.95""}]"
09:15:32.572,1791517532572065828,2235275125999815,Full Data,8,1111309,728.00,60,09:15:32,,,714.05,42980,14740,25340,98080,"[{""bid_quantity"":20,""ask_quantity"":20,""bid_orders"":1,""ask_orders"":1,""bid_price"":""726.05"",""ask_price"":""727.10""},{""bid_quantity"":40,""ask_quantity"":40,""bid_orders"":1,""ask_orders"":1,""bid_price"":""725.00"",""ask_price"":""727.20""},{""bid_quantity"":40,""ask_quantity"":20,""bid_orders"":2,""ask_orders"":1,""bid_price"":""724.90"",""ask_price"":""727.25""},{""bid_quantity"":60,""ask_quantity"":20,""bid_orders"":2,""ask_orders"":1,""bid_price"":""724.35"",""ask_price"":""727.35""},{""bid_quantity"":60,""ask_quantity"":40,""bid_orders"":2,""ask_orders"":2,""bid_price"":""724.30"",""ask_price"":""727.40""}]"
09:15:32.609,1791517532609453069,2235275163387376,Ticker Data,0,51,71817.05,,09:15:32,,,,,,,,
09:15:32.766,1791517532766470563,2235275320404590,Full Data,8,1112083,612.90,40,09:15:32,,,601.44,89980,16080,32280,97520,"[{""bid_quantity"":20,""ask_quantity"":60,""bid_orders"":1,""ask_orders"":3,""bid_price"":""610.80"",""ask_price"":""612.25""},{""bid_quantity"":20,""ask_quantity"":60,""bid_orders"":1,""ask_orders"":2,""bid_price"":""610.75"",""ask_price"":""612.30""},{""bid_quantity"":20,""ask_quantity"":40,""bid_orders"":1,""ask_orders"":2,""bid_price"":""610.55"",""ask_price"":""612.40""},{""bid_quantity"":40,""ask_quantity"":80,""bid_orders"":1,""ask_orders"":3,""bid_price"":""610.50"",""ask_price"":""612.60""},{""bid_quantity"":40,""ask_quantity"":60,""bid_orders"":1,""ask_orders"":2,""bid_price"":""610.35"",""ask_price"":""612.65""}]"
09:15:32.769,1791517532769677024,2235275323610931,Full Data,8,1104245,455.00,20,09:15:32,,,446.90,37860,13240,19960,52960,"[{""bid_quantity"":80,""ask_quantity"":40,""bid_orders"":3,""ask_orders"":1,""bid_price"":""454.50"",""ask_price"":""455.95""},{""bid_quantity"":60,""ask_quantity"":20,""bid_orders"":2,""ask_orders"":1,""bid_price"":""454.40"",""ask_price"":""456.00""},{""bid_quantity"":60,""ask_quantity"":80,""bid_orders"":2,""ask_orders"":2,""bid_price"":""454.25"",""ask_price"":""456.05""},{""bid_quantity"":20,""ask_quantity"":300,""bid_orders"":1,""ask_orders"":1,""bid_price"":""454.15"",""ask_price"":""456.10""},{""bid_quantity"":140,""ask_quantity"":40,""bid_orders"":1,""ask_orders"":2,""bid_price"":""454.10"",""ask_price"":""456.15""}]"
09:15:32.840,1791517532840775723,2235275394709910,Full Data,8,1104245,455.00,20,09:15:32,,,446.90,37860,12440,19480,52960,"[{""bid_quantity"":60,""ask_quantity"":20,""bid_orders"":2,""ask_orders"":1,""bid_price"":""454.50"",""ask_price"":""455.75""},{""bid_quantity"":40,""ask_quantity"":40,""bid_orders"":1,""ask_orders"":1,""bid_price"":""454.20"",""ask_price"":""455.80""},{""bid_quantity"":20,""ask_quantity"":40,""bid_orders"":1,""ask_orders"":1,""bid_price"":""454.15"",""ask_price"":""456.10""},{""bid_quantity"":40,""ask_quantity"":320,""bid_orders"":1,""ask_orders"":1,""bid_price"":""453.95"",""ask_price"":""456.15""},{""bid_quantity"":40,""ask_quantity"":40,""bid_orders"":1,""ask_orders"":1,""bid_price"":""453.90"",""ask_price"":""456.25""}]"
09:15:32.864,1791517532864606877,2235275418540744,Full Data,8,1114464,791.40,20,09:15:32,,,773.58,57080,16580,45060,272380,"[{""bid_quantity"":40,""ask_quantity"":20,""bid_orders"":1,""ask_orders"":1,""bid_price"":""788.00"",""ask_price"":""790.15""},{""bid_quantity"":140,""ask_quantity"":20,""bid_orders"":1,""ask_orders"":1,""bid_price"":""787.95"",""ask_price"":""790.35""},{""bid_quantity"":20,""ask_quantity"":20,""bid_orders"":1,""ask_orders"":1,""bid_price"":""787.90"",""ask_price"":""790.55""},{""bid_quantity"":40,""ask_quantity"":20,""bid_orders"":2,""ask_orders"":1,""bid_price"":""787.70"",""ask_price"":""790.70""},{""bid_quantity"":40,""ask_quantity"":40,""bid_orders"":1,""ask_orders"":1,""bid_price"":""787.20"",""ask_price"":""790.75""}]"
09:15:33.105,1791517533105106950,2235275659041297,Full Data,8,1116183,508.40,20,09:15:33,,,493.41,134840,30680,53620,319760,"[{""bid_quantity"":20,""ask_quantity"":40,""bid_orders"":1,""ask_orders"":2,""bid_price"":""507.45"",""ask_price"":""509.05""},{""bid_quantity"":60,""ask_quantity"":40,""bid_orders"":2,""ask_orders"":2,""bid_price"":""507.40"",""ask_price"":""509.20""},{""bid_quantity"":20,""ask_quantity"":20,""bid_orders"":1,""ask_orders"":1,""bid_price"":""507.35"",""ask_price"":""509.25""},{""bid_quantity"":40,""ask_quantity"":40,""bid_orders"":1,""ask_orders"":2,""bid_price"":""507.25"",""ask_price"":""509.35""},{""bid_quantity"":120,""ask_quantity"":100,""bid_orders"":2,""ask_orders"":1,""bid_price"":""507.15"",""ask_price"":""509.60""}]"
09:15:33.164,1791517533164670055,2235275718604002,Full Data,8,1116183,507.45,20,09:15:33,,,493.42,135000,33120,55540,319760,"[{""bid_quantity"":40,""ask_quantity"":60,""bid_orders"":1,""ask_orders"":3,""bid_price"":""507.30"",""ask_price"":""508.85""},{""bid_quantity"":60,""ask_quantity"":40,""bid_orders"":3,""ask_orders"":2,""bid_price"":""507.20"",""ask_price"":""508.90""},{""bid_quantity"":20,""ask_quantity"":80,""bid_orders"":1,""ask_orders"":3,""bid_price"":""507.15"",""ask_price"":""508.95""},{""bid_quantity"":60,""ask_quantity"":100,""bid_orders"":2,""ask_orders"":4,""bid_price"":""507.10"",""ask_price"":""509.00""},{""bid_quantity"":20,""ask_quantity"":20,""bid_orders"":1,""ask_orders"":1,""bid_price"":""507.05"",""ask_price"":""509.05""}]"
09:15:33.191,1791517533191618549,2235275745552656,Full Data,8,1115207,673.90,40,09:15:33,,,657.21,63620,10660,24020,97240,"[{""bid_quantity"":80,""ask_quantity"":40,""bid_orders"":3,""ask_orders"":2,""bid_price"":""672.10"",""ask_price"":""674.00""},{""bid_quantity"":20,""ask_quantity"":40,""bid_orders"":1,""ask_orders"":1,""bid_price"":""672.05"",""ask_price"":""674.05""},{""bid_quantity"":40,""ask_quantity"":80,""bid_orders"":2,""ask_orders"":2,""bid_price"":""672.00"",""ask_price"":""674.25""},{""bid_quantity"":100,""ask_quantity"":80,""bid_orders"":3,""ask_orders"":2,""bid_price"":""671.85"",""ask_price"":""674.45""},{""bid_quantity"":20,""ask_quantity"":140,""bid_orders"":1,""ask_orders"":1,""bid_price"":""671.80"",""ask_price"":""674.70""}]"
09:15:33.245,1791517533245655218,2235275799589365,Full Data,8,1111639,544.85,20,09:15:33,,,569.84,38640,10440,15960,60460,"[{""bid_quantity"":40,""ask_quantity"":40,""bid_orders"":1,""ask_orders"":2,""bid_price"":""544.85"",""ask_price"":""546.65""},{""bid_quantity"":60,""ask_quantity"":380,""bid_orders"":2,""ask_orders"":6,""bid_price"":""544.75"",""ask_price"":""546.70""},{""bid_quantity"":160,""ask_quantity"":40,""bid_orders"":2,""ask_orders"":2,""bid_price"":""544.70"",""ask_price"":""546.75""},{""bid_quantity"":60,""ask_quantity"":40,""bid_orders"":2,""ask_orders"":2,""bid_price"":""544.60"",""ask_price"":""546.80""},{""bid_quantity"":40,""ask_quantity"":20,""bid_orders"":1,""ask_orders"":1,""bid_price"":""544.30"",""ask_price"":""546.85""}]"
09:15:33.354,1791517533354025358,2235275907959905,Full Data,8,1105793,563.15,60,09:15:33,,,546.25,56440,13880,24100,50360,"[{""bid_quantity"":20,""ask_quantity"":20,""bid_orders"":1,""ask_orders"":1,""bid_price"":""560.00"",""ask_price"":""561.25""},{""bid_quantity"":40,""ask_quantity"":40,""bid_orders"":2,""ask_orders"":2,""bid_price"":""559.95"",""ask_price"":""561.30""},{""bid_quantity"":40,""ask_quantity"":40,""bid_orders"":2,""ask_orders"":2,""bid_price"":""559.80"",""ask_price"":""561.35""},{""bid_quantity"":60,""ask_quantity"":60,""bid_orders"":3,""ask_orders"":3,""bid_price"":""559.75"",""ask_price"":""561.40""},{""bid_quantity"":40,""ask_quantity"":40,""bid_orders"":2,""ask_orders"":2,""bid_price"":""559.65"",""ask_price"":""561.55""}]"
09:15:33.428,1791517533428776121,2235275982710068,Full Data,8,1105793,560.25,20,09:15:33,,,546.26,56500,14880,24500,50360,"[{""bid_quantity"":20,""ask_quantity"":180,""bid_orders"":1,""ask_orders"":5,""bid_price"":""559.20"",""ask_price"":""560.80""},{""bid_quantity"":40,""ask_quantity"":40,""bid_orders"":2,""ask_orders"":2,""bid_price"":""559.05"",""ask_price"":""560.85""},{""bid_quantity"":40,""ask_quantity"":20,""bid_orders"":2,""ask_orders"":1,""bid_price"":""559.00"",""ask_price"":""561.00""},{""bid_quantity"":40,""ask_quantity"":20,""bid_orders"":2,""ask_orders"":1,""bid_price"":""558.95"",""ask_price"":""561.05""},{""bid_quantity"":60,""ask_quantity"":40,""bid_orders"":2,""ask_orders"":2,""bid_price"":""558.90"",""ask_price"":""561.10""}]"
09:15:33.462,1791517533462543059,2235276016477526,Full Data,8,1107704,649.55,20,09:15:32,,,676.39,10580,11920,13520,17620,"[{""bid_quantity"":40,""ask_quantity"":100,""bid_orders"":2,""ask_orders"":3,""bid_price"":""641.20"",""ask_price"":""643.20""},{""bid_quantity"":20,""ask_quantity"":40,""bid_orders"":1,""ask_orders"":2,""bid_price"":""641.10"",""ask_price"":""643.25""},{""bid_quantity"":60,""ask_quantity"":40,""bid_orders"":3,""ask_orders"":2,""bid_price"":""641.00"",""ask_price"":""643.30""},{""bid_quantity"":20,""ask_quantity"":20,""bid_orders"":1,""ask_orders"":1,""bid_price"":""640.85"",""ask_price"":""643.50""},{""bid_quantity"":20,""ask_quantity"":40,""bid_orders"":1,""ask_orders"":2,""bid_price"":""640.70"",""ask_price"":""643.55""}]"
09:15:33.480,1791517533480648136,2235276034582123,Full Data,8,1102591,591.45,40,09:15:33,,,622.78,53400,13200,25380,209460,"[{""bid_quantity"":40,""ask_quantity"":60,""bid_orders"":2,""ask_orders"":3,""bid_price"":""591.30"",""ask_price"":""592.75""},{""bid_quantity"":80,""ask_quantity"":60,""bid_orders"":1,""ask_orders"":3,""bid_price"":""591.25"",""ask_price"":""592.80""},{""bid_quantity"":40,""ask_quantity"":20,""bid_orders"":1,""ask_orders"":1,""bid_price"":""591.20"",""ask_price"":""592.85""},{""bid_quantity"":60,""ask_quantity"":20,""bid_orders"":2,""ask_orders"":1,""bid_price"":""591.05"",""ask_price"":""592.90""},{""bid_quantity"":120,""ask_quantity"":20,""bid_orders"":1,""ask_orders"":1,""bid_price"":""590.85"",""ask_price"":""592.95""}]"
09:15:33.507,1791517533507536549,2235276061470576,Full Data,8,1107704,649.55,20,09:15:32,,,676.39,10580,11840,13620,17620,"[{""bid_quantity"":160,""ask_quantity"":80,""bid_orders"":2,""ask_orders"":2,""bid_price"":""641.10"",""ask_price"":""642.85""},{""bid_quantity"":20,""ask_quantity"":40,""bid_orders"":1,""ask_orders"":2,""bid_price"":""641.00"",""ask_price"":""643.30""},{""bid_quantity"":40,""ask_quantity"":40,""bid_orders"":2,""ask_orders"":2,""bid_price"":""640.85"",""ask_price"":""643.55""},{""bid_quantity"":40,""ask_quantity"":20,""bid_orders"":1,""ask_orders"":1,""bid_price"":""640.75"",""ask_price"":""643.70""},{""bid_quantity"":40,""ask_quantity"":40,""bid_orders"":2,""ask_orders"":1,""bid_price"":""640.70"",""ask_price"":""643.75""}]"
09:15:33.529,1791517533529646812,2235276083580839,Full Data,8,1107336,380.95,20,09:15:33,,,402.40,97440,16400,58520,304080,"[{""bid_quantity"":40,""ask_quantity"":20,""bid_orders"":2,""ask_orders"":1,""bid_price"":""380.10"",""ask_price"":""380.95""},{""bid_quantity"":80,""ask_quantity"":60,""bid_orders"":3,""ask_orders"":2,""bid_price"":""380.05"",""ask_price"":""381.15""},{""bid_quantity"":1420,""ask_quantity"":60,""bid_orders"":11,""ask_orders"":2,""bid_price"":""380.00"",""ask_price"":""381.40""},{""bid_quantity"":40,""ask_quantity"":20,""bid_orders"":2,""ask_orders"":1,""bid_price"":""379.70"",""ask_price"":""381.50""},{""bid_quantity"":140,""ask_quantity"":20,""bid_orders"":1,""ask_orders"":1,""bid_price"":""379.60"",""ask_price"":""381.55""}]"
09:15:33.530,1791517533530923700,2235276084857647,Full Data,8,1102591,591.45,40,09:15:33,,,622.78,53400,13400,25700,209460,"[{""bid_quantity"":80,""ask_quantity"":60,""bid_orders"":3,""ask_orders"":3,""bid_price"":""591.45"",""ask_price"":""592.80""},{""bid_quantity"":40,""ask_quantity"":20,""bid_orders"":2,""ask_orders"":1,""bid_price"":""591.40"",""ask_price"":""592.85""},{""bid_quantity"":60,""ask_quantity"":20,""bid_orders"":2,""ask_orders"":1,""bid_price"":""591.35"",""ask_price"":""592.90""},{""bid_quantity"":40,""ask_quantity"":20,""bid_orders"":2,""ask_orders"":1,""bid_price"":""591.30"",""ask_price"":""592.95""},{""bid_quantity"":60,""ask_quantity"":40,""bid_orders"":2,""ask_orders"":2,""bid_price"":""591.25"",""ask_price"":""593.00""}]"
09:15:33.594,1791517533594201629,2235276148135576,Full Data,8,1111309,734.15,40,09:15:33,,,715.15,45980,14080,26420,98080,"[{""bid_quantity"":40,""ask_quantity"":480,""bid_orders"":2,""ask_orders"":3,""bid_price"":""731.90"",""ask_price"":""734.45""},{""bid_quantity"":100,""ask_quantity"":60,""bid_orders"":3,""ask_orders"":3,""bid_price"":""731.80"",""ask_price"":""734.50""},{""bid_quantity"":40,""ask_quantity"":80,""bid_orders"":1,""ask_orders"":3,""bid_price"":""731.75"",""ask_price"":""734.55""},{""bid_quantity"":40,""ask_quantity"":100,""bid_orders"":2,""ask_orders"":1,""bid_price"":""731.70"",""ask_price"":""734.65""},{""bid_quantity"":20,""ask_quantity"":60,""bid_orders"":1,""ask_orders"":2,""bid_price"":""731.55"",""ask_price"":""734.95""}]"
09:15:33.603,1791517533603933052,2235276157866999,Ticker Data,0,51,71814.08,,09:15:33,,,,,,,,
09:15:33.686,1791517533686817627,2235276240751974,Full Data,8,1110871,456.00,140,09:15:33,,,482.01,59760,12120,15680,81380,"[{""bid_quantity"":20,""ask_quantity"":40,""bid_orders"":1,""ask_orders"":2,""bid_price"":""456.00"",""ask_price"":""456.35""},{""bid_quantity"":20,""ask_quantity"":40,""bid_orders"":1,""ask_orders"":2,""bid_price"":""454.95"",""ask_price"":""456.40""},{""bid_quantity"":40,""ask_quantity"":40,""bid_orders"":1,""ask_orders"":2,""bid_price"":""454.85"",""ask_price"":""456.55""},{""bid_quantity"":180,""ask_quantity"":60,""bid_orders"":3,""ask_orders"":3,""bid_price"":""454.50"",""ask_price"":""456.60""},{""bid_quantity"":60,""ask_quantity"":20,""bid_orders"":2,""ask_orders"":1,""bid_price"":""454.15"",""ask_price"":""456.75""}]"
09:15:33.773,1791517533773643668,2235276327577735,Full Data,8,1112083,615.45,20,09:15:33,,,601.69,91740,15940,33460,97520,"[{""bid_quantity"":40,""ask_quantity"":180,""bid_orders"":2,""ask_orders"":3,""bid_price"":""613.00"",""ask_price"":""614.45""},{""bid_quantity"":40,""ask_quantity"":20,""bid_orders"":2,""ask_orders"":1,""bid_price"":""612.95"",""ask_price"":""614.50""},{""bid_quantity"":60,""ask_quantity"":60,""bid_orders"":3,""ask_orders"":3,""bid_price"":""612.90"",""ask_price"":""614.55""},{""bid_quantity"":60,""ask_quantity"":20,""bid_orders"":3,""ask_orders"":1,""bid_price"":""612.80"",""ask_price"":""614.60""},{""bid_quantity"":140,""ask_quantity"":20,""bid_orders"":3,""ask_orders"":1,""bid_price"":""612.75"",""ask_price"":""614.65""}]"
09:15:33.868,1791517533868285159,2235276422219426,Full Data,8,1114464,794.80,120,09:15:33,,,773.89,57940,15560,45120,272380,"[{""bid_quantity"":60,""ask_quantity"":40,""bid_orders"":3,""ask_orders"":1,""bid_price"":""792.30"",""ask_price"":""794.70""},{""bid_quantity"":140,""ask_quantity"":20,""bid_orders"":1,""ask_orders"":1,""bid_price"":""792.25"",""ask_price"":""794.75""},{""bid_quantity"":120,""ask_quantity"":40,""bid_orders"":1,""ask_orders"":1,""bid_price"":""792.20"",""ask_price"":""794.80""},{""bid_quantity"":20,""ask_quantity"":40,""bid_orders"":1,""ask_orders"":1,""bid_price"":""792.15"",""ask_price"":""794.85""},{""bid_quantity"":40,""ask_quantity"":60,""bid_orders"":1,""ask_orders"":2,""bid_price"":""792.05"",""ask_price"":""794.90""}]"
09:15:33.920,1791517533920050494,2235276473984601,Full Data,8,1104245,457.55,20,09:15:33,,,447.16,38740,12880,19440,52960,"[{""bid_quantity"":80,""ask_quantity"":60,""bid_orders"":2,""ask_orders"":3,""bid_price"":""455.90"",""ask_price"":""457.40""},{""bid_quantity"":60,""ask_quantity"":40,""bid_orders"":2,""ask_orders"":2,""bid_price"":""455.85"",""ask_price"":""457.50""},{""bid_quantity"":120,""ask_quantity"":60,""bid_orders"":4,""ask_orders"":2,""bid_price"":""455.75"",""ask_price"":""457.55""},{""bid_quantity"":120,""ask_quantity"":40,""bid_orders"":1,""ask_orders"":1,""bid_price"":""455.70"",""ask_price"":""457.60""},{""bid_quantity"":20,""ask_quantity"":440,""bid_orders"":1,""ask_orders"":2,""bid_price"":""455.65"",""ask_price"":""457.65""}]"
09:15:33.946,1791517533946133702,2235276500067689,Full Data,8,1114464,792.05,20,09:15:33,,,773.90,57980,16760,47120,272380,"[{""bid_quantity"":140,""ask_quantity"":40,""bid_orders"":1,""ask_orders"":1,""bid_price"":""791.65"",""ask_price"":""793.25""},{""bid_quantity"":40,""ask_quantity"":20,""bid_orders"":1,""ask_orders"":1,""bid_price"":""791.40"",""ask_price"":""793.30""},{""bid_quantity"":20,""ask_quantity"":40,""bid_orders"":1,""ask_orders"":1,""bid_price"":""791.20"",""ask_price"":""793.40""},{""bid_quantity"":120,""ask_quantity"":20,""bid_orders"":1,""ask_orders"":1,""bid_price"":""791.15"",""ask_price"":""793.45""},{""bid_quantity"":80,""ask_quantity"":20,""bid_orders"":2,""ask_orders"":1,""bid_price"":""791.05"",""ask_price"":""793.65""}]"
09:15:34.156,1791517534156682462,2235276710617009,Full Data,8,1116183,507.90,20,09:15:34,,,493.63,137060,32040,54820,319760,"[{""bid_quantity"":140,""ask_quantity"":40,""bid_orders"":3,""ask_orders"":2,""bid_price"":""508.05"",""ask_price"":""509.35""},{""bid_quantity"":40,""ask_quantity"":40,""bid_orders"":2,""ask_orders"":2,""bid_price"":""508.00"",""ask_price"":""509.75""},{""bid_quantity"":80,""ask_quantity"":60,""bid_orders"":3,""ask_orders"":2,""bid_price"":""507.95"",""ask_price"":""509.80""},{""bid_quantity"":180,""ask_quantity"":140,""bid_orders"":3,""ask_orders"":2,""bid_price"":""507.90"",""ask_price"":""509.95""},{""bid_quantity"":20,""ask_quantity"":1560,""bid_orders"":1,""ask_orders"":8,""bid_price"":""507.85"",""ask_price"":""510.00""}]"
09:15:34.210,1791517534210930612,2235276764864599,Full Data,8,1115207,673.15,20,09:15:34,,,657.64,65360,13160,26180,97240,"[{""bid_quantity"":20,""ask_quantity"":40,""bid_orders"":1,""ask_orders"":2,""bid_price"":""673.95"",""ask_price"":""676.10""},{""bid_quantity"":40,""ask_quantity"":220,""bid_orders"":2,""ask_orders"":2,""bid_price"":""673.80"",""ask_price"":""676.15""},{""bid_quantity"":40,""ask_quantity"":60,""bid_orders"":2,""ask_orders"":2,""bid_price"":""673.75"",""ask_price"":""676.20""},{""bid_quantity"":20,""ask_quantity"":20,""bid_orders"":1,""ask_orders"":1,""bid_price"":""673.65"",""ask_price"":""676.30""},{""bid_quantity"":80,""ask_quantity"":20,""bid_orders"":3,""ask_orders"":1,""bid_price"":""673.60"",""ask_price"":""676.55""}]"
09:15:34.442,1791517534442425948,2235276996360055,Full Data,8,1105793,562.50,20,09:15:34,,,546.61,57900,11640,22740,50360,"[{""bid_quantity"":20,""ask_quantity"":20,""bid_orders"":1,""ask_orders"":1,""bid_price"":""561.20"",""ask_price"":""562.85""},{""bid_quantity"":20,""ask_quantity"":20,""bid_orders"":1,""ask_orders"":1,""bid_price"":""561.05"",""ask_price"":""563.00""},{""bid_quantity"":20,""ask_quantity"":20,""bid_orders"":1,""ask_orders"":1,""bid_price"":""560.95"",""ask_price"":""563.25""},{""bid_quantity"":40,""ask_quantity"":160,""bid_orders"":2,""ask_orders"":2,""bid_price"":""560.90"",""ask_price"":""563.30""},{""bid_quantity"":40,""ask_quantity"":180,""bid_orders"":2,""ask_orders"":2,""bid_price"":""560.75"",""ask_price"":""563.40""}]"
09:15:34.497,1791517534497506943,2235277051441450,Full Data,8,1102591,588.00,20,09:15:34,,,622.26,54280,12500,22980,209460,"[{""bid_quantity"":20,""ask_quantity"":160,""bid_orders"":1,""ask_orders"":1,""bid_price"":""585.95"",""ask_price"":""588.25""},{""bid_quantity"":40,""ask_quantity"":160,""bid_orders"":2,""ask_orders"":2,""bid_price"":""585.90"",""ask_price"":""588.30""},{""bid_quantity"":40,""ask_quantity"":40,""bid_orders"":1,""ask_orders"":2,""bid_price"":""585.85"",""ask_price"":""588.65""},{""bid_quantity"":20,""ask_quantity"":100,""bid_orders"":1,""ask_orders"":1,""bid_price"":""585.80"",""ask_price"":""588.75""},{""bid_quantity"":60,""ask_quantity"":20,""bid_orders"":2,""ask_orders"":1,""bid_price"":""585.75"",""ask_price"":""588.95""}]"
09:15:34.539,1791517534539218373,2235277093152480,Full Data,8,1107336,378.35,20,09:15:34,,,401.87,99740,13700,54540,304080,"[{""bid_quantity"":60,""ask_quantity"":60,""bid_orders"":2,""ask_orders"":2,""bid_price"":""376.10"",""ask_price"":""377.75""},{""bid_quantity"":120,""ask_quantity"":160,""bid_orders"":2,""ask_orders"":2,""bid_price"":""376.05"",""ask_price"":""377.80""},{""bid_quantity"":60,""ask_quantity"":60,""bid_orders"":2,""ask_orders"":2,""bid_price"":""375.95"",""ask_price"":""377.95""},{""bid_quantity"":40,""ask_quantity"":20,""bid_orders"":2,""ask_orders"":1,""bid_price"":""375.90"",""ask_price"":""378.00""},{""bid_quantity"":140,""ask_quantity"":60,""bid_orders"":3,""ask_orders"":2,""bid_price"":""375.70"",""ask_price"":""378.05""}]"
09:15:34.542,1791517534542568074,2235277096502061,Full Data,8,1102591,588.50,20,09:15:34,,,622.21,54360,12360,23260,209460,"[{""bid_quantity"":20,""ask_quantity"":40,""bid_orders"":1,""ask_orders"":2,""bid_price"":""586.30"",""ask_price"":""588.30""},{""bid_quantity"":20,""ask_quantity"":80,""bid_orders"":1,""ask_orders"":3,""bid_price"":""586.25"",""ask_price"":""588.35""},{""bid_quantity"":40,""ask_quantity"":40,""bid_orders"":1,""ask_orders"":2,""bid_price"":""586.20"",""ask_price"":""588.50""},{""bid_quantity"":40,""ask_quantity"":60,""bid_orders"":2,""ask_orders"":3,""bid_price"":""586.15"",""ask_price"":""588.65""},{""bid_quantity"":40,""ask_quantity"":20,""bid_orders"":2,""ask_orders"":1,""bid_price"":""585.95"",""ask_price"":""588.75""}]"
09:15:34.599,1791517534599680843,2235277153614830,Ticker Data,0,51,71839.97,,09:15:34,,,,,,,,
09:15:34.863,1791517534863838629,2235277417772776,Full Data,8,1112083,621.20,20,09:15:34,,,601.97,93460,15560,33360,97520,"[{""bid_quantity"":40,""ask_quantity"":40,""bid_orders"":1,""ask_orders"":2,""bid_price"":""619.75"",""ask_price"":""621.20""},{""bid_quantity"":40,""ask_quantity"":20,""bid_orders"":1,""ask_orders"":1,""bid_price"":""618.75"",""ask_price"":""621.25""},{""bid_quantity"":60,""ask_quantity"":440,""bid_orders"":2,""ask_orders"":3,""bid_price"":""618.60"",""ask_price"":""621.30""},{""bid_quantity"":40,""ask_quantity"":60,""bid_orders"":1,""ask_orders"":3,""bid_price"":""618.55"",""ask_price"":""621.35""},{""bid_quantity"":20,""ask_quantity"":200,""bid_orders"":1,""ask_orders"":3,""bid_price"":""618.15"",""ask_price"":""621.50""}]"
09:15:34.926,1791517534926335953,2235277480270180,Full Data,8,1104245,463.05,40,09:15:34,,,447.41,39480,14780,18580,52960,"[{""bid_quantity"":40,""ask_quantity"":80,""bid_orders"":1,""ask_orders"":4,""bid_price"":""459.70"",""ask_price"":""462.50""},{""bid_quantity"":20,""ask_quantity"":60,""bid_orders"":1,""ask_orders"":3,""bid_price"":""459.65"",""ask_price"":""462.55""},{""bid_quantity"":100,""ask_quantity"":100,""bid_orders"":1,""ask_orders"":3,""bid_price"":""459.60"",""ask_price"":""462.60""},{""bid_quantity"":100,""ask_quantity"":100,""bid_orders"":1,""ask_orders"":1,""bid_price"":""459.55"",""ask_price"":""462.65""},{""bid_quantity"":100,""ask_quantity"":140,""bid_orders"":1,""ask_orders"":3,""bid_price"":""459.30"",""ask_price"":""462.70""}]"
09:15:34.946,1791517534946355362,2235277500289629,Full Data,8,1114464,799.90,40,09:15:34,,,775.27,61280,15880,47380,272380,"[{""bid_quantity"":20,""ask_quantity"":40,""bid_orders"":1,""ask_orders"":1,""bid_price"":""796.85"",""ask_price"":""799.15""},{""bid_quantity"":40,""ask_quantity"":20,""bid_orders"":1,""ask_orders"":1,""bid_price"":""796.25"",""ask_price"":""799.20""},{""bid_quantity"":140,""ask_quantity"":20,""bid_orders"":1,""ask_orders"":1,""bid_price"":""795.90"",""ask_price"":""799.30""},{""bid_quantity"":20,""ask_quantity"":20,""bid_orders"":1,""ask_orders"":1,""bid_price"":""795.80"",""ask_price"":""799.35""},{""bid_quantity"":80,""ask_quantity"":20,""bid_orders"":2,""ask_orders"":1,""bid_price"":""795.65"",""ask_price"":""799.40""}]"
09:15:34.947,1791517534947969293,2235277501903360,Full Data,8,1112083,616.50,80,09:15:34,,,602.07,93980,16340,33200,97520,"[{""bid_quantity"":60,""ask_quantity"":80,""bid_orders"":3,""ask_orders"":4,""bid_price"":""617.00"",""ask_price"":""619.05""},{""bid_quantity"":60,""ask_quantity"":40,""bid_orders"":2,""ask_orders"":2,""bid_price"":""616.90"",""ask_price"":""619.10""},{""bid_quantity"":40,""ask_quantity"":60,""bid_orders"":1,""ask_orders"":3,""bid_price"":""616.85"",""ask_price"":""619.15""},{""bid_quantity"":20,""ask_quantity"":60,""bid_orders"":1,""ask_orders"":3,""bid_price"":""616.35"",""ask_price"":""619.25""},{""bid_quantity"":40,""ask_quantity"":20,""bid_orders"":1,""ask_orders"":1,""bid_price"":""615.95"",""ask_price"":""619.30""}]"
09:15:34.996,1791517534996913609,2235277550847556,Full Data,8,1104245,459.75,20,09:15:34,,,447.43,39520,15300,22200,52960,"[{""bid_quantity"":20,""ask_quantity"":40,""bid_orders"":1,""ask_orders"":2,""bid_price"":""459.75"",""ask_price"":""461.15""},{""bid_quantity"":40,""ask_quantity"":20,""bid_orders"":1,""ask_orders"":1,""bid_price"":""459.70"",""ask_price"":""461.30""},{""bid_quantity"":40,""ask_quantity"":60,""bid_orders"":1,""ask_orders"":2,""bid_price"":""459.65"",""ask_price"":""461.35""},{""bid_quantity"":40,""ask_quantity"":20,""bid_orders"":1,""ask_orders"":1,""bid_price"":""459.60"",""ask_price"":""461.55""},{""bid_quantity"":40,""ask_quantity"":40,""bid_orders"":2,""ask_orders"":2,""bid_price"":""459.55"",""ask_price"":""461.75""}]"
09:15:35.017,1791517535017913144,2235277571847171,Full Data,8,1114464,799.90,40,09:15:34,,,775.27,61280,15780,48080,272380,"[{""bid_quantity"":20,""ask_quantity"":20,""bid_orders"":1,""ask_orders"":1,""bid_price"":""797.80"",""ask_price"":""799.30""},{""bid_quantity"":40,""ask_quantity"":20,""bid_orders"":1,""ask_orders"":1,""bid_price"":""797.65"",""ask_price"":""800.05""},{""bid_quantity"":20,""ask_quantity"":40,""bid_orders"":1,""ask_orders"":1,""bid_price"":""797.60"",""ask_price"":""800.35""},{""bid_quantity"":20,""ask_quantity"":120,""bid_orders"":1,""ask_orders"":1,""bid_price"":""797.40"",""ask_price"":""800.60""},{""bid_quantity"":20,""ask_quantity"":40,""bid_orders"":1,""ask_orders"":1,""bid_price"":""797.20"",""ask_price"":""800.65""}]"
09:15:35.209,1791517535209448021,2235277763382248,Full Data,8,1116183,512.80,20,09:15:35,,,494.21,142320,29300,54800,319760,"[{""bid_quantity"":20,""ask_quantity"":260,""bid_orders"":1,""ask_orders"":4,""bid_price"":""512.75"",""ask_price"":""513.20""},{""bid_quantity"":20,""ask_quantity"":160,""bid_orders"":1,""ask_orders"":3,""bid_price"":""512.50"",""ask_price"":""514.20""},{""bid_quantity"":20,""ask_quantity"":100,""bid_orders"":1,""ask_orders"":1,""bid_price"":""512.45"",""ask_price"":""514.50""},{""bid_quantity"":220,""ask_quantity"":80,""bid_orders"":4,""ask_orders"":3,""bid_price"":""512.40"",""ask_price"":""514.60""},{""bid_quantity"":60,""ask_quantity"":40,""bid_orders"":2,""ask_orders"":1,""bid_price"":""512.35"",""ask_price"":""514.75""}]"
09:15:35.266,1791517535266017387,2235277819951654,Full Data,8,1116183,511.25,20,09:15:35,,,494.25,142600,30160,53600,319760,"[{""bid_quantity"":20,""ask_quantity"":40,""bid_orders"":1,""ask_orders"":2,""bid_price"":""510.35"",""ask_price"":""511.75""},{""bid_quantity"":220,""ask_quantity"":40,""bid_orders"":3,""ask_orders"":1,""bid_price"":""510.30"",""ask_price"":""511.80""},{""bid_quantity"":20,""ask_quantity"":60,""bid_orders"":1,""ask_orders"":2,""bid_price"":""510.05"",""ask_price"":""511.90""},{""bid_quantity"":620,""ask_quantity"":20,""bid_orders"":2,""ask_orders"":1,""bid_price"":""510.00"",""ask_price"":""511.95""},{""bid_quantity"":120,""ask_quantity"":20,""bid_orders"":1,""ask_orders"":1,""bid_price"":""509.80"",""ask_price"":""512.10""}]"
09:15:35.338,1791517535338816457,2235277892750644,Full Data,8,1115207,675.55,20,09:15:35,,,658.28,67520,10920,23580,97240,"[{""bid_quantity"":20,""ask_quantity"":100,""bid_orders"":1,""ask_orders"":4,""bid_price"":""675.00"",""ask_price"":""677.00""},{""bid_quantity"":20,""ask_quantity"":40,""bid_orders"":1,""ask_orders"":2,""bid_price"":""674.10"",""ask_price"":""677.10""},{""bid_quantity"":40,""ask_quantity"":40,""bid_orders"":2,""ask_orders"":2,""bid_price"":""673.90"",""ask_price"":""677.15""},{""bid_quantity"":320,""ask_quantity"":20,""bid_orders"":4,""ask_orders"":1,""bid_price"":""673.60"",""ask_price"":""677.20""},{""bid_quantity"":160,""ask_quantity"":20,""bid_orders"":3,""ask_orders"":1,""bid_price"":""673.40"",""ask_price"":""677.25""}]"
09:15:35.352,1791517535352976388,2235277906910375,Full Data,8,1111639,540.60,20,09:15:35,,,566.93,42840,10140,16320,60460,"[{""bid_quantity"":120,""ask_quantity"":20,""bid_orders"":1,""ask_orders"":1,""bid_price"":""540.60"",""ask_price"":""541.60""},{""bid_quantity"":80,""ask_quantity"":60,""bid_orders"":3,""ask_orders"":2,""bid_price"":""540.45"",""ask_price"":""542.45""},{""bid_quantity"":40,""ask_quantity"":180,""bid_orders"":2,""ask_orders"":3,""bid_price"":""540.25"",""ask_price"":""542.60""},{""bid_quantity"":20,""ask_quantity"":60,""bid_orders"":1,""ask_orders"":2,""bid_price"":""540.20"",""ask_price"":""542.80""},{""bid_quantity"":420,""ask_quantity"":40,""bid_orders"":4,""ask_orders"":1,""bid_price"":""540.10"",""ask_price"":""543.15""}]"
09:15:35.393,1791517535393970933,2235277947904960,Full Data,8,1114813,496.35,20,09:15:35,,,522.81,77100,13540,17760,57500,"[{""bid_quantity"":20,""ask_quantity"":100,""bid_orders"":1,""ask_orders"":5,""bid_price"":""496.35"",""ask_price"":""497.60""},{""bid_quantity"":420,""ask_quantity"":20,""bid_orders"":3,""ask_orders"":1,""bid_price"":""496.30"",""ask_price"":""497.70""},{""bid_quantity"":20,""ask_quantity"":20,""bid_orders"":1,""ask_orders"":1,""bid_price"":""496.10"",""ask_price"":""497.75""},{""bid_quantity"":60,""ask_quantity"":60,""bid_orders"":3,""ask_orders"":2,""bid_price"":""496.05"",""ask_price"":""497.80""},{""bid_quantity"":80,""ask_quantity"":20,""bid_orders"":3,""ask_orders"":1,""bid_price"":""496.00"",""ask_price"":""497.85""}]"
09:15:35.498,1791517535498442648,2235278052376795,Full Data,8,1107704,641.60,20,09:15:35,,,675.07,10980,12560,13920,17620,"[{""bid_quantity"":40,""ask_quantity"":60,""bid_orders"":1,""ask_orders"":2,""bid_price"":""638.25"",""ask_price"":""640.70""},{""bid_quantity"":60,""ask_quantity"":40,""bid_orders"":2,""ask_orders"":2,""bid_price"":""638.20"",""ask_price"":""640.75""},{""bid_quantity"":60,""ask_quantity"":60,""bid_orders"":2,""ask_orders"":2,""bid_price"":""638.15"",""ask_price"":""640.85""},{""bid_quantity"":40,""ask_quantity"":180,""bid_orders"":1,""ask_orders"":3,""bid_price"":""638.10"",""ask_price"":""641.20""},{""bid_quantity"":20,""ask_quantity"":20,""bid_orders"":1,""ask_orders"":1,""bid_price"":""637.95"",""ask_price"":""641.35""}]"
09:15:35.533,1791517535533576395,2235278087510382,Full Data,8,1102591,589.65,80,09:15:35,,,620.71,56760,14060,25060,209460,"[{""bid_quantity"":60,""ask_quantity"":120,""bid_orders"":3,""ask_orders"":6,""bid_price"":""588.30"",""ask_price"":""589.75""},{""bid_quantity"":40,""ask_quantity"":60,""bid_orders"":1,""ask_orders"":3,""bid_price"":""588.05"",""ask_price"":""589.80""},{""bid_quantity"":120,""ask_quantity"":20,""bid_orders"":3,""ask_orders"":1,""bid_price"":""588.00"",""ask_price"":""589.85""},{""bid_quantity"":40,""ask_quantity"":180,""bid_orders"":2,""ask_orders"":3,""bid_price"":""587.95"",""ask_price"":""589.90""},{""bid_quantity"":60,""ask_quantity"":80,""bid_orders"":3,""ask_orders"":3,""bid_price"":""587.75"",""ask_price"":""589.95""}]"
09:15:35.608,1791517535608055236,2235278161989263,Ticker Data,0,51,71848.63,,09:15:35,,,,,,,,
09:15:35.621,1791517535621620403,2235278175554390,Full Data,8,1105793,560.00,340,09:15:35,,,547.16,59940,14900,24180,50360,"[{""bid_quantity"":20,""ask_quantity"":20,""bid_orders"":1,""ask_orders"":1,""bid_price"":""557.50"",""ask_price"":""558.70""},{""bid_quantity"":20,""ask_quantity"":40,""bid_orders"":1,""ask_orders"":2,""bid_price"":""557.45"",""ask_price"":""558.80""},{""bid_quantity"":40,""ask_quantity"":40,""bid_orders"":2,""ask_orders"":2,""bid_price"":""557.40"",""ask_price"":""558.85""},{""bid_quantity"":20,""ask_quantity"":40,""bid_orders"":1,""ask_orders"":2,""bid_price"":""557.35"",""ask_price"":""558.90""},{""bid_quantity"":40,""ask_quantity"":20,""bid_orders"":2,""ask_orders"":1,""bid_price"":""557.20"",""ask_price"":""558.95""}]"
09:15:35.681,1791517535681366669,2235278235300616,Full Data,8,1114046,416.50,40,09:15:35,,,433.81,60640,13000,39880,119180,"[{""bid_quantity"":60,""ask_quantity"":40,""bid_orders"":3,""ask_orders"":2,""bid_price"":""414.35"",""ask_price"":""415.80""},{""bid_quantity"":80,""ask_quantity"":60,""bid_orders"":4,""ask_orders"":2,""bid_price"":""414.30"",""ask_price"":""415.85""},{""bid_quantity"":60,""ask_quantity"":40,""bid_orders"":2,""ask_orders"":2,""bid_price"":""414.25"",""ask_price"":""415.90""},{""bid_quantity"":60,""ask_quantity"":40,""bid_orders"":2,""ask_orders"":2,""bid_price"":""414.20"",""ask_price"":""416.00""},{""bid_quantity"":220,""ask_quantity"":60,""bid_orders"":4,""ask_orders"":2,""bid_price"":""414.10"",""ask_price"":""416.20""}]"
09:15:35.958,1791517535958301818,2235278512236285,Full Data,8,1112083,609.95,80,09:15:35,,,602.34,95860,14320,31880,97520,"[{""bid_quantity"":20,""ask_quantity"":140,""bid_orders"":1,""ask_orders"":3,""bid_price"":""610.00"",""ask_price"":""611.25""},{""bid_quantity"":100,""ask_quantity"":20,""bid_orders"":1,""ask_orders"":1,""bid_price"":""609.95"",""ask_price"":""611.35""},{""bid_quantity"":40,""ask_quantity"":60,""bid_orders"":1,""ask_orders"":2,""bid_price"":""609.40"",""ask_price"":""611.50""},{""bid_quantity"":180,""ask_quantity"":60,""bid_orders"":3,""ask_orders"":3,""bid_price"":""608.40"",""ask_price"":""611.55""},{""bid_quantity"":60,""ask_quantity"":180,""bid_orders"":2,""ask_orders"":3,""bid_price"":""608.30"",""ask_price"":""611.70""}]"
09:15:36.007,1791517536007849178,2235278561783285,Full Data,8,1104245,454.90,20,09:15:35,,,447.74,40620,12920,19600,52960,"[{""bid_quantity"":40,""ask_quantity"":40,""bid_orders"":1,""ask_orders"":1,""bid_price"":""454.30"",""ask_price"":""455.95""},{""bid_quantity"":80,""ask_quantity"":60,""bid_orders"":3,""ask_orders"":2,""bid_price"":""454.25"",""ask_price"":""456.00""},{""bid_quantity"":60,""ask_quantity"":40,""bid_orders"":2,""ask_orders"":1,""bid_price"":""454.20"",""ask_price"":""456.15""},{""bid_quantity"":20,""ask_quantity"":20,""bid_orders"":1,""ask_orders"":1,""bid_price"":""454.15"",""ask_price"":""456.20""},{""bid_quantity"":20,""ask_quantity"":40,""bid_orders"":1,""ask_orders"":1,""bid_price"":""454.05"",""ask_price"":""456.25""}]"
09:15:36.046,1791517536046370987,2235278600305134,Full Data,8,1112083,610.80,20,09:15:36,,,602.37,96160,16040,33820,97520,"[{""bid_quantity"":20,""ask_quantity"":40,""bid_orders"":1,""ask_orders"":1,""bid_price"":""611.30"",""ask_price"":""613.30""},{""bid_quantity"":40,""ask_quantity"":20,""bid_orders"":2,""ask_orders"":1,""bid_price"":""611.25"",""ask_price"":""613.35""},{""bid_quantity"":40,""ask_quantity"":40,""bid_orders"":1,""ask_orders"":1,""bid_price"":""610.95"",""ask_price"":""613.40""},{""bid_quantity"":20,""ask_quantity"":20,""bid_orders"":1,""ask_orders"":1,""bid_price"":""610.90"",""ask_price"":""613.45""},{""bid_quantity"":40,""ask_quantity"":20,""bid_orders"":2,""ask_orders"":1,""bid_price"":""610.85"",""ask_price"":""613.55""}]"
09:15:36.082,1791517536082668541,2235278636602848,Full Data,8,1104245,457.50,20,09:15:36,,,447.87,41220,12060,19540,52960,"[{""bid_quantity"":20,""ask_quantity"":20,""bid_orders"":1,""ask_orders"":1,""bid_price"":""457.60"",""ask_price"":""458.60""},{""bid_quantity"":60,""ask_quantity"":20,""bid_orders"":2,""ask_orders"":1,""bid_price"":""457.50"",""ask_price"":""458.75""},{""bid_quantity"":40,""ask_quantity"":20,""bid_orders"":1,""ask_orders"":1,""bid_price"":""457.40"",""ask_price"":""458.90""},{""bid_quantity"":40,""ask_quantity"":40,""bid_orders"":1,""ask_orders"":1,""bid_price"":""457.35"",""ask_price"":""459.25""},{""bid_quantity"":40,""ask_quantity"":60,""bid_orders"":1,""ask_orders"":2,""bid_price"":""456.90"",""ask_price"":""459.40""}]"
09:15:36.098,1791517536098024880,2235278651958827,Full Data,8,1114464,793.15,20,09:15:36,,,775.67,62760,13460,49280,272380,"[{""bid_quantity"":40,""ask_quantity"":20,""bid_orders"":1,""ask_orders"":1,""bid_price"":""793.10"",""ask_price"":""794.70""},{""bid_quantity"":40,""ask_quantity"":40,""bid_orders"":2,""ask_orders"":1,""bid_price"":""793.05"",""ask_price"":""795.85""},{""bid_quantity"":40,""ask_quantity"":100,""bid_orders"":1,""ask_orders"":1,""bid_price"":""792.90"",""ask_price"":""796.45""},{""bid_quantity"":20,""ask_quantity"":200,""bid_orders"":1,""ask_orders"":2,""bid_price"":""792.85"",""ask_price"":""796.75""},{""bid_quantity"":20,""ask_quantity"":80,""bid_orders"":1,""ask_orders"":1,""bid_price"":""792.65"",""ask_price"":""797.50""}]"
09:15:36.261,1791517536261512696,2235278815446963,Full Data,8,1116183,508.20,40,09:15:36,,,494.53,146300,31280,56300,319760,"[{""bid_quantity"":20,""ask_quantity"":500,""bid_orders"":1,""ask_orders"":2,""bid_price"":""507.00"",""ask_price"":""508.20""},{""bid_quantity"":100,""ask_quantity"":40,""bid_orders"":4,""ask_orders"":2,""bid_price"":""506.95"",""ask_price"":""508.95""},{""bid_quantity"":40,""ask_quantity"":160,""bid_orders"":2,""ask_orders"":2,""bid_price"":""506.90"",""ask_price"":""509.10""},{""bid_quantity"":200,""ask_quantity"":140,""bid_orders"":4,""ask_orders"":1,""bid_price"":""506.85"",""ask_price"":""509.40""},{""bid_quantity"":200,""ask_quantity"":40,""bid_orders"":4,""ask_orders"":2,""bid_price"":""506.80"",""ask_price"":""509.90""}]"
09:15:36.307,1791517536307614914,2235278861548981,Full Data,8,1116183,508.20,360,09:15:36,,,494.59,146880,30280,57640,319760,"[{""bid_quantity"":40,""ask_quantity"":120,""bid_orders"":1,""ask_orders"":1,""bid_price"":""508.75"",""ask_price"":""510.00""},{""bid_quantity"":60,""ask_quantity"":20,""bid_orders"":2,""ask_orders"":1,""bid_price"":""508.70"",""ask_price"":""510.30""},{""bid_quantity"":40,""ask_quantity"":40,""bid_orders"":1,""ask_orders"":1,""bid_price"":""508.65"",""ask_price"":""510.50""},{""bid_quantity"":60,""ask_quantity"":100,""bid_orders"":3,""ask_orders"":3,""bid_price"":""508.60"",""ask_price"":""510.85""},{""bid_quantity"":60,""ask_quantity"":40,""bid_orders"":3,""ask_orders"":1,""bid_price"":""508.55"",""ask_price"":""510.95""}]"
09:15:36.356,1791517536356710031,2235278910644058,Full Data,8,1115207,674.65,40,09:15:36,,,658.97,70800,11440,24320,97240,"[{""bid_quantity"":40,""ask_quantity"":40,""bid_orders"":2,""ask_orders"":2,""bid_price"":""673.10"",""ask_price"":""674.90""},{""bid_quantity"":40,""ask_quantity"":40,""bid_orders"":2,""ask_orders"":2,""bid_price"":""672.95"",""ask_price"":""675.15""},{""bid_quantity"":40,""ask_quantity"":80,""bid_orders"":2,""ask_orders"":3,""bid_price"":""672.90"",""ask_price"":""675.70""},{""bid_quantity"":120,""ask_quantity"":20,""bid_orders"":2,""ask_orders"":1,""bid_price"":""672.80"",""ask_price"":""676.35""},{""bid_quantity"":80,""ask_quantity"":180,""bid_orders"":2,""ask_orders"":3,""bid_price"":""672.75"",""ask_price"":""676.40""}]"
09:15:36.405,1791517536405860828,2235278959794815,Full Data,8,1115207,672.95,20,09:15:36,,,658.98,70820,12840,24520,97240,"[{""bid_quantity"":200,""ask_quantity"":40,""bid_orders"":1,""ask_orders"":2,""bid_price"":""673.20"",""ask_price"":""675.75""},{""bid_quantity"":40,""ask_quantity"":20,""bid_orders"":2,""ask_orders"":1,""bid_price"":""673.15"",""ask_price"":""676.00""},{""bid_quantity"":60,""ask_quantity"":320,""bid_orders"":2,""ask_orders"":3,""bid_price"":""673.10"",""ask_price"":""676.30""},{""bid_quantity"":40,""ask_quantity"":40,""bid_orders"":2,""ask_orders"":1,""bid_price"":""673.05"",""ask_price"":""676.35""},{""bid_quantity"":80,""ask_quantity"":160,""bid_orders"":2,""ask_orders"":2,""bid_price"":""672.90"",""ask_price"":""676.40""}]"
09:15:36.444,1791517536444532358,2235278998466225,Full Data,8,1114813,496.50,20,09:15:36,,,522.10,79300,16100,19520,57500,"[{""bid_quantity"":60,""ask_quantity"":80,""bid_orders"":3,""ask_orders"":4,""bid_price"":""495.35"",""ask_price"":""496.80""},{""bid_quantity"":60,""ask_quantity"":80,""bid_orders"":2,""ask_orders"":4,""bid_price"":""495.10"",""ask_price"":""496.85""},{""bid_quantity"":60,""ask_quantity"":160,""bid_orders"":2,""ask_orders"":4,""bid_price"":""495.05"",""ask_price"":""496.90""},{""bid_quantity"":60,""ask_quantity"":100,""bid_orders"":2,""ask_orders"":4,""bid_price"":""495.00"",""ask_price"":""496.95""},{""bid_quantity"":20,""ask_quantity"":240,""bid_orders"":1,""ask_orders"":4,""bid_price"":""494.85"",""ask_price"":""497.00""}]"
09:15:36.463,1791517536463208079,2235279017142066,Full Data,8,1111639,540.20,20,09:15:36,,,565.96,44560,10400,18180,60460,"[{""bid_quantity"":60,""ask_quantity"":60,""bid_orders"":3,""ask_orders"":2,""bid_price"":""540.20"",""ask_price"":""541.65""},{""bid_quantity"":160,""ask_quantity"":40,""bid_orders"":2,""ask_orders"":2,""bid_price"":""540.10"",""ask_price"":""541.70""},{""bid_quantity"":60,""ask_quantity"":360,""bid_orders"":2,""ask_orders"":4,""bid_price"":""539.85"",""ask_price"":""541.80""},{""bid_quantity"":60,""ask_quantity"":40,""bid_orders"":2,""ask_orders"":2,""bid_price"":""539.80"",""ask_price"":""541.85""},{""bid_quantity"":80,""ask_quantity"":20,""bid_orders"":2,""ask_orders"":1,""bid_price"":""539.50"",""ask_price"":""542.00""}]"
09:15:36.526,1791517536527003531,2235279080937758,Full Data,8,1107704,644.40,20,09:15:36,,,674.23,11280,9940,11160,17620,"[{""bid_quantity"":40,""ask_quantity"":60,""bid_orders"":2,""ask_orders"":2,""bid_price"":""637.90"",""ask_price"":""640.10""},{""bid_quantity"":40,""ask_quantity"":20,""bid_orders"":2,""ask_orders"":1,""bid_price"":""637.75"",""ask_price"":""640.15""},{""bid_quantity"":60,""ask_quantity"":60,""bid_orders"":2,""ask_orders"":2,""bid_price"":""636.85"",""ask_price"":""640.20""},{""bid_quantity"":20,""ask_quantity"":20,""bid_orders"":1,""ask_orders"":1,""bid_price"":""636.80"",""ask_price"":""640.25""},{""bid_quantity"":200,""ask_quantity"":40,""bid_orders"":2,""ask_orders"":2,""bid_price"":""636.55"",""ask_price"":""640.40""}]"
09:15:36.534,1791517536534187257,2235279088121444,Full Data,8,1107704,644.40,20,09:15:36,,,674.23,11280,9760,11500,17620,"[{""bid_quantity"":40,""ask_quantity"":40,""bid_orders"":2,""ask_orders"":1,""bid_price"":""636.90"",""ask_price"":""639.35""},{""bid_quantity"":40,""ask_quantity"":80,""bid_orders"":1,""ask_orders"":3,""bid_price"":""636.85"",""ask_price"":""639.40""},{""bid_quantity"":40,""ask_quantity"":20,""bid_orders"":2,""ask_orders"":1,""bid_price"":""636.80"",""ask_price"":""639.45""},{""bid_quantity"":40,""ask_quantity"":20,""bid_orders"":2,""ask_orders"":1,""bid_price"":""636.70"",""ask_price"":""639.50""},{""bid_quantity"":40,""ask_quantity"":20,""bid_orders"":2,""ask_orders"":1,""bid_price"":""636.60"",""ask_price"":""639.55""}]"
09:15:36.567,1791517536567101550,2235279121035617,Full Data,8,1102591,589.65,20,09:15:36,,,619.91,58360,12860,22660,209460,"[{""bid_quantity"":80,""ask_quantity"":40,""bid_orders"":4,""ask_orders"":2,""bid_price"":""586.80"",""ask_price"":""588.65""},{""bid_quantity"":60,""ask_quantity"":80,""bid_orders"":3,""ask_orders"":2,""bid_price"":""586.75"",""ask_price"":""588.70""},{""bid_quantity"":200,""ask_quantity"":40,""bid_orders"":5,""ask_orders"":2,""bid_price"":""586.50"",""ask_price"":""588.85""},{""bid_quantity"":60,""ask_quantity"":40,""bid_orders"":3,""ask_orders"":1,""bid_price"":""586.45"",""ask_price"":""588.95""},{""bid_quantity"":80,""ask_quantity"":40,""bid_orders"":3,""ask_orders"":1,""bid_price"":""586.40"",""ask_price"":""589.00""}]"
09:15:36.586,1791517536586937678,2235279140871665,Full Data,8,1107336,376.95,40,09:15:36,,,401.21,102720,13800,54860,304080,"[{""bid_quantity"":40,""ask_quantity"":100,""bid_orders"":2,""ask_orders"":4,""bid_price"":""376.10"",""ask_price"":""377.55""},{""bid_quantity"":40,""ask_quantity"":40,""bid_orders"":2,""ask_orders"":2,""bid_price"":""376.05"",""ask_price"":""377.60""},{""bid_quantity"":60,""ask_quantity"":20,""bid_orders"":2,""ask_orders"":1,""bid_price"":""376.00"",""ask_price"":""377.65""},{""bid_quantity"":40,""ask_quantity"":20,""bid_orders"":2,""ask_orders"":1,""bid_price"":""375.95"",""ask_price"":""377.90""},{""bid_quantity"":40,""ask_quantity"":20,""bid_orders"":1,""ask_orders"":1,""bid_price"":""375.90"",""ask_price"":""377.95""}]"
09:15:36.589,1791517536589313293,2235279143247200,Ticker Data,0,51,71849.17,,09:15:36,,,,,,,,
09:15:36.593,1791517536593854283,2235279147788070,Full Data,8,1102591,589.65,20,09:15:36,,,619.91,58360,13120,22480,209460,"[{""bid_quantity"":40,""ask_quantity"":20,""bid_orders"":2,""ask_orders"":1,""bid_price"":""586.75"",""ask_price"":""588.50""},{""bid_quantity"":40,""ask_quantity"":60,""bid_orders"":2,""ask_orders"":3,""bid_price"":""586.70"",""ask_price"":""588.65""},{""bid_quantity"":40,""ask_quantity"":20,""bid_orders"":1,""ask_orders"":1,""bid_price"":""586.55"",""ask_price"":""588.70""},{""bid_quantity"":140,""ask_quantity"":20,""bid_orders"":2,""ask_orders"":1,""bid_price"":""586.50"",""ask_price"":""588.75""},{""bid_quantity"":20,""ask_quantity"":60,""bid_orders"":1,""ask_orders"":3,""bid_price"":""586.45"",""ask_price"":""588.80""}]"
09:15:36.607,1791517536607481611,2235279161415718,Full Data,8,1105793,562.15,20,09:15:36,,,547.33,60720,10880,22820,50360,"[{""bid_quantity"":20,""ask_quantity"":20,""bid_orders"":1,""ask_orders"":1,""bid_price"":""563.85"",""ask_price"":""565.70""},{""bid_quantity"":40,""ask_quantity"":40,""bid_orders"":2,""ask_orders"":2,""bid_price"":""563.80"",""ask_price"":""565.75""},{""bid_quantity"":60,""ask_quantity"":140,""bid_orders"":3,""ask_orders"":2,""bid_price"":""563.75"",""ask_price"":""565.80""},{""bid_quantity"":40,""ask_quantity"":20,""bid_orders"":2,""ask_orders"":1,""bid_price"":""563.70"",""ask_price"":""566.20""},{""bid_quantity"":40,""ask_quantity"":200,""bid_orders"":2,""ask_orders"":2,""bid_price"":""563.60"",""ask_price"":""566.25""}]"
09:15:36.684,1791517536684919391,2235279238853378,Full Data,8,1114046,412.25,140,09:15:36,,,433.59,61320,11140,37640,119180,"[{""bid_quantity"":40,""ask_quantity"":40,""bid_orders"":2,""ask_orders"":1,""bid_price"":""410.85"",""ask_price"":""412.40""},{""bid_quantity"":40,""ask_quantity"":40,""bid_orders"":2,""ask_orders"":2,""bid_price"":""410.75"",""ask_price"":""412.45""},{""bid_quantity"":40,""ask_quantity"":60,""bid_orders"":2,""ask_orders"":2,""bid_price"":""410.60"",""ask_price"":""412.55""},{""bid_quantity"":40,""ask_quantity"":40,""bid_orders"":1,""ask_orders"":2,""bid_price"":""410.45"",""ask_price"":""412.60""},{""bid_quantity"":100,""ask_quantity"":40,""bid_orders"":1,""ask_orders"":2,""bid_price"":""410.40"",""ask_price"":""412.75""}]"
09:15:36.721,1791517536721128585,2235279275062572,Full Data,8,1105793,567.00,20,09:15:36,,,547.35,60780,11320,22360,50360,"[{""bid_quantity"":40,""ask_quantity"":20,""bid_orders"":2,""ask_orders"":1,""bid_price"":""565.40"",""ask_price"":""567.00""},{""bid_quantity"":200,""ask_quantity"":160,""bid_orders"":2,""ask_orders"":2,""bid_price"":""565.35"",""ask_price"":""567.40""},{""bid_quantity"":40,""ask_quantity"":20,""bid_orders"":2,""ask_orders"":1,""bid_price"":""565.30"",""ask_price"":""567.45""},{""bid_quantity"":20,""ask_quantity"":60,""bid_orders"":1,""ask_orders"":2,""bid_price"":""565.25"",""ask_price"":""567.55""},{""bid_quantity"":20,""ask_quantity"":160,""bid_orders"":1,""ask_orders"":1,""bid_price"":""565.20"",""ask_price"":""567.60""}]"
09:15:36.774,1791517536774949212,2235279328883439,Full Data,8,1111309,739.95,20,09:15:36,,,718.00,54580,13160,25020,98080,"[{""bid_quantity"":60,""ask_quantity"":20,""bid_orders"":2,""ask_orders"":1,""bid_price"":""737.90"",""ask_price"":""740.05""},{""bid_quantity"":20,""ask_quantity"":60,""bid_orders"":1,""ask_orders"":2,""bid_price"":""737.85"",""ask_price"":""740.40""},{""bid_quantity"":220,""ask_quantity"":60,""bid_orders"":3,""ask_orders"":3,""bid_price"":""737.80"",""ask_price"":""740.65""},{""bid_quantity"":40,""ask_quantity"":40,""bid_orders"":2,""ask_orders"":1,""bid_price"":""737.70"",""ask_price"":""740.75""},{""bid_quantity"":40,""ask_quantity"":20,""bid_orders"":1,""ask_orders"":1,""bid_price"":""737.55"",""ask_price"":""741.25""}]"
09:15:36.816,1791517536816549281,2235279370483588,Full Data,8,1111309,740.75,20,09:15:36,,,718.06,54740,13140,25340,98080,"[{""bid_quantity"":40,""ask_quantity"":20,""bid_orders"":2,""ask_orders"":1,""bid_price"":""738.90"",""ask_price"":""740.95""},{""bid_quantity"":20,""ask_quantity"":40,""bid_orders"":1,""ask_orders"":2,""bid_price"":""738.80"",""ask_price"":""741.00""},{""bid_quantity"":60,""ask_quantity"":20,""bid_orders"":2,""ask_orders"":1,""bid_price"":""738.70"",""ask_price"":""741.05""},{""bid_quantity"":20,""ask_quantity"":20,""bid_orders"":1,""ask_orders"":1,""bid_price"":""738.65"",""ask_price"":""741.15""},{""bid_quantity"":20,""ask_quantity"":60,""bid_orders"":1,""ask_orders"":1,""bid_price"":""738.60"",""ask_price"":""741.20""}]"
09:15:37.046,1791517537046428686,2235279600362913,Full Data,8,1112083,620.85,80,09:15:37,,,602.60,97520,14040,31400,97520,"[{""bid_quantity"":100,""ask_quantity"":20,""bid_orders"":1,""ask_orders"":1,""bid_price"":""620.00"",""ask_price"":""621.15""},{""bid_quantity"":40,""ask_quantity"":20,""bid_orders"":1,""ask_orders"":1,""bid_price"":""619.60"",""ask_price"":""621.20""},{""bid_quantity"":40,""ask_quantity"":40,""bid_orders"":2,""ask_orders"":2,""bid_price"":""619.55"",""ask_price"":""621.25""},{""bid_quantity"":40,""ask_quantity"":40,""bid_orders"":2,""ask_orders"":2,""bid_price"":""619.40"",""ask_price"":""621.30""},{""bid_quantity"":40,""ask_quantity"":20,""bid_orders"":1,""ask_orders"":1,""bid_price"":""619.25"",""ask_price"":""621.35""}]"
09:15:37.080,1791517537080961949,2235279634895976,Full Data,8,1104245,463.05,40,09:15:37,,,448.24,42280,14800,20260,52960,"[{""bid_quantity"":60,""ask_quantity"":40,""bid_orders"":2,""ask_orders"":2,""bid_price"":""459.65"",""ask_price"":""461.90""},{""bid_quantity"":40,""ask_quantity"":60,""bid_orders"":1,""ask_orders"":2,""bid_price"":""459.35"",""ask_price"":""462.00""},{""bid_quantity"":100,""ask_quantity"":40,""bid_orders"":1,""ask_orders"":2,""bid_price"":""459.30"",""ask_price"":""462.05""},{""bid_quantity"":100,""ask_quantity"":100,""bid_orders"":1,""ask_orders"":4,""bid_price"":""459.00"",""ask_price"":""462.20""},{""bid_quantity"":200,""ask_quantity"":40,""bid_orders"":2,""ask_orders"":2,""bid_price"":""458.90"",""ask_price"":""462.25""}]"
09:15:37.132,1791517537132952444,2235279686886431,Full Data,8,1112083,617.60,20,09:15:37,,,602.63,97700,16500,33900,97520,"[{""bid_quantity"":60,""ask_quantity"":20,""bid_orders"":3,""ask_orders"":1,""bid_price"":""616.10"",""ask_price"":""617.60""},{""bid_quantity"":20,""ask_quantity"":40,""bid_orders"":1,""ask_orders"":2,""bid_price"":""616.05"",""ask_price"":""617.70""},{""bid_quantity"":60,""ask_quantity"":40,""bid_orders"":3,""ask_orders"":2,""bid_price"":""616.00"",""ask_price"":""617.85""},{""bid_quantity"":20,""ask_quantity"":40,""bid_orders"":1,""ask_orders"":2,""bid_price"":""615.95"",""ask_price"":""618.00""},{""bid_quantity"":20,""ask_quantity"":40,""bid_orders"":1,""ask_orders"":1,""bid_price"":""615.90"",""ask_price"":""618.10""}]"
09:15:37.168,1791517537168363793,2235279722297700,Full Data,8,1104245,460.00,20,09:15:37,,,448.24,42300,14920,20580,52960,"[{""bid_quantity"":40,""ask_quantity"":80,""bid_orders"":1,""ask_orders"":3,""bid_price"":""458.35"",""ask_price"":""460.55""},{""bid_quantity"":40,""ask_quantity"":20,""bid_orders"":1,""ask_orders"":1,""bid_price"":""458.30"",""ask_price"":""460.70""},{""bid_quantity"":140,""ask_quantity"":60,""bid_orders"":2,""ask_orders"":3,""bid_price"":""458.25"",""ask_price"":""460.75""},{""bid_quantity"":80,""ask_quantity"":40,""bid_orders"":2,""ask_orders"":1,""bid_price"":""458.20"",""ask_price"":""460.80""},{""bid_quantity"":80,""ask_quantity"":80,""bid_orders"":1,""ask_orders"":2,""bid_price"":""457.90"",""ask_price"":""460.85""}]"
09:15:37.171,1791517537171230932,2235279725164719,Full Data,8,1114464,798.20,20,09:15:37,,,776.16,64140,15020,46640,272380,"[{""bid_quantity"":140,""ask_quantity"":40,""bid_orders"":1,""ask_orders"":1,""bid_price"":""795.15"",""ask_price"":""797.65""},{""bid_quantity"":40,""ask_quantity"":60,""bid_orders"":2,""ask_orders"":2,""bid_price"":""795.10"",""ask_price"":""797.70""},{""bid_quantity"":60,""ask_quantity"":20,""bid_orders"":2,""ask_orders"":1,""bid_price"":""794.65"",""ask_price"":""797.80""},{""bid_quantity"":180,""ask_quantity"":40,""bid_orders"":2,""ask_orders"":1,""bid_price"":""794.45"",""ask_price"":""797.85""},{""bid_quantity"":180,""ask_quantity"":20,""bid_orders"":2,""ask_orders"":1,""bid_price"":""794.35"",""ask_price"":""797.90""}]"
09:15:37.317,1791517537317350715,2235279871285062,Full Data,8,1116183,510.45,40,09:15:37,,,495.34,153660,28820,55820,319760,"[{""bid_quantity"":20,""ask_quantity"":20,""bid_orders"":1,""ask_orders"":1,""bid_price"":""511.30"",""ask_price"":""512.85""},{""bid_quantity"":20,""ask_quantity"":20,""bid_orders"":1,""ask_orders"":1,""bid_price"":""511.25"",""ask_price"":""513.10""},{""bid_quantity"":20,""ask_quantity"":40,""bid_orders"":1,""ask_orders"":2,""bid_price"":""511.20"",""ask_price"":""513.15""},{""bid_quantity"":20,""ask_quantity"":40,""bid_orders"":1,""ask_orders"":1,""bid_price"":""511.10"",""ask_price"":""513.30""},{""bid_quantity"":20,""ask_quantity"":120,""bid_orders"":1,""ask_orders"":1,""bid_price"":""511.00"",""ask_price"":""513.45""}]"
09:15:37.377,1791517537377061661,2235279930995768,Full Data,8,1116183,511.65,20,09:15:37,,,495.47,154920,29280,58180,319760,"[{""bid_quantity"":40,""ask_quantity"":40,""bid_orders"":1,""ask_orders"":2,""bid_price"":""510.20"",""ask_price"":""511.45""},{""bid_quantity"":20,""ask_quantity"":60,""bid_orders"":1,""ask_orders"":3,""bid_price"":""510.15"",""ask_price"":""511.60""},{""bid_quantity"":20,""ask_quantity"":80,""bid_orders"":1,""ask_orders"":3,""bid_price"":""510.10"",""ask_price"":""511.75""},{""bid_quantity"":20,""ask_quantity"":100,""bid_orders"":1,""ask_orders"":5,""bid_price"":""510.05"",""ask_price"":""511.80""},{""bid_quantity"":240,""ask_quantity"":60,""bid_orders"":6,""ask_orders"":2,""bid_price"":""510.00"",""ask_price"":""511.95""}]"
09:15:37.437,1791517537437701373,2235279991635600,Full Data,8,1114813,488.70,20,09:15:37,,,521.52,80760,16040,19940,57500,"[{""bid_quantity"":80,""ask_quantity"":80,""bid_orders"":3,""ask_orders"":4,""bid_price"":""488.15"",""ask_price"":""489.75""},{""bid_quantity"":20,""ask_quantity"":120,""bid_orders"":1,""ask_orders"":4,""bid_price"":""488.10"",""ask_price"":""489.80""},{""bid_quantity"":60,""ask_quantity"":40,""bid_orders"":3,""ask_orders"":2,""bid_price"":""488.05"",""ask_price"":""489.85""},{""bid_quantity"":520,""ask_quantity"":120,""bid_orders"":4,""ask_orders"":4,""bid_price"":""488.00"",""ask_price"":""489.90""},{""bid_quantity"":60,""ask_quantity"":60,""bid_orders"":3,""ask_orders"":2,""bid_price"":""487.85"",""ask_price"":""489.95""}]"
09:15:37.466,1791517537466665760,2235280020599707,Full Data,8,1115207,675.30,20,09:15:37,,,659.72,73520,10340,23920,97240,"[{""bid_quantity"":140,""ask_quantity"":40,""bid_orders"":3,""ask_orders"":2,""bid_price"":""676.20"",""ask_price"":""678.20""},{""bid_quantity"":20,""ask_quantity"":80,""bid_orders"":1,""ask_orders"":3,""bid_price"":""676.15"",""ask_price"":""678.35""},{""bid_quantity"":80,""ask_quantity"":140,""bid_orders"":2,""ask_orders"":3,""bid_price"":""676.10"",""ask_price"":""678.40""},{""bid_quantity"":40,""ask_quantity"":20,""bid_orders"":2,""ask_orders"":1,""bid_price"":""676.05"",""ask_price"":""678.50""},{""bid_quantity"":40,""ask_quantity"":20,""bid_orders"":1,""ask_orders"":1,""bid_price"":""675.95"",""ask_price"":""678.55""}]"
09:15:37.468,1791517537468732893,2235280022666880,Full Data,8,1111639,530.60,40,09:15:37,,,565.29,45520,10040,16280,60460,"[{""bid_quantity"":60,""ask_quantity"":60,""bid_orders"":2,""ask_orders"":2,""bid_price"":""531.75"",""ask_price"":""533.45""},{""bid_quantity"":60,""ask_quantity"":60,""bid_orders"":2,""ask_orders"":2,""bid_price"":""531.70"",""ask_price"":""533.50""},{""bid_quantity"":60,""ask_quantity"":20,""bid_orders"":2,""ask_orders"":1,""bid_price"":""531.60"",""ask_price"":""533.60""},{""bid_quantity"":60,""ask_quantity"":20,""bid_orders"":3,""ask_orders"":1,""bid_price"":""531.55"",""ask_price"":""533.70""},{""bid_quantity"":40,""ask_quantity"":40,""bid_orders"":1,""ask_orders"":2,""bid_price"":""531.35"",""ask_price"":""533.80""}]"
09:15:37.503,1791517537503448677,2235280057382704,Full Data,8,1114813,488.00,20,09:15:37,,,521.50,80800,13980,17940,57500,"[{""bid_quantity"":20,""ask_quantity"":40,""bid_orders"":1,""ask_orders"":1,""bid_price"":""488.15"",""ask_price"":""488.85""},{""bid_quantity"":440,""ask_quantity"":80,""bid_orders"":1,""ask_orders"":3,""bid_price"":""488.00"",""ask_price"":""489.45""},{""bid_quantity"":60,""ask_quantity"":80,""bid_orders"":3,""ask_orders"":3,""bid_price"":""487.75"",""ask_price"":""489.50""},{""bid_quantity"":60,""ask_quantity"":60,""bid_orders"":3,""ask_orders"":3,""bid_price"":""487.70"",""ask_price"":""489.70""},{""bid_quantity"":60,""ask_quantity"":20,""bid_orders"":2,""ask_orders"":1,""bid_price"":""487.65"",""ask_price"":""489.75""}]"
09:15:37.525,1791517537525367899,2235280079302166,Full Data,8,1111639,530.60,40,09:15:37,,,565.29,45520,9780,16020,60460,"[{""bid_quantity"":40,""ask_quantity"":60,""bid_orders"":1,""ask_orders"":2,""bid_price"":""533.05"",""ask_price"":""534.65""},{""bid_quantity"":40,""ask_quantity"":60,""bid_orders"":2,""ask_orders"":3,""bid_price"":""533.00"",""ask_price"":""534.70""},{""bid_quantity"":40,""ask_quantity"":40,""bid_orders"":1,""ask_orders"":1,""bid_price"":""532.85"",""ask_price"":""534.75""},{""bid_quantity"":60,""ask_quantity"":20,""bid_orders"":2,""ask_orders"":1,""bid_price"":""532.80"",""ask_price"":""534.80""},{""bid_quantity"":60,""ask_quantity"":40,""bid_orders"":2,""ask_orders"":2,""bid_price"":""532.75"",""ask_price"":""534.85""}]"
09:15:37.537,1791517537537365016,2235280091299123,Full Data,8,1107704,629.70,20,09:15:37,,,672.08,11900,9720,11780,17620,"[{""bid_quantity"":40,""ask_quantity"":60,""bid_orders"":2,""ask_orders"":2,""bid_price"":""631.40"",""ask_price"":""634.05""},{""bid_quantity"":160,""ask_quantity"":40,""bid_orders"":2,""ask_orders"":2,""bid_price"":""631.35"",""ask_price"":""634.10""},{""bid_quantity"":20,""ask_quantity"":40,""bid_orders"":1,""ask_orders"":2,""bid_price"":""631.30"",""ask_price"":""634.30""},{""bid_quantity"":40,""ask_quantity"":20,""bid_orders"":2,""ask_orders"":1,""bid_price"":""631.25"",""ask_price"":""634.40""},{""bid_quantity"":60,""ask_quantity"":20,""bid_orders"":3,""ask_orders"":1,""bid_price"":""631.20"",""ask_price"":""634.45""}]"
09:15:37.566,1791517537566398324,2235280120332271,Full Data,8,1107704,629.70,20,09:15:37,,,672.08,11900,9280,11520,17620,"[{""bid_quantity"":40,""ask_quantity"":60,""bid_orders"":2,""ask_orders"":2,""bid_price"":""631.60"",""ask_price"":""634.40""},{""bid_quantity"":140,""ask_quantity"":40,""bid_orders"":1,""ask_orders"":2,""bid_price"":""631.55"",""ask_price"":""634.50""},{""bid_quantity"":40,""ask_quantity"":40,""bid_orders"":2,""ask_orders"":2,""bid_price"":""631.50"",""ask_price"":""634.65""},{""bid_quantity"":80,""ask_quantity"":100,""bid_orders"":3,""ask_orders"":1,""bid_price"":""631.45"",""ask_price"":""634.80""},{""bid_quantity"":20,""ask_quantity"":20,""bid_orders"":1,""ask_orders"":1,""bid_price"":""631.35"",""ask_price"":""634.85""}]"
09:15:37.602,1791517537602836079,2235280156770266,Ticker Data,0,51,71854.54,,09:15:37,,,,,,,,
09:15:37.739,1791517537739722003,2235280293655910,Full Data,8,1110871,446.45,20,09:15:37,,,478.50,67660,11420,16040,81380,"[{""bid_quantity"":20,""ask_quantity"":40,""bid_orders"":1,""ask_orders"":2,""bid_price"":""446.85"",""ask_price"":""448.45""},{""bid_quantity"":180,""ask_quantity"":40,""bid_orders"":3,""ask_orders"":2,""bid_price"":""446.80"",""ask_price"":""448.50""},{""bid_quantity"":60,""ask_quantity"":40,""bid_orders"":3,""ask_orders"":2,""bid_price"":""446.65"",""ask_price"":""448.55""},{""bid_quantity"":60,""ask_quantity"":40,""bid_orders"":2,""ask_orders"":2,""bid_price"":""446.60"",""ask_price"":""448.60""},{""bid_quantity"":180,""ask_quantity"":80,""bid_orders"":2,""ask_orders"":3,""bid_price"":""446.45"",""ask_price"":""448.65""}]"
09:15:37.759,1791517537759636812,2235280313570839,Full Data,8,1105793,562.25,20,09:15:37,,,547.57,61620,12140,22960,50360,"[{""bid_quantity"":60,""ask_quantity"":20,""bid_orders"":3,""ask_orders"":1,""bid_price"":""562.10"",""ask_price"":""562.25""},{""bid_quantity"":20,""ask_quantity"":20,""bid_orders"":1,""ask_orders"":1,""bid_price"":""561.95"",""ask_price"":""563.10""},{""bid_quantity"":20,""ask_quantity"":120,""bid_orders"":1,""ask_orders"":2,""bid_price"":""561.90"",""ask_price"":""563.50""},{""bid_quantity"":40,""ask_quantity"":40,""bid_orders"":2,""ask_orders"":1,""bid_price"":""561.85"",""ask_price"":""563.70""},{""bid_quantity"":20,""ask_quantity"":120,""bid_orders"":1,""ask_orders"":1,""bid_price"":""561.80"",""ask_price"":""563.75""}]"
09:15:37.821,1791517537821820973,2235280375755400,Full Data,8,1111309,737.45,20,09:15:37,,,718.57,56140,10900,23540,98080,"[{""bid_quantity"":80,""ask_quantity"":100,""bid_orders"":2,""ask_orders"":1,""bid_price"":""736.35"",""ask_price"":""738.65""},{""bid_quantity"":20,""ask_quantity"":120,""bid_orders"":1,""ask_orders"":2,""bid_price"":""736.30"",""ask_price"":""739.20""},{""bid_quantity"":40,""ask_quantity"":100,""bid_orders"":1,""ask_orders"":2,""bid_price"":""736.15"",""ask_price"":""739.25""},{""bid_quantity"":20,""ask_quantity"":60,""bid_orders"":1,""ask_orders"":2,""bid_price"":""736.10"",""ask_price"":""739.30""},{""bid_quantity"":40,""ask_quantity"":40,""bid_orders"":1,""ask_orders"":1,""bid_price"":""735.95"",""ask_price"":""739.35""}]"
09:15:37.885,1791517537885262863,2235280439197090,Full Data,8,1111309,737.60,40,09:15:37,,,718.61,56260,10580,23680,98080,"[{""bid_quantity"":20,""ask_quantity"":160,""bid_orders"":1,""ask_orders"":1,""bid_price"":""737.75"",""ask_price"":""740.25""},{""bid_quantity"":20,""ask_quantity"":120,""bid_orders"":1,""ask_orders"":2,""bid_price"":""737.70"",""ask_price"":""740.40""},{""bid_quantity"":40,""ask_quantity"":40,""bid_orders"":2,""ask_orders"":1,""bid_price"":""737.50"",""ask_price"":""740.50""},{""bid_quantity"":40,""ask_quantity"":40,""bid_orders"":1,""ask_orders"":1,""bid_price"":""737.35"",""ask_price"":""740.60""},{""bid_quantity"":40,""ask_quantity"":40,""bid_orders"":2,""ask_orders"":1,""bid_price"":""737.30"",""ask_price"":""740.65""}]"
09:15:38.144,1791517538144129855,2235280698064082,Full Data,8,1112083,622.00,40,09:15:38,,,603.02,99900,17380,32240,97520,"[{""bid_quantity"":60,""ask_quantity"":140,""bid_orders"":3,""ask_orders"":3,""bid_price"":""617.70"",""ask_price"":""620.25""},{""bid_quantity"":20,""ask_quantity"":120,""bid_orders"":1,""ask_orders"":5,""bid_price"":""617.50"",""ask_price"":""620.30""},{""bid_quantity"":20,""ask_quantity"":20,""bid_orders"":1,""ask_orders"":1,""bid_price"":""617.35"",""ask_price"":""620.35""},{""bid_quantity"":220,""ask_quantity"":180,""bid_orders"":3,""ask_orders"":2,""bid_price"":""617.25"",""ask_price"":""620.40""},{""bid_quantity"":100,""ask_quantity"":220,""bid_orders"":1,""ask_orders"":4,""bid_price"":""617.20"",""ask_price"":""620.45""}]"
09:15:38.172,1791517538172747520,2235280726681507,Full Data,8,1104245,462.40,20,09:15:38,,,448.49,43060,12500,20680,52960,"[{""bid_quantity"":20,""ask_quantity"":40,""bid_orders"":1,""ask_orders"":1,""bid_price"":""460.35"",""ask_price"":""462.05""},{""bid_quantity"":140,""ask_quantity"":20,""bid_orders"":1,""ask_orders"":1,""bid_price"":""460.30"",""ask_price"":""462.10""},{""bid_quantity"":20,""ask_quantity"":20,""bid_orders"":1,""ask_orders"":1,""bid_price"":""460.25"",""ask_price"":""462.25""},{""bid_quantity"":100,""ask_quantity"":100,""bid_orders"":1,""ask_orders"":4,""bid_price"":""460.20"",""ask_price"":""462.30""},{""bid_quantity"":40,""ask_quantity"":20,""bid_orders"":1,""ask_orders"":1,""bid_price"":""460.15"",""ask_price"":""462.40""}]"
09:15:38.212,1791517538212637058,2235280766571045,Full Data,8,1114464,804.80,40,09:15:38,,,776.57,65340,13660,46280,272380,"[{""bid_quantity"":80,""ask_quantity"":40,""bid_orders"":3,""ask_orders"":2,""bid_price"":""797.35"",""ask_price"":""799.80""},{""bid_quantity"":620,""ask_quantity"":20,""bid_orders"":2,""ask_orders"":1,""bid_price"":""797.30"",""ask_price"":""799.95""},{""bid_quantity"":160,""ask_quantity"":60,""bid_orders"":2,""ask_orders"":3,""bid_price"":""797.25"",""ask_price"":""800.00""},{""bid_quantity"":20,""ask_quantity"":20,""bid_orders"":1,""ask_orders"":1,""bid_price"":""797.20"",""ask_price"":""800.20""},{""bid_quantity"":60,""ask_quantity"":20,""bid_orders"":2,""ask_orders"":1,""bid_price"":""796.90"",""ask_price"":""800.35""}]"
09:15:38.224,1791517538224548294,2235280778482521,Full Data,8,1112083,622.00,40,09:15:38,,,603.02,99900,15840,34220,97520,"[{""bid_quantity"":40,""ask_quantity"":60,""bid_orders"":1,""ask_orders"":3,""bid_price"":""618.15"",""ask_price"":""619.95""},{""bid_quantity"":60,""ask_quantity"":60,""bid_orders"":2,""ask_orders"":2,""bid_price"":""618.05"",""ask_price"":""620.10""},{""bid_quantity"":20,""ask_quantity"":200,""bid_orders"":1,""ask_orders"":3,""bid_price"":""617.95"",""ask_price"":""620.20""},{""bid_quantity"":40,""ask_quantity"":300,""bid_orders"":2,""ask_orders"":3,""bid_price"":""617.90"",""ask_price"":""620.25""},{""bid_quantity"":40,""ask_quantity"":220,""bid_orders"":2,""ask_orders"":1,""bid_price"":""617.85"",""ask_price"":""620.40""}]"
09:15:38.252,1791517538252237473,2235280806171460,Full Data,8,1104245,460.65,20,09:15:38,,,448.50,43080,14280,21980,52960,"[{""bid_quantity"":40,""ask_quantity"":20,""bid_orders"":2,""ask_orders"":1,""bid_price"":""460.80"",""ask_price"":""461.85""},{""bid_quantity"":20,""ask_quantity"":60,""bid_orders"":1,""ask_orders"":3,""bid_price"":""460.75"",""ask_price"":""462.05""},{""bid_quantity"":20,""ask_quantity"":60,""bid_orders"":1,""ask_orders"":2,""bid_price"":""460.70"",""ask_price"":""462.35""},{""bid_quantity"":20,""ask_quantity"":60,""bid_orders"":1,""ask_orders"":2,""bid_price"":""460.65"",""ask_price"":""462.40""},{""bid_quantity"":40,""ask_quantity"":80,""bid_orders"":2,""ask_orders"":3,""bid_price"":""460.60"",""ask_price"":""462.50""}]"
09:15:38.259,1791517538259307199,2235280813241146,Full Data,8,1114464,804.80,40,09:15:38,,,776.57,65340,13820,47740,272380,"[{""bid_quantity"":40,""ask_quantity"":40,""bid_orders"":2,""ask_orders"":1,""bid_price"":""797.90"",""ask_price"":""799.95""},{""bid_quantity"":60,""ask_quantity"":40,""bid_orders"":2,""ask_orders"":2,""bid_price"":""797.35"",""ask_price"":""800.00""},{""bid_quantity"":200,""ask_quantity"":40,""bid_orders"":1,""ask_orders"":1,""bid_price"":""797.30"",""ask_price"":""800.05""},{""bid_quantity"":140,""ask_quantity"":40,""bid_orders"":2,""ask_orders"":2,""bid_price"":""796.95"",""ask_price"":""800.10""},{""bid_quantity"":420,""ask_quantity"":20,""bid_orders"":4,""ask_orders"":1,""bid_price"":""796.45"",""ask_price"":""800.20""}]"
09:15:38.365,1791517538365731366,2235280919665553,Full Data,8,1116183,510.25,20,09:15:38,,,495.63,156660,31260,58980,319760,"[{""bid_quantity"":20,""ask_quantity"":140,""bid_orders"":1,""ask_orders"":6,""bid_price"":""510.40"",""ask_price"":""511.70""},{""bid_quantity"":40,""ask_quantity"":60,""bid_orders"":2,""ask_orders"":2,""bid_price"":""510.35"",""ask_price"":""511.75""},{""bid_quantity"":40,""ask_quantity"":40,""bid_orders"":2,""ask_orders"":2,""bid_price"":""510.30"",""ask_price"":""511.80""},{""bid_quantity"":220,""ask_quantity"":120,""bid_orders"":4,""ask_orders"":5,""bid_price"":""510.10"",""ask_price"":""511.85""},{""bid_quantity"":20,""ask_quantity"":20,""bid_orders"":1,""ask_orders"":1,""bid_price"":""509.95"",""ask_price"":""511.90""}]"
09:15:38.424,1791517538424681867,2235280978615974,Full Data,8,1116183,510.45,20,09:15:38,,,495.63,156700,31280,59620,319760,"[{""bid_quantity"":80,""ask_quantity"":60,""bid_orders"":4,""ask_orders"":3,""bid_price"":""510.25"",""ask_price"":""511.35""},{""bid_quantity"":60,""ask_quantity"":40,""bid_orders"":3,""ask_orders"":2,""bid_price"":""510.15"",""ask_price"":""511.45""},{""bid_quantity"":180,""ask_quantity"":80,""bid_orders"":4,""ask_orders"":3,""bid_price"":""510.10"",""ask_price"":""511.65""},{""bid_quantity"":60,""ask_quantity"":20,""bid_orders"":3,""ask_orders"":1,""bid_price"":""510.05"",""ask_price"":""511.70""},{""bid_quantity"":280,""ask_quantity"":80,""bid_orders"":3,""ask_orders"":4,""bid_price"":""510.00"",""ask_price"":""511.95""}]"
09:15:38.480,1791517538480815670,2235281034750017,Full Data,8,1115207,676.40,20,09:15:38,,,660.29,75960,10480,24540,97240,"[{""bid_quantity"":40,""ask_quantity"":40,""bid_orders"":2,""ask_orders"":2,""bid_price"":""676.55"",""ask_price"":""678.75""},{""bid_quantity"":40,""ask_quantity"":40,""bid_orders"":2,""ask_orders"":2,""bid_price"":""676.45"",""ask_price"":""679.00""},{""bid_quantity"":40,""ask_quantity"":120,""bid_orders"":2,""ask_orders"":2,""bid_price"":""676.40"",""ask_price"":""679.20""},{""bid_quantity"":40,""ask_quantity"":120,""bid_orders"":2,""ask_orders"":2,""bid_price"":""676.35"",""ask_price"":""679.40""},{""bid_quantity"":20,""ask_quantity"":100,""bid_orders"":1,""ask_orders"":1,""bid_price"":""676.25"",""ask_price"":""679.65""}]"
09:15:38.487,1791517538487796115,2235281041730102,Full Data,8,1114813,488.95,40,09:15:38,,,520.98,82120,13680,17520,57500,"[{""bid_quantity"":20,""ask_quantity"":120,""bid_orders"":1,""ask_orders"":5,""bid_price"":""488.95"",""ask_price"":""490.40""},{""bid_quantity"":40,""ask_quantity"":20,""bid_orders"":2,""ask_orders"":1,""bid_price"":""488.90"",""ask_price"":""490.45""},{""bid_quantity"":80,""ask_quantity"":100,""bid_orders"":3,""ask_orders"":5,""bid_price"":""488.85"",""ask_price"":""490.50""},{""bid_quantity"":180,""ask_quantity"":20,""bid_orders"":3,""ask_orders"":1,""bid_price"":""488.80"",""ask_price"":""490.55""},{""bid_quantity"":220,""ask_quantity"":20,""bid_orders"":4,""ask_orders"":1,""bid_price"":""488.70"",""ask_price"":""490.60""}]"
09:15:38.530,1791517538530551751,2235281084485738,Full Data,8,1111639,534.00,20,09:15:38,,,565.13,45760,12000,17480,60460,"[{""bid_quantity"":40,""ask_quantity"":20,""bid_orders"":1,""ask_orders"":1,""bid_price"":""532.45"",""ask_price"":""534.20""},{""bid_quantity"":60,""ask_quantity"":40,""bid_orders"":3,""ask_orders"":2,""bid_price"":""532.40"",""ask_price"":""534.40""},{""bid_quantity"":40,""ask_quantity"":100,""bid_orders"":1,""ask_orders"":1,""bid_price"":""532.35"",""ask_price"":""534.45""},{""bid_quantity"":40,""ask_quantity"":60,""bid_orders"":1,""ask_orders"":2,""bid_price"":""532.25"",""ask_price"":""534.55""},{""bid_quantity"":20,""ask_quantity"":80,""bid_orders"":1,""ask_orders"":4,""bid_price"":""532.05"",""ask_price"":""534.60""}]"
09:15:38.576,1791517538576600968,2235281130535075,Full Data,8,1114813,489.55,40,09:15:38,,,520.95,82200,13860,17480,57500,"[{""bid_quantity"":20,""ask_quantity"":20,""bid_orders"":1,""ask_orders"":1,""bid_price"":""488.30"",""ask_price"":""489.95""},{""bid_quantity"":40,""ask_quantity"":40,""bid_orders"":2,""ask_orders"":2,""bid_price"":""488.20"",""ask_price"":""490.10""},{""bid_quantity"":40,""ask_quantity"":20,""bid_orders"":1,""ask_orders"":1,""bid_price"":""488.10"",""ask_price"":""490.15""},{""bid_quantity"":80,""ask_quantity"":40,""bid_orders"":3,""ask_orders"":2,""bid_price"":""488.05"",""ask_price"":""490.20""},{""bid_quantity"":60,""ask_quantity"":100,""bid_orders"":1,""ask_orders"":5,""bid_price"":""487.90"",""ask_price"":""490.35""}]"
09:15:38.578,1791517538578820823,2235281132754610,Full Data,8,1115207,678.65,20,09:15:38,,,660.30,76000,10780,26640,97240,"[{""bid_quantity"":20,""ask_quantity"":20,""bid_orders"":1,""ask_orders"":1,""bid_price"":""677.65"",""ask_price"":""679.95""},{""bid_quantity"":120,""ask_quantity"":20,""bid_orders"":2,""ask_orders"":1,""bid_price"":""677.60"",""ask_price"":""680.15""},{""bid_quantity"":20,""ask_quantity"":20,""bid_orders"":1,""ask_orders"":1,""bid_price"":""677.45"",""ask_price"":""680.30""},{""bid_quantity"":40,""ask_quantity"":160,""bid_orders"":2,""ask_orders"":1,""bid_price"":""677.40"",""ask_price"":""680.35""},{""bid_quantity"":20,""ask_quantity"":280,""bid_orders"":1,""ask_orders"":5,""bid_price"":""677.25"",""ask_price"":""680.40""}]"
09:15:38.585,1791517538585501186,2235281139435093,Full Data,8,1107704,629.70,20,09:15:37,,,672.08,11900,11560,13620,17620,"[{""bid_quantity"":140,""ask_quantity"":60,""bid_orders"":1,""ask_orders"":2,""bid_price"":""629.10"",""ask_price"":""632.65""},{""bid_quantity"":60,""ask_quantity"":20,""bid_orders"":3,""ask_orders"":1,""bid_price"":""629.05"",""ask_price"":""632.70""},{""bid_quantity"":20,""ask_quantity"":160,""bid_orders"":1,""ask_orders"":4,""bid_price"":""629.00"",""ask_price"":""632.80""},{""bid_quantity"":60,""ask_quantity"":120,""bid_orders"":3,""ask_orders"":1,""bid_price"":""628.95"",""ask_price"":""633.05""},{""bid_quantity"":20,""ask_quantity"":40,""bid_orders"":1,""ask_orders"":1,""bid_price"":""628.90"",""ask_price"":""633.95""}]"
09:15:38.595,1791517538595321929,2235281149255756,Ticker Data,0,51,71854.83,,09:15:38,,,,,,,,
09:15:38.632,1791517538632633690,2235281186567637,Full Data,8,1111639,533.90,20,09:15:38,,,565.09,45820,13060,16680,60460,"[{""bid_quantity"":20,""ask_quantity"":20,""bid_orders"":1,""ask_orders"":1,""bid_price"":""531.15"",""ask_price"":""533.10""},{""bid_quantity"":20,""ask_quantity"":20,""bid_orders"":1,""ask_orders"":1,""bid_price"":""531.00"",""ask_price"":""533.15""},{""bid_quantity"":80,""ask_quantity"":20,""bid_orders"":2,""ask_orders"":1,""bid_price"":""530.10"",""ask_price"":""533.30""},{""bid_quantity"":100,""ask_quantity"":20,""bid_orders"":1,""ask_orders"":1,""bid_price"":""530.05"",""ask_price"":""533.45""},{""bid_quantity"":100,""ask_quantity"":40,""bid_orders"":1,""ask_orders"":2,""bid_price"":""530.00"",""ask_price"":""533.50""}]"
09:15:38.759,1791517538759802951,2235281313737218,Full Data,8,1114046,406.80,20,09:15:38,,,432.33,64440,11260,38340,119180,"[{""bid_quantity"":20,""ask_quantity"":60,""bid_orders"":1,""ask_orders"":2,""bid_price"":""406.75"",""ask_price"":""408.05""},{""bid_quantity"":140,""ask_quantity"":200,""bid_orders"":1,""ask_orders"":2,""bid_price"":""406.70"",""ask_price"":""408.10""},{""bid_quantity"":60,""ask_quantity"":100,""bid_orders"":3,""ask_orders"":4,""bid_price"":""406.65"",""ask_price"":""408.25""},{""bid_quantity"":20,""ask_quantity"":60,""bid_orders"":1,""ask_orders"":3,""bid_price"":""406.55"",""ask_price"":""408.35""},{""bid_quantity"":20,""ask_quantity"":40,""bid_orders"":1,""ask_orders"":1,""bid_price"":""406.50"",""ask_price"":""408.45""}]"
09:15:38.767,1791517538768000884,2235281321934911,Full Data,8,1110871,445.50,40,09:15:38,,,478.08,68560,13400,14760,81380,"[{""bid_quantity"":20,""ask_quantity"":20,""bid_orders"":1,""ask_orders"":1,""bid_price"":""445.45"",""ask_price"":""447.15""},{""bid_quantity"":40,""ask_quantity"":180,""bid_orders"":2,""ask_orders"":2,""bid_price"":""445.40"",""ask_price"":""447.20""},{""bid_quantity"":60,""ask_quantity"":60,""bid_orders"":3,""ask_orders"":3,""bid_price"":""445.35"",""ask_price"":""447.25""},{""bid_quantity"":40,""ask_quantity"":40,""bid_orders"":2,""ask_orders"":2,""bid_price"":""445.30"",""ask_price"":""447.45""},{""bid_quantity"":120,""ask_quantity"":20,""bid_orders"":2,""ask_orders"":1,""bid_price"":""445.25"",""ask_price"":""447.50""}]"
09:15:38.847,1791517538847228156,2235281401162383,Full Data,8,1105793,566.10,20,09:15:38,,,547.90,62800,14320,25240,50360,"[{""bid_quantity"":40,""ask_quantity"":20,""bid_orders"":2,""ask_orders"":1,""bid_price"":""565.15"",""ask_price"":""566.70""},{""bid_quantity"":40,""ask_quantity"":40,""bid_orders"":2,""ask_orders"":2,""bid_price"":""565.10"",""ask_price"":""567.00""},{""bid_quantity"":40,""ask_quantity"":20,""bid_orders"":2,""ask_orders"":1,""bid_price"":""564.95"",""ask_price"":""567.10""},{""bid_quantity"":260,""ask_quantity"":20,""bid_orders"":3,""ask_orders"":1,""bid_price"":""564.90"",""ask_price"":""567.15""},{""bid_quantity"":40,""ask_quantity"":20,""bid_orders"":2,""ask_orders"":1,""bid_price"":""564.85"",""ask_price"":""567.20""}]"
09:15:38.896,1791517538896286433,2235281450220420,Full Data,8,1111309,743.00,100,09:15:38,,,719.07,57420,13580,23680,98080,"[{""bid_quantity"":40,""ask_quantity"":40,""bid_orders"":2,""ask_orders"":1,""bid_price"":""740.65"",""ask_price"":""742.60""},{""bid_quantity"":60,""ask_quantity"":40,""bid_orders"":2,""ask_orders"":2,""bid_price"":""740.50"",""ask_price"":""742.65""},{""bid_quantity"":40,""ask_quantity"":100,""bid_orders"":2,""ask_orders"":3,""bid_price"":""740.45"",""ask_price"":""742.70""},{""bid_quantity"":200,""ask_quantity"":20,""bid_orders"":2,""ask_orders"":1,""bid_price"":""740.35"",""ask_price"":""742.75""},{""bid_quantity"":40,""ask_quantity"":40,""bid_orders"":1,""ask_orders"":2,""bid_price"":""740.30"",""ask_price"":""742.80""}]"
09:15:38.937,1791517538937417619,2235281491351606,Full Data,8,1111309,742.50,20,09:15:38,,,719.08,57440,12800,25620,98080,"[{""bid_quantity"":40,""ask_quantity"":20,""bid_orders"":1,""ask_orders"":1,""bid_price"":""741.40"",""ask_price"":""743.20""},{""bid_quantity"":60,""ask_quantity"":20,""bid_orders"":2,""ask_orders"":1,""bid_price"":""741.35"",""ask_price"":""743.35""},{""bid_quantity"":60,""ask_quantity"":40,""bid_orders"":2,""ask_orders"":2,""bid_price"":""741.30"",""ask_price"":""743.45""},{""bid_quantity"":120,""ask_quantity"":40,""bid_orders"":2,""ask_orders"":2,""bid_price"":""741.20"",""ask_price"":""743.55""},{""bid_quantity"":40,""ask_quantity"":80,""bid_orders"":2,""ask_orders"":2,""bid_price"":""741.15"",""ask_price"":""743.60""}]"
09:15:39.239,1791517539239664571,2235281793598798,Full Data,8,1112083,623.05,20,09:15:39,,,603.50,102460,12740,33520,97520,"[{""bid_quantity"":20,""ask_quantity"":100,""bid_orders"":1,""ask_orders"":1,""bid_price"":""623.95"",""ask_price"":""625.00""},{""bid_quantity"":20,""ask_quantity"":20,""bid_orders"":1,""ask_orders"":1,""bid_price"":""623.90"",""ask_price"":""625.95""},{""bid_quantity"":60,""ask_quantity"":100,""bid_orders"":2,""ask_orders"":1,""bid_price"":""623.85"",""ask_price"":""626.00""},{""bid_quantity"":40,""ask_quantity"":180,""bid_orders"":1,""ask_orders"":3,""bid_price"":""623.75"",""ask_price"":""626.25""},{""bid_quantity"":60,""ask_quantity"":20,""bid_orders"":3,""ask_orders"":1,""bid_price"":""623.70"",""ask_price"":""626.75""}]"
09:15:39.242,1791517539242352508,2235281796286655,Full Data,8,1104245,465.20,20,09:15:39,,,448.74,43740,11900,20880,52960,"[{""bid_quantity"":40,""ask_quantity"":80,""bid_orders"":2,""ask_orders"":3,""bid_price"":""466.05"",""ask_price"":""467.45""},{""bid_quantity"":40,""ask_quantity"":40,""bid_orders"":2,""ask_orders"":2,""bid_price"":""465.85"",""ask_price"":""467.50""},{""bid_quantity"":40,""ask_quantity"":40,""bid_orders"":1,""ask_orders"":2,""bid_price"":""465.70"",""ask_price"":""467.70""},{""bid_quantity"":20,""ask_quantity"":60,""bid_orders"":1,""ask_orders"":2,""bid_price"":""465.65"",""ask_price"":""467.80""},{""bid_quantity"":40,""ask_quantity"":20,""bid_orders"":2,""ask_orders"":1,""bid_price"":""465.60"",""ask_price"":""467.85""}]"
09:15:39.279,1791517539279706029,2235281833640336,Full Data,8,1114464,804.45,40,09:15:39,,,777.26,67140,16020,47820,272380,"[{""bid_quantity"":40,""ask_quantity"":60,""bid_orders"":1,""ask_orders"":2,""bid_price"":""804.70"",""ask_price"":""807.05""},{""bid_quantity"":40,""ask_quantity"":40,""bid_orders"":2,""ask_orders"":1,""bid_price"":""804.65"",""ask_price"":""807.15""},{""bid_quantity"":460,""ask_quantity"":20,""bid_orders"":3,""ask_orders"":1,""bid_price"":""804.60"",""ask_price"":""807.20""},{""bid_quantity"":20,""ask_quantity"":20,""bid_orders"":1,""ask_orders"":1,""bid_price"":""804.55"",""ask_price"":""807.40""},{""bid_quantity"":20,""ask_quantity"":40,""bid_orders"":1,""ask_orders"":2,""bid_price"":""804.15"",""ask_price"":""807.60""}]"
09:15:39.312,1791517539312992564,2235281866926551,Full Data,8,1104245,466.85,60,09:15:39,,,448.88,44080,14620,22480,52960,"[{""bid_quantity"":40,""ask_quantity"":240,""bid_orders"":1,""ask_orders"":2,""bid_price"":""466.45"",""ask_price"":""468.00""},{""bid_quantity"":20,""ask_quantity"":80,""bid_orders"":1,""ask_orders"":3,""bid_price"":""466.40"",""ask_price"":""468.10""},{""bid_quantity"":40,""ask_quantity"":40,""bid_orders"":2,""ask_orders"":1,""bid_price"":""466.20"",""ask_price"":""468.15""},{""bid_quantity"":40,""ask_quantity"":20,""bid_orders"":2,""ask_orders"":1,""bid_price"":""466.15"",""ask_price"":""468.20""},{""bid_quantity"":40,""ask_quantity"":20,""bid_orders"":1,""ask_orders"":1,""bid_price"":""466.10"",""ask_price"":""468.30""}]"
09:15:39.318,1791517539318743641,2235281872677828,Full Data,8,1112083,624.35,20,09:15:39,,,603.67,103280,13040,35360,97520,"[{""bid_quantity"":40,""ask_quantity"":40,""bid_orders"":1,""ask_orders"":2,""bid_price"":""624.90"",""ask_price"":""626.85""},{""bid_quantity"":40,""ask_quantity"":20,""bid_orders"":1,""ask_orders"":1,""bid_price"":""624.80"",""ask_price"":""626.90""},{""bid_quantity"":20,""ask_quantity"":20,""bid_orders"":1,""ask_orders"":1,""bid_price"":""624.70"",""ask_price"":""626.95""},{""bid_quantity"":20,""ask_quantity"":300,""bid_orders"":1,""ask_orders"":6,""bid_price"":""624.30"",""ask_price"":""627.00""},{""bid_quantity"":20,""ask_quantity"":40,""bid_orders"":1,""ask_orders"":2,""bid_price"":""624.20"",""ask_price"":""627.05""}]"
09:15:39.333,1791517539333340816,2235281887274843,Full Data,8,1114464,804.45,40,09:15:39,,,777.26,67140,13360,45760,272380,"[{""bid_quantity"":140,""ask_quantity"":20,""bid_orders"":1,""ask_orders"":1,""bid_price"":""805.80"",""ask_price"":""808.10""},{""bid_quantity"":60,""ask_quantity"":20,""bid_orders"":2,""ask_orders"":1,""bid_price"":""805.65"",""ask_price"":""808.15""},{""bid_quantity"":20,""ask_quantity"":60,""bid_orders"":1,""ask_orders"":2,""bid_price"":""805.05"",""ask_price"":""808.20""},{""bid_quantity"":120,""ask_quantity"":40,""bid_orders"":2,""ask_orders"":1,""bid_price"":""805.00"",""ask_price"":""808.30""},{""bid_quantity"":100,""ask_quantity"":20,""bid_orders"":1,""ask_orders"":1,""bid_price"":""804.95"",""ask_price"":""808.35""}]"
09:15:39.416,1791517539416532113,2235281970466180,Full Data,8,1116183,517.65,60,09:15:39,,,495.93,159280,28800,58920,319760,"[{""bid_quantity"":40,""ask_quantity"":80,""bid_orders"":2,""ask_orders"":4,""bid_price"":""516.50"",""ask_price"":""517.90""},{""bid_quantity"":200,""ask_quantity"":100,""bid_orders"":4,""ask_orders"":4,""bid_price"":""516.40"",""ask_price"":""518.00""},{""bid_quantity"":160,""ask_quantity"":100,""bid_orders"":6,""ask_orders"":4,""bid_price"":""516.35"",""ask_price"":""518.05""},{""bid_quantity"":80,""ask_quantity"":40,""bid_orders"":3,""ask_orders"":2,""bid_price"":""516.30"",""ask_price"":""518.10""},{""bid_quantity"":40,""ask_quantity"":40,""bid_orders"":2,""ask_orders"":2,""bid_price"":""516.20"",""ask_price"":""518.15""}]"
09:15:39.463,1791517539463249015,2235282017183202,Full Data,8,1116183,518.70,140,09:15:39,,,496.01,159840,31920,58820,319760,"[{""bid_quantity"":80,""ask_quantity"":60,""bid_orders"":2,""ask_orders"":3,""bid_price"":""517.05"",""ask_price"":""518.40""},{""bid_quantity"":200,""ask_quantity"":20,""bid_orders"":4,""ask_orders"":1,""bid_price"":""516.80"",""ask_price"":""518.45""},{""bid_quantity"":100,""ask_quantity"":100,""bid_orders"":4,""ask_orders"":5,""bid_price"":""516.70"",""ask_price"":""518.55""},{""bid_quantity"":100,""ask_quantity"":100,""bid_orders"":4,""ask_orders"":4,""bid_price"":""516.65"",""ask_price"":""518.60""},{""bid_quantity"":220,""ask_quantity"":40,""bid_orders"":8,""ask_orders"":2,""bid_price"":""516.60"",""ask_price"":""518.65""}]"
09:15:39.560,1791517539560226161,2235282114160348,Full Data,8,1114813,487.15,20,09:15:39,,,520.36,83680,15480,19540,57500,"[{""bid_quantity"":20,""ask_quantity"":80,""bid_orders"":1,""ask_orders"":3,""bid_price"":""485.40"",""ask_price"":""486.30""},{""bid_quantity"":40,""ask_quantity"":20,""bid_orders"":2,""ask_orders"":1,""bid_price"":""485.25"",""ask_price"":""486.35""},{""bid_quantity"":20,""ask_quantity"":20,""bid_orders"":1,""ask_orders"":1,""bid_price"":""485.15"",""ask_price"":""486.40""},{""bid_quantity"":200,""ask_quantity"":20,""bid_orders"":4,""ask_orders"":1,""bid_price"":""485.10"",""ask_price"":""486.45""},{""bid_quantity"":40,""ask_quantity"":240,""bid_orders"":2,""ask_orders"":4,""bid_price"":""485.00"",""ask_price"":""486.85""}]"
09:15:39.572,1791517539572356239,2235282126290186,Full Data,8,1115207,683.75,40,09:15:39,,,661.04,78720,12620,26520,97240,"[{""bid_quantity"":40,""ask_quantity"":120,""bid_orders"":2,""ask_orders"":2,""bid_price"":""683.80"",""ask_price"":""685.00""},{""bid_quantity"":100,""ask_quantity"":40,""bid_orders"":3,""ask_orders"":1,""bid_price"":""683.75"",""ask_price"":""685.65""},{""bid_quantity"":40,""ask_quantity"":40,""bid_orders"":2,""ask_orders"":1,""bid_price"":""683.55"",""ask_price"":""685.95""},{""bid_quantity"":20,""ask_quantity"":20,""bid_orders"":1,""ask_orders"":1,""bid_price"":""683.40"",""ask_price"":""686.35""},{""bid_quantity"":40,""ask_quantity"":20,""bid_orders"":2,""ask_orders"":1,""bid_price"":""683.35"",""ask_price"":""686.50""}]"
09:15:39.593,1791517539593786178,2235282147720365,Ticker Data,0,51,71842.72,,09:15:39,,,,,,,,
09:15:39.607,1791517539607940669,2235282161874536,Full Data,8,1114813,485.00,140,09:15:39,,,520.17,84140,14640,21520,57500,"[{""bid_quantity"":20,""ask_quantity"":40,""bid_orders"":1,""ask_orders"":1,""bid_price"":""485.90"",""ask_price"":""486.30""},{""bid_quantity"":60,""ask_quantity"":20,""bid_orders"":3,""ask_orders"":1,""bid_price"":""485.70"",""ask_price"":""486.40""},{""bid_quantity"":20,""ask_quantity"":20,""bid_orders"":1,""ask_orders"":1,""bid_price"":""485.65"",""ask_price"":""486.45""},{""bid_quantity"":160,""ask_quantity"":60,""bid_orders"":4,""ask_orders"":2,""bid_price"":""485.55"",""ask_price"":""487.30""},{""bid_quantity"":80,""ask_quantity"":60,""bid_orders"":4,""ask_orders"":2,""bid_price"":""485.40"",""ask_price"":""487.35""}]"
09:15:39.608,1791517539608882035,2235282162815862,Full Data,8,1107704,631.95,20,09:15:39,,,671.87,11960,11680,13660,17620,"[{""bid_quantity"":20,""ask_quantity"":60,""bid_orders"":1,""ask_orders"":2,""bid_price"":""626.95"",""ask_price"":""629.65""},{""bid_quantity"":60,""ask_quantity"":20,""bid_orders"":3,""ask_orders"":1,""bid_price"":""626.90"",""ask_price"":""629.70""},{""bid_quantity"":40,""ask_quantity"":40,""bid_orders"":2,""ask_orders"":1,""bid_price"":""626.85"",""ask_price"":""629.75""},{""bid_quantity"":160,""ask_quantity"":40,""bid_orders"":2,""ask_orders"":2,""bid_price"":""626.70"",""ask_price"":""629.80""},{""bid_quantity"":20,""ask_quantity"":20,""bid_orders"":1,""ask_orders"":1,""bid_price"":""626.35"",""ask_price"":""630.00""}]"
09:15:39.612,1791517539612235617,2235282166169484,Full Data,8,1111639,531.05,60,09:15:39,,,564.80,46220,12440,18220,60460,"[{""bid_quantity"":40,""ask_quantity"":60,""bid_orders"":2,""ask_orders"":3,""bid_price"":""529.75"",""ask_price"":""531.70""},{""bid_quantity"":20,""ask_quantity"":40,""bid_orders"":1,""ask_orders"":2,""bid_price"":""529.70"",""ask_price"":""531.75""},{""bid_quantity"":140,""ask_quantity"":20,""bid_orders"":1,""ask_orders"":1,""bid_price"":""529.60"",""ask_price"":""531.85""},{""bid_quantity"":40,""ask_quantity"":480,""bid_orders"":2,""ask_orders"":6,""bid_price"":""529.55"",""ask_price"":""531.90""},{""bid_quantity"":40,""ask_quantity"":200,""bid_orders"":1,""ask_orders"":2,""bid_price"":""529.45"",""ask_price"":""532.00""}]"
09:15:39.679,1791517539679158449,2235282233092516,Full Data,8,1115207,685.65,40,09:15:39,,,661.13,79000,12660,26760,97240,"[{""bid_quantity"":40,""ask_quantity"":20,""bid_orders"":2,""ask_orders"":1,""bid_price"":""683.50"",""ask_price"":""685.20""},{""bid_quantity"":40,""ask_quantity"":40,""bid_orders"":2,""ask_orders"":2,""bid_price"":""683.45"",""ask_price"":""685.40""},{""bid_quantity"":40,""ask_quantity"":40,""bid_orders"":2,""ask_orders"":2,""bid_price"":""683.25"",""ask_price"":""685.55""},{""bid_quantity"":40,""ask_quantity"":40,""bid_orders"":2,""ask_orders"":2,""bid_price"":""683.20"",""ask_price"":""685.60""},{""bid_quantity"":80,""ask_quantity"":20,""bid_orders"":2,""ask_orders"":1,""bid_price"":""683.15"",""ask_price"":""685.70""}]"
09:15:39.683,1791517539683571638,2235282237505745,Full Data,8,1107704,631.95,20,09:15:39,,,671.87,11960,11660,13720,17620,"[{""bid_quantity"":40,""ask_quantity"":60,""bid_orders"":2,""ask_orders"":2,""bid_price"":""627.55"",""ask_price"":""629.75""},{""bid_quantity"":40,""ask_quantity"":60,""bid_orders"":2,""ask_orders"":2,""bid_price"":""627.45"",""ask_price"":""629.80""},{""bid_quantity"":60,""ask_quantity"":40,""bid_orders"":3,""ask_orders"":2,""bid_price"":""627.30"",""ask_price"":""630.00""},{""bid_quantity"":20,""ask_quantity"":20,""bid_orders"":1,""ask_orders"":1,""bid_price"":""627.25"",""ask_price"":""630.15""},{""bid_quantity"":40,""ask_quantity"":100,""bid_orders"":2,""ask_orders"":1,""bid_price"":""627.20"",""ask_price"":""630.40""}]"
09:15:39.704,1791517539704727294,2235282258661201,Full Data,8,1102591,578.85,20,09:15:39,,,617.17,63040,15120,25280,209460,"[{""bid_quantity"":20,""ask_quantity"":420,""bid_orders"":1,""ask_orders"":5,""bid_price"":""578.90"",""ask_price"":""579.75""},{""bid_quantity"":40,""ask_quantity"":20,""bid_orders"":2,""ask_orders"":1,""bid_price"":""577.90"",""ask_price"":""579.80""},{""bid_quantity"":100,""ask_quantity"":60,""bid_orders"":2,""ask_orders"":3,""bid_price"":""577.85"",""ask_price"":""579.85""},{""bid_quantity"":40,""ask_quantity"":40,""bid_orders"":2,""ask_orders"":2,""bid_price"":""577.80"",""ask_price"":""579.90""},{""bid_quantity"":40,""ask_quantity"":140,""bid_orders"":2,""ask_orders"":1,""bid_price"":""577.75"",""ask_price"":""580.20""}]"
09:15:39.706,1791517539706170423,2235282260104330,Full Data,8,1107336,370.40,20,09:15:39,,,400.22,106420,16300,55240,304080,"[{""bid_quantity"":60,""ask_quantity"":40,""bid_orders"":3,""ask_orders"":2,""bid_price"":""370.05"",""ask_price"":""371.45""},{""bid_quantity"":40,""ask_quantity"":40,""bid_orders"":2,""ask_orders"":2,""bid_price"":""370.00"",""ask_price"":""371.50""},{""bid_quantity"":100,""ask_quantity"":160,""bid_orders"":4,""ask_orders"":2,""bid_price"":""369.95"",""ask_price"":""371.55""},{""bid_quantity"":20,""ask_quantity"":60,""bid_orders"":1,""ask_orders"":2,""bid_price"":""369.90"",""ask_price"":""371.60""},{""bid_quantity"":80,""ask_quantity"":60,""bid_orders"":3,""ask_orders"":2,""bid_price"":""369.85"",""ask_price"":""371.90""}]"
09:15:39.768,1791517539768490346,2235282322424293,Full Data,8,1102591,579.75,20,09:15:39,,,617.16,63060,15060,25420,209460,"[{""bid_quantity"":40,""ask_quantity"":20,""bid_orders"":2,""ask_orders"":1,""bid_price"":""578.90"",""ask_price"":""579.50""},{""bid_quantity"":60,""ask_quantity"":20,""bid_orders"":3,""ask_orders"":1,""bid_price"":""577.85"",""ask_price"":""579.65""},{""bid_quantity"":100,""ask_quantity"":20,""bid_orders"":2,""ask_orders"":1,""bid_price"":""577.25"",""ask_price"":""579.75""},{""bid_quantity"":60,""ask_quantity"":40,""bid_orders"":2,""ask_orders"":2,""bid_price"":""577.20"",""ask_price"":""579.85""},{""bid_quantity"":40,""ask_quantity"":20,""bid_orders"":1,""ask_orders"":1,""bid_price"":""576.85"",""ask_price"":""579.90""}]"
09:15:39.800,1791517539800568433,2235282354502380,Full Data,8,1111639,530.50,20,09:15:39,,,564.74,46300,12280,19460,60460,"[{""bid_quantity"":60,""ask_quantity"":20,""bid_orders"":2,""ask_orders"":1,""bid_price"":""530.30"",""ask_price"":""531.95""},{""bid_quantity"":40,""ask_quantity"":180,""bid_orders"":2,""ask_orders"":2,""bid_price"":""530.25"",""ask_price"":""532.00""},{""bid_quantity"":40,""ask_quantity"":40,""bid_orders"":2,""ask_orders"":2,""bid_price"":""530.15"",""ask_price"":""532.05""},{""bid_quantity"":60,""ask_quantity"":40,""bid_orders"":2,""ask_orders"":2,""bid_price"":""530.10"",""ask_price"":""532.20""},{""bid_quantity"":20,""ask_quantity"":20,""bid_orders"":1,""ask_orders"":1,""bid_price"":""530.05"",""ask_price"":""532.25""}]"
09:15:39.804,1791517539804584299,2235282358518406,Full Data,8,1114046,405.65,20,09:15:39,,,432.11,64980,12280,39180,119180,"[{""bid_quantity"":20,""ask_quantity"":20,""bid_orders"":1,""ask_orders"":1,""bid_price"":""405.70"",""ask_price"":""406.80""},{""bid_quantity"":40,""ask_quantity"":160,""bid_orders"":2,""ask_orders"":1,""bid_price"":""405.65"",""ask_price"":""406.85""},{""bid_quantity"":40,""ask_quantity"":20,""bid_orders"":2,""ask_orders"":1,""bid_price"":""405.20"",""ask_price"":""406.90""},{""bid_quantity"":40,""ask_quantity"":40,""bid_orders"":2,""ask_orders"":1,""bid_price"":""405.15"",""ask_price"":""407.00""},{""bid_quantity"":20,""ask_quantity"":40,""bid_orders"":1,""ask_orders"":1,""bid_price"":""405.10"",""ask_price"":""407.05""}]"
09:15:39.854,1791517539854381981,2235282408316088,Full Data,8,1110871,446.50,20,09:15:39,,,477.49,69820,13280,17460,81380,"[{""bid_quantity"":60,""ask_quantity"":40,""bid_orders"":3,""ask_orders"":2,""bid_price"":""444.90"",""ask_price"":""446.60""},{""bid_quantity"":40,""ask_quantity"":40,""bid_orders"":2,""ask_orders"":2,""bid_price"":""444.75"",""ask_price"":""446.65""},{""bid_quantity"":160,""ask_quantity"":60,""bid_orders"":2,""ask_orders"":3,""bid_price"":""444.60"",""ask_price"":""446.80""},{""bid_quantity"":60,""ask_quantity"":40,""bid_orders"":2,""ask_orders"":2,""bid_price"":""444.55"",""ask_price"":""446.85""},{""bid_quantity"":140,""ask_quantity"":120,""bid_orders"":2,""ask_orders"":2,""bid_price"":""444.25"",""ask_price"":""447.00""}]"
09:15:39.854,1791517539854903824,2235282408837811,Full Data,8,1105793,569.90,40,09:15:39,,,548.64,65040,12300,22560,50360,"[{""bid_quantity"":20,""ask_quantity"":60,""bid_orders"":1,""ask_orders"":1,""bid_price"":""568.50"",""ask_price"":""570.15""},{""bid_quantity"":20,""ask_quantity"":20,""bid_orders"":1,""ask_orders"":1,""bid_price"":""568.40"",""ask_price"":""570.25""},{""bid_quantity"":20,""ask_quantity"":40,""bid_orders"":1,""ask_orders"":1,""bid_price"":""568.35"",""ask_price"":""570.75""},{""bid_quantity"":40,""ask_quantity"":20,""bid_orders"":2,""ask_orders"":1,""bid_price"":""568.30"",""ask_price"":""570.90""},{""bid_quantity"":20,""ask_quantity"":20,""bid_orders"":1,""ask_orders"":1,""bid_price"":""568.25"",""ask_price"":""570.95""}]"
09:15:39.929,1791517539929504986,2235282483439093,Full Data,8,1105793,568.55,20,09:15:39,,,548.66,65100,12400,24680,50360,"[{""bid_quantity"":20,""ask_quantity"":20,""bid_orders"":1,""ask_orders"":1,""bid_price"":""568.30"",""ask_price"":""569.70""},{""bid_quantity"":40,""ask_quantity"":20,""bid_orders"":2,""ask_orders"":1,""bid_price"":""568.10"",""ask_price"":""569.95""},{""bid_quantity"":100,""ask_quantity"":60,""bid_orders"":1,""ask_orders"":3,""bid_price"":""568.05"",""ask_price"":""570.00""},{""bid_quantity"":20,""ask_quantity"":60,""bid_orders"":1,""ask_orders"":2,""bid_price"":""568.00"",""ask_price"":""570.50""},{""bid_quantity"":20,""ask_quantity"":40,""bid_orders"":1,""ask_orders"":2,""bid_price"":""567.90"",""ask_price"":""570.65""}]"
09:15:39.944,1791517539944860005,2235282498794152,Full Data,8,1111309,745.40,20,09:15:39,,,719.63,58640,13440,26060,98080,"[{""bid_quantity"":20,""ask_quantity"":40,""bid_orders"":1,""ask_orders"":2,""bid_price"":""743.20"",""ask_price"":""744.70""},{""bid_quantity"":40,""ask_quantity"":40,""bid_orders"":2,""ask_orders"":2,""bid_price"":""742.90"",""ask_price"":""744.75""},{""bid_quantity"":40,""ask_quantity"":80,""bid_orders"":2,""ask_orders"":3,""bid_price"":""742.60"",""ask_price"":""744.95""},{""bid_quantity"":20,""ask_quantity"":20,""bid_orders"":1,""ask_orders"":1,""bid_price"":""742.40"",""ask_price"":""745.00""},{""bid_quantity"":60,""ask_quantity"":40,""bid_orders"":1,""ask_orders"":2,""bid_price"":""742.20"",""ask_price"":""745.05""}]"
09:15:39.994,1791517539994695167,2235282548629114,Full Data,8,1111309,742.30,40,09:15:39,,,719.68,58760,11960,24240,98080,"[{""bid_quantity"":20,""ask_quantity"":80,""bid_orders"":1,""ask_orders"":2,""bid_price"":""742.05"",""ask_price"":""744.00""},{""bid_quantity"":20,""ask_quantity"":20,""bid_orders"":1,""ask_orders"":1,""bid_price"":""741.85"",""ask_price"":""744.05""},{""bid_quantity"":20,""ask_quantity"":40,""bid_orders"":1,""ask_orders"":1,""bid_price"":""741.65"",""ask_price"":""744.10""},{""bid_quantity"":20,""ask_quantity"":40,""bid_orders"":1,""ask_orders"":2,""bid_price"":""741.50"",""ask_price"":""744.35""},{""bid_quantity"":20,""ask_quantity"":40,""bid_orders"":1,""ask_orders"":2,""bid_price"":""741.45"",""ask_price"":""744.50""}]"
09:15:40.318,1791517540318496898,2235282872431125,Full Data,8,1104245,464.50,40,09:15:40,,,449.27,45080,11540,20160,52960,"[{""bid_quantity"":80,""ask_quantity"":40,""bid_orders"":3,""ask_orders"":2,""bid_price"":""464.45"",""ask_price"":""466.00""},{""bid_quantity"":40,""ask_quantity"":40,""bid_orders"":2,""ask_orders"":2,""bid_price"":""464.40"",""ask_price"":""466.25""},{""bid_quantity"":80,""ask_quantity"":40,""bid_orders"":3,""ask_orders"":2,""bid_price"":""464.35"",""ask_price"":""466.45""},{""bid_quantity"":40,""ask_quantity"":100,""bid_orders"":1,""ask_orders"":1,""bid_price"":""464.30"",""ask_price"":""466.50""},{""bid_quantity"":60,""ask_quantity"":40,""bid_orders"":3,""ask_orders"":2,""bid_price"":""464.25"",""ask_price"":""466.60""}]"
09:15:40.331,1791517540331281381,2235282885215408,Full Data,8,1112083,623.70,20,09:15:40,,,604.17,105680,13540,34880,97520,"[{""bid_quantity"":20,""ask_quantity"":20,""bid_orders"":1,""ask_orders"":1,""bid_price"":""622.30"",""ask_price"":""624.00""},{""bid_quantity"":40,""ask_quantity"":20,""bid_orders"":1,""ask_orders"":1,""bid_price"":""622.20"",""ask_price"":""624.15""},{""bid_quantity"":40,""ask_quantity"":80,""bid_orders"":2,""ask_orders"":4,""bid_price"":""622.15"",""ask_price"":""624.25""},{""bid_quantity"":60,""ask_quantity"":60,""bid_orders"":2,""ask_orders"":2,""bid_price"":""622.10"",""ask_price"":""624.35""},{""bid_quantity"":20,""ask_quantity"":120,""bid_orders"":1,""ask_orders"":2,""bid_price"":""622.05"",""ask_price"":""624.80""}]"
09:15:40.335,1791517540335025525,2235282888959432,Full Data,8,1114464,800.70,20,09:15:40,,,778.57,70300,14680,47180,272380,"[{""bid_quantity"":20,""ask_quantity"":20,""bid_orders"":1,""ask_orders"":1,""bid_price"":""804.75"",""ask_price"":""805.85""},{""bid_quantity"":40,""ask_quantity"":60,""bid_orders"":2,""ask_orders"":3,""bid_price"":""804.60"",""ask_price"":""806.75""},{""bid_quantity"":20,""ask_quantity"":160,""bid_orders"":1,""ask_orders"":1,""bid_price"":""804.55"",""ask_price"":""808.05""},{""bid_quantity"":40,""ask_quantity"":100,""bid_orders"":1,""ask_orders"":1,""bid_price"":""804.40"",""ask_price"":""808.35""},{""bid_quantity"":20,""ask_quantity"":80,""bid_orders"":1,""ask_orders"":1,""bid_price"":""804.35"",""ask_price"":""808.75""}]"
09:15:40.391,1791517540391137007,2235282945071074,Full Data,8,1104245,465.50,20,09:15:40,,,449.32,45220,11680,20300,52960,"[{""bid_quantity"":40,""ask_quantity"":60,""bid_orders"":2,""ask_orders"":2,""bid_price"":""465.60"",""ask_price"":""466.85""},{""bid_quantity"":100,""ask_quantity"":60,""bid_orders"":1,""ask_orders"":3,""bid_price"":""465.50"",""ask_price"":""466.90""},{""bid_quantity"":40,""ask_quantity"":80,""bid_orders"":1,""ask_orders"":3,""bid_price"":""465.45"",""ask_price"":""467.10""},{""bid_quantity"":20,""ask_quantity"":40,""bid_orders"":1,""ask_orders"":2,""bid_price"":""465.40"",""ask_price"":""467.25""},{""bid_quantity"":140,""ask_quantity"":60,""bid_orders"":2,""ask_orders"":2,""bid_price"":""465.35"",""ask_price"":""467.55""}]"
09:15:40.408,1791517540408662240,2235282962596107,Full Data,8,1114464,800.70,20,09:15:40,,,778.57,70300,14080,46620,272380,"[{""bid_quantity"":40,""ask_quantity"":60,""bid_orders"":1,""ask_orders"":3,""bid_price"":""804.95"",""ask_price"":""806.75""},{""bid_quantity"":20,""ask_quantity"":60,""bid_orders"":1,""ask_orders"":2,""bid_price"":""804.90"",""ask_price"":""807.20""},{""bid_quantity"":20,""ask_quantity"":40,""bid_orders"":1,""ask_orders"":1,""bid_price"":""804.80"",""ask_price"":""807.90""},{""bid_quantity"":20,""ask_quantity"":80,""bid_orders"":1,""ask_orders"":1,""bid_price"":""804.70"",""ask_price"":""808.75""},{""bid_quantity"":80,""ask_quantity"":40,""bid_orders"":3,""ask_orders"":1,""bid_price"":""804.65"",""ask_price"":""809.00""}]"
09:15:40.409,1791517540409920449,2235282963854356,Full Data,8,1112083,626.05,40,09:15:40,,,604.46,107080,15160,36920,97520,"[{""bid_quantity"":40,""ask_quantity"":40,""bid_orders"":1,""ask_orders"":2,""bid_price"":""624.55"",""ask_price"":""626.10""},{""bid_quantity"":40,""ask_quantity"":120,""bid_orders"":2,""ask_orders"":3,""bid_price"":""624.50"",""ask_price"":""626.25""},{""bid_quantity"":40,""ask_quantity"":100,""bid_orders"":1,""ask_orders"":1,""bid_price"":""624.45"",""ask_price"":""626.40""},{""bid_quantity"":100,""ask_quantity"":20,""bid_orders"":4,""ask_orders"":1,""bid_price"":""623.70"",""ask_price"":""626.60""},{""bid_quantity"":20,""ask_quantity"":20,""bid_orders"":1,""ask_orders"":1,""bid_price"":""623.65"",""ask_price"":""626.70""}]"
09:15:40.467,1791517540467499860,2235283021433847,Full Data,8,1116183,516.25,20,09:15:40,,,496.54,164200,29720,60620,319760,"[{""bid_quantity"":40,""ask_quantity"":40,""bid_orders"":2,""ask_orders"":2,""bid_price"":""516.30"",""ask_price"":""518.40""},{""bid_quantity"":20,""ask_quantity"":380,""bid_orders"":1,""ask_orders"":3,""bid_price"":""516.25"",""ask_price"":""518.55""},{""bid_quantity"":20,""ask_quantity"":60,""bid_orders"":1,""ask_orders"":2,""bid_price"":""516.20"",""ask_price"":""518.60""},{""bid_quantity"":60,""ask_quantity"":40,""bid_orders"":2,""ask_orders"":2,""bid_price"":""516.10"",""ask_price"":""518.65""},{""bid_quantity"":20,""ask_quantity"":40,""bid_orders"":1,""ask_orders"":2,""bid_price"":""516.00"",""ask_price"":""518.70""}]"
09:15:40.517,1791517540517246062,2235283071180089,Full Data,8,1116183,516.30,40,09:15:40,,,496.55,164320,29940,58660,319760,"[{""bid_quantity"":20,""ask_quantity"":60,""bid_orders"":1,""ask_orders"":1,""bid_price"":""516.00"",""ask_price"":""516.30""},{""bid_quantity"":40,""ask_quantity"":80,""bid_orders"":2,""ask_orders"":3,""bid_price"":""515.95"",""ask_price"":""518.55""},{""bid_quantity"":420,""ask_quantity"":260,""bid_orders"":2,""ask_orders"":3,""bid_price"":""515.90"",""ask_price"":""518.70""},{""bid_quantity"":60,""ask_quantity"":40,""bid_orders"":3,""ask_orders"":1,""bid_price"":""515.85"",""ask_price"":""518.95""},{""bid_quantity"":40,""ask_quantity"":120,""bid_orders"":2,""ask_orders"":2,""bid_price"":""515.80"",""ask_price"":""519.00""}]"
09:15:40.603,1791517540603995102,2235283157929089,Full Data,8,1114813,484.75,20,09:15:40,,,519.19,86760,13540,16920,57500,"[{""bid_quantity"":20,""ask_quantity"":40,""bid_orders"":1,""ask_orders"":2,""bid_price"":""482.85"",""ask_price"":""484.45""},{""bid_quantity"":20,""ask_quantity"":40,""bid_orders"":1,""ask_orders"":2,""bid_price"":""482.80"",""ask_price"":""484.65""},{""bid_quantity"":40,""ask_quantity"":40,""bid_orders"":2,""ask_orders"":2,""bid_price"":""482.70"",""ask_price"":""484.70""},{""bid_quantity"":80,""ask_quantity"":160,""bid_orders"":2,""ask_orders"":2,""bid_price"":""482.60"",""ask_price"":""484.80""},{""bid_quantity"":40,""ask_quantity"":120,""bid_orders"":2,""ask_orders"":1,""bid_price"":""482.55"",""ask_price"":""484.90""}]"
09:15:40.619,1791517540619822124,2235283173756111,Ticker Data,0,51,71854.35,,09:15:40,,,,,,,,
09:15:40.647,1791517540647232061,2235283201166048,Full Data,8,1115207,686.20,20,09:15:40,,,662.06,82300,11060,26400,97240,"[{""bid_quantity"":60,""ask_quantity"":20,""bid_orders"":3,""ask_orders"":1,""bid_price"":""684.50"",""ask_price"":""686.55""},{""bid_quantity"":60,""ask_quantity"":60,""bid_orders"":3,""ask_orders"":3,""bid_price"":""684.45"",""ask_price"":""686.60""},{""bid_quantity"":80,""ask_quantity"":80,""bid_orders"":4,""ask_orders"":3,""bid_price"":""684.25"",""ask_price"":""686.70""},{""bid_quantity"":60,""ask_quantity"":60,""bid_orders"":3,""ask_orders"":3,""bid_price"":""684.05"",""ask_price"":""686.75""},{""bid_quantity"":60,""ask_quantity"":140,""bid_orders"":3,""ask_orders"":3,""bid_price"":""683.90"",""ask_price"":""686.80""}]"
09:15:40.671,1791517540671099375,2235283225033362,Full Data,8,1107704,627.55,60,09:15:40,,,671.29,12120,9600,11880,17620,"[{""bid_quantity"":20,""ask_quantity"":80,""bid_orders"":1,""ask_orders"":3,""bid_price"":""624.00"",""ask_price"":""626.00""},{""bid_quantity"":40,""ask_quantity"":100,""bid_orders"":2,""ask_orders"":4,""bid_price"":""623.95"",""ask_price"":""626.15""},{""bid_quantity"":20,""ask_quantity"":60,""bid_orders"":1,""ask_orders"":2,""bid_price"":""623.90"",""ask_price"":""626.25""},{""bid_quantity"":60,""ask_quantity"":20,""bid_orders"":2,""ask_orders"":1,""bid_price"":""623.85"",""ask_price"":""626.35""},{""bid_quantity"":80,""ask_quantity"":20,""bid_orders"":4,""ask_orders"":1,""bid_price"":""623.80"",""ask_price"":""626.55""}]"
09:15:40.702,1791517540702818180,2235283256752207,Full Data,8,1107704,627.55,60,09:15:40,,,671.29,12120,9660,11820,17620,"[{""bid_quantity"":80,""ask_quantity"":80,""bid_orders"":4,""ask_orders"":3,""bid_price"":""623.85"",""ask_price"":""626.25""},{""bid_quantity"":60,""ask_quantity"":60,""bid_orders"":2,""ask_orders"":3,""bid_price"":""623.80"",""ask_price"":""626.55""},{""bid_quantity"":80,""ask_quantity"":40,""bid_orders"":3,""ask_orders"":2,""bid_price"":""623.75"",""ask_price"":""626.75""},{""bid_quantity"":180,""ask_quantity"":240,""bid_orders"":3,""ask_orders"":2,""bid_price"":""623.70"",""ask_price"":""626.80""},{""bid_quantity"":40,""ask_quantity"":20,""bid_orders"":2,""ask_orders"":1,""bid_price"":""623.60"",""ask_price"":""626.95""}]"
09:15:40.704,1791517540704283310,2235283258217137,Full Data,8,1107336,367.80,20,09:15:40,,,399.95,107400,15380,56040,304080,"[{""bid_quantity"":80,""ask_quantity"":60,""bid_orders"":3,""ask_orders"":2,""bid_price"":""367.25"",""ask_price"":""368.85""},{""bid_quantity"":60,""ask_quantity"":180,""bid_orders"":3,""ask_orders"":3,""bid_price"":""367.20"",""ask_price"":""368.90""},{""bid_quantity"":20,""ask_quantity"":100,""bid_orders"":1,""ask_orders"":4,""bid_price"":""367.15"",""ask_price"":""368.95""},{""bid_quantity"":60,""ask_quantity"":220,""bid_orders"":3,""ask_orders"":3,""bid_price"":""367.10"",""ask_price"":""369.00""},{""bid_quantity"":20,""ask_quantity"":60,""bid_orders"":1,""ask_orders"":3,""bid_price"":""367.05"",""ask_price"":""369.50""}]"
09:15:40.709,1791517540709939146,2235283263873053,Full Data,8,1102591,576.65,40,09:15:40,,,616.15,64760,14140,25200,209460,"[{""bid_quantity"":40,""ask_quantity"":40,""bid_orders"":2,""ask_orders"":1,""bid_price"":""575.30"",""ask_price"":""577.15""},{""bid_quantity"":80,""ask_quantity"":180,""bid_orders"":1,""ask_orders"":6,""bid_price"":""575.20"",""ask_price"":""577.20""},{""bid_quantity"":40,""ask_quantity"":20,""bid_orders"":2,""ask_orders"":1,""bid_price"":""575.15"",""ask_price"":""577.25""},{""bid_quantity"":40,""ask_quantity"":60,""bid_orders"":2,""ask_orders"":3,""bid_price"":""575.10"",""ask_price"":""577.30""},{""bid_quantity"":160,""ask_quantity"":100,""bid_orders"":1,""ask_orders"":3,""bid_price"":""575.00"",""ask_price"":""577.35""}]"
09:15:40.737,1791517540737019281,2235283290953588,Full Data,8,1114813,484.10,20,09:15:40,,,519.15,86840,14600,19360,57500,"[{""bid_quantity"":40,""ask_quantity"":60,""bid_orders"":2,""ask_orders"":3,""bid_price"":""483.45"",""ask_price"":""485.10""},{""bid_quantity"":80,""ask_quantity"":60,""bid_orders"":4,""ask_orders"":3,""bid_price"":""483.40"",""ask_price"":""485.25""},{""bid_quantity"":20,""ask_quantity"":60,""bid_orders"":1,""ask_orders"":2,""bid_price"":""483.35"",""ask_price"":""485.30""},{""bid_quantity"":20,""ask_quantity"":40,""bid_orders"":1,""ask_orders"":1,""bid_price"":""483.25"",""ask_price"":""485.35""},{""bid_quantity"":20,""ask_quantity"":60,""bid_orders"":1,""ask_orders"":2,""bid_price"":""483.20"",""ask_price"":""485.40""}]"
09:15:40.781,1791517540781422928,2235283335357035,Full Data,8,1111639,528.25,20,09:15:40,,,564.32,46880,10200,16420,60460,"[{""bid_quantity"":100,""ask_quantity"":40,""bid_orders"":3,""ask_orders"":2,""bid_price"":""527.15"",""ask_price"":""529.10""},{""bid_quantity"":220,""ask_quantity"":160,""bid_orders"":5,""ask_orders"":4,""bid_price"":""527.10"",""ask_price"":""529.15""},{""bid_quantity"":40,""ask_quantity"":280,""bid_orders"":2,""ask_orders"":3,""bid_price"":""527.05"",""ask_price"":""529.20""},{""bid_quantity"":20,""ask_quantity"":60,""bid_orders"":1,""ask_orders"":3,""bid_price"":""526.95"",""ask_price"":""529.30""},{""bid_quantity"":20,""ask_quantity"":20,""bid_orders"":1,""ask_orders"":1,""bid_price"":""526.90"",""ask_price"":""529.50""}]"
09:15:40.844,1791517540844137613,2235283398072000,Full Data,8,1114046,402.05,20,09:15:40,,,431.25,67140,10980,37240,119180,"[{""bid_quantity"":20,""ask_quantity"":60,""bid_orders"":1,""ask_orders"":3,""bid_price"":""402.55"",""ask_price"":""403.80""},{""bid_quantity"":40,""ask_quantity"":60,""bid_orders"":2,""ask_orders"":2,""bid_price"":""402.45"",""ask_price"":""403.85""},{""bid_quantity"":140,""ask_quantity"":20,""bid_orders"":2,""ask_orders"":1,""bid_price"":""402.40"",""ask_price"":""403.90""},{""bid_quantity"":60,""ask_quantity"":20,""bid_orders"":2,""ask_orders"":1,""bid_price"":""402.25"",""ask_price"":""403.95""},{""bid_quantity"":40,""ask_quantity"":40,""bid_orders"":1,""ask_orders"":2,""bid_price"":""402.10"",""ask_price"":""404.10""}]"
09:15:40.880,1791517540880019165,2235283433953032,Full Data,8,1102591,576.60,40,09:15:40,,,616.12,64820,13920,24500,209460,"[{""bid_quantity"":160,""ask_quantity"":40,""bid_orders"":1,""ask_orders"":2,""bid_price"":""575.00"",""ask_price"":""576.60""},{""bid_quantity"":60,""ask_quantity"":60,""bid_orders"":2,""ask_orders"":2,""bid_price"":""574.35"",""ask_price"":""576.65""},{""bid_quantity"":20,""ask_quantity"":80,""bid_orders"":1,""ask_orders"":3,""bid_price"":""574.30"",""ask_price"":""576.80""},{""bid_quantity"":60,""ask_quantity"":180,""bid_orders"":2,""ask_orders"":3,""bid_price"":""574.20"",""ask_price"":""576.90""},{""bid_quantity"":80,""ask_quantity"":20,""bid_orders"":1,""ask_orders"":1,""bid_price"":""574.00"",""ask_price"":""576.95""}]"
09:15:40.882,1791517540882724422,2235283436658289,Full Data,8,1115207,686.40,100,09:15:40,,,662.25,82960,12720,26460,97240,"[{""bid_quantity"":40,""ask_quantity"":40,""bid_orders"":2,""ask_orders"":2,""bid_price"":""684.40"",""ask_price"":""686.45""},{""bid_quantity"":40,""ask_quantity"":60,""bid_orders"":2,""ask_orders"":3,""bid_price"":""684.35"",""ask_price"":""686.55""},{""bid_quantity"":60,""ask_quantity"":40,""bid_orders"":3,""ask_orders"":2,""bid_price"":""684.30"",""ask_price"":""686.75""},{""bid_quantity"":120,""ask_quantity"":60,""bid_orders"":2,""ask_orders"":3,""bid_price"":""684.25"",""ask_price"":""686.90""},{""bid_quantity"":20,""ask_quantity"":80,""bid_orders"":1,""ask_orders"":3,""bid_price"":""684.15"",""ask_price"":""686.95""}]"
09:15:40.885,1791517540885321879,2235283439255746,Full Data,8,1111639,528.25,20,09:15:40,,,564.32,46880,10420,15320,60460,"[{""bid_quantity"":60,""ask_quantity"":40,""bid_orders"":2,""ask_orders"":2,""bid_price"":""526.75"",""ask_price"":""528.30""},{""bid_quantity"":80,""ask_quantity"":40,""bid_orders"":2,""ask_orders"":2,""bid_price"":""526.70"",""ask_price"":""528.35""},{""bid_quantity"":20,""ask_quantity"":20,""bid_orders"":1,""ask_orders"":1,""bid_price"":""526.65"",""ask_price"":""528.40""},{""bid_quantity"":20,""ask_quantity"":20,""bid_orders"":1,""ask_orders"":1,""bid_price"":""526.60"",""ask_price"":""528.45""},{""bid_quantity"":20,""ask_quantity"":20,""bid_orders"":1,""ask_orders"":1,""bid_price"":""526.55"",""ask_price"":""528.50""}]"
09:15:40.927,1791517540927951394,2235283481885421,Full Data,8,1110871,441.10,60,09:15:40,,,476.86,71140,13520,17260,81380,"[{""bid_quantity"":40,""ask_quantity"":40,""bid_orders"":2,""ask_orders"":2,""bid_price"":""441.00"",""ask_price"":""442.60""},{""bid_quantity"":40,""ask_quantity"":40,""bid_orders"":2,""ask_orders"":2,""bid_price"":""440.90"",""ask_price"":""442.65""},{""bid_quantity"":180,""ask_quantity"":40,""bid_orders"":3,""ask_orders"":2,""bid_price"":""440.80"",""ask_price"":""442.70""},{""bid_quantity"":200,""ask_quantity"":60,""bid_orders"":2,""ask_orders"":2,""bid_price"":""440.70"",""ask_price"":""442.80""},{""bid_quantity"":160,""ask_quantity"":60,""bid_orders"":2,""ask_orders"":3,""bid_price"":""440.55"",""ask_price"":""442.85""}]"
09:15:41.051,1791517541051679593,2235283605613660,Full Data,8,1111309,753.00,20,09:15:41,,,720.25,59980,10280,23940,98080,"[{""bid_quantity"":120,""ask_quantity"":220,""bid_orders"":5,""ask_orders"":3,""bid_price"":""749.85"",""ask_price"":""754.00""},{""bid_quantity"":360,""ask_quantity"":20,""bid_orders"":2,""ask_orders"":1,""bid_price"":""749.80"",""ask_price"":""754.05""},{""bid_quantity"":40,""ask_quantity"":20,""bid_orders"":1,""ask_orders"":1,""bid_price"":""749.75"",""ask_price"":""754.10""},{""bid_quantity"":100,""ask_quantity"":180,""bid_orders"":1,""ask_orders"":2,""bid_price"":""749.70"",""ask_price"":""754.20""},{""bid_quantity"":40,""ask_quantity"":20,""bid_orders"":1,""ask_orders"":1,""bid_price"":""749.65"",""ask_price"":""754.25""}]"
09:15:41.393,1791517541393122558,2235283947057105,Full Data,8,1104245,475.00,160,09:15:41,,,449.67,45920,11100,18640,52960,"[{""bid_quantity"":20,""ask_quantity"":40,""bid_orders"":1,""ask_orders"":1,""bid_price"":""473.85"",""ask_price"":""475.35""},{""bid_quantity"":20,""ask_quantity"":40,""bid_orders"":1,""ask_orders"":1,""bid_price"":""473.65"",""ask_price"":""475.40""},{""bid_quantity"":40,""ask_quantity"":40,""bid_orders"":2,""ask_orders"":1,""bid_price"":""473.50"",""ask_price"":""475.50""},{""bid_quantity"":40,""ask_quantity"":80,""bid_orders"":1,""ask_orders"":3,""bid_price"":""473.35"",""ask_price"":""475.55""},{""bid_quantity"":40,""ask_quantity"":40,""bid_orders"":2,""ask_orders"":2,""bid_price"":""473.30"",""ask_price"":""475.60""}]"
09:15:41.475,1791517541475520251,2235284029454278,Full Data,8,1104245,474.25,20,09:15:41,,,449.68,45940,11620,18100,52960,"[{""bid_quantity"":20,""ask_quantity"":40,""bid_orders"":1,""ask_orders"":1,""bid_price"":""474.15"",""ask_price"":""475.30""},{""bid_quantity"":60,""ask_quantity"":20,""bid_orders"":2,""ask_orders"":1,""bid_price"":""474.05"",""ask_price"":""475.35""},{""bid_quantity"":40,""ask_quantity"":40,""bid_orders"":2,""ask_orders"":1,""bid_price"":""473.85"",""ask_price"":""475.40""},{""bid_quantity"":40,""ask_quantity"":60,""bid_orders"":1,""ask_orders"":3,""bid_price"":""473.80"",""ask_price"":""475.50""},{""bid_quantity"":20,""ask_quantity"":20,""bid_orders"":1,""ask_orders"":1,""bid_price"":""473.65"",""ask_price"":""475.60""}]"
09:15:41.484,1791517541484984472,2235284038918499,Full Data,8,1114464,815.75,40,09:15:41,,,779.05,71300,13380,45920,272380,"[{""bid_quantity"":40,""ask_quantity"":80,""bid_orders"":2,""ask_orders"":2,""bid_price"":""815.90"",""ask_price"":""818.10""},{""bid_quantity"":180,""ask_quantity"":40,""bid_orders"":3,""ask_orders"":1,""bid_price"":""815.85"",""ask_price"":""818.15""},{""bid_quantity"":60,""ask_quantity"":20,""bid_orders"":3,""ask_orders"":1,""bid_price"":""815.80"",""ask_price"":""818.20""},{""bid_quantity"":40,""ask_quantity"":40,""bid_orders"":2,""ask_orders"":2,""bid_price"":""815.70"",""ask_price"":""818.35""},{""bid_quantity"":60,""ask_quantity"":80,""bid_orders"":2,""ask_orders"":4,""bid_price"":""815.65"",""ask_price"":""818.40""}]"
09:15:41.508,1791517541508315582,2235284062249609,Full Data,8,1112083,633.70,40,09:15:41,,,605.36,110780,14760,33280,97520,"[{""bid_quantity"":20,""ask_quantity"":20,""bid_orders"":1,""ask_orders"":1,""bid_price"":""631.60"",""ask_price"":""633.40""},{""bid_quantity"":20,""ask_quantity"":40,""bid_orders"":1,""ask_orders"":1,""bid_price"":""631.45"",""ask_price"":""633.45""},{""bid_quantity"":40,""ask_quantity"":20,""bid_orders"":2,""ask_orders"":1,""bid_price"":""631.30"",""ask_price"":""633.50""},{""bid_quantity"":100,""ask_quantity"":40,""bid_orders"":1,""ask_orders"":1,""bid_price"":""630.80"",""ask_price"":""633.55""},{""bid_quantity"":100,""ask_quantity"":20,""bid_orders"":1,""ask_orders"":1,""bid_price"":""630.75"",""ask_price"":""633.60""}]"
09:15:41.522,1791517541522147472,2235284076081659,Full Data,8,1116183,522.70,20,09:15:41,,,497.44,170500,29840,58200,319760,"[{""bid_quantity"":20,""ask_quantity"":20,""bid_orders"":1,""ask_orders"":1,""bid_price"":""520.95"",""ask_price"":""521.45""},{""bid_quantity"":160,""ask_quantity"":40,""bid_orders"":2,""ask_orders"":1,""bid_price"":""520.50"",""ask_price"":""522.00""},{""bid_quantity"":80,""ask_quantity"":20,""bid_orders"":3,""ask_orders"":1,""bid_price"":""520.45"",""ask_price"":""522.05""},{""bid_quantity"":220,""ask_quantity"":20,""bid_orders"":3,""ask_orders"":1,""bid_price"":""520.10"",""ask_price"":""522.25""},{""bid_quantity"":100,""ask_quantity"":40,""bid_orders"":1,""ask_orders"":1,""bid_price"":""520.00"",""ask_price"":""522.30""}]"
09:15:41.575,1791517541575382416,2235284129316563,Full Data,8,1116183,520.30,140,09:15:41,,,497.46,170680,29280,58600,319760,"[{""bid_quantity"":60,""ask_quantity"":100,""bid_orders"":3,""ask_orders"":1,""bid_price"":""520.10"",""ask_price"":""520.95""},{""bid_quantity"":180,""ask_quantity"":40,""bid_orders"":2,""ask_orders"":1,""bid_price"":""520.05"",""ask_price"":""522.15""},{""bid_quantity"":100,""ask_quantity"":20,""bid_orders"":1,""ask_orders"":1,""bid_price"":""520.00"",""ask_price"":""522.20""},{""bid_quantity"":60,""ask_quantity"":100,""bid_orders"":2,""ask_orders"":4,""bid_price"":""519.95"",""ask_price"":""522.75""},{""bid_quantity"":140,""ask_quantity"":40,""bid_orders"":2,""ask_orders"":2,""bid_price"":""519.70"",""ask_price"":""522.80""}]"
09:15:41.594,1791517541594597060,2235284148530927,Ticker Data,0,51,71856.19,,09:15:41,,,,,,,,
09:15:41.713,1791517541713456907,2235284267391054,Full Data,8,1107704,616.25,20,09:15:41,,,670.84,12220,11800,14380,17620,"[{""bid_quantity"":40,""ask_quantity"":40,""bid_orders"":2,""ask_orders"":1,""bid_price"":""613.50"",""ask_price"":""616.90""},{""bid_quantity"":240,""ask_quantity"":20,""bid_orders"":5,""ask_orders"":1,""bid_price"":""613.45"",""ask_price"":""616.95""},{""bid_quantity"":80,""ask_quantity"":40,""bid_orders"":3,""ask_orders"":1,""bid_price"":""613.40"",""ask_price"":""617.10""},{""bid_quantity"":140,""ask_quantity"":20,""bid_orders"":2,""ask_orders"":1,""bid_price"":""613.35"",""ask_price"":""617.15""},{""bid_quantity"":120,""ask_quantity"":40,""bid_orders"":1,""ask_orders"":2,""bid_price"":""613.20"",""ask_price"":""617.35""}]"
09:15:41.777,1791517541777584002,2235284331518189,Full Data,8,1114046,395.80,20,09:15:41,,,430.39,69040,12040,35120,119180,"[{""bid_quantity"":20,""ask_quantity"":100,""bid_orders"":1,""ask_orders"":4,""bid_price"":""395.45"",""ask_price"":""396.95""},{""bid_quantity"":140,""ask_quantity"":40,""bid_orders"":1,""ask_orders"":2,""bid_price"":""395.40"",""ask_price"":""397.00""},{""bid_quantity"":20,""ask_quantity"":80,""bid_orders"":1,""ask_orders"":3,""bid_price"":""395.25"",""ask_price"":""397.05""},{""bid_quantity"":40,""ask_quantity"":40,""bid_orders"":1,""ask_orders"":2,""bid_price"":""395.15"",""ask_price"":""397.10""},{""bid_quantity"":320,""ask_quantity"":20,""bid_orders"":1,""ask_orders"":1,""bid_price"":""395.00"",""ask_price"":""397.30""}]"
09:15:41.784,1791517541784535526,2235284338469473,Full Data,8,1107336,362.10,40,09:15:41,,,399.28,109340,15620,56800,304080,"[{""bid_quantity"":40,""ask_quantity"":60,""bid_orders"":1,""ask_orders"":3,""bid_price"":""361.20"",""ask_price"":""362.90""},{""bid_quantity"":40,""ask_quantity"":60,""bid_orders"":1,""ask_orders"":3,""bid_price"":""361.15"",""ask_price"":""362.95""},{""bid_quantity"":40,""ask_quantity"":400,""bid_orders"":1,""ask_orders"":5,""bid_price"":""361.10"",""ask_price"":""363.00""},{""bid_quantity"":20,""ask_quantity"":100,""bid_orders"":1,""ask_orders"":3,""bid_price"":""361.05"",""ask_price"":""363.10""},{""bid_quantity"":20,""ask_quantity"":360,""bid_orders"":1,""ask_orders"":4,""bid_price"":""361.00"",""ask_price"":""363.15""}]"
09:15:41.825,1791517541825519871,2235284379454098,Full Data,8,1102591,568.85,20,09:15:41,,,614.07,67700,15740,24440,209460,"[{""bid_quantity"":140,""ask_quantity"":100,""bid_orders"":3,""ask_orders"":1,""bid_price"":""567.00"",""ask_price"":""569.00""},{""bid_quantity"":20,""ask_quantity"":520,""bid_orders"":1,""ask_orders"":3,""bid_price"":""566.95"",""ask_price"":""569.05""},{""bid_quantity"":160,""ask_quantity"":120,""bid_orders"":3,""ask_orders"":1,""bid_price"":""566.90"",""ask_price"":""569.10""},{""bid_quantity"":20,""ask_quantity"":40,""bid_orders"":1,""ask_orders"":2,""bid_price"":""566.80"",""ask_price"":""569.15""},{""bid_quantity"":40,""ask_quantity"":20,""bid_orders"":2,""ask_orders"":1,""bid_price"":""566.60"",""ask_price"":""569.20""}]"
09:15:41.864,1791517541864210921,2235284418145268,Full Data,8,1115207,691.45,60,09:15:41,,,662.76,84460,12000,26060,97240,"[{""bid_quantity"":20,""ask_quantity"":40,""bid_orders"":1,""ask_orders"":2,""bid_price"":""688.95"",""ask_price"":""690.95""},{""bid_quantity"":40,""ask_quantity"":60,""bid_orders"":2,""ask_orders"":3,""bid_price"":""688.90"",""ask_price"":""691.15""},{""bid_quantity"":20,""ask_quantity"":40,""bid_orders"":1,""ask_orders"":2,""bid_price"":""688.80"",""ask_price"":""691.35""},{""bid_quantity"":80,""ask_quantity"":60,""bid_orders"":4,""ask_orders"":3,""bid_price"":""688.75"",""ask_price"":""691.40""},{""bid_quantity"":20,""ask_quantity"":40,""bid_orders"":1,""ask_orders"":2,""bid_price"":""688.55"",""ask_price"":""691.50""}]"
09:15:41.873,1791517541873632942,2235284427567089,Full Data,8,1102591,568.85,20,09:15:41,,,614.07,67700,15820,24560,209460,"[{""bid_quantity"":20,""ask_quantity"":200,""bid_orders"":1,""ask_orders"":5,""bid_price"":""567.50"",""ask_price"":""569.00""},{""bid_quantity"":40,""ask_quantity"":180,""bid_orders"":1,""ask_orders"":3,""bid_price"":""567.35"",""ask_price"":""569.20""},{""bid_quantity"":80,""ask_quantity"":360,""bid_orders"":1,""ask_orders"":2,""bid_price"":""567.30"",""ask_price"":""569.25""},{""bid_quantity"":100,""ask_quantity"":40,""bid_orders"":2,""ask_orders"":2,""bid_price"":""567.20"",""ask_price"":""569.50""},{""bid_quantity"":20,""ask_quantity"":180,""bid_orders"":1,""ask_orders"":4,""bid_price"":""567.15"",""ask_price"":""569.65""}]"
09:15:41.981,1791517541981394238,2235284535328665,Full Data,8,1110871,434.75,20,09:15:41,,,476.37,72000,12840,16540,81380,"[{""bid_quantity"":80,""ask_quantity"":20,""bid_orders"":4,""ask_orders"":1,""bid_price"":""434.75"",""ask_price"":""436.20""},{""bid_quantity"":40,""ask_quantity"":60,""bid_orders"":2,""ask_orders"":3,""bid_price"":""434.70"",""ask_price"":""436.35""},{""bid_quantity"":40,""ask_quantity"":40,""bid_orders"":1,""ask_orders"":2,""bid_price"":""434.65"",""ask_price"":""436.45""},{""bid_quantity"":60,""ask_quantity"":40,""bid_orders"":3,""ask_orders"":2,""bid_price"":""434.55"",""ask_price"":""436.50""},{""bid_quantity"":40,""ask_quantity"":20,""bid_orders"":2,""ask_orders"":1,""bid_price"":""434.50"",""ask_price"":""436.65""}]"
09:15:41.985,1791517541985878747,2235284539812734,Full Data,8,1115207,689.50,20,09:15:41,,,662.79,84560,11820,26100,97240,"[{""bid_quantity"":40,""ask_quantity"":40,""bid_orders"":2,""ask_orders"":2,""bid_price"":""688.70"",""ask_price"":""690.90""},{""bid_quantity"":20,""ask_quantity"":40,""bid_orders"":1,""ask_orders"":2,""bid_price"":""688.60"",""ask_price"":""690.95""},{""bid_quantity"":60,""ask_quantity"":20,""bid_orders"":3,""ask_orders"":1,""bid_price"":""688.55"",""ask_price"":""691.00""},{""bid_quantity"":80,""ask_quantity"":20,""bid_orders"":4,""ask_orders"":1,""bid_price"":""688.50"",""ask_price"":""691.05""},{""bid_quantity"":20,""ask_quantity"":40,""bid_orders"":1,""ask_orders"":2,""bid_price"":""688.45"",""ask_price"":""691.20""}]"
09:15:42.014,1791517542014166369,2235284568100316,Full Data,8,1105793,574.00,20,09:15:42,,,549.67,67900,12600,23300,50360,"[{""bid_quantity"":20,""ask_quantity"":20,""bid_orders"":1,""ask_orders"":1,""bid_price"":""572.90"",""ask_price"":""574.45""},{""bid_quantity"":40,""ask_quantity"":60,""bid_orders"":2,""ask_orders"":3,""bid_price"":""572.75"",""ask_price"":""574.50""},{""bid_quantity"":40,""ask_quantity"":160,""bid_orders"":2,""ask_orders"":2,""bid_price"":""572.50"",""ask_price"":""574.60""},{""bid_quantity"":80,""ask_quantity"":60,""bid_orders"":3,""ask_orders"":3,""bid_price"":""572.35"",""ask_price"":""574.65""},{""bid_quantity"":120,""ask_quantity"":80,""bid_orders"":1,""ask_orders"":3,""bid_price"":""572.25"",""ask_price"":""574.70""}]"
09:15:42.056,1791517542056110200,2235284610044187,Full Data,8,1111309,748.75,100,09:15:42,,,721.38,61940,14820,26900,98080,"[{""bid_quantity"":60,""ask_quantity"":60,""bid_orders"":2,""ask_orders"":2,""bid_price"":""748.05"",""ask_price"":""750.70""},{""bid_quantity"":340,""ask_quantity"":60,""bid_orders"":2,""ask_orders"":3,""bid_price"":""748.00"",""ask_price"":""750.75""},{""bid_quantity"":40,""ask_quantity"":20,""bid_orders"":1,""ask_orders"":1,""bid_price"":""747.50"",""ask_price"":""750.80""},{""bid_quantity"":60,""ask_quantity"":60,""bid_orders"":1,""ask_orders"":1,""bid_price"":""747.45"",""ask_price"":""750.85""},{""bid_quantity"":20,""ask_quantity"":20,""bid_orders"":1,""ask_orders"":1,""bid_price"":""747.40"",""ask_price"":""750.90""}]"
09:15:42.099,1791517542099548921,2235284653482988,Full Data,8,1105793,574.40,20,09:15:42,,,549.70,68000,14960,24680,50360,"[{""bid_quantity"":140,""ask_quantity"":20,""bid_orders"":1,""ask_orders"":1,""bid_price"":""570.40"",""ask_price"":""572.55""},{""bid_quantity"":100,""ask_quantity"":40,""bid_orders"":1,""ask_orders"":2,""bid_price"":""570.15"",""ask_price"":""572.70""},{""bid_quantity"":20,""ask_quantity"":20,""bid_orders"":1,""ask_orders"":1,""bid_price"":""570.10"",""ask_price"":""572.75""},{""bid_quantity"":20,""ask_quantity"":60,""bid_orders"":1,""ask_orders"":1,""bid_price"":""570.05"",""ask_price"":""572.85""},{""bid_quantity"":100,""ask_quantity"":20,""bid_orders"":1,""ask_orders"":1,""bid_price"":""570.00"",""ask_price"":""572.95""}]"
09:15:42.474,1791517542474193500,2235285028127607,Full Data,8,1104245,474.50,20,09:15:42,,,450.39,47440,11760,20460,52960,"[{""bid_quantity"":60,""ask_quantity"":20,""bid_orders"":2,""ask_orders"":1,""bid_price"":""474.50"",""ask_price"":""476.15""},{""bid_quantity"":40,""ask_quantity"":40,""bid_orders"":2,""ask_orders"":2,""bid_price"":""474.45"",""ask_price"":""476.20""},{""bid_quantity"":40,""ask_quantity"":20,""bid_orders"":1,""ask_orders"":1,""bid_price"":""474.35"",""ask_price"":""476.25""},{""bid_quantity"":20,""ask_quantity"":60,""bid_orders"":1,""ask_orders"":2,""bid_price"":""474.30"",""ask_price"":""476.30""},{""bid_quantity"":40,""ask_quantity"":40,""bid_orders"":1,""ask_orders"":1,""bid_price"":""474.15"",""ask_price"":""476.35""}]"
09:15:42.503,1791517542503736131,2235285057670238,Full Data,8,1114464,816.45,100,09:15:42,,,779.82,72920,13180,45820,272380,"[{""bid_quantity"":160,""ask_quantity"":40,""bid_orders"":1,""ask_orders"":1,""bid_price"":""815.75"",""ask_price"":""817.55""},{""bid_quantity"":320,""ask_quantity"":20,""bid_orders"":1,""ask_orders"":1,""bid_price"":""815.70"",""ask_price"":""817.60""},{""bid_quantity"":60,""ask_quantity"":40,""bid_orders"":1,""ask_orders"":1,""bid_price"":""815.30"",""ask_price"":""817.75""},{""bid_quantity"":120,""ask_quantity"":40,""bid_orders"":1,""ask_orders"":2,""bid_price"":""815.00"",""ask_price"":""817.80""},{""bid_quantity"":40,""ask_quantity"":40,""bid_orders"":1,""ask_orders"":2,""bid_price"":""814.90"",""ask_price"":""818.00""}]"
09:15:42.509,1791517542509583409,2235285063517316,Full Data,8,1112083,632.40,20,09:15:42,,,606.07,113840,13100,33680,97520,"[{""bid_quantity"":20,""ask_quantity"":60,""bid_orders"":1,""ask_orders"":3,""bid_price"":""631.00"",""ask_price"":""632.90""},{""bid_quantity"":40,""ask_quantity"":40,""bid_orders"":2,""ask_orders"":2,""bid_price"":""630.80"",""ask_price"":""632.95""},{""bid_quantity"":20,""ask_quantity"":20,""bid_orders"":1,""ask_orders"":1,""bid_price"":""630.65"",""ask_price"":""633.10""},{""bid_quantity"":20,""ask_quantity"":20,""bid_orders"":1,""ask_orders"":1,""bid_price"":""630.60"",""ask_price"":""633.25""},{""bid_quantity"":40,""ask_quantity"":20,""bid_orders"":2,""ask_orders"":1,""bid_price"":""630.35"",""ask_price"":""633.35""}]"
09:15:42.569,1791517542569804678,2235285123738625,Full Data,8,1104245,474.35,20,09:15:42,,,450.42,47500,14320,21880,52960,"[{""bid_quantity"":40,""ask_quantity"":20,""bid_orders"":1,""ask_orders"":1,""bid_price"":""472.70"",""ask_price"":""474.45""},{""bid_quantity"":40,""ask_quantity"":60,""bid_orders"":1,""ask_orders"":2,""bid_price"":""472.55"",""ask_price"":""474.50""},{""bid_quantity"":60,""ask_quantity"":60,""bid_orders"":2,""ask_orders"":2,""bid_price"":""472.50"",""ask_price"":""474.60""},{""bid_quantity"":80,""ask_quantity"":40,""bid_orders"":3,""ask_orders"":2,""bid_price"":""472.40"",""ask_price"":""474.65""},{""bid_quantity"":40,""ask_quantity"":40,""bid_orders"":2,""ask_orders"":2,""bid_price"":""472.25"",""ask_price"":""474.70""}]"
09:15:42.570,1791517542570653643,2235285124587510,Full Data,8,1114464,816.45,100,09:15:42,,,779.82,72920,14280,47600,272380,"[{""bid_quantity"":880,""ask_quantity"":40,""bid_orders"":5,""ask_orders"":2,""bid_price"":""813.70"",""ask_price"":""816.50""},{""bid_quantity"":340,""ask_quantity"":40,""bid_orders"":4,""ask_orders"":2,""bid_price"":""813.65"",""ask_price"":""816.65""},{""bid_quantity"":200,""ask_quantity"":60,""bid_orders"":3,""ask_orders"":3,""bid_price"":""813.45"",""ask_price"":""816.80""},{""bid_quantity"":60,""ask_quantity"":20,""bid_orders"":2,""ask_orders"":1,""bid_price"":""813.10"",""ask_price"":""817.00""},{""bid_quantity"":160,""ask_quantity"":20,""bid_orders"":1,""ask_orders"":1,""bid_price"":""812.75"",""ask_price"":""817.20""}]"
09:15:42.573,1791517542573476262,2235285127410089,Full Data,8,1116183,523.45,20,09:15:42,,,498.14,175840,28720,59900,319760,"[{""bid_quantity"":80,""ask_quantity"":80,""bid_orders"":3,""ask_orders"":3,""bid_price"":""521.90"",""ask_price"":""523.50""},{""bid_quantity"":180,""ask_quantity"":60,""bid_orders"":2,""ask_orders"":2,""bid_price"":""521.75"",""ask_price"":""523.60""},{""bid_quantity"":80,""ask_quantity"":60,""bid_orders"":1,""ask_orders"":3,""bid_price"":""521.50"",""ask_price"":""523.65""},{""bid_quantity"":180,""ask_quantity"":20,""bid_orders"":2,""ask_orders"":1,""bid_price"":""521.35"",""ask_price"":""523.75""},{""bid_quantity"":120,""ask_quantity"":40,""bid_orders"":1,""ask_orders"":2,""bid_price"":""521.05"",""ask_price"":""523.80""}]"
09:15:42.609,1791517542609037571,2235285162971758,Ticker Data,0,51,71851.63,,09:15:42,,,,,,,,
09:15:42.648,1791517542648389225,2235285202323132,Full Data,8,1107704,618.80,20,09:15:42,,,666.12,13320,9400,10740,17620,"[{""bid_quantity"":20,""ask_quantity"":40,""bid_orders"":1,""ask_orders"":1,""bid_price"":""618.50"",""ask_price"":""619.95""},{""bid_quantity"":40,""ask_quantity"":20,""bid_orders"":2,""ask_orders"":1,""bid_price"":""617.90"",""ask_price"":""620.00""},{""bid_quantity"":20,""ask_quantity"":40,""bid_orders"":1,""ask_orders"":1,""bid_price"":""615.40"",""ask_price"":""620.15""},{""bid_quantity"":140,""ask_quantity"":40,""bid_orders"":2,""ask_orders"":2,""bid_price"":""615.35"",""ask_price"":""620.20""},{""bid_quantity"":80,""ask_quantity"":20,""bid_orders"":1,""ask_orders"":1,""bid_price"":""614.60"",""ask_price"":""620.40""}]"
09:15:42.789,1791517542789789059,2235285343723086,Full Data,8,1114813,480.00,40,09:15:42,,,517.68,90060,15840,17980,57500,"[{""bid_quantity"":40,""ask_quantity"":40,""bid_orders"":1,""ask_orders"":1,""bid_price"":""478.35"",""ask_price"":""480.35""},{""bid_quantity"":60,""ask_quantity"":320,""bid_orders"":2,""ask_orders"":1,""bid_price"":""478.30"",""ask_price"":""480.55""},{""bid_quantity"":40,""ask_quantity"":40,""bid_orders"":1,""ask_orders"":1,""bid_price"":""478.25"",""ask_price"":""480.75""},{""bid_quantity"":40,""ask_quantity"":80,""bid_orders"":2,""ask_orders"":3,""bid_price"":""478.20"",""ask_price"":""480.80""},{""bid_quantity"":20,""ask_quantity"":240,""bid_orders"":1,""ask_orders"":2,""bid_price"":""478.05"",""ask_price"":""480.90""}]"
09:15:42.820,1791517542820273416,2235285374207603,Full Data,8,1102591,571.05,20,09:15:42,,,613.31,68860,16520,25160,209460,"[{""bid_quantity"":40,""ask_quantity"":60,""bid_orders"":2,""ask_orders"":1,""bid_price"":""570.00"",""ask_price"":""571.35""},{""bid_quantity"":80,""ask_quantity"":20,""bid_orders"":4,""ask_orders"":1,""bid_price"":""569.25"",""ask_price"":""571.40""},{""bid_quantity"":20,""ask_quantity"":20,""bid_orders"":1,""ask_orders"":1,""bid_price"":""568.90"",""ask_price"":""571.50""},{""bid_quantity"":100,""ask_quantity"":40,""bid_orders"":2,""ask_orders"":1,""bid_price"":""568.85"",""ask_price"":""571.55""},{""bid_quantity"":20,""ask_quantity"":20,""bid_orders"":1,""ask_orders"":1,""bid_price"":""568.80"",""ask_price"":""571.65""}]"
09:15:42.870,1791517542870770822,2235285424704929,Full Data,8,1110871,439.05,20,09:15:42,,,475.31,73920,13780,18060,81380,"[{""bid_quantity"":20,""ask_quantity"":100,""bid_orders"":1,""ask_orders"":4,""bid_price"":""437.15"",""ask_price"":""439.10""},{""bid_quantity"":240,""ask_quantity"":60,""bid_orders"":5,""ask_orders"":3,""bid_price"":""437.10"",""ask_price"":""439.15""},{""bid_quantity"":180,""ask_quantity"":120,""bid_orders"":2,""ask_orders"":2,""bid_price"":""437.05"",""ask_price"":""439.20""},{""bid_quantity"":220,""ask_quantity"":20,""bid_orders"":3,""ask_orders"":1,""bid_price"":""437.00"",""ask_price"":""439.35""},{""bid_quantity"":180,""ask_quantity"":120,""bid_orders"":2,""ask_orders"":2,""bid_price"":""436.95"",""ask_price"":""439.50""}]"
09:15:42.902,1791517542902389626,2235285456323613,Full Data,8,1115207,692.55,20,09:15:42,,,663.15,85660,13520,27520,97240,"[{""bid_quantity"":40,""ask_quantity"":20,""bid_orders"":2,""ask_orders"":1,""bid_price"":""689.70"",""ask_price"":""691.70""},{""bid_quantity"":160,""ask_quantity"":40,""bid_orders"":3,""ask_orders"":2,""bid_price"":""689.65"",""ask_price"":""692.45""},{""bid_quantity"":240,""ask_quantity"":80,""bid_orders"":3,""ask_orders"":3,""bid_price"":""689.60"",""ask_price"":""692.65""},{""bid_quantity"":40,""ask_quantity"":140,""bid_orders"":1,""ask_orders"":3,""bid_price"":""689.50"",""ask_price"":""692.80""},{""bid_quantity"":20,""ask_quantity"":140,""bid_orders"":1,""ask_orders"":1,""bid_price"":""689.45"",""ask_price"":""692.90""}]"
09:15:42.911,1791517542911464804,2235285465398711,Full Data,8,1114813,480.00,40,09:15:42,,,517.68,90060,15380,18480,57500,"[{""bid_quantity"":100,""ask_quantity"":20,""bid_orders"":4,""ask_orders"":1,""bid_price"":""479.45"",""ask_price"":""481.40""},{""bid_quantity"":80,""ask_quantity"":40,""bid_orders"":3,""ask_orders"":2,""bid_price"":""479.40"",""ask_price"":""481.45""},{""bid_quantity"":20,""ask_quantity"":20,""bid_orders"":1,""ask_orders"":1,""bid_price"":""479.35"",""ask_price"":""481.50""},{""bid_quantity"":160,""ask_quantity"":220,""bid_orders"":2,""ask_orders"":2,""bid_price"":""479.25"",""ask_price"":""481.60""},{""bid_quantity"":40,""ask_quantity"":220,""bid_orders"":2,""ask_orders"":3,""bid_price"":""479.20"",""ask_price"":""481.65""}]"
09:15:42.940,1791517542940629993,2235285494564020,Full Data,8,1111639,523.45,60,09:15:42,,,563.35,47940,12040,17760,60460,"[{""bid_quantity"":20,""ask_quantity"":80,""bid_orders"":1,""ask_orders"":2,""bid_price"":""523.35"",""ask_price"":""524.80""},{""bid_quantity"":60,""ask_quantity"":60,""bid_orders"":2,""ask_orders"":2,""bid_price"":""523.30"",""ask_price"":""524.85""},{""bid_quantity"":60,""ask_quantity"":20,""bid_orders"":2,""ask_orders"":1,""bid_price"":""523.25"",""ask_price"":""524.90""},{""bid_quantity"":80,""ask_quantity"":160,""bid_orders"":3,""ask_orders"":1,""bid_price"":""523.20"",""ask_price"":""524.95""},{""bid_quantity"":20,""ask_quantity"":140,""bid_orders"":1,""ask_orders"":3,""bid_price"":""523.15"",""ask_price"":""525.00""}]"
09:15:42.974,1791517542974209810,2235285528143717,Full Data,8,1115207,689.65,20,09:15:42,,,663.15,85680,13700,27600,97240,"[{""bid_quantity"":40,""ask_quantity"":20,""bid_orders"":2,""ask_orders"":1,""bid_price"":""689.65"",""ask_price"":""691.25""},{""bid_quantity"":120,""ask_quantity"":40,""bid_orders"":2,""ask_orders"":2,""bid_price"":""689.60"",""ask_price"":""691.65""},{""bid_quantity"":60,""ask_quantity"":60,""bid_orders"":3,""ask_orders"":2,""bid_price"":""689.55"",""ask_price"":""691.90""},{""bid_quantity"":80,""ask_quantity"":40,""bid_orders"":3,""ask_orders"":2,""bid_price"":""689.50"",""ask_price"":""692.20""},{""bid_quantity"":20,""ask_quantity"":20,""bid_orders"":1,""ask_orders"":1,""bid_price"":""689.45"",""ask_price"":""692.30""}]"
09:15:42.996,1791517542996669515,2235285550603582,Full Data,8,1111639,523.10,40,09:15:42,,,563.19,48140,12140,18060,60460,"[{""bid_quantity"":120,""ask_quantity"":60,""bid_orders"":5,""ask_orders"":2,""bid_price"":""522.95"",""ask_price"":""524.45""},{""bid_quantity"":60,""ask_quantity"":40,""bid_orders"":2,""ask_orders"":1,""bid_price"":""522.90"",""ask_price"":""524.50""},{""bid_quantity"":40,""ask_quantity"":80,""bid_orders"":2,""ask_orders"":3,""bid_price"":""522.85"",""ask_price"":""524.55""},{""bid_quantity"":120,""ask_quantity"":20,""bid_orders"":4,""ask_orders"":1,""bid_price"":""522.80"",""ask_price"":""524.65""},{""bid_quantity"":60,""ask_quantity"":100,""bid_orders"":3,""ask_orders"":4,""bid_price"":""522.75"",""ask_price"":""524.75""}]"
09:15:43.099,1791517543099886221,2235285653820488,Full Data,8,1105793,573.00,20,09:15:43,,,550.29,69580,11500,21840,50360,"[{""bid_quantity"":20,""ask_quantity"":340,""bid_orders"":1,""ask_orders"":2,""bid_price"":""570.40"",""ask_price"":""572.95""},{""bid_quantity"":100,""ask_quantity"":40,""bid_orders"":1,""ask_orders"":2,""bid_price"":""570.15"",""ask_price"":""573.00""},{""bid_quantity"":100,""ask_quantity"":40,""bid_orders"":1,""ask_orders"":2,""bid_price"":""570.00"",""ask_price"":""573.05""},{""bid_quantity"":100,""ask_quantity"":40,""bid_orders"":1,""ask_orders"":2,""bid_price"":""569.45"",""ask_price"":""573.10""},{""bid_quantity"":100,""ask_quantity"":80,""bid_orders"":1,""ask_orders"":4,""bid_price"":""569.10"",""ask_price"":""573.15""}]"
09:15:43.152,1791517543152050158,2235285705984305,Full Data,8,1111309,747.25,20,09:15:43,,,721.86,62960,11240,23820,98080,"[{""bid_quantity"":180,""ask_quantity"":40,""bid_orders"":2,""ask_orders"":1,""bid_price"":""743.75"",""ask_price"":""746.50""},{""bid_quantity"":40,""ask_quantity"":40,""bid_orders"":1,""ask_orders"":1,""bid_price"":""743.60"",""ask_price"":""746.55""},{""bid_quantity"":100,""ask_quantity"":40,""bid_orders"":1,""ask_orders"":1,""bid_price"":""743.20"",""ask_price"":""746.60""},{""bid_quantity"":40,""ask_quantity"":20,""bid_orders"":1,""ask_orders"":1,""bid_price"":""743.10"",""ask_price"":""746.65""},{""bid_quantity"":100,""ask_quantity"":40,""bid_orders"":1,""ask_orders"":1,""bid_price"":""742.90"",""ask_price"":""746.70""}]"
09:15:43.206,1791517543206547110,2235285760481017,Full Data,8,1111309,747.25,20,09:15:43,,,721.86,62960,10220,24100,98080,"[{""bid_quantity"":160,""ask_quantity"":40,""bid_orders"":1,""ask_orders"":2,""bid_price"":""745.20"",""ask_price"":""747.15""},{""bid_quantity"":20,""ask_quantity"":80,""bid_orders"":1,""ask_orders"":4,""bid_price"":""744.95"",""ask_price"":""747.40""},{""bid_quantity"":40,""ask_quantity"":40,""bid_orders"":1,""ask_orders"":1,""bid_price"":""744.90"",""ask_price"":""748.15""},{""bid_quantity"":40,""ask_quantity"":40,""bid_orders"":2,""ask_orders"":1,""bid_price"":""744.75"",""ask_price"":""748.20""},{""bid_quantity"":20,""ask_quantity"":60,""bid_orders"":1,""ask_orders"":2,""bid_price"":""744.70"",""ask_price"":""748.25""}]"
09:15:43.206,1791517543206661791,2235285760595418,Full Data,8,1105793,572.25,40,09:15:43,,,550.34,69740,12620,25060,50360,"[{""bid_quantity"":40,""ask_quantity"":60,""bid_orders"":2,""ask_orders"":3,""bid_price"":""570.55"",""ask_price"":""572.45""},{""bid_quantity"":20,""ask_quantity"":120,""bid_orders"":1,""ask_orders"":2,""bid_price"":""570.50"",""ask_price"":""572.90""},{""bid_quantity"":20,""ask_quantity"":180,""bid_orders"":1,""ask_orders"":3,""bid_price"":""570.45"",""ask_price"":""573.00""},{""bid_quantity"":120,""ask_quantity"":20,""bid_orders"":2,""ask_orders"":1,""bid_price"":""570.15"",""ask_price"":""573.25""},{""bid_quantity"":20,""ask_quantity"":20,""bid_orders"":1,""ask_orders"":1,""bid_price"":""570.10"",""ask_price"":""573.30""}]"
09:15:43.554,1791517543554678438,2235286108612985,Full Data,8,1104245,472.50,20,09:15:43,,,451.10,48960,12060,19180,52960,"[{""bid_quantity"":40,""ask_quantity"":20,""bid_orders"":1,""ask_orders"":1,""bid_price"":""472.65"",""ask_price"":""474.30""},{""bid_quantity"":40,""ask_quantity"":20,""bid_orders"":2,""ask_orders"":1,""bid_price"":""472.60"",""ask_price"":""474.35""},{""bid_quantity"":60,""ask_quantity"":280,""bid_orders"":2,""ask_orders"":4,""bid_price"":""472.50"",""ask_price"":""474.50""},{""bid_quantity"":20,""ask_quantity"":80,""bid_orders"":1,""ask_orders"":3,""bid_price"":""472.45"",""ask_price"":""474.60""},{""bid_quantity"":20,""ask_quantity"":120,""bid_orders"":1,""ask_orders"":1,""bid_price"":""472.25"",""ask_price"":""474.65""}]"
09:15:43.567,1791517543567109159,2235286121043026,Full Data,8,1114464,815.20,20,09:15:43,,,780.15,73700,15740,47260,272380,"[{""bid_quantity"":160,""ask_quantity"":40,""bid_orders"":2,""ask_orders"":2,""bid_price"":""813.25"",""ask_price"":""815.25""},{""bid_quantity"":20,""ask_quantity"":80,""bid_orders"":1,""ask_orders"":3,""bid_price"":""813.15"",""ask_price"":""815.40""},{""bid_quantity"":40,""ask_quantity"":60,""bid_orders"":2,""ask_orders"":2,""bid_price"":""813.10"",""ask_price"":""816.35""},{""bid_quantity"":80,""ask_quantity"":240,""bid_orders"":2,""ask_orders"":1,""bid_price"":""813.05"",""ask_price"":""816.45""},{""bid_quantity"":500,""ask_quantity"":40,""bid_orders"":4,""ask_orders"":1,""bid_price"":""813.00"",""ask_price"":""816.55""}]"
09:15:43.597,1791517543597762317,2235286151696464,Full Data,8,1112083,631.50,40,09:15:43,,,606.99,118020,12080,34820,97520,"[{""bid_quantity"":20,""ask_quantity"":220,""bid_orders"":1,""ask_orders"":1,""bid_price"":""632.25"",""ask_price"":""634.60""},{""bid_quantity"":20,""ask_quantity"":20,""bid_orders"":1,""ask_orders"":1,""bid_price"":""632.20"",""ask_price"":""635.40""},{""bid_quantity"":20,""ask_quantity"":100,""bid_orders"":1,""ask_orders"":1,""bid_price"":""632.15"",""ask_price"":""635.80""},{""bid_quantity"":40,""ask_quantity"":40,""bid_orders"":1,""ask_orders"":1,""bid_price"":""632.10"",""ask_price"":""636.30""},{""bid_quantity"":40,""ask_quantity"":20,""bid_orders"":2,""ask_orders"":1,""bid_price"":""632.05"",""ask_price"":""636.35""}]"
09:15:43.619,1791517543619161575,2235286173095642,Ticker Data,0,51,71847.53,,09:15:43,,,,,,,,
09:15:43.629,1791517543629480522,2235286183414509,Full Data,8,1116183,524.05,20,09:15:43,,,499.14,184040,28560,59960,319760,"[{""bid_quantity"":40,""ask_quantity"":220,""bid_orders"":2,""ask_orders"":1,""bid_price"":""524.00"",""ask_price"":""525.00""},{""bid_quantity"":40,""ask_quantity"":20,""bid_orders"":2,""ask_orders"":1,""bid_price"":""523.90"",""ask_price"":""525.15""},{""bid_quantity"":40,""ask_quantity"":20,""bid_orders"":2,""ask_orders"":1,""bid_price"":""523.80"",""ask_price"":""526.35""},{""bid_quantity"":20,""ask_quantity"":140,""bid_orders"":1,""ask_orders"":3,""bid_price"":""523.75"",""ask_price"":""526.40""},{""bid_quantity"":40,""ask_quantity"":140,""bid_orders"":1,""ask_orders"":2,""bid_price"":""523.70"",""ask_price"":""527.00""}]"
09:15:43.667,1791517543667143325,2235286221077592,Full Data,8,1104245,475.00,20,09:15:43,,,451.14,49060,11200,19580,52960,"[{""bid_quantity"":20,""ask_quantity"":220,""bid_orders"":1,""ask_orders"":1,""bid_price"":""474.85"",""ask_price"":""476.60""},{""bid_quantity"":20,""ask_quantity"":80,""bid_orders"":1,""ask_orders"":3,""bid_price"":""474.75"",""ask_price"":""476.65""},{""bid_quantity"":20,""ask_quantity"":40,""bid_orders"":1,""ask_orders"":2,""bid_price"":""474.65"",""ask_price"":""476.70""},{""bid_quantity"":40,""ask_quantity"":60,""bid_orders"":2,""ask_orders"":2,""bid_price"":""474.55"",""ask_price"":""476.75""},{""bid_quantity"":20,""ask_quantity"":40,""bid_orders"":1,""ask_orders"":2,""bid_price"":""474.45"",""ask_price"":""476.80""}]"
09:15:43.670,1791517543670661268,2235286224595175,Full Data,8,1114464,816.45,240,09:15:43,,,780.29,73980,15260,47460,272380,"[{""bid_quantity"":80,""ask_quantity"":40,""bid_orders"":2,""ask_orders"":1,""bid_price"":""816.25"",""ask_price"":""818.05""},{""bid_quantity"":160,""ask_quantity"":60,""bid_orders"":2,""ask_orders"":2,""bid_price"":""816.20"",""ask_price"":""818.85""},{""bid_quantity"":160,""ask_quantity"":20,""bid_orders"":2,""ask_orders"":1,""bid_price"":""816.15"",""ask_price"":""818.95""},{""bid_quantity"":20,""ask_quantity"":20,""bid_orders"":1,""ask_orders"":1,""bid_price"":""816.10"",""ask_price"":""819.00""},{""bid_quantity"":40,""ask_quantity"":360,""bid_orders"":2,""ask_orders"":3,""bid_price"":""815.90"",""ask_price"":""820.00""}]"
09:15:43.721,1791517543721253514,2235286275187741,Full Data,8,1114046,396.20,20,09:15:43,,,429.25,71540,9860,34420,119180,"[{""bid_quantity"":60,""ask_quantity"":40,""bid_orders"":3,""ask_orders"":2,""bid_price"":""396.35"",""ask_price"":""398.00""},{""bid_quantity"":180,""ask_quantity"":260,""bid_orders"":2,""ask_orders"":2,""bid_price"":""396.30"",""ask_price"":""398.05""},{""bid_quantity"":20,""ask_quantity"":40,""bid_orders"":1,""ask_orders"":2,""bid_price"":""396.05"",""ask_price"":""398.10""},{""bid_quantity"":320,""ask_quantity"":40,""bid_orders"":3,""ask_orders"":1,""bid_price"":""396.00"",""ask_price"":""398.15""},{""bid_quantity"":160,""ask_quantity"":40,""bid_orders"":1,""ask_orders"":2,""bid_price"":""395.90"",""ask_price"":""398.20""}]"
09:15:43.766,1791517543766016363,2235286319950750,Full Data,8,1107704,620.40,20,09:15:43,,,665.73,13440,8800,11060,17620,"[{""bid_quantity"":20,""ask_quantity"":40,""bid_orders"":1,""ask_orders"":2,""bid_price"":""616.85"",""ask_price"":""618.95""},{""bid_quantity"":20,""ask_quantity"":100,""bid_orders"":1,""ask_orders"":4,""bid_price"":""616.70"",""ask_price"":""619.20""},{""bid_quantity"":60,""ask_quantity"":60,""bid_orders"":3,""ask_orders"":3,""bid_price"":""616.65"",""ask_price"":""619.40""},{""bid_quantity"":20,""ask_quantity"":120,""bid_orders"":1,""ask_orders"":2,""bid_price"":""616.50"",""ask_price"":""619.60""},{""bid_quantity"":60,""ask_quantity"":40,""bid_orders"":3,""ask_orders"":2,""bid_price"":""616.45"",""ask_price"":""619.75""}]"
09:15:43.769,1791517543769223824,2235286323158011,Full Data,8,1116183,523.45,60,09:15:43,,,499.23,184680,27340,57280,319760,"[{""bid_quantity"":40,""ask_quantity"":160,""bid_orders"":2,""ask_orders"":1,""bid_price"":""523.20"",""ask_price"":""525.00""},{""bid_quantity"":140,""ask_quantity"":40,""bid_orders"":1,""ask_orders"":2,""bid_price"":""523.10"",""ask_price"":""525.15""},{""bid_quantity"":100,""ask_quantity"":20,""bid_orders"":1,""ask_orders"":1,""bid_price"":""523.00"",""ask_price"":""525.70""},{""bid_quantity"":80,""ask_quantity"":60,""bid_orders"":2,""ask_orders"":2,""bid_price"":""522.90"",""ask_price"":""526.05""},{""bid_quantity"":120,""ask_quantity"":60,""bid_orders"":1,""ask_orders"":2,""bid_price"":""522.85"",""ask_price"":""526.35""}]"
09:15:43.770,1791517543770471512,2235286324405339,Full Data,8,1112083,634.40,60,09:15:43,,,607.16,118740,18320,36300,97520,"[{""bid_quantity"":40,""ask_quantity"":40,""bid_orders"":2,""ask_orders"":2,""bid_price"":""634.35"",""ask_price"":""636.35""},{""bid_quantity"":40,""ask_quantity"":60,""bid_orders"":2,""ask_orders"":2,""bid_price"":""634.30"",""ask_price"":""636.65""},{""bid_quantity"":40,""ask_quantity"":240,""bid_orders"":2,""ask_orders"":4,""bid_price"":""634.20"",""ask_price"":""636.70""},{""bid_quantity"":60,""ask_quantity"":160,""bid_orders"":3,""ask_orders"":1,""bid_price"":""634.00"",""ask_price"":""636.75""},{""bid_quantity"":40,""ask_quantity"":220,""bid_orders"":1,""ask_orders"":4,""bid_price"":""633.90"",""ask_price"":""636.85""}]"
09:15:43.779,1791517543779937613,2235286333871480,Full Data,8,1107704,620.40,20,09:15:43,,,665.73,13440,9000,12160,17620,"[{""bid_quantity"":40,""ask_quantity"":120,""bid_orders"":2,""ask_orders"":4,""bid_price"":""615.70"",""ask_price"":""618.25""},{""bid_quantity"":40,""ask_quantity"":60,""bid_orders"":2,""ask_orders"":2,""bid_price"":""615.65"",""ask_price"":""618.40""},{""bid_quantity"":60,""ask_quantity"":140,""bid_orders"":2,""ask_orders"":1,""bid_price"":""615.50"",""ask_price"":""618.50""},{""bid_quantity"":40,""ask_quantity"":60,""bid_orders"":2,""ask_orders"":3,""bid_price"":""615.45"",""ask_price"":""618.60""},{""bid_quantity"":40,""ask_quantity"":20,""bid_orders"":2,""ask_orders"":1,""bid_price"":""615.25"",""ask_price"":""618.70""}]"
09:15:43.810,1791517543810036688,2235286363970675,Full Data,8,1107336,361.75,20,09:15:43,,,397.99,113460,14460,54460,304080,"[{""bid_quantity"":80,""ask_quantity"":40,""bid_orders"":4,""ask_orders"":1,""bid_price"":""360.80"",""ask_price"":""362.65""},{""bid_quantity"":60,""ask_quantity"":60,""bid_orders"":3,""ask_orders"":2,""bid_price"":""360.75"",""ask_price"":""362.70""},{""bid_quantity"":320,""ask_quantity"":40,""bid_orders"":4,""ask_orders"":1,""bid_price"":""360.60"",""ask_price"":""362.75""},{""bid_quantity"":140,""ask_quantity"":200,""bid_orders"":1,""ask_orders"":1,""bid_price"":""360.50"",""ask_price"":""362.95""},{""bid_quantity"":160,""ask_quantity"":180,""bid_orders"":3,""ask_orders"":1,""bid_price"":""360.00"",""ask_price"":""363.00""}]"
09:15:43.825,1791517543825283426,2235286379217413,Full Data,8,1102591,569.50,20,09:15:43,,,612.74,69820,14400,22100,209460,"[{""bid_quantity"":20,""ask_quantity"":40,""bid_orders"":1,""ask_orders"":2,""bid_price"":""566.70"",""ask_price"":""568.70""},{""bid_quantity"":40,""ask_quantity"":160,""bid_orders"":2,""ask_orders"":2,""bid_price"":""566.65"",""ask_price"":""568.80""},{""bid_quantity"":20,""ask_quantity"":140,""bid_orders"":1,""ask_orders"":5,""bid_price"":""566.55"",""ask_price"":""569.00""},{""bid_quantity"":40,""ask_quantity"":20,""bid_orders"":1,""ask_orders"":1,""bid_price"":""566.50"",""ask_price"":""569.15""},{""bid_quantity"":40,""ask_quantity"":140,""bid_orders"":2,""ask_orders"":1,""bid_price"":""566.45"",""ask_price"":""569.25""}]"
09:15:43.915,1791517543915876491,2235286469810718,Full Data,8,1110871,435.10,40,09:15:43,,,474.67,75240,10680,14240,81380,"[{""bid_quantity"":40,""ask_quantity"":60,""bid_orders"":2,""ask_orders"":3,""bid_price"":""433.90"",""ask_price"":""435.55""},{""bid_quantity"":60,""ask_quantity"":40,""bid_orders"":3,""ask_orders"":2,""bid_price"":""433.85"",""ask_price"":""435.60""},{""bid_quantity"":240,""ask_quantity"":20,""bid_orders"":4,""ask_orders"":1,""bid_price"":""433.55"",""ask_price"":""435.65""},{""bid_quantity"":120,""ask_quantity"":20,""bid_orders"":1,""ask_orders"":1,""bid_price"":""432.95"",""ask_price"":""435.70""},{""bid_quantity"":100,""ask_quantity"":20,""bid_orders"":1,""ask_orders"":1,""bid_price"":""432.90"",""ask_price"":""435.75""}]"
09:15:43.991,1791517543991035777,2235286544969804,Full Data,8,1115207,695.65,20,09:15:43,,,663.54,86900,9260,24920,97240,"[{""bid_quantity"":60,""ask_quantity"":20,""bid_orders"":3,""ask_orders"":1,""bid_price"":""694.70"",""ask_price"":""697.00""},{""bid_quantity"":60,""ask_quantity"":100,""bid_orders"":3,""ask_orders"":1,""bid_price"":""694.65"",""ask_price"":""697.40""},{""bid_quantity"":40,""ask_quantity"":140,""bid_orders"":2,""ask_orders"":2,""bid_price"":""694.60"",""ask_price"":""697.60""},{""bid_quantity"":100,""ask_quantity"":60,""bid_orders"":1,""ask_orders"":2,""bid_price"":""694.55"",""ask_price"":""697.90""},{""bid_quantity"":20,""ask_quantity"":160,""bid_orders"":1,""ask_orders"":2,""bid_price"":""694.45"",""ask_price"":""698.00""}]"
09:15:44.179,1791517544179542234,2235286733476381,Full Data,8,1111309,765.35,20,09:15:44,,,722.20,63620,10300,25900,98080,"[{""bid_quantity"":60,""ask_quantity"":20,""bid_orders"":2,""ask_orders"":1,""bid_price"":""762.85"",""ask_price"":""764.75""},{""bid_quantity"":80,""ask_quantity"":20,""bid_orders"":2,""ask_orders"":1,""bid_price"":""762.80"",""ask_price"":""765.00""},{""bid_quantity"":60,""ask_quantity"":20,""bid_orders"":3,""ask_orders"":1,""bid_price"":""762.75"",""ask_price"":""765.15""},{""bid_quantity"":60,""ask_quantity"":20,""bid_orders"":3,""ask_orders"":1,""bid_price"":""762.70"",""ask_price"":""765.35""},{""bid_quantity"":240,""ask_quantity"":100,""bid_orders"":3,""ask_orders"":1,""bid_price"":""762.65"",""ask_price"":""765.60""}]"
09:15:44.204,1791517544204478235,2235286758412382,Full Data,8,1105793,588.05,40,09:15:44,,,552.02,73880,12600,22780,50360,"[{""bid_quantity"":20,""ask_quantity"":40,""bid_orders"":1,""ask_orders"":2,""bid_price"":""586.05"",""ask_price"":""588.00""},{""bid_quantity"":20,""ask_quantity"":20,""bid_orders"":1,""ask_orders"":1,""bid_price"":""586.00"",""ask_price"":""588.15""},{""bid_quantity"":100,""ask_quantity"":20,""bid_orders"":4,""ask_orders"":1,""bid_price"":""585.95"",""ask_price"":""588.25""},{""bid_quantity"":140,""ask_quantity"":20,""bid_orders"":2,""ask_orders"":1,""bid_price"":""585.90"",""ask_price"":""588.35""},{""bid_quantity"":20,""ask_quantity"":580,""bid_orders"":1,""ask_orders"":5,""bid_price"":""585.85"",""ask_price"":""588.55""}]"
09:15:44.238,1791517544238496255,2235286792430202,Full Data,8,1111309,765.35,20,09:15:44,,,722.20,63620,10100,24420,98080,"[{""bid_quantity"":200,""ask_quantity"":60,""bid_orders"":2,""ask_orders"":2,""bid_price"":""762.45"",""ask_price"":""764.50""},{""bid_quantity"":60,""ask_quantity"":20,""bid_orders"":2,""ask_orders"":1,""bid_price"":""762.30"",""ask_price"":""764.55""},{""bid_quantity"":60,""ask_quantity"":60,""bid_orders"":2,""ask_orders"":2,""bid_price"":""762.15"",""ask_price"":""764.70""},{""bid_quantity"":140,""ask_quantity"":20,""bid_orders"":2,""ask_orders"":1,""bid_price"":""762.10"",""ask_price"":""764.75""},{""bid_quantity"":60,""ask_quantity"":20,""bid_orders"":2,""ask_orders"":1,""bid_price"":""761.90"",""ask_price"":""764.95""}]"
09:15:44.262,1791517544262128087,2235286816062354,Full Data,8,1105793,586.90,20,09:15:44,,,552.14,74140,11320,22180,50360,"[{""bid_quantity"":20,""ask_quantity"":20,""bid_orders"":1,""ask_orders"":1,""bid_price"":""585.05"",""ask_price"":""586.90""},{""bid_quantity"":140,""ask_quantity"":40,""bid_orders"":3,""ask_orders"":2,""bid_price"":""585.00"",""ask_price"":""586.95""},{""bid_quantity"":160,""ask_quantity"":20,""bid_orders"":3,""ask_orders"":1,""bid_price"":""584.95"",""ask_price"":""587.00""},{""bid_quantity"":20,""ask_quantity"":40,""bid_orders"":1,""ask_orders"":2,""bid_price"":""584.90"",""ask_price"":""587.10""},{""bid_quantity"":140,""ask_quantity"":120,""bid_orders"":3,""ask_orders"":2,""bid_price"":""584.85"",""ask_price"":""587.35""}]"
09:15:44.605,1791517544605297744,2235287159232171,Ticker Data,0,51,71858.87,,09:15:44,,,,,,,,
09:15:44.633,1791517544633884848,2235287187818835,Full Data,8,1104245,485.20,40,09:15:44,,,451.49,49640,11820,20920,52960,"[{""bid_quantity"":40,""ask_quantity"":20,""bid_orders"":2,""ask_orders"":1,""bid_price"":""484.90"",""ask_price"":""485.95""},{""bid_quantity"":40,""ask_quantity"":60,""bid_orders"":1,""ask_orders"":2,""bid_price"":""484.75"",""ask_price"":""486.75""},{""bid_quantity"":40,""ask_quantity"":60,""bid_orders"":2,""ask_orders"":3,""bid_price"":""484.70"",""ask_price"":""486.90""},{""bid_quantity"":20,""ask_quantity"":120,""bid_orders"":1,""ask_orders"":1,""bid_price"":""484.50"",""ask_price"":""487.10""},{""bid_quantity"":20,""ask_quantity"":100,""bid_orders"":1,""ask_orders"":1,""bid_price"":""484.40"",""ask_price"":""487.20""}]"
09:15:44.646,1791517544646413289,2235287200347276,Full Data,8,1114464,830.75,20,09:15:44,,,782.28,77340,16000,48860,272380,"[{""bid_quantity"":60,""ask_quantity"":40,""bid_orders"":2,""ask_orders"":2,""bid_price"":""829.35"",""ask_price"":""832.00""},{""bid_quantity"":120,""ask_quantity"":40,""bid_orders"":3,""ask_orders"":2,""bid_price"":""829.30"",""ask_price"":""832.05""},{""bid_quantity"":180,""ask_quantity"":20,""bid_orders"":3,""ask_orders"":1,""bid_price"":""829.25"",""ask_price"":""832.15""},{""bid_quantity"":20,""ask_quantity"":60,""bid_orders"":1,""ask_orders"":3,""bid_price"":""829.20"",""ask_price"":""832.20""},{""bid_quantity"":20,""ask_quantity"":40,""bid_orders"":1,""ask_orders"":2,""bid_price"":""828.95"",""ask_price"":""832.35""}]"
09:15:44.712,1791517544712722197,2235287266656344,Full Data,8,1114046,391.70,40,09:15:44,,,428.98,72060,12080,34940,119180,"[{""bid_quantity"":140,""ask_quantity"":40,""bid_orders"":1,""ask_orders"":2,""bid_price"":""390.90"",""ask_price"":""392.05""},{""bid_quantity"":20,""ask_quantity"":100,""bid_orders"":1,""ask_orders"":4,""bid_price"":""390.75"",""ask_price"":""392.10""},{""bid_quantity"":40,""ask_quantity"":40,""bid_orders"":2,""ask_orders"":2,""bid_price"":""390.60"",""ask_price"":""392.15""},{""bid_quantity"":20,""ask_quantity"":20,""bid_orders"":1,""ask_orders"":1,""bid_price"":""390.55"",""ask_price"":""392.20""},{""bid_quantity"":40,""ask_quantity"":60,""bid_orders"":2,""ask_orders"":2,""bid_price"":""390.50"",""ask_price"":""392.25""}]"
09:15:44.721,1791517544721271533,2235287275205760,Full Data,8,1116183,534.55,40,09:15:44,,,499.74,187800,28380,60180,319760,"[{""bid_quantity"":80,""ask_quantity"":20,""bid_orders"":3,""ask_orders"":1,""bid_price"":""534.25"",""ask_price"":""535.70""},{""bid_quantity"":260,""ask_quantity"":40,""bid_orders"":3,""ask_orders"":2,""bid_price"":""534.10"",""ask_price"":""535.75""},{""bid_quantity"":40,""ask_quantity"":20,""bid_orders"":2,""ask_orders"":1,""bid_price"":""533.95"",""ask_price"":""535.85""},{""bid_quantity"":80,""ask_quantity"":80,""bid_orders"":2,""ask_orders"":4,""bid_price"":""533.90"",""ask_price"":""535.90""},{""bid_quantity"":120,""ask_quantity"":60,""bid_orders"":1,""ask_orders"":2,""bid_price"":""533.85"",""ask_price"":""535.95""}]"
09:15:44.763,1791517544763934728,2235287317868715,Full Data,8,1107704,610.55,40,09:15:44,,,665.40,13520,11000,12480,17620,"[{""bid_quantity"":40,""ask_quantity"":80,""bid_orders"":1,""ask_orders"":3,""bid_price"":""608.10"",""ask_price"":""610.10""},{""bid_quantity"":60,""ask_quantity"":60,""bid_orders"":3,""ask_orders"":3,""bid_price"":""608.05"",""ask_price"":""610.15""},{""bid_quantity"":60,""ask_quantity"":40,""bid_orders"":2,""ask_orders"":2,""bid_price"":""608.00"",""ask_price"":""610.35""},{""bid_quantity"":40,""ask_quantity"":40,""bid_orders"":2,""ask_orders"":1,""bid_price"":""607.95"",""ask_price"":""610.45""},{""bid_quantity"":20,""ask_quantity"":60,""bid_orders"":1,""ask_orders"":2,""bid_price"":""607.90"",""ask_price"":""610.50""}]"
09:15:44.771,1791517544771848379,2235287325782246,Full Data,8,1112083,646.75,20,09:15:44,,,607.90,121280,15500,38080,97520,"[{""bid_quantity"":40,""ask_quantity"":40,""bid_orders"":2,""ask_orders"":1,""bid_price"":""645.65"",""ask_price"":""646.85""},{""bid_quantity"":20,""ask_quantity"":40,""bid_orders"":1,""ask_orders"":2,""bid_price"":""645.20"",""ask_price"":""646.90""},{""bid_quantity"":20,""ask_quantity"":40,""bid_orders"":1,""ask_orders"":1,""bid_price"":""645.00"",""ask_price"":""646.95""},{""bid_quantity"":20,""ask_quantity"":60,""bid_orders"":1,""ask_orders"":3,""bid_price"":""644.85"",""ask_price"":""647.10""},{""bid_quantity"":240,""ask_quantity"":20,""bid_orders"":3,""ask_orders"":1,""bid_price"":""644.80"",""ask_price"":""647.20""}]"
09:15:44.812,1791517544812778724,2235287366712711,Full Data,8,1104245,484.50,20,09:15:44,,,451.58,49780,14820,20120,52960,"[{""bid_quantity"":20,""ask_quantity"":20,""bid_orders"":1,""ask_orders"":1,""bid_price"":""482.55"",""ask_price"":""484.15""},{""bid_quantity"":20,""ask_quantity"":80,""bid_orders"":1,""ask_orders"":2,""bid_price"":""482.40"",""ask_price"":""484.30""},{""bid_quantity"":100,""ask_quantity"":60,""bid_orders"":1,""ask_orders"":3,""bid_price"":""482.30"",""ask_price"":""484.35""},{""bid_quantity"":20,""ask_quantity"":40,""bid_orders"":1,""ask_orders"":1,""bid_price"":""482.20"",""ask_price"":""484.45""},{""bid_quantity"":40,""ask_quantity"":60,""bid_orders"":1,""ask_orders"":3,""bid_price"":""481.85"",""ask_price"":""484.50""}]"
09:15:44.823,1791517544823248591,2235287377182818,Full Data,8,1107704,610.55,40,09:15:44,,,665.40,13520,10900,12600,17620,"[{""bid_quantity"":20,""ask_quantity"":60,""bid_orders"":1,""ask_orders"":2,""bid_price"":""609.05"",""ask_price"":""610.80""},{""bid_quantity"":40,""ask_quantity"":60,""bid_orders"":2,""ask_orders"":3,""bid_price"":""608.85"",""ask_price"":""610.85""},{""bid_quantity"":40,""ask_quantity"":60,""bid_orders"":2,""ask_orders"":2,""bid_price"":""608.70"",""ask_price"":""611.05""},{""bid_quantity"":140,""ask_quantity"":60,""bid_orders"":1,""ask_orders"":3,""bid_price"":""608.65"",""ask_price"":""611.10""},{""bid_quantity"":20,""ask_quantity"":20,""bid_orders"":1,""ask_orders"":1,""bid_price"":""608.55"",""ask_price"":""612.30""}]"
09:15:44.854,1791517544854969396,2235287408903423,Full Data,8,1114464,829.40,20,09:15:44,,,782.42,77560,16720,48980,272380,"[{""bid_quantity"":340,""ask_quantity"":40,""bid_orders"":2,""ask_orders"":1,""bid_price"":""826.45"",""ask_price"":""829.15""},{""bid_quantity"":100,""ask_quantity"":20,""bid_orders"":2,""ask_orders"":1,""bid_price"":""826.25"",""ask_price"":""829.20""},{""bid_quantity"":160,""ask_quantity"":80,""bid_orders"":1,""ask_orders"":3,""bid_price"":""826.20"",""ask_price"":""829.35""},{""bid_quantity"":40,""ask_quantity"":60,""bid_orders"":1,""ask_orders"":3,""bid_price"":""825.45"",""ask_price"":""829.40""},{""bid_quantity"":80,""ask_quantity"":60,""bid_orders"":2,""ask_orders"":3,""bid_price"":""825.40"",""ask_price"":""829.45""}]"
09:15:44.861,1791517544861558279,2235287415492226,Full Data,8,1107336,358.35,20,09:15:44,,,397.46,115000,16200,57240,304080,"[{""bid_quantity"":40,""ask_quantity"":60,""bid_orders"":1,""ask_orders"":3,""bid_price"":""357.30"",""ask_price"":""358.40""},{""bid_quantity"":60,""ask_quantity"":160,""bid_orders"":2,""ask_orders"":2,""bid_price"":""357.20"",""ask_price"":""359.10""},{""bid_quantity"":40,""ask_quantity"":200,""bid_orders"":1,""ask_orders"":4,""bid_price"":""357.15"",""ask_price"":""359.20""},{""bid_quantity"":200,""ask_quantity"":100,""bid_orders"":4,""ask_orders"":3,""bid_price"":""357.10"",""ask_price"":""359.60""},{""bid_quantity"":40,""ask_quantity"":140,""bid_orders"":2,""ask_orders"":3,""bid_price"":""357.05"",""ask_price"":""359.65""}]"
09:15:44.902,1791517544902160021,2235287456094208,Full Data,8,1116183,534.55,40,09:15:44,,,499.74,187800,28840,59900,319760,"[{""bid_quantity"":40,""ask_quantity"":20,""bid_orders"":1,""ask_orders"":1,""bid_price"":""532.15"",""ask_price"":""533.55""},{""bid_quantity"":40,""ask_quantity"":20,""bid_orders"":2,""ask_orders"":1,""bid_price"":""532.10"",""ask_price"":""533.65""},{""bid_quantity"":40,""ask_quantity"":40,""bid_orders"":1,""ask_orders"":2,""bid_price"":""532.05"",""ask_price"":""533.70""},{""bid_quantity"":100,""ask_quantity"":40,""bid_orders"":1,""ask_orders"":2,""bid_price"":""532.00"",""ask_price"":""533.75""},{""bid_quantity"":40,""ask_quantity"":60,""bid_orders"":2,""ask_orders"":3,""bid_price"":""531.90"",""ask_price"":""533.90""}]"
09:15:44.912,1791517544912212686,2235287466146633,Full Data,8,1110871,429.95,20,09:15:44,,,474.07,76280,11100,14980,81380,"[{""bid_quantity"":20,""ask_quantity"":80,""bid_orders"":1,""ask_orders"":4,""bid_price"":""429.80"",""ask_price"":""431.25""},{""bid_quantity"":20,""ask_quantity"":60,""bid_orders"":1,""ask_orders"":3,""bid_price"":""429.70"",""ask_price"":""431.35""},{""bid_quantity"":60,""ask_quantity"":40,""bid_orders"":2,""ask_orders"":2,""bid_price"":""429.60"",""ask_price"":""431.55""},{""bid_quantity"":40,""ask_quantity"":40,""bid_orders"":1,""ask_orders"":1,""bid_price"":""429.50"",""ask_price"":""431.75""},{""bid_quantity"":20,""ask_quantity"":20,""bid_orders"":1,""ask_orders"":1,""bid_price"":""429.45"",""ask_price"":""432.15""}]"
09:15:44.940,1791517544940248747,2235287494183174,Full Data,8,1102591,562.05,20,09:15:44,,,611.91,71000,13960,22360,209460,"[{""bid_quantity"":120,""ask_quantity"":80,""bid_orders"":2,""ask_orders"":4,""bid_price"":""561.05"",""ask_price"":""562.60""},{""bid_quantity"":60,""ask_quantity"":80,""bid_orders"":3,""ask_orders"":4,""bid_price"":""561.00"",""ask_price"":""562.70""},{""bid_quantity"":100,""ask_quantity"":260,""bid_orders"":2,""ask_orders"":6,""bid_price"":""560.95"",""ask_price"":""562.80""},{""bid_quantity"":60,""ask_quantity"":60,""bid_orders"":3,""ask_orders"":2,""bid_price"":""560.90"",""ask_price"":""562.95""},{""bid_quantity"":40,""ask_quantity"":120,""bid_orders"":2,""ask_orders"":3,""bid_price"":""560.80"",""ask_price"":""563.50""}]"
09:15:44.978,1791517544978718995,2235287532653382,Full Data,8,1102591,562.05,20,09:15:44,,,611.91,71000,14060,22880,209460,"[{""bid_quantity"":40,""ask_quantity"":20,""bid_orders"":2,""ask_orders"":1,""bid_price"":""561.30"",""ask_price"":""562.55""},{""bid_quantity"":40,""ask_quantity"":40,""bid_orders"":2,""ask_orders"":2,""bid_price"":""561.00"",""ask_price"":""562.60""},{""bid_quantity"":40,""ask_quantity"":80,""bid_orders"":2,""ask_orders"":4,""bid_price"":""560.90"",""ask_price"":""562.70""},{""bid_quantity"":20,""ask_quantity"":300,""bid_orders"":1,""ask_orders"":7,""bid_price"":""560.85"",""ask_price"":""562.80""},{""bid_quantity"":20,""ask_quantity"":180,""bid_orders"":1,""ask_orders"":3,""bid_price"":""560.80"",""ask_price"":""562.90""}]"
09:15:44.978,1791517544978846036,2235287532779823,Full Data,8,1112083,644.80,20,09:15:44,,,607.93,121380,13740,35540,97520,"[{""bid_quantity"":40,""ask_quantity"":20,""bid_orders"":2,""ask_orders"":1,""bid_price"":""642.70"",""ask_price"":""644.00""},{""bid_quantity"":200,""ask_quantity"":60,""bid_orders"":2,""ask_orders"":2,""bid_price"":""641.60"",""ask_price"":""644.15""},{""bid_quantity"":100,""ask_quantity"":20,""bid_orders"":1,""ask_orders"":1,""bid_price"":""641.30"",""ask_price"":""644.30""},{""bid_quantity"":40,""ask_quantity"":200,""bid_orders"":1,""ask_orders"":1,""bid_price"":""641.20"",""ask_price"":""644.40""},{""bid_quantity"":40,""ask_quantity"":40,""bid_orders"":1,""ask_orders"":1,""bid_price"":""641.10"",""ask_price"":""644.45""}]"
09:15:44.993,1791517544993394010,2235287547327957,Full Data,8,1114813,472.55,60,09:15:44,,,516.05,93780,12960,15580,57500,"[{""bid_quantity"":20,""ask_quantity"":40,""bid_orders"":1,""ask_orders"":2,""bid_price"":""471.20"",""ask_price"":""472.75""},{""bid_quantity"":40,""ask_quantity"":40,""bid_orders"":2,""ask_orders"":2,""bid_price"":""470.65"",""ask_price"":""472.80""},{""bid_quantity"":60,""ask_quantity"":60,""bid_orders"":2,""ask_orders"":2,""bid_price"":""470.50"",""ask_price"":""472.85""},{""bid_quantity"":20,""ask_quantity"":40,""bid_orders"":1,""ask_orders"":2,""bid_price"":""470.35"",""ask_price"":""472.90""},{""bid_quantity"":80,""ask_quantity"":20,""bid_orders"":3,""ask_orders"":1,""bid_price"":""470.30"",""ask_price"":""472.95""}]"
09:15:45.075,1791517545075702342,2235287629636489,Full Data,8,1114813,472.55,60,09:15:44,,,516.05,93780,15080,17900,57500,"[{""bid_quantity"":40,""ask_quantity"":100,""bid_orders"":2,""ask_orders"":5,""bid_price"":""471.10"",""ask_price"":""472.75""},{""bid_quantity"":60,""ask_quantity"":80,""bid_orders"":3,""ask_orders"":3,""bid_price"":""470.90"",""ask_price"":""472.80""},{""bid_quantity"":80,""ask_quantity"":20,""bid_orders"":3,""ask_orders"":1,""bid_price"":""470.80"",""ask_price"":""472.85""},{""bid_quantity"":60,""ask_quantity"":280,""bid_orders"":2,""ask_orders"":5,""bid_price"":""470.75"",""ask_price"":""473.10""},{""bid_quantity"":20,""ask_quantity"":160,""bid_orders"":1,""ask_orders"":2,""bid_price"":""470.70"",""ask_price"":""473.20""}]"
09:15:45.079,1791517545079713448,2235287633647355,Full Data,8,1115207,700.15,20,09:15:44,,,664.45,88880,11760,25160,97240,"[{""bid_quantity"":40,""ask_quantity"":60,""bid_orders"":2,""ask_orders"":3,""bid_price"":""700.00"",""ask_price"":""702.25""},{""bid_quantity"":40,""ask_quantity"":40,""bid_orders"":2,""ask_orders"":2,""bid_price"":""699.95"",""ask_price"":""702.30""},{""bid_quantity"":40,""ask_quantity"":40,""bid_orders"":2,""ask_orders"":2,""bid_price"":""699.80"",""ask_price"":""702.35""},{""bid_quantity"":20,""ask_quantity"":280,""bid_orders"":1,""ask_orders"":3,""bid_price"":""699.65"",""ask_price"":""702.40""},{""bid_quantity"":20,""ask_quantity"":20,""bid_orders"":1,""ask_orders"":1,""bid_price"":""699.60"",""ask_price"":""702.50""}]"
09:15:45.083,1791517545083528232,2235287637462059,Full Data,8,1111639,514.95,20,09:15:44,,,562.37,49100,9240,14100,60460,"[{""bid_quantity"":40,""ask_quantity"":80,""bid_orders"":1,""ask_orders"":4,""bid_price"":""513.95"",""ask_price"":""515.50""},{""bid_quantity"":60,""ask_quantity"":180,""bid_orders"":2,""ask_orders"":4,""bid_price"":""513.90"",""ask_price"":""515.90""},{""bid_quantity"":40,""ask_quantity"":80,""bid_orders"":1,""ask_orders"":3,""bid_price"":""513.85"",""ask_price"":""515.95""},{""bid_quantity"":20,""ask_quantity"":80,""bid_orders"":1,""ask_orders"":3,""bid_price"":""513.80"",""ask_price"":""516.00""},{""bid_quantity"":20,""ask_quantity"":260,""bid_orders"":1,""ask_orders"":3,""bid_price"":""513.75"",""ask_price"":""516.60""}]"
09:15:45.133,1791517545133224593,2235287687158900,Full Data,8,1115207,702.15,20,09:15:44,,,664.46,88900,10820,24720,97240,"[{""bid_quantity"":20,""ask_quantity"":20,""bid_orders"":1,""ask_orders"":1,""bid_price"":""700.00"",""ask_price"":""702.10""},{""bid_quantity"":20,""ask_quantity"":60,""bid_orders"":1,""ask_orders"":3,""bid_price"":""699.50"",""ask_price"":""702.15""},{""bid_quantity"":160,""ask_quantity"":40,""bid_orders"":3,""ask_orders"":2,""bid_price"":""699.25"",""ask_price"":""702.35""},{""bid_quantity"":180,""ask_quantity"":200,""bid_orders"":4,""ask_orders"":2,""bid_price"":""699.20"",""ask_price"":""702.40""},{""bid_quantity"":40,""ask_quantity"":20,""bid_orders"":2,""ask_orders"":1,""bid_price"":""699.05"",""ask_price"":""702.60""}]"
09:15:45.133,1791517545133380514,2235287687314181,Full Data,8,1111639,513.50,40,09:15:44,,,562.27,49200,9520,14140,60460,"[{""bid_quantity"":80,""ask_quantity"":20,""bid_orders"":2,""ask_orders"":1,""bid_price"":""512.80"",""ask_price"":""514.95""},{""bid_quantity"":20,""ask_quantity"":20,""bid_orders"":1,""ask_orders"":1,""bid_price"":""512.75"",""ask_price"":""515.15""},{""bid_quantity"":40,""ask_quantity"":40,""bid_orders"":1,""ask_orders"":2,""bid_price"":""512.60"",""ask_price"":""515.25""},{""bid_quantity"":20,""ask_quantity"":60,""bid_orders"":1,""ask_orders"":3,""bid_price"":""512.50"",""ask_price"":""515.30""},{""bid_quantity"":20,""ask_quantity"":40,""bid_orders"":1,""ask_orders"":2,""bid_price"":""512.45"",""ask_price"":""515.35""}]"
09:15:45.238,1791517545238088390,2235287792022777,Full Data,8,1111309,763.35,20,09:15:45,,,723.33,65260,10900,24700,98080,"[{""bid_quantity"":40,""ask_quantity"":20,""bid_orders"":2,""ask_orders"":1,""bid_price"":""762.60"",""ask_price"":""765.10""},{""bid_quantity"":340,""ask_quantity"":40,""bid_orders"":2,""ask_orders"":2,""bid_price"":""762.50"",""ask_price"":""765.20""},{""bid_quantity"":140,""ask_quantity"":20,""bid_orders"":2,""ask_orders"":1,""bid_price"":""762.45"",""ask_price"":""765.40""},{""bid_quantity"":40,""ask_quantity"":20,""bid_orders"":2,""ask_orders"":1,""bid_price"":""762.35"",""ask_price"":""765.65""},{""bid_quantity"":160,""ask_quantity"":40,""bid_orders"":3,""ask_orders"":2,""bid_price"":""762.20"",""ask_price"":""765.80""}]"
09:15:45.274,1791517545274430985,2235287828365052,Full Data,8,1105793,587.65,20,09:15:45,,,553.24,76600,12260,22360,50360,"[{""bid_quantity"":20,""ask_quantity"":20,""bid_orders"":1,""ask_orders"":1,""bid_price"":""585.75"",""ask_price"":""587.65""},{""bid_quantity"":20,""ask_quantity"":40,""bid_orders"":1,""ask_orders"":2,""bid_price"":""585.70"",""ask_price"":""587.70""},{""bid_quantity"":40,""ask_quantity"":80,""bid_orders"":2,""ask_orders"":2,""bid_price"":""585.65"",""ask_price"":""587.85""},{""bid_quantity"":40,""ask_quantity"":40,""bid_orders"":1,""ask_orders"":2,""bid_price"":""585.60"",""ask_price"":""587.90""},{""bid_quantity"":40,""ask_quantity"":40,""bid_orders"":2,""ask_orders"":1,""bid_price"":""585.55"",""ask_price"":""588.00""}]"
09:15:45.338,1791517545338593639,2235287892527907,Full Data,8,1105793,585.45,20,09:15:45,,,553.40,76960,12700,21560,50360,"[{""bid_quantity"":20,""ask_quantity"":20,""bid_orders"":1,""ask_orders"":1,""bid_price"":""584.80"",""ask_price"":""586.80""},{""bid_quantity"":20,""ask_quantity"":40,""bid_orders"":1,""ask_orders"":2,""bid_price"":""584.70"",""ask_price"":""586.90""},{""bid_quantity"":20,""ask_quantity"":40,""bid_orders"":1,""ask_orders"":2,""bid_price"":""584.55"",""ask_price"":""587.00""},{""bid_quantity"":120,""ask_quantity"":160,""bid_orders"":1,""ask_orders"":2,""bid_price"":""584.45"",""ask_price"":""587.05""},{""bid_quantity"":100,""ask_quantity"":20,""bid_orders"":1,""ask_orders"":1,""bid_price"":""584.40"",""ask_price"":""587.10""}]"
09:15:45.620,1791517545620287339,2235288174221606,Ticker Data,0,51,71871.51,,09:15:45,,,,,,,,
09:15:45.711,1791517545711169166,2235288265103313,Full Data,8,1114046,387.30,20,09:15:45,,,428.32,73340,10600,35720,119180,"[{""bid_quantity"":120,""ask_quantity"":40,""bid_orders"":4,""ask_orders"":2,""bid_price"":""385.05"",""ask_price"":""386.75""},{""bid_quantity"":40,""ask_quantity"":20,""bid_orders"":2,""ask_orders"":1,""bid_price"":""385.00"",""ask_price"":""386.80""},{""bid_quantity"":40,""ask_quantity"":60,""bid_orders"":2,""ask_orders"":3,""bid_price"":""384.90"",""ask_price"":""386.85""},{""bid_quantity"":40,""ask_quantity"":20,""bid_orders"":2,""ask_orders"":1,""bid_price"":""384.85"",""ask_price"":""386.90""},{""bid_quantity"":20,""ask_quantity"":20,""bid_orders"":1,""ask_orders"":1,""bid_price"":""384.80"",""ask_price"":""386.95""}]"
09:15:45.741,1791517545741184480,2235288295118387,Full Data,8,1104245,484.95,20,09:15:45,,,452.68,51700,12420,22700,52960,"[{""bid_quantity"":40,""ask_quantity"":60,""bid_orders"":1,""ask_orders"":3,""bid_price"":""484.35"",""ask_price"":""485.80""},{""bid_quantity"":40,""ask_quantity"":40,""bid_orders"":1,""ask_orders"":1,""bid_price"":""484.30"",""ask_price"":""486.15""},{""bid_quantity"":60,""ask_quantity"":220,""bid_orders"":2,""ask_orders"":3,""bid_price"":""484.25"",""ask_price"":""486.20""},{""bid_quantity"":20,""ask_quantity"":100,""bid_orders"":1,""ask_orders"":1,""bid_price"":""484.15"",""ask_price"":""486.30""},{""bid_quantity"":20,""ask_quantity"":140,""bid_orders"":1,""ask_orders"":2,""bid_price"":""484.00"",""ask_price"":""486.40""}]"
09:15:45.743,1791517545743717656,2235288297651563,Full Data,8,1107704,608.70,20,09:15:45,,,663.96,13880,9520,11060,17620,"[{""bid_quantity"":20,""ask_quantity"":20,""bid_orders"":1,""ask_orders"":1,""bid_price"":""601.30"",""ask_price"":""604.40""},{""bid_quantity"":20,""ask_quantity"":20,""bid_orders"":1,""ask_orders"":1,""bid_price"":""601.05"",""ask_price"":""604.45""},{""bid_quantity"":100,""ask_quantity"":140,""bid_orders"":1,""ask_orders"":1,""bid_price"":""600.40"",""ask_price"":""604.50""},{""bid_quantity"":320,""ask_quantity"":40,""bid_orders"":3,""ask_orders"":2,""bid_price"":""600.00"",""ask_price"":""604.60""},{""bid_quantity"":40,""ask_quantity"":80,""bid_orders"":1,""ask_orders"":3,""bid_price"":""599.10"",""ask_price"":""604.75""}]"
09:15:45.800,1791517545800185341,2235288354119408,Full Data,8,1114464,828.10,20,09:15:45,,,783.34,79200,13440,47020,272380,"[{""bid_quantity"":20,""ask_quantity"":20,""bid_orders"":1,""ask_orders"":1,""bid_price"":""830.60"",""ask_price"":""832.95""},{""bid_quantity"":40,""ask_quantity"":40,""bid_orders"":2,""ask_orders"":1,""bid_price"":""830.55"",""ask_price"":""833.05""},{""bid_quantity"":60,""ask_quantity"":20,""bid_orders"":2,""ask_orders"":1,""bid_price"":""830.50"",""ask_price"":""833.10""},{""bid_quantity"":160,""ask_quantity"":40,""bid_orders"":2,""ask_orders"":1,""bid_price"":""830.45"",""ask_price"":""833.20""},{""bid_quantity"":20,""ask_quantity"":20,""bid_orders"":1,""ask_orders"":1,""bid_price"":""830.30"",""ask_price"":""833.30""}]"
09:15:45.841,1791517545841590368,2235288395524555,Full Data,8,1116183,536.45,40,09:15:45,,,500.32,191240,26920,63640,319760,"[{""bid_quantity"":20,""ask_quantity"":20,""bid_orders"":1,""ask_orders"":1,""bid_price"":""535.20"",""ask_price"":""536.50""},{""bid_quantity"":40,""ask_quantity"":20,""bid_orders"":2,""ask_orders"":1,""bid_price"":""535.15"",""ask_price"":""536.65""},{""bid_quantity"":60,""ask_quantity"":40,""bid_orders"":2,""ask_orders"":1,""bid_price"":""535.00"",""ask_price"":""536.70""},{""bid_quantity"":20,""ask_quantity"":40,""bid_orders"":1,""ask_orders"":1,""bid_price"":""534.95"",""ask_price"":""537.05""},{""bid_quantity"":40,""ask_quantity"":20,""bid_orders"":2,""ask_orders"":1,""bid_price"":""534.90"",""ask_price"":""537.10""}]"
09:15:45.885,1791517545885508772,2235288439442719,Full Data,8,1107704,608.70,20,09:15:45,,,663.96,13880,9540,11260,17620,"[{""bid_quantity"":40,""ask_quantity"":20,""bid_orders"":2,""ask_orders"":1,""bid_price"":""601.30"",""ask_price"":""603.50""},{""bid_quantity"":40,""ask_quantity"":40,""bid_orders"":2,""ask_orders"":2,""bid_price"":""601.25"",""ask_price"":""603.55""},{""bid_quantity"":60,""ask_quantity"":60,""bid_orders"":2,""ask_orders"":3,""bid_price"":""601.20"",""ask_price"":""603.80""},{""bid_quantity"":20,""ask_quantity"":40,""bid_orders"":1,""ask_orders"":2,""bid_price"":""601.15"",""ask_price"":""603.95""},{""bid_quantity"":40,""ask_quantity"":140,""bid_orders"":2,""ask_orders"":1,""bid_price"":""601.05"",""ask_price"":""604.10""}]"
09:15:45.888,1791517545888390830,2235288442324977,Full Data,8,1110871,422.50,40,09:15:45,,,472.89,78240,14080,17060,81380,"[{""bid_quantity"":80,""ask_quantity"":20,""bid_orders"":3,""ask_orders"":1,""bid_price"":""422.20"",""ask_price"":""423.60""},{""bid_quantity"":20,""ask_quantity"":40,""bid_orders"":1,""ask_orders"":2,""bid_price"":""422.00"",""ask_price"":""423.65""},{""bid_quantity"":240,""ask_quantity"":40,""bid_orders"":3,""ask_orders"":2,""bid_price"":""421.85"",""ask_price"":""423.70""},{""bid_quantity"":40,""ask_quantity"":20,""bid_orders"":2,""ask_orders"":1,""bid_price"":""421.75"",""ask_price"":""423.80""},{""bid_quantity"":20,""ask_quantity"":20,""bid_orders"":1,""ask_orders"":1,""bid_price"":""421.60"",""ask_price"":""423.85""}]"
09:15:45.891,1791517545891482530,2235288445416357,Full Data,8,1107336,351.75,40,09:15:45,,,396.69,117080,16820,56280,304080,"[{""bid_quantity"":40,""ask_quantity"":60,""bid_orders"":2,""ask_orders"":3,""bid_price"":""350.50"",""ask_price"":""351.80""},{""bid_quantity"":20,""ask_quantity"":40,""bid_orders"":1,""ask_orders"":2,""bid_price"":""350.40"",""ask_price"":""351.85""},{""bid_quantity"":180,""ask_quantity"":60,""bid_orders"":3,""ask_orders"":3,""bid_price"":""350.35"",""ask_price"":""352.05""},{""bid_quantity"":160,""ask_quantity"":140,""bid_orders"":2,""ask_orders"":1,""bid_price"":""350.20"",""ask_price"":""352.10""},{""bid_quantity"":40,""ask_quantity"":40,""bid_orders"":1,""ask_orders"":1,""bid_price"":""350.05"",""ask_price"":""352.15""}]"
09:15:45.898,1791517545898906138,2235288452840005,Full Data,8,1102591,555.00,20,09:15:45,,,610.80,72540,17440,25040,209460,"[{""bid_quantity"":20,""ask_quantity"":80,""bid_orders"":1,""ask_orders"":4,""bid_price"":""552.95"",""ask_price"":""554.75""},{""bid_quantity"":20,""ask_quantity"":180,""bid_orders"":1,""ask_orders"":3,""bid_price"":""552.80"",""ask_price"":""554.80""},{""bid_quantity"":40,""ask_quantity"":60,""bid_orders"":2,""ask_orders"":3,""bid_price"":""552.65"",""ask_price"":""554.90""},{""bid_quantity"":20,""ask_quantity"":120,""bid_orders"":1,""ask_orders"":4,""bid_price"":""552.60"",""ask_price"":""555.00""},{""bid_quantity"":20,""ask_quantity"":280,""bid_orders"":1,""ask_orders"":3,""bid_price"":""552.35"",""ask_price"":""555.10""}]"
09:15:45.940,1791517545940438846,2235288494372953,Full Data,8,1116183,536.45,20,09:15:45,,,500.42,191760,28720,65340,319760,"[{""bid_quantity"":20,""ask_quantity"":20,""bid_orders"":1,""ask_orders"":1,""bid_price"":""536.65"",""ask_price"":""538.45""},{""bid_quantity"":40,""ask_quantity"":20,""bid_orders"":1,""ask_orders"":1,""bid_price"":""536.60"",""ask_price"":""538.60""},{""bid_quantity"":20,""ask_quantity"":40,""bid_orders"":1,""ask_orders"":2,""bid_price"":""536.55"",""ask_price"":""538.65""},{""bid_quantity"":80,""ask_quantity"":20,""bid_orders"":3,""ask_orders"":1,""bid_price"":""536.50"",""ask_price"":""538.80""},{""bid_quantity"":20,""ask_quantity"":40,""bid_orders"":1,""ask_orders"":2,""bid_price"":""536.35"",""ask_price"":""538.85""}]"
09:15:45.950,1791517545950111429,2235288504045856,Full Data,8,1102591,555.10,20,09:15:45,,,610.71,72660,16720,25880,209460,"[{""bid_quantity"":20,""ask_quantity"":380,""bid_orders"":1,""ask_orders"":5,""bid_price"":""552.80"",""ask_price"":""555.10""},{""bid_quantity"":40,""ask_quantity"":80,""bid_orders"":2,""ask_orders"":2,""bid_price"":""552.75"",""ask_price"":""555.20""},{""bid_quantity"":40,""ask_quantity"":160,""bid_orders"":2,""ask_orders"":1,""bid_price"":""552.55"",""ask_price"":""555.30""},{""bid_quantity"":120,""ask_quantity"":120,""bid_orders"":3,""ask_orders"":1,""bid_price"":""552.45"",""ask_price"":""555.35""},{""bid_quantity"":60,""ask_quantity"":20,""bid_orders"":3,""ask_orders"":1,""bid_price"":""552.40"",""ask_price"":""555.50""}]"
09:15:45.981,1791517545981174229,2235288535108176,Full Data,8,1104245,488.00,200,09:15:45,,,453.13,52400,12060,22480,52960,"[{""bid_quantity"":60,""ask_quantity"":40,""bid_orders"":2,""ask_orders"":1,""bid_price"":""486.65"",""ask_price"":""488.45""},{""bid_quantity"":20,""ask_quantity"":140,""bid_orders"":1,""ask_orders"":5,""bid_price"":""486.60"",""ask_price"":""488.55""},{""bid_quantity"":60,""ask_quantity"":60,""bid_orders"":3,""ask_orders"":2,""bid_price"":""486.55"",""ask_price"":""488.60""},{""bid_quantity"":80,""ask_quantity"":20,""bid_orders"":3,""ask_orders"":1,""bid_price"":""486.50"",""ask_price"":""488.70""},{""bid_quantity"":160,""ask_quantity"":40,""bid_orders"":4,""ask_orders"":2,""bid_price"":""486.40"",""ask_price"":""488.80""}]"
09:15:45.981,1791517545981285070,2235288535218737,Full Data,8,1112083,649.90,20,09:15:45,,,608.93,124880,14800,38500,97520,"[{""bid_quantity"":80,""ask_quantity"":20,""bid_orders"":3,""ask_orders"":1,""bid_price"":""647.95"",""ask_price"":""649.80""},{""bid_quantity"":40,""ask_quantity"":40,""bid_orders"":2,""ask_orders"":2,""bid_price"":""647.90"",""ask_price"":""649.90""},{""bid_quantity"":100,""ask_quantity"":340,""bid_orders"":3,""ask_orders"":7,""bid_price"":""647.85"",""ask_price"":""650.00""},{""bid_quantity"":40,""ask_quantity"":20,""bid_orders"":2,""ask_orders"":1,""bid_price"":""647.80"",""ask_price"":""650.05""},{""bid_quantity"":160,""ask_quantity"":40,""bid_orders"":1,""ask_orders"":2,""bid_price"":""647.75"",""ask_price"":""650.35""}]"
09:15:46.102,1791517546102751015,2235288656685362,Full Data,8,1114813,465.40,80,09:15:45,,,515.36,95120,11840,17920,57500,"[{""bid_quantity"":40,""ask_quantity"":60,""bid_orders"":2,""ask_orders"":3,""bid_price"":""464.15"",""ask_price"":""465.65""},{""bid_quantity"":40,""ask_quantity"":100,""bid_orders"":2,""ask_orders"":4,""bid_price"":""464.10"",""ask_price"":""465.70""},{""bid_quantity"":60,""ask_quantity"":40,""bid_orders"":3,""ask_orders"":2,""bid_price"":""464.00"",""ask_price"":""466.00""},{""bid_quantity"":20,""ask_quantity"":120,""bid_orders"":1,""ask_orders"":2,""bid_price"":""463.95"",""ask_price"":""466.05""},{""bid_quantity"":160,""ask_quantity"":120,""bid_orders"":2,""ask_orders"":1,""bid_price"":""463.90"",""ask_price"":""466.15""}]"
09:15:46.300,1791517546300848614,2235288854782881,Full Data,8,1111309,763.45,20,09:15:46,,,723.92,66160,10100,24840,98080,"[{""bid_quantity"":20,""ask_quantity"":80,""bid_orders"":1,""ask_orders"":2,""bid_price"":""762.50"",""ask_price"":""764.80""},{""bid_quantity"":60,""ask_quantity"":40,""bid_orders"":2,""ask_orders"":2,""bid_price"":""762.35"",""ask_price"":""764.85""},{""bid_quantity"":220,""ask_quantity"":60,""bid_orders"":2,""ask_orders"":2,""bid_price"":""762.20"",""ask_price"":""765.00""},{""bid_quantity"":20,""ask_quantity"":20,""bid_orders"":1,""ask_orders"":1,""bid_price"":""762.05"",""ask_price"":""765.10""},{""bid_quantity"":20,""ask_quantity"":40,""bid_orders"":1,""ask_orders"":2,""bid_price"":""761.85"",""ask_price"":""765.15""}]"
09:15:46.344,1791517546344013773,2235288897947880,Full Data,8,1105793,584.10,20,09:15:46,,,554.45,79420,11360,21860,50360,"[{""bid_quantity"":60,""ask_quantity"":20,""bid_orders"":3,""ask_orders"":1,""bid_price"":""582.25"",""ask_price"":""583.75""},{""bid_quantity"":40,""ask_quantity"":40,""bid_orders"":2,""ask_orders"":2,""bid_price"":""582.20"",""ask_price"":""584.45""},{""bid_quantity"":20,""ask_quantity"":40,""bid_orders"":1,""ask_orders"":2,""bid_price"":""582.15"",""ask_price"":""584.60""},{""bid_quantity"":20,""ask_quantity"":20,""bid_orders"":1,""ask_orders"":1,""bid_price"":""582.10"",""ask_price"":""584.75""},{""bid_quantity"":20,""ask_quantity"":20,""bid_orders"":1,""ask_orders"":1,""bid_price"":""582.05"",""ask_price"":""584.95""}]"
09:15:46.389,1791517546389225185,2235288943159332,Full Data,8,1111309,763.45,20,09:15:46,,,723.92,66160,9500,22520,98080,"[{""bid_quantity"":40,""ask_quantity"":40,""bid_orders"":2,""ask_orders"":1,""bid_price"":""758.40"",""ask_price"":""760.75""},{""bid_quantity"":200,""ask_quantity"":20,""bid_orders"":1,""ask_orders"":1,""bid_price"":""758.20"",""ask_price"":""760.85""},{""bid_quantity"":40,""ask_quantity"":40,""bid_orders"":2,""ask_orders"":1,""bid_price"":""758.15"",""ask_price"":""761.55""},{""bid_quantity"":40,""ask_quantity"":40,""bid_orders"":1,""ask_orders"":2,""bid_price"":""758.05"",""ask_price"":""761.65""},{""bid_quantity"":40,""ask_quantity"":140,""bid_orders"":1,""ask_orders"":1,""bid_price"":""757.45"",""ask_price"":""761.75""}]"
09:15:46.420,1791517546420344706,2235288974278613,Full Data,8,1105793,583.20,20,09:15:46,,,554.47,79500,11640,21600,50360,"[{""bid_quantity"":40,""ask_quantity"":40,""bid_orders"":2,""ask_orders"":2,""bid_price"":""581.70"",""ask_price"":""583.20""},{""bid_quantity"":40,""ask_quantity"":240,""bid_orders"":2,""ask_orders"":3,""bid_price"":""581.65"",""ask_price"":""583.50""},{""bid_quantity"":60,""ask_quantity"":80,""bid_orders"":3,""ask_orders"":3,""bid_price"":""581.25"",""ask_price"":""583.70""},{""bid_quantity"":40,""ask_quantity"":20,""bid_orders"":2,""ask_orders"":1,""bid_price"":""581.20"",""ask_price"":""583.75""},{""bid_quantity"":20,""ask_quantity"":20,""bid_orders"":1,""ask_orders"":1,""bid_price"":""580.95"",""ask_price"":""583.80""}]"
09:15:46.612,1791517546612214665,2235289166148772,Ticker Data,0,51,71868.79,,09:15:46,,,,,,,,
09:15:46.788,1791517546788484563,2235289342418790,Full Data,8,1110871,427.25,40,09:15:46,,,471.73,80180,9940,16860,81380,"[{""bid_quantity"":20,""ask_quantity"":40,""bid_orders"":1,""ask_orders"":2,""bid_price"":""425.60"",""ask_price"":""426.95""},{""bid_quantity"":20,""ask_quantity"":60,""bid_orders"":1,""ask_orders"":2,""bid_price"":""425.55"",""ask_price"":""427.05""},{""bid_quantity"":200,""ask_quantity"":80,""bid_orders"":4,""ask_orders"":4,""bid_price"":""425.40"",""ask_price"":""427.15""},{""bid_quantity"":60,""ask_quantity"":40,""bid_orders"":2,""ask_orders"":1,""bid_price"":""425.20"",""ask_price"":""427.25""},{""bid_quantity"":20,""ask_quantity"":20,""bid_orders"":1,""ask_orders"":1,""bid_price"":""424.85"",""ask_price"":""427.30""}]"
09:15:46.792,1791517546792137787,2235289346072094,Full Data,8,1107704,605.55,20,09:15:46,,,661.58,14460,8340,10300,17620,"[{""bid_quantity"":40,""ask_quantity"":20,""bid_orders"":1,""ask_orders"":1,""bid_price"":""604.95"",""ask_price"":""607.00""},{""bid_quantity"":20,""ask_quantity"":60,""bid_orders"":1,""ask_orders"":2,""bid_price"":""604.90"",""ask_price"":""607.05""},{""bid_quantity"":60,""ask_quantity"":20,""bid_orders"":2,""ask_orders"":1,""bid_price"":""604.75"",""ask_price"":""607.20""},{""bid_quantity"":40,""ask_quantity"":20,""bid_orders"":2,""ask_orders"":1,""bid_price"":""604.70"",""ask_price"":""607.40""},{""bid_quantity"":20,""ask_quantity"":60,""bid_orders"":1,""ask_orders"":3,""bid_price"":""604.50"",""ask_price"":""607.55""}]"
09:15:46.803,1791517546803012057,2235289356946204,Full Data,8,1107336,354.65,20,09:15:46,,,395.00,121560,13060,50000,304080,"[{""bid_quantity"":20,""ask_quantity"":40,""bid_orders"":1,""ask_orders"":1,""bid_price"":""352.60"",""ask_price"":""354.10""},{""bid_quantity"":180,""ask_quantity"":40,""bid_orders"":4,""ask_orders"":1,""bid_price"":""352.55"",""ask_price"":""354.15""},{""bid_quantity"":80,""ask_quantity"":40,""bid_orders"":2,""ask_orders"":2,""bid_price"":""352.50"",""ask_price"":""354.20""},{""bid_quantity"":60,""ask_quantity"":20,""bid_orders"":2,""ask_orders"":1,""bid_price"":""352.10"",""ask_price"":""354.35""},{""bid_quantity"":20,""ask_quantity"":140,""bid_orders"":1,""ask_orders"":1,""bid_price"":""352.05"",""ask_price"":""354.40""}]"
09:15:46.838,1791517546838629327,2235289392563674,Full Data,8,1102591,556.65,60,09:15:46,,,609.36,74560,13920,21840,209460,"[{""bid_quantity"":20,""ask_quantity"":80,""bid_orders"":1,""ask_orders"":2,""bid_price"":""556.15"",""ask_price"":""557.95""},{""bid_quantity"":60,""ask_quantity"":60,""bid_orders"":3,""ask_orders"":3,""bid_price"":""556.10"",""ask_price"":""558.00""},{""bid_quantity"":40,""ask_quantity"":40,""bid_orders"":1,""ask_orders"":2,""bid_price"":""555.95"",""ask_price"":""558.05""},{""bid_quantity"":20,""ask_quantity"":20,""bid_orders"":1,""ask_orders"":1,""bid_price"":""555.90"",""ask_price"":""558.15""},{""bid_quantity"":100,""ask_quantity"":60,""bid_orders"":1,""ask_orders"":3,""bid_price"":""555.80"",""ask_price"":""558.20""}]"
09:15:46.840,1791517546840840421,2235289394774328,Full Data,8,1116183,534.00,40,09:15:46,,,501.24,196780,26200,61100,319760,"[{""bid_quantity"":40,""ask_quantity"":40,""bid_orders"":2,""ask_orders"":2,""bid_price"":""532.75"",""ask_price"":""534.30""},{""bid_quantity"":80,""ask_quantity"":60,""bid_orders"":3,""ask_orders"":2,""bid_price"":""532.70"",""ask_price"":""534.40""},{""bid_quantity"":100,""ask_quantity"":40,""bid_orders"":3,""ask_orders"":2,""bid_price"":""532.60"",""ask_price"":""534.45""},{""bid_quantity"":20,""ask_quantity"":100,""bid_orders"":1,""ask_orders"":4,""bid_price"":""532.55"",""ask_price"":""534.60""},{""bid_quantity"":20,""ask_quantity"":20,""bid_orders"":1,""ask_orders"":1,""bid_price"":""532.45"",""ask_price"":""534.75""}]"
09:15:46.894,1791517546894091165,2235289448025472,Full Data,8,1104245,482.95,20,09:15:46,,,453.88,53780,13200,20840,52960,"[{""bid_quantity"":80,""ask_quantity"":60,""bid_orders"":3,""ask_orders"":3,""bid_price"":""483.00"",""ask_price"":""484.45""},{""bid_quantity"":60,""ask_quantity"":20,""bid_orders"":2,""ask_orders"":1,""bid_price"":""482.90"",""ask_price"":""484.55""},{""bid_quantity"":40,""ask_quantity"":60,""bid_orders"":2,""ask_orders"":3,""bid_price"":""482.80"",""ask_price"":""484.60""},{""bid_quantity"":40,""ask_quantity"":120,""bid_orders"":1,""ask_orders"":4,""bid_price"":""482.65"",""ask_price"":""484.65""},{""bid_quantity"":80,""ask_quantity"":140,""bid_orders"":3,""ask_orders"":2,""bid_price"":""482.60"",""ask_price"":""484.70""}]"
09:15:46.960,1791517546960617075,2235289514551582,Full Data,8,1112083,646.10,20,09:15:46,,,610.93,132520,14460,37360,97520,"[{""bid_quantity"":60,""ask_quantity"":40,""bid_orders"":2,""ask_orders"":2,""bid_price"":""643.95"",""ask_price"":""646.05""},{""bid_quantity"":40,""ask_quantity"":60,""bid_orders"":2,""ask_orders"":3,""bid_price"":""643.90"",""ask_price"":""646.10""},{""bid_quantity"":200,""ask_quantity"":40,""bid_orders"":4,""ask_orders"":2,""bid_price"":""643.70"",""ask_price"":""646.20""},{""bid_quantity"":20,""ask_quantity"":60,""bid_orders"":1,""ask_orders"":3,""bid_price"":""643.65"",""ask_price"":""646.25""},{""bid_quantity"":40,""ask_quantity"":80,""bid_orders"":1,""ask_orders"":3,""bid_price"":""643.60"",""ask_price"":""646.30""}]"
09:15:47.096,1791517547096426672,2235289650360819,Full Data,8,1111639,510.60,20,09:15:46,,,560.89,50540,9920,14760,60460,"[{""bid_quantity"":60,""ask_quantity"":20,""bid_orders"":3,""ask_orders"":1,""bid_price"":""510.70"",""ask_price"":""512.50""},{""bid_quantity"":80,""ask_quantity"":40,""bid_orders"":2,""ask_orders"":2,""bid_price"":""510.65"",""ask_price"":""512.55""},{""bid_quantity"":40,""ask_quantity"":40,""bid_orders"":1,""ask_orders"":2,""bid_price"":""510.55"",""ask_price"":""512.75""},{""bid_quantity"":300,""ask_quantity"":40,""bid_orders"":2,""ask_orders"":2,""bid_price"":""510.50"",""ask_price"":""512.80""},{""bid_quantity"":160,""ask_quantity"":340,""bid_orders"":1,""ask_orders"":4,""bid_price"":""510.45"",""ask_price"":""512.90""}]"
09:15:47.134,1791517547134607159,2235289688541266,Full Data,8,1115207,705.15,40,09:15:46,,,666.70,94300,9560,23760,97240,"[{""bid_quantity"":20,""ask_quantity"":20,""bid_orders"":1,""ask_orders"":1,""bid_price"":""702.85"",""ask_price"":""705.25""},{""bid_quantity"":40,""ask_quantity"":40,""bid_orders"":2,""ask_orders"":2,""bid_price"":""702.65"",""ask_price"":""705.35""},{""bid_quantity"":20,""ask_quantity"":20,""bid_orders"":1,""ask_orders"":1,""bid_price"":""702.45"",""ask_price"":""705.40""},{""bid_quantity"":320,""ask_quantity"":40,""bid_orders"":2,""ask_orders"":2,""bid_price"":""702.40"",""ask_price"":""705.45""},{""bid_quantity"":20,""ask_quantity"":40,""bid_orders"":1,""ask_orders"":2,""bid_price"":""702.35"",""ask_price"":""705.50""}]"
09:15:47.155,1791517547155982937,2235289709917164,Full Data,8,1111639,510.60,20,09:15:46,,,560.89,50540,10800,15840,60460,"[{""bid_quantity"":80,""ask_quantity"":80,""bid_orders"":2,""ask_orders"":3,""bid_price"":""510.50"",""ask_price"":""511.60""},{""bid_quantity"":20,""ask_quantity"":60,""bid_orders"":1,""ask_orders"":2,""bid_price"":""510.45"",""ask_price"":""511.95""},{""bid_quantity"":40,""ask_quantity"":60,""bid_orders"":1,""ask_orders"":3,""bid_price"":""510.40"",""ask_price"":""512.10""},{""bid_quantity"":80,""ask_quantity"":60,""bid_orders"":1,""ask_orders"":2,""bid_price"":""510.05"",""ask_price"":""512.15""},{""bid_quantity"":20,""ask_quantity"":20,""bid_orders"":1,""ask_orders"":1,""bid_price"":""510.00"",""ask_price"":""512.40""}]"
09:15:47.167,1791517547167210329,2235289721144196,Full Data,8,1115207,703.35,40,09:15:47,,,666.81,94580,11580,26500,97240,"[{""bid_quantity"":40,""ask_quantity"":20,""bid_orders"":1,""ask_orders"":1,""bid_price"":""699.75"",""ask_price"":""702.65""},{""bid_quantity"":20,""ask_quantity"":180,""bid_orders"":1,""ask_orders"":2,""bid_price"":""699.70"",""ask_price"":""702.70""},{""bid_quantity"":40,""ask_quantity"":60,""bid_orders"":1,""ask_orders"":2,""bid_price"":""699.65"",""ask_price"":""702.80""},{""bid_quantity"":20,""ask_quantity"":40,""bid_orders"":1,""ask_orders"":1,""bid_price"":""699.30"",""ask_price"":""702.85""},{""bid_quantity"":60,""ask_quantity"":200,""bid_orders"":2,""ask_orders"":3,""bid_price"":""699.25"",""ask_price"":""702.90""}]"
09:15:47.371,1791517547371368928,2235289925302995,Full Data,8,1111309,761.55,20,09:15:47,,,724.28,66740,13280,25540,98080,"[{""bid_quantity"":20,""ask_quantity"":20,""bid_orders"":1,""ask_orders"":1,""bid_price"":""761.00"",""ask_price"":""763.15""},{""bid_quantity"":40,""ask_quantity"":100,""bid_orders"":2,""ask_orders"":3,""bid_price"":""760.80"",""ask_price"":""763.30""},{""bid_quantity"":60,""ask_quantity"":60,""bid_orders"":2,""ask_orders"":1,""bid_price"":""760.75"",""ask_price"":""763.35""},{""bid_quantity"":40,""ask_quantity"":40,""bid_orders"":2,""ask_orders"":2,""bid_price"":""760.60"",""ask_price"":""763.55""},{""bid_quantity"":20,""ask_quantity"":40,""bid_orders"":1,""ask_orders"":1,""bid_price"":""759.95"",""ask_price"":""763.65""}]"
09:15:47.425,1791517547425336076,2235289979270503,Full Data,8,1111309,761.55,20,09:15:47,,,724.28,66740,11400,23880,98080,"[{""bid_quantity"":60,""ask_quantity"":20,""bid_orders"":2,""ask_orders"":1,""bid_price"":""759.90"",""ask_price"":""762.00""},{""bid_quantity"":180,""ask_quantity"":40,""bid_orders"":2,""ask_orders"":1,""bid_price"":""759.80"",""ask_price"":""762.15""},{""bid_quantity"":20,""ask_quantity"":20,""bid_orders"":1,""ask_orders"":1,""bid_price"":""759.75"",""ask_price"":""762.20""},{""bid_quantity"":40,""ask_quantity"":20,""bid_orders"":1,""ask_orders"":1,""bid_price"":""759.70"",""ask_price"":""762.35""},{""bid_quantity"":20,""ask_quantity"":40,""bid_orders"":1,""ask_orders"":1,""bid_price"":""759.60"",""ask_price"":""762.45""}]"
09:15:47.426,1791517547426368603,2235289980302950,Full Data,8,1105793,582.85,20,09:15:47,,,555.58,82520,11680,23540,50360,"[{""bid_quantity"":20,""ask_quantity"":40,""bid_orders"":1,""ask_orders"":1,""bid_price"":""581.40"",""ask_price"":""582.90""},{""bid_quantity"":20,""ask_quantity"":40,""bid_orders"":1,""ask_orders"":1,""bid_price"":""581.30"",""ask_price"":""582.95""},{""bid_quantity"":140,""ask_quantity"":40,""bid_orders"":3,""ask_orders"":1,""bid_price"":""581.25"",""ask_price"":""583.00""},{""bid_quantity"":40,""ask_quantity"":80,""bid_orders"":1,""ask_orders"":1,""bid_price"":""581.20"",""ask_price"":""583.05""},{""bid_quantity"":20,""ask_quantity"":40,""bid_orders"":1,""ask_orders"":1,""bid_price"":""580.80"",""ask_price"":""583.50""}]"
09:15:47.508,1791517547508301972,2235290062236159,Full Data,8,1105793,582.50,20,09:15:47,,,555.81,83220,11660,21960,50360,"[{""bid_quantity"":20,""ask_quantity"":40,""bid_orders"":1,""ask_orders"":2,""bid_price"":""581.55"",""ask_price"":""582.65""},{""bid_quantity"":60,""ask_quantity"":40,""bid_orders"":3,""ask_orders"":2,""bid_price"":""579.80"",""ask_price"":""582.70""},{""bid_quantity"":240,""ask_quantity"":160,""bid_orders"":4,""ask_orders"":2,""bid_price"":""579.75"",""ask_price"":""582.80""},{""bid_quantity"":200,""ask_quantity"":140,""bid_orders"":4,""ask_orders"":4,""bid_price"":""579.60"",""ask_price"":""583.10""},{""bid_quantity"":20,""ask_quantity"":40,""bid_orders"":1,""ask_orders"":1,""bid_price"":""579.35"",""ask_price"":""583.15""}]"
09:15:47.606,1791517547606122764,2235290160057151,Ticker Data,0,51,71884.63,,09:15:47,,,,,,,,
09:15:47.718,1791517547718625890,2235290272559877,Full Data,8,1114046,388.30,20,09:15:47,,,427.04,75760,11220,37800,119180,"[{""bid_quantity"":40,""ask_quantity"":40,""bid_orders"":1,""ask_orders"":2,""bid_price"":""386.80"",""ask_price"":""387.70""},{""bid_quantity"":80,""ask_quantity"":40,""bid_orders"":2,""ask_orders"":2,""bid_price"":""386.75"",""ask_price"":""387.75""},{""bid_quantity"":40,""ask_quantity"":40,""bid_orders"":2,""ask_orders"":2,""bid_price"":""386.45"",""ask_price"":""387.85""},{""bid_quantity"":40,""ask_quantity"":40,""bid_orders"":2,""ask_orders"":2,""bid_price"":""386.30"",""ask_price"":""387.95""},{""bid_quantity"":40,""ask_quantity"":280,""bid_orders"":1,""ask_orders"":2,""bid_price"":""386.25"",""ask_price"":""388.00""}]"
09:15:47.761,1791517547761398486,2235290315332433,Full Data,8,1110871,424.40,80,09:15:47,,,470.85,81740,11520,17420,81380,"[{""bid_quantity"":40,""ask_quantity"":240,""bid_orders"":2,""ask_orders"":3,""bid_price"":""423.75"",""ask_price"":""425.15""},{""bid_quantity"":160,""ask_quantity"":60,""bid_orders"":2,""ask_orders"":3,""bid_price"":""423.60"",""ask_price"":""425.25""},{""bid_quantity"":60,""ask_quantity"":120,""bid_orders"":3,""ask_orders"":5,""bid_price"":""423.55"",""ask_price"":""425.30""},{""bid_quantity"":120,""ask_quantity"":40,""bid_orders"":3,""ask_orders"":2,""bid_price"":""423.45"",""ask_price"":""425.40""},{""bid_quantity"":100,""ask_quantity"":60,""bid_orders"":4,""ask_orders"":3,""bid_price"":""423.35"",""ask_price"":""425.45""}]"
09:15:47.786,1791517547786238927,2235290340173274,Full Data,8,1107704,604.85,20,09:15:47,,,657.43,15600,9640,11680,17620,"[{""bid_quantity"":60,""ask_quantity"":60,""bid_orders"":2,""ask_orders"":2,""bid_price"":""602.90"",""ask_price"":""604.80""},{""bid_quantity"":20,""ask_quantity"":60,""bid_orders"":1,""ask_orders"":2,""bid_price"":""602.85"",""ask_price"":""604.95""},{""bid_quantity"":60,""ask_quantity"":60,""bid_orders"":2,""ask_orders"":3,""bid_price"":""602.80"",""ask_price"":""605.00""},{""bid_quantity"":40,""ask_quantity"":40,""bid_orders"":2,""ask_orders"":2,""bid_price"":""602.75"",""ask_price"":""605.05""},{""bid_quantity"":40,""ask_quantity"":20,""bid_orders"":2,""ask_orders"":1,""bid_price"":""602.65"",""ask_price"":""605.10""}]"
09:15:47.800,1791517547800906142,2235290354840129,Full Data,8,1107704,604.85,20,09:15:47,,,657.43,15600,9700,11720,17620,"[{""bid_quantity"":20,""ask_quantity"":40,""bid_orders"":1,""ask_orders"":1,""bid_price"":""601.35"",""ask_price"":""604.05""},{""bid_quantity"":40,""ask_quantity"":20,""bid_orders"":1,""ask_orders"":1,""bid_price"":""601.30"",""ask_price"":""604.10""},{""bid_quantity"":20,""ask_quantity"":40,""bid_orders"":1,""ask_orders"":2,""bid_price"":""601.25"",""ask_price"":""604.25""},{""bid_quantity"":80,""ask_quantity"":20,""bid_orders"":3,""ask_orders"":1,""bid_price"":""601.15"",""ask_price"":""604.30""},{""bid_quantity"":20,""ask_quantity"":20,""bid_orders"":1,""ask_orders"":1,""bid_price"":""601.05"",""ask_price"":""604.35""}]"
09:15:47.831,1791517547831563300,2235290385497647,Full Data,8,1107336,352.20,20,09:15:47,,,394.66,122560,16840,51340,304080,"[{""bid_quantity"":100,""ask_quantity"":80,""bid_orders"":4,""ask_orders"":3,""bid_price"":""350.05"",""ask_price"":""351.45""},{""bid_quantity"":60,""ask_quantity"":20,""bid_orders"":3,""ask_orders"":1,""bid_price"":""350.00"",""ask_price"":""351.50""},{""bid_quantity"":180,""ask_quantity"":60,""bid_orders"":3,""ask_orders"":2,""bid_price"":""349.90"",""ask_price"":""351.55""},{""bid_quantity"":20,""ask_quantity"":20,""bid_orders"":1,""ask_orders"":1,""bid_price"":""349.80"",""ask_price"":""351.60""},{""bid_quantity"":80,""ask_quantity"":20,""bid_orders"":1,""ask_orders"":1,""bid_price"":""349.60"",""ask_price"":""351.65""}]"
09:15:47.832,1791517547832982349,2235290386916176,Full Data,8,1102591,556.85,100,09:15:47,,,607.73,77000,16640,25220,209460,"[{""bid_quantity"":20,""ask_quantity"":20,""bid_orders"":1,""ask_orders"":1,""bid_price"":""555.25"",""ask_price"":""557.20""},{""bid_quantity"":80,""ask_quantity"":60,""bid_orders"":1,""ask_orders"":3,""bid_price"":""555.20"",""ask_price"":""557.25""},{""bid_quantity"":120,""ask_quantity"":20,""bid_orders"":2,""ask_orders"":1,""bid_price"":""555.10"",""ask_price"":""557.30""},{""bid_quantity"":20,""ask_quantity"":20,""bid_orders"":1,""ask_orders"":1,""bid_price"":""555.00"",""ask_price"":""557.35""},{""bid_quantity"":40,""ask_quantity"":20,""bid_orders"":1,""ask_orders"":1,""bid_price"":""554.85"",""ask_price"":""557.40""}]"
09:15:47.880,1791517547880225894,2235290434159961,Full Data,8,1102591,556.60,20,09:15:47,,,607.69,77060,16920,25120,209460,"[{""bid_quantity"":40,""ask_quantity"":20,""bid_orders"":2,""ask_orders"":1,""bid_price"":""555.10"",""ask_price"":""556.75""},{""bid_quantity"":40,""ask_quantity"":60,""bid_orders"":2,""ask_orders"":3,""bid_price"":""555.05"",""ask_price"":""557.00""},{""bid_quantity"":40,""ask_quantity"":180,""bid_orders"":2,""ask_orders"":3,""bid_price"":""555.00"",""ask_price"":""557.10""},{""bid_quantity"":40,""ask_quantity"":80,""bid_orders"":2,""ask_orders"":3,""bid_price"":""554.80"",""ask_price"":""557.15""},{""bid_quantity"":40,""ask_quantity"":40,""bid_orders"":1,""ask_orders"":2,""bid_price"":""554.70"",""ask_price"":""557.25""}]"
09:15:47.951,1791517547951167832,2235290505102259,Full Data,8,1114464,821.80,20,09:15:47,,,785.07,82400,15360,47200,272380,"[{""bid_quantity"":40,""ask_quantity"":40,""bid_orders"":2,""ask_orders"":1,""bid_price"":""821.80"",""ask_price"":""824.45""},{""bid_quantity"":20,""ask_quantity"":20,""bid_orders"":1,""ask_orders"":1,""bid_price"":""821.65"",""ask_price"":""824.50""},{""bid_quantity"":280,""ask_quantity"":100,""bid_orders"":1,""ask_orders"":2,""bid_price"":""821.55"",""ask_price"":""824.60""},{""bid_quantity"":20,""ask_quantity"":20,""bid_orders"":1,""ask_orders"":1,""bid_price"":""821.50"",""ask_price"":""824.65""},{""bid_quantity"":40,""ask_quantity"":20,""bid_orders"":1,""ask_orders"":1,""bid_price"":""821.25"",""ask_price"":""824.85""}]"
09:15:47.961,1791517547961223737,2235290515158004,Full Data,8,1104245,479.40,40,09:15:47,,,455.07,56380,13860,20100,52960,"[{""bid_quantity"":60,""ask_quantity"":20,""bid_orders"":3,""ask_orders"":1,""bid_price"":""478.70"",""ask_price"":""479.95""},{""bid_quantity"":60,""ask_quantity"":40,""bid_orders"":2,""ask_orders"":2,""bid_price"":""478.60"",""ask_price"":""480.00""},{""bid_quantity"":60,""ask_quantity"":80,""bid_orders"":2,""ask_orders"":3,""bid_price"":""478.55"",""ask_price"":""480.05""},{""bid_quantity"":120,""ask_quantity"":40,""bid_orders"":5,""ask_orders"":1,""bid_price"":""478.40"",""ask_price"":""480.10""},{""bid_quantity"":80,""ask_quantity"":60,""bid_orders"":3,""ask_orders"":3,""bid_price"":""478.35"",""ask_price"":""480.15""}]"
09:15:47.991,1791517547991229411,2235290545163718,Full Data,8,1114813,468.00,20,09:15:47,,,513.28,99420,14520,17960,57500,"[{""bid_quantity"":120,""ask_quantity"":20,""bid_orders"":3,""ask_orders"":1,""bid_price"":""470.25"",""ask_price"":""472.00""},{""bid_quantity"":20,""ask_quantity"":120,""bid_orders"":1,""ask_orders"":2,""bid_price"":""470.15"",""ask_price"":""472.10""},{""bid_quantity"":20,""ask_quantity"":440,""bid_orders"":1,""ask_orders"":4,""bid_price"":""469.75"",""ask_price"":""472.55""},{""bid_quantity"":40,""ask_quantity"":100,""bid_orders"":2,""ask_orders"":1,""bid_price"":""469.70"",""ask_price"":""472.80""},{""bid_quantity"":40,""ask_quantity"":80,""bid_orders"":1,""ask_orders"":2,""bid_price"":""469.55"",""ask_price"":""473.05""}]"
09:15:48.040,1791517548040633490,2235290594567917,Full Data,8,1114813,470.60,40,09:15:47,,,513.18,99680,14480,18460,57500,"[{""bid_quantity"":60,""ask_quantity"":140,""bid_orders"":3,""ask_orders"":3,""bid_price"":""471.75"",""ask_price"":""472.50""},{""bid_quantity"":160,""ask_quantity"":20,""bid_orders"":2,""ask_orders"":1,""bid_price"":""471.70"",""ask_price"":""472.55""},{""bid_quantity"":40,""ask_quantity"":60,""bid_orders"":2,""ask_orders"":2,""bid_price"":""471.60"",""ask_price"":""473.25""},{""bid_quantity"":20,""ask_quantity"":280,""bid_orders"":1,""ask_orders"":5,""bid_price"":""471.50"",""ask_price"":""473.85""},{""bid_quantity"":60,""ask_quantity"":20,""bid_orders"":3,""ask_orders"":1,""bid_price"":""471.45"",""ask_price"":""474.00""}]"
09:15:48.061,1791517548061147582,2235290615081729,Full Data,8,1112083,637.90,20,09:15:47,,,611.47,134900,15520,38560,97520,"[{""bid_quantity"":240,""ask_quantity"":100,""bid_orders"":5,""ask_orders"":3,""bid_price"":""636.80"",""ask_price"":""638.40""},{""bid_quantity"":60,""ask_quantity"":40,""bid_orders"":3,""ask_orders"":2,""bid_price"":""636.75"",""ask_price"":""638.45""},{""bid_quantity"":80,""ask_quantity"":20,""bid_orders"":3,""ask_orders"":1,""bid_price"":""636.70"",""ask_price"":""638.55""},{""bid_quantity"":40,""ask_quantity"":20,""bid_orders"":2,""ask_orders"":1,""bid_price"":""636.65"",""ask_price"":""638.60""},{""bid_quantity"":20,""ask_quantity"":20,""bid_orders"":1,""ask_orders"":1,""bid_price"":""636.60"",""ask_price"":""638.65""}]"
09:15:48.089,1791517548089181163,2235290643115190,Full Data,8,1111639,516.90,20,09:15:48,,,559.75,51700,12680,16920,60460,"[{""bid_quantity"":80,""ask_quantity"":80,""bid_orders"":2,""ask_orders"":2,""bid_price"":""512.05"",""ask_price"":""513.30""},{""bid_quantity"":140,""ask_quantity"":20,""bid_orders"":3,""ask_orders"":1,""bid_price"":""512.00"",""ask_price"":""514.20""},{""bid_quantity"":200,""ask_quantity"":20,""bid_orders"":1,""ask_orders"":1,""bid_price"":""511.70"",""ask_price"":""514.30""},{""bid_quantity"":40,""ask_quantity"":20,""bid_orders"":1,""ask_orders"":1,""bid_price"":""511.05"",""ask_price"":""514.35""},{""bid_quantity"":200,""ask_quantity"":20,""bid_orders"":2,""ask_orders"":1,""bid_price"":""511.00"",""ask_price"":""514.45""}]"
09:15:48.170,1791517548170216687,2235290724150594,Full Data,8,1115207,697.60,40,09:15:48,,,667.63,97020,10400,24600,97240,"[{""bid_quantity"":40,""ask_quantity"":20,""bid_orders"":2,""ask_orders"":1,""bid_price"":""697.00"",""ask_price"":""699.55""},{""bid_quantity"":40,""ask_quantity"":40,""bid_orders"":2,""ask_orders"":1,""bid_price"":""696.95"",""ask_price"":""699.60""},{""bid_quantity"":100,""ask_quantity"":200,""bid_orders"":3,""ask_orders"":2,""bid_price"":""696.90"",""ask_price"":""700.00""},{""bid_quantity"":20,""ask_quantity"":100,""bid_orders"":1,""ask_orders"":1,""bid_price"":""696.85"",""ask_price"":""700.35""},{""bid_quantity"":40,""ask_quantity"":20,""bid_orders"":1,""ask_orders"":1,""bid_price"":""696.05"",""ask_price"":""701.40""}]"
09:15:48.171,1791517548171806897,2235290725740804,Full Data,8,1111639,511.15,20,09:15:48,,,559.68,51780,10780,15000,60460,"[{""bid_quantity"":40,""ask_quantity"":20,""bid_orders"":1,""ask_orders"":1,""bid_price"":""511.30"",""ask_price"":""513.00""},{""bid_quantity"":40,""ask_quantity"":60,""bid_orders"":1,""ask_orders"":2,""bid_price"":""511.25"",""ask_price"":""513.15""},{""bid_quantity"":40,""ask_quantity"":60,""bid_orders"":1,""ask_orders"":2,""bid_price"":""511.20"",""ask_price"":""513.25""},{""bid_quantity"":40,""ask_quantity"":40,""bid_orders"":2,""ask_orders"":2,""bid_price"":""511.15"",""ask_price"":""513.30""},{""bid_quantity"":20,""ask_quantity"":40,""bid_orders"":1,""ask_orders"":2,""bid_price"":""510.85"",""ask_price"":""513.35""}]"
09:15:48.176,1791517548176667888,2235290730601715,Full Data,8,1115207,697.60,40,09:15:48,,,667.63,97020,10200,26380,97240,"[{""bid_quantity"":40,""ask_quantity"":60,""bid_orders"":2,""ask_orders"":2,""bid_price"":""699.00"",""ask_price"":""702.05""},{""bid_quantity"":20,""ask_quantity"":520,""bid_orders"":1,""ask_orders"":2,""bid_price"":""698.95"",""ask_price"":""702.15""},{""bid_quantity"":60,""ask_quantity"":140,""bid_orders"":3,""ask_orders"":2,""bid_price"":""698.90"",""ask_price"":""702.20""},{""bid_quantity"":200,""ask_quantity"":20,""bid_orders"":2,""ask_orders"":1,""bid_price"":""698.85"",""ask_price"":""702.25""},{""bid_quantity"":260,""ask_quantity"":100,""bid_orders"":6,""ask_orders"":1,""bid_price"":""698.80"",""ask_price"":""702.65""}]"
09:15:48.418,1791517548419006973,2235290972941040,Full Data,8,1111309,764.35,20,09:15:48,,,725.10,68440,11120,24740,98080,"[{""bid_quantity"":20,""ask_quantity"":20,""bid_orders"":1,""ask_orders"":1,""bid_price"":""763.05"",""ask_price"":""765.40""},{""bid_quantity"":40,""ask_quantity"":40,""bid_orders"":1,""ask_orders"":1,""bid_price"":""762.90"",""ask_price"":""765.50""},{""bid_quantity"":20,""ask_quantity"":60,""bid_orders"":1,""ask_orders"":2,""bid_price"":""762.85"",""ask_price"":""765.55""},{""bid_quantity"":60,""ask_quantity"":20,""bid_orders"":2,""ask_orders"":1,""bid_price"":""762.70"",""ask_price"":""765.75""},{""bid_quantity"":20,""ask_quantity"":40,""bid_orders"":1,""ask_orders"":1,""bid_price"":""762.65"",""ask_price"":""765.80""}]"
09:15:48.473,1791517548473971208,2235291027905635,Full Data,8,1111309,765.00,20,09:15:48,,,725.11,68460,11300,26580,98080,"[{""bid_quantity"":40,""ask_quantity"":40,""bid_orders"":2,""ask_orders"":2,""bid_price"":""764.45"",""ask_price"":""766.75""},{""bid_quantity"":60,""ask_quantity"":80,""bid_orders"":2,""ask_orders"":3,""bid_price"":""764.30"",""ask_price"":""766.95""},{""bid_quantity"":80,""ask_quantity"":40,""bid_orders"":3,""ask_orders"":2,""bid_price"":""764.25"",""ask_price"":""767.15""},{""bid_quantity"":20,""ask_quantity"":40,""bid_orders"":1,""ask_orders"":2,""bid_price"":""764.10"",""ask_price"":""767.35""},{""bid_quantity"":40,""ask_quantity"":20,""bid_orders"":2,""ask_orders"":1,""bid_price"":""764.05"",""ask_price"":""767.55""}]"
09:15:48.508,1791517548508333630,2235291062267577,Full Data,8,1105793,588.15,20,09:15:48,,,556.33,84760,11680,23280,50360,"[{""bid_quantity"":40,""ask_quantity"":40,""bid_orders"":2,""ask_orders"":2,""bid_price"":""587.90"",""ask_price"":""589.85""},{""bid_quantity"":20,""ask_quantity"":40,""bid_orders"":1,""ask_orders"":1,""bid_price"":""587.85"",""ask_price"":""589.90""},{""bid_quantity"":20,""ask_quantity"":20,""bid_orders"":1,""ask_orders"":1,""bid_price"":""587.75"",""ask_price"":""589.95""},{""bid_quantity"":20,""ask_quantity"":80,""bid_orders"":1,""ask_orders"":3,""bid_price"":""587.70"",""ask_price"":""590.00""},{""bid_quantity"":20,""ask_quantity"":20,""bid_orders"":1,""ask_orders"":1,""bid_price"":""587.60"",""ask_price"":""590.05""}]"
09:15:48.585,1791517548585983572,2235291139917639,Full Data,8,1105793,588.65,20,09:15:48,,,556.38,84880,14120,25020,50360,"[{""bid_quantity"":40,""ask_quantity"":80,""bid_orders"":2,""ask_orders"":3,""bid_price"":""588.65"",""ask_price"":""590.40""},{""bid_quantity"":20,""ask_quantity"":20,""bid_orders"":1,""ask_orders"":1,""bid_price"":""588.10"",""ask_price"":""590.50""},{""bid_quantity"":80,""ask_quantity"":80,""bid_orders"":3,""ask_orders"":4,""bid_price"":""588.05"",""ask_price"":""590.55""},{""bid_quantity"":20,""ask_quantity"":20,""bid_orders"":1,""ask_orders"":1,""bid_price"":""588.00"",""ask_price"":""590.65""},{""bid_quantity"":60,""ask_quantity"":20,""bid_orders"":3,""ask_orders"":1,""bid_price"":""587.95"",""ask_price"":""590.70""}]"
09:15:48.611,1791517548611518097,2235291165452244,Ticker Data,0,51,71877.93,,09:15:48,,,,,,,,
09:15:48.728,1791517548728540412,2235291282474599,Full Data,8,1114046,389.30,20,09:15:48,,,426.43,77060,10560,36060,119180,"[{""bid_quantity"":40,""ask_quantity"":40,""bid_orders"":2,""ask_orders"":2,""bid_price"":""388.05"",""ask_price"":""389.35""},{""bid_quantity"":180,""ask_quantity"":60,""bid_orders"":3,""ask_orders"":3,""bid_price"":""387.90"",""ask_price"":""389.50""},{""bid_quantity"":40,""ask_quantity"":40,""bid_orders"":2,""ask_orders"":2,""bid_price"":""387.85"",""ask_price"":""389.55""},{""bid_quantity"":300,""ask_quantity"":60,""bid_orders"":5,""ask_orders"":3,""bid_price"":""387.60"",""ask_price"":""389.60""},{""bid_quantity"":20,""ask_quantity"":20,""bid_orders"":1,""ask_orders"":1,""bid_price"":""387.05"",""ask_price"":""389.65""}]"
09:15:48.781,1791517548781788476,2235291335722463,Full Data,8,1110871,426.10,40,09:15:48,,,468.05,87000,11380,15220,81380,"[{""bid_quantity"":20,""ask_quantity"":60,""bid_orders"":1,""ask_orders"":3,""bid_price"":""426.05"",""ask_price"":""427.30""},{""bid_quantity"":20,""ask_quantity"":60,""bid_orders"":1,""ask_orders"":3,""bid_price"":""426.00"",""ask_price"":""427.35""},{""bid_quantity"":20,""ask_quantity"":60,""bid_orders"":1,""ask_orders"":3,""bid_price"":""425.95"",""ask_price"":""427.40""},{""bid_quantity"":140,""ask_quantity"":40,""bid_orders"":1,""ask_orders"":2,""bid_price"":""425.85"",""ask_price"":""427.45""},{""bid_quantity"":20,""ask_quantity"":20,""bid_orders"":1,""ask_orders"":1,""bid_price"":""425.80"",""ask_price"":""427.50""}]"
09:15:48.784,1791517548784385133,2235291338319040,Full Data,8,1107704,609.50,40,09:15:48,,,655.71,16160,8600,10420,17620,"[{""bid_quantity"":40,""ask_quantity"":40,""bid_orders"":1,""ask_orders"":2,""bid_price"":""607.20"",""ask_price"":""609.85""},{""bid_quantity"":20,""ask_quantity"":40,""bid_orders"":1,""ask_orders"":2,""bid_price"":""607.10"",""ask_price"":""610.05""},{""bid_quantity"":20,""ask_quantity"":80,""bid_orders"":1,""ask_orders"":1,""bid_price"":""606.90"",""ask_price"":""610.15""},{""bid_quantity"":20,""ask_quantity"":20,""bid_orders"":1,""ask_orders"":1,""bid_price"":""606.70"",""ask_price"":""610.50""},{""bid_quantity"":20,""ask_quantity"":20,""bid_orders"":1,""ask_orders"":1,""bid_price"":""606.55"",""ask_price"":""611.95""}]"
09:15:48.805,1791517548805651910,2235291359585737,Full Data,8,1107704,609.50,40,09:15:48,,,655.71,16160,9480,10920,17620,"[{""bid_quantity"":100,""ask_quantity"":80,""bid_orders"":4,""ask_orders"":3,""bid_price"":""606.30"",""ask_price"":""608.95""},{""bid_quantity"":100,""ask_quantity"":180,""bid_orders"":4,""ask_orders"":3,""bid_price"":""606.20"",""ask_price"":""609.40""},{""bid_quantity"":40,""ask_quantity"":60,""bid_orders"":2,""ask_orders"":3,""bid_price"":""606.15"",""ask_price"":""609.85""},{""bid_quantity"":80,""ask_quantity"":120,""bid_orders"":3,""ask_orders"":2,""bid_price"":""606.10"",""ask_price"":""610.00""},{""bid_quantity"":60,""ask_quantity"":40,""bid_orders"":3,""ask_orders"":2,""bid_price"":""606.05"",""ask_price"":""610.05""}]"
09:15:48.814,1791517548814879610,2235291368813797,Full Data,8,1107336,354.70,40,09:15:48,,,393.86,125100,14480,51400,304080,"[{""bid_quantity"":180,""ask_quantity"":80,""bid_orders"":2,""ask_orders"":3,""bid_price"":""354.15"",""ask_price"":""355.80""},{""bid_quantity"":40,""ask_quantity"":60,""bid_orders"":1,""ask_orders"":3,""bid_price"":""353.95"",""ask_price"":""355.85""},{""bid_quantity"":140,""ask_quantity"":100,""bid_orders"":1,""ask_orders"":4,""bid_price"":""353.90"",""ask_price"":""355.95""},{""bid_quantity"":40,""ask_quantity"":200,""bid_orders"":1,""ask_orders"":4,""bid_price"":""353.85"",""ask_price"":""356.00""},{""bid_quantity"":20,""ask_quantity"":80,""bid_orders"":1,""ask_orders"":4,""bid_price"":""353.80"",""ask_price"":""356.05""}]"
09:15:48.841,1791517548841249220,2235291395183287,Full Data,8,1102591,558.30,40,09:15:48,,,606.65,78740,14840,22240,209460,"[{""bid_quantity"":20,""ask_quantity"":80,""bid_orders"":1,""ask_orders"":1,""bid_price"":""557.35"",""ask_price"":""559.30""},{""bid_quantity"":20,""ask_quantity"":60,""bid_orders"":1,""ask_orders"":3,""bid_price"":""557.30"",""ask_price"":""559.35""},{""bid_quantity"":120,""ask_quantity"":80,""bid_orders"":2,""ask_orders"":3,""bid_price"":""557.20"",""ask_price"":""559.40""},{""bid_quantity"":20,""ask_quantity"":40,""bid_orders"":1,""ask_orders"":2,""bid_price"":""557.10"",""ask_price"":""559.45""},{""bid_quantity"":40,""ask_quantity"":160,""bid_orders"":1,""ask_orders"":2,""bid_price"":""557.00"",""ask_price"":""559.70""}]"
09:15:48.877,1791517548877739696,2235291431673643,Full Data,8,1102591,559.35,40,09:15:48,,,606.53,78940,14480,22840,209460,"[{""bid_quantity"":40,""ask_quantity"":60,""bid_orders"":1,""ask_orders"":3,""bid_price"":""558.10"",""ask_price"":""559.70""},{""bid_quantity"":80,""ask_quantity"":100,""bid_orders"":1,""ask_orders"":1,""bid_price"":""557.95"",""ask_price"":""560.00""},{""bid_quantity"":20,""ask_quantity"":40,""bid_orders"":1,""ask_orders"":1,""bid_price"":""557.85"",""ask_price"":""560.05""},{""bid_quantity"":80,""ask_quantity"":40,""bid_orders"":1,""ask_orders"":1,""bid_price"":""557.45"",""ask_price"":""560.15""},{""bid_quantity"":20,""ask_quantity"":100,""bid_orders"":1,""ask_orders"":1,""bid_price"":""557.40"",""ask_price"":""560.35""}]"
09:15:48.906,1791517548906466841,2235291460401028,Full Data,8,1116183,533.50,20,09:15:48,,,502.76,207060,29080,61160,319760,"[{""bid_quantity"":40,""ask_quantity"":60,""bid_orders"":2,""ask_orders"":2,""bid_price"":""533.35"",""ask_price"":""535.20""},{""bid_quantity"":40,""ask_quantity"":100,""bid_orders"":2,""ask_orders"":4,""bid_price"":""533.20"",""ask_price"":""535.25""},{""bid_quantity"":60,""ask_quantity"":60,""bid_orders"":2,""ask_orders"":3,""bid_price"":""533.05"",""ask_price"":""535.35""},{""bid_quantity"":140,""ask_quantity"":40,""bid_orders"":1,""ask_orders"":2,""bid_price"":""533.00"",""ask_price"":""535.40""},{""bid_quantity"":60,""ask_quantity"":40,""bid_orders"":2,""ask_orders"":2,""bid_price"":""532.95"",""ask_price"":""535.45""}]"
09:15:48.933,1791517548933205934,2235291487140121,Full Data,8,1116183,533.35,60,09:15:48,,,502.78,207180,29280,60520,319760,"[{""bid_quantity"":80,""ask_quantity"":80,""bid_orders"":3,""ask_orders"":2,""bid_price"":""532.35"",""ask_price"":""533.35""},{""bid_quantity"":40,""ask_quantity"":60,""bid_orders"":1,""ask_orders"":3,""bid_price"":""532.30"",""ask_price"":""534.00""},{""bid_quantity"":40,""ask_quantity"":120,""bid_orders"":1,""ask_orders"":5,""bid_price"":""532.25"",""ask_price"":""534.20""},{""bid_quantity"":180,""ask_quantity"":20,""bid_orders"":3,""ask_orders"":1,""bid_price"":""532.20"",""ask_price"":""534.25""},{""bid_quantity"":40,""ask_quantity"":20,""bid_orders"":2,""ask_orders"":1,""bid_price"":""532.15"",""ask_price"":""534.30""}]"
09:15:48.942,1791517548942562915,2235291496496942,Full Data,8,1104245,483.65,20,09:15:48,,,455.39,57060,12500,18020,52960,"[{""bid_quantity"":40,""ask_quantity"":60,""bid_orders"":2,""ask_orders"":2,""bid_price"":""482.65"",""ask_price"":""483.90""},{""bid_quantity"":40,""ask_quantity"":20,""bid_orders"":2,""ask_orders"":1,""bid_price"":""482.55"",""ask_price"":""483.95""},{""bid_quantity"":80,""ask_quantity"":60,""bid_orders"":3,""ask_orders"":2,""bid_price"":""482.50"",""ask_price"":""484.45""},{""bid_quantity"":80,""ask_quantity"":120,""bid_orders"":3,""ask_orders"":4,""bid_price"":""482.35"",""ask_price"":""484.50""},{""bid_quantity"":160,""ask_quantity"":40,""bid_orders"":3,""ask_orders"":2,""bid_price"":""482.30"",""ask_price"":""484.55""}]"
09:15:48.963,1791517548963931733,2235291517865760,Full Data,8,1114464,829.85,20,09:15:48,,,786.04,84320,13680,44800,272380,"[{""bid_quantity"":60,""ask_quantity"":60,""bid_orders"":2,""ask_orders"":3,""bid_price"":""827.30"",""ask_price"":""829.30""},{""bid_quantity"":40,""ask_quantity"":80,""bid_orders"":2,""ask_orders"":3,""bid_price"":""827.25"",""ask_price"":""830.15""},{""bid_quantity"":80,""ask_quantity"":60,""bid_orders"":3,""ask_orders"":3,""bid_price"":""827.15"",""ask_price"":""830.20""},{""bid_quantity"":320,""ask_quantity"":180,""bid_orders"":2,""ask_orders"":3,""bid_price"":""827.10"",""ask_price"":""830.40""},{""bid_quantity"":20,""ask_quantity"":60,""bid_orders"":1,""ask_orders"":2,""bid_price"":""827.05"",""ask_price"":""830.50""}]"
09:15:49.018,1791517549018748247,2235291572682434,Full Data,8,1104245,483.95,20,09:15:48,,,455.41,57100,12300,18120,52960,"[{""bid_quantity"":60,""ask_quantity"":60,""bid_orders"":3,""ask_orders"":2,""bid_price"":""483.00"",""ask_price"":""484.55""},{""bid_quantity"":60,""ask_quantity"":160,""bid_orders"":2,""ask_orders"":2,""bid_price"":""482.95"",""ask_price"":""484.70""},{""bid_quantity"":20,""ask_quantity"":100,""bid_orders"":1,""ask_orders"":4,""bid_price"":""482.90"",""ask_price"":""484.75""},{""bid_quantity"":40,""ask_quantity"":80,""bid_orders"":2,""ask_orders"":2,""bid_price"":""482.80"",""ask_price"":""484.85""},{""bid_quantity"":60,""ask_quantity"":20,""bid_orders"":3,""ask_orders"":1,""bid_price"":""482.65"",""ask_price"":""484.90""}]"
09:15:49.208,1791517549208405271,2235291762339818,Full Data,8,1111639,509.10,20,09:15:49,,,558.95,52560,11240,15440,60460,"[{""bid_quantity"":120,""ask_quantity"":60,""bid_orders"":1,""ask_orders"":2,""bid_price"":""509.10"",""ask_price"":""510.60""},{""bid_quantity"":40,""ask_quantity"":60,""bid_orders"":1,""ask_orders"":2,""bid_price"":""508.70"",""ask_price"":""510.80""},{""bid_quantity"":40,""ask_quantity"":40,""bid_orders"":1,""ask_orders"":2,""bid_price"":""508.65"",""ask_price"":""510.90""},{""bid_quantity"":20,""ask_quantity"":60,""bid_orders"":1,""ask_orders"":2,""bid_price"":""508.60"",""ask_price"":""510.95""},{""bid_quantity"":40,""ask_quantity"":180,""bid_orders"":1,""ask_orders"":4,""bid_price"":""508.50"",""ask_price"":""511.00""}]"
09:15:49.240,1791517549240621039,2235291794555346,Full Data,8,1115207,706.50,20,09:15:49,,,668.98,100700,11160,24620,97240,"[{""bid_quantity"":40,""ask_quantity"":20,""bid_orders"":2,""ask_orders"":1,""bid_price"":""704.00"",""ask_price"":""707.20""},{""bid_quantity"":60,""ask_quantity"":180,""bid_orders"":1,""ask_orders"":2,""bid_price"":""703.95"",""ask_price"":""707.25""},{""bid_quantity"":40,""ask_quantity"":100,""bid_orders"":2,""ask_orders"":1,""bid_price"":""703.90"",""ask_price"":""707.30""},{""bid_quantity"":440,""ask_quantity"":60,""bid_orders"":2,""ask_orders"":2,""bid_price"":""703.80"",""ask_price"":""707.40""},{""bid_quantity"":20,""ask_quantity"":80,""bid_orders"":1,""ask_orders"":3,""bid_price"":""703.70"",""ask_price"":""707.60""}]"
09:15:49.484,1791517549484169932,2235292038104159,Full Data,8,1111309,765.90,20,09:15:49,,,725.40,68940,11060,24680,98080,"[{""bid_quantity"":20,""ask_quantity"":80,""bid_orders"":1,""ask_orders"":4,""bid_price"":""766.60"",""ask_price"":""768.70""},{""bid_quantity"":20,""ask_quantity"":20,""bid_orders"":1,""ask_orders"":1,""bid_price"":""766.45"",""ask_price"":""768.80""},{""bid_quantity"":60,""ask_quantity"":20,""bid_orders"":3,""ask_orders"":1,""bid_price"":""766.40"",""ask_price"":""769.00""},{""bid_quantity"":20,""ask_quantity"":40,""bid_orders"":1,""ask_orders"":1,""bid_price"":""766.30"",""ask_price"":""769.50""},{""bid_quantity"":40,""ask_quantity"":40,""bid_orders"":2,""ask_orders"":1,""bid_price"":""766.25"",""ask_price"":""769.55""}]"
09:15:49.544,1791517549544468122,2235292098402469,Full Data,8,1111309,765.90,20,09:15:49,,,725.40,68940,11540,24180,98080,"[{""bid_quantity"":320,""ask_quantity"":20,""bid_orders"":1,""ask_orders"":1,""bid_price"":""765.70"",""ask_price"":""767.50""},{""bid_quantity"":20,""ask_quantity"":40,""bid_orders"":1,""ask_orders"":1,""bid_price"":""765.65"",""ask_price"":""767.80""},{""bid_quantity"":180,""ask_quantity"":40,""bid_orders"":3,""ask_orders"":2,""bid_price"":""765.45"",""ask_price"":""767.85""},{""bid_quantity"":20,""ask_quantity"":40,""bid_orders"":1,""ask_orders"":2,""bid_price"":""765.40"",""ask_price"":""768.05""},{""bid_quantity"":20,""ask_quantity"":20,""bid_orders"":1,""ask_orders"":1,""bid_price"":""765.35"",""ask_price"":""768.20""}]"
09:15:49.593,1791517549593679639,2235292147613626,Full Data,8,1105793,587.95,20,09:15:49,,,557.70,88360,12580,24460,50360,"[{""bid_quantity"":20,""ask_quantity"":20,""bid_orders"":1,""ask_orders"":1,""bid_price"":""588.00"",""ask_price"":""589.65""},{""bid_quantity"":60,""ask_quantity"":80,""bid_orders"":3,""ask_orders"":4,""bid_price"":""587.95"",""ask_price"":""589.70""},{""bid_quantity"":20,""ask_quantity"":20,""bid_orders"":1,""ask_orders"":1,""bid_price"":""587.85"",""ask_price"":""589.80""},{""bid_quantity"":20,""ask_quantity"":20,""bid_orders"":1,""ask_orders"":1,""bid_price"":""587.80"",""ask_price"":""589.85""},{""bid_quantity"":40,""ask_quantity"":20,""bid_orders"":2,""ask_orders"":1,""bid_price"":""587.75"",""ask_price"":""590.05""}]"
09:15:49.612,1791517549612701602,2235292166635629,Ticker Data,0,51,71887.37,,09:15:49,,,,,,,,
09:15:49.668,1791517549668353602,2235292222287669,Full Data,8,1105793,588.55,40,09:15:49,,,557.91,88960,14300,25540,50360,"[{""bid_quantity"":20,""ask_quantity"":60,""bid_orders"":1,""ask_orders"":3,""bid_price"":""588.15"",""ask_price"":""589.80""},{""bid_quantity"":20,""ask_quantity"":60,""bid_orders"":1,""ask_orders"":3,""bid_price"":""588.10"",""ask_price"":""590.00""},{""bid_quantity"":20,""ask_quantity"":40,""bid_orders"":1,""ask_orders"":2,""bid_price"":""588.05"",""ask_price"":""590.20""},{""bid_quantity"":40,""ask_quantity"":240,""bid_orders"":2,""ask_orders"":2,""bid_price"":""588.00"",""ask_price"":""590.25""},{""bid_quantity"":20,""ask_quantity"":20,""bid_orders"":1,""ask_orders"":1,""bid_price"":""587.95"",""ask_price"":""590.35""}]"
09:15:49.732,1791517549732222454,2235292286156401,Full Data,8,1114046,384.45,40,09:15:49,,,423.47,83260,10780,37460,119180,"[{""bid_quantity"":40,""ask_quantity"":200,""bid_orders"":2,""ask_orders"":2,""bid_price"":""383.15"",""ask_price"":""384.15""},{""bid_quantity"":160,""ask_quantity"":40,""bid_orders"":2,""ask_orders"":1,""bid_price"":""383.10"",""ask_price"":""384.55""},{""bid_quantity"":80,""ask_quantity"":440,""bid_orders"":3,""ask_orders"":3,""bid_price"":""383.05"",""ask_price"":""384.60""},{""bid_quantity"":160,""ask_quantity"":60,""bid_orders"":3,""ask_orders"":2,""bid_price"":""383.00"",""ask_price"":""384.65""},{""bid_quantity"":20,""ask_quantity"":20,""bid_orders"":1,""ask_orders"":1,""bid_price"":""382.95"",""ask_price"":""384.70""}]"
09:15:49.774,1791517549774438487,2235292328372514,Full Data,8,1110871,421.15,40,09:15:49,,,467.32,88460,11360,19140,81380,"[{""bid_quantity"":40,""ask_quantity"":40,""bid_orders"":2,""ask_orders"":2,""bid_price"":""421.85"",""ask_price"":""423.25""},{""bid_quantity"":40,""ask_quantity"":100,""bid_orders"":2,""ask_orders"":4,""bid_price"":""421.80"",""ask_price"":""423.30""},{""bid_quantity"":180,""ask_quantity"":60,""bid_orders"":3,""ask_orders"":3,""bid_price"":""421.70"",""ask_price"":""423.40""},{""bid_quantity"":40,""ask_quantity"":60,""bid_orders"":2,""ask_orders"":3,""bid_price"":""421.65"",""ask_price"":""423.45""},{""bid_quantity"":40,""ask_quantity"":40,""bid_orders"":2,""ask_orders"":2,""bid_price"":""421.60"",""ask_price"":""423.50""}]"
09:15:49.804,1791517549804225559,2235292358159506,Full Data,8,1107704,604.30,120,09:15:49,,,655.27,16300,9320,11520,17620,"[{""bid_quantity"":20,""ask_quantity"":60,""bid_orders"":1,""ask_orders"":3,""bid_price"":""601.45"",""ask_price"":""603.05""},{""bid_quantity"":20,""ask_quantity"":80,""bid_orders"":1,""ask_orders"":3,""bid_price"":""601.35"",""ask_price"":""603.20""},{""bid_quantity"":60,""ask_quantity"":100,""bid_orders"":3,""ask_orders"":1,""bid_price"":""601.30"",""ask_price"":""604.00""},{""bid_quantity"":40,""ask_quantity"":120,""bid_orders"":2,""ask_orders"":2,""bid_price"":""601.10"",""ask_price"":""604.40""},{""bid_quantity"":40,""ask_quantity"":20,""bid_orders"":2,""ask_orders"":1,""bid_price"":""600.95"",""ask_price"":""604.80""}]"
09:15:49.847,1791517549847612639,2235292401547066,Full Data,8,1107704,604.30,120,09:15:49,,,655.27,16300,9680,11560,17620,"[{""bid_quantity"":40,""ask_quantity"":60,""bid_orders"":1,""ask_orders"":3,""bid_price"":""601.05"",""ask_price"":""603.00""},{""bid_quantity"":180,""ask_quantity"":80,""bid_orders"":3,""ask_orders"":4,""bid_price"":""601.00"",""ask_price"":""603.05""},{""bid_quantity"":60,""ask_quantity"":100,""bid_orders"":2,""ask_orders"":4,""bid_price"":""600.95"",""ask_price"":""603.20""},{""bid_quantity"":40,""ask_quantity"":60,""bid_orders"":2,""ask_orders"":3,""bid_price"":""600.90"",""ask_price"":""603.35""},{""bid_quantity"":60,""ask_quantity"":280,""bid_orders"":3,""ask_orders"":4,""bid_price"":""600.85"",""ask_price"":""604.00""}]"
09:15:49.849,1791517549849657133,2235292403591080,Full Data,8,1107336,350.85,60,09:15:49,,,393.64,125780,16720,54160,304080,"[{""bid_quantity"":80,""ask_quantity"":60,""bid_orders"":3,""ask_orders"":2,""bid_price"":""349.85"",""ask_price"":""351.25""},{""bid_quantity"":220,""ask_quantity"":240,""bid_orders"":5,""ask_orders"":4,""bid_price"":""349.80"",""ask_price"":""351.45""},{""bid_quantity"":40,""ask_quantity"":20,""bid_orders"":1,""ask_orders"":1,""bid_price"":""349.65"",""ask_price"":""351.50""},{""bid_quantity"":220,""ask_quantity"":20,""bid_orders"":4,""ask_orders"":1,""bid_price"":""349.60"",""ask_price"":""351.60""},{""bid_quantity"":60,""ask_quantity"":20,""bid_orders"":2,""ask_orders"":1,""bid_price"":""349.55"",""ask_price"":""351.65""}]"
09:15:49.861,1791517549861740411,2235292415674238,Full Data,8,1102591,553.70,20,09:15:49,,,606.06,79660,17620,24080,209460,"[{""bid_quantity"":40,""ask_quantity"":40,""bid_orders"":2,""ask_orders"":2,""bid_price"":""553.20"",""ask_price"":""554.30""},{""bid_quantity"":40,""ask_quantity"":500,""bid_orders"":1,""ask_orders"":2,""bid_price"":""552.25"",""ask_price"":""554.35""},{""bid_quantity"":120,""ask_quantity"":40,""bid_orders"":1,""ask_orders"":2,""bid_price"":""551.90"",""ask_price"":""554.40""},{""bid_quantity"":20,""ask_quantity"":140,""bid_orders"":1,""ask_orders"":5,""bid_price"":""551.50"",""ask_price"":""554.60""},{""bid_quantity"":60,""ask_quantity"":20,""bid_orders"":1,""ask_orders"":1,""bid_price"":""551.00"",""ask_price"":""554.65""}]"
09:15:49.892,1791517549892976332,2235292446910439,Full Data,8,1102591,553.70,20,09:15:49,,,606.06,79660,15040,22680,209460,"[{""bid_quantity"":40,""ask_quantity"":260,""bid_orders"":2,""ask_orders"":4,""bid_price"":""553.20"",""ask_price"":""554.40""},{""bid_quantity"":60,""ask_quantity"":80,""bid_orders"":2,""ask_orders"":3,""bid_price"":""552.40"",""ask_price"":""554.60""},{""bid_quantity"":60,""ask_quantity"":80,""bid_orders"":2,""ask_orders"":3,""bid_price"":""552.35"",""ask_price"":""554.70""},{""bid_quantity"":20,""ask_quantity"":60,""bid_orders"":1,""ask_orders"":3,""bid_price"":""552.30"",""ask_price"":""554.80""},{""bid_quantity"":100,""ask_quantity"":260,""bid_orders"":1,""ask_orders"":3,""bid_price"":""552.25"",""ask_price"":""555.10""}]"
09:15:49.938,1791517549938292945,2235292492227252,Full Data,8,1116183,533.80,20,09:15:49,,,503.36,211060,28240,59840,319760,"[{""bid_quantity"":60,""ask_quantity"":40,""bid_orders"":2,""ask_orders"":1,""bid_price"":""534.15"",""ask_price"":""535.50""},{""bid_quantity"":40,""ask_quantity"":40,""bid_orders"":2,""ask_orders"":1,""bid_price"":""534.10"",""ask_price"":""535.55""},{""bid_quantity"":60,""ask_quantity"":40,""bid_orders"":3,""ask_orders"":1,""bid_price"":""533.95"",""ask_price"":""535.60""},{""bid_quantity"":20,""ask_quantity"":20,""bid_orders"":1,""ask_orders"":1,""bid_price"":""533.90"",""ask_price"":""535.70""},{""bid_quantity"":100,""ask_quantity"":60,""bid_orders"":4,""ask_orders"":3,""bid_price"":""533.80"",""ask_price"":""535.80""}]"
09:15:49.996,1791517549996590361,2235292550524468,Full Data,8,1116183,536.10,20,09:15:49,,,503.40,211340,28280,60400,319760,"[{""bid_quantity"":60,""ask_quantity"":80,""bid_orders"":2,""ask_orders"":4,""bid_price"":""534.85"",""ask_price"":""536.25""},{""bid_quantity"":60,""ask_quantity"":100,""bid_orders"":3,""ask_orders"":3,""bid_price"":""534.80"",""ask_price"":""536.40""},{""bid_quantity"":20,""ask_quantity"":20,""bid_orders"":1,""ask_orders"":1,""bid_price"":""534.75"",""ask_price"":""536.45""},{""bid_quantity"":40,""ask_quantity"":60,""bid_orders"":2,""ask_orders"":2,""bid_price"":""534.55"",""ask_price"":""536.50""},{""bid_quantity"":20,""ask_quantity"":40,""bid_orders"":1,""ask_orders"":1,""bid_price"":""534.50"",""ask_price"":""536.75""}]"
09:15:50.024,1791517550024426581,2235292578360608,Full Data,8,1104245,485.90,40,09:15:49,,,456.16,58560,11500,19300,52960,"[{""bid_quantity"":60,""ask_quantity"":140,""bid_orders"":2,""ask_orders"":2,""bid_price"":""485.25"",""ask_price"":""486.40""},{""bid_quantity"":100,""ask_quantity"":80,""bid_orders"":3,""ask_orders"":3,""bid_price"":""485.20"",""ask_price"":""486.50""},{""bid_quantity"":20,""ask_quantity"":60,""bid_orders"":1,""ask_orders"":2,""bid_price"":""485.15"",""ask_price"":""486.80""},{""bid_quantity"":40,""ask_quantity"":220,""bid_orders"":2,""ask_orders"":3,""bid_price"":""485.10"",""ask_price"":""486.85""},{""bid_quantity"":40,""ask_quantity"":60,""bid_orders"":2,""ask_orders"":2,""bid_price"":""485.05"",""ask_price"":""487.20""}]"
09:15:50.037,1791517550037635747,2235292591569694,Full Data,8,1114464,833.75,20,09:15:50,,,786.60,85360,14780,45680,272380,"[{""bid_quantity"":40,""ask_quantity"":60,""bid_orders"":2,""ask_orders"":2,""bid_price"":""830.30"",""ask_price"":""832.50""},{""bid_quantity"":40,""ask_quantity"":20,""bid_orders"":2,""ask_orders"":1,""bid_price"":""830.25"",""ask_price"":""832.55""},{""bid_quantity"":60,""ask_quantity"":60,""bid_orders"":2,""ask_orders"":3,""bid_price"":""830.20"",""ask_price"":""832.70""},{""bid_quantity"":40,""ask_quantity"":40,""bid_orders"":2,""ask_orders"":2,""bid_price"":""830.15"",""ask_price"":""832.75""},{""bid_quantity"":20,""ask_quantity"":40,""bid_orders"":1,""ask_orders"":2,""bid_price"":""830.10"",""ask_price"":""832.90""}]"
09:15:50.084,1791517550084960932,2235292638894959,Full Data,8,1114813,464.50,20,09:15:49,,,511.51,103420,13660,16180,57500,"[{""bid_quantity"":40,""ask_quantity"":100,""bid_orders"":2,""ask_orders"":5,""bid_price"":""463.00"",""ask_price"":""465.05""},{""bid_quantity"":40,""ask_quantity"":100,""bid_orders"":2,""ask_orders"":4,""bid_price"":""462.95"",""ask_price"":""465.20""},{""bid_quantity"":140,""ask_quantity"":100,""bid_orders"":4,""ask_orders"":4,""bid_price"":""462.85"",""ask_price"":""465.25""},{""bid_quantity"":80,""ask_quantity"":380,""bid_orders"":4,""ask_orders"":5,""bid_price"":""462.80"",""ask_price"":""465.40""},{""bid_quantity"":100,""ask_quantity"":300,""bid_orders"":4,""ask_orders"":3,""bid_price"":""462.65"",""ask_price"":""465.50""}]"
09:15:50.123,1791517550123058018,2235292676992005,Full Data,8,1104245,483.85,40,09:15:50,,,456.18,58600,12000,19680,52960,"[{""bid_quantity"":40,""ask_quantity"":20,""bid_orders"":1,""ask_orders"":1,""bid_price"":""484.05"",""ask_price"":""485.25""},{""bid_quantity"":100,""ask_quantity"":80,""bid_orders"":3,""ask_orders"":3,""bid_price"":""484.00"",""ask_price"":""485.80""},{""bid_quantity"":80,""ask_quantity"":40,""bid_orders"":4,""ask_orders"":1,""bid_price"":""483.95"",""ask_price"":""486.15""},{""bid_quantity"":40,""ask_quantity"":240,""bid_orders"":2,""ask_orders"":4,""bid_price"":""483.90"",""ask_price"":""486.20""},{""bid_quantity"":20,""ask_quantity"":40,""bid_orders"":1,""ask_orders"":2,""bid_price"":""483.80"",""ask_price"":""486.25""}]"
09:15:50.125,1791517550125880756,2235292679814583,Full Data,8,1114464,833.75,20,09:15:50,,,786.60,85360,14680,46360,272380,"[{""bid_quantity"":60,""ask_quantity"":40,""bid_orders"":2,""ask_orders"":2,""bid_price"":""830.05"",""ask_price"":""832.35""},{""bid_quantity"":140,""ask_quantity"":40,""bid_orders"":3,""ask_orders"":1,""bid_price"":""830.00"",""ask_price"":""832.50""},{""bid_quantity"":120,""ask_quantity"":60,""bid_orders"":3,""ask_orders"":3,""bid_price"":""829.85"",""ask_price"":""832.55""},{""bid_quantity"":240,""ask_quantity"":60,""bid_orders"":4,""ask_orders"":3,""bid_price"":""829.80"",""ask_price"":""832.75""},{""bid_quantity"":360,""ask_quantity"":20,""bid_orders"":3,""ask_orders"":1,""bid_price"":""829.70"",""ask_price"":""832.90""}]"
09:15:50.135,1791517550135338778,2235292689272645,Full Data,8,1114813,465.20,60,09:15:50,,,511.24,104040,12860,17140,57500,"[{""bid_quantity"":20,""ask_quantity"":20,""bid_orders"":1,""ask_orders"":1,""bid_price"":""465.15"",""ask_price"":""467.30""},{""bid_quantity"":40,""ask_quantity"":80,""bid_orders"":2,""ask_orders"":2,""bid_price"":""465.10"",""ask_price"":""467.35""},{""bid_quantity"":60,""ask_quantity"":100,""bid_orders"":3,""ask_orders"":1,""bid_price"":""464.95"",""ask_price"":""467.40""},{""bid_quantity"":60,""ask_quantity"":60,""bid_orders"":3,""ask_orders"":1,""bid_price"":""464.90"",""ask_price"":""467.50""},{""bid_quantity"":80,""ask_quantity"":200,""bid_orders"":4,""ask_orders"":2,""bid_price"":""464.75"",""ask_price"":""468.00""}]"
09:15:50.162,1791517550162170111,2235292716104058,Full Data,8,1112083,643.40,20,09:15:50,,,613.01,141100,12220,34860,97520,"[{""bid_quantity"":20,""ask_quantity"":20,""bid_orders"":1,""ask_orders"":1,""bid_price"":""644.00"",""ask_price"":""646.60""},{""bid_quantity"":40,""ask_quantity"":40,""bid_orders"":1,""ask_orders"":1,""bid_price"":""643.95"",""ask_price"":""646.65""},{""bid_quantity"":20,""ask_quantity"":40,""bid_orders"":1,""ask_orders"":2,""bid_price"":""643.90"",""ask_price"":""646.70""},{""bid_quantity"":20,""ask_quantity"":120,""bid_orders"":1,""ask_orders"":2,""bid_price"":""643.85"",""ask_price"":""646.80""},{""bid_quantity"":20,""ask_quantity"":360,""bid_orders"":1,""ask_orders"":2,""bid_price"":""643.70"",""ask_price"":""646.85""}]"
09:15:50.214,1791517550214173047,2235292768107034,Full Data,8,1111639,509.15,20,09:15:50,,,557.84,53720,10760,15260,60460,"[{""bid_quantity"":40,""ask_quantity"":600,""bid_orders"":1,""ask_orders"":1,""bid_price"":""509.40"",""ask_price"":""510.15""},{""bid_quantity"":20,""ask_quantity"":80,""bid_orders"":1,""ask_orders"":3,""bid_price"":""509.35"",""ask_price"":""511.05""},{""bid_quantity"":40,""ask_quantity"":80,""bid_orders"":2,""ask_orders"":3,""bid_price"":""509.15"",""ask_price"":""511.10""},{""bid_quantity"":60,""ask_quantity"":80,""bid_orders"":3,""ask_orders"":3,""bid_price"":""508.95"",""ask_price"":""511.15""},{""bid_quantity"":40,""ask_quantity"":60,""bid_orders"":2,""ask_orders"":2,""bid_price"":""508.80"",""ask_price"":""511.60""}]"
09:15:50.271,1791517550271135935,2235292825070242,Full Data,8,1115207,706.20,20,09:15:50,,,669.67,102640,13640,27200,97240,"[{""bid_quantity"":60,""ask_quantity"":20,""bid_orders"":2,""ask_orders"":1,""bid_price"":""703.15"",""ask_price"":""705.30""},{""bid_quantity"":20,""ask_quantity"":20,""bid_orders"":1,""ask_orders"":1,""bid_price"":""703.10"",""ask_price"":""705.40""},{""bid_quantity"":320,""ask_quantity"":20,""bid_orders"":1,""ask_orders"":1,""bid_price"":""703.05"",""ask_price"":""705.55""},{""bid_quantity"":20,""ask_quantity"":40,""bid_orders"":1,""ask_orders"":2,""bid_price"":""702.95"",""ask_price"":""705.60""},{""bid_quantity"":40,""ask_quantity"":40,""bid_orders"":2,""ask_orders"":2,""bid_price"":""702.80"",""ask_price"":""705.75""}]"
09:15:50.272,1791517550272624104,2235292826558051,Full Data,8,1112083,647.00,60,09:15:50,,,613.07,141340,13060,36060,97520,"[{""bid_quantity"":20,""ask_quantity"":120,""bid_orders"":1,""ask_orders"":2,""bid_price"":""645.35"",""ask_price"":""647.05""},{""bid_quantity"":40,""ask_quantity"":200,""bid_orders"":1,""ask_orders"":2,""bid_price"":""645.20"",""ask_price"":""647.20""},{""bid_quantity"":20,""ask_quantity"":340,""bid_orders"":1,""ask_orders"":3,""bid_price"":""645.15"",""ask_price"":""647.25""},{""bid_quantity"":60,""ask_quantity"":20,""bid_orders"":2,""ask_orders"":1,""bid_price"":""645.00"",""ask_price"":""647.50""},{""bid_quantity"":40,""ask_quantity"":160,""bid_orders"":2,""ask_orders"":2,""bid_price"":""644.95"",""ask_price"":""647.90""}]"
09:15:50.272,1791517550272727425,2235292826661092,Full Data,8,1111639,509.15,20,09:15:50,,,557.84,53720,10600,15680,60460,"[{""bid_quantity"":40,""ask_quantity"":40,""bid_orders"":1,""ask_orders"":2,""bid_price"":""509.00"",""ask_price"":""510.10""},{""bid_quantity"":80,""ask_quantity"":600,""bid_orders"":1,""ask_orders"":1,""bid_price"":""508.95"",""ask_price"":""510.15""},{""bid_quantity"":160,""ask_quantity"":80,""bid_orders"":2,""ask_orders"":3,""bid_price"":""508.90"",""ask_price"":""511.20""},{""bid_quantity"":40,""ask_quantity"":260,""bid_orders"":2,""ask_orders"":3,""bid_price"":""508.80"",""ask_price"":""511.55""},{""bid_quantity"":20,""ask_quantity"":80,""bid_orders"":1,""ask_orders"":3,""bid_price"":""508.70"",""ask_price"":""511.60""}]"
09:15:50.312,1791517550312043039,2235292865977186,Full Data,8,1115207,704.05,20,09:15:50,,,669.69,102680,11580,25040,97240,"[{""bid_quantity"":40,""ask_quantity"":60,""bid_orders"":2,""ask_orders"":3,""bid_price"":""704.50"",""ask_price"":""706.70""},{""bid_quantity"":20,""ask_quantity"":40,""bid_orders"":1,""ask_orders"":2,""bid_price"":""704.45"",""ask_price"":""706.85""},{""bid_quantity"":20,""ask_quantity"":60,""bid_orders"":1,""ask_orders"":2,""bid_price"":""704.40"",""ask_price"":""706.90""},{""bid_quantity"":40,""ask_quantity"":40,""bid_orders"":2,""ask_orders"":2,""bid_price"":""704.30"",""ask_price"":""707.00""},{""bid_quantity"":20,""ask_quantity"":40,""bid_orders"":1,""ask_orders"":1,""bid_price"":""704.20"",""ask_price"":""707.05""}]"
09:15:50.591,1791517550591643964,2235293145578231,Full Data,8,1111309,768.40,20,09:15:50,,,725.63,69320,12860,25920,98080,"[{""bid_quantity"":120,""ask_quantity"":40,""bid_orders"":2,""ask_orders"":1,""bid_price"":""769.25"",""ask_price"":""771.15""},{""bid_quantity"":40,""ask_quantity"":20,""bid_orders"":2,""ask_orders"":1,""bid_price"":""768.90"",""ask_price"":""771.20""},{""bid_quantity"":40,""ask_quantity"":60,""bid_orders"":2,""ask_orders"":2,""bid_price"":""768.75"",""ask_price"":""771.35""},{""bid_quantity"":20,""ask_quantity"":20,""bid_orders"":1,""ask_orders"":1,""bid_price"":""768.60"",""ask_price"":""771.40""},{""bid_quantity"":40,""ask_quantity"":20,""bid_orders"":1,""ask_orders"":1,""bid_price"":""768.50"",""ask_price"":""771.55""}]"
09:15:50.606,1791517550606337379,2235293160271366,Ticker Data,0,51,71898.85,,09:15:50,,,,,,,,
09:15:50.677,1791517550677639440,2235293231573387,Full Data,8,1105793,595.55,20,09:15:50,,,558.80,91480,11480,24940,50360,"[{""bid_quantity"":20,""ask_quantity"":60,""bid_orders"":1,""ask_orders"":3,""bid_price"":""593.25"",""ask_price"":""595.15""},{""bid_quantity"":20,""ask_quantity"":40,""bid_orders"":1,""ask_orders"":2,""bid_price"":""593.20"",""ask_price"":""595.35""},{""bid_quantity"":20,""ask_quantity"":40,""bid_orders"":1,""ask_orders"":2,""bid_price"":""593.15"",""ask_price"":""595.40""},{""bid_quantity"":40,""ask_quantity"":40,""bid_orders"":2,""ask_orders"":2,""bid_price"":""593.05"",""ask_price"":""595.45""},{""bid_quantity"":40,""ask_quantity"":40,""bid_orders"":2,""ask_orders"":2,""bid_price"":""592.95"",""ask_price"":""595.50""}]"
09:15:50.736,1791517550736426579,2235293290361006,Full Data,8,1114046,388.45,20,09:15:50,,,422.71,85000,10380,36900,119180,"[{""bid_quantity"":20,""ask_quantity"":80,""bid_orders"":1,""ask_orders"":2,""bid_price"":""386.95"",""ask_price"":""388.60""},{""bid_quantity"":60,""ask_quantity"":20,""bid_orders"":2,""ask_orders"":1,""bid_price"":""386.90"",""ask_price"":""388.65""},{""bid_quantity"":40,""ask_quantity"":40,""bid_orders"":2,""ask_orders"":2,""bid_price"":""386.80"",""ask_price"":""388.75""},{""bid_quantity"":40,""ask_quantity"":220,""bid_orders"":2,""ask_orders"":2,""bid_price"":""386.65"",""ask_price"":""388.80""},{""bid_quantity"":20,""ask_quantity"":300,""bid_orders"":1,""ask_orders"":1,""bid_price"":""386.60"",""ask_price"":""388.85""}]"
09:15:50.765,1791517550765881290,2235293319815277,Full Data,8,1105793,592.90,20,09:15:50,,,558.86,91620,12840,26280,50360,"[{""bid_quantity"":40,""ask_quantity"":20,""bid_orders"":2,""ask_orders"":1,""bid_price"":""593.00"",""ask_price"":""594.60""},{""bid_quantity"":60,""ask_quantity"":40,""bid_orders"":3,""ask_orders"":2,""bid_price"":""592.80"",""ask_price"":""594.65""},{""bid_quantity"":80,""ask_quantity"":40,""bid_orders"":3,""ask_orders"":2,""bid_price"":""592.55"",""ask_price"":""594.70""},{""bid_quantity"":140,""ask_quantity"":40,""bid_orders"":3,""ask_orders"":2,""bid_price"":""592.50"",""ask_price"":""594.75""},{""bid_quantity"":40,""ask_quantity"":20,""bid_orders"":2,""ask_orders"":1,""bid_price"":""592.40"",""ask_price"":""594.80""}]"
09:15:50.807,1791517550807758840,2235293361693067,Full Data,8,1110871,426.50,40,09:15:50,,,466.71,89740,11120,16540,81380,"[{""bid_quantity"":180,""ask_quantity"":60,""bid_orders"":3,""ask_orders"":3,""bid_price"":""425.20"",""ask_price"":""426.80""},{""bid_quantity"":20,""ask_quantity"":60,""bid_orders"":1,""ask_orders"":3,""bid_price"":""424.85"",""ask_price"":""426.85""},{""bid_quantity"":200,""ask_quantity"":60,""bid_orders"":4,""ask_orders"":3,""bid_price"":""424.80"",""ask_price"":""426.90""},{""bid_quantity"":40,""ask_quantity"":100,""bid_orders"":1,""ask_orders"":4,""bid_price"":""424.65"",""ask_price"":""426.95""},{""bid_quantity"":80,""ask_quantity"":60,""bid_orders"":4,""ask_orders"":3,""bid_price"":""424.60"",""ask_price"":""427.00""}]"
09:15:50.837,1791517550837335751,2235293391270098,Full Data,8,1107704,603.45,60,09:15:50,,,654.76,16460,9360,10640,17620,"[{""bid_quantity"":60,""ask_quantity"":60,""bid_orders"":2,""ask_orders"":3,""bid_price"":""603.95"",""ask_price"":""606.35""},{""bid_quantity"":40,""ask_quantity"":40,""bid_orders"":2,""ask_orders"":2,""bid_price"":""603.90"",""ask_price"":""606.50""},{""bid_quantity"":60,""ask_quantity"":40,""bid_orders"":2,""ask_orders"":2,""bid_price"":""603.75"",""ask_price"":""606.60""},{""bid_quantity"":40,""ask_quantity"":20,""bid_orders"":2,""ask_orders"":1,""bid_price"":""603.70"",""ask_price"":""606.65""},{""bid_quantity"":20,""ask_quantity"":60,""bid_orders"":1,""ask_orders"":3,""bid_price"":""603.55"",""ask_price"":""606.70""}]"
09:15:50.850,1791517550850646637,2235293404580544,Full Data,8,1107704,603.45,60,09:15:50,,,654.76,16460,9380,10960,17620,"[{""bid_quantity"":60,""ask_quantity"":120,""bid_orders"":2,""ask_orders"":5,""bid_price"":""604.85"",""ask_price"":""606.80""},{""bid_quantity"":60,""ask_quantity"":160,""bid_orders"":3,""ask_orders"":2,""bid_price"":""604.80"",""ask_price"":""607.40""},{""bid_quantity"":40,""ask_quantity"":140,""bid_orders"":1,""ask_orders"":3,""bid_price"":""604.70"",""ask_price"":""607.60""},{""bid_quantity"":20,""ask_quantity"":100,""bid_orders"":1,""ask_orders"":1,""bid_price"":""604.65"",""ask_price"":""608.00""},{""bid_quantity"":40,""ask_quantity"":100,""bid_orders"":2,""ask_orders"":3,""bid_price"":""604.55"",""ask_price"":""608.40""}]"
09:15:50.917,1791517550917350508,2235293471284415,Full Data,8,1102591,556.75,20,09:15:50,,,605.64,80340,15240,22920,209460,"[{""bid_quantity"":100,""ask_quantity"":220,""bid_orders"":2,""ask_orders"":3,""bid_price"":""556.75"",""ask_price"":""558.10""},{""bid_quantity"":40,""ask_quantity"":60,""bid_orders"":1,""ask_orders"":3,""bid_price"":""556.35"",""ask_price"":""558.20""},{""bid_quantity"":80,""ask_quantity"":100,""bid_orders"":1,""ask_orders"":3,""bid_price"":""556.30"",""ask_price"":""558.25""},{""bid_quantity"":40,""ask_quantity"":160,""bid_orders"":2,""ask_orders"":2,""bid_price"":""556.25"",""ask_price"":""558.40""},{""bid_quantity"":40,""ask_quantity"":180,""bid_orders"":2,""ask_orders"":3,""bid_price"":""556.10"",""ask_price"":""558.60""}]"
09:15:50.986,1791517550986723116,2235293540657183,Full Data,8,1116183,536.25,20,09:15:50,,,506.03,227460,33760,60760,319760,"[{""bid_quantity"":120,""ask_quantity"":80,""bid_orders"":5,""ask_orders"":3,""bid_price"":""535.05"",""ask_price"":""536.75""},{""bid_quantity"":100,""ask_quantity"":100,""bid_orders"":1,""ask_orders"":4,""bid_price"":""535.00"",""ask_price"":""536.80""},{""bid_quantity"":160,""ask_quantity"":20,""bid_orders"":2,""ask_orders"":1,""bid_price"":""534.90"",""ask_price"":""536.85""},{""bid_quantity"":300,""ask_quantity"":80,""bid_orders"":4,""ask_orders"":3,""bid_price"":""534.80"",""ask_price"":""536.90""},{""bid_quantity"":40,""ask_quantity"":160,""bid_orders"":1,""ask_orders"":7,""bid_price"":""534.75"",""ask_price"":""536.95""}]"
09:15:51.036,1791517551036177235,2235293590111262,Full Data,8,1116183,534.90,40,09:15:50,,,506.10,228000,30000,60860,319760,"[{""bid_quantity"":40,""ask_quantity"":60,""bid_orders"":2,""ask_orders"":3,""bid_price"":""535.10"",""ask_price"":""536.40""},{""bid_quantity"":20,""ask_quantity"":40,""bid_orders"":1,""ask_orders"":1,""bid_price"":""534.95"",""ask_price"":""536.70""},{""bid_quantity"":40,""ask_quantity"":20,""bid_orders"":2,""ask_orders"":1,""bid_price"":""534.90"",""ask_price"":""536.75""},{""bid_quantity"":40,""ask_quantity"":40,""bid_orders"":1,""ask_orders"":1,""bid_price"":""534.80"",""ask_price"":""536.95""},{""bid_quantity"":100,""ask_quantity"":60,""bid_orders"":4,""ask_orders"":2,""bid_price"":""534.75"",""ask_price"":""537.00""}]"
09:15:51.102,1791517551102370903,2235293656305090,Full Data,8,1104245,486.20,40,09:15:51,,,456.58,59400,12940,18720,52960,"[{""bid_quantity"":20,""ask_quantity"":40,""bid_orders"":1,""ask_orders"":2,""bid_price"":""484.90"",""ask_price"":""486.15""},{""bid_quantity"":20,""ask_quantity"":40,""bid_orders"":1,""ask_orders"":2,""bid_price"":""484.80"",""ask_price"":""486.20""},{""bid_quantity"":80,""ask_quantity"":40,""bid_orders"":2,""ask_orders"":1,""bid_price"":""484.65"",""ask_price"":""486.50""},{""bid_quantity"":20,""ask_quantity"":40,""bid_orders"":1,""ask_orders"":1,""bid_price"":""484.60"",""ask_price"":""486.55""},{""bid_quantity"":40,""ask_quantity"":40,""bid_orders"":1,""ask_orders"":1,""bid_price"":""484.55"",""ask_price"":""486.70""}]"
09:15:51.138,1791517551138412135,2235293692346482,Full Data,8,1114464,831.60,20,09:15:51,,,787.48,87060,13840,46020,272380,"[{""bid_quantity"":20,""ask_quantity"":60,""bid_orders"":1,""ask_orders"":3,""bid_price"":""830.30"",""ask_price"":""831.95""},{""bid_quantity"":20,""ask_quantity"":60,""bid_orders"":1,""ask_orders"":2,""bid_price"":""830.25"",""ask_price"":""833.95""},{""bid_quantity"":80,""ask_quantity"":40,""bid_orders"":3,""ask_orders"":1,""bid_price"":""829.75"",""ask_price"":""834.00""},{""bid_quantity"":80,""ask_quantity"":120,""bid_orders"":3,""ask_orders"":2,""bid_price"":""829.70"",""ask_price"":""834.30""},{""bid_quantity"":60,""ask_quantity"":40,""bid_orders"":1,""ask_orders"":2,""bid_price"":""829.65"",""ask_price"":""835.25""}]"
09:15:51.141,1791517551141992879,2235293695926746,Full Data,8,1114813,465.00,40,09:15:51,,,509.68,107800,13660,18820,57500,"[{""bid_quantity"":40,""ask_quantity"":60,""bid_orders"":2,""ask_orders"":3,""bid_price"":""464.10"",""ask_price"":""465.85""},{""bid_quantity"":20,""ask_quantity"":220,""bid_orders"":1,""ask_orders"":3,""bid_price"":""464.05"",""ask_price"":""466.05""},{""bid_quantity"":140,""ask_quantity"":60,""bid_orders"":1,""ask_orders"":2,""bid_price"":""464.00"",""ask_price"":""466.25""},{""bid_quantity"":40,""ask_quantity"":20,""bid_orders"":2,""ask_orders"":1,""bid_price"":""463.90"",""ask_price"":""466.40""},{""bid_quantity"":20,""ask_quantity"":220,""bid_orders"":1,""ask_orders"":2,""bid_price"":""463.85"",""ask_price"":""466.45""}]"
09:15:51.172,1791517551172715357,2235293726649304,Full Data,8,1104245,485.00,20,09:15:51,,,456.59,59420,13160,19460,52960,"[{""bid_quantity"":60,""ask_quantity"":60,""bid_orders"":2,""ask_orders"":3,""bid_price"":""485.30"",""ask_price"":""486.15""},{""bid_quantity"":40,""ask_quantity"":60,""bid_orders"":2,""ask_orders"":2,""bid_price"":""485.25"",""ask_price"":""486.90""},{""bid_quantity"":40,""ask_quantity"":60,""bid_orders"":2,""ask_orders"":2,""bid_price"":""485.20"",""ask_price"":""487.10""},{""bid_quantity"":40,""ask_quantity"":40,""bid_orders"":2,""ask_orders"":2,""bid_price"":""485.15"",""ask_price"":""487.25""},{""bid_quantity"":40,""ask_quantity"":140,""bid_orders"":2,""ask_orders"":1,""bid_price"":""485.10"",""ask_price"":""487.30""}]"
09:15:51.344,1791517551344111704,2235293898046291,Full Data,8,1111639,507.40,20,09:15:51,,,556.95,54720,13180,17260,60460,"[{""bid_quantity"":20,""ask_quantity"":40,""bid_orders"":1,""ask_orders"":1,""bid_price"":""507.35"",""ask_price"":""508.60""},{""bid_quantity"":140,""ask_quantity"":40,""bid_orders"":1,""ask_orders"":2,""bid_price"":""507.30"",""ask_price"":""508.65""},{""bid_quantity"":20,""ask_quantity"":40,""bid_orders"":1,""ask_orders"":1,""bid_price"":""507.20"",""ask_price"":""508.95""},{""bid_quantity"":60,""ask_quantity"":120,""bid_orders"":1,""ask_orders"":2,""bid_price"":""507.15"",""ask_price"":""509.00""},{""bid_quantity"":40,""ask_quantity"":60,""bid_orders"":2,""ask_orders"":2,""bid_price"":""507.00"",""ask_price"":""509.10""}]"
09:15:51.364,1791517551364936358,2235293918870345,Full Data,8,1112083,648.20,20,09:15:51,,,613.98,145040,16180,37660,97520,"[{""bid_quantity"":60,""ask_quantity"":100,""bid_orders"":2,""ask_orders"":1,""bid_price"":""646.35"",""ask_price"":""648.30""},{""bid_quantity"":20,""ask_quantity"":100,""bid_orders"":1,""ask_orders"":4,""bid_price"":""646.30"",""ask_price"":""648.35""},{""bid_quantity"":20,""ask_quantity"":60,""bid_orders"":1,""ask_orders"":3,""bid_price"":""646.20"",""ask_price"":""648.50""},{""bid_quantity"":40,""ask_quantity"":20,""bid_orders"":2,""ask_orders"":1,""bid_price"":""646.15"",""ask_price"":""648.65""},{""bid_quantity"":60,""ask_quantity"":140,""bid_orders"":3,""ask_orders"":1,""bid_price"":""646.10"",""ask_price"":""648.70""}]"
09:15:51.371,1791517551371137158,2235293925071025,Full Data,8,1115207,705.80,20,09:15:51,,,670.69,105400,12780,26780,97240,"[{""bid_quantity"":20,""ask_quantity"":20,""bid_orders"":1,""ask_orders"":1,""bid_price"":""705.55"",""ask_price"":""707.50""},{""bid_quantity"":40,""ask_quantity"":80,""bid_orders"":2,""ask_orders"":4,""bid_price"":""705.35"",""ask_price"":""707.55""},{""bid_quantity"":60,""ask_quantity"":80,""bid_orders"":3,""ask_orders"":3,""bid_price"":""705.15"",""ask_price"":""707.70""},{""bid_quantity"":40,""ask_quantity"":40,""bid_orders"":1,""ask_orders"":2,""bid_price"":""705.10"",""ask_price"":""707.85""},{""bid_quantity"":20,""ask_quantity"":180,""bid_orders"":1,""ask_orders"":3,""bid_price"":""705.05"",""ask_price"":""708.20""}]"
09:15:51.602,1791517551602775974,2235294156710201,Full Data,8,1111309,769.90,20,09:15:51,,,725.95,69840,12780,26740,98080,"[{""bid_quantity"":60,""ask_quantity"":20,""bid_orders"":2,""ask_orders"":1,""bid_price"":""768.70"",""ask_price"":""769.90""},{""bid_quantity"":20,""ask_quantity"":20,""bid_orders"":1,""ask_orders"":1,""bid_price"":""768.65"",""ask_price"":""771.15""},{""bid_quantity"":40,""ask_quantity"":60,""bid_orders"":1,""ask_orders"":2,""bid_price"":""768.55"",""ask_price"":""771.20""},{""bid_quantity"":40,""ask_quantity"":20,""bid_orders"":2,""ask_orders"":1,""bid_price"":""768.50"",""ask_price"":""771.25""},{""bid_quantity"":40,""ask_quantity"":60,""bid_orders"":2,""ask_orders"":2,""bid_price"":""768.45"",""ask_price"":""771.30""}]"
09:15:51.631,1791517551631169398,2235294185103745,Ticker Data,0,51,71895.45,,09:15:51,,,,,,,,
09:15:51.664,1791517551664474293,2235294218408400,Full Data,8,1111309,769.90,20,09:15:51,,,725.96,69860,12820,27140,98080,"[{""bid_quantity"":80,""ask_quantity"":120,""bid_orders"":2,""ask_orders"":1,""bid_price"":""770.45"",""ask_price"":""773.10""},{""bid_quantity"":100,""ask_quantity"":20,""bid_orders"":2,""ask_orders"":1,""bid_price"":""770.40"",""ask_price"":""773.20""},{""bid_quantity"":120,""ask_quantity"":40,""bid_orders"":4,""ask_orders"":1,""bid_price"":""770.30"",""ask_price"":""774.05""},{""bid_quantity"":40,""ask_quantity"":40,""bid_orders"":2,""ask_orders"":1,""bid_price"":""770.25"",""ask_price"":""774.10""},{""bid_quantity"":20,""ask_quantity"":40,""bid_orders"":1,""ask_orders"":1,""bid_price"":""770.20"",""ask_price"":""774.80""}]"
09:15:51.733,1791517551733190057,2235294287124164,Full Data,8,1114046,386.35,20,09:15:51,,,422.36,85820,12120,38000,119180,"[{""bid_quantity"":40,""ask_quantity"":40,""bid_orders"":2,""ask_orders"":2,""bid_price"":""385.65"",""ask_price"":""386.80""},{""bid_quantity"":60,""ask_quantity"":20,""bid_orders"":2,""ask_orders"":1,""bid_price"":""385.60"",""ask_price"":""386.90""},{""bid_quantity"":60,""ask_quantity"":160,""bid_orders"":2,""ask_orders"":1,""bid_price"":""385.50"",""ask_price"":""387.10""},{""bid_quantity"":40,""ask_quantity"":20,""bid_orders"":1,""ask_orders"":1,""bid_price"":""385.30"",""ask_price"":""387.15""},{""bid_quantity"":120,""ask_quantity"":60,""bid_orders"":1,""ask_orders"":2,""bid_price"":""385.20"",""ask_price"":""387.20""}]"
09:15:51.767,1791517551767611319,2235294321545386,Full Data,8,1105793,594.75,100,09:15:51,,,559.77,94360,13300,26920,50360,"[{""bid_quantity"":60,""ask_quantity"":60,""bid_orders"":3,""ask_orders"":3,""bid_price"":""593.15"",""ask_price"":""594.90""},{""bid_quantity"":40,""ask_quantity"":60,""bid_orders"":2,""ask_orders"":3,""bid_price"":""593.10"",""ask_price"":""594.95""},{""bid_quantity"":40,""ask_quantity"":80,""bid_orders"":2,""ask_orders"":3,""bid_price"":""593.05"",""ask_price"":""595.05""},{""bid_quantity"":80,""ask_quantity"":40,""bid_orders"":3,""ask_orders"":2,""bid_price"":""593.00"",""ask_price"":""595.10""},{""bid_quantity"":60,""ask_quantity"":20,""bid_orders"":3,""ask_orders"":1,""bid_price"":""592.85"",""ask_price"":""595.20""}]"
09:15:51.833,1791517551833686466,2235294387621053,Full Data,8,1105793,595.45,40,09:15:51,,,559.88,94680,11880,25840,50360,"[{""bid_quantity"":40,""ask_quantity"":40,""bid_orders"":2,""ask_orders"":2,""bid_price"":""594.05"",""ask_price"":""595.70""},{""bid_quantity"":40,""ask_quantity"":60,""bid_orders"":2,""ask_orders"":3,""bid_price"":""594.00"",""ask_price"":""595.80""},{""bid_quantity"":60,""ask_quantity"":360,""bid_orders"":3,""ask_orders"":3,""bid_price"":""593.95"",""ask_price"":""595.90""},{""bid_quantity"":60,""ask_quantity"":40,""bid_orders"":3,""ask_orders"":2,""bid_price"":""593.90"",""ask_price"":""596.00""},{""bid_quantity"":20,""ask_quantity"":60,""bid_orders"":1,""ask_orders"":3,""bid_price"":""593.85"",""ask_price"":""596.10""}]"
09:15:51.861,1791517551861703006,2235294415637274,Full Data,8,1107704,606.00,80,09:15:51,,,653.76,16800,10100,11340,17620,"[{""bid_quantity"":40,""ask_quantity"":180,""bid_orders"":2,""ask_orders"":3,""bid_price"":""602.35"",""ask_price"":""604.80""},{""bid_quantity"":40,""ask_quantity"":100,""bid_orders"":2,""ask_orders"":4,""bid_price"":""602.20"",""ask_price"":""604.85""},{""bid_quantity"":60,""ask_quantity"":60,""bid_orders"":3,""ask_orders"":3,""bid_price"":""602.15"",""ask_price"":""604.95""},{""bid_quantity"":20,""ask_quantity"":20,""bid_orders"":1,""ask_orders"":1,""bid_price"":""602.00"",""ask_price"":""605.00""},{""bid_quantity"":40,""ask_quantity"":60,""bid_orders"":2,""ask_orders"":3,""bid_price"":""601.95"",""ask_price"":""605.05""}]"
09:15:51.885,1791517551885328359,2235294439262346,Full Data,8,1107704,606.00,80,09:15:51,,,653.76,16800,9680,11340,17620,"[{""bid_quantity"":40,""ask_quantity"":120,""bid_orders"":1,""ask_orders"":2,""bid_price"":""603.05"",""ask_price"":""605.20""},{""bid_quantity"":20,""ask_quantity"":60,""bid_orders"":1,""ask_orders"":3,""bid_price"":""603.00"",""ask_price"":""606.30""},{""bid_quantity"":40,""ask_quantity"":100,""bid_orders"":1,""ask_orders"":1,""bid_price"":""602.95"",""ask_price"":""606.40""},{""bid_quantity"":20,""ask_quantity"":300,""bid_orders"":1,""ask_orders"":1,""bid_price"":""602.85"",""ask_price"":""607.35""},{""bid_quantity"":40,""ask_quantity"":100,""bid_orders"":2,""ask_orders"":1,""bid_price"":""602.80"",""ask_price"":""607.40""}]"
09:15:51.891,1791517551891792681,2235294445726548,Full Data,8,1107336,351.90,20,09:15:51,,,393.10,127460,14900,51840,304080,"[{""bid_quantity"":260,""ask_quantity"":140,""bid_orders"":3,""ask_orders"":1,""bid_price"":""350.95"",""ask_price"":""352.20""},{""bid_quantity"":40,""ask_quantity"":60,""bid_orders"":1,""ask_orders"":2,""bid_price"":""350.60"",""ask_price"":""352.30""},{""bid_quantity"":60,""ask_quantity"":100,""bid_orders"":3,""ask_orders"":3,""bid_price"":""350.55"",""ask_price"":""352.35""},{""bid_quantity"":240,""ask_quantity"":100,""bid_orders"":4,""ask_orders"":2,""bid_price"":""350.35"",""ask_price"":""352.40""},{""bid_quantity"":60,""ask_quantity"":160,""bid_orders"":1,""ask_orders"":4,""bid_price"":""350.30"",""ask_price"":""352.50""}]"
09:15:51.910,1791517551910855084,2235294464789071,Full Data,8,1102591,556.20,20,09:15:51,,,605.21,81040,12880,21300,209460,"[{""bid_quantity"":20,""ask_quantity"":60,""bid_orders"":1,""ask_orders"":1,""bid_price"":""554.25"",""ask_price"":""555.70""},{""bid_quantity"":80,""ask_quantity"":40,""bid_orders"":1,""ask_orders"":2,""bid_price"":""554.15"",""ask_price"":""555.75""},{""bid_quantity"":20,""ask_quantity"":100,""bid_orders"":1,""ask_orders"":1,""bid_price"":""554.10"",""ask_price"":""555.80""},{""bid_quantity"":100,""ask_quantity"":40,""bid_orders"":2,""ask_orders"":1,""bid_price"":""554.05"",""ask_price"":""555.85""},{""bid_quantity"":20,""ask_quantity"":100,""bid_orders"":1,""ask_orders"":3,""bid_price"":""554.00"",""ask_price"":""555.90""}]"
09:15:51.951,1791517551951214385,2235294505148652,Full Data,8,1102591,554.40,20,09:15:51,,,605.20,81060,12960,21600,209460,"[{""bid_quantity"":40,""ask_quantity"":20,""bid_orders"":2,""ask_orders"":1,""bid_price"":""555.25"",""ask_price"":""556.65""},{""bid_quantity"":80,""ask_quantity"":40,""bid_orders"":1,""ask_orders"":2,""bid_price"":""555.20"",""ask_price"":""556.70""},{""bid_quantity"":80,""ask_quantity"":40,""bid_orders"":1,""ask_orders"":1,""bid_price"":""555.10"",""ask_price"":""556.85""},{""bid_quantity"":20,""ask_quantity"":40,""bid_orders"":1,""ask_orders"":1,""bid_price"":""555.05"",""ask_price"":""557.15""},{""bid_quantity"":40,""ask_quantity"":100,""bid_orders"":2,""ask_orders"":1,""bid_price"":""554.85"",""ask_price"":""557.20""}]"
09:15:52.038,1791517552038488788,2235294592422855,Full Data,8,1116183,540.20,20,09:15:52,,,506.38,230080,27580,60080,319760,"[{""bid_quantity"":40,""ask_quantity"":40,""bid_orders"":1,""ask_orders"":2,""bid_price"":""539.25"",""ask_price"":""540.30""},{""bid_quantity"":20,""ask_quantity"":60,""bid_orders"":1,""ask_orders"":3,""bid_price"":""539.20"",""ask_price"":""540.55""},{""bid_quantity"":60,""ask_quantity"":40,""bid_orders"":2,""ask_orders"":2,""bid_price"":""539.15"",""ask_price"":""540.70""},{""bid_quantity"":20,""ask_quantity"":40,""bid_orders"":1,""ask_orders"":1,""bid_price"":""539.10"",""ask_price"":""540.80""},{""bid_quantity"":60,""ask_quantity"":20,""bid_orders"":3,""ask_orders"":1,""bid_price"":""539.00"",""ask_price"":""540.90""}]"
09:15:52.089,1791517552089440557,2235294643374544,Full Data,8,1116183,538.90,20,09:15:52,,,506.42,230380,27740,57360,319760,"[{""bid_quantity"":20,""ask_quantity"":40,""bid_orders"":1,""ask_orders"":1,""bid_price"":""538.75"",""ask_price"":""540.30""},{""bid_quantity"":40,""ask_quantity"":40,""bid_orders"":2,""ask_orders"":2,""bid_price"":""538.70"",""ask_price"":""540.35""},{""bid_quantity"":20,""ask_quantity"":60,""bid_orders"":1,""ask_orders"":2,""bid_price"":""538.50"",""ask_price"":""540.40""},{""bid_quantity"":20,""ask_quantity"":40,""bid_orders"":1,""ask_orders"":2,""bid_price"":""538.35"",""ask_price"":""540.45""},{""bid_quantity"":60,""ask_quantity"":40,""bid_orders"":2,""ask_orders"":2,""bid_price"":""538.15"",""ask_price"":""540.55""}]"
09:15:52.177,1791517552177703087,2235294731637274,Full Data,8,1104245,490.00,40,09:15:52,,,456.90,60020,12080,19760,52960,"[{""bid_quantity"":40,""ask_quantity"":60,""bid_orders"":1,""ask_orders"":3,""bid_price"":""490.70"",""ask_price"":""492.15""},{""bid_quantity"":60,""ask_quantity"":100,""bid_orders"":2,""ask_orders"":2,""bid_price"":""490.65"",""ask_price"":""492.20""},{""bid_quantity"":80,""ask_quantity"":80,""bid_orders"":3,""ask_orders"":3,""bid_price"":""490.60"",""ask_price"":""492.25""},{""bid_quantity"":20,""ask_quantity"":40,""bid_orders"":1,""ask_orders"":1,""bid_price"":""490.55"",""ask_price"":""492.35""},{""bid_quantity"":20,""ask_quantity"":40,""bid_orders"":1,""ask_orders"":2,""bid_price"":""490.50"",""ask_price"":""492.75""}]"
09:15:52.196,1791517552196712770,2235294750646757,Full Data,8,1114813,463.45,100,09:15:52,,,509.24,108860,13700,16360,57500,"[{""bid_quantity"":80,""ask_quantity"":60,""bid_orders"":1,""ask_orders"":1,""bid_price"":""462.90"",""ask_price"":""463.45""},{""bid_quantity"":40,""ask_quantity"":280,""bid_orders"":2,""ask_orders"":3,""bid_price"":""462.85"",""ask_price"":""464.90""},{""bid_quantity"":100,""ask_quantity"":60,""bid_orders"":1,""ask_orders"":1,""bid_price"":""462.80"",""ask_price"":""465.00""},{""bid_quantity"":20,""ask_quantity"":20,""bid_orders"":1,""ask_orders"":1,""bid_price"":""462.75"",""ask_price"":""465.05""},{""bid_quantity"":20,""ask_quantity"":20,""bid_orders"":1,""ask_orders"":1,""bid_price"":""462.60"",""ask_price"":""465.20""}]"
09:15:52.217,1791517552217401624,2235294771335611,Full Data,8,1114464,836.30,20,09:15:52,,,788.98,89940,13180,45440,272380,"[{""bid_quantity"":40,""ask_quantity"":280,""bid_orders"":1,""ask_orders"":2,""bid_price"":""836.35"",""ask_price"":""838.00""},{""bid_quantity"":20,""ask_quantity"":100,""bid_orders"":1,""ask_orders"":1,""bid_price"":""836.30"",""ask_price"":""839.70""},{""bid_quantity"":20,""ask_quantity"":40,""bid_orders"":1,""ask_orders"":1,""bid_price"":""836.25"",""ask_price"":""840.00""},{""bid_quantity"":20,""ask_quantity"":40,""bid_orders"":1,""ask_orders"":1,""bid_price"":""836.15"",""ask_price"":""840.45""},{""bid_quantity"":40,""ask_quantity"":40,""bid_orders"":1,""ask_orders"":1,""bid_price"":""836.00"",""ask_price"":""840.50""}]"
09:15:52.259,1791517552259438575,2235294813372922,Full Data,8,1114813,463.45,20,09:15:52,,,509.23,108880,13740,16560,57500,"[{""bid_quantity"":80,""ask_quantity"":40,""bid_orders"":4,""ask_orders"":1,""bid_price"":""463.10"",""ask_price"":""463.45""},{""bid_quantity"":120,""ask_quantity"":40,""bid_orders"":3,""ask_orders"":1,""bid_price"":""463.05"",""ask_price"":""464.25""},{""bid_quantity"":20,""ask_quantity"":180,""bid_orders"":1,""ask_orders"":3,""bid_price"":""463.00"",""ask_price"":""464.90""},{""bid_quantity"":60,""ask_quantity"":80,""bid_orders"":3,""ask_orders"":2,""bid_price"":""462.95"",""ask_price"":""465.00""},{""bid_quantity"":20,""ask_quantity"":20,""bid_orders"":1,""ask_orders"":1,""bid_price"":""462.90"",""ask_price"":""465.05""}]"
09:15:52.261,1791517552261724350,2235294815658297,Full Data,8,1104245,490.00,40,09:15:52,,,456.90,60020,12440,18980,52960,"[{""bid_quantity"":160,""ask_quantity"":40,""bid_orders"":4,""ask_orders"":2,""bid_price"":""490.20"",""ask_price"":""491.70""},{""bid_quantity"":40,""ask_quantity"":40,""bid_orders"":1,""ask_orders"":2,""bid_price"":""490.15"",""ask_price"":""491.75""},{""bid_quantity"":20,""ask_quantity"":80,""bid_orders"":1,""ask_orders"":3,""bid_price"":""490.05"",""ask_price"":""491.80""},{""bid_quantity"":20,""ask_quantity"":40,""bid_orders"":1,""ask_orders"":2,""bid_price"":""489.95"",""ask_price"":""491.85""},{""bid_quantity"":60,""ask_quantity"":40,""bid_orders"":3,""ask_orders"":2,""bid_price"":""489.90"",""ask_price"":""491.90""}]"
09:15:52.267,1791517552267365066,2235294821298893,Full Data,8,1114464,836.30,20,09:15:52,,,788.98,89940,14260,45280,272380,"[{""bid_quantity"":20,""ask_quantity"":20,""bid_orders"":1,""ask_orders"":1,""bid_price"":""833.90"",""ask_price"":""836.35""},{""bid_quantity"":80,""ask_quantity"":20,""bid_orders"":1,""ask_orders"":1,""bid_price"":""833.75"",""ask_price"":""836.40""},{""bid_quantity"":20,""ask_quantity"":40,""bid_orders"":1,""ask_orders"":2,""bid_price"":""833.70"",""ask_price"":""836.50""},{""bid_quantity"":80,""ask_quantity"":60,""bid_orders"":1,""ask_orders"":3,""bid_price"":""833.50"",""ask_price"":""836.55""},{""bid_quantity"":160,""ask_quantity"":60,""bid_orders"":2,""ask_orders"":2,""bid_price"":""833.40"",""ask_price"":""836.70""}]"
09:15:52.304,1791517552304462866,2235294858397173,Full Data,8,1111639,506.40,20,09:15:52,,,555.44,56460,10340,14500,60460,"[{""bid_quantity"":20,""ask_quantity"":60,""bid_orders"":1,""ask_orders"":3,""bid_price"":""508.40"",""ask_price"":""509.95""},{""bid_quantity"":40,""ask_quantity"":40,""bid_orders"":1,""ask_orders"":1,""bid_price"":""508.35"",""ask_price"":""510.05""},{""bid_quantity"":40,""ask_quantity"":40,""bid_orders"":2,""ask_orders"":2,""bid_price"":""508.30"",""ask_price"":""510.10""},{""bid_quantity"":100,""ask_quantity"":40,""bid_orders"":2,""ask_orders"":1,""bid_price"":""508.25"",""ask_price"":""510.15""},{""bid_quantity"":60,""ask_quantity"":20,""bid_orders"":2,""ask_orders"":1,""bid_price"":""508.20"",""ask_price"":""510.25""}]"
09:15:52.369,1791517552369216364,2235294923150831,Full Data,8,1112083,648.30,200,09:15:52,,,614.40,146720,16340,34800,97520,"[{""bid_quantity"":20,""ask_quantity"":20,""bid_orders"":1,""ask_orders"":1,""bid_price"":""647.00"",""ask_price"":""648.85""},{""bid_quantity"":20,""ask_quantity"":20,""bid_orders"":1,""ask_orders"":1,""bid_price"":""646.65"",""ask_price"":""648.90""},{""bid_quantity"":20,""ask_quantity"":40,""bid_orders"":1,""ask_orders"":2,""bid_price"":""646.55"",""ask_price"":""649.10""},{""bid_quantity"":160,""ask_quantity"":40,""bid_orders"":3,""ask_orders"":1,""bid_price"":""646.40"",""ask_price"":""649.20""},{""bid_quantity"":20,""ask_quantity"":20,""bid_orders"":1,""ask_orders"":1,""bid_price"":""645.75"",""ask_price"":""649.25""}]"
09:15:52.374,1791517552374530558,2235294928464545,Full Data,8,1115207,706.40,100,09:15:52,,,671.19,106760,9900,23920,97240,"[{""bid_quantity"":20,""ask_quantity"":20,""bid_orders"":1,""ask_orders"":1,""bid_price"":""706.50"",""ask_price"":""707.45""},{""bid_quantity"":120,""ask_quantity"":20,""bid_orders"":2,""ask_orders"":1,""bid_price"":""704.95"",""ask_price"":""707.50""},{""bid_quantity"":20,""ask_quantity"":40,""bid_orders"":1,""ask_orders"":2,""bid_price"":""704.90"",""ask_price"":""707.65""},{""bid_quantity"":40,""ask_quantity"":40,""bid_orders"":1,""ask_orders"":2,""bid_price"":""704.85"",""ask_price"":""707.70""},{""bid_quantity"":80,""ask_quantity"":60,""bid_orders"":4,""ask_orders"":1,""bid_price"":""704.05"",""ask_price"":""707.85""}]"
09:15:52.416,1791517552416753751,2235294970687738,Full Data,8,1115207,704.30,20,09:15:52,,,671.22,106840,10280,24640,97240,"[{""bid_quantity"":100,""ask_quantity"":80,""bid_orders"":4,""ask_orders"":4,""bid_price"":""704.30"",""ask_price"":""707.40""},{""bid_quantity"":480,""ask_quantity"":380,""bid_orders"":5,""ask_orders"":4,""bid_price"":""704.25"",""ask_price"":""707.45""},{""bid_quantity"":220,""ask_quantity"":60,""bid_orders"":4,""ask_orders"":3,""bid_price"":""704.20"",""ask_price"":""707.50""},{""bid_quantity"":240,""ask_quantity"":160,""bid_orders"":4,""ask_orders"":2,""bid_price"":""704.00"",""ask_price"":""707.60""},{""bid_quantity"":120,""ask_quantity"":40,""bid_orders"":2,""ask_orders"":2,""bid_price"":""703.80"",""ask_price"":""707.70""}]"
09:15:52.601,1791517552601184702,2235295155118809,Ticker Data,0,51,71897.95,,09:15:52,,,,,,,,
09:15:52.666,1791517552666774246,2235295220708313,Full Data,8,1111309,765.00,20,09:15:52,,,726.36,70500,10740,23760,98080,"[{""bid_quantity"":20,""ask_quantity"":40,""bid_orders"":1,""ask_orders"":1,""bid_price"":""763.70"",""ask_price"":""765.85""},{""bid_quantity"":20,""ask_quantity"":40,""bid_orders"":1,""ask_orders"":1,""bid_price"":""763.50"",""ask_price"":""765.90""},{""bid_quantity"":80,""ask_quantity"":40,""bid_orders"":3,""ask_orders"":1,""bid_price"":""763.35"",""ask_price"":""765.95""},{""bid_quantity"":40,""ask_quantity"":20,""bid_orders"":1,""ask_orders"":1,""bid_price"":""763.30"",""ask_price"":""766.05""},{""bid_quantity"":40,""ask_quantity"":40,""bid_orders"":2,""ask_orders"":2,""bid_price"":""763.20"",""ask_price"":""766.25""}]"
09:15:52.733,1791517552733455236,2235295287389423,Full Data,8,1111309,765.00,20,09:15:52,,,726.36,70500,11080,23860,98080,"[{""bid_quantity"":80,""ask_quantity"":200,""bid_orders"":2,""ask_orders"":3,""bid_price"":""763.40"",""ask_price"":""765.45""},{""bid_quantity"":80,""ask_quantity"":20,""bid_orders"":3,""ask_orders"":1,""bid_price"":""763.35"",""ask_price"":""765.50""},{""bid_quantity"":120,""ask_quantity"":40,""bid_orders"":2,""ask_orders"":2,""bid_price"":""763.30"",""ask_price"":""765.70""},{""bid_quantity"":40,""ask_quantity"":20,""bid_orders"":2,""ask_orders"":1,""bid_price"":""763.15"",""ask_price"":""765.80""},{""bid_quantity"":20,""ask_quantity"":140,""bid_orders"":1,""ask_orders"":1,""bid_price"":""763.10"",""ask_price"":""765.85""}]"
09:15:52.768,1791517552768061980,2235295321996087,Full Data,8,1114046,390.00,40,09:15:52,,,421.95,86840,9340,36820,119180,"[{""bid_quantity"":20,""ask_quantity"":40,""bid_orders"":1,""ask_orders"":2,""bid_price"":""389.65"",""ask_price"":""390.25""},{""bid_quantity"":40,""ask_quantity"":100,""bid_orders"":2,""ask_orders"":1,""bid_price"":""389.60"",""ask_price"":""391.20""},{""bid_quantity"":60,""ask_quantity"":20,""bid_orders"":3,""ask_orders"":1,""bid_price"":""389.55"",""ask_price"":""391.40""},{""bid_quantity"":60,""ask_quantity"":100,""bid_orders"":3,""ask_orders"":1,""bid_price"":""389.40"",""ask_price"":""391.80""},{""bid_quantity"":60,""ask_quantity"":40,""bid_orders"":3,""ask_orders"":1,""bid_price"":""389.30"",""ask_price"":""392.75""}]"
09:15:52.792,1791517552792967341,2235295346901608,Full Data,8,1110871,428.10,20,09:15:52,,,465.82,91700,11480,17080,81380,"[{""bid_quantity"":40,""ask_quantity"":20,""bid_orders"":2,""ask_orders"":1,""bid_price"":""427.55"",""ask_price"":""428.80""},{""bid_quantity"":100,""ask_quantity"":20,""bid_orders"":2,""ask_orders"":1,""bid_price"":""427.50"",""ask_price"":""428.85""},{""bid_quantity"":60,""ask_quantity"":40,""bid_orders"":2,""ask_orders"":2,""bid_price"":""427.45"",""ask_price"":""429.00""},{""bid_quantity"":20,""ask_quantity"":180,""bid_orders"":1,""ask_orders"":3,""bid_price"":""427.40"",""ask_price"":""429.20""},{""bid_quantity"":20,""ask_quantity"":60,""bid_orders"":1,""ask_orders"":2,""bid_price"":""427.35"",""ask_price"":""429.30""}]"
09:15:52.846,1791517552846781688,2235295400715795,Full Data,8,1105793,587.45,40,09:15:52,,,560.94,97920,12840,26260,50360,"[{""bid_quantity"":60,""ask_quantity"":40,""bid_orders"":3,""ask_orders"":2,""bid_price"":""585.70"",""ask_price"":""587.35""},{""bid_quantity"":100,""ask_quantity"":60,""bid_orders"":4,""ask_orders"":3,""bid_price"":""585.65"",""ask_price"":""587.55""},{""bid_quantity"":60,""ask_quantity"":80,""bid_orders"":3,""ask_orders"":4,""bid_price"":""585.55"",""ask_price"":""587.60""},{""bid_quantity"":40,""ask_quantity"":60,""bid_orders"":2,""ask_orders"":3,""bid_price"":""585.50"",""ask_price"":""587.65""},{""bid_quantity"":100,""ask_quantity"":60,""bid_orders"":2,""ask_orders"":3,""bid_price"":""585.45"",""ask_price"":""587.75""}]"
09:15:52.880,1791517552880301985,2235295434235932,Full Data,8,1107704,610.15,40,09:15:52,,,653.55,16880,8440,12060,17620,"[{""bid_quantity"":80,""ask_quantity"":40,""bid_orders"":3,""ask_orders"":2,""bid_price"":""609.25"",""ask_price"":""610.00""},{""bid_quantity"":80,""ask_quantity"":40,""bid_orders"":3,""ask_orders"":1,""bid_price"":""609.10"",""ask_price"":""610.15""},{""bid_quantity"":60,""ask_quantity"":60,""bid_orders"":3,""ask_orders"":2,""bid_price"":""608.85"",""ask_price"":""610.50""},{""bid_quantity"":20,""ask_quantity"":260,""bid_orders"":1,""ask_orders"":3,""bid_price"":""608.75"",""ask_price"":""611.20""},{""bid_quantity"":60,""ask_quantity"":100,""bid_orders"":3,""ask_orders"":1,""bid_price"":""608.70"",""ask_price"":""611.60""}]"
09:15:52.981,1791517552981885921,2235295535820548,Full Data,8,1102591,562.60,160,09:15:52,,,604.31,82640,14000,22200,209460,"[{""bid_quantity"":60,""ask_quantity"":40,""bid_orders"":3,""ask_orders"":1,""bid_price"":""561.95"",""ask_price"":""563.20""},{""bid_quantity"":20,""ask_quantity"":20,""bid_orders"":1,""ask_orders"":1,""bid_price"":""561.60"",""ask_price"":""563.35""},{""bid_quantity"":120,""ask_quantity"":20,""bid_orders"":1,""ask_orders"":1,""bid_price"":""561.00"",""ask_price"":""563.50""},{""bid_quantity"":40,""ask_quantity"":240,""bid_orders"":1,""ask_orders"":3,""bid_price"":""560.75"",""ask_price"":""563.60""},{""bid_quantity"":240,""ask_quantity"":40,""bid_orders"":2,""ask_orders"":2,""bid_price"":""560.70"",""ask_price"":""563.85""}]"
09:15:53.090,1791517553090959465,2235295644893772,Full Data,8,1116183,532.00,120,09:15:53,,,506.88,234300,28360,55860,319760,"[{""bid_quantity"":20,""ask_quantity"":60,""bid_orders"":1,""ask_orders"":2,""bid_price"":""532.20"",""ask_price"":""533.55""},{""bid_quantity"":120,""ask_quantity"":60,""bid_orders"":5,""ask_orders"":3,""bid_price"":""532.10"",""ask_price"":""533.60""},{""bid_quantity"":80,""ask_quantity"":20,""bid_orders"":3,""ask_orders"":1,""bid_price"":""532.05"",""ask_price"":""533.65""},{""bid_quantity"":80,""ask_quantity"":20,""bid_orders"":4,""ask_orders"":1,""bid_price"":""532.00"",""ask_price"":""533.70""},{""bid_quantity"":20,""ask_quantity"":80,""bid_orders"":1,""ask_orders"":3,""bid_price"":""531.95"",""ask_price"":""533.75""}]"
09:15:53.138,1791517553138131250,2235295692065317,Full Data,8,1116183,532.30,60,09:15:53,,,506.94,234800,29920,55580,319760,"[{""bid_quantity"":40,""ask_quantity"":20,""bid_orders"":1,""ask_orders"":1,""bid_price"":""531.80"",""ask_price"":""532.40""},{""bid_quantity"":40,""ask_quantity"":80,""bid_orders"":2,""ask_orders"":4,""bid_price"":""531.05"",""ask_price"":""532.45""},{""bid_quantity"":240,""ask_quantity"":20,""bid_orders"":4,""ask_orders"":1,""bid_price"":""530.60"",""ask_price"":""532.50""},{""bid_quantity"":40,""ask_quantity"":20,""bid_orders"":1,""ask_orders"":1,""bid_price"":""530.10"",""ask_price"":""532.55""},{""bid_quantity"":120,""ask_quantity"":40,""bid_orders"":1,""ask_orders"":1,""bid_price"":""530.05"",""ask_price"":""532.65""}]"
09:15:53.259,1791517553259394393,2235295813328700,Full Data,8,1114813,474.40,20,09:15:53,,,508.64,110580,14220,18220,57500,"[{""bid_quantity"":20,""ask_quantity"":40,""bid_orders"":1,""ask_orders"":2,""bid_price"":""473.80"",""ask_price"":""475.70""},{""bid_quantity"":20,""ask_quantity"":40,""bid_orders"":1,""ask_orders"":1,""bid_price"":""473.70"",""ask_price"":""475.75""},{""bid_quantity"":160,""ask_quantity"":260,""bid_orders"":2,""ask_orders"":4,""bid_price"":""473.60"",""ask_price"":""475.80""},{""bid_quantity"":20,""ask_quantity"":100,""bid_orders"":1,""ask_orders"":1,""bid_price"":""473.50"",""ask_price"":""475.90""},{""bid_quantity"":60,""ask_quantity"":140,""bid_orders"":2,""ask_orders"":3,""bid_price"":""473.40"",""ask_price"":""475.95""}]"
09:15:53.316,1791517553316163719,2235295870098066,Full Data,8,1104245,482.30,20,09:15:53,,,457.72,61880,13720,19860,52960,"[{""bid_quantity"":40,""ask_quantity"":40,""bid_orders"":1,""ask_orders"":2,""bid_price"":""481.25"",""ask_price"":""482.60""},{""bid_quantity"":40,""ask_quantity"":20,""bid_orders"":2,""ask_orders"":1,""bid_price"":""481.20"",""ask_price"":""482.70""},{""bid_quantity"":20,""ask_quantity"":40,""bid_orders"":1,""ask_orders"":2,""bid_price"":""481.05"",""ask_price"":""482.75""},{""bid_quantity"":40,""ask_quantity"":40,""bid_orders"":1,""ask_orders"":2,""bid_price"":""481.00"",""ask_price"":""482.95""},{""bid_quantity"":60,""ask_quantity"":160,""bid_orders"":3,""ask_orders"":3,""bid_price"":""480.95"",""ask_price"":""483.00""}]"
09:15:53.318,1791517553318063012,2235295871996919,Full Data,8,1114464,826.25,200,09:15:53,,,789.88,92020,14500,46100,272380,"[{""bid_quantity"":40,""ask_quantity"":20,""bid_orders"":1,""ask_orders"":1,""bid_price"":""824.75"",""ask_price"":""827.15""},{""bid_quantity"":20,""ask_quantity"":20,""bid_orders"":1,""ask_orders"":1,""bid_price"":""824.70"",""ask_price"":""827.30""},{""bid_quantity"":40,""ask_quantity"":20,""bid_orders"":1,""ask_orders"":1,""bid_price"":""824.55"",""ask_price"":""827.40""},{""bid_quantity"":20,""ask_quantity"":20,""bid_orders"":1,""ask_orders"":1,""bid_price"":""824.50"",""ask_price"":""827.60""},{""bid_quantity"":40,""ask_quantity"":20,""bid_orders"":1,""ask_orders"":1,""bid_price"":""824.40"",""ask_price"":""827.75""}]"
09:15:53.323,1791517553323995490,2235295877929357,Full Data,8,1114813,474.40,20,09:15:53,,,508.64,110580,14840,18000,57500,"[{""bid_quantity"":40,""ask_quantity"":60,""bid_orders"":2,""ask_orders"":3,""bid_price"":""472.70"",""ask_price"":""473.80""},{""bid_quantity"":80,""ask_quantity"":60,""bid_orders"":4,""ask_orders"":2,""bid_price"":""472.65"",""ask_price"":""474.40""},{""bid_quantity"":20,""ask_quantity"":60,""bid_orders"":1,""ask_orders"":2,""bid_price"":""472.60"",""ask_price"":""474.75""},{""bid_quantity"":180,""ask_quantity"":60,""bid_orders"":3,""ask_orders"":2,""bid_price"":""472.55"",""ask_price"":""474.80""},{""bid_quantity"":160,""ask_quantity"":20,""bid_orders"":4,""ask_orders"":1,""bid_price"":""472.50"",""ask_price"":""474.95""}]"
09:15:53.365,1791517553365287597,2235295919221904,Full Data,8,1104245,481.65,20,09:15:53,,,457.73,61900,15600,20000,52960,"[{""bid_quantity"":40,""ask_quantity"":40,""bid_orders"":1,""ask_orders"":1,""bid_price"":""481.90"",""ask_price"":""483.10""},{""bid_quantity"":20,""ask_quantity"":40,""bid_orders"":1,""ask_orders"":2,""bid_price"":""481.85"",""ask_price"":""483.15""},{""bid_quantity"":40,""ask_quantity"":40,""bid_orders"":2,""ask_orders"":1,""bid_price"":""481.80"",""ask_price"":""483.30""},{""bid_quantity"":40,""ask_quantity"":60,""bid_orders"":1,""ask_orders"":2,""bid_price"":""481.70"",""ask_price"":""483.35""},{""bid_quantity"":60,""ask_quantity"":100,""bid_orders"":3,""ask_orders"":3,""bid_price"":""481.65"",""ask_price"":""483.40""}]"
09:15:53.367,1791517553367098688,2235295921032835,Full Data,8,1114464,827.40,20,09:15:53,,,789.90,92080,15040,46340,272380,"[{""bid_quantity"":20,""ask_quantity"":20,""bid_orders"":1,""ask_orders"":1,""bid_price"":""825.45"",""ask_price"":""827.85""},{""bid_quantity"":40,""ask_quantity"":40,""bid_orders"":1,""ask_orders"":2,""bid_price"":""825.35"",""ask_price"":""827.90""},{""bid_quantity"":20,""ask_quantity"":140,""bid_orders"":1,""ask_orders"":1,""bid_price"":""825.30"",""ask_price"":""828.00""},{""bid_quantity"":40,""ask_quantity"":20,""bid_orders"":1,""ask_orders"":1,""bid_price"":""825.15"",""ask_price"":""828.05""},{""bid_quantity"":40,""ask_quantity"":40,""bid_orders"":2,""ask_orders"":1,""bid_price"":""825.10"",""ask_price"":""828.45""}]"
09:15:53.377,1791517553377170433,2235295931104180,Full Data,8,1111639,519.30,40,09:15:53,,,554.20,58280,10220,16740,60460,"[{""bid_quantity"":80,""ask_quantity"":40,""bid_orders"":1,""ask_orders"":1,""bid_price"":""515.25"",""ask_price"":""517.25""},{""bid_quantity"":100,""ask_quantity"":40,""bid_orders"":1,""ask_orders"":2,""bid_price"":""514.50"",""ask_price"":""517.30""},{""bid_quantity"":100,""ask_quantity"":20,""bid_orders"":1,""ask_orders"":1,""bid_price"":""514.00"",""ask_price"":""517.35""},{""bid_quantity"":100,""ask_quantity"":20,""bid_orders"":1,""ask_orders"":1,""bid_price"":""513.80"",""ask_price"":""517.45""},{""bid_quantity"":20,""ask_quantity"":20,""bid_orders"":1,""ask_orders"":1,""bid_price"":""513.35"",""ask_price"":""517.55""}]"
09:15:53.422,1791517553422400405,2235295976334432,Full Data,8,1111639,515.65,20,09:15:53,,,554.19,58300,10220,18060,60460,"[{""bid_quantity"":60,""ask_quantity"":20,""bid_orders"":2,""ask_orders"":1,""bid_price"":""515.65"",""ask_price"":""516.80""},{""bid_quantity"":180,""ask_quantity"":80,""bid_orders"":3,""ask_orders"":3,""bid_price"":""515.60"",""ask_price"":""517.10""},{""bid_quantity"":100,""ask_quantity"":60,""bid_orders"":4,""ask_orders"":2,""bid_price"":""515.55"",""ask_price"":""517.45""},{""bid_quantity"":140,""ask_quantity"":40,""bid_orders"":4,""ask_orders"":2,""bid_price"":""515.50"",""ask_price"":""517.50""},{""bid_quantity"":20,""ask_quantity"":40,""bid_orders"":1,""ask_orders"":2,""bid_price"":""515.45"",""ask_price"":""517.55""}]"
09:15:53.477,1791517553477558042,2235296031492109,Full Data,8,1115207,703.75,60,09:15:53,,,671.69,108440,10140,24360,97240,"[{""bid_quantity"":60,""ask_quantity"":100,""bid_orders"":3,""ask_orders"":1,""bid_price"":""702.65"",""ask_price"":""704.00""},{""bid_quantity"":40,""ask_quantity"":20,""bid_orders"":2,""ask_orders"":1,""bid_price"":""702.55"",""ask_price"":""704.05""},{""bid_quantity"":40,""ask_quantity"":60,""bid_orders"":2,""ask_orders"":2,""bid_price"":""702.50"",""ask_price"":""704.80""},{""bid_quantity"":40,""ask_quantity"":100,""bid_orders"":2,""ask_orders"":3,""bid_price"":""702.35"",""ask_price"":""704.95""},{""bid_quantity"":20,""ask_quantity"":20,""bid_orders"":1,""ask_orders"":1,""bid_price"":""702.30"",""ask_price"":""705.25""}]"
09:15:53.510,1791517553510093292,2235296064027679,Full Data,8,1112083,644.75,20,09:15:53,,,614.98,149780,13480,36940,97520,"[{""bid_quantity"":20,""ask_quantity"":40,""bid_orders"":1,""ask_orders"":1,""bid_price"":""644.80"",""ask_price"":""645.50""},{""bid_quantity"":40,""ask_quantity"":40,""bid_orders"":2,""ask_orders"":1,""bid_price"":""644.75"",""ask_price"":""645.70""},{""bid_quantity"":20,""ask_quantity"":60,""bid_orders"":1,""ask_orders"":2,""bid_price"":""644.70"",""ask_price"":""646.55""},{""bid_quantity"":80,""ask_quantity"":40,""bid_orders"":3,""ask_orders"":2,""bid_price"":""644.65"",""ask_price"":""646.75""},{""bid_quantity"":20,""ask_quantity"":100,""bid_orders"":1,""ask_orders"":1,""bid_price"":""644.60"",""ask_price"":""646.80""}]"
09:15:53.636,1791517553636165466,2235296190099653,Ticker Data,0,51,71896.54,,09:15:53,,,,,,,,
09:15:53.767,1791517553767099352,2235296321033419,Full Data,8,1111309,766.85,20,09:15:53,,,726.67,71080,9320,21500,98080,"[{""bid_quantity"":20,""ask_quantity"":40,""bid_orders"":1,""ask_orders"":1,""bid_price"":""763.45"",""ask_price"":""766.45""},{""bid_quantity"":40,""ask_quantity"":60,""bid_orders"":1,""ask_orders"":2,""bid_price"":""763.35"",""ask_price"":""766.50""},{""bid_quantity"":260,""ask_quantity"":20,""bid_orders"":4,""ask_orders"":1,""bid_price"":""763.30"",""ask_price"":""766.55""},{""bid_quantity"":20,""ask_quantity"":20,""bid_orders"":1,""ask_orders"":1,""bid_price"":""762.95"",""ask_price"":""766.65""},{""bid_quantity"":20,""ask_quantity"":20,""bid_orders"":1,""ask_orders"":1,""bid_price"":""762.70"",""ask_price"":""766.80""}]"
09:15:53.768,1791517553768378880,2235296322312747,Full Data,8,1114046,393.95,40,09:15:53,,,421.66,87700,10840,36200,119180,"[{""bid_quantity"":140,""ask_quantity"":20,""bid_orders"":1,""ask_orders"":1,""bid_price"":""395.20"",""ask_price"":""396.45""},{""bid_quantity"":60,""ask_quantity"":20,""bid_orders"":3,""ask_orders"":1,""bid_price"":""395.10"",""ask_price"":""396.50""},{""bid_quantity"":60,""ask_quantity"":80,""bid_orders"":2,""ask_orders"":4,""bid_price"":""394.95"",""ask_price"":""396.85""},{""bid_quantity"":40,""ask_quantity"":60,""bid_orders"":2,""ask_orders"":3,""bid_price"":""394.90"",""ask_price"":""396.90""},{""bid_quantity"":460,""ask_quantity"":200,""bid_orders"":4,""ask_orders"":2,""bid_price"":""394.80"",""ask_price"":""397.15""}]"
09:15:53.815,1791517553815544344,2235296369478451,Full Data,8,1111309,766.85,20,09:15:53,,,726.67,71080,9160,22820,98080,"[{""bid_quantity"":80,""ask_quantity"":20,""bid_orders"":2,""ask_orders"":1,""bid_price"":""763.95"",""ask_price"":""766.05""},{""bid_quantity"":20,""ask_quantity"":40,""bid_orders"":1,""ask_orders"":2,""bid_price"":""763.90"",""ask_price"":""768.95""},{""bid_quantity"":40,""ask_quantity"":160,""bid_orders"":2,""ask_orders"":2,""bid_price"":""763.85"",""ask_price"":""769.25""},{""bid_quantity"":80,""ask_quantity"":40,""bid_orders"":1,""ask_orders"":1,""bid_price"":""763.80"",""ask_price"":""770.60""},{""bid_quantity"":20,""ask_quantity"":20,""bid_orders"":1,""ask_orders"":1,""bid_price"":""763.70"",""ask_price"":""770.65""}]"
09:15:53.848,1791517553848986480,2235296402920667,Full Data,8,1110871,433.35,20,09:15:53,,,465.29,93120,11860,16500,81380,"[{""bid_quantity"":140,""ask_quantity"":20,""bid_orders"":4,""ask_orders"":1,""bid_price"":""431.55"",""ask_price"":""433.05""},{""bid_quantity"":40,""ask_quantity"":20,""bid_orders"":2,""ask_orders"":1,""bid_price"":""431.50"",""ask_price"":""433.10""},{""bid_quantity"":40,""ask_quantity"":20,""bid_orders"":1,""ask_orders"":1,""bid_price"":""431.45"",""ask_price"":""433.15""},{""bid_quantity"":40,""ask_quantity"":40,""bid_orders"":2,""ask_orders"":2,""bid_price"":""431.30"",""ask_price"":""433.20""},{""bid_quantity"":20,""ask_quantity"":40,""bid_orders"":1,""ask_orders"":1,""bid_price"":""431.10"",""ask_price"":""433.30""}]"
09:15:53.899,1791517553899799528,2235296453733555,Full Data,8,1107704,615.15,20,09:15:53,,,653.07,17080,9640,12680,17620,"[{""bid_quantity"":60,""ask_quantity"":20,""bid_orders"":2,""ask_orders"":1,""bid_price"":""611.60"",""ask_price"":""613.25""},{""bid_quantity"":60,""ask_quantity"":60,""bid_orders"":2,""ask_orders"":2,""bid_price"":""611.55"",""ask_price"":""613.55""},{""bid_quantity"":20,""ask_quantity"":60,""bid_orders"":1,""ask_orders"":2,""bid_price"":""611.45"",""ask_price"":""613.60""},{""bid_quantity"":20,""ask_quantity"":40,""bid_orders"":1,""ask_orders"":2,""bid_price"":""611.20"",""ask_price"":""613.85""},{""bid_quantity"":80,""ask_quantity"":80,""bid_orders"":3,""ask_orders"":4,""bid_price"":""611.15"",""ask_price"":""613.90""}]"
09:15:53.913,1791517553913699778,2235296467633685,Full Data,8,1107704,615.15,20,09:15:53,,,653.07,17080,9420,10600,17620,"[{""bid_quantity"":60,""ask_quantity"":20,""bid_orders"":2,""ask_orders"":1,""bid_price"":""610.75"",""ask_price"":""612.85""},{""bid_quantity"":60,""ask_quantity"":80,""bid_orders"":3,""ask_orders"":3,""bid_price"":""610.70"",""ask_price"":""613.60""},{""bid_quantity"":80,""ask_quantity"":80,""bid_orders"":3,""ask_orders"":4,""bid_price"":""610.55"",""ask_price"":""613.90""},{""bid_quantity"":60,""ask_quantity"":120,""bid_orders"":3,""ask_orders"":2,""bid_price"":""610.50"",""ask_price"":""614.40""},{""bid_quantity"":140,""ask_quantity"":120,""bid_orders"":3,""ask_orders"":2,""bid_price"":""610.40"",""ask_price"":""614.80""}]"
09:15:53.923,1791517553923531602,2235296477465629,Full Data,8,1107336,357.20,20,09:15:53,,,392.09,131100,13880,52360,304080,"[{""bid_quantity"":60,""ask_quantity"":120,""bid_orders"":2,""ask_orders"":5,""bid_price"":""357.20"",""ask_price"":""358.50""},{""bid_quantity"":160,""ask_quantity"":60,""bid_orders"":4,""ask_orders"":2,""bid_price"":""357.00"",""ask_price"":""358.60""},{""bid_quantity"":160,""ask_quantity"":120,""bid_orders"":2,""ask_orders"":5,""bid_price"":""356.80"",""ask_price"":""358.70""},{""bid_quantity"":100,""ask_quantity"":220,""bid_orders"":3,""ask_orders"":4,""bid_price"":""356.60"",""ask_price"":""358.80""},{""bid_quantity"":120,""ask_quantity"":80,""bid_orders"":2,""ask_orders"":3,""bid_price"":""356.50"",""ask_price"":""358.85""}]"
09:15:53.944,1791517553944645858,2235296498579965,Full Data,8,1105793,586.60,20,09:15:53,,,561.67,100640,12760,25080,50360,"[{""bid_quantity"":40,""ask_quantity"":100,""bid_orders"":2,""ask_orders"":5,""bid_price"":""587.00"",""ask_price"":""588.50""},{""bid_quantity"":40,""ask_quantity"":80,""bid_orders"":2,""ask_orders"":3,""bid_price"":""586.95"",""ask_price"":""588.75""},{""bid_quantity"":60,""ask_quantity"":80,""bid_orders"":3,""ask_orders"":4,""bid_price"":""586.90"",""ask_price"":""589.35""},{""bid_quantity"":60,""ask_quantity"":20,""bid_orders"":3,""ask_orders"":1,""bid_price"":""586.85"",""ask_price"":""589.40""},{""bid_quantity"":40,""ask_quantity"":40,""bid_orders"":2,""ask_orders"":2,""bid_price"":""586.80"",""ask_price"":""589.45""}]"
09:15:53.976,1791517553976235742,2235296530170009,Full Data,8,1102591,565.25,20,09:15:53,,,603.86,83600,15320,22580,209460,"[{""bid_quantity"":80,""ask_quantity"":20,""bid_orders"":1,""ask_orders"":1,""bid_price"":""561.95"",""ask_price"":""563.05""},{""bid_quantity"":80,""ask_quantity"":20,""bid_orders"":2,""ask_orders"":1,""bid_price"":""561.90"",""ask_price"":""563.10""},{""bid_quantity"":140,""ask_quantity"":60,""bid_orders"":3,""ask_orders"":3,""bid_price"":""561.75"",""ask_price"":""563.45""},{""bid_quantity"":80,""ask_quantity"":20,""bid_orders"":1,""ask_orders"":1,""bid_price"":""561.60"",""ask_price"":""563.90""},{""bid_quantity"":80,""ask_quantity"":80,""bid_orders"":3,""ask_orders"":4,""bid_price"":""561.55"",""ask_price"":""564.60""}]"
09:15:54.008,1791517554008591631,2235296562525938,Full Data,8,1102591,565.25,20,09:15:53,,,603.86,83600,15520,22900,209460,"[{""bid_quantity"":100,""ask_quantity"":20,""bid_orders"":2,""ask_orders"":1,""bid_price"":""561.35"",""ask_price"":""562.55""},{""bid_quantity"":80,""ask_quantity"":20,""bid_orders"":2,""ask_orders"":1,""bid_price"":""561.30"",""ask_price"":""562.75""},{""bid_quantity"":120,""ask_quantity"":40,""bid_orders"":4,""ask_orders"":2,""bid_price"":""561.20"",""ask_price"":""562.80""},{""bid_quantity"":120,""ask_quantity"":20,""bid_orders"":3,""ask_orders"":1,""bid_price"":""561.15"",""ask_price"":""562.85""},{""bid_quantity"":40,""ask_quantity"":20,""bid_orders"":1,""ask_orders"":1,""bid_price"":""561.10"",""ask_price"":""562.90""}]"
09:15:54.015,1791517554015300234,2235296569234301,Full Data,8,1105793,594.50,20,09:15:53,,,561.96,101640,14560,25060,50360,"[{""bid_quantity"":20,""ask_quantity"":220,""bid_orders"":1,""ask_orders"":4,""bid_price"":""590.05"",""ask_price"":""593.35""},{""bid_quantity"":40,""ask_quantity"":40,""bid_orders"":2,""ask_orders"":2,""bid_price"":""590.00"",""ask_price"":""593.40""},{""bid_quantity"":60,""ask_quantity"":160,""bid_orders"":3,""ask_orders"":1,""bid_price"":""589.85"",""ask_price"":""593.45""},{""bid_quantity"":40,""ask_quantity"":20,""bid_orders"":2,""ask_orders"":1,""bid_price"":""589.80"",""ask_price"":""593.50""},{""bid_quantity"":40,""ask_quantity"":20,""bid_orders"":2,""ask_orders"":1,""bid_price"":""589.65"",""ask_price"":""593.55""}]"
09:15:54.149,1791517554149197059,2235296703131206,Full Data,8,1116183,536.00,20,09:15:54,,,507.47,239360,28200,55760,319760,"[{""bid_quantity"":20,""ask_quantity"":40,""bid_orders"":1,""ask_orders"":2,""bid_price"":""535.70"",""ask_price"":""537.10""},{""bid_quantity"":40,""ask_quantity"":40,""bid_orders"":1,""ask_orders"":2,""bid_price"":""535.60"",""ask_price"":""537.25""},{""bid_quantity"":40,""ask_quantity"":60,""bid_orders"":2,""ask_orders"":2,""bid_price"":""535.55"",""ask_price"":""537.35""},{""bid_quantity"":40,""ask_quantity"":40,""bid_orders"":1,""ask_orders"":2,""bid_price"":""535.50"",""ask_price"":""537.40""},{""bid_quantity"":60,""ask_quantity"":40,""bid_orders"":3,""ask_orders"":1,""bid_price"":""535.25"",""ask_price"":""537.45""}]"
09:15:54.188,1791517554188426192,2235296742360179,Full Data,8,1116183,535.00,40,09:15:54,,,507.50,239620,27060,54560,319760,"[{""bid_quantity"":120,""ask_quantity"":40,""bid_orders"":2,""ask_orders"":1,""bid_price"":""533.35"",""ask_price"":""534.55""},{""bid_quantity"":40,""ask_quantity"":40,""bid_orders"":2,""ask_orders"":2,""bid_price"":""533.05"",""ask_price"":""534.60""},{""bid_quantity"":140,""ask_quantity"":40,""bid_orders"":3,""ask_orders"":2,""bid_price"":""533.00"",""ask_price"":""534.70""},{""bid_quantity"":40,""ask_quantity"":20,""bid_orders"":1,""ask_orders"":1,""bid_price"":""532.75"",""ask_price"":""534.85""},{""bid_quantity"":160,""ask_quantity"":140,""bid_orders"":3,""ask_orders"":2,""bid_price"":""532.70"",""ask_price"":""534.90""}]"
09:15:54.310,1791517554310366100,2235296864300407,Full Data,8,1114813,470.35,20,09:15:54,,,508.32,111540,16440,19780,57500,"[{""bid_quantity"":20,""ask_quantity"":20,""bid_orders"":1,""ask_orders"":1,""bid_price"":""470.20"",""ask_price"":""471.45""},{""bid_quantity"":100,""ask_quantity"":20,""bid_orders"":2,""ask_orders"":1,""bid_price"":""470.10"",""ask_price"":""471.50""},{""bid_quantity"":100,""ask_quantity"":20,""bid_orders"":3,""ask_orders"":1,""bid_price"":""470.05"",""ask_price"":""471.65""},{""bid_quantity"":60,""ask_quantity"":60,""bid_orders"":3,""ask_orders"":3,""bid_price"":""469.85"",""ask_price"":""471.75""},{""bid_quantity"":40,""ask_quantity"":80,""bid_orders"":1,""ask_orders"":3,""bid_price"":""469.80"",""ask_price"":""471.90""}]"
09:15:54.336,1791517554336816631,2235296890751058,Full Data,8,1104245,485.05,20,09:15:54,,,458.60,63860,13340,19700,52960,"[{""bid_quantity"":20,""ask_quantity"":40,""bid_orders"":1,""ask_orders"":2,""bid_price"":""484.10"",""ask_price"":""484.25""},{""bid_quantity"":40,""ask_quantity"":60,""bid_orders"":2,""ask_orders"":2,""bid_price"":""484.05"",""ask_price"":""485.45""},{""bid_quantity"":40,""ask_quantity"":240,""bid_orders"":1,""ask_orders"":4,""bid_price"":""483.60"",""ask_price"":""485.55""},{""bid_quantity"":20,""ask_quantity"":100,""bid_orders"":1,""ask_orders"":1,""bid_price"":""483.55"",""ask_price"":""486.40""},{""bid_quantity"":20,""ask_quantity"":160,""bid_orders"":1,""ask_orders"":3,""bid_price"":""483.50"",""ask_price"":""486.60""}]"
09:15:54.366,1791517554366542943,2235296920477250,Full Data,8,1114813,470.20,40,09:15:54,,,508.30,111580,14160,18500,57500,"[{""bid_quantity"":100,""ask_quantity"":20,""bid_orders"":4,""ask_orders"":1,""bid_price"":""470.15"",""ask_price"":""471.55""},{""bid_quantity"":60,""ask_quantity"":60,""bid_orders"":3,""ask_orders"":3,""bid_price"":""470.10"",""ask_price"":""471.60""},{""bid_quantity"":20,""ask_quantity"":20,""bid_orders"":1,""ask_orders"":1,""bid_price"":""470.05"",""ask_price"":""471.70""},{""bid_quantity"":40,""ask_quantity"":40,""bid_orders"":2,""ask_orders"":2,""bid_price"":""470.00"",""ask_price"":""471.75""},{""bid_quantity"":40,""ask_quantity"":120,""bid_orders"":2,""ask_orders"":2,""bid_price"":""469.95"",""ask_price"":""471.90""}]"
09:15:54.406,1791517554406496441,2235296960430788,Full Data,8,1104245,485.05,20,09:15:54,,,458.60,63860,13140,20040,52960,"[{""bid_quantity"":60,""ask_quantity"":60,""bid_orders"":2,""ask_orders"":2,""bid_price"":""483.00"",""ask_price"":""484.10""},{""bid_quantity"":60,""ask_quantity"":60,""bid_orders"":2,""ask_orders"":3,""bid_price"":""482.95"",""ask_price"":""484.25""},{""bid_quantity"":260,""ask_quantity"":60,""bid_orders"":2,""ask_orders"":2,""bid_price"":""482.90"",""ask_price"":""485.45""},{""bid_quantity"":60,""ask_quantity"":40,""bid_orders"":2,""ask_orders"":1,""bid_price"":""482.85"",""ask_price"":""485.50""},{""bid_quantity"":20,""ask_quantity"":280,""bid_orders"":1,""ask_orders"":5,""bid_price"":""482.75"",""ask_price"":""485.55""}]"
09:15:54.438,1791517554438296166,2235296992230153,Full Data,8,1111639,515.35,20,09:15:54,,,553.62,59180,10320,15340,60460,"[{""bid_quantity"":40,""ask_quantity"":20,""bid_orders"":1,""ask_orders"":1,""bid_price"":""513.75"",""ask_price"":""515.15""},{""bid_quantity"":40,""ask_quantity"":200,""bid_orders"":1,""ask_orders"":3,""bid_price"":""513.70"",""ask_price"":""515.35""},{""bid_quantity"":60,""ask_quantity"":20,""bid_orders"":2,""ask_orders"":1,""bid_price"":""513.65"",""ask_price"":""515.55""},{""bid_quantity"":20,""ask_quantity"":120,""bid_orders"":1,""ask_orders"":4,""bid_price"":""513.55"",""ask_price"":""515.65""},{""bid_quantity"":40,""ask_quantity"":60,""bid_orders"":2,""ask_orders"":2,""bid_price"":""513.45"",""ask_price"":""515.85""}]"
09:15:54.474,1791517554474284278,2235297028218425,Full Data,8,1114464,827.30,20,09:15:54,,,790.57,93620,14640,46180,272380,"[{""bid_quantity"":40,""ask_quantity"":20,""bid_orders"":1,""ask_orders"":1,""bid_price"":""826.90"",""ask_price"":""829.60""},{""bid_quantity"":80,""ask_quantity"":40,""bid_orders"":2,""ask_orders"":2,""bid_price"":""826.75"",""ask_price"":""829.65""},{""bid_quantity"":80,""ask_quantity"":40,""bid_orders"":2,""ask_orders"":2,""bid_price"":""826.70"",""ask_price"":""829.75""},{""bid_quantity"":280,""ask_quantity"":20,""bid_orders"":3,""ask_orders"":1,""bid_price"":""826.65"",""ask_price"":""829.85""},{""bid_quantity"":60,""ask_quantity"":20,""bid_orders"":3,""ask_orders"":1,""bid_price"":""826.60"",""ask_price"":""830.65""}]"
09:15:54.480,1791517554480844761,2235297034778668,Full Data,8,1111639,513.75,40,09:15:54,,,553.59,59220,10400,15940,60460,"[{""bid_quantity"":60,""ask_quantity"":60,""bid_orders"":3,""ask_orders"":2,""bid_price"":""514.05"",""ask_price"":""515.70""},{""bid_quantity"":60,""ask_quantity"":100,""bid_orders"":3,""ask_orders"":3,""bid_price"":""513.95"",""ask_price"":""515.85""},{""bid_quantity"":160,""ask_quantity"":160,""bid_orders"":2,""ask_orders"":3,""bid_price"":""513.80"",""ask_price"":""515.90""},{""bid_quantity"":20,""ask_quantity"":60,""bid_orders"":1,""ask_orders"":2,""bid_price"":""513.75"",""ask_price"":""515.95""},{""bid_quantity"":40,""ask_quantity"":40,""bid_orders"":1,""ask_orders"":1,""bid_price"":""513.65"",""ask_price"":""516.10""}]"
09:15:54.524,1791517554524017520,2235297077951467,Full Data,8,1115207,702.40,20,09:15:54,,,672.81,112260,12500,31300,97240,"[{""bid_quantity"":20,""ask_quantity"":20,""bid_orders"":1,""ask_orders"":1,""bid_price"":""702.45"",""ask_price"":""704.95""},{""bid_quantity"":160,""ask_quantity"":180,""bid_orders"":2,""ask_orders"":2,""bid_price"":""702.40"",""ask_price"":""705.00""},{""bid_quantity"":40,""ask_quantity"":100,""bid_orders"":2,""ask_orders"":4,""bid_price"":""702.30"",""ask_price"":""705.10""},{""bid_quantity"":40,""ask_quantity"":40,""bid_orders"":2,""ask_orders"":1,""bid_price"":""702.20"",""ask_price"":""705.45""},{""bid_quantity"":40,""ask_quantity"":340,""bid_orders"":2,""ask_orders"":5,""bid_price"":""702.15"",""ask_price"":""705.55""}]"
09:15:54.526,1791517554526493016,2235297080426923,Full Data,8,1112083,645.20,20,09:15:54,,,615.34,151600,15840,38100,97520,"[{""bid_quantity"":40,""ask_quantity"":20,""bid_orders"":1,""ask_orders"":1,""bid_price"":""643.65"",""ask_price"":""645.65""},{""bid_quantity"":40,""ask_quantity"":60,""bid_orders"":2,""ask_orders"":2,""bid_price"":""643.60"",""ask_price"":""645.70""},{""bid_quantity"":60,""ask_quantity"":120,""bid_orders"":2,""ask_orders"":2,""bid_price"":""643.45"",""ask_price"":""645.75""},{""bid_quantity"":40,""ask_quantity"":60,""bid_orders"":2,""ask_orders"":3,""bid_price"":""643.40"",""ask_price"":""645.95""},{""bid_quantity"":40,""ask_quantity"":100,""bid_orders"":2,""ask_orders"":2,""bid_price"":""643.25"",""ask_price"":""646.10""}]"
09:15:54.564,1791517554564394660,2235297118328807,Full Data,8,1115207,702.50,20,09:15:54,,,672.82,112300,11540,31240,97240,"[{""bid_quantity"":20,""ask_quantity"":20,""bid_orders"":1,""ask_orders"":1,""bid_price"":""702.40"",""ask_price"":""704.80""},{""bid_quantity"":20,""ask_quantity"":20,""bid_orders"":1,""ask_orders"":1,""bid_price"":""702.35"",""ask_price"":""704.95""},{""bid_quantity"":20,""ask_quantity"":20,""bid_orders"":1,""ask_orders"":1,""bid_price"":""702.30"",""ask_price"":""705.05""},{""bid_quantity"":20,""ask_quantity"":200,""bid_orders"":1,""ask_orders"":1,""bid_price"":""702.25"",""ask_price"":""705.15""},{""bid_quantity"":60,""ask_quantity"":40,""bid_orders"":3,""ask_orders"":2,""bid_price"":""702.15"",""ask_price"":""705.20""}]"
09:15:54.599,1791517554599668128,2235297153602315,Full Data,8,1112083,644.20,20,09:15:54,,,615.37,151740,14580,35620,97520,"[{""bid_quantity"":240,""ask_quantity"":20,""bid_orders"":2,""ask_orders"":1,""bid_price"":""641.60"",""ask_price"":""644.00""},{""bid_quantity"":60,""ask_quantity"":20,""bid_orders"":2,""ask_orders"":1,""bid_price"":""641.35"",""ask_price"":""644.10""},{""bid_quantity"":160,""ask_quantity"":20,""bid_orders"":4,""ask_orders"":1,""bid_price"":""641.30"",""ask_price"":""644.15""},{""bid_quantity"":40,""ask_quantity"":40,""bid_orders"":1,""ask_orders"":1,""bid_price"":""640.95"",""ask_price"":""644.20""},{""bid_quantity"":100,""ask_quantity"":20,""bid_orders"":2,""ask_orders"":1,""bid_price"":""640.90"",""ask_price"":""644.25""}]"
09:15:54.638,1791517554638331538,2235297192265645,Ticker Data,0,51,71898.55,,09:15:54,,,,,,,,
09:15:54.769,1791517554769414304,2235297323348571,Full Data,8,1114046,395.05,60,09:15:54,,,421.40,88520,11640,36840,119180,"[{""bid_quantity"":80,""ask_quantity"":500,""bid_orders"":3,""ask_orders"":4,""bid_price"":""393.60"",""ask_price"":""395.40""},{""bid_quantity"":180,""ask_quantity"":20,""bid_orders"":2,""ask_orders"":1,""bid_price"":""393.55"",""ask_price"":""395.55""},{""bid_quantity"":20,""ask_quantity"":200,""bid_orders"":1,""ask_orders"":2,""bid_price"":""393.45"",""ask_price"":""395.60""},{""bid_quantity"":40,""ask_quantity"":20,""bid_orders"":2,""ask_orders"":1,""bid_price"":""393.35"",""ask_price"":""395.65""},{""bid_quantity"":20,""ask_quantity"":40,""bid_orders"":1,""ask_orders"":1,""bid_price"":""393.25"",""ask_price"":""395.80""}]"
09:15:54.813,1791517554813437429,2235297367371616,Full Data,8,1111309,763.55,20,09:15:54,,,727.13,71940,9780,23400,98080,"[{""bid_quantity"":20,""ask_quantity"":40,""bid_orders"":1,""ask_orders"":2,""bid_price"":""764.05"",""ask_price"":""766.35""},{""bid_quantity"":40,""ask_quantity"":40,""bid_orders"":1,""ask_orders"":2,""bid_price"":""763.95"",""ask_price"":""766.50""},{""bid_quantity"":80,""ask_quantity"":20,""bid_orders"":2,""ask_orders"":1,""bid_price"":""763.90"",""ask_price"":""766.65""},{""bid_quantity"":40,""ask_quantity"":100,""bid_orders"":2,""ask_orders"":1,""bid_price"":""763.85"",""ask_price"":""766.70""},{""bid_quantity"":40,""ask_quantity"":20,""bid_orders"":2,""ask_orders"":1,""bid_price"":""763.70"",""ask_price"":""766.75""}]"
09:15:54.840,1791517554840019360,2235297393953747,Full Data,8,1110871,433.30,20,09:15:54,,,464.96,94060,11800,17000,81380,"[{""bid_quantity"":60,""ask_quantity"":40,""bid_orders"":3,""ask_orders"":2,""bid_price"":""432.00"",""ask_price"":""433.25""},{""bid_quantity"":60,""ask_quantity"":60,""bid_orders"":3,""ask_orders"":3,""bid_price"":""431.80"",""ask_price"":""433.40""},{""bid_quantity"":60,""ask_quantity"":80,""bid_orders"":3,""ask_orders"":3,""bid_price"":""431.70"",""ask_price"":""433.50""},{""bid_quantity"":20,""ask_quantity"":320,""bid_orders"":1,""ask_orders"":5,""bid_price"":""431.65"",""ask_price"":""433.55""},{""bid_quantity"":160,""ask_quantity"":40,""bid_orders"":3,""ask_orders"":2,""bid_price"":""431.60"",""ask_price"":""433.65""}]"
09:15:54.849,1791517554849525902,2235297403459889,Full Data,8,1111309,765.50,60,09:15:54,,,727.19,72060,10240,22740,98080,"[{""bid_quantity"":120,""ask_quantity"":20,""bid_orders"":2,""ask_orders"":1,""bid_price"":""762.45"",""ask_price"":""764.80""},{""bid_quantity"":20,""ask_quantity"":80,""bid_orders"":1,""ask_orders"":2,""bid_price"":""762.40"",""ask_price"":""764.95""},{""bid_quantity"":40,""ask_quantity"":20,""bid_orders"":1,""ask_orders"":1,""bid_price"":""762.10"",""ask_price"":""765.00""},{""bid_quantity"":80,""ask_quantity"":60,""bid_orders"":1,""ask_orders"":2,""bid_price"":""762.00"",""ask_price"":""765.15""},{""bid_quantity"":100,""ask_quantity"":20,""bid_orders"":1,""ask_orders"":1,""bid_price"":""761.60"",""ask_price"":""765.30""}]"
09:15:54.908,1791517554908815565,2235297462749792,Full Data,8,1107704,616.30,20,09:15:54,,,652.74,17220,9400,11260,17620,"[{""bid_quantity"":80,""ask_quantity"":20,""bid_orders"":3,""ask_orders"":1,""bid_price"":""612.15"",""ask_price"":""614.15""},{""bid_quantity"":60,""ask_quantity"":80,""bid_orders"":2,""ask_orders"":3,""bid_price"":""612.05"",""ask_price"":""615.00""},{""bid_quantity"":60,""ask_quantity"":140,""bid_orders"":3,""ask_orders"":3,""bid_price"":""612.00"",""ask_price"":""615.20""},{""bid_quantity"":20,""ask_quantity"":140,""bid_orders"":1,""ask_orders"":3,""bid_price"":""611.90"",""ask_price"":""615.60""},{""bid_quantity"":40,""ask_quantity"":40,""bid_orders"":2,""ask_orders"":2,""bid_price"":""611.85"",""ask_price"":""615.70""}]"
09:15:54.946,1791517554946702289,2235297500636596,Full Data,8,1107704,616.30,20,09:15:54,,,652.74,17220,9260,11400,17620,"[{""bid_quantity"":80,""ask_quantity"":40,""bid_orders"":3,""ask_orders"":2,""bid_price"":""613.15"",""ask_price"":""617.25""},{""bid_quantity"":60,""ask_quantity"":40,""bid_orders"":2,""ask_orders"":2,""bid_price"":""613.10"",""ask_price"":""617.30""},{""bid_quantity"":40,""ask_quantity"":60,""bid_orders"":2,""ask_orders"":3,""bid_price"":""613.05"",""ask_price"":""617.55""},{""bid_quantity"":20,""ask_quantity"":120,""bid_orders"":1,""ask_orders"":2,""bid_price"":""612.80"",""ask_price"":""617.60""},{""bid_quantity"":40,""ask_quantity"":100,""bid_orders"":2,""ask_orders"":1,""bid_price"":""612.75"",""ask_price"":""618.00""}]"
09:15:54.949,1791517554949455027,2235297503388934,Full Data,8,1107336,360.40,160,09:15:54,,,391.59,133080,15240,54340,304080,"[{""bid_quantity"":40,""ask_quantity"":80,""bid_orders"":2,""ask_orders"":4,""bid_price"":""358.30"",""ask_price"":""360.00""},{""bid_quantity"":20,""ask_quantity"":40,""bid_orders"":1,""ask_orders"":2,""bid_price"":""358.25"",""ask_price"":""360.05""},{""bid_quantity"":180,""ask_quantity"":220,""bid_orders"":4,""ask_orders"":3,""bid_price"":""358.20"",""ask_price"":""360.35""},{""bid_quantity"":80,""ask_quantity"":100,""bid_orders"":2,""ask_orders"":3,""bid_price"":""358.15"",""ask_price"":""360.80""},{""bid_quantity"":40,""ask_quantity"":200,""bid_orders"":2,""ask_orders"":1,""bid_price"":""358.10"",""ask_price"":""360.90""}]"
09:15:54.989,1791517554989625206,2235297543559153,Full Data,8,1102591,564.15,40,09:15:54,,,603.06,85260,15140,23400,209460,"[{""bid_quantity"":100,""ask_quantity"":20,""bid_orders"":2,""ask_orders"":1,""bid_price"":""563.45"",""ask_price"":""564.95""},{""bid_quantity"":40,""ask_quantity"":40,""bid_orders"":2,""ask_orders"":2,""bid_price"":""563.40"",""ask_price"":""565.10""},{""bid_quantity"":100,""ask_quantity"":60,""bid_orders"":2,""ask_orders"":3,""bid_price"":""563.30"",""ask_price"":""565.45""},{""bid_quantity"":40,""ask_quantity"":60,""bid_orders"":2,""ask_orders"":1,""bid_price"":""563.25"",""ask_price"":""565.55""},{""bid_quantity"":80,""ask_quantity"":60,""bid_orders"":1,""ask_orders"":1,""bid_price"":""563.15"",""ask_price"":""565.65""}]"
09:15:55.003,1791517555003661817,2235297557595724,Full Data,8,1105793,588.00,20,09:15:54,,,562.29,102960,11680,24420,50360,"[{""bid_quantity"":40,""ask_quantity"":60,""bid_orders"":2,""ask_orders"":3,""bid_price"":""585.95"",""ask_price"":""588.05""},{""bid_quantity"":180,""ask_quantity"":60,""bid_orders"":3,""ask_orders"":3,""bid_price"":""585.90"",""ask_price"":""588.10""},{""bid_quantity"":20,""ask_quantity"":60,""bid_orders"":1,""ask_orders"":3,""bid_price"":""585.85"",""ask_price"":""588.30""},{""bid_quantity"":60,""ask_quantity"":20,""bid_orders"":3,""ask_orders"":1,""bid_price"":""585.80"",""ask_price"":""588.60""},{""bid_quantity"":60,""ask_quantity"":40,""bid_orders"":3,""ask_orders"":2,""bid_price"":""585.70"",""ask_price"":""588.65""}]"
09:15:55.083,1791517555083549733,2235297637484120,Full Data,8,1105793,586.50,20,09:15:55,,,562.31,103020,11840,25020,50360,"[{""bid_quantity"":140,""ask_quantity"":40,""bid_orders"":3,""ask_orders"":2,""bid_price"":""586.55"",""ask_price"":""588.60""},{""bid_quantity"":120,""ask_quantity"":20,""bid_orders"":5,""ask_orders"":1,""bid_price"":""586.50"",""ask_price"":""588.70""},{""bid_quantity"":40,""ask_quantity"":40,""bid_orders"":2,""ask_orders"":2,""bid_price"":""586.40"",""ask_price"":""588.85""},{""bid_quantity"":40,""ask_quantity"":160,""bid_orders"":2,""ask_orders"":2,""bid_price"":""586.35"",""ask_price"":""589.00""},{""bid_quantity"":40,""ask_quantity"":20,""bid_orders"":2,""ask_orders"":1,""bid_price"":""586.30"",""ask_price"":""589.05""}]"
09:15:55.192,1791517555192859119,2235297746793266,Full Data,8,1116183,534.85,20,09:15:55,,,507.90,243380,30900,56900,319760,"[{""bid_quantity"":20,""ask_quantity"":100,""bid_orders"":1,""ask_orders"":3,""bid_price"":""533.95"",""ask_price"":""534.90""},{""bid_quantity"":40,""ask_quantity"":20,""bid_orders"":1,""ask_orders"":1,""bid_price"":""533.70"",""ask_price"":""535.00""},{""bid_quantity"":100,""ask_quantity"":20,""bid_orders"":4,""ask_orders"":1,""bid_price"":""533.65"",""ask_price"":""535.05""},{""bid_quantity"":80,""ask_quantity"":20,""bid_orders"":4,""ask_orders"":1,""bid_price"":""533.60"",""ask_price"":""535.10""},{""bid_quantity"":20,""ask_quantity"":40,""bid_orders"":1,""ask_orders"":2,""bid_price"":""533.50"",""ask_price"":""535.25""}]"
09:15:55.253,1791517555253843913,2235297807778180,Full Data,8,1116183,534.85,20,09:15:55,,,507.90,243380,31580,55400,319760,"[{""bid_quantity"":40,""ask_quantity"":40,""bid_orders"":1,""ask_orders"":1,""bid_price"":""532.45"",""ask_price"":""533.40""},{""bid_quantity"":20,""ask_quantity"":20,""bid_orders"":1,""ask_orders"":1,""bid_price"":""532.30"",""ask_price"":""533.45""},{""bid_quantity"":80,""ask_quantity"":20,""bid_orders"":3,""ask_orders"":1,""bid_price"":""532.20"",""ask_price"":""533.50""},{""bid_quantity"":40,""ask_quantity"":20,""bid_orders"":2,""ask_orders"":1,""bid_price"":""532.05"",""ask_price"":""533.55""},{""bid_quantity"":200,""ask_quantity"":60,""bid_orders"":3,""ask_orders"":3,""bid_price"":""531.80"",""ask_price"":""533.60""}]"
09:15:55.366,1791517555366564361,2235297920498588,Full Data,8,1114813,471.70,20,09:15:55,,,507.72,113420,14440,18540,57500,"[{""bid_quantity"":60,""ask_quantity"":140,""bid_orders"":2,""ask_orders"":1,""bid_price"":""469.35"",""ask_price"":""471.45""},{""bid_quantity"":140,""ask_quantity"":60,""bid_orders"":2,""ask_orders"":3,""bid_price"":""469.30"",""ask_price"":""471.50""},{""bid_quantity"":60,""ask_quantity"":60,""bid_orders"":1,""ask_orders"":3,""bid_price"":""468.90"",""ask_price"":""471.55""},{""bid_quantity"":40,""ask_quantity"":60,""bid_orders"":1,""ask_orders"":3,""bid_price"":""468.15"",""ask_price"":""471.60""},{""bid_quantity"":20,""ask_quantity"":20,""bid_orders"":1,""ask_orders"":1,""bid_price"":""468.10"",""ask_price"":""471.65""}]"
09:15:55.411,1791517555411733532,2235297965667759,Full Data,8,1104245,483.95,20,09:15:55,,,458.81,64380,13640,20280,52960,"[{""bid_quantity"":20,""ask_quantity"":60,""bid_orders"":1,""ask_orders"":3,""bid_price"":""483.25"",""ask_price"":""484.55""},{""bid_quantity"":40,""ask_quantity"":60,""bid_orders"":1,""ask_orders"":3,""bid_price"":""483.20"",""ask_price"":""484.85""},{""bid_quantity"":40,""ask_quantity"":240,""bid_orders"":2,""ask_orders"":3,""bid_price"":""483.15"",""ask_price"":""484.90""},{""bid_quantity"":20,""ask_quantity"":20,""bid_orders"":1,""ask_orders"":1,""bid_price"":""483.10"",""ask_price"":""485.25""},{""bid_quantity"":40,""ask_quantity"":160,""bid_orders"":1,""ask_orders"":2,""bid_price"":""483.05"",""ask_price"":""485.30""}]"
09:15:55.415,1791517555415353596,2235297969287503,Full Data,8,1114813,469.35,20,09:15:55,,,507.70,113480,15200,21580,57500,"[{""bid_quantity"":40,""ask_quantity"":40,""bid_orders"":2,""ask_orders"":2,""bid_price"":""469.25"",""ask_price"":""470.90""},{""bid_quantity"":160,""ask_quantity"":60,""bid_orders"":2,""ask_orders"":3,""bid_price"":""469.20"",""ask_price"":""470.95""},{""bid_quantity"":80,""ask_quantity"":80,""bid_orders"":4,""ask_orders"":3,""bid_price"":""469.15"",""ask_price"":""471.00""},{""bid_quantity"":20,""ask_quantity"":20,""bid_orders"":1,""ask_orders"":1,""bid_price"":""469.10"",""ask_price"":""471.05""},{""bid_quantity"":80,""ask_quantity"":20,""bid_orders"":4,""ask_orders"":1,""bid_price"":""469.05"",""ask_price"":""471.10""}]"
09:15:55.463,1791517555463713948,2235298017648055,Full Data,8,1114464,826.20,20,09:15:55,,,790.89,94420,14660,23540,272380,"[{""bid_quantity"":120,""ask_quantity"":20,""bid_orders"":1,""ask_orders"":1,""bid_price"":""826.10"",""ask_price"":""829.10""},{""bid_quantity"":100,""ask_quantity"":20,""bid_orders"":2,""ask_orders"":1,""bid_price"":""826.05"",""ask_price"":""829.20""},{""bid_quantity"":40,""ask_quantity"":40,""bid_orders"":1,""ask_orders"":1,""bid_price"":""826.00"",""ask_price"":""829.25""},{""bid_quantity"":100,""ask_quantity"":20,""bid_orders"":1,""ask_orders"":1,""bid_price"":""825.30"",""ask_price"":""829.30""},{""bid_quantity"":20,""ask_quantity"":40,""bid_orders"":1,""ask_orders"":1,""bid_price"":""825.15"",""ask_price"":""829.35""}]"
09:15:55.507,1791517555507627712,2235298061562259,Full Data,8,1111639,513.90,20,09:15:55,,,553.14,59940,9980,15100,60460,"[{""bid_quantity"":20,""ask_quantity"":20,""bid_orders"":1,""ask_orders"":1,""bid_price"":""512.50"",""ask_price"":""513.85""},{""bid_quantity"":100,""ask_quantity"":80,""bid_orders"":2,""ask_orders"":4,""bid_price"":""512.45"",""ask_price"":""513.90""},{""bid_quantity"":120,""ask_quantity"":80,""bid_orders"":2,""ask_orders"":3,""bid_price"":""512.40"",""ask_price"":""514.20""},{""bid_quantity"":40,""ask_quantity"":80,""bid_orders"":1,""ask_orders"":3,""bid_price"":""512.20"",""ask_price"":""514.60""},{""bid_quantity"":60,""ask_quantity"":60,""bid_orders"":2,""ask_orders"":2,""bid_price"":""512.10"",""ask_price"":""514.65""}]"
09:15:55.514,1791517555514957959,2235298068891946,Full Data,8,1104245,483.95,20,09:15:55,,,458.81,64380,13480,20080,52960,"[{""bid_quantity"":60,""ask_quantity"":180,""bid_orders"":2,""ask_orders"":2,""bid_price"":""483.00"",""ask_price"":""484.30""},{""bid_quantity"":40,""ask_quantity"":140,""bid_orders"":2,""ask_orders"":5,""bid_price"":""482.95"",""ask_price"":""484.45""},{""bid_quantity"":40,""ask_quantity"":160,""bid_orders"":2,""ask_orders"":3,""bid_price"":""482.75"",""ask_price"":""484.50""},{""bid_quantity"":60,""ask_quantity"":60,""bid_orders"":2,""ask_orders"":3,""bid_price"":""482.65"",""ask_price"":""484.55""},{""bid_quantity"":60,""ask_quantity"":40,""bid_orders"":3,""ask_orders"":1,""bid_price"":""482.60"",""ask_price"":""484.65""}]"
09:15:55.515,1791517555515862685,2235298069796592,Full Data,8,1114464,826.10,20,09:15:55,,,791.71,96680,14600,21520,272380,"[{""bid_quantity"":140,""ask_quantity"":40,""bid_orders"":4,""ask_orders"":1,""bid_price"":""826.05"",""ask_price"":""829.05""},{""bid_quantity"":120,""ask_quantity"":40,""bid_orders"":3,""ask_orders"":2,""bid_price"":""825.65"",""ask_price"":""829.10""},{""bid_quantity"":120,""ask_quantity"":40,""bid_orders"":4,""ask_orders"":1,""bid_price"":""825.50"",""ask_price"":""829.15""},{""bid_quantity"":120,""ask_quantity"":40,""bid_orders"":2,""ask_orders"":2,""bid_price"":""825.30"",""ask_price"":""829.20""},{""bid_quantity"":80,""ask_quantity"":20,""bid_orders"":1,""ask_orders"":1,""bid_price"":""825.00"",""ask_price"":""829.30""}]"
09:15:55.563,1791517555563361632,2235298117295619,Full Data,8,1111639,513.90,40,09:15:55,,,553.10,60000,10100,15700,60460,"[{""bid_quantity"":60,""ask_quantity"":20,""bid_orders"":2,""ask_orders"":1,""bid_price"":""513.00"",""ask_price"":""514.80""},{""bid_quantity"":40,""ask_quantity"":80,""bid_orders"":1,""ask_orders"":3,""bid_price"":""512.95"",""ask_price"":""515.20""},{""bid_quantity"":60,""ask_quantity"":60,""bid_orders"":2,""ask_orders"":2,""bid_price"":""512.90"",""ask_price"":""515.50""},{""bid_quantity"":40,""ask_quantity"":40,""bid_orders"":1,""ask_orders"":1,""bid_price"":""512.85"",""ask_price"":""515.60""},{""bid_quantity"":20,""ask_quantity"":40,""bid_orders"":1,""ask_orders"":1,""bid_price"":""512.80"",""ask_price"":""515.85""}]"
09:15:55.571,1791517555571861007,2235298125794994,Full Data,8,1115207,703.75,20,09:15:55,,,673.24,113880,11540,31960,97240,"[{""bid_quantity"":20,""ask_quantity"":20,""bid_orders"":1,""ask_orders"":1,""bid_price"":""702.05"",""ask_price"":""703.85""},{""bid_quantity"":60,""ask_quantity"":180,""bid_orders"":3,""ask_orders"":3,""bid_price"":""701.85"",""ask_price"":""703.90""},{""bid_quantity"":20,""ask_quantity"":60,""bid_orders"":1,""ask_orders"":3,""bid_price"":""701.70"",""ask_price"":""703.95""},{""bid_quantity"":60,""ask_quantity"":140,""bid_orders"":3,""ask_orders"":3,""bid_price"":""701.65"",""ask_price"":""704.00""},{""bid_quantity"":60,""ask_quantity"":40,""bid_orders"":3,""ask_orders"":1,""bid_price"":""701.45"",""ask_price"":""704.05""}]"
09:15:55.615,1791517555615626689,2235298169560876,Full Data,8,1112083,644.15,20,09:15:55,,,615.91,154800,17220,36980,97520,"[{""bid_quantity"":20,""ask_quantity"":40,""bid_orders"":1,""ask_orders"":2,""bid_price"":""642.85"",""ask_price"":""644.30""},{""bid_quantity"":40,""ask_quantity"":60,""bid_orders"":1,""ask_orders"":2,""bid_price"":""642.55"",""ask_price"":""644.40""},{""bid_quantity"":40,""ask_quantity"":40,""bid_orders"":2,""ask_orders"":2,""bid_price"":""642.25"",""ask_price"":""644.45""},{""bid_quantity"":40,""ask_quantity"":40,""bid_orders"":1,""ask_orders"":2,""bid_price"":""642.15"",""ask_price"":""644.60""},{""bid_quantity"":40,""ask_quantity"":60,""bid_orders"":2,""ask_orders"":3,""bid_price"":""642.10"",""ask_price"":""644.75""}]"
09:15:55.624,1791517555624676188,2235298178610175,Ticker Data,0,51,71903.99,,09:15:55,,,,,,,,
09:15:55.692,1791517555692899628,2235298246833535,Full Data,8,1112083,642.95,60,09:15:55,,,615.96,155060,14580,35360,97520,"[{""bid_quantity"":80,""ask_quantity"":60,""bid_orders"":3,""ask_orders"":3,""bid_price"":""642.95"",""ask_price"":""644.75""},{""bid_quantity"":60,""ask_quantity"":700,""bid_orders"":3,""ask_orders"":4,""bid_price"":""642.90"",""ask_price"":""644.80""},{""bid_quantity"":60,""ask_quantity"":60,""bid_orders"":2,""ask_orders"":3,""bid_price"":""642.85"",""ask_price"":""644.95""},{""bid_quantity"":40,""ask_quantity"":20,""bid_orders"":2,""ask_orders"":1,""bid_price"":""642.80"",""ask_price"":""645.10""},{""bid_quantity"":60,""ask_quantity"":140,""bid_orders"":3,""ask_orders"":2,""bid_price"":""642.75"",""ask_price"":""645.20""}]"
09:15:55.765,1791517555765543817,2235298319478484,Full Data,8,1114046,392.35,40,09:15:55,,,421.26,88960,10560,38620,119180,"[{""bid_quantity"":180,""ask_quantity"":40,""bid_orders"":3,""ask_orders"":2,""bid_price"":""390.55"",""ask_price"":""391.70""},{""bid_quantity"":40,""ask_quantity"":200,""bid_orders"":1,""ask_orders"":2,""bid_price"":""390.45"",""ask_price"":""391.95""},{""bid_quantity"":20,""ask_quantity"":40,""bid_orders"":1,""ask_orders"":1,""bid_price"":""390.40"",""ask_price"":""392.30""},{""bid_quantity"":20,""ask_quantity"":100,""bid_orders"":1,""ask_orders"":1,""bid_price"":""390.35"",""ask_price"":""392.40""},{""bid_quantity"":20,""ask_quantity"":20,""bid_orders"":1,""ask_orders"":1,""bid_price"":""390.30"",""ask_price"":""392.45""}]"
09:15:55.839,1791517555839743256,2235298393677403,Full Data,8,1110871,428.85,100,09:15:55,,,464.23,96080,14320,18880,81380,"[{""bid_quantity"":20,""ask_quantity"":40,""bid_orders"":1,""ask_orders"":2,""bid_price"":""428.70"",""ask_price"":""429.90""},{""bid_quantity"":60,""ask_quantity"":40,""bid_orders"":2,""ask_orders"":2,""bid_price"":""428.60"",""ask_price"":""430.05""},{""bid_quantity"":160,""ask_quantity"":80,""bid_orders"":5,""ask_orders"":4,""bid_price"":""428.40"",""ask_price"":""430.15""},{""bid_quantity"":40,""ask_quantity"":100,""bid_orders"":2,""ask_orders"":4,""bid_price"":""428.35"",""ask_price"":""430.25""},{""bid_quantity"":60,""ask_quantity"":380,""bid_orders"":3,""ask_orders"":4,""bid_price"":""428.30"",""ask_price"":""430.30""}]"
09:15:55.841,1791517555841681109,2235298395615336,Full Data,8,1111309,764.25,20,09:15:55,,,727.97,73460,13020,23900,98080,"[{""bid_quantity"":20,""ask_quantity"":60,""bid_orders"":1,""ask_orders"":2,""bid_price"":""763.20"",""ask_price"":""764.70""},{""bid_quantity"":60,""ask_quantity"":620,""bid_orders"":2,""ask_orders"":5,""bid_price"":""761.85"",""ask_price"":""764.75""},{""bid_quantity"":40,""ask_quantity"":40,""bid_orders"":1,""ask_orders"":2,""bid_price"":""761.40"",""ask_price"":""764.80""},{""bid_quantity"":40,""ask_quantity"":20,""bid_orders"":1,""ask_orders"":1,""bid_price"":""761.35"",""ask_price"":""764.90""},{""bid_quantity"":60,""ask_quantity"":280,""bid_orders"":2,""ask_orders"":2,""bid_price"":""761.30"",""ask_price"":""765.00""}]"
09:15:55.892,1791517555892654278,2235298446588225,Full Data,8,1111309,764.25,20,09:15:55,,,728.04,73600,13180,23880,98080,"[{""bid_quantity"":20,""ask_quantity"":140,""bid_orders"":1,""ask_orders"":3,""bid_price"":""763.35"",""ask_price"":""764.60""},{""bid_quantity"":20,""ask_quantity"":500,""bid_orders"":1,""ask_orders"":2,""bid_price"":""761.90"",""ask_price"":""764.65""},{""bid_quantity"":60,""ask_quantity"":40,""bid_orders"":2,""ask_orders"":2,""bid_price"":""761.85"",""ask_price"":""764.70""},{""bid_quantity"":140,""ask_quantity"":260,""bid_orders"":2,""ask_orders"":2,""bid_price"":""761.10"",""ask_price"":""764.75""},{""bid_quantity"":120,""ask_quantity"":20,""bid_orders"":2,""ask_orders"":1,""bid_price"":""760.75"",""ask_price"":""764.80""}]"
09:15:55.926,1791517555926524537,2235298480458844,Full Data,8,1107704,611.00,40,09:15:55,,,652.50,17320,9780,11920,17620,"[{""bid_quantity"":100,""ask_quantity"":60,""bid_orders"":4,""ask_orders"":3,""bid_price"":""609.75"",""ask_price"":""610.60""},{""bid_quantity"":40,""ask_quantity"":40,""bid_orders"":2,""ask_orders"":1,""bid_price"":""609.70"",""ask_price"":""611.50""},{""bid_quantity"":60,""ask_quantity"":140,""bid_orders"":2,""ask_orders"":1,""bid_price"":""609.60"",""ask_price"":""612.00""},{""bid_quantity"":60,""ask_quantity"":140,""bid_orders"":3,""ask_orders"":3,""bid_price"":""609.55"",""ask_price"":""612.40""},{""bid_quantity"":20,""ask_quantity"":140,""bid_orders"":1,""ask_orders"":3,""bid_price"":""609.40"",""ask_price"":""612.80""}]"
09:15:55.948,1791517555948769201,2235298502703108,Full Data,8,1107704,611.00,40,09:15:55,,,652.50,17320,9840,11660,17620,"[{""bid_quantity"":60,""ask_quantity"":80,""bid_orders"":2,""ask_orders"":4,""bid_price"":""609.40"",""ask_price"":""610.60""},{""bid_quantity"":60,""ask_quantity"":80,""bid_orders"":3,""ask_orders"":3,""bid_price"":""609.35"",""ask_price"":""611.35""},{""bid_quantity"":60,""ask_quantity"":140,""bid_orders"":2,""ask_orders"":1,""bid_price"":""609.25"",""ask_price"":""612.00""},{""bid_quantity"":60,""ask_quantity"":140,""bid_orders"":3,""ask_orders"":3,""bid_price"":""609.20"",""ask_price"":""612.40""},{""bid_quantity"":180,""ask_quantity"":140,""bid_orders"":3,""ask_orders"":3,""bid_price"":""609.10"",""ask_price"":""612.80""}]"
09:15:56.009,1791517556009127590,2235298563061857,Full Data,8,1102591,562.05,20,09:15:55,,,602.58,86300,15220,23120,209460,"[{""bid_quantity"":60,""ask_quantity"":20,""bid_orders"":2,""ask_orders"":1,""bid_price"":""559.85"",""ask_price"":""561.55""},{""bid_quantity"":120,""ask_quantity"":20,""bid_orders"":3,""ask_orders"":1,""bid_price"":""559.80"",""ask_price"":""561.60""},{""bid_quantity"":220,""ask_quantity"":60,""bid_orders"":3,""ask_orders"":3,""bid_price"":""559.75"",""ask_price"":""561.80""},{""bid_quantity"":120,""ask_quantity"":40,""bid_orders"":4,""ask_orders"":2,""bid_price"":""559.70"",""ask_price"":""562.00""},{""bid_quantity"":20,""ask_quantity"":60,""bid_orders"":1,""ask_orders"":2,""bid_price"":""559.50"",""ask_price"":""562.05""}]"
09:15:56.016,1791517556016752160,2235298570685987,Full Data,8,1102591,562.05,20,09:15:55,,,602.58,86300,15380,22660,209460,"[{""bid_quantity"":20,""ask_quantity"":40,""bid_orders"":1,""ask_orders"":2,""bid_price"":""559.90"",""ask_price"":""561.25""},{""bid_quantity"":120,""ask_quantity"":20,""bid_orders"":1,""ask_orders"":1,""bid_price"":""559.75"",""ask_price"":""561.50""},{""bid_quantity"":40,""ask_quantity"":20,""bid_orders"":1,""ask_orders"":1,""bid_price"":""559.70"",""ask_price"":""561.55""},{""bid_quantity"":40,""ask_quantity"":20,""bid_orders"":1,""ask_orders"":1,""bid_price"":""559.55"",""ask_price"":""561.60""},{""bid_quantity"":80,""ask_quantity"":20,""bid_orders"":1,""ask_orders"":1,""bid_price"":""559.50"",""ask_price"":""561.70""}]"
09:15:56.091,1791517556091317001,2235298645251148,Full Data,8,1105793,589.50,40,09:15:56,,,562.92,105740,13660,27100,50360,"[{""bid_quantity"":60,""ask_quantity"":60,""bid_orders"":3,""ask_orders"":3,""bid_price"":""588.05"",""ask_price"":""589.70""},{""bid_quantity"":100,""ask_quantity"":60,""bid_orders"":1,""ask_orders"":2,""bid_price"":""588.00"",""ask_price"":""589.85""},{""bid_quantity"":20,""ask_quantity"":100,""bid_orders"":1,""ask_orders"":1,""bid_price"":""587.95"",""ask_price"":""590.10""},{""bid_quantity"":80,""ask_quantity"":220,""bid_orders"":4,""ask_orders"":3,""bid_price"":""587.90"",""ask_price"":""590.25""},{""bid_quantity"":60,""ask_quantity"":140,""bid_orders"":3,""ask_orders"":2,""bid_price"":""587.85"",""ask_price"":""590.35""}]"
09:15:56.170,1791517556170937395,2235298724871542,Full Data,8,1105793,591.20,20,09:15:56,,,562.93,105780,11580,24100,50360,"[{""bid_quantity"":200,""ask_quantity"":20,""bid_orders"":2,""ask_orders"":1,""bid_price"":""589.50"",""ask_price"":""591.00""},{""bid_quantity"":100,""ask_quantity"":20,""bid_orders"":1,""ask_orders"":1,""bid_price"":""589.05"",""ask_price"":""591.10""},{""bid_quantity"":20,""ask_quantity"":20,""bid_orders"":1,""ask_orders"":1,""bid_price"":""588.90"",""ask_price"":""591.15""},{""bid_quantity"":120,""ask_quantity"":20,""bid_orders"":2,""ask_orders"":1,""bid_price"":""588.75"",""ask_price"":""591.20""},{""bid_quantity"":60,""ask_quantity"":20,""bid_orders"":1,""ask_orders"":1,""bid_price"":""588.55"",""ask_price"":""591.35""}]"
09:15:56.245,1791517556245127074,2235298799061181,Full Data,8,1116183,536.30,40,09:15:56,,,508.02,244560,33640,57960,319760,"[{""bid_quantity"":100,""ask_quantity"":60,""bid_orders"":4,""ask_orders"":3,""bid_price"":""535.80"",""ask_price"":""537.35""},{""bid_quantity"":60,""ask_quantity"":80,""bid_orders"":3,""ask_orders"":3,""bid_price"":""535.75"",""ask_price"":""537.40""},{""bid_quantity"":80,""ask_quantity"":80,""bid_orders"":3,""ask_orders"":3,""bid_price"":""535.70"",""ask_price"":""537.50""},{""bid_quantity"":80,""ask_quantity"":60,""bid_orders"":4,""ask_orders"":3,""bid_price"":""535.65"",""ask_price"":""537.55""},{""bid_quantity"":20,""ask_quantity"":40,""bid_orders"":1,""ask_orders"":1,""bid_price"":""535.60"",""ask_price"":""537.65""}]"
09:15:56.292,1791517556292324259,2235298846258286,Full Data,8,1116183,535.80,20,09:15:56,,,508.03,244620,33240,56800,319760,"[{""bid_quantity"":60,""ask_quantity"":20,""bid_orders"":3,""ask_orders"":1,""bid_price"":""536.05"",""ask_price"":""537.55""},{""bid_quantity"":20,""ask_quantity"":80,""bid_orders"":1,""ask_orders"":3,""bid_price"":""536.00"",""ask_price"":""537.65""},{""bid_quantity"":20,""ask_quantity"":60,""bid_orders"":1,""ask_orders"":3,""bid_price"":""535.95"",""ask_price"":""537.70""},{""bid_quantity"":40,""ask_quantity"":40,""bid_orders"":2,""ask_orders"":2,""bid_price"":""535.80"",""ask_price"":""537.85""},{""bid_quantity"":40,""ask_quantity"":40,""bid_orders"":1,""ask_orders"":1,""bid_price"":""535.75"",""ask_price"":""537.95""}]"
09:15:56.424,1791517556424100190,2235298978034257,Full Data,8,1114813,470.70,20,09:15:56,,,507.61,113760,14440,19660,57500,"[{""bid_quantity"":20,""ask_quantity"":60,""bid_orders"":1,""ask_orders"":3,""bid_price"":""469.40"",""ask_price"":""470.75""},{""bid_quantity"":40,""ask_quantity"":80,""bid_orders"":2,""ask_orders"":3,""bid_price"":""469.35"",""ask_price"":""470.80""},{""bid_quantity"":40,""ask_quantity"":120,""bid_orders"":2,""ask_orders"":5,""bid_price"":""469.30"",""ask_price"":""470.85""},{""bid_quantity"":40,""ask_quantity"":60,""bid_orders"":2,""ask_orders"":2,""bid_price"":""469.25"",""ask_price"":""470.90""},{""bid_quantity"":40,""ask_quantity"":60,""bid_orders"":1,""ask_orders"":3,""bid_price"":""469.15"",""ask_price"":""470.95""}]"
09:15:56.467,1791517556467865833,2235299021800220,Full Data,8,1114813,470.90,20,09:15:56,,,507.53,114000,16280,21840,57500,"[{""bid_quantity"":20,""ask_quantity"":60,""bid_orders"":1,""ask_orders"":3,""bid_price"":""469.70"",""ask_price"":""470.90""},{""bid_quantity"":80,""ask_quantity"":80,""bid_orders"":3,""ask_orders"":4,""bid_price"":""469.65"",""ask_price"":""470.95""},{""bid_quantity"":20,""ask_quantity"":20,""bid_orders"":1,""ask_orders"":1,""bid_price"":""469.60"",""ask_price"":""471.20""},{""bid_quantity"":40,""ask_quantity"":160,""bid_orders"":2,""ask_orders"":2,""bid_price"":""469.55"",""ask_price"":""471.45""},{""bid_quantity"":80,""ask_quantity"":20,""bid_orders"":4,""ask_orders"":1,""bid_price"":""469.50"",""ask_price"":""471.85""}]"
09:15:56.497,1791517556497547184,2235299051481091,Full Data,8,1104245,486.90,40,09:15:56,,,459.03,64940,15780,22980,52960,"[{""bid_quantity"":40,""ask_quantity"":20,""bid_orders"":1,""ask_orders"":1,""bid_price"":""485.80"",""ask_price"":""487.30""},{""bid_quantity"":40,""ask_quantity"":220,""bid_orders"":1,""ask_orders"":1,""bid_price"":""485.75"",""ask_price"":""487.40""},{""bid_quantity"":40,""ask_quantity"":160,""bid_orders"":1,""ask_orders"":2,""bid_price"":""485.70"",""ask_price"":""487.50""},{""bid_quantity"":20,""ask_quantity"":160,""bid_orders"":1,""ask_orders"":3,""bid_price"":""485.60"",""ask_price"":""487.80""},{""bid_quantity"":20,""ask_quantity"":40,""bid_orders"":1,""ask_orders"":1,""bid_price"":""485.50"",""ask_price"":""488.05""}]"
09:15:56.509,1791517556509192580,2235299063126487,Full Data,8,1114464,829.40,120,09:15:56,,,792.24,98140,13980,22440,272380,"[{""bid_quantity"":20,""ask_quantity"":80,""bid_orders"":1,""ask_orders"":2,""bid_price"":""830.65"",""ask_price"":""833.00""},{""bid_quantity"":20,""ask_quantity"":80,""bid_orders"":1,""ask_orders"":3,""bid_price"":""830.60"",""ask_price"":""833.05""},{""bid_quantity"":40,""ask_quantity"":60,""bid_orders"":2,""ask_orders"":3,""bid_price"":""830.55"",""ask_price"":""833.10""},{""bid_quantity"":20,""ask_quantity"":20,""bid_orders"":1,""ask_orders"":1,""bid_price"":""830.35"",""ask_price"":""833.15""},{""bid_quantity"":60,""ask_quantity"":20,""bid_orders"":3,""ask_orders"":1,""bid_price"":""830.15"",""ask_price"":""833.20""}]"
09:15:56.538,1791517556538229727,2235299092163834,Full Data,8,1111639,513.55,20,09:15:56,,,552.89,60340,10340,15620,60460,"[{""bid_quantity"":80,""ask_quantity"":20,""bid_orders"":2,""ask_orders"":1,""bid_price"":""512.40"",""ask_price"":""513.80""},{""bid_quantity"":60,""ask_quantity"":100,""bid_orders"":2,""ask_orders"":3,""bid_price"":""512.35"",""ask_price"":""513.85""},{""bid_quantity"":40,""ask_quantity"":20,""bid_orders"":1,""ask_orders"":1,""bid_price"":""512.30"",""ask_price"":""513.90""},{""bid_quantity"":20,""ask_quantity"":80,""bid_orders"":1,""ask_orders"":3,""bid_price"":""512.20"",""ask_price"":""513.95""},{""bid_quantity"":60,""ask_quantity"":40,""bid_orders"":2,""ask_orders"":1,""bid_price"":""512.15"",""ask_price"":""514.00""}]"
09:15:56.562,1791517556562543404,2235299116477311,Full Data,8,1104245,487.35,40,09:15:56,,,459.11,65120,13940,20560,52960,"[{""bid_quantity"":60,""ask_quantity"":80,""bid_orders"":2,""ask_orders"":3,""bid_price"":""486.00"",""ask_price"":""487.45""},{""bid_quantity"":40,""ask_quantity"":200,""bid_orders"":1,""ask_orders"":3,""bid_price"":""485.95"",""ask_price"":""487.50""},{""bid_quantity"":20,""ask_quantity"":60,""bid_orders"":1,""ask_orders"":3,""bid_price"":""485.85"",""ask_price"":""487.75""},{""bid_quantity"":60,""ask_quantity"":80,""bid_orders"":2,""ask_orders"":1,""bid_price"":""485.80"",""ask_price"":""488.00""},{""bid_quantity"":20,""ask_quantity"":40,""bid_orders"":1,""ask_orders"":1,""bid_price"":""485.75"",""ask_price"":""488.10""}]"
09:15:56.593,1791517556593768006,2235299147701993,Full Data,8,1114464,833.10,60,09:15:56,,,792.27,98200,13780,22380,272380,"[{""bid_quantity"":20,""ask_quantity"":40,""bid_orders"":1,""ask_orders"":2,""bid_price"":""831.10"",""ask_price"":""833.35""},{""bid_quantity"":180,""ask_quantity"":20,""bid_orders"":4,""ask_orders"":1,""bid_price"":""830.95"",""ask_price"":""833.55""},{""bid_quantity"":360,""ask_quantity"":140,""bid_orders"":3,""ask_orders"":1,""bid_price"":""830.90"",""ask_price"":""833.70""},{""bid_quantity"":80,""ask_quantity"":80,""bid_orders"":3,""ask_orders"":3,""bid_price"":""830.75"",""ask_price"":""833.75""},{""bid_quantity"":140,""ask_quantity"":40,""bid_orders"":2,""ask_orders"":2,""bid_price"":""830.70"",""ask_price"":""833.80""}]"
09:15:56.594,1791517556594233129,2235299148166996,Full Data,8,1111639,513.55,20,09:15:56,,,552.89,60340,10360,15500,60460,"[{""bid_quantity"":60,""ask_quantity"":40,""bid_orders"":2,""ask_orders"":2,""bid_price"":""511.95"",""ask_price"":""513.60""},{""bid_quantity"":40,""ask_quantity"":40,""bid_orders"":1,""ask_orders"":2,""bid_price"":""511.80"",""ask_price"":""513.70""},{""bid_quantity"":140,""ask_quantity"":20,""bid_orders"":2,""ask_orders"":1,""bid_price"":""511.75"",""ask_price"":""513.75""},{""bid_quantity"":120,""ask_quantity"":40,""bid_orders"":2,""ask_orders"":2,""bid_price"":""511.70"",""ask_price"":""513.80""},{""bid_quantity"":40,""ask_quantity"":100,""bid_orders"":1,""ask_orders"":3,""bid_price"":""511.65"",""ask_price"":""513.85""}]"
09:15:56.617,1791517556617156037,2235299171090024,Ticker Data,0,51,71908.32,,09:15:56,,,,,,,,
09:15:56.630,1791517556630666284,2235299184600151,Full Data,8,1115207,706.80,20,09:15:56,,,674.42,118520,10580,24760,97240,"[{""bid_quantity"":40,""ask_quantity"":40,""bid_orders"":2,""ask_orders"":2,""bid_price"":""706.50"",""ask_price"":""708.60""},{""bid_quantity"":20,""ask_quantity"":160,""bid_orders"":1,""ask_orders"":2,""bid_price"":""706.40"",""ask_price"":""708.75""},{""bid_quantity"":60,""ask_quantity"":20,""bid_orders"":3,""ask_orders"":1,""bid_price"":""706.35"",""ask_price"":""708.80""},{""bid_quantity"":40,""ask_quantity"":80,""bid_orders"":2,""ask_orders"":3,""bid_price"":""706.25"",""ask_price"":""708.95""},{""bid_quantity"":40,""ask_quantity"":40,""bid_orders"":2,""ask_orders"":2,""bid_price"":""706.20"",""ask_price"":""709.00""}]"
09:15:56.685,1791517556685745320,2235299239679347,Full Data,8,1115207,710.95,40,09:15:56,,,674.48,118740,9820,24280,97240,"[{""bid_quantity"":20,""ask_quantity"":20,""bid_orders"":1,""ask_orders"":1,""bid_price"":""708.65"",""ask_price"":""710.95""},{""bid_quantity"":60,""ask_quantity"":40,""bid_orders"":3,""ask_orders"":2,""bid_price"":""708.55"",""ask_price"":""711.10""},{""bid_quantity"":80,""ask_quantity"":40,""bid_orders"":4,""ask_orders"":2,""bid_price"":""708.50"",""ask_price"":""711.25""},{""bid_quantity"":40,""ask_quantity"":140,""bid_orders"":2,""ask_orders"":2,""bid_price"":""708.30"",""ask_price"":""711.85""},{""bid_quantity"":80,""ask_quantity"":40,""bid_orders"":2,""ask_orders"":1,""bid_price"":""708.25"",""ask_price"":""711.90""}]"
09:15:56.710,1791517556710378039,2235299264312026,Full Data,8,1112083,650.00,320,09:15:56,,,616.23,156420,12440,34820,97520,"[{""bid_quantity"":60,""ask_quantity"":520,""bid_orders"":3,""ask_orders"":5,""bid_price"":""649.95"",""ask_price"":""650.00""},{""bid_quantity"":60,""ask_quantity"":40,""bid_orders"":3,""ask_orders"":2,""bid_price"":""649.80"",""ask_price"":""652.15""},{""bid_quantity"":60,""ask_quantity"":100,""bid_orders"":3,""ask_orders"":1,""bid_price"":""649.75"",""ask_price"":""652.30""},{""bid_quantity"":20,""ask_quantity"":300,""bid_orders"":1,""ask_orders"":3,""bid_price"":""649.60"",""ask_price"":""652.80""},{""bid_quantity"":60,""ask_quantity"":20,""bid_orders"":3,""ask_orders"":1,""bid_price"":""649.55"",""ask_price"":""653.15""}]"
09:15:56.786,1791517556786364770,2235299340299037,Full Data,8,1114046,389.30,60,09:15:56,,,421.05,89580,10940,36000,119180,"[{""bid_quantity"":40,""ask_quantity"":20,""bid_orders"":2,""ask_orders"":1,""bid_price"":""388.50"",""ask_price"":""389.40""},{""bid_quantity"":100,""ask_quantity"":20,""bid_orders"":3,""ask_orders"":1,""bid_price"":""388.45"",""ask_price"":""389.50""},{""bid_quantity"":40,""ask_quantity"":60,""bid_orders"":2,""ask_orders"":2,""bid_price"":""388.15"",""ask_price"":""389.85""},{""bid_quantity"":120,""ask_quantity"":60,""bid_orders"":2,""ask_orders"":2,""bid_price"":""388.10"",""ask_price"":""389.90""},{""bid_quantity"":60,""ask_quantity"":40,""bid_orders"":2,""ask_orders"":2,""bid_price"":""388.05"",""ask_price"":""390.00""}]"
09:15:56.787,1791517556787937860,2235299341871727,Full Data,8,1112083,649.65,120,09:15:56,,,616.56,157940,15460,38600,97520,"[{""bid_quantity"":80,""ask_quantity"":60,""bid_orders"":3,""ask_orders"":2,""bid_price"":""650.35"",""ask_price"":""652.30""},{""bid_quantity"":100,""ask_quantity"":60,""bid_orders"":4,""ask_orders"":3,""bid_price"":""650.30"",""ask_price"":""652.35""},{""bid_quantity"":80,""ask_quantity"":40,""bid_orders"":4,""ask_orders"":1,""bid_price"":""650.25"",""ask_price"":""652.45""},{""bid_quantity"":60,""ask_quantity"":60,""bid_orders"":3,""ask_orders"":3,""bid_price"":""650.10"",""ask_price"":""652.50""},{""bid_quantity"":120,""ask_quantity"":80,""bid_orders"":2,""ask_orders"":4,""bid_price"":""650.00"",""ask_price"":""652.65""}]"
09:15:56.907,1791517556907287151,2235299461221258,Full Data,8,1111309,774.80,20,09:15:56,,,728.25,74000,12820,23820,98080,"[{""bid_quantity"":40,""ask_quantity"":520,""bid_orders"":2,""ask_orders"":2,""bid_price"":""773.10"",""ask_price"":""775.00""},{""bid_quantity"":40,""ask_quantity"":40,""bid_orders"":2,""ask_orders"":1,""bid_price"":""772.90"",""ask_price"":""775.70""},{""bid_quantity"":20,""ask_quantity"":60,""bid_orders"":1,""ask_orders"":2,""bid_price"":""772.80"",""ask_price"":""775.75""},{""bid_quantity"":40,""ask_quantity"":60,""bid_orders"":2,""ask_orders"":2,""bid_price"":""772.75"",""ask_price"":""775.90""},{""bid_quantity"":20,""ask_quantity"":20,""bid_orders"":1,""ask_orders"":1,""bid_price"":""772.60"",""ask_price"":""776.00""}]"
09:15:56.962,1791517556962993910,2235299516928137,Full Data,8,1107704,610.45,20,09:15:56,,,652.36,17380,9060,10600,17620,"[{""bid_quantity"":60,""ask_quantity"":40,""bid_orders"":2,""ask_orders"":2,""bid_price"":""605.80"",""ask_price"":""607.80""},{""bid_quantity"":60,""ask_quantity"":80,""bid_orders"":3,""ask_orders"":3,""bid_price"":""605.75"",""ask_price"":""607.90""},{""bid_quantity"":60,""ask_quantity"":80,""bid_orders"":2,""ask_orders"":4,""bid_price"":""605.70"",""ask_price"":""607.95""},{""bid_quantity"":60,""ask_quantity"":160,""bid_orders"":3,""ask_orders"":2,""bid_price"":""605.60"",""ask_price"":""608.20""},{""bid_quantity"":80,""ask_quantity"":60,""bid_orders"":3,""ask_orders"":2,""bid_price"":""605.45"",""ask_price"":""608.40""}]"
09:15:56.966,1791517556966470293,2235299520404240,Full Data,8,1111309,774.80,20,09:15:56,,,728.25,74000,14960,26040,98080,"[{""bid_quantity"":40,""ask_quantity"":560,""bid_orders"":2,""ask_orders"":4,""bid_price"":""773.10"",""ask_price"":""775.00""},{""bid_quantity"":40,""ask_quantity"":140,""bid_orders"":2,""ask_orders"":2,""bid_price"":""772.90"",""ask_price"":""775.65""},{""bid_quantity"":60,""ask_quantity"":60,""bid_orders"":2,""ask_orders"":2,""bid_price"":""772.80"",""ask_price"":""775.75""},{""bid_quantity"":100,""ask_quantity"":40,""bid_orders"":3,""ask_orders"":1,""bid_price"":""772.75"",""ask_price"":""775.85""},{""bid_quantity"":20,""ask_quantity"":60,""bid_orders"":1,""ask_orders"":2,""bid_price"":""772.70"",""ask_price"":""775.90""}]"
09:15:56.970,1791517556970846441,2235299524780588,Full Data,8,1107704,610.45,20,09:15:56,,,652.36,17380,8920,10760,17620,"[{""bid_quantity"":60,""ask_quantity"":40,""bid_orders"":2,""ask_orders"":2,""bid_price"":""606.10"",""ask_price"":""607.80""},{""bid_quantity"":40,""ask_quantity"":80,""bid_orders"":2,""ask_orders"":3,""bid_price"":""606.05"",""ask_price"":""607.90""},{""bid_quantity"":60,""ask_quantity"":80,""bid_orders"":2,""ask_orders"":4,""bid_price"":""605.95"",""ask_price"":""607.95""},{""bid_quantity"":20,""ask_quantity"":20,""bid_orders"":1,""ask_orders"":1,""bid_price"":""605.90"",""ask_price"":""608.20""},{""bid_quantity"":60,""ask_quantity"":60,""bid_orders"":3,""ask_orders"":2,""bid_price"":""605.75"",""ask_price"":""608.40""}]"
09:15:56.999,1791517556999560146,2235299553494093,Full Data,8,1107336,353.45,60,09:15:56,,,389.83,140160,14520,54560,304080,"[{""bid_quantity"":40,""ask_quantity"":60,""bid_orders"":2,""ask_orders"":2,""bid_price"":""354.20"",""ask_price"":""355.40""},{""bid_quantity"":60,""ask_quantity"":60,""bid_orders"":2,""ask_orders"":2,""bid_price"":""354.15"",""ask_price"":""355.55""},{""bid_quantity"":80,""ask_quantity"":80,""bid_orders"":4,""ask_orders"":4,""bid_price"":""354.10"",""ask_price"":""355.60""},{""bid_quantity"":40,""ask_quantity"":20,""bid_orders"":1,""ask_orders"":1,""bid_price"":""353.85"",""ask_price"":""355.65""},{""bid_quantity"":160,""ask_quantity"":180,""bid_orders"":2,""ask_orders"":3,""bid_price"":""353.80"",""ask_price"":""355.70""}]"
09:15:57.025,1791517557025479234,2235299579413341,Full Data,8,1102591,558.75,20,09:15:56,,,602.18,87100,14260,22280,209460,"[{""bid_quantity"":40,""ask_quantity"":60,""bid_orders"":1,""ask_orders"":3,""bid_price"":""557.60"",""ask_price"":""558.85""},{""bid_quantity"":60,""ask_quantity"":120,""bid_orders"":3,""ask_orders"":4,""bid_price"":""557.55"",""ask_price"":""559.35""},{""bid_quantity"":100,""ask_quantity"":140,""bid_orders"":2,""ask_orders"":3,""bid_price"":""557.45"",""ask_price"":""559.65""},{""bid_quantity"":40,""ask_quantity"":140,""bid_orders"":2,""ask_orders"":1,""bid_price"":""557.40"",""ask_price"":""559.70""},{""bid_quantity"":20,""ask_quantity"":20,""bid_orders"":1,""ask_orders"":1,""bid_price"":""557.25"",""ask_price"":""559.80""}]"
09:15:57.057,1791517557057744082,2235299611678109,Full Data,8,1102591,558.75,20,09:15:56,,,602.18,87100,14340,22500,209460,"[{""bid_quantity"":180,""ask_quantity"":40,""bid_orders"":3,""ask_orders"":2,""bid_price"":""557.45"",""ask_price"":""558.85""},{""bid_quantity"":40,""ask_quantity"":60,""bid_orders"":2,""ask_orders"":2,""bid_price"":""557.35"",""ask_price"":""559.10""},{""bid_quantity"":100,""ask_quantity"":140,""bid_orders"":2,""ask_orders"":5,""bid_price"":""557.30"",""ask_price"":""559.35""},{""bid_quantity"":20,""ask_quantity"":160,""bid_orders"":1,""ask_orders"":4,""bid_price"":""557.25"",""ask_price"":""559.65""},{""bid_quantity"":40,""ask_quantity"":140,""bid_orders"":1,""ask_orders"":1,""bid_price"":""557.15"",""ask_price"":""559.70""}]"
09:15:57.172,1791517557172691664,2235299726625971,Full Data,8,1105793,594.80,20,09:15:57,,,563.14,106500,12240,24720,50360,"[{""bid_quantity"":80,""ask_quantity"":40,""bid_orders"":4,""ask_orders"":2,""bid_price"":""593.20"",""ask_price"":""595.00""},{""bid_quantity"":140,""ask_quantity"":80,""bid_orders"":2,""ask_orders"":4,""bid_price"":""593.15"",""ask_price"":""595.15""},{""bid_quantity"":40,""ask_quantity"":80,""bid_orders"":2,""ask_orders"":3,""bid_price"":""593.10"",""ask_price"":""595.25""},{""bid_quantity"":80,""ask_quantity"":20,""bid_orders"":4,""ask_orders"":1,""bid_price"":""593.05"",""ask_price"":""595.35""},{""bid_quantity"":40,""ask_quantity"":20,""bid_orders"":1,""ask_orders"":1,""bid_price"":""592.95"",""ask_price"":""595.40""}]"
09:15:57.256,1791517557256225444,2235299810159391,Full Data,8,1105793,596.75,20,09:15:57,,,563.15,106540,11680,24680,50360,"[{""bid_quantity"":20,""ask_quantity"":60,""bid_orders"":1,""ask_orders"":3,""bid_price"":""595.10"",""ask_price"":""596.75""},{""bid_quantity"":20,""ask_quantity"":20,""bid_orders"":1,""ask_orders"":1,""bid_price"":""595.05"",""ask_price"":""596.90""},{""bid_quantity"":80,""ask_quantity"":20,""bid_orders"":3,""ask_orders"":1,""bid_price"":""595.00"",""ask_price"":""596.95""},{""bid_quantity"":40,""ask_quantity"":20,""bid_orders"":2,""ask_orders"":1,""bid_price"":""594.90"",""ask_price"":""597.05""},{""bid_quantity"":20,""ask_quantity"":40,""bid_orders"":1,""ask_orders"":2,""bid_price"":""594.85"",""ask_price"":""597.10""}]"
09:15:57.296,1791517557296458304,2235299850392491,Full Data,8,1116183,543.15,80,09:15:57,,,508.26,246380,33760,57100,319760,"[{""bid_quantity"":40,""ask_quantity"":40,""bid_orders"":2,""ask_orders"":1,""bid_price"":""541.05"",""ask_price"":""542.45""},{""bid_quantity"":20,""ask_quantity"":20,""bid_orders"":1,""ask_orders"":1,""bid_price"":""541.00"",""ask_price"":""542.50""},{""bid_quantity"":20,""ask_quantity"":60,""bid_orders"":1,""ask_orders"":2,""bid_price"":""540.95"",""ask_price"":""542.55""},{""bid_quantity"":20,""ask_quantity"":40,""bid_orders"":1,""ask_orders"":2,""bid_price"":""540.85"",""ask_price"":""542.70""},{""bid_quantity"":20,""ask_quantity"":40,""bid_orders"":1,""ask_orders"":2,""bid_price"":""540.80"",""ask_price"":""542.80""}]"
09:15:57.355,1791517557355035762,2235299908969749,Full Data,8,1116183,541.05,20,09:15:57,,,508.36,247180,33820,58420,319760,"[{""bid_quantity"":40,""ask_quantity"":60,""bid_orders"":2,""ask_orders"":3,""bid_price"":""541.00"",""ask_price"":""542.40""},{""bid_quantity"":40,""ask_quantity"":40,""bid_orders"":2,""ask_orders"":2,""bid_price"":""540.95"",""ask_price"":""542.85""},{""bid_quantity"":20,""ask_quantity"":20,""bid_orders"":1,""ask_orders"":1,""bid_price"":""540.90"",""ask_price"":""542.95""},{""bid_quantity"":40,""ask_quantity"":40,""bid_orders"":2,""ask_orders"":2,""bid_price"":""540.85"",""ask_price"":""543.05""},{""bid_quantity"":20,""ask_quantity"":200,""bid_orders"":1,""ask_orders"":6,""bid_price"":""540.75"",""ask_price"":""543.20""}]"
09:15:57.481,1791517557481190937,2235300035125204,Full Data,8,1114813,465.70,20,09:15:57,,,507.20,114960,16360,21720,57500,"[{""bid_quantity"":20,""ask_quantity"":80,""bid_orders"":1,""ask_orders"":4,""bid_price"":""464.40"",""ask_price"":""465.70""},{""bid_quantity"":40,""ask_quantity"":100,""bid_orders"":2,""ask_orders"":4,""bid_price"":""464.30"",""ask_price"":""465.80""},{""bid_quantity"":40,""ask_quantity"":80,""bid_orders"":2,""ask_orders"":4,""bid_price"":""464.25"",""ask_price"":""465.85""},{""bid_quantity"":20,""ask_quantity"":60,""bid_orders"":1,""ask_orders"":3,""bid_price"":""464.20"",""ask_price"":""465.90""},{""bid_quantity"":20,""ask_quantity"":60,""bid_orders"":1,""ask_orders"":3,""bid_price"":""464.10"",""ask_price"":""466.00""}]"
09:15:57.524,1791517557524188574,2235300078122641,Full Data,8,1114813,464.40,20,09:15:57,,,507.18,115000,13240,19040,57500,"[{""bid_quantity"":20,""ask_quantity"":40,""bid_orders"":1,""ask_orders"":1,""bid_price"":""464.30"",""ask_price"":""465.65""},{""bid_quantity"":20,""ask_quantity"":60,""bid_orders"":1,""ask_orders"":3,""bid_price"":""464.15"",""ask_price"":""465.70""},{""bid_quantity"":20,""ask_quantity"":40,""bid_orders"":1,""ask_orders"":2,""bid_price"":""464.05"",""ask_price"":""465.80""},{""bid_quantity"":40,""ask_quantity"":60,""bid_orders"":2,""ask_orders"":2,""bid_price"":""463.95"",""ask_price"":""466.65""},{""bid_quantity"":100,""ask_quantity"":260,""bid_orders"":2,""ask_orders"":5,""bid_price"":""463.90"",""ask_price"":""466.70""}]"
09:15:57.570,1791517557570031790,2235300123966097,Full Data,8,1104245,492.05,20,09:15:57,,,459.29,65500,14180,20460,52960,"[{""bid_quantity"":20,""ask_quantity"":240,""bid_orders"":1,""ask_orders"":3,""bid_price"":""490.95"",""ask_price"":""492.30""},{""bid_quantity"":80,""ask_quantity"":120,""bid_orders"":3,""ask_orders"":3,""bid_price"":""490.90"",""ask_price"":""492.40""},{""bid_quantity"":60,""ask_quantity"":200,""bid_orders"":2,""ask_orders"":3,""bid_price"":""490.80"",""ask_price"":""492.60""},{""bid_quantity"":120,""ask_quantity"":40,""bid_orders"":4,""ask_orders"":2,""bid_price"":""490.75"",""ask_price"":""492.95""},{""bid_quantity"":40,""ask_quantity"":140,""bid_orders"":2,""ask_orders"":3,""bid_price"":""490.70"",""ask_price"":""493.00""}]"
09:15:57.599,1791517557599194539,2235300153128446,Full Data,8,1114464,839.05,40,09:15:57,,,792.62,98980,13880,21860,272380,"[{""bid_quantity"":40,""ask_quantity"":20,""bid_orders"":2,""ask_orders"":1,""bid_price"":""837.00"",""ask_price"":""839.35""},{""bid_quantity"":40,""ask_quantity"":60,""bid_orders"":2,""ask_orders"":3,""bid_price"":""836.85"",""ask_price"":""839.40""},{""bid_quantity"":40,""ask_quantity"":20,""bid_orders"":2,""ask_orders"":1,""bid_price"":""836.80"",""ask_price"":""839.50""},{""bid_quantity"":100,""ask_quantity"":20,""bid_orders"":3,""ask_orders"":1,""bid_price"":""836.75"",""ask_price"":""839.70""},{""bid_quantity"":100,""ask_quantity"":40,""bid_orders"":3,""ask_orders"":1,""bid_price"":""836.70"",""ask_price"":""839.95""}]"
09:15:57.604,1791517557604173451,2235300158107358,Full Data,8,1111639,508.30,40,09:15:57,,,552.33,61160,11780,18060,60460,"[{""bid_quantity"":100,""ask_quantity"":80,""bid_orders"":3,""ask_orders"":3,""bid_price"":""507.75"",""ask_price"":""509.65""},{""bid_quantity"":60,""ask_quantity"":180,""bid_orders"":2,""ask_orders"":2,""bid_price"":""507.70"",""ask_price"":""509.70""},{""bid_quantity"":40,""ask_quantity"":60,""bid_orders"":2,""ask_orders"":2,""bid_price"":""507.45"",""ask_price"":""509.80""},{""bid_quantity"":60,""ask_quantity"":60,""bid_orders"":2,""ask_orders"":3,""bid_price"":""507.40"",""ask_price"":""509.85""},{""bid_quantity"":60,""ask_quantity"":60,""bid_orders"":2,""ask_orders"":3,""bid_price"":""507.25"",""ask_price"":""509.95""}]"
09:15:57.642,1791517557642391618,2235300196325725,Ticker Data,0,51,71905.15,,09:15:57,,,,,,,,
09:15:57.655,1791517557655370982,2235300209304929,Full Data,8,1104245,491.30,60,09:15:57,,,459.39,65700,13180,20840,52960,"[{""bid_quantity"":40,""ask_quantity"":20,""bid_orders"":1,""ask_orders"":1,""bid_price"":""491.15"",""ask_price"":""492.45""},{""bid_quantity"":40,""ask_quantity"":20,""bid_orders"":2,""ask_orders"":1,""bid_price"":""491.10"",""ask_price"":""492.50""},{""bid_quantity"":40,""ask_quantity"":40,""bid_orders"":2,""ask_orders"":1,""bid_price"":""491.00"",""ask_price"":""492.65""},{""bid_quantity"":60,""ask_quantity"":60,""bid_orders"":2,""ask_orders"":3,""bid_price"":""490.95"",""ask_price"":""492.70""},{""bid_quantity"":80,""ask_quantity"":120,""bid_orders"":3,""ask_orders"":4,""bid_price"":""490.90"",""ask_price"":""492.75""}]"
09:15:57.655,1791517557655512102,2235300209445729,Full Data,8,1111639,509.50,20,09:15:57,,,552.15,61420,11800,15620,60460,"[{""bid_quantity"":40,""ask_quantity"":40,""bid_orders"":1,""ask_orders"":1,""bid_price"":""508.00"",""ask_price"":""509.45""},{""bid_quantity"":40,""ask_quantity"":60,""bid_orders"":2,""ask_orders"":2,""bid_price"":""507.95"",""ask_price"":""509.50""},{""bid_quantity"":20,""ask_quantity"":40,""bid_orders"":1,""ask_orders"":2,""bid_price"":""507.90"",""ask_price"":""509.55""},{""bid_quantity"":20,""ask_quantity"":40,""bid_orders"":1,""ask_orders"":2,""bid_price"":""507.85"",""ask_price"":""509.60""},{""bid_quantity"":20,""ask_quantity"":100,""bid_orders"":1,""ask_orders"":5,""bid_price"":""507.80"",""ask_price"":""509.95""}]"
09:15:57.660,1791517557660371614,2235300214305481,Full Data,8,1114464,839.65,20,09:15:57,,,792.73,99220,16500,23640,272380,"[{""bid_quantity"":80,""ask_quantity"":20,""bid_orders"":3,""ask_orders"":1,""bid_price"":""836.60"",""ask_price"":""839.45""},{""bid_quantity"":80,""ask_quantity"":40,""bid_orders"":2,""ask_orders"":2,""bid_price"":""836.55"",""ask_price"":""839.70""},{""bid_quantity"":400,""ask_quantity"":80,""bid_orders"":3,""ask_orders"":2,""bid_price"":""836.50"",""ask_price"":""840.00""},{""bid_quantity"":80,""ask_quantity"":40,""bid_orders"":1,""ask_orders"":2,""bid_price"":""836.40"",""ask_price"":""840.40""},{""bid_quantity"":20,""ask_quantity"":160,""bid_orders"":1,""ask_orders"":2,""bid_price"":""836.30"",""ask_price"":""840.45""}]"
09:15:57.787,1791517557787143072,2235300341077139,Full Data,8,1114046,387.45,20,09:15:57,,,420.96,89840,12800,37140,119180,"[{""bid_quantity"":320,""ask_quantity"":60,""bid_orders"":4,""ask_orders"":3,""bid_price"":""386.75"",""ask_price"":""388.15""},{""bid_quantity"":20,""ask_quantity"":60,""bid_orders"":1,""ask_orders"":2,""bid_price"":""386.70"",""ask_price"":""388.35""},{""bid_quantity"":40,""ask_quantity"":100,""bid_orders"":2,""ask_orders"":4,""bid_price"":""386.65"",""ask_price"":""388.75""},{""bid_quantity"":40,""ask_quantity"":220,""bid_orders"":2,""ask_orders"":3,""bid_price"":""386.60"",""ask_price"":""388.80""},{""bid_quantity"":20,""ask_quantity"":60,""bid_orders"":1,""ask_orders"":2,""bid_price"":""386.55"",""ask_price"":""389.00""}]"
09:15:57.815,1791517557815641056,2235300369575083,Full Data,8,1115207,710.55,40,09:15:57,,,675.33,121400,11560,24840,97240,"[{""bid_quantity"":60,""ask_quantity"":40,""bid_orders"":3,""ask_orders"":2,""bid_price"":""709.30"",""ask_price"":""711.35""},{""bid_quantity"":40,""ask_quantity"":20,""bid_orders"":2,""ask_orders"":1,""bid_price"":""709.15"",""ask_price"":""711.40""},{""bid_quantity"":60,""ask_quantity"":160,""bid_orders"":3,""ask_orders"":5,""bid_price"":""709.00"",""ask_price"":""712.25""},{""bid_quantity"":20,""ask_quantity"":180,""bid_orders"":1,""ask_orders"":2,""bid_price"":""708.85"",""ask_price"":""712.45""},{""bid_quantity"":120,""ask_quantity"":160,""bid_orders"":1,""ask_orders"":1,""bid_price"":""708.80"",""ask_price"":""713.25""}]"
09:15:57.817,1791517557817632829,2235300371566616,Full Data,8,1112083,652.80,80,09:15:57,,,617.15,160520,17860,37200,97520,"[{""bid_quantity"":40,""ask_quantity"":40,""bid_orders"":1,""ask_orders"":2,""bid_price"":""650.45"",""ask_price"":""652.75""},{""bid_quantity"":40,""ask_quantity"":120,""bid_orders"":2,""ask_orders"":2,""bid_price"":""650.40"",""ask_price"":""652.80""},{""bid_quantity"":60,""ask_quantity"":40,""bid_orders"":2,""ask_orders"":1,""bid_price"":""650.35"",""ask_price"":""653.15""},{""bid_quantity"":20,""ask_quantity"":160,""bid_orders"":1,""ask_orders"":2,""bid_price"":""650.30"",""ask_price"":""653.20""},{""bid_quantity"":40,""ask_quantity"":40,""bid_orders"":2,""ask_orders"":1,""bid_price"":""650.25"",""ask_price"":""653.35""}]"
09:15:57.855,1791517557855949957,2235300409884024,Full Data,8,1110871,425.15,20,09:15:57,,,462.94,99440,12740,20280,81380,"[{""bid_quantity"":20,""ask_quantity"":160,""bid_orders"":1,""ask_orders"":2,""bid_price"":""425.45"",""ask_price"":""427.05""},{""bid_quantity"":20,""ask_quantity"":40,""bid_orders"":1,""ask_orders"":2,""bid_price"":""425.40"",""ask_price"":""427.10""},{""bid_quantity"":40,""ask_quantity"":20,""bid_orders"":2,""ask_orders"":1,""bid_price"":""425.35"",""ask_price"":""429.20""},{""bid_quantity"":240,""ask_quantity"":40,""bid_orders"":4,""ask_orders"":1,""bid_price"":""425.30"",""ask_price"":""429.25""},{""bid_quantity"":20,""ask_quantity"":20,""bid_orders"":1,""ask_orders"":1,""bid_price"":""425.25"",""ask_price"":""429.30""}]"
09:15:57.906,1791517557906378042,2235300460312029,Full Data,8,1112083,646.70,20,09:15:57,,,617.19,160700,15240,34400,97520,"[{""bid_quantity"":20,""ask_quantity"":240,""bid_orders"":1,""ask_orders"":5,""bid_price"":""646.10"",""ask_price"":""648.30""},{""bid_quantity"":20,""ask_quantity"":20,""bid_orders"":1,""ask_orders"":1,""bid_price"":""646.05"",""ask_price"":""648.35""},{""bid_quantity"":20,""ask_quantity"":160,""bid_orders"":1,""ask_orders"":1,""bid_price"":""646.00"",""ask_price"":""648.40""},{""bid_quantity"":20,""ask_quantity"":140,""bid_orders"":1,""ask_orders"":2,""bid_price"":""645.95"",""ask_price"":""648.60""},{""bid_quantity"":220,""ask_quantity"":180,""bid_orders"":2,""ask_orders"":2,""bid_price"":""645.90"",""ask_price"":""648.65""}]"
09:15:57.968,1791517557968785165,2235300522719272,Full Data,8,1111309,771.15,20,09:15:57,,,728.96,75180,15400,26520,98080,"[{""bid_quantity"":40,""ask_quantity"":20,""bid_orders"":1,""ask_orders"":1,""bid_price"":""770.60"",""ask_price"":""772.40""},{""bid_quantity"":20,""ask_quantity"":60,""bid_orders"":1,""ask_orders"":2,""bid_price"":""770.55"",""ask_price"":""773.35""},{""bid_quantity"":40,""ask_quantity"":60,""bid_orders"":1,""ask_orders"":2,""bid_price"":""770.40"",""ask_price"":""773.40""},{""bid_quantity"":20,""ask_quantity"":100,""bid_orders"":1,""ask_orders"":1,""bid_price"":""770.35"",""ask_price"":""773.50""},{""bid_quantity"":40,""ask_quantity"":40,""bid_orders"":2,""ask_orders"":1,""bid_price"":""770.15"",""ask_price"":""773.95""}]"
09:15:58.022,1791517558022054069,2235300575988656,Full Data,8,1107336,355.45,20,09:15:57,,,389.75,140480,16500,55560,304080,"[{""bid_quantity"":60,""ask_quantity"":200,""bid_orders"":2,""ask_orders"":1,""bid_price"":""356.10"",""ask_price"":""357.45""},{""bid_quantity"":40,""ask_quantity"":100,""bid_orders"":1,""ask_orders"":1,""bid_price"":""356.05"",""ask_price"":""357.50""},{""bid_quantity"":60,""ask_quantity"":100,""bid_orders"":2,""ask_orders"":1,""bid_price"":""356.00"",""ask_price"":""357.75""},{""bid_quantity"":20,""ask_quantity"":100,""bid_orders"":1,""ask_orders"":1,""bid_price"":""355.95"",""ask_price"":""358.05""},{""bid_quantity"":20,""ask_quantity"":40,""bid_orders"":1,""ask_orders"":1,""bid_price"":""355.85"",""ask_price"":""358.30""}]"
09:15:58.033,1791517558033165261,2235300587099168,Full Data,8,1111309,770.30,20,09:15:58,,,728.97,75200,15420,26400,98080,"[{""bid_quantity"":20,""ask_quantity"":80,""bid_orders"":1,""ask_orders"":2,""bid_price"":""770.15"",""ask_price"":""772.45""},{""bid_quantity"":100,""ask_quantity"":20,""bid_orders"":1,""ask_orders"":1,""bid_price"":""770.00"",""ask_price"":""772.50""},{""bid_quantity"":20,""ask_quantity"":20,""bid_orders"":1,""ask_orders"":1,""bid_price"":""769.95"",""ask_price"":""772.65""},{""bid_quantity"":40,""ask_quantity"":40,""bid_orders"":1,""ask_orders"":1,""bid_price"":""769.90"",""ask_price"":""772.85""},{""bid_quantity"":20,""ask_quantity"":20,""bid_orders"":1,""ask_orders"":1,""bid_price"":""769.80"",""ask_price"":""772.90""}]"
09:15:58.253,1791517558253531124,2235300807465351,Full Data,8,1105793,593.80,20,09:15:58,,,563.65,108160,14640,27420,50360,"[{""bid_quantity"":20,""ask_quantity"":20,""bid_orders"":1,""ask_orders"":1,""bid_price"":""592.30"",""ask_price"":""594.10""},{""bid_quantity"":20,""ask_quantity"":40,""bid_orders"":1,""ask_orders"":2,""bid_price"":""592.25"",""ask_price"":""594.15""},{""bid_quantity"":40,""ask_quantity"":60,""bid_orders"":2,""ask_orders"":2,""bid_price"":""592.20"",""ask_price"":""594.25""},{""bid_quantity"":60,""ask_quantity"":80,""bid_orders"":3,""ask_orders"":4,""bid_price"":""592.15"",""ask_price"":""594.30""},{""bid_quantity"":180,""ask_quantity"":20,""bid_orders"":3,""ask_orders"":1,""bid_price"":""591.80"",""ask_price"":""594.35""}]"
09:15:58.330,1791517558330400581,2235300884334728,Full Data,8,1105793,596.10,20,09:15:58,,,563.66,108200,14580,28140,50360,"[{""bid_quantity"":40,""ask_quantity"":60,""bid_orders"":2,""ask_orders"":3,""bid_price"":""594.00"",""ask_price"":""595.95""},{""bid_quantity"":60,""ask_quantity"":80,""bid_orders"":3,""ask_orders"":4,""bid_price"":""593.95"",""ask_price"":""596.00""},{""bid_quantity"":40,""ask_quantity"":40,""bid_orders"":2,""ask_orders"":2,""bid_price"":""593.90"",""ask_price"":""596.05""},{""bid_quantity"":40,""ask_quantity"":20,""bid_orders"":2,""ask_orders"":1,""bid_price"":""593.85"",""ask_price"":""596.10""},{""bid_quantity"":40,""ask_quantity"":40,""bid_orders"":2,""ask_orders"":2,""bid_price"":""593.70"",""ask_price"":""596.15""}]"
09:15:58.352,1791517558352710325,2235300906644512,Full Data,8,1116183,540.90,20,09:15:58,,,509.06,252940,34020,57060,319760,"[{""bid_quantity"":20,""ask_quantity"":100,""bid_orders"":1,""ask_orders"":2,""bid_price"":""540.00"",""ask_price"":""540.90""},{""bid_quantity"":40,""ask_quantity"":80,""bid_orders"":1,""ask_orders"":3,""bid_price"":""539.90"",""ask_price"":""541.70""},{""bid_quantity"":20,""ask_quantity"":80,""bid_orders"":1,""ask_orders"":3,""bid_price"":""539.85"",""ask_price"":""541.75""},{""bid_quantity"":40,""ask_quantity"":120,""bid_orders"":1,""ask_orders"":2,""bid_price"":""539.75"",""ask_price"":""541.80""},{""bid_quantity"":180,""ask_quantity"":80,""bid_orders"":3,""ask_orders"":3,""bid_price"":""539.70"",""ask_price"":""542.35""}]"
09:15:58.394,1791517558394359114,2235300948293021,Full Data,8,1116183,538.10,40,09:15:58,,,509.13,253480,36980,58460,319760,"[{""bid_quantity"":40,""ask_quantity"":20,""bid_orders"":2,""ask_orders"":1,""bid_price"":""537.45"",""ask_price"":""539.20""},{""bid_quantity"":40,""ask_quantity"":40,""bid_orders"":2,""ask_orders"":2,""bid_price"":""537.40"",""ask_price"":""539.40""},{""bid_quantity"":160,""ask_quantity"":60,""bid_orders"":3,""ask_orders"":2,""bid_price"":""537.30"",""ask_price"":""539.45""},{""bid_quantity"":20,""ask_quantity"":280,""bid_orders"":1,""ask_orders"":4,""bid_price"":""537.25"",""ask_price"":""539.50""},{""bid_quantity"":20,""ask_quantity"":60,""bid_orders"":1,""ask_orders"":2,""bid_price"":""537.20"",""ask_price"":""539.55""}]"
09:15:58.530,1791517558530237391,2235301084171818,Full Data,8,1114813,475.00,20,09:15:58,,,506.82,116060,13940,21020,57500,"[{""bid_quantity"":20,""ask_quantity"":160,""bid_orders"":1,""ask_orders"":7,""bid_price"":""473.85"",""ask_price"":""475.85""},{""bid_quantity"":20,""ask_quantity"":380,""bid_orders"":1,""ask_orders"":4,""bid_price"":""473.80"",""ask_price"":""475.90""},{""bid_quantity"":40,""ask_quantity"":140,""bid_orders"":2,""ask_orders"":3,""bid_price"":""473.75"",""ask_price"":""475.95""},{""bid_quantity"":40,""ask_quantity"":160,""bid_orders"":2,""ask_orders"":2,""bid_price"":""473.70"",""ask_price"":""476.00""},{""bid_quantity"":80,""ask_quantity"":20,""bid_orders"":4,""ask_orders"":1,""bid_price"":""473.65"",""ask_price"":""476.05""}]"
09:15:58.584,1791517558584913784,2235301138847771,Full Data,8,1114813,475.00,20,09:15:58,,,506.82,116060,15360,22200,57500,"[{""bid_quantity"":40,""ask_quantity"":60,""bid_orders"":2,""ask_orders"":3,""bid_price"":""471.25"",""ask_price"":""473.45""},{""bid_quantity"":20,""ask_quantity"":40,""bid_orders"":1,""ask_orders"":2,""bid_price"":""471.20"",""ask_price"":""473.55""},{""bid_quantity"":20,""ask_quantity"":160,""bid_orders"":1,""ask_orders"":2,""bid_price"":""471.15"",""ask_price"":""473.60""},{""bid_quantity"":40,""ask_quantity"":20,""bid_orders"":2,""ask_orders"":1,""bid_price"":""471.05"",""ask_price"":""473.65""},{""bid_quantity"":20,""ask_quantity"":20,""bid_orders"":1,""ask_orders"":1,""bid_price"":""470.95"",""ask_price"":""473.70""}]"
09:15:58.616,1791517558616746790,2235301170680937,Ticker Data,0,51,71906.58,,09:15:58,,,,,,,,
09:15:58.646,1791517558646141780,2235301200075727,Full Data,8,1104245,488.15,140,09:15:58,,,459.93,66940,13500,20960,52960,"[{""bid_quantity"":40,""ask_quantity"":40,""bid_orders"":1,""ask_orders"":2,""bid_price"":""486.75"",""ask_price"":""488.55""},{""bid_quantity"":80,""ask_quantity"":20,""bid_orders"":3,""ask_orders"":1,""bid_price"":""486.70"",""ask_price"":""489.10""},{""bid_quantity"":100,""ask_quantity"":140,""bid_orders"":3,""ask_orders"":1,""bid_price"":""486.60"",""ask_price"":""489.25""},{""bid_quantity"":40,""ask_quantity"":40,""bid_orders"":2,""ask_orders"":1,""bid_price"":""486.55"",""ask_price"":""489.40""},{""bid_quantity"":260,""ask_quantity"":20,""bid_orders"":2,""ask_orders"":1,""bid_price"":""486.40"",""ask_price"":""489.45""}]"
09:15:58.662,1791517558662167323,2235301216101270,Full Data,8,1111639,516.55,80,09:15:58,,,551.57,62380,10680,15820,60460,"[{""bid_quantity"":60,""ask_quantity"":20,""bid_orders"":2,""ask_orders"":1,""bid_price"":""514.00"",""ask_price"":""516.55""},{""bid_quantity"":60,""ask_quantity"":220,""bid_orders"":2,""ask_orders"":3,""bid_price"":""513.95"",""ask_price"":""516.60""},{""bid_quantity"":140,""ask_quantity"":60,""bid_orders"":3,""ask_orders"":2,""bid_price"":""513.90"",""ask_price"":""516.65""},{""bid_quantity"":40,""ask_quantity"":60,""bid_orders"":1,""ask_orders"":3,""bid_price"":""513.85"",""ask_price"":""516.70""},{""bid_quantity"":240,""ask_quantity"":80,""bid_orders"":2,""ask_orders"":3,""bid_price"":""513.75"",""ask_price"":""516.85""}]"
09:15:58.704,1791517558704893559,2235301258827786,Full Data,8,1114464,834.25,20,09:15:58,,,793.21,100460,17000,24000,272380,"[{""bid_quantity"":20,""ask_quantity"":60,""bid_orders"":1,""ask_orders"":3,""bid_price"":""831.60"",""ask_price"":""834.30""},{""bid_quantity"":60,""ask_quantity"":40,""bid_orders"":2,""ask_orders"":1,""bid_price"":""831.55"",""ask_price"":""834.70""},{""bid_quantity"":60,""ask_quantity"":60,""bid_orders"":2,""ask_orders"":2,""bid_price"":""831.50"",""ask_price"":""834.75""},{""bid_quantity"":60,""ask_quantity"":60,""bid_orders"":2,""ask_orders"":2,""bid_price"":""831.45"",""ask_price"":""834.80""},{""bid_quantity"":20,""ask_quantity"":100,""bid_orders"":1,""ask_orders"":1,""bid_price"":""831.40"",""ask_price"":""835.20""}]"
09:15:58.728,1791517558728029068,2235301281963375,Full Data,8,1111639,516.30,20,09:15:58,,,551.52,62460,12780,17760,60460,"[{""bid_quantity"":40,""ask_quantity"":20,""bid_orders"":1,""ask_orders"":1,""bid_price"":""514.25"",""ask_price"":""516.15""},{""bid_quantity"":140,""ask_quantity"":120,""bid_orders"":1,""ask_orders"":5,""bid_price"":""514.20"",""ask_price"":""516.30""},{""bid_quantity"":20,""ask_quantity"":140,""bid_orders"":1,""ask_orders"":1,""bid_price"":""514.10"",""ask_price"":""516.60""},{""bid_quantity"":20,""ask_quantity"":80,""bid_orders"":1,""ask_orders"":3,""bid_price"":""514.05"",""ask_price"":""516.65""},{""bid_quantity"":20,""ask_quantity"":60,""bid_orders"":1,""ask_orders"":2,""bid_price"":""513.90"",""ask_price"":""516.85""}]"
09:15:58.729,1791517558729083515,2235301283017542,Full Data,8,1104245,488.45,20,09:15:58,,,459.95,67000,14220,20380,52960,"[{""bid_quantity"":120,""ask_quantity"":40,""bid_orders"":2,""ask_orders"":1,""bid_price"":""486.20"",""ask_price"":""487.70""},{""bid_quantity"":60,""ask_quantity"":60,""bid_orders"":2,""ask_orders"":3,""bid_price"":""486.10"",""ask_price"":""487.75""},{""bid_quantity"":180,""ask_quantity"":40,""bid_orders"":3,""ask_orders"":1,""bid_price"":""486.05"",""ask_price"":""487.80""},{""bid_quantity"":40,""ask_quantity"":80,""bid_orders"":1,""ask_orders"":3,""bid_price"":""486.00"",""ask_price"":""487.85""},{""bid_quantity"":20,""ask_quantity"":40,""bid_orders"":1,""ask_orders"":1,""bid_price"":""485.95"",""ask_price"":""487.90""}]"
09:15:58.737,1791517558737773491,2235301291707278,Full Data,8,1114464,834.75,40,09:15:58,,,793.25,100560,16200,21460,272380,"[{""bid_quantity"":100,""ask_quantity"":20,""bid_orders"":1,""ask_orders"":1,""bid_price"":""830.70"",""ask_price"":""833.05""},{""bid_quantity"":40,""ask_quantity"":40,""bid_orders"":2,""ask_orders"":2,""bid_price"":""830.65"",""ask_price"":""833.10""},{""bid_quantity"":40,""ask_quantity"":20,""bid_orders"":2,""ask_orders"":1,""bid_price"":""830.50"",""ask_price"":""833.20""},{""bid_quantity"":40,""ask_quantity"":40,""bid_orders"":1,""ask_orders"":2,""bid_price"":""830.45"",""ask_price"":""833.25""},{""bid_quantity"":140,""ask_quantity"":40,""bid_orders"":1,""ask_orders"":1,""bid_price"":""830.40"",""ask_price"":""833.30""}]"
09:15:58.808,1791517558809002031,2235301362936498,Full Data,8,1114046,392.70,20,09:15:58,,,420.89,90060,10440,37520,119180,"[{""bid_quantity"":140,""ask_quantity"":80,""bid_orders"":1,""ask_orders"":3,""bid_price"":""392.10"",""ask_price"":""392.95""},{""bid_quantity"":20,""ask_quantity"":60,""bid_orders"":1,""ask_orders"":2,""bid_price"":""391.85"",""ask_price"":""393.45""},{""bid_quantity"":20,""ask_quantity"":140,""bid_orders"":1,""ask_orders"":3,""bid_price"":""391.80"",""ask_price"":""393.60""},{""bid_quantity"":160,""ask_quantity"":60,""bid_orders"":2,""ask_orders"":2,""bid_price"":""391.75"",""ask_price"":""394.00""},{""bid_quantity"":80,""ask_quantity"":80,""bid_orders"":3,""ask_orders"":3,""bid_price"":""391.70"",""ask_price"":""394.05""}]"
09:15:58.813,1791517558813259299,2235301367193446,Full Data,8,1115207,707.60,20,09:15:58,,,676.16,124500,11420,25720,97240,"[{""bid_quantity"":40,""ask_quantity"":20,""bid_orders"":2,""ask_orders"":1,""bid_price"":""706.15"",""ask_price"":""708.10""},{""bid_quantity"":160,""ask_quantity"":60,""bid_orders"":1,""ask_orders"":3,""bid_price"":""706.10"",""ask_price"":""708.25""},{""bid_quantity"":20,""ask_quantity"":40,""bid_orders"":1,""ask_orders"":2,""bid_price"":""706.05"",""ask_price"":""708.40""},{""bid_quantity"":20,""ask_quantity"":20,""bid_orders"":1,""ask_orders"":1,""bid_price"":""706.00"",""ask_price"":""708.50""},{""bid_quantity"":20,""ask_quantity"":140,""bid_orders"":1,""ask_orders"":4,""bid_price"":""705.35"",""ask_price"":""708.65""}]"
09:15:58.870,1791517558870420548,2235301424354935,Full Data,8,1110871,430.15,20,09:15:58,,,462.49,100760,10220,16880,81380,"[{""bid_quantity"":100,""ask_quantity"":40,""bid_orders"":2,""ask_orders"":2,""bid_price"":""429.75"",""ask_price"":""431.25""},{""bid_quantity"":40,""ask_quantity"":80,""bid_orders"":2,""ask_orders"":4,""bid_price"":""429.65"",""ask_price"":""431.30""},{""bid_quantity"":20,""ask_quantity"":40,""bid_orders"":1,""ask_orders"":2,""bid_price"":""429.60"",""ask_price"":""431.35""},{""bid_quantity"":160,""ask_quantity"":60,""bid_orders"":2,""ask_orders"":3,""bid_price"":""429.55"",""ask_price"":""431.40""},{""bid_quantity"":20,""ask_quantity"":40,""bid_orders"":1,""ask_orders"":2,""bid_price"":""429.45"",""ask_price"":""431.55""}]"
09:15:58.870,1791517558870562949,2235301424496576,Full Data,8,1115207,707.60,20,09:15:58,,,676.16,124500,10200,24080,97240,"[{""bid_quantity"":20,""ask_quantity"":40,""bid_orders"":1,""ask_orders"":2,""bid_price"":""705.55"",""ask_price"":""707.45""},{""bid_quantity"":40,""ask_quantity"":20,""bid_orders"":2,""ask_orders"":1,""bid_price"":""705.35"",""ask_price"":""707.50""},{""bid_quantity"":120,""ask_quantity"":20,""bid_orders"":2,""ask_orders"":1,""bid_price"":""704.65"",""ask_price"":""707.65""},{""bid_quantity"":340,""ask_quantity"":20,""bid_orders"":3,""ask_orders"":1,""bid_price"":""704.60"",""ask_price"":""707.85""},{""bid_quantity"":60,""ask_quantity"":140,""bid_orders"":2,""ask_orders"":3,""bid_price"":""704.35"",""ask_price"":""708.00""}]"
09:15:58.881,1791517558881461179,2235301435395206,Full Data,8,1112083,645.55,40,09:15:58,,,617.88,164200,14080,34900,97520,"[{""bid_quantity"":60,""ask_quantity"":60,""bid_orders"":3,""ask_orders"":2,""bid_price"":""645.30"",""ask_price"":""647.55""},{""bid_quantity"":40,""ask_quantity"":40,""bid_orders"":2,""ask_orders"":2,""bid_price"":""645.15"",""ask_price"":""647.60""},{""bid_quantity"":60,""ask_quantity"":40,""bid_orders"":1,""ask_orders"":2,""bid_price"":""645.00"",""ask_price"":""647.80""},{""bid_quantity"":340,""ask_quantity"":20,""bid_orders"":5,""ask_orders"":1,""bid_price"":""644.80"",""ask_price"":""647.90""},{""bid_quantity"":100,""ask_quantity"":20,""bid_orders"":1,""ask_orders"":1,""bid_price"":""644.60"",""ask_price"":""647.95""}]"
09:15:58.972,1791517558972123605,2235301526057632,Full Data,8,1112083,647.15,20,09:15:58,,,618.08,165340,16780,35020,97520,"[{""bid_quantity"":40,""ask_quantity"":60,""bid_orders"":2,""ask_orders"":3,""bid_price"":""645.35"",""ask_price"":""647.35""},{""bid_quantity"":60,""ask_quantity"":60,""bid_orders"":3,""ask_orders"":3,""bid_price"":""645.10"",""ask_price"":""647.40""},{""bid_quantity"":100,""ask_quantity"":60,""bid_orders"":3,""ask_orders"":3,""bid_price"":""645.00"",""ask_price"":""647.55""},{""bid_quantity"":120,""ask_quantity"":60,""bid_orders"":5,""ask_orders"":3,""bid_price"":""644.85"",""ask_price"":""647.75""},{""bid_quantity"":180,""ask_quantity"":20,""bid_orders"":3,""ask_orders"":1,""bid_price"":""644.80"",""ask_price"":""647.90""}]"
09:15:58.993,1791517558993134661,2235301547068608,Full Data,8,1107704,612.70,60,09:15:58,,,650.64,18120,9700,11400,17620,"[{""bid_quantity"":100,""ask_quantity"":80,""bid_orders"":4,""ask_orders"":3,""bid_price"":""610.95"",""ask_price"":""612.95""},{""bid_quantity"":20,""ask_quantity"":160,""bid_orders"":1,""ask_orders"":2,""bid_price"":""610.90"",""ask_price"":""613.30""},{""bid_quantity"":60,""ask_quantity"":100,""bid_orders"":2,""ask_orders"":1,""bid_price"":""610.80"",""ask_price"":""614.00""},{""bid_quantity"":20,""ask_quantity"":140,""bid_orders"":1,""ask_orders"":3,""bid_price"":""610.75"",""ask_price"":""614.40""},{""bid_quantity"":40,""ask_quantity"":60,""bid_orders"":2,""ask_orders"":3,""bid_price"":""610.70"",""ask_price"":""616.45""}]"
09:15:59.027,1791517559027391762,2235301581326029,Full Data,8,1107704,612.70,60,09:15:58,,,650.64,18120,9720,11380,17620,"[{""bid_quantity"":60,""ask_quantity"":100,""bid_orders"":2,""ask_orders"":4,""bid_price"":""610.50"",""ask_price"":""612.85""},{""bid_quantity"":60,""ask_quantity"":160,""bid_orders"":3,""ask_orders"":2,""bid_price"":""610.45"",""ask_price"":""613.50""},{""bid_quantity"":140,""ask_quantity"":100,""bid_orders"":1,""ask_orders"":1,""bid_price"":""610.35"",""ask_price"":""614.00""},{""bid_quantity"":60,""ask_quantity"":140,""bid_orders"":2,""ask_orders"":3,""bid_price"":""610.30"",""ask_price"":""614.40""},{""bid_quantity"":40,""ask_quantity"":60,""bid_orders"":2,""ask_orders"":3,""bid_price"":""610.25"",""ask_price"":""616.45""}]"
09:15:59.042,1791517559042743301,2235301596677568,Full Data,8,1111309,767.80,20,09:15:58,,,729.19,75620,13600,24500,98080,"[{""bid_quantity"":40,""ask_quantity"":40,""bid_orders"":1,""ask_orders"":2,""bid_price"":""766.40"",""ask_price"":""768.45""},{""bid_quantity"":40,""ask_quantity"":40,""bid_orders"":2,""ask_orders"":2,""bid_price"":""766.35"",""ask_price"":""768.75""},{""bid_quantity"":60,""ask_quantity"":60,""bid_orders"":2,""ask_orders"":2,""bid_price"":""766.20"",""ask_price"":""769.20""},{""bid_quantity"":40,""ask_quantity"":120,""bid_orders"":2,""ask_orders"":2,""bid_price"":""766.15"",""ask_price"":""769.25""},{""bid_quantity"":20,""ask_quantity"":40,""bid_orders"":1,""ask_orders"":1,""bid_price"":""766.05"",""ask_price"":""769.40""}]"
09:15:59.053,1791517559053322849,2235301607256796,Full Data,8,1107336,357.10,40,09:15:58,,,389.50,141600,16080,53560,304080,"[{""bid_quantity"":40,""ask_quantity"":40,""bid_orders"":2,""ask_orders"":2,""bid_price"":""357.70"",""ask_price"":""358.80""},{""bid_quantity"":40,""ask_quantity"":80,""bid_orders"":2,""ask_orders"":4,""bid_price"":""357.65"",""ask_price"":""358.85""},{""bid_quantity"":60,""ask_quantity"":40,""bid_orders"":3,""ask_orders"":1,""bid_price"":""357.60"",""ask_price"":""359.20""},{""bid_quantity"":60,""ask_quantity"":20,""bid_orders"":3,""ask_orders"":1,""bid_price"":""357.55"",""ask_price"":""359.25""},{""bid_quantity"":80,""ask_quantity"":40,""bid_orders"":4,""ask_orders"":2,""bid_price"":""357.45"",""ask_price"":""359.30""}]"
09:15:59.074,1791517559074352265,2235301628286252,Full Data,8,1102591,562.95,40,09:15:59,,,599.71,92280,12940,23740,209460,"[{""bid_quantity"":40,""ask_quantity"":60,""bid_orders"":2,""ask_orders"":1,""bid_price"":""562.70"",""ask_price"":""564.95""},{""bid_quantity"":40,""ask_quantity"":340,""bid_orders"":2,""ask_orders"":2,""bid_price"":""562.65"",""ask_price"":""565.00""},{""bid_quantity"":40,""ask_quantity"":40,""bid_orders"":2,""ask_orders"":1,""bid_price"":""562.60"",""ask_price"":""565.05""},{""bid_quantity"":60,""ask_quantity"":80,""bid_orders"":1,""ask_orders"":1,""bid_price"":""562.55"",""ask_price"":""565.80""},{""bid_quantity"":60,""ask_quantity"":100,""bid_orders"":3,""ask_orders"":1,""bid_price"":""562.50"",""ask_price"":""565.95""}]"
09:15:59.105,1791517559105739348,2235301659673375,Full Data,8,1111309,765.90,140,09:15:59,,,729.30,75840,14000,23640,98080,"[{""bid_quantity"":40,""ask_quantity"":40,""bid_orders"":1,""ask_orders"":2,""bid_price"":""765.00"",""ask_price"":""766.55""},{""bid_quantity"":20,""ask_quantity"":40,""bid_orders"":1,""ask_orders"":2,""bid_price"":""764.25"",""ask_price"":""766.75""},{""bid_quantity"":60,""ask_quantity"":140,""bid_orders"":2,""ask_orders"":3,""bid_price"":""763.60"",""ask_price"":""766.95""},{""bid_quantity"":40,""ask_quantity"":20,""bid_orders"":1,""ask_orders"":1,""bid_price"":""763.40"",""ask_price"":""767.15""},{""bid_quantity"":120,""ask_quantity"":20,""bid_orders"":2,""ask_orders"":1,""bid_price"":""763.35"",""ask_price"":""767.35""}]"
09:15:59.106,1791517559106130150,2235301660063977,Full Data,8,1102591,562.95,40,09:15:59,,,599.71,92280,13980,23320,209460,"[{""bid_quantity"":20,""ask_quantity"":20,""bid_orders"":1,""ask_orders"":1,""bid_price"":""562.35"",""ask_price"":""564.30""},{""bid_quantity"":20,""ask_quantity"":80,""bid_orders"":1,""ask_orders"":4,""bid_price"":""562.30"",""ask_price"":""564.35""},{""bid_quantity"":20,""ask_quantity"":20,""bid_orders"":1,""ask_orders"":1,""bid_price"":""562.25"",""ask_price"":""564.40""},{""bid_quantity"":20,""ask_quantity"":20,""bid_orders"":1,""ask_orders"":1,""bid_price"":""562.20"",""ask_price"":""564.50""},{""bid_quantity"":100,""ask_quantity"":80,""bid_orders"":2,""ask_orders"":3,""bid_price"":""562.15"",""ask_price"":""564.55""}]"
09:15:59.338,1791517559338200569,2235301892134796,Full Data,8,1105793,593.40,20,09:15:59,,,564.75,112700,11660,24840,50360,"[{""bid_quantity"":20,""ask_quantity"":20,""bid_orders"":1,""ask_orders"":1,""bid_price"":""591.85"",""ask_price"":""593.80""},{""bid_quantity"":20,""ask_quantity"":20,""bid_orders"":1,""ask_orders"":1,""bid_price"":""591.80"",""ask_price"":""593.85""},{""bid_quantity"":40,""ask_quantity"":20,""bid_orders"":2,""ask_orders"":1,""bid_price"":""591.75"",""ask_price"":""593.95""},{""bid_quantity"":20,""ask_quantity"":80,""bid_orders"":1,""ask_orders"":4,""bid_price"":""591.65"",""ask_price"":""594.00""},{""bid_quantity"":20,""ask_quantity"":20,""bid_orders"":1,""ask_orders"":1,""bid_price"":""591.55"",""ask_price"":""594.05""}]"
09:15:59.399,1791517559399275403,2235301953209390,Full Data,8,1116183,539.80,20,09:15:59,,,510.01,261580,37540,58420,319760,"[{""bid_quantity"":80,""ask_quantity"":80,""bid_orders"":3,""ask_orders"":3,""bid_price"":""537.80"",""ask_price"":""539.85""},{""bid_quantity"":20,""ask_quantity"":60,""bid_orders"":1,""ask_orders"":3,""bid_price"":""537.70"",""ask_price"":""539.95""},{""bid_quantity"":120,""ask_quantity"":40,""bid_orders"":1,""ask_orders"":2,""bid_price"":""537.60"",""ask_price"":""540.05""},{""bid_quantity"":20,""ask_quantity"":40,""bid_orders"":1,""ask_orders"":2,""bid_price"":""537.50"",""ask_price"":""540.10""},{""bid_quantity"":40,""ask_quantity"":40,""bid_orders"":2,""ask_orders"":2,""bid_price"":""537.35"",""ask_price"":""540.15""}]"
09:15:59.447,1791517559447404434,2235302001338701,Full Data,8,1116183,537.85,60,09:15:59,,,510.03,261740,37880,60640,319760,"[{""bid_quantity"":20,""ask_quantity"":20,""bid_orders"":1,""ask_orders"":1,""bid_price"":""537.85"",""ask_price"":""539.80""},{""bid_quantity"":60,""ask_quantity"":20,""bid_orders"":3,""ask_orders"":1,""bid_price"":""537.80"",""ask_price"":""539.85""},{""bid_quantity"":140,""ask_quantity"":40,""bid_orders"":5,""ask_orders"":1,""bid_price"":""537.70"",""ask_price"":""539.90""},{""bid_quantity"":60,""ask_quantity"":60,""bid_orders"":3,""ask_orders"":3,""bid_price"":""537.65"",""ask_price"":""540.00""},{""bid_quantity"":140,""ask_quantity"":20,""bid_orders"":2,""ask_orders"":1,""bid_price"":""537.60"",""ask_price"":""540.05""}]"
09:15:59.585,1791517559585299405,2235302139233552,Full Data,8,1114813,470.00,100,09:15:59,,,506.53,117040,15380,22100,57500,"[{""bid_quantity"":20,""ask_quantity"":20,""bid_orders"":1,""ask_orders"":1,""bid_price"":""467.40"",""ask_price"":""468.50""},{""bid_quantity"":40,""ask_quantity"":60,""bid_orders"":2,""ask_orders"":2,""bid_price"":""467.20"",""ask_price"":""469.05""},{""bid_quantity"":120,""ask_quantity"":40,""bid_orders"":4,""ask_orders"":2,""bid_price"":""467.15"",""ask_price"":""469.15""},{""bid_quantity"":80,""ask_quantity"":140,""bid_orders"":1,""ask_orders"":2,""bid_price"":""467.10"",""ask_price"":""469.20""},{""bid_quantity"":40,""ask_quantity"":60,""bid_orders"":1,""ask_orders"":2,""bid_price"":""466.75"",""ask_price"":""469.25""}]"
09:15:59.613,1791517559613341946,2235302167276213,Ticker Data,0,51,71913.47,,09:15:59,,,,,,,,
09:15:59.648,1791517559648384172,2235302202318239,Full Data,8,1114813,468.15,20,09:15:59,,,506.50,117120,13900,19940,57500,"[{""bid_quantity"":20,""ask_quantity"":20,""bid_orders"":1,""ask_orders"":1,""bid_price"":""466.20"",""ask_price"":""467.90""},{""bid_quantity"":40,""ask_quantity"":80,""bid_orders"":1,""ask_orders"":4,""bid_price"":""466.00"",""ask_price"":""467.95""},{""bid_quantity"":120,""ask_quantity"":20,""bid_orders"":1,""ask_orders"":1,""bid_price"":""465.95"",""ask_price"":""468.00""},{""bid_quantity"":160,""ask_quantity"":20,""bid_orders"":2,""ask_orders"":1,""bid_price"":""465.90"",""ask_price"":""468.05""},{""bid_quantity"":40,""ask_quantity"":20,""bid_orders"":1,""ask_orders"":1,""bid_price"":""465.45"",""ask_price"":""468.10""}]"
09:15:59.717,1791517559717890261,2235302271824208,Full Data,8,1111639,508.25,20,09:15:59,,,549.17,66320,10820,15900,60460,"[{""bid_quantity"":60,""ask_quantity"":80,""bid_orders"":1,""ask_orders"":2,""bid_price"":""507.55"",""ask_price"":""509.25""},{""bid_quantity"":80,""ask_quantity"":40,""bid_orders"":2,""ask_orders"":1,""bid_price"":""507.50"",""ask_price"":""509.35""},{""bid_quantity"":20,""ask_quantity"":100,""bid_orders"":1,""ask_orders"":1,""bid_price"":""507.40"",""ask_price"":""510.00""},{""bid_quantity"":20,""ask_quantity"":60,""bid_orders"":1,""ask_orders"":3,""bid_price"":""507.30"",""ask_price"":""510.35""},{""bid_quantity"":20,""ask_quantity"":60,""bid_orders"":1,""ask_orders"":2,""bid_price"":""507.25"",""ask_price"":""510.50""}]"
09:15:59.748,1791517559748646859,2235302302581086,Full Data,8,1104245,486.90,40,09:15:59,,,461.09,69800,14020,21020,52960,"[{""bid_quantity"":100,""ask_quantity"":20,""bid_orders"":1,""ask_orders"":1,""bid_price"":""486.90"",""ask_price"":""488.45""},{""bid_quantity"":380,""ask_quantity"":100,""bid_orders"":3,""ask_orders"":1,""bid_price"":""486.85"",""ask_price"":""488.80""},{""bid_quantity"":40,""ask_quantity"":60,""bid_orders"":1,""ask_orders"":2,""bid_price"":""486.80"",""ask_price"":""488.85""},{""bid_quantity"":20,""ask_quantity"":20,""bid_orders"":1,""ask_orders"":1,""bid_price"":""486.70"",""ask_price"":""488.90""},{""bid_quantity"":60,""ask_quantity"":40,""bid_orders"":2,""ask_orders"":1,""bid_price"":""486.55"",""ask_price"":""488.95""}]"
09:15:59.784,1791517559784470251,2235302338404118,Full Data,8,1114464,836.25,160,09:15:59,,,793.47,101120,15020,21680,272380,"[{""bid_quantity"":40,""ask_quantity"":20,""bid_orders"":1,""ask_orders"":1,""bid_price"":""831.45"",""ask_price"":""834.80""},{""bid_quantity"":60,""ask_quantity"":40,""bid_orders"":1,""ask_orders"":1,""bid_price"":""831.35"",""ask_price"":""834.85""},{""bid_quantity"":80,""ask_quantity"":20,""bid_orders"":2,""ask_orders"":1,""bid_price"":""831.30"",""ask_price"":""834.90""},{""bid_quantity"":120,""ask_quantity"":20,""bid_orders"":2,""ask_orders"":1,""bid_price"":""831.25"",""ask_price"":""835.00""},{""bid_quantity"":40,""ask_quantity"":40,""bid_orders"":1,""ask_orders"":2,""bid_price"":""830.95"",""ask_price"":""835.10""}]"
09:15:59.839,1791517559839742368,2235302393676875,Full Data,8,1114046,387.45,120,09:15:59,,,420.50,91160,10800,38200,119180,"[{""bid_quantity"":20,""ask_quantity"":40,""bid_orders"":1,""ask_orders"":2,""bid_price"":""387.70"",""ask_price"":""389.10""},{""bid_quantity"":40,""ask_quantity"":100,""bid_orders"":1,""ask_orders"":3,""bid_price"":""387.65"",""ask_price"":""389.20""},{""bid_quantity"":20,""ask_quantity"":80,""bid_orders"":1,""ask_orders"":2,""bid_price"":""387.60"",""ask_price"":""389.25""},{""bid_quantity"":140,""ask_quantity"":120,""bid_orders"":1,""ask_orders"":2,""bid_price"":""387.55"",""ask_price"":""389.30""},{""bid_quantity"":40,""ask_quantity"":120,""bid_orders"":1,""ask_orders"":1,""bid_price"":""387.40"",""ask_price"":""389.35""}]"
09:15:59.842,1791517559842100063,2235302396034010,Full Data,8,1111639,508.35,20,09:15:59,,,548.93,66700,10460,16500,60460,"[{""bid_quantity"":20,""ask_quantity"":40,""bid_orders"":1,""ask_orders"":1,""bid_price"":""508.95"",""ask_price"":""510.75""},{""bid_quantity"":40,""ask_quantity"":40,""bid_orders"":2,""ask_orders"":2,""bid_price"":""508.90"",""ask_price"":""510.80""},{""bid_quantity"":40,""ask_quantity"":40,""bid_orders"":2,""ask_orders"":1,""bid_price"":""508.85"",""ask_price"":""510.90""},{""bid_quantity"":20,""ask_quantity"":20,""bid_orders"":1,""ask_orders"":1,""bid_price"":""508.80"",""ask_price"":""510.95""},{""bid_quantity"":20,""ask_quantity"":320,""bid_orders"":1,""ask_orders"":4,""bid_price"":""508.75"",""ask_price"":""511.00""}]"
09:15:59.845,1791517559845621846,2235302399555713,Full Data,8,1104245,484.95,20,09:15:59,,,461.26,70300,14740,20620,52960,"[{""bid_quantity"":180,""ask_quantity"":40,""bid_orders"":1,""ask_orders"":1,""bid_price"":""485.45"",""ask_price"":""486.30""},{""bid_quantity"":160,""ask_quantity"":20,""bid_orders"":1,""ask_orders"":1,""bid_price"":""484.90"",""ask_price"":""486.35""},{""bid_quantity"":40,""ask_quantity"":160,""bid_orders"":1,""ask_orders"":3,""bid_price"":""484.60"",""ask_price"":""486.50""},{""bid_quantity"":40,""ask_quantity"":20,""bid_orders"":2,""ask_orders"":1,""bid_price"":""484.55"",""ask_price"":""486.60""},{""bid_quantity"":40,""ask_quantity"":60,""bid_orders"":1,""ask_orders"":3,""bid_price"":""484.50"",""ask_price"":""486.65""}]"
09:15:59.905,1791517559905755714,2235302459689981,Full Data,8,1110871,425.70,40,09:15:59,,,461.80,102740,11560,17140,81380,"[{""bid_quantity"":180,""ask_quantity"":20,""bid_orders"":3,""ask_orders"":1,""bid_price"":""425.00"",""ask_price"":""426.85""},{""bid_quantity"":40,""ask_quantity"":40,""bid_orders"":2,""ask_orders"":2,""bid_price"":""424.95"",""ask_price"":""426.90""},{""bid_quantity"":40,""ask_quantity"":60,""bid_orders"":2,""ask_orders"":3,""bid_price"":""424.90"",""ask_price"":""426.95""},{""bid_quantity"":40,""ask_quantity"":20,""bid_orders"":1,""ask_orders"":1,""bid_price"":""424.85"",""ask_price"":""427.00""},{""bid_quantity"":20,""ask_quantity"":140,""bid_orders"":1,""ask_orders"":3,""bid_price"":""424.80"",""ask_price"":""427.05""}]"
09:15:59.908,1791517559908566492,2235302462500399,Full Data,8,1114464,836.25,160,09:15:59,,,793.47,101120,15220,22020,272380,"[{""bid_quantity"":20,""ask_quantity"":320,""bid_orders"":1,""ask_orders"":1,""bid_price"":""831.20"",""ask_price"":""833.70""},{""bid_quantity"":20,""ask_quantity"":140,""bid_orders"":1,""ask_orders"":1,""bid_price"":""831.00"",""ask_price"":""833.75""},{""bid_quantity"":20,""ask_quantity"":20,""bid_orders"":1,""ask_orders"":1,""bid_price"":""830.80"",""ask_price"":""833.90""},{""bid_quantity"":40,""ask_quantity"":40,""bid_orders"":1,""ask_orders"":2,""bid_price"":""830.70"",""ask_price"":""834.05""},{""bid_quantity"":20,""ask_quantity"":20,""bid_orders"":1,""ask_orders"":1,""bid_price"":""830.65"",""ask_price"":""834.25""}]"
09:15:59.927,1791517559927858497,2235302481792404,Full Data,8,1115207,710.40,80,09:15:59,,,676.62,126380,11760,24900,97240,"[{""bid_quantity"":40,""ask_quantity"":20,""bid_orders"":2,""ask_orders"":1,""bid_price"":""705.55"",""ask_price"":""707.60""},{""bid_quantity"":80,""ask_quantity"":40,""bid_orders"":4,""ask_orders"":2,""bid_price"":""705.50"",""ask_price"":""707.80""},{""bid_quantity"":60,""ask_quantity"":60,""bid_orders"":3,""ask_orders"":3,""bid_price"":""705.30"",""ask_price"":""707.95""},{""bid_quantity"":40,""ask_quantity"":140,""bid_orders"":1,""ask_orders"":3,""bid_price"":""705.20"",""ask_price"":""708.00""},{""bid_quantity"":60,""ask_quantity"":20,""bid_orders"":2,""ask_orders"":1,""bid_price"":""705.10"",""ask_price"":""708.15""}]"
09:15:59.931,1791517559931212878,2235302485146665,Full Data,8,1115207,705.55,20,09:15:59,,,676.63,126400,12220,24900,97240,"[{""bid_quantity"":20,""ask_quantity"":20,""bid_orders"":1,""ask_orders"":1,""bid_price"":""705.75"",""ask_price"":""707.35""},{""bid_quantity"":20,""ask_quantity"":60,""bid_orders"":1,""ask_orders"":3,""bid_price"":""705.40"",""ask_price"":""707.50""},{""bid_quantity"":140,""ask_quantity"":80,""bid_orders"":5,""ask_orders"":4,""bid_price"":""705.20"",""ask_price"":""707.65""},{""bid_quantity"":80,""ask_quantity"":20,""bid_orders"":4,""ask_orders"":1,""bid_price"":""705.05"",""ask_price"":""707.75""},{""bid_quantity"":40,""ask_quantity"":120,""bid_orders"":2,""ask_orders"":5,""bid_price"":""704.85"",""ask_price"":""707.80""}]"
09:15:59.972,1791517559972784507,2235302526718694,Full Data,8,1112083,647.75,20,09:15:59,,,618.62,168380,17100,36980,97520,"[{""bid_quantity"":60,""ask_quantity"":100,""bid_orders"":3,""ask_orders"":5,""bid_price"":""645.45"",""ask_price"":""647.45""},{""bid_quantity"":40,""ask_quantity"":80,""bid_orders"":2,""ask_orders"":3,""bid_price"":""645.30"",""ask_price"":""647.50""},{""bid_quantity"":80,""ask_quantity"":40,""bid_orders"":3,""ask_orders"":2,""bid_price"":""645.20"",""ask_price"":""647.55""},{""bid_quantity"":20,""ask_quantity"":60,""bid_orders"":1,""ask_orders"":2,""bid_price"":""645.15"",""ask_price"":""647.60""},{""bid_quantity"":40,""ask_quantity"":80,""bid_orders"":1,""ask_orders"":3,""bid_price"":""645.10"",""ask_price"":""647.65""}]"
