SECURITY_ID,EXCH_ID,SEGMENT,INSTRUMENT,SYMBOL_NAME,DISPLAY_NAME,UNDERLYING_SYMBOL,UNDERLYING_SECURITY_ID,STRIKE_PRICE,OPTION_TYPE,LOT_SIZE,TICK_SIZE
1100042,BSE,D,OPTIDX,BSXOPT,SENSEX 08 OCT 84600 PUT,SENSEX,1.0,84600.0,PE,20.0,5.0
1100470,BSE,D,OPTIDX,BSXOPT,SENSEX 24 SEP 68000 CALL,SENSEX,1.0,68000.0,CE,20.0,5.0
1100722,BSE,D,OPTIDX,SX50OPT,SENSEX50 26 NOV 25500 PUT,SENSEX50,47.0,25500.0,PE,75.0,5.0
1100737,BSE,D,OPTIDX,BSXOPT,SENSEX 15 OCT 82200 CALL,SENSEX,1.0,82200.0,CE,20.0,5.0
1100742,BSE,D,OPTIDX,BSXOPT,SENSEX 26 NOV 70800 PUT,SENSEX,1.0,70800.0,PE,20.0,5.0
1100745,BSE,D,OPTIDX,BSXOPT,SENSEX 26 NOV 75200 CALL,SENSEX,1.0,75200.0,CE,20.0,5.0
1100760,BSE,D,OPTIDX,BSXOPT,SENSEX 26 NOV 77500 CALL,SENSEX,1.0,77500.0,CE,20.0,5.0
1100766,BSE,D,OPTIDX,BSXOPT,SENSEX 26 NOV 79800 CALL,SENSEX,1.0,79800.0,CE,20.0,5.0
1100783,BSE,D,OPTIDX,BSXOPT,SENSEX 26 NOV 82200 PUT,SENSEX,1.0,82200.0,PE,20.0,5.0
1100833,BSE,D,OPTIDX,BSXOPT,SENSEX 15 OCT 80800 CALL,SENSEX,1.0,80800.0,CE,20.0,5.0
1100837,BSE,D,OPTIDX,BSXOPT,SENSEX 26 NOV 71500 CALL,SENSEX,1.0,71500.0,CE,20.0,5.0
1100845,BSE,D,OPTIDX,BSXOPT,SENSEX 26 NOV 73800 CALL,SENSEX,1.0,73800.0,CE,20.0,5.0
1100871,BSE,D,OPTIDX,BSXOPT,SENSEX 26 NOV 80800 PUT,SENSEX,1.0,80800.0,PE,20.0,5.0
1100925,BSE,D,OPTIDX,SX50OPT,SENSEX50 26 NOV 25250 PUT,SENSEX50,47.0,25250.0,PE,75.0,5.0
1100929,BSE,D,FUTIDX,BSXFUT,SENSEX NOV  FUT,SENSEX,1.0,0.0,,20.0,5.0
1100944,BSE,D,OPTIDX,BSXOPT,SENSEX 15 OCT 76200 PUT,SENSEX,1.0,76200.0,PE,20.0,5.0
1100949,BSE,D,OPTIDX,BSXOPT,SENSEX 15 OCT 78500 PUT,SENSEX,1.0,78500.0,PE,20.0,5.0
1100989,BSE,D,OPTIDX,SX50OPT,SENSEX50 26 NOV 26100 PUT,SENSEX50,47.0,26100.0,PE,75.0,5.0
1101001,BSE,D,OPTIDX,BSXOPT,SENSEX 15 OCT 70200 PUT,SENSEX,1.0,70200.0,PE,20.0,5.0
1101010,BSE,D,OPTIDX,BSXOPT,SENSEX 15 OCT 72500 PUT,SENSEX,1.0,72500.0,PE,20.0,5.0
1101013,BSE,D,OPTIDX,BSXOPT,SENSEX 15 OCT 74800 PUT,SENSEX,1.0,74800.0,PE,20.0,5.0
1101023,BSE,D,OPTIDX,BSXOPT,SENSEX 26 NOV 78100 CALL,SENSEX,1.0,78100.0,CE,20.0,5.0
1101100,BSE,D,OPTIDX,BSXOPT,SENSEX 26 NOV 72100 CALL,SENSEX,1.0,72100.0,CE,20.0,5.0
1101110,BSE,D,OPTIDX,BSXOPT,SENSEX 26 NOV 74400 CALL,SENSEX,1.0,74400.0,CE,20.0,5.0
1101136,BSE,D,OPTIDX,BSXOPT,SENSEX 15 OCT 82500 PUT,SENSEX,1.0,82500.0,PE,20.0,5.0
1101172,BSE,D,OPTIDX,BSXOPT,SENSEX 26 NOV 77800 PUT,SENSEX,1.0,77800.0,PE,20.0,5.0
1101186,BSE,D,OPTIDX,SX50OPT,SENSEX50 26 NOV 25400 CALL,SENSEX50,47.0,25400.0,CE,75.0,5.0
1101220,BSE,D,OPTIDX,BSXOPT,SENSEX 26 NOV 82100 CALL,SENSEX,1.0,82100.0,CE,20.0,5.0
1101285,BSE,D,OPTIDX,BSXOPT,SENSEX 26 NOV 80700 CALL,SENSEX,1.0,80700.0,CE,20.0,5.0
1101299,BSE,D,OPTIDX,BSXOPT,SENSEX 08 OCT 69900 PUT,SENSEX,1.0,69900.0,PE,20.0,5.0
1101321,BSE,D,OPTIDX,SX50OPT,SENSEX50 26 NOV 25150 CALL,SENSEX50,47.0,25150.0,CE,75.0,5.0
1101363,BSE,D,OPTIDX,BSXOPT,SENSEX 15 OCT 76100 CALL,SENSEX,1.0,76100.0,CE,20.0,5.0
1101371,BSE,D,OPTIDX,BSXOPT,SENSEX 15 OCT 78400 CALL,SENSEX,1.0,78400.0,CE,20.0,5.0
1101394,BSE,D,OPTIDX,BSXOPT,SENSEX 15 OCT 83100 PUT,SENSEX,1.0,83100.0,PE,20.0,5.0
1101406,BSE,D,OPTIDX,BSXOPT,SENSEX 26 NOV 76100 PUT,SENSEX,1.0,76100.0,PE,20.0,5.0
1101417,BSE,D,OPTIDX,BSXOPT,SENSEX 26 NOV 78400 PUT,SENSEX,1.0,78400.0,PE,20.0,5.0
1101439,BSE,D,OPTIDX,BSXOPT,SENSEX 15 OCT 70100 CALL,SENSEX,1.0,70100.0,CE,20.0,5.0
1101447,BSE,D,OPTIDX,BSXOPT,SENSEX 15 OCT 72400 CALL,SENSEX,1.0,72400.0,CE,20.0,5.0
1101454,BSE,D,OPTIDX,BSXOPT,SENSEX 15 OCT 74700 CALL,SENSEX,1.0,74700.0,CE,20.0,5.0
1101481,BSE,D,OPTIDX,BSXOPT,SENSEX 26 NOV 70100 PUT,SENSEX,1.0,70100.0,PE,20.0,5.0
1101485,BSE,D,OPTIDX,BSXOPT,SENSEX 26 NOV 72400 PUT,SENSEX,1.0,72400.0,PE,20.0,5.0
1101497,BSE,D,OPTIDX,BSXOPT,SENSEX 26 NOV 74700 PUT,SENSEX,1.0,74700.0,PE,20.0,5.0
1101501,BSE,D,OPTIDX,BSXOPT,SENSEX 26 NOV 79100 CALL,SENSEX,1.0,79100.0,CE,20.0,5.0
1101542,BSE,D,OPTIDX,SX50OPT,SENSEX50 26 NOV 25700 PUT,SENSEX50,47.0,25700.0,PE,75.0,5.0
1101551,BSE,D,OPTIDX,BSXOPT,SENSEX 15 OCT 80100 CALL,SENSEX,1.0,80100.0,CE,20.0,5.0
1101561,BSE,D,OPTIDX,BSXOPT,SENSEX 15 OCT 82400 CALL,SENSEX,1.0,82400.0,CE,20.0,5.0
1101569,BSE,D,OPTIDX,BSXOPT,SENSEX 26 NOV 73100 CALL,SENSEX,1.0,73100.0,CE,20.0,5.0
1101573,BSE,D,OPTIDX,BSXOPT,SENSEX 26 NOV 75400 CALL,SENSEX,1.0,75400.0,CE,20.0,5.0
1101583,BSE,D,OPTIDX,BSXOPT,SENSEX 26 NOV 77700 CALL,SENSEX,1.0,77700.0,CE,20.0,5.0
1101596,BSE,D,OPTIDX,BSXOPT,SENSEX 26 NOV 80100 PUT,SENSEX,1.0,80100.0,PE,20.0,5.0
1101604,BSE,D,OPTIDX,BSXOPT,SENSEX 26 NOV 82400 PUT,SENSEX,1.0,82400.0,PE,20.0,5.0
1101628,BSE,D,OPTIDX,BSXOPT,SENSEX 26 NOV 71700 CALL,SENSEX,1.0,71700.0,CE,20.0,5.0
1101689,BSE,D,OPTIDX,SX50OPT,SENSEX50 26 NOV 25450 PUT,SENSEX50,47.0,25450.0,PE,75.0,5.0
1101701,BSE,D,OPTIDX,BSXOPT,SENSEX 15 OCT 74100 PUT,SENSEX,1.0,74100.0,PE,20.0,5.0
1101707,BSE,D,OPTIDX,BSXOPT,SENSEX 15 OCT 76400 PUT,SENSEX,1.0,76400.0,PE,20.0,5.0
1101713,BSE,D,OPTIDX,BSXOPT,SENSEX 15 OCT 78700 PUT,SENSEX,1.0,78700.0,PE,20.0,5.0
1101717,BSE,D,OPTIDX,BSXOPT,SENSEX 26 NOV 81700 CALL,SENSEX,1.0,81700.0,CE,20.0,5.0
1101753,BSE,D,OPTIDX,BSXOPT,SENSEX 15 OCT 70400 PUT,SENSEX,1.0,70400.0,PE,20.0,5.0
1101755,BSE,D,OPTIDX,BSXOPT,SENSEX 15 OCT 72700 PUT,SENSEX,1.0,72700.0,PE,20.0,5.0
1101791,BSE,D,OPTIDX,BSXOPT,SENSEX 26 NOV 79400 PUT,SENSEX,1.0,79400.0,PE,20.0,5.0
1101824,BSE,D,OPTIDX,BSXOPT,SENSEX 26 NOV 70000 CALL,SENSEX,1.0,70000.0,CE,20.0,5.0
1101852,BSE,D,OPTIDX,BSXOPT,SENSEX 15 OCT 80400 PUT,SENSEX,1.0,80400.0,PE,20.0,5.0
1101854,BSE,D,OPTIDX,BSXOPT,SENSEX 15 OCT 82700 PUT,SENSEX,1.0,82700.0,PE,20.0,5.0
1101868,BSE,D,OPTIDX,BSXOPT,SENSEX 26 NOV 75700 PUT,SENSEX,1.0,75700.0,PE,20.0,5.0
1101885,BSE,D,OPTIDX,SX50OPT,SENSEX50 26 NOV 25600 CALL,SENSEX50,47.0,25600.0,CE,75.0,5.0
1101941,BSE,D,OPTIDX,BSXOPT,SENSEX 26 NOV 80000 CALL,SENSEX,1.0,80000.0,CE,20.0,5.0
1101961,BSE,D,OPTIDX,BSXOPT,SENSEX 26 NOV 82300 CALL,SENSEX,1.0,82300.0,CE,20.0,5.0
1102096,BSE,D,OPTIDX,SX50OPT,SENSEX50 26 NOV 25350 CALL,SENSEX50,47.0,25350.0,CE,75.0,5.0
1102119,BSE,D,OPTIDX,BSXOPT,SENSEX 15 OCT 74000 CALL,SENSEX,1.0,74000.0,CE,20.0,5.0
1102128,BSE,D,OPTIDX,BSXOPT,SENSEX 15 OCT 76300 CALL,SENSEX,1.0,76300.0,CE,20.0,5.0
1102141,BSE,D,OPTIDX,BSXOPT,SENSEX 15 OCT 78600 CALL,SENSEX,1.0,78600.0,CE,20.0,5.0
1102144,BSE,D,OPTIDX,BSXOPT,SENSEX 15 OCT 81000 PUT,SENSEX,1.0,81000.0,PE,20.0,5.0
1102153,BSE,D,OPTIDX,BSXOPT,SENSEX 26 NOV 74000 PUT,SENSEX,1.0,74000.0,PE,20.0,5.0
1102162,BSE,D,OPTIDX,BSXOPT,SENSEX 26 NOV 76300 PUT,SENSEX,1.0,76300.0,PE,20.0,5.0
1102192,BSE,D,OPTIDX,BSXOPT,SENSEX 15 OCT 70300 CALL,SENSEX,1.0,70300.0,CE,20.0,5.0
1102197,BSE,D,OPTIDX,BSXOPT,SENSEX 15 OCT 72600 CALL,SENSEX,1.0,72600.0,CE,20.0,5.0
1102207,BSE,D,OPTIDX,BSXOPT,SENSEX 15 OCT 74900 CALL,SENSEX,1.0,74900.0,CE,20.0,5.0
1102216,BSE,D,OPTIDX,SX50OPT,SENSEX50 26 NOV 25000 PUT,SENSEX50,47.0,25000.0,PE,75.0,5.0
1102231,BSE,D,OPTIDX,BSXOPT,SENSEX 26 NOV 70300 PUT,SENSEX,1.0,70300.0,PE,20.0,5.0
1102240,BSE,D,OPTIDX,BSXOPT,SENSEX 26 NOV 72600 PUT,SENSEX,1.0,72600.0,PE,20.0,5.0
1102250,BSE,D,OPTIDX,BSXOPT,SENSEX 26 NOV 77000 CALL,SENSEX,1.0,77000.0,CE,20.0,5.0
1102264,BSE,D,OPTIDX,BSXOPT,SENSEX 26 NOV 79300 CALL,SENSEX,1.0,79300.0,CE,20.0,5.0
1102333,BSE,D,OPTIDX,SX50OPT,SENSEX50 26 NOV 25900 PUT,SENSEX50,47.0,25900.0,PE,75.0,5.0
1102351,BSE,D,OPTIDX,BSXOPT,SENSEX 15 OCT 80300 CALL,SENSEX,1.0,80300.0,CE,20.0,5.0
1102363,BSE,D,OPTIDX,BSXOPT,SENSEX 26 NOV 71000 CALL,SENSEX,1.0,71000.0,CE,20.0,5.0
1102369,BSE,D,OPTIDX,BSXOPT,SENSEX 15 OCT 82600 CALL,SENSEX,1.0,82600.0,CE,20.0,5.0
1102370,BSE,D,OPTIDX,BSXOPT,SENSEX 26 NOV 73300 CALL,SENSEX,1.0,73300.0,CE,20.0,5.0
1102376,BSE,D,OPTIDX,BSXOPT,SENSEX 26 NOV 75600 CALL,SENSEX,1.0,75600.0,CE,20.0,5.0
1102383,BSE,D,OPTIDX,BSXOPT,SENSEX 26 NOV 77900 CALL,SENSEX,1.0,77900.0,CE,20.0,5.0
1102394,BSE,D,OPTIDX,BSXOPT,SENSEX 26 NOV 80300 PUT,SENSEX,1.0,80300.0,PE,20.0,5.0
1102405,BSE,D,OPTIDX,BSXOPT,SENSEX 26 NOV 82600 PUT,SENSEX,1.0,82600.0,PE,20.0,5.0
1102467,BSE,D,OPTIDX,BSXOPT,SENSEX 26 NOV 71900 CALL,SENSEX,1.0,71900.0,CE,20.0,5.0
1102487,BSE,D,OPTIDX,BSXOPT,SENSEX 15 OCT 78000 PUT,SENSEX,1.0,78000.0,PE,20.0,5.0
1102506,BSE,D,OPTIDX,BSXOPT,SENSEX 26 NOV 83300 CALL,SENSEX,1.0,83300.0,CE,20.0,5.0
1102583,BSE,D,OPTIDX,SX50OPT,SENSEX50 26 NOV 25650 PUT,SENSEX50,47.0,25650.0,PE,75.0,5.0
1102591,BSE,D,OPTIDX,BSXOPT,SENSEX 15 OCT 72000 PUT,SENSEX,1.0,72000.0,PE,20.0,5.0
1102596,BSE,D,OPTIDX,BSXOPT,SENSEX 15 OCT 74300 PUT,SENSEX,1.0,74300.0,PE,20.0,5.0
1102602,BSE,D,OPTIDX,BSXOPT,SENSEX 15 OCT 76600 PUT,SENSEX,1.0,76600.0,PE,20.0,5.0
1102609,BSE,D,OPTIDX,BSXOPT,SENSEX 15 OCT 78900 PUT,SENSEX,1.0,78900.0,PE,20.0,5.0
1102614,BSE,D,OPTIDX,BSXOPT,SENSEX 26 NOV 81900 CALL,SENSEX,1.0,81900.0,CE,20.0,5.0
1102675,BSE,D,OPTIDX,BSXOPT,SENSEX 15 OCT 70600 PUT,SENSEX,1.0,70600.0,PE,20.0,5.0
1102684,BSE,D,OPTIDX,BSXOPT,SENSEX 15 OCT 72900 PUT,SENSEX,1.0,72900.0,PE,20.0,5.0
1102708,BSE,D,OPTIDX,BSXOPT,SENSEX 15 OCT 82000 PUT,SENSEX,1.0,82000.0,PE,20.0,5.0
1102726,BSE,D,OPTIDX,BSXOPT,SENSEX 24 SEP 83000 CALL,SENSEX,1.0,83000.0,CE,20.0,5.0
1102728,BSE,D,OPTIDX,BSXOPT,SENSEX 26 NOV 75000 PUT,SENSEX,1.0,75000.0,PE,20.0,5.0
1102735,BSE,D,OPTIDX,BSXOPT,SENSEX 26 NOV 77300 PUT,SENSEX,1.0,77300.0,PE,20.0,5.0
1102748,BSE,D,OPTIDX,BSXOPT,SENSEX 26 NOV 79600 PUT,SENSEX,1.0,79600.0,PE,20.0,5.0
1102801,BSE,D,OPTIDX,BSXOPT,SENSEX 15 OCT 80600 PUT,SENSEX,1.0,80600.0,PE,20.0,5.0
1102804,BSE,D,OPTIDX,BSXOPT,SENSEX 26 NOV 71300 PUT,SENSEX,1.0,71300.0,PE,20.0,5.0
1102808,BSE,D,OPTIDX,BSXOPT,SENSEX 15 OCT 82900 PUT,SENSEX,1.0,82900.0,PE,20.0,5.0
1102812,BSE,D,OPTIDX,BSXOPT,SENSEX 26 NOV 73600 PUT,SENSEX,1.0,73600.0,PE,20.0,5.0
1102836,BSE,D,OPTIDX,BSXOPT,SENSEX 26 NOV 75900 PUT,SENSEX,1.0,75900.0,PE,20.0,5.0
1102855,BSE,D,OPTIDX,SX50OPT,SENSEX50 26 NOV 25800 CALL,SENSEX50,47.0,25800.0,CE,75.0,5.0
1102918,BSE,D,OPTIDX,BSXOPT,SENSEX 26 NOV 80200 CALL,SENSEX,1.0,80200.0,CE,20.0,5.0
1102949,BSE,D,OPTIDX,BSXOPT,SENSEX 26 NOV 83600 PUT,SENSEX,1.0,83600.0,PE,20.0,5.0
1102995,BSE,D,OPTIDX,BSXOPT,SENSEX 15 OCT 69900 PUT,SENSEX,1.0,69900.0,PE,20.0,5.0
1103044,BSE,D,OPTIDX,SX50OPT,SENSEX50 26 NOV 25550 CALL,SENSEX50,47.0,25550.0,CE,75.0,5.0
1103064,BSE,D,OPTIDX,BSXOPT,SENSEX 15 OCT 74200 CALL,SENSEX,1.0,74200.0,CE,20.0,5.0
1103074,BSE,D,OPTIDX,BSXOPT,SENSEX 15 OCT 76500 CALL,SENSEX,1.0,76500.0,CE,20.0,5.0
1103079,BSE,D,OPTIDX,BSXOPT,SENSEX 15 OCT 78800 CALL,SENSEX,1.0,78800.0,CE,20.0,5.0
1103081,BSE,D,OPTIDX,BSXOPT,SENSEX 24 SEP 81000 PUT,SENSEX,1.0,81000.0,PE,20.0,5.0
1103144,BSE,D,OPTIDX,BSXOPT,SENSEX 15 OCT 70500 CALL,SENSEX,1.0,70500.0,CE,20.0,5.0
1103150,BSE,D,OPTIDX,BSXOPT,SENSEX 15 OCT 72800 CALL,SENSEX,1.0,72800.0,CE,20.0,5.0
1103159,BSE,D,OPTIDX,SX50OPT,SENSEX50 26 NOV 25200 PUT,SENSEX50,47.0,25200.0,PE,75.0,5.0
1103182,BSE,D,OPTIDX,BSXOPT,SENSEX 26 NOV 77200 CALL,SENSEX,1.0,77200.0,CE,20.0,5.0
1103190,BSE,D,OPTIDX,BSXOPT,SENSEX 26 NOV 79500 CALL,SENSEX,1.0,79500.0,CE,20.0,5.0
1103254,BSE,D,OPTIDX,BSXOPT,SENSEX 15 OCT 80500 CALL,SENSEX,1.0,80500.0,CE,20.0,5.0
1103264,BSE,D,OPTIDX,BSXOPT,SENSEX 26 NOV 71200 CALL,SENSEX,1.0,71200.0,CE,20.0,5.0
1103265,BSE,D,OPTIDX,BSXOPT,SENSEX 15 OCT 82800 CALL,SENSEX,1.0,82800.0,CE,20.0,5.0
1103267,BSE,D,OPTIDX,BSXOPT,SENSEX 26 NOV 73500 CALL,SENSEX,1.0,73500.0,CE,20.0,5.0
1103269,BSE,D,OPTIDX,BSXOPT,SENSEX 26 NOV 75800 CALL,SENSEX,1.0,75800.0,CE,20.0,5.0
1103303,BSE,D,OPTIDX,BSXOPT,SENSEX 26 NOV 80500 PUT,SENSEX,1.0,80500.0,PE,20.0,5.0
1103314,BSE,D,OPTIDX,BSXOPT,SENSEX 26 NOV 82800 PUT,SENSEX,1.0,82800.0,PE,20.0,5.0
1103421,BSE,D,OPTIDX,BSXOPT,SENSEX 15 OCT 78200 PUT,SENSEX,1.0,78200.0,PE,20.0,5.0
1103434,BSE,D,OPTIDX,BSXOPT,SENSEX 26 NOV 81200 CALL,SENSEX,1.0,81200.0,CE,20.0,5.0
1103442,BSE,D,OPTIDX,BSXOPT,SENSEX 26 NOV 83500 CALL,SENSEX,1.0,83500.0,CE,20.0,5.0
1103479,BSE,D,OPTIDX,SX50OPT,SENSEX50 26 NOV 25850 PUT,SENSEX50,47.0,25850.0,PE,75.0,5.0
1103491,BSE,D,OPTIDX,BSXOPT,SENSEX 15 OCT 72200 PUT,SENSEX,1.0,72200.0,PE,20.0,5.0
1103505,BSE,D,OPTIDX,BSXOPT,SENSEX 15 OCT 74500 PUT,SENSEX,1.0,74500.0,PE,20.0,5.0
1103518,BSE,D,OPTIDX,BSXOPT,SENSEX 15 OCT 76800 PUT,SENSEX,1.0,76800.0,PE,20.0,5.0
1103598,BSE,D,OPTIDX,BSXOPT,SENSEX 15 OCT 70800 PUT,SENSEX,1.0,70800.0,PE,20.0,5.0
1103621,BSE,D,OPTIDX,BSXOPT,SENSEX 15 OCT 79800 CALL,SENSEX,1.0,79800.0,CE,20.0,5.0
1103650,BSE,D,OPTIDX,BSXOPT,SENSEX 15 OCT 82200 PUT,SENSEX,1.0,82200.0,PE,20.0,5.0
1103668,BSE,D,OPTIDX,BSXOPT,SENSEX 26 NOV 75200 PUT,SENSEX,1.0,75200.0,PE,20.0,5.0
1103680,BSE,D,OPTIDX,BSXOPT,SENSEX 26 NOV 77500 PUT,SENSEX,1.0,77500.0,PE,20.0,5.0
1103685,BSE,D,OPTIDX,BSXOPT,SENSEX 26 NOV 79800 PUT,SENSEX,1.0,79800.0,PE,20.0,5.0
1103695,BSE,D,OPTIDX,SX50OPT,SENSEX50 26 NOV 25100 CALL,SENSEX50,47.0,25100.0,CE,75.0,5.0
1103743,BSE,D,OPTIDX,BSXOPT,SENSEX 25 MAR 76000 CALL,SENSEX,1.0,76000.0,CE,20.0,5.0
1103783,BSE,D,OPTIDX,BSXOPT,SENSEX 15 OCT 80800 PUT,SENSEX,1.0,80800.0,PE,20.0,5.0
1103789,BSE,D,OPTIDX,BSXOPT,SENSEX 26 NOV 71500 PUT,SENSEX,1.0,71500.0,PE,20.0,5.0
1103795,BSE,D,OPTIDX,BSXOPT,SENSEX 26 NOV 73800 PUT,SENSEX,1.0,73800.0,PE,20.0,5.0
1103881,BSE,D,OPTIDX,BSXOPT,SENSEX 25 MAR 80000 CALL,SENSEX,1.0,80000.0,CE,20.0,5.0
1104001,BSE,D,OPTIDX,BSXOPT,SENSEX 25 MAR 74000 PUT,SENSEX,1.0,74000.0,PE,20.0,5.0
1104037,BSE,D,OPTIDX,BSXOPT,SENSEX 26 NOV 81500 PUT,SENSEX,1.0,81500.0,PE,20.0,5.0
1104063,BSE,D,OPTIDX,BSXOPT,SENSEX 26 NOV 83800 PUT,SENSEX,1.0,83800.0,PE,20.0,5.0
1104173,BSE,D,OPTIDX,BSXOPT,SENSEX 15 OCT 78100 CALL,SENSEX,1.0,78100.0,CE,20.0,5.0
1104229,BSE,D,OPTIDX,SX50OPT,SENSEX50 26 NOV 25750 CALL,SENSEX50,47.0,25750.0,CE,75.0,5.0
1104245,BSE,D,OPTIDX,BSXOPT,SENSEX 15 OCT 72100 CALL,SENSEX,1.0,72100.0,CE,20.0,5.0
1104273,BSE,D,OPTIDX,BSXOPT,SENSEX 15 OCT 74400 CALL,SENSEX,1.0,74400.0,CE,20.0,5.0
1104281,BSE,D,OPTIDX,BSXOPT,SENSEX 15 OCT 76700 CALL,SENSEX,1.0,76700.0,CE,20.0,5.0
1104382,BSE,D,OPTIDX,BSXOPT,SENSEX 15 OCT 70700 CALL,SENSEX,1.0,70700.0,CE,20.0,5.0
1104398,BSE,D,OPTIDX,SX50OPT,SENSEX50 26 NOV 25400 PUT,SENSEX50,47.0,25400.0,PE,75.0,5.0
1104422,BSE,D,OPTIDX,BSXOPT,SENSEX 15 OCT 82100 CALL,SENSEX,1.0,82100.0,CE,20.0,5.0
1104435,BSE,D,OPTIDX,BSXOPT,SENSEX 26 NOV 75100 CALL,SENSEX,1.0,75100.0,CE,20.0,5.0
1104451,BSE,D,OPTIDX,BSXOPT,SENSEX 26 NOV 77400 CALL,SENSEX,1.0,77400.0,CE,20.0,5.0
1104454,BSE,D,OPTIDX,BSXOPT,SENSEX 26 NOV 79700 CALL,SENSEX,1.0,79700.0,CE,20.0,5.0
1104471,BSE,D,OPTIDX,BSXOPT,SENSEX 26 NOV 82100 PUT,SENSEX,1.0,82100.0,PE,20.0,5.0
1104532,BSE,D,OPTIDX,BSXOPT,SENSEX 15 OCT 80700 CALL,SENSEX,1.0,80700.0,CE,20.0,5.0
1104538,BSE,D,OPTIDX,BSXOPT,SENSEX 26 NOV 71400 CALL,SENSEX,1.0,71400.0,CE,20.0,5.0
1104549,BSE,D,OPTIDX,BSXOPT,SENSEX 26 NOV 73700 CALL,SENSEX,1.0,73700.0,CE,20.0,5.0
1104640,BSE,D,OPTIDX,SX50OPT,SENSEX50 26 NOV 25150 PUT,SENSEX50,47.0,25150.0,PE,75.0,5.0
1104665,BSE,D,OPTIDX,BSXOPT,SENSEX 15 OCT 76100 PUT,SENSEX,1.0,76100.0,PE,20.0,5.0
1104675,BSE,D,OPTIDX,BSXOPT,SENSEX 15 OCT 78400 PUT,SENSEX,1.0,78400.0,PE,20.0,5.0
1104685,BSE,D,OPTIDX,BSXOPT,SENSEX 26 NOV 81400 CALL,SENSEX,1.0,81400.0,CE,20.0,5.0
1104715,BSE,D,OPTIDX,BSXOPT,SENSEX 26 NOV 83700 CALL,SENSEX,1.0,83700.0,CE,20.0,5.0
1104781,BSE,D,OPTIDX,BSXOPT,SENSEX 15 OCT 70100 PUT,SENSEX,1.0,70100.0,PE,20.0,5.0
1104799,BSE,D,OPTIDX,BSXOPT,SENSEX 15 OCT 72400 PUT,SENSEX,1.0,72400.0,PE,20.0,5.0
1104802,BSE,D,OPTIDX,BSXOPT,SENSEX 15 OCT 74700 PUT,SENSEX,1.0,74700.0,PE,20.0,5.0
1104876,BSE,D,OPTIDX,BSXOPT,SENSEX 26 NOV 79100 PUT,SENSEX,1.0,79100.0,PE,20.0,5.0
1104895,BSE,D,OPTIDX,SX50OPT,SENSEX50 26 NOV 24450 CALL,SENSEX50,47.0,24450.0,CE,75.0,5.0
1104916,BSE,D,OPTIDX,BSXOPT,SENSEX 15 OCT 77700 CALL,SENSEX,1.0,77700.0,CE,20.0,5.0
1104929,BSE,D,OPTIDX,BSXOPT,SENSEX 15 OCT 80100 PUT,SENSEX,1.0,80100.0,PE,20.0,5.0
1104937,BSE,D,OPTIDX,BSXOPT,SENSEX 15 OCT 82400 PUT,SENSEX,1.0,82400.0,PE,20.0,5.0
1104943,BSE,D,OPTIDX,BSXOPT,SENSEX 26 NOV 73100 PUT,SENSEX,1.0,73100.0,PE,20.0,5.0
1104953,BSE,D,OPTIDX,BSXOPT,SENSEX 26 NOV 75400 PUT,SENSEX,1.0,75400.0,PE,20.0,5.0
1104960,BSE,D,OPTIDX,BSXOPT,SENSEX 26 NOV 77700 PUT,SENSEX,1.0,77700.0,PE,20.0,5.0
1104971,BSE,D,OPTIDX,SX50OPT,SENSEX50 26 NOV 25300 CALL,SENSEX50,47.0,25300.0,CE,75.0,5.0
1105009,BSE,D,OPTIDX,BSXOPT,SENSEX 26 NOV 71700 PUT,SENSEX,1.0,71700.0,PE,20.0,5.0
1105044,BSE,D,OPTIDX,BSXOPT,SENSEX 26 NOV 83100 PUT,SENSEX,1.0,83100.0,PE,20.0,5.0
1105112,BSE,D,OPTIDX,BSXOPT,SENSEX 26 NOV 81700 PUT,SENSEX,1.0,81700.0,PE,20.0,5.0
1105126,BSE,D,OPTIDX,SX50OPT,SENSEX50 26 NOV 25050 CALL,SENSEX50,47.0,25050.0,CE,75.0,5.0
1105154,BSE,D,OPTIDX,BSXOPT,SENSEX 15 OCT 76000 CALL,SENSEX,1.0,76000.0,CE,20.0,5.0
1105159,BSE,D,OPTIDX,BSXOPT,SENSEX 15 OCT 78300 CALL,SENSEX,1.0,78300.0,CE,20.0,5.0
1105215,BSE,D,OPTIDX,BSXOPT,SENSEX 15 OCT 70000 CALL,SENSEX,1.0,70000.0,CE,20.0,5.0
1105225,BSE,D,OPTIDX,BSXOPT,SENSEX 15 OCT 72300 CALL,SENSEX,1.0,72300.0,CE,20.0,5.0
1105235,BSE,D,OPTIDX,BSXOPT,SENSEX 15 OCT 74600 CALL,SENSEX,1.0,74600.0,CE,20.0,5.0
1105275,BSE,D,OPTIDX,BSXOPT,SENSEX 26 NOV 79000 CALL,SENSEX,1.0,79000.0,CE,20.0,5.0
1105299,BSE,D,OPTIDX,BSXOPT,SENSEX 15 OCT 70900 CALL,SENSEX,1.0,70900.0,CE,20.0,5.0
1105317,BSE,D,OPTIDX,SX50OPT,SENSEX50 26 NOV 25600 PUT,SENSEX50,47.0,25600.0,PE,75.0,5.0
1105334,BSE,D,OPTIDX,BSXOPT,SENSEX 15 OCT 80000 CALL,SENSEX,1.0,80000.0,CE,20.0,5.0
1105338,BSE,D,OPTIDX,BSXOPT,SENSEX 15 OCT 82300 CALL,SENSEX,1.0,82300.0,CE,20.0,5.0
1105342,BSE,D,OPTIDX,BSXOPT,SENSEX 26 NOV 73000 CALL,SENSEX,1.0,73000.0,CE,20.0,5.0
1105343,BSE,D,OPTIDX,BSXOPT,SENSEX 24 SEP 85000 CALL,SENSEX,1.0,85000.0,CE,20.0,5.0
1105351,BSE,D,OPTIDX,BSXOPT,SENSEX 26 NOV 75300 CALL,SENSEX,1.0,75300.0,CE,20.0,5.0
1105355,BSE,D,OPTIDX,BSXOPT,SENSEX 26 NOV 77600 CALL,SENSEX,1.0,77600.0,CE,20.0,5.0
1105358,BSE,D,OPTIDX,BSXOPT,SENSEX 26 NOV 79900 CALL,SENSEX,1.0,79900.0,CE,20.0,5.0
1105366,BSE,D,OPTIDX,BSXOPT,SENSEX 26 NOV 80000 PUT,SENSEX,1.0,80000.0,PE,20.0,5.0
1105420,BSE,D,OPTIDX,BSXOPT,SENSEX 15 OCT 80900 CALL,SENSEX,1.0,80900.0,CE,20.0,5.0
1105426,BSE,D,OPTIDX,BSXOPT,SENSEX 26 NOV 71600 CALL,SENSEX,1.0,71600.0,CE,20.0,5.0
1105435,BSE,D,OPTIDX,BSXOPT,SENSEX 26 NOV 73900 CALL,SENSEX,1.0,73900.0,CE,20.0,5.0
1105458,BSE,D,OPTIDX,BSXOPT,SENSEX 26 NOV 83000 CALL,SENSEX,1.0,83000.0,CE,20.0,5.0
1105496,BSE,D,OPTIDX,SX50OPT,SENSEX50 26 NOV 24900 CALL,SENSEX50,47.0,24900.0,CE,75.0,5.0
1105512,BSE,D,OPTIDX,SX50OPT,SENSEX50 26 NOV 25350 PUT,SENSEX50,47.0,25350.0,PE,75.0,5.0
1105525,BSE,D,OPTIDX,BSXOPT,SENSEX 15 OCT 74000 PUT,SENSEX,1.0,74000.0,PE,20.0,5.0
1105529,BSE,D,OPTIDX,BSXOPT,SENSEX 15 OCT 76300 PUT,SENSEX,1.0,76300.0,PE,20.0,5.0
1105533,BSE,D,OPTIDX,BSXOPT,SENSEX 15 OCT 78600 PUT,SENSEX,1.0,78600.0,PE,20.0,5.0
1105540,BSE,D,OPTIDX,BSXOPT,SENSEX 26 NOV 81600 CALL,SENSEX,1.0,81600.0,CE,20.0,5.0
1105546,BSE,D,OPTIDX,BSXOPT,SENSEX 26 NOV 83900 CALL,SENSEX,1.0,83900.0,CE,20.0,5.0
1105588,BSE,D,OPTIDX,SX50OPT,SENSEX50 26 NOV 26050 CALL,SENSEX50,47.0,26050.0,CE,75.0,5.0
1105600,BSE,D,OPTIDX,BSXOPT,SENSEX 15 OCT 70300 PUT,SENSEX,1.0,70300.0,PE,20.0,5.0
1105602,BSE,D,OPTIDX,BSXOPT,SENSEX 15 OCT 72600 PUT,SENSEX,1.0,72600.0,PE,20.0,5.0
1105606,BSE,D,OPTIDX,BSXOPT,SENSEX 15 OCT 74900 PUT,SENSEX,1.0,74900.0,PE,20.0,5.0
1105609,BSE,D,OPTIDX,BSXOPT,SENSEX 15 OCT 77000 CALL,SENSEX,1.0,77000.0,CE,20.0,5.0
1105615,BSE,D,OPTIDX,BSXOPT,SENSEX 15 OCT 79300 CALL,SENSEX,1.0,79300.0,CE,20.0,5.0
1105647,BSE,D,OPTIDX,BSXOPT,SENSEX 26 NOV 77000 PUT,SENSEX,1.0,77000.0,PE,20.0,5.0
1105649,BSE,D,OPTIDX,SX50OPT,SENSEX50 29 OCT 24250 CALL,SENSEX50,47.0,24250.0,CE,75.0,5.0
1105655,BSE,D,OPTIDX,BSXOPT,SENSEX 26 NOV 79300 PUT,SENSEX,1.0,79300.0,PE,20.0,5.0
1105670,BSE,D,OPTIDX,BSXOPT,SENSEX 24 SEP 83000 PUT,SENSEX,1.0,83000.0,PE,20.0,5.0
1105673,BSE,D,OPTIDX,SX50OPT,SENSEX50 26 NOV 24650 CALL,SENSEX50,47.0,24650.0,CE,75.0,5.0
1105686,BSE,D,OPTIDX,BSXOPT,SENSEX 15 OCT 73300 CALL,SENSEX,1.0,73300.0,CE,20.0,5.0
1105689,BSE,D,OPTIDX,BSXOPT,SENSEX 15 OCT 75600 CALL,SENSEX,1.0,75600.0,CE,20.0,5.0
1105692,BSE,D,OPTIDX,BSXOPT,SENSEX 15 OCT 77900 CALL,SENSEX,1.0,77900.0,CE,20.0,5.0
1105713,BSE,D,OPTIDX,BSXOPT,SENSEX 15 OCT 80300 PUT,SENSEX,1.0,80300.0,PE,20.0,5.0
1105721,BSE,D,OPTIDX,BSXOPT,SENSEX 26 NOV 71000 PUT,SENSEX,1.0,71000.0,PE,20.0,5.0
1105726,BSE,D,OPTIDX,BSXOPT,SENSEX 15 OCT 82600 PUT,SENSEX,1.0,82600.0,PE,20.0,5.0
1105735,BSE,D,OPTIDX,BSXOPT,SENSEX 26 NOV 73300 PUT,SENSEX,1.0,73300.0,PE,20.0,5.0
1105742,BSE,D,OPTIDX,BSXOPT,SENSEX 26 NOV 75600 PUT,SENSEX,1.0,75600.0,PE,20.0,5.0
1105745,BSE,D,OPTIDX,BSXOPT,SENSEX 24 SEP 86000 CALL,SENSEX,1.0,86000.0,CE,20.0,5.0
1105762,BSE,D,OPTIDX,BSXOPT,SENSEX 26 NOV 77900 PUT,SENSEX,1.0,77900.0,PE,20.0,5.0
1105784,BSE,D,OPTIDX,SX50OPT,SENSEX50 26 NOV 25500 CALL,SENSEX50,47.0,25500.0,CE,75.0,5.0
1105793,BSE,D,OPTIDX,BSXOPT,SENSEX 15 OCT 71900 CALL,SENSEX,1.0,71900.0,CE,20.0,5.0
1105799,BSE,D,OPTIDX,BSXOPT,SENSEX 24 SEP 80000 CALL,SENSEX,1.0,80000.0,CE,20.0,5.0
1105856,BSE,D,OPTIDX,BSXOPT,SENSEX 26 NOV 71900 PUT,SENSEX,1.0,71900.0,PE,20.0,5.0
1105876,BSE,D,OPTIDX,BSXOPT,SENSEX 26 NOV 81000 PUT,SENSEX,1.0,81000.0,PE,20.0,5.0
1105883,BSE,D,OPTIDX,BSXOPT,SENSEX 26 NOV 83300 PUT,SENSEX,1.0,83300.0,PE,20.0,5.0
1105937,BSE,D,OPTIDX,BSXOPT,SENSEX 15 OCT 81900 CALL,SENSEX,1.0,81900.0,CE,20.0,5.0
1105962,BSE,D,OPTIDX,BSXOPT,SENSEX 26 NOV 81900 PUT,SENSEX,1.0,81900.0,PE,20.0,5.0
1106034,BSE,D,OPTIDX,BSXOPT,SENSEX 15 OCT 79600 PUT,SENSEX,1.0,79600.0,PE,20.0,5.0
1106052,BSE,D,OPTIDX,BSXOPT,SENSEX 15 OCT 70200 CALL,SENSEX,1.0,70200.0,CE,20.0,5.0
1106078,BSE,D,OPTIDX,SX50OPT,SENSEX50 26 NOV 24950 PUT,SENSEX50,47.0,24950.0,PE,75.0,5.0
1106125,BSE,D,OPTIDX,BSXOPT,SENSEX 15 OCT 75900 PUT,SENSEX,1.0,75900.0,PE,20.0,5.0
1106150,BSE,D,OPTIDX,BSXOPT,SENSEX 26 NOV 79200 CALL,SENSEX,1.0,79200.0,CE,20.0,5.0
1106224,BSE,D,OPTIDX,BSXOPT,SENSEX 25 MAR 78000 CALL,SENSEX,1.0,78000.0,CE,20.0,5.0
1106229,BSE,D,OPTIDX,SX50OPT,SENSEX50 26 NOV 25800 PUT,SENSEX50,47.0,25800.0,PE,75.0,5.0
1106258,BSE,D,OPTIDX,BSXOPT,SENSEX 15 OCT 80200 CALL,SENSEX,1.0,80200.0,CE,20.0,5.0
1106272,BSE,D,OPTIDX,BSXOPT,SENSEX 25 MAR 72000 CALL,SENSEX,1.0,72000.0,CE,20.0,5.0
1106277,BSE,D,OPTIDX,BSXOPT,SENSEX 15 OCT 82500 CALL,SENSEX,1.0,82500.0,CE,20.0,5.0
1106292,BSE,D,OPTIDX,BSXOPT,SENSEX 26 NOV 73200 CALL,SENSEX,1.0,73200.0,CE,20.0,5.0
1106301,BSE,D,OPTIDX,BSXOPT,SENSEX 26 NOV 75500 CALL,SENSEX,1.0,75500.0,CE,20.0,5.0
1106312,BSE,D,OPTIDX,BSXOPT,SENSEX 08 OCT 70100 CALL,SENSEX,1.0,70100.0,CE,20.0,5.0
1106316,BSE,D,OPTIDX,BSXOPT,SENSEX 26 NOV 77800 CALL,SENSEX,1.0,77800.0,CE,20.0,5.0
1106410,BSE,D,OPTIDX,BSXOPT,SENSEX 26 NOV 71800 CALL,SENSEX,1.0,71800.0,CE,20.0,5.0
1106450,BSE,D,OPTIDX,BSXOPT,SENSEX 26 NOV 83200 CALL,SENSEX,1.0,83200.0,CE,20.0,5.0
1106532,BSE,D,OPTIDX,SX50OPT,SENSEX50 26 NOV 25550 PUT,SENSEX50,47.0,25550.0,PE,75.0,5.0
1106559,BSE,D,OPTIDX,BSXOPT,SENSEX 15 OCT 74200 PUT,SENSEX,1.0,74200.0,PE,20.0,5.0
1106564,BSE,D,OPTIDX,BSXOPT,SENSEX 15 OCT 76500 PUT,SENSEX,1.0,76500.0,PE,20.0,5.0
1106588,BSE,D,OPTIDX,BSXOPT,SENSEX 26 NOV 81800 CALL,SENSEX,1.0,81800.0,CE,20.0,5.0
1106590,BSE,D,OPTIDX,BSXOPT,SENSEX 25 MAR 76000 PUT,SENSEX,1.0,76000.0,PE,20.0,5.0
1106643,BSE,D,OPTIDX,SX50OPT,SENSEX50 26 NOV 26250 CALL,SENSEX50,47.0,26250.0,CE,75.0,5.0
1106663,BSE,D,OPTIDX,BSXOPT,SENSEX 15 OCT 70500 PUT,SENSEX,1.0,70500.0,PE,20.0,5.0
1106670,BSE,D,OPTIDX,BSXOPT,SENSEX 15 OCT 72800 PUT,SENSEX,1.0,72800.0,PE,20.0,5.0
1106678,BSE,D,OPTIDX,BSXOPT,SENSEX 15 OCT 77200 CALL,SENSEX,1.0,77200.0,CE,20.0,5.0
1106686,BSE,D,OPTIDX,BSXOPT,SENSEX 25 MAR 79000 CALL,SENSEX,1.0,79000.0,CE,20.0,5.0
1106687,BSE,D,OPTIDX,BSXOPT,SENSEX 15 OCT 79500 CALL,SENSEX,1.0,79500.0,CE,20.0,5.0
1106746,BSE,D,OPTIDX,BSXOPT,SENSEX 26 NOV 77200 PUT,SENSEX,1.0,77200.0,PE,20.0,5.0
1106755,BSE,D,OPTIDX,BSXOPT,SENSEX 26 NOV 79500 PUT,SENSEX,1.0,79500.0,PE,20.0,5.0
1106769,BSE,D,OPTIDX,SX50OPT,SENSEX50 26 NOV 24850 CALL,SENSEX50,47.0,24850.0,CE,75.0,5.0
1106787,BSE,D,OPTIDX,BSXOPT,SENSEX 15 OCT 71200 CALL,SENSEX,1.0,71200.0,CE,20.0,5.0
1106798,BSE,D,OPTIDX,BSXOPT,SENSEX 25 MAR 80000 PUT,SENSEX,1.0,80000.0,PE,20.0,5.0
1106807,BSE,D,OPTIDX,BSXOPT,SENSEX 15 OCT 73500 CALL,SENSEX,1.0,73500.0,CE,20.0,5.0
1106816,BSE,D,OPTIDX,BSXOPT,SENSEX 15 OCT 75800 CALL,SENSEX,1.0,75800.0,CE,20.0,5.0
1106826,BSE,D,OPTIDX,BSXOPT,SENSEX 15 OCT 80500 PUT,SENSEX,1.0,80500.0,PE,20.0,5.0
1106829,BSE,D,OPTIDX,BSXOPT,SENSEX 26 NOV 71200 PUT,SENSEX,1.0,71200.0,PE,20.0,5.0
1106832,BSE,D,OPTIDX,BSXOPT,SENSEX 15 OCT 82800 PUT,SENSEX,1.0,82800.0,PE,20.0,5.0
1106847,BSE,D,OPTIDX,BSXOPT,SENSEX 26 NOV 73500 PUT,SENSEX,1.0,73500.0,PE,20.0,5.0
1106863,BSE,D,OPTIDX,BSXOPT,SENSEX 26 NOV 75800 PUT,SENSEX,1.0,75800.0,PE,20.0,5.0
1106961,BSE,D,OPTIDX,BSXOPT,SENSEX 15 OCT 83500 CALL,SENSEX,1.0,83500.0,CE,20.0,5.0
1106994,BSE,D,OPTIDX,BSXOPT,SENSEX 26 NOV 78800 CALL,SENSEX,1.0,78800.0,CE,20.0,5.0
1107002,BSE,D,OPTIDX,BSXOPT,SENSEX 26 NOV 81200 PUT,SENSEX,1.0,81200.0,PE,20.0,5.0
1107012,BSE,D,OPTIDX,BSXOPT,SENSEX 26 NOV 83500 PUT,SENSEX,1.0,83500.0,PE,20.0,5.0
1107185,BSE,D,OPTIDX,SX50OPT,SENSEX50 26 NOV 24250 PUT,SENSEX50,47.0,24250.0,PE,75.0,5.0
1107220,BSE,D,OPTIDX,BSXOPT,SENSEX 15 OCT 75200 PUT,SENSEX,1.0,75200.0,PE,20.0,5.0
1107234,BSE,D,OPTIDX,BSXOPT,SENSEX 15 OCT 77500 PUT,SENSEX,1.0,77500.0,PE,20.0,5.0
1107243,BSE,D,OPTIDX,BSXOPT,SENSEX 15 OCT 79800 PUT,SENSEX,1.0,79800.0,PE,20.0,5.0
1107324,BSE,D,OPTIDX,SX50OPT,SENSEX50 26 NOV 25100 PUT,SENSEX50,47.0,25100.0,PE,75.0,5.0
1107336,BSE,D,OPTIDX,BSXOPT,SENSEX 15 OCT 71500 PUT,SENSEX,1.0,71500.0,PE,20.0,5.0
1107339,BSE,D,OPTIDX,BSXOPT,SENSEX 15 OCT 73800 PUT,SENSEX,1.0,73800.0,PE,20.0,5.0
1107352,BSE,D,OPTIDX,BSXOPT,SENSEX 26 NOV 77100 CALL,SENSEX,1.0,77100.0,CE,20.0,5.0
1107356,BSE,D,OPTIDX,BSXOPT,SENSEX 26 NOV 79400 CALL,SENSEX,1.0,79400.0,CE,20.0,5.0
1107446,BSE,D,OPTIDX,BSXOPT,SENSEX 15 OCT 80400 CALL,SENSEX,1.0,80400.0,CE,20.0,5.0
1107448,BSE,D,OPTIDX,BSXOPT,SENSEX 26 NOV 71100 CALL,SENSEX,1.0,71100.0,CE,20.0,5.0
1107454,BSE,D,OPTIDX,BSXOPT,SENSEX 26 NOV 73400 CALL,SENSEX,1.0,73400.0,CE,20.0,5.0
1107467,BSE,D,OPTIDX,BSXOPT,SENSEX 26 NOV 75700 CALL,SENSEX,1.0,75700.0,CE,20.0,5.0
1107472,BSE,D,OPTIDX,BSXOPT,SENSEX 08 OCT 70300 CALL,SENSEX,1.0,70300.0,CE,20.0,5.0
1107529,BSE,D,OPTIDX,SX50OPT,SENSEX50 26 NOV 24400 CALL,SENSEX50,47.0,24400.0,CE,75.0,5.0
1107592,BSE,D,OPTIDX,BSXOPT,SENSEX 15 OCT 78100 PUT,SENSEX,1.0,78100.0,PE,20.0,5.0
1107600,BSE,D,OPTIDX,BSXOPT,SENSEX 26 NOV 81100 CALL,SENSEX,1.0,81100.0,CE,20.0,5.0
1107619,BSE,D,OPTIDX,BSXOPT,SENSEX 26 NOV 83400 CALL,SENSEX,1.0,83400.0,CE,20.0,5.0
1107704,BSE,D,OPTIDX,BSXOPT,SENSEX 15 OCT 72100 PUT,SENSEX,1.0,72100.0,PE,20.0,5.0
1107722,BSE,D,OPTIDX,BSXOPT,SENSEX 15 OCT 74400 PUT,SENSEX,1.0,74400.0,PE,20.0,5.0
1107814,BSE,D,OPTIDX,BSXOPT,SENSEX 15 OCT 70700 PUT,SENSEX,1.0,70700.0,PE,20.0,5.0
1107818,BSE,D,OPTIDX,BSXOPT,SENSEX 15 OCT 75100 CALL,SENSEX,1.0,75100.0,CE,20.0,5.0
1107820,BSE,D,OPTIDX,BSXOPT,SENSEX 15 OCT 77400 CALL,SENSEX,1.0,77400.0,CE,20.0,5.0
1107825,BSE,D,OPTIDX,BSXOPT,SENSEX 15 OCT 79700 CALL,SENSEX,1.0,79700.0,CE,20.0,5.0
1107829,BSE,D,OPTIDX,BSXOPT,SENSEX 15 OCT 82100 PUT,SENSEX,1.0,82100.0,PE,20.0,5.0
1107840,BSE,D,OPTIDX,BSXOPT,SENSEX 26 NOV 75100 PUT,SENSEX,1.0,75100.0,PE,20.0,5.0
1107846,BSE,D,OPTIDX,BSXOPT,SENSEX 26 NOV 77400 PUT,SENSEX,1.0,77400.0,PE,20.0,5.0
1107852,BSE,D,OPTIDX,BSXOPT,SENSEX 26 NOV 79700 PUT,SENSEX,1.0,79700.0,PE,20.0,5.0
1107862,BSE,D,OPTIDX,SX50OPT,SENSEX50 26 NOV 25000 CALL,SENSEX50,47.0,25000.0,CE,75.0,5.0
1107867,BSE,D,OPTIDX,BSXOPT,SENSEX 15 OCT 71400 CALL,SENSEX,1.0,71400.0,CE,20.0,5.0
1107877,BSE,D,OPTIDX,BSXOPT,SENSEX 15 OCT 73700 CALL,SENSEX,1.0,73700.0,CE,20.0,5.0
1107914,BSE,D,OPTIDX,BSXOPT,SENSEX 15 OCT 80700 PUT,SENSEX,1.0,80700.0,PE,20.0,5.0
1107918,BSE,D,OPTIDX,BSXOPT,SENSEX 26 NOV 71400 PUT,SENSEX,1.0,71400.0,PE,20.0,5.0
1107939,BSE,D,OPTIDX,BSXOPT,SENSEX 26 NOV 73700 PUT,SENSEX,1.0,73700.0,PE,20.0,5.0
1108022,BSE,D,OPTIDX,SX50OPT,SENSEX50 26 NOV 24700 PUT,SENSEX50,47.0,24700.0,PE,75.0,5.0
1108514,BSE,D,OPTIDX,BSXOPT,SENSEX 25 MAR 72000 PUT,SENSEX,1.0,72000.0,PE,20.0,5.0
1108571,BSE,D,OPTIDX,BSXOPT,SENSEX 25 MAR 75000 CALL,SENSEX,1.0,75000.0,CE,20.0,5.0
1108703,BSE,D,OPTIDX,BSXOPT,SENSEX 15 OCT 81400 CALL,SENSEX,1.0,81400.0,CE,20.0,5.0
1108734,BSE,D,OPTIDX,BSXOPT,SENSEX 25 MAR 79000 PUT,SENSEX,1.0,79000.0,PE,20.0,5.0
1108783,BSE,D,OPTIDX,BSXOPT,SENSEX 25 MAR 73000 PUT,SENSEX,1.0,73000.0,PE,20.0,5.0
1108922,BSE,D,OPTIDX,BSXOPT,SENSEX 15 OCT 83700 CALL,SENSEX,1.0,83700.0,CE,20.0,5.0
1109319,BSE,D,OPTIDX,BSXOPT,SENSEX 26 NOV 76700 CALL,SENSEX,1.0,76700.0,CE,20.0,5.0
1109837,BSE,D,OPTIDX,BSXOPT,SENSEX 25 MAR 77000 CALL,SENSEX,1.0,77000.0,CE,20.0,5.0
1109849,BSE,D,OPTIDX,BSXOPT,SENSEX 26 NOV 81400 PUT,SENSEX,1.0,81400.0,PE,20.0,5.0
1110027,BSE,D,OPTIDX,BSXOPT,SENSEX 25 MAR 75000 PUT,SENSEX,1.0,75000.0,PE,20.0,5.0
1110187,BSE,D,OPTIDX,BSXOPT,SENSEX 26 NOV 83700 PUT,SENSEX,1.0,83700.0,PE,20.0,5.0
1110720,BSE,D,OPTIDX,BSXOPT,SENSEX 26 NOV 70700 CALL,SENSEX,1.0,70700.0,CE,20.0,5.0
1110738,BSE,D,OPTIDX,BSXOPT,SENSEX 15 OCT 79100 PUT,SENSEX,1.0,79100.0,PE,20.0,5.0
1110773,BSE,D,OPTIDX,SX50OPT,SENSEX50 26 NOV 24450 PUT,SENSEX50,47.0,24450.0,PE,75.0,5.0
1110789,BSE,D,OPTIDX,BSXOPT,SENSEX 15 OCT 73100 PUT,SENSEX,1.0,73100.0,PE,20.0,5.0
1110793,BSE,D,OPTIDX,BSXOPT,SENSEX 15 OCT 75400 PUT,SENSEX,1.0,75400.0,PE,20.0,5.0
1110801,BSE,D,OPTIDX,BSXOPT,SENSEX 15 OCT 77700 PUT,SENSEX,1.0,77700.0,PE,20.0,5.0
1110855,BSE,D,OPTIDX,SX50OPT,SENSEX50 26 NOV 25300 PUT,SENSEX50,47.0,25300.0,PE,75.0,5.0
1110871,BSE,D,OPTIDX,BSXOPT,SENSEX 15 OCT 71700 PUT,SENSEX,1.0,71700.0,PE,20.0,5.0
1110872,BSE,D,OPTIDX,BSXOPT,SENSEX 15 OCT 82000 CALL,SENSEX,1.0,82000.0,CE,20.0,5.0
1110879,BSE,D,OPTIDX,BSXOPT,SENSEX 26 NOV 75000 CALL,SENSEX,1.0,75000.0,CE,20.0,5.0
1110891,BSE,D,OPTIDX,BSXOPT,SENSEX 26 NOV 77300 CALL,SENSEX,1.0,77300.0,CE,20.0,5.0
1110942,BSE,D,OPTIDX,SX50OPT,SENSEX50 26 NOV 26000 CALL,SENSEX50,47.0,26000.0,CE,75.0,5.0
1110946,BSE,D,OPTIDX,BSXOPT,SENSEX 24 SEP 82000 CALL,SENSEX,1.0,82000.0,CE,20.0,5.0
1110971,BSE,D,OPTIDX,BSXOPT,SENSEX 26 NOV 71300 CALL,SENSEX,1.0,71300.0,CE,20.0,5.0
1110975,BSE,D,OPTIDX,BSXOPT,SENSEX 26 NOV 73600 CALL,SENSEX,1.0,73600.0,CE,20.0,5.0
1111002,BSE,D,OPTIDX,BSXOPT,SENSEX 15 OCT 81700 PUT,SENSEX,1.0,81700.0,PE,20.0,5.0
1111032,BSE,D,OPTIDX,SX50OPT,SENSEX50 26 NOV 24600 CALL,SENSEX50,47.0,24600.0,CE,75.0,5.0
1111088,BSE,D,OPTIDX,BSXOPT,SENSEX 26 NOV 81300 CALL,SENSEX,1.0,81300.0,CE,20.0,5.0
1111094,BSE,D,OPTIDX,BSXOPT,SENSEX 26 NOV 83600 CALL,SENSEX,1.0,83600.0,CE,20.0,5.0
1111121,BSE,D,OPTIDX,BSXOPT,SENSEX 15 OCT 69900 CALL,SENSEX,1.0,69900.0,CE,20.0,5.0
1111128,BSE,D,OPTIDX,BSXOPT,SENSEX 15 OCT 70000 PUT,SENSEX,1.0,70000.0,PE,20.0,5.0
1111152,BSE,D,OPTIDX,BSXOPT,SENSEX 15 OCT 79000 CALL,SENSEX,1.0,79000.0,CE,20.0,5.0
1111190,BSE,D,OPTIDX,BSXOPT,SENSEX 24 SEP 86000 PUT,SENSEX,1.0,86000.0,PE,20.0,5.0
1111192,BSE,D,OPTIDX,BSXOPT,SENSEX 26 NOV 79000 PUT,SENSEX,1.0,79000.0,PE,20.0,5.0
1111206,BSE,D,OPTIDX,SX50OPT,SENSEX50 26 NOV 24350 CALL,SENSEX50,47.0,24350.0,CE,75.0,5.0
1111226,BSE,D,OPTIDX,BSXOPT,SENSEX 15 OCT 73000 CALL,SENSEX,1.0,73000.0,CE,20.0,5.0
1111229,BSE,D,OPTIDX,BSXOPT,SENSEX 15 OCT 75300 CALL,SENSEX,1.0,75300.0,CE,20.0,5.0
1111235,BSE,D,OPTIDX,BSXOPT,SENSEX 15 OCT 77600 CALL,SENSEX,1.0,77600.0,CE,20.0,5.0
1111237,BSE,D,OPTIDX,BSXOPT,SENSEX 15 OCT 79900 CALL,SENSEX,1.0,79900.0,CE,20.0,5.0
1111241,BSE,D,OPTIDX,BSXOPT,SENSEX 24 SEP 80000 PUT,SENSEX,1.0,80000.0,PE,20.0,5.0
1111250,BSE,D,OPTIDX,BSXOPT,SENSEX 15 OCT 80000 PUT,SENSEX,1.0,80000.0,PE,20.0,5.0
1111258,BSE,D,OPTIDX,BSXOPT,SENSEX 15 OCT 82300 PUT,SENSEX,1.0,82300.0,PE,20.0,5.0
1111264,BSE,D,OPTIDX,BSXOPT,SENSEX 26 NOV 73000 PUT,SENSEX,1.0,73000.0,PE,20.0,5.0
1111271,BSE,D,OPTIDX,BSXOPT,SENSEX 26 NOV 75300 PUT,SENSEX,1.0,75300.0,PE,20.0,5.0
1111280,BSE,D,OPTIDX,BSXOPT,SENSEX 26 NOV 77600 PUT,SENSEX,1.0,77600.0,PE,20.0,5.0
1111309,BSE,D,OPTIDX,BSXOPT,SENSEX 15 OCT 71600 CALL,SENSEX,1.0,71600.0,CE,20.0,5.0
1111317,BSE,D,OPTIDX,BSXOPT,SENSEX 15 OCT 73900 CALL,SENSEX,1.0,73900.0,CE,20.0,5.0
1111336,BSE,D,OPTIDX,BSXOPT,SENSEX 15 OCT 83000 CALL,SENSEX,1.0,83000.0,CE,20.0,5.0
1111339,BSE,D,OPTIDX,BSXOPT,SENSEX 26 NOV 71600 PUT,SENSEX,1.0,71600.0,PE,20.0,5.0
1111348,BSE,D,OPTIDX,BSXOPT,SENSEX 26 NOV 73900 PUT,SENSEX,1.0,73900.0,PE,20.0,5.0
1111349,BSE,D,OPTIDX,BSXOPT,SENSEX 26 NOV 76000 CALL,SENSEX,1.0,76000.0,CE,20.0,5.0
1111356,BSE,D,OPTIDX,BSXOPT,SENSEX 26 NOV 78300 CALL,SENSEX,1.0,78300.0,CE,20.0,5.0
1111369,BSE,D,OPTIDX,BSXOPT,SENSEX 26 NOV 83000 PUT,SENSEX,1.0,83000.0,PE,20.0,5.0
1111394,BSE,D,OPTIDX,SX50OPT,SENSEX50 26 NOV 24900 PUT,SENSEX50,47.0,24900.0,PE,75.0,5.0
1111404,BSE,D,OPTIDX,BSXOPT,SENSEX 15 OCT 81600 CALL,SENSEX,1.0,81600.0,CE,20.0,5.0
1111417,BSE,D,OPTIDX,BSXOPT,SENSEX 26 NOV 72300 CALL,SENSEX,1.0,72300.0,CE,20.0,5.0
1111419,BSE,D,OPTIDX,BSXOPT,SENSEX 15 OCT 83900 CALL,SENSEX,1.0,83900.0,CE,20.0,5.0
1111424,BSE,D,OPTIDX,BSXOPT,SENSEX 26 NOV 74600 CALL,SENSEX,1.0,74600.0,CE,20.0,5.0
1111431,BSE,D,OPTIDX,BSXOPT,SENSEX 26 NOV 76900 CALL,SENSEX,1.0,76900.0,CE,20.0,5.0
1111445,BSE,D,OPTIDX,BSXOPT,SENSEX 26 NOV 81600 PUT,SENSEX,1.0,81600.0,PE,20.0,5.0
1111451,BSE,D,OPTIDX,BSXOPT,SENSEX 26 NOV 83900 PUT,SENSEX,1.0,83900.0,PE,20.0,5.0
1111490,BSE,D,OPTIDX,SX50OPT,SENSEX50 26 NOV 26050 PUT,SENSEX50,47.0,26050.0,PE,75.0,5.0
1111498,BSE,D,OPTIDX,BSXOPT,SENSEX 26 NOV 70900 CALL,SENSEX,1.0,70900.0,CE,20.0,5.0
1111507,BSE,D,OPTIDX,BSXOPT,SENSEX 15 OCT 77000 PUT,SENSEX,1.0,77000.0,PE,20.0,5.0
1111514,BSE,D,OPTIDX,BSXOPT,SENSEX 15 OCT 79300 PUT,SENSEX,1.0,79300.0,PE,20.0,5.0
1111562,BSE,D,OPTIDX,SX50OPT,SENSEX50 26 NOV 24650 PUT,SENSEX50,47.0,24650.0,PE,75.0,5.0
1111571,BSE,D,OPTIDX,BSXOPT,SENSEX 15 OCT 71000 PUT,SENSEX,1.0,71000.0,PE,20.0,5.0
1111577,BSE,D,OPTIDX,BSXOPT,SENSEX 15 OCT 73300 PUT,SENSEX,1.0,73300.0,PE,20.0,5.0
1111585,BSE,D,OPTIDX,BSXOPT,SENSEX 15 OCT 75600 PUT,SENSEX,1.0,75600.0,PE,20.0,5.0
1111590,BSE,D,OPTIDX,BSXOPT,SENSEX 15 OCT 77900 PUT,SENSEX,1.0,77900.0,PE,20.0,5.0
1111596,BSE,D,OPTIDX,BSXOPT,SENSEX 26 NOV 80900 CALL,SENSEX,1.0,80900.0,CE,20.0,5.0
1111639,BSE,D,OPTIDX,BSXOPT,SENSEX 15 OCT 71900 PUT,SENSEX,1.0,71900.0,PE,20.0,5.0
1111675,BSE,D,OPTIDX,BSXOPT,SENSEX 15 OCT 83300 PUT,SENSEX,1.0,83300.0,PE,20.0,5.0
1111694,BSE,D,OPTIDX,BSXOPT,SENSEX 26 NOV 78600 PUT,SENSEX,1.0,78600.0,PE,20.0,5.0
1111705,BSE,D,OPTIDX,SX50OPT,SENSEX50 26 NOV 26200 CALL,SENSEX50,47.0,26200.0,CE,75.0,5.0
1111731,BSE,D,OPTIDX,BSXOPT,SENSEX 15 OCT 81900 PUT,SENSEX,1.0,81900.0,PE,20.0,5.0
1111740,BSE,D,OPTIDX,BSXOPT,SENSEX 26 NOV 74900 PUT,SENSEX,1.0,74900.0,PE,20.0,5.0
1111748,BSE,D,OPTIDX,SX50OPT,SENSEX50 26 NOV 24800 CALL,SENSEX50,47.0,24800.0,CE,75.0,5.0
1111809,BSE,D,OPTIDX,BSXOPT,SENSEX 26 NOV 81500 CALL,SENSEX,1.0,81500.0,CE,20.0,5.0
1111825,BSE,D,OPTIDX,BSXOPT,SENSEX 26 NOV 83800 CALL,SENSEX,1.0,83800.0,CE,20.0,5.0
1111895,BSE,D,OPTIDX,BSXOPT,SENSEX 15 OCT 79200 CALL,SENSEX,1.0,79200.0,CE,20.0,5.0
1111939,BSE,D,OPTIDX,BSXOPT,SENSEX 26 NOV 79200 PUT,SENSEX,1.0,79200.0,PE,20.0,5.0
1111953,BSE,D,OPTIDX,SX50OPT,SENSEX50 26 NOV 24550 CALL,SENSEX50,47.0,24550.0,CE,75.0,5.0
1111972,BSE,D,OPTIDX,BSXOPT,SENSEX 15 OCT 73200 CALL,SENSEX,1.0,73200.0,CE,20.0,5.0
1111990,BSE,D,OPTIDX,BSXOPT,SENSEX 15 OCT 75500 CALL,SENSEX,1.0,75500.0,CE,20.0,5.0
1112002,BSE,D,OPTIDX,BSXOPT,SENSEX 15 OCT 77800 CALL,SENSEX,1.0,77800.0,CE,20.0,5.0
1112014,BSE,D,OPTIDX,BSXOPT,SENSEX 15 OCT 80200 PUT,SENSEX,1.0,80200.0,PE,20.0,5.0
1112017,BSE,D,OPTIDX,BSXOPT,SENSEX 25 MAR 73000 CALL,SENSEX,1.0,73000.0,CE,20.0,5.0
1112038,BSE,D,OPTIDX,BSXOPT,SENSEX 26 NOV 73200 PUT,SENSEX,1.0,73200.0,PE,20.0,5.0
1112042,BSE,D,OPTIDX,BSXOPT,SENSEX 26 NOV 75500 PUT,SENSEX,1.0,75500.0,PE,20.0,5.0
1112048,BSE,D,OPTIDX,BSXOPT,SENSEX 08 OCT 70100 PUT,SENSEX,1.0,70100.0,PE,20.0,5.0
1112083,BSE,D,OPTIDX,BSXOPT,SENSEX 15 OCT 71800 CALL,SENSEX,1.0,71800.0,CE,20.0,5.0
1112116,BSE,D,OPTIDX,BSXOPT,SENSEX 15 OCT 83200 CALL,SENSEX,1.0,83200.0,CE,20.0,5.0
1112126,BSE,D,OPTIDX,BSXOPT,SENSEX 26 NOV 71800 PUT,SENSEX,1.0,71800.0,PE,20.0,5.0
1112135,BSE,D,OPTIDX,BSXOPT,SENSEX 26 NOV 76200 CALL,SENSEX,1.0,76200.0,CE,20.0,5.0
1112150,BSE,D,OPTIDX,BSXOPT,SENSEX 26 NOV 78500 CALL,SENSEX,1.0,78500.0,CE,20.0,5.0
1112166,BSE,D,OPTIDX,BSXOPT,SENSEX 26 NOV 83200 PUT,SENSEX,1.0,83200.0,PE,20.0,5.0
1112228,BSE,D,OPTIDX,BSXOPT,SENSEX 26 NOV 70200 CALL,SENSEX,1.0,70200.0,CE,20.0,5.0
1112230,BSE,D,OPTIDX,BSXOPT,SENSEX 15 OCT 81800 CALL,SENSEX,1.0,81800.0,CE,20.0,5.0
1112238,BSE,D,OPTIDX,BSXOPT,SENSEX 26 NOV 72500 CALL,SENSEX,1.0,72500.0,CE,20.0,5.0
1112253,BSE,D,OPTIDX,BSXOPT,SENSEX 26 NOV 74800 CALL,SENSEX,1.0,74800.0,CE,20.0,5.0
1112291,BSE,D,OPTIDX,BSXOPT,SENSEX 26 NOV 81800 PUT,SENSEX,1.0,81800.0,PE,20.0,5.0
1112342,BSE,D,OPTIDX,BSXOPT,SENSEX 25 MAR 77000 PUT,SENSEX,1.0,77000.0,PE,20.0,5.0
1112354,BSE,D,OPTIDX,SX50OPT,SENSEX50 26 NOV 26250 PUT,SENSEX50,47.0,26250.0,PE,75.0,5.0
1112362,BSE,D,FUTIDX,SX50FUT,SENSEX50 NOV  FUT,SENSEX50,47.0,0.0,,75.0,5.0
1112377,BSE,D,OPTIDX,BSXOPT,SENSEX 15 OCT 77200 PUT,SENSEX,1.0,77200.0,PE,20.0,5.0
1112390,BSE,D,OPTIDX,BSXOPT,SENSEX 15 OCT 79500 PUT,SENSEX,1.0,79500.0,PE,20.0,5.0
1112404,BSE,D,OPTIDX,BSXOPT,SENSEX 26 NOV 82500 CALL,SENSEX,1.0,82500.0,CE,20.0,5.0
1112453,BSE,D,OPTIDX,SX50OPT,SENSEX50 26 NOV 24850 PUT,SENSEX50,47.0,24850.0,PE,75.0,5.0
1112463,BSE,D,OPTIDX,BSXOPT,SENSEX 15 OCT 71200 PUT,SENSEX,1.0,71200.0,PE,20.0,5.0
1112468,BSE,D,OPTIDX,BSXOPT,SENSEX 15 OCT 73500 PUT,SENSEX,1.0,73500.0,PE,20.0,5.0
1112481,BSE,D,OPTIDX,BSXOPT,SENSEX 15 OCT 75800 PUT,SENSEX,1.0,75800.0,PE,20.0,5.0
1112564,BSE,D,OPTIDX,BSXOPT,SENSEX 25 MAR 74000 CALL,SENSEX,1.0,74000.0,CE,20.0,5.0
1112566,BSE,D,OPTIDX,BSXOPT,SENSEX 08 OCT 70000 CALL,SENSEX,1.0,70000.0,CE,20.0,5.0
1112569,BSE,D,OPTIDX,BSXOPT,SENSEX 15 OCT 81200 PUT,SENSEX,1.0,81200.0,PE,20.0,5.0
1112575,BSE,D,OPTIDX,BSXOPT,SENSEX 15 OCT 83500 PUT,SENSEX,1.0,83500.0,PE,20.0,5.0
1112587,BSE,D,OPTIDX,BSXOPT,SENSEX 26 NOV 74200 PUT,SENSEX,1.0,74200.0,PE,20.0,5.0
1112594,BSE,D,OPTIDX,BSXOPT,SENSEX 26 NOV 76500 PUT,SENSEX,1.0,76500.0,PE,20.0,5.0
1112597,BSE,D,OPTIDX,BSXOPT,SENSEX 26 NOV 78800 PUT,SENSEX,1.0,78800.0,PE,20.0,5.0
1112669,BSE,D,OPTIDX,BSXOPT,SENSEX 26 NOV 70500 PUT,SENSEX,1.0,70500.0,PE,20.0,5.0
1112673,BSE,D,OPTIDX,BSXOPT,SENSEX 26 NOV 72800 PUT,SENSEX,1.0,72800.0,PE,20.0,5.0
1112680,BSE,D,OPTIDX,BSXOPT,SENSEX 26 NOV 83100 CALL,SENSEX,1.0,83100.0,CE,20.0,5.0
1112844,BSE,D,OPTIDX,SX50OPT,SENSEX50 26 NOV 26150 CALL,SENSEX50,47.0,26150.0,CE,75.0,5.0
1112867,BSE,D,OPTIDX,BSXOPT,SENSEX 15 OCT 77100 CALL,SENSEX,1.0,77100.0,CE,20.0,5.0
1112873,BSE,D,OPTIDX,BSXOPT,SENSEX 15 OCT 79400 CALL,SENSEX,1.0,79400.0,CE,20.0,5.0
1112895,BSE,D,OPTIDX,BSXOPT,SENSEX 25 MAR 78000 PUT,SENSEX,1.0,78000.0,PE,20.0,5.0
1112902,BSE,D,OPTIDX,BSXOPT,SENSEX 26 NOV 77100 PUT,SENSEX,1.0,77100.0,PE,20.0,5.0
1112947,BSE,D,OPTIDX,SX50OPT,SENSEX50 26 NOV 24750 CALL,SENSEX50,47.0,24750.0,CE,75.0,5.0
1112960,BSE,D,OPTIDX,BSXOPT,SENSEX 15 OCT 71100 CALL,SENSEX,1.0,71100.0,CE,20.0,5.0
1112966,BSE,D,OPTIDX,BSXOPT,SENSEX 15 OCT 73400 CALL,SENSEX,1.0,73400.0,CE,20.0,5.0
1112977,BSE,D,OPTIDX,BSXOPT,SENSEX 15 OCT 75700 CALL,SENSEX,1.0,75700.0,CE,20.0,5.0
1112988,BSE,D,OPTIDX,BSXOPT,SENSEX 24 SEP 84000 CALL,SENSEX,1.0,84000.0,CE,20.0,5.0
1113008,BSE,D,OPTIDX,BSXOPT,SENSEX 26 NOV 71100 PUT,SENSEX,1.0,71100.0,PE,20.0,5.0
1113025,BSE,D,OPTIDX,BSXOPT,SENSEX 26 NOV 73400 PUT,SENSEX,1.0,73400.0,PE,20.0,5.0
1113045,BSE,D,OPTIDX,BSXOPT,SENSEX 08 OCT 70300 PUT,SENSEX,1.0,70300.0,PE,20.0,5.0
1113094,BSE,D,OPTIDX,SX50OPT,SENSEX50 26 NOV 24400 PUT,SENSEX50,47.0,24400.0,PE,75.0,5.0
1113132,BSE,D,OPTIDX,BSXOPT,SENSEX 15 OCT 81100 CALL,SENSEX,1.0,81100.0,CE,20.0,5.0
1113153,BSE,D,OPTIDX,BSXOPT,SENSEX 15 OCT 83400 CALL,SENSEX,1.0,83400.0,CE,20.0,5.0
1113162,BSE,D,OPTIDX,BSXOPT,SENSEX 26 NOV 74100 CALL,SENSEX,1.0,74100.0,CE,20.0,5.0
1113167,BSE,D,OPTIDX,BSXOPT,SENSEX 26 NOV 76400 CALL,SENSEX,1.0,76400.0,CE,20.0,5.0
1113175,BSE,D,OPTIDX,BSXOPT,SENSEX 26 NOV 78700 CALL,SENSEX,1.0,78700.0,CE,20.0,5.0
1113193,BSE,D,OPTIDX,BSXOPT,SENSEX 26 NOV 81100 PUT,SENSEX,1.0,81100.0,PE,20.0,5.0
1113201,BSE,D,OPTIDX,BSXOPT,SENSEX 26 NOV 83400 PUT,SENSEX,1.0,83400.0,PE,20.0,5.0
1113239,BSE,D,OPTIDX,BSXOPT,SENSEX 26 NOV 70400 CALL,SENSEX,1.0,70400.0,CE,20.0,5.0
1113243,BSE,D,OPTIDX,BSXOPT,SENSEX 26 NOV 72700 CALL,SENSEX,1.0,72700.0,CE,20.0,5.0
1113308,BSE,D,OPTIDX,BSXOPT,SENSEX 15 OCT 75100 PUT,SENSEX,1.0,75100.0,PE,20.0,5.0
1113312,BSE,D,OPTIDX,BSXOPT,SENSEX 15 OCT 77400 PUT,SENSEX,1.0,77400.0,PE,20.0,5.0
1113317,BSE,D,OPTIDX,BSXOPT,SENSEX 15 OCT 79700 PUT,SENSEX,1.0,79700.0,PE,20.0,5.0
1113321,BSE,D,OPTIDX,BSXOPT,SENSEX 26 NOV 80400 CALL,SENSEX,1.0,80400.0,CE,20.0,5.0
1113327,BSE,D,OPTIDX,BSXOPT,SENSEX 26 NOV 82700 CALL,SENSEX,1.0,82700.0,CE,20.0,5.0
1113361,BSE,D,OPTIDX,BSXOPT,SENSEX 15 OCT 71400 PUT,SENSEX,1.0,71400.0,PE,20.0,5.0
1113364,BSE,D,OPTIDX,BSXOPT,SENSEX 15 OCT 73700 PUT,SENSEX,1.0,73700.0,PE,20.0,5.0
1113394,BSE,D,OPTIDX,BSXOPT,SENSEX 26 NOV 78100 PUT,SENSEX,1.0,78100.0,PE,20.0,5.0
1113400,BSE,D,OPTIDX,BSXOPT,SENSEX 24 SEP 82000 PUT,SENSEX,1.0,82000.0,PE,20.0,5.0
1113438,BSE,D,OPTIDX,BSXOPT,SENSEX 08 OCT 70200 CALL,SENSEX,1.0,70200.0,CE,20.0,5.0
1113446,BSE,D,OPTIDX,BSXOPT,SENSEX 15 OCT 81400 PUT,SENSEX,1.0,81400.0,PE,20.0,5.0
1113447,BSE,D,OPTIDX,BSXOPT,SENSEX 26 NOV 72100 PUT,SENSEX,1.0,72100.0,PE,20.0,5.0
1113448,BSE,D,OPTIDX,BSXOPT,SENSEX 15 OCT 83700 PUT,SENSEX,1.0,83700.0,PE,20.0,5.0
1113452,BSE,D,OPTIDX,BSXOPT,SENSEX 26 NOV 74400 PUT,SENSEX,1.0,74400.0,PE,20.0,5.0
1113458,BSE,D,OPTIDX,BSXOPT,SENSEX 26 NOV 76700 PUT,SENSEX,1.0,76700.0,PE,20.0,5.0
1113466,BSE,D,OPTIDX,SX50OPT,SENSEX50 26 NOV 24300 CALL,SENSEX50,47.0,24300.0,CE,75.0,5.0
1113500,BSE,D,OPTIDX,BSXOPT,SENSEX 26 NOV 70700 PUT,SENSEX,1.0,70700.0,PE,20.0,5.0
1113507,BSE,D,OPTIDX,BSXOPT,SENSEX 26 NOV 81000 CALL,SENSEX,1.0,81000.0,CE,20.0,5.0
1113607,BSE,D,OPTIDX,BSXOPT,SENSEX 26 NOV 80700 PUT,SENSEX,1.0,80700.0,PE,20.0,5.0
1113632,BSE,D,OPTIDX,BSXOPT,SENSEX 15 OCT 75000 CALL,SENSEX,1.0,75000.0,CE,20.0,5.0
1113644,BSE,D,OPTIDX,BSXOPT,SENSEX 15 OCT 77300 CALL,SENSEX,1.0,77300.0,CE,20.0,5.0
1113649,BSE,D,OPTIDX,BSXOPT,SENSEX 15 OCT 79600 CALL,SENSEX,1.0,79600.0,CE,20.0,5.0
1113683,BSE,D,OPTIDX,SX50OPT,SENSEX50 26 NOV 24950 CALL,SENSEX50,47.0,24950.0,CE,75.0,5.0
1113695,BSE,D,OPTIDX,BSXOPT,SENSEX 15 OCT 71300 CALL,SENSEX,1.0,71300.0,CE,20.0,5.0
1113700,BSE,D,OPTIDX,BSXOPT,SENSEX 15 OCT 73600 CALL,SENSEX,1.0,73600.0,CE,20.0,5.0
1113702,BSE,D,OPTIDX,BSXOPT,SENSEX 15 OCT 75900 CALL,SENSEX,1.0,75900.0,CE,20.0,5.0
1113709,BSE,D,OPTIDX,SX50OPT,SENSEX50 26 NOV 26000 PUT,SENSEX50,47.0,26000.0,PE,75.0,5.0
1113729,BSE,D,OPTIDX,BSXOPT,SENSEX 26 NOV 78000 CALL,SENSEX,1.0,78000.0,CE,20.0,5.0
1113757,BSE,D,OPTIDX,SX50OPT,SENSEX50 26 NOV 24600 PUT,SENSEX50,47.0,24600.0,PE,75.0,5.0
1113773,BSE,D,OPTIDX,BSXOPT,SENSEX 15 OCT 81300 CALL,SENSEX,1.0,81300.0,CE,20.0,5.0
1113777,BSE,D,OPTIDX,BSXOPT,SENSEX 26 NOV 72000 CALL,SENSEX,1.0,72000.0,CE,20.0,5.0
1113778,BSE,D,OPTIDX,BSXOPT,SENSEX 15 OCT 83600 CALL,SENSEX,1.0,83600.0,CE,20.0,5.0
1113785,BSE,D,OPTIDX,BSXOPT,SENSEX 26 NOV 74300 CALL,SENSEX,1.0,74300.0,CE,20.0,5.0
1113797,BSE,D,OPTIDX,BSXOPT,SENSEX 26 NOV 76600 CALL,SENSEX,1.0,76600.0,CE,20.0,5.0
1113807,BSE,D,OPTIDX,BSXOPT,SENSEX 26 NOV 78900 CALL,SENSEX,1.0,78900.0,CE,20.0,5.0
1113814,BSE,D,OPTIDX,BSXOPT,SENSEX 26 NOV 81300 PUT,SENSEX,1.0,81300.0,PE,20.0,5.0
1113858,BSE,D,OPTIDX,BSXOPT,SENSEX 26 NOV 70600 CALL,SENSEX,1.0,70600.0,CE,20.0,5.0
1113865,BSE,D,OPTIDX,BSXOPT,SENSEX 26 NOV 72900 CALL,SENSEX,1.0,72900.0,CE,20.0,5.0
1113888,BSE,D,OPTIDX,BSXOPT,SENSEX 15 OCT 79000 PUT,SENSEX,1.0,79000.0,PE,20.0,5.0
1113900,BSE,D,OPTIDX,BSXOPT,SENSEX 26 NOV 82000 CALL,SENSEX,1.0,82000.0,CE,20.0,5.0
1113935,BSE,D,OPTIDX,SX50OPT,SENSEX50 26 NOV 24350 PUT,SENSEX50,47.0,24350.0,PE,75.0,5.0
1113959,BSE,D,OPTIDX,BSXOPT,SENSEX 15 OCT 73000 PUT,SENSEX,1.0,73000.0,PE,20.0,5.0
1113969,BSE,D,OPTIDX,BSXOPT,SENSEX 15 OCT 75300 PUT,SENSEX,1.0,75300.0,PE,20.0,5.0
1113973,BSE,D,OPTIDX,BSXOPT,SENSEX 15 OCT 77600 PUT,SENSEX,1.0,77600.0,PE,20.0,5.0
1113981,BSE,D,OPTIDX,BSXOPT,SENSEX 15 OCT 79900 PUT,SENSEX,1.0,79900.0,PE,20.0,5.0
1113987,BSE,D,OPTIDX,BSXOPT,SENSEX 26 NOV 80600 CALL,SENSEX,1.0,80600.0,CE,20.0,5.0
1113996,BSE,D,OPTIDX,BSXOPT,SENSEX 26 NOV 82900 CALL,SENSEX,1.0,82900.0,CE,20.0,5.0
1114046,BSE,D,OPTIDX,BSXOPT,SENSEX 15 OCT 71600 PUT,SENSEX,1.0,71600.0,PE,20.0,5.0
1114052,BSE,D,OPTIDX,BSXOPT,SENSEX 15 OCT 73900 PUT,SENSEX,1.0,73900.0,PE,20.0,5.0
1114079,BSE,D,OPTIDX,BSXOPT,SENSEX 15 OCT 83000 PUT,SENSEX,1.0,83000.0,PE,20.0,5.0
1114091,BSE,D,OPTIDX,BSXOPT,SENSEX 26 NOV 76000 PUT,SENSEX,1.0,76000.0,PE,20.0,5.0
1114107,BSE,D,OPTIDX,BSXOPT,SENSEX 26 NOV 78300 PUT,SENSEX,1.0,78300.0,PE,20.0,5.0
1114136,BSE,D,OPTIDX,SX50OPT,SENSEX50 26 NOV 25950 CALL,SENSEX50,47.0,25950.0,CE,75.0,5.0
1114151,BSE,D,OPTIDX,BSXOPT,SENSEX 15 OCT 76900 CALL,SENSEX,1.0,76900.0,CE,20.0,5.0
1114165,BSE,D,OPTIDX,BSXOPT,SENSEX 26 NOV 69900 CALL,SENSEX,1.0,69900.0,CE,20.0,5.0
1114177,BSE,D,OPTIDX,BSXOPT,SENSEX 26 NOV 70000 PUT,SENSEX,1.0,70000.0,PE,20.0,5.0
1114178,BSE,D,OPTIDX,BSXOPT,SENSEX 15 OCT 81600 PUT,SENSEX,1.0,81600.0,PE,20.0,5.0
1114187,BSE,D,OPTIDX,BSXOPT,SENSEX 26 NOV 72300 PUT,SENSEX,1.0,72300.0,PE,20.0,5.0
1114193,BSE,D,OPTIDX,BSXOPT,SENSEX 15 OCT 83900 PUT,SENSEX,1.0,83900.0,PE,20.0,5.0
1114200,BSE,D,OPTIDX,BSXOPT,SENSEX 26 NOV 74600 PUT,SENSEX,1.0,74600.0,PE,20.0,5.0
1114203,BSE,D,OPTIDX,BSXOPT,SENSEX 26 NOV 76900 PUT,SENSEX,1.0,76900.0,PE,20.0,5.0
1114214,BSE,D,OPTIDX,SX50OPT,SENSEX50 26 NOV 24500 CALL,SENSEX50,47.0,24500.0,CE,75.0,5.0
1114271,BSE,D,OPTIDX,BSXOPT,SENSEX 26 NOV 70900 PUT,SENSEX,1.0,70900.0,PE,20.0,5.0
1114298,BSE,D,OPTIDX,BSXOPT,SENSEX 26 NOV 82300 PUT,SENSEX,1.0,82300.0,PE,20.0,5.0
1114374,BSE,D,OPTIDX,BSXOPT,SENSEX 26 NOV 80900 PUT,SENSEX,1.0,80900.0,PE,20.0,5.0
1114382,BSE,D,OPTIDX,SX50OPT,SENSEX50 26 NOV 24250 CALL,SENSEX50,47.0,24250.0,CE,75.0,5.0
1114410,BSE,D,OPTIDX,BSXOPT,SENSEX 15 OCT 75200 CALL,SENSEX,1.0,75200.0,CE,20.0,5.0
1114418,BSE,D,OPTIDX,BSXOPT,SENSEX 15 OCT 77500 CALL,SENSEX,1.0,77500.0,CE,20.0,5.0
1114464,BSE,D,OPTIDX,BSXOPT,SENSEX 15 OCT 71500 CALL,SENSEX,1.0,71500.0,CE,20.0,5.0
1114467,BSE,D,OPTIDX,BSXOPT,SENSEX 15 OCT 73800 CALL,SENSEX,1.0,73800.0,CE,20.0,5.0
1114475,BSE,D,OPTIDX,SX50OPT,SENSEX50 26 NOV 26200 PUT,SENSEX50,47.0,26200.0,PE,75.0,5.0
1114513,BSE,D,OPTIDX,BSXOPT,SENSEX 26 NOV 78200 CALL,SENSEX,1.0,78200.0,CE,20.0,5.0
1114556,BSE,D,OPTIDX,SX50OPT,SENSEX50 26 NOV 24800 PUT,SENSEX50,47.0,24800.0,PE,75.0,5.0
1114576,BSE,D,OPTIDX,BSXOPT,SENSEX 15 OCT 81500 CALL,SENSEX,1.0,81500.0,CE,20.0,5.0
1114581,BSE,D,OPTIDX,BSXOPT,SENSEX 26 NOV 72200 CALL,SENSEX,1.0,72200.0,CE,20.0,5.0
1114584,BSE,D,OPTIDX,BSXOPT,SENSEX 15 OCT 83800 CALL,SENSEX,1.0,83800.0,CE,20.0,5.0
1114589,BSE,D,OPTIDX,BSXOPT,SENSEX 26 NOV 74500 CALL,SENSEX,1.0,74500.0,CE,20.0,5.0
1114598,BSE,D,OPTIDX,BSXOPT,SENSEX 26 NOV 76800 CALL,SENSEX,1.0,76800.0,CE,20.0,5.0
1114638,BSE,D,OPTIDX,BSXOPT,SENSEX 26 NOV 70800 CALL,SENSEX,1.0,70800.0,CE,20.0,5.0
1114660,BSE,D,OPTIDX,BSXOPT,SENSEX 15 OCT 79200 PUT,SENSEX,1.0,79200.0,PE,20.0,5.0
1114677,BSE,D,OPTIDX,BSXOPT,SENSEX 26 NOV 82200 CALL,SENSEX,1.0,82200.0,CE,20.0,5.0
1114705,BSE,D,OPTIDX,SX50OPT,SENSEX50 26 NOV 24550 PUT,SENSEX50,47.0,24550.0,PE,75.0,5.0
1114720,BSE,D,OPTIDX,BSXOPT,SENSEX 15 OCT 73200 PUT,SENSEX,1.0,73200.0,PE,20.0,5.0
1114726,BSE,D,OPTIDX,BSXOPT,SENSEX 15 OCT 75500 PUT,SENSEX,1.0,75500.0,PE,20.0,5.0
1114737,BSE,D,OPTIDX,BSXOPT,SENSEX 15 OCT 77800 PUT,SENSEX,1.0,77800.0,PE,20.0,5.0
1114749,BSE,D,OPTIDX,BSXOPT,SENSEX 26 NOV 80800 CALL,SENSEX,1.0,80800.0,CE,20.0,5.0
1114790,BSE,D,OPTIDX,SX50OPT,SENSEX50 26 NOV 25250 CALL,SENSEX50,47.0,25250.0,CE,75.0,5.0
1114813,BSE,D,OPTIDX,BSXOPT,SENSEX 15 OCT 71800 PUT,SENSEX,1.0,71800.0,PE,20.0,5.0
1114819,BSE,D,OPTIDX,BSXOPT,SENSEX 15 OCT 76200 CALL,SENSEX,1.0,76200.0,CE,20.0,5.0
1114829,BSE,D,OPTIDX,BSXOPT,SENSEX 15 OCT 78500 CALL,SENSEX,1.0,78500.0,CE,20.0,5.0
1114851,BSE,D,OPTIDX,BSXOPT,SENSEX 15 OCT 83200 PUT,SENSEX,1.0,83200.0,PE,20.0,5.0
1114859,BSE,D,OPTIDX,BSXOPT,SENSEX 26 NOV 76200 PUT,SENSEX,1.0,76200.0,PE,20.0,5.0
1114865,BSE,D,OPTIDX,BSXOPT,SENSEX 26 NOV 78500 PUT,SENSEX,1.0,78500.0,PE,20.0,5.0
1114878,BSE,D,OPTIDX,SX50OPT,SENSEX50 26 NOV 26100 CALL,SENSEX50,47.0,26100.0,CE,75.0,5.0
1114892,BSE,D,OPTIDX,BSXOPT,SENSEX 15 OCT 72500 CALL,SENSEX,1.0,72500.0,CE,20.0,5.0
1114902,BSE,D,OPTIDX,BSXOPT,SENSEX 15 OCT 74800 CALL,SENSEX,1.0,74800.0,CE,20.0,5.0
1114913,BSE,D,OPTIDX,BSXOPT,SENSEX 26 NOV 70200 PUT,SENSEX,1.0,70200.0,PE,20.0,5.0
1114917,BSE,D,OPTIDX,BSXOPT,SENSEX 15 OCT 81800 PUT,SENSEX,1.0,81800.0,PE,20.0,5.0
1114922,BSE,D,OPTIDX,BSXOPT,SENSEX 26 NOV 72500 PUT,SENSEX,1.0,72500.0,PE,20.0,5.0
1114930,BSE,D,OPTIDX,BSXOPT,SENSEX 26 NOV 74800 PUT,SENSEX,1.0,74800.0,PE,20.0,5.0
1114957,BSE,D,OPTIDX,SX50OPT,SENSEX50 26 NOV 24700 CALL,SENSEX50,47.0,24700.0,CE,75.0,5.0
1115045,BSE,D,OPTIDX,BSXOPT,SENSEX 26 NOV 80200 PUT,SENSEX,1.0,80200.0,PE,20.0,5.0
1115048,BSE,D,OPTIDX,BSXOPT,SENSEX 26 NOV 82500 PUT,SENSEX,1.0,82500.0,PE,20.0,5.0
1115069,BSE,D,OPTIDX,BSXOPT,SENSEX 15 OCT 79100 CALL,SENSEX,1.0,79100.0,CE,20.0,5.0
1115125,BSE,D,OPTIDX,BSXOPT,SENSEX 15 OCT 73100 CALL,SENSEX,1.0,73100.0,CE,20.0,5.0
1115134,BSE,D,OPTIDX,BSXOPT,SENSEX 15 OCT 75400 CALL,SENSEX,1.0,75400.0,CE,20.0,5.0
1115165,BSE,D,OPTIDX,BSXOPT,SENSEX 08 OCT 69900 CALL,SENSEX,1.0,69900.0,CE,20.0,5.0
1115168,BSE,D,OPTIDX,BSXOPT,SENSEX 15 OCT 78800 PUT,SENSEX,1.0,78800.0,PE,20.0,5.0
1115174,BSE,D,OPTIDX,BSXOPT,SENSEX 08 OCT 70000 PUT,SENSEX,1.0,70000.0,PE,20.0,5.0
1115207,BSE,D,OPTIDX,BSXOPT,SENSEX 15 OCT 71700 CALL,SENSEX,1.0,71700.0,CE,20.0,5.0
1115231,BSE,D,OPTIDX,BSXOPT,SENSEX 15 OCT 83100 CALL,SENSEX,1.0,83100.0,CE,20.0,5.0
1115242,BSE,D,OPTIDX,BSXOPT,SENSEX 26 NOV 76100 CALL,SENSEX,1.0,76100.0,CE,20.0,5.0
1115250,BSE,D,OPTIDX,BSXOPT,SENSEX 26 NOV 78400 CALL,SENSEX,1.0,78400.0,CE,20.0,5.0
1115305,BSE,D,OPTIDX,BSXOPT,SENSEX 26 NOV 70100 CALL,SENSEX,1.0,70100.0,CE,20.0,5.0
1115309,BSE,D,OPTIDX,BSXOPT,SENSEX 15 OCT 81700 CALL,SENSEX,1.0,81700.0,CE,20.0,5.0
1115320,BSE,D,OPTIDX,BSXOPT,SENSEX 26 NOV 72400 CALL,SENSEX,1.0,72400.0,CE,20.0,5.0
1115322,BSE,D,OPTIDX,BSXOPT,SENSEX 26 NOV 74700 CALL,SENSEX,1.0,74700.0,CE,20.0,5.0
1115362,BSE,D,OPTIDX,SX50OPT,SENSEX50 26 NOV 25700 CALL,SENSEX50,47.0,25700.0,CE,75.0,5.0
1115380,BSE,D,OPTIDX,SX50OPT,SENSEX50 26 NOV 26150 PUT,SENSEX50,47.0,26150.0,PE,75.0,5.0
1115397,BSE,D,OPTIDX,BSXOPT,SENSEX 15 OCT 77100 PUT,SENSEX,1.0,77100.0,PE,20.0,5.0
1115403,BSE,D,OPTIDX,BSXOPT,SENSEX 15 OCT 79400 PUT,SENSEX,1.0,79400.0,PE,20.0,5.0
1115406,BSE,D,OPTIDX,BSXOPT,SENSEX 26 NOV 80100 CALL,SENSEX,1.0,80100.0,CE,20.0,5.0
1115415,BSE,D,OPTIDX,BSXOPT,SENSEX 26 NOV 82400 CALL,SENSEX,1.0,82400.0,CE,20.0,5.0
1115427,BSE,D,OPTIDX,BSXOPT,SENSEX 24 SEP 84000 PUT,SENSEX,1.0,84000.0,PE,20.0,5.0
1115445,BSE,D,OPTIDX,SX50OPT,SENSEX50 26 NOV 24750 PUT,SENSEX50,47.0,24750.0,PE,75.0,5.0
1115460,BSE,D,OPTIDX,BSXOPT,SENSEX 15 OCT 71100 PUT,SENSEX,1.0,71100.0,PE,20.0,5.0
1115466,BSE,D,OPTIDX,BSXOPT,SENSEX 15 OCT 73400 PUT,SENSEX,1.0,73400.0,PE,20.0,5.0
1115472,BSE,D,OPTIDX,BSXOPT,SENSEX 15 OCT 75700 PUT,SENSEX,1.0,75700.0,PE,20.0,5.0
1115525,BSE,D,OPTIDX,SX50OPT,SENSEX50 26 NOV 25450 CALL,SENSEX50,47.0,25450.0,CE,75.0,5.0
1115540,BSE,D,OPTIDX,BSXOPT,SENSEX 15 OCT 74100 CALL,SENSEX,1.0,74100.0,CE,20.0,5.0
1115550,BSE,D,OPTIDX,BSXOPT,SENSEX 15 OCT 76400 CALL,SENSEX,1.0,76400.0,CE,20.0,5.0
1115554,BSE,D,OPTIDX,BSXOPT,SENSEX 24 SEP 81000 CALL,SENSEX,1.0,81000.0,CE,20.0,5.0
1115558,BSE,D,OPTIDX,BSXOPT,SENSEX 15 OCT 78700 CALL,SENSEX,1.0,78700.0,CE,20.0,5.0
1115572,BSE,D,OPTIDX,BSXOPT,SENSEX 15 OCT 81100 PUT,SENSEX,1.0,81100.0,PE,20.0,5.0
1115576,BSE,D,OPTIDX,BSXOPT,SENSEX 15 OCT 83400 PUT,SENSEX,1.0,83400.0,PE,20.0,5.0
1115584,BSE,D,OPTIDX,BSXOPT,SENSEX 26 NOV 74100 PUT,SENSEX,1.0,74100.0,PE,20.0,5.0
1115590,BSE,D,OPTIDX,BSXOPT,SENSEX 26 NOV 76400 PUT,SENSEX,1.0,76400.0,PE,20.0,5.0
1115592,BSE,D,OPTIDX,BSXOPT,SENSEX 26 NOV 78700 PUT,SENSEX,1.0,78700.0,PE,20.0,5.0
1115608,BSE,D,OPTIDX,BSXOPT,SENSEX 15 OCT 70400 CALL,SENSEX,1.0,70400.0,CE,20.0,5.0
1115616,BSE,D,OPTIDX,BSXOPT,SENSEX 15 OCT 72700 CALL,SENSEX,1.0,72700.0,CE,20.0,5.0
1115645,BSE,D,OPTIDX,BSXOPT,SENSEX 26 NOV 70400 PUT,SENSEX,1.0,70400.0,PE,20.0,5.0
1115650,BSE,D,OPTIDX,BSXOPT,SENSEX 26 NOV 72700 PUT,SENSEX,1.0,72700.0,PE,20.0,5.0
1115704,BSE,D,OPTIDX,BSXOPT,SENSEX 15 OCT 82700 CALL,SENSEX,1.0,82700.0,CE,20.0,5.0
1115731,BSE,D,OPTIDX,BSXOPT,SENSEX 26 NOV 80400 PUT,SENSEX,1.0,80400.0,PE,20.0,5.0
1115739,BSE,D,OPTIDX,BSXOPT,SENSEX 26 NOV 82700 PUT,SENSEX,1.0,82700.0,PE,20.0,5.0
1115772,BSE,D,OPTIDX,BSXOPT,SENSEX 24 SEP 85000 PUT,SENSEX,1.0,85000.0,PE,20.0,5.0
1115823,BSE,D,OPTIDX,BSXOPT,SENSEX 15 OCT 71000 CALL,SENSEX,1.0,71000.0,CE,20.0,5.0
1115841,BSE,D,OPTIDX,SX50OPT,SENSEX50 26 NOV 25750 PUT,SENSEX50,47.0,25750.0,PE,75.0,5.0
1115854,BSE,D,OPTIDX,BSXOPT,SENSEX 15 OCT 76700 PUT,SENSEX,1.0,76700.0,PE,20.0,5.0
1115859,BSE,D,OPTIDX,BSXOPT,SENSEX 08 OCT 70200 PUT,SENSEX,1.0,70200.0,PE,20.0,5.0
1115892,BSE,D,OPTIDX,SX50OPT,SENSEX50 26 NOV 24300 PUT,SENSEX50,47.0,24300.0,PE,75.0,5.0
1115905,BSE,D,OPTIDX,BSXOPT,SENSEX 15 OCT 81000 CALL,SENSEX,1.0,81000.0,CE,20.0,5.0
1115911,BSE,D,OPTIDX,BSXOPT,SENSEX 15 OCT 83300 CALL,SENSEX,1.0,83300.0,CE,20.0,5.0
1115913,BSE,D,OPTIDX,BSXOPT,SENSEX 26 NOV 74000 CALL,SENSEX,1.0,74000.0,CE,20.0,5.0
1115920,BSE,D,OPTIDX,BSXOPT,SENSEX 26 NOV 76300 CALL,SENSEX,1.0,76300.0,CE,20.0,5.0
1115923,BSE,D,OPTIDX,BSXOPT,SENSEX 26 NOV 78600 CALL,SENSEX,1.0,78600.0,CE,20.0,5.0
1115980,BSE,D,OPTIDX,BSXOPT,SENSEX 26 NOV 70300 CALL,SENSEX,1.0,70300.0,CE,20.0,5.0
1115989,BSE,D,OPTIDX,BSXOPT,SENSEX 26 NOV 72600 CALL,SENSEX,1.0,72600.0,CE,20.0,5.0
1115997,BSE,D,OPTIDX,BSXOPT,SENSEX 26 NOV 74900 CALL,SENSEX,1.0,74900.0,CE,20.0,5.0
1116030,BSE,D,OPTIDX,SX50OPT,SENSEX50 26 NOV 25900 CALL,SENSEX50,47.0,25900.0,CE,75.0,5.0
1116053,BSE,D,OPTIDX,BSXOPT,SENSEX 15 OCT 75000 PUT,SENSEX,1.0,75000.0,PE,20.0,5.0
1116063,BSE,D,OPTIDX,BSXOPT,SENSEX 15 OCT 77300 PUT,SENSEX,1.0,77300.0,PE,20.0,5.0
1116071,BSE,D,OPTIDX,BSXOPT,SENSEX 26 NOV 80300 CALL,SENSEX,1.0,80300.0,CE,20.0,5.0
1116079,BSE,D,OPTIDX,BSXOPT,SENSEX 26 NOV 82600 CALL,SENSEX,1.0,82600.0,CE,20.0,5.0
1116122,BSE,D,OPTIDX,BSXOPT,SENSEX 15 OCT 71300 PUT,SENSEX,1.0,71300.0,PE,20.0,5.0
1116124,BSE,D,OPTIDX,BSXOPT,SENSEX 15 OCT 73600 PUT,SENSEX,1.0,73600.0,PE,20.0,5.0
1116127,BSE,D,OPTIDX,BSXOPT,SENSEX 15 OCT 78000 CALL,SENSEX,1.0,78000.0,CE,20.0,5.0
1116160,BSE,D,OPTIDX,BSXOPT,SENSEX 26 NOV 78000 PUT,SENSEX,1.0,78000.0,PE,20.0,5.0
1116171,BSE,D,OPTIDX,SX50OPT,SENSEX50 26 NOV 25650 CALL,SENSEX50,47.0,25650.0,CE,75.0,5.0
1116183,BSE,D,OPTIDX,BSXOPT,SENSEX 15 OCT 72000 CALL,SENSEX,1.0,72000.0,CE,20.0,5.0
1116190,BSE,D,OPTIDX,BSXOPT,SENSEX 15 OCT 74300 CALL,SENSEX,1.0,74300.0,CE,20.0,5.0
1116195,BSE,D,OPTIDX,BSXOPT,SENSEX 15 OCT 76600 CALL,SENSEX,1.0,76600.0,CE,20.0,5.0
1116198,BSE,D,OPTIDX,BSXOPT,SENSEX 15 OCT 78900 CALL,SENSEX,1.0,78900.0,CE,20.0,5.0
1116204,BSE,D,OPTIDX,BSXOPT,SENSEX 15 OCT 81300 PUT,SENSEX,1.0,81300.0,PE,20.0,5.0
1116209,BSE,D,OPTIDX,BSXOPT,SENSEX 26 NOV 72000 PUT,SENSEX,1.0,72000.0,PE,20.0,5.0
1116214,BSE,D,OPTIDX,BSXOPT,SENSEX 15 OCT 83600 PUT,SENSEX,1.0,83600.0,PE,20.0,5.0
1116223,BSE,D,OPTIDX,BSXOPT,SENSEX 26 NOV 74300 PUT,SENSEX,1.0,74300.0,PE,20.0,5.0
1116227,BSE,D,OPTIDX,BSXOPT,SENSEX 26 NOV 76600 PUT,SENSEX,1.0,76600.0,PE,20.0,5.0
1116235,BSE,D,OPTIDX,BSXOPT,SENSEX 26 NOV 78900 PUT,SENSEX,1.0,78900.0,PE,20.0,5.0
1116251,BSE,D,OPTIDX,BSXOPT,SENSEX 15 OCT 70600 CALL,SENSEX,1.0,70600.0,CE,20.0,5.0
1116255,BSE,D,OPTIDX,BSXOPT,SENSEX 15 OCT 72900 CALL,SENSEX,1.0,72900.0,CE,20.0,5.0
1116286,BSE,D,OPTIDX,BSXOPT,SENSEX 26 NOV 70600 PUT,SENSEX,1.0,70600.0,PE,20.0,5.0
1116299,BSE,D,OPTIDX,BSXOPT,SENSEX 26 NOV 72900 PUT,SENSEX,1.0,72900.0,PE,20.0,5.0
1116306,BSE,D,OPTIDX,BSXOPT,SENSEX 26 NOV 79600 CALL,SENSEX,1.0,79600.0,CE,20.0,5.0
1116317,BSE,D,OPTIDX,BSXOPT,SENSEX 26 NOV 82000 PUT,SENSEX,1.0,82000.0,PE,20.0,5.0
1116353,BSE,D,OPTIDX,BSXOPT,SENSEX 15 OCT 80600 CALL,SENSEX,1.0,80600.0,CE,20.0,5.0
1116356,BSE,D,OPTIDX,BSXOPT,SENSEX 15 OCT 82900 CALL,SENSEX,1.0,82900.0,CE,20.0,5.0
1116367,BSE,D,OPTIDX,BSXOPT,SENSEX 26 NOV 75900 CALL,SENSEX,1.0,75900.0,CE,20.0,5.0
1116376,BSE,D,OPTIDX,BSXOPT,SENSEX 26 NOV 80600 PUT,SENSEX,1.0,80600.0,PE,20.0,5.0
1116381,BSE,D,OPTIDX,BSXOPT,SENSEX 26 NOV 82900 PUT,SENSEX,1.0,82900.0,PE,20.0,5.0
1116412,BSE,D,OPTIDX,SX50OPT,SENSEX50 26 NOV 25050 PUT,SENSEX50,47.0,25050.0,PE,75.0,5.0
1116681,BSE,D,OPTIDX,BSXOPT,SENSEX 15 OCT 76000 PUT,SENSEX,1.0,76000.0,PE,20.0,5.0
1116834,BSE,D,OPTIDX,BSXOPT,SENSEX 15 OCT 78300 PUT,SENSEX,1.0,78300.0,PE,20.0,5.0
1116960,BSE,D,OPTIDX,SX50OPT,SENSEX50 26 NOV 25950 PUT,SENSEX50,47.0,25950.0,PE,75.0,5.0
1116970,BSE,D,OPTIDX,BSXOPT,SENSEX 15 OCT 72300 PUT,SENSEX,1.0,72300.0,PE,20.0,5.0
1116972,BSE,D,OPTIDX,BSXOPT,SENSEX 15 OCT 74600 PUT,SENSEX,1.0,74600.0,PE,20.0,5.0
1116980,BSE,D,OPTIDX,BSXOPT,SENSEX 15 OCT 76900 PUT,SENSEX,1.0,76900.0,PE,20.0,5.0
1116986,BSE,D,OPTIDX,BSXOPT,SENSEX 26 NOV 69900 PUT,SENSEX,1.0,69900.0,PE,20.0,5.0
1117040,BSE,D,OPTIDX,SX50OPT,SENSEX50 26 NOV 24500 PUT,SENSEX50,47.0,24500.0,PE,75.0,5.0
1117057,BSE,D,OPTIDX,BSXOPT,SENSEX 15 OCT 70900 PUT,SENSEX,1.0,70900.0,PE,20.0,5.0
1117058,BSE,D,OPTIDX,BSXOPT,SENSEX 15 OCT 81200 CALL,SENSEX,1.0,81200.0,CE,20.0,5.0
1117072,BSE,D,OPTIDX,BSXOPT,SENSEX 26 NOV 74200 CALL,SENSEX,1.0,74200.0,CE,20.0,5.0
1117082,BSE,D,OPTIDX,BSXOPT,SENSEX 26 NOV 76500 CALL,SENSEX,1.0,76500.0,CE,20.0,5.0
1117104,BSE,D,OPTIDX,BSXOPT,SENSEX 26 NOV 79900 PUT,SENSEX,1.0,79900.0,PE,20.0,5.0
1117111,BSE,D,OPTIDX,SX50OPT,SENSEX50 26 NOV 25200 CALL,SENSEX50,47.0,25200.0,CE,75.0,5.0
1117131,BSE,D,OPTIDX,BSXOPT,SENSEX 26 NOV 70500 CALL,SENSEX,1.0,70500.0,CE,20.0,5.0
1117143,BSE,D,OPTIDX,BSXOPT,SENSEX 26 NOV 72800 CALL,SENSEX,1.0,72800.0,CE,20.0,5.0
1117156,BSE,D,OPTIDX,BSXOPT,SENSEX 15 OCT 80900 PUT,SENSEX,1.0,80900.0,PE,20.0,5.0
1117238,BSE,D,OPTIDX,BSXOPT,SENSEX 26 NOV 80500 CALL,SENSEX,1.0,80500.0,CE,20.0,5.0
1117252,BSE,D,OPTIDX,BSXOPT,SENSEX 26 NOV 82800 CALL,SENSEX,1.0,82800.0,CE,20.0,5.0
1117316,BSE,D,OPTIDX,BSXOPT,SENSEX 15 OCT 78200 CALL,SENSEX,1.0,78200.0,CE,20.0,5.0
1117357,BSE,D,OPTIDX,BSXOPT,SENSEX 26 NOV 78200 PUT,SENSEX,1.0,78200.0,PE,20.0,5.0
1117369,BSE,D,OPTIDX,SX50OPT,SENSEX50 26 NOV 25850 CALL,SENSEX50,47.0,25850.0,CE,75.0,5.0
1117371,BSE,D,OPTIDX,SX50OPT,SENSEX50 29 OCT 24250 PUT,SENSEX50,47.0,24250.0,PE,75.0,5.0
1117378,BSE,D,OPTIDX,BSXOPT,SENSEX 15 OCT 72200 CALL,SENSEX,1.0,72200.0,CE,20.0,5.0
1117383,BSE,D,OPTIDX,BSXOPT,SENSEX 15 OCT 74500 CALL,SENSEX,1.0,74500.0,CE,20.0,5.0
1117391,BSE,D,OPTIDX,BSXOPT,SENSEX 15 OCT 76800 CALL,SENSEX,1.0,76800.0,CE,20.0,5.0
1117414,BSE,D,OPTIDX,BSXOPT,SENSEX 15 OCT 81500 PUT,SENSEX,1.0,81500.0,PE,20.0,5.0
1117419,BSE,D,OPTIDX,BSXOPT,SENSEX 26 NOV 72200 PUT,SENSEX,1.0,72200.0,PE,20.0,5.0
1117422,BSE,D,OPTIDX,BSXOPT,SENSEX 15 OCT 83800 PUT,SENSEX,1.0,83800.0,PE,20.0,5.0
1117429,BSE,D,OPTIDX,BSXOPT,SENSEX 26 NOV 74500 PUT,SENSEX,1.0,74500.0,PE,20.0,5.0
1117433,BSE,D,OPTIDX,BSXOPT,SENSEX 26 NOV 76800 PUT,SENSEX,1.0,76800.0,PE,20.0,5.0
1117457,BSE,D,OPTIDX,BSXOPT,SENSEX 15 OCT 70800 CALL,SENSEX,1.0,70800.0,CE,20.0,5.0
1117487,BSE,D,OPTIDX,BSXOPT,SENSEX 24 SEP 67000 PUT,SENSEX,1.0,67000.0,PE,20.0,5.0
1118225,BSE,D,OPTIDX,BSXOPT,SENSEX 26 NOV 84000 PUT,SENSEX,1.0,84000.0,PE,20.0,5.0
1118247,BSE,D,OPTIDX,BSXOPT,SENSEX 26 NOV 84300 CALL,SENSEX,1.0,84300.0,CE,20.0,5.0
1118256,BSE,D,OPTIDX,BSXOPT,SENSEX 15 OCT 84200 CALL,SENSEX,1.0,84200.0,CE,20.0,5.0
1118451,BSE,D,OPTIDX,BSXOPT,SENSEX 26 NOV 84200 PUT,SENSEX,1.0,84200.0,PE,20.0,5.0
1118457,BSE,D,OPTIDX,SX50OPT,SENSEX50 26 NOV 26350 CALL,SENSEX50,47.0,26350.0,CE,75.0,5.0
1118605,BSE,D,OPTIDX,BSXOPT,SENSEX 26 NOV 84100 PUT,SENSEX,1.0,84100.0,PE,20.0,5.0
1118627,BSE,D,OPTIDX,BSXOPT,SENSEX 15 OCT 84000 PUT,SENSEX,1.0,84000.0,PE,20.0,5.0
1118680,BSE,D,OPTIDX,BSXOPT,SENSEX 15 OCT 84300 CALL,SENSEX,1.0,84300.0,CE,20.0,5.0
1118969,BSE,D,OPTIDX,BSXOPT,SENSEX 26 NOV 84000 CALL,SENSEX,1.0,84000.0,CE,20.0,5.0
1119052,BSE,D,OPTIDX,BSXOPT,SENSEX 26 NOV 84300 PUT,SENSEX,1.0,84300.0,PE,20.0,5.0
1119065,BSE,D,OPTIDX,SX50OPT,SENSEX50 26 NOV 26300 PUT,SENSEX50,47.0,26300.0,PE,75.0,5.0
1119071,BSE,D,OPTIDX,BSXOPT,SENSEX 15 OCT 84200 PUT,SENSEX,1.0,84200.0,PE,20.0,5.0
1119188,BSE,D,OPTIDX,SX50OPT,SENSEX50 26 NOV 26300 CALL,SENSEX50,47.0,26300.0,CE,75.0,5.0
1119290,BSE,D,OPTIDX,BSXOPT,SENSEX 15 OCT 84100 PUT,SENSEX,1.0,84100.0,PE,20.0,5.0
1119369,BSE,D,OPTIDX,BSXOPT,SENSEX 26 NOV 84200 CALL,SENSEX,1.0,84200.0,CE,20.0,5.0
1119379,BSE,D,OPTIDX,BSXOPT,SENSEX 15 OCT 84100 CALL,SENSEX,1.0,84100.0,CE,20.0,5.0
1119410,BSE,D,OPTIDX,SX50OPT,SENSEX50 26 NOV 26350 PUT,SENSEX50,47.0,26350.0,PE,75.0,5.0
1119562,BSE,D,OPTIDX,BSXOPT,SENSEX 26 NOV 84100 CALL,SENSEX,1.0,84100.0,CE,20.0,5.0
1119573,BSE,D,OPTIDX,BSXOPT,SENSEX 15 OCT 84000 CALL,SENSEX,1.0,84000.0,CE,20.0,5.0
1119661,BSE,D,OPTIDX,BSXOPT,SENSEX 15 OCT 84300 PUT,SENSEX,1.0,84300.0,PE,20.0,5.0
1121017,BSE,D,OPTIDX,BSXOPT,SENSEX 24 SEP 67000 CALL,SENSEX,1.0,67000.0,CE,20.0,5.0
1122225,BSE,D,OPTIDX,SX50OPT,SENSEX50 29 OCT 24200 CALL,SENSEX50,47.0,24200.0,CE,75.0,5.0
1122231,BSE,D,OPTIDX,BSXOPT,SENSEX 08 OCT 69600 CALL,SENSEX,1.0,69600.0,CE,20.0,5.0
1122268,BSE,D,OPTIDX,BSXOPT,SENSEX 26 NOV 69600 PUT,SENSEX,1.0,69600.0,PE,20.0,5.0
1122283,BSE,D,OPTIDX,BSXOPT,SENSEX 15 OCT 69800 CALL,SENSEX,1.0,69800.0,CE,20.0,5.0
1122310,BSE,D,OPTIDX,SX50OPT,SENSEX50 26 NOV 24150 PUT,SENSEX50,47.0,24150.0,PE,75.0,5.0
1122336,BSE,D,OPTIDX,BSXOPT,SENSEX 01 OCT 69600 PUT,SENSEX,1.0,69600.0,PE,20.0,5.0
1122365,BSE,D,OPTIDX,SX50OPT,SENSEX50 29 OCT 24100 CALL,SENSEX50,47.0,24100.0,CE,75.0,5.0
1122408,BSE,D,OPTIDX,BSXOPT,SENSEX 08 OCT 69800 PUT,SENSEX,1.0,69800.0,PE,20.0,5.0
1122489,BSE,D,OPTIDX,BSXOPT,SENSEX 29 OCT 69600 PUT,SENSEX,1.0,69600.0,PE,20.0,5.0
1122527,BSE,D,OPTIDX,BSXOPT,SENSEX 26 NOV 69800 PUT,SENSEX,1.0,69800.0,PE,20.0,5.0
1122548,BSE,D,OPTIDX,BSXOPT,SENSEX 15 OCT 69700 PUT,SENSEX,1.0,69700.0,PE,20.0,5.0
1122556,BSE,D,OPTIDX,SX50OPT,SENSEX50 29 OCT 24150 PUT,SENSEX50,47.0,24150.0,PE,75.0,5.0
1122569,BSE,D,OPTIDX,BSXOPT,SENSEX 17 SEP 69600 PUT,SENSEX,1.0,69600.0,PE,20.0,5.0
1122638,BSE,D,OPTIDX,BSXOPT,SENSEX 08 OCT 69700 CALL,SENSEX,1.0,69700.0,CE,20.0,5.0
1122697,BSE,D,OPTIDX,BSXOPT,SENSEX 26 NOV 69700 PUT,SENSEX,1.0,69700.0,PE,20.0,5.0
1122698,BSE,D,OPTIDX,BSXOPT,SENSEX 15 OCT 69600 PUT,SENSEX,1.0,69600.0,PE,20.0,5.0
1122743,BSE,D,OPTIDX,BSXOPT,SENSEX 01 OCT 69700 PUT,SENSEX,1.0,69700.0,PE,20.0,5.0
1122747,BSE,D,OPTIDX,BSXOPT,SENSEX 26 NOV 69700 CALL,SENSEX,1.0,69700.0,CE,20.0,5.0
1122764,BSE,D,OPTIDX,BSXOPT,SENSEX 29 OCT 69800 PUT,SENSEX,1.0,69800.0,PE,20.0,5.0
1122807,BSE,D,OPTIDX,SX50OPT,SENSEX50 26 NOV 24100 PUT,SENSEX50,47.0,24100.0,PE,75.0,5.0
1122831,BSE,D,OPTIDX,BSXOPT,SENSEX 17 SEP 69800 PUT,SENSEX,1.0,69800.0,PE,20.0,5.0
1122890,BSE,D,OPTIDX,BSXOPT,SENSEX 26 NOV 69600 CALL,SENSEX,1.0,69600.0,CE,20.0,5.0
1122891,BSE,D,OPTIDX,BSXOPT,SENSEX 29 OCT 69700 PUT,SENSEX,1.0,69700.0,PE,20.0,5.0
1122945,BSE,D,OPTIDX,SX50OPT,SENSEX50 26 NOV 24150 CALL,SENSEX50,47.0,24150.0,CE,75.0,5.0
1122955,BSE,D,OPTIDX,BSXOPT,SENSEX 15 OCT 69800 PUT,SENSEX,1.0,69800.0,PE,20.0,5.0
1122959,BSE,D,OPTIDX,BSXOPT,SENSEX 01 OCT 69600 CALL,SENSEX,1.0,69600.0,CE,20.0,5.0
1122972,BSE,D,OPTIDX,BSXOPT,SENSEX 29 OCT 69700 CALL,SENSEX,1.0,69700.0,CE,20.0,5.0
1122995,BSE,D,OPTIDX,BSXOPT,SENSEX 17 SEP 69700 PUT,SENSEX,1.0,69700.0,PE,20.0,5.0
1123033,BSE,D,OPTIDX,SX50OPT,SENSEX50 29 OCT 24100 PUT,SENSEX50,47.0,24100.0,PE,75.0,5.0
1123058,BSE,D,OPTIDX,BSXOPT,SENSEX 17 SEP 69700 CALL,SENSEX,1.0,69700.0,CE,20.0,5.0
1123060,BSE,D,OPTIDX,BSXOPT,SENSEX 08 OCT 69800 CALL,SENSEX,1.0,69800.0,CE,20.0,5.0
1123154,BSE,D,OPTIDX,BSXOPT,SENSEX 29 OCT 69600 CALL,SENSEX,1.0,69600.0,CE,20.0,5.0
1123198,BSE,D,OPTIDX,BSXOPT,SENSEX 01 OCT 69800 PUT,SENSEX,1.0,69800.0,PE,20.0,5.0
1123201,BSE,D,OPTIDX,BSXOPT,SENSEX 26 NOV 69800 CALL,SENSEX,1.0,69800.0,CE,20.0,5.0
1123205,BSE,D,OPTIDX,BSXOPT,SENSEX 15 OCT 69700 CALL,SENSEX,1.0,69700.0,CE,20.0,5.0
1123208,BSE,D,OPTIDX,SX50OPT,SENSEX50 29 OCT 24150 CALL,SENSEX50,47.0,24150.0,CE,75.0,5.0
1123229,BSE,D,OPTIDX,BSXOPT,SENSEX 17 SEP 69600 CALL,SENSEX,1.0,69600.0,CE,20.0,5.0
1123234,BSE,D,OPTIDX,SX50OPT,SENSEX50 26 NOV 24200 PUT,SENSEX50,47.0,24200.0,PE,75.0,5.0
1123239,BSE,D,OPTIDX,BSXOPT,SENSEX 01 OCT 69800 CALL,SENSEX,1.0,69800.0,CE,20.0,5.0
1123259,BSE,D,OPTIDX,SX50OPT,SENSEX50 26 NOV 24200 CALL,SENSEX50,47.0,24200.0,CE,75.0,5.0
1123272,BSE,D,OPTIDX,BSXOPT,SENSEX 08 OCT 69700 PUT,SENSEX,1.0,69700.0,PE,20.0,5.0
1123285,BSE,D,OPTIDX,BSXOPT,SENSEX 15 OCT 69600 CALL,SENSEX,1.0,69600.0,CE,20.0,5.0
1123342,BSE,D,OPTIDX,BSXOPT,SENSEX 01 OCT 69700 CALL,SENSEX,1.0,69700.0,CE,20.0,5.0
1123350,BSE,D,OPTIDX,BSXOPT,SENSEX 29 OCT 69800 CALL,SENSEX,1.0,69800.0,CE,20.0,5.0
1123384,BSE,D,OPTIDX,SX50OPT,SENSEX50 26 NOV 24100 CALL,SENSEX50,47.0,24100.0,CE,75.0,5.0
1123413,BSE,D,OPTIDX,SX50OPT,SENSEX50 29 OCT 24200 PUT,SENSEX50,47.0,24200.0,PE,75.0,5.0
1123420,BSE,D,OPTIDX,BSXOPT,SENSEX 08 OCT 69600 PUT,SENSEX,1.0,69600.0,PE,20.0,5.0
1123457,BSE,D,OPTIDX,BSXOPT,SENSEX 17 SEP 69800 CALL,SENSEX,1.0,69800.0,CE,20.0,5.0
1123530,BSE,D,OPTIDX,BSXOPT,SENSEX 22 OCT 69800 PUT,SENSEX,1.0,69800.0,PE,20.0,5.0
1123533,BSE,D,OPTIDX,BSXOPT,SENSEX 22 OCT 72900 CALL,SENSEX,1.0,72900.0,CE,20.0,5.0
1123549,BSE,D,OPTIDX,BSXOPT,SENSEX 22 OCT 71400 CALL,SENSEX,1.0,71400.0,CE,20.0,5.0
1123554,BSE,D,OPTIDX,BSXOPT,SENSEX 01 OCT 69300 PUT,SENSEX,1.0,69300.0,PE,20.0,5.0
1123559,BSE,D,OPTIDX,BSXOPT,SENSEX 26 NOV 69300 CALL,SENSEX,1.0,69300.0,CE,20.0,5.0
1123562,BSE,D,OPTIDX,BSXOPT,SENSEX 22 OCT 73100 CALL,SENSEX,1.0,73100.0,CE,20.0,5.0
1123571,BSE,D,OPTIDX,BSXOPT,SENSEX 22 OCT 79100 PUT,SENSEX,1.0,79100.0,PE,20.0,5.0
1123575,BSE,D,OPTIDX,BSXOPT,SENSEX 29 OCT 69400 PUT,SENSEX,1.0,69400.0,PE,20.0,5.0
1123580,BSE,D,OPTIDX,BSXOPT,SENSEX 15 OCT 69200 CALL,SENSEX,1.0,69200.0,CE,20.0,5.0
1123582,BSE,D,OPTIDX,BSXOPT,SENSEX 22 OCT 82200 CALL,SENSEX,1.0,82200.0,CE,20.0,5.0
1123591,BSE,D,OPTIDX,BSXOPT,SENSEX 22 OCT 76900 PUT,SENSEX,1.0,76900.0,PE,20.0,5.0
1123596,BSE,D,OPTIDX,BSXOPT,SENSEX 22 OCT 75400 PUT,SENSEX,1.0,75400.0,PE,20.0,5.0
1123602,BSE,D,OPTIDX,BSXOPT,SENSEX 22 OCT 77100 PUT,SENSEX,1.0,77100.0,PE,20.0,5.0
1123609,BSE,D,OPTIDX,BSXOPT,SENSEX 22 OCT 81700 CALL,SENSEX,1.0,81700.0,CE,20.0,5.0
1123613,BSE,D,OPTIDX,BSXOPT,SENSEX 22 OCT 80200 CALL,SENSEX,1.0,80200.0,CE,20.0,5.0
1123622,BSE,D,OPTIDX,BSXOPT,SENSEX 22 OCT 71700 PUT,SENSEX,1.0,71700.0,PE,20.0,5.0
1123632,BSE,D,OPTIDX,BSXOPT,SENSEX 22 OCT 70200 PUT,SENSEX,1.0,70200.0,PE,20.0,5.0
1123644,BSE,D,OPTIDX,BSXOPT,SENSEX 22 OCT 73400 PUT,SENSEX,1.0,73400.0,PE,20.0,5.0
1123645,BSE,D,OPTIDX,BSXOPT,SENSEX 22 OCT 78900 CALL,SENSEX,1.0,78900.0,CE,20.0,5.0
1123648,BSE,D,OPTIDX,BSXOPT,SENSEX 15 OCT 69500 PUT,SENSEX,1.0,69500.0,PE,20.0,5.0
1123650,BSE,D,OPTIDX,BSXOPT,SENSEX 22 OCT 77400 CALL,SENSEX,1.0,77400.0,CE,20.0,5.0
1123661,BSE,D,OPTIDX,BSXOPT,SENSEX 22 OCT 82500 PUT,SENSEX,1.0,82500.0,PE,20.0,5.0
1123662,BSE,D,OPTIDX,BSXOPT,SENSEX 22 OCT 81000 PUT,SENSEX,1.0,81000.0,PE,20.0,5.0
1123682,BSE,D,OPTIDX,BSXOPT,SENSEX 22 OCT 73700 CALL,SENSEX,1.0,73700.0,CE,20.0,5.0
1123692,BSE,D,OPTIDX,BSXOPT,SENSEX 22 OCT 72200 CALL,SENSEX,1.0,72200.0,CE,20.0,5.0
1123700,BSE,D,OPTIDX,BSXOPT,SENSEX 17 SEP 69400 PUT,SENSEX,1.0,69400.0,PE,20.0,5.0
1123703,BSE,D,OPTIDX,BSXOPT,SENSEX 22 OCT 80500 PUT,SENSEX,1.0,80500.0,PE,20.0,5.0
1123712,BSE,D,OPTIDX,BSXOPT,SENSEX 22 OCT 83000 CALL,SENSEX,1.0,83000.0,CE,20.0,5.0
1123713,BSE,D,OPTIDX,BSXOPT,SENSEX 22 OCT 69400 CALL,SENSEX,1.0,69400.0,CE,20.0,5.0
1123719,BSE,D,OPTIDX,BSXOPT,SENSEX 22 OCT 77700 PUT,SENSEX,1.0,77700.0,PE,20.0,5.0
1123723,BSE,D,OPTIDX,BSXOPT,SENSEX 22 OCT 76200 PUT,SENSEX,1.0,76200.0,PE,20.0,5.0
1123732,BSE,D,OPTIDX,BSXOPT,SENSEX 22 OCT 80800 CALL,SENSEX,1.0,80800.0,CE,20.0,5.0
1123738,BSE,D,OPTIDX,BSXOPT,SENSEX 22 OCT 82500 CALL,SENSEX,1.0,82500.0,CE,20.0,5.0
1123747,BSE,D,OPTIDX,BSXOPT,SENSEX 22 OCT 81000 CALL,SENSEX,1.0,81000.0,CE,20.0,5.0
1123753,BSE,D,OPTIDX,BSXOPT,SENSEX 08 OCT 69200 PUT,SENSEX,1.0,69200.0,PE,20.0,5.0
1123758,BSE,D,OPTIDX,BSXOPT,SENSEX 22 OCT 72500 PUT,SENSEX,1.0,72500.0,PE,20.0,5.0
1123759,BSE,D,OPTIDX,BSXOPT,SENSEX 22 OCT 71000 PUT,SENSEX,1.0,71000.0,PE,20.0,5.0
1123768,BSE,D,OPTIDX,BSXOPT,SENSEX 22 OCT 74200 PUT,SENSEX,1.0,74200.0,PE,20.0,5.0
1123782,BSE,D,OPTIDX,BSXOPT,SENSEX 22 OCT 79700 CALL,SENSEX,1.0,79700.0,CE,20.0,5.0
1123785,BSE,D,OPTIDX,BSXOPT,SENSEX 22 OCT 78200 CALL,SENSEX,1.0,78200.0,CE,20.0,5.0
1123787,BSE,D,OPTIDX,BSXOPT,SENSEX 08 OCT 69500 CALL,SENSEX,1.0,69500.0,CE,20.0,5.0
1123798,BSE,D,OPTIDX,BSXOPT,SENSEX 22 OCT 70500 PUT,SENSEX,1.0,70500.0,PE,20.0,5.0
1123807,BSE,D,OPTIDX,SX50OPT,SENSEX50 26 NOV 24000 PUT,SENSEX50,47.0,24000.0,PE,75.0,5.0
1123814,BSE,D,OPTIDX,BSXOPT,SENSEX 22 OCT 74500 CALL,SENSEX,1.0,74500.0,CE,20.0,5.0
1123820,BSE,D,OPTIDX,BSXOPT,SENSEX 22 OCT 73000 CALL,SENSEX,1.0,73000.0,CE,20.0,5.0
1123827,BSE,D,OPTIDX,BSXOPT,SENSEX 22 OCT 82800 PUT,SENSEX,1.0,82800.0,PE,20.0,5.0
1123830,BSE,D,OPTIDX,BSXOPT,SENSEX 22 OCT 81300 PUT,SENSEX,1.0,81300.0,PE,20.0,5.0
1123843,BSE,D,OPTIDX,BSXOPT,SENSEX 22 OCT 70800 CALL,SENSEX,1.0,70800.0,CE,20.0,5.0
1123847,BSE,D,OPTIDX,BSXOPT,SENSEX 22 OCT 78500 PUT,SENSEX,1.0,78500.0,PE,20.0,5.0
1123848,BSE,D,OPTIDX,BSXOPT,SENSEX 22 OCT 77000 PUT,SENSEX,1.0,77000.0,PE,20.0,5.0
1123849,BSE,D,OPTIDX,BSXOPT,SENSEX 22 OCT 81600 CALL,SENSEX,1.0,81600.0,CE,20.0,5.0
1123861,BSE,D,OPTIDX,BSXOPT,SENSEX 22 OCT 80100 CALL,SENSEX,1.0,80100.0,CE,20.0,5.0
1123875,BSE,D,OPTIDX,BSXOPT,SENSEX 22 OCT 69700 CALL,SENSEX,1.0,69700.0,CE,20.0,5.0
1123884,BSE,D,OPTIDX,BSXOPT,SENSEX 22 OCT 74800 PUT,SENSEX,1.0,74800.0,PE,20.0,5.0
1123898,BSE,D,OPTIDX,BSXOPT,SENSEX 22 OCT 73300 PUT,SENSEX,1.0,73300.0,PE,20.0,5.0
1123912,BSE,D,OPTIDX,BSXOPT,SENSEX 22 OCT 78800 CALL,SENSEX,1.0,78800.0,CE,20.0,5.0
1123929,BSE,D,OPTIDX,BSXOPT,SENSEX 15 OCT 69400 PUT,SENSEX,1.0,69400.0,PE,20.0,5.0
1123933,BSE,D,OPTIDX,BSXOPT,SENSEX 01 OCT 69200 CALL,SENSEX,1.0,69200.0,CE,20.0,5.0
1123940,BSE,D,OPTIDX,BSXOPT,SENSEX 22 OCT 75000 PUT,SENSEX,1.0,75000.0,PE,20.0,5.0
1123945,BSE,D,OPTIDX,BSXOPT,SENSEX 22 OCT 79000 CALL,SENSEX,1.0,79000.0,CE,20.0,5.0
1123948,BSE,D,OPTIDX,BSXOPT,SENSEX 29 OCT 69300 CALL,SENSEX,1.0,69300.0,CE,20.0,5.0
1123951,BSE,D,OPTIDX,BSXOPT,SENSEX 22 OCT 71300 PUT,SENSEX,1.0,71300.0,PE,20.0,5.0
1123961,BSE,D,OPTIDX,BSXOPT,SENSEX 22 OCT 76800 CALL,SENSEX,1.0,76800.0,CE,20.0,5.0
1123962,BSE,D,OPTIDX,BSXOPT,SENSEX 22 OCT 81900 PUT,SENSEX,1.0,81900.0,PE,20.0,5.0
1123964,BSE,D,OPTIDX,BSXOPT,SENSEX 22 OCT 75300 CALL,SENSEX,1.0,75300.0,CE,20.0,5.0
1123966,BSE,D,OPTIDX,BSXOPT,SENSEX 22 OCT 80400 PUT,SENSEX,1.0,80400.0,PE,20.0,5.0
1123970,BSE,D,OPTIDX,BSXOPT,SENSEX 22 OCT 82100 PUT,SENSEX,1.0,82100.0,PE,20.0,5.0
1123995,BSE,D,OPTIDX,BSXOPT,SENSEX 22 OCT 71600 CALL,SENSEX,1.0,71600.0,CE,20.0,5.0
1124001,BSE,D,OPTIDX,BSXOPT,SENSEX 22 OCT 70100 CALL,SENSEX,1.0,70100.0,CE,20.0,5.0
1124004,BSE,D,OPTIDX,BSXOPT,SENSEX 01 OCT 69500 PUT,SENSEX,1.0,69500.0,PE,20.0,5.0
1124007,BSE,D,OPTIDX,BSXOPT,SENSEX 26 NOV 69500 CALL,SENSEX,1.0,69500.0,CE,20.0,5.0
1124057,BSE,D,OPTIDX,BSXOPT,SENSEX 22 OCT 79300 PUT,SENSEX,1.0,79300.0,PE,20.0,5.0
1124059,BSE,D,OPTIDX,BSXOPT,SENSEX 15 OCT 69400 CALL,SENSEX,1.0,69400.0,CE,20.0,5.0
1124060,BSE,D,OPTIDX,BSXOPT,SENSEX 22 OCT 82400 CALL,SENSEX,1.0,82400.0,CE,20.0,5.0
1124080,BSE,D,OPTIDX,BSXOPT,SENSEX 22 OCT 75600 PUT,SENSEX,1.0,75600.0,PE,20.0,5.0
1124094,BSE,D,OPTIDX,BSXOPT,SENSEX 22 OCT 74100 PUT,SENSEX,1.0,74100.0,PE,20.0,5.0
1124099,BSE,D,OPTIDX,BSXOPT,SENSEX 22 OCT 79600 CALL,SENSEX,1.0,79600.0,CE,20.0,5.0
1124104,BSE,D,OPTIDX,BSXOPT,SENSEX 17 SEP 69300 CALL,SENSEX,1.0,69300.0,CE,20.0,5.0
1124106,BSE,D,OPTIDX,BSXOPT,SENSEX 22 OCT 71900 PUT,SENSEX,1.0,71900.0,PE,20.0,5.0
1124110,BSE,D,OPTIDX,BSXOPT,SENSEX 22 OCT 70400 PUT,SENSEX,1.0,70400.0,PE,20.0,5.0
1124128,BSE,D,OPTIDX,BSXOPT,SENSEX 22 OCT 75900 CALL,SENSEX,1.0,75900.0,CE,20.0,5.0
1124129,BSE,D,OPTIDX,SX50OPT,SENSEX50 26 NOV 24050 CALL,SENSEX50,47.0,24050.0,CE,75.0,5.0
1124134,BSE,D,OPTIDX,BSXOPT,SENSEX 22 OCT 72100 PUT,SENSEX,1.0,72100.0,PE,20.0,5.0
1124137,BSE,D,OPTIDX,BSXOPT,SENSEX 22 OCT 77600 CALL,SENSEX,1.0,77600.0,CE,20.0,5.0
1124140,BSE,D,OPTIDX,BSXOPT,SENSEX 22 OCT 82700 PUT,SENSEX,1.0,82700.0,PE,20.0,5.0
1124143,BSE,D,OPTIDX,BSXOPT,SENSEX 22 OCT 76100 CALL,SENSEX,1.0,76100.0,CE,20.0,5.0
1124145,BSE,D,OPTIDX,BSXOPT,SENSEX 22 OCT 81200 PUT,SENSEX,1.0,81200.0,PE,20.0,5.0
1124160,BSE,D,OPTIDX,BSXOPT,SENSEX 22 OCT 69300 PUT,SENSEX,1.0,69300.0,PE,20.0,5.0
1124162,BSE,D,OPTIDX,BSXOPT,SENSEX 22 OCT 73900 CALL,SENSEX,1.0,73900.0,CE,20.0,5.0
1124174,BSE,D,OPTIDX,BSXOPT,SENSEX 22 OCT 79900 PUT,SENSEX,1.0,79900.0,PE,20.0,5.0
1124179,BSE,D,OPTIDX,BSXOPT,SENSEX 22 OCT 72400 CALL,SENSEX,1.0,72400.0,CE,20.0,5.0
1124202,BSE,D,OPTIDX,BSXOPT,SENSEX 22 OCT 80700 PUT,SENSEX,1.0,80700.0,PE,20.0,5.0
1124211,BSE,D,OPTIDX,BSXOPT,SENSEX 22 OCT 83200 CALL,SENSEX,1.0,83200.0,CE,20.0,5.0
1124216,BSE,D,OPTIDX,BSXOPT,SENSEX 22 OCT 69600 CALL,SENSEX,1.0,69600.0,CE,20.0,5.0
1124226,BSE,D,OPTIDX,BSXOPT,SENSEX 22 OCT 77900 PUT,SENSEX,1.0,77900.0,PE,20.0,5.0
1124243,BSE,D,OPTIDX,BSXOPT,SENSEX 22 OCT 76400 PUT,SENSEX,1.0,76400.0,PE,20.0,5.0
1124254,BSE,D,OPTIDX,BSXOPT,SENSEX 29 OCT 69200 CALL,SENSEX,1.0,69200.0,CE,20.0,5.0
1124260,BSE,D,OPTIDX,BSXOPT,SENSEX 08 OCT 69400 PUT,SENSEX,1.0,69400.0,PE,20.0,5.0
1124270,BSE,D,OPTIDX,BSXOPT,SENSEX 22 OCT 72700 PUT,SENSEX,1.0,72700.0,PE,20.0,5.0
1124276,BSE,D,OPTIDX,BSXOPT,SENSEX 22 OCT 71200 PUT,SENSEX,1.0,71200.0,PE,20.0,5.0
1124282,BSE,D,OPTIDX,BSXOPT,SENSEX 22 OCT 76700 CALL,SENSEX,1.0,76700.0,CE,20.0,5.0
1124297,BSE,D,OPTIDX,BSXOPT,SENSEX 22 OCT 79900 CALL,SENSEX,1.0,79900.0,CE,20.0,5.0
1124299,BSE,D,OPTIDX,BSXOPT,SENSEX 22 OCT 78400 CALL,SENSEX,1.0,78400.0,CE,20.0,5.0
1124300,BSE,D,OPTIDX,BSXOPT,SENSEX 22 OCT 82000 PUT,SENSEX,1.0,82000.0,PE,20.0,5.0
1124302,BSE,D,OPTIDX,BSXOPT,SENSEX 22 OCT 69900 PUT,SENSEX,1.0,69900.0,PE,20.0,5.0
1124312,BSE,D,OPTIDX,BSXOPT,SENSEX 26 NOV 69400 CALL,SENSEX,1.0,69400.0,CE,20.0,5.0
1124316,BSE,D,OPTIDX,BSXOPT,SENSEX 22 OCT 74700 CALL,SENSEX,1.0,74700.0,CE,20.0,5.0
1124326,BSE,D,OPTIDX,BSXOPT,SENSEX 22 OCT 73200 CALL,SENSEX,1.0,73200.0,CE,20.0,5.0
1124330,BSE,D,OPTIDX,BSXOPT,SENSEX 15 OCT 69300 CALL,SENSEX,1.0,69300.0,CE,20.0,5.0
1124340,BSE,D,OPTIDX,BSXOPT,SENSEX 22 OCT 81500 PUT,SENSEX,1.0,81500.0,PE,20.0,5.0
1124357,BSE,D,OPTIDX,BSXOPT,SENSEX 22 OCT 80000 PUT,SENSEX,1.0,80000.0,PE,20.0,5.0
1124359,BSE,D,OPTIDX,BSXOPT,SENSEX 22 OCT 78700 PUT,SENSEX,1.0,78700.0,PE,20.0,5.0
1124360,BSE,D,OPTIDX,BSXOPT,SENSEX 22 OCT 77200 PUT,SENSEX,1.0,77200.0,PE,20.0,5.0
1124367,BSE,D,OPTIDX,BSXOPT,SENSEX 22 OCT 81800 CALL,SENSEX,1.0,81800.0,CE,20.0,5.0
1124369,BSE,D,OPTIDX,BSXOPT,SENSEX 17 SEP 69200 CALL,SENSEX,1.0,69200.0,CE,20.0,5.0
1124371,BSE,D,OPTIDX,BSXOPT,SENSEX 22 OCT 80300 CALL,SENSEX,1.0,80300.0,CE,20.0,5.0
1124376,BSE,D,OPTIDX,BSXOPT,SENSEX 22 OCT 69900 CALL,SENSEX,1.0,69900.0,CE,20.0,5.0
1124378,BSE,D,OPTIDX,BSXOPT,SENSEX 22 OCT 73500 PUT,SENSEX,1.0,73500.0,PE,20.0,5.0
1124380,BSE,D,OPTIDX,BSXOPT,SENSEX 22 OCT 72000 PUT,SENSEX,1.0,72000.0,PE,20.0,5.0
1124387,BSE,D,OPTIDX,BSXOPT,SENSEX 22 OCT 77500 CALL,SENSEX,1.0,77500.0,CE,20.0,5.0
1124391,BSE,D,OPTIDX,BSXOPT,SENSEX 01 OCT 69400 CALL,SENSEX,1.0,69400.0,CE,20.0,5.0
1124396,BSE,D,OPTIDX,BSXOPT,SENSEX 22 OCT 79200 CALL,SENSEX,1.0,79200.0,CE,20.0,5.0
1124402,BSE,D,OPTIDX,BSXOPT,SENSEX 29 OCT 69500 CALL,SENSEX,1.0,69500.0,CE,20.0,5.0
1124419,BSE,D,OPTIDX,BSXOPT,SENSEX 22 OCT 69200 PUT,SENSEX,1.0,69200.0,PE,20.0,5.0
1124428,BSE,D,OPTIDX,BSXOPT,SENSEX 22 OCT 73800 CALL,SENSEX,1.0,73800.0,CE,20.0,5.0
1124444,BSE,D,OPTIDX,BSXOPT,SENSEX 25 MAR 82000 CALL,SENSEX,1.0,82000.0,CE,20.0,5.0
1124447,BSE,D,OPTIDX,BSXOPT,SENSEX 22 OCT 75500 CALL,SENSEX,1.0,75500.0,CE,20.0,5.0
1124453,BSE,D,OPTIDX,BSXOPT,SENSEX 17 SEP 69500 PUT,SENSEX,1.0,69500.0,PE,20.0,5.0
1124465,BSE,D,OPTIDX,BSXOPT,SENSEX 22 OCT 80600 PUT,SENSEX,1.0,80600.0,PE,20.0,5.0
1124468,BSE,D,OPTIDX,BSXOPT,SENSEX 22 OCT 74000 CALL,SENSEX,1.0,74000.0,CE,20.0,5.0
1124492,BSE,D,OPTIDX,BSXOPT,SENSEX 22 OCT 71800 CALL,SENSEX,1.0,71800.0,CE,20.0,5.0
1124507,BSE,D,OPTIDX,BSXOPT,SENSEX 22 OCT 77800 PUT,SENSEX,1.0,77800.0,PE,20.0,5.0
1124511,BSE,D,OPTIDX,BSXOPT,SENSEX 22 OCT 70300 CALL,SENSEX,1.0,70300.0,CE,20.0,5.0
1124512,BSE,D,OPTIDX,BSXOPT,SENSEX 22 OCT 79500 PUT,SENSEX,1.0,79500.0,PE,20.0,5.0
1124517,BSE,D,OPTIDX,BSXOPT,SENSEX 22 OCT 78000 PUT,SENSEX,1.0,78000.0,PE,20.0,5.0
1124519,BSE,D,OPTIDX,BSXOPT,SENSEX 22 OCT 82600 CALL,SENSEX,1.0,82600.0,CE,20.0,5.0
1124520,BSE,D,OPTIDX,BSXOPT,SENSEX 22 OCT 81100 CALL,SENSEX,1.0,81100.0,CE,20.0,5.0
1124522,BSE,D,OPTIDX,SX50OPT,SENSEX50 29 OCT 24050 CALL,SENSEX50,47.0,24050.0,CE,75.0,5.0
1124528,BSE,D,OPTIDX,BSXOPT,SENSEX 08 OCT 69300 PUT,SENSEX,1.0,69300.0,PE,20.0,5.0
1124535,BSE,D,OPTIDX,BSXOPT,SENSEX 22 OCT 75800 PUT,SENSEX,1.0,75800.0,PE,20.0,5.0
1124536,BSE,D,OPTIDX,BSXOPT,SENSEX 22 OCT 69200 CALL,SENSEX,1.0,69200.0,CE,20.0,5.0
1124548,BSE,D,OPTIDX,BSXOPT,SENSEX 22 OCT 74300 PUT,SENSEX,1.0,74300.0,PE,20.0,5.0
1124555,BSE,D,OPTIDX,BSXOPT,SENSEX 22 OCT 79800 CALL,SENSEX,1.0,79800.0,CE,20.0,5.0
1124565,BSE,D,OPTIDX,BSXOPT,SENSEX 22 OCT 78300 CALL,SENSEX,1.0,78300.0,CE,20.0,5.0
1124574,BSE,D,OPTIDX,BSXOPT,SENSEX 17 SEP 69500 CALL,SENSEX,1.0,69500.0,CE,20.0,5.0
1124580,BSE,D,OPTIDX,BSXOPT,SENSEX 22 OCT 70600 PUT,SENSEX,1.0,70600.0,PE,20.0,5.0
1124585,BSE,D,OPTIDX,BSXOPT,SENSEX 22 OCT 74600 CALL,SENSEX,1.0,74600.0,CE,20.0,5.0
1124588,BSE,D,OPTIDX,BSXOPT,SENSEX 22 OCT 77800 CALL,SENSEX,1.0,77800.0,CE,20.0,5.0
1124590,BSE,D,OPTIDX,BSXOPT,SENSEX 22 OCT 82900 PUT,SENSEX,1.0,82900.0,PE,20.0,5.0
1124593,BSE,D,OPTIDX,BSXOPT,SENSEX 22 OCT 76300 CALL,SENSEX,1.0,76300.0,CE,20.0,5.0
1124598,BSE,D,OPTIDX,BSXOPT,SENSEX 22 OCT 81400 PUT,SENSEX,1.0,81400.0,PE,20.0,5.0
1124609,BSE,D,OPTIDX,BSXOPT,SENSEX 22 OCT 70900 CALL,SENSEX,1.0,70900.0,CE,20.0,5.0
1124612,BSE,D,OPTIDX,BSXOPT,SENSEX 22 OCT 69500 PUT,SENSEX,1.0,69500.0,PE,20.0,5.0
1124625,BSE,D,OPTIDX,BSXOPT,SENSEX 22 OCT 72600 CALL,SENSEX,1.0,72600.0,CE,20.0,5.0
1124628,BSE,D,OPTIDX,BSXOPT,SENSEX 22 OCT 78600 PUT,SENSEX,1.0,78600.0,PE,20.0,5.0
1124629,BSE,D,OPTIDX,BSXOPT,SENSEX 22 OCT 71100 CALL,SENSEX,1.0,71100.0,CE,20.0,5.0
1124645,BSE,D,OPTIDX,BSXOPT,SENSEX 22 OCT 69800 CALL,SENSEX,1.0,69800.0,CE,20.0,5.0
1124646,BSE,D,OPTIDX,BSXOPT,SENSEX 22 OCT 74900 PUT,SENSEX,1.0,74900.0,PE,20.0,5.0
1124649,BSE,D,OPTIDX,BSXOPT,SENSEX 01 OCT 69300 CALL,SENSEX,1.0,69300.0,CE,20.0,5.0
1124652,BSE,D,OPTIDX,BSXOPT,SENSEX 22 OCT 76600 PUT,SENSEX,1.0,76600.0,PE,20.0,5.0
1124661,BSE,D,OPTIDX,BSXOPT,SENSEX 22 OCT 75100 PUT,SENSEX,1.0,75100.0,PE,20.0,5.0
1124667,BSE,D,OPTIDX,BSXOPT,SENSEX 22 OCT 79100 CALL,SENSEX,1.0,79100.0,CE,20.0,5.0
1124669,BSE,D,OPTIDX,BSXOPT,SENSEX 29 OCT 69400 CALL,SENSEX,1.0,69400.0,CE,20.0,5.0
1124684,BSE,D,OPTIDX,BSXOPT,SENSEX 22 OCT 72900 PUT,SENSEX,1.0,72900.0,PE,20.0,5.0
1124688,BSE,D,OPTIDX,BSXOPT,SENSEX 22 OCT 71400 PUT,SENSEX,1.0,71400.0,PE,20.0,5.0
1124690,BSE,D,OPTIDX,BSXOPT,SENSEX 22 OCT 76900 CALL,SENSEX,1.0,76900.0,CE,20.0,5.0
1124691,BSE,D,OPTIDX,BSXOPT,SENSEX 26 NOV 69300 PUT,SENSEX,1.0,69300.0,PE,20.0,5.0
1124699,BSE,D,OPTIDX,BSXOPT,SENSEX 22 OCT 75400 CALL,SENSEX,1.0,75400.0,CE,20.0,5.0
1124706,BSE,D,OPTIDX,BSXOPT,SENSEX 22 OCT 78600 CALL,SENSEX,1.0,78600.0,CE,20.0,5.0
1124712,BSE,D,OPTIDX,BSXOPT,SENSEX 15 OCT 69200 PUT,SENSEX,1.0,69200.0,PE,20.0,5.0
1124714,BSE,D,OPTIDX,BSXOPT,SENSEX 22 OCT 77100 CALL,SENSEX,1.0,77100.0,CE,20.0,5.0
1124719,BSE,D,OPTIDX,BSXOPT,SENSEX 22 OCT 82200 PUT,SENSEX,1.0,82200.0,PE,20.0,5.0
1124731,BSE,D,OPTIDX,BSXOPT,SENSEX 22 OCT 71700 CALL,SENSEX,1.0,71700.0,CE,20.0,5.0
1124733,BSE,D,OPTIDX,BSXOPT,SENSEX 22 OCT 70200 CALL,SENSEX,1.0,70200.0,CE,20.0,5.0
1124739,BSE,D,OPTIDX,BSXOPT,SENSEX 22 OCT 74900 CALL,SENSEX,1.0,74900.0,CE,20.0,5.0
1124742,BSE,D,OPTIDX,BSXOPT,SENSEX 22 OCT 73400 CALL,SENSEX,1.0,73400.0,CE,20.0,5.0
1124746,BSE,D,OPTIDX,BSXOPT,SENSEX 22 OCT 79400 PUT,SENSEX,1.0,79400.0,PE,20.0,5.0
1124749,BSE,D,OPTIDX,BSXOPT,SENSEX 15 OCT 69500 CALL,SENSEX,1.0,69500.0,CE,20.0,5.0
1124760,BSE,D,OPTIDX,BSXOPT,SENSEX 22 OCT 75700 PUT,SENSEX,1.0,75700.0,PE,20.0,5.0
1124775,BSE,D,OPTIDX,BSXOPT,SENSEX 22 OCT 78900 PUT,SENSEX,1.0,78900.0,PE,20.0,5.0
1124780,BSE,D,OPTIDX,BSXOPT,SENSEX 22 OCT 77400 PUT,SENSEX,1.0,77400.0,PE,20.0,5.0
1124805,BSE,D,OPTIDX,BSXOPT,SENSEX 25 MAR 82000 PUT,SENSEX,1.0,82000.0,PE,20.0,5.0
1124806,BSE,D,OPTIDX,BSXOPT,SENSEX 17 SEP 69400 CALL,SENSEX,1.0,69400.0,CE,20.0,5.0
1124815,BSE,D,OPTIDX,BSXOPT,SENSEX 22 OCT 80500 CALL,SENSEX,1.0,80500.0,CE,20.0,5.0
1124847,BSE,D,OPTIDX,BSXOPT,SENSEX 22 OCT 73700 PUT,SENSEX,1.0,73700.0,PE,20.0,5.0
1124857,BSE,D,OPTIDX,BSXOPT,SENSEX 22 OCT 72200 PUT,SENSEX,1.0,72200.0,PE,20.0,5.0
1124862,BSE,D,OPTIDX,BSXOPT,SENSEX 22 OCT 77700 CALL,SENSEX,1.0,77700.0,CE,20.0,5.0
1124868,BSE,D,OPTIDX,BSXOPT,SENSEX 22 OCT 76200 CALL,SENSEX,1.0,76200.0,CE,20.0,5.0
1124871,BSE,D,OPTIDX,BSXOPT,SENSEX 22 OCT 79400 CALL,SENSEX,1.0,79400.0,CE,20.0,5.0
1124872,BSE,D,OPTIDX,BSXOPT,SENSEX 22 OCT 83000 PUT,SENSEX,1.0,83000.0,PE,20.0,5.0
1124876,BSE,D,OPTIDX,BSXOPT,SENSEX 22 OCT 69400 PUT,SENSEX,1.0,69400.0,PE,20.0,5.0
1124878,BSE,D,OPTIDX,BSXOPT,SENSEX 08 OCT 69200 CALL,SENSEX,1.0,69200.0,CE,20.0,5.0
1124882,BSE,D,OPTIDX,BSXOPT,SENSEX 22 OCT 72500 CALL,SENSEX,1.0,72500.0,CE,20.0,5.0
1124888,BSE,D,OPTIDX,BSXOPT,SENSEX 22 OCT 71000 CALL,SENSEX,1.0,71000.0,CE,20.0,5.0
1124905,BSE,D,OPTIDX,BSXOPT,SENSEX 22 OCT 75700 CALL,SENSEX,1.0,75700.0,CE,20.0,5.0
1124916,BSE,D,OPTIDX,BSXOPT,SENSEX 22 OCT 80800 PUT,SENSEX,1.0,80800.0,PE,20.0,5.0
1124917,BSE,D,OPTIDX,BSXOPT,SENSEX 22 OCT 74200 CALL,SENSEX,1.0,74200.0,CE,20.0,5.0
1124936,BSE,D,OPTIDX,BSXOPT,SENSEX 22 OCT 70500 CALL,SENSEX,1.0,70500.0,CE,20.0,5.0
1124944,BSE,D,OPTIDX,BSXOPT,SENSEX 22 OCT 76500 PUT,SENSEX,1.0,76500.0,PE,20.0,5.0
1124947,BSE,D,OPTIDX,SX50OPT,SENSEX50 26 NOV 24000 CALL,SENSEX50,47.0,24000.0,CE,75.0,5.0
1124949,BSE,D,OPTIDX,BSXOPT,SENSEX 22 OCT 79700 PUT,SENSEX,1.0,79700.0,PE,20.0,5.0
1124954,BSE,D,OPTIDX,BSXOPT,SENSEX 22 OCT 78200 PUT,SENSEX,1.0,78200.0,PE,20.0,5.0
1124959,BSE,D,OPTIDX,BSXOPT,SENSEX 22 OCT 82800 CALL,SENSEX,1.0,82800.0,CE,20.0,5.0
1124972,BSE,D,OPTIDX,BSXOPT,SENSEX 22 OCT 81300 CALL,SENSEX,1.0,81300.0,CE,20.0,5.0
1124973,BSE,D,OPTIDX,BSXOPT,SENSEX 08 OCT 69500 PUT,SENSEX,1.0,69500.0,PE,20.0,5.0
1124979,BSE,D,OPTIDX,BSXOPT,SENSEX 22 OCT 72800 PUT,SENSEX,1.0,72800.0,PE,20.0,5.0
1125000,BSE,D,OPTIDX,BSXOPT,SENSEX 26 NOV 69200 PUT,SENSEX,1.0,69200.0,PE,20.0,5.0
1125006,BSE,D,OPTIDX,BSXOPT,SENSEX 22 OCT 74500 PUT,SENSEX,1.0,74500.0,PE,20.0,5.0
1125009,BSE,D,OPTIDX,BSXOPT,SENSEX 22 OCT 73000 PUT,SENSEX,1.0,73000.0,PE,20.0,5.0
1125014,BSE,D,OPTIDX,BSXOPT,SENSEX 22 OCT 78500 CALL,SENSEX,1.0,78500.0,CE,20.0,5.0
1125019,BSE,D,OPTIDX,BSXOPT,SENSEX 22 OCT 77000 CALL,SENSEX,1.0,77000.0,CE,20.0,5.0
1125054,BSE,D,OPTIDX,BSXOPT,SENSEX 22 OCT 70800 PUT,SENSEX,1.0,70800.0,PE,20.0,5.0
1125083,BSE,D,OPTIDX,BSXOPT,SENSEX 22 OCT 74800 CALL,SENSEX,1.0,74800.0,CE,20.0,5.0
1125084,BSE,D,OPTIDX,BSXOPT,SENSEX 22 OCT 73300 CALL,SENSEX,1.0,73300.0,CE,20.0,5.0
1125086,BSE,D,OPTIDX,BSXOPT,SENSEX 22 OCT 76500 CALL,SENSEX,1.0,76500.0,CE,20.0,5.0
1125089,BSE,D,OPTIDX,BSXOPT,SENSEX 22 OCT 81600 PUT,SENSEX,1.0,81600.0,PE,20.0,5.0
1125097,BSE,D,OPTIDX,BSXOPT,SENSEX 22 OCT 75000 CALL,SENSEX,1.0,75000.0,CE,20.0,5.0
1125100,BSE,D,OPTIDX,BSXOPT,SENSEX 22 OCT 80100 PUT,SENSEX,1.0,80100.0,PE,20.0,5.0
1125102,BSE,D,OPTIDX,BSXOPT,SENSEX 22 OCT 69700 PUT,SENSEX,1.0,69700.0,PE,20.0,5.0
1125106,BSE,D,OPTIDX,BSXOPT,SENSEX 22 OCT 72800 CALL,SENSEX,1.0,72800.0,CE,20.0,5.0
1125109,BSE,D,OPTIDX,BSXOPT,SENSEX 22 OCT 78800 PUT,SENSEX,1.0,78800.0,PE,20.0,5.0
1125117,BSE,D,OPTIDX,BSXOPT,SENSEX 22 OCT 71300 CALL,SENSEX,1.0,71300.0,CE,20.0,5.0
1125121,BSE,D,OPTIDX,BSXOPT,SENSEX 22 OCT 77300 PUT,SENSEX,1.0,77300.0,PE,20.0,5.0
1125127,BSE,D,OPTIDX,BSXOPT,SENSEX 01 OCT 69200 PUT,SENSEX,1.0,69200.0,PE,20.0,5.0
1125128,BSE,D,OPTIDX,BSXOPT,SENSEX 26 NOV 69200 CALL,SENSEX,1.0,69200.0,CE,20.0,5.0
1125129,BSE,D,OPTIDX,BSXOPT,SENSEX 22 OCT 81900 CALL,SENSEX,1.0,81900.0,CE,20.0,5.0
1125130,BSE,D,OPTIDX,BSXOPT,SENSEX 22 OCT 80400 CALL,SENSEX,1.0,80400.0,CE,20.0,5.0
1125134,BSE,D,OPTIDX,BSXOPT,SENSEX 25 MAR 81000 CALL,SENSEX,1.0,81000.0,CE,20.0,5.0
1125136,BSE,D,OPTIDX,BSXOPT,SENSEX 22 OCT 79000 PUT,SENSEX,1.0,79000.0,PE,20.0,5.0
1125137,BSE,D,OPTIDX,BSXOPT,SENSEX 29 OCT 69300 PUT,SENSEX,1.0,69300.0,PE,20.0,5.0
1125145,BSE,D,OPTIDX,BSXOPT,SENSEX 22 OCT 82100 CALL,SENSEX,1.0,82100.0,CE,20.0,5.0
1125157,BSE,D,OPTIDX,BSXOPT,SENSEX 22 OCT 73600 PUT,SENSEX,1.0,73600.0,PE,20.0,5.0
1125161,BSE,D,OPTIDX,BSXOPT,SENSEX 01 OCT 69500 CALL,SENSEX,1.0,69500.0,CE,20.0,5.0
1125167,BSE,D,OPTIDX,BSXOPT,SENSEX 22 OCT 76800 PUT,SENSEX,1.0,76800.0,PE,20.0,5.0
1125171,BSE,D,OPTIDX,BSXOPT,SENSEX 22 OCT 75300 PUT,SENSEX,1.0,75300.0,PE,20.0,5.0
1125178,BSE,D,OPTIDX,BSXOPT,SENSEX 22 OCT 79300 CALL,SENSEX,1.0,79300.0,CE,20.0,5.0
1125185,BSE,D,OPTIDX,BSXOPT,SENSEX 22 OCT 71600 PUT,SENSEX,1.0,71600.0,PE,20.0,5.0
1125192,BSE,D,OPTIDX,BSXOPT,SENSEX 22 OCT 70100 PUT,SENSEX,1.0,70100.0,PE,20.0,5.0
1125193,BSE,D,OPTIDX,BSXOPT,SENSEX 26 NOV 69500 PUT,SENSEX,1.0,69500.0,PE,20.0,5.0
1125201,BSE,D,OPTIDX,BSXOPT,SENSEX 22 OCT 75600 CALL,SENSEX,1.0,75600.0,CE,20.0,5.0
1125203,BSE,D,OPTIDX,BSXOPT,SENSEX 22 OCT 74100 CALL,SENSEX,1.0,74100.0,CE,20.0,5.0
1125205,BSE,D,OPTIDX,BSXOPT,SENSEX 22 OCT 77300 CALL,SENSEX,1.0,77300.0,CE,20.0,5.0
1125216,BSE,D,OPTIDX,BSXOPT,SENSEX 22 OCT 82400 PUT,SENSEX,1.0,82400.0,PE,20.0,5.0
1125231,BSE,D,OPTIDX,BSXOPT,SENSEX 22 OCT 71900 CALL,SENSEX,1.0,71900.0,CE,20.0,5.0
1125236,BSE,D,OPTIDX,BSXOPT,SENSEX 22 OCT 70400 CALL,SENSEX,1.0,70400.0,CE,20.0,5.0
1125254,BSE,D,OPTIDX,BSXOPT,SENSEX 22 OCT 73600 CALL,SENSEX,1.0,73600.0,CE,20.0,5.0
1125261,BSE,D,OPTIDX,BSXOPT,SENSEX 22 OCT 79600 PUT,SENSEX,1.0,79600.0,PE,20.0,5.0
1125263,BSE,D,OPTIDX,BSXOPT,SENSEX 22 OCT 72100 CALL,SENSEX,1.0,72100.0,CE,20.0,5.0
1125268,BSE,D,OPTIDX,BSXOPT,SENSEX 22 OCT 78100 PUT,SENSEX,1.0,78100.0,PE,20.0,5.0
1125279,BSE,D,OPTIDX,SX50OPT,SENSEX50 29 OCT 24000 PUT,SENSEX50,47.0,24000.0,PE,75.0,5.0
1125281,BSE,D,OPTIDX,BSXOPT,SENSEX 22 OCT 82700 CALL,SENSEX,1.0,82700.0,CE,20.0,5.0
1125286,BSE,D,OPTIDX,BSXOPT,SENSEX 22 OCT 81200 CALL,SENSEX,1.0,81200.0,CE,20.0,5.0
1125292,BSE,D,OPTIDX,BSXOPT,SENSEX 17 SEP 69300 PUT,SENSEX,1.0,69300.0,PE,20.0,5.0
1125308,BSE,D,OPTIDX,BSXOPT,SENSEX 22 OCT 75900 PUT,SENSEX,1.0,75900.0,PE,20.0,5.0
1125311,BSE,D,OPTIDX,BSXOPT,SENSEX 22 OCT 69300 CALL,SENSEX,1.0,69300.0,CE,20.0,5.0
1125316,BSE,D,OPTIDX,BSXOPT,SENSEX 22 OCT 74400 PUT,SENSEX,1.0,74400.0,PE,20.0,5.0
1125330,BSE,D,OPTIDX,SX50OPT,SENSEX50 26 NOV 24050 PUT,SENSEX50,47.0,24050.0,PE,75.0,5.0
1125333,BSE,D,OPTIDX,BSXOPT,SENSEX 22 OCT 77600 PUT,SENSEX,1.0,77600.0,PE,20.0,5.0
1125335,BSE,D,OPTIDX,BSXOPT,SENSEX 22 OCT 76100 PUT,SENSEX,1.0,76100.0,PE,20.0,5.0
1125337,BSE,D,OPTIDX,BSXOPT,SENSEX 22 OCT 80700 CALL,SENSEX,1.0,80700.0,CE,20.0,5.0
1125343,BSE,D,OPTIDX,BSXOPT,SENSEX 22 OCT 70700 PUT,SENSEX,1.0,70700.0,PE,20.0,5.0
1125354,BSE,D,OPTIDX,BSXOPT,SENSEX 22 OCT 73900 PUT,SENSEX,1.0,73900.0,PE,20.0,5.0
1125366,BSE,D,OPTIDX,BSXOPT,SENSEX 22 OCT 72400 PUT,SENSEX,1.0,72400.0,PE,20.0,5.0
1125367,BSE,D,OPTIDX,BSXOPT,SENSEX 22 OCT 77900 CALL,SENSEX,1.0,77900.0,CE,20.0,5.0
1125368,BSE,D,OPTIDX,BSXOPT,SENSEX 22 OCT 76400 CALL,SENSEX,1.0,76400.0,CE,20.0,5.0
1125379,BSE,D,OPTIDX,BSXOPT,SENSEX 22 OCT 78100 CALL,SENSEX,1.0,78100.0,CE,20.0,5.0
1125382,BSE,D,OPTIDX,BSXOPT,SENSEX 22 OCT 83200 PUT,SENSEX,1.0,83200.0,PE,20.0,5.0
1125383,BSE,D,OPTIDX,SX50OPT,SENSEX50 29 OCT 24000 CALL,SENSEX50,47.0,24000.0,CE,75.0,5.0
1125388,BSE,D,OPTIDX,BSXOPT,SENSEX 22 OCT 69600 PUT,SENSEX,1.0,69600.0,PE,20.0,5.0
1125406,BSE,D,OPTIDX,BSXOPT,SENSEX 08 OCT 69400 CALL,SENSEX,1.0,69400.0,CE,20.0,5.0
1125413,BSE,D,OPTIDX,BSXOPT,SENSEX 22 OCT 72700 CALL,SENSEX,1.0,72700.0,CE,20.0,5.0
1125419,BSE,D,OPTIDX,BSXOPT,SENSEX 22 OCT 71200 CALL,SENSEX,1.0,71200.0,CE,20.0,5.0
1125427,BSE,D,OPTIDX,BSXOPT,SENSEX 22 OCT 74400 CALL,SENSEX,1.0,74400.0,CE,20.0,5.0
1125428,BSE,D,OPTIDX,BSXOPT,SENSEX 29 OCT 69200 PUT,SENSEX,1.0,69200.0,PE,20.0,5.0
1125429,BSE,D,OPTIDX,BSXOPT,SENSEX 22 OCT 82000 CALL,SENSEX,1.0,82000.0,CE,20.0,5.0
1125432,BSE,D,OPTIDX,BSXOPT,SENSEX 22 OCT 70700 CALL,SENSEX,1.0,70700.0,CE,20.0,5.0
1125442,BSE,D,OPTIDX,BSXOPT,SENSEX 22 OCT 76700 PUT,SENSEX,1.0,76700.0,PE,20.0,5.0
1125445,BSE,D,OPTIDX,BSXOPT,SENSEX 22 OCT 75200 PUT,SENSEX,1.0,75200.0,PE,20.0,5.0
1125449,BSE,D,OPTIDX,BSXOPT,SENSEX 22 OCT 78400 PUT,SENSEX,1.0,78400.0,PE,20.0,5.0
1125462,BSE,D,OPTIDX,BSXOPT,SENSEX 22 OCT 81500 CALL,SENSEX,1.0,81500.0,CE,20.0,5.0
1125464,BSE,D,OPTIDX,BSXOPT,SENSEX 22 OCT 80000 CALL,SENSEX,1.0,80000.0,CE,20.0,5.0
1125469,BSE,D,OPTIDX,BSXOPT,SENSEX 22 OCT 71500 PUT,SENSEX,1.0,71500.0,PE,20.0,5.0
1125470,BSE,D,OPTIDX,BSXOPT,SENSEX 22 OCT 70000 PUT,SENSEX,1.0,70000.0,PE,20.0,5.0
1125475,BSE,D,OPTIDX,BSXOPT,SENSEX 26 NOV 69400 PUT,SENSEX,1.0,69400.0,PE,20.0,5.0
1125478,BSE,D,OPTIDX,BSXOPT,SENSEX 22 OCT 74700 PUT,SENSEX,1.0,74700.0,PE,20.0,5.0
1125481,BSE,D,OPTIDX,BSXOPT,SENSEX 22 OCT 73200 PUT,SENSEX,1.0,73200.0,PE,20.0,5.0
1125493,BSE,D,OPTIDX,BSXOPT,SENSEX 22 OCT 78700 CALL,SENSEX,1.0,78700.0,CE,20.0,5.0
1125495,BSE,D,OPTIDX,BSXOPT,SENSEX 15 OCT 69300 PUT,SENSEX,1.0,69300.0,PE,20.0,5.0
1125501,BSE,D,OPTIDX,BSXOPT,SENSEX 22 OCT 77200 CALL,SENSEX,1.0,77200.0,CE,20.0,5.0
1125505,BSE,D,OPTIDX,BSXOPT,SENSEX 22 OCT 82300 PUT,SENSEX,1.0,82300.0,PE,20.0,5.0
1125509,BSE,D,OPTIDX,BSXOPT,SENSEX 22 OCT 73500 CALL,SENSEX,1.0,73500.0,CE,20.0,5.0
1125510,BSE,D,OPTIDX,BSXOPT,SENSEX 22 OCT 72000 CALL,SENSEX,1.0,72000.0,CE,20.0,5.0
1125513,BSE,D,OPTIDX,BSXOPT,SENSEX 22 OCT 81800 PUT,SENSEX,1.0,81800.0,PE,20.0,5.0
1125524,BSE,D,OPTIDX,BSXOPT,SENSEX 22 OCT 75200 CALL,SENSEX,1.0,75200.0,CE,20.0,5.0
1125526,BSE,D,OPTIDX,BSXOPT,SENSEX 25 MAR 81000 PUT,SENSEX,1.0,81000.0,PE,20.0,5.0
1125532,BSE,D,OPTIDX,BSXOPT,SENSEX 17 SEP 69200 PUT,SENSEX,1.0,69200.0,PE,20.0,5.0
1125536,BSE,D,OPTIDX,BSXOPT,SENSEX 22 OCT 80300 PUT,SENSEX,1.0,80300.0,PE,20.0,5.0
1125541,BSE,D,OPTIDX,BSXOPT,SENSEX 22 OCT 71500 CALL,SENSEX,1.0,71500.0,CE,20.0,5.0
1125542,BSE,D,OPTIDX,BSXOPT,SENSEX 22 OCT 77500 PUT,SENSEX,1.0,77500.0,PE,20.0,5.0
1125544,BSE,D,OPTIDX,BSXOPT,SENSEX 22 OCT 70000 CALL,SENSEX,1.0,70000.0,CE,20.0,5.0
1125546,BSE,D,OPTIDX,BSXOPT,SENSEX 01 OCT 69400 PUT,SENSEX,1.0,69400.0,PE,20.0,5.0
1125548,BSE,D,OPTIDX,BSXOPT,SENSEX 22 OCT 76000 PUT,SENSEX,1.0,76000.0,PE,20.0,5.0
1125550,BSE,D,OPTIDX,BSXOPT,SENSEX 22 OCT 80600 CALL,SENSEX,1.0,80600.0,CE,20.0,5.0
1125554,BSE,D,OPTIDX,BSXOPT,SENSEX 22 OCT 79200 PUT,SENSEX,1.0,79200.0,PE,20.0,5.0
1125558,BSE,D,OPTIDX,BSXOPT,SENSEX 29 OCT 69500 PUT,SENSEX,1.0,69500.0,PE,20.0,5.0
1125577,BSE,D,OPTIDX,BSXOPT,SENSEX 22 OCT 82300 CALL,SENSEX,1.0,82300.0,CE,20.0,5.0
1125579,BSE,D,OPTIDX,BSXOPT,SENSEX 22 OCT 73800 PUT,SENSEX,1.0,73800.0,PE,20.0,5.0
1125585,BSE,D,OPTIDX,BSXOPT,SENSEX 22 OCT 72300 PUT,SENSEX,1.0,72300.0,PE,20.0,5.0
1125591,BSE,D,OPTIDX,BSXOPT,SENSEX 22 OCT 75500 PUT,SENSEX,1.0,75500.0,PE,20.0,5.0
1125600,BSE,D,OPTIDX,BSXOPT,SENSEX 22 OCT 74000 PUT,SENSEX,1.0,74000.0,PE,20.0,5.0
1125603,BSE,D,OPTIDX,BSXOPT,SENSEX 22 OCT 79500 CALL,SENSEX,1.0,79500.0,CE,20.0,5.0
1125611,BSE,D,OPTIDX,BSXOPT,SENSEX 22 OCT 78000 CALL,SENSEX,1.0,78000.0,CE,20.0,5.0
1125612,BSE,D,OPTIDX,BSXOPT,SENSEX 22 OCT 83100 PUT,SENSEX,1.0,83100.0,PE,20.0,5.0
1125615,BSE,D,OPTIDX,BSXOPT,SENSEX 08 OCT 69300 CALL,SENSEX,1.0,69300.0,CE,20.0,5.0
1125617,BSE,D,OPTIDX,BSXOPT,SENSEX 22 OCT 71800 PUT,SENSEX,1.0,71800.0,PE,20.0,5.0
1125618,BSE,D,OPTIDX,BSXOPT,SENSEX 22 OCT 70300 PUT,SENSEX,1.0,70300.0,PE,20.0,5.0
1125619,BSE,D,OPTIDX,BSXOPT,SENSEX 22 OCT 75800 CALL,SENSEX,1.0,75800.0,CE,20.0,5.0
1125627,BSE,D,OPTIDX,BSXOPT,SENSEX 22 OCT 80900 PUT,SENSEX,1.0,80900.0,PE,20.0,5.0
1125634,BSE,D,OPTIDX,BSXOPT,SENSEX 22 OCT 74300 CALL,SENSEX,1.0,74300.0,CE,20.0,5.0
1125636,BSE,D,OPTIDX,BSXOPT,SENSEX 22 OCT 82600 PUT,SENSEX,1.0,82600.0,PE,20.0,5.0
1125637,BSE,D,OPTIDX,BSXOPT,SENSEX 22 OCT 76000 CALL,SENSEX,1.0,76000.0,CE,20.0,5.0
1125638,BSE,D,OPTIDX,BSXOPT,SENSEX 22 OCT 81100 PUT,SENSEX,1.0,81100.0,PE,20.0,5.0
1125640,BSE,D,OPTIDX,SX50OPT,SENSEX50 29 OCT 24050 PUT,SENSEX50,47.0,24050.0,PE,75.0,5.0
1125641,BSE,D,OPTIDX,BSXOPT,SENSEX 22 OCT 70600 CALL,SENSEX,1.0,70600.0,CE,20.0,5.0
1125651,BSE,D,OPTIDX,BSXOPT,SENSEX 22 OCT 79800 PUT,SENSEX,1.0,79800.0,PE,20.0,5.0
1125655,BSE,D,OPTIDX,BSXOPT,SENSEX 22 OCT 72300 CALL,SENSEX,1.0,72300.0,CE,20.0,5.0
1125662,BSE,D,OPTIDX,BSXOPT,SENSEX 22 OCT 78300 PUT,SENSEX,1.0,78300.0,PE,20.0,5.0
1125688,BSE,D,OPTIDX,BSXOPT,SENSEX 22 OCT 82900 CALL,SENSEX,1.0,82900.0,CE,20.0,5.0
1125691,BSE,D,OPTIDX,BSXOPT,SENSEX 22 OCT 81400 CALL,SENSEX,1.0,81400.0,CE,20.0,5.0
1125702,BSE,D,OPTIDX,BSXOPT,SENSEX 22 OCT 83100 CALL,SENSEX,1.0,83100.0,CE,20.0,5.0
1125703,BSE,D,OPTIDX,BSXOPT,SENSEX 22 OCT 69500 CALL,SENSEX,1.0,69500.0,CE,20.0,5.0
1125704,BSE,D,OPTIDX,BSXOPT,SENSEX 22 OCT 74600 PUT,SENSEX,1.0,74600.0,PE,20.0,5.0
1125706,BSE,D,OPTIDX,BSXOPT,SENSEX 22 OCT 73100 PUT,SENSEX,1.0,73100.0,PE,20.0,5.0
1125707,BSE,D,OPTIDX,BSXOPT,SENSEX 22 OCT 76300 PUT,SENSEX,1.0,76300.0,PE,20.0,5.0
1125716,BSE,D,OPTIDX,BSXOPT,SENSEX 22 OCT 80900 CALL,SENSEX,1.0,80900.0,CE,20.0,5.0
1125719,BSE,D,OPTIDX,BSXOPT,SENSEX 22 OCT 70900 PUT,SENSEX,1.0,70900.0,PE,20.0,5.0
1125732,BSE,D,OPTIDX,BSXOPT,SENSEX 22 OCT 72600 PUT,SENSEX,1.0,72600.0,PE,20.0,5.0
1125739,BSE,D,OPTIDX,BSXOPT,SENSEX 22 OCT 71100 PUT,SENSEX,1.0,71100.0,PE,20.0,5.0
1125741,BSE,D,OPTIDX,BSXOPT,SENSEX 22 OCT 76600 CALL,SENSEX,1.0,76600.0,CE,20.0,5.0
1125745,BSE,D,OPTIDX,BSXOPT,SENSEX 22 OCT 81700 PUT,SENSEX,1.0,81700.0,PE,20.0,5.0
1125751,BSE,D,OPTIDX,BSXOPT,SENSEX 22 OCT 75100 CALL,SENSEX,1.0,75100.0,CE,20.0,5.0
1125755,BSE,D,OPTIDX,BSXOPT,SENSEX 22 OCT 80200 PUT,SENSEX,1.0,80200.0,PE,20.0,5.0
1125775,BSE,D,OPTIDX,BSXOPT,SENSEX 22 OCT 83400 PUT,SENSEX,1.0,83400.0,PE,20.0,5.0
1125864,BSE,D,OPTIDX,BSXOPT,SENSEX 22 OCT 83300 PUT,SENSEX,1.0,83300.0,PE,20.0,5.0
1125963,BSE,D,OPTIDX,BSXOPT,SENSEX 22 OCT 83500 PUT,SENSEX,1.0,83500.0,PE,20.0,5.0
1126044,BSE,D,OPTIDX,BSXOPT,SENSEX 22 OCT 83400 CALL,SENSEX,1.0,83400.0,CE,20.0,5.0
1126100,BSE,D,OPTIDX,BSXOPT,SENSEX 22 OCT 83300 CALL,SENSEX,1.0,83300.0,CE,20.0,5.0
1126247,BSE,D,OPTIDX,BSXOPT,SENSEX 22 OCT 83500 CALL,SENSEX,1.0,83500.0,CE,20.0,5.0
1126368,BSE,D,OPTIDX,BSXOPT,SENSEX 17 SEP 69100 CALL,SENSEX,1.0,69100.0,CE,20.0,5.0
1126390,BSE,D,OPTIDX,BSXOPT,SENSEX 22 OCT 69100 PUT,SENSEX,1.0,69100.0,PE,20.0,5.0
1126450,BSE,D,OPTIDX,SX50OPT,SENSEX50 26 NOV 23950 CALL,SENSEX50,47.0,23950.0,CE,75.0,5.0
1126455,BSE,D,OPTIDX,BSXOPT,SENSEX 15 OCT 69100 CALL,SENSEX,1.0,69100.0,CE,20.0,5.0
1126555,BSE,D,OPTIDX,BSXOPT,SENSEX 08 OCT 69100 PUT,SENSEX,1.0,69100.0,PE,20.0,5.0
1126587,BSE,D,OPTIDX,SX50OPT,SENSEX50 29 OCT 23950 PUT,SENSEX50,47.0,23950.0,PE,75.0,5.0
1126654,BSE,D,OPTIDX,SX50OPT,SENSEX50 29 OCT 23950 CALL,SENSEX50,47.0,23950.0,CE,75.0,5.0
1126678,BSE,D,OPTIDX,BSXOPT,SENSEX 26 NOV 69100 PUT,SENSEX,1.0,69100.0,PE,20.0,5.0
1126821,BSE,D,OPTIDX,BSXOPT,SENSEX 29 OCT 69100 PUT,SENSEX,1.0,69100.0,PE,20.0,5.0
1126876,BSE,D,OPTIDX,BSXOPT,SENSEX 17 SEP 69100 PUT,SENSEX,1.0,69100.0,PE,20.0,5.0
1126901,BSE,D,OPTIDX,BSXOPT,SENSEX 22 OCT 69100 CALL,SENSEX,1.0,69100.0,CE,20.0,5.0
1126950,BSE,D,OPTIDX,SX50OPT,SENSEX50 26 NOV 23950 PUT,SENSEX50,47.0,23950.0,PE,75.0,5.0
1126957,BSE,D,OPTIDX,BSXOPT,SENSEX 15 OCT 69100 PUT,SENSEX,1.0,69100.0,PE,20.0,5.0
1127026,BSE,D,OPTIDX,BSXOPT,SENSEX 08 OCT 69100 CALL,SENSEX,1.0,69100.0,CE,20.0,5.0
1127131,BSE,D,OPTIDX,BSXOPT,SENSEX 01 OCT 69100 PUT,SENSEX,1.0,69100.0,PE,20.0,5.0
1127132,BSE,D,OPTIDX,BSXOPT,SENSEX 26 NOV 69100 CALL,SENSEX,1.0,69100.0,CE,20.0,5.0
1127165,BSE,D,OPTIDX,BSXOPT,SENSEX 01 OCT 69100 CALL,SENSEX,1.0,69100.0,CE,20.0,5.0
1127227,BSE,D,OPTIDX,BSXOPT,SENSEX 29 OCT 69100 CALL,SENSEX,1.0,69100.0,CE,20.0,5.0
1127242,BSE,D,OPTIDX,BSXOPT,SENSEX 01 OCT 68800 PUT,SENSEX,1.0,68800.0,PE,20.0,5.0
1127244,BSE,D,OPTIDX,SX50OPT,SENSEX50 26 NOV 23850 PUT,SENSEX50,47.0,23850.0,PE,75.0,5.0
1127269,BSE,D,OPTIDX,BSXOPT,SENSEX 08 OCT 69000 PUT,SENSEX,1.0,69000.0,PE,20.0,5.0
1127283,BSE,D,OPTIDX,BSXOPT,SENSEX 17 SEP 69000 PUT,SENSEX,1.0,69000.0,PE,20.0,5.0
1127310,BSE,D,OPTIDX,BSXOPT,SENSEX 15 OCT 68700 PUT,SENSEX,1.0,68700.0,PE,20.0,5.0
1127313,BSE,D,OPTIDX,BSXOPT,SENSEX 24 SEP 68700 PUT,SENSEX,1.0,68700.0,PE,20.0,5.0
1127344,BSE,D,OPTIDX,BSXOPT,SENSEX 15 OCT 68600 CALL,SENSEX,1.0,68600.0,CE,20.0,5.0
1127355,BSE,D,OPTIDX,BSXOPT,SENSEX 24 SEP 68600 CALL,SENSEX,1.0,68600.0,CE,20.0,5.0
1127374,BSE,D,OPTIDX,BSXOPT,SENSEX 29 OCT 68600 PUT,SENSEX,1.0,68600.0,PE,20.0,5.0
1127385,BSE,D,OPTIDX,BSXOPT,SENSEX 15 OCT 68900 PUT,SENSEX,1.0,68900.0,PE,20.0,5.0
1127391,BSE,D,OPTIDX,BSXOPT,SENSEX 24 SEP 68900 PUT,SENSEX,1.0,68900.0,PE,20.0,5.0
1127404,BSE,D,OPTIDX,BSXOPT,SENSEX 08 OCT 68800 PUT,SENSEX,1.0,68800.0,PE,20.0,5.0
1127418,BSE,D,OPTIDX,BSXOPT,SENSEX 01 OCT 69000 CALL,SENSEX,1.0,69000.0,CE,20.0,5.0
1127442,BSE,D,OPTIDX,BSXOPT,SENSEX 24 SEP 68800 CALL,SENSEX,1.0,68800.0,CE,20.0,5.0
1127456,BSE,D,OPTIDX,BSXOPT,SENSEX 08 OCT 68700 CALL,SENSEX,1.0,68700.0,CE,20.0,5.0
1127469,BSE,D,OPTIDX,BSXOPT,SENSEX 29 OCT 68800 PUT,SENSEX,1.0,68800.0,PE,20.0,5.0
1127480,BSE,D,OPTIDX,BSXOPT,SENSEX 22 OCT 69000 CALL,SENSEX,1.0,69000.0,CE,20.0,5.0
1127485,BSE,D,OPTIDX,SX50OPT,SENSEX50 26 NOV 23800 PUT,SENSEX50,47.0,23800.0,PE,75.0,5.0
1127503,BSE,D,OPTIDX,BSXOPT,SENSEX 29 OCT 68700 CALL,SENSEX,1.0,68700.0,CE,20.0,5.0
1127505,BSE,D,OPTIDX,BSXOPT,SENSEX 22 OCT 68600 CALL,SENSEX,1.0,68600.0,CE,20.0,5.0
1127516,BSE,D,OPTIDX,BSXOPT,SENSEX 08 OCT 68900 CALL,SENSEX,1.0,68900.0,CE,20.0,5.0
1127532,BSE,D,OPTIDX,BSXOPT,SENSEX 29 OCT 68900 CALL,SENSEX,1.0,68900.0,CE,20.0,5.0
1127537,BSE,D,OPTIDX,SX50OPT,SENSEX50 26 NOV 23900 CALL,SENSEX50,47.0,23900.0,CE,75.0,5.0
1127538,BSE,D,OPTIDX,BSXOPT,SENSEX 22 OCT 68800 CALL,SENSEX,1.0,68800.0,CE,20.0,5.0
1127548,BSE,D,OPTIDX,BSXOPT,SENSEX 26 NOV 69000 CALL,SENSEX,1.0,69000.0,CE,20.0,5.0
1127562,BSE,D,OPTIDX,BSXOPT,SENSEX 24 SEP 68600 PUT,SENSEX,1.0,68600.0,PE,20.0,5.0
1127590,BSE,D,OPTIDX,BSXOPT,SENSEX 26 NOV 68600 CALL,SENSEX,1.0,68600.0,CE,20.0,5.0
1127599,BSE,D,OPTIDX,BSXOPT,SENSEX 01 OCT 69000 PUT,SENSEX,1.0,69000.0,PE,20.0,5.0
1127613,BSE,D,OPTIDX,BSXOPT,SENSEX 26 NOV 68900 PUT,SENSEX,1.0,68900.0,PE,20.0,5.0
1127618,BSE,D,OPTIDX,SX50OPT,SENSEX50 29 OCT 23850 CALL,SENSEX50,47.0,23850.0,CE,75.0,5.0
1127625,BSE,D,OPTIDX,BSXOPT,SENSEX 24 SEP 68800 PUT,SENSEX,1.0,68800.0,PE,20.0,5.0
1127628,BSE,D,OPTIDX,BSXOPT,SENSEX 17 SEP 69000 CALL,SENSEX,1.0,69000.0,CE,20.0,5.0
1127648,BSE,D,OPTIDX,BSXOPT,SENSEX 08 OCT 68700 PUT,SENSEX,1.0,68700.0,PE,20.0,5.0
1127652,BSE,D,OPTIDX,BSXOPT,SENSEX 22 OCT 69000 PUT,SENSEX,1.0,69000.0,PE,20.0,5.0
1127654,BSE,D,OPTIDX,BSXOPT,SENSEX 26 NOV 68800 CALL,SENSEX,1.0,68800.0,CE,20.0,5.0
1127679,BSE,D,OPTIDX,BSXOPT,SENSEX 24 SEP 68700 CALL,SENSEX,1.0,68700.0,CE,20.0,5.0
1127685,BSE,D,OPTIDX,BSXOPT,SENSEX 08 OCT 68600 CALL,SENSEX,1.0,68600.0,CE,20.0,5.0
1127701,BSE,D,OPTIDX,BSXOPT,SENSEX 17 SEP 68600 CALL,SENSEX,1.0,68600.0,CE,20.0,5.0
1127704,BSE,D,OPTIDX,BSXOPT,SENSEX 29 OCT 68700 PUT,SENSEX,1.0,68700.0,PE,20.0,5.0
1127711,BSE,D,OPTIDX,BSXOPT,SENSEX 22 OCT 68600 PUT,SENSEX,1.0,68600.0,PE,20.0,5.0
1127716,BSE,D,OPTIDX,BSXOPT,SENSEX 08 OCT 68900 PUT,SENSEX,1.0,68900.0,PE,20.0,5.0
1127723,BSE,D,OPTIDX,BSXOPT,SENSEX 17 SEP 68900 PUT,SENSEX,1.0,68900.0,PE,20.0,5.0
1127737,BSE,D,OPTIDX,BSXOPT,SENSEX 08 OCT 68800 CALL,SENSEX,1.0,68800.0,CE,20.0,5.0
1127739,BSE,D,OPTIDX,BSXOPT,SENSEX 17 SEP 68800 CALL,SENSEX,1.0,68800.0,CE,20.0,5.0
1127742,BSE,D,OPTIDX,BSXOPT,SENSEX 01 OCT 68700 CALL,SENSEX,1.0,68700.0,CE,20.0,5.0
1127746,BSE,D,OPTIDX,BSXOPT,SENSEX 22 OCT 68800 PUT,SENSEX,1.0,68800.0,PE,20.0,5.0
1127748,BSE,D,OPTIDX,BSXOPT,SENSEX 15 OCT 69000 CALL,SENSEX,1.0,69000.0,CE,20.0,5.0
1127756,BSE,D,OPTIDX,BSXOPT,SENSEX 26 NOV 69000 PUT,SENSEX,1.0,69000.0,PE,20.0,5.0
1127758,BSE,D,OPTIDX,SX50OPT,SENSEX50 29 OCT 23900 PUT,SENSEX50,47.0,23900.0,PE,75.0,5.0
1127762,BSE,D,OPTIDX,BSXOPT,SENSEX 29 OCT 69000 PUT,SENSEX,1.0,69000.0,PE,20.0,5.0
1127794,BSE,D,OPTIDX,BSXOPT,SENSEX 22 OCT 68700 CALL,SENSEX,1.0,68700.0,CE,20.0,5.0
1127800,BSE,D,OPTIDX,SX50OPT,SENSEX50 29 OCT 23800 CALL,SENSEX50,47.0,23800.0,CE,75.0,5.0
1127803,BSE,D,OPTIDX,BSXOPT,SENSEX 26 NOV 68600 PUT,SENSEX,1.0,68600.0,PE,20.0,5.0
1127813,BSE,D,OPTIDX,BSXOPT,SENSEX 01 OCT 68900 CALL,SENSEX,1.0,68900.0,CE,20.0,5.0
1127819,BSE,D,OPTIDX,SX50OPT,SENSEX50 24 SEP 23850 CALL,SENSEX50,47.0,23850.0,CE,75.0,5.0
1127834,BSE,D,OPTIDX,SX50OPT,SENSEX50 29 OCT 23850 PUT,SENSEX50,47.0,23850.0,PE,75.0,5.0
1127845,BSE,D,OPTIDX,BSXOPT,SENSEX 22 OCT 68900 CALL,SENSEX,1.0,68900.0,CE,20.0,5.0
1127846,BSE,D,OPTIDX,BSXOPT,SENSEX 15 OCT 68800 CALL,SENSEX,1.0,68800.0,CE,20.0,5.0
1127847,BSE,D,OPTIDX,BSXOPT,SENSEX 26 NOV 68800 PUT,SENSEX,1.0,68800.0,PE,20.0,5.0
1127857,BSE,D,OPTIDX,BSXOPT,SENSEX 08 OCT 68600 PUT,SENSEX,1.0,68600.0,PE,20.0,5.0
1127876,BSE,D,OPTIDX,BSXOPT,SENSEX 17 SEP 68600 PUT,SENSEX,1.0,68600.0,PE,20.0,5.0
1127908,BSE,D,OPTIDX,BSXOPT,SENSEX 26 NOV 68700 CALL,SENSEX,1.0,68700.0,CE,20.0,5.0
1127943,BSE,D,OPTIDX,BSXOPT,SENSEX 17 SEP 68800 PUT,SENSEX,1.0,68800.0,PE,20.0,5.0
1127950,BSE,D,OPTIDX,BSXOPT,SENSEX 01 OCT 68700 PUT,SENSEX,1.0,68700.0,PE,20.0,5.0
1127952,BSE,D,OPTIDX,BSXOPT,SENSEX 26 NOV 68900 CALL,SENSEX,1.0,68900.0,CE,20.0,5.0
1127963,BSE,D,OPTIDX,BSXOPT,SENSEX 15 OCT 69000 PUT,SENSEX,1.0,69000.0,PE,20.0,5.0
1128003,BSE,D,OPTIDX,BSXOPT,SENSEX 17 SEP 68700 CALL,SENSEX,1.0,68700.0,CE,20.0,5.0
1128008,BSE,D,OPTIDX,BSXOPT,SENSEX 01 OCT 68600 CALL,SENSEX,1.0,68600.0,CE,20.0,5.0
1128009,BSE,D,OPTIDX,SX50OPT,SENSEX50 24 SEP 23800 CALL,SENSEX50,47.0,23800.0,CE,75.0,5.0
1128018,BSE,D,OPTIDX,BSXOPT,SENSEX 22 OCT 68700 PUT,SENSEX,1.0,68700.0,PE,20.0,5.0
1128038,BSE,D,OPTIDX,SX50OPT,SENSEX50 29 OCT 23800 PUT,SENSEX50,47.0,23800.0,PE,75.0,5.0
1128052,BSE,D,OPTIDX,BSXOPT,SENSEX 15 OCT 68600 PUT,SENSEX,1.0,68600.0,PE,20.0,5.0
1128072,BSE,D,OPTIDX,BSXOPT,SENSEX 01 OCT 68900 PUT,SENSEX,1.0,68900.0,PE,20.0,5.0
1128088,BSE,D,OPTIDX,SX50OPT,SENSEX50 24 SEP 23850 PUT,SENSEX50,47.0,23850.0,PE,75.0,5.0
1128093,BSE,D,OPTIDX,BSXOPT,SENSEX 17 SEP 68900 CALL,SENSEX,1.0,68900.0,CE,20.0,5.0
1128099,BSE,D,OPTIDX,BSXOPT,SENSEX 01 OCT 68800 CALL,SENSEX,1.0,68800.0,CE,20.0,5.0
1128100,BSE,D,OPTIDX,SX50OPT,SENSEX50 26 NOV 23850 CALL,SENSEX50,47.0,23850.0,CE,75.0,5.0
1128113,BSE,D,OPTIDX,BSXOPT,SENSEX 22 OCT 68900 PUT,SENSEX,1.0,68900.0,PE,20.0,5.0
1128131,BSE,D,OPTIDX,BSXOPT,SENSEX 15 OCT 68800 PUT,SENSEX,1.0,68800.0,PE,20.0,5.0
1128141,BSE,D,OPTIDX,BSXOPT,SENSEX 08 OCT 69000 CALL,SENSEX,1.0,69000.0,CE,20.0,5.0
1128156,BSE,D,OPTIDX,SX50OPT,SENSEX50 29 OCT 23900 CALL,SENSEX50,47.0,23900.0,CE,75.0,5.0
1128157,BSE,D,OPTIDX,BSXOPT,SENSEX 15 OCT 68700 CALL,SENSEX,1.0,68700.0,CE,20.0,5.0
1128160,BSE,D,OPTIDX,BSXOPT,SENSEX 26 NOV 68700 PUT,SENSEX,1.0,68700.0,PE,20.0,5.0
1128164,BSE,D,OPTIDX,BSXOPT,SENSEX 29 OCT 69000 CALL,SENSEX,1.0,69000.0,CE,20.0,5.0
1128199,BSE,D,OPTIDX,BSXOPT,SENSEX 29 OCT 68600 CALL,SENSEX,1.0,68600.0,CE,20.0,5.0
1128209,BSE,D,OPTIDX,BSXOPT,SENSEX 15 OCT 68900 CALL,SENSEX,1.0,68900.0,CE,20.0,5.0
1128211,BSE,D,OPTIDX,BSXOPT,SENSEX 24 SEP 68900 CALL,SENSEX,1.0,68900.0,CE,20.0,5.0
1128235,BSE,D,OPTIDX,BSXOPT,SENSEX 29 OCT 68900 PUT,SENSEX,1.0,68900.0,PE,20.0,5.0
1128245,BSE,D,OPTIDX,SX50OPT,SENSEX50 26 NOV 23900 PUT,SENSEX50,47.0,23900.0,PE,75.0,5.0
1128248,BSE,D,OPTIDX,BSXOPT,SENSEX 17 SEP 68700 PUT,SENSEX,1.0,68700.0,PE,20.0,5.0
1128275,BSE,D,OPTIDX,BSXOPT,SENSEX 01 OCT 68600 PUT,SENSEX,1.0,68600.0,PE,20.0,5.0
1128284,BSE,D,OPTIDX,SX50OPT,SENSEX50 24 SEP 23800 PUT,SENSEX50,47.0,23800.0,PE,75.0,5.0
1128303,BSE,D,OPTIDX,BSXOPT,SENSEX 29 OCT 68800 CALL,SENSEX,1.0,68800.0,CE,20.0,5.0
1128304,BSE,D,OPTIDX,SX50OPT,SENSEX50 26 NOV 23800 CALL,SENSEX50,47.0,23800.0,CE,75.0,5.0
1128355,BSE,D,OPTIDX,SX50OPT,SENSEX50 29 OCT 23700 PUT,SENSEX50,47.0,23700.0,PE,75.0,5.0
1128361,BSE,D,OPTIDX,BSXOPT,SENSEX 17 SEP 68000 PUT,SENSEX,1.0,68000.0,PE,20.0,5.0
1128364,BSE,D,OPTIDX,BSXOPT,SENSEX 15 OCT 68500 PUT,SENSEX,1.0,68500.0,PE,20.0,5.0
1128366,BSE,D,OPTIDX,BSXOPT,SENSEX 22 OCT 67900 CALL,SENSEX,1.0,67900.0,CE,20.0,5.0
1128376,BSE,D,OPTIDX,BSXOPT,SENSEX 24 JUN 70000 PUT,SENSEX,1.0,70000.0,PE,20.0,5.0
1128400,BSE,D,OPTIDX,BSXOPT,SENSEX 26 NOV 67800 PUT,SENSEX,1.0,67800.0,PE,20.0,5.0
1128410,BSE,D,OPTIDX,BSXOPT,SENSEX 28 JUN 70000 PUT,SENSEX,1.0,70000.0,PE,20.0,5.0
1128421,BSE,D,OPTIDX,BSXOPT,SENSEX 29 OCT 68100 CALL,SENSEX,1.0,68100.0,CE,20.0,5.0
1128438,BSE,D,OPTIDX,BSXOPT,SENSEX 27 DEC 70000 PUT,SENSEX,1.0,70000.0,PE,20.0,5.0
1128465,BSE,D,OPTIDX,BSXOPT,SENSEX 15 OCT 68400 CALL,SENSEX,1.0,68400.0,CE,20.0,5.0
1128481,BSE,D,OPTIDX,BSXOPT,SENSEX 24 SEP 68400 CALL,SENSEX,1.0,68400.0,CE,20.0,5.0
1128498,BSE,D,OPTIDX,SX50OPT,SENSEX50 26 NOV 23750 CALL,SENSEX50,47.0,23750.0,CE,75.0,5.0
1128499,BSE,D,OPTIDX,BSXOPT,SENSEX 29 OCT 68400 PUT,SENSEX,1.0,68400.0,PE,20.0,5.0
1128539,BSE,D,OPTIDX,BSXOPT,SENSEX 01 OCT 68100 PUT,SENSEX,1.0,68100.0,PE,20.0,5.0
1128584,BSE,D,OPTIDX,BSXOPT,SENSEX 29 OCT 68300 CALL,SENSEX,1.0,68300.0,CE,20.0,5.0
1128599,BSE,D,OPTIDX,BSXOPT,SENSEX 26 DEC 70000 CALL,SENSEX,1.0,70000.0,CE,20.0,5.0
1128616,BSE,D,OPTIDX,BSXOPT,SENSEX 08 OCT 67800 PUT,SENSEX,1.0,67800.0,PE,20.0,5.0
1128643,BSE,D,OPTIDX,BSXOPT,SENSEX 17 SEP 67800 PUT,SENSEX,1.0,67800.0,PE,20.0,5.0
1128664,BSE,D,OPTIDX,BSXOPT,SENSEX 08 OCT 68500 CALL,SENSEX,1.0,68500.0,CE,20.0,5.0
1128666,BSE,D,OPTIDX,BSXOPT,SENSEX 26 NOV 67900 CALL,SENSEX,1.0,67900.0,CE,20.0,5.0
1128687,BSE,D,OPTIDX,SX50OPT,SENSEX50 26 NOV 23600 PUT,SENSEX50,47.0,23600.0,PE,75.0,5.0
1128698,BSE,D,OPTIDX,BSXOPT,SENSEX 15 OCT 68000 PUT,SENSEX,1.0,68000.0,PE,20.0,5.0
1128723,BSE,D,OPTIDX,BSXOPT,SENSEX 25 MAR 70000 CALL,SENSEX,1.0,70000.0,CE,20.0,5.0
1128768,BSE,D,OPTIDX,BSXOPT,SENSEX 29 OCT 68500 CALL,SENSEX,1.0,68500.0,CE,20.0,5.0
1128834,BSE,D,OPTIDX,BSXOPT,SENSEX 01 OCT 67900 PUT,SENSEX,1.0,67900.0,PE,20.0,5.0
1128846,BSE,D,OPTIDX,BSXOPT,SENSEX 15 OCT 68200 PUT,SENSEX,1.0,68200.0,PE,20.0,5.0
1128857,BSE,D,OPTIDX,BSXOPT,SENSEX 24 SEP 68200 PUT,SENSEX,1.0,68200.0,PE,20.0,5.0
1128863,BSE,D,OPTIDX,BSXOPT,SENSEX 08 OCT 68100 PUT,SENSEX,1.0,68100.0,PE,20.0,5.0
1128881,BSE,D,OPTIDX,BSXOPT,SENSEX 17 SEP 67900 CALL,SENSEX,1.0,67900.0,CE,20.0,5.0
1128895,BSE,D,OPTIDX,BSXOPT,SENSEX 01 OCT 67800 CALL,SENSEX,1.0,67800.0,CE,20.0,5.0
1128911,BSE,D,OPTIDX,BSXOPT,SENSEX 22 OCT 67900 PUT,SENSEX,1.0,67900.0,PE,20.0,5.0
1128918,BSE,D,OPTIDX,SX50OPT,SENSEX50 26 NOV 23700 CALL,SENSEX50,47.0,23700.0,CE,75.0,5.0
1128921,BSE,D,OPTIDX,BSXOPT,SENSEX 15 OCT 68100 CALL,SENSEX,1.0,68100.0,CE,20.0,5.0
1128922,BSE,D,OPTIDX,BSXOPT,SENSEX 24 SEP 68100 CALL,SENSEX,1.0,68100.0,CE,20.0,5.0
1128933,BSE,D,OPTIDX,BSXOPT,SENSEX 15 OCT 67800 PUT,SENSEX,1.0,67800.0,PE,20.0,5.0
1128936,BSE,D,OPTIDX,BSXOPT,SENSEX 08 OCT 68000 CALL,SENSEX,1.0,68000.0,CE,20.0,5.0
1128949,BSE,D,OPTIDX,BSXOPT,SENSEX 29 OCT 68100 PUT,SENSEX,1.0,68100.0,PE,20.0,5.0
1128959,BSE,D,OPTIDX,BSXOPT,SENSEX 15 OCT 68400 PUT,SENSEX,1.0,68400.0,PE,20.0,5.0
1128964,BSE,D,OPTIDX,BSXOPT,SENSEX 26 JUN 70000 CALL,SENSEX,1.0,70000.0,CE,20.0,5.0
1128966,BSE,D,OPTIDX,BSXOPT,SENSEX 24 SEP 68400 PUT,SENSEX,1.0,68400.0,PE,20.0,5.0
1128973,BSE,D,OPTIDX,BSXOPT,SENSEX 08 OCT 68300 PUT,SENSEX,1.0,68300.0,PE,20.0,5.0
1128979,BSE,D,OPTIDX,SX50OPT,SENSEX50 26 NOV 23750 PUT,SENSEX50,47.0,23750.0,PE,75.0,5.0
1128987,BSE,D,OPTIDX,BSXOPT,SENSEX 29 OCT 68000 CALL,SENSEX,1.0,68000.0,CE,20.0,5.0
1129002,BSE,D,OPTIDX,BSXOPT,SENSEX 24 SEP 68300 CALL,SENSEX,1.0,68300.0,CE,20.0,5.0
1129007,BSE,D,OPTIDX,BSXOPT,SENSEX 08 OCT 68200 CALL,SENSEX,1.0,68200.0,CE,20.0,5.0
1129021,BSE,D,OPTIDX,BSXOPT,SENSEX 29 OCT 68300 PUT,SENSEX,1.0,68300.0,PE,20.0,5.0
1129029,BSE,D,OPTIDX,BSXOPT,SENSEX 26 DEC 70000 PUT,SENSEX,1.0,70000.0,PE,20.0,5.0
1129038,BSE,D,OPTIDX,SX50OPT,SENSEX50 29 OCT 23650 CALL,SENSEX50,47.0,23650.0,CE,75.0,5.0
1129043,BSE,D,OPTIDX,BSXOPT,SENSEX 31 DEC 70000 CALL,SENSEX,1.0,70000.0,CE,20.0,5.0
1129056,BSE,D,OPTIDX,BSXOPT,SENSEX 08 OCT 68500 PUT,SENSEX,1.0,68500.0,PE,20.0,5.0
1129062,BSE,D,OPTIDX,BSXOPT,SENSEX 15 OCT 67900 CALL,SENSEX,1.0,67900.0,CE,20.0,5.0
1129067,BSE,D,OPTIDX,BSXOPT,SENSEX 26 NOV 67900 PUT,SENSEX,1.0,67900.0,PE,20.0,5.0
1129073,BSE,D,OPTIDX,BSXOPT,SENSEX 29 OCT 68200 CALL,SENSEX,1.0,68200.0,CE,20.0,5.0
1129084,BSE,D,OPTIDX,BSXOPT,SENSEX 25 MAR 70000 PUT,SENSEX,1.0,70000.0,PE,20.0,5.0
1129089,BSE,D,OPTIDX,BSXOPT,SENSEX 22 OCT 68100 CALL,SENSEX,1.0,68100.0,CE,20.0,5.0
1129092,BSE,D,OPTIDX,BSXOPT,SENSEX 24 SEP 68500 CALL,SENSEX,1.0,68500.0,CE,20.0,5.0
1129100,BSE,D,OPTIDX,BSXOPT,SENSEX 08 OCT 68400 CALL,SENSEX,1.0,68400.0,CE,20.0,5.0
1129103,BSE,D,OPTIDX,BSXOPT,SENSEX 17 SEP 68400 CALL,SENSEX,1.0,68400.0,CE,20.0,5.0
1129109,BSE,D,OPTIDX,BSXOPT,SENSEX 28 JUN 70000 CALL,SENSEX,1.0,70000.0,CE,20.0,5.0
1129111,BSE,D,OPTIDX,BSXOPT,SENSEX 29 OCT 68500 PUT,SENSEX,1.0,68500.0,PE,20.0,5.0
1129122,BSE,D,OPTIDX,BSXOPT,SENSEX 22 OCT 68400 PUT,SENSEX,1.0,68400.0,PE,20.0,5.0
1129128,BSE,D,OPTIDX,BSXOPT,SENSEX 29 OCT 67800 CALL,SENSEX,1.0,67800.0,CE,20.0,5.0
1129161,BSE,D,OPTIDX,BSXOPT,SENSEX 29 OCT 68400 CALL,SENSEX,1.0,68400.0,CE,20.0,5.0
1129170,BSE,D,OPTIDX,BSXOPT,SENSEX 22 OCT 68300 CALL,SENSEX,1.0,68300.0,CE,20.0,5.0
1129187,BSE,D,OPTIDX,BSXOPT,SENSEX 17 SEP 67900 PUT,SENSEX,1.0,67900.0,PE,20.0,5.0
1129195,BSE,D,OPTIDX,BSXOPT,SENSEX 01 OCT 67800 PUT,SENSEX,1.0,67800.0,PE,20.0,5.0
1129215,BSE,D,OPTIDX,BSXOPT,SENSEX 01 OCT 68500 CALL,SENSEX,1.0,68500.0,CE,20.0,5.0
1129217,BSE,D,OPTIDX,SX50OPT,SENSEX50 26 NOV 23700 PUT,SENSEX50,47.0,23700.0,PE,75.0,5.0
1129221,BSE,D,OPTIDX,BSXOPT,SENSEX 24 SEP 68100 PUT,SENSEX,1.0,68100.0,PE,20.0,5.0
1129229,BSE,D,OPTIDX,BSXOPT,SENSEX 08 OCT 68000 PUT,SENSEX,1.0,68000.0,PE,20.0,5.0
1129240,BSE,D,OPTIDX,BSXOPT,SENSEX 26 NOV 68100 CALL,SENSEX,1.0,68100.0,CE,20.0,5.0
1129250,BSE,D,OPTIDX,BSXOPT,SENSEX 26 JUN 70000 PUT,SENSEX,1.0,70000.0,PE,20.0,5.0
1129256,BSE,D,OPTIDX,BSXOPT,SENSEX 22 OCT 68500 CALL,SENSEX,1.0,68500.0,CE,20.0,5.0
1129264,BSE,D,OPTIDX,SX50OPT,SENSEX50 24 SEP 23750 PUT,SENSEX50,47.0,23750.0,PE,75.0,5.0
1129268,BSE,D,OPTIDX,SX50OPT,SENSEX50 29 OCT 23600 CALL,SENSEX50,47.0,23600.0,CE,75.0,5.0
1129277,BSE,D,OPTIDX,BSXOPT,SENSEX 29 OCT 68000 PUT,SENSEX,1.0,68000.0,PE,20.0,5.0
1129278,BSE,D,OPTIDX,BSXOPT,SENSEX 30 DEC 70000 CALL,SENSEX,1.0,70000.0,CE,20.0,5.0
1129279,BSE,D,OPTIDX,BSXOPT,SENSEX 26 NOV 68400 PUT,SENSEX,1.0,68400.0,PE,20.0,5.0
1129292,BSE,D,OPTIDX,BSXOPT,SENSEX 24 SEP 68300 PUT,SENSEX,1.0,68300.0,PE,20.0,5.0
1129300,BSE,D,OPTIDX,BSXOPT,SENSEX 08 OCT 68200 PUT,SENSEX,1.0,68200.0,PE,20.0,5.0
1129304,BSE,D,OPTIDX,SX50OPT,SENSEX50 24 SEP 23650 CALL,SENSEX50,47.0,23650.0,CE,75.0,5.0
1129305,BSE,D,OPTIDX,BSXOPT,SENSEX 17 SEP 68200 PUT,SENSEX,1.0,68200.0,PE,20.0,5.0
1129311,BSE,D,OPTIDX,BSXOPT,SENSEX 26 NOV 68300 CALL,SENSEX,1.0,68300.0,CE,20.0,5.0
1129313,BSE,D,OPTIDX,SX50OPT,SENSEX50 29 OCT 23650 PUT,SENSEX50,47.0,23650.0,PE,75.0,5.0
1129343,BSE,D,OPTIDX,BSXOPT,SENSEX 31 DEC 70000 PUT,SENSEX,1.0,70000.0,PE,20.0,5.0
1129344,BSE,D,OPTIDX,BSXOPT,SENSEX 24 SEP 68200 CALL,SENSEX,1.0,68200.0,CE,20.0,5.0
1129359,BSE,D,OPTIDX,BSXOPT,SENSEX 15 OCT 67900 PUT,SENSEX,1.0,67900.0,PE,20.0,5.0
1129364,BSE,D,OPTIDX,BSXOPT,SENSEX 08 OCT 68100 CALL,SENSEX,1.0,68100.0,CE,20.0,5.0
1129365,BSE,D,OPTIDX,BSXOPT,SENSEX 24 SEP 67900 PUT,SENSEX,1.0,67900.0,PE,20.0,5.0
1129366,BSE,D,OPTIDX,BSXOPT,SENSEX 17 SEP 68100 CALL,SENSEX,1.0,68100.0,CE,20.0,5.0
1129378,BSE,D,OPTIDX,BSXOPT,SENSEX 01 OCT 68000 CALL,SENSEX,1.0,68000.0,CE,20.0,5.0
1129394,BSE,D,OPTIDX,BSXOPT,SENSEX 22 OCT 68100 PUT,SENSEX,1.0,68100.0,PE,20.0,5.0
1129397,BSE,D,OPTIDX,BSXOPT,SENSEX 24 SEP 68500 PUT,SENSEX,1.0,68500.0,PE,20.0,5.0
1129411,BSE,D,OPTIDX,BSXOPT,SENSEX 24 SEP 87000 PUT,SENSEX,1.0,87000.0,PE,20.0,5.0
1129425,BSE,D,OPTIDX,BSXOPT,SENSEX 08 OCT 68400 PUT,SENSEX,1.0,68400.0,PE,20.0,5.0
1129433,BSE,D,OPTIDX,BSXOPT,SENSEX 15 OCT 67800 CALL,SENSEX,1.0,67800.0,CE,20.0,5.0
1129434,BSE,D,OPTIDX,BSXOPT,SENSEX 17 SEP 68400 PUT,SENSEX,1.0,68400.0,PE,20.0,5.0
1129438,BSE,D,OPTIDX,BSXOPT,SENSEX 24 SEP 67800 CALL,SENSEX,1.0,67800.0,CE,20.0,5.0
1129445,BSE,D,OPTIDX,BSXOPT,SENSEX 01 OCT 68300 PUT,SENSEX,1.0,68300.0,PE,20.0,5.0
1129448,BSE,D,OPTIDX,BSXOPT,SENSEX 26 NOV 68500 CALL,SENSEX,1.0,68500.0,CE,20.0,5.0
1129454,BSE,D,OPTIDX,BSXOPT,SENSEX 29 OCT 67800 PUT,SENSEX,1.0,67800.0,PE,20.0,5.0
1129462,BSE,D,OPTIDX,BSXOPT,SENSEX 22 OCT 68000 CALL,SENSEX,1.0,68000.0,CE,20.0,5.0
1129482,BSE,D,OPTIDX,BSXOPT,SENSEX 08 OCT 68300 CALL,SENSEX,1.0,68300.0,CE,20.0,5.0
1129485,BSE,D,OPTIDX,BSXOPT,SENSEX 17 SEP 68300 CALL,SENSEX,1.0,68300.0,CE,20.0,5.0
1129488,BSE,D,OPTIDX,BSXOPT,SENSEX 01 OCT 68200 CALL,SENSEX,1.0,68200.0,CE,20.0,5.0
1129495,BSE,D,OPTIDX,SX50OPT,SENSEX50 29 OCT 23750 CALL,SENSEX50,47.0,23750.0,CE,75.0,5.0
1129496,BSE,D,OPTIDX,BSXOPT,SENSEX 22 OCT 68300 PUT,SENSEX,1.0,68300.0,PE,20.0,5.0
1129506,BSE,D,OPTIDX,BSXOPT,SENSEX 29 JUN 70000 CALL,SENSEX,1.0,70000.0,CE,20.0,5.0
1129507,BSE,D,OPTIDX,BSXOPT,SENSEX 01 OCT 68500 PUT,SENSEX,1.0,68500.0,PE,20.0,5.0
1129509,BSE,D,OPTIDX,SX50OPT,SENSEX50 24 SEP 23700 PUT,SENSEX50,47.0,23700.0,PE,75.0,5.0
1129510,BSE,D,OPTIDX,BSXOPT,SENSEX 08 OCT 67900 CALL,SENSEX,1.0,67900.0,CE,20.0,5.0
1129514,BSE,D,OPTIDX,BSXOPT,SENSEX 28 DEC 70000 CALL,SENSEX,1.0,70000.0,CE,20.0,5.0
1129519,BSE,D,OPTIDX,BSXOPT,SENSEX 22 OCT 68200 CALL,SENSEX,1.0,68200.0,CE,20.0,5.0
1129534,BSE,D,OPTIDX,BSXOPT,SENSEX 26 NOV 68100 PUT,SENSEX,1.0,68100.0,PE,20.0,5.0
1129539,BSE,D,OPTIDX,BSXOPT,SENSEX 17 SEP 68500 CALL,SENSEX,1.0,68500.0,CE,20.0,5.0
1129544,BSE,D,OPTIDX,BSXOPT,SENSEX 01 OCT 68400 CALL,SENSEX,1.0,68400.0,CE,20.0,5.0
1129545,BSE,D,OPTIDX,SX50OPT,SENSEX50 24 SEP 23600 CALL,SENSEX50,47.0,23600.0,CE,75.0,5.0
1129548,BSE,D,OPTIDX,BSXOPT,SENSEX 22 OCT 68500 PUT,SENSEX,1.0,68500.0,PE,20.0,5.0
1129551,BSE,D,OPTIDX,BSXOPT,SENSEX 29 OCT 67900 CALL,SENSEX,1.0,67900.0,CE,20.0,5.0
1129566,BSE,D,OPTIDX,SX50OPT,SENSEX50 29 OCT 23600 PUT,SENSEX50,47.0,23600.0,PE,75.0,5.0
1129568,BSE,D,OPTIDX,BSXOPT,SENSEX 30 DEC 70000 PUT,SENSEX,1.0,70000.0,PE,20.0,5.0
1129570,BSE,D,OPTIDX,BSXOPT,SENSEX 22 OCT 67800 CALL,SENSEX,1.0,67800.0,CE,20.0,5.0
1129572,BSE,D,OPTIDX,BSXOPT,SENSEX 26 NOV 68000 CALL,SENSEX,1.0,68000.0,CE,20.0,5.0
1129593,BSE,D,OPTIDX,BSXOPT,SENSEX 22 OCT 68400 CALL,SENSEX,1.0,68400.0,CE,20.0,5.0
1129599,BSE,D,OPTIDX,SX50OPT,SENSEX50 24 SEP 23650 PUT,SENSEX50,47.0,23650.0,PE,75.0,5.0
1129605,BSE,D,OPTIDX,BSXOPT,SENSEX 15 OCT 68300 CALL,SENSEX,1.0,68300.0,CE,20.0,5.0
1129607,BSE,D,OPTIDX,BSXOPT,SENSEX 26 NOV 68300 PUT,SENSEX,1.0,68300.0,PE,20.0,5.0
1129615,BSE,D,OPTIDX,SX50OPT,SENSEX50 26 NOV 23650 CALL,SENSEX50,47.0,23650.0,CE,75.0,5.0
1129626,BSE,D,OPTIDX,BSXOPT,SENSEX 17 SEP 68100 PUT,SENSEX,1.0,68100.0,PE,20.0,5.0
1129639,BSE,D,OPTIDX,BSXOPT,SENSEX 01 OCT 68000 PUT,SENSEX,1.0,68000.0,PE,20.0,5.0
1129644,BSE,D,OPTIDX,BSXOPT,SENSEX 26 NOV 68200 CALL,SENSEX,1.0,68200.0,CE,20.0,5.0
1129646,BSE,D,OPTIDX,BSXOPT,SENSEX 27 JUN 70000 CALL,SENSEX,1.0,70000.0,CE,20.0,5.0
1129674,BSE,D,OPTIDX,BSXOPT,SENSEX 24 SEP 67800 PUT,SENSEX,1.0,67800.0,PE,20.0,5.0
1129675,BSE,D,OPTIDX,SX50OPT,SENSEX50 29 OCT 23700 CALL,SENSEX50,47.0,23700.0,CE,75.0,5.0
1129677,BSE,D,OPTIDX,BSXOPT,SENSEX 17 SEP 68000 CALL,SENSEX,1.0,68000.0,CE,20.0,5.0
1129679,BSE,D,OPTIDX,BSXOPT,SENSEX 15 OCT 68500 CALL,SENSEX,1.0,68500.0,CE,20.0,5.0
1129683,BSE,D,OPTIDX,BSXOPT,SENSEX 26 NOV 68500 PUT,SENSEX,1.0,68500.0,PE,20.0,5.0
1129688,BSE,D,OPTIDX,BSXOPT,SENSEX 24 JUN 70000 CALL,SENSEX,1.0,70000.0,CE,20.0,5.0
1129696,BSE,D,OPTIDX,BSXOPT,SENSEX 22 OCT 68000 PUT,SENSEX,1.0,68000.0,PE,20.0,5.0
1129703,BSE,D,OPTIDX,BSXOPT,SENSEX 26 NOV 67800 CALL,SENSEX,1.0,67800.0,CE,20.0,5.0
1129708,BSE,D,OPTIDX,BSXOPT,SENSEX 27 DEC 70000 CALL,SENSEX,1.0,70000.0,CE,20.0,5.0
1129719,BSE,D,OPTIDX,SX50OPT,SENSEX50 24 SEP 23750 CALL,SENSEX50,47.0,23750.0,CE,75.0,5.0
1129720,BSE,D,OPTIDX,BSXOPT,SENSEX 17 SEP 68300 PUT,SENSEX,1.0,68300.0,PE,20.0,5.0
1129728,BSE,D,OPTIDX,BSXOPT,SENSEX 01 OCT 68200 PUT,SENSEX,1.0,68200.0,PE,20.0,5.0
1129731,BSE,D,OPTIDX,BSXOPT,SENSEX 26 NOV 68400 CALL,SENSEX,1.0,68400.0,CE,20.0,5.0
1129740,BSE,D,OPTIDX,SX50OPT,SENSEX50 29 OCT 23750 PUT,SENSEX50,47.0,23750.0,PE,75.0,5.0
1129759,BSE,D,OPTIDX,BSXOPT,SENSEX 17 SEP 68200 CALL,SENSEX,1.0,68200.0,CE,20.0,5.0
1129764,BSE,D,OPTIDX,BSXOPT,SENSEX 29 JUN 70000 PUT,SENSEX,1.0,70000.0,PE,20.0,5.0
1129768,BSE,D,OPTIDX,BSXOPT,SENSEX 08 OCT 67900 PUT,SENSEX,1.0,67900.0,PE,20.0,5.0
1129769,BSE,D,OPTIDX,BSXOPT,SENSEX 01 OCT 68100 CALL,SENSEX,1.0,68100.0,CE,20.0,5.0
1129770,BSE,D,OPTIDX,BSXOPT,SENSEX 28 DEC 70000 PUT,SENSEX,1.0,70000.0,PE,20.0,5.0
1129786,BSE,D,OPTIDX,BSXOPT,SENSEX 24 SEP 87000 CALL,SENSEX,1.0,87000.0,CE,20.0,5.0
1129787,BSE,D,OPTIDX,BSXOPT,SENSEX 22 OCT 68200 PUT,SENSEX,1.0,68200.0,PE,20.0,5.0
1129797,BSE,D,OPTIDX,BSXOPT,SENSEX 15 OCT 68100 PUT,SENSEX,1.0,68100.0,PE,20.0,5.0
1129813,BSE,D,OPTIDX,BSXOPT,SENSEX 17 SEP 68500 PUT,SENSEX,1.0,68500.0,PE,20.0,5.0
1129818,BSE,D,OPTIDX,BSXOPT,SENSEX 24 SEP 67900 CALL,SENSEX,1.0,67900.0,CE,20.0,5.0
1129821,BSE,D,OPTIDX,BSXOPT,SENSEX 01 OCT 68400 PUT,SENSEX,1.0,68400.0,PE,20.0,5.0
1129822,BSE,D,OPTIDX,SX50OPT,SENSEX50 24 SEP 23600 PUT,SENSEX50,47.0,23600.0,PE,75.0,5.0
1129824,BSE,D,OPTIDX,BSXOPT,SENSEX 08 OCT 67800 CALL,SENSEX,1.0,67800.0,CE,20.0,5.0
1129844,BSE,D,OPTIDX,BSXOPT,SENSEX 17 SEP 67800 CALL,SENSEX,1.0,67800.0,CE,20.0,5.0
1129846,BSE,D,OPTIDX,BSXOPT,SENSEX 29 OCT 67900 PUT,SENSEX,1.0,67900.0,PE,20.0,5.0
1129869,BSE,D,OPTIDX,BSXOPT,SENSEX 22 OCT 67800 PUT,SENSEX,1.0,67800.0,PE,20.0,5.0
1129874,BSE,D,OPTIDX,SX50OPT,SENSEX50 26 NOV 23600 CALL,SENSEX50,47.0,23600.0,CE,75.0,5.0
1129876,BSE,D,OPTIDX,BSXOPT,SENSEX 15 OCT 68000 CALL,SENSEX,1.0,68000.0,CE,20.0,5.0
1129880,BSE,D,OPTIDX,BSXOPT,SENSEX 26 NOV 68000 PUT,SENSEX,1.0,68000.0,PE,20.0,5.0
1129885,BSE,D,OPTIDX,BSXOPT,SENSEX 01 OCT 68300 CALL,SENSEX,1.0,68300.0,CE,20.0,5.0
1129899,BSE,D,OPTIDX,BSXOPT,SENSEX 15 OCT 68300 PUT,SENSEX,1.0,68300.0,PE,20.0,5.0
1129915,BSE,D,OPTIDX,SX50OPT,SENSEX50 26 NOV 23650 PUT,SENSEX50,47.0,23650.0,PE,75.0,5.0
1129919,BSE,D,OPTIDX,BSXOPT,SENSEX 01 OCT 67900 CALL,SENSEX,1.0,67900.0,CE,20.0,5.0
1129931,BSE,D,OPTIDX,BSXOPT,SENSEX 15 OCT 68200 CALL,SENSEX,1.0,68200.0,CE,20.0,5.0
1129934,BSE,D,OPTIDX,BSXOPT,SENSEX 26 NOV 68200 PUT,SENSEX,1.0,68200.0,PE,20.0,5.0
1129935,BSE,D,OPTIDX,BSXOPT,SENSEX 27 JUN 70000 PUT,SENSEX,1.0,70000.0,PE,20.0,5.0
1129943,BSE,D,OPTIDX,SX50OPT,SENSEX50 24 SEP 23700 CALL,SENSEX50,47.0,23700.0,CE,75.0,5.0
1129954,BSE,D,OPTIDX,BSXOPT,SENSEX 29 OCT 68200 PUT,SENSEX,1.0,68200.0,PE,20.0,5.0
1130695,BSE,D,OPTIDX,BSXOPT,SENSEX 24 SEP 88000 CALL,SENSEX,1.0,88000.0,CE,20.0,5.0
1130755,BSE,D,OPTIDX,BSXOPT,SENSEX 24 SEP 88000 PUT,SENSEX,1.0,88000.0,PE,20.0,5.0
1133257,BSE,D,OPTIDX,BSXOPT,SENSEX 24 SEP 89000 CALL,SENSEX,1.0,89000.0,CE,20.0,5.0
1133345,BSE,D,OPTIDX,BSXOPT,SENSEX 24 SEP 89000 PUT,SENSEX,1.0,89000.0,PE,20.0,5.0
1134546,BSE,D,OPTIDX,BSXOPT,SENSEX 24 SEP 90000 PUT,SENSEX,1.0,90000.0,PE,20.0,5.0
1134766,BSE,D,OPTIDX,BSXOPT,SENSEX 24 SEP 90000 CALL,SENSEX,1.0,90000.0,CE,20.0,5.0
824904,BSE,D,OPTIDX,BSXOPT,SENSEX 26 DEC 80000 CALL,SENSEX,1.0,80000.0,CE,20.0,5.0
826203,BSE,D,OPTIDX,BSXOPT,SENSEX 26 DEC 82000 CALL,SENSEX,1.0,82000.0,CE,20.0,5.0
826436,BSE,D,OPTIDX,BSXOPT,SENSEX 26 DEC 80000 PUT,SENSEX,1.0,80000.0,PE,20.0,5.0
827722,BSE,D,OPTIDX,BSXOPT,SENSEX 26 DEC 82000 PUT,SENSEX,1.0,82000.0,PE,20.0,5.0
829143,BSE,D,OPTIDX,BSXOPT,SENSEX 26 DEC 81000 CALL,SENSEX,1.0,81000.0,CE,20.0,5.0
831185,BSE,D,OPTIDX,BSXOPT,SENSEX 26 DEC 81000 PUT,SENSEX,1.0,81000.0,PE,20.0,5.0
837931,BSE,D,OPTIDX,BSXOPT,SENSEX 24 SEP 91000 PUT,SENSEX,1.0,91000.0,PE,20.0,5.0
838729,BSE,D,OPTIDX,BSXOPT,SENSEX 24 SEP 91000 CALL,SENSEX,1.0,91000.0,CE,20.0,5.0
839136,BSE,D,OPTIDX,BSXOPT,SENSEX 24 SEP 75100 CALL,SENSEX,1.0,75100.0,CE,20.0,5.0
839137,BSE,D,OPTIDX,BSXOPT,SENSEX 24 SEP 77400 CALL,SENSEX,1.0,77400.0,CE,20.0,5.0
839138,BSE,D,OPTIDX,BSXOPT,SENSEX 24 SEP 79700 CALL,SENSEX,1.0,79700.0,CE,20.0,5.0
839142,BSE,D,OPTIDX,BSXOPT,SENSEX 24 SEP 71400 CALL,SENSEX,1.0,71400.0,CE,20.0,5.0
839143,BSE,D,OPTIDX,BSXOPT,SENSEX 24 SEP 73700 CALL,SENSEX,1.0,73700.0,CE,20.0,5.0
839147,BSE,D,OPTIDX,BSXOPT,SENSEX 24 SEP 81400 CALL,SENSEX,1.0,81400.0,CE,20.0,5.0
839148,BSE,D,OPTIDX,BSXOPT,SENSEX 24 SEP 83700 CALL,SENSEX,1.0,83700.0,CE,20.0,5.0
839150,BSE,D,OPTIDX,BSXOPT,SENSEX 24 SEP 79100 PUT,SENSEX,1.0,79100.0,PE,20.0,5.0
839153,BSE,D,OPTIDX,BSXOPT,SENSEX 24 SEP 73100 PUT,SENSEX,1.0,73100.0,PE,20.0,5.0
839154,BSE,D,OPTIDX,BSXOPT,SENSEX 24 SEP 75400 PUT,SENSEX,1.0,75400.0,PE,20.0,5.0
839155,BSE,D,OPTIDX,BSXOPT,SENSEX 24 SEP 77700 PUT,SENSEX,1.0,77700.0,PE,20.0,5.0
839156,BSE,D,OPTIDX,BSXOPT,SENSEX 24 SEP 71700 PUT,SENSEX,1.0,71700.0,PE,20.0,5.0
839158,BSE,D,OPTIDX,BSXOPT,SENSEX 24 SEP 78400 CALL,SENSEX,1.0,78400.0,CE,20.0,5.0
839160,BSE,D,OPTIDX,BSXOPT,SENSEX 24 SEP 83100 PUT,SENSEX,1.0,83100.0,PE,20.0,5.0
839161,BSE,D,OPTIDX,BSXOPT,SENSEX 24 SEP 74700 CALL,SENSEX,1.0,74700.0,CE,20.0,5.0
839162,BSE,D,OPTIDX,BSXOPT,SENSEX 24 SEP 81700 PUT,SENSEX,1.0,81700.0,PE,20.0,5.0
839168,BSE,D,OPTIDX,BSXOPT,SENSEX 24 SEP 75300 CALL,SENSEX,1.0,75300.0,CE,20.0,5.0
839169,BSE,D,OPTIDX,BSXOPT,SENSEX 24 SEP 77600 CALL,SENSEX,1.0,77600.0,CE,20.0,5.0
839172,BSE,D,OPTIDX,BSXOPT,SENSEX 24 SEP 71600 CALL,SENSEX,1.0,71600.0,CE,20.0,5.0
839174,BSE,D,OPTIDX,BSXOPT,SENSEX 24 SEP 81600 CALL,SENSEX,1.0,81600.0,CE,20.0,5.0
839179,BSE,D,OPTIDX,BSXOPT,SENSEX 24 SEP 79300 PUT,SENSEX,1.0,79300.0,PE,20.0,5.0
839183,BSE,D,OPTIDX,BSXOPT,SENSEX 24 SEP 73300 PUT,SENSEX,1.0,73300.0,PE,20.0,5.0
839185,BSE,D,OPTIDX,BSXOPT,SENSEX 24 SEP 75600 PUT,SENSEX,1.0,75600.0,PE,20.0,5.0
839186,BSE,D,OPTIDX,BSXOPT,SENSEX 24 SEP 77900 PUT,SENSEX,1.0,77900.0,PE,20.0,5.0
839188,BSE,D,OPTIDX,BSXOPT,SENSEX 24 SEP 71900 PUT,SENSEX,1.0,71900.0,PE,20.0,5.0
839189,BSE,D,OPTIDX,BSXOPT,SENSEX 24 SEP 76300 CALL,SENSEX,1.0,76300.0,CE,20.0,5.0
839190,BSE,D,OPTIDX,BSXOPT,SENSEX 24 SEP 78600 CALL,SENSEX,1.0,78600.0,CE,20.0,5.0
839191,BSE,D,OPTIDX,BSXOPT,SENSEX 24 SEP 83300 PUT,SENSEX,1.0,83300.0,PE,20.0,5.0
839192,BSE,D,OPTIDX,BSXOPT,SENSEX 24 SEP 72600 CALL,SENSEX,1.0,72600.0,CE,20.0,5.0
839193,BSE,D,OPTIDX,BSXOPT,SENSEX 24 SEP 74900 CALL,SENSEX,1.0,74900.0,CE,20.0,5.0
839195,BSE,D,OPTIDX,BSXOPT,SENSEX 24 SEP 81900 PUT,SENSEX,1.0,81900.0,PE,20.0,5.0
839206,BSE,D,OPTIDX,BSXOPT,SENSEX 24 SEP 73200 CALL,SENSEX,1.0,73200.0,CE,20.0,5.0
839209,BSE,D,OPTIDX,BSXOPT,SENSEX 24 SEP 76600 PUT,SENSEX,1.0,76600.0,PE,20.0,5.0
839210,BSE,D,OPTIDX,BSXOPT,SENSEX 24 SEP 78900 PUT,SENSEX,1.0,78900.0,PE,20.0,5.0
839212,BSE,D,OPTIDX,BSXOPT,SENSEX 24 SEP 72900 PUT,SENSEX,1.0,72900.0,PE,20.0,5.0
839213,BSE,D,OPTIDX,BSXOPT,SENSEX 24 SEP 83200 CALL,SENSEX,1.0,83200.0,CE,20.0,5.0
839217,BSE,D,OPTIDX,BSXOPT,SENSEX 24 SEP 81800 CALL,SENSEX,1.0,81800.0,CE,20.0,5.0
839220,BSE,D,OPTIDX,BSXOPT,SENSEX 24 SEP 77200 PUT,SENSEX,1.0,77200.0,PE,20.0,5.0
839221,BSE,D,OPTIDX,BSXOPT,SENSEX 24 SEP 79500 PUT,SENSEX,1.0,79500.0,PE,20.0,5.0
839222,BSE,D,OPTIDX,BSXOPT,SENSEX 24 SEP 71200 PUT,SENSEX,1.0,71200.0,PE,20.0,5.0
839223,BSE,D,OPTIDX,BSXOPT,SENSEX 24 SEP 73500 PUT,SENSEX,1.0,73500.0,PE,20.0,5.0
839224,BSE,D,OPTIDX,BSXOPT,SENSEX 24 SEP 75800 PUT,SENSEX,1.0,75800.0,PE,20.0,5.0
839225,BSE,D,OPTIDX,BSXOPT,SENSEX 24 SEP 74200 CALL,SENSEX,1.0,74200.0,CE,20.0,5.0
839226,BSE,D,OPTIDX,BSXOPT,SENSEX 24 SEP 76500 CALL,SENSEX,1.0,76500.0,CE,20.0,5.0
839227,BSE,D,OPTIDX,BSXOPT,SENSEX 24 SEP 78800 CALL,SENSEX,1.0,78800.0,CE,20.0,5.0
839230,BSE,D,OPTIDX,BSXOPT,SENSEX 24 SEP 81200 PUT,SENSEX,1.0,81200.0,PE,20.0,5.0
839231,BSE,D,OPTIDX,BSXOPT,SENSEX 24 SEP 83500 PUT,SENSEX,1.0,83500.0,PE,20.0,5.0
839235,BSE,D,OPTIDX,BSXOPT,SENSEX 24 SEP 70500 CALL,SENSEX,1.0,70500.0,CE,20.0,5.0
839236,BSE,D,OPTIDX,BSXOPT,SENSEX 24 SEP 72800 CALL,SENSEX,1.0,72800.0,CE,20.0,5.0
839240,BSE,D,OPTIDX,BSXOPT,SENSEX 24 SEP 82800 CALL,SENSEX,1.0,82800.0,CE,20.0,5.0
839242,BSE,D,OPTIDX,BSXOPT,SENSEX 24 SEP 78200 PUT,SENSEX,1.0,78200.0,PE,20.0,5.0
839243,BSE,D,OPTIDX,BSXOPT,SENSEX 24 SEP 71100 CALL,SENSEX,1.0,71100.0,CE,20.0,5.0
839244,BSE,D,OPTIDX,BSXOPT,SENSEX 24 SEP 74500 PUT,SENSEX,1.0,74500.0,PE,20.0,5.0
839246,BSE,D,OPTIDX,BSXOPT,SENSEX 24 SEP 76800 PUT,SENSEX,1.0,76800.0,PE,20.0,5.0
839249,BSE,D,OPTIDX,BSXOPT,SENSEX 24 SEP 70800 PUT,SENSEX,1.0,70800.0,PE,20.0,5.0
839250,BSE,D,OPTIDX,BSXOPT,SENSEX 24 SEP 81100 CALL,SENSEX,1.0,81100.0,CE,20.0,5.0
839251,BSE,D,OPTIDX,BSXOPT,SENSEX 24 SEP 83400 CALL,SENSEX,1.0,83400.0,CE,20.0,5.0
839254,BSE,D,OPTIDX,BSXOPT,SENSEX 24 SEP 75100 PUT,SENSEX,1.0,75100.0,PE,20.0,5.0
839256,BSE,D,OPTIDX,BSXOPT,SENSEX 24 SEP 71400 PUT,SENSEX,1.0,71400.0,PE,20.0,5.0
839257,BSE,D,OPTIDX,BSXOPT,SENSEX 24 SEP 78100 CALL,SENSEX,1.0,78100.0,CE,20.0,5.0
839261,BSE,D,OPTIDX,BSXOPT,SENSEX 24 SEP 72100 CALL,SENSEX,1.0,72100.0,CE,20.0,5.0
839262,BSE,D,OPTIDX,BSXOPT,SENSEX 24 SEP 74400 CALL,SENSEX,1.0,74400.0,CE,20.0,5.0
839263,BSE,D,OPTIDX,BSXOPT,SENSEX 24 SEP 76700 CALL,SENSEX,1.0,76700.0,CE,20.0,5.0
839264,BSE,D,OPTIDX,BSXOPT,SENSEX 24 SEP 81400 PUT,SENSEX,1.0,81400.0,PE,20.0,5.0
839265,BSE,D,OPTIDX,BSXOPT,SENSEX 24 SEP 83700 PUT,SENSEX,1.0,83700.0,PE,20.0,5.0
839267,BSE,D,OPTIDX,BSXOPT,SENSEX 24 SEP 70700 CALL,SENSEX,1.0,70700.0,CE,20.0,5.0
839272,BSE,D,OPTIDX,BSXOPT,SENSEX 24 SEP 80700 CALL,SENSEX,1.0,80700.0,CE,20.0,5.0
839275,BSE,D,OPTIDX,BSXOPT,SENSEX 24 SEP 76100 PUT,SENSEX,1.0,76100.0,PE,20.0,5.0
839276,BSE,D,OPTIDX,BSXOPT,SENSEX 24 SEP 78400 PUT,SENSEX,1.0,78400.0,PE,20.0,5.0
839278,BSE,D,OPTIDX,BSXOPT,SENSEX 24 SEP 72400 PUT,SENSEX,1.0,72400.0,PE,20.0,5.0
839280,BSE,D,OPTIDX,BSXOPT,SENSEX 24 SEP 74700 PUT,SENSEX,1.0,74700.0,PE,20.0,5.0
839281,BSE,D,OPTIDX,BSXOPT,SENSEX 24 SEP 81300 CALL,SENSEX,1.0,81300.0,CE,20.0,5.0
839283,BSE,D,OPTIDX,BSXOPT,SENSEX 24 SEP 78300 CALL,SENSEX,1.0,78300.0,CE,20.0,5.0
839285,BSE,D,OPTIDX,BSXOPT,SENSEX 24 SEP 72300 CALL,SENSEX,1.0,72300.0,CE,20.0,5.0
839286,BSE,D,OPTIDX,BSXOPT,SENSEX 24 SEP 74600 CALL,SENSEX,1.0,74600.0,CE,20.0,5.0
839287,BSE,D,OPTIDX,BSXOPT,SENSEX 24 SEP 76900 CALL,SENSEX,1.0,76900.0,CE,20.0,5.0
839288,BSE,D,OPTIDX,BSXOPT,SENSEX 24 SEP 81600 PUT,SENSEX,1.0,81600.0,PE,20.0,5.0
839289,BSE,D,OPTIDX,BSXOPT,SENSEX 24 SEP 70900 CALL,SENSEX,1.0,70900.0,CE,20.0,5.0
839291,BSE,D,OPTIDX,BSXOPT,SENSEX 24 SEP 82300 CALL,SENSEX,1.0,82300.0,CE,20.0,5.0
839293,BSE,D,OPTIDX,BSXOPT,SENSEX 24 SEP 80900 CALL,SENSEX,1.0,80900.0,CE,20.0,5.0
839296,BSE,D,OPTIDX,BSXOPT,SENSEX 24 SEP 76300 PUT,SENSEX,1.0,76300.0,PE,20.0,5.0
839297,BSE,D,OPTIDX,BSXOPT,SENSEX 24 SEP 78600 PUT,SENSEX,1.0,78600.0,PE,20.0,5.0
839298,BSE,D,OPTIDX,BSXOPT,SENSEX 24 SEP 70300 PUT,SENSEX,1.0,70300.0,PE,20.0,5.0
839299,BSE,D,OPTIDX,BSXOPT,SENSEX 24 SEP 72600 PUT,SENSEX,1.0,72600.0,PE,20.0,5.0
839300,BSE,D,OPTIDX,BSXOPT,SENSEX 24 SEP 74900 PUT,SENSEX,1.0,74900.0,PE,20.0,5.0
839304,BSE,D,OPTIDX,BSXOPT,SENSEX 24 SEP 82600 PUT,SENSEX,1.0,82600.0,PE,20.0,5.0
839313,BSE,D,OPTIDX,BSXOPT,SENSEX 24 SEP 76200 CALL,SENSEX,1.0,76200.0,CE,20.0,5.0
839314,BSE,D,OPTIDX,BSXOPT,SENSEX 24 SEP 78500 CALL,SENSEX,1.0,78500.0,CE,20.0,5.0
839315,BSE,D,OPTIDX,BSXOPT,SENSEX 24 SEP 83200 PUT,SENSEX,1.0,83200.0,PE,20.0,5.0
839317,BSE,D,OPTIDX,BSXOPT,SENSEX 24 SEP 70200 CALL,SENSEX,1.0,70200.0,CE,20.0,5.0
839318,BSE,D,OPTIDX,BSXOPT,SENSEX 24 SEP 72500 CALL,SENSEX,1.0,72500.0,CE,20.0,5.0
839319,BSE,D,OPTIDX,BSXOPT,SENSEX 24 SEP 74800 CALL,SENSEX,1.0,74800.0,CE,20.0,5.0
839322,BSE,D,OPTIDX,BSXOPT,SENSEX 24 SEP 80200 CALL,SENSEX,1.0,80200.0,CE,20.0,5.0
839324,BSE,D,OPTIDX,BSXOPT,SENSEX 24 SEP 82500 CALL,SENSEX,1.0,82500.0,CE,20.0,5.0
839328,BSE,D,OPTIDX,BSXOPT,SENSEX 24 SEP 74200 PUT,SENSEX,1.0,74200.0,PE,20.0,5.0
839329,BSE,D,OPTIDX,BSXOPT,SENSEX 24 SEP 76500 PUT,SENSEX,1.0,76500.0,PE,20.0,5.0
839330,BSE,D,OPTIDX,BSXOPT,SENSEX 24 SEP 78800 PUT,SENSEX,1.0,78800.0,PE,20.0,5.0
839332,BSE,D,OPTIDX,BSXOPT,SENSEX 24 SEP 70500 PUT,SENSEX,1.0,70500.0,PE,20.0,5.0
839333,BSE,D,OPTIDX,BSXOPT,SENSEX 24 SEP 72800 PUT,SENSEX,1.0,72800.0,PE,20.0,5.0
839337,BSE,D,OPTIDX,BSXOPT,SENSEX 24 SEP 80500 PUT,SENSEX,1.0,80500.0,PE,20.0,5.0
839338,BSE,D,OPTIDX,BSXOPT,SENSEX 24 SEP 82800 PUT,SENSEX,1.0,82800.0,PE,20.0,5.0
839344,BSE,D,OPTIDX,BSXOPT,SENSEX 24 SEP 74100 CALL,SENSEX,1.0,74100.0,CE,20.0,5.0
839345,BSE,D,OPTIDX,BSXOPT,SENSEX 24 SEP 76400 CALL,SENSEX,1.0,76400.0,CE,20.0,5.0
839346,BSE,D,OPTIDX,BSXOPT,SENSEX 24 SEP 78700 CALL,SENSEX,1.0,78700.0,CE,20.0,5.0
839348,BSE,D,OPTIDX,BSXOPT,SENSEX 24 SEP 81100 PUT,SENSEX,1.0,81100.0,PE,20.0,5.0
839349,BSE,D,OPTIDX,BSXOPT,SENSEX 24 SEP 70400 CALL,SENSEX,1.0,70400.0,CE,20.0,5.0
839350,BSE,D,OPTIDX,BSXOPT,SENSEX 24 SEP 72700 CALL,SENSEX,1.0,72700.0,CE,20.0,5.0
839354,BSE,D,OPTIDX,BSXOPT,SENSEX 24 SEP 80400 CALL,SENSEX,1.0,80400.0,CE,20.0,5.0
839355,BSE,D,OPTIDX,BSXOPT,SENSEX 24 SEP 82700 CALL,SENSEX,1.0,82700.0,CE,20.0,5.0
839357,BSE,D,OPTIDX,BSXOPT,SENSEX 24 SEP 78100 PUT,SENSEX,1.0,78100.0,PE,20.0,5.0
839359,BSE,D,OPTIDX,BSXOPT,SENSEX 24 SEP 72100 PUT,SENSEX,1.0,72100.0,PE,20.0,5.0
839360,BSE,D,OPTIDX,BSXOPT,SENSEX 24 SEP 74400 PUT,SENSEX,1.0,74400.0,PE,20.0,5.0
839361,BSE,D,OPTIDX,BSXOPT,SENSEX 24 SEP 76700 PUT,SENSEX,1.0,76700.0,PE,20.0,5.0
839366,BSE,D,OPTIDX,BSXOPT,SENSEX 24 SEP 70700 PUT,SENSEX,1.0,70700.0,PE,20.0,5.0
839367,BSE,D,OPTIDX,BSXOPT,SENSEX 24 SEP 82100 PUT,SENSEX,1.0,82100.0,PE,20.0,5.0
839371,BSE,D,OPTIDX,BSXOPT,SENSEX 24 SEP 80700 PUT,SENSEX,1.0,80700.0,PE,20.0,5.0
839378,BSE,D,OPTIDX,BSXOPT,SENSEX 24 SEP 74300 CALL,SENSEX,1.0,74300.0,CE,20.0,5.0
839379,BSE,D,OPTIDX,BSXOPT,SENSEX 24 SEP 76600 CALL,SENSEX,1.0,76600.0,CE,20.0,5.0
839380,BSE,D,OPTIDX,BSXOPT,SENSEX 24 SEP 78900 CALL,SENSEX,1.0,78900.0,CE,20.0,5.0
839381,BSE,D,OPTIDX,BSXOPT,SENSEX 24 SEP 70600 CALL,SENSEX,1.0,70600.0,CE,20.0,5.0
839382,BSE,D,OPTIDX,BSXOPT,SENSEX 24 SEP 72900 CALL,SENSEX,1.0,72900.0,CE,20.0,5.0
839387,BSE,D,OPTIDX,BSXOPT,SENSEX 24 SEP 80600 CALL,SENSEX,1.0,80600.0,CE,20.0,5.0
839388,BSE,D,OPTIDX,BSXOPT,SENSEX 24 SEP 82900 CALL,SENSEX,1.0,82900.0,CE,20.0,5.0
839391,BSE,D,OPTIDX,BSXOPT,SENSEX 24 SEP 78300 PUT,SENSEX,1.0,78300.0,PE,20.0,5.0
839393,BSE,D,OPTIDX,BSXOPT,SENSEX 24 SEP 69900 CALL,SENSEX,1.0,69900.0,CE,20.0,5.0
839394,BSE,D,OPTIDX,BSXOPT,SENSEX 24 SEP 72300 PUT,SENSEX,1.0,72300.0,PE,20.0,5.0
839396,BSE,D,OPTIDX,BSXOPT,SENSEX 24 SEP 74600 PUT,SENSEX,1.0,74600.0,PE,20.0,5.0
839397,BSE,D,OPTIDX,BSXOPT,SENSEX 24 SEP 76900 PUT,SENSEX,1.0,76900.0,PE,20.0,5.0
839400,BSE,D,OPTIDX,BSXOPT,SENSEX 24 SEP 70900 PUT,SENSEX,1.0,70900.0,PE,20.0,5.0
839401,BSE,D,OPTIDX,BSXOPT,SENSEX 24 SEP 79900 CALL,SENSEX,1.0,79900.0,CE,20.0,5.0
839402,BSE,D,OPTIDX,BSXOPT,SENSEX 24 SEP 82300 PUT,SENSEX,1.0,82300.0,PE,20.0,5.0
839403,BSE,D,OPTIDX,BSXOPT,SENSEX 24 SEP 73900 CALL,SENSEX,1.0,73900.0,CE,20.0,5.0
839405,BSE,D,OPTIDX,BSXOPT,SENSEX 24 SEP 80900 PUT,SENSEX,1.0,80900.0,PE,20.0,5.0
839409,BSE,D,OPTIDX,BSXOPT,SENSEX 24 SEP 78200 CALL,SENSEX,1.0,78200.0,CE,20.0,5.0
839411,BSE,D,OPTIDX,BSXOPT,SENSEX 24 SEP 72200 CALL,SENSEX,1.0,72200.0,CE,20.0,5.0
839412,BSE,D,OPTIDX,BSXOPT,SENSEX 24 SEP 74500 CALL,SENSEX,1.0,74500.0,CE,20.0,5.0
839413,BSE,D,OPTIDX,BSXOPT,SENSEX 24 SEP 76800 CALL,SENSEX,1.0,76800.0,CE,20.0,5.0
839415,BSE,D,OPTIDX,BSXOPT,SENSEX 24 SEP 70800 CALL,SENSEX,1.0,70800.0,CE,20.0,5.0
839416,BSE,D,OPTIDX,BSXOPT,SENSEX 24 SEP 82200 CALL,SENSEX,1.0,82200.0,CE,20.0,5.0
839417,BSE,D,OPTIDX,BSXOPT,SENSEX 24 SEP 80800 CALL,SENSEX,1.0,80800.0,CE,20.0,5.0
839422,BSE,D,OPTIDX,BSXOPT,SENSEX 24 SEP 76200 PUT,SENSEX,1.0,76200.0,PE,20.0,5.0
839423,BSE,D,OPTIDX,BSXOPT,SENSEX 24 SEP 78500 PUT,SENSEX,1.0,78500.0,PE,20.0,5.0
839425,BSE,D,OPTIDX,BSXOPT,SENSEX 24 SEP 70200 PUT,SENSEX,1.0,70200.0,PE,20.0,5.0
839426,BSE,D,OPTIDX,BSXOPT,SENSEX 24 SEP 72500 PUT,SENSEX,1.0,72500.0,PE,20.0,5.0
839427,BSE,D,OPTIDX,BSXOPT,SENSEX 24 SEP 74800 PUT,SENSEX,1.0,74800.0,PE,20.0,5.0
839429,BSE,D,OPTIDX,BSXOPT,SENSEX 24 SEP 79200 CALL,SENSEX,1.0,79200.0,CE,20.0,5.0
839431,BSE,D,OPTIDX,BSXOPT,SENSEX 24 SEP 75500 CALL,SENSEX,1.0,75500.0,CE,20.0,5.0
839432,BSE,D,OPTIDX,BSXOPT,SENSEX 24 SEP 77800 CALL,SENSEX,1.0,77800.0,CE,20.0,5.0
839433,BSE,D,OPTIDX,BSXOPT,SENSEX 24 SEP 80200 PUT,SENSEX,1.0,80200.0,PE,20.0,5.0
839434,BSE,D,OPTIDX,BSXOPT,SENSEX 24 SEP 82500 PUT,SENSEX,1.0,82500.0,PE,20.0,5.0
839436,BSE,D,OPTIDX,BSXOPT,SENSEX 24 SEP 71800 CALL,SENSEX,1.0,71800.0,CE,20.0,5.0
839440,BSE,D,OPTIDX,BSXOPT,SENSEX 24 SEP 76100 CALL,SENSEX,1.0,76100.0,CE,20.0,5.0
839443,BSE,D,OPTIDX,BSXOPT,SENSEX 24 SEP 70100 CALL,SENSEX,1.0,70100.0,CE,20.0,5.0
839444,BSE,D,OPTIDX,BSXOPT,SENSEX 24 SEP 72400 CALL,SENSEX,1.0,72400.0,CE,20.0,5.0
839446,BSE,D,OPTIDX,BSXOPT,SENSEX 24 SEP 80100 CALL,SENSEX,1.0,80100.0,CE,20.0,5.0
839447,BSE,D,OPTIDX,BSXOPT,SENSEX 24 SEP 82400 CALL,SENSEX,1.0,82400.0,CE,20.0,5.0
839449,BSE,D,OPTIDX,BSXOPT,SENSEX 24 SEP 74100 PUT,SENSEX,1.0,74100.0,PE,20.0,5.0
839450,BSE,D,OPTIDX,BSXOPT,SENSEX 24 SEP 76400 PUT,SENSEX,1.0,76400.0,PE,20.0,5.0
839451,BSE,D,OPTIDX,BSXOPT,SENSEX 24 SEP 78700 PUT,SENSEX,1.0,78700.0,PE,20.0,5.0
839452,BSE,D,OPTIDX,BSXOPT,SENSEX 24 SEP 70400 PUT,SENSEX,1.0,70400.0,PE,20.0,5.0
839453,BSE,D,OPTIDX,BSXOPT,SENSEX 24 SEP 72700 PUT,SENSEX,1.0,72700.0,PE,20.0,5.0
839454,BSE,D,OPTIDX,BSXOPT,SENSEX 24 SEP 77100 CALL,SENSEX,1.0,77100.0,CE,20.0,5.0
839455,BSE,D,OPTIDX,BSXOPT,SENSEX 24 SEP 79400 CALL,SENSEX,1.0,79400.0,CE,20.0,5.0
839460,BSE,D,OPTIDX,BSXOPT,SENSEX 24 SEP 73400 CALL,SENSEX,1.0,73400.0,CE,20.0,5.0
839461,BSE,D,OPTIDX,BSXOPT,SENSEX 24 SEP 75700 CALL,SENSEX,1.0,75700.0,CE,20.0,5.0
839463,BSE,D,OPTIDX,BSXOPT,SENSEX 24 SEP 80400 PUT,SENSEX,1.0,80400.0,PE,20.0,5.0
839464,BSE,D,OPTIDX,BSXOPT,SENSEX 24 SEP 82700 PUT,SENSEX,1.0,82700.0,PE,20.0,5.0
839472,BSE,D,OPTIDX,BSXOPT,SENSEX 24 SEP 77400 PUT,SENSEX,1.0,77400.0,PE,20.0,5.0
839473,BSE,D,OPTIDX,BSXOPT,SENSEX 24 SEP 79700 PUT,SENSEX,1.0,79700.0,PE,20.0,5.0
839475,BSE,D,OPTIDX,BSXOPT,SENSEX 24 SEP 70300 CALL,SENSEX,1.0,70300.0,CE,20.0,5.0
839476,BSE,D,OPTIDX,BSXOPT,SENSEX 24 SEP 73700 PUT,SENSEX,1.0,73700.0,PE,20.0,5.0
839480,BSE,D,OPTIDX,BSXOPT,SENSEX 24 SEP 80300 CALL,SENSEX,1.0,80300.0,CE,20.0,5.0
839481,BSE,D,OPTIDX,BSXOPT,SENSEX 24 SEP 82600 CALL,SENSEX,1.0,82600.0,CE,20.0,5.0
839486,BSE,D,OPTIDX,BSXOPT,SENSEX 24 SEP 74300 PUT,SENSEX,1.0,74300.0,PE,20.0,5.0
839487,BSE,D,OPTIDX,BSXOPT,SENSEX 24 SEP 70600 PUT,SENSEX,1.0,70600.0,PE,20.0,5.0
839488,BSE,D,OPTIDX,BSXOPT,SENSEX 24 SEP 77300 CALL,SENSEX,1.0,77300.0,CE,20.0,5.0
839489,BSE,D,OPTIDX,BSXOPT,SENSEX 24 SEP 79600 CALL,SENSEX,1.0,79600.0,CE,20.0,5.0
839491,BSE,D,OPTIDX,BSXOPT,SENSEX 24 SEP 71300 CALL,SENSEX,1.0,71300.0,CE,20.0,5.0
839492,BSE,D,OPTIDX,BSXOPT,SENSEX 24 SEP 73600 CALL,SENSEX,1.0,73600.0,CE,20.0,5.0
839494,BSE,D,OPTIDX,BSXOPT,SENSEX 24 SEP 75900 CALL,SENSEX,1.0,75900.0,CE,20.0,5.0
839495,BSE,D,OPTIDX,BSXOPT,SENSEX 24 SEP 80600 PUT,SENSEX,1.0,80600.0,PE,20.0,5.0
839496,BSE,D,OPTIDX,BSXOPT,SENSEX 24 SEP 82900 PUT,SENSEX,1.0,82900.0,PE,20.0,5.0
839498,BSE,D,OPTIDX,BSXOPT,SENSEX 24 SEP 83600 CALL,SENSEX,1.0,83600.0,CE,20.0,5.0
839503,BSE,D,OPTIDX,BSXOPT,SENSEX 24 SEP 69900 PUT,SENSEX,1.0,69900.0,PE,20.0,5.0
839507,BSE,D,OPTIDX,BSXOPT,SENSEX 24 SEP 75300 PUT,SENSEX,1.0,75300.0,PE,20.0,5.0
839508,BSE,D,OPTIDX,BSXOPT,SENSEX 24 SEP 77600 PUT,SENSEX,1.0,77600.0,PE,20.0,5.0
839510,BSE,D,OPTIDX,BSXOPT,SENSEX 24 SEP 79900 PUT,SENSEX,1.0,79900.0,PE,20.0,5.0
839512,BSE,D,OPTIDX,BSXOPT,SENSEX 24 SEP 71600 PUT,SENSEX,1.0,71600.0,PE,20.0,5.0
839513,BSE,D,OPTIDX,BSXOPT,SENSEX 24 SEP 73900 PUT,SENSEX,1.0,73900.0,PE,20.0,5.0
839514,BSE,D,OPTIDX,BSXOPT,SENSEX 24 SEP 80500 CALL,SENSEX,1.0,80500.0,CE,20.0,5.0
839517,BSE,D,OPTIDX,BSXOPT,SENSEX 24 SEP 69800 CALL,SENSEX,1.0,69800.0,CE,20.0,5.0
839518,BSE,D,OPTIDX,BSXOPT,SENSEX 24 SEP 72200 PUT,SENSEX,1.0,72200.0,PE,20.0,5.0
839521,BSE,D,OPTIDX,BSXOPT,SENSEX 24 SEP 75200 CALL,SENSEX,1.0,75200.0,CE,20.0,5.0
839522,BSE,D,OPTIDX,BSXOPT,SENSEX 24 SEP 77500 CALL,SENSEX,1.0,77500.0,CE,20.0,5.0
839523,BSE,D,OPTIDX,BSXOPT,SENSEX 24 SEP 79800 CALL,SENSEX,1.0,79800.0,CE,20.0,5.0
839524,BSE,D,OPTIDX,BSXOPT,SENSEX 24 SEP 82200 PUT,SENSEX,1.0,82200.0,PE,20.0,5.0
839525,BSE,D,OPTIDX,BSXOPT,SENSEX 24 SEP 71500 CALL,SENSEX,1.0,71500.0,CE,20.0,5.0
839526,BSE,D,OPTIDX,BSXOPT,SENSEX 24 SEP 73800 CALL,SENSEX,1.0,73800.0,CE,20.0,5.0
839527,BSE,D,OPTIDX,BSXOPT,SENSEX 24 SEP 80800 PUT,SENSEX,1.0,80800.0,PE,20.0,5.0
839529,BSE,D,OPTIDX,BSXOPT,SENSEX 24 SEP 81500 CALL,SENSEX,1.0,81500.0,CE,20.0,5.0
839530,BSE,D,OPTIDX,BSXOPT,SENSEX 24 SEP 83800 CALL,SENSEX,1.0,83800.0,CE,20.0,5.0
839535,BSE,D,OPTIDX,BSXOPT,SENSEX 24 SEP 79200 PUT,SENSEX,1.0,79200.0,PE,20.0,5.0
839538,BSE,D,OPTIDX,BSXOPT,SENSEX 24 SEP 73200 PUT,SENSEX,1.0,73200.0,PE,20.0,5.0
839539,BSE,D,OPTIDX,BSXOPT,SENSEX 24 SEP 75500 PUT,SENSEX,1.0,75500.0,PE,20.0,5.0
839540,BSE,D,OPTIDX,BSXOPT,SENSEX 24 SEP 77800 PUT,SENSEX,1.0,77800.0,PE,20.0,5.0
839541,BSE,D,OPTIDX,BSXOPT,SENSEX 24 SEP 71800 PUT,SENSEX,1.0,71800.0,PE,20.0,5.0
839542,BSE,D,OPTIDX,BSXOPT,SENSEX 24 SEP 82100 CALL,SENSEX,1.0,82100.0,CE,20.0,5.0
839544,BSE,D,OPTIDX,BSXOPT,SENSEX 24 SEP 81800 PUT,SENSEX,1.0,81800.0,PE,20.0,5.0
839552,BSE,D,OPTIDX,BSXOPT,SENSEX 24 SEP 70100 PUT,SENSEX,1.0,70100.0,PE,20.0,5.0
839553,BSE,D,OPTIDX,BSXOPT,SENSEX 24 SEP 79100 CALL,SENSEX,1.0,79100.0,CE,20.0,5.0
839555,BSE,D,OPTIDX,BSXOPT,SENSEX 24 SEP 73100 CALL,SENSEX,1.0,73100.0,CE,20.0,5.0
839556,BSE,D,OPTIDX,BSXOPT,SENSEX 24 SEP 75400 CALL,SENSEX,1.0,75400.0,CE,20.0,5.0
839557,BSE,D,OPTIDX,BSXOPT,SENSEX 24 SEP 77700 CALL,SENSEX,1.0,77700.0,CE,20.0,5.0
839558,BSE,D,OPTIDX,BSXOPT,SENSEX 24 SEP 80100 PUT,SENSEX,1.0,80100.0,PE,20.0,5.0
839559,BSE,D,OPTIDX,BSXOPT,SENSEX 24 SEP 82400 PUT,SENSEX,1.0,82400.0,PE,20.0,5.0
839560,BSE,D,OPTIDX,BSXOPT,SENSEX 24 SEP 71700 CALL,SENSEX,1.0,71700.0,CE,20.0,5.0
839562,BSE,D,OPTIDX,BSXOPT,SENSEX 24 SEP 83100 CALL,SENSEX,1.0,83100.0,CE,20.0,5.0
839565,BSE,D,OPTIDX,BSXOPT,SENSEX 24 SEP 81700 CALL,SENSEX,1.0,81700.0,CE,20.0,5.0
839567,BSE,D,OPTIDX,BSXOPT,SENSEX 24 SEP 77100 PUT,SENSEX,1.0,77100.0,PE,20.0,5.0
839568,BSE,D,OPTIDX,BSXOPT,SENSEX 24 SEP 79400 PUT,SENSEX,1.0,79400.0,PE,20.0,5.0
839570,BSE,D,OPTIDX,BSXOPT,SENSEX 24 SEP 71100 PUT,SENSEX,1.0,71100.0,PE,20.0,5.0
839571,BSE,D,OPTIDX,BSXOPT,SENSEX 24 SEP 73400 PUT,SENSEX,1.0,73400.0,PE,20.0,5.0
839572,BSE,D,OPTIDX,BSXOPT,SENSEX 24 SEP 75700 PUT,SENSEX,1.0,75700.0,PE,20.0,5.0
839575,BSE,D,OPTIDX,BSXOPT,SENSEX 24 SEP 83400 PUT,SENSEX,1.0,83400.0,PE,20.0,5.0
839582,BSE,D,OPTIDX,BSXOPT,SENSEX 24 SEP 79300 CALL,SENSEX,1.0,79300.0,CE,20.0,5.0
839584,BSE,D,OPTIDX,BSXOPT,SENSEX 24 SEP 73300 CALL,SENSEX,1.0,73300.0,CE,20.0,5.0
839585,BSE,D,OPTIDX,BSXOPT,SENSEX 24 SEP 75600 CALL,SENSEX,1.0,75600.0,CE,20.0,5.0
839586,BSE,D,OPTIDX,BSXOPT,SENSEX 24 SEP 77900 CALL,SENSEX,1.0,77900.0,CE,20.0,5.0
839589,BSE,D,OPTIDX,BSXOPT,SENSEX 24 SEP 80300 PUT,SENSEX,1.0,80300.0,PE,20.0,5.0
839592,BSE,D,OPTIDX,BSXOPT,SENSEX 24 SEP 71900 CALL,SENSEX,1.0,71900.0,CE,20.0,5.0
839594,BSE,D,OPTIDX,BSXOPT,SENSEX 24 SEP 83300 CALL,SENSEX,1.0,83300.0,CE,20.0,5.0
839597,BSE,D,OPTIDX,BSXOPT,SENSEX 24 SEP 81900 CALL,SENSEX,1.0,81900.0,CE,20.0,5.0
839599,BSE,D,OPTIDX,BSXOPT,SENSEX 24 SEP 77300 PUT,SENSEX,1.0,77300.0,PE,20.0,5.0
839600,BSE,D,OPTIDX,BSXOPT,SENSEX 24 SEP 79600 PUT,SENSEX,1.0,79600.0,PE,20.0,5.0
839602,BSE,D,OPTIDX,BSXOPT,SENSEX 24 SEP 71300 PUT,SENSEX,1.0,71300.0,PE,20.0,5.0
839603,BSE,D,OPTIDX,BSXOPT,SENSEX 24 SEP 73600 PUT,SENSEX,1.0,73600.0,PE,20.0,5.0
839604,BSE,D,OPTIDX,BSXOPT,SENSEX 24 SEP 75900 PUT,SENSEX,1.0,75900.0,PE,20.0,5.0
839606,BSE,D,OPTIDX,BSXOPT,SENSEX 24 SEP 81300 PUT,SENSEX,1.0,81300.0,PE,20.0,5.0
839607,BSE,D,OPTIDX,BSXOPT,SENSEX 24 SEP 83600 PUT,SENSEX,1.0,83600.0,PE,20.0,5.0
839611,BSE,D,OPTIDX,BSXOPT,SENSEX 24 SEP 77200 CALL,SENSEX,1.0,77200.0,CE,20.0,5.0
839612,BSE,D,OPTIDX,BSXOPT,SENSEX 24 SEP 79500 CALL,SENSEX,1.0,79500.0,CE,20.0,5.0
839617,BSE,D,OPTIDX,BSXOPT,SENSEX 24 SEP 71200 CALL,SENSEX,1.0,71200.0,CE,20.0,5.0
839618,BSE,D,OPTIDX,BSXOPT,SENSEX 24 SEP 73500 CALL,SENSEX,1.0,73500.0,CE,20.0,5.0
839619,BSE,D,OPTIDX,BSXOPT,SENSEX 24 SEP 75800 CALL,SENSEX,1.0,75800.0,CE,20.0,5.0
839626,BSE,D,OPTIDX,BSXOPT,SENSEX 24 SEP 81200 CALL,SENSEX,1.0,81200.0,CE,20.0,5.0
839627,BSE,D,OPTIDX,BSXOPT,SENSEX 24 SEP 83500 CALL,SENSEX,1.0,83500.0,CE,20.0,5.0
839630,BSE,D,OPTIDX,BSXOPT,SENSEX 24 SEP 69800 PUT,SENSEX,1.0,69800.0,PE,20.0,5.0
839631,BSE,D,OPTIDX,BSXOPT,SENSEX 24 SEP 75200 PUT,SENSEX,1.0,75200.0,PE,20.0,5.0
839632,BSE,D,OPTIDX,BSXOPT,SENSEX 24 SEP 77500 PUT,SENSEX,1.0,77500.0,PE,20.0,5.0
839633,BSE,D,OPTIDX,BSXOPT,SENSEX 24 SEP 79800 PUT,SENSEX,1.0,79800.0,PE,20.0,5.0
839635,BSE,D,OPTIDX,BSXOPT,SENSEX 24 SEP 71500 PUT,SENSEX,1.0,71500.0,PE,20.0,5.0
839636,BSE,D,OPTIDX,BSXOPT,SENSEX 24 SEP 73800 PUT,SENSEX,1.0,73800.0,PE,20.0,5.0
839637,BSE,D,OPTIDX,BSXOPT,SENSEX 24 SEP 81500 PUT,SENSEX,1.0,81500.0,PE,20.0,5.0
839638,BSE,D,OPTIDX,BSXOPT,SENSEX 24 SEP 83800 PUT,SENSEX,1.0,83800.0,PE,20.0,5.0
839681,BSE,D,OPTIDX,BSXOPT,SENSEX 24 SEP 83900 CALL,SENSEX,1.0,83900.0,CE,20.0,5.0
839814,BSE,D,OPTIDX,BSXOPT,SENSEX 24 SEP 84200 PUT,SENSEX,1.0,84200.0,PE,20.0,5.0
839831,BSE,D,OPTIDX,BSXOPT,SENSEX 24 SEP 84100 CALL,SENSEX,1.0,84100.0,CE,20.0,5.0
839930,BSE,D,OPTIDX,BSXOPT,SENSEX 24 SEP 84100 PUT,SENSEX,1.0,84100.0,PE,20.0,5.0
839968,BSE,D,OPTIDX,BSXOPT,SENSEX 24 SEP 84200 CALL,SENSEX,1.0,84200.0,CE,20.0,5.0
839971,BSE,D,OPTIDX,BSXOPT,SENSEX 24 SEP 83900 PUT,SENSEX,1.0,83900.0,PE,20.0,5.0
840256,BSE,D,OPTIDX,BSXOPT,SENSEX 24 SEP 84400 CALL,SENSEX,1.0,84400.0,CE,20.0,5.0
840370,BSE,D,OPTIDX,BSXOPT,SENSEX 24 SEP 84400 PUT,SENSEX,1.0,84400.0,PE,20.0,5.0
840391,BSE,D,OPTIDX,BSXOPT,SENSEX 24 SEP 84300 CALL,SENSEX,1.0,84300.0,CE,20.0,5.0
840490,BSE,D,OPTIDX,BSXOPT,SENSEX 29 JUN 79000 PUT,SENSEX,1.0,79000.0,PE,20.0,5.0
840491,BSE,D,OPTIDX,BSXOPT,SENSEX 24 SEP 79000 CALL,SENSEX,1.0,79000.0,CE,20.0,5.0
840495,BSE,D,OPTIDX,BSXOPT,SENSEX 28 DEC 79000 PUT,SENSEX,1.0,79000.0,PE,20.0,5.0
840526,BSE,D,OPTIDX,BSXOPT,SENSEX 24 SEP 84300 PUT,SENSEX,1.0,84300.0,PE,20.0,5.0
840549,BSE,D,OPTIDX,BSXOPT,SENSEX 27 JUN 79000 PUT,SENSEX,1.0,79000.0,PE,20.0,5.0
840560,BSE,D,OPTIDX,BSXOPT,SENSEX 24 JUN 79000 PUT,SENSEX,1.0,79000.0,PE,20.0,5.0
840567,BSE,D,OPTIDX,BSXOPT,SENSEX 27 DEC 79000 PUT,SENSEX,1.0,79000.0,PE,20.0,5.0
840581,BSE,D,OPTIDX,BSXOPT,SENSEX 26 DEC 79000 CALL,SENSEX,1.0,79000.0,CE,20.0,5.0
840612,BSE,D,OPTIDX,BSXOPT,SENSEX 29 JUN 79000 CALL,SENSEX,1.0,79000.0,CE,20.0,5.0
840655,BSE,D,OPTIDX,BSXOPT,SENSEX 26 DEC 79000 PUT,SENSEX,1.0,79000.0,PE,20.0,5.0
840659,BSE,D,OPTIDX,BSXOPT,SENSEX 31 DEC 79000 CALL,SENSEX,1.0,79000.0,CE,20.0,5.0
840665,BSE,D,OPTIDX,BSXOPT,SENSEX 24 JUN 79000 CALL,SENSEX,1.0,79000.0,CE,20.0,5.0
840668,BSE,D,OPTIDX,BSXOPT,SENSEX 28 JUN 79000 CALL,SENSEX,1.0,79000.0,CE,20.0,5.0
840671,BSE,D,OPTIDX,BSXOPT,SENSEX 27 DEC 79000 CALL,SENSEX,1.0,79000.0,CE,20.0,5.0
840742,BSE,D,OPTIDX,BSXOPT,SENSEX 30 DEC 79000 CALL,SENSEX,1.0,79000.0,CE,20.0,5.0
840756,BSE,D,OPTIDX,BSXOPT,SENSEX 24 SEP 79000 PUT,SENSEX,1.0,79000.0,PE,20.0,5.0
840765,BSE,D,OPTIDX,BSXOPT,SENSEX 31 DEC 79000 PUT,SENSEX,1.0,79000.0,PE,20.0,5.0
840789,BSE,D,OPTIDX,BSXOPT,SENSEX 28 JUN 79000 PUT,SENSEX,1.0,79000.0,PE,20.0,5.0
840822,BSE,D,OPTIDX,BSXOPT,SENSEX 28 DEC 79000 CALL,SENSEX,1.0,79000.0,CE,20.0,5.0
840840,BSE,D,OPTIDX,BSXOPT,SENSEX 30 DEC 79000 PUT,SENSEX,1.0,79000.0,PE,20.0,5.0
840871,BSE,D,OPTIDX,BSXOPT,SENSEX 27 JUN 79000 CALL,SENSEX,1.0,79000.0,CE,20.0,5.0
841189,BSE,D,OPTIDX,BSXOPT,SENSEX 24 SEP 69300 PUT,SENSEX,1.0,69300.0,PE,20.0,5.0
841251,BSE,D,OPTIDX,BSXOPT,SENSEX 24 SEP 69700 CALL,SENSEX,1.0,69700.0,CE,20.0,5.0
841275,BSE,D,OPTIDX,BSXOPT,SENSEX 24 SEP 69200 CALL,SENSEX,1.0,69200.0,CE,20.0,5.0
841281,BSE,D,OPTIDX,BSXOPT,SENSEX 24 SEP 69500 PUT,SENSEX,1.0,69500.0,PE,20.0,5.0
841292,BSE,D,OPTIDX,BSXOPT,SENSEX 24 SEP 69400 CALL,SENSEX,1.0,69400.0,CE,20.0,5.0
841296,BSE,D,OPTIDX,BSXOPT,SENSEX 24 SEP 69700 PUT,SENSEX,1.0,69700.0,PE,20.0,5.0
841310,BSE,D,OPTIDX,BSXOPT,SENSEX 24 SEP 69600 CALL,SENSEX,1.0,69600.0,CE,20.0,5.0
841323,BSE,D,OPTIDX,BSXOPT,SENSEX 24 SEP 69200 PUT,SENSEX,1.0,69200.0,PE,20.0,5.0
841336,BSE,D,OPTIDX,BSXOPT,SENSEX 24 SEP 69400 PUT,SENSEX,1.0,69400.0,PE,20.0,5.0
841346,BSE,D,OPTIDX,BSXOPT,SENSEX 24 SEP 69300 CALL,SENSEX,1.0,69300.0,CE,20.0,5.0
841357,BSE,D,OPTIDX,BSXOPT,SENSEX 24 SEP 69600 PUT,SENSEX,1.0,69600.0,PE,20.0,5.0
841362,BSE,D,OPTIDX,BSXOPT,SENSEX 24 SEP 69500 CALL,SENSEX,1.0,69500.0,CE,20.0,5.0
841685,BSE,D,OPTIDX,SX50OPT,SENSEX50 24 SEP 24550 PUT,SENSEX50,47.0,24550.0,PE,75.0,5.0
841730,BSE,D,OPTIDX,SX50OPT,SENSEX50 24 SEP 25400 PUT,SENSEX50,47.0,25400.0,PE,75.0,5.0
841751,BSE,D,OPTIDX,BSXOPT,SENSEX 27 DEC 82000 CALL,SENSEX,1.0,82000.0,CE,20.0,5.0
841761,BSE,D,OPTIDX,BSXOPT,SENSEX 27 DEC 80000 PUT,SENSEX,1.0,80000.0,PE,20.0,5.0
841812,BSE,D,OPTIDX,BSXOPT,SENSEX 26 JUN 79000 CALL,SENSEX,1.0,79000.0,CE,20.0,5.0
841822,BSE,D,OPTIDX,SX50OPT,SENSEX50 24 SEP 24700 CALL,SENSEX50,47.0,24700.0,CE,75.0,5.0
841831,BSE,D,OPTIDX,SX50OPT,SENSEX50 24 SEP 25150 PUT,SENSEX50,47.0,25150.0,PE,75.0,5.0
841836,BSE,D,OPTIDX,BSXOPT,SENSEX 27 DEC 82000 PUT,SENSEX,1.0,82000.0,PE,20.0,5.0
841849,BSE,D,OPTIDX,BSXOPT,SENSEX 26 JUN 73000 CALL,SENSEX,1.0,73000.0,CE,20.0,5.0
841901,BSE,D,OPTIDX,BSXOPT,SENSEX 27 DEC 80000 CALL,SENSEX,1.0,80000.0,CE,20.0,5.0
841916,BSE,D,OPTIDX,BSXOPT,SENSEX 27 DEC 81000 CALL,SENSEX,1.0,81000.0,CE,20.0,5.0
841928,BSE,D,OPTIDX,SX50OPT,SENSEX50 24 SEP 24450 CALL,SENSEX50,47.0,24450.0,CE,75.0,5.0
841976,BSE,D,OPTIDX,SX50OPT,SENSEX50 24 SEP 25300 CALL,SENSEX50,47.0,25300.0,CE,75.0,5.0
842001,BSE,D,OPTIDX,BSXOPT,SENSEX 27 DEC 81000 PUT,SENSEX,1.0,81000.0,PE,20.0,5.0
842009,BSE,D,OPTIDX,BSXOPT,SENSEX 29 JUN 78000 PUT,SENSEX,1.0,78000.0,PE,20.0,5.0
842019,BSE,D,OPTIDX,BSXOPT,SENSEX 26 JUN 77000 PUT,SENSEX,1.0,77000.0,PE,20.0,5.0
842096,BSE,D,OPTIDX,SX50OPT,SENSEX50 24 SEP 26150 PUT,SENSEX50,47.0,26150.0,PE,75.0,5.0
842114,BSE,D,OPTIDX,BSXOPT,SENSEX 31 DEC 78000 PUT,SENSEX,1.0,78000.0,PE,20.0,5.0
842140,BSE,D,OPTIDX,BSXOPT,SENSEX 24 JUN 78000 PUT,SENSEX,1.0,78000.0,PE,20.0,5.0
842141,BSE,D,OPTIDX,BSXOPT,SENSEX 26 JUN 81000 PUT,SENSEX,1.0,81000.0,PE,20.0,5.0
842151,BSE,D,OPTIDX,BSXOPT,SENSEX 28 JUN 78000 PUT,SENSEX,1.0,78000.0,PE,20.0,5.0
842153,BSE,D,OPTIDX,BSXOPT,SENSEX 27 DEC 78000 PUT,SENSEX,1.0,78000.0,PE,20.0,5.0
842165,BSE,D,OPTIDX,SX50OPT,SENSEX50 24 SEP 24750 PUT,SENSEX50,47.0,24750.0,PE,75.0,5.0
842207,BSE,D,OPTIDX,BSXOPT,SENSEX 26 DEC 78000 CALL,SENSEX,1.0,78000.0,CE,20.0,5.0
842212,BSE,D,OPTIDX,SX50OPT,SENSEX50 24 SEP 25600 PUT,SENSEX50,47.0,25600.0,PE,75.0,5.0
842249,BSE,D,OPTIDX,BSXOPT,SENSEX 30 DEC 78000 PUT,SENSEX,1.0,78000.0,PE,20.0,5.0
842319,BSE,D,OPTIDX,SX50OPT,SENSEX50 24 SEP 24900 CALL,SENSEX50,47.0,24900.0,CE,75.0,5.0
842371,BSE,D,OPTIDX,SX50OPT,SENSEX50 24 SEP 26050 CALL,SENSEX50,47.0,26050.0,CE,75.0,5.0
842377,BSE,D,OPTIDX,BSXOPT,SENSEX 24 SEP 78000 CALL,SENSEX,1.0,78000.0,CE,20.0,5.0
842380,BSE,D,OPTIDX,BSXOPT,SENSEX 28 DEC 78000 PUT,SENSEX,1.0,78000.0,PE,20.0,5.0
842427,BSE,D,OPTIDX,SX50OPT,SENSEX50 24 SEP 24650 CALL,SENSEX50,47.0,24650.0,CE,75.0,5.0
842478,BSE,D,OPTIDX,BSXOPT,SENSEX 27 JUN 78000 PUT,SENSEX,1.0,78000.0,PE,20.0,5.0
842521,BSE,D,OPTIDX,BSXOPT,SENSEX 30 DEC 78000 CALL,SENSEX,1.0,78000.0,CE,20.0,5.0
842542,BSE,D,OPTIDX,BSXOPT,SENSEX 24 SEP 78000 PUT,SENSEX,1.0,78000.0,PE,20.0,5.0
842630,BSE,D,OPTIDX,BSXOPT,SENSEX 29 JUN 78000 CALL,SENSEX,1.0,78000.0,CE,20.0,5.0
842632,BSE,D,OPTIDX,BSXOPT,SENSEX 28 DEC 78000 CALL,SENSEX,1.0,78000.0,CE,20.0,5.0
842666,BSE,D,OPTIDX,SX50OPT,SENSEX50 24 SEP 24950 PUT,SENSEX50,47.0,24950.0,PE,75.0,5.0
842719,BSE,D,OPTIDX,BSXOPT,SENSEX 26 DEC 78000 PUT,SENSEX,1.0,78000.0,PE,20.0,5.0
842734,BSE,D,OPTIDX,BSXOPT,SENSEX 31 DEC 78000 CALL,SENSEX,1.0,78000.0,CE,20.0,5.0
842738,BSE,D,OPTIDX,BSXOPT,SENSEX 27 JUN 78000 CALL,SENSEX,1.0,78000.0,CE,20.0,5.0
842760,BSE,D,OPTIDX,BSXOPT,SENSEX 24 JUN 78000 CALL,SENSEX,1.0,78000.0,CE,20.0,5.0
842765,BSE,D,OPTIDX,BSXOPT,SENSEX 28 JUN 78000 CALL,SENSEX,1.0,78000.0,CE,20.0,5.0
842772,BSE,D,OPTIDX,BSXOPT,SENSEX 27 DEC 78000 CALL,SENSEX,1.0,78000.0,CE,20.0,5.0
842787,BSE,D,OPTIDX,SX50OPT,SENSEX50 24 SEP 24200 CALL,SENSEX50,47.0,24200.0,CE,75.0,5.0
842863,BSE,D,OPTIDX,BSXOPT,SENSEX 31 DEC 82000 PUT,SENSEX,1.0,82000.0,PE,20.0,5.0
842866,BSE,D,OPTIDX,BSXOPT,SENSEX 29 JUN 82000 PUT,SENSEX,1.0,82000.0,PE,20.0,5.0
842869,BSE,D,OPTIDX,BSXOPT,SENSEX 28 DEC 82000 PUT,SENSEX,1.0,82000.0,PE,20.0,5.0
842888,BSE,D,OPTIDX,BSXOPT,SENSEX 30 DEC 81000 CALL,SENSEX,1.0,81000.0,CE,20.0,5.0
842935,BSE,D,OPTIDX,BSXOPT,SENSEX 24 JUN 82000 PUT,SENSEX,1.0,82000.0,PE,20.0,5.0
842952,BSE,D,OPTIDX,BSXOPT,SENSEX 31 DEC 81000 CALL,SENSEX,1.0,81000.0,CE,20.0,5.0
842955,BSE,D,OPTIDX,BSXOPT,SENSEX 29 JUN 81000 CALL,SENSEX,1.0,81000.0,CE,20.0,5.0
842956,BSE,D,OPTIDX,SX50OPT,SENSEX50 24 SEP 24850 CALL,SENSEX50,47.0,24850.0,CE,75.0,5.0
842959,BSE,D,OPTIDX,BSXOPT,SENSEX 28 DEC 81000 CALL,SENSEX,1.0,81000.0,CE,20.0,5.0
842981,BSE,D,OPTIDX,BSXOPT,SENSEX 30 DEC 81000 PUT,SENSEX,1.0,81000.0,PE,20.0,5.0
843022,BSE,D,OPTIDX,BSXOPT,SENSEX 24 JUN 81000 CALL,SENSEX,1.0,81000.0,CE,20.0,5.0
843031,BSE,D,OPTIDX,SX50OPT,SENSEX50 24 SEP 24500 PUT,SENSEX50,47.0,24500.0,PE,75.0,5.0
843043,BSE,D,OPTIDX,BSXOPT,SENSEX 31 DEC 81000 PUT,SENSEX,1.0,81000.0,PE,20.0,5.0
843045,BSE,D,OPTIDX,BSXOPT,SENSEX 29 JUN 81000 PUT,SENSEX,1.0,81000.0,PE,20.0,5.0
843050,BSE,D,OPTIDX,BSXOPT,SENSEX 28 DEC 81000 PUT,SENSEX,1.0,81000.0,PE,20.0,5.0
843111,BSE,D,OPTIDX,BSXOPT,SENSEX 24 JUN 81000 PUT,SENSEX,1.0,81000.0,PE,20.0,5.0
843117,BSE,D,OPTIDX,SX50OPT,SENSEX50 24 SEP 24250 PUT,SENSEX50,47.0,24250.0,PE,75.0,5.0
843144,BSE,D,OPTIDX,BSXOPT,SENSEX 30 DEC 82000 CALL,SENSEX,1.0,82000.0,CE,20.0,5.0
843155,BSE,D,OPTIDX,SX50OPT,SENSEX50 24 SEP 25100 PUT,SENSEX50,47.0,25100.0,PE,75.0,5.0
843215,BSE,D,OPTIDX,BSXOPT,SENSEX 31 DEC 82000 CALL,SENSEX,1.0,82000.0,CE,20.0,5.0
843220,BSE,D,OPTIDX,BSXOPT,SENSEX 29 JUN 82000 CALL,SENSEX,1.0,82000.0,CE,20.0,5.0
843222,BSE,D,OPTIDX,BSXOPT,SENSEX 28 DEC 82000 CALL,SENSEX,1.0,82000.0,CE,20.0,5.0
843250,BSE,D,OPTIDX,BSXOPT,SENSEX 30 DEC 82000 PUT,SENSEX,1.0,82000.0,PE,20.0,5.0
843283,BSE,D,OPTIDX,BSXOPT,SENSEX 24 JUN 82000 CALL,SENSEX,1.0,82000.0,CE,20.0,5.0
843290,BSE,D,OPTIDX,SX50OPT,SENSEX50 24 SEP 24400 CALL,SENSEX50,47.0,24400.0,CE,75.0,5.0
843481,BSE,D,OPTIDX,SX50OPT,SENSEX50 24 SEP 26100 PUT,SENSEX50,47.0,26100.0,PE,75.0,5.0
843525,BSE,D,OPTIDX,SX50OPT,SENSEX50 24 SEP 24700 PUT,SENSEX50,47.0,24700.0,PE,75.0,5.0
843556,BSE,D,OPTIDX,BSXOPT,SENSEX 26 JUN 73000 PUT,SENSEX,1.0,73000.0,PE,20.0,5.0
843599,BSE,D,OPTIDX,BSXOPT,SENSEX 26 JUN 76000 CALL,SENSEX,1.0,76000.0,CE,20.0,5.0
843623,BSE,D,OPTIDX,SX50OPT,SENSEX50 24 SEP 24450 PUT,SENSEX50,47.0,24450.0,PE,75.0,5.0
843735,BSE,D,OPTIDX,SX50OPT,SENSEX50 24 SEP 26000 CALL,SENSEX50,47.0,26000.0,CE,75.0,5.0
843754,BSE,D,OPTIDX,BSXOPT,SENSEX 30 DEC 77000 CALL,SENSEX,1.0,77000.0,CE,20.0,5.0
843783,BSE,D,OPTIDX,SX50OPT,SENSEX50 24 SEP 24600 CALL,SENSEX50,47.0,24600.0,CE,75.0,5.0
843797,BSE,D,OPTIDX,BSXOPT,SENSEX 24 SEP 77000 PUT,SENSEX,1.0,77000.0,PE,20.0,5.0
843831,BSE,D,OPTIDX,BSXOPT,SENSEX 26 JUN 74000 PUT,SENSEX,1.0,74000.0,PE,20.0,5.0
843886,BSE,D,OPTIDX,SX50OPT,SENSEX50 24 SEP 24350 CALL,SENSEX50,47.0,24350.0,CE,75.0,5.0
843974,BSE,D,OPTIDX,BSXOPT,SENSEX 29 JUN 77000 CALL,SENSEX,1.0,77000.0,CE,20.0,5.0
843979,BSE,D,OPTIDX,BSXOPT,SENSEX 27 JUN 82000 PUT,SENSEX,1.0,82000.0,PE,20.0,5.0
843982,BSE,D,OPTIDX,BSXOPT,SENSEX 28 DEC 77000 CALL,SENSEX,1.0,77000.0,CE,20.0,5.0
844025,BSE,D,OPTIDX,SX50OPT,SENSEX50 24 SEP 24900 PUT,SENSEX50,47.0,24900.0,PE,75.0,5.0
844052,BSE,D,OPTIDX,BSXOPT,SENSEX 30 DEC 77000 PUT,SENSEX,1.0,77000.0,PE,20.0,5.0
844073,BSE,D,OPTIDX,SX50OPT,SENSEX50 24 SEP 26050 PUT,SENSEX50,47.0,26050.0,PE,75.0,5.0
844111,BSE,D,OPTIDX,SX50OPT,SENSEX50 24 SEP 24650 PUT,SENSEX50,47.0,24650.0,PE,75.0,5.0
844119,BSE,D,OPTIDX,BSXOPT,SENSEX 27 JUN 81000 CALL,SENSEX,1.0,81000.0,CE,20.0,5.0
844139,BSE,D,OPTIDX,BSXOPT,SENSEX 27 JUN 77000 CALL,SENSEX,1.0,77000.0,CE,20.0,5.0
844186,BSE,D,OPTIDX,BSXOPT,SENSEX 24 JUN 77000 CALL,SENSEX,1.0,77000.0,CE,20.0,5.0
844202,BSE,D,OPTIDX,BSXOPT,SENSEX 28 JUN 77000 CALL,SENSEX,1.0,77000.0,CE,20.0,5.0
844212,BSE,D,OPTIDX,SX50OPT,SENSEX50 24 SEP 26200 CALL,SENSEX50,47.0,26200.0,CE,75.0,5.0
844215,BSE,D,OPTIDX,BSXOPT,SENSEX 27 DEC 77000 CALL,SENSEX,1.0,77000.0,CE,20.0,5.0
844261,BSE,D,OPTIDX,SX50OPT,SENSEX50 24 SEP 24800 CALL,SENSEX50,47.0,24800.0,CE,75.0,5.0
844271,BSE,D,OPTIDX,BSXOPT,SENSEX 29 JUN 77000 PUT,SENSEX,1.0,77000.0,PE,20.0,5.0
844272,BSE,D,OPTIDX,BSXOPT,SENSEX 27 JUN 81000 PUT,SENSEX,1.0,81000.0,PE,20.0,5.0
844287,BSE,D,OPTIDX,BSXOPT,SENSEX 28 DEC 77000 PUT,SENSEX,1.0,77000.0,PE,20.0,5.0
844370,BSE,D,OPTIDX,SX50OPT,SENSEX50 24 SEP 24550 CALL,SENSEX50,47.0,24550.0,CE,75.0,5.0
844400,BSE,D,OPTIDX,BSXOPT,SENSEX 27 JUN 80000 CALL,SENSEX,1.0,80000.0,CE,20.0,5.0
844440,BSE,D,OPTIDX,SX50OPT,SENSEX50 24 SEP 24200 PUT,SENSEX50,47.0,24200.0,PE,75.0,5.0
844454,BSE,D,OPTIDX,BSXOPT,SENSEX 31 DEC 77000 PUT,SENSEX,1.0,77000.0,PE,20.0,5.0
844460,BSE,D,OPTIDX,BSXOPT,SENSEX 27 JUN 77000 PUT,SENSEX,1.0,77000.0,PE,20.0,5.0
844506,BSE,D,OPTIDX,BSXOPT,SENSEX 24 JUN 77000 PUT,SENSEX,1.0,77000.0,PE,20.0,5.0
844510,BSE,D,OPTIDX,BSXOPT,SENSEX 27 JUN 82000 CALL,SENSEX,1.0,82000.0,CE,20.0,5.0
844523,BSE,D,OPTIDX,BSXOPT,SENSEX 28 JUN 77000 PUT,SENSEX,1.0,77000.0,PE,20.0,5.0
844531,BSE,D,OPTIDX,BSXOPT,SENSEX 27 DEC 77000 PUT,SENSEX,1.0,77000.0,PE,20.0,5.0
844532,BSE,D,OPTIDX,BSXOPT,SENSEX 27 JUN 80000 PUT,SENSEX,1.0,80000.0,PE,20.0,5.0
844614,BSE,D,OPTIDX,BSXOPT,SENSEX 26 DEC 77000 CALL,SENSEX,1.0,77000.0,CE,20.0,5.0
844615,BSE,D,FUTIDX,BSXFUT,SENSEX SEP  FUT,SENSEX,1.0,0.0,,20.0,5.0
844635,BSE,D,OPTIDX,SX50OPT,SENSEX50 24 SEP 24850 PUT,SENSEX50,47.0,24850.0,PE,75.0,5.0
844691,BSE,D,OPTIDX,SX50OPT,SENSEX50 24 SEP 25550 CALL,SENSEX50,47.0,25550.0,CE,75.0,5.0
844842,BSE,D,OPTIDX,SX50OPT,SENSEX50 24 SEP 26150 CALL,SENSEX50,47.0,26150.0,CE,75.0,5.0
844848,BSE,D,OPTIDX,BSXOPT,SENSEX 24 SEP 77000 CALL,SENSEX,1.0,77000.0,CE,20.0,5.0
844855,BSE,D,OPTIDX,BSXOPT,SENSEX 26 DEC 77000 PUT,SENSEX,1.0,77000.0,PE,20.0,5.0
844869,BSE,D,OPTIDX,BSXOPT,SENSEX 31 DEC 77000 CALL,SENSEX,1.0,77000.0,CE,20.0,5.0
844906,BSE,D,OPTIDX,SX50OPT,SENSEX50 24 SEP 25850 PUT,SENSEX50,47.0,25850.0,PE,75.0,5.0
844934,BSE,D,OPTIDX,SX50OPT,SENSEX50 24 SEP 24400 PUT,SENSEX50,47.0,24400.0,PE,75.0,5.0
845017,BSE,D,OPTIDX,BSXOPT,SENSEX 26 JUN 78000 CALL,SENSEX,1.0,78000.0,CE,20.0,5.0
845060,BSE,D,OPTIDX,BSXOPT,SENSEX 26 JUN 72000 CALL,SENSEX,1.0,72000.0,CE,20.0,5.0
845129,BSE,D,OPTIDX,BSXOPT,SENSEX 26 JUN 82000 CALL,SENSEX,1.0,82000.0,CE,20.0,5.0
845141,BSE,D,OPTIDX,SX50OPT,SENSEX50 24 SEP 25750 CALL,SENSEX50,47.0,25750.0,CE,75.0,5.0
845179,BSE,D,OPTIDX,SX50OPT,SENSEX50 24 SEP 24300 CALL,SENSEX50,47.0,24300.0,CE,75.0,5.0
845229,BSE,D,OPTIDX,BSXOPT,SENSEX 26 JUN 76000 PUT,SENSEX,1.0,76000.0,PE,20.0,5.0
845346,BSE,D,OPTIDX,BSXOPT,SENSEX 26 JUN 80000 PUT,SENSEX,1.0,80000.0,PE,20.0,5.0
845360,BSE,D,OPTIDX,SX50OPT,SENSEX50 24 SEP 26000 PUT,SENSEX50,47.0,26000.0,PE,75.0,5.0
845405,BSE,D,OPTIDX,SX50OPT,SENSEX50 24 SEP 24600 PUT,SENSEX50,47.0,24600.0,PE,75.0,5.0
845508,BSE,D,OPTIDX,SX50OPT,SENSEX50 24 SEP 24350 PUT,SENSEX50,47.0,24350.0,PE,75.0,5.0
845552,BSE,D,OPTIDX,SX50OPT,SENSEX50 24 SEP 25050 CALL,SENSEX50,47.0,25050.0,CE,75.0,5.0
845608,BSE,D,OPTIDX,SX50OPT,SENSEX50 24 SEP 25950 CALL,SENSEX50,47.0,25950.0,CE,75.0,5.0
845645,BSE,D,OPTIDX,SX50OPT,SENSEX50 24 SEP 24500 CALL,SENSEX50,47.0,24500.0,CE,75.0,5.0
845765,BSE,D,OPTIDX,SX50OPT,SENSEX50 24 SEP 25350 PUT,SENSEX50,47.0,25350.0,PE,75.0,5.0
845813,BSE,D,OPTIDX,SX50OPT,SENSEX50 24 SEP 26200 PUT,SENSEX50,47.0,26200.0,PE,75.0,5.0
845864,BSE,D,OPTIDX,SX50OPT,SENSEX50 24 SEP 24800 PUT,SENSEX50,47.0,24800.0,PE,75.0,5.0
845908,BSE,D,OPTIDX,SX50OPT,SENSEX50 24 SEP 25500 CALL,SENSEX50,47.0,25500.0,CE,75.0,5.0
845996,BSE,D,OPTIDX,SX50OPT,SENSEX50 24 SEP 25250 CALL,SENSEX50,47.0,25250.0,CE,75.0,5.0
846046,BSE,D,OPTIDX,SX50OPT,SENSEX50 24 SEP 26100 CALL,SENSEX50,47.0,26100.0,CE,75.0,5.0
846102,BSE,D,OPTIDX,SX50OPT,SENSEX50 24 SEP 25800 PUT,SENSEX50,47.0,25800.0,PE,75.0,5.0
846216,BSE,D,OPTIDX,SX50OPT,SENSEX50 24 SEP 25550 PUT,SENSEX50,47.0,25550.0,PE,75.0,5.0
846375,BSE,D,OPTIDX,SX50OPT,SENSEX50 24 SEP 25700 CALL,SENSEX50,47.0,25700.0,CE,75.0,5.0
846416,BSE,D,OPTIDX,BSXOPT,SENSEX 26 JUN 74000 CALL,SENSEX,1.0,74000.0,CE,20.0,5.0
846477,BSE,D,OPTIDX,SX50OPT,SENSEX50 24 SEP 25450 CALL,SENSEX50,47.0,25450.0,CE,75.0,5.0
846586,BSE,D,OPTIDX,BSXOPT,SENSEX 26 JUN 78000 PUT,SENSEX,1.0,78000.0,PE,20.0,5.0
846614,BSE,D,OPTIDX,BSXOPT,SENSEX 26 JUN 72000 PUT,SENSEX,1.0,72000.0,PE,20.0,5.0
846646,BSE,D,OPTIDX,BSXOPT,SENSEX 26 JUN 75000 CALL,SENSEX,1.0,75000.0,CE,20.0,5.0
846672,BSE,D,OPTIDX,BSXOPT,SENSEX 26 JUN 82000 PUT,SENSEX,1.0,82000.0,PE,20.0,5.0
846685,BSE,D,OPTIDX,SX50OPT,SENSEX50 24 SEP 25750 PUT,SENSEX50,47.0,25750.0,PE,75.0,5.0
846736,BSE,D,OPTIDX,SX50OPT,SENSEX50 24 SEP 24300 PUT,SENSEX50,47.0,24300.0,PE,75.0,5.0
846800,BSE,D,OPTIDX,SX50OPT,SENSEX50 24 SEP 25000 CALL,SENSEX50,47.0,25000.0,CE,75.0,5.0
846852,BSE,D,OPTIDX,SX50OPT,SENSEX50 24 SEP 25900 CALL,SENSEX50,47.0,25900.0,CE,75.0,5.0
846859,BSE,D,OPTIDX,BSXOPT,SENSEX 26 JUN 79000 PUT,SENSEX,1.0,79000.0,PE,20.0,5.0
846955,BSE,D,OPTIDX,SX50OPT,SENSEX50 24 SEP 25650 CALL,SENSEX50,47.0,25650.0,CE,75.0,5.0
847027,BSE,D,OPTIDX,SX50OPT,SENSEX50 24 SEP 25300 PUT,SENSEX50,47.0,25300.0,PE,75.0,5.0
847129,BSE,D,OPTIDX,SX50OPT,SENSEX50 24 SEP 25050 PUT,SENSEX50,47.0,25050.0,PE,75.0,5.0
847162,BSE,D,OPTIDX,SX50OPT,SENSEX50 24 SEP 25950 PUT,SENSEX50,47.0,25950.0,PE,75.0,5.0
847265,BSE,D,OPTIDX,SX50OPT,SENSEX50 24 SEP 25200 CALL,SENSEX50,47.0,25200.0,CE,75.0,5.0
847418,BSE,D,OPTIDX,SX50OPT,SENSEX50 24 SEP 25850 CALL,SENSEX50,47.0,25850.0,CE,75.0,5.0
847493,BSE,D,OPTIDX,SX50OPT,SENSEX50 24 SEP 25500 PUT,SENSEX50,47.0,25500.0,PE,75.0,5.0
847577,BSE,D,OPTIDX,SX50OPT,SENSEX50 24 SEP 25250 PUT,SENSEX50,47.0,25250.0,PE,75.0,5.0
847706,BSE,D,OPTIDX,SX50OPT,SENSEX50 24 SEP 25400 CALL,SENSEX50,47.0,25400.0,CE,75.0,5.0
847811,BSE,D,OPTIDX,SX50OPT,SENSEX50 24 SEP 25150 CALL,SENSEX50,47.0,25150.0,CE,75.0,5.0
847839,BSE,D,OPTIDX,BSXOPT,SENSEX 26 JUN 80000 CALL,SENSEX,1.0,80000.0,CE,20.0,5.0
847927,BSE,D,OPTIDX,SX50OPT,SENSEX50 24 SEP 25700 PUT,SENSEX50,47.0,25700.0,PE,75.0,5.0
848004,BSE,D,OPTIDX,BSXOPT,SENSEX 26 JUN 77000 CALL,SENSEX,1.0,77000.0,CE,20.0,5.0
848027,BSE,D,OPTIDX,SX50OPT,SENSEX50 24 SEP 25450 PUT,SENSEX50,47.0,25450.0,PE,75.0,5.0
848111,BSE,D,OPTIDX,BSXOPT,SENSEX 26 JUN 81000 CALL,SENSEX,1.0,81000.0,CE,20.0,5.0
848123,BSE,D,OPTIDX,SX50OPT,SENSEX50 24 SEP 24750 CALL,SENSEX50,47.0,24750.0,CE,75.0,5.0
848166,BSE,D,OPTIDX,SX50OPT,SENSEX50 24 SEP 25600 CALL,SENSEX50,47.0,25600.0,CE,75.0,5.0
848225,BSE,D,OPTIDX,BSXOPT,SENSEX 26 JUN 75000 PUT,SENSEX,1.0,75000.0,PE,20.0,5.0
848273,BSE,D,OPTIDX,SX50OPT,SENSEX50 24 SEP 25350 CALL,SENSEX50,47.0,25350.0,CE,75.0,5.0
848327,BSE,D,OPTIDX,SX50OPT,SENSEX50 24 SEP 25000 PUT,SENSEX50,47.0,25000.0,PE,75.0,5.0
848375,BSE,D,OPTIDX,SX50OPT,SENSEX50 24 SEP 25900 PUT,SENSEX50,47.0,25900.0,PE,75.0,5.0
848497,BSE,D,OPTIDX,SX50OPT,SENSEX50 24 SEP 25650 PUT,SENSEX50,47.0,25650.0,PE,75.0,5.0
848611,BSE,D,OPTIDX,SX50OPT,SENSEX50 24 SEP 24950 CALL,SENSEX50,47.0,24950.0,CE,75.0,5.0
848662,BSE,D,OPTIDX,SX50OPT,SENSEX50 24 SEP 25800 CALL,SENSEX50,47.0,25800.0,CE,75.0,5.0
848832,BSE,D,OPTIDX,SX50OPT,SENSEX50 24 SEP 25200 PUT,SENSEX50,47.0,25200.0,PE,75.0,5.0
848959,BSE,D,FUTIDX,SX50FUT,SENSEX50 SEP  FUT,SENSEX50,47.0,0.0,,75.0,5.0
849028,BSE,D,OPTIDX,SX50OPT,SENSEX50 24 SEP 24250 CALL,SENSEX50,47.0,24250.0,CE,75.0,5.0
849078,BSE,D,OPTIDX,SX50OPT,SENSEX50 24 SEP 25100 CALL,SENSEX50,47.0,25100.0,CE,75.0,5.0
849867,BSE,D,OPTIDX,SX50OPT,SENSEX50 24 SEP 24100 PUT,SENSEX50,47.0,24100.0,PE,75.0,5.0
849980,BSE,D,OPTIDX,SX50OPT,SENSEX50 24 SEP 24150 CALL,SENSEX50,47.0,24150.0,CE,75.0,5.0
850281,BSE,D,OPTIDX,SX50OPT,SENSEX50 24 SEP 24100 CALL,SENSEX50,47.0,24100.0,CE,75.0,5.0
850395,BSE,D,OPTIDX,SX50OPT,SENSEX50 24 SEP 24150 PUT,SENSEX50,47.0,24150.0,PE,75.0,5.0
850496,BSE,D,OPTIDX,SX50OPT,SENSEX50 24 SEP 24050 PUT,SENSEX50,47.0,24050.0,PE,75.0,5.0
850533,BSE,D,OPTIDX,SX50OPT,SENSEX50 24 SEP 24050 CALL,SENSEX50,47.0,24050.0,CE,75.0,5.0
850808,BSE,D,OPTIDX,BSXOPT,SENSEX 26 JUN 71000 PUT,SENSEX,1.0,71000.0,PE,20.0,5.0
850865,BSE,D,OPTIDX,BSXOPT,SENSEX 30 DEC 71000 CALL,SENSEX,1.0,71000.0,CE,20.0,5.0
851369,BSE,D,OPTIDX,BSXOPT,SENSEX 29 JUN 71000 CALL,SENSEX,1.0,71000.0,CE,20.0,5.0
851386,BSE,D,OPTIDX,BSXOPT,SENSEX 28 DEC 71000 CALL,SENSEX,1.0,71000.0,CE,20.0,5.0
851522,BSE,D,OPTIDX,BSXOPT,SENSEX 30 DEC 71000 PUT,SENSEX,1.0,71000.0,PE,20.0,5.0
851542,BSE,D,OPTIDX,SX50OPT,SENSEX50 24 SEP 24000 PUT,SENSEX50,47.0,24000.0,PE,75.0,5.0
851756,BSE,D,OPTIDX,BSXOPT,SENSEX 27 JUN 71000 CALL,SENSEX,1.0,71000.0,CE,20.0,5.0
851851,BSE,D,OPTIDX,BSXOPT,SENSEX 24 JUN 71000 CALL,SENSEX,1.0,71000.0,CE,20.0,5.0
851882,BSE,D,OPTIDX,BSXOPT,SENSEX 28 JUN 71000 CALL,SENSEX,1.0,71000.0,CE,20.0,5.0
851906,BSE,D,OPTIDX,BSXOPT,SENSEX 27 DEC 71000 CALL,SENSEX,1.0,71000.0,CE,20.0,5.0
852035,BSE,D,OPTIDX,BSXOPT,SENSEX 29 JUN 71000 PUT,SENSEX,1.0,71000.0,PE,20.0,5.0
852060,BSE,D,OPTIDX,BSXOPT,SENSEX 28 DEC 71000 PUT,SENSEX,1.0,71000.0,PE,20.0,5.0
852376,BSE,D,OPTIDX,BSXOPT,SENSEX 31 DEC 71000 PUT,SENSEX,1.0,71000.0,PE,20.0,5.0
852394,BSE,D,OPTIDX,BSXOPT,SENSEX 27 JUN 71000 PUT,SENSEX,1.0,71000.0,PE,20.0,5.0
852491,BSE,D,OPTIDX,BSXOPT,SENSEX 24 JUN 71000 PUT,SENSEX,1.0,71000.0,PE,20.0,5.0
852533,BSE,D,OPTIDX,BSXOPT,SENSEX 28 JUN 71000 PUT,SENSEX,1.0,71000.0,PE,20.0,5.0
852551,BSE,D,OPTIDX,BSXOPT,SENSEX 27 DEC 71000 PUT,SENSEX,1.0,71000.0,PE,20.0,5.0
852617,BSE,D,OPTIDX,SX50OPT,SENSEX50 24 SEP 24000 CALL,SENSEX50,47.0,24000.0,CE,75.0,5.0
852773,BSE,D,OPTIDX,BSXOPT,SENSEX 26 DEC 71000 CALL,SENSEX,1.0,71000.0,CE,20.0,5.0
852886,BSE,D,OPTIDX,BSXOPT,SENSEX 25 MAR 71000 CALL,SENSEX,1.0,71000.0,CE,20.0,5.0
853271,BSE,D,OPTIDX,BSXOPT,SENSEX 26 JUN 71000 CALL,SENSEX,1.0,71000.0,CE,20.0,5.0
853464,BSE,D,OPTIDX,BSXOPT,SENSEX 26 DEC 71000 PUT,SENSEX,1.0,71000.0,PE,20.0,5.0
853499,BSE,D,OPTIDX,BSXOPT,SENSEX 31 DEC 71000 CALL,SENSEX,1.0,71000.0,CE,20.0,5.0
853565,BSE,D,OPTIDX,BSXOPT,SENSEX 25 MAR 71000 PUT,SENSEX,1.0,71000.0,PE,20.0,5.0
854777,BSE,D,OPTIDX,BSXOPT,SENSEX 26 JUN 83000 CALL,SENSEX,1.0,83000.0,CE,20.0,5.0
854804,BSE,D,OPTIDX,SX50OPT,SENSEX50 24 SEP 26300 CALL,SENSEX50,47.0,26300.0,CE,75.0,5.0
854835,BSE,D,OPTIDX,BSXOPT,SENSEX 25 MAR 83000 PUT,SENSEX,1.0,83000.0,PE,20.0,5.0
854856,BSE,D,OPTIDX,SX50OPT,SENSEX50 24 SEP 26250 CALL,SENSEX50,47.0,26250.0,CE,75.0,5.0
854901,BSE,D,OPTIDX,BSXOPT,SENSEX 27 JUN 83000 PUT,SENSEX,1.0,83000.0,PE,20.0,5.0
854937,BSE,D,OPTIDX,BSXOPT,SENSEX 26 JUN 83000 PUT,SENSEX,1.0,83000.0,PE,20.0,5.0
854960,BSE,D,OPTIDX,BSXOPT,SENSEX 30 DEC 83000 CALL,SENSEX,1.0,83000.0,CE,20.0,5.0
854980,BSE,D,OPTIDX,SX50OPT,SENSEX50 24 SEP 26300 PUT,SENSEX50,47.0,26300.0,PE,75.0,5.0
855035,BSE,D,OPTIDX,SX50OPT,SENSEX50 24 SEP 26250 PUT,SENSEX50,47.0,26250.0,PE,75.0,5.0
855088,BSE,D,OPTIDX,BSXOPT,SENSEX 29 JUN 83000 CALL,SENSEX,1.0,83000.0,CE,20.0,5.0
855094,BSE,D,OPTIDX,BSXOPT,SENSEX 28 DEC 83000 CALL,SENSEX,1.0,83000.0,CE,20.0,5.0
855113,BSE,D,OPTIDX,BSXOPT,SENSEX 28 JUN 82000 PUT,SENSEX,1.0,82000.0,PE,20.0,5.0
855178,BSE,D,OPTIDX,BSXOPT,SENSEX 26 DEC 83000 PUT,SENSEX,1.0,83000.0,PE,20.0,5.0
855188,BSE,D,OPTIDX,BSXOPT,SENSEX 31 DEC 83000 CALL,SENSEX,1.0,83000.0,CE,20.0,5.0
855191,BSE,D,OPTIDX,BSXOPT,SENSEX 27 JUN 83000 CALL,SENSEX,1.0,83000.0,CE,20.0,5.0
855195,BSE,D,OPTIDX,BSXOPT,SENSEX 24 SEP 84500 CALL,SENSEX,1.0,84500.0,CE,20.0,5.0
855218,BSE,D,OPTIDX,BSXOPT,SENSEX 24 JUN 83000 CALL,SENSEX,1.0,83000.0,CE,20.0,5.0
855225,BSE,D,OPTIDX,BSXOPT,SENSEX 28 JUN 83000 CALL,SENSEX,1.0,83000.0,CE,20.0,5.0
855235,BSE,D,OPTIDX,BSXOPT,SENSEX 27 DEC 83000 CALL,SENSEX,1.0,83000.0,CE,20.0,5.0
855281,BSE,D,OPTIDX,BSXOPT,SENSEX 29 JUN 83000 PUT,SENSEX,1.0,83000.0,PE,20.0,5.0
855287,BSE,D,OPTIDX,BSXOPT,SENSEX 28 DEC 83000 PUT,SENSEX,1.0,83000.0,PE,20.0,5.0
855395,BSE,D,OPTIDX,BSXOPT,SENSEX 31 DEC 83000 PUT,SENSEX,1.0,83000.0,PE,20.0,5.0
855402,BSE,D,OPTIDX,BSXOPT,SENSEX 24 SEP 84500 PUT,SENSEX,1.0,84500.0,PE,20.0,5.0
855419,BSE,D,OPTIDX,BSXOPT,SENSEX 24 JUN 83000 PUT,SENSEX,1.0,83000.0,PE,20.0,5.0
855429,BSE,D,OPTIDX,BSXOPT,SENSEX 28 JUN 83000 PUT,SENSEX,1.0,83000.0,PE,20.0,5.0
855436,BSE,D,OPTIDX,BSXOPT,SENSEX 27 DEC 83000 PUT,SENSEX,1.0,83000.0,PE,20.0,5.0
855488,BSE,D,OPTIDX,BSXOPT,SENSEX 26 DEC 83000 CALL,SENSEX,1.0,83000.0,CE,20.0,5.0
855524,BSE,D,OPTIDX,BSXOPT,SENSEX 25 MAR 83000 CALL,SENSEX,1.0,83000.0,CE,20.0,5.0
855533,BSE,D,OPTIDX,BSXOPT,SENSEX 30 DEC 83000 PUT,SENSEX,1.0,83000.0,PE,20.0,5.0
855681,BSE,D,OPTIDX,SX50OPT,SENSEX50 24 SEP 26350 PUT,SENSEX50,47.0,26350.0,PE,75.0,5.0
855784,BSE,D,OPTIDX,BSXOPT,SENSEX 24 SEP 84700 PUT,SENSEX,1.0,84700.0,PE,20.0,5.0
855798,BSE,D,OPTIDX,BSXOPT,SENSEX 24 SEP 84600 CALL,SENSEX,1.0,84600.0,CE,20.0,5.0
855836,BSE,D,OPTIDX,BSXOPT,SENSEX 24 SEP 84800 CALL,SENSEX,1.0,84800.0,CE,20.0,5.0
855848,BSE,D,OPTIDX,SX50OPT,SENSEX50 24 SEP 26400 CALL,SENSEX50,47.0,26400.0,CE,75.0,5.0
855927,BSE,D,OPTIDX,BSXOPT,SENSEX 24 SEP 84600 PUT,SENSEX,1.0,84600.0,PE,20.0,5.0
855961,BSE,D,OPTIDX,BSXOPT,SENSEX 24 SEP 84800 PUT,SENSEX,1.0,84800.0,PE,20.0,5.0
855966,BSE,D,OPTIDX,SX50OPT,SENSEX50 24 SEP 26400 PUT,SENSEX50,47.0,26400.0,PE,75.0,5.0
855975,BSE,D,OPTIDX,BSXOPT,SENSEX 24 SEP 84700 CALL,SENSEX,1.0,84700.0,CE,20.0,5.0
856140,BSE,D,OPTIDX,SX50OPT,SENSEX50 24 SEP 26350 CALL,SENSEX50,47.0,26350.0,CE,75.0,5.0
856221,BSE,D,OPTIDX,BSXOPT,SENSEX 24 SEP 85100 CALL,SENSEX,1.0,85100.0,CE,20.0,5.0
856260,BSE,D,OPTIDX,BSXOPT,SENSEX 24 SEP 85300 CALL,SENSEX,1.0,85300.0,CE,20.0,5.0
856276,BSE,D,OPTIDX,SX50OPT,SENSEX50 24 SEP 26600 PUT,SENSEX50,47.0,26600.0,PE,75.0,5.0
856289,BSE,D,OPTIDX,BSXOPT,SENSEX 24 SEP 84900 CALL,SENSEX,1.0,84900.0,CE,20.0,5.0
856302,BSE,D,OPTIDX,SX50OPT,SENSEX50 24 SEP 26500 CALL,SENSEX50,47.0,26500.0,CE,75.0,5.0
856332,BSE,D,OPTIDX,SX50OPT,SENSEX50 24 SEP 26550 PUT,SENSEX50,47.0,26550.0,PE,75.0,5.0
856357,BSE,D,OPTIDX,SX50OPT,SENSEX50 24 SEP 26450 CALL,SENSEX50,47.0,26450.0,CE,75.0,5.0
856367,BSE,D,OPTIDX,BSXOPT,SENSEX 24 SEP 85100 PUT,SENSEX,1.0,85100.0,PE,20.0,5.0
856400,BSE,D,OPTIDX,BSXOPT,SENSEX 24 SEP 85300 PUT,SENSEX,1.0,85300.0,PE,20.0,5.0
856434,BSE,D,OPTIDX,BSXOPT,SENSEX 24 SEP 84900 PUT,SENSEX,1.0,84900.0,PE,20.0,5.0
856445,BSE,D,OPTIDX,SX50OPT,SENSEX50 24 SEP 26500 PUT,SENSEX50,47.0,26500.0,PE,75.0,5.0
856478,BSE,D,OPTIDX,SX50OPT,SENSEX50 24 SEP 26450 PUT,SENSEX50,47.0,26450.0,PE,75.0,5.0
856494,BSE,D,OPTIDX,SX50OPT,SENSEX50 24 SEP 26600 CALL,SENSEX50,47.0,26600.0,CE,75.0,5.0
856696,BSE,D,OPTIDX,BSXOPT,SENSEX 24 SEP 85200 CALL,SENSEX,1.0,85200.0,CE,20.0,5.0
856811,BSE,D,OPTIDX,SX50OPT,SENSEX50 24 SEP 26550 CALL,SENSEX50,47.0,26550.0,CE,75.0,5.0
856821,BSE,D,OPTIDX,BSXOPT,SENSEX 24 SEP 85200 PUT,SENSEX,1.0,85200.0,PE,20.0,5.0
857422,BSE,D,OPTIDX,BSXOPT,SENSEX 28 JUN 81000 CALL,SENSEX,1.0,81000.0,CE,20.0,5.0
858010,BSE,D,OPTIDX,BSXOPT,SENSEX 24 JUN 76000 PUT,SENSEX,1.0,76000.0,PE,20.0,5.0
858028,BSE,D,OPTIDX,BSXOPT,SENSEX 28 JUN 76000 PUT,SENSEX,1.0,76000.0,PE,20.0,5.0
858039,BSE,D,OPTIDX,BSXOPT,SENSEX 27 DEC 76000 PUT,SENSEX,1.0,76000.0,PE,20.0,5.0
858144,BSE,D,OPTIDX,BSXOPT,SENSEX 26 DEC 76000 CALL,SENSEX,1.0,76000.0,CE,20.0,5.0
858464,BSE,D,OPTIDX,BSXOPT,SENSEX 24 SEP 76000 CALL,SENSEX,1.0,76000.0,CE,20.0,5.0
858474,BSE,D,OPTIDX,BSXOPT,SENSEX 26 DEC 76000 PUT,SENSEX,1.0,76000.0,PE,20.0,5.0
858498,BSE,D,OPTIDX,BSXOPT,SENSEX 31 DEC 76000 CALL,SENSEX,1.0,76000.0,CE,20.0,5.0
858754,BSE,D,OPTIDX,BSXOPT,SENSEX 30 DEC 76000 CALL,SENSEX,1.0,76000.0,CE,20.0,5.0
858805,BSE,D,OPTIDX,BSXOPT,SENSEX 24 SEP 76000 PUT,SENSEX,1.0,76000.0,PE,20.0,5.0
858839,BSE,D,OPTIDX,BSXOPT,SENSEX 31 DEC 76000 PUT,SENSEX,1.0,76000.0,PE,20.0,5.0
859014,BSE,D,OPTIDX,BSXOPT,SENSEX 29 JUN 76000 CALL,SENSEX,1.0,76000.0,CE,20.0,5.0
859021,BSE,D,OPTIDX,BSXOPT,SENSEX 28 DEC 76000 CALL,SENSEX,1.0,76000.0,CE,20.0,5.0
859106,BSE,D,OPTIDX,BSXOPT,SENSEX 30 DEC 76000 PUT,SENSEX,1.0,76000.0,PE,20.0,5.0
859217,BSE,D,OPTIDX,BSXOPT,SENSEX 27 JUN 76000 CALL,SENSEX,1.0,76000.0,CE,20.0,5.0
859258,BSE,D,OPTIDX,BSXOPT,SENSEX 24 JUN 76000 CALL,SENSEX,1.0,76000.0,CE,20.0,5.0
859273,BSE,D,OPTIDX,BSXOPT,SENSEX 28 JUN 76000 CALL,SENSEX,1.0,76000.0,CE,20.0,5.0
859281,BSE,D,OPTIDX,BSXOPT,SENSEX 27 DEC 76000 CALL,SENSEX,1.0,76000.0,CE,20.0,5.0
859346,BSE,D,OPTIDX,BSXOPT,SENSEX 29 JUN 76000 PUT,SENSEX,1.0,76000.0,PE,20.0,5.0
859355,BSE,D,OPTIDX,BSXOPT,SENSEX 28 DEC 76000 PUT,SENSEX,1.0,76000.0,PE,20.0,5.0
859532,BSE,D,OPTIDX,BSXOPT,SENSEX 27 JUN 76000 PUT,SENSEX,1.0,76000.0,PE,20.0,5.0
859986,BSE,D,OPTIDX,BSXOPT,SENSEX 28 JUN 80000 PUT,SENSEX,1.0,80000.0,PE,20.0,5.0
860247,BSE,D,OPTIDX,BSXOPT,SENSEX 28 JUN 82000 CALL,SENSEX,1.0,82000.0,CE,20.0,5.0
860496,BSE,D,OPTIDX,BSXOPT,SENSEX 28 JUN 80000 CALL,SENSEX,1.0,80000.0,CE,20.0,5.0
860766,BSE,D,OPTIDX,BSXOPT,SENSEX 24 SEP 69100 PUT,SENSEX,1.0,69100.0,PE,20.0,5.0
860801,BSE,D,OPTIDX,SX50OPT,SENSEX50 24 SEP 23950 CALL,SENSEX50,47.0,23950.0,CE,75.0,5.0
860823,BSE,D,OPTIDX,SX50OPT,SENSEX50 24 SEP 23900 CALL,SENSEX50,47.0,23900.0,CE,75.0,5.0
860830,BSE,D,OPTIDX,SX50OPT,SENSEX50 24 SEP 23950 PUT,SENSEX50,47.0,23950.0,PE,75.0,5.0
860859,BSE,D,OPTIDX,SX50OPT,SENSEX50 24 SEP 23900 PUT,SENSEX50,47.0,23900.0,PE,75.0,5.0
860866,BSE,D,OPTIDX,BSXOPT,SENSEX 24 SEP 69100 CALL,SENSEX,1.0,69100.0,CE,20.0,5.0
862052,BSE,D,OPTIDX,BSXOPT,SENSEX 17 SEP 84000 CALL,SENSEX,1.0,84000.0,CE,20.0,5.0
862056,BSE,D,OPTIDX,BSXOPT,SENSEX 29 OCT 77100 CALL,SENSEX,1.0,77100.0,CE,20.0,5.0
862108,BSE,D,OPTIDX,BSXOPT,SENSEX 29 OCT 71100 CALL,SENSEX,1.0,71100.0,CE,20.0,5.0
862110,BSE,D,OPTIDX,BSXOPT,SENSEX 17 SEP 80300 CALL,SENSEX,1.0,80300.0,CE,20.0,5.0
862111,BSE,D,OPTIDX,BSXOPT,SENSEX 29 OCT 73400 CALL,SENSEX,1.0,73400.0,CE,20.0,5.0
862112,BSE,D,OPTIDX,BSXOPT,SENSEX 17 SEP 82600 CALL,SENSEX,1.0,82600.0,CE,20.0,5.0
862118,BSE,D,OPTIDX,BSXOPT,SENSEX 17 SEP 84900 CALL,SENSEX,1.0,84900.0,CE,20.0,5.0
862182,BSE,D,OPTIDX,BSXOPT,SENSEX 17 SEP 78000 PUT,SENSEX,1.0,78000.0,PE,20.0,5.0
862184,BSE,D,OPTIDX,BSXOPT,SENSEX 29 OCT 81100 CALL,SENSEX,1.0,81100.0,CE,20.0,5.0
862188,BSE,D,OPTIDX,BSXOPT,SENSEX 29 OCT 83400 CALL,SENSEX,1.0,83400.0,CE,20.0,5.0
862232,BSE,D,OPTIDX,BSXOPT,SENSEX 17 SEP 72000 PUT,SENSEX,1.0,72000.0,PE,20.0,5.0
862237,BSE,D,OPTIDX,BSXOPT,SENSEX 17 SEP 74300 PUT,SENSEX,1.0,74300.0,PE,20.0,5.0
862238,BSE,D,OPTIDX,BSXOPT,SENSEX 17 SEP 76600 PUT,SENSEX,1.0,76600.0,PE,20.0,5.0
862260,BSE,D,OPTIDX,SX50OPT,SENSEX50 29 OCT 26450 CALL,SENSEX50,47.0,26450.0,CE,75.0,5.0
862280,BSE,D,OPTIDX,BSXOPT,SENSEX 17 SEP 72900 PUT,SENSEX,1.0,72900.0,PE,20.0,5.0
862285,BSE,D,OPTIDX,BSXOPT,SENSEX 17 SEP 77300 CALL,SENSEX,1.0,77300.0,CE,20.0,5.0
862290,BSE,D,OPTIDX,BSXOPT,SENSEX 17 SEP 79600 CALL,SENSEX,1.0,79600.0,CE,20.0,5.0
862297,BSE,D,OPTIDX,BSXOPT,SENSEX 17 SEP 82000 PUT,SENSEX,1.0,82000.0,PE,20.0,5.0
862299,BSE,D,OPTIDX,BSXOPT,SENSEX 29 OCT 75100 PUT,SENSEX,1.0,75100.0,PE,20.0,5.0
862303,BSE,D,OPTIDX,BSXOPT,SENSEX 17 SEP 84300 PUT,SENSEX,1.0,84300.0,PE,20.0,5.0
862305,BSE,D,OPTIDX,BSXOPT,SENSEX 29 OCT 77400 PUT,SENSEX,1.0,77400.0,PE,20.0,5.0
862311,BSE,D,OPTIDX,BSXOPT,SENSEX 29 OCT 79700 PUT,SENSEX,1.0,79700.0,PE,20.0,5.0
862316,BSE,D,OPTIDX,SX50OPT,SENSEX50 29 OCT 25000 CALL,SENSEX50,47.0,25000.0,CE,75.0,5.0
862332,BSE,D,OPTIDX,BSXOPT,SENSEX 17 SEP 73600 CALL,SENSEX,1.0,73600.0,CE,20.0,5.0
862335,BSE,D,OPTIDX,BSXOPT,SENSEX 17 SEP 75900 CALL,SENSEX,1.0,75900.0,CE,20.0,5.0
862349,BSE,D,OPTIDX,BSXOPT,SENSEX 29 OCT 71400 PUT,SENSEX,1.0,71400.0,PE,20.0,5.0
862351,BSE,D,OPTIDX,BSXOPT,SENSEX 17 SEP 80600 PUT,SENSEX,1.0,80600.0,PE,20.0,5.0
862355,BSE,D,OPTIDX,BSXOPT,SENSEX 29 OCT 73700 PUT,SENSEX,1.0,73700.0,PE,20.0,5.0
862359,BSE,D,OPTIDX,BSXOPT,SENSEX 17 SEP 82900 PUT,SENSEX,1.0,82900.0,PE,20.0,5.0
862363,BSE,D,OPTIDX,BSXOPT,SENSEX 29 OCT 78100 CALL,SENSEX,1.0,78100.0,CE,20.0,5.0
862401,BSE,D,OPTIDX,SX50OPT,SENSEX50 29 OCT 24700 PUT,SENSEX50,47.0,24700.0,PE,75.0,5.0
862419,BSE,D,OPTIDX,BSXOPT,SENSEX 29 OCT 74400 CALL,SENSEX,1.0,74400.0,CE,20.0,5.0
862424,BSE,D,OPTIDX,BSXOPT,SENSEX 29 OCT 76700 CALL,SENSEX,1.0,76700.0,CE,20.0,5.0
862436,BSE,D,OPTIDX,BSXOPT,SENSEX 29 OCT 81400 PUT,SENSEX,1.0,81400.0,PE,20.0,5.0
862438,BSE,D,OPTIDX,BSXOPT,SENSEX 29 OCT 83700 PUT,SENSEX,1.0,83700.0,PE,20.0,5.0
862498,BSE,D,OPTIDX,BSXOPT,SENSEX 17 SEP 74200 CALL,SENSEX,1.0,74200.0,CE,20.0,5.0
862522,BSE,D,OPTIDX,BSXOPT,SENSEX 17 SEP 77600 PUT,SENSEX,1.0,77600.0,PE,20.0,5.0
862525,BSE,D,OPTIDX,BSXOPT,SENSEX 17 SEP 79900 PUT,SENSEX,1.0,79900.0,PE,20.0,5.0
862551,BSE,D,OPTIDX,SX50OPT,SENSEX50 29 OCT 25300 PUT,SENSEX50,47.0,25300.0,PE,75.0,5.0
862574,BSE,D,OPTIDX,BSXOPT,SENSEX 17 SEP 73900 PUT,SENSEX,1.0,73900.0,PE,20.0,5.0
862575,BSE,D,OPTIDX,BSXOPT,SENSEX 29 OCT 75000 CALL,SENSEX,1.0,75000.0,CE,20.0,5.0
862577,BSE,D,OPTIDX,BSXOPT,SENSEX 17 SEP 84200 CALL,SENSEX,1.0,84200.0,CE,20.0,5.0
862602,BSE,D,OPTIDX,BSXOPT,SENSEX 29 OCT 78400 PUT,SENSEX,1.0,78400.0,PE,20.0,5.0
862620,BSE,D,OPTIDX,SX50OPT,SENSEX50 29 OCT 26000 CALL,SENSEX50,47.0,26000.0,CE,75.0,5.0
862629,BSE,D,OPTIDX,BSXOPT,SENSEX 29 OCT 71300 CALL,SENSEX,1.0,71300.0,CE,20.0,5.0
862631,BSE,D,OPTIDX,BSXOPT,SENSEX 17 SEP 80500 CALL,SENSEX,1.0,80500.0,CE,20.0,5.0
862635,BSE,D,OPTIDX,BSXOPT,SENSEX 17 SEP 82800 CALL,SENSEX,1.0,82800.0,CE,20.0,5.0
862646,BSE,D,OPTIDX,BSXOPT,SENSEX 29 OCT 74700 PUT,SENSEX,1.0,74700.0,PE,20.0,5.0
862657,BSE,D,OPTIDX,SX50OPT,SENSEX50 29 OCT 24600 CALL,SENSEX50,47.0,24600.0,CE,75.0,5.0
862691,BSE,D,OPTIDX,BSXOPT,SENSEX 17 SEP 78200 PUT,SENSEX,1.0,78200.0,PE,20.0,5.0
862693,BSE,D,OPTIDX,BSXOPT,SENSEX 29 OCT 81300 CALL,SENSEX,1.0,81300.0,CE,20.0,5.0
862697,BSE,D,OPTIDX,BSXOPT,SENSEX 29 OCT 83600 CALL,SENSEX,1.0,83600.0,CE,20.0,5.0
862741,BSE,D,OPTIDX,BSXOPT,SENSEX 17 SEP 72200 PUT,SENSEX,1.0,72200.0,PE,20.0,5.0
862742,BSE,D,OPTIDX,BSXOPT,SENSEX 17 SEP 74500 PUT,SENSEX,1.0,74500.0,PE,20.0,5.0
862763,BSE,D,OPTIDX,BSXOPT,SENSEX 29 OCT 79000 PUT,SENSEX,1.0,79000.0,PE,20.0,5.0
862790,BSE,D,OPTIDX,BSXOPT,SENSEX 17 SEP 75200 CALL,SENSEX,1.0,75200.0,CE,20.0,5.0
862793,BSE,D,OPTIDX,BSXOPT,SENSEX 17 SEP 77500 CALL,SENSEX,1.0,77500.0,CE,20.0,5.0
862801,BSE,D,OPTIDX,BSXOPT,SENSEX 17 SEP 79800 CALL,SENSEX,1.0,79800.0,CE,20.0,5.0
862808,BSE,D,OPTIDX,BSXOPT,SENSEX 29 OCT 73000 PUT,SENSEX,1.0,73000.0,PE,20.0,5.0
862810,BSE,D,OPTIDX,BSXOPT,SENSEX 17 SEP 82200 PUT,SENSEX,1.0,82200.0,PE,20.0,5.0
862811,BSE,D,OPTIDX,BSXOPT,SENSEX 28 JUN 81000 PUT,SENSEX,1.0,81000.0,PE,20.0,5.0
862813,BSE,D,OPTIDX,BSXOPT,SENSEX 29 OCT 75300 PUT,SENSEX,1.0,75300.0,PE,20.0,5.0
862815,BSE,D,OPTIDX,BSXOPT,SENSEX 17 SEP 84500 PUT,SENSEX,1.0,84500.0,PE,20.0,5.0
862840,BSE,D,OPTIDX,BSXOPT,SENSEX 17 SEP 71500 CALL,SENSEX,1.0,71500.0,CE,20.0,5.0
862843,BSE,D,OPTIDX,BSXOPT,SENSEX 17 SEP 73800 CALL,SENSEX,1.0,73800.0,CE,20.0,5.0
862846,BSE,D,OPTIDX,SX50OPT,SENSEX50 29 OCT 26300 PUT,SENSEX50,47.0,26300.0,PE,75.0,5.0
862861,BSE,D,OPTIDX,BSXOPT,SENSEX 29 OCT 71600 PUT,SENSEX,1.0,71600.0,PE,20.0,5.0
862863,BSE,D,OPTIDX,BSXOPT,SENSEX 17 SEP 80800 PUT,SENSEX,1.0,80800.0,PE,20.0,5.0
862872,BSE,D,OPTIDX,BSXOPT,SENSEX 29 OCT 76000 CALL,SENSEX,1.0,76000.0,CE,20.0,5.0
862878,BSE,D,OPTIDX,BSXOPT,SENSEX 29 OCT 78300 CALL,SENSEX,1.0,78300.0,CE,20.0,5.0
862897,BSE,D,OPTIDX,BSXOPT,SENSEX 29 OCT 83000 PUT,SENSEX,1.0,83000.0,PE,20.0,5.0
862920,BSE,D,OPTIDX,SX50OPT,SENSEX50 29 OCT 24900 PUT,SENSEX50,47.0,24900.0,PE,75.0,5.0
862935,BSE,D,OPTIDX,BSXOPT,SENSEX 29 OCT 72300 CALL,SENSEX,1.0,72300.0,CE,20.0,5.0
862937,BSE,D,OPTIDX,BSXOPT,SENSEX 29 OCT 74600 CALL,SENSEX,1.0,74600.0,CE,20.0,5.0
862942,BSE,D,OPTIDX,BSXOPT,SENSEX 17 SEP 83800 CALL,SENSEX,1.0,83800.0,CE,20.0,5.0
862946,BSE,D,OPTIDX,BSXOPT,SENSEX 29 OCT 76900 CALL,SENSEX,1.0,76900.0,CE,20.0,5.0
862960,BSE,D,OPTIDX,BSXOPT,SENSEX 29 OCT 81600 PUT,SENSEX,1.0,81600.0,PE,20.0,5.0
862964,BSE,D,OPTIDX,BSXOPT,SENSEX 29 OCT 83900 PUT,SENSEX,1.0,83900.0,PE,20.0,5.0
862989,BSE,D,OPTIDX,SX50OPT,SENSEX50 29 OCT 26050 PUT,SENSEX50,47.0,26050.0,PE,75.0,5.0
862990,BSE,D,OPTIDX,BSXOPT,SENSEX 29 OCT 70900 CALL,SENSEX,1.0,70900.0,CE,20.0,5.0
863017,BSE,D,OPTIDX,BSXOPT,SENSEX 17 SEP 79200 PUT,SENSEX,1.0,79200.0,PE,20.0,5.0
863021,BSE,D,OPTIDX,BSXOPT,SENSEX 29 OCT 84600 CALL,SENSEX,1.0,84600.0,CE,20.0,5.0
863039,BSE,D,OPTIDX,BSXOPT,SENSEX 17 SEP 72100 CALL,SENSEX,1.0,72100.0,CE,20.0,5.0
863045,BSE,D,OPTIDX,SX50OPT,SENSEX50 29 OCT 24650 PUT,SENSEX50,47.0,24650.0,PE,75.0,5.0
863061,BSE,D,OPTIDX,BSXOPT,SENSEX 17 SEP 75500 PUT,SENSEX,1.0,75500.0,PE,20.0,5.0
863068,BSE,D,OPTIDX,BSXOPT,SENSEX 17 SEP 77800 PUT,SENSEX,1.0,77800.0,PE,20.0,5.0
863071,BSE,D,OPTIDX,BSXOPT,SENSEX 29 OCT 80900 CALL,SENSEX,1.0,80900.0,CE,20.0,5.0
863103,BSE,D,OPTIDX,BSXOPT,SENSEX 17 SEP 71800 PUT,SENSEX,1.0,71800.0,PE,20.0,5.0
863106,BSE,D,OPTIDX,BSXOPT,SENSEX 17 SEP 82100 CALL,SENSEX,1.0,82100.0,CE,20.0,5.0
863112,BSE,D,OPTIDX,BSXOPT,SENSEX 17 SEP 84400 CALL,SENSEX,1.0,84400.0,CE,20.0,5.0
863135,BSE,D,OPTIDX,BSXOPT,SENSEX 29 OCT 76300 PUT,SENSEX,1.0,76300.0,PE,20.0,5.0
863139,BSE,D,OPTIDX,BSXOPT,SENSEX 29 OCT 78600 PUT,SENSEX,1.0,78600.0,PE,20.0,5.0
863154,BSE,D,OPTIDX,SX50OPT,SENSEX50 29 OCT 26200 CALL,SENSEX50,47.0,26200.0,CE,75.0,5.0
863165,BSE,D,OPTIDX,BSXOPT,SENSEX 17 SEP 80700 CALL,SENSEX,1.0,80700.0,CE,20.0,5.0
863181,BSE,D,OPTIDX,BSXOPT,SENSEX 29 OCT 72600 PUT,SENSEX,1.0,72600.0,PE,20.0,5.0
863188,BSE,D,OPTIDX,BSXOPT,SENSEX 29 OCT 74900 PUT,SENSEX,1.0,74900.0,PE,20.0,5.0
863200,BSE,D,OPTIDX,SX50OPT,SENSEX50 29 OCT 24800 CALL,SENSEX50,47.0,24800.0,CE,75.0,5.0
863231,BSE,D,OPTIDX,BSXOPT,SENSEX 17 SEP 76100 PUT,SENSEX,1.0,76100.0,PE,20.0,5.0
863234,BSE,D,OPTIDX,BSXOPT,SENSEX 29 OCT 81500 CALL,SENSEX,1.0,81500.0,CE,20.0,5.0
863252,BSE,D,OPTIDX,BSXOPT,SENSEX 29 OCT 84900 PUT,SENSEX,1.0,84900.0,PE,20.0,5.0
863272,BSE,D,OPTIDX,BSXOPT,SENSEX 17 SEP 72400 PUT,SENSEX,1.0,72400.0,PE,20.0,5.0
863278,BSE,D,OPTIDX,BSXOPT,SENSEX 17 SEP 79100 CALL,SENSEX,1.0,79100.0,CE,20.0,5.0
863296,BSE,D,OPTIDX,SX50OPT,SENSEX50 29 OCT 24550 CALL,SENSEX50,47.0,24550.0,CE,75.0,5.0
863315,BSE,D,OPTIDX,BSXOPT,SENSEX 17 SEP 73100 CALL,SENSEX,1.0,73100.0,CE,20.0,5.0
863319,BSE,D,OPTIDX,BSXOPT,SENSEX 17 SEP 75400 CALL,SENSEX,1.0,75400.0,CE,20.0,5.0
863323,BSE,D,OPTIDX,BSXOPT,SENSEX 17 SEP 77700 CALL,SENSEX,1.0,77700.0,CE,20.0,5.0
863332,BSE,D,OPTIDX,BSXOPT,SENSEX 17 SEP 80100 PUT,SENSEX,1.0,80100.0,PE,20.0,5.0
863334,BSE,D,OPTIDX,BSXOPT,SENSEX 29 OCT 73200 PUT,SENSEX,1.0,73200.0,PE,20.0,5.0
863338,BSE,D,OPTIDX,BSXOPT,SENSEX 17 SEP 82400 PUT,SENSEX,1.0,82400.0,PE,20.0,5.0
863341,BSE,D,OPTIDX,BSXOPT,SENSEX 17 SEP 84700 PUT,SENSEX,1.0,84700.0,PE,20.0,5.0
863368,BSE,D,OPTIDX,BSXOPT,SENSEX 17 SEP 71700 CALL,SENSEX,1.0,71700.0,CE,20.0,5.0
863374,BSE,D,OPTIDX,SX50OPT,SENSEX50 29 OCT 26500 PUT,SENSEX50,47.0,26500.0,PE,75.0,5.0
863390,BSE,D,OPTIDX,BSXOPT,SENSEX 17 SEP 83100 CALL,SENSEX,1.0,83100.0,CE,20.0,5.0
863393,BSE,D,OPTIDX,BSXOPT,SENSEX 29 OCT 76200 CALL,SENSEX,1.0,76200.0,CE,20.0,5.0
863397,BSE,D,OPTIDX,BSXOPT,SENSEX 29 OCT 78500 CALL,SENSEX,1.0,78500.0,CE,20.0,5.0
863407,BSE,D,OPTIDX,BSXOPT,SENSEX 29 OCT 83200 PUT,SENSEX,1.0,83200.0,PE,20.0,5.0
863445,BSE,D,OPTIDX,BSXOPT,SENSEX 29 OCT 72500 CALL,SENSEX,1.0,72500.0,CE,20.0,5.0
863448,BSE,D,OPTIDX,BSXOPT,SENSEX 17 SEP 81700 CALL,SENSEX,1.0,81700.0,CE,20.0,5.0
863450,BSE,D,OPTIDX,BSXOPT,SENSEX 29 OCT 74800 CALL,SENSEX,1.0,74800.0,CE,20.0,5.0
863462,BSE,D,OPTIDX,BSXOPT,SENSEX 29 OCT 81800 PUT,SENSEX,1.0,81800.0,PE,20.0,5.0
863483,BSE,D,OPTIDX,SX50OPT,SENSEX50 29 OCT 26250 PUT,SENSEX50,47.0,26250.0,PE,75.0,5.0
863497,BSE,D,OPTIDX,BSXOPT,SENSEX 17 SEP 77100 PUT,SENSEX,1.0,77100.0,PE,20.0,5.0
863503,BSE,D,OPTIDX,BSXOPT,SENSEX 17 SEP 79400 PUT,SENSEX,1.0,79400.0,PE,20.0,5.0
863508,BSE,D,OPTIDX,BSXOPT,SENSEX 29 OCT 82500 CALL,SENSEX,1.0,82500.0,CE,20.0,5.0
863515,BSE,D,OPTIDX,BSXOPT,SENSEX 29 OCT 84800 CALL,SENSEX,1.0,84800.0,CE,20.0,5.0
863541,BSE,D,OPTIDX,SX50OPT,SENSEX50 29 OCT 24850 PUT,SENSEX50,47.0,24850.0,PE,75.0,5.0
863555,BSE,D,OPTIDX,BSXOPT,SENSEX 17 SEP 73400 PUT,SENSEX,1.0,73400.0,PE,20.0,5.0
863558,BSE,D,OPTIDX,BSXOPT,SENSEX 17 SEP 75700 PUT,SENSEX,1.0,75700.0,PE,20.0,5.0
863602,BSE,D,OPTIDX,BSXOPT,SENSEX 17 SEP 80000 CALL,SENSEX,1.0,80000.0,CE,20.0,5.0
863632,BSE,D,OPTIDX,BSXOPT,SENSEX 29 OCT 74200 PUT,SENSEX,1.0,74200.0,PE,20.0,5.0
863637,BSE,D,OPTIDX,BSXOPT,SENSEX 29 OCT 76500 PUT,SENSEX,1.0,76500.0,PE,20.0,5.0
863644,BSE,D,OPTIDX,BSXOPT,SENSEX 29 OCT 78800 PUT,SENSEX,1.0,78800.0,PE,20.0,5.0
863656,BSE,D,OPTIDX,SX50OPT,SENSEX50 29 OCT 26400 CALL,SENSEX50,47.0,26400.0,CE,75.0,5.0
863683,BSE,D,OPTIDX,BSXOPT,SENSEX 29 OCT 72800 PUT,SENSEX,1.0,72800.0,PE,20.0,5.0
863686,BSE,D,OPTIDX,BSXOPT,SENSEX 29 OCT 83100 CALL,SENSEX,1.0,83100.0,CE,20.0,5.0
863731,BSE,D,OPTIDX,BSXOPT,SENSEX 17 SEP 74000 PUT,SENSEX,1.0,74000.0,PE,20.0,5.0
863755,BSE,D,OPTIDX,BSXOPT,SENSEX 29 OCT 82800 PUT,SENSEX,1.0,82800.0,PE,20.0,5.0
863759,BSE,D,OPTIDX,SX50OPT,SENSEX50 29 OCT 26150 CALL,SENSEX50,47.0,26150.0,CE,75.0,5.0
863777,BSE,D,OPTIDX,BSXOPT,SENSEX 17 SEP 77000 CALL,SENSEX,1.0,77000.0,CE,20.0,5.0
863780,BSE,D,OPTIDX,BSXOPT,SENSEX 17 SEP 79300 CALL,SENSEX,1.0,79300.0,CE,20.0,5.0
863790,BSE,D,OPTIDX,BSXOPT,SENSEX 17 SEP 84000 PUT,SENSEX,1.0,84000.0,PE,20.0,5.0
863803,BSE,D,OPTIDX,SX50OPT,SENSEX50 29 OCT 24750 CALL,SENSEX50,47.0,24750.0,CE,75.0,5.0
863818,BSE,D,OPTIDX,BSXOPT,SENSEX 17 SEP 71000 CALL,SENSEX,1.0,71000.0,CE,20.0,5.0
863822,BSE,D,OPTIDX,BSXOPT,SENSEX 17 SEP 73300 CALL,SENSEX,1.0,73300.0,CE,20.0,5.0
863825,BSE,D,OPTIDX,BSXOPT,SENSEX 17 SEP 75600 CALL,SENSEX,1.0,75600.0,CE,20.0,5.0
863833,BSE,D,OPTIDX,BSXOPT,SENSEX 17 SEP 77900 CALL,SENSEX,1.0,77900.0,CE,20.0,5.0
863840,BSE,D,OPTIDX,BSXOPT,SENSEX 29 OCT 71100 PUT,SENSEX,1.0,71100.0,PE,20.0,5.0
863841,BSE,D,OPTIDX,BSXOPT,SENSEX 17 SEP 80300 PUT,SENSEX,1.0,80300.0,PE,20.0,5.0
863845,BSE,D,OPTIDX,BSXOPT,SENSEX 17 SEP 82600 PUT,SENSEX,1.0,82600.0,PE,20.0,5.0
863874,BSE,D,OPTIDX,BSXOPT,SENSEX 17 SEP 71900 CALL,SENSEX,1.0,71900.0,CE,20.0,5.0
863887,BSE,D,OPTIDX,BSXOPT,SENSEX 17 SEP 81000 CALL,SENSEX,1.0,81000.0,CE,20.0,5.0
863889,BSE,D,OPTIDX,BSXOPT,SENSEX 29 OCT 74100 CALL,SENSEX,1.0,74100.0,CE,20.0,5.0
863893,BSE,D,OPTIDX,BSXOPT,SENSEX 17 SEP 83300 CALL,SENSEX,1.0,83300.0,CE,20.0,5.0
863896,BSE,D,OPTIDX,BSXOPT,SENSEX 29 OCT 76400 CALL,SENSEX,1.0,76400.0,CE,20.0,5.0
863902,BSE,D,OPTIDX,BSXOPT,SENSEX 29 OCT 78700 CALL,SENSEX,1.0,78700.0,CE,20.0,5.0
863913,BSE,D,OPTIDX,BSXOPT,SENSEX 29 OCT 81100 PUT,SENSEX,1.0,81100.0,PE,20.0,5.0
863915,BSE,D,OPTIDX,BSXOPT,SENSEX 29 OCT 83400 PUT,SENSEX,1.0,83400.0,PE,20.0,5.0
863945,BSE,D,OPTIDX,BSXOPT,SENSEX 29 OCT 72700 CALL,SENSEX,1.0,72700.0,CE,20.0,5.0
863948,BSE,D,OPTIDX,BSXOPT,SENSEX 17 SEP 81900 CALL,SENSEX,1.0,81900.0,CE,20.0,5.0
863961,BSE,D,OPTIDX,BSXOPT,SENSEX 29 OCT 84100 CALL,SENSEX,1.0,84100.0,CE,20.0,5.0
863979,BSE,D,OPTIDX,SX50OPT,SENSEX50 29 OCT 26450 PUT,SENSEX50,47.0,26450.0,PE,75.0,5.0
863990,BSE,D,OPTIDX,BSXOPT,SENSEX 17 SEP 75000 PUT,SENSEX,1.0,75000.0,PE,20.0,5.0
863993,BSE,D,OPTIDX,BSXOPT,SENSEX 17 SEP 77300 PUT,SENSEX,1.0,77300.0,PE,20.0,5.0
863994,BSE,D,OPTIDX,BSXOPT,SENSEX 29 OCT 80400 CALL,SENSEX,1.0,80400.0,CE,20.0,5.0
863997,BSE,D,OPTIDX,BSXOPT,SENSEX 17 SEP 79600 PUT,SENSEX,1.0,79600.0,PE,20.0,5.0
863998,BSE,D,OPTIDX,BSXOPT,SENSEX 29 OCT 82700 CALL,SENSEX,1.0,82700.0,CE,20.0,5.0
864022,BSE,D,OPTIDX,BSXOPT,SENSEX 17 SEP 71300 PUT,SENSEX,1.0,71300.0,PE,20.0,5.0
864027,BSE,D,OPTIDX,BSXOPT,SENSEX 17 SEP 73600 PUT,SENSEX,1.0,73600.0,PE,20.0,5.0
864032,BSE,D,OPTIDX,BSXOPT,SENSEX 17 SEP 75900 PUT,SENSEX,1.0,75900.0,PE,20.0,5.0
864055,BSE,D,OPTIDX,BSXOPT,SENSEX 29 OCT 78100 PUT,SENSEX,1.0,78100.0,PE,20.0,5.0
864067,BSE,D,OPTIDX,SX50OPT,SENSEX50 29 OCT 25750 CALL,SENSEX50,47.0,25750.0,CE,75.0,5.0
864096,BSE,D,OPTIDX,BSXOPT,SENSEX 29 OCT 72100 PUT,SENSEX,1.0,72100.0,PE,20.0,5.0
864097,BSE,D,OPTIDX,BSXOPT,SENSEX 17 SEP 81300 PUT,SENSEX,1.0,81300.0,PE,20.0,5.0
864100,BSE,D,OPTIDX,BSXOPT,SENSEX 29 OCT 74400 PUT,SENSEX,1.0,74400.0,PE,20.0,5.0
864104,BSE,D,OPTIDX,BSXOPT,SENSEX 17 SEP 83600 PUT,SENSEX,1.0,83600.0,PE,20.0,5.0
864107,BSE,D,OPTIDX,BSXOPT,SENSEX 29 OCT 76700 PUT,SENSEX,1.0,76700.0,PE,20.0,5.0
864174,BSE,D,OPTIDX,BSXOPT,SENSEX 29 OCT 84400 PUT,SENSEX,1.0,84400.0,PE,20.0,5.0
864215,BSE,D,OPTIDX,BSXOPT,SENSEX 29 OCT 80700 PUT,SENSEX,1.0,80700.0,PE,20.0,5.0
864228,BSE,D,OPTIDX,SX50OPT,SENSEX50 29 OCT 26350 CALL,SENSEX50,47.0,26350.0,CE,75.0,5.0
864244,BSE,D,OPTIDX,BSXOPT,SENSEX 17 SEP 77200 CALL,SENSEX,1.0,77200.0,CE,20.0,5.0
864248,BSE,D,OPTIDX,BSXOPT,SENSEX 17 SEP 79500 CALL,SENSEX,1.0,79500.0,CE,20.0,5.0
864260,BSE,D,OPTIDX,BSXOPT,SENSEX 17 SEP 84200 PUT,SENSEX,1.0,84200.0,PE,20.0,5.0
864280,BSE,D,OPTIDX,BSXOPT,SENSEX 17 SEP 71200 CALL,SENSEX,1.0,71200.0,CE,20.0,5.0
864283,BSE,D,OPTIDX,BSXOPT,SENSEX 17 SEP 73500 CALL,SENSEX,1.0,73500.0,CE,20.0,5.0
864286,BSE,D,OPTIDX,SX50OPT,SENSEX50 29 OCT 26000 PUT,SENSEX50,47.0,26000.0,PE,75.0,5.0
864287,BSE,D,OPTIDX,BSXOPT,SENSEX 17 SEP 75800 CALL,SENSEX,1.0,75800.0,CE,20.0,5.0
864299,BSE,D,OPTIDX,BSXOPT,SENSEX 17 SEP 80500 PUT,SENSEX,1.0,80500.0,PE,20.0,5.0
864309,BSE,D,OPTIDX,BSXOPT,SENSEX 29 OCT 78000 CALL,SENSEX,1.0,78000.0,CE,20.0,5.0
864334,BSE,D,OPTIDX,SX50OPT,SENSEX50 29 OCT 24600 PUT,SENSEX50,47.0,24600.0,PE,75.0,5.0
864351,BSE,D,OPTIDX,BSXOPT,SENSEX 29 OCT 72000 CALL,SENSEX,1.0,72000.0,CE,20.0,5.0
864353,BSE,D,OPTIDX,BSXOPT,SENSEX 17 SEP 81200 CALL,SENSEX,1.0,81200.0,CE,20.0,5.0
864355,BSE,D,OPTIDX,BSXOPT,SENSEX 29 OCT 74300 CALL,SENSEX,1.0,74300.0,CE,20.0,5.0
864361,BSE,D,OPTIDX,BSXOPT,SENSEX 17 SEP 83500 CALL,SENSEX,1.0,83500.0,CE,20.0,5.0
864364,BSE,D,OPTIDX,BSXOPT,SENSEX 29 OCT 76600 CALL,SENSEX,1.0,76600.0,CE,20.0,5.0
864367,BSE,D,OPTIDX,BSXOPT,SENSEX 29 OCT 78900 CALL,SENSEX,1.0,78900.0,CE,20.0,5.0
864375,BSE,D,OPTIDX,BSXOPT,SENSEX 29 OCT 81300 PUT,SENSEX,1.0,81300.0,PE,20.0,5.0
864404,BSE,D,OPTIDX,BSXOPT,SENSEX 29 OCT 72900 CALL,SENSEX,1.0,72900.0,CE,20.0,5.0
864417,BSE,D,OPTIDX,BSXOPT,SENSEX 29 OCT 82000 CALL,SENSEX,1.0,82000.0,CE,20.0,5.0
864420,BSE,D,OPTIDX,BSXOPT,SENSEX 29 OCT 84300 CALL,SENSEX,1.0,84300.0,CE,20.0,5.0
864459,BSE,D,OPTIDX,BSXOPT,SENSEX 17 SEP 75200 PUT,SENSEX,1.0,75200.0,PE,20.0,5.0
864464,BSE,D,OPTIDX,BSXOPT,SENSEX 17 SEP 77500 PUT,SENSEX,1.0,77500.0,PE,20.0,5.0
864465,BSE,D,OPTIDX,BSXOPT,SENSEX 29 OCT 80600 CALL,SENSEX,1.0,80600.0,CE,20.0,5.0
864466,BSE,D,OPTIDX,BSXOPT,SENSEX 17 SEP 79800 PUT,SENSEX,1.0,79800.0,PE,20.0,5.0
864468,BSE,D,OPTIDX,BSXOPT,SENSEX 29 OCT 82900 CALL,SENSEX,1.0,82900.0,CE,20.0,5.0
864506,BSE,D,OPTIDX,BSXOPT,SENSEX 17 SEP 71500 PUT,SENSEX,1.0,71500.0,PE,20.0,5.0
864509,BSE,D,OPTIDX,BSXOPT,SENSEX 17 SEP 73800 PUT,SENSEX,1.0,73800.0,PE,20.0,5.0
864529,BSE,D,OPTIDX,BSXOPT,SENSEX 29 OCT 76000 PUT,SENSEX,1.0,76000.0,PE,20.0,5.0
864533,BSE,D,OPTIDX,BSXOPT,SENSEX 29 OCT 78300 PUT,SENSEX,1.0,78300.0,PE,20.0,5.0
864552,BSE,D,OPTIDX,SX50OPT,SENSEX50 29 OCT 25950 CALL,SENSEX50,47.0,25950.0,CE,75.0,5.0
864571,BSE,D,FUTIDX,BSXFUT,SENSEX OCT  FUT,SENSEX,1.0,0.0,,20.0,5.0
864584,BSE,D,OPTIDX,BSXOPT,SENSEX 29 OCT 72300 PUT,SENSEX,1.0,72300.0,PE,20.0,5.0
864586,BSE,D,OPTIDX,BSXOPT,SENSEX 17 SEP 81500 PUT,SENSEX,1.0,81500.0,PE,20.0,5.0
864588,BSE,D,OPTIDX,BSXOPT,SENSEX 29 OCT 74600 PUT,SENSEX,1.0,74600.0,PE,20.0,5.0
864592,BSE,D,OPTIDX,BSXOPT,SENSEX 17 SEP 83800 PUT,SENSEX,1.0,83800.0,PE,20.0,5.0
864593,BSE,D,OPTIDX,BSXOPT,SENSEX 29 OCT 76900 PUT,SENSEX,1.0,76900.0,PE,20.0,5.0
864606,BSE,D,OPTIDX,SX50OPT,SENSEX50 29 OCT 24500 CALL,SENSEX50,47.0,24500.0,CE,75.0,5.0
864648,BSE,D,OPTIDX,BSXOPT,SENSEX 29 OCT 70900 PUT,SENSEX,1.0,70900.0,PE,20.0,5.0
864669,BSE,D,OPTIDX,BSXOPT,SENSEX 29 OCT 80000 PUT,SENSEX,1.0,80000.0,PE,20.0,5.0
864676,BSE,D,OPTIDX,BSXOPT,SENSEX 29 OCT 82300 PUT,SENSEX,1.0,82300.0,PE,20.0,5.0
864682,BSE,D,OPTIDX,BSXOPT,SENSEX 29 OCT 84600 PUT,SENSEX,1.0,84600.0,PE,20.0,5.0
864731,BSE,D,OPTIDX,BSXOPT,SENSEX 29 OCT 80900 PUT,SENSEX,1.0,80900.0,PE,20.0,5.0
864765,BSE,D,OPTIDX,BSXOPT,SENSEX 17 SEP 75100 CALL,SENSEX,1.0,75100.0,CE,20.0,5.0
864767,BSE,D,OPTIDX,BSXOPT,SENSEX 17 SEP 77400 CALL,SENSEX,1.0,77400.0,CE,20.0,5.0
864773,BSE,D,OPTIDX,BSXOPT,SENSEX 17 SEP 79700 CALL,SENSEX,1.0,79700.0,CE,20.0,5.0
864816,BSE,D,OPTIDX,BSXOPT,SENSEX 17 SEP 71400 CALL,SENSEX,1.0,71400.0,CE,20.0,5.0
864819,BSE,D,OPTIDX,BSXOPT,SENSEX 17 SEP 73700 CALL,SENSEX,1.0,73700.0,CE,20.0,5.0
864824,BSE,D,OPTIDX,SX50OPT,SENSEX50 29 OCT 26200 PUT,SENSEX50,47.0,26200.0,PE,75.0,5.0
864842,BSE,D,OPTIDX,BSXOPT,SENSEX 29 OCT 78200 CALL,SENSEX,1.0,78200.0,CE,20.0,5.0
864878,BSE,D,OPTIDX,SX50OPT,SENSEX50 29 OCT 24800 PUT,SENSEX50,47.0,24800.0,PE,75.0,5.0
864892,BSE,D,OPTIDX,BSXOPT,SENSEX 29 OCT 72200 CALL,SENSEX,1.0,72200.0,CE,20.0,5.0
864895,BSE,D,OPTIDX,BSXOPT,SENSEX 17 SEP 81400 CALL,SENSEX,1.0,81400.0,CE,20.0,5.0
864899,BSE,D,OPTIDX,BSXOPT,SENSEX 29 OCT 74500 CALL,SENSEX,1.0,74500.0,CE,20.0,5.0
864901,BSE,D,OPTIDX,BSXOPT,SENSEX 17 SEP 83700 CALL,SENSEX,1.0,83700.0,CE,20.0,5.0
864903,BSE,D,OPTIDX,BSXOPT,SENSEX 29 OCT 76800 CALL,SENSEX,1.0,76800.0,CE,20.0,5.0
864958,BSE,D,OPTIDX,BSXOPT,SENSEX 17 SEP 79100 PUT,SENSEX,1.0,79100.0,PE,20.0,5.0
864960,BSE,D,OPTIDX,BSXOPT,SENSEX 29 OCT 82200 CALL,SENSEX,1.0,82200.0,CE,20.0,5.0
864965,BSE,D,OPTIDX,BSXOPT,SENSEX 29 OCT 84500 CALL,SENSEX,1.0,84500.0,CE,20.0,5.0
864993,BSE,D,OPTIDX,SX50OPT,SENSEX50 29 OCT 24550 PUT,SENSEX50,47.0,24550.0,PE,75.0,5.0
865005,BSE,D,OPTIDX,BSXOPT,SENSEX 17 SEP 73100 PUT,SENSEX,1.0,73100.0,PE,20.0,5.0
865009,BSE,D,OPTIDX,BSXOPT,SENSEX 17 SEP 75400 PUT,SENSEX,1.0,75400.0,PE,20.0,5.0
865015,BSE,D,OPTIDX,BSXOPT,SENSEX 17 SEP 77700 PUT,SENSEX,1.0,77700.0,PE,20.0,5.0
865017,BSE,D,OPTIDX,BSXOPT,SENSEX 29 OCT 80800 CALL,SENSEX,1.0,80800.0,CE,20.0,5.0
865046,BSE,D,OPTIDX,SX50OPT,SENSEX50 29 OCT 25250 CALL,SENSEX50,47.0,25250.0,CE,75.0,5.0
865057,BSE,D,OPTIDX,BSXOPT,SENSEX 17 SEP 71700 PUT,SENSEX,1.0,71700.0,PE,20.0,5.0
865083,BSE,D,OPTIDX,BSXOPT,SENSEX 17 SEP 83100 PUT,SENSEX,1.0,83100.0,PE,20.0,5.0
865085,BSE,D,OPTIDX,BSXOPT,SENSEX 29 OCT 76200 PUT,SENSEX,1.0,76200.0,PE,20.0,5.0
865093,BSE,D,OPTIDX,BSXOPT,SENSEX 29 OCT 78500 PUT,SENSEX,1.0,78500.0,PE,20.0,5.0
865103,BSE,D,OPTIDX,SX50OPT,SENSEX50 29 OCT 26100 CALL,SENSEX50,47.0,26100.0,CE,75.0,5.0
865130,BSE,D,OPTIDX,BSXOPT,SENSEX 29 OCT 72500 PUT,SENSEX,1.0,72500.0,PE,20.0,5.0
865133,BSE,D,OPTIDX,BSXOPT,SENSEX 17 SEP 81700 PUT,SENSEX,1.0,81700.0,PE,20.0,5.0
865137,BSE,D,OPTIDX,BSXOPT,SENSEX 29 OCT 74800 PUT,SENSEX,1.0,74800.0,PE,20.0,5.0
865148,BSE,D,OPTIDX,SX50OPT,SENSEX50 29 OCT 24700 CALL,SENSEX50,47.0,24700.0,CE,75.0,5.0
865205,BSE,D,OPTIDX,BSXOPT,SENSEX 29 OCT 80200 PUT,SENSEX,1.0,80200.0,PE,20.0,5.0
865211,BSE,D,OPTIDX,BSXOPT,SENSEX 29 OCT 82500 PUT,SENSEX,1.0,82500.0,PE,20.0,5.0
865217,BSE,D,OPTIDX,BSXOPT,SENSEX 29 OCT 84800 PUT,SENSEX,1.0,84800.0,PE,20.0,5.0
865242,BSE,D,OPTIDX,BSXOPT,SENSEX 17 SEP 79000 CALL,SENSEX,1.0,79000.0,CE,20.0,5.0
865283,BSE,D,OPTIDX,BSXOPT,SENSEX 17 SEP 73000 CALL,SENSEX,1.0,73000.0,CE,20.0,5.0
865289,BSE,D,OPTIDX,BSXOPT,SENSEX 17 SEP 75300 CALL,SENSEX,1.0,75300.0,CE,20.0,5.0
865292,BSE,D,OPTIDX,SX50OPT,SENSEX50 29 OCT 25550 PUT,SENSEX50,47.0,25550.0,PE,75.0,5.0
865297,BSE,D,OPTIDX,BSXOPT,SENSEX 17 SEP 77600 CALL,SENSEX,1.0,77600.0,CE,20.0,5.0
865306,BSE,D,OPTIDX,BSXOPT,SENSEX 17 SEP 79900 CALL,SENSEX,1.0,79900.0,CE,20.0,5.0
865349,BSE,D,OPTIDX,BSXOPT,SENSEX 17 SEP 71600 CALL,SENSEX,1.0,71600.0,CE,20.0,5.0
865354,BSE,D,OPTIDX,BSXOPT,SENSEX 17 SEP 73900 CALL,SENSEX,1.0,73900.0,CE,20.0,5.0
865357,BSE,D,OPTIDX,SX50OPT,SENSEX50 29 OCT 26400 PUT,SENSEX50,47.0,26400.0,PE,75.0,5.0
865368,BSE,D,OPTIDX,BSXOPT,SENSEX 17 SEP 83000 CALL,SENSEX,1.0,83000.0,CE,20.0,5.0
865371,BSE,D,OPTIDX,BSXOPT,SENSEX 29 OCT 76100 CALL,SENSEX,1.0,76100.0,CE,20.0,5.0
865375,BSE,D,OPTIDX,BSXOPT,SENSEX 29 OCT 78400 CALL,SENSEX,1.0,78400.0,CE,20.0,5.0
865432,BSE,D,OPTIDX,BSXOPT,SENSEX 29 OCT 72400 CALL,SENSEX,1.0,72400.0,CE,20.0,5.0
865433,BSE,D,OPTIDX,BSXOPT,SENSEX 17 SEP 81600 CALL,SENSEX,1.0,81600.0,CE,20.0,5.0
865435,BSE,D,OPTIDX,BSXOPT,SENSEX 29 OCT 74700 CALL,SENSEX,1.0,74700.0,CE,20.0,5.0
865436,BSE,D,OPTIDX,BSXOPT,SENSEX 17 SEP 83900 CALL,SENSEX,1.0,83900.0,CE,20.0,5.0
865469,BSE,D,OPTIDX,SX50OPT,SENSEX50 29 OCT 25700 CALL,SENSEX50,47.0,25700.0,CE,75.0,5.0
865479,BSE,D,OPTIDX,SX50OPT,SENSEX50 29 OCT 26150 PUT,SENSEX50,47.0,26150.0,PE,75.0,5.0
865498,BSE,D,OPTIDX,BSXOPT,SENSEX 17 SEP 77000 PUT,SENSEX,1.0,77000.0,PE,20.0,5.0
865501,BSE,D,OPTIDX,BSXOPT,SENSEX 29 OCT 80100 CALL,SENSEX,1.0,80100.0,CE,20.0,5.0
865503,BSE,D,OPTIDX,BSXOPT,SENSEX 17 SEP 79300 PUT,SENSEX,1.0,79300.0,PE,20.0,5.0
865507,BSE,D,OPTIDX,BSXOPT,SENSEX 29 OCT 82400 CALL,SENSEX,1.0,82400.0,CE,20.0,5.0
865512,BSE,D,OPTIDX,BSXOPT,SENSEX 29 OCT 84700 CALL,SENSEX,1.0,84700.0,CE,20.0,5.0
865537,BSE,D,OPTIDX,BSXOPT,SENSEX 17 SEP 71000 PUT,SENSEX,1.0,71000.0,PE,20.0,5.0
865542,BSE,D,OPTIDX,BSXOPT,SENSEX 17 SEP 73300 PUT,SENSEX,1.0,73300.0,PE,20.0,5.0
865545,BSE,D,OPTIDX,BSXOPT,SENSEX 17 SEP 75600 PUT,SENSEX,1.0,75600.0,PE,20.0,5.0
865552,BSE,D,OPTIDX,BSXOPT,SENSEX 17 SEP 77900 PUT,SENSEX,1.0,77900.0,PE,20.0,5.0
865575,BSE,D,OPTIDX,SX50OPT,SENSEX50 29 OCT 25450 CALL,SENSEX50,47.0,25450.0,CE,75.0,5.0
865585,BSE,D,OPTIDX,BSXOPT,SENSEX 17 SEP 71900 PUT,SENSEX,1.0,71900.0,PE,20.0,5.0
865597,BSE,D,OPTIDX,BSXOPT,SENSEX 17 SEP 78600 CALL,SENSEX,1.0,78600.0,CE,20.0,5.0
865607,BSE,D,OPTIDX,BSXOPT,SENSEX 17 SEP 81000 PUT,SENSEX,1.0,81000.0,PE,20.0,5.0
865610,BSE,D,OPTIDX,BSXOPT,SENSEX 29 OCT 74100 PUT,SENSEX,1.0,74100.0,PE,20.0,5.0
865612,BSE,D,OPTIDX,BSXOPT,SENSEX 17 SEP 83300 PUT,SENSEX,1.0,83300.0,PE,20.0,5.0
865615,BSE,D,OPTIDX,BSXOPT,SENSEX 29 OCT 76400 PUT,SENSEX,1.0,76400.0,PE,20.0,5.0
865622,BSE,D,OPTIDX,BSXOPT,SENSEX 29 OCT 78700 PUT,SENSEX,1.0,78700.0,PE,20.0,5.0
865630,BSE,D,OPTIDX,SX50OPT,SENSEX50 29 OCT 26300 CALL,SENSEX50,47.0,26300.0,CE,75.0,5.0
865649,BSE,D,OPTIDX,BSXOPT,SENSEX 17 SEP 74900 CALL,SENSEX,1.0,74900.0,CE,20.0,5.0
865661,BSE,D,OPTIDX,BSXOPT,SENSEX 29 OCT 72700 PUT,SENSEX,1.0,72700.0,PE,20.0,5.0
865665,BSE,D,OPTIDX,BSXOPT,SENSEX 17 SEP 81900 PUT,SENSEX,1.0,81900.0,PE,20.0,5.0
865671,BSE,D,OPTIDX,BSXOPT,SENSEX 29 OCT 79400 CALL,SENSEX,1.0,79400.0,CE,20.0,5.0
865683,BSE,D,OPTIDX,BSXOPT,SENSEX 29 OCT 84100 PUT,SENSEX,1.0,84100.0,PE,20.0,5.0
865711,BSE,D,OPTIDX,BSXOPT,SENSEX 29 OCT 75700 CALL,SENSEX,1.0,75700.0,CE,20.0,5.0
865717,BSE,D,OPTIDX,BSXOPT,SENSEX 29 OCT 80400 PUT,SENSEX,1.0,80400.0,PE,20.0,5.0
865721,BSE,D,OPTIDX,BSXOPT,SENSEX 29 OCT 82700 PUT,SENSEX,1.0,82700.0,PE,20.0,5.0
865751,BSE,D,OPTIDX,BSXOPT,SENSEX 17 SEP 79200 CALL,SENSEX,1.0,79200.0,CE,20.0,5.0
865794,BSE,D,OPTIDX,BSXOPT,SENSEX 17 SEP 73200 CALL,SENSEX,1.0,73200.0,CE,20.0,5.0
865797,BSE,D,OPTIDX,BSXOPT,SENSEX 17 SEP 75500 CALL,SENSEX,1.0,75500.0,CE,20.0,5.0
865799,BSE,D,OPTIDX,SX50OPT,SENSEX50 29 OCT 25750 PUT,SENSEX50,47.0,25750.0,PE,75.0,5.0
865818,BSE,D,OPTIDX,BSXOPT,SENSEX 17 SEP 78900 PUT,SENSEX,1.0,78900.0,PE,20.0,5.0
865841,BSE,D,OPTIDX,BSXOPT,SENSEX 17 SEP 71800 CALL,SENSEX,1.0,71800.0,CE,20.0,5.0
865855,BSE,D,OPTIDX,BSXOPT,SENSEX 29 OCT 74000 CALL,SENSEX,1.0,74000.0,CE,20.0,5.0
865856,BSE,D,OPTIDX,BSXOPT,SENSEX 17 SEP 83200 CALL,SENSEX,1.0,83200.0,CE,20.0,5.0
865859,BSE,D,OPTIDX,BSXOPT,SENSEX 29 OCT 76300 CALL,SENSEX,1.0,76300.0,CE,20.0,5.0
865913,BSE,D,OPTIDX,BSXOPT,SENSEX 29 OCT 72600 CALL,SENSEX,1.0,72600.0,CE,20.0,5.0
865916,BSE,D,OPTIDX,BSXOPT,SENSEX 17 SEP 81800 CALL,SENSEX,1.0,81800.0,CE,20.0,5.0
865938,BSE,D,OPTIDX,BSXOPT,SENSEX 29 OCT 84000 CALL,SENSEX,1.0,84000.0,CE,20.0,5.0
865957,BSE,D,OPTIDX,SX50OPT,SENSEX50 29 OCT 25900 CALL,SENSEX50,47.0,25900.0,CE,75.0,5.0
865984,BSE,D,OPTIDX,BSXOPT,SENSEX 17 SEP 77200 PUT,SENSEX,1.0,77200.0,PE,20.0,5.0
865985,BSE,D,OPTIDX,BSXOPT,SENSEX 29 OCT 80300 CALL,SENSEX,1.0,80300.0,CE,20.0,5.0
865987,BSE,D,OPTIDX,BSXOPT,SENSEX 17 SEP 79500 PUT,SENSEX,1.0,79500.0,PE,20.0,5.0
865991,BSE,D,OPTIDX,BSXOPT,SENSEX 29 OCT 82600 CALL,SENSEX,1.0,82600.0,CE,20.0,5.0
865996,BSE,D,OPTIDX,BSXOPT,SENSEX 29 OCT 84900 CALL,SENSEX,1.0,84900.0,CE,20.0,5.0
866026,BSE,D,OPTIDX,BSXOPT,SENSEX 17 SEP 71200 PUT,SENSEX,1.0,71200.0,PE,20.0,5.0
866029,BSE,D,OPTIDX,BSXOPT,SENSEX 17 SEP 73500 PUT,SENSEX,1.0,73500.0,PE,20.0,5.0
866033,BSE,D,OPTIDX,BSXOPT,SENSEX 17 SEP 75800 PUT,SENSEX,1.0,75800.0,PE,20.0,5.0
866052,BSE,D,OPTIDX,BSXOPT,SENSEX 29 OCT 78000 PUT,SENSEX,1.0,78000.0,PE,20.0,5.0
866064,BSE,D,OPTIDX,SX50OPT,SENSEX50 29 OCT 25650 CALL,SENSEX50,47.0,25650.0,CE,75.0,5.0
866078,BSE,D,OPTIDX,BSXOPT,SENSEX 17 SEP 76500 CALL,SENSEX,1.0,76500.0,CE,20.0,5.0
866080,BSE,D,OPTIDX,BSXOPT,SENSEX 17 SEP 78800 CALL,SENSEX,1.0,78800.0,CE,20.0,5.0
866088,BSE,D,OPTIDX,BSXOPT,SENSEX 29 OCT 72000 PUT,SENSEX,1.0,72000.0,PE,20.0,5.0
866089,BSE,D,OPTIDX,BSXOPT,SENSEX 17 SEP 81200 PUT,SENSEX,1.0,81200.0,PE,20.0,5.0
866091,BSE,D,OPTIDX,BSXOPT,SENSEX 29 OCT 74300 PUT,SENSEX,1.0,74300.0,PE,20.0,5.0
866095,BSE,D,OPTIDX,BSXOPT,SENSEX 17 SEP 83500 PUT,SENSEX,1.0,83500.0,PE,20.0,5.0
866097,BSE,D,OPTIDX,BSXOPT,SENSEX 29 OCT 76600 PUT,SENSEX,1.0,76600.0,PE,20.0,5.0
866098,BSE,D,OPTIDX,BSXOPT,SENSEX 29 OCT 78900 PUT,SENSEX,1.0,78900.0,PE,20.0,5.0
866124,BSE,D,OPTIDX,BSXOPT,SENSEX 17 SEP 72800 CALL,SENSEX,1.0,72800.0,CE,20.0,5.0
866149,BSE,D,OPTIDX,BSXOPT,SENSEX 29 OCT 72900 PUT,SENSEX,1.0,72900.0,PE,20.0,5.0
866154,BSE,D,OPTIDX,BSXOPT,SENSEX 29 OCT 77300 CALL,SENSEX,1.0,77300.0,CE,20.0,5.0
866160,BSE,D,OPTIDX,BSXOPT,SENSEX 29 OCT 79600 CALL,SENSEX,1.0,79600.0,CE,20.0,5.0
866170,BSE,D,OPTIDX,BSXOPT,SENSEX 29 OCT 82000 PUT,SENSEX,1.0,82000.0,PE,20.0,5.0
866173,BSE,D,OPTIDX,BSXOPT,SENSEX 29 OCT 84300 PUT,SENSEX,1.0,84300.0,PE,20.0,5.0
866200,BSE,D,OPTIDX,BSXOPT,SENSEX 29 OCT 73600 CALL,SENSEX,1.0,73600.0,CE,20.0,5.0
866208,BSE,D,OPTIDX,BSXOPT,SENSEX 29 OCT 75900 CALL,SENSEX,1.0,75900.0,CE,20.0,5.0
866217,BSE,D,OPTIDX,BSXOPT,SENSEX 29 OCT 80600 PUT,SENSEX,1.0,80600.0,PE,20.0,5.0
866219,BSE,D,OPTIDX,BSXOPT,SENSEX 29 OCT 82900 PUT,SENSEX,1.0,82900.0,PE,20.0,5.0
866240,BSE,D,OPTIDX,SX50OPT,SENSEX50 29 OCT 25050 PUT,SENSEX50,47.0,25050.0,PE,75.0,5.0
866242,BSE,D,OPTIDX,BSXOPT,SENSEX 17 SEP 77100 CALL,SENSEX,1.0,77100.0,CE,20.0,5.0
866293,BSE,D,OPTIDX,BSXOPT,SENSEX 17 SEP 71100 CALL,SENSEX,1.0,71100.0,CE,20.0,5.0
866294,BSE,D,OPTIDX,BSXOPT,SENSEX 17 SEP 73400 CALL,SENSEX,1.0,73400.0,CE,20.0,5.0
866298,BSE,D,OPTIDX,SX50OPT,SENSEX50 29 OCT 25950 PUT,SENSEX50,47.0,25950.0,PE,75.0,5.0
866311,BSE,D,OPTIDX,BSXOPT,SENSEX 17 SEP 76800 PUT,SENSEX,1.0,76800.0,PE,20.0,5.0
866339,BSE,D,OPTIDX,SX50OPT,SENSEX50 29 OCT 24500 PUT,SENSEX50,47.0,24500.0,PE,75.0,5.0
866357,BSE,D,OPTIDX,BSXOPT,SENSEX 17 SEP 81100 CALL,SENSEX,1.0,81100.0,CE,20.0,5.0
866362,BSE,D,OPTIDX,BSXOPT,SENSEX 29 OCT 74200 CALL,SENSEX,1.0,74200.0,CE,20.0,5.0
866365,BSE,D,OPTIDX,BSXOPT,SENSEX 17 SEP 83400 CALL,SENSEX,1.0,83400.0,CE,20.0,5.0
866389,BSE,D,OPTIDX,BSXOPT,SENSEX 29 OCT 77600 PUT,SENSEX,1.0,77600.0,PE,20.0,5.0
866395,BSE,D,OPTIDX,BSXOPT,SENSEX 29 OCT 79900 PUT,SENSEX,1.0,79900.0,PE,20.0,5.0
866400,BSE,D,OPTIDX,SX50OPT,SENSEX50 29 OCT 25200 CALL,SENSEX50,47.0,25200.0,CE,75.0,5.0
866436,BSE,D,OPTIDX,BSXOPT,SENSEX 29 OCT 73900 PUT,SENSEX,1.0,73900.0,PE,20.0,5.0
866439,BSE,D,OPTIDX,BSXOPT,SENSEX 29 OCT 84200 CALL,SENSEX,1.0,84200.0,CE,20.0,5.0
866476,BSE,D,OPTIDX,BSXOPT,SENSEX 17 SEP 75100 PUT,SENSEX,1.0,75100.0,PE,20.0,5.0
866482,BSE,D,OPTIDX,BSXOPT,SENSEX 17 SEP 77400 PUT,SENSEX,1.0,77400.0,PE,20.0,5.0
866484,BSE,D,OPTIDX,BSXOPT,SENSEX 29 OCT 80500 CALL,SENSEX,1.0,80500.0,CE,20.0,5.0
866487,BSE,D,OPTIDX,BSXOPT,SENSEX 29 OCT 82800 CALL,SENSEX,1.0,82800.0,CE,20.0,5.0
866516,BSE,D,OPTIDX,BSXOPT,SENSEX 17 SEP 71400 PUT,SENSEX,1.0,71400.0,PE,20.0,5.0
866522,BSE,D,OPTIDX,BSXOPT,SENSEX 17 SEP 73700 PUT,SENSEX,1.0,73700.0,PE,20.0,5.0
866526,BSE,D,OPTIDX,BSXOPT,SENSEX 17 SEP 78100 CALL,SENSEX,1.0,78100.0,CE,20.0,5.0
866540,BSE,D,OPTIDX,BSXOPT,SENSEX 29 OCT 78200 PUT,SENSEX,1.0,78200.0,PE,20.0,5.0
866556,BSE,D,OPTIDX,SX50OPT,SENSEX50 29 OCT 25850 CALL,SENSEX50,47.0,25850.0,CE,75.0,5.0
866580,BSE,D,OPTIDX,BSXOPT,SENSEX 17 SEP 74400 CALL,SENSEX,1.0,74400.0,CE,20.0,5.0
866587,BSE,D,OPTIDX,BSXOPT,SENSEX 17 SEP 76700 CALL,SENSEX,1.0,76700.0,CE,20.0,5.0
866602,BSE,D,OPTIDX,BSXOPT,SENSEX 29 OCT 72200 PUT,SENSEX,1.0,72200.0,PE,20.0,5.0
866603,BSE,D,OPTIDX,BSXOPT,SENSEX 17 SEP 81400 PUT,SENSEX,1.0,81400.0,PE,20.0,5.0
866609,BSE,D,OPTIDX,BSXOPT,SENSEX 29 OCT 74500 PUT,SENSEX,1.0,74500.0,PE,20.0,5.0
866612,BSE,D,OPTIDX,BSXOPT,SENSEX 17 SEP 83700 PUT,SENSEX,1.0,83700.0,PE,20.0,5.0
866614,BSE,D,OPTIDX,BSXOPT,SENSEX 29 OCT 76800 PUT,SENSEX,1.0,76800.0,PE,20.0,5.0
866644,BSE,D,OPTIDX,SX50OPT,SENSEX50 29 OCT 25500 PUT,SENSEX50,47.0,25500.0,PE,75.0,5.0
866674,BSE,D,OPTIDX,BSXOPT,SENSEX 29 OCT 75200 CALL,SENSEX,1.0,75200.0,CE,20.0,5.0
866678,BSE,D,OPTIDX,BSXOPT,SENSEX 29 OCT 77500 CALL,SENSEX,1.0,77500.0,CE,20.0,5.0
866685,BSE,D,OPTIDX,BSXOPT,SENSEX 29 OCT 79800 CALL,SENSEX,1.0,79800.0,CE,20.0,5.0
866695,BSE,D,OPTIDX,BSXOPT,SENSEX 29 OCT 82200 PUT,SENSEX,1.0,82200.0,PE,20.0,5.0
866700,BSE,D,OPTIDX,BSXOPT,SENSEX 29 OCT 84500 PUT,SENSEX,1.0,84500.0,PE,20.0,5.0
866733,BSE,D,OPTIDX,BSXOPT,SENSEX 29 OCT 71500 CALL,SENSEX,1.0,71500.0,CE,20.0,5.0
866735,BSE,D,OPTIDX,BSXOPT,SENSEX 29 OCT 73800 CALL,SENSEX,1.0,73800.0,CE,20.0,5.0
866750,BSE,D,OPTIDX,BSXOPT,SENSEX 29 OCT 80800 PUT,SENSEX,1.0,80800.0,PE,20.0,5.0
866787,BSE,D,OPTIDX,BSXOPT,SENSEX 17 SEP 75000 CALL,SENSEX,1.0,75000.0,CE,20.0,5.0
866792,BSE,D,OPTIDX,SX50OPT,SENSEX50 29 OCT 25250 PUT,SENSEX50,47.0,25250.0,PE,75.0,5.0
866817,BSE,D,OPTIDX,BSXOPT,SENSEX 17 SEP 78400 PUT,SENSEX,1.0,78400.0,PE,20.0,5.0
866821,BSE,D,OPTIDX,BSXOPT,SENSEX 29 OCT 83800 CALL,SENSEX,1.0,83800.0,CE,20.0,5.0
866844,BSE,D,OPTIDX,BSXOPT,SENSEX 17 SEP 71300 CALL,SENSEX,1.0,71300.0,CE,20.0,5.0
866848,BSE,D,OPTIDX,SX50OPT,SENSEX50 29 OCT 26100 PUT,SENSEX50,47.0,26100.0,PE,75.0,5.0
866869,BSE,D,OPTIDX,BSXOPT,SENSEX 17 SEP 74700 PUT,SENSEX,1.0,74700.0,PE,20.0,5.0
866889,BSE,D,OPTIDX,BSXOPT,SENSEX 29 OCT 79200 PUT,SENSEX,1.0,79200.0,PE,20.0,5.0
866927,BSE,D,OPTIDX,BSXOPT,SENSEX 29 OCT 72100 CALL,SENSEX,1.0,72100.0,CE,20.0,5.0
866930,BSE,D,OPTIDX,BSXOPT,SENSEX 17 SEP 81300 CALL,SENSEX,1.0,81300.0,CE,20.0,5.0
866936,BSE,D,OPTIDX,BSXOPT,SENSEX 17 SEP 83600 CALL,SENSEX,1.0,83600.0,CE,20.0,5.0
866960,BSE,D,OPTIDX,BSXOPT,SENSEX 29 OCT 75500 PUT,SENSEX,1.0,75500.0,PE,20.0,5.0
866964,BSE,D,OPTIDX,BSXOPT,SENSEX 29 OCT 77800 PUT,SENSEX,1.0,77800.0,PE,20.0,5.0
866976,BSE,D,OPTIDX,SX50OPT,SENSEX50 29 OCT 25400 CALL,SENSEX50,47.0,25400.0,CE,75.0,5.0
867008,BSE,D,OPTIDX,BSXOPT,SENSEX 17 SEP 79000 PUT,SENSEX,1.0,79000.0,PE,20.0,5.0
867009,BSE,D,OPTIDX,BSXOPT,SENSEX 29 OCT 71800 PUT,SENSEX,1.0,71800.0,PE,20.0,5.0
867013,BSE,D,OPTIDX,BSXOPT,SENSEX 29 OCT 82100 CALL,SENSEX,1.0,82100.0,CE,20.0,5.0
867016,BSE,D,OPTIDX,BSXOPT,SENSEX 29 OCT 84400 CALL,SENSEX,1.0,84400.0,CE,20.0,5.0
867058,BSE,D,OPTIDX,BSXOPT,SENSEX 17 SEP 73000 PUT,SENSEX,1.0,73000.0,PE,20.0,5.0
867063,BSE,D,OPTIDX,BSXOPT,SENSEX 17 SEP 75300 PUT,SENSEX,1.0,75300.0,PE,20.0,5.0
867067,BSE,D,OPTIDX,BSXOPT,SENSEX 29 OCT 80700 CALL,SENSEX,1.0,80700.0,CE,20.0,5.0
867088,BSE,D,OPTIDX,SX50OPT,SENSEX50 29 OCT 25150 CALL,SENSEX50,47.0,25150.0,CE,75.0,5.0
867106,BSE,D,OPTIDX,BSXOPT,SENSEX 17 SEP 71600 PUT,SENSEX,1.0,71600.0,PE,20.0,5.0
867113,BSE,D,OPTIDX,BSXOPT,SENSEX 17 SEP 76000 CALL,SENSEX,1.0,76000.0,CE,20.0,5.0
867118,BSE,D,OPTIDX,BSXOPT,SENSEX 17 SEP 78300 CALL,SENSEX,1.0,78300.0,CE,20.0,5.0
867135,BSE,D,OPTIDX,BSXOPT,SENSEX 17 SEP 83000 PUT,SENSEX,1.0,83000.0,PE,20.0,5.0
867138,BSE,D,OPTIDX,BSXOPT,SENSEX 29 OCT 76100 PUT,SENSEX,1.0,76100.0,PE,20.0,5.0
867173,BSE,D,OPTIDX,BSXOPT,SENSEX 17 SEP 72300 CALL,SENSEX,1.0,72300.0,CE,20.0,5.0
867178,BSE,D,OPTIDX,BSXOPT,SENSEX 17 SEP 74600 CALL,SENSEX,1.0,74600.0,CE,20.0,5.0
867182,BSE,D,OPTIDX,BSXOPT,SENSEX 17 SEP 76900 CALL,SENSEX,1.0,76900.0,CE,20.0,5.0
867195,BSE,D,OPTIDX,BSXOPT,SENSEX 29 OCT 72400 PUT,SENSEX,1.0,72400.0,PE,20.0,5.0
867197,BSE,D,OPTIDX,BSXOPT,SENSEX 17 SEP 81600 PUT,SENSEX,1.0,81600.0,PE,20.0,5.0
867202,BSE,D,OPTIDX,BSXOPT,SENSEX 17 SEP 83900 PUT,SENSEX,1.0,83900.0,PE,20.0,5.0
867203,BSE,D,OPTIDX,BSXOPT,SENSEX 29 OCT 79100 CALL,SENSEX,1.0,79100.0,CE,20.0,5.0
867226,BSE,D,OPTIDX,BSXOPT,SENSEX 17 SEP 70900 CALL,SENSEX,1.0,70900.0,CE,20.0,5.0
867232,BSE,D,OPTIDX,SX50OPT,SENSEX50 29 OCT 25700 PUT,SENSEX50,47.0,25700.0,PE,75.0,5.0
867251,BSE,D,OPTIDX,BSXOPT,SENSEX 29 OCT 73100 CALL,SENSEX,1.0,73100.0,CE,20.0,5.0
867253,BSE,D,OPTIDX,BSXOPT,SENSEX 17 SEP 82300 CALL,SENSEX,1.0,82300.0,CE,20.0,5.0
867261,BSE,D,OPTIDX,BSXOPT,SENSEX 29 OCT 75400 CALL,SENSEX,1.0,75400.0,CE,20.0,5.0
867264,BSE,D,OPTIDX,BSXOPT,SENSEX 17 SEP 84600 CALL,SENSEX,1.0,84600.0,CE,20.0,5.0
867268,BSE,D,OPTIDX,BSXOPT,SENSEX 29 OCT 77700 CALL,SENSEX,1.0,77700.0,CE,20.0,5.0
867277,BSE,D,OPTIDX,BSXOPT,SENSEX 29 OCT 80100 PUT,SENSEX,1.0,80100.0,PE,20.0,5.0
867284,BSE,D,OPTIDX,BSXOPT,SENSEX 29 OCT 82400 PUT,SENSEX,1.0,82400.0,PE,20.0,5.0
867288,BSE,D,OPTIDX,BSXOPT,SENSEX 29 OCT 84700 PUT,SENSEX,1.0,84700.0,PE,20.0,5.0
867319,BSE,D,OPTIDX,BSXOPT,SENSEX 29 OCT 71700 CALL,SENSEX,1.0,71700.0,CE,20.0,5.0
867321,BSE,D,OPTIDX,BSXOPT,SENSEX 17 SEP 80900 CALL,SENSEX,1.0,80900.0,CE,20.0,5.0
867372,BSE,D,OPTIDX,SX50OPT,SENSEX50 29 OCT 25450 PUT,SENSEX50,47.0,25450.0,PE,75.0,5.0
867391,BSE,D,OPTIDX,BSXOPT,SENSEX 17 SEP 76300 PUT,SENSEX,1.0,76300.0,PE,20.0,5.0
867393,BSE,D,OPTIDX,BSXOPT,SENSEX 17 SEP 78600 PUT,SENSEX,1.0,78600.0,PE,20.0,5.0
867394,BSE,D,OPTIDX,BSXOPT,SENSEX 29 OCT 81700 CALL,SENSEX,1.0,81700.0,CE,20.0,5.0
867437,BSE,D,OPTIDX,BSXOPT,SENSEX 17 SEP 72600 PUT,SENSEX,1.0,72600.0,PE,20.0,5.0
867440,BSE,D,OPTIDX,BSXOPT,SENSEX 17 SEP 74900 PUT,SENSEX,1.0,74900.0,PE,20.0,5.0
867460,BSE,D,OPTIDX,BSXOPT,SENSEX 29 OCT 77100 PUT,SENSEX,1.0,77100.0,PE,20.0,5.0
867466,BSE,D,OPTIDX,BSXOPT,SENSEX 29 OCT 79400 PUT,SENSEX,1.0,79400.0,PE,20.0,5.0
867497,BSE,D,OPTIDX,BSXOPT,SENSEX 17 SEP 81500 CALL,SENSEX,1.0,81500.0,CE,20.0,5.0
867521,BSE,D,OPTIDX,BSXOPT,SENSEX 29 OCT 73400 PUT,SENSEX,1.0,73400.0,PE,20.0,5.0
867525,BSE,D,OPTIDX,BSXOPT,SENSEX 29 OCT 75700 PUT,SENSEX,1.0,75700.0,PE,20.0,5.0
867526,BSE,D,OPTIDX,BSXOPT,SENSEX 17 SEP 84900 PUT,SENSEX,1.0,84900.0,PE,20.0,5.0
867537,BSE,D,OPTIDX,SX50OPT,SENSEX50 29 OCT 25600 CALL,SENSEX50,47.0,25600.0,CE,75.0,5.0
867566,BSE,D,OPTIDX,BSXOPT,SENSEX 29 OCT 80000 CALL,SENSEX,1.0,80000.0,CE,20.0,5.0
867574,BSE,D,OPTIDX,BSXOPT,SENSEX 29 OCT 82300 CALL,SENSEX,1.0,82300.0,CE,20.0,5.0
867607,BSE,D,OPTIDX,BSXOPT,SENSEX 17 SEP 73200 PUT,SENSEX,1.0,73200.0,PE,20.0,5.0
867634,BSE,D,OPTIDX,SX50OPT,SENSEX50 29 OCT 25350 CALL,SENSEX50,47.0,25350.0,CE,75.0,5.0
867653,BSE,D,OPTIDX,BSXOPT,SENSEX 17 SEP 76200 CALL,SENSEX,1.0,76200.0,CE,20.0,5.0
867657,BSE,D,OPTIDX,BSXOPT,SENSEX 17 SEP 78500 CALL,SENSEX,1.0,78500.0,CE,20.0,5.0
867671,BSE,D,OPTIDX,BSXOPT,SENSEX 29 OCT 74000 PUT,SENSEX,1.0,74000.0,PE,20.0,5.0
867673,BSE,D,OPTIDX,BSXOPT,SENSEX 17 SEP 83200 PUT,SENSEX,1.0,83200.0,PE,20.0,5.0
867695,BSE,D,OPTIDX,BSXOPT,SENSEX 17 SEP 72500 CALL,SENSEX,1.0,72500.0,CE,20.0,5.0
867702,BSE,D,OPTIDX,SX50OPT,SENSEX50 29 OCT 25000 PUT,SENSEX50,47.0,25000.0,PE,75.0,5.0
867703,BSE,D,OPTIDX,BSXOPT,SENSEX 17 SEP 74800 CALL,SENSEX,1.0,74800.0,CE,20.0,5.0
867724,BSE,D,OPTIDX,BSXOPT,SENSEX 17 SEP 81800 PUT,SENSEX,1.0,81800.0,PE,20.0,5.0
867729,BSE,D,OPTIDX,BSXOPT,SENSEX 29 OCT 77000 CALL,SENSEX,1.0,77000.0,CE,20.0,5.0
867733,BSE,D,OPTIDX,BSXOPT,SENSEX 29 OCT 79300 CALL,SENSEX,1.0,79300.0,CE,20.0,5.0
867746,BSE,D,OPTIDX,BSXOPT,SENSEX 29 OCT 84000 PUT,SENSEX,1.0,84000.0,PE,20.0,5.0
867763,BSE,D,OPTIDX,SX50OPT,SENSEX50 29 OCT 25900 PUT,SENSEX50,47.0,25900.0,PE,75.0,5.0
867776,BSE,D,OPTIDX,BSXOPT,SENSEX 29 OCT 71000 CALL,SENSEX,1.0,71000.0,CE,20.0,5.0
867778,BSE,D,OPTIDX,BSXOPT,SENSEX 17 SEP 80200 CALL,SENSEX,1.0,80200.0,CE,20.0,5.0
867781,BSE,D,OPTIDX,BSXOPT,SENSEX 29 OCT 73300 CALL,SENSEX,1.0,73300.0,CE,20.0,5.0
867783,BSE,D,OPTIDX,BSXOPT,SENSEX 17 SEP 82500 CALL,SENSEX,1.0,82500.0,CE,20.0,5.0
867787,BSE,D,OPTIDX,BSXOPT,SENSEX 29 OCT 75600 CALL,SENSEX,1.0,75600.0,CE,20.0,5.0
867792,BSE,D,OPTIDX,BSXOPT,SENSEX 17 SEP 84800 CALL,SENSEX,1.0,84800.0,CE,20.0,5.0
867794,BSE,D,OPTIDX,BSXOPT,SENSEX 29 OCT 77900 CALL,SENSEX,1.0,77900.0,CE,20.0,5.0
867806,BSE,D,OPTIDX,BSXOPT,SENSEX 29 OCT 80300 PUT,SENSEX,1.0,80300.0,PE,20.0,5.0
867809,BSE,D,OPTIDX,BSXOPT,SENSEX 29 OCT 82600 PUT,SENSEX,1.0,82600.0,PE,20.0,5.0
867832,BSE,D,OPTIDX,BSXOPT,SENSEX 29 OCT 71900 CALL,SENSEX,1.0,71900.0,CE,20.0,5.0
867848,BSE,D,OPTIDX,BSXOPT,SENSEX 29 OCT 81000 CALL,SENSEX,1.0,81000.0,CE,20.0,5.0
867855,BSE,D,OPTIDX,BSXOPT,SENSEX 29 OCT 83300 CALL,SENSEX,1.0,83300.0,CE,20.0,5.0
867882,BSE,D,OPTIDX,SX50OPT,SENSEX50 29 OCT 25650 PUT,SENSEX50,47.0,25650.0,PE,75.0,5.0
867901,BSE,D,OPTIDX,BSXOPT,SENSEX 17 SEP 74200 PUT,SENSEX,1.0,74200.0,PE,20.0,5.0
867904,BSE,D,OPTIDX,BSXOPT,SENSEX 17 SEP 76500 PUT,SENSEX,1.0,76500.0,PE,20.0,5.0
867908,BSE,D,OPTIDX,BSXOPT,SENSEX 17 SEP 78800 PUT,SENSEX,1.0,78800.0,PE,20.0,5.0
867910,BSE,D,OPTIDX,BSXOPT,SENSEX 29 OCT 81900 CALL,SENSEX,1.0,81900.0,CE,20.0,5.0
867947,BSE,D,OPTIDX,BSXOPT,SENSEX 17 SEP 72800 PUT,SENSEX,1.0,72800.0,PE,20.0,5.0
867999,BSE,D,OPTIDX,BSXOPT,SENSEX 29 OCT 75000 PUT,SENSEX,1.0,75000.0,PE,20.0,5.0
868001,BSE,D,OPTIDX,BSXOPT,SENSEX 29 OCT 77300 PUT,SENSEX,1.0,77300.0,PE,20.0,5.0
868009,BSE,D,OPTIDX,BSXOPT,SENSEX 29 OCT 79600 PUT,SENSEX,1.0,79600.0,PE,20.0,5.0
868022,BSE,D,OPTIDX,SX50OPT,SENSEX50 29 OCT 24950 CALL,SENSEX50,47.0,24950.0,CE,75.0,5.0
868059,BSE,D,OPTIDX,BSXOPT,SENSEX 29 OCT 71300 PUT,SENSEX,1.0,71300.0,PE,20.0,5.0
868062,BSE,D,OPTIDX,BSXOPT,SENSEX 29 OCT 73600 PUT,SENSEX,1.0,73600.0,PE,20.0,5.0
868065,BSE,D,OPTIDX,BSXOPT,SENSEX 17 SEP 82800 PUT,SENSEX,1.0,82800.0,PE,20.0,5.0
868068,BSE,D,OPTIDX,BSXOPT,SENSEX 29 OCT 75900 PUT,SENSEX,1.0,75900.0,PE,20.0,5.0
868102,BSE,D,OPTIDX,SX50OPT,SENSEX50 29 OCT 25800 CALL,SENSEX50,47.0,25800.0,CE,75.0,5.0
868159,BSE,D,OPTIDX,BSXOPT,SENSEX 29 OCT 80200 CALL,SENSEX,1.0,80200.0,CE,20.0,5.0
868191,BSE,D,OPTIDX,BSXOPT,SENSEX 29 OCT 83600 PUT,SENSEX,1.0,83600.0,PE,20.0,5.0
868208,BSE,D,OPTIDX,BSXOPT,SENSEX 17 SEP 71100 PUT,SENSEX,1.0,71100.0,PE,20.0,5.0
868240,BSE,D,OPTIDX,SX50OPT,SENSEX50 29 OCT 25550 CALL,SENSEX50,47.0,25550.0,CE,75.0,5.0
868254,BSE,D,OPTIDX,BSXOPT,SENSEX 17 SEP 74100 CALL,SENSEX,1.0,74100.0,CE,20.0,5.0
868256,BSE,D,OPTIDX,BSXOPT,SENSEX 17 SEP 76400 CALL,SENSEX,1.0,76400.0,CE,20.0,5.0
868258,BSE,D,OPTIDX,BSXOPT,SENSEX 17 SEP 78700 CALL,SENSEX,1.0,78700.0,CE,20.0,5.0
868269,BSE,D,OPTIDX,BSXOPT,SENSEX 17 SEP 81100 PUT,SENSEX,1.0,81100.0,PE,20.0,5.0
868275,BSE,D,OPTIDX,BSXOPT,SENSEX 17 SEP 83400 PUT,SENSEX,1.0,83400.0,PE,20.0,5.0
868304,BSE,D,OPTIDX,BSXOPT,SENSEX 17 SEP 72700 CALL,SENSEX,1.0,72700.0,CE,20.0,5.0
868309,BSE,D,OPTIDX,SX50OPT,SENSEX50 29 OCT 25200 PUT,SENSEX50,47.0,25200.0,PE,75.0,5.0
868329,BSE,D,OPTIDX,BSXOPT,SENSEX 17 SEP 84100 CALL,SENSEX,1.0,84100.0,CE,20.0,5.0
868332,BSE,D,OPTIDX,BSXOPT,SENSEX 29 OCT 77200 CALL,SENSEX,1.0,77200.0,CE,20.0,5.0
868336,BSE,D,OPTIDX,BSXOPT,SENSEX 29 OCT 79500 CALL,SENSEX,1.0,79500.0,CE,20.0,5.0
868347,BSE,D,OPTIDX,BSXOPT,SENSEX 29 OCT 84200 PUT,SENSEX,1.0,84200.0,PE,20.0,5.0
868371,BSE,D,OPTIDX,BSXOPT,SENSEX 29 OCT 71200 CALL,SENSEX,1.0,71200.0,CE,20.0,5.0
868375,BSE,D,OPTIDX,BSXOPT,SENSEX 17 SEP 80400 CALL,SENSEX,1.0,80400.0,CE,20.0,5.0
868376,BSE,D,OPTIDX,BSXOPT,SENSEX 29 OCT 73500 CALL,SENSEX,1.0,73500.0,CE,20.0,5.0
868378,BSE,D,OPTIDX,BSXOPT,SENSEX 17 SEP 82700 CALL,SENSEX,1.0,82700.0,CE,20.0,5.0
868382,BSE,D,OPTIDX,BSXOPT,SENSEX 29 OCT 75800 CALL,SENSEX,1.0,75800.0,CE,20.0,5.0
868391,BSE,D,OPTIDX,BSXOPT,SENSEX 29 OCT 80500 PUT,SENSEX,1.0,80500.0,PE,20.0,5.0
868440,BSE,D,OPTIDX,BSXOPT,SENSEX 17 SEP 78100 PUT,SENSEX,1.0,78100.0,PE,20.0,5.0
868443,BSE,D,OPTIDX,BSXOPT,SENSEX 29 OCT 81200 CALL,SENSEX,1.0,81200.0,CE,20.0,5.0
868448,BSE,D,OPTIDX,BSXOPT,SENSEX 29 OCT 83500 CALL,SENSEX,1.0,83500.0,CE,20.0,5.0
868470,BSE,D,OPTIDX,SX50OPT,SENSEX50 29 OCT 25850 PUT,SENSEX50,47.0,25850.0,PE,75.0,5.0
868481,BSE,D,OPTIDX,BSXOPT,SENSEX 17 SEP 72100 PUT,SENSEX,1.0,72100.0,PE,20.0,5.0
868482,BSE,D,OPTIDX,BSXOPT,SENSEX 17 SEP 74400 PUT,SENSEX,1.0,74400.0,PE,20.0,5.0
868483,BSE,D,OPTIDX,BSXOPT,SENSEX 17 SEP 76700 PUT,SENSEX,1.0,76700.0,PE,20.0,5.0
868534,BSE,D,OPTIDX,BSXOPT,SENSEX 17 SEP 82100 PUT,SENSEX,1.0,82100.0,PE,20.0,5.0
868539,BSE,D,OPTIDX,BSXOPT,SENSEX 29 OCT 75200 PUT,SENSEX,1.0,75200.0,PE,20.0,5.0
868540,BSE,D,OPTIDX,BSXOPT,SENSEX 17 SEP 84400 PUT,SENSEX,1.0,84400.0,PE,20.0,5.0
868545,BSE,D,OPTIDX,BSXOPT,SENSEX 29 OCT 77500 PUT,SENSEX,1.0,77500.0,PE,20.0,5.0
868553,BSE,D,OPTIDX,BSXOPT,SENSEX 29 OCT 79800 PUT,SENSEX,1.0,79800.0,PE,20.0,5.0
868559,BSE,D,OPTIDX,SX50OPT,SENSEX50 29 OCT 25100 CALL,SENSEX50,47.0,25100.0,CE,75.0,5.0
868599,BSE,D,OPTIDX,BSXOPT,SENSEX 29 OCT 71500 PUT,SENSEX,1.0,71500.0,PE,20.0,5.0
868600,BSE,D,OPTIDX,BSXOPT,SENSEX 17 SEP 80700 PUT,SENSEX,1.0,80700.0,PE,20.0,5.0
868605,BSE,D,OPTIDX,BSXOPT,SENSEX 29 OCT 73800 PUT,SENSEX,1.0,73800.0,PE,20.0,5.0
868692,BSE,D,OPTIDX,BSXOPT,SENSEX 29 OCT 81500 PUT,SENSEX,1.0,81500.0,PE,20.0,5.0
868706,BSE,D,OPTIDX,BSXOPT,SENSEX 29 OCT 83800 PUT,SENSEX,1.0,83800.0,PE,20.0,5.0
869105,BSE,D,OPTIDX,BSXOPT,SENSEX 17 SEP 78000 CALL,SENSEX,1.0,78000.0,CE,20.0,5.0
869648,BSE,D,OPTIDX,BSXOPT,SENSEX 17 SEP 72000 CALL,SENSEX,1.0,72000.0,CE,20.0,5.0
869699,BSE,D,OPTIDX,BSXOPT,SENSEX 17 SEP 74300 CALL,SENSEX,1.0,74300.0,CE,20.0,5.0
869786,BSE,D,OPTIDX,BSXOPT,SENSEX 17 SEP 76600 CALL,SENSEX,1.0,76600.0,CE,20.0,5.0
869862,BSE,D,OPTIDX,BSXOPT,SENSEX 17 SEP 78900 CALL,SENSEX,1.0,78900.0,CE,20.0,5.0
870265,BSE,D,OPTIDX,BSXOPT,SENSEX 17 SEP 72900 CALL,SENSEX,1.0,72900.0,CE,20.0,5.0
870304,BSE,D,OPTIDX,SX50OPT,SENSEX50 29 OCT 25400 PUT,SENSEX50,47.0,25400.0,PE,75.0,5.0
870463,BSE,D,OPTIDX,BSXOPT,SENSEX 17 SEP 82000 CALL,SENSEX,1.0,82000.0,CE,20.0,5.0
870515,BSE,D,OPTIDX,BSXOPT,SENSEX 29 OCT 75100 CALL,SENSEX,1.0,75100.0,CE,20.0,5.0
870570,BSE,D,OPTIDX,BSXOPT,SENSEX 17 SEP 84300 CALL,SENSEX,1.0,84300.0,CE,20.0,5.0
870571,BSE,D,OPTIDX,BSXOPT,SENSEX 29 OCT 77400 CALL,SENSEX,1.0,77400.0,CE,20.0,5.0
870645,BSE,D,OPTIDX,BSXOPT,SENSEX 29 OCT 79700 CALL,SENSEX,1.0,79700.0,CE,20.0,5.0
870743,BSE,D,OPTIDX,BSXOPT,SENSEX 29 OCT 82100 PUT,SENSEX,1.0,82100.0,PE,20.0,5.0
871147,BSE,D,OPTIDX,BSXOPT,SENSEX 29 OCT 71400 CALL,SENSEX,1.0,71400.0,CE,20.0,5.0
871168,BSE,D,OPTIDX,BSXOPT,SENSEX 17 SEP 80600 CALL,SENSEX,1.0,80600.0,CE,20.0,5.0
871190,BSE,D,OPTIDX,BSXOPT,SENSEX 29 OCT 73700 CALL,SENSEX,1.0,73700.0,CE,20.0,5.0
871236,BSE,D,OPTIDX,BSXOPT,SENSEX 17 SEP 82900 CALL,SENSEX,1.0,82900.0,CE,20.0,5.0
871727,BSE,D,OPTIDX,SX50OPT,SENSEX50 29 OCT 25150 PUT,SENSEX50,47.0,25150.0,PE,75.0,5.0
871851,BSE,D,OPTIDX,BSXOPT,SENSEX 17 SEP 76000 PUT,SENSEX,1.0,76000.0,PE,20.0,5.0
871877,BSE,D,OPTIDX,BSXOPT,SENSEX 17 SEP 78300 PUT,SENSEX,1.0,78300.0,PE,20.0,5.0
871902,BSE,D,OPTIDX,BSXOPT,SENSEX 29 OCT 81400 CALL,SENSEX,1.0,81400.0,CE,20.0,5.0
871947,BSE,D,OPTIDX,BSXOPT,SENSEX 29 OCT 83700 CALL,SENSEX,1.0,83700.0,CE,20.0,5.0
872387,BSE,D,OPTIDX,BSXOPT,SENSEX 17 SEP 72300 PUT,SENSEX,1.0,72300.0,PE,20.0,5.0
872420,BSE,D,OPTIDX,BSXOPT,SENSEX 17 SEP 74600 PUT,SENSEX,1.0,74600.0,PE,20.0,5.0
872455,BSE,D,OPTIDX,BSXOPT,SENSEX 17 SEP 76900 PUT,SENSEX,1.0,76900.0,PE,20.0,5.0
872669,BSE,D,OPTIDX,BSXOPT,SENSEX 29 OCT 79100 PUT,SENSEX,1.0,79100.0,PE,20.0,5.0
872933,BSE,D,OPTIDX,BSXOPT,SENSEX 17 SEP 70900 PUT,SENSEX,1.0,70900.0,PE,20.0,5.0
873188,BSE,D,OPTIDX,BSXOPT,SENSEX 17 SEP 80000 PUT,SENSEX,1.0,80000.0,PE,20.0,5.0
873197,BSE,D,OPTIDX,BSXOPT,SENSEX 29 OCT 73100 PUT,SENSEX,1.0,73100.0,PE,20.0,5.0
873241,BSE,D,OPTIDX,BSXOPT,SENSEX 17 SEP 82300 PUT,SENSEX,1.0,82300.0,PE,20.0,5.0
873242,BSE,D,OPTIDX,BSXOPT,SENSEX 29 OCT 75400 PUT,SENSEX,1.0,75400.0,PE,20.0,5.0
873259,BSE,D,OPTIDX,BSXOPT,SENSEX 17 SEP 84600 PUT,SENSEX,1.0,84600.0,PE,20.0,5.0
873312,BSE,D,OPTIDX,BSXOPT,SENSEX 29 OCT 77700 PUT,SENSEX,1.0,77700.0,PE,20.0,5.0
873391,BSE,D,OPTIDX,SX50OPT,SENSEX50 29 OCT 25300 CALL,SENSEX50,47.0,25300.0,CE,75.0,5.0
873915,BSE,D,OPTIDX,BSXOPT,SENSEX 29 OCT 71700 PUT,SENSEX,1.0,71700.0,PE,20.0,5.0
873935,BSE,D,OPTIDX,BSXOPT,SENSEX 17 SEP 80900 PUT,SENSEX,1.0,80900.0,PE,20.0,5.0
874222,BSE,D,OPTIDX,BSXOPT,SENSEX 29 OCT 83100 PUT,SENSEX,1.0,83100.0,PE,20.0,5.0
874792,BSE,D,OPTIDX,BSXOPT,SENSEX 29 OCT 81700 PUT,SENSEX,1.0,81700.0,PE,20.0,5.0
874821,BSE,D,OPTIDX,SX50OPT,SENSEX50 29 OCT 25050 CALL,SENSEX50,47.0,25050.0,CE,75.0,5.0
875105,BSE,D,OPTIDX,BSXOPT,SENSEX 17 SEP 78200 CALL,SENSEX,1.0,78200.0,CE,20.0,5.0
875755,BSE,D,OPTIDX,BSXOPT,SENSEX 17 SEP 72200 CALL,SENSEX,1.0,72200.0,CE,20.0,5.0
875758,BSE,D,OPTIDX,BSXOPT,SENSEX 17 SEP 74500 CALL,SENSEX,1.0,74500.0,CE,20.0,5.0
875809,BSE,D,OPTIDX,SX50OPT,SENSEX50 29 OCT 24750 PUT,SENSEX50,47.0,24750.0,PE,75.0,5.0
875812,BSE,D,OPTIDX,BSXOPT,SENSEX 17 SEP 76800 CALL,SENSEX,1.0,76800.0,CE,20.0,5.0
876032,BSE,D,OPTIDX,BSXOPT,SENSEX 29 OCT 79000 CALL,SENSEX,1.0,79000.0,CE,20.0,5.0
876290,BSE,D,OPTIDX,SX50OPT,SENSEX50 29 OCT 25600 PUT,SENSEX50,47.0,25600.0,PE,75.0,5.0
876359,BSE,D,OPTIDX,BSXOPT,SENSEX 29 OCT 73000 CALL,SENSEX,1.0,73000.0,CE,20.0,5.0
876361,BSE,D,OPTIDX,BSXOPT,SENSEX 17 SEP 82200 CALL,SENSEX,1.0,82200.0,CE,20.0,5.0
876365,BSE,D,OPTIDX,BSXOPT,SENSEX 29 OCT 75300 CALL,SENSEX,1.0,75300.0,CE,20.0,5.0
876366,BSE,D,OPTIDX,BSXOPT,SENSEX 17 SEP 84500 CALL,SENSEX,1.0,84500.0,CE,20.0,5.0
876369,BSE,D,OPTIDX,BSXOPT,SENSEX 29 OCT 77600 CALL,SENSEX,1.0,77600.0,CE,20.0,5.0
876375,BSE,D,OPTIDX,BSXOPT,SENSEX 29 OCT 79900 CALL,SENSEX,1.0,79900.0,CE,20.0,5.0
876420,BSE,D,OPTIDX,BSXOPT,SENSEX 29 OCT 71600 CALL,SENSEX,1.0,71600.0,CE,20.0,5.0
876423,BSE,D,OPTIDX,BSXOPT,SENSEX 17 SEP 80800 CALL,SENSEX,1.0,80800.0,CE,20.0,5.0
876425,BSE,D,OPTIDX,BSXOPT,SENSEX 29 OCT 73900 CALL,SENSEX,1.0,73900.0,CE,20.0,5.0
876442,BSE,D,OPTIDX,BSXOPT,SENSEX 29 OCT 83000 CALL,SENSEX,1.0,83000.0,CE,20.0,5.0
876461,BSE,D,OPTIDX,SX50OPT,SENSEX50 29 OCT 24900 CALL,SENSEX50,47.0,24900.0,CE,75.0,5.0
876477,BSE,D,OPTIDX,SX50OPT,SENSEX50 29 OCT 25350 PUT,SENSEX50,47.0,25350.0,PE,75.0,5.0
876493,BSE,D,OPTIDX,BSXOPT,SENSEX 17 SEP 76200 PUT,SENSEX,1.0,76200.0,PE,20.0,5.0
876496,BSE,D,OPTIDX,BSXOPT,SENSEX 17 SEP 78500 PUT,SENSEX,1.0,78500.0,PE,20.0,5.0
876499,BSE,D,OPTIDX,BSXOPT,SENSEX 29 OCT 81600 CALL,SENSEX,1.0,81600.0,CE,20.0,5.0
876500,BSE,D,OPTIDX,BSXOPT,SENSEX 29 OCT 83900 CALL,SENSEX,1.0,83900.0,CE,20.0,5.0
876519,BSE,D,OPTIDX,SX50OPT,SENSEX50 29 OCT 26050 CALL,SENSEX50,47.0,26050.0,CE,75.0,5.0
876535,BSE,D,OPTIDX,BSXOPT,SENSEX 17 SEP 72500 PUT,SENSEX,1.0,72500.0,PE,20.0,5.0
876539,BSE,D,OPTIDX,BSXOPT,SENSEX 17 SEP 74800 PUT,SENSEX,1.0,74800.0,PE,20.0,5.0
876554,BSE,D,OPTIDX,BSXOPT,SENSEX 29 OCT 77000 PUT,SENSEX,1.0,77000.0,PE,20.0,5.0
876556,BSE,D,OPTIDX,BSXOPT,SENSEX 29 OCT 79300 PUT,SENSEX,1.0,79300.0,PE,20.0,5.0
876567,BSE,D,OPTIDX,SX50OPT,SENSEX50 29 OCT 24650 CALL,SENSEX50,47.0,24650.0,CE,75.0,5.0
876594,BSE,D,FUTIDX,SX50FUT,SENSEX50 OCT  FUT,SENSEX50,47.0,0.0,,75.0,5.0
876597,BSE,D,OPTIDX,BSXOPT,SENSEX 17 SEP 77800 CALL,SENSEX,1.0,77800.0,CE,20.0,5.0
876604,BSE,D,OPTIDX,BSXOPT,SENSEX 29 OCT 71000 PUT,SENSEX,1.0,71000.0,PE,20.0,5.0
876606,BSE,D,OPTIDX,BSXOPT,SENSEX 17 SEP 80200 PUT,SENSEX,1.0,80200.0,PE,20.0,5.0
876607,BSE,D,OPTIDX,BSXOPT,SENSEX 29 OCT 73300 PUT,SENSEX,1.0,73300.0,PE,20.0,5.0
876612,BSE,D,OPTIDX,BSXOPT,SENSEX 17 SEP 82500 PUT,SENSEX,1.0,82500.0,PE,20.0,5.0
876614,BSE,D,OPTIDX,BSXOPT,SENSEX 29 OCT 75600 PUT,SENSEX,1.0,75600.0,PE,20.0,5.0
876617,BSE,D,OPTIDX,BSXOPT,SENSEX 17 SEP 84800 PUT,SENSEX,1.0,84800.0,PE,20.0,5.0
876619,BSE,D,OPTIDX,BSXOPT,SENSEX 29 OCT 77900 PUT,SENSEX,1.0,77900.0,PE,20.0,5.0
876626,BSE,D,OPTIDX,SX50OPT,SENSEX50 29 OCT 25500 CALL,SENSEX50,47.0,25500.0,CE,75.0,5.0
876655,BSE,D,OPTIDX,BSXOPT,SENSEX 29 OCT 71900 PUT,SENSEX,1.0,71900.0,PE,20.0,5.0
876666,BSE,D,OPTIDX,BSXOPT,SENSEX 29 OCT 78600 CALL,SENSEX,1.0,78600.0,CE,20.0,5.0
876674,BSE,D,OPTIDX,BSXOPT,SENSEX 29 OCT 81000 PUT,SENSEX,1.0,81000.0,PE,20.0,5.0
876681,BSE,D,OPTIDX,BSXOPT,SENSEX 29 OCT 83300 PUT,SENSEX,1.0,83300.0,PE,20.0,5.0
876711,BSE,D,OPTIDX,BSXOPT,SENSEX 29 OCT 74900 CALL,SENSEX,1.0,74900.0,CE,20.0,5.0
876729,BSE,D,OPTIDX,BSXOPT,SENSEX 29 OCT 81900 PUT,SENSEX,1.0,81900.0,PE,20.0,5.0
876754,BSE,D,OPTIDX,BSXOPT,SENSEX 17 SEP 76100 CALL,SENSEX,1.0,76100.0,CE,20.0,5.0
876758,BSE,D,OPTIDX,SX50OPT,SENSEX50 29 OCT 26350 PUT,SENSEX50,47.0,26350.0,PE,75.0,5.0
876812,BSE,D,OPTIDX,BSXOPT,SENSEX 17 SEP 78400 CALL,SENSEX,1.0,78400.0,CE,20.0,5.0
877065,BSE,D,OPTIDX,BSXOPT,SENSEX 17 SEP 72400 CALL,SENSEX,1.0,72400.0,CE,20.0,5.0
877075,BSE,D,OPTIDX,BSXOPT,SENSEX 17 SEP 74700 CALL,SENSEX,1.0,74700.0,CE,20.0,5.0
877082,BSE,D,OPTIDX,SX50OPT,SENSEX50 29 OCT 24950 PUT,SENSEX50,47.0,24950.0,PE,75.0,5.0
877160,BSE,D,OPTIDX,BSXOPT,SENSEX 29 OCT 79200 CALL,SENSEX,1.0,79200.0,CE,20.0,5.0
877303,BSE,D,OPTIDX,SX50OPT,SENSEX50 29 OCT 25800 PUT,SENSEX50,47.0,25800.0,PE,75.0,5.0
877355,BSE,D,OPTIDX,BSXOPT,SENSEX 17 SEP 80100 CALL,SENSEX,1.0,80100.0,CE,20.0,5.0
877367,BSE,D,OPTIDX,BSXOPT,SENSEX 29 OCT 73200 CALL,SENSEX,1.0,73200.0,CE,20.0,5.0
877371,BSE,D,OPTIDX,BSXOPT,SENSEX 17 SEP 82400 CALL,SENSEX,1.0,82400.0,CE,20.0,5.0
877396,BSE,D,OPTIDX,BSXOPT,SENSEX 29 OCT 75500 CALL,SENSEX,1.0,75500.0,CE,20.0,5.0
877399,BSE,D,OPTIDX,BSXOPT,SENSEX 17 SEP 84700 CALL,SENSEX,1.0,84700.0,CE,20.0,5.0
877446,BSE,D,OPTIDX,BSXOPT,SENSEX 29 OCT 77800 CALL,SENSEX,1.0,77800.0,CE,20.0,5.0
877608,BSE,D,OPTIDX,SX50OPT,SENSEX50 29 OCT 26500 CALL,SENSEX50,47.0,26500.0,CE,75.0,5.0
877691,BSE,D,OPTIDX,BSXOPT,SENSEX 29 OCT 71800 CALL,SENSEX,1.0,71800.0,CE,20.0,5.0
877714,BSE,D,OPTIDX,BSXOPT,SENSEX 29 OCT 83200 CALL,SENSEX,1.0,83200.0,CE,20.0,5.0
877787,BSE,D,OPTIDX,BSXOPT,SENSEX 29 JUN 75000 CALL,SENSEX,1.0,75000.0,CE,20.0,5.0
877794,BSE,D,OPTIDX,BSXOPT,SENSEX 28 DEC 75000 CALL,SENSEX,1.0,75000.0,CE,20.0,5.0
877850,BSE,D,OPTIDX,BSXOPT,SENSEX 30 DEC 75000 PUT,SENSEX,1.0,75000.0,PE,20.0,5.0
877854,BSE,D,OPTIDX,BSXOPT,SENSEX 17 SEP 74100 PUT,SENSEX,1.0,74100.0,PE,20.0,5.0
877857,BSE,D,OPTIDX,BSXOPT,SENSEX 17 SEP 76400 PUT,SENSEX,1.0,76400.0,PE,20.0,5.0
877866,BSE,D,OPTIDX,BSXOPT,SENSEX 17 SEP 78700 PUT,SENSEX,1.0,78700.0,PE,20.0,5.0
877871,BSE,D,OPTIDX,BSXOPT,SENSEX 29 OCT 81800 CALL,SENSEX,1.0,81800.0,CE,20.0,5.0
877910,BSE,D,OPTIDX,BSXOPT,SENSEX 27 JUN 75000 CALL,SENSEX,1.0,75000.0,CE,20.0,5.0
877929,BSE,D,OPTIDX,SX50OPT,SENSEX50 29 OCT 26250 CALL,SENSEX50,47.0,26250.0,CE,75.0,5.0
877944,BSE,D,OPTIDX,BSXOPT,SENSEX 24 JUN 75000 CALL,SENSEX,1.0,75000.0,CE,20.0,5.0
877959,BSE,D,OPTIDX,BSXOPT,SENSEX 27 DEC 75000 CALL,SENSEX,1.0,75000.0,CE,20.0,5.0
877965,BSE,D,OPTIDX,BSXOPT,SENSEX 17 SEP 72700 PUT,SENSEX,1.0,72700.0,PE,20.0,5.0
877984,BSE,D,OPTIDX,BSXOPT,SENSEX 17 SEP 79400 CALL,SENSEX,1.0,79400.0,CE,20.0,5.0
878004,BSE,D,OPTIDX,BSXOPT,SENSEX 29 JUN 75000 PUT,SENSEX,1.0,75000.0,PE,20.0,5.0
878014,BSE,D,OPTIDX,BSXOPT,SENSEX 28 DEC 75000 PUT,SENSEX,1.0,75000.0,PE,20.0,5.0
878023,BSE,D,OPTIDX,BSXOPT,SENSEX 17 SEP 84100 PUT,SENSEX,1.0,84100.0,PE,20.0,5.0
878035,BSE,D,OPTIDX,BSXOPT,SENSEX 29 OCT 77200 PUT,SENSEX,1.0,77200.0,PE,20.0,5.0
878043,BSE,D,OPTIDX,BSXOPT,SENSEX 29 OCT 79500 PUT,SENSEX,1.0,79500.0,PE,20.0,5.0
878072,BSE,D,OPTIDX,SX50OPT,SENSEX50 29 OCT 24850 CALL,SENSEX50,47.0,24850.0,CE,75.0,5.0
878131,BSE,D,OPTIDX,BSXOPT,SENSEX 17 SEP 75700 CALL,SENSEX,1.0,75700.0,CE,20.0,5.0
878141,BSE,D,OPTIDX,BSXOPT,SENSEX 27 JUN 75000 PUT,SENSEX,1.0,75000.0,PE,20.0,5.0
878160,BSE,D,OPTIDX,BSXOPT,SENSEX 29 OCT 71200 PUT,SENSEX,1.0,71200.0,PE,20.0,5.0
878166,BSE,D,OPTIDX,BSXOPT,SENSEX 17 SEP 80400 PUT,SENSEX,1.0,80400.0,PE,20.0,5.0
878171,BSE,D,OPTIDX,BSXOPT,SENSEX 24 JUN 75000 PUT,SENSEX,1.0,75000.0,PE,20.0,5.0
878180,BSE,D,OPTIDX,BSXOPT,SENSEX 29 OCT 73500 PUT,SENSEX,1.0,73500.0,PE,20.0,5.0
878182,BSE,D,OPTIDX,BSXOPT,SENSEX 28 JUN 75000 PUT,SENSEX,1.0,75000.0,PE,20.0,5.0
878183,BSE,D,OPTIDX,BSXOPT,SENSEX 17 SEP 82700 PUT,SENSEX,1.0,82700.0,PE,20.0,5.0
878185,BSE,D,OPTIDX,BSXOPT,SENSEX 29 OCT 75800 PUT,SENSEX,1.0,75800.0,PE,20.0,5.0
878191,BSE,D,OPTIDX,BSXOPT,SENSEX 27 DEC 75000 PUT,SENSEX,1.0,75000.0,PE,20.0,5.0
878262,BSE,D,OPTIDX,BSXOPT,SENSEX 26 DEC 75000 CALL,SENSEX,1.0,75000.0,CE,20.0,5.0
878322,BSE,D,OPTIDX,BSXOPT,SENSEX 29 OCT 76500 CALL,SENSEX,1.0,76500.0,CE,20.0,5.0
878329,BSE,D,OPTIDX,BSXOPT,SENSEX 29 OCT 78800 CALL,SENSEX,1.0,78800.0,CE,20.0,5.0
878361,BSE,D,OPTIDX,BSXOPT,SENSEX 29 OCT 81200 PUT,SENSEX,1.0,81200.0,PE,20.0,5.0
878400,BSE,D,OPTIDX,BSXOPT,SENSEX 29 OCT 83500 PUT,SENSEX,1.0,83500.0,PE,20.0,5.0
878482,BSE,D,OPTIDX,BSXOPT,SENSEX 29 OCT 72800 CALL,SENSEX,1.0,72800.0,CE,20.0,5.0
878513,BSE,D,OPTIDX,BSXOPT,SENSEX 24 SEP 75000 CALL,SENSEX,1.0,75000.0,CE,20.0,5.0
878520,BSE,D,OPTIDX,BSXOPT,SENSEX 26 DEC 75000 PUT,SENSEX,1.0,75000.0,PE,20.0,5.0
878533,BSE,D,OPTIDX,BSXOPT,SENSEX 31 DEC 75000 CALL,SENSEX,1.0,75000.0,CE,20.0,5.0
878578,BSE,D,OPTIDX,BSXOPT,SENSEX 28 JUN 75000 CALL,SENSEX,1.0,75000.0,CE,20.0,5.0
878595,BSE,D,OPTIDX,BSXOPT,SENSEX 17 SEP 74000 CALL,SENSEX,1.0,74000.0,CE,20.0,5.0
878604,BSE,D,OPTIDX,BSXOPT,SENSEX 17 SEP 76300 CALL,SENSEX,1.0,76300.0,CE,20.0,5.0
878674,BSE,D,OPTIDX,BSXOPT,SENSEX 17 SEP 79700 PUT,SENSEX,1.0,79700.0,PE,20.0,5.0
878720,BSE,D,OPTIDX,BSXOPT,SENSEX 17 SEP 72600 CALL,SENSEX,1.0,72600.0,CE,20.0,5.0
878733,BSE,D,OPTIDX,BSXOPT,SENSEX 30 DEC 75000 CALL,SENSEX,1.0,75000.0,CE,20.0,5.0
878736,BSE,D,OPTIDX,SX50OPT,SENSEX50 29 OCT 25100 PUT,SENSEX50,47.0,25100.0,PE,75.0,5.0
878770,BSE,D,OPTIDX,BSXOPT,SENSEX 24 SEP 75000 PUT,SENSEX,1.0,75000.0,PE,20.0,5.0
878787,BSE,D,OPTIDX,BSXOPT,SENSEX 31 DEC 75000 PUT,SENSEX,1.0,75000.0,PE,20.0,5.0
878925,BSE,D,OPTIDX,BSXOPT,SENSEX 29 JUN 74000 CALL,SENSEX,1.0,74000.0,CE,20.0,5.0
879129,BSE,D,OPTIDX,BSXOPT,SENSEX 26 DEC 74000 PUT,SENSEX,1.0,74000.0,PE,20.0,5.0
879150,BSE,D,OPTIDX,BSXOPT,SENSEX 31 DEC 74000 CALL,SENSEX,1.0,74000.0,CE,20.0,5.0
879210,BSE,D,OPTIDX,BSXOPT,SENSEX 24 JUN 74000 CALL,SENSEX,1.0,74000.0,CE,20.0,5.0
879234,BSE,D,OPTIDX,BSXOPT,SENSEX 28 JUN 74000 CALL,SENSEX,1.0,74000.0,CE,20.0,5.0
879246,BSE,D,OPTIDX,BSXOPT,SENSEX 27 DEC 74000 CALL,SENSEX,1.0,74000.0,CE,20.0,5.0
879431,BSE,D,OPTIDX,BSXOPT,SENSEX 30 DEC 74000 CALL,SENSEX,1.0,74000.0,CE,20.0,5.0
879485,BSE,D,OPTIDX,BSXOPT,SENSEX 24 SEP 74000 PUT,SENSEX,1.0,74000.0,PE,20.0,5.0
879511,BSE,D,OPTIDX,BSXOPT,SENSEX 31 DEC 74000 PUT,SENSEX,1.0,74000.0,PE,20.0,5.0
879586,BSE,D,OPTIDX,BSXOPT,SENSEX 28 JUN 74000 PUT,SENSEX,1.0,74000.0,PE,20.0,5.0
879719,BSE,D,OPTIDX,BSXOPT,SENSEX 28 DEC 74000 CALL,SENSEX,1.0,74000.0,CE,20.0,5.0
879802,BSE,D,OPTIDX,BSXOPT,SENSEX 30 DEC 74000 PUT,SENSEX,1.0,74000.0,PE,20.0,5.0
879917,BSE,D,OPTIDX,BSXOPT,SENSEX 27 JUN 74000 CALL,SENSEX,1.0,74000.0,CE,20.0,5.0
880056,BSE,D,OPTIDX,BSXOPT,SENSEX 29 JUN 74000 PUT,SENSEX,1.0,74000.0,PE,20.0,5.0
880060,BSE,D,OPTIDX,BSXOPT,SENSEX 24 SEP 74000 CALL,SENSEX,1.0,74000.0,CE,20.0,5.0
880071,BSE,D,OPTIDX,BSXOPT,SENSEX 28 DEC 74000 PUT,SENSEX,1.0,74000.0,PE,20.0,5.0
880181,BSE,D,OPTIDX,BSXOPT,SENSEX 29 OCT 85100 PUT,SENSEX,1.0,85100.0,PE,20.0,5.0
880245,BSE,D,OPTIDX,BSXOPT,SENSEX 29 OCT 85000 CALL,SENSEX,1.0,85000.0,CE,20.0,5.0
880264,BSE,D,OPTIDX,BSXOPT,SENSEX 27 JUN 74000 PUT,SENSEX,1.0,74000.0,PE,20.0,5.0
880326,BSE,D,OPTIDX,BSXOPT,SENSEX 24 JUN 74000 PUT,SENSEX,1.0,74000.0,PE,20.0,5.0
880351,BSE,D,OPTIDX,BSXOPT,SENSEX 27 DEC 74000 PUT,SENSEX,1.0,74000.0,PE,20.0,5.0
880388,BSE,D,OPTIDX,BSXOPT,SENSEX 24 JUN 80000 PUT,SENSEX,1.0,80000.0,PE,20.0,5.0
880452,BSE,D,OPTIDX,BSXOPT,SENSEX 29 JUN 80000 CALL,SENSEX,1.0,80000.0,CE,20.0,5.0
880496,BSE,D,OPTIDX,BSXOPT,SENSEX 26 DEC 74000 CALL,SENSEX,1.0,74000.0,CE,20.0,5.0
880557,BSE,D,OPTIDX,BSXOPT,SENSEX 30 DEC 80000 CALL,SENSEX,1.0,80000.0,CE,20.0,5.0
880603,BSE,D,OPTIDX,BSXOPT,SENSEX 31 DEC 80000 CALL,SENSEX,1.0,80000.0,CE,20.0,5.0
880608,BSE,D,OPTIDX,BSXOPT,SENSEX 28 DEC 80000 CALL,SENSEX,1.0,80000.0,CE,20.0,5.0
880609,BSE,D,OPTIDX,SX50OPT,SENSEX50 29 OCT 26600 CALL,SENSEX50,47.0,26600.0,CE,75.0,5.0
880625,BSE,D,OPTIDX,BSXOPT,SENSEX 30 DEC 80000 PUT,SENSEX,1.0,80000.0,PE,20.0,5.0
880654,BSE,D,OPTIDX,BSXOPT,SENSEX 24 JUN 80000 CALL,SENSEX,1.0,80000.0,CE,20.0,5.0
880671,BSE,D,OPTIDX,BSXOPT,SENSEX 29 OCT 85000 PUT,SENSEX,1.0,85000.0,PE,20.0,5.0
880679,BSE,D,OPTIDX,BSXOPT,SENSEX 31 DEC 80000 PUT,SENSEX,1.0,80000.0,PE,20.0,5.0
880682,BSE,D,OPTIDX,BSXOPT,SENSEX 29 JUN 80000 PUT,SENSEX,1.0,80000.0,PE,20.0,5.0
880683,BSE,D,OPTIDX,BSXOPT,SENSEX 28 DEC 80000 PUT,SENSEX,1.0,80000.0,PE,20.0,5.0
880733,BSE,D,OPTIDX,BSXOPT,SENSEX 17 SEP 85100 CALL,SENSEX,1.0,85100.0,CE,20.0,5.0
880827,BSE,D,OPTIDX,SX50OPT,SENSEX50 29 OCT 26600 PUT,SENSEX50,47.0,26600.0,PE,75.0,5.0
880899,BSE,D,OPTIDX,BSXOPT,SENSEX 17 SEP 85100 PUT,SENSEX,1.0,85100.0,PE,20.0,5.0
880920,BSE,D,OPTIDX,BSXOPT,SENSEX 17 SEP 85000 CALL,SENSEX,1.0,85000.0,CE,20.0,5.0
881059,BSE,D,OPTIDX,SX50OPT,SENSEX50 29 OCT 26550 CALL,SENSEX50,47.0,26550.0,CE,75.0,5.0
881084,BSE,D,OPTIDX,BSXOPT,SENSEX 17 SEP 85000 PUT,SENSEX,1.0,85000.0,PE,20.0,5.0
881101,BSE,D,OPTIDX,BSXOPT,SENSEX 29 OCT 85100 CALL,SENSEX,1.0,85100.0,CE,20.0,5.0
881236,BSE,D,OPTIDX,SX50OPT,SENSEX50 29 OCT 26550 PUT,SENSEX50,47.0,26550.0,PE,75.0,5.0
881343,BSE,D,OPTIDX,SX50OPT,SENSEX50 29 OCT 26700 CALL,SENSEX50,47.0,26700.0,CE,75.0,5.0
881366,BSE,D,OPTIDX,BSXOPT,SENSEX 29 JUN 84000 CALL,SENSEX,1.0,84000.0,CE,20.0,5.0
881376,BSE,D,OPTIDX,BSXOPT,SENSEX 28 DEC 84000 CALL,SENSEX,1.0,84000.0,CE,20.0,5.0
881385,BSE,D,OPTIDX,SX50OPT,SENSEX50 24 SEP 26750 CALL,SENSEX50,47.0,26750.0,CE,75.0,5.0
881398,BSE,D,OPTIDX,SX50OPT,SENSEX50 29 OCT 26750 PUT,SENSEX50,47.0,26750.0,PE,75.0,5.0
881402,BSE,D,OPTIDX,BSXOPT,SENSEX 24 SEP 85400 PUT,SENSEX,1.0,85400.0,PE,20.0,5.0
881432,BSE,D,OPTIDX,SX50OPT,SENSEX50 29 OCT 26650 CALL,SENSEX50,47.0,26650.0,CE,75.0,5.0
881445,BSE,D,OPTIDX,BSXOPT,SENSEX 29 OCT 85300 PUT,SENSEX,1.0,85300.0,PE,20.0,5.0
881468,BSE,D,OPTIDX,BSXOPT,SENSEX 24 SEP 85600 PUT,SENSEX,1.0,85600.0,PE,20.0,5.0
881489,BSE,D,OPTIDX,BSXOPT,SENSEX 26 DEC 84000 PUT,SENSEX,1.0,84000.0,PE,20.0,5.0
881493,BSE,D,OPTIDX,BSXOPT,SENSEX 29 OCT 85200 CALL,SENSEX,1.0,85200.0,CE,20.0,5.0
881500,BSE,D,OPTIDX,BSXOPT,SENSEX 31 DEC 84000 CALL,SENSEX,1.0,84000.0,CE,20.0,5.0
881519,BSE,D,OPTIDX,BSXOPT,SENSEX 24 SEP 85500 CALL,SENSEX,1.0,85500.0,CE,20.0,5.0
881537,BSE,D,OPTIDX,BSXOPT,SENSEX 17 SEP 85400 CALL,SENSEX,1.0,85400.0,CE,20.0,5.0
881539,BSE,D,OPTIDX,BSXOPT,SENSEX 29 OCT 85500 PUT,SENSEX,1.0,85500.0,PE,20.0,5.0
881543,BSE,D,OPTIDX,BSXOPT,SENSEX 25 MAR 84000 PUT,SENSEX,1.0,84000.0,PE,20.0,5.0
881565,BSE,D,OPTIDX,BSXOPT,SENSEX 24 JUN 84000 CALL,SENSEX,1.0,84000.0,CE,20.0,5.0
881576,BSE,D,OPTIDX,BSXOPT,SENSEX 28 JUN 84000 CALL,SENSEX,1.0,84000.0,CE,20.0,5.0
881585,BSE,D,OPTIDX,BSXOPT,SENSEX 27 DEC 84000 CALL,SENSEX,1.0,84000.0,CE,20.0,5.0
881618,BSE,D,OPTIDX,SX50OPT,SENSEX50 24 SEP 26700 CALL,SENSEX50,47.0,26700.0,CE,75.0,5.0
881638,BSE,D,OPTIDX,SX50OPT,SENSEX50 29 OCT 26700 PUT,SENSEX50,47.0,26700.0,PE,75.0,5.0
881639,BSE,D,OPTIDX,BSXOPT,SENSEX 17 SEP 85600 CALL,SENSEX,1.0,85600.0,CE,20.0,5.0
881652,BSE,D,OPTIDX,BSXOPT,SENSEX 29 JUN 84000 PUT,SENSEX,1.0,84000.0,PE,20.0,5.0
881663,BSE,D,OPTIDX,SX50OPT,SENSEX50 24 SEP 26750 PUT,SENSEX50,47.0,26750.0,PE,75.0,5.0
881691,BSE,D,OPTIDX,SX50OPT,SENSEX50 24 SEP 26650 CALL,SENSEX50,47.0,26650.0,CE,75.0,5.0
881704,BSE,D,OPTIDX,SX50OPT,SENSEX50 29 OCT 26650 PUT,SENSEX50,47.0,26650.0,PE,75.0,5.0
881705,BSE,D,OPTIDX,BSXOPT,SENSEX 30 DEC 84000 CALL,SENSEX,1.0,84000.0,CE,20.0,5.0
881717,BSE,D,OPTIDX,BSXOPT,SENSEX 17 SEP 85200 PUT,SENSEX,1.0,85200.0,PE,20.0,5.0
881765,BSE,D,OPTIDX,BSXOPT,SENSEX 31 DEC 84000 PUT,SENSEX,1.0,84000.0,PE,20.0,5.0
881812,BSE,D,OPTIDX,BSXOPT,SENSEX 17 SEP 85400 PUT,SENSEX,1.0,85400.0,PE,20.0,5.0
881825,BSE,D,OPTIDX,BSXOPT,SENSEX 24 JUN 84000 PUT,SENSEX,1.0,84000.0,PE,20.0,5.0
881834,BSE,D,OPTIDX,BSXOPT,SENSEX 28 JUN 84000 PUT,SENSEX,1.0,84000.0,PE,20.0,5.0
881843,BSE,D,OPTIDX,BSXOPT,SENSEX 27 DEC 84000 PUT,SENSEX,1.0,84000.0,PE,20.0,5.0
881846,BSE,D,OPTIDX,BSXOPT,SENSEX 17 SEP 85300 CALL,SENSEX,1.0,85300.0,CE,20.0,5.0
881858,BSE,D,OPTIDX,SX50OPT,SENSEX50 24 SEP 26700 PUT,SENSEX50,47.0,26700.0,PE,75.0,5.0
881866,BSE,D,OPTIDX,BSXOPT,SENSEX 24 SEP 73000 CALL,SENSEX,1.0,73000.0,CE,20.0,5.0
881874,BSE,D,OPTIDX,BSXOPT,SENSEX 28 DEC 73000 PUT,SENSEX,1.0,73000.0,PE,20.0,5.0
881877,BSE,D,OPTIDX,BSXOPT,SENSEX 17 SEP 85600 PUT,SENSEX,1.0,85600.0,PE,20.0,5.0
881897,BSE,D,OPTIDX,BSXOPT,SENSEX 17 SEP 85500 CALL,SENSEX,1.0,85500.0,CE,20.0,5.0
881953,BSE,D,OPTIDX,BSXOPT,SENSEX 25 MAR 84000 CALL,SENSEX,1.0,84000.0,CE,20.0,5.0
881968,BSE,D,OPTIDX,BSXOPT,SENSEX 30 DEC 84000 PUT,SENSEX,1.0,84000.0,PE,20.0,5.0
882036,BSE,D,OPTIDX,BSXOPT,SENSEX 27 JUN 84000 CALL,SENSEX,1.0,84000.0,CE,20.0,5.0
882051,BSE,D,OPTIDX,BSXOPT,SENSEX 27 JUN 73000 PUT,SENSEX,1.0,73000.0,PE,20.0,5.0
882075,BSE,D,OPTIDX,BSXOPT,SENSEX 17 SEP 85300 PUT,SENSEX,1.0,85300.0,PE,20.0,5.0
882087,BSE,D,OPTIDX,BSXOPT,SENSEX 26 JUN 84000 CALL,SENSEX,1.0,84000.0,CE,20.0,5.0
882106,BSE,D,OPTIDX,BSXOPT,SENSEX 29 OCT 85400 CALL,SENSEX,1.0,85400.0,CE,20.0,5.0
882135,BSE,D,OPTIDX,BSXOPT,SENSEX 17 SEP 85200 CALL,SENSEX,1.0,85200.0,CE,20.0,5.0
882171,BSE,D,OPTIDX,BSXOPT,SENSEX 17 SEP 85500 PUT,SENSEX,1.0,85500.0,PE,20.0,5.0
882172,BSE,D,OPTIDX,BSXOPT,SENSEX 28 DEC 84000 PUT,SENSEX,1.0,84000.0,PE,20.0,5.0
882195,BSE,D,OPTIDX,BSXOPT,SENSEX 24 SEP 73000 PUT,SENSEX,1.0,73000.0,PE,20.0,5.0
882200,BSE,D,OPTIDX,BSXOPT,SENSEX 29 OCT 85600 CALL,SENSEX,1.0,85600.0,CE,20.0,5.0
882229,BSE,D,OPTIDX,BSXOPT,SENSEX 26 DEC 73000 CALL,SENSEX,1.0,73000.0,CE,20.0,5.0
882308,BSE,D,OPTIDX,BSXOPT,SENSEX 29 OCT 85200 PUT,SENSEX,1.0,85200.0,PE,20.0,5.0
882325,BSE,D,OPTIDX,BSXOPT,SENSEX 27 JUN 84000 PUT,SENSEX,1.0,84000.0,PE,20.0,5.0
882331,BSE,D,OPTIDX,BSXOPT,SENSEX 24 SEP 85500 PUT,SENSEX,1.0,85500.0,PE,20.0,5.0
882361,BSE,D,OPTIDX,SX50OPT,SENSEX50 29 OCT 26750 CALL,SENSEX50,47.0,26750.0,CE,75.0,5.0
882363,BSE,D,OPTIDX,BSXOPT,SENSEX 24 SEP 85400 CALL,SENSEX,1.0,85400.0,CE,20.0,5.0
882364,BSE,D,OPTIDX,BSXOPT,SENSEX 26 JUN 84000 PUT,SENSEX,1.0,84000.0,PE,20.0,5.0
882383,BSE,D,OPTIDX,BSXOPT,SENSEX 29 OCT 85400 PUT,SENSEX,1.0,85400.0,PE,20.0,5.0
882394,BSE,D,OPTIDX,BSXOPT,SENSEX 29 JUN 73000 CALL,SENSEX,1.0,73000.0,CE,20.0,5.0
882406,BSE,D,OPTIDX,BSXOPT,SENSEX 28 DEC 73000 CALL,SENSEX,1.0,73000.0,CE,20.0,5.0
882422,BSE,D,OPTIDX,BSXOPT,SENSEX 29 OCT 85300 CALL,SENSEX,1.0,85300.0,CE,20.0,5.0
882439,BSE,D,OPTIDX,BSXOPT,SENSEX 24 SEP 85600 CALL,SENSEX,1.0,85600.0,CE,20.0,5.0
882459,BSE,D,OPTIDX,BSXOPT,SENSEX 26 DEC 84000 CALL,SENSEX,1.0,84000.0,CE,20.0,5.0
882460,BSE,D,OPTIDX,BSXOPT,SENSEX 29 OCT 85600 PUT,SENSEX,1.0,85600.0,PE,20.0,5.0
882491,BSE,D,OPTIDX,SX50OPT,SENSEX50 24 SEP 26650 PUT,SENSEX50,47.0,26650.0,PE,75.0,5.0
882502,BSE,D,OPTIDX,BSXOPT,SENSEX 29 OCT 85500 CALL,SENSEX,1.0,85500.0,CE,20.0,5.0
882592,BSE,D,OPTIDX,BSXOPT,SENSEX 26 DEC 73000 PUT,SENSEX,1.0,73000.0,PE,20.0,5.0
882606,BSE,D,OPTIDX,BSXOPT,SENSEX 31 DEC 73000 CALL,SENSEX,1.0,73000.0,CE,20.0,5.0
882668,BSE,D,OPTIDX,BSXOPT,SENSEX 24 JUN 73000 CALL,SENSEX,1.0,73000.0,CE,20.0,5.0
882684,BSE,D,OPTIDX,BSXOPT,SENSEX 28 JUN 73000 CALL,SENSEX,1.0,73000.0,CE,20.0,5.0
882696,BSE,D,OPTIDX,BSXOPT,SENSEX 27 DEC 73000 CALL,SENSEX,1.0,73000.0,CE,20.0,5.0
882759,BSE,D,OPTIDX,BSXOPT,SENSEX 29 JUN 73000 PUT,SENSEX,1.0,73000.0,PE,20.0,5.0
882873,BSE,D,OPTIDX,BSXOPT,SENSEX 30 DEC 73000 CALL,SENSEX,1.0,73000.0,CE,20.0,5.0
882946,BSE,D,OPTIDX,BSXOPT,SENSEX 31 DEC 73000 PUT,SENSEX,1.0,73000.0,PE,20.0,5.0
883008,BSE,D,OPTIDX,BSXOPT,SENSEX 24 JUN 73000 PUT,SENSEX,1.0,73000.0,PE,20.0,5.0
883019,BSE,D,OPTIDX,BSXOPT,SENSEX 28 JUN 73000 PUT,SENSEX,1.0,73000.0,PE,20.0,5.0
883030,BSE,D,OPTIDX,BSXOPT,SENSEX 27 DEC 73000 PUT,SENSEX,1.0,73000.0,PE,20.0,5.0
883184,BSE,D,OPTIDX,BSXOPT,SENSEX 30 DEC 73000 PUT,SENSEX,1.0,73000.0,PE,20.0,5.0
883271,BSE,D,OPTIDX,BSXOPT,SENSEX 27 JUN 73000 CALL,SENSEX,1.0,73000.0,CE,20.0,5.0
883315,BSE,D,OPTIDX,SX50OPT,SENSEX50 24 SEP 26800 PUT,SENSEX50,47.0,26800.0,PE,75.0,5.0
883403,BSE,D,OPTIDX,SX50OPT,SENSEX50 29 OCT 26800 CALL,SENSEX50,47.0,26800.0,CE,75.0,5.0
883472,BSE,D,OPTIDX,BSXOPT,SENSEX 27 DEC 72000 CALL,SENSEX,1.0,72000.0,CE,20.0,5.0
883506,BSE,D,OPTIDX,BSXOPT,SENSEX 29 JUN 72000 PUT,SENSEX,1.0,72000.0,PE,20.0,5.0
883508,BSE,D,OPTIDX,BSXOPT,SENSEX 28 DEC 72000 PUT,SENSEX,1.0,72000.0,PE,20.0,5.0
883573,BSE,D,OPTIDX,BSXOPT,SENSEX 31 DEC 72000 PUT,SENSEX,1.0,72000.0,PE,20.0,5.0
883589,BSE,D,OPTIDX,BSXOPT,SENSEX 24 JUN 72000 PUT,SENSEX,1.0,72000.0,PE,20.0,5.0
883597,BSE,D,OPTIDX,BSXOPT,SENSEX 28 JUN 72000 PUT,SENSEX,1.0,72000.0,PE,20.0,5.0
883602,BSE,D,OPTIDX,BSXOPT,SENSEX 27 DEC 72000 PUT,SENSEX,1.0,72000.0,PE,20.0,5.0
883642,BSE,D,OPTIDX,BSXOPT,SENSEX 26 DEC 72000 CALL,SENSEX,1.0,72000.0,CE,20.0,5.0
883670,BSE,D,OPTIDX,BSXOPT,SENSEX 30 DEC 72000 PUT,SENSEX,1.0,72000.0,PE,20.0,5.0
883753,BSE,D,OPTIDX,SX50OPT,SENSEX50 24 SEP 26800 CALL,SENSEX50,47.0,26800.0,CE,75.0,5.0
883759,BSE,D,OPTIDX,BSXOPT,SENSEX 24 SEP 72000 CALL,SENSEX,1.0,72000.0,CE,20.0,5.0
883767,BSE,D,OPTIDX,SX50OPT,SENSEX50 29 OCT 26800 PUT,SENSEX50,47.0,26800.0,PE,75.0,5.0
883790,BSE,D,OPTIDX,SX50OPT,SENSEX50 24 SEP 26850 PUT,SENSEX50,47.0,26850.0,PE,75.0,5.0
883794,BSE,D,OPTIDX,BSXOPT,SENSEX 29 OCT 85700 CALL,SENSEX,1.0,85700.0,CE,20.0,5.0
883813,BSE,D,OPTIDX,BSXOPT,SENSEX 17 SEP 85900 CALL,SENSEX,1.0,85900.0,CE,20.0,5.0
883829,BSE,D,OPTIDX,BSXOPT,SENSEX 27 JUN 72000 PUT,SENSEX,1.0,72000.0,PE,20.0,5.0
883840,BSE,D,OPTIDX,SX50OPT,SENSEX50 29 OCT 26900 CALL,SENSEX50,47.0,26900.0,CE,75.0,5.0
883879,BSE,D,OPTIDX,BSXOPT,SENSEX 30 DEC 72000 CALL,SENSEX,1.0,72000.0,CE,20.0,5.0
883888,BSE,D,OPTIDX,SX50OPT,SENSEX50 29 OCT 26850 CALL,SENSEX50,47.0,26850.0,CE,75.0,5.0
883899,BSE,D,OPTIDX,BSXOPT,SENSEX 24 SEP 72000 PUT,SENSEX,1.0,72000.0,PE,20.0,5.0
883924,BSE,D,OPTIDX,BSXOPT,SENSEX 24 SEP 85800 PUT,SENSEX,1.0,85800.0,PE,20.0,5.0
883925,BSE,D,OPTIDX,BSXOPT,SENSEX 17 SEP 86000 CALL,SENSEX,1.0,86000.0,CE,20.0,5.0
883941,BSE,D,OPTIDX,BSXOPT,SENSEX 17 SEP 85700 PUT,SENSEX,1.0,85700.0,PE,20.0,5.0
883968,BSE,D,OPTIDX,BSXOPT,SENSEX 17 SEP 85900 PUT,SENSEX,1.0,85900.0,PE,20.0,5.0
883977,BSE,D,OPTIDX,SX50OPT,SENSEX50 24 SEP 26900 CALL,SENSEX50,47.0,26900.0,CE,75.0,5.0
883978,BSE,D,OPTIDX,BSXOPT,SENSEX 29 JUN 72000 CALL,SENSEX,1.0,72000.0,CE,20.0,5.0
883983,BSE,D,OPTIDX,BSXOPT,SENSEX 28 DEC 72000 CALL,SENSEX,1.0,72000.0,CE,20.0,5.0
883990,BSE,D,OPTIDX,SX50OPT,SENSEX50 29 OCT 26900 PUT,SENSEX50,47.0,26900.0,PE,75.0,5.0
883994,BSE,D,OPTIDX,BSXOPT,SENSEX 17 SEP 85800 CALL,SENSEX,1.0,85800.0,CE,20.0,5.0
884018,BSE,D,OPTIDX,BSXOPT,SENSEX 29 OCT 86000 PUT,SENSEX,1.0,86000.0,PE,20.0,5.0
884039,BSE,D,OPTIDX,BSXOPT,SENSEX 26 DEC 72000 PUT,SENSEX,1.0,72000.0,PE,20.0,5.0
884045,BSE,D,OPTIDX,BSXOPT,SENSEX 31 DEC 72000 CALL,SENSEX,1.0,72000.0,CE,20.0,5.0
884047,BSE,D,OPTIDX,BSXOPT,SENSEX 27 JUN 72000 CALL,SENSEX,1.0,72000.0,CE,20.0,5.0
884071,BSE,D,OPTIDX,BSXOPT,SENSEX 24 JUN 72000 CALL,SENSEX,1.0,72000.0,CE,20.0,5.0
884078,BSE,D,OPTIDX,BSXOPT,SENSEX 28 JUN 72000 CALL,SENSEX,1.0,72000.0,CE,20.0,5.0
884141,BSE,D,OPTIDX,SX50OPT,SENSEX50 24 SEP 26900 PUT,SENSEX50,47.0,26900.0,PE,75.0,5.0
884151,BSE,D,OPTIDX,BSXOPT,SENSEX 17 SEP 85800 PUT,SENSEX,1.0,85800.0,PE,20.0,5.0
884159,BSE,D,OPTIDX,BSXOPT,SENSEX 29 OCT 85900 CALL,SENSEX,1.0,85900.0,CE,20.0,5.0
884171,BSE,D,OPTIDX,BSXOPT,SENSEX 17 SEP 85700 CALL,SENSEX,1.0,85700.0,CE,20.0,5.0
884193,BSE,D,OPTIDX,BSXOPT,SENSEX 24 SEP 71000 PUT,SENSEX,1.0,71000.0,PE,20.0,5.0
884256,BSE,D,OPTIDX,BSXOPT,SENSEX 24 SEP 85700 CALL,SENSEX,1.0,85700.0,CE,20.0,5.0
884260,BSE,D,OPTIDX,BSXOPT,SENSEX 29 OCT 86000 CALL,SENSEX,1.0,86000.0,CE,20.0,5.0
884264,BSE,D,OPTIDX,BSXOPT,SENSEX 29 OCT 85700 PUT,SENSEX,1.0,85700.0,PE,20.0,5.0
884297,BSE,D,OPTIDX,BSXOPT,SENSEX 24 SEP 85900 CALL,SENSEX,1.0,85900.0,CE,20.0,5.0
884306,BSE,D,OPTIDX,BSXOPT,SENSEX 29 OCT 85900 PUT,SENSEX,1.0,85900.0,PE,20.0,5.0
884322,BSE,D,OPTIDX,BSXOPT,SENSEX 29 OCT 85800 CALL,SENSEX,1.0,85800.0,CE,20.0,5.0
884334,BSE,D,OPTIDX,SX50OPT,SENSEX50 24 SEP 26850 CALL,SENSEX50,47.0,26850.0,CE,75.0,5.0
884344,BSE,D,OPTIDX,SX50OPT,SENSEX50 29 OCT 26850 PUT,SENSEX50,47.0,26850.0,PE,75.0,5.0
884361,BSE,D,OPTIDX,BSXOPT,SENSEX 17 SEP 86000 PUT,SENSEX,1.0,86000.0,PE,20.0,5.0
884375,BSE,D,OPTIDX,BSXOPT,SENSEX 24 SEP 85700 PUT,SENSEX,1.0,85700.0,PE,20.0,5.0
884414,BSE,D,OPTIDX,BSXOPT,SENSEX 24 SEP 85900 PUT,SENSEX,1.0,85900.0,PE,20.0,5.0
884428,BSE,D,OPTIDX,BSXOPT,SENSEX 24 SEP 85800 CALL,SENSEX,1.0,85800.0,CE,20.0,5.0
884433,BSE,D,OPTIDX,BSXOPT,SENSEX 29 OCT 85800 PUT,SENSEX,1.0,85800.0,PE,20.0,5.0
884971,BSE,D,OPTIDX,BSXOPT,SENSEX 24 SEP 71000 CALL,SENSEX,1.0,71000.0,CE,20.0,5.0
885573,BSE,D,OPTIDX,BSXOPT,SENSEX 24 SEP 70000 CALL,SENSEX,1.0,70000.0,CE,20.0,5.0
886038,BSE,D,OPTIDX,BSXOPT,SENSEX 24 SEP 70000 PUT,SENSEX,1.0,70000.0,PE,20.0,5.0
886449,BSE,D,OPTIDX,BSXOPT,SENSEX 01 OCT 76200 CALL,SENSEX,1.0,76200.0,CE,20.0,5.0
886454,BSE,D,OPTIDX,BSXOPT,SENSEX 01 OCT 78500 CALL,SENSEX,1.0,78500.0,CE,20.0,5.0
886461,BSE,D,OPTIDX,BSXOPT,SENSEX 01 OCT 72500 CALL,SENSEX,1.0,72500.0,CE,20.0,5.0
886463,BSE,D,OPTIDX,BSXOPT,SENSEX 01 OCT 74800 CALL,SENSEX,1.0,74800.0,CE,20.0,5.0
886468,BSE,D,OPTIDX,BSXOPT,SENSEX 01 OCT 80200 CALL,SENSEX,1.0,80200.0,CE,20.0,5.0
886472,BSE,D,OPTIDX,BSXOPT,SENSEX 01 OCT 82500 CALL,SENSEX,1.0,82500.0,CE,20.0,5.0
886473,BSE,D,OPTIDX,BSXOPT,SENSEX 01 OCT 84800 CALL,SENSEX,1.0,84800.0,CE,20.0,5.0
886483,BSE,D,OPTIDX,BSXOPT,SENSEX 01 OCT 74200 PUT,SENSEX,1.0,74200.0,PE,20.0,5.0
886485,BSE,D,OPTIDX,BSXOPT,SENSEX 01 OCT 76500 PUT,SENSEX,1.0,76500.0,PE,20.0,5.0
886488,BSE,D,OPTIDX,BSXOPT,SENSEX 01 OCT 78800 PUT,SENSEX,1.0,78800.0,PE,20.0,5.0
886495,BSE,D,OPTIDX,BSXOPT,SENSEX 01 OCT 72800 PUT,SENSEX,1.0,72800.0,PE,20.0,5.0
886496,BSE,D,OPTIDX,BSXOPT,SENSEX 01 OCT 79500 CALL,SENSEX,1.0,79500.0,CE,20.0,5.0
886497,BSE,D,OPTIDX,BSXOPT,SENSEX 01 OCT 84200 PUT,SENSEX,1.0,84200.0,PE,20.0,5.0
886503,BSE,D,OPTIDX,BSXOPT,SENSEX 01 OCT 75800 CALL,SENSEX,1.0,75800.0,CE,20.0,5.0
886505,BSE,D,OPTIDX,BSXOPT,SENSEX 01 OCT 80500 PUT,SENSEX,1.0,80500.0,PE,20.0,5.0
886506,BSE,D,OPTIDX,BSXOPT,SENSEX 01 OCT 82800 PUT,SENSEX,1.0,82800.0,PE,20.0,5.0
886517,BSE,D,OPTIDX,BSXOPT,SENSEX 01 OCT 74100 CALL,SENSEX,1.0,74100.0,CE,20.0,5.0
886518,BSE,D,OPTIDX,BSXOPT,SENSEX 01 OCT 76400 CALL,SENSEX,1.0,76400.0,CE,20.0,5.0
886521,BSE,D,OPTIDX,BSXOPT,SENSEX 01 OCT 79800 PUT,SENSEX,1.0,79800.0,PE,20.0,5.0
886528,BSE,D,OPTIDX,BSXOPT,SENSEX 01 OCT 72700 CALL,SENSEX,1.0,72700.0,CE,20.0,5.0
886530,BSE,D,OPTIDX,BSXOPT,SENSEX 01 OCT 84100 CALL,SENSEX,1.0,84100.0,CE,20.0,5.0
886533,BSE,D,OPTIDX,BSXOPT,SENSEX 01 OCT 80400 CALL,SENSEX,1.0,80400.0,CE,20.0,5.0
886535,BSE,D,OPTIDX,BSXOPT,SENSEX 01 OCT 82700 CALL,SENSEX,1.0,82700.0,CE,20.0,5.0
886536,BSE,D,OPTIDX,BSXOPT,SENSEX 01 OCT 78100 PUT,SENSEX,1.0,78100.0,PE,20.0,5.0
886540,BSE,D,OPTIDX,BSXOPT,SENSEX 01 OCT 72100 PUT,SENSEX,1.0,72100.0,PE,20.0,5.0
886541,BSE,D,OPTIDX,BSXOPT,SENSEX 01 OCT 74400 PUT,SENSEX,1.0,74400.0,PE,20.0,5.0
886542,BSE,D,OPTIDX,BSXOPT,SENSEX 01 OCT 76700 PUT,SENSEX,1.0,76700.0,PE,20.0,5.0
886548,BSE,D,OPTIDX,BSXOPT,SENSEX 01 OCT 77400 CALL,SENSEX,1.0,77400.0,CE,20.0,5.0
886551,BSE,D,OPTIDX,BSXOPT,SENSEX 01 OCT 79700 CALL,SENSEX,1.0,79700.0,CE,20.0,5.0
886553,BSE,D,OPTIDX,BSXOPT,SENSEX 01 OCT 82100 PUT,SENSEX,1.0,82100.0,PE,20.0,5.0
886555,BSE,D,OPTIDX,BSXOPT,SENSEX 01 OCT 84400 PUT,SENSEX,1.0,84400.0,PE,20.0,5.0
886572,BSE,D,OPTIDX,BSXOPT,SENSEX 01 OCT 73700 CALL,SENSEX,1.0,73700.0,CE,20.0,5.0
886576,BSE,D,OPTIDX,BSXOPT,SENSEX 01 OCT 80700 PUT,SENSEX,1.0,80700.0,PE,20.0,5.0
886584,BSE,D,OPTIDX,BSXOPT,SENSEX 01 OCT 78000 CALL,SENSEX,1.0,78000.0,CE,20.0,5.0
886589,BSE,D,OPTIDX,BSXOPT,SENSEX 01 OCT 72000 CALL,SENSEX,1.0,72000.0,CE,20.0,5.0
886590,BSE,D,OPTIDX,BSXOPT,SENSEX 01 OCT 74300 CALL,SENSEX,1.0,74300.0,CE,20.0,5.0
886592,BSE,D,OPTIDX,BSXOPT,SENSEX 01 OCT 77700 PUT,SENSEX,1.0,77700.0,PE,20.0,5.0
886595,BSE,D,OPTIDX,BSXOPT,SENSEX 01 OCT 82000 CALL,SENSEX,1.0,82000.0,CE,20.0,5.0
886596,BSE,D,OPTIDX,BSXOPT,SENSEX 01 OCT 84300 CALL,SENSEX,1.0,84300.0,CE,20.0,5.0
886600,BSE,D,OPTIDX,BSXOPT,SENSEX 01 OCT 80600 CALL,SENSEX,1.0,80600.0,CE,20.0,5.0
886602,BSE,D,OPTIDX,BSXOPT,SENSEX 01 OCT 82900 CALL,SENSEX,1.0,82900.0,CE,20.0,5.0
886615,BSE,D,OPTIDX,BSXOPT,SENSEX 01 OCT 76000 PUT,SENSEX,1.0,76000.0,PE,20.0,5.0
886616,BSE,D,OPTIDX,BSXOPT,SENSEX 01 OCT 78300 PUT,SENSEX,1.0,78300.0,PE,20.0,5.0
886620,BSE,D,OPTIDX,BSXOPT,SENSEX 01 OCT 72300 PUT,SENSEX,1.0,72300.0,PE,20.0,5.0
886622,BSE,D,OPTIDX,BSXOPT,SENSEX 01 OCT 74600 PUT,SENSEX,1.0,74600.0,PE,20.0,5.0
886623,BSE,D,OPTIDX,BSXOPT,SENSEX 01 OCT 79000 CALL,SENSEX,1.0,79000.0,CE,20.0,5.0
886628,BSE,D,OPTIDX,BSXOPT,SENSEX 01 OCT 75300 CALL,SENSEX,1.0,75300.0,CE,20.0,5.0
886629,BSE,D,OPTIDX,BSXOPT,SENSEX 01 OCT 77600 CALL,SENSEX,1.0,77600.0,CE,20.0,5.0
886630,BSE,D,OPTIDX,BSXOPT,SENSEX 01 OCT 79900 CALL,SENSEX,1.0,79900.0,CE,20.0,5.0
886632,BSE,D,OPTIDX,BSXOPT,SENSEX 01 OCT 80000 PUT,SENSEX,1.0,80000.0,PE,20.0,5.0
886634,BSE,D,OPTIDX,BSXOPT,SENSEX 01 OCT 82300 PUT,SENSEX,1.0,82300.0,PE,20.0,5.0
886635,BSE,D,OPTIDX,BSXOPT,SENSEX 01 OCT 84600 PUT,SENSEX,1.0,84600.0,PE,20.0,5.0
886638,BSE,D,OPTIDX,BSXOPT,SENSEX 01 OCT 71600 CALL,SENSEX,1.0,71600.0,CE,20.0,5.0
886639,BSE,D,OPTIDX,BSXOPT,SENSEX 01 OCT 73900 CALL,SENSEX,1.0,73900.0,CE,20.0,5.0
886643,BSE,D,OPTIDX,BSXOPT,SENSEX 01 OCT 80900 PUT,SENSEX,1.0,80900.0,PE,20.0,5.0
886650,BSE,D,OPTIDX,BSXOPT,SENSEX 01 OCT 83900 CALL,SENSEX,1.0,83900.0,CE,20.0,5.0
886655,BSE,D,OPTIDX,BSXOPT,SENSEX 01 OCT 79300 PUT,SENSEX,1.0,79300.0,PE,20.0,5.0
886659,BSE,D,OPTIDX,BSXOPT,SENSEX 01 OCT 72200 CALL,SENSEX,1.0,72200.0,CE,20.0,5.0
886660,BSE,D,OPTIDX,BSXOPT,SENSEX 01 OCT 75600 PUT,SENSEX,1.0,75600.0,PE,20.0,5.0
886662,BSE,D,OPTIDX,BSXOPT,SENSEX 01 OCT 77900 PUT,SENSEX,1.0,77900.0,PE,20.0,5.0
886671,BSE,D,OPTIDX,BSXOPT,SENSEX 01 OCT 71900 PUT,SENSEX,1.0,71900.0,PE,20.0,5.0
886672,BSE,D,OPTIDX,BSXOPT,SENSEX 01 OCT 82200 CALL,SENSEX,1.0,82200.0,CE,20.0,5.0
886673,BSE,D,OPTIDX,BSXOPT,SENSEX 01 OCT 84500 CALL,SENSEX,1.0,84500.0,CE,20.0,5.0
886677,BSE,D,OPTIDX,BSXOPT,SENSEX 01 OCT 80800 CALL,SENSEX,1.0,80800.0,CE,20.0,5.0
886682,BSE,D,OPTIDX,BSXOPT,SENSEX 01 OCT 76200 PUT,SENSEX,1.0,76200.0,PE,20.0,5.0
886685,BSE,D,OPTIDX,BSXOPT,SENSEX 01 OCT 72500 PUT,SENSEX,1.0,72500.0,PE,20.0,5.0
886686,BSE,D,OPTIDX,BSXOPT,SENSEX 01 OCT 79200 CALL,SENSEX,1.0,79200.0,CE,20.0,5.0
886692,BSE,D,OPTIDX,BSXOPT,SENSEX 01 OCT 73200 CALL,SENSEX,1.0,73200.0,CE,20.0,5.0
886694,BSE,D,OPTIDX,BSXOPT,SENSEX 01 OCT 75500 CALL,SENSEX,1.0,75500.0,CE,20.0,5.0
886695,BSE,D,OPTIDX,BSXOPT,SENSEX 01 OCT 77800 CALL,SENSEX,1.0,77800.0,CE,20.0,5.0
886696,BSE,D,OPTIDX,BSXOPT,SENSEX 01 OCT 80200 PUT,SENSEX,1.0,80200.0,PE,20.0,5.0
886697,BSE,D,OPTIDX,BSXOPT,SENSEX 01 OCT 82500 PUT,SENSEX,1.0,82500.0,PE,20.0,5.0
886701,BSE,D,OPTIDX,BSXOPT,SENSEX 01 OCT 84800 PUT,SENSEX,1.0,84800.0,PE,20.0,5.0
886707,BSE,D,OPTIDX,BSXOPT,SENSEX 01 OCT 71800 CALL,SENSEX,1.0,71800.0,CE,20.0,5.0
886708,BSE,D,OPTIDX,BSXOPT,SENSEX 01 OCT 83200 CALL,SENSEX,1.0,83200.0,CE,20.0,5.0
886711,BSE,D,OPTIDX,BSXOPT,SENSEX 01 OCT 81800 CALL,SENSEX,1.0,81800.0,CE,20.0,5.0
886714,BSE,D,OPTIDX,BSXOPT,SENSEX 01 OCT 77200 PUT,SENSEX,1.0,77200.0,PE,20.0,5.0
886716,BSE,D,OPTIDX,BSXOPT,SENSEX 01 OCT 79500 PUT,SENSEX,1.0,79500.0,PE,20.0,5.0
886718,BSE,D,OPTIDX,BSXOPT,SENSEX 01 OCT 73500 PUT,SENSEX,1.0,73500.0,PE,20.0,5.0
886719,BSE,D,OPTIDX,BSXOPT,SENSEX 01 OCT 75800 PUT,SENSEX,1.0,75800.0,PE,20.0,5.0
886724,BSE,D,OPTIDX,BSXOPT,SENSEX 01 OCT 80100 CALL,SENSEX,1.0,80100.0,CE,20.0,5.0
886725,BSE,D,OPTIDX,BSXOPT,SENSEX 01 OCT 82400 CALL,SENSEX,1.0,82400.0,CE,20.0,5.0
886730,BSE,D,OPTIDX,BSXOPT,SENSEX 01 OCT 74100 PUT,SENSEX,1.0,74100.0,PE,20.0,5.0
886740,BSE,D,OPTIDX,BSXOPT,SENSEX 01 OCT 77100 CALL,SENSEX,1.0,77100.0,CE,20.0,5.0
886741,BSE,D,OPTIDX,BSXOPT,SENSEX 01 OCT 79400 CALL,SENSEX,1.0,79400.0,CE,20.0,5.0
886743,BSE,D,OPTIDX,BSXOPT,SENSEX 01 OCT 84100 PUT,SENSEX,1.0,84100.0,PE,20.0,5.0
886746,BSE,D,OPTIDX,BSXOPT,SENSEX 01 OCT 71100 CALL,SENSEX,1.0,71100.0,CE,20.0,5.0
886747,BSE,D,OPTIDX,BSXOPT,SENSEX 01 OCT 73400 CALL,SENSEX,1.0,73400.0,CE,20.0,5.0
886748,BSE,D,OPTIDX,BSXOPT,SENSEX 01 OCT 75700 CALL,SENSEX,1.0,75700.0,CE,20.0,5.0
886749,BSE,D,OPTIDX,BSXOPT,SENSEX 01 OCT 80400 PUT,SENSEX,1.0,80400.0,PE,20.0,5.0
886750,BSE,D,OPTIDX,BSXOPT,SENSEX 01 OCT 82700 PUT,SENSEX,1.0,82700.0,PE,20.0,5.0
886756,BSE,D,OPTIDX,BSXOPT,SENSEX 01 OCT 81100 CALL,SENSEX,1.0,81100.0,CE,20.0,5.0
886757,BSE,D,OPTIDX,BSXOPT,SENSEX 01 OCT 83400 CALL,SENSEX,1.0,83400.0,CE,20.0,5.0
886765,BSE,D,OPTIDX,BSXOPT,SENSEX 01 OCT 75100 PUT,SENSEX,1.0,75100.0,PE,20.0,5.0
886766,BSE,D,OPTIDX,BSXOPT,SENSEX 01 OCT 77400 PUT,SENSEX,1.0,77400.0,PE,20.0,5.0
886768,BSE,D,OPTIDX,BSXOPT,SENSEX 01 OCT 79700 PUT,SENSEX,1.0,79700.0,PE,20.0,5.0
886774,BSE,D,OPTIDX,BSXOPT,SENSEX 01 OCT 71400 PUT,SENSEX,1.0,71400.0,PE,20.0,5.0
886776,BSE,D,OPTIDX,BSXOPT,SENSEX 01 OCT 73700 PUT,SENSEX,1.0,73700.0,PE,20.0,5.0
886783,BSE,D,OPTIDX,BSXOPT,SENSEX 01 OCT 83700 PUT,SENSEX,1.0,83700.0,PE,20.0,5.0
886790,BSE,D,OPTIDX,BSXOPT,SENSEX 01 OCT 72000 PUT,SENSEX,1.0,72000.0,PE,20.0,5.0
886796,BSE,D,OPTIDX,BSXOPT,SENSEX 01 OCT 75000 CALL,SENSEX,1.0,75000.0,CE,20.0,5.0
886798,BSE,D,OPTIDX,BSXOPT,SENSEX 01 OCT 77300 CALL,SENSEX,1.0,77300.0,CE,20.0,5.0
886799,BSE,D,OPTIDX,BSXOPT,SENSEX 01 OCT 79600 CALL,SENSEX,1.0,79600.0,CE,20.0,5.0
886800,BSE,D,OPTIDX,BSXOPT,SENSEX 01 OCT 82000 PUT,SENSEX,1.0,82000.0,PE,20.0,5.0
886802,BSE,D,OPTIDX,BSXOPT,SENSEX 01 OCT 84300 PUT,SENSEX,1.0,84300.0,PE,20.0,5.0
886804,BSE,D,OPTIDX,BSXOPT,SENSEX 01 OCT 71300 CALL,SENSEX,1.0,71300.0,CE,20.0,5.0
886805,BSE,D,OPTIDX,BSXOPT,SENSEX 01 OCT 73600 CALL,SENSEX,1.0,73600.0,CE,20.0,5.0
886807,BSE,D,OPTIDX,BSXOPT,SENSEX 01 OCT 75900 CALL,SENSEX,1.0,75900.0,CE,20.0,5.0
886808,BSE,D,OPTIDX,BSXOPT,SENSEX 01 OCT 80600 PUT,SENSEX,1.0,80600.0,PE,20.0,5.0
886810,BSE,D,OPTIDX,BSXOPT,SENSEX 01 OCT 85000 CALL,SENSEX,1.0,85000.0,CE,20.0,5.0
886815,BSE,D,OPTIDX,BSXOPT,SENSEX 01 OCT 81300 CALL,SENSEX,1.0,81300.0,CE,20.0,5.0
886817,BSE,D,OPTIDX,BSXOPT,SENSEX 01 OCT 83600 CALL,SENSEX,1.0,83600.0,CE,20.0,5.0
886818,BSE,D,OPTIDX,BSXOPT,SENSEX 01 OCT 79000 PUT,SENSEX,1.0,79000.0,PE,20.0,5.0
886820,BSE,D,OPTIDX,BSXOPT,SENSEX 01 OCT 73000 PUT,SENSEX,1.0,73000.0,PE,20.0,5.0
886822,BSE,D,OPTIDX,BSXOPT,SENSEX 01 OCT 75300 PUT,SENSEX,1.0,75300.0,PE,20.0,5.0
886824,BSE,D,OPTIDX,BSXOPT,SENSEX 01 OCT 77600 PUT,SENSEX,1.0,77600.0,PE,20.0,5.0
886828,BSE,D,OPTIDX,BSXOPT,SENSEX 01 OCT 79900 PUT,SENSEX,1.0,79900.0,PE,20.0,5.0
886830,BSE,D,OPTIDX,BSXOPT,SENSEX 01 OCT 71600 PUT,SENSEX,1.0,71600.0,PE,20.0,5.0
886831,BSE,D,OPTIDX,BSXOPT,SENSEX 01 OCT 73900 PUT,SENSEX,1.0,73900.0,PE,20.0,5.0
886833,BSE,D,OPTIDX,BSXOPT,SENSEX 01 OCT 83000 PUT,SENSEX,1.0,83000.0,PE,20.0,5.0
886834,BSE,D,OPTIDX,BSXOPT,SENSEX 01 OCT 81600 PUT,SENSEX,1.0,81600.0,PE,20.0,5.0
886835,BSE,D,OPTIDX,BSXOPT,SENSEX 01 OCT 83900 PUT,SENSEX,1.0,83900.0,PE,20.0,5.0
886843,BSE,D,OPTIDX,BSXOPT,SENSEX 01 OCT 75200 CALL,SENSEX,1.0,75200.0,CE,20.0,5.0
886845,BSE,D,OPTIDX,BSXOPT,SENSEX 01 OCT 77500 CALL,SENSEX,1.0,77500.0,CE,20.0,5.0
886846,BSE,D,OPTIDX,BSXOPT,SENSEX 01 OCT 79800 CALL,SENSEX,1.0,79800.0,CE,20.0,5.0
886848,BSE,D,OPTIDX,BSXOPT,SENSEX 01 OCT 71500 CALL,SENSEX,1.0,71500.0,CE,20.0,5.0
886849,BSE,D,OPTIDX,BSXOPT,SENSEX 01 OCT 73800 CALL,SENSEX,1.0,73800.0,CE,20.0,5.0
886856,BSE,D,OPTIDX,BSXOPT,SENSEX 01 OCT 81500 CALL,SENSEX,1.0,81500.0,CE,20.0,5.0
886861,BSE,D,OPTIDX,BSXOPT,SENSEX 01 OCT 83800 CALL,SENSEX,1.0,83800.0,CE,20.0,5.0
886865,BSE,D,OPTIDX,BSXOPT,SENSEX 01 OCT 79200 PUT,SENSEX,1.0,79200.0,PE,20.0,5.0
886872,BSE,D,OPTIDX,BSXOPT,SENSEX 01 OCT 73200 PUT,SENSEX,1.0,73200.0,PE,20.0,5.0
886873,BSE,D,OPTIDX,BSXOPT,SENSEX 01 OCT 75500 PUT,SENSEX,1.0,75500.0,PE,20.0,5.0
886874,BSE,D,OPTIDX,BSXOPT,SENSEX 01 OCT 77800 PUT,SENSEX,1.0,77800.0,PE,20.0,5.0
886876,BSE,D,OPTIDX,BSXOPT,SENSEX 01 OCT 71800 PUT,SENSEX,1.0,71800.0,PE,20.0,5.0
886877,BSE,D,OPTIDX,BSXOPT,SENSEX 01 OCT 83200 PUT,SENSEX,1.0,83200.0,PE,20.0,5.0
886882,BSE,D,OPTIDX,BSXOPT,SENSEX 01 OCT 81800 PUT,SENSEX,1.0,81800.0,PE,20.0,5.0
886892,BSE,D,OPTIDX,BSXOPT,SENSEX 01 OCT 79100 CALL,SENSEX,1.0,79100.0,CE,20.0,5.0
886898,BSE,D,OPTIDX,BSXOPT,SENSEX 01 OCT 73100 CALL,SENSEX,1.0,73100.0,CE,20.0,5.0
886899,BSE,D,OPTIDX,BSXOPT,SENSEX 01 OCT 75400 CALL,SENSEX,1.0,75400.0,CE,20.0,5.0
886900,BSE,D,OPTIDX,BSXOPT,SENSEX 01 OCT 77700 CALL,SENSEX,1.0,77700.0,CE,20.0,5.0
886906,BSE,D,OPTIDX,BSXOPT,SENSEX 01 OCT 71700 CALL,SENSEX,1.0,71700.0,CE,20.0,5.0
886908,BSE,D,OPTIDX,BSXOPT,SENSEX 01 OCT 83100 CALL,SENSEX,1.0,83100.0,CE,20.0,5.0
886912,BSE,D,OPTIDX,BSXOPT,SENSEX 01 OCT 81700 CALL,SENSEX,1.0,81700.0,CE,20.0,5.0
886915,BSE,D,OPTIDX,BSXOPT,SENSEX 01 OCT 77100 PUT,SENSEX,1.0,77100.0,PE,20.0,5.0
886918,BSE,D,OPTIDX,BSXOPT,SENSEX 01 OCT 79400 PUT,SENSEX,1.0,79400.0,PE,20.0,5.0
886923,BSE,D,OPTIDX,BSXOPT,SENSEX 01 OCT 71100 PUT,SENSEX,1.0,71100.0,PE,20.0,5.0
886924,BSE,D,OPTIDX,BSXOPT,SENSEX 01 OCT 73400 PUT,SENSEX,1.0,73400.0,PE,20.0,5.0
886926,BSE,D,OPTIDX,BSXOPT,SENSEX 01 OCT 75700 PUT,SENSEX,1.0,75700.0,PE,20.0,5.0
886929,BSE,D,OPTIDX,BSXOPT,SENSEX 01 OCT 78700 CALL,SENSEX,1.0,78700.0,CE,20.0,5.0
886930,BSE,D,OPTIDX,BSXOPT,SENSEX 01 OCT 81100 PUT,SENSEX,1.0,81100.0,PE,20.0,5.0
886937,BSE,D,OPTIDX,BSXOPT,SENSEX 01 OCT 83400 PUT,SENSEX,1.0,83400.0,PE,20.0,5.0
886946,BSE,D,OPTIDX,BSXOPT,SENSEX 01 OCT 77000 CALL,SENSEX,1.0,77000.0,CE,20.0,5.0
886947,BSE,D,OPTIDX,BSXOPT,SENSEX 01 OCT 79300 CALL,SENSEX,1.0,79300.0,CE,20.0,5.0
886951,BSE,D,OPTIDX,BSXOPT,SENSEX 01 OCT 73300 CALL,SENSEX,1.0,73300.0,CE,20.0,5.0
886952,BSE,D,OPTIDX,BSXOPT,SENSEX 01 OCT 75600 CALL,SENSEX,1.0,75600.0,CE,20.0,5.0
886961,BSE,D,OPTIDX,BSXOPT,SENSEX 01 OCT 71900 CALL,SENSEX,1.0,71900.0,CE,20.0,5.0
886965,BSE,D,OPTIDX,BSXOPT,SENSEX 01 OCT 81000 CALL,SENSEX,1.0,81000.0,CE,20.0,5.0
886966,BSE,D,OPTIDX,BSXOPT,SENSEX 01 OCT 83300 CALL,SENSEX,1.0,83300.0,CE,20.0,5.0
886967,BSE,D,OPTIDX,BSXOPT,SENSEX 01 OCT 81900 CALL,SENSEX,1.0,81900.0,CE,20.0,5.0
886974,BSE,D,OPTIDX,BSXOPT,SENSEX 01 OCT 75000 PUT,SENSEX,1.0,75000.0,PE,20.0,5.0
886976,BSE,D,OPTIDX,BSXOPT,SENSEX 01 OCT 77300 PUT,SENSEX,1.0,77300.0,PE,20.0,5.0
886977,BSE,D,OPTIDX,BSXOPT,SENSEX 01 OCT 79600 PUT,SENSEX,1.0,79600.0,PE,20.0,5.0
886979,BSE,D,OPTIDX,BSXOPT,SENSEX 01 OCT 71300 PUT,SENSEX,1.0,71300.0,PE,20.0,5.0
886981,BSE,D,OPTIDX,BSXOPT,SENSEX 01 OCT 73600 PUT,SENSEX,1.0,73600.0,PE,20.0,5.0
886982,BSE,D,OPTIDX,BSXOPT,SENSEX 01 OCT 75900 PUT,SENSEX,1.0,75900.0,PE,20.0,5.0
886984,BSE,D,OPTIDX,BSXOPT,SENSEX 01 OCT 85000 PUT,SENSEX,1.0,85000.0,PE,20.0,5.0
886992,BSE,D,OPTIDX,BSXOPT,SENSEX 01 OCT 76600 CALL,SENSEX,1.0,76600.0,CE,20.0,5.0
886993,BSE,D,OPTIDX,BSXOPT,SENSEX 01 OCT 78900 CALL,SENSEX,1.0,78900.0,CE,20.0,5.0
886996,BSE,D,OPTIDX,BSXOPT,SENSEX 01 OCT 81300 PUT,SENSEX,1.0,81300.0,PE,20.0,5.0
886997,BSE,D,OPTIDX,BSXOPT,SENSEX 01 OCT 83600 PUT,SENSEX,1.0,83600.0,PE,20.0,5.0
887001,BSE,D,OPTIDX,BSXOPT,SENSEX 01 OCT 72900 CALL,SENSEX,1.0,72900.0,CE,20.0,5.0
887011,BSE,D,OPTIDX,BSXOPT,SENSEX 01 OCT 77200 CALL,SENSEX,1.0,77200.0,CE,20.0,5.0
887014,BSE,D,OPTIDX,BSXOPT,SENSEX 01 OCT 71200 CALL,SENSEX,1.0,71200.0,CE,20.0,5.0
887017,BSE,D,OPTIDX,BSXOPT,SENSEX 01 OCT 73500 CALL,SENSEX,1.0,73500.0,CE,20.0,5.0
887019,BSE,D,OPTIDX,BSXOPT,SENSEX 01 OCT 76900 PUT,SENSEX,1.0,76900.0,PE,20.0,5.0
887025,BSE,D,OPTIDX,BSXOPT,SENSEX 01 OCT 81200 CALL,SENSEX,1.0,81200.0,CE,20.0,5.0
887028,BSE,D,OPTIDX,BSXOPT,SENSEX 01 OCT 83500 CALL,SENSEX,1.0,83500.0,CE,20.0,5.0
887032,BSE,D,OPTIDX,BSXOPT,SENSEX 01 OCT 75200 PUT,SENSEX,1.0,75200.0,PE,20.0,5.0
887034,BSE,D,OPTIDX,BSXOPT,SENSEX 01 OCT 77500 PUT,SENSEX,1.0,77500.0,PE,20.0,5.0
887035,BSE,D,OPTIDX,BSXOPT,SENSEX 01 OCT 71500 PUT,SENSEX,1.0,71500.0,PE,20.0,5.0
887036,BSE,D,OPTIDX,BSXOPT,SENSEX 01 OCT 73800 PUT,SENSEX,1.0,73800.0,PE,20.0,5.0
887038,BSE,D,OPTIDX,BSXOPT,SENSEX 01 OCT 78200 CALL,SENSEX,1.0,78200.0,CE,20.0,5.0
887040,BSE,D,OPTIDX,BSXOPT,SENSEX 01 OCT 74500 CALL,SENSEX,1.0,74500.0,CE,20.0,5.0
887041,BSE,D,OPTIDX,BSXOPT,SENSEX 01 OCT 76800 CALL,SENSEX,1.0,76800.0,CE,20.0,5.0
887042,BSE,D,OPTIDX,BSXOPT,SENSEX 01 OCT 81500 PUT,SENSEX,1.0,81500.0,PE,20.0,5.0
887044,BSE,D,OPTIDX,BSXOPT,SENSEX 01 OCT 83800 PUT,SENSEX,1.0,83800.0,PE,20.0,5.0
887047,BSE,D,OPTIDX,BSXOPT,SENSEX 01 OCT 75100 CALL,SENSEX,1.0,75100.0,CE,20.0,5.0
887052,BSE,D,OPTIDX,BSXOPT,SENSEX 01 OCT 78500 PUT,SENSEX,1.0,78500.0,PE,20.0,5.0
887053,BSE,D,OPTIDX,BSXOPT,SENSEX 01 OCT 71400 CALL,SENSEX,1.0,71400.0,CE,20.0,5.0
887056,BSE,D,OPTIDX,BSXOPT,SENSEX 01 OCT 74800 PUT,SENSEX,1.0,74800.0,PE,20.0,5.0
887058,BSE,D,OPTIDX,BSXOPT,SENSEX 01 OCT 85100 CALL,SENSEX,1.0,85100.0,CE,20.0,5.0
887060,BSE,D,OPTIDX,BSXOPT,SENSEX 01 OCT 81400 CALL,SENSEX,1.0,81400.0,CE,20.0,5.0
887061,BSE,D,OPTIDX,BSXOPT,SENSEX 01 OCT 83700 CALL,SENSEX,1.0,83700.0,CE,20.0,5.0
887063,BSE,D,OPTIDX,BSXOPT,SENSEX 01 OCT 79100 PUT,SENSEX,1.0,79100.0,PE,20.0,5.0
887064,BSE,D,OPTIDX,BSXOPT,SENSEX 01 OCT 73100 PUT,SENSEX,1.0,73100.0,PE,20.0,5.0
887067,BSE,D,OPTIDX,BSXOPT,SENSEX 01 OCT 75400 PUT,SENSEX,1.0,75400.0,PE,20.0,5.0
887072,BSE,D,OPTIDX,BSXOPT,SENSEX 01 OCT 71700 PUT,SENSEX,1.0,71700.0,PE,20.0,5.0
887073,BSE,D,OPTIDX,BSXOPT,SENSEX 01 OCT 76100 CALL,SENSEX,1.0,76100.0,CE,20.0,5.0
887075,BSE,D,OPTIDX,BSXOPT,SENSEX 01 OCT 78400 CALL,SENSEX,1.0,78400.0,CE,20.0,5.0
887078,BSE,D,OPTIDX,BSXOPT,SENSEX 01 OCT 83100 PUT,SENSEX,1.0,83100.0,PE,20.0,5.0
887080,BSE,D,OPTIDX,BSXOPT,SENSEX 01 OCT 72400 CALL,SENSEX,1.0,72400.0,CE,20.0,5.0
887081,BSE,D,OPTIDX,BSXOPT,SENSEX 01 OCT 74700 CALL,SENSEX,1.0,74700.0,CE,20.0,5.0
887087,BSE,D,OPTIDX,BSXOPT,SENSEX 01 OCT 81700 PUT,SENSEX,1.0,81700.0,PE,20.0,5.0
887089,BSE,D,OPTIDX,BSXOPT,SENSEX 01 OCT 84700 CALL,SENSEX,1.0,84700.0,CE,20.0,5.0
887092,BSE,D,OPTIDX,BSXOPT,SENSEX 01 OCT 73000 CALL,SENSEX,1.0,73000.0,CE,20.0,5.0
887094,BSE,D,OPTIDX,BSXOPT,SENSEX 01 OCT 76400 PUT,SENSEX,1.0,76400.0,PE,20.0,5.0
887098,BSE,D,OPTIDX,BSXOPT,SENSEX 01 OCT 78700 PUT,SENSEX,1.0,78700.0,PE,20.0,5.0
887100,BSE,D,OPTIDX,BSXOPT,SENSEX 01 OCT 72700 PUT,SENSEX,1.0,72700.0,PE,20.0,5.0
887101,BSE,D,OPTIDX,BSXOPT,SENSEX 01 OCT 83000 CALL,SENSEX,1.0,83000.0,CE,20.0,5.0
887111,BSE,D,OPTIDX,BSXOPT,SENSEX 01 OCT 81600 CALL,SENSEX,1.0,81600.0,CE,20.0,5.0
887117,BSE,D,OPTIDX,BSXOPT,SENSEX 01 OCT 77000 PUT,SENSEX,1.0,77000.0,PE,20.0,5.0
887124,BSE,D,OPTIDX,BSXOPT,SENSEX 01 OCT 73300 PUT,SENSEX,1.0,73300.0,PE,20.0,5.0
887126,BSE,D,OPTIDX,BSXOPT,SENSEX 01 OCT 74000 CALL,SENSEX,1.0,74000.0,CE,20.0,5.0
887127,BSE,D,OPTIDX,BSXOPT,SENSEX 01 OCT 76300 CALL,SENSEX,1.0,76300.0,CE,20.0,5.0
887128,BSE,D,OPTIDX,BSXOPT,SENSEX 01 OCT 78600 CALL,SENSEX,1.0,78600.0,CE,20.0,5.0
887129,BSE,D,OPTIDX,BSXOPT,SENSEX 01 OCT 81000 PUT,SENSEX,1.0,81000.0,PE,20.0,5.0
887134,BSE,D,OPTIDX,BSXOPT,SENSEX 01 OCT 83300 PUT,SENSEX,1.0,83300.0,PE,20.0,5.0
887135,BSE,D,OPTIDX,BSXOPT,SENSEX 01 OCT 72600 CALL,SENSEX,1.0,72600.0,CE,20.0,5.0
887137,BSE,D,OPTIDX,BSXOPT,SENSEX 01 OCT 74900 CALL,SENSEX,1.0,74900.0,CE,20.0,5.0
887140,BSE,D,OPTIDX,BSXOPT,SENSEX 01 OCT 81900 PUT,SENSEX,1.0,81900.0,PE,20.0,5.0
887142,BSE,D,OPTIDX,BSXOPT,SENSEX 01 OCT 84000 CALL,SENSEX,1.0,84000.0,CE,20.0,5.0
887145,BSE,D,OPTIDX,BSXOPT,SENSEX 01 OCT 80300 CALL,SENSEX,1.0,80300.0,CE,20.0,5.0
887147,BSE,D,OPTIDX,BSXOPT,SENSEX 01 OCT 82600 CALL,SENSEX,1.0,82600.0,CE,20.0,5.0
887149,BSE,D,OPTIDX,BSXOPT,SENSEX 01 OCT 84900 CALL,SENSEX,1.0,84900.0,CE,20.0,5.0
887156,BSE,D,OPTIDX,BSXOPT,SENSEX 01 OCT 78000 PUT,SENSEX,1.0,78000.0,PE,20.0,5.0
887160,BSE,D,OPTIDX,BSXOPT,SENSEX 01 OCT 74300 PUT,SENSEX,1.0,74300.0,PE,20.0,5.0
887161,BSE,D,OPTIDX,BSXOPT,SENSEX 01 OCT 76600 PUT,SENSEX,1.0,76600.0,PE,20.0,5.0
887162,BSE,D,OPTIDX,BSXOPT,SENSEX 01 OCT 78900 PUT,SENSEX,1.0,78900.0,PE,20.0,5.0
887169,BSE,D,OPTIDX,BSXOPT,SENSEX 01 OCT 72900 PUT,SENSEX,1.0,72900.0,PE,20.0,5.0
887176,BSE,D,OPTIDX,BSXOPT,SENSEX 01 OCT 82900 PUT,SENSEX,1.0,82900.0,PE,20.0,5.0
887185,BSE,D,OPTIDX,BSXOPT,SENSEX 01 OCT 71200 PUT,SENSEX,1.0,71200.0,PE,20.0,5.0
887191,BSE,D,OPTIDX,BSXOPT,SENSEX 01 OCT 74200 CALL,SENSEX,1.0,74200.0,CE,20.0,5.0
887193,BSE,D,OPTIDX,BSXOPT,SENSEX 01 OCT 76500 CALL,SENSEX,1.0,76500.0,CE,20.0,5.0
887195,BSE,D,OPTIDX,BSXOPT,SENSEX 01 OCT 78800 CALL,SENSEX,1.0,78800.0,CE,20.0,5.0
887197,BSE,D,OPTIDX,BSXOPT,SENSEX 01 OCT 81200 PUT,SENSEX,1.0,81200.0,PE,20.0,5.0
887199,BSE,D,OPTIDX,BSXOPT,SENSEX 01 OCT 83500 PUT,SENSEX,1.0,83500.0,PE,20.0,5.0
887200,BSE,D,OPTIDX,BSXOPT,SENSEX 01 OCT 72800 CALL,SENSEX,1.0,72800.0,CE,20.0,5.0
887203,BSE,D,OPTIDX,BSXOPT,SENSEX 01 OCT 84200 CALL,SENSEX,1.0,84200.0,CE,20.0,5.0
887207,BSE,D,OPTIDX,BSXOPT,SENSEX 01 OCT 80500 CALL,SENSEX,1.0,80500.0,CE,20.0,5.0
887208,BSE,D,OPTIDX,BSXOPT,SENSEX 01 OCT 82800 CALL,SENSEX,1.0,82800.0,CE,20.0,5.0
887213,BSE,D,OPTIDX,BSXOPT,SENSEX 01 OCT 78200 PUT,SENSEX,1.0,78200.0,PE,20.0,5.0
887216,BSE,D,OPTIDX,BSXOPT,SENSEX 01 OCT 72200 PUT,SENSEX,1.0,72200.0,PE,20.0,5.0
887217,BSE,D,OPTIDX,BSXOPT,SENSEX 01 OCT 74500 PUT,SENSEX,1.0,74500.0,PE,20.0,5.0
887219,BSE,D,OPTIDX,BSXOPT,SENSEX 01 OCT 76800 PUT,SENSEX,1.0,76800.0,PE,20.0,5.0
887227,BSE,D,OPTIDX,BSXOPT,SENSEX 01 OCT 82200 PUT,SENSEX,1.0,82200.0,PE,20.0,5.0
887228,BSE,D,OPTIDX,BSXOPT,SENSEX 01 OCT 84500 PUT,SENSEX,1.0,84500.0,PE,20.0,5.0
887232,BSE,D,OPTIDX,BSXOPT,SENSEX 01 OCT 80800 PUT,SENSEX,1.0,80800.0,PE,20.0,5.0
887235,BSE,D,OPTIDX,BSXOPT,SENSEX 01 OCT 78100 CALL,SENSEX,1.0,78100.0,CE,20.0,5.0
887248,BSE,D,OPTIDX,BSXOPT,SENSEX 01 OCT 85100 PUT,SENSEX,1.0,85100.0,PE,20.0,5.0
887253,BSE,D,OPTIDX,BSXOPT,SENSEX 01 OCT 72100 CALL,SENSEX,1.0,72100.0,CE,20.0,5.0
887254,BSE,D,OPTIDX,BSXOPT,SENSEX 01 OCT 74400 CALL,SENSEX,1.0,74400.0,CE,20.0,5.0
887259,BSE,D,OPTIDX,BSXOPT,SENSEX 01 OCT 76700 CALL,SENSEX,1.0,76700.0,CE,20.0,5.0
887261,BSE,D,OPTIDX,BSXOPT,SENSEX 01 OCT 81400 PUT,SENSEX,1.0,81400.0,PE,20.0,5.0
887262,BSE,D,OPTIDX,BSXOPT,SENSEX 01 OCT 82100 CALL,SENSEX,1.0,82100.0,CE,20.0,5.0
887264,BSE,D,OPTIDX,BSXOPT,SENSEX 01 OCT 84400 CALL,SENSEX,1.0,84400.0,CE,20.0,5.0
887269,BSE,D,OPTIDX,BSXOPT,SENSEX 01 OCT 80700 CALL,SENSEX,1.0,80700.0,CE,20.0,5.0
887275,BSE,D,OPTIDX,BSXOPT,SENSEX 01 OCT 76100 PUT,SENSEX,1.0,76100.0,PE,20.0,5.0
887276,BSE,D,OPTIDX,BSXOPT,SENSEX 01 OCT 78400 PUT,SENSEX,1.0,78400.0,PE,20.0,5.0
887279,BSE,D,OPTIDX,BSXOPT,SENSEX 01 OCT 72400 PUT,SENSEX,1.0,72400.0,PE,20.0,5.0
887280,BSE,D,OPTIDX,BSXOPT,SENSEX 01 OCT 74700 PUT,SENSEX,1.0,74700.0,PE,20.0,5.0
887289,BSE,D,OPTIDX,BSXOPT,SENSEX 01 OCT 80100 PUT,SENSEX,1.0,80100.0,PE,20.0,5.0
887290,BSE,D,OPTIDX,BSXOPT,SENSEX 01 OCT 82400 PUT,SENSEX,1.0,82400.0,PE,20.0,5.0
887292,BSE,D,OPTIDX,BSXOPT,SENSEX 01 OCT 84700 PUT,SENSEX,1.0,84700.0,PE,20.0,5.0
887302,BSE,D,OPTIDX,BSXOPT,SENSEX 01 OCT 76000 CALL,SENSEX,1.0,76000.0,CE,20.0,5.0
887303,BSE,D,OPTIDX,BSXOPT,SENSEX 01 OCT 78300 CALL,SENSEX,1.0,78300.0,CE,20.0,5.0
887306,BSE,D,OPTIDX,BSXOPT,SENSEX 01 OCT 72300 CALL,SENSEX,1.0,72300.0,CE,20.0,5.0
887310,BSE,D,OPTIDX,BSXOPT,SENSEX 01 OCT 74600 CALL,SENSEX,1.0,74600.0,CE,20.0,5.0
887315,BSE,D,OPTIDX,BSXOPT,SENSEX 01 OCT 76900 CALL,SENSEX,1.0,76900.0,CE,20.0,5.0
887320,BSE,D,OPTIDX,BSXOPT,SENSEX 01 OCT 80000 CALL,SENSEX,1.0,80000.0,CE,20.0,5.0
887321,BSE,D,OPTIDX,BSXOPT,SENSEX 01 OCT 82300 CALL,SENSEX,1.0,82300.0,CE,20.0,5.0
887323,BSE,D,OPTIDX,BSXOPT,SENSEX 01 OCT 84600 CALL,SENSEX,1.0,84600.0,CE,20.0,5.0
887335,BSE,D,OPTIDX,BSXOPT,SENSEX 01 OCT 80900 CALL,SENSEX,1.0,80900.0,CE,20.0,5.0
887346,BSE,D,OPTIDX,BSXOPT,SENSEX 01 OCT 74000 PUT,SENSEX,1.0,74000.0,PE,20.0,5.0
887348,BSE,D,OPTIDX,BSXOPT,SENSEX 01 OCT 76300 PUT,SENSEX,1.0,76300.0,PE,20.0,5.0
887350,BSE,D,OPTIDX,BSXOPT,SENSEX 01 OCT 78600 PUT,SENSEX,1.0,78600.0,PE,20.0,5.0
887355,BSE,D,OPTIDX,BSXOPT,SENSEX 01 OCT 72600 PUT,SENSEX,1.0,72600.0,PE,20.0,5.0
887356,BSE,D,OPTIDX,BSXOPT,SENSEX 01 OCT 74900 PUT,SENSEX,1.0,74900.0,PE,20.0,5.0
887358,BSE,D,OPTIDX,BSXOPT,SENSEX 01 OCT 84000 PUT,SENSEX,1.0,84000.0,PE,20.0,5.0
887364,BSE,D,OPTIDX,BSXOPT,SENSEX 01 OCT 77900 CALL,SENSEX,1.0,77900.0,CE,20.0,5.0
887365,BSE,D,OPTIDX,BSXOPT,SENSEX 01 OCT 80300 PUT,SENSEX,1.0,80300.0,PE,20.0,5.0
887366,BSE,D,OPTIDX,BSXOPT,SENSEX 01 OCT 82600 PUT,SENSEX,1.0,82600.0,PE,20.0,5.0
887367,BSE,D,OPTIDX,BSXOPT,SENSEX 01 OCT 84900 PUT,SENSEX,1.0,84900.0,PE,20.0,5.0
887513,BSE,D,OPTIDX,BSXOPT,SENSEX 01 OCT 71000 CALL,SENSEX,1.0,71000.0,CE,20.0,5.0
887566,BSE,D,OPTIDX,BSXOPT,SENSEX 01 OCT 71000 PUT,SENSEX,1.0,71000.0,PE,20.0,5.0
887888,BSE,D,OPTIDX,BSXOPT,SENSEX 29 OCT 70700 CALL,SENSEX,1.0,70700.0,CE,20.0,5.0
887907,BSE,D,OPTIDX,BSXOPT,SENSEX 17 SEP 70800 PUT,SENSEX,1.0,70800.0,PE,20.0,5.0
887913,BSE,D,OPTIDX,BSXOPT,SENSEX 01 OCT 70700 PUT,SENSEX,1.0,70700.0,PE,20.0,5.0
887953,BSE,D,OPTIDX,BSXOPT,SENSEX 01 OCT 70900 PUT,SENSEX,1.0,70900.0,PE,20.0,5.0
888073,BSE,D,OPTIDX,BSXOPT,SENSEX 29 OCT 70700 PUT,SENSEX,1.0,70700.0,PE,20.0,5.0
888119,BSE,D,OPTIDX,BSXOPT,SENSEX 29 OCT 70800 CALL,SENSEX,1.0,70800.0,CE,20.0,5.0
888177,BSE,D,OPTIDX,BSXOPT,SENSEX 17 SEP 70700 CALL,SENSEX,1.0,70700.0,CE,20.0,5.0
888178,BSE,D,OPTIDX,BSXOPT,SENSEX 29 OCT 70800 PUT,SENSEX,1.0,70800.0,PE,20.0,5.0
888197,BSE,D,OPTIDX,BSXOPT,SENSEX 01 OCT 70800 CALL,SENSEX,1.0,70800.0,CE,20.0,5.0
888225,BSE,D,OPTIDX,BSXOPT,SENSEX 17 SEP 70700 PUT,SENSEX,1.0,70700.0,PE,20.0,5.0
888240,BSE,D,OPTIDX,BSXOPT,SENSEX 01 OCT 70800 PUT,SENSEX,1.0,70800.0,PE,20.0,5.0
888249,BSE,D,OPTIDX,BSXOPT,SENSEX 17 SEP 70800 CALL,SENSEX,1.0,70800.0,CE,20.0,5.0
888250,BSE,D,OPTIDX,BSXOPT,SENSEX 01 OCT 70700 CALL,SENSEX,1.0,70700.0,CE,20.0,5.0
888263,BSE,D,OPTIDX,BSXOPT,SENSEX 01 OCT 70900 CALL,SENSEX,1.0,70900.0,CE,20.0,5.0
888283,BSE,D,OPTIDX,BSXOPT,SENSEX 01 OCT 70200 CALL,SENSEX,1.0,70200.0,CE,20.0,5.0
888288,BSE,D,OPTIDX,SX50OPT,SENSEX50 29 OCT 24400 CALL,SENSEX50,47.0,24400.0,CE,75.0,5.0
888297,BSE,D,OPTIDX,BSXOPT,SENSEX 17 SEP 70600 PUT,SENSEX,1.0,70600.0,PE,20.0,5.0
888301,BSE,D,OPTIDX,BSXOPT,SENSEX 01 OCT 70500 PUT,SENSEX,1.0,70500.0,PE,20.0,5.0
888305,BSE,D,OPTIDX,SX50OPT,SENSEX50 29 OCT 24450 PUT,SENSEX50,47.0,24450.0,PE,75.0,5.0
888309,BSE,D,OPTIDX,BSXOPT,SENSEX 17 SEP 70500 CALL,SENSEX,1.0,70500.0,CE,20.0,5.0
888316,BSE,D,OPTIDX,BSXOPT,SENSEX 01 OCT 70400 CALL,SENSEX,1.0,70400.0,CE,20.0,5.0
888333,BSE,D,OPTIDX,BSXOPT,SENSEX 01 OCT 70600 CALL,SENSEX,1.0,70600.0,CE,20.0,5.0
888346,BSE,D,OPTIDX,BSXOPT,SENSEX 29 OCT 70200 CALL,SENSEX,1.0,70200.0,CE,20.0,5.0
888350,BSE,D,OPTIDX,BSXOPT,SENSEX 29 OCT 70500 PUT,SENSEX,1.0,70500.0,PE,20.0,5.0
888354,BSE,D,OPTIDX,BSXOPT,SENSEX 17 SEP 70300 PUT,SENSEX,1.0,70300.0,PE,20.0,5.0
888356,BSE,D,OPTIDX,BSXOPT,SENSEX 01 OCT 70200 PUT,SENSEX,1.0,70200.0,PE,20.0,5.0
888360,BSE,D,OPTIDX,SX50OPT,SENSEX50 29 OCT 24400 PUT,SENSEX50,47.0,24400.0,PE,75.0,5.0
888364,BSE,D,OPTIDX,BSXOPT,SENSEX 29 OCT 70400 CALL,SENSEX,1.0,70400.0,CE,20.0,5.0
888385,BSE,D,OPTIDX,BSXOPT,SENSEX 01 OCT 70400 PUT,SENSEX,1.0,70400.0,PE,20.0,5.0
888393,BSE,D,OPTIDX,BSXOPT,SENSEX 29 OCT 70600 CALL,SENSEX,1.0,70600.0,CE,20.0,5.0
888426,BSE,D,OPTIDX,BSXOPT,SENSEX 29 OCT 70200 PUT,SENSEX,1.0,70200.0,PE,20.0,5.0
888453,BSE,D,OPTIDX,BSXOPT,SENSEX 29 OCT 70400 PUT,SENSEX,1.0,70400.0,PE,20.0,5.0
888463,BSE,D,OPTIDX,BSXOPT,SENSEX 29 OCT 70300 CALL,SENSEX,1.0,70300.0,CE,20.0,5.0
888467,BSE,D,OPTIDX,BSXOPT,SENSEX 29 OCT 70600 PUT,SENSEX,1.0,70600.0,PE,20.0,5.0
888482,BSE,D,OPTIDX,BSXOPT,SENSEX 29 OCT 70500 CALL,SENSEX,1.0,70500.0,CE,20.0,5.0
888539,BSE,D,OPTIDX,BSXOPT,SENSEX 17 SEP 70200 CALL,SENSEX,1.0,70200.0,CE,20.0,5.0
888540,BSE,D,OPTIDX,BSXOPT,SENSEX 29 OCT 70300 PUT,SENSEX,1.0,70300.0,PE,20.0,5.0
888546,BSE,D,OPTIDX,BSXOPT,SENSEX 17 SEP 70500 PUT,SENSEX,1.0,70500.0,PE,20.0,5.0
888555,BSE,D,OPTIDX,BSXOPT,SENSEX 17 SEP 70400 CALL,SENSEX,1.0,70400.0,CE,20.0,5.0
888556,BSE,D,OPTIDX,BSXOPT,SENSEX 01 OCT 70300 CALL,SENSEX,1.0,70300.0,CE,20.0,5.0
888561,BSE,D,OPTIDX,BSXOPT,SENSEX 01 OCT 70600 PUT,SENSEX,1.0,70600.0,PE,20.0,5.0
888569,BSE,D,OPTIDX,BSXOPT,SENSEX 17 SEP 70600 CALL,SENSEX,1.0,70600.0,CE,20.0,5.0
888572,BSE,D,OPTIDX,BSXOPT,SENSEX 01 OCT 70500 CALL,SENSEX,1.0,70500.0,CE,20.0,5.0
888581,BSE,D,OPTIDX,SX50OPT,SENSEX50 29 OCT 24450 CALL,SENSEX50,47.0,24450.0,CE,75.0,5.0
888611,BSE,D,OPTIDX,BSXOPT,SENSEX 17 SEP 70200 PUT,SENSEX,1.0,70200.0,PE,20.0,5.0
888651,BSE,D,OPTIDX,BSXOPT,SENSEX 17 SEP 70400 PUT,SENSEX,1.0,70400.0,PE,20.0,5.0
888654,BSE,D,OPTIDX,BSXOPT,SENSEX 01 OCT 70300 PUT,SENSEX,1.0,70300.0,PE,20.0,5.0
888657,BSE,D,OPTIDX,BSXOPT,SENSEX 17 SEP 70300 CALL,SENSEX,1.0,70300.0,CE,20.0,5.0
888677,BSE,D,OPTIDX,BSXOPT,SENSEX 17 SEP 69900 PUT,SENSEX,1.0,69900.0,PE,20.0,5.0
888681,BSE,D,OPTIDX,SX50OPT,SENSEX50 29 OCT 24350 CALL,SENSEX50,47.0,24350.0,CE,75.0,5.0
888691,BSE,D,OPTIDX,BSXOPT,SENSEX 17 SEP 70100 PUT,SENSEX,1.0,70100.0,PE,20.0,5.0
888693,BSE,D,OPTIDX,BSXOPT,SENSEX 01 OCT 69900 CALL,SENSEX,1.0,69900.0,CE,20.0,5.0
888694,BSE,D,OPTIDX,BSXOPT,SENSEX 01 OCT 70000 PUT,SENSEX,1.0,70000.0,PE,20.0,5.0
888706,BSE,D,OPTIDX,BSXOPT,SENSEX 24 SEP 69000 CALL,SENSEX,1.0,69000.0,CE,20.0,5.0
888724,BSE,D,OPTIDX,SX50OPT,SENSEX50 29 OCT 24300 CALL,SENSEX50,47.0,24300.0,CE,75.0,5.0
888730,BSE,D,OPTIDX,SX50OPT,SENSEX50 29 OCT 24350 PUT,SENSEX50,47.0,24350.0,PE,75.0,5.0
888733,BSE,D,OPTIDX,BSXOPT,SENSEX 29 OCT 69900 CALL,SENSEX,1.0,69900.0,CE,20.0,5.0
888735,BSE,D,OPTIDX,BSXOPT,SENSEX 29 OCT 70000 PUT,SENSEX,1.0,70000.0,PE,20.0,5.0
888739,BSE,D,OPTIDX,BSXOPT,SENSEX 01 OCT 69900 PUT,SENSEX,1.0,69900.0,PE,20.0,5.0
888754,BSE,D,OPTIDX,BSXOPT,SENSEX 29 OCT 70100 CALL,SENSEX,1.0,70100.0,CE,20.0,5.0
888769,BSE,D,OPTIDX,SX50OPT,SENSEX50 29 OCT 24300 PUT,SENSEX50,47.0,24300.0,PE,75.0,5.0
888794,BSE,D,OPTIDX,BSXOPT,SENSEX 29 OCT 69900 PUT,SENSEX,1.0,69900.0,PE,20.0,5.0
888809,BSE,D,OPTIDX,BSXOPT,SENSEX 17 SEP 70000 CALL,SENSEX,1.0,70000.0,CE,20.0,5.0
888810,BSE,D,OPTIDX,BSXOPT,SENSEX 29 OCT 70100 PUT,SENSEX,1.0,70100.0,PE,20.0,5.0
888815,BSE,D,OPTIDX,BSXOPT,SENSEX 29 OCT 70000 CALL,SENSEX,1.0,70000.0,CE,20.0,5.0
888818,BSE,D,OPTIDX,BSXOPT,SENSEX 01 OCT 70100 CALL,SENSEX,1.0,70100.0,CE,20.0,5.0
888863,BSE,D,OPTIDX,BSXOPT,SENSEX 17 SEP 69900 CALL,SENSEX,1.0,69900.0,CE,20.0,5.0
888864,BSE,D,OPTIDX,BSXOPT,SENSEX 17 SEP 70000 PUT,SENSEX,1.0,70000.0,PE,20.0,5.0
888886,BSE,D,OPTIDX,BSXOPT,SENSEX 01 OCT 70100 PUT,SENSEX,1.0,70100.0,PE,20.0,5.0
888898,BSE,D,OPTIDX,BSXOPT,SENSEX 17 SEP 70100 CALL,SENSEX,1.0,70100.0,CE,20.0,5.0
888902,BSE,D,OPTIDX,BSXOPT,SENSEX 01 OCT 70000 CALL,SENSEX,1.0,70000.0,CE,20.0,5.0
888926,BSE,D,OPTIDX,BSXOPT,SENSEX 08 OCT 81400 PUT,SENSEX,1.0,81400.0,PE,20.0,5.0
888928,BSE,D,OPTIDX,BSXOPT,SENSEX 08 OCT 83700 PUT,SENSEX,1.0,83700.0,PE,20.0,5.0
888931,BSE,D,OPTIDX,BSXOPT,SENSEX 08 OCT 75000 CALL,SENSEX,1.0,75000.0,CE,20.0,5.0
888932,BSE,D,OPTIDX,BSXOPT,SENSEX 08 OCT 77300 CALL,SENSEX,1.0,77300.0,CE,20.0,5.0
888933,BSE,D,OPTIDX,BSXOPT,SENSEX 08 OCT 79600 CALL,SENSEX,1.0,79600.0,CE,20.0,5.0
888935,BSE,D,OPTIDX,BSXOPT,SENSEX 24 SEP 69000 PUT,SENSEX,1.0,69000.0,PE,20.0,5.0
888936,BSE,D,OPTIDX,BSXOPT,SENSEX 08 OCT 82000 PUT,SENSEX,1.0,82000.0,PE,20.0,5.0
888937,BSE,D,OPTIDX,BSXOPT,SENSEX 08 OCT 71300 CALL,SENSEX,1.0,71300.0,CE,20.0,5.0
888938,BSE,D,OPTIDX,BSXOPT,SENSEX 08 OCT 73600 CALL,SENSEX,1.0,73600.0,CE,20.0,5.0
888939,BSE,D,OPTIDX,BSXOPT,SENSEX 08 OCT 75900 CALL,SENSEX,1.0,75900.0,CE,20.0,5.0
888940,BSE,D,OPTIDX,BSXOPT,SENSEX 08 OCT 81300 CALL,SENSEX,1.0,81300.0,CE,20.0,5.0
888941,BSE,D,OPTIDX,BSXOPT,SENSEX 08 OCT 83600 CALL,SENSEX,1.0,83600.0,CE,20.0,5.0
888945,BSE,D,OPTIDX,BSXOPT,SENSEX 08 OCT 79000 PUT,SENSEX,1.0,79000.0,PE,20.0,5.0
888946,BSE,D,OPTIDX,BSXOPT,SENSEX 08 OCT 73000 PUT,SENSEX,1.0,73000.0,PE,20.0,5.0
888947,BSE,D,OPTIDX,BSXOPT,SENSEX 08 OCT 75300 PUT,SENSEX,1.0,75300.0,PE,20.0,5.0
888948,BSE,D,OPTIDX,BSXOPT,SENSEX 08 OCT 77600 PUT,SENSEX,1.0,77600.0,PE,20.0,5.0
888949,BSE,D,OPTIDX,BSXOPT,SENSEX 08 OCT 79900 PUT,SENSEX,1.0,79900.0,PE,20.0,5.0
888951,BSE,D,OPTIDX,BSXOPT,SENSEX 08 OCT 71600 PUT,SENSEX,1.0,71600.0,PE,20.0,5.0
888952,BSE,D,OPTIDX,BSXOPT,SENSEX 08 OCT 73900 PUT,SENSEX,1.0,73900.0,PE,20.0,5.0
888957,BSE,D,OPTIDX,BSXOPT,SENSEX 08 OCT 83000 PUT,SENSEX,1.0,83000.0,PE,20.0,5.0
888958,BSE,D,OPTIDX,BSXOPT,SENSEX 08 OCT 81600 PUT,SENSEX,1.0,81600.0,PE,20.0,5.0
888959,BSE,D,OPTIDX,BSXOPT,SENSEX 08 OCT 83900 PUT,SENSEX,1.0,83900.0,PE,20.0,5.0
888962,BSE,D,OPTIDX,BSXOPT,SENSEX 08 OCT 75200 CALL,SENSEX,1.0,75200.0,CE,20.0,5.0
888963,BSE,D,OPTIDX,BSXOPT,SENSEX 08 OCT 77500 CALL,SENSEX,1.0,77500.0,CE,20.0,5.0
888967,BSE,D,OPTIDX,BSXOPT,SENSEX 08 OCT 79800 CALL,SENSEX,1.0,79800.0,CE,20.0,5.0
888968,BSE,D,OPTIDX,BSXOPT,SENSEX 08 OCT 71500 CALL,SENSEX,1.0,71500.0,CE,20.0,5.0
888969,BSE,D,OPTIDX,BSXOPT,SENSEX 08 OCT 73800 CALL,SENSEX,1.0,73800.0,CE,20.0,5.0
888973,BSE,D,OPTIDX,BSXOPT,SENSEX 08 OCT 81500 CALL,SENSEX,1.0,81500.0,CE,20.0,5.0
888975,BSE,D,OPTIDX,BSXOPT,SENSEX 08 OCT 83800 CALL,SENSEX,1.0,83800.0,CE,20.0,5.0
888976,BSE,D,OPTIDX,BSXOPT,SENSEX 08 OCT 79200 PUT,SENSEX,1.0,79200.0,PE,20.0,5.0
888979,BSE,D,OPTIDX,BSXOPT,SENSEX 08 OCT 73200 PUT,SENSEX,1.0,73200.0,PE,20.0,5.0
888981,BSE,D,OPTIDX,BSXOPT,SENSEX 08 OCT 75500 PUT,SENSEX,1.0,75500.0,PE,20.0,5.0
888982,BSE,D,OPTIDX,BSXOPT,SENSEX 08 OCT 77800 PUT,SENSEX,1.0,77800.0,PE,20.0,5.0
888984,BSE,D,OPTIDX,BSXOPT,SENSEX 08 OCT 71800 PUT,SENSEX,1.0,71800.0,PE,20.0,5.0
888985,BSE,D,OPTIDX,BSXOPT,SENSEX 08 OCT 78500 CALL,SENSEX,1.0,78500.0,CE,20.0,5.0
888987,BSE,D,OPTIDX,BSXOPT,SENSEX 08 OCT 83200 PUT,SENSEX,1.0,83200.0,PE,20.0,5.0
888990,BSE,D,OPTIDX,BSXOPT,SENSEX 08 OCT 74800 CALL,SENSEX,1.0,74800.0,CE,20.0,5.0
888993,BSE,D,OPTIDX,BSXOPT,SENSEX 08 OCT 81800 PUT,SENSEX,1.0,81800.0,PE,20.0,5.0
888994,BSE,D,OPTIDX,BSXOPT,SENSEX 08 OCT 79100 CALL,SENSEX,1.0,79100.0,CE,20.0,5.0
888995,BSE,D,OPTIDX,BSXOPT,SENSEX 08 OCT 73100 CALL,SENSEX,1.0,73100.0,CE,20.0,5.0
888996,BSE,D,OPTIDX,BSXOPT,SENSEX 08 OCT 75400 CALL,SENSEX,1.0,75400.0,CE,20.0,5.0
888997,BSE,D,OPTIDX,BSXOPT,SENSEX 08 OCT 77700 CALL,SENSEX,1.0,77700.0,CE,20.0,5.0
888999,BSE,D,OPTIDX,BSXOPT,SENSEX 08 OCT 71700 CALL,SENSEX,1.0,71700.0,CE,20.0,5.0
889000,BSE,D,OPTIDX,BSXOPT,SENSEX 08 OCT 83100 CALL,SENSEX,1.0,83100.0,CE,20.0,5.0
889006,BSE,D,OPTIDX,BSXOPT,SENSEX 08 OCT 81700 CALL,SENSEX,1.0,81700.0,CE,20.0,5.0
889014,BSE,D,OPTIDX,BSXOPT,SENSEX 08 OCT 77100 PUT,SENSEX,1.0,77100.0,PE,20.0,5.0
889015,BSE,D,OPTIDX,BSXOPT,SENSEX 08 OCT 79400 PUT,SENSEX,1.0,79400.0,PE,20.0,5.0
889017,BSE,D,OPTIDX,BSXOPT,SENSEX 08 OCT 71100 PUT,SENSEX,1.0,71100.0,PE,20.0,5.0
889019,BSE,D,OPTIDX,BSXOPT,SENSEX 08 OCT 73400 PUT,SENSEX,1.0,73400.0,PE,20.0,5.0
889020,BSE,D,OPTIDX,BSXOPT,SENSEX 08 OCT 75700 PUT,SENSEX,1.0,75700.0,PE,20.0,5.0
889023,BSE,D,OPTIDX,BSXOPT,SENSEX 08 OCT 76400 CALL,SENSEX,1.0,76400.0,CE,20.0,5.0
889024,BSE,D,OPTIDX,BSXOPT,SENSEX 08 OCT 78700 CALL,SENSEX,1.0,78700.0,CE,20.0,5.0
889025,BSE,D,OPTIDX,BSXOPT,SENSEX 08 OCT 81100 PUT,SENSEX,1.0,81100.0,PE,20.0,5.0
889026,BSE,D,OPTIDX,BSXOPT,SENSEX 08 OCT 83400 PUT,SENSEX,1.0,83400.0,PE,20.0,5.0
889027,BSE,D,OPTIDX,BSXOPT,SENSEX 08 OCT 72700 CALL,SENSEX,1.0,72700.0,CE,20.0,5.0
889029,BSE,D,OPTIDX,BSXOPT,SENSEX 08 OCT 77000 CALL,SENSEX,1.0,77000.0,CE,20.0,5.0
889031,BSE,D,OPTIDX,BSXOPT,SENSEX 08 OCT 71000 CALL,SENSEX,1.0,71000.0,CE,20.0,5.0
889032,BSE,D,OPTIDX,BSXOPT,SENSEX 08 OCT 73300 CALL,SENSEX,1.0,73300.0,CE,20.0,5.0
889036,BSE,D,OPTIDX,BSXOPT,SENSEX 08 OCT 81000 CALL,SENSEX,1.0,81000.0,CE,20.0,5.0
889037,BSE,D,OPTIDX,BSXOPT,SENSEX 08 OCT 83300 CALL,SENSEX,1.0,83300.0,CE,20.0,5.0
889038,BSE,D,OPTIDX,BSXOPT,SENSEX 08 OCT 81900 CALL,SENSEX,1.0,81900.0,CE,20.0,5.0
889041,BSE,D,OPTIDX,BSXOPT,SENSEX 08 OCT 75000 PUT,SENSEX,1.0,75000.0,PE,20.0,5.0
889042,BSE,D,OPTIDX,BSXOPT,SENSEX 08 OCT 77300 PUT,SENSEX,1.0,77300.0,PE,20.0,5.0
889043,BSE,D,OPTIDX,BSXOPT,SENSEX 08 OCT 79600 PUT,SENSEX,1.0,79600.0,PE,20.0,5.0
889046,BSE,D,OPTIDX,BSXOPT,SENSEX 08 OCT 71300 PUT,SENSEX,1.0,71300.0,PE,20.0,5.0
889047,BSE,D,OPTIDX,BSXOPT,SENSEX 08 OCT 73600 PUT,SENSEX,1.0,73600.0,PE,20.0,5.0
889048,BSE,D,OPTIDX,BSXOPT,SENSEX 08 OCT 75900 PUT,SENSEX,1.0,75900.0,PE,20.0,5.0
889049,BSE,D,OPTIDX,BSXOPT,SENSEX 08 OCT 78000 CALL,SENSEX,1.0,78000.0,CE,20.0,5.0
889051,BSE,D,OPTIDX,BSXOPT,SENSEX 08 OCT 74300 CALL,SENSEX,1.0,74300.0,CE,20.0,5.0
889053,BSE,D,OPTIDX,BSXOPT,SENSEX 08 OCT 76600 CALL,SENSEX,1.0,76600.0,CE,20.0,5.0
889055,BSE,D,OPTIDX,BSXOPT,SENSEX 08 OCT 78900 CALL,SENSEX,1.0,78900.0,CE,20.0,5.0
889056,BSE,D,OPTIDX,BSXOPT,SENSEX 08 OCT 81300 PUT,SENSEX,1.0,81300.0,PE,20.0,5.0
889059,BSE,D,OPTIDX,BSXOPT,SENSEX 08 OCT 83600 PUT,SENSEX,1.0,83600.0,PE,20.0,5.0
889060,BSE,D,OPTIDX,BSXOPT,SENSEX 08 OCT 70600 CALL,SENSEX,1.0,70600.0,CE,20.0,5.0
889061,BSE,D,OPTIDX,BSXOPT,SENSEX 08 OCT 72900 CALL,SENSEX,1.0,72900.0,CE,20.0,5.0
889062,BSE,D,OPTIDX,BSXOPT,SENSEX 08 OCT 82900 CALL,SENSEX,1.0,82900.0,CE,20.0,5.0
889070,BSE,D,OPTIDX,BSXOPT,SENSEX 08 OCT 78300 PUT,SENSEX,1.0,78300.0,PE,20.0,5.0
889072,BSE,D,OPTIDX,BSXOPT,SENSEX 08 OCT 71200 CALL,SENSEX,1.0,71200.0,CE,20.0,5.0
889073,BSE,D,OPTIDX,BSXOPT,SENSEX 08 OCT 74600 PUT,SENSEX,1.0,74600.0,PE,20.0,5.0
889074,BSE,D,OPTIDX,BSXOPT,SENSEX 08 OCT 76900 PUT,SENSEX,1.0,76900.0,PE,20.0,5.0
889078,BSE,D,OPTIDX,BSXOPT,SENSEX 08 OCT 70900 PUT,SENSEX,1.0,70900.0,PE,20.0,5.0
889080,BSE,D,OPTIDX,BSXOPT,SENSEX 08 OCT 81200 CALL,SENSEX,1.0,81200.0,CE,20.0,5.0
889081,BSE,D,OPTIDX,BSXOPT,SENSEX 08 OCT 83500 CALL,SENSEX,1.0,83500.0,CE,20.0,5.0
889084,BSE,D,OPTIDX,BSXOPT,SENSEX 08 OCT 75200 PUT,SENSEX,1.0,75200.0,PE,20.0,5.0
889088,BSE,D,OPTIDX,BSXOPT,SENSEX 08 OCT 71500 PUT,SENSEX,1.0,71500.0,PE,20.0,5.0
889090,BSE,D,OPTIDX,BSXOPT,SENSEX 08 OCT 78200 CALL,SENSEX,1.0,78200.0,CE,20.0,5.0
889093,BSE,D,OPTIDX,BSXOPT,SENSEX 08 OCT 72200 CALL,SENSEX,1.0,72200.0,CE,20.0,5.0
889096,BSE,D,OPTIDX,BSXOPT,SENSEX 08 OCT 74500 CALL,SENSEX,1.0,74500.0,CE,20.0,5.0
889097,BSE,D,OPTIDX,BSXOPT,SENSEX 08 OCT 76800 CALL,SENSEX,1.0,76800.0,CE,20.0,5.0
889100,BSE,D,OPTIDX,BSXOPT,SENSEX 08 OCT 81500 PUT,SENSEX,1.0,81500.0,PE,20.0,5.0
889101,BSE,D,OPTIDX,BSXOPT,SENSEX 08 OCT 83800 PUT,SENSEX,1.0,83800.0,PE,20.0,5.0
889102,BSE,D,OPTIDX,BSXOPT,SENSEX 08 OCT 70800 CALL,SENSEX,1.0,70800.0,CE,20.0,5.0
889103,BSE,D,OPTIDX,BSXOPT,SENSEX 08 OCT 84500 CALL,SENSEX,1.0,84500.0,CE,20.0,5.0
889105,BSE,D,OPTIDX,BSXOPT,SENSEX 08 OCT 80800 CALL,SENSEX,1.0,80800.0,CE,20.0,5.0
889108,BSE,D,OPTIDX,BSXOPT,SENSEX 08 OCT 76200 PUT,SENSEX,1.0,76200.0,PE,20.0,5.0
889109,BSE,D,OPTIDX,BSXOPT,SENSEX 08 OCT 78500 PUT,SENSEX,1.0,78500.0,PE,20.0,5.0
889112,BSE,D,OPTIDX,BSXOPT,SENSEX 08 OCT 72500 PUT,SENSEX,1.0,72500.0,PE,20.0,5.0
889114,BSE,D,OPTIDX,BSXOPT,SENSEX 08 OCT 74800 PUT,SENSEX,1.0,74800.0,PE,20.0,5.0
889115,BSE,D,OPTIDX,BSXOPT,SENSEX 08 OCT 81400 CALL,SENSEX,1.0,81400.0,CE,20.0,5.0
889121,BSE,D,OPTIDX,BSXOPT,SENSEX 08 OCT 73100 PUT,SENSEX,1.0,73100.0,PE,20.0,5.0
889123,BSE,D,OPTIDX,BSXOPT,SENSEX 08 OCT 76100 CALL,SENSEX,1.0,76100.0,CE,20.0,5.0
889124,BSE,D,OPTIDX,BSXOPT,SENSEX 08 OCT 78400 CALL,SENSEX,1.0,78400.0,CE,20.0,5.0
889127,BSE,D,OPTIDX,BSXOPT,SENSEX 08 OCT 83100 PUT,SENSEX,1.0,83100.0,PE,20.0,5.0
889128,BSE,D,OPTIDX,BSXOPT,SENSEX 08 OCT 72400 CALL,SENSEX,1.0,72400.0,CE,20.0,5.0
889129,BSE,D,OPTIDX,BSXOPT,SENSEX 08 OCT 74700 CALL,SENSEX,1.0,74700.0,CE,20.0,5.0
889130,BSE,D,OPTIDX,BSXOPT,SENSEX 08 OCT 81700 PUT,SENSEX,1.0,81700.0,PE,20.0,5.0
889132,BSE,D,OPTIDX,BSXOPT,SENSEX 08 OCT 82400 CALL,SENSEX,1.0,82400.0,CE,20.0,5.0
889138,BSE,D,OPTIDX,BSXOPT,SENSEX 08 OCT 74100 PUT,SENSEX,1.0,74100.0,PE,20.0,5.0
889139,BSE,D,OPTIDX,BSXOPT,SENSEX 08 OCT 76400 PUT,SENSEX,1.0,76400.0,PE,20.0,5.0
889140,BSE,D,OPTIDX,BSXOPT,SENSEX 08 OCT 78700 PUT,SENSEX,1.0,78700.0,PE,20.0,5.0
889144,BSE,D,OPTIDX,BSXOPT,SENSEX 08 OCT 72700 PUT,SENSEX,1.0,72700.0,PE,20.0,5.0
889145,BSE,D,OPTIDX,BSXOPT,SENSEX 08 OCT 83000 CALL,SENSEX,1.0,83000.0,CE,20.0,5.0
889146,BSE,D,OPTIDX,BSXOPT,SENSEX 08 OCT 82700 PUT,SENSEX,1.0,82700.0,PE,20.0,5.0
889150,BSE,D,OPTIDX,BSXOPT,SENSEX 08 OCT 71000 PUT,SENSEX,1.0,71000.0,PE,20.0,5.0
889151,BSE,D,OPTIDX,BSXOPT,SENSEX 08 OCT 74000 CALL,SENSEX,1.0,74000.0,CE,20.0,5.0
889152,BSE,D,OPTIDX,BSXOPT,SENSEX 08 OCT 76300 CALL,SENSEX,1.0,76300.0,CE,20.0,5.0
889153,BSE,D,OPTIDX,BSXOPT,SENSEX 08 OCT 78600 CALL,SENSEX,1.0,78600.0,CE,20.0,5.0
889154,BSE,D,OPTIDX,BSXOPT,SENSEX 08 OCT 81000 PUT,SENSEX,1.0,81000.0,PE,20.0,5.0
889156,BSE,D,OPTIDX,BSXOPT,SENSEX 08 OCT 83300 PUT,SENSEX,1.0,83300.0,PE,20.0,5.0
889159,BSE,D,OPTIDX,BSXOPT,SENSEX 08 OCT 72600 CALL,SENSEX,1.0,72600.0,CE,20.0,5.0
889161,BSE,D,OPTIDX,BSXOPT,SENSEX 08 OCT 74900 CALL,SENSEX,1.0,74900.0,CE,20.0,5.0
889162,BSE,D,OPTIDX,BSXOPT,SENSEX 08 OCT 84000 CALL,SENSEX,1.0,84000.0,CE,20.0,5.0
889164,BSE,D,OPTIDX,BSXOPT,SENSEX 08 OCT 80300 CALL,SENSEX,1.0,80300.0,CE,20.0,5.0
889166,BSE,D,OPTIDX,BSXOPT,SENSEX 08 OCT 82600 CALL,SENSEX,1.0,82600.0,CE,20.0,5.0
889170,BSE,D,OPTIDX,BSXOPT,SENSEX 08 OCT 78000 PUT,SENSEX,1.0,78000.0,PE,20.0,5.0
889172,BSE,D,OPTIDX,BSXOPT,SENSEX 08 OCT 72000 PUT,SENSEX,1.0,72000.0,PE,20.0,5.0
889175,BSE,D,OPTIDX,BSXOPT,SENSEX 08 OCT 74300 PUT,SENSEX,1.0,74300.0,PE,20.0,5.0
889176,BSE,D,OPTIDX,BSXOPT,SENSEX 08 OCT 76600 PUT,SENSEX,1.0,76600.0,PE,20.0,5.0
889177,BSE,D,OPTIDX,BSXOPT,SENSEX 08 OCT 78900 PUT,SENSEX,1.0,78900.0,PE,20.0,5.0
889181,BSE,D,OPTIDX,BSXOPT,SENSEX 08 OCT 70600 PUT,SENSEX,1.0,70600.0,PE,20.0,5.0
889183,BSE,D,OPTIDX,BSXOPT,SENSEX 08 OCT 72900 PUT,SENSEX,1.0,72900.0,PE,20.0,5.0
889184,BSE,D,OPTIDX,BSXOPT,SENSEX 08 OCT 84300 PUT,SENSEX,1.0,84300.0,PE,20.0,5.0
889186,BSE,D,OPTIDX,BSXOPT,SENSEX 08 OCT 80600 PUT,SENSEX,1.0,80600.0,PE,20.0,5.0
889188,BSE,D,OPTIDX,BSXOPT,SENSEX 08 OCT 82900 PUT,SENSEX,1.0,82900.0,PE,20.0,5.0
889191,BSE,D,OPTIDX,BSXOPT,SENSEX 08 OCT 74200 CALL,SENSEX,1.0,74200.0,CE,20.0,5.0
889193,BSE,D,OPTIDX,BSXOPT,SENSEX 08 OCT 76500 CALL,SENSEX,1.0,76500.0,CE,20.0,5.0
889194,BSE,D,OPTIDX,BSXOPT,SENSEX 08 OCT 78800 CALL,SENSEX,1.0,78800.0,CE,20.0,5.0
889197,BSE,D,OPTIDX,BSXOPT,SENSEX 08 OCT 81200 PUT,SENSEX,1.0,81200.0,PE,20.0,5.0
889200,BSE,D,OPTIDX,BSXOPT,SENSEX 08 OCT 70500 CALL,SENSEX,1.0,70500.0,CE,20.0,5.0
889201,BSE,D,OPTIDX,BSXOPT,SENSEX 08 OCT 72800 CALL,SENSEX,1.0,72800.0,CE,20.0,5.0
889202,BSE,D,OPTIDX,BSXOPT,SENSEX 08 OCT 84200 CALL,SENSEX,1.0,84200.0,CE,20.0,5.0
889208,BSE,D,OPTIDX,BSXOPT,SENSEX 08 OCT 80500 CALL,SENSEX,1.0,80500.0,CE,20.0,5.0
889209,BSE,D,OPTIDX,BSXOPT,SENSEX 08 OCT 82800 CALL,SENSEX,1.0,82800.0,CE,20.0,5.0
889212,BSE,D,OPTIDX,BSXOPT,SENSEX 08 OCT 78200 PUT,SENSEX,1.0,78200.0,PE,20.0,5.0
889217,BSE,D,OPTIDX,BSXOPT,SENSEX 08 OCT 72200 PUT,SENSEX,1.0,72200.0,PE,20.0,5.0
889218,BSE,D,OPTIDX,BSXOPT,SENSEX 08 OCT 74500 PUT,SENSEX,1.0,74500.0,PE,20.0,5.0
889220,BSE,D,OPTIDX,BSXOPT,SENSEX 08 OCT 76800 PUT,SENSEX,1.0,76800.0,PE,20.0,5.0
889223,BSE,D,OPTIDX,BSXOPT,SENSEX 08 OCT 70800 PUT,SENSEX,1.0,70800.0,PE,20.0,5.0
889226,BSE,D,OPTIDX,BSXOPT,SENSEX 08 OCT 82200 PUT,SENSEX,1.0,82200.0,PE,20.0,5.0
889227,BSE,D,OPTIDX,BSXOPT,SENSEX 08 OCT 84500 PUT,SENSEX,1.0,84500.0,PE,20.0,5.0
889229,BSE,D,OPTIDX,BSXOPT,SENSEX 08 OCT 80800 PUT,SENSEX,1.0,80800.0,PE,20.0,5.0
889236,BSE,D,OPTIDX,BSXOPT,SENSEX 08 OCT 78100 CALL,SENSEX,1.0,78100.0,CE,20.0,5.0
889239,BSE,D,OPTIDX,BSXOPT,SENSEX 08 OCT 72100 CALL,SENSEX,1.0,72100.0,CE,20.0,5.0
889240,BSE,D,OPTIDX,BSXOPT,SENSEX 08 OCT 74400 CALL,SENSEX,1.0,74400.0,CE,20.0,5.0
889241,BSE,D,OPTIDX,BSXOPT,SENSEX 08 OCT 76700 CALL,SENSEX,1.0,76700.0,CE,20.0,5.0
889246,BSE,D,OPTIDX,BSXOPT,SENSEX 08 OCT 70700 CALL,SENSEX,1.0,70700.0,CE,20.0,5.0
889249,BSE,D,OPTIDX,BSXOPT,SENSEX 08 OCT 82100 CALL,SENSEX,1.0,82100.0,CE,20.0,5.0
889250,BSE,D,OPTIDX,BSXOPT,SENSEX 08 OCT 84400 CALL,SENSEX,1.0,84400.0,CE,20.0,5.0
889251,BSE,D,OPTIDX,BSXOPT,SENSEX 08 OCT 80700 CALL,SENSEX,1.0,80700.0,CE,20.0,5.0
889254,BSE,D,OPTIDX,BSXOPT,SENSEX 08 OCT 76100 PUT,SENSEX,1.0,76100.0,PE,20.0,5.0
889256,BSE,D,OPTIDX,BSXOPT,SENSEX 08 OCT 78400 PUT,SENSEX,1.0,78400.0,PE,20.0,5.0
889261,BSE,D,OPTIDX,BSXOPT,SENSEX 08 OCT 72400 PUT,SENSEX,1.0,72400.0,PE,20.0,5.0
889265,BSE,D,OPTIDX,BSXOPT,SENSEX 08 OCT 74700 PUT,SENSEX,1.0,74700.0,PE,20.0,5.0
889267,BSE,D,OPTIDX,BSXOPT,SENSEX 08 OCT 80100 PUT,SENSEX,1.0,80100.0,PE,20.0,5.0
889270,BSE,D,OPTIDX,BSXOPT,SENSEX 08 OCT 82400 PUT,SENSEX,1.0,82400.0,PE,20.0,5.0
889279,BSE,D,OPTIDX,BSXOPT,SENSEX 08 OCT 76000 CALL,SENSEX,1.0,76000.0,CE,20.0,5.0
889281,BSE,D,OPTIDX,BSXOPT,SENSEX 08 OCT 78300 CALL,SENSEX,1.0,78300.0,CE,20.0,5.0
889285,BSE,D,OPTIDX,BSXOPT,SENSEX 08 OCT 72300 CALL,SENSEX,1.0,72300.0,CE,20.0,5.0
889286,BSE,D,OPTIDX,BSXOPT,SENSEX 08 OCT 74600 CALL,SENSEX,1.0,74600.0,CE,20.0,5.0
889287,BSE,D,OPTIDX,BSXOPT,SENSEX 08 OCT 76900 CALL,SENSEX,1.0,76900.0,CE,20.0,5.0
889292,BSE,D,OPTIDX,BSXOPT,SENSEX 08 OCT 70900 CALL,SENSEX,1.0,70900.0,CE,20.0,5.0
889295,BSE,D,OPTIDX,BSXOPT,SENSEX 08 OCT 80000 CALL,SENSEX,1.0,80000.0,CE,20.0,5.0
889298,BSE,D,OPTIDX,BSXOPT,SENSEX 08 OCT 82300 CALL,SENSEX,1.0,82300.0,CE,20.0,5.0
889301,BSE,D,OPTIDX,BSXOPT,SENSEX 08 OCT 80900 CALL,SENSEX,1.0,80900.0,CE,20.0,5.0
889302,BSE,D,OPTIDX,BSXOPT,SENSEX 08 OCT 74000 PUT,SENSEX,1.0,74000.0,PE,20.0,5.0
889303,BSE,D,OPTIDX,BSXOPT,SENSEX 08 OCT 76300 PUT,SENSEX,1.0,76300.0,PE,20.0,5.0
889304,BSE,D,OPTIDX,BSXOPT,SENSEX 08 OCT 78600 PUT,SENSEX,1.0,78600.0,PE,20.0,5.0
889307,BSE,D,OPTIDX,BSXOPT,SENSEX 08 OCT 72600 PUT,SENSEX,1.0,72600.0,PE,20.0,5.0
889308,BSE,D,OPTIDX,BSXOPT,SENSEX 08 OCT 74900 PUT,SENSEX,1.0,74900.0,PE,20.0,5.0
889311,BSE,D,OPTIDX,BSXOPT,SENSEX 08 OCT 79300 CALL,SENSEX,1.0,79300.0,CE,20.0,5.0
889315,BSE,D,OPTIDX,BSXOPT,SENSEX 08 OCT 84000 PUT,SENSEX,1.0,84000.0,PE,20.0,5.0
889316,BSE,D,OPTIDX,BSXOPT,SENSEX 08 OCT 75600 CALL,SENSEX,1.0,75600.0,CE,20.0,5.0
889317,BSE,D,OPTIDX,BSXOPT,SENSEX 08 OCT 77900 CALL,SENSEX,1.0,77900.0,CE,20.0,5.0
889319,BSE,D,OPTIDX,BSXOPT,SENSEX 08 OCT 80300 PUT,SENSEX,1.0,80300.0,PE,20.0,5.0
889321,BSE,D,OPTIDX,BSXOPT,SENSEX 08 OCT 82600 PUT,SENSEX,1.0,82600.0,PE,20.0,5.0
889322,BSE,D,OPTIDX,BSXOPT,SENSEX 08 OCT 71900 CALL,SENSEX,1.0,71900.0,CE,20.0,5.0
889330,BSE,D,OPTIDX,BSXOPT,SENSEX 08 OCT 76200 CALL,SENSEX,1.0,76200.0,CE,20.0,5.0
889331,BSE,D,OPTIDX,BSXOPT,SENSEX 08 OCT 72500 CALL,SENSEX,1.0,72500.0,CE,20.0,5.0
889333,BSE,D,OPTIDX,BSXOPT,SENSEX 08 OCT 80200 CALL,SENSEX,1.0,80200.0,CE,20.0,5.0
889335,BSE,D,OPTIDX,BSXOPT,SENSEX 08 OCT 82500 CALL,SENSEX,1.0,82500.0,CE,20.0,5.0
889345,BSE,D,OPTIDX,BSXOPT,SENSEX 08 OCT 74200 PUT,SENSEX,1.0,74200.0,PE,20.0,5.0
889346,BSE,D,OPTIDX,BSXOPT,SENSEX 08 OCT 76500 PUT,SENSEX,1.0,76500.0,PE,20.0,5.0
889347,BSE,D,OPTIDX,BSXOPT,SENSEX 08 OCT 78800 PUT,SENSEX,1.0,78800.0,PE,20.0,5.0
889349,BSE,D,OPTIDX,BSXOPT,SENSEX 08 OCT 70500 PUT,SENSEX,1.0,70500.0,PE,20.0,5.0
889350,BSE,D,OPTIDX,BSXOPT,SENSEX 08 OCT 72800 PUT,SENSEX,1.0,72800.0,PE,20.0,5.0
889351,BSE,D,OPTIDX,BSXOPT,SENSEX 08 OCT 77200 CALL,SENSEX,1.0,77200.0,CE,20.0,5.0
889352,BSE,D,OPTIDX,BSXOPT,SENSEX 08 OCT 79500 CALL,SENSEX,1.0,79500.0,CE,20.0,5.0
889355,BSE,D,OPTIDX,BSXOPT,SENSEX 08 OCT 84200 PUT,SENSEX,1.0,84200.0,PE,20.0,5.0
889359,BSE,D,OPTIDX,BSXOPT,SENSEX 08 OCT 73500 CALL,SENSEX,1.0,73500.0,CE,20.0,5.0
889360,BSE,D,OPTIDX,BSXOPT,SENSEX 08 OCT 75800 CALL,SENSEX,1.0,75800.0,CE,20.0,5.0
889361,BSE,D,OPTIDX,BSXOPT,SENSEX 08 OCT 80500 PUT,SENSEX,1.0,80500.0,PE,20.0,5.0
889362,BSE,D,OPTIDX,BSXOPT,SENSEX 08 OCT 82800 PUT,SENSEX,1.0,82800.0,PE,20.0,5.0
889377,BSE,D,OPTIDX,BSXOPT,SENSEX 08 OCT 74100 CALL,SENSEX,1.0,74100.0,CE,20.0,5.0
889379,BSE,D,OPTIDX,BSXOPT,SENSEX 08 OCT 77500 PUT,SENSEX,1.0,77500.0,PE,20.0,5.0
889380,BSE,D,OPTIDX,BSXOPT,SENSEX 08 OCT 79800 PUT,SENSEX,1.0,79800.0,PE,20.0,5.0
889382,BSE,D,OPTIDX,BSXOPT,SENSEX 08 OCT 73800 PUT,SENSEX,1.0,73800.0,PE,20.0,5.0
889383,BSE,D,OPTIDX,BSXOPT,SENSEX 08 OCT 84100 CALL,SENSEX,1.0,84100.0,CE,20.0,5.0
889386,BSE,D,OPTIDX,BSXOPT,SENSEX 08 OCT 80400 CALL,SENSEX,1.0,80400.0,CE,20.0,5.0
889388,BSE,D,OPTIDX,BSXOPT,SENSEX 08 OCT 82700 CALL,SENSEX,1.0,82700.0,CE,20.0,5.0
889392,BSE,D,OPTIDX,BSXOPT,SENSEX 08 OCT 78100 PUT,SENSEX,1.0,78100.0,PE,20.0,5.0
889394,BSE,D,OPTIDX,BSXOPT,SENSEX 08 OCT 72100 PUT,SENSEX,1.0,72100.0,PE,20.0,5.0
889396,BSE,D,OPTIDX,BSXOPT,SENSEX 08 OCT 74400 PUT,SENSEX,1.0,74400.0,PE,20.0,5.0
889397,BSE,D,OPTIDX,BSXOPT,SENSEX 08 OCT 76700 PUT,SENSEX,1.0,76700.0,PE,20.0,5.0
889400,BSE,D,OPTIDX,BSXOPT,SENSEX 08 OCT 70700 PUT,SENSEX,1.0,70700.0,PE,20.0,5.0
889401,BSE,D,OPTIDX,BSXOPT,SENSEX 08 OCT 75100 CALL,SENSEX,1.0,75100.0,CE,20.0,5.0
889402,BSE,D,OPTIDX,BSXOPT,SENSEX 08 OCT 77400 CALL,SENSEX,1.0,77400.0,CE,20.0,5.0
889404,BSE,D,OPTIDX,BSXOPT,SENSEX 08 OCT 79700 CALL,SENSEX,1.0,79700.0,CE,20.0,5.0
889405,BSE,D,OPTIDX,BSXOPT,SENSEX 08 OCT 82100 PUT,SENSEX,1.0,82100.0,PE,20.0,5.0
889408,BSE,D,OPTIDX,BSXOPT,SENSEX 08 OCT 84400 PUT,SENSEX,1.0,84400.0,PE,20.0,5.0
889409,BSE,D,OPTIDX,BSXOPT,SENSEX 08 OCT 71400 CALL,SENSEX,1.0,71400.0,CE,20.0,5.0
889410,BSE,D,OPTIDX,BSXOPT,SENSEX 08 OCT 73700 CALL,SENSEX,1.0,73700.0,CE,20.0,5.0
889413,BSE,D,OPTIDX,BSXOPT,SENSEX 08 OCT 80700 PUT,SENSEX,1.0,80700.0,PE,20.0,5.0
889414,BSE,D,OPTIDX,BSXOPT,SENSEX 08 OCT 83700 CALL,SENSEX,1.0,83700.0,CE,20.0,5.0
889422,BSE,D,OPTIDX,BSXOPT,SENSEX 08 OCT 79100 PUT,SENSEX,1.0,79100.0,PE,20.0,5.0
889424,BSE,D,OPTIDX,BSXOPT,SENSEX 08 OCT 72000 CALL,SENSEX,1.0,72000.0,CE,20.0,5.0
889426,BSE,D,OPTIDX,BSXOPT,SENSEX 08 OCT 75400 PUT,SENSEX,1.0,75400.0,PE,20.0,5.0
889427,BSE,D,OPTIDX,BSXOPT,SENSEX 08 OCT 77700 PUT,SENSEX,1.0,77700.0,PE,20.0,5.0
889429,BSE,D,OPTIDX,BSXOPT,SENSEX 08 OCT 71700 PUT,SENSEX,1.0,71700.0,PE,20.0,5.0
889431,BSE,D,OPTIDX,BSXOPT,SENSEX 08 OCT 82000 CALL,SENSEX,1.0,82000.0,CE,20.0,5.0
889435,BSE,D,OPTIDX,BSXOPT,SENSEX 08 OCT 84300 CALL,SENSEX,1.0,84300.0,CE,20.0,5.0
889437,BSE,D,OPTIDX,BSXOPT,SENSEX 08 OCT 80600 CALL,SENSEX,1.0,80600.0,CE,20.0,5.0
889438,BSE,D,OPTIDX,BSXOPT,SENSEX 08 OCT 76000 PUT,SENSEX,1.0,76000.0,PE,20.0,5.0
889440,BSE,D,OPTIDX,BSXOPT,SENSEX 08 OCT 72300 PUT,SENSEX,1.0,72300.0,PE,20.0,5.0
889441,BSE,D,OPTIDX,BSXOPT,SENSEX 08 OCT 79000 CALL,SENSEX,1.0,79000.0,CE,20.0,5.0
889443,BSE,D,OPTIDX,BSXOPT,SENSEX 08 OCT 73000 CALL,SENSEX,1.0,73000.0,CE,20.0,5.0
889444,BSE,D,OPTIDX,BSXOPT,SENSEX 08 OCT 75300 CALL,SENSEX,1.0,75300.0,CE,20.0,5.0
889445,BSE,D,OPTIDX,BSXOPT,SENSEX 08 OCT 77600 CALL,SENSEX,1.0,77600.0,CE,20.0,5.0
889446,BSE,D,OPTIDX,BSXOPT,SENSEX 08 OCT 79900 CALL,SENSEX,1.0,79900.0,CE,20.0,5.0
889448,BSE,D,OPTIDX,BSXOPT,SENSEX 08 OCT 80000 PUT,SENSEX,1.0,80000.0,PE,20.0,5.0
889450,BSE,D,OPTIDX,BSXOPT,SENSEX 08 OCT 82300 PUT,SENSEX,1.0,82300.0,PE,20.0,5.0
889451,BSE,D,OPTIDX,BSXOPT,SENSEX 08 OCT 71600 CALL,SENSEX,1.0,71600.0,CE,20.0,5.0
889453,BSE,D,OPTIDX,BSXOPT,SENSEX 08 OCT 73900 CALL,SENSEX,1.0,73900.0,CE,20.0,5.0
889458,BSE,D,OPTIDX,BSXOPT,SENSEX 08 OCT 80900 PUT,SENSEX,1.0,80900.0,PE,20.0,5.0
889460,BSE,D,OPTIDX,BSXOPT,SENSEX 08 OCT 81600 CALL,SENSEX,1.0,81600.0,CE,20.0,5.0
889461,BSE,D,OPTIDX,BSXOPT,SENSEX 08 OCT 83900 CALL,SENSEX,1.0,83900.0,CE,20.0,5.0
889464,BSE,D,OPTIDX,BSXOPT,SENSEX 08 OCT 77000 PUT,SENSEX,1.0,77000.0,PE,20.0,5.0
889468,BSE,D,OPTIDX,BSXOPT,SENSEX 08 OCT 79300 PUT,SENSEX,1.0,79300.0,PE,20.0,5.0
889469,BSE,D,OPTIDX,BSXOPT,SENSEX 08 OCT 73300 PUT,SENSEX,1.0,73300.0,PE,20.0,5.0
889471,BSE,D,OPTIDX,BSXOPT,SENSEX 08 OCT 75600 PUT,SENSEX,1.0,75600.0,PE,20.0,5.0
889472,BSE,D,OPTIDX,BSXOPT,SENSEX 08 OCT 77900 PUT,SENSEX,1.0,77900.0,PE,20.0,5.0
889473,BSE,D,OPTIDX,BSXOPT,SENSEX 08 OCT 71900 PUT,SENSEX,1.0,71900.0,PE,20.0,5.0
889475,BSE,D,OPTIDX,BSXOPT,SENSEX 08 OCT 82200 CALL,SENSEX,1.0,82200.0,CE,20.0,5.0
889479,BSE,D,OPTIDX,BSXOPT,SENSEX 08 OCT 81900 PUT,SENSEX,1.0,81900.0,PE,20.0,5.0
889483,BSE,D,OPTIDX,BSXOPT,SENSEX 08 OCT 79200 CALL,SENSEX,1.0,79200.0,CE,20.0,5.0
889484,BSE,D,OPTIDX,BSXOPT,SENSEX 08 OCT 73200 CALL,SENSEX,1.0,73200.0,CE,20.0,5.0
889486,BSE,D,OPTIDX,BSXOPT,SENSEX 08 OCT 75500 CALL,SENSEX,1.0,75500.0,CE,20.0,5.0
889488,BSE,D,OPTIDX,BSXOPT,SENSEX 08 OCT 77800 CALL,SENSEX,1.0,77800.0,CE,20.0,5.0
889489,BSE,D,OPTIDX,BSXOPT,SENSEX 08 OCT 80200 PUT,SENSEX,1.0,80200.0,PE,20.0,5.0
889491,BSE,D,OPTIDX,BSXOPT,SENSEX 08 OCT 82500 PUT,SENSEX,1.0,82500.0,PE,20.0,5.0
889493,BSE,D,OPTIDX,BSXOPT,SENSEX 08 OCT 71800 CALL,SENSEX,1.0,71800.0,CE,20.0,5.0
889495,BSE,D,OPTIDX,BSXOPT,SENSEX 08 OCT 83200 CALL,SENSEX,1.0,83200.0,CE,20.0,5.0
889496,BSE,D,OPTIDX,BSXOPT,SENSEX 08 OCT 81800 CALL,SENSEX,1.0,81800.0,CE,20.0,5.0
889497,BSE,D,OPTIDX,BSXOPT,SENSEX 08 OCT 77200 PUT,SENSEX,1.0,77200.0,PE,20.0,5.0
889498,BSE,D,OPTIDX,BSXOPT,SENSEX 08 OCT 79500 PUT,SENSEX,1.0,79500.0,PE,20.0,5.0
889502,BSE,D,OPTIDX,BSXOPT,SENSEX 08 OCT 71200 PUT,SENSEX,1.0,71200.0,PE,20.0,5.0
889505,BSE,D,OPTIDX,BSXOPT,SENSEX 08 OCT 73500 PUT,SENSEX,1.0,73500.0,PE,20.0,5.0
889506,BSE,D,OPTIDX,BSXOPT,SENSEX 08 OCT 75800 PUT,SENSEX,1.0,75800.0,PE,20.0,5.0
889507,BSE,D,OPTIDX,BSXOPT,SENSEX 08 OCT 80100 CALL,SENSEX,1.0,80100.0,CE,20.0,5.0
889512,BSE,D,OPTIDX,BSXOPT,SENSEX 08 OCT 83500 PUT,SENSEX,1.0,83500.0,PE,20.0,5.0
889519,BSE,D,OPTIDX,BSXOPT,SENSEX 08 OCT 77100 CALL,SENSEX,1.0,77100.0,CE,20.0,5.0
889522,BSE,D,OPTIDX,BSXOPT,SENSEX 08 OCT 79400 CALL,SENSEX,1.0,79400.0,CE,20.0,5.0
889523,BSE,D,OPTIDX,BSXOPT,SENSEX 08 OCT 84100 PUT,SENSEX,1.0,84100.0,PE,20.0,5.0
889524,BSE,D,OPTIDX,BSXOPT,SENSEX 08 OCT 71100 CALL,SENSEX,1.0,71100.0,CE,20.0,5.0
889525,BSE,D,OPTIDX,BSXOPT,SENSEX 08 OCT 73400 CALL,SENSEX,1.0,73400.0,CE,20.0,5.0
889526,BSE,D,OPTIDX,BSXOPT,SENSEX 08 OCT 75700 CALL,SENSEX,1.0,75700.0,CE,20.0,5.0
889528,BSE,D,OPTIDX,BSXOPT,SENSEX 08 OCT 80400 PUT,SENSEX,1.0,80400.0,PE,20.0,5.0
889529,BSE,D,OPTIDX,BSXOPT,SENSEX 08 OCT 81100 CALL,SENSEX,1.0,81100.0,CE,20.0,5.0
889530,BSE,D,OPTIDX,BSXOPT,SENSEX 08 OCT 83400 CALL,SENSEX,1.0,83400.0,CE,20.0,5.0
889536,BSE,D,OPTIDX,BSXOPT,SENSEX 08 OCT 75100 PUT,SENSEX,1.0,75100.0,PE,20.0,5.0
889539,BSE,D,OPTIDX,BSXOPT,SENSEX 08 OCT 77400 PUT,SENSEX,1.0,77400.0,PE,20.0,5.0
889540,BSE,D,OPTIDX,BSXOPT,SENSEX 08 OCT 79700 PUT,SENSEX,1.0,79700.0,PE,20.0,5.0
889544,BSE,D,OPTIDX,BSXOPT,SENSEX 08 OCT 71400 PUT,SENSEX,1.0,71400.0,PE,20.0,5.0
889545,BSE,D,OPTIDX,BSXOPT,SENSEX 08 OCT 73700 PUT,SENSEX,1.0,73700.0,PE,20.0,5.0
889720,BSE,D,OPTIDX,BSXOPT,SENSEX 24 SEP 68000 PUT,SENSEX,1.0,68000.0,PE,20.0,5.0
889773,BSE,D,OPTIDX,BSXOPT,SENSEX 08 OCT 70400 PUT,SENSEX,1.0,70400.0,PE,20.0,5.0
889826,BSE,D,OPTIDX,BSXOPT,SENSEX 08 OCT 70400 CALL,SENSEX,1.0,70400.0,CE,20.0,5.0
889940,BSE,D,OPTIDX,BSXOPT,SENSEX 08 OCT 84700 CALL,SENSEX,1.0,84700.0,CE,20.0,5.0
889985,BSE,D,OPTIDX,BSXOPT,SENSEX 08 OCT 84700 PUT,SENSEX,1.0,84700.0,PE,20.0,5.0
889994,BSE,D,OPTIDX,BSXOPT,SENSEX 08 OCT 84600 CALL,SENSEX,1.0,84600.0,CE,20.0,5.0
532985,BSE,E,EQUITY,KOTAK MAHINDRA MUTUAL FUN,Kotak Nifty IT ETF,SENSEX1,,,,1.0,1.0
535276,BSE,E,EQUITY,SBI MUTUAL FUND - SBI ETF,SBI Sensex ETF,SBISENSEX,,,,1.0,1.0
538683,BSE,E,EQUITY,NIPPON INDIA ETF SENSEX,Nippon India Sensex ETF,SENSEXBEES,,,,1.0,1.0
539312,BSE,E,EQUITY,UTI BSE Sensex ETF,UTI Sensex ETF,SENSEXBETA,,,,1.0,1.0
539487,BSE,E,EQUITY,LIC MF EXCHNG TRADED FUND,LIC Sensex ETF,LICNETFSEN,,,,1.0,1.0
539517,BSE,E,EQUITY,HDFC Mutual Fund,HDFC BSE Sensex ETF,HDFCSENSEX,,,,1.0,1.0
540008,BSE,E,EQUITY,Aditya Birla Sun Life BSE,Aditya Birla Sensex ETF,BSLSENETFG,,,,1.0,1.0
540154,BSE,E,EQUITY,Bandhan Mutual Fund,IDFC Sensex ETF,IDFSENSEXE,,,,1.0,1.0
542513,BSE,E,EQUITY,UTI BSE  Sensex Next 50 E,UTI Sensex Next 50 ETF,SNXT50BETA,,,,1.0,1.0
542747,BSE,E,EQUITY,NIPPON INDIA ETF SENSEX N,Nippon Sensex Next 50 ETF (SNXT50BEES),SNXT50BEES,,,,1.0,1.0
543853,BSE,E,EQUITY,AXIS BSE SENSEX ETF,Axis Sensex ETF,SENSEXAXIS,,,,1.0,1.0
543947,BSE,E,EQUITY,DSP BSE Sensex ETF,DSP Sensex ETF,SENSEXADD,,,,1.0,1.0
543999,BSE,E,EQUITY,Mirae Asset Mutual Fund,Mirae Asset Sensex ETF,SENSEXETF,,,,1.0,1.0
544352,BSE,E,EQUITY,DSP BSE Sensex Next 30 ET,DSP BSE Sensex Next 30 ETF,NEXT30ADD,,,,1.0,1.0
544415,BSE,E,EQUITY,Nippon India Mutual Fund,Nippon India BSE Sensex Next 30 ETF,SNXT30BEES,,,,1.0,1.0
544618,BSE,E,EQUITY,Edelweiss Mutual Fund,Edelweiss BSE Sensex ETF,ESENSEX,,,,1.0,1.0
544878,BSE,E,EQUITY,INVESCO MUTUAL FUND,Invesco India BSE Sensex ETF,IVZSENSEX,,,,1.0,1.0
555555,BSE,E,EQUITY,ICICI Prudential BSE Sens,ICICI Pru Sensex ETF,SENSEXIETF,,,,1.0,1.0
10515,NSE,E,EQUITY,UTIAMC-SENSEXBETA,UTI Sensex ETF,SENSEXBETA,,,,1.0,1.0
11441,NSE,E,EQUITY,LICNAMC - LICNFESGP,LIC Sensex ETF,LICNETFSEN,,,,1.0,1.0
11593,NSE,E,EQUITY,HDFCAMC - HDFCSENSEX,HDFC BSE Sensex ETF,HDFCSENSEX,,,,1.0,1.0
14742,NSE,E,EQUITY,AXISAMC-SENSEXAXIS,Axis Sensex ETF,SENSEXAXIS,,,,1.0,1.0
17613,NSE,E,EQUITY,DSPAMC - DSPSENXETF,DSP Sensex ETF,SENSEXADD,,,,1.0,1.0
19224,NSE,E,EQUITY,MIRAEAMC - SENSEXETF,Mirae Asset Sensex ETF,SENSEXETF,,,,1.0,1.0
29464,NSE,E,EQUITY,DSPAMC - NEXT30ADD,DSP BSE Sensex Next 30 ETF,NEXT30ADD,,,,1.0,1.0
4378,NSE,E,EQUITY,ICICI PRUD SENSEX ETF,ICICI Pru Sensex ETF,SENSEXIETF,,,,1.0,1.0
5957,NSE,E,EQUITY,BIRLASLAMC - BSLSENETFG,Aditya Birla Sensex ETF,BSLSENETFG,,,,1.0,1.0
757455,NSE,E,EQUITY,NIPPONAMC - SNXT30BEES,Nippon India BSE Sensex Next 30 ETF,SNXT30BEES,,,,1.0,1.0
759995,NSE,E,EQUITY,EDELAMC - ESENSEX,Edelweiss BSE Sensex ETF,ESENSEX,,,,1.0,1.0
765327,NSE,E,EQUITY,RELIGARAMC - IVZSENSEX,Invesco India BSE Sensex ETF,IVZSENSEX,,,,1.0,1.0
9168,NSE,E,EQUITY,UTIAMC-SNXT50BETA,UTI Sensex Next 50 ETF,SNXT50BETA,,,,1.0,1.0
51,BSE,I,INDEX,SENSEX,Sensex,SENSEX,51.0,,XX,1.0,0.01
83,BSE,I,INDEX,SNSX50,BSE Sensex 50,SNSX50,83.0,,XX,1.0,0.01
98,BSE,I,INDEX,SNXN30,BSE Sensex Next 30,SNXN30,98.0,,XX,1.0,0.01
310,BSE,I,INDEX,SNXT50,Sensex Next 50 Index,SNXT50,310.0,,XX,1.0,0.01
859,BSE,I,INDEX,SENEQW,BSE Sensex Equal Weight,SENEQW,859.0,,XX,1.0,0.05
860,BSE,I,INDEX,SNSX60,BSE Sensex 60,SNSX60,860.0,,XX,1.0,0.05
861,BSE,I,INDEX,SS6535,BSE Sensex Sixty 65:35,SS6535,861.0,,XX,1.0,0.05
