local_time,local_ns,monotonic_ns,packet_type,exchange_segment,security_id,LTP,LTQ,LTT,avg_price,volume,total_sell_quantity,total_buy_quantity,OI,depth_json
09:15:00.001,1790307900001250162,1025642555184589,Ticker Data,0,51,73525.92,,09:14:29,,,,,,
09:15:00.001,1790307900001370563,1025642555304270,Previous Close,0,51,,,,,,,,,
09:15:00.001,1790307900001427843,1025642555361430,Ticker Data,0,51,73525.92,,09:14:30,,,,,,
09:15:00.001,1790307900001482603,1025642555416191,Ticker Data,0,51,73525.92,,09:14:31,,,,,,
09:15:00.001,1790307900001525244,1025642555458831,Ticker Data,0,51,73525.92,,09:14:32,,,,,,
09:15:00.001,1790307900001564564,1025642555498151,Ticker Data,0,51,73525.92,,09:14:33,,,,,,
09:15:00.001,1790307900001602564,1025642555536151,Ticker Data,0,51,73525.92,,09:14:34,,,,,,
09:15:00.001,1790307900001639245,1025642555572792,Ticker Data,0,51,73525.92,,09:14:35,,,,,,
09:15:00.001,1790307900001675645,1025642555609232,Ticker Data,0,51,73525.92,,09:14:36,,,,,,
09:15:00.001,1790307900001712605,1025642555646152,Ticker Data,0,51,73525.92,,09:14:37,,,,,,
09:15:00.001,1790307900001750605,1025642555684152,Ticker Data,0,51,73525.92,,09:14:38,,,,,,
09:15:00.001,1790307900001788205,1025642555721792,Ticker Data,0,51,73525.92,,09:14:39,,,,,,
09:15:00.001,1790307900001825446,1025642555759033,Ticker Data,0,51,73525.92,,09:14:40,,,,,,
09:15:00.001,1790307900001861686,1025642555795273,Ticker Data,0,51,73525.92,,09:14:41,,,,,,
09:15:00.001,1790307900001899446,1025642555832993,Ticker Data,0,51,73525.92,,09:14:42,,,,,,
09:15:00.001,1790307900001963927,1025642555897514,Ticker Data,0,51,73525.92,,09:14:43,,,,,,
09:15:00.001,1790307900002003007,1025642555936594,Ticker Data,0,51,73525.92,,09:14:44,,,,,,
09:15:00.002,1790307900002039727,1025642555973274,Ticker Data,0,51,73525.92,,09:14:45,,,,,,
09:15:00.002,1790307900002095367,1025642556028954,Ticker Data,0,51,73525.92,,09:14:46,,,,,,
09:15:00.002,1790307900002148528,1025642556082115,Ticker Data,0,51,73525.92,,09:14:47,,,,,,
09:15:00.002,1790307900002323689,1025642556257436,Ticker Data,0,51,73525.92,,09:14:48,,,,,,
09:15:00.002,1790307900002366209,1025642556299796,Ticker Data,0,51,73525.92,,09:14:49,,,,,,
09:15:00.002,1790307900002405689,1025642556339236,Ticker Data,0,51,73525.92,,09:14:50,,,,,,
09:15:00.002,1790307900002442730,1025642556376277,Ticker Data,0,51,73525.92,,09:14:51,,,,,,
09:15:00.002,1790307900002479650,1025642556413237,Ticker Data,0,51,73525.92,,09:14:52,,,,,,
09:15:00.002,1790307900002516290,1025642556449877,Ticker Data,0,51,73525.92,,09:14:53,,,,,,
09:15:00.002,1790307900002552610,1025642556486197,Ticker Data,0,51,73525.92,,09:14:54,,,,,,
09:15:00.002,1790307900002634811,1025642556568398,Ticker Data,0,51,73525.92,,09:14:55,,,,,,
09:15:00.002,1790307900002676571,1025642556610158,Ticker Data,0,51,73525.92,,09:14:56,,,,,,
09:15:00.002,1790307900002713131,1025642556646678,Ticker Data,0,51,73525.92,,09:14:57,,,,,,
09:15:00.002,1790307900002749932,1025642556683519,Ticker Data,0,51,73525.92,,09:14:58,,,,,,
09:15:00.002,1790307900002785212,1025642556718799,Ticker Data,0,51,73525.92,,09:14:59,,,,,,
09:15:00.248,1790307900248934349,1025642802868496,Full Data,8,886849,0.00,0,00:00:00,0.00,0,360,600,167000,"[{""bid_quantity"":200,""ask_quantity"":20,""bid_orders"":1,""ask_orders"":1,""bid_price"":""300.00"",""ask_price"":""524.65""},{""bid_quantity"":400,""ask_quantity"":60,""bid_orders"":1,""ask_orders"":3,""bid_price"":""31.35"",""ask_price"":""539.50""},{""bid_quantity"":0,""ask_quantity"":20,""bid_orders"":0,""ask_orders"":1,""bid_price"":""0.00"",""ask_price"":""555.00""},{""bid_quantity"":0,""ask_quantity"":100,""bid_orders"":0,""ask_orders"":1,""bid_price"":""0.00"",""ask_price"":""569.50""},{""bid_quantity"":0,""ask_quantity"":20,""bid_orders"":0,""ask_orders"":1,""bid_price"":""0.00"",""ask_price"":""583.00""}]"
09:15:00.265,1790307900265652976,1025642819587363,Full Data,8,886692,0.00,0,00:00:00,0.00,0,400,80,4500,"[{""bid_quantity"":60,""ask_quantity"":400,""bid_orders"":1,""ask_orders"":1,""bid_price"":""500.00"",""ask_price"":""1200.00""},{""bid_quantity"":20,""ask_quantity"":0,""bid_orders"":1,""ask_orders"":0,""bid_price"":""1.00"",""ask_price"":""0.00""},{""bid_quantity"":0,""ask_quantity"":0,""bid_orders"":0,""ask_orders"":0,""bid_price"":""0.00"",""ask_price"":""0.00""},{""bid_quantity"":0,""ask_quantity"":0,""bid_orders"":0,""ask_orders"":0,""bid_price"":""0.00"",""ask_price"":""0.00""},{""bid_quantity"":0,""ask_quantity"":0,""bid_orders"":0,""ask_orders"":0,""bid_price"":""0.00"",""ask_price"":""0.00""}]"
09:15:00.334,1790307900334303295,1025642888237282,Full Data,8,886951,0.00,0,00:00:00,0.00,0,100,140,6000,"[{""bid_quantity"":60,""ask_quantity"":40,""bid_orders"":1,""ask_orders"":1,""bid_price"":""542.05"",""ask_price"":""1082.00""},{""bid_quantity"":20,""ask_quantity"":20,""bid_orders"":1,""ask_orders"":1,""bid_price"":""500.00"",""ask_price"":""1099.95""},{""bid_quantity"":20,""ask_quantity"":40,""bid_orders"":1,""ask_orders"":1,""bid_price"":""420.00"",""ask_price"":""1500.00""},{""bid_quantity"":20,""ask_quantity"":0,""bid_orders"":1,""ask_orders"":0,""bid_price"":""410.00"",""ask_price"":""0.00""},{""bid_quantity"":20,""ask_quantity"":0,""bid_orders"":1,""ask_orders"":0,""bid_price"":""400.00"",""ask_price"":""0.00""}]"
09:15:00.352,1790307900352544532,1025642906478279,Full Data,8,886776,0.00,0,00:00:00,0.00,0,1580,3420,67800,"[{""bid_quantity"":20,""ask_quantity"":1000,""bid_orders"":1,""ask_orders"":1,""bid_price"":""400.00"",""ask_price"":""615.00""},{""bid_quantity"":420,""ask_quantity"":380,""bid_orders"":1,""ask_orders"":1,""bid_price"":""375.40"",""ask_price"":""624.40""},{""bid_quantity"":20,""ask_quantity"":180,""bid_orders"":1,""ask_orders"":9,""bid_price"":""358.90"",""ask_price"":""684.40""},{""bid_quantity"":80,""ask_quantity"":20,""bid_orders"":1,""ask_orders"":1,""bid_price"":""350.00"",""ask_price"":""1651.00""},{""bid_quantity"":240,""ask_quantity"":0,""bid_orders"":12,""ask_orders"":0,""bid_price"":""329.90"",""ask_price"":""0.00""}]"
09:15:00.488,1790307900488508043,1025643042442190,Full Data,8,886849,520.20,20,09:15:00,516.59,440,4900,2900,167000,"[{""bid_quantity"":100,""ask_quantity"":200,""bid_orders"":2,""ask_orders"":1,""bid_price"":""520.20"",""ask_price"":""521.75""},{""bid_quantity"":80,""ask_quantity"":60,""bid_orders"":2,""ask_orders"":1,""bid_price"":""520.15"",""ask_price"":""521.80""},{""bid_quantity"":20,""ask_quantity"":340,""bid_orders"":1,""ask_orders"":2,""bid_price"":""520.00"",""ask_price"":""521.95""},{""bid_quantity"":80,""ask_quantity"":20,""bid_orders"":2,""ask_orders"":1,""bid_price"":""505.50"",""ask_price"":""522.00""},{""bid_quantity"":20,""ask_quantity"":400,""bid_orders"":1,""ask_orders"":1,""bid_price"":""505.45"",""ask_price"":""523.45""}]"
09:15:00.623,1790307900623870150,1025643177804617,Ticker Data,0,51,73583.49,,09:15:00,,,,,,
09:15:00.663,1790307900663792486,1025643217726233,Full Data,8,887124,321.40,40,09:15:00,321.58,300,4060,11180,64860,"[{""bid_quantity"":40,""ask_quantity"":80,""bid_orders"":1,""ask_orders"":2,""bid_price"":""321.95"",""ask_price"":""323.20""},{""bid_quantity"":40,""ask_quantity"":120,""bid_orders"":1,""ask_orders"":2,""bid_price"":""321.35"",""ask_price"":""323.30""},{""bid_quantity"":40,""ask_quantity"":200,""bid_orders"":1,""ask_orders"":1,""bid_price"":""321.30"",""ask_price"":""323.95""},{""bid_quantity"":40,""ask_quantity"":560,""bid_orders"":1,""ask_orders"":1,""bid_price"":""321.25"",""ask_price"":""324.30""},{""bid_quantity"":120,""ask_quantity"":40,""bid_orders"":2,""ask_orders"":1,""bid_price"":""320.00"",""ask_price"":""328.35""}]"
09:15:00.721,1790307900721362335,1025643275296442,Full Data,8,887017,656.85,20,09:15:00,665.77,4820,6100,27860,74320,"[{""bid_quantity"":20,""ask_quantity"":40,""bid_orders"":1,""ask_orders"":1,""bid_price"":""656.80"",""ask_price"":""665.15""},{""bid_quantity"":40,""ask_quantity"":40,""bid_orders"":1,""ask_orders"":1,""bid_price"":""651.20"",""ask_price"":""665.20""},{""bid_quantity"":40,""ask_quantity"":40,""bid_orders"":1,""ask_orders"":1,""bid_price"":""651.15"",""ask_price"":""665.25""},{""bid_quantity"":40,""ask_quantity"":80,""bid_orders"":1,""ask_orders"":1,""bid_price"":""649.85"",""ask_price"":""665.50""},{""bid_quantity"":60,""ask_quantity"":200,""bid_orders"":1,""ask_orders"":4,""bid_price"":""649.80"",""ask_price"":""668.25""}]"
09:15:00.729,1790307900729898670,1025643283832457,Full Data,8,886718,410.85,20,09:15:00,413.17,5720,8020,17700,276660,"[{""bid_quantity"":40,""ask_quantity"":40,""bid_orders"":1,""ask_orders"":1,""bid_price"":""410.85"",""ask_price"":""414.70""},{""bid_quantity"":20,""ask_quantity"":20,""bid_orders"":1,""ask_orders"":1,""bid_price"":""410.30"",""ask_price"":""414.75""},{""bid_quantity"":40,""ask_quantity"":40,""bid_orders"":1,""ask_orders"":1,""bid_price"":""409.95"",""ask_price"":""414.80""},{""bid_quantity"":40,""ask_quantity"":20,""bid_orders"":1,""ask_orders"":1,""bid_price"":""409.75"",""ask_price"":""415.25""},{""bid_quantity"":40,""ask_quantity"":20,""bid_orders"":1,""ask_orders"":1,""bid_price"":""409.65"",""ask_price"":""416.70""}]"
09:15:00.754,1790307900754871590,1025643308805497,Full Data,8,887124,326.25,20,09:15:00,322.84,700,6320,14120,64860,"[{""bid_quantity"":40,""ask_quantity"":40,""bid_orders"":1,""ask_orders"":1,""bid_price"":""326.40"",""ask_price"":""328.30""},{""bid_quantity"":20,""ask_quantity"":40,""bid_orders"":1,""ask_orders"":1,""bid_price"":""326.30"",""ask_price"":""328.35""},{""bid_quantity"":40,""ask_quantity"":40,""bid_orders"":1,""ask_orders"":1,""bid_price"":""325.95"",""ask_price"":""328.40""},{""bid_quantity"":40,""ask_quantity"":20,""bid_orders"":1,""ask_orders"":1,""bid_price"":""325.90"",""ask_price"":""330.95""},{""bid_quantity"":40,""ask_quantity"":20,""bid_orders"":1,""ask_orders"":1,""bid_price"":""322.70"",""ask_price"":""331.00""}]"
09:15:00.759,1790307900759171337,1025643313105124,Full Data,8,887017,664.30,20,09:15:00,664.55,6480,6020,28580,74320,"[{""bid_quantity"":40,""ask_quantity"":20,""bid_orders"":1,""ask_orders"":1,""bid_price"":""651.30"",""ask_price"":""664.15""},{""bid_quantity"":20,""ask_quantity"":40,""bid_orders"":1,""ask_orders"":1,""bid_price"":""651.25"",""ask_price"":""664.20""},{""bid_quantity"":40,""ask_quantity"":340,""bid_orders"":1,""ask_orders"":1,""bid_price"":""651.20"",""ask_price"":""665.65""},{""bid_quantity"":40,""ask_quantity"":200,""bid_orders"":1,""ask_orders"":4,""bid_price"":""651.15"",""ask_price"":""668.25""},{""bid_quantity"":360,""ask_quantity"":40,""bid_orders"":2,""ask_orders"":1,""bid_price"":""650.00"",""ask_price"":""677.25""}]"
09:15:00.769,1790307900769529483,1025643323463310,Full Data,8,886981,461.45,20,09:15:00,465.65,800,3420,29820,63920,"[{""bid_quantity"":40,""ask_quantity"":40,""bid_orders"":1,""ask_orders"":2,""bid_price"":""467.25"",""ask_price"":""470.70""},{""bid_quantity"":20,""ask_quantity"":20,""bid_orders"":1,""ask_orders"":1,""bid_price"":""467.20"",""ask_price"":""470.75""},{""bid_quantity"":20,""ask_quantity"":20,""bid_orders"":1,""ask_orders"":1,""bid_price"":""467.15"",""ask_price"":""470.85""},{""bid_quantity"":40,""ask_quantity"":440,""bid_orders"":1,""ask_orders"":1,""bid_price"":""466.85"",""ask_price"":""471.20""},{""bid_quantity"":40,""ask_quantity"":40,""bid_orders"":1,""ask_orders"":1,""bid_price"":""466.80"",""ask_price"":""488.05""}]"
09:15:00.849,1790307900849561836,1025643403496263,Full Data,8,886924,372.20,40,09:15:00,368.48,1080,4180,16020,59380,"[{""bid_quantity"":120,""ask_quantity"":40,""bid_orders"":3,""ask_orders"":1,""bid_price"":""377.75"",""ask_price"":""386.65""},{""bid_quantity"":80,""ask_quantity"":500,""bid_orders"":1,""ask_orders"":1,""bid_price"":""377.70"",""ask_price"":""386.75""},{""bid_quantity"":80,""ask_quantity"":40,""bid_orders"":1,""ask_orders"":1,""bid_price"":""373.15"",""ask_price"":""389.95""},{""bid_quantity"":40,""ask_quantity"":140,""bid_orders"":1,""ask_orders"":1,""bid_price"":""372.95"",""ask_price"":""390.00""},{""bid_quantity"":480,""ask_quantity"":80,""bid_orders"":1,""ask_orders"":1,""bid_price"":""372.75"",""ask_price"":""396.05""}]"
09:15:00.902,1790307900902228453,1025643456162320,Full Data,8,886924,372.20,40,09:15:00,368.48,1080,4140,16020,59380,"[{""bid_quantity"":120,""ask_quantity"":40,""bid_orders"":3,""ask_orders"":1,""bid_price"":""377.75"",""ask_price"":""386.65""},{""bid_quantity"":80,""ask_quantity"":500,""bid_orders"":1,""ask_orders"":1,""bid_price"":""377.70"",""ask_price"":""386.75""},{""bid_quantity"":80,""ask_quantity"":40,""bid_orders"":1,""ask_orders"":1,""bid_price"":""373.15"",""ask_price"":""389.95""},{""bid_quantity"":40,""ask_quantity"":220,""bid_orders"":1,""ask_orders"":2,""bid_price"":""372.95"",""ask_price"":""390.00""},{""bid_quantity"":480,""ask_quantity"":40,""bid_orders"":1,""ask_orders"":1,""bid_price"":""372.75"",""ask_price"":""396.80""}]"
09:15:00.903,1790307900903512062,1025643457445809,Full Data,8,887036,0.00,0,00:00:00,0.00,0,4340,5080,155340,"[{""bid_quantity"":460,""ask_quantity"":260,""bid_orders"":6,""ask_orders"":5,""bid_price"":""538.70"",""ask_price"":""579.55""},{""bid_quantity"":40,""ask_quantity"":40,""bid_orders"":1,""ask_orders"":1,""bid_price"":""538.60"",""ask_price"":""579.65""},{""bid_quantity"":80,""ask_quantity"":100,""bid_orders"":2,""ask_orders"":1,""bid_price"":""538.15"",""ask_price"":""579.70""},{""bid_quantity"":100,""ask_quantity"":40,""bid_orders"":1,""ask_orders"":1,""bid_price"":""538.05"",""ask_price"":""579.80""},{""bid_quantity"":100,""ask_quantity"":40,""bid_orders"":1,""ask_orders"":1,""bid_price"":""537.20"",""ask_price"":""579.90""}]"
09:15:00.903,1790307900903618942,1025643457552609,Full Data,8,886872,297.20,20,09:15:00,293.28,1520,4680,11280,47980,"[{""bid_quantity"":80,""ask_quantity"":80,""bid_orders"":2,""ask_orders"":2,""bid_price"":""297.75"",""ask_price"":""301.95""},{""bid_quantity"":160,""ask_quantity"":1000,""bid_orders"":3,""ask_orders"":1,""bid_price"":""297.70"",""ask_price"":""302.00""},{""bid_quantity"":160,""ask_quantity"":340,""bid_orders"":1,""ask_orders"":1,""bid_price"":""297.65"",""ask_price"":""307.50""},{""bid_quantity"":580,""ask_quantity"":40,""bid_orders"":1,""ask_orders"":1,""bid_price"":""297.30"",""ask_price"":""311.95""},{""bid_quantity"":140,""ask_quantity"":340,""bid_orders"":2,""ask_orders"":1,""bid_price"":""296.60"",""ask_price"":""312.00""}]"
09:15:00.912,1790307900912260678,1025643466194425,Full Data,8,887036,0.00,0,00:00:00,0.00,0,4280,5280,155340,"[{""bid_quantity"":460,""ask_quantity"":40,""bid_orders"":6,""ask_orders"":1,""bid_price"":""538.70"",""ask_price"":""553.85""},{""bid_quantity"":40,""ask_quantity"":20,""bid_orders"":1,""ask_orders"":1,""bid_price"":""538.60"",""ask_price"":""553.90""},{""bid_quantity"":380,""ask_quantity"":40,""bid_orders"":1,""ask_orders"":1,""bid_price"":""538.35"",""ask_price"":""555.00""},{""bid_quantity"":80,""ask_quantity"":20,""bid_orders"":2,""ask_orders"":1,""bid_price"":""538.15"",""ask_price"":""557.95""},{""bid_quantity"":100,""ask_quantity"":40,""bid_orders"":1,""ask_orders"":1,""bid_price"":""538.05"",""ask_price"":""558.90""}]"
09:15:00.936,1790307900936936476,1025643490870383,Full Data,8,886872,297.20,20,09:15:00,293.28,1520,4680,11360,47980,"[{""bid_quantity"":100,""ask_quantity"":80,""bid_orders"":3,""ask_orders"":2,""bid_price"":""297.85"",""ask_price"":""301.95""},{""bid_quantity"":120,""ask_quantity"":1000,""bid_orders"":2,""ask_orders"":1,""bid_price"":""297.80"",""ask_price"":""302.00""},{""bid_quantity"":80,""ask_quantity"":340,""bid_orders"":2,""ask_orders"":1,""bid_price"":""297.75"",""ask_price"":""307.50""},{""bid_quantity"":160,""ask_quantity"":40,""bid_orders"":3,""ask_orders"":1,""bid_price"":""297.70"",""ask_price"":""311.95""},{""bid_quantity"":160,""ask_quantity"":340,""bid_orders"":1,""ask_orders"":1,""bid_price"":""297.65"",""ask_price"":""312.00""}]"
09:15:01.061,1790307901061599554,1025643615533661,Full Data,8,886805,575.35,20,09:15:00,624.35,1700,3620,10300,42420,"[{""bid_quantity"":20,""ask_quantity"":480,""bid_orders"":1,""ask_orders"":8,""bid_price"":""575.30"",""ask_price"":""585.00""},{""bid_quantity"":20,""ask_quantity"":40,""bid_orders"":1,""ask_orders"":1,""bid_price"":""561.65"",""ask_price"":""585.05""},{""bid_quantity"":20,""ask_quantity"":380,""bid_orders"":1,""ask_orders"":1,""bid_price"":""561.50"",""ask_price"":""587.50""},{""bid_quantity"":60,""ask_quantity"":20,""bid_orders"":2,""ask_orders"":1,""bid_price"":""561.45"",""ask_price"":""587.55""},{""bid_quantity"":40,""ask_quantity"":140,""bid_orders"":2,""ask_orders"":1,""bid_price"":""558.25"",""ask_price"":""588.00""}]"
09:15:01.153,1790307901153513703,1025643707447850,Full Data,8,886572,520.65,20,09:15:00,554.30,1960,5140,84020,92640,"[{""bid_quantity"":200,""ask_quantity"":280,""bid_orders"":4,""ask_orders"":6,""bid_price"":""507.35"",""ask_price"":""519.75""},{""bid_quantity"":600,""ask_quantity"":40,""bid_orders"":1,""ask_orders"":2,""bid_price"":""507.30"",""ask_price"":""519.80""},{""bid_quantity"":100,""ask_quantity"":60,""bid_orders"":1,""ask_orders"":2,""bid_price"":""507.20"",""ask_price"":""519.85""},{""bid_quantity"":40,""ask_quantity"":20,""bid_orders"":2,""ask_orders"":1,""bid_price"":""506.75"",""ask_price"":""520.15""},{""bid_quantity"":400,""ask_quantity"":20,""bid_orders"":1,""ask_orders"":1,""bid_price"":""506.35"",""ask_price"":""520.60""}]"
09:15:01.191,1790307901191308905,1025643745242812,Full Data,8,886572,510.55,20,09:15:00,552.94,2020,5020,83280,92640,"[{""bid_quantity"":200,""ask_quantity"":40,""bid_orders"":4,""ask_orders"":1,""bid_price"":""507.35"",""ask_price"":""511.25""},{""bid_quantity"":40,""ask_quantity"":20,""bid_orders"":2,""ask_orders"":1,""bid_price"":""506.75"",""ask_price"":""511.30""},{""bid_quantity"":20,""ask_quantity"":20,""bid_orders"":1,""ask_orders"":1,""bid_price"":""506.45"",""ask_price"":""511.35""},{""bid_quantity"":20,""ask_quantity"":40,""bid_orders"":1,""ask_orders"":1,""bid_price"":""506.40"",""ask_price"":""511.85""},{""bid_quantity"":400,""ask_quantity"":40,""bid_orders"":1,""ask_orders"":1,""bid_price"":""506.35"",""ask_price"":""511.90""}]"
09:15:01.255,1790307901255540197,1025643809474144,Full Data,8,886747,682.10,20,09:15:00,702.65,500,4160,2060,5900,"[{""bid_quantity"":60,""ask_quantity"":60,""bid_orders"":2,""ask_orders"":2,""bid_price"":""673.85"",""ask_price"":""682.15""},{""bid_quantity"":40,""ask_quantity"":80,""bid_orders"":2,""ask_orders"":1,""bid_price"":""673.80"",""ask_price"":""682.20""},{""bid_quantity"":20,""ask_quantity"":20,""bid_orders"":1,""ask_orders"":1,""bid_price"":""673.75"",""ask_price"":""692.30""},{""bid_quantity"":20,""ask_quantity"":20,""bid_orders"":1,""ask_orders"":1,""bid_price"":""673.70"",""ask_price"":""693.85""},{""bid_quantity"":40,""ask_quantity"":340,""bid_orders"":2,""ask_orders"":1,""bid_price"":""673.60"",""ask_price"":""693.90""}]"
09:15:01.306,1790307901306609124,1025643860543031,Full Data,8,886747,673.90,20,09:15:00,698.68,580,2800,1980,5900,"[{""bid_quantity"":20,""ask_quantity"":80,""bid_orders"":1,""ask_orders"":3,""bid_price"":""673.90"",""ask_price"":""691.65""},{""bid_quantity"":20,""ask_quantity"":180,""bid_orders"":1,""ask_orders"":2,""bid_price"":""673.85"",""ask_price"":""691.75""},{""bid_quantity"":20,""ask_quantity"":200,""bid_orders"":1,""ask_orders"":2,""bid_price"":""673.80"",""ask_price"":""691.80""},{""bid_quantity"":20,""ask_quantity"":20,""bid_orders"":1,""ask_orders"":1,""bid_price"":""673.75"",""ask_price"":""691.85""},{""bid_quantity"":20,""ask_quantity"":20,""bid_orders"":1,""ask_orders"":1,""bid_price"":""673.70"",""ask_price"":""691.95""}]"
09:15:01.341,1790307901341230786,1025643895164613,Full Data,8,886776,0.00,0,00:00:00,0.00,0,3400,7400,67800,"[{""bid_quantity"":80,""ask_quantity"":280,""bid_orders"":2,""ask_orders"":6,""bid_price"":""504.75"",""ask_price"":""544.15""},{""bid_quantity"":20,""ask_quantity"":120,""bid_orders"":1,""ask_orders"":1,""bid_price"":""504.70"",""ask_price"":""544.20""},{""bid_quantity"":40,""ask_quantity"":440,""bid_orders"":1,""ask_orders"":2,""bid_price"":""504.65"",""ask_price"":""544.25""},{""bid_quantity"":60,""ask_quantity"":100,""bid_orders"":2,""ask_orders"":1,""bid_price"":""504.60"",""ask_price"":""544.80""},{""bid_quantity"":20,""ask_quantity"":40,""bid_orders"":1,""ask_orders"":1,""bid_price"":""504.50"",""ask_price"":""545.30""}]"
09:15:01.346,1790307901346030256,1025643899964123,Full Data,8,886849,460.25,40,09:15:01,491.56,1980,5880,6080,167000,"[{""bid_quantity"":60,""ask_quantity"":120,""bid_orders"":3,""ask_orders"":3,""bid_price"":""460.95"",""ask_price"":""464.15""},{""bid_quantity"":20,""ask_quantity"":40,""bid_orders"":1,""ask_orders"":1,""bid_price"":""460.80"",""ask_price"":""465.00""},{""bid_quantity"":20,""ask_quantity"":20,""bid_orders"":1,""ask_orders"":1,""bid_price"":""460.75"",""ask_price"":""465.05""},{""bid_quantity"":20,""ask_quantity"":40,""bid_orders"":1,""ask_orders"":1,""bid_price"":""460.60"",""ask_price"":""467.90""},{""bid_quantity"":20,""ask_quantity"":100,""bid_orders"":1,""ask_orders"":1,""bid_price"":""460.55"",""ask_price"":""468.00""}]"
09:15:01.352,1790307901352661419,1025643906595286,Full Data,8,886951,780.00,20,09:15:00,780.05,60,1780,2120,6000,"[{""bid_quantity"":40,""ask_quantity"":20,""bid_orders"":2,""ask_orders"":1,""bid_price"":""726.95"",""ask_price"":""795.15""},{""bid_quantity"":80,""ask_quantity"":60,""bid_orders"":4,""ask_orders"":2,""bid_price"":""726.90"",""ask_price"":""795.20""},{""bid_quantity"":320,""ask_quantity"":20,""bid_orders"":1,""ask_orders"":1,""bid_price"":""707.25"",""ask_price"":""795.45""},{""bid_quantity"":20,""ask_quantity"":20,""bid_orders"":1,""ask_orders"":1,""bid_price"":""682.75"",""ask_price"":""795.75""},{""bid_quantity"":100,""ask_quantity"":20,""bid_orders"":1,""ask_orders"":1,""bid_price"":""682.65"",""ask_price"":""796.05""}]"
09:15:01.379,1790307901379108148,1025643933041975,Full Data,8,886692,0.00,0,00:00:00,0.00,0,1080,840,4500,"[{""bid_quantity"":60,""ask_quantity"":20,""bid_orders"":2,""ask_orders"":1,""bid_price"":""710.85"",""ask_price"":""818.35""},{""bid_quantity"":300,""ask_quantity"":40,""bid_orders"":1,""ask_orders"":1,""bid_price"":""698.65"",""ask_price"":""818.40""},{""bid_quantity"":20,""ask_quantity"":20,""bid_orders"":1,""ask_orders"":1,""bid_price"":""605.05"",""ask_price"":""863.10""},{""bid_quantity"":300,""ask_quantity"":300,""bid_orders"":15,""ask_orders"":1,""bid_price"":""537.95"",""ask_price"":""863.15""},{""bid_quantity"":100,""ask_quantity"":20,""bid_orders"":2,""ask_orders"":1,""bid_price"":""500.00"",""ask_price"":""1058.70""}]"
09:15:01.381,1790307901381854686,1025643935788513,Full Data,8,886849,482.85,20,09:15:01,489.54,2180,4820,6840,167000,"[{""bid_quantity"":40,""ask_quantity"":60,""bid_orders"":1,""ask_orders"":2,""bid_price"":""473.50"",""ask_price"":""482.40""},{""bid_quantity"":60,""ask_quantity"":20,""bid_orders"":3,""ask_orders"":1,""bid_price"":""473.45"",""ask_price"":""482.45""},{""bid_quantity"":40,""ask_quantity"":40,""bid_orders"":1,""ask_orders"":1,""bid_price"":""473.40"",""ask_price"":""482.50""},{""bid_quantity"":20,""ask_quantity"":20,""bid_orders"":1,""ask_orders"":1,""bid_price"":""473.35"",""ask_price"":""482.55""},{""bid_quantity"":20,""ask_quantity"":20,""bid_orders"":1,""ask_orders"":1,""bid_price"":""473.25"",""ask_price"":""482.65""}]"
09:15:01.386,1790307901386855438,1025643940789225,Full Data,8,886951,794.50,20,09:15:01,783.66,80,2640,3060,6000,"[{""bid_quantity"":20,""ask_quantity"":40,""bid_orders"":1,""ask_orders"":1,""bid_price"":""750.35"",""ask_price"":""771.70""},{""bid_quantity"":60,""ask_quantity"":160,""bid_orders"":1,""ask_orders"":1,""bid_price"":""750.30"",""ask_price"":""771.75""},{""bid_quantity"":60,""ask_quantity"":160,""bid_orders"":1,""ask_orders"":1,""bid_price"":""750.20"",""ask_price"":""773.00""},{""bid_quantity"":60,""ask_quantity"":160,""bid_orders"":1,""ask_orders"":1,""bid_price"":""750.00"",""ask_price"":""773.30""},{""bid_quantity"":60,""ask_quantity"":160,""bid_orders"":1,""ask_orders"":1,""bid_price"":""749.85"",""ask_price"":""773.55""}]"
09:15:01.388,1790307901388552929,1025643942486676,Full Data,8,886692,0.00,0,00:00:00,0.00,0,1120,880,4500,"[{""bid_quantity"":60,""ask_quantity"":40,""bid_orders"":2,""ask_orders"":1,""bid_price"":""710.95"",""ask_price"":""842.05""},{""bid_quantity"":300,""ask_quantity"":20,""bid_orders"":1,""ask_orders"":1,""bid_price"":""698.65"",""ask_price"":""842.10""},{""bid_quantity"":40,""ask_quantity"":20,""bid_orders"":1,""ask_orders"":1,""bid_price"":""697.45"",""ask_price"":""862.55""},{""bid_quantity"":20,""ask_quantity"":300,""bid_orders"":1,""ask_orders"":1,""bid_price"":""605.05"",""ask_price"":""888.40""},{""bid_quantity"":300,""ask_quantity"":40,""bid_orders"":15,""ask_orders"":1,""bid_price"":""537.95"",""ask_price"":""932.65""}]"
09:15:01.401,1790307901401875454,1025643955809321,Full Data,8,887124,329.25,20,09:15:01,331.48,2040,7600,15300,64860,"[{""bid_quantity"":80,""ask_quantity"":480,""bid_orders"":2,""ask_orders"":1,""bid_price"":""330.50"",""ask_price"":""336.75""},{""bid_quantity"":40,""ask_quantity"":40,""bid_orders"":1,""ask_orders"":1,""bid_price"":""330.45"",""ask_price"":""336.80""},{""bid_quantity"":60,""ask_quantity"":120,""bid_orders"":2,""ask_orders"":1,""bid_price"":""330.40"",""ask_price"":""336.90""},{""bid_quantity"":20,""ask_quantity"":60,""bid_orders"":1,""ask_orders"":2,""bid_price"":""330.35"",""ask_price"":""337.20""},{""bid_quantity"":20,""ask_quantity"":80,""bid_orders"":1,""ask_orders"":1,""bid_price"":""330.15"",""ask_price"":""337.75""}]"
09:15:01.402,1790307901402250457,1025643956184204,Full Data,8,886718,413.65,200,09:15:01,417.20,14960,9020,21260,276660,"[{""bid_quantity"":40,""ask_quantity"":20,""bid_orders"":1,""ask_orders"":1,""bid_price"":""410.40"",""ask_price"":""412.30""},{""bid_quantity"":40,""ask_quantity"":20,""bid_orders"":1,""ask_orders"":1,""bid_price"":""410.35"",""ask_price"":""412.35""},{""bid_quantity"":20,""ask_quantity"":20,""bid_orders"":1,""ask_orders"":1,""bid_price"":""410.30"",""ask_price"":""412.40""},{""bid_quantity"":40,""ask_quantity"":20,""bid_orders"":1,""ask_orders"":1,""bid_price"":""410.20"",""ask_price"":""412.50""},{""bid_quantity"":20,""ask_quantity"":20,""bid_orders"":1,""ask_orders"":1,""bid_price"":""410.15"",""ask_price"":""412.55""}]"
09:15:01.439,1790307901439010332,1025643992944119,Full Data,8,887017,640.70,20,09:15:01,650.29,13400,5420,31160,74320,"[{""bid_quantity"":20,""ask_quantity"":40,""bid_orders"":1,""ask_orders"":1,""bid_price"":""641.75"",""ask_price"":""649.75""},{""bid_quantity"":80,""ask_quantity"":20,""bid_orders"":2,""ask_orders"":1,""bid_price"":""641.70"",""ask_price"":""649.80""},{""bid_quantity"":20,""ask_quantity"":20,""bid_orders"":1,""ask_orders"":1,""bid_price"":""641.65"",""ask_price"":""649.85""},{""bid_quantity"":40,""ask_quantity"":20,""bid_orders"":1,""ask_orders"":1,""bid_price"":""641.60"",""ask_price"":""649.90""},{""bid_quantity"":20,""ask_quantity"":40,""bid_orders"":1,""ask_orders"":2,""bid_price"":""641.55"",""ask_price"":""650.00""}]"
09:15:01.440,1790307901440987385,1025643994921172,Full Data,8,887124,329.25,20,09:15:01,331.48,2040,7500,12760,64860,"[{""bid_quantity"":80,""ask_quantity"":540,""bid_orders"":2,""ask_orders"":4,""bid_price"":""326.10"",""ask_price"":""333.20""},{""bid_quantity"":80,""ask_quantity"":20,""bid_orders"":3,""ask_orders"":1,""bid_price"":""326.05"",""ask_price"":""333.25""},{""bid_quantity"":40,""ask_quantity"":20,""bid_orders"":1,""ask_orders"":1,""bid_price"":""324.40"",""ask_price"":""333.40""},{""bid_quantity"":20,""ask_quantity"":20,""bid_orders"":1,""ask_orders"":1,""bid_price"":""322.25"",""ask_price"":""333.60""},{""bid_quantity"":540,""ask_quantity"":20,""bid_orders"":1,""ask_orders"":1,""bid_price"":""322.20"",""ask_price"":""333.65""}]"
09:15:01.443,1790307901443971244,1025643997904991,Full Data,8,887017,634.05,20,09:15:01,649.93,13960,5900,28280,74320,"[{""bid_quantity"":40,""ask_quantity"":20,""bid_orders"":1,""ask_orders"":1,""bid_price"":""626.90"",""ask_price"":""635.35""},{""bid_quantity"":20,""ask_quantity"":60,""bid_orders"":1,""ask_orders"":3,""bid_price"":""626.85"",""ask_price"":""635.40""},{""bid_quantity"":40,""ask_quantity"":20,""bid_orders"":1,""ask_orders"":1,""bid_price"":""626.80"",""ask_price"":""635.45""},{""bid_quantity"":20,""ask_quantity"":20,""bid_orders"":1,""ask_orders"":1,""bid_price"":""626.65"",""ask_price"":""635.55""},{""bid_quantity"":40,""ask_quantity"":20,""bid_orders"":1,""ask_orders"":1,""bid_price"":""626.45"",""ask_price"":""635.65""}]"
09:15:01.584,1790307901584944667,1025644138878894,Full Data,8,886981,459.55,20,09:15:01,465.14,3380,6360,31680,63920,"[{""bid_quantity"":640,""ask_quantity"":20,""bid_orders"":2,""ask_orders"":1,""bid_price"":""451.85"",""ask_price"":""457.20""},{""bid_quantity"":40,""ask_quantity"":40,""bid_orders"":1,""ask_orders"":2,""bid_price"":""451.80"",""ask_price"":""457.25""},{""bid_quantity"":240,""ask_quantity"":20,""bid_orders"":1,""ask_orders"":1,""bid_price"":""451.10"",""ask_price"":""457.30""},{""bid_quantity"":40,""ask_quantity"":20,""bid_orders"":1,""ask_orders"":1,""bid_price"":""448.70"",""ask_price"":""457.35""},{""bid_quantity"":20,""ask_quantity"":20,""bid_orders"":1,""ask_orders"":1,""bid_price"":""448.00"",""ask_price"":""457.50""}]"
09:15:01.610,1790307901610487630,1025644164421857,Ticker Data,0,51,73544.01,,09:15:01,,,,,,
09:15:01.663,1790307901663241728,1025644217176075,Full Data,8,886924,367.10,80,09:15:01,374.61,2200,7560,16840,59380,"[{""bid_quantity"":60,""ask_quantity"":20,""bid_orders"":2,""ask_orders"":1,""bid_price"":""363.75"",""ask_price"":""368.45""},{""bid_quantity"":360,""ask_quantity"":80,""bid_orders"":3,""ask_orders"":2,""bid_price"":""363.70"",""ask_price"":""374.10""},{""bid_quantity"":20,""ask_quantity"":20,""bid_orders"":1,""ask_orders"":1,""bid_price"":""363.65"",""ask_price"":""374.15""},{""bid_quantity"":40,""ask_quantity"":500,""bid_orders"":2,""ask_orders"":1,""bid_price"":""363.60"",""ask_price"":""376.55""},{""bid_quantity"":40,""ask_quantity"":20,""bid_orders"":2,""ask_orders"":1,""bid_price"":""363.55"",""ask_price"":""377.15""}]"
09:15:01.681,1790307901681752727,1025644235686554,Full Data,8,886924,367.10,80,09:15:01,374.61,2200,7560,16920,59380,"[{""bid_quantity"":60,""ask_quantity"":20,""bid_orders"":2,""ask_orders"":1,""bid_price"":""363.80"",""ask_price"":""368.45""},{""bid_quantity"":80,""ask_quantity"":40,""bid_orders"":3,""ask_orders"":1,""bid_price"":""363.75"",""ask_price"":""374.10""},{""bid_quantity"":360,""ask_quantity"":20,""bid_orders"":3,""ask_orders"":1,""bid_price"":""363.70"",""ask_price"":""374.15""},{""bid_quantity"":20,""ask_quantity"":40,""bid_orders"":1,""ask_orders"":1,""bid_price"":""363.65"",""ask_price"":""376.50""},{""bid_quantity"":360,""ask_quantity"":500,""bid_orders"":3,""ask_orders"":1,""bid_price"":""363.60"",""ask_price"":""376.55""}]"
09:15:01.716,1790307901716179787,1025644270113734,Full Data,8,887036,543.75,20,09:15:01,555.35,960,4780,5960,155340,"[{""bid_quantity"":20,""ask_quantity"":80,""bid_orders"":1,""ask_orders"":2,""bid_price"":""545.95"",""ask_price"":""550.45""},{""bid_quantity"":60,""ask_quantity"":20,""bid_orders"":2,""ask_orders"":1,""bid_price"":""545.40"",""ask_price"":""550.50""},{""bid_quantity"":40,""ask_quantity"":40,""bid_orders"":1,""ask_orders"":1,""bid_price"":""545.35"",""ask_price"":""550.55""},{""bid_quantity"":320,""ask_quantity"":20,""bid_orders"":4,""ask_orders"":1,""bid_price"":""541.30"",""ask_price"":""550.60""},{""bid_quantity"":20,""ask_quantity"":20,""bid_orders"":1,""ask_orders"":1,""bid_price"":""537.25"",""ask_price"":""550.70""}]"
09:15:01.719,1790307901719483129,1025644273416916,Full Data,8,886872,298.75,140,09:15:01,300.45,5580,5580,12940,47980,"[{""bid_quantity"":120,""ask_quantity"":40,""bid_orders"":3,""ask_orders"":1,""bid_price"":""291.40"",""ask_price"":""297.25""},{""bid_quantity"":480,""ask_quantity"":100,""bid_orders"":1,""ask_orders"":2,""bid_price"":""291.35"",""ask_price"":""297.30""},{""bid_quantity"":100,""ask_quantity"":60,""bid_orders"":2,""ask_orders"":1,""bid_price"":""291.30"",""ask_price"":""297.35""},{""bid_quantity"":100,""ask_quantity"":100,""bid_orders"":2,""ask_orders"":2,""bid_price"":""291.25"",""ask_price"":""297.40""},{""bid_quantity"":100,""ask_quantity"":40,""bid_orders"":2,""ask_orders"":1,""bid_price"":""291.10"",""ask_price"":""297.60""}]"
09:15:01.765,1790307901765464103,1025644319397970,Full Data,8,887036,556.25,60,09:15:01,555.40,1020,5620,6140,155340,"[{""bid_quantity"":20,""ask_quantity"":40,""bid_orders"":1,""ask_orders"":1,""bid_price"":""545.95"",""ask_price"":""551.25""},{""bid_quantity"":40,""ask_quantity"":160,""bid_orders"":1,""ask_orders"":2,""bid_price"":""545.90"",""ask_price"":""551.30""},{""bid_quantity"":20,""ask_quantity"":20,""bid_orders"":1,""ask_orders"":1,""bid_price"":""545.85"",""ask_price"":""551.65""},{""bid_quantity"":40,""ask_quantity"":20,""bid_orders"":1,""ask_orders"":1,""bid_price"":""545.80"",""ask_price"":""551.75""},{""bid_quantity"":20,""ask_quantity"":20,""bid_orders"":1,""ask_orders"":1,""bid_price"":""545.75"",""ask_price"":""551.85""}]"
09:15:01.766,1790307901766914472,1025644320848299,Full Data,8,886872,298.75,140,09:15:01,300.45,5580,5340,13400,47980,"[{""bid_quantity"":120,""ask_quantity"":780,""bid_orders"":3,""ask_orders"":5,""bid_price"":""291.60"",""ask_price"":""299.70""},{""bid_quantity"":700,""ask_quantity"":60,""bid_orders"":3,""ask_orders"":1,""bid_price"":""291.55"",""ask_price"":""299.75""},{""bid_quantity"":80,""ask_quantity"":40,""bid_orders"":2,""ask_orders"":1,""bid_price"":""291.50"",""ask_price"":""299.80""},{""bid_quantity"":100,""ask_quantity"":60,""bid_orders"":2,""ask_orders"":1,""bid_price"":""291.40"",""ask_price"":""299.95""},{""bid_quantity"":100,""ask_quantity"":40,""bid_orders"":2,""ask_orders"":1,""bid_price"":""291.30"",""ask_price"":""300.00""}]"
09:15:01.817,1790307901817548037,1025644371482144,Full Data,8,886805,576.10,180,09:15:01,600.52,3340,5780,11120,42420,"[{""bid_quantity"":20,""ask_quantity"":80,""bid_orders"":1,""ask_orders"":3,""bid_price"":""570.85"",""ask_price"":""579.30""},{""bid_quantity"":40,""ask_quantity"":20,""bid_orders"":2,""ask_orders"":1,""bid_price"":""570.80"",""ask_price"":""579.35""},{""bid_quantity"":20,""ask_quantity"":40,""bid_orders"":1,""ask_orders"":2,""bid_price"":""570.65"",""ask_price"":""579.40""},{""bid_quantity"":20,""ask_quantity"":40,""bid_orders"":1,""ask_orders"":2,""bid_price"":""570.55"",""ask_price"":""579.50""},{""bid_quantity"":340,""ask_quantity"":400,""bid_orders"":1,""ask_orders"":4,""bid_price"":""569.80"",""ask_price"":""579.55""}]"
09:15:01.883,1790307901883877302,1025644437811369,Full Data,8,886805,576.10,180,09:15:01,600.52,3340,7340,13300,42420,"[{""bid_quantity"":220,""ask_quantity"":280,""bid_orders"":5,""ask_orders"":7,""bid_price"":""570.70"",""ask_price"":""576.50""},{""bid_quantity"":360,""ask_quantity"":20,""bid_orders"":1,""ask_orders"":1,""bid_price"":""569.65"",""ask_price"":""576.55""},{""bid_quantity"":80,""ask_quantity"":20,""bid_orders"":2,""ask_orders"":1,""bid_price"":""564.80"",""ask_price"":""576.60""},{""bid_quantity"":20,""ask_quantity"":20,""bid_orders"":1,""ask_orders"":1,""bid_price"":""564.75"",""ask_price"":""576.65""},{""bid_quantity"":140,""ask_quantity"":20,""bid_orders"":1,""ask_orders"":1,""bid_price"":""564.00"",""ask_price"":""576.70""}]"
09:15:01.884,1790307901884479226,1025644438413053,Full Data,8,886572,526.65,20,09:15:01,538.90,3280,8280,88700,92640,"[{""bid_quantity"":20,""ask_quantity"":160,""bid_orders"":1,""ask_orders"":2,""bid_price"":""516.60"",""ask_price"":""519.75""},{""bid_quantity"":20,""ask_quantity"":20,""bid_orders"":1,""ask_orders"":1,""bid_price"":""516.55"",""ask_price"":""519.80""},{""bid_quantity"":40,""ask_quantity"":20,""bid_orders"":1,""ask_orders"":1,""bid_price"":""516.20"",""ask_price"":""520.25""},{""bid_quantity"":120,""ask_quantity"":40,""bid_orders"":1,""ask_orders"":1,""bid_price"":""516.10"",""ask_price"":""524.75""},{""bid_quantity"":400,""ask_quantity"":80,""bid_orders"":1,""ask_orders"":2,""bid_price"":""514.95"",""ask_price"":""524.80""}]"
09:15:01.942,1790307901942653118,1025644496587065,Full Data,8,886572,526.65,20,09:15:01,538.90,3280,8660,88780,92640,"[{""bid_quantity"":20,""ask_quantity"":240,""bid_orders"":1,""ask_orders"":4,""bid_price"":""512.65"",""ask_price"":""517.00""},{""bid_quantity"":40,""ask_quantity"":40,""bid_orders"":2,""ask_orders"":1,""bid_price"":""512.60"",""ask_price"":""517.10""},{""bid_quantity"":20,""ask_quantity"":20,""bid_orders"":1,""ask_orders"":1,""bid_price"":""512.50"",""ask_price"":""517.95""},{""bid_quantity"":20,""ask_quantity"":20,""bid_orders"":1,""ask_orders"":1,""bid_price"":""512.40"",""ask_price"":""519.55""},{""bid_quantity"":20,""ask_quantity"":20,""bid_orders"":1,""ask_orders"":1,""bid_price"":""512.30"",""ask_price"":""519.65""}]"
09:15:01.976,1790307901976520695,1025644530454602,Full Data,8,886747,682.65,20,09:15:01,696.02,1200,5880,6080,5900,"[{""bid_quantity"":60,""ask_quantity"":80,""bid_orders"":3,""ask_orders"":3,""bid_price"":""675.50"",""ask_price"":""689.85""},{""bid_quantity"":340,""ask_quantity"":20,""bid_orders"":1,""ask_orders"":1,""bid_price"":""675.45"",""ask_price"":""689.95""},{""bid_quantity"":40,""ask_quantity"":20,""bid_orders"":2,""ask_orders"":1,""bid_price"":""675.40"",""ask_price"":""690.05""},{""bid_quantity"":40,""ask_quantity"":20,""bid_orders"":2,""ask_orders"":1,""bid_price"":""675.30"",""ask_price"":""690.15""},{""bid_quantity"":20,""ask_quantity"":20,""bid_orders"":1,""ask_orders"":1,""bid_price"":""675.20"",""ask_price"":""690.25""}]"
09:15:02.019,1790307902019104768,1025644573038755,Full Data,8,886747,682.65,20,09:15:01,696.02,1200,4460,4200,5900,"[{""bid_quantity"":20,""ask_quantity"":40,""bid_orders"":1,""ask_orders"":2,""bid_price"":""676.15"",""ask_price"":""698.45""},{""bid_quantity"":60,""ask_quantity"":20,""bid_orders"":3,""ask_orders"":1,""bid_price"":""676.10"",""ask_price"":""698.50""},{""bid_quantity"":40,""ask_quantity"":80,""bid_orders"":2,""ask_orders"":3,""bid_price"":""676.05"",""ask_price"":""698.55""},{""bid_quantity"":20,""ask_quantity"":20,""bid_orders"":1,""ask_orders"":1,""bid_price"":""676.00"",""ask_price"":""698.60""},{""bid_quantity"":20,""ask_quantity"":160,""bid_orders"":1,""ask_orders"":5,""bid_price"":""675.95"",""ask_price"":""698.65""}]"
09:15:02.076,1790307902076166453,1025644630100760,Full Data,8,886776,496.20,40,09:15:01,503.47,200,4500,86240,67800,"[{""bid_quantity"":20,""ask_quantity"":80,""bid_orders"":1,""ask_orders"":3,""bid_price"":""499.35"",""ask_price"":""503.50""},{""bid_quantity"":180,""ask_quantity"":20,""bid_orders"":3,""ask_orders"":1,""bid_price"":""499.25"",""ask_price"":""503.55""},{""bid_quantity"":40,""ask_quantity"":20,""bid_orders"":1,""ask_orders"":1,""bid_price"":""496.45"",""ask_price"":""503.60""},{""bid_quantity"":80,""ask_quantity"":40,""bid_orders"":1,""ask_orders"":1,""bid_price"":""496.00"",""ask_price"":""503.75""},{""bid_quantity"":80,""ask_quantity"":20,""bid_orders"":1,""ask_orders"":1,""bid_price"":""494.45"",""ask_price"":""503.80""}]"
09:15:02.221,1790307902221181102,1025644775115329,Full Data,8,886849,466.70,40,09:15:02,478.80,4240,7520,8800,167000,"[{""bid_quantity"":40,""ask_quantity"":20,""bid_orders"":1,""ask_orders"":1,""bid_price"":""466.30"",""ask_price"":""467.85""},{""bid_quantity"":20,""ask_quantity"":60,""bid_orders"":1,""ask_orders"":2,""bid_price"":""466.15"",""ask_price"":""468.05""},{""bid_quantity"":20,""ask_quantity"":20,""bid_orders"":1,""ask_orders"":1,""bid_price"":""466.10"",""ask_price"":""468.10""},{""bid_quantity"":20,""ask_quantity"":120,""bid_orders"":1,""ask_orders"":1,""bid_price"":""465.90"",""ask_price"":""468.15""},{""bid_quantity"":40,""ask_quantity"":20,""bid_orders"":2,""ask_orders"":1,""bid_price"":""465.80"",""ask_price"":""468.60""}]"
09:15:02.245,1790307902245871300,1025644799805447,Full Data,8,886951,742.10,20,09:15:02,775.35,100,3460,4360,6000,"[{""bid_quantity"":40,""ask_quantity"":40,""bid_orders"":2,""ask_orders"":1,""bid_price"":""741.65"",""ask_price"":""754.35""},{""bid_quantity"":20,""ask_quantity"":40,""bid_orders"":1,""ask_orders"":2,""bid_price"":""741.60"",""ask_price"":""754.40""},{""bid_quantity"":320,""ask_quantity"":20,""bid_orders"":1,""ask_orders"":1,""bid_price"":""741.50"",""ask_price"":""754.50""},{""bid_quantity"":40,""ask_quantity"":20,""bid_orders"":1,""ask_orders"":1,""bid_price"":""728.95"",""ask_price"":""754.60""},{""bid_quantity"":120,""ask_quantity"":20,""bid_orders"":3,""ask_orders"":1,""bid_price"":""728.90"",""ask_price"":""754.70""}]"
09:15:02.248,1790307902248332396,1025644802266223,Full Data,8,886692,809.20,20,09:15:02,817.29,100,2080,1620,4500,"[{""bid_quantity"":40,""ask_quantity"":20,""bid_orders"":1,""ask_orders"":1,""bid_price"":""803.50"",""ask_price"":""825.45""},{""bid_quantity"":20,""ask_quantity"":20,""bid_orders"":1,""ask_orders"":1,""bid_price"":""803.45"",""ask_price"":""825.50""},{""bid_quantity"":20,""ask_quantity"":20,""bid_orders"":1,""ask_orders"":1,""bid_price"":""803.40"",""ask_price"":""827.00""},{""bid_quantity"":20,""ask_quantity"":20,""bid_orders"":1,""ask_orders"":1,""bid_price"":""803.35"",""ask_price"":""827.75""},{""bid_quantity"":20,""ask_quantity"":40,""bid_orders"":1,""ask_orders"":1,""bid_price"":""803.15"",""ask_price"":""828.10""}]"
09:15:02.293,1790307902293087843,1025644847022070,Full Data,8,886718,409.55,100,09:15:02,416.08,20400,9320,26640,276660,"[{""bid_quantity"":140,""ask_quantity"":40,""bid_orders"":2,""ask_orders"":1,""bid_price"":""409.20"",""ask_price"":""411.05""},{""bid_quantity"":120,""ask_quantity"":20,""bid_orders"":1,""ask_orders"":1,""bid_price"":""409.15"",""ask_price"":""411.10""},{""bid_quantity"":40,""ask_quantity"":20,""bid_orders"":1,""ask_orders"":1,""bid_price"":""406.70"",""ask_price"":""411.25""},{""bid_quantity"":100,""ask_quantity"":20,""bid_orders"":1,""ask_orders"":1,""bid_price"":""406.60"",""ask_price"":""411.45""},{""bid_quantity"":100,""ask_quantity"":20,""bid_orders"":1,""ask_orders"":1,""bid_price"":""406.45"",""ask_price"":""411.55""}]"
09:15:02.316,1790307902316528473,1025644870462340,Full Data,8,886849,467.50,20,09:15:02,478.40,4400,7340,7900,167000,"[{""bid_quantity"":20,""ask_quantity"":40,""bid_orders"":1,""ask_orders"":1,""bid_price"":""467.25"",""ask_price"":""467.85""},{""bid_quantity"":40,""ask_quantity"":20,""bid_orders"":2,""ask_orders"":1,""bid_price"":""465.80"",""ask_price"":""467.90""},{""bid_quantity"":40,""ask_quantity"":20,""bid_orders"":1,""ask_orders"":1,""bid_price"":""464.20"",""ask_price"":""468.05""},{""bid_quantity"":40,""ask_quantity"":20,""bid_orders"":1,""ask_orders"":1,""bid_price"":""464.15"",""ask_price"":""468.10""},{""bid_quantity"":420,""ask_quantity"":40,""bid_orders"":1,""ask_orders"":1,""bid_price"":""463.10"",""ask_price"":""468.25""}]"
09:15:02.316,1790307902316661274,1025644870594901,Full Data,8,886951,752.60,20,09:15:02,763.92,200,3200,4700,6000,"[{""bid_quantity"":40,""ask_quantity"":20,""bid_orders"":1,""ask_orders"":1,""bid_price"":""745.70"",""ask_price"":""752.80""},{""bid_quantity"":20,""ask_quantity"":20,""bid_orders"":1,""ask_orders"":1,""bid_price"":""745.65"",""ask_price"":""753.00""},{""bid_quantity"":20,""ask_quantity"":20,""bid_orders"":1,""ask_orders"":1,""bid_price"":""745.30"",""ask_price"":""753.10""},{""bid_quantity"":20,""ask_quantity"":20,""bid_orders"":1,""ask_orders"":1,""bid_price"":""745.20"",""ask_price"":""753.20""},{""bid_quantity"":20,""ask_quantity"":20,""bid_orders"":1,""ask_orders"":1,""bid_price"":""745.10"",""ask_price"":""753.30""}]"
09:15:02.325,1790307902325539091,1025644879472998,Full Data,8,887124,337.05,20,09:15:02,331.71,2260,5780,15680,64860,"[{""bid_quantity"":20,""ask_quantity"":40,""bid_orders"":1,""ask_orders"":1,""bid_price"":""334.25"",""ask_price"":""338.20""},{""bid_quantity"":40,""ask_quantity"":100,""bid_orders"":1,""ask_orders"":1,""bid_price"":""334.20"",""ask_price"":""338.25""},{""bid_quantity"":60,""ask_quantity"":20,""bid_orders"":2,""ask_orders"":1,""bid_price"":""334.15"",""ask_price"":""340.05""},{""bid_quantity"":60,""ask_quantity"":40,""bid_orders"":2,""ask_orders"":2,""bid_price"":""334.05"",""ask_price"":""340.10""},{""bid_quantity"":20,""ask_quantity"":100,""bid_orders"":1,""ask_orders"":1,""bid_price"":""333.95"",""ask_price"":""340.45""}]"
09:15:02.326,1790307902326472417,1025644880406284,Full Data,8,886692,809.20,20,09:15:02,817.29,100,2520,1740,4500,"[{""bid_quantity"":40,""ask_quantity"":40,""bid_orders"":1,""ask_orders"":2,""bid_price"":""803.90"",""ask_price"":""824.85""},{""bid_quantity"":20,""ask_quantity"":40,""bid_orders"":1,""ask_orders"":2,""bid_price"":""803.85"",""ask_price"":""824.90""},{""bid_quantity"":20,""ask_quantity"":20,""bid_orders"":1,""ask_orders"":1,""bid_price"":""803.75"",""ask_price"":""825.10""},{""bid_quantity"":20,""ask_quantity"":20,""bid_orders"":1,""ask_orders"":1,""bid_price"":""803.65"",""ask_price"":""825.20""},{""bid_quantity"":20,""ask_quantity"":20,""bid_orders"":1,""ask_orders"":1,""bid_price"":""803.55"",""ask_price"":""825.30""}]"
09:15:02.457,1790307902457314495,1025645011248722,Full Data,8,887017,628.60,220,09:15:02,646.81,16400,5400,30020,74320,"[{""bid_quantity"":240,""ask_quantity"":180,""bid_orders"":4,""ask_orders"":3,""bid_price"":""623.55"",""ask_price"":""628.65""},{""bid_quantity"":480,""ask_quantity"":40,""bid_orders"":1,""ask_orders"":2,""bid_price"":""623.50"",""ask_price"":""629.55""},{""bid_quantity"":40,""ask_quantity"":120,""bid_orders"":1,""ask_orders"":3,""bid_price"":""622.40"",""ask_price"":""630.80""},{""bid_quantity"":20,""ask_quantity"":200,""bid_orders"":1,""ask_orders"":1,""bid_price"":""622.30"",""ask_price"":""634.50""},{""bid_quantity"":360,""ask_quantity"":40,""bid_orders"":1,""ask_orders"":1,""bid_price"":""621.00"",""ask_price"":""635.50""}]"
09:15:02.511,1790307902511142360,1025645065076467,Ticker Data,0,51,73510.83,,09:15:02,,,,,,
09:15:02.572,1790307902572579993,1025645126514020,Full Data,8,886981,465.10,20,09:15:02,462.37,5840,6540,33340,63920,"[{""bid_quantity"":260,""ask_quantity"":60,""bid_orders"":2,""ask_orders"":3,""bid_price"":""459.55"",""ask_price"":""463.20""},{""bid_quantity"":20,""ask_quantity"":40,""bid_orders"":1,""ask_orders"":2,""bid_price"":""459.20"",""ask_price"":""463.40""},{""bid_quantity"":40,""ask_quantity"":60,""bid_orders"":1,""ask_orders"":3,""bid_price"":""457.70"",""ask_price"":""463.45""},{""bid_quantity"":40,""ask_quantity"":60,""bid_orders"":1,""ask_orders"":3,""bid_price"":""457.65"",""ask_price"":""463.50""},{""bid_quantity"":100,""ask_quantity"":20,""bid_orders"":1,""ask_orders"":1,""bid_price"":""457.60"",""ask_price"":""463.60""}]"
09:15:02.709,1790307902709611271,1025645263545378,Full Data,8,886924,373.15,20,09:15:02,374.22,3680,6420,19140,59380,"[{""bid_quantity"":20,""ask_quantity"":40,""bid_orders"":1,""ask_orders"":1,""bid_price"":""377.50"",""ask_price"":""379.95""},{""bid_quantity"":20,""ask_quantity"":40,""bid_orders"":1,""ask_orders"":1,""bid_price"":""374.10"",""ask_price"":""380.00""},{""bid_quantity"":20,""ask_quantity"":20,""bid_orders"":1,""ask_orders"":1,""bid_price"":""374.00"",""ask_price"":""380.05""},{""bid_quantity"":20,""ask_quantity"":40,""bid_orders"":1,""ask_orders"":1,""bid_price"":""373.90"",""ask_price"":""380.10""},{""bid_quantity"":340,""ask_quantity"":20,""bid_orders"":2,""ask_orders"":1,""bid_price"":""373.80"",""ask_price"":""380.85""}]"
09:15:02.772,1790307902772478714,1025645326412701,Full Data,8,887036,562.20,20,09:15:02,552.14,2700,6760,92600,155340,"[{""bid_quantity"":20,""ask_quantity"":40,""bid_orders"":1,""ask_orders"":1,""bid_price"":""556.50"",""ask_price"":""561.85""},{""bid_quantity"":40,""ask_quantity"":20,""bid_orders"":1,""ask_orders"":1,""bid_price"":""556.45"",""ask_price"":""561.90""},{""bid_quantity"":60,""ask_quantity"":60,""bid_orders"":2,""ask_orders"":2,""bid_price"":""550.10"",""ask_price"":""561.95""},{""bid_quantity"":20,""ask_quantity"":20,""bid_orders"":1,""ask_orders"":1,""bid_price"":""550.05"",""ask_price"":""562.00""},{""bid_quantity"":40,""ask_quantity"":40,""bid_orders"":1,""ask_orders"":2,""bid_price"":""550.00"",""ask_price"":""562.10""}]"
09:15:02.818,1790307902818571489,1025645372505556,Full Data,8,887036,554.10,20,09:15:02,552.25,2780,7160,90760,155340,"[{""bid_quantity"":20,""ask_quantity"":40,""bid_orders"":1,""ask_orders"":1,""bid_price"":""549.65"",""ask_price"":""553.85""},{""bid_quantity"":20,""ask_quantity"":20,""bid_orders"":1,""ask_orders"":1,""bid_price"":""549.60"",""ask_price"":""553.90""},{""bid_quantity"":40,""ask_quantity"":40,""bid_orders"":2,""ask_orders"":1,""bid_price"":""549.55"",""ask_price"":""553.95""},{""bid_quantity"":20,""ask_quantity"":20,""bid_orders"":1,""ask_orders"":1,""bid_price"":""549.50"",""ask_price"":""554.10""},{""bid_quantity"":60,""ask_quantity"":40,""bid_orders"":3,""ask_orders"":1,""bid_price"":""549.45"",""ask_price"":""556.30""}]"
09:15:02.825,1790307902825231972,1025645379165759,Full Data,8,886872,299.60,40,09:15:02,300.46,6200,5340,14120,47980,"[{""bid_quantity"":100,""ask_quantity"":120,""bid_orders"":3,""ask_orders"":3,""bid_price"":""300.05"",""ask_price"":""306.30""},{""bid_quantity"":60,""ask_quantity"":40,""bid_orders"":2,""ask_orders"":1,""bid_price"":""300.00"",""ask_price"":""306.35""},{""bid_quantity"":40,""ask_quantity"":60,""bid_orders"":1,""ask_orders"":2,""bid_price"":""299.95"",""ask_price"":""307.40""},{""bid_quantity"":80,""ask_quantity"":160,""bid_orders"":2,""ask_orders"":2,""bid_price"":""299.90"",""ask_price"":""307.45""},{""bid_quantity"":80,""ask_quantity"":20,""bid_orders"":2,""ask_orders"":1,""bid_price"":""299.85"",""ask_price"":""308.90""}]"
09:15:02.878,1790307902878857475,1025645432791582,Full Data,8,886805,579.85,20,09:15:02,592.39,4840,7320,14560,42420,"[{""bid_quantity"":40,""ask_quantity"":20,""bid_orders"":2,""ask_orders"":1,""bid_price"":""575.50"",""ask_price"":""579.10""},{""bid_quantity"":20,""ask_quantity"":120,""bid_orders"":1,""ask_orders"":1,""bid_price"":""575.40"",""ask_price"":""580.50""},{""bid_quantity"":20,""ask_quantity"":160,""bid_orders"":1,""ask_orders"":3,""bid_price"":""575.30"",""ask_price"":""585.00""},{""bid_quantity"":20,""ask_quantity"":140,""bid_orders"":1,""ask_orders"":2,""bid_price"":""575.20"",""ask_price"":""585.40""},{""bid_quantity"":40,""ask_quantity"":400,""bid_orders"":1,""ask_orders"":2,""bid_price"":""575.15"",""ask_price"":""585.45""}]"
09:15:02.926,1790307902926882263,1025645480816290,Full Data,8,886805,575.30,40,09:15:02,592.25,4880,7800,14860,42420,"[{""bid_quantity"":100,""ask_quantity"":20,""bid_orders"":4,""ask_orders"":1,""bid_price"":""568.50"",""ask_price"":""575.30""},{""bid_quantity"":160,""ask_quantity"":40,""bid_orders"":3,""ask_orders"":1,""bid_price"":""568.45"",""ask_price"":""575.50""},{""bid_quantity"":240,""ask_quantity"":40,""bid_orders"":4,""ask_orders"":1,""bid_price"":""568.35"",""ask_price"":""577.95""},{""bid_quantity"":20,""ask_quantity"":120,""bid_orders"":1,""ask_orders"":1,""bid_price"":""568.30"",""ask_price"":""578.00""},{""bid_quantity"":20,""ask_quantity"":40,""bid_orders"":1,""ask_orders"":2,""bid_price"":""568.25"",""ask_price"":""579.55""}]"
09:15:02.941,1790307902941201914,1025645495135821,Full Data,8,886572,517.45,20,09:15:02,532.03,4660,8140,91740,92640,"[{""bid_quantity"":40,""ask_quantity"":40,""bid_orders"":1,""ask_orders"":1,""bid_price"":""514.60"",""ask_price"":""520.80""},{""bid_quantity"":20,""ask_quantity"":40,""bid_orders"":1,""ask_orders"":1,""bid_price"":""514.55"",""ask_price"":""520.85""},{""bid_quantity"":20,""ask_quantity"":40,""bid_orders"":1,""ask_orders"":1,""bid_price"":""514.50"",""ask_price"":""520.95""},{""bid_quantity"":20,""ask_quantity"":20,""bid_orders"":1,""ask_orders"":1,""bid_price"":""514.45"",""ask_price"":""522.80""},{""bid_quantity"":40,""ask_quantity"":40,""bid_orders"":2,""ask_orders"":1,""bid_price"":""514.40"",""ask_price"":""524.00""}]"
09:15:02.999,1790307902999282727,1025645553216634,Full Data,8,886572,520.65,40,09:15:02,531.84,4740,8040,92360,92640,"[{""bid_quantity"":40,""ask_quantity"":20,""bid_orders"":1,""ask_orders"":1,""bid_price"":""521.00"",""ask_price"":""528.35""},{""bid_quantity"":520,""ask_quantity"":60,""bid_orders"":4,""ask_orders"":2,""bid_price"":""520.95"",""ask_price"":""528.40""},{""bid_quantity"":320,""ask_quantity"":80,""bid_orders"":1,""ask_orders"":3,""bid_price"":""520.85"",""ask_price"":""528.45""},{""bid_quantity"":100,""ask_quantity"":120,""bid_orders"":1,""ask_orders"":2,""bid_price"":""516.65"",""ask_price"":""530.60""},{""bid_quantity"":200,""ask_quantity"":60,""bid_orders"":2,""ask_orders"":2,""bid_price"":""516.60"",""ask_price"":""531.05""}]"
09:15:03.090,1790307903090711152,1025645644645379,Full Data,8,886747,701.50,20,09:15:02,694.02,1680,7340,8020,5900,"[{""bid_quantity"":20,""ask_quantity"":60,""bid_orders"":1,""ask_orders"":2,""bid_price"":""691.15"",""ask_price"":""699.60""},{""bid_quantity"":40,""ask_quantity"":40,""bid_orders"":1,""ask_orders"":2,""bid_price"":""691.10"",""ask_price"":""699.70""},{""bid_quantity"":20,""ask_quantity"":20,""bid_orders"":1,""ask_orders"":1,""bid_price"":""690.15"",""ask_price"":""699.75""},{""bid_quantity"":60,""ask_quantity"":40,""bid_orders"":1,""ask_orders"":2,""bid_price"":""689.55"",""ask_price"":""699.80""},{""bid_quantity"":100,""ask_quantity"":40,""bid_orders"":1,""ask_orders"":2,""bid_price"":""684.60"",""ask_price"":""699.85""}]"
09:15:03.095,1790307903095821505,1025645649755572,Full Data,8,886776,509.10,100,09:15:03,506.88,1140,8420,90760,67800,"[{""bid_quantity"":200,""ask_quantity"":260,""bid_orders"":3,""ask_orders"":6,""bid_price"":""508.05"",""ask_price"":""514.60""},{""bid_quantity"":40,""ask_quantity"":80,""bid_orders"":1,""ask_orders"":3,""bid_price"":""508.00"",""ask_price"":""514.65""},{""bid_quantity"":40,""ask_quantity"":40,""bid_orders"":1,""ask_orders"":2,""bid_price"":""506.40"",""ask_price"":""514.75""},{""bid_quantity"":20,""ask_quantity"":40,""bid_orders"":1,""ask_orders"":2,""bid_price"":""506.35"",""ask_price"":""514.85""},{""bid_quantity"":40,""ask_quantity"":20,""bid_orders"":1,""ask_orders"":1,""bid_price"":""498.50"",""ask_price"":""514.90""}]"
09:15:03.307,1790307903307470381,1025645861404568,Full Data,8,886718,421.40,20,09:15:03,416.92,27480,13480,29660,276660,"[{""bid_quantity"":20,""ask_quantity"":20,""bid_orders"":1,""ask_orders"":1,""bid_price"":""420.20"",""ask_price"":""422.20""},{""bid_quantity"":20,""ask_quantity"":140,""bid_orders"":1,""ask_orders"":2,""bid_price"":""420.00"",""ask_price"":""422.25""},{""bid_quantity"":40,""ask_quantity"":20,""bid_orders"":1,""ask_orders"":1,""bid_price"":""419.85"",""ask_price"":""422.35""},{""bid_quantity"":20,""ask_quantity"":20,""bid_orders"":1,""ask_orders"":1,""bid_price"":""419.80"",""ask_price"":""422.45""},{""bid_quantity"":40,""ask_quantity"":40,""bid_orders"":2,""ask_orders"":1,""bid_price"":""419.60"",""ask_price"":""422.50""}]"
09:15:03.331,1790307903331277773,1025645885211560,Full Data,8,886849,476.15,400,09:15:03,476.70,7080,10940,12700,167000,"[{""bid_quantity"":40,""ask_quantity"":40,""bid_orders"":2,""ask_orders"":2,""bid_price"":""473.05"",""ask_price"":""476.05""},{""bid_quantity"":20,""ask_quantity"":440,""bid_orders"":1,""ask_orders"":2,""bid_price"":""472.80"",""ask_price"":""476.15""},{""bid_quantity"":200,""ask_quantity"":40,""bid_orders"":3,""ask_orders"":1,""bid_price"":""468.70"",""ask_price"":""477.00""},{""bid_quantity"":100,""ask_quantity"":120,""bid_orders"":1,""ask_orders"":1,""bid_price"":""468.65"",""ask_price"":""477.35""},{""bid_quantity"":40,""ask_quantity"":280,""bid_orders"":1,""ask_orders"":2,""bid_price"":""467.90"",""ask_price"":""477.90""}]"
09:15:03.333,1790307903333676628,1025645887610455,Full Data,8,886692,812.90,20,09:15:03,818.78,300,7080,6800,4500,"[{""bid_quantity"":20,""ask_quantity"":40,""bid_orders"":1,""ask_orders"":2,""bid_price"":""815.10"",""ask_price"":""828.60""},{""bid_quantity"":60,""ask_quantity"":300,""bid_orders"":2,""ask_orders"":1,""bid_price"":""815.05"",""ask_price"":""828.65""},{""bid_quantity"":20,""ask_quantity"":20,""bid_orders"":1,""ask_orders"":1,""bid_price"":""815.00"",""ask_price"":""837.85""},{""bid_quantity"":20,""ask_quantity"":520,""bid_orders"":1,""ask_orders"":1,""bid_price"":""814.95"",""ask_price"":""837.90""},{""bid_quantity"":20,""ask_quantity"":80,""bid_orders"":1,""ask_orders"":1,""bid_price"":""814.80"",""ask_price"":""840.50""}]"
09:15:03.379,1790307903379341961,1025645933275748,Full Data,8,887124,343.20,40,09:15:03,334.78,3400,10500,16140,64860,"[{""bid_quantity"":40,""ask_quantity"":20,""bid_orders"":1,""ask_orders"":1,""bid_price"":""340.25"",""ask_price"":""343.30""},{""bid_quantity"":20,""ask_quantity"":40,""bid_orders"":1,""ask_orders"":2,""bid_price"":""340.20"",""ask_price"":""343.35""},{""bid_quantity"":40,""ask_quantity"":20,""bid_orders"":1,""ask_orders"":1,""bid_price"":""339.95"",""ask_price"":""343.45""},{""bid_quantity"":60,""ask_quantity"":40,""bid_orders"":1,""ask_orders"":2,""bid_price"":""339.90"",""ask_price"":""343.55""},{""bid_quantity"":40,""ask_quantity"":20,""bid_orders"":1,""ask_orders"":1,""bid_price"":""338.40"",""ask_price"":""343.65""}]"
09:15:03.394,1790307903394430578,1025645948364405,Full Data,8,886951,756.05,20,09:15:02,763.20,220,4740,6640,6000,"[{""bid_quantity"":160,""ask_quantity"":40,""bid_orders"":7,""ask_orders"":1,""bid_price"":""742.00"",""ask_price"":""766.20""},{""bid_quantity"":60,""ask_quantity"":20,""bid_orders"":3,""ask_orders"":1,""bid_price"":""741.95"",""ask_price"":""768.60""},{""bid_quantity"":60,""ask_quantity"":320,""bid_orders"":3,""ask_orders"":1,""bid_price"":""741.90"",""ask_price"":""768.65""},{""bid_quantity"":20,""ask_quantity"":20,""bid_orders"":1,""ask_orders"":1,""bid_price"":""741.85"",""ask_price"":""771.65""},{""bid_quantity"":160,""ask_quantity"":140,""bid_orders"":2,""ask_orders"":1,""bid_price"":""741.80"",""ask_price"":""778.90""}]"
09:15:03.397,1790307903397325596,1025645951259343,Full Data,8,886849,476.05,20,09:15:03,476.70,7160,8100,10620,167000,"[{""bid_quantity"":40,""ask_quantity"":280,""bid_orders"":1,""ask_orders"":2,""bid_price"":""475.65"",""ask_price"":""477.90""},{""bid_quantity"":20,""ask_quantity"":340,""bid_orders"":1,""ask_orders"":1,""bid_price"":""475.60"",""ask_price"":""477.95""},{""bid_quantity"":40,""ask_quantity"":120,""bid_orders"":1,""ask_orders"":1,""bid_price"":""475.55"",""ask_price"":""478.80""},{""bid_quantity"":120,""ask_quantity"":420,""bid_orders"":1,""ask_orders"":1,""bid_price"":""475.50"",""ask_price"":""479.20""},{""bid_quantity"":20,""ask_quantity"":140,""bid_orders"":1,""ask_orders"":1,""bid_price"":""475.45"",""ask_price"":""480.35""}]"
09:15:03.428,1790307903428900678,1025645982834745,Full Data,8,886692,812.90,20,09:15:03,818.78,300,5120,3800,4500,"[{""bid_quantity"":60,""ask_quantity"":20,""bid_orders"":2,""ask_orders"":1,""bid_price"":""818.40"",""ask_price"":""836.85""},{""bid_quantity"":60,""ask_quantity"":20,""bid_orders"":3,""ask_orders"":1,""bid_price"":""818.35"",""ask_price"":""836.90""},{""bid_quantity"":20,""ask_quantity"":300,""bid_orders"":1,""ask_orders"":1,""bid_price"":""818.30"",""ask_price"":""837.20""},{""bid_quantity"":20,""ask_quantity"":80,""bid_orders"":1,""ask_orders"":2,""bid_price"":""818.25"",""ask_price"":""844.65""},{""bid_quantity"":20,""ask_quantity"":80,""bid_orders"":1,""ask_orders"":2,""bid_price"":""818.20"",""ask_price"":""844.70""}]"
09:15:03.498,1790307903498724006,1025646052658153,Ticker Data,0,51,73530.65,,09:15:03,,,,,,
09:15:03.522,1790307903522213676,1025646076147503,Full Data,8,887017,647.45,20,09:15:03,644.70,19600,6820,30920,74320,"[{""bid_quantity"":300,""ask_quantity"":20,""bid_orders"":1,""ask_orders"":1,""bid_price"":""639.45"",""ask_price"":""643.15""},{""bid_quantity"":40,""ask_quantity"":160,""bid_orders"":1,""ask_orders"":2,""bid_price"":""639.40"",""ask_price"":""643.20""},{""bid_quantity"":120,""ask_quantity"":20,""bid_orders"":1,""ask_orders"":1,""bid_price"":""638.80"",""ask_price"":""643.25""},{""bid_quantity"":140,""ask_quantity"":40,""bid_orders"":1,""ask_orders"":1,""bid_price"":""636.80"",""ask_price"":""643.30""},{""bid_quantity"":20,""ask_quantity"":40,""bid_orders"":1,""ask_orders"":1,""bid_price"":""635.35"",""ask_price"":""643.35""}]"
09:15:03.585,1790307903585346961,1025646139281148,Full Data,8,886981,453.25,20,09:15:03,463.07,10280,8200,34120,63920,"[{""bid_quantity"":20,""ask_quantity"":20,""bid_orders"":1,""ask_orders"":1,""bid_price"":""450.60"",""ask_price"":""452.65""},{""bid_quantity"":40,""ask_quantity"":20,""bid_orders"":1,""ask_orders"":1,""bid_price"":""450.55"",""ask_price"":""452.70""},{""bid_quantity"":20,""ask_quantity"":20,""bid_orders"":1,""ask_orders"":1,""bid_price"":""450.45"",""ask_price"":""452.80""},{""bid_quantity"":40,""ask_quantity"":40,""bid_orders"":1,""ask_orders"":1,""bid_price"":""450.15"",""ask_price"":""452.95""},{""bid_quantity"":20,""ask_quantity"":20,""bid_orders"":1,""ask_orders"":1,""bid_price"":""450.10"",""ask_price"":""453.00""}]"
09:15:03.729,1790307903729246042,1025646283180549,Full Data,8,886924,366.90,40,09:15:03,371.24,6860,9240,20660,59380,"[{""bid_quantity"":20,""ask_quantity"":20,""bid_orders"":1,""ask_orders"":1,""bid_price"":""366.80"",""ask_price"":""368.40""},{""bid_quantity"":40,""ask_quantity"":20,""bid_orders"":1,""ask_orders"":1,""bid_price"":""366.70"",""ask_price"":""368.60""},{""bid_quantity"":20,""ask_quantity"":20,""bid_orders"":1,""ask_orders"":1,""bid_price"":""366.65"",""ask_price"":""368.80""},{""bid_quantity"":40,""ask_quantity"":20,""bid_orders"":1,""ask_orders"":1,""bid_price"":""366.55"",""ask_price"":""369.00""},{""bid_quantity"":20,""ask_quantity"":40,""bid_orders"":1,""ask_orders"":1,""bid_price"":""366.50"",""ask_price"":""369.10""}]"
09:15:03.827,1790307903827918074,1025646381852181,Full Data,8,887036,542.90,20,09:15:03,551.47,4460,8980,90280,155340,"[{""bid_quantity"":40,""ask_quantity"":80,""bid_orders"":2,""ask_orders"":2,""bid_price"":""544.60"",""ask_price"":""548.60""},{""bid_quantity"":20,""ask_quantity"":20,""bid_orders"":1,""ask_orders"":1,""bid_price"":""544.50"",""ask_price"":""548.65""},{""bid_quantity"":20,""ask_quantity"":40,""bid_orders"":1,""ask_orders"":1,""bid_price"":""544.30"",""ask_price"":""548.70""},{""bid_quantity"":20,""ask_quantity"":40,""bid_orders"":1,""ask_orders"":1,""bid_price"":""544.25"",""ask_price"":""549.05""},{""bid_quantity"":60,""ask_quantity"":40,""bid_orders"":3,""ask_orders"":2,""bid_price"":""544.10"",""ask_price"":""549.65""}]"
09:15:03.875,1790307903875512659,1025646429446526,Full Data,8,887036,551.70,40,09:15:03,551.47,4500,8460,90020,155340,"[{""bid_quantity"":40,""ask_quantity"":40,""bid_orders"":1,""ask_orders"":1,""bid_price"":""547.55"",""ask_price"":""551.65""},{""bid_quantity"":20,""ask_quantity"":20,""bid_orders"":1,""ask_orders"":1,""bid_price"":""547.50"",""ask_price"":""551.70""},{""bid_quantity"":20,""ask_quantity"":20,""bid_orders"":1,""ask_orders"":1,""bid_price"":""547.40"",""ask_price"":""552.00""},{""bid_quantity"":20,""ask_quantity"":40,""bid_orders"":1,""ask_orders"":1,""bid_price"":""547.30"",""ask_price"":""552.25""},{""bid_quantity"":20,""ask_quantity"":100,""bid_orders"":1,""ask_orders"":1,""bid_price"":""547.20"",""ask_price"":""552.30""}]"
09:15:03.877,1790307903877030789,1025646430964576,Full Data,8,886872,298.65,20,09:15:03,300.53,8400,9400,13980,47980,"[{""bid_quantity"":80,""ask_quantity"":640,""bid_orders"":2,""ask_orders"":2,""bid_price"":""298.65"",""ask_price"":""301.45""},{""bid_quantity"":40,""ask_quantity"":20,""bid_orders"":1,""ask_orders"":1,""bid_price"":""298.45"",""ask_price"":""301.50""},{""bid_quantity"":40,""ask_quantity"":80,""bid_orders"":1,""ask_orders"":2,""bid_price"":""298.40"",""ask_price"":""301.55""},{""bid_quantity"":40,""ask_quantity"":480,""bid_orders"":1,""ask_orders"":1,""bid_price"":""298.15"",""ask_price"":""301.65""},{""bid_quantity"":40,""ask_quantity"":40,""bid_orders"":1,""ask_orders"":1,""bid_price"":""297.80"",""ask_price"":""303.25""}]"
09:15:03.929,1790307903929195323,1025646483129510,Full Data,8,886805,577.05,20,09:15:03,589.10,6760,7960,14680,42420,"[{""bid_quantity"":40,""ask_quantity"":220,""bid_orders"":2,""ask_orders"":4,""bid_price"":""572.85"",""ask_price"":""576.35""},{""bid_quantity"":20,""ask_quantity"":20,""bid_orders"":1,""ask_orders"":1,""bid_price"":""571.40"",""ask_price"":""576.45""},{""bid_quantity"":40,""ask_quantity"":20,""bid_orders"":1,""ask_orders"":1,""bid_price"":""571.35"",""ask_price"":""576.50""},{""bid_quantity"":40,""ask_quantity"":40,""bid_orders"":1,""ask_orders"":1,""bid_price"":""570.40"",""ask_price"":""577.40""},{""bid_quantity"":120,""ask_quantity"":20,""bid_orders"":1,""ask_orders"":1,""bid_price"":""570.35"",""ask_price"":""585.90""}]"
09:15:03.984,1790307903984858320,1025646538792467,Full Data,8,886805,576.35,40,09:15:03,588.99,6820,8200,15580,42420,"[{""bid_quantity"":20,""ask_quantity"":40,""bid_orders"":1,""ask_orders"":1,""bid_price"":""576.70"",""ask_price"":""577.40""},{""bid_quantity"":20,""ask_quantity"":120,""bid_orders"":1,""ask_orders"":1,""bid_price"":""576.65"",""ask_price"":""580.30""},{""bid_quantity"":20,""ask_quantity"":100,""bid_orders"":1,""ask_orders"":1,""bid_price"":""576.25"",""ask_price"":""582.00""},{""bid_quantity"":20,""ask_quantity"":80,""bid_orders"":1,""ask_orders"":3,""bid_price"":""576.15"",""ask_price"":""585.90""},{""bid_quantity"":20,""ask_quantity"":160,""bid_orders"":1,""ask_orders"":4,""bid_price"":""576.05"",""ask_price"":""585.95""}]"
09:15:04.011,1790307904011541891,1025646565476118,Full Data,8,886572,522.40,60,09:15:03,531.20,6400,9540,93540,92640,"[{""bid_quantity"":20,""ask_quantity"":40,""bid_orders"":1,""ask_orders"":2,""bid_price"":""523.20"",""ask_price"":""526.25""},{""bid_quantity"":20,""ask_quantity"":20,""bid_orders"":1,""ask_orders"":1,""bid_price"":""523.00"",""ask_price"":""526.40""},{""bid_quantity"":20,""ask_quantity"":40,""bid_orders"":1,""ask_orders"":1,""bid_price"":""522.90"",""ask_price"":""529.15""},{""bid_quantity"":40,""ask_quantity"":100,""bid_orders"":1,""ask_orders"":1,""bid_price"":""522.85"",""ask_price"":""529.20""},{""bid_quantity"":20,""ask_quantity"":260,""bid_orders"":1,""ask_orders"":3,""bid_price"":""522.80"",""ask_price"":""531.30""}]"
09:15:04.064,1790307904064720631,1025646618654618,Full Data,8,886572,526.10,20,09:15:04,531.13,6500,7940,90920,92640,"[{""bid_quantity"":20,""ask_quantity"":20,""bid_orders"":1,""ask_orders"":1,""bid_price"":""523.00"",""ask_price"":""524.65""},{""bid_quantity"":20,""ask_quantity"":40,""bid_orders"":1,""ask_orders"":1,""bid_price"":""522.85"",""ask_price"":""525.00""},{""bid_quantity"":20,""ask_quantity"":20,""bid_orders"":1,""ask_orders"":1,""bid_price"":""522.65"",""ask_price"":""525.05""},{""bid_quantity"":20,""ask_quantity"":20,""bid_orders"":1,""ask_orders"":1,""bid_price"":""522.50"",""ask_price"":""525.20""},{""bid_quantity"":20,""ask_quantity"":40,""bid_orders"":1,""ask_orders"":1,""bid_price"":""522.35"",""ask_price"":""525.35""}]"
09:15:04.078,1790307904078379199,1025646632313026,Full Data,8,886747,698.35,40,09:15:04,694.55,2100,5460,6540,5900,"[{""bid_quantity"":160,""ask_quantity"":20,""bid_orders"":1,""ask_orders"":1,""bid_price"":""691.55"",""ask_price"":""699.55""},{""bid_quantity"":20,""ask_quantity"":20,""bid_orders"":1,""ask_orders"":1,""bid_price"":""691.25"",""ask_price"":""699.95""},{""bid_quantity"":40,""ask_quantity"":20,""bid_orders"":1,""ask_orders"":1,""bid_price"":""691.20"",""ask_price"":""700.30""},{""bid_quantity"":40,""ask_quantity"":20,""bid_orders"":2,""ask_orders"":1,""bid_price"":""691.15"",""ask_price"":""700.40""},{""bid_quantity"":20,""ask_quantity"":40,""bid_orders"":1,""ask_orders"":2,""bid_price"":""691.05"",""ask_price"":""700.60""}]"
09:15:04.136,1790307904136608572,1025646690542679,Full Data,8,886747,703.60,20,09:15:04,694.64,2120,4900,5900,5900,"[{""bid_quantity"":40,""ask_quantity"":20,""bid_orders"":2,""ask_orders"":1,""bid_price"":""694.55"",""ask_price"":""703.65""},{""bid_quantity"":40,""ask_quantity"":20,""bid_orders"":1,""ask_orders"":1,""bid_price"":""694.50"",""ask_price"":""704.00""},{""bid_quantity"":20,""ask_quantity"":20,""bid_orders"":1,""ask_orders"":1,""bid_price"":""694.35"",""ask_price"":""704.05""},{""bid_quantity"":20,""ask_quantity"":20,""bid_orders"":1,""ask_orders"":1,""bid_price"":""694.30"",""ask_price"":""704.40""},{""bid_quantity"":20,""ask_quantity"":40,""bid_orders"":1,""ask_orders"":1,""bid_price"":""694.25"",""ask_price"":""708.40""}]"
09:15:04.333,1790307904333679994,1025646887614141,Full Data,8,886718,405.60,20,09:15:04,415.71,32780,13160,26980,276660,"[{""bid_quantity"":40,""ask_quantity"":20,""bid_orders"":2,""ask_orders"":1,""bid_price"":""403.00"",""ask_price"":""405.70""},{""bid_quantity"":40,""ask_quantity"":20,""bid_orders"":2,""ask_orders"":1,""bid_price"":""402.85"",""ask_price"":""405.75""},{""bid_quantity"":20,""ask_quantity"":260,""bid_orders"":1,""ask_orders"":2,""bid_price"":""402.70"",""ask_price"":""405.80""},{""bid_quantity"":40,""ask_quantity"":40,""bid_orders"":2,""ask_orders"":1,""bid_price"":""402.65"",""ask_price"":""405.90""},{""bid_quantity"":40,""ask_quantity"":20,""bid_orders"":2,""ask_orders"":1,""bid_price"":""402.45"",""ask_price"":""406.75""}]"
09:15:04.413,1790307904413129783,1025646967063690,Full Data,8,886951,766.00,40,09:15:04,768.16,640,3760,6020,6000,"[{""bid_quantity"":20,""ask_quantity"":40,""bid_orders"":1,""ask_orders"":2,""bid_price"":""768.55"",""ask_price"":""780.90""},{""bid_quantity"":40,""ask_quantity"":40,""bid_orders"":1,""ask_orders"":1,""bid_price"":""768.50"",""ask_price"":""780.95""},{""bid_quantity"":20,""ask_quantity"":40,""bid_orders"":1,""ask_orders"":2,""bid_price"":""768.40"",""ask_price"":""781.00""},{""bid_quantity"":20,""ask_quantity"":40,""bid_orders"":1,""ask_orders"":2,""bid_price"":""768.30"",""ask_price"":""781.10""},{""bid_quantity"":20,""ask_quantity"":20,""bid_orders"":1,""ask_orders"":1,""bid_price"":""768.20"",""ask_price"":""781.20""}]"
09:15:04.413,1790307904413258024,1025646967191611,Full Data,8,886849,483.05,20,09:15:04,477.13,9800,8520,10300,167000,"[{""bid_quantity"":40,""ask_quantity"":20,""bid_orders"":2,""ask_orders"":1,""bid_price"":""480.95"",""ask_price"":""481.90""},{""bid_quantity"":20,""ask_quantity"":60,""bid_orders"":1,""ask_orders"":2,""bid_price"":""480.45"",""ask_price"":""481.95""},{""bid_quantity"":20,""ask_quantity"":40,""bid_orders"":1,""ask_orders"":1,""bid_price"":""480.30"",""ask_price"":""482.05""},{""bid_quantity"":20,""ask_quantity"":40,""bid_orders"":1,""ask_orders"":1,""bid_price"":""480.10"",""ask_price"":""482.30""},{""bid_quantity"":120,""ask_quantity"":120,""bid_orders"":1,""ask_orders"":1,""bid_price"":""479.65"",""ask_price"":""482.70""}]"
09:15:04.421,1790307904421390196,1025646975324103,Full Data,8,886692,824.30,20,09:15:04,819.71,360,4480,3700,4500,"[{""bid_quantity"":20,""ask_quantity"":40,""bid_orders"":1,""ask_orders"":1,""bid_price"":""831.65"",""ask_price"":""840.75""},{""bid_quantity"":20,""ask_quantity"":20,""bid_orders"":1,""ask_orders"":1,""bid_price"":""831.60"",""ask_price"":""840.80""},{""bid_quantity"":20,""ask_quantity"":20,""bid_orders"":1,""ask_orders"":1,""bid_price"":""831.50"",""ask_price"":""841.15""},{""bid_quantity"":20,""ask_quantity"":20,""bid_orders"":1,""ask_orders"":1,""bid_price"":""831.40"",""ask_price"":""841.25""},{""bid_quantity"":20,""ask_quantity"":20,""bid_orders"":1,""ask_orders"":1,""bid_price"":""831.30"",""ask_price"":""841.35""}]"
09:15:04.471,1790307904471849199,1025647025783066,Full Data,8,886951,766.00,40,09:15:04,768.16,640,5180,8640,6000,"[{""bid_quantity"":40,""ask_quantity"":100,""bid_orders"":1,""ask_orders"":4,""bid_price"":""767.75"",""ask_price"":""779.80""},{""bid_quantity"":20,""ask_quantity"":60,""bid_orders"":1,""ask_orders"":3,""bid_price"":""767.70"",""ask_price"":""779.85""},{""bid_quantity"":20,""ask_quantity"":60,""bid_orders"":1,""ask_orders"":3,""bid_price"":""763.50"",""ask_price"":""779.90""},{""bid_quantity"":20,""ask_quantity"":40,""bid_orders"":1,""ask_orders"":2,""bid_price"":""763.40"",""ask_price"":""779.95""},{""bid_quantity"":20,""ask_quantity"":40,""bid_orders"":1,""ask_orders"":2,""bid_price"":""763.15"",""ask_price"":""780.00""}]"
09:15:04.490,1790307904490092276,1025647044026103,Full Data,8,886849,483.05,20,09:15:04,477.13,9800,11300,13220,167000,"[{""bid_quantity"":40,""ask_quantity"":20,""bid_orders"":1,""ask_orders"":1,""bid_price"":""478.50"",""ask_price"":""480.50""},{""bid_quantity"":40,""ask_quantity"":120,""bid_orders"":1,""ask_orders"":1,""bid_price"":""478.45"",""ask_price"":""482.40""},{""bid_quantity"":320,""ask_quantity"":40,""bid_orders"":1,""ask_orders"":1,""bid_price"":""477.70"",""ask_price"":""483.00""},{""bid_quantity"":100,""ask_quantity"":20,""bid_orders"":1,""ask_orders"":1,""bid_price"":""477.10"",""ask_price"":""483.05""},{""bid_quantity"":100,""ask_quantity"":60,""bid_orders"":2,""ask_orders"":2,""bid_price"":""474.05"",""ask_price"":""487.05""}]"
09:15:04.494,1790307904494925347,1025647048859094,Ticker Data,0,51,73513.36,,09:15:04,,,,,,
09:15:04.507,1790307904507151865,1025647061085692,Full Data,8,887124,331.60,20,09:15:04,332.96,5500,11580,17140,64860,"[{""bid_quantity"":40,""ask_quantity"":40,""bid_orders"":1,""ask_orders"":1,""bid_price"":""329.80"",""ask_price"":""333.55""},{""bid_quantity"":60,""ask_quantity"":80,""bid_orders"":2,""ask_orders"":1,""bid_price"":""329.75"",""ask_price"":""333.60""},{""bid_quantity"":40,""ask_quantity"":40,""bid_orders"":2,""ask_orders"":1,""bid_price"":""329.65"",""ask_price"":""335.95""},{""bid_quantity"":40,""ask_quantity"":20,""bid_orders"":2,""ask_orders"":1,""bid_price"":""329.55"",""ask_price"":""336.00""},{""bid_quantity"":40,""ask_quantity"":200,""bid_orders"":2,""ask_orders"":1,""bid_price"":""329.45"",""ask_price"":""336.05""}]"
09:15:04.509,1790307904509046077,1025647062979904,Full Data,8,886692,824.30,20,09:15:04,819.71,360,7520,7000,4500,"[{""bid_quantity"":40,""ask_quantity"":80,""bid_orders"":2,""ask_orders"":3,""bid_price"":""824.75"",""ask_price"":""840.50""},{""bid_quantity"":300,""ask_quantity"":20,""bid_orders"":1,""ask_orders"":1,""bid_price"":""820.70"",""ask_price"":""840.55""},{""bid_quantity"":20,""ask_quantity"":20,""bid_orders"":1,""ask_orders"":1,""bid_price"":""814.15"",""ask_price"":""840.60""},{""bid_quantity"":140,""ask_quantity"":20,""bid_orders"":1,""ask_orders"":1,""bid_price"":""814.10"",""ask_price"":""840.65""},{""bid_quantity"":600,""ask_quantity"":20,""bid_orders"":1,""ask_orders"":1,""bid_price"":""811.90"",""ask_price"":""840.70""}]"
09:15:04.603,1790307904603852924,1025647157787391,Full Data,8,887017,645.75,20,09:15:04,643.94,23220,9540,36480,74320,"[{""bid_quantity"":80,""ask_quantity"":60,""bid_orders"":3,""ask_orders"":2,""bid_price"":""640.20"",""ask_price"":""647.60""},{""bid_quantity"":20,""ask_quantity"":20,""bid_orders"":1,""ask_orders"":1,""bid_price"":""640.15"",""ask_price"":""647.65""},{""bid_quantity"":20,""ask_quantity"":40,""bid_orders"":1,""ask_orders"":2,""bid_price"":""640.00"",""ask_price"":""647.75""},{""bid_quantity"":20,""ask_quantity"":40,""bid_orders"":1,""ask_orders"":2,""bid_price"":""639.90"",""ask_price"":""647.80""},{""bid_quantity"":40,""ask_quantity"":40,""bid_orders"":1,""ask_orders"":2,""bid_price"":""639.75"",""ask_price"":""647.85""}]"
09:15:04.762,1790307904762424540,1025647316358687,Full Data,8,886924,369.15,20,09:15:04,371.11,9200,10820,16540,59380,"[{""bid_quantity"":100,""ask_quantity"":20,""bid_orders"":3,""ask_orders"":1,""bid_price"":""368.95"",""ask_price"":""371.70""},{""bid_quantity"":20,""ask_quantity"":20,""bid_orders"":1,""ask_orders"":1,""bid_price"":""368.90"",""ask_price"":""371.85""},{""bid_quantity"":20,""ask_quantity"":20,""bid_orders"":1,""ask_orders"":1,""bid_price"":""368.75"",""ask_price"":""372.00""},{""bid_quantity"":60,""ask_quantity"":40,""bid_orders"":2,""ask_orders"":2,""bid_price"":""368.70"",""ask_price"":""373.10""},{""bid_quantity"":40,""ask_quantity"":280,""bid_orders"":2,""ask_orders"":2,""bid_price"":""367.30"",""ask_price"":""373.20""}]"
09:15:04.878,1790307904878722365,1025647432656352,Full Data,8,887036,541.55,20,09:15:04,549.24,6760,7520,89300,155340,"[{""bid_quantity"":20,""ask_quantity"":60,""bid_orders"":1,""ask_orders"":2,""bid_price"":""541.55"",""ask_price"":""544.40""},{""bid_quantity"":40,""ask_quantity"":20,""bid_orders"":1,""ask_orders"":1,""bid_price"":""541.45"",""ask_price"":""544.45""},{""bid_quantity"":160,""ask_quantity"":40,""bid_orders"":2,""ask_orders"":1,""bid_price"":""541.40"",""ask_price"":""544.55""},{""bid_quantity"":40,""ask_quantity"":20,""bid_orders"":1,""ask_orders"":1,""bid_price"":""541.15"",""ask_price"":""544.60""},{""bid_quantity"":200,""ask_quantity"":120,""bid_orders"":2,""ask_orders"":1,""bid_price"":""541.10"",""ask_price"":""544.70""}]"
09:15:04.935,1790307904935462649,1025647489396556,Full Data,8,886872,297.30,60,09:15:04,300.40,10520,9120,14900,47980,"[{""bid_quantity"":60,""ask_quantity"":80,""bid_orders"":2,""ask_orders"":2,""bid_price"":""297.35"",""ask_price"":""301.35""},{""bid_quantity"":60,""ask_quantity"":60,""bid_orders"":1,""ask_orders"":3,""bid_price"":""297.30"",""ask_price"":""301.40""},{""bid_quantity"":20,""ask_quantity"":100,""bid_orders"":1,""ask_orders"":3,""bid_price"":""297.20"",""ask_price"":""302.35""},{""bid_quantity"":20,""ask_quantity"":40,""bid_orders"":1,""ask_orders"":2,""bid_price"":""297.15"",""ask_price"":""302.50""},{""bid_quantity"":20,""ask_quantity"":100,""bid_orders"":1,""ask_orders"":1,""bid_price"":""296.40"",""ask_price"":""303.00""}]"
09:15:05.043,1790307905043706462,1025647597640769,Full Data,8,886805,583.95,20,09:15:05,588.47,7700,7080,14640,42420,"[{""bid_quantity"":20,""ask_quantity"":20,""bid_orders"":1,""ask_orders"":1,""bid_price"":""580.05"",""ask_price"":""580.70""},{""bid_quantity"":400,""ask_quantity"":220,""bid_orders"":4,""ask_orders"":6,""bid_price"":""580.00"",""ask_price"":""587.15""},{""bid_quantity"":20,""ask_quantity"":200,""bid_orders"":1,""ask_orders"":2,""bid_price"":""579.95"",""ask_price"":""587.25""},{""bid_quantity"":40,""ask_quantity"":40,""bid_orders"":1,""ask_orders"":2,""bid_price"":""579.45"",""ask_price"":""587.30""},{""bid_quantity"":220,""ask_quantity"":20,""bid_orders"":2,""ask_orders"":1,""bid_price"":""579.00"",""ask_price"":""587.40""}]"
09:15:05.070,1790307905070479673,1025647624413500,Full Data,8,886572,530.45,20,09:15:05,531.21,7360,8640,91040,92640,"[{""bid_quantity"":20,""ask_quantity"":80,""bid_orders"":1,""ask_orders"":2,""bid_price"":""527.35"",""ask_price"":""530.10""},{""bid_quantity"":20,""ask_quantity"":20,""bid_orders"":1,""ask_orders"":1,""bid_price"":""527.25"",""ask_price"":""530.15""},{""bid_quantity"":20,""ask_quantity"":20,""bid_orders"":1,""ask_orders"":1,""bid_price"":""527.15"",""ask_price"":""530.30""},{""bid_quantity"":20,""ask_quantity"":20,""bid_orders"":1,""ask_orders"":1,""bid_price"":""527.10"",""ask_price"":""530.55""},{""bid_quantity"":20,""ask_quantity"":20,""bid_orders"":1,""ask_orders"":1,""bid_price"":""527.05"",""ask_price"":""530.75""}]"
09:15:05.113,1790307905113390468,1025647667324415,Full Data,8,886776,499.70,20,09:15:05,500.37,4040,6300,89780,67800,"[{""bid_quantity"":20,""ask_quantity"":60,""bid_orders"":1,""ask_orders"":2,""bid_price"":""497.00"",""ask_price"":""498.65""},{""bid_quantity"":20,""ask_quantity"":20,""bid_orders"":1,""ask_orders"":1,""bid_price"":""496.65"",""ask_price"":""498.70""},{""bid_quantity"":40,""ask_quantity"":40,""bid_orders"":1,""ask_orders"":2,""bid_price"":""496.05"",""ask_price"":""498.75""},{""bid_quantity"":40,""ask_quantity"":20,""bid_orders"":1,""ask_orders"":1,""bid_price"":""496.00"",""ask_price"":""498.85""},{""bid_quantity"":40,""ask_quantity"":120,""bid_orders"":1,""ask_orders"":1,""bid_price"":""495.95"",""ask_price"":""499.00""}]"
09:15:05.351,1790307905351182831,1025647905116978,Full Data,8,886718,412.85,20,09:15:05,414.97,37500,10180,27400,276660,"[{""bid_quantity"":80,""ask_quantity"":20,""bid_orders"":1,""ask_orders"":1,""bid_price"":""412.85"",""ask_price"":""414.80""},{""bid_quantity"":40,""ask_quantity"":40,""bid_orders"":1,""ask_orders"":1,""bid_price"":""412.70"",""ask_price"":""414.85""},{""bid_quantity"":40,""ask_quantity"":20,""bid_orders"":1,""ask_orders"":1,""bid_price"":""412.50"",""ask_price"":""414.95""},{""bid_quantity"":20,""ask_quantity"":320,""bid_orders"":1,""ask_orders"":1,""bid_price"":""412.10"",""ask_price"":""415.10""},{""bid_quantity"":40,""ask_quantity"":140,""bid_orders"":1,""ask_orders"":2,""bid_price"":""412.00"",""ask_price"":""415.20""}]"
09:15:05.493,1790307905493235701,1025648047169768,Ticker Data,0,51,73498.76,,09:15:05,,,,,,
09:15:05.543,1790307905543915266,1025648097849333,Full Data,8,887124,337.70,40,09:15:05,333.29,6280,8260,14760,64860,"[{""bid_quantity"":40,""ask_quantity"":40,""bid_orders"":1,""ask_orders"":2,""bid_price"":""332.20"",""ask_price"":""335.95""},{""bid_quantity"":20,""ask_quantity"":100,""bid_orders"":1,""ask_orders"":3,""bid_price"":""332.10"",""ask_price"":""336.00""},{""bid_quantity"":60,""ask_quantity"":60,""bid_orders"":2,""ask_orders"":3,""bid_price"":""330.95"",""ask_price"":""336.05""},{""bid_quantity"":60,""ask_quantity"":40,""bid_orders"":2,""ask_orders"":2,""bid_price"":""330.90"",""ask_price"":""336.10""},{""bid_quantity"":60,""ask_quantity"":80,""bid_orders"":2,""ask_orders"":4,""bid_price"":""330.85"",""ask_price"":""336.15""}]"
09:15:05.564,1790307905564277956,1025648118212063,Full Data,8,886692,836.45,20,09:15:05,821.31,400,5700,5140,4500,"[{""bid_quantity"":320,""ask_quantity"":100,""bid_orders"":9,""ask_orders"":4,""bid_price"":""823.45"",""ask_price"":""841.25""},{""bid_quantity"":160,""ask_quantity"":160,""bid_orders"":1,""ask_orders"":1,""bid_price"":""823.40"",""ask_price"":""841.30""},{""bid_quantity"":300,""ask_quantity"":40,""bid_orders"":1,""ask_orders"":2,""bid_price"":""816.80"",""ask_price"":""841.40""},{""bid_quantity"":40,""ask_quantity"":160,""bid_orders"":1,""ask_orders"":1,""bid_price"":""812.55"",""ask_price"":""841.45""},{""bid_quantity"":80,""ask_quantity"":60,""bid_orders"":2,""ask_orders"":3,""bid_price"":""808.85"",""ask_price"":""841.90""}]"
09:15:05.595,1790307905595425756,1025648149359903,Full Data,8,886849,477.35,20,09:15:05,477.25,10940,11620,16420,167000,"[{""bid_quantity"":20,""ask_quantity"":20,""bid_orders"":1,""ask_orders"":1,""bid_price"":""477.05"",""ask_price"":""478.10""},{""bid_quantity"":20,""ask_quantity"":40,""bid_orders"":1,""ask_orders"":1,""bid_price"":""476.80"",""ask_price"":""478.80""},{""bid_quantity"":140,""ask_quantity"":20,""bid_orders"":1,""ask_orders"":1,""bid_price"":""476.45"",""ask_price"":""478.85""},{""bid_quantity"":140,""ask_quantity"":40,""bid_orders"":1,""ask_orders"":1,""bid_price"":""475.80"",""ask_price"":""478.90""},{""bid_quantity"":80,""ask_quantity"":20,""bid_orders"":2,""ask_orders"":1,""bid_price"":""474.10"",""ask_price"":""479.00""}]"
09:15:05.785,1790307905785626054,1025648339560161,Full Data,8,886924,367.50,20,09:15:05,371.02,10320,9420,15980,59380,"[{""bid_quantity"":40,""ask_quantity"":20,""bid_orders"":1,""ask_orders"":1,""bid_price"":""368.00"",""ask_price"":""369.45""},{""bid_quantity"":20,""ask_quantity"":20,""bid_orders"":1,""ask_orders"":1,""bid_price"":""367.95"",""ask_price"":""369.55""},{""bid_quantity"":20,""ask_quantity"":20,""bid_orders"":1,""ask_orders"":1,""bid_price"":""367.75"",""ask_price"":""369.65""},{""bid_quantity"":60,""ask_quantity"":20,""bid_orders"":3,""ask_orders"":1,""bid_price"":""367.60"",""ask_price"":""369.75""},{""bid_quantity"":20,""ask_quantity"":20,""bid_orders"":1,""ask_orders"":1,""bid_price"":""367.40"",""ask_price"":""369.85""}]"
09:15:05.940,1790307905940674407,1025648494608634,Full Data,8,887036,543.80,20,09:15:05,548.18,8780,8660,91220,155340,"[{""bid_quantity"":40,""ask_quantity"":20,""bid_orders"":2,""ask_orders"":1,""bid_price"":""542.85"",""ask_price"":""543.80""},{""bid_quantity"":40,""ask_quantity"":40,""bid_orders"":1,""ask_orders"":1,""bid_price"":""542.80"",""ask_price"":""545.50""},{""bid_quantity"":40,""ask_quantity"":40,""bid_orders"":2,""ask_orders"":1,""bid_price"":""542.75"",""ask_price"":""545.70""},{""bid_quantity"":20,""ask_quantity"":20,""bid_orders"":1,""ask_orders"":1,""bid_price"":""542.65"",""ask_price"":""545.75""},{""bid_quantity"":20,""ask_quantity"":20,""bid_orders"":1,""ask_orders"":1,""bid_price"":""542.60"",""ask_price"":""546.00""}]"
09:15:05.945,1790307905946007481,1025648499941548,Full Data,8,886872,297.00,20,09:15:05,300.16,11660,7720,19700,47980,"[{""bid_quantity"":20,""ask_quantity"":60,""bid_orders"":1,""ask_orders"":2,""bid_price"":""298.00"",""ask_price"":""299.95""},{""bid_quantity"":60,""ask_quantity"":20,""bid_orders"":1,""ask_orders"":1,""bid_price"":""297.95"",""ask_price"":""300.00""},{""bid_quantity"":20,""ask_quantity"":20,""bid_orders"":1,""ask_orders"":1,""bid_price"":""297.90"",""ask_price"":""300.15""},{""bid_quantity"":20,""ask_quantity"":40,""bid_orders"":1,""ask_orders"":1,""bid_price"":""297.80"",""ask_price"":""300.20""},{""bid_quantity"":20,""ask_quantity"":20,""bid_orders"":1,""ask_orders"":1,""bid_price"":""297.70"",""ask_price"":""300.25""}]"
09:15:05.983,1790307905983760243,1025648537694630,Full Data,8,887036,542.85,20,09:15:05,548.13,8860,9960,92040,155340,"[{""bid_quantity"":40,""ask_quantity"":20,""bid_orders"":2,""ask_orders"":1,""bid_price"":""542.25"",""ask_price"":""545.60""},{""bid_quantity"":100,""ask_quantity"":60,""bid_orders"":1,""ask_orders"":2,""bid_price"":""541.95"",""ask_price"":""545.65""},{""bid_quantity"":100,""ask_quantity"":20,""bid_orders"":1,""ask_orders"":1,""bid_price"":""541.70"",""ask_price"":""545.70""},{""bid_quantity"":60,""ask_quantity"":300,""bid_orders"":2,""ask_orders"":2,""bid_price"":""538.55"",""ask_price"":""546.15""},{""bid_quantity"":80,""ask_quantity"":40,""bid_orders"":2,""ask_orders"":1,""bid_price"":""538.50"",""ask_price"":""546.25""}]"
09:15:05.986,1790307905986834023,1025648540767970,Full Data,8,886872,297.00,20,09:15:05,300.16,11660,9000,21220,47980,"[{""bid_quantity"":100,""ask_quantity"":60,""bid_orders"":4,""ask_orders"":2,""bid_price"":""294.40"",""ask_price"":""299.35""},{""bid_quantity"":100,""ask_quantity"":20,""bid_orders"":3,""ask_orders"":1,""bid_price"":""294.35"",""ask_price"":""299.40""},{""bid_quantity"":340,""ask_quantity"":60,""bid_orders"":2,""ask_orders"":2,""bid_price"":""294.30"",""ask_price"":""300.00""},{""bid_quantity"":360,""ask_quantity"":40,""bid_orders"":3,""ask_orders"":2,""bid_price"":""294.25"",""ask_price"":""300.25""},{""bid_quantity"":100,""ask_quantity"":40,""bid_orders"":2,""ask_orders"":1,""bid_price"":""294.20"",""ask_price"":""300.30""}]"
09:15:06.047,1790307906047312290,1025648601246477,Full Data,8,886805,581.35,20,09:15:06,587.91,8960,12900,21080,42420,"[{""bid_quantity"":380,""ask_quantity"":40,""bid_orders"":3,""ask_orders"":2,""bid_price"":""579.60"",""ask_price"":""581.40""},{""bid_quantity"":120,""ask_quantity"":20,""bid_orders"":1,""ask_orders"":1,""bid_price"":""579.50"",""ask_price"":""582.85""},{""bid_quantity"":100,""ask_quantity"":40,""bid_orders"":1,""ask_orders"":1,""bid_price"":""579.00"",""ask_price"":""583.00""},{""bid_quantity"":80,""ask_quantity"":120,""bid_orders"":2,""ask_orders"":1,""bid_price"":""576.30"",""ask_price"":""583.15""},{""bid_quantity"":20,""ask_quantity"":40,""bid_orders"":1,""ask_orders"":1,""bid_price"":""576.25"",""ask_price"":""585.55""}]"
09:15:06.142,1790307906142810462,1025648696744769,Full Data,8,886572,526.75,20,09:15:06,530.91,8840,15800,98900,92640,"[{""bid_quantity"":60,""ask_quantity"":40,""bid_orders"":3,""ask_orders"":1,""bid_price"":""524.80"",""ask_price"":""527.10""},{""bid_quantity"":640,""ask_quantity"":40,""bid_orders"":3,""ask_orders"":2,""bid_price"":""524.70"",""ask_price"":""527.15""},{""bid_quantity"":40,""ask_quantity"":40,""bid_orders"":2,""ask_orders"":1,""bid_price"":""524.60"",""ask_price"":""527.30""},{""bid_quantity"":20,""ask_quantity"":40,""bid_orders"":1,""ask_orders"":2,""bid_price"":""524.55"",""ask_price"":""527.35""},{""bid_quantity"":660,""ask_quantity"":40,""bid_orders"":4,""ask_orders"":1,""bid_price"":""524.50"",""ask_price"":""527.45""}]"
09:15:06.187,1790307906187604549,1025648741538976,Full Data,8,886747,702.15,20,09:15:06,695.83,2540,9660,10300,5900,"[{""bid_quantity"":60,""ask_quantity"":60,""bid_orders"":2,""ask_orders"":3,""bid_price"":""700.95"",""ask_price"":""707.70""},{""bid_quantity"":20,""ask_quantity"":20,""bid_orders"":1,""ask_orders"":1,""bid_price"":""700.90"",""ask_price"":""707.75""},{""bid_quantity"":20,""ask_quantity"":40,""bid_orders"":1,""ask_orders"":2,""bid_price"":""700.85"",""ask_price"":""707.80""},{""bid_quantity"":20,""ask_quantity"":40,""bid_orders"":1,""ask_orders"":2,""bid_price"":""700.75"",""ask_price"":""707.85""},{""bid_quantity"":20,""ask_quantity"":60,""bid_orders"":1,""ask_orders"":3,""bid_price"":""700.65"",""ask_price"":""707.90""}]"
09:15:06.239,1790307906239395121,1025648793329388,Full Data,8,886747,707.70,20,09:15:06,696.01,2580,9440,9800,5900,"[{""bid_quantity"":60,""ask_quantity"":60,""bid_orders"":2,""ask_orders"":3,""bid_price"":""702.40"",""ask_price"":""710.15""},{""bid_quantity"":20,""ask_quantity"":40,""bid_orders"":1,""ask_orders"":2,""bid_price"":""702.35"",""ask_price"":""710.25""},{""bid_quantity"":20,""ask_quantity"":60,""bid_orders"":1,""ask_orders"":3,""bid_price"":""702.25"",""ask_price"":""710.35""},{""bid_quantity"":20,""ask_quantity"":40,""bid_orders"":1,""ask_orders"":2,""bid_price"":""702.15"",""ask_price"":""710.45""},{""bid_quantity"":20,""ask_quantity"":40,""bid_orders"":1,""ask_orders"":2,""bid_price"":""702.05"",""ask_price"":""710.55""}]"
09:15:06.372,1790307906372617614,1025648926551561,Full Data,8,886718,406.75,20,09:15:06,414.48,40600,18360,33800,276660,"[{""bid_quantity"":20,""ask_quantity"":20,""bid_orders"":1,""ask_orders"":1,""bid_price"":""406.75"",""ask_price"":""407.80""},{""bid_quantity"":40,""ask_quantity"":20,""bid_orders"":1,""ask_orders"":1,""bid_price"":""406.65"",""ask_price"":""407.90""},{""bid_quantity"":60,""ask_quantity"":60,""bid_orders"":1,""ask_orders"":2,""bid_price"":""406.55"",""ask_price"":""408.00""},{""bid_quantity"":20,""ask_quantity"":40,""bid_orders"":1,""ask_orders"":1,""bid_price"":""406.50"",""ask_price"":""408.05""},{""bid_quantity"":40,""ask_quantity"":20,""bid_orders"":1,""ask_orders"":1,""bid_price"":""406.40"",""ask_price"":""408.10""}]"
09:15:06.501,1790307906501947482,1025649055881669,Ticker Data,0,51,73506.32,,09:15:06,,,,,,
09:15:06.799,1790307906799709229,1025649353643416,Full Data,8,886924,353.65,100,09:15:06,368.74,13720,13960,21680,59380,"[{""bid_quantity"":20,""ask_quantity"":80,""bid_orders"":1,""ask_orders"":2,""bid_price"":""356.65"",""ask_price"":""359.45""},{""bid_quantity"":20,""ask_quantity"":20,""bid_orders"":1,""ask_orders"":1,""bid_price"":""356.60"",""ask_price"":""359.50""},{""bid_quantity"":20,""ask_quantity"":20,""bid_orders"":1,""ask_orders"":1,""bid_price"":""356.55"",""ask_price"":""359.60""},{""bid_quantity"":20,""ask_quantity"":40,""bid_orders"":1,""ask_orders"":1,""bid_price"":""356.45"",""ask_price"":""359.65""},{""bid_quantity"":20,""ask_quantity"":20,""bid_orders"":1,""ask_orders"":1,""bid_price"":""356.35"",""ask_price"":""359.70""}]"
09:15:06.992,1790307906992482104,1025649546416211,Full Data,8,887036,531.00,40,09:15:06,547.54,9560,11220,93520,155340,"[{""bid_quantity"":20,""ask_quantity"":40,""bid_orders"":1,""ask_orders"":1,""bid_price"":""530.90"",""ask_price"":""532.55""},{""bid_quantity"":20,""ask_quantity"":40,""bid_orders"":1,""ask_orders"":2,""bid_price"":""530.70"",""ask_price"":""532.60""},{""bid_quantity"":20,""ask_quantity"":40,""bid_orders"":1,""ask_orders"":1,""bid_price"":""530.55"",""ask_price"":""532.65""},{""bid_quantity"":20,""ask_quantity"":40,""bid_orders"":1,""ask_orders"":1,""bid_price"":""530.45"",""ask_price"":""532.70""},{""bid_quantity"":40,""ask_quantity"":20,""bid_orders"":1,""ask_orders"":1,""bid_price"":""530.35"",""ask_price"":""532.75""}]"
09:15:07.041,1790307907041034095,1025649594968242,Full Data,8,887036,532.55,20,09:15:07,547.48,9600,12340,94960,155340,"[{""bid_quantity"":100,""ask_quantity"":40,""bid_orders"":4,""ask_orders"":1,""bid_price"":""530.95"",""ask_price"":""533.35""},{""bid_quantity"":40,""ask_quantity"":160,""bid_orders"":2,""ask_orders"":3,""bid_price"":""530.90"",""ask_price"":""533.40""},{""bid_quantity"":20,""ask_quantity"":120,""bid_orders"":1,""ask_orders"":1,""bid_price"":""530.70"",""ask_price"":""533.55""},{""bid_quantity"":20,""ask_quantity"":60,""bid_orders"":1,""ask_orders"":2,""bid_price"":""530.55"",""ask_price"":""534.95""},{""bid_quantity"":20,""ask_quantity"":60,""bid_orders"":1,""ask_orders"":1,""bid_price"":""530.50"",""ask_price"":""535.00""}]"
09:15:07.156,1790307907156359474,1025649710293661,Full Data,8,886805,591.95,20,09:15:07,587.72,9800,14660,105600,42420,"[{""bid_quantity"":160,""ask_quantity"":40,""bid_orders"":2,""ask_orders"":2,""bid_price"":""590.30"",""ask_price"":""593.50""},{""bid_quantity"":160,""ask_quantity"":20,""bid_orders"":3,""ask_orders"":1,""bid_price"":""590.25"",""ask_price"":""593.55""},{""bid_quantity"":120,""ask_quantity"":100,""bid_orders"":2,""ask_orders"":4,""bid_price"":""589.50"",""ask_price"":""593.60""},{""bid_quantity"":80,""ask_quantity"":20,""bid_orders"":2,""ask_orders"":1,""bid_price"":""589.20"",""ask_price"":""593.65""},{""bid_quantity"":100,""ask_quantity"":60,""bid_orders"":2,""ask_orders"":3,""bid_price"":""587.35"",""ask_price"":""593.70""}]"
09:15:07.200,1790307907200709918,1025649754643865,Full Data,8,886572,535.85,40,09:15:07,531.10,10060,15580,97760,92640,"[{""bid_quantity"":60,""ask_quantity"":40,""bid_orders"":2,""ask_orders"":1,""bid_price"":""534.20"",""ask_price"":""536.70""},{""bid_quantity"":200,""ask_quantity"":20,""bid_orders"":2,""ask_orders"":1,""bid_price"":""534.10"",""ask_price"":""536.75""},{""bid_quantity"":120,""ask_quantity"":40,""bid_orders"":1,""ask_orders"":1,""bid_price"":""534.00"",""ask_price"":""536.80""},{""bid_quantity"":40,""ask_quantity"":80,""bid_orders"":2,""ask_orders"":2,""bid_price"":""532.75"",""ask_price"":""536.95""},{""bid_quantity"":80,""ask_quantity"":20,""bid_orders"":1,""ask_orders"":1,""bid_price"":""532.70"",""ask_price"":""537.05""}]"
09:15:07.260,1790307907260821903,1025649814755970,Full Data,8,886572,534.95,40,09:15:07,531.14,10180,15160,97900,92640,"[{""bid_quantity"":40,""ask_quantity"":20,""bid_orders"":1,""ask_orders"":1,""bid_price"":""535.60"",""ask_price"":""536.95""},{""bid_quantity"":40,""ask_quantity"":40,""bid_orders"":1,""ask_orders"":1,""bid_price"":""535.55"",""ask_price"":""537.00""},{""bid_quantity"":20,""ask_quantity"":20,""bid_orders"":1,""ask_orders"":1,""bid_price"":""535.20"",""ask_price"":""537.10""},{""bid_quantity"":20,""ask_quantity"":40,""bid_orders"":1,""ask_orders"":2,""bid_price"":""535.10"",""ask_price"":""537.20""},{""bid_quantity"":80,""ask_quantity"":20,""bid_orders"":3,""ask_orders"":1,""bid_price"":""535.00"",""ask_price"":""537.25""}]"
09:15:07.285,1790307907285087578,1025649839021565,Full Data,8,886747,707.15,20,09:15:07,696.31,2640,14320,12840,5900,"[{""bid_quantity"":60,""ask_quantity"":40,""bid_orders"":2,""ask_orders"":2,""bid_price"":""709.45"",""ask_price"":""713.40""},{""bid_quantity"":20,""ask_quantity"":40,""bid_orders"":1,""ask_orders"":2,""bid_price"":""709.40"",""ask_price"":""714.90""},{""bid_quantity"":20,""ask_quantity"":120,""bid_orders"":1,""ask_orders"":2,""bid_price"":""709.30"",""ask_price"":""716.10""},{""bid_quantity"":20,""ask_quantity"":100,""bid_orders"":1,""ask_orders"":2,""bid_price"":""709.20"",""ask_price"":""719.25""},{""bid_quantity"":20,""ask_quantity"":40,""bid_orders"":1,""ask_orders"":1,""bid_price"":""709.10"",""ask_price"":""722.80""}]"
09:15:07.395,1790307907395546486,1025649949480593,Full Data,8,886718,400.25,40,09:15:07,412.47,47280,18880,33080,276660,"[{""bid_quantity"":20,""ask_quantity"":20,""bid_orders"":1,""ask_orders"":1,""bid_price"":""398.15"",""ask_price"":""400.30""},{""bid_quantity"":40,""ask_quantity"":20,""bid_orders"":1,""ask_orders"":1,""bid_price"":""397.85"",""ask_price"":""400.35""},{""bid_quantity"":100,""ask_quantity"":20,""bid_orders"":1,""ask_orders"":1,""bid_price"":""397.80"",""ask_price"":""400.55""},{""bid_quantity"":120,""ask_quantity"":40,""bid_orders"":2,""ask_orders"":1,""bid_price"":""397.20"",""ask_price"":""401.10""},{""bid_quantity"":20,""ask_quantity"":100,""bid_orders"":1,""ask_orders"":1,""bid_price"":""396.85"",""ask_price"":""401.40""}]"
09:15:07.521,1790307907521901815,1025650075836042,Ticker Data,0,51,73516.50,,09:15:07,,,,,,
09:15:07.637,1790307907637211994,1025650191146021,Full Data,8,887124,322.15,20,09:15:07,330.77,8540,14780,22640,64860,"[{""bid_quantity"":40,""ask_quantity"":80,""bid_orders"":1,""ask_orders"":4,""bid_price"":""319.05"",""ask_price"":""322.10""},{""bid_quantity"":20,""ask_quantity"":40,""bid_orders"":1,""ask_orders"":2,""bid_price"":""319.00"",""ask_price"":""322.80""},{""bid_quantity"":40,""ask_quantity"":480,""bid_orders"":1,""ask_orders"":6,""bid_price"":""318.20"",""ask_price"":""322.85""},{""bid_quantity"":40,""ask_quantity"":360,""bid_orders"":1,""ask_orders"":3,""bid_price"":""318.15"",""ask_price"":""322.90""},{""bid_quantity"":940,""ask_quantity"":80,""bid_orders"":4,""ask_orders"":2,""bid_price"":""318.10"",""ask_price"":""323.45""}]"
09:15:07.664,1790307907664210207,1025650218144314,Full Data,8,886951,787.05,20,09:15:07,768.76,1440,13700,16680,6000,"[{""bid_quantity"":60,""ask_quantity"":40,""bid_orders"":2,""ask_orders"":2,""bid_price"":""787.95"",""ask_price"":""795.90""},{""bid_quantity"":20,""ask_quantity"":40,""bid_orders"":1,""ask_orders"":2,""bid_price"":""787.90"",""ask_price"":""796.00""},{""bid_quantity"":20,""ask_quantity"":20,""bid_orders"":1,""ask_orders"":1,""bid_price"":""787.70"",""ask_price"":""796.80""},{""bid_quantity"":20,""ask_quantity"":240,""bid_orders"":1,""ask_orders"":1,""bid_price"":""787.15"",""ask_price"":""798.50""},{""bid_quantity"":20,""ask_quantity"":300,""bid_orders"":1,""ask_orders"":1,""bid_price"":""787.00"",""ask_price"":""801.25""}]"
09:15:07.688,1790307907688679163,1025650242613390,Full Data,8,887124,319.00,20,09:15:07,330.69,8600,17780,22520,64860,"[{""bid_quantity"":40,""ask_quantity"":40,""bid_orders"":1,""ask_orders"":2,""bid_price"":""318.25"",""ask_price"":""320.65""},{""bid_quantity"":20,""ask_quantity"":60,""bid_orders"":1,""ask_orders"":2,""bid_price"":""318.20"",""ask_price"":""320.80""},{""bid_quantity"":40,""ask_quantity"":40,""bid_orders"":1,""ask_orders"":2,""bid_price"":""318.15"",""ask_price"":""321.10""},{""bid_quantity"":940,""ask_quantity"":40,""bid_orders"":4,""ask_orders"":2,""bid_price"":""318.10"",""ask_price"":""321.60""},{""bid_quantity"":60,""ask_quantity"":560,""bid_orders"":1,""ask_orders"":1,""bid_price"":""315.95"",""ask_price"":""321.95""}]"
09:15:07.694,1790307907694483641,1025650248417628,Full Data,8,886849,498.40,20,09:15:07,478.73,14320,16080,21860,167000,"[{""bid_quantity"":60,""ask_quantity"":420,""bid_orders"":1,""ask_orders"":5,""bid_price"":""497.65"",""ask_price"":""500.90""},{""bid_quantity"":20,""ask_quantity"":20,""bid_orders"":1,""ask_orders"":1,""bid_price"":""497.55"",""ask_price"":""500.95""},{""bid_quantity"":20,""ask_quantity"":120,""bid_orders"":1,""ask_orders"":2,""bid_price"":""497.35"",""ask_price"":""501.20""},{""bid_quantity"":20,""ask_quantity"":40,""bid_orders"":1,""ask_orders"":2,""bid_price"":""496.65"",""ask_price"":""501.85""},{""bid_quantity"":20,""ask_quantity"":20,""bid_orders"":1,""ask_orders"":1,""bid_price"":""496.55"",""ask_price"":""501.90""}]"
09:15:07.702,1790307907702057969,1025650255991996,Full Data,8,886692,838.15,20,09:15:07,827.64,820,11620,11920,4500,"[{""bid_quantity"":80,""ask_quantity"":120,""bid_orders"":4,""ask_orders"":5,""bid_price"":""842.40"",""ask_price"":""868.15""},{""bid_quantity"":40,""ask_quantity"":20,""bid_orders"":2,""ask_orders"":1,""bid_price"":""842.35"",""ask_price"":""868.20""},{""bid_quantity"":560,""ask_quantity"":40,""bid_orders"":6,""ask_orders"":2,""bid_price"":""842.30"",""ask_price"":""868.25""},{""bid_quantity"":20,""ask_quantity"":40,""bid_orders"":1,""ask_orders"":2,""bid_price"":""842.25"",""ask_price"":""868.30""},{""bid_quantity"":20,""ask_quantity"":20,""bid_orders"":1,""ask_orders"":1,""bid_price"":""842.20"",""ask_price"":""868.35""}]"
09:15:07.723,1790307907723632307,1025650277566374,Full Data,8,886951,787.05,20,09:15:07,768.76,1440,12440,16240,6000,"[{""bid_quantity"":60,""ask_quantity"":40,""bid_orders"":2,""ask_orders"":2,""bid_price"":""791.85"",""ask_price"":""799.90""},{""bid_quantity"":20,""ask_quantity"":40,""bid_orders"":1,""ask_orders"":2,""bid_price"":""791.80"",""ask_price"":""800.00""},{""bid_quantity"":20,""ask_quantity"":20,""bid_orders"":1,""ask_orders"":1,""bid_price"":""791.70"",""ask_price"":""800.40""},{""bid_quantity"":20,""ask_quantity"":20,""bid_orders"":1,""ask_orders"":1,""bid_price"":""791.60"",""ask_price"":""800.70""},{""bid_quantity"":20,""ask_quantity"":300,""bid_orders"":1,""ask_orders"":1,""bid_price"":""791.50"",""ask_price"":""801.25""}]"
09:15:07.764,1790307907764617570,1025650318551437,Full Data,8,886849,498.35,40,09:15:07,479.16,14640,13720,20400,167000,"[{""bid_quantity"":20,""ask_quantity"":20,""bid_orders"":1,""ask_orders"":1,""bid_price"":""496.95"",""ask_price"":""498.55""},{""bid_quantity"":120,""ask_quantity"":20,""bid_orders"":1,""ask_orders"":1,""bid_price"":""496.90"",""ask_price"":""498.70""},{""bid_quantity"":20,""ask_quantity"":20,""bid_orders"":1,""ask_orders"":1,""bid_price"":""496.80"",""ask_price"":""498.80""},{""bid_quantity"":40,""ask_quantity"":20,""bid_orders"":1,""ask_orders"":1,""bid_price"":""496.70"",""ask_price"":""498.95""},{""bid_quantity"":20,""ask_quantity"":20,""bid_orders"":1,""ask_orders"":1,""bid_price"":""496.65"",""ask_price"":""499.10""}]"
09:15:07.790,1790307907790216094,1025650344150241,Full Data,8,886692,838.15,20,09:15:07,827.64,820,9260,10080,4500,"[{""bid_quantity"":620,""ask_quantity"":100,""bid_orders"":9,""ask_orders"":4,""bid_price"":""842.90"",""ask_price"":""868.05""},{""bid_quantity"":40,""ask_quantity"":20,""bid_orders"":2,""ask_orders"":1,""bid_price"":""842.85"",""ask_price"":""868.10""},{""bid_quantity"":20,""ask_quantity"":40,""bid_orders"":1,""ask_orders"":2,""bid_price"":""842.80"",""ask_price"":""868.15""},{""bid_quantity"":80,""ask_quantity"":40,""bid_orders"":4,""ask_orders"":2,""bid_price"":""842.75"",""ask_price"":""868.25""},{""bid_quantity"":80,""ask_quantity"":20,""bid_orders"":4,""ask_orders"":1,""bid_price"":""842.70"",""ask_price"":""868.35""}]"
09:15:07.830,1790307907830487512,1025650384421379,Full Data,8,886924,353.90,20,09:15:07,368.30,14340,14580,23080,59380,"[{""bid_quantity"":60,""ask_quantity"":80,""bid_orders"":2,""ask_orders"":3,""bid_price"":""353.30"",""ask_price"":""355.45""},{""bid_quantity"":20,""ask_quantity"":40,""bid_orders"":1,""ask_orders"":2,""bid_price"":""353.25"",""ask_price"":""355.50""},{""bid_quantity"":40,""ask_quantity"":60,""bid_orders"":2,""ask_orders"":2,""bid_price"":""353.15"",""ask_price"":""355.55""},{""bid_quantity"":20,""ask_quantity"":40,""bid_orders"":1,""ask_orders"":2,""bid_price"":""353.10"",""ask_price"":""355.60""},{""bid_quantity"":40,""ask_quantity"":40,""bid_orders"":2,""ask_orders"":2,""bid_price"":""353.05"",""ask_price"":""355.70""}]"
09:15:08.047,1790307908047359181,1025650601293368,Full Data,8,887036,520.05,20,09:15:07,544.79,11140,13640,95020,155340,"[{""bid_quantity"":420,""ask_quantity"":40,""bid_orders"":7,""ask_orders"":1,""bid_price"":""520.20"",""ask_price"":""522.55""},{""bid_quantity"":20,""ask_quantity"":20,""bid_orders"":1,""ask_orders"":1,""bid_price"":""520.15"",""ask_price"":""522.60""},{""bid_quantity"":40,""ask_quantity"":40,""bid_orders"":1,""ask_orders"":1,""bid_price"":""518.75"",""ask_price"":""522.75""},{""bid_quantity"":100,""ask_quantity"":20,""bid_orders"":1,""ask_orders"":1,""bid_price"":""518.70"",""ask_price"":""522.80""},{""bid_quantity"":120,""ask_quantity"":20,""bid_orders"":1,""ask_orders"":1,""bid_price"":""517.95"",""ask_price"":""523.00""}]"
09:15:08.058,1790307908058746254,1025650612680321,Full Data,8,886872,287.40,40,09:15:08,298.72,14020,14560,24960,47980,"[{""bid_quantity"":40,""ask_quantity"":40,""bid_orders"":1,""ask_orders"":1,""bid_price"":""285.70"",""ask_price"":""287.85""},{""bid_quantity"":20,""ask_quantity"":20,""bid_orders"":1,""ask_orders"":1,""bid_price"":""285.65"",""ask_price"":""287.90""},{""bid_quantity"":40,""ask_quantity"":60,""bid_orders"":1,""ask_orders"":2,""bid_price"":""285.60"",""ask_price"":""289.45""},{""bid_quantity"":20,""ask_quantity"":120,""bid_orders"":1,""ask_orders"":2,""bid_price"":""285.55"",""ask_price"":""289.60""},{""bid_quantity"":40,""ask_quantity"":20,""bid_orders"":1,""ask_orders"":1,""bid_price"":""285.05"",""ask_price"":""289.65""}]"
09:15:08.094,1790307908094529403,1025650648463470,Full Data,8,887036,522.00,20,09:15:08,544.75,11160,14760,97460,155340,"[{""bid_quantity"":40,""ask_quantity"":40,""bid_orders"":2,""ask_orders"":1,""bid_price"":""520.50"",""ask_price"":""526.35""},{""bid_quantity"":120,""ask_quantity"":100,""bid_orders"":2,""ask_orders"":1,""bid_price"":""520.45"",""ask_price"":""526.40""},{""bid_quantity"":20,""ask_quantity"":40,""bid_orders"":1,""ask_orders"":1,""bid_price"":""520.40"",""ask_price"":""528.15""},{""bid_quantity"":360,""ask_quantity"":80,""bid_orders"":5,""ask_orders"":2,""bid_price"":""520.35"",""ask_price"":""529.05""},{""bid_quantity"":100,""ask_quantity"":20,""bid_orders"":3,""ask_orders"":1,""bid_price"":""520.30"",""ask_price"":""529.15""}]"
09:15:08.137,1790307908137825880,1025650691759827,Full Data,8,886776,475.75,20,09:15:08,495.06,9800,13080,95400,67800,"[{""bid_quantity"":40,""ask_quantity"":20,""bid_orders"":1,""ask_orders"":1,""bid_price"":""477.20"",""ask_price"":""479.15""},{""bid_quantity"":40,""ask_quantity"":20,""bid_orders"":2,""ask_orders"":1,""bid_price"":""477.05"",""ask_price"":""479.20""},{""bid_quantity"":40,""ask_quantity"":20,""bid_orders"":2,""ask_orders"":1,""bid_price"":""476.55"",""ask_price"":""479.30""},{""bid_quantity"":60,""ask_quantity"":20,""bid_orders"":2,""ask_orders"":1,""bid_price"":""475.90"",""ask_price"":""479.35""},{""bid_quantity"":80,""ask_quantity"":20,""bid_orders"":2,""ask_orders"":1,""bid_price"":""475.85"",""ask_price"":""479.40""}]"
09:15:08.222,1790307908222647664,1025650776581771,Full Data,8,886805,611.85,20,09:15:08,590.02,11320,11420,104660,42420,"[{""bid_quantity"":20,""ask_quantity"":20,""bid_orders"":1,""ask_orders"":1,""bid_price"":""610.20"",""ask_price"":""611.80""},{""bid_quantity"":20,""ask_quantity"":20,""bid_orders"":1,""ask_orders"":1,""bid_price"":""610.05"",""ask_price"":""611.85""},{""bid_quantity"":40,""ask_quantity"":20,""bid_orders"":2,""ask_orders"":1,""bid_price"":""610.00"",""ask_price"":""613.15""},{""bid_quantity"":80,""ask_quantity"":40,""bid_orders"":4,""ask_orders"":1,""bid_price"":""609.85"",""ask_price"":""613.20""},{""bid_quantity"":20,""ask_quantity"":120,""bid_orders"":1,""ask_orders"":1,""bid_price"":""609.65"",""ask_price"":""613.25""}]"
09:15:08.264,1790307908264581332,1025650818515319,Full Data,8,886572,560.00,20,09:15:08,535.78,12960,12800,98540,92640,"[{""bid_quantity"":20,""ask_quantity"":40,""bid_orders"":1,""ask_orders"":2,""bid_price"":""561.05"",""ask_price"":""563.35""},{""bid_quantity"":20,""ask_quantity"":40,""bid_orders"":1,""ask_orders"":2,""bid_price"":""561.00"",""ask_price"":""563.55""},{""bid_quantity"":20,""ask_quantity"":60,""bid_orders"":1,""ask_orders"":2,""bid_price"":""560.65"",""ask_price"":""563.70""},{""bid_quantity"":20,""ask_quantity"":40,""bid_orders"":1,""ask_orders"":1,""bid_price"":""560.55"",""ask_price"":""563.95""},{""bid_quantity"":20,""ask_quantity"":40,""bid_orders"":1,""ask_orders"":1,""bid_price"":""560.45"",""ask_price"":""565.05""}]"
09:15:08.342,1790307908342161389,1025650896095536,Full Data,8,886572,559.80,20,09:15:08,535.93,13040,15520,100780,92640,"[{""bid_quantity"":40,""ask_quantity"":60,""bid_orders"":1,""ask_orders"":3,""bid_price"":""559.65"",""ask_price"":""562.50""},{""bid_quantity"":60,""ask_quantity"":20,""bid_orders"":2,""ask_orders"":1,""bid_price"":""559.60"",""ask_price"":""562.60""},{""bid_quantity"":40,""ask_quantity"":40,""bid_orders"":1,""ask_orders"":2,""bid_price"":""559.55"",""ask_price"":""562.65""},{""bid_quantity"":100,""ask_quantity"":40,""bid_orders"":1,""ask_orders"":1,""bid_price"":""559.30"",""ask_price"":""562.70""},{""bid_quantity"":20,""ask_quantity"":40,""bid_orders"":1,""ask_orders"":2,""bid_price"":""559.25"",""ask_price"":""562.75""}]"
09:15:08.343,1790307908343511278,1025650897445105,Full Data,8,886747,739.80,20,09:15:08,700.05,3000,12140,91380,5900,"[{""bid_quantity"":20,""ask_quantity"":80,""bid_orders"":1,""ask_orders"":3,""bid_price"":""738.20"",""ask_price"":""742.30""},{""bid_quantity"":20,""ask_quantity"":20,""bid_orders"":1,""ask_orders"":1,""bid_price"":""738.15"",""ask_price"":""742.35""},{""bid_quantity"":20,""ask_quantity"":40,""bid_orders"":1,""ask_orders"":2,""bid_price"":""738.05"",""ask_price"":""742.40""},{""bid_quantity"":40,""ask_quantity"":40,""bid_orders"":1,""ask_orders"":2,""bid_price"":""738.00"",""ask_price"":""742.45""},{""bid_quantity"":20,""ask_quantity"":40,""bid_orders"":1,""ask_orders"":2,""bid_price"":""737.95"",""ask_price"":""742.55""}]"
09:15:08.425,1790307908425065120,1025650978999027,Full Data,8,886718,387.70,20,09:15:08,409.57,55180,19280,27540,276660,"[{""bid_quantity"":20,""ask_quantity"":20,""bid_orders"":1,""ask_orders"":1,""bid_price"":""387.90"",""ask_price"":""390.80""},{""bid_quantity"":80,""ask_quantity"":20,""bid_orders"":4,""ask_orders"":1,""bid_price"":""387.85"",""ask_price"":""390.85""},{""bid_quantity"":40,""ask_quantity"":40,""bid_orders"":2,""ask_orders"":2,""bid_price"":""387.75"",""ask_price"":""390.90""},{""bid_quantity"":60,""ask_quantity"":60,""bid_orders"":3,""ask_orders"":2,""bid_price"":""387.65"",""ask_price"":""391.00""},{""bid_quantity"":60,""ask_quantity"":20,""bid_orders"":3,""ask_orders"":1,""bid_price"":""387.60"",""ask_price"":""391.10""}]"
09:15:08.512,1790307908512923083,1025651066857310,Ticker Data,0,51,73540.17,,09:15:08,,,,,,
09:15:08.692,1790307908692047990,1025651245982057,Full Data,8,887124,310.60,20,09:15:08,326.84,12060,15200,21840,64860,"[{""bid_quantity"":60,""ask_quantity"":20,""bid_orders"":2,""ask_orders"":1,""bid_price"":""311.35"",""ask_price"":""312.55""},{""bid_quantity"":60,""ask_quantity"":820,""bid_orders"":2,""ask_orders"":3,""bid_price"":""311.25"",""ask_price"":""312.60""},{""bid_quantity"":60,""ask_quantity"":60,""bid_orders"":3,""ask_orders"":2,""bid_price"":""311.20"",""ask_price"":""313.20""},{""bid_quantity"":60,""ask_quantity"":60,""bid_orders"":2,""ask_orders"":2,""bid_price"":""311.15"",""ask_price"":""313.30""},{""bid_quantity"":40,""ask_quantity"":20,""bid_orders"":2,""ask_orders"":1,""bid_price"":""311.10"",""ask_price"":""314.35""}]"
09:15:08.732,1790307908732896892,1025651286830959,Full Data,8,886951,809.15,20,09:15:08,769.77,1480,9960,12040,6000,"[{""bid_quantity"":60,""ask_quantity"":20,""bid_orders"":2,""ask_orders"":1,""bid_price"":""798.35"",""ask_price"":""806.90""},{""bid_quantity"":20,""ask_quantity"":20,""bid_orders"":1,""ask_orders"":1,""bid_price"":""798.00"",""ask_price"":""806.95""},{""bid_quantity"":20,""ask_quantity"":20,""bid_orders"":1,""ask_orders"":1,""bid_price"":""797.90"",""ask_price"":""807.00""},{""bid_quantity"":20,""ask_quantity"":20,""bid_orders"":1,""ask_orders"":1,""bid_price"":""797.80"",""ask_price"":""807.05""},{""bid_quantity"":20,""ask_quantity"":40,""bid_orders"":1,""ask_orders"":2,""bid_price"":""797.70"",""ask_price"":""807.10""}]"
09:15:08.772,1790307908772382905,1025651326316932,Full Data,8,886849,499.55,20,09:15:08,482.31,16960,13820,20300,167000,"[{""bid_quantity"":20,""ask_quantity"":40,""bid_orders"":1,""ask_orders"":2,""bid_price"":""499.95"",""ask_price"":""502.15""},{""bid_quantity"":40,""ask_quantity"":40,""bid_orders"":1,""ask_orders"":1,""bid_price"":""499.90"",""ask_price"":""502.45""},{""bid_quantity"":20,""ask_quantity"":60,""bid_orders"":1,""ask_orders"":2,""bid_price"":""499.85"",""ask_price"":""502.50""},{""bid_quantity"":40,""ask_quantity"":140,""bid_orders"":1,""ask_orders"":2,""bid_price"":""499.80"",""ask_price"":""502.70""},{""bid_quantity"":20,""ask_quantity"":40,""bid_orders"":1,""ask_orders"":1,""bid_price"":""499.75"",""ask_price"":""503.70""}]"
09:15:08.803,1790307908803659345,1025651357593132,Full Data,8,886692,867.95,20,09:15:07,828.60,840,12620,10500,4500,"[{""bid_quantity"":20,""ask_quantity"":40,""bid_orders"":1,""ask_orders"":2,""bid_price"":""862.15"",""ask_price"":""867.90""},{""bid_quantity"":20,""ask_quantity"":40,""bid_orders"":1,""ask_orders"":1,""bid_price"":""862.05"",""ask_price"":""867.95""},{""bid_quantity"":20,""ask_quantity"":20,""bid_orders"":1,""ask_orders"":1,""bid_price"":""862.00"",""ask_price"":""868.00""},{""bid_quantity"":20,""ask_quantity"":20,""bid_orders"":1,""ask_orders"":1,""bid_price"":""861.95"",""ask_price"":""868.10""},{""bid_quantity"":20,""ask_quantity"":20,""bid_orders"":1,""ask_orders"":1,""bid_price"":""861.85"",""ask_price"":""868.20""}]"
09:15:08.907,1790307908907540330,1025651461474437,Full Data,8,886692,867.95,20,09:15:07,828.60,840,11760,9900,4500,"[{""bid_quantity"":20,""ask_quantity"":20,""bid_orders"":1,""ask_orders"":1,""bid_price"":""857.85"",""ask_price"":""863.85""},{""bid_quantity"":20,""ask_quantity"":40,""bid_orders"":1,""ask_orders"":1,""bid_price"":""857.80"",""ask_price"":""864.15""},{""bid_quantity"":20,""ask_quantity"":20,""bid_orders"":1,""ask_orders"":1,""bid_price"":""857.70"",""ask_price"":""864.50""},{""bid_quantity"":20,""ask_quantity"":20,""bid_orders"":1,""ask_orders"":1,""bid_price"":""857.60"",""ask_price"":""864.60""},{""bid_quantity"":20,""ask_quantity"":20,""bid_orders"":1,""ask_orders"":1,""bid_price"":""857.50"",""ask_price"":""864.70""}]"
09:15:09.099,1790307909099769641,1025651653703708,Full Data,8,887036,520.55,60,09:15:09,538.85,14340,15200,98560,155340,"[{""bid_quantity"":40,""ask_quantity"":40,""bid_orders"":1,""ask_orders"":1,""bid_price"":""519.75"",""ask_price"":""522.55""},{""bid_quantity"":80,""ask_quantity"":60,""bid_orders"":2,""ask_orders"":3,""bid_price"":""519.70"",""ask_price"":""522.60""},{""bid_quantity"":20,""ask_quantity"":20,""bid_orders"":1,""ask_orders"":1,""bid_price"":""519.45"",""ask_price"":""522.65""},{""bid_quantity"":40,""ask_quantity"":180,""bid_orders"":1,""ask_orders"":3,""bid_price"":""519.35"",""ask_price"":""522.70""},{""bid_quantity"":40,""ask_quantity"":80,""bid_orders"":1,""ask_orders"":2,""bid_price"":""519.30"",""ask_price"":""522.75""}]"
09:15:09.145,1790307909145045411,1025651698979318,Full Data,8,886776,472.05,20,09:15:08,491.07,11700,15980,96280,67800,"[{""bid_quantity"":20,""ask_quantity"":20,""bid_orders"":1,""ask_orders"":1,""bid_price"":""472.30"",""ask_price"":""473.90""},{""bid_quantity"":40,""ask_quantity"":20,""bid_orders"":1,""ask_orders"":1,""bid_price"":""472.15"",""ask_price"":""474.05""},{""bid_quantity"":20,""ask_quantity"":20,""bid_orders"":1,""ask_orders"":1,""bid_price"":""472.05"",""ask_price"":""474.10""},{""bid_quantity"":20,""ask_quantity"":20,""bid_orders"":1,""ask_orders"":1,""bid_price"":""471.90"",""ask_price"":""474.25""},{""bid_quantity"":20,""ask_quantity"":20,""bid_orders"":1,""ask_orders"":1,""bid_price"":""471.85"",""ask_price"":""474.30""}]"
09:15:09.154,1790307909154502472,1025651708436339,Full Data,8,887036,520.55,60,09:15:09,538.85,14340,14280,96440,155340,"[{""bid_quantity"":80,""ask_quantity"":200,""bid_orders"":2,""ask_orders"":5,""bid_price"":""520.15"",""ask_price"":""523.30""},{""bid_quantity"":40,""ask_quantity"":40,""bid_orders"":2,""ask_orders"":2,""bid_price"":""520.10"",""ask_price"":""523.40""},{""bid_quantity"":80,""ask_quantity"":40,""bid_orders"":3,""ask_orders"":2,""bid_price"":""520.05"",""ask_price"":""523.50""},{""bid_quantity"":100,""ask_quantity"":80,""bid_orders"":1,""ask_orders"":2,""bid_price"":""520.00"",""ask_price"":""523.55""},{""bid_quantity"":80,""ask_quantity"":100,""bid_orders"":3,""ask_orders"":1,""bid_price"":""519.95"",""ask_price"":""524.30""}]"
09:15:09.173,1790307909173093751,1025651727027538,Full Data,8,886872,284.25,20,09:15:09,295.72,17240,14520,27900,47980,"[{""bid_quantity"":100,""ask_quantity"":40,""bid_orders"":3,""ask_orders"":1,""bid_price"":""283.90"",""ask_price"":""286.45""},{""bid_quantity"":80,""ask_quantity"":100,""bid_orders"":3,""ask_orders"":1,""bid_price"":""283.85"",""ask_price"":""286.50""},{""bid_quantity"":20,""ask_quantity"":40,""bid_orders"":1,""ask_orders"":1,""bid_price"":""283.70"",""ask_price"":""287.00""},{""bid_quantity"":40,""ask_quantity"":40,""bid_orders"":2,""ask_orders"":1,""bid_price"":""283.65"",""ask_price"":""287.05""},{""bid_quantity"":20,""ask_quantity"":120,""bid_orders"":1,""ask_orders"":1,""bid_price"":""283.60"",""ask_price"":""287.40""}]"
09:15:09.231,1790307909231591446,1025651785525633,Full Data,8,886805,608.80,20,09:15:09,592.35,12600,12960,104940,42420,"[{""bid_quantity"":160,""ask_quantity"":60,""bid_orders"":3,""ask_orders"":3,""bid_price"":""605.05"",""ask_price"":""607.95""},{""bid_quantity"":40,""ask_quantity"":100,""bid_orders"":2,""ask_orders"":1,""bid_price"":""605.00"",""ask_price"":""609.00""},{""bid_quantity"":120,""ask_quantity"":20,""bid_orders"":3,""ask_orders"":1,""bid_price"":""604.45"",""ask_price"":""609.25""},{""bid_quantity"":40,""ask_quantity"":120,""bid_orders"":1,""ask_orders"":1,""bid_price"":""602.50"",""ask_price"":""609.75""},{""bid_quantity"":100,""ask_quantity"":80,""bid_orders"":1,""ask_orders"":1,""bid_price"":""602.30"",""ask_price"":""610.05""}]"
09:15:09.270,1790307909270824257,1025651824758244,Full Data,8,886805,606.05,20,09:15:09,592.39,12640,13760,104480,42420,"[{""bid_quantity"":20,""ask_quantity"":20,""bid_orders"":1,""ask_orders"":1,""bid_price"":""602.75"",""ask_price"":""605.40""},{""bid_quantity"":40,""ask_quantity"":20,""bid_orders"":2,""ask_orders"":1,""bid_price"":""602.65"",""ask_price"":""605.60""},{""bid_quantity"":80,""ask_quantity"":40,""bid_orders"":1,""ask_orders"":1,""bid_price"":""602.30"",""ask_price"":""605.75""},{""bid_quantity"":20,""ask_quantity"":20,""bid_orders"":1,""ask_orders"":1,""bid_price"":""601.15"",""ask_price"":""605.80""},{""bid_quantity"":20,""ask_quantity"":20,""bid_orders"":1,""ask_orders"":1,""bid_price"":""601.10"",""ask_price"":""606.00""}]"
09:15:09.337,1790307909337263643,1025651891197830,Full Data,8,886572,552.15,20,09:15:09,538.40,14820,14940,100860,92640,"[{""bid_quantity"":60,""ask_quantity"":40,""bid_orders"":2,""ask_orders"":2,""bid_price"":""550.70"",""ask_price"":""552.15""},{""bid_quantity"":40,""ask_quantity"":40,""bid_orders"":2,""ask_orders"":1,""bid_price"":""550.65"",""ask_price"":""552.90""},{""bid_quantity"":60,""ask_quantity"":120,""bid_orders"":2,""ask_orders"":1,""bid_price"":""550.55"",""ask_price"":""553.40""},{""bid_quantity"":80,""ask_quantity"":40,""bid_orders"":3,""ask_orders"":1,""bid_price"":""550.50"",""ask_price"":""553.55""},{""bid_quantity"":20,""ask_quantity"":40,""bid_orders"":1,""ask_orders"":1,""bid_price"":""550.45"",""ask_price"":""553.60""}]"
09:15:09.393,1790307909393793925,1025651947727792,Full Data,8,886572,552.15,20,09:15:09,538.40,14820,17460,102240,92640,"[{""bid_quantity"":40,""ask_quantity"":60,""bid_orders"":1,""ask_orders"":1,""bid_price"":""549.10"",""ask_price"":""551.00""},{""bid_quantity"":20,""ask_quantity"":320,""bid_orders"":1,""ask_orders"":1,""bid_price"":""549.05"",""ask_price"":""551.25""},{""bid_quantity"":40,""ask_quantity"":60,""bid_orders"":1,""ask_orders"":2,""bid_price"":""548.90"",""ask_price"":""551.30""},{""bid_quantity"":20,""ask_quantity"":20,""bid_orders"":1,""ask_orders"":1,""bid_price"":""548.85"",""ask_price"":""551.40""},{""bid_quantity"":40,""ask_quantity"":20,""bid_orders"":1,""ask_orders"":1,""bid_price"":""548.80"",""ask_price"":""551.45""}]"
09:15:09.513,1790307909513411371,1025652067345438,Ticker Data,0,51,73526.08,,09:15:09,,,,,,
09:15:09.748,1790307909748697758,1025652302632225,Full Data,8,887124,310.95,20,09:15:09,325.75,13120,20680,26980,64860,"[{""bid_quantity"":40,""ask_quantity"":60,""bid_orders"":1,""ask_orders"":2,""bid_price"":""311.35"",""ask_price"":""313.05""},{""bid_quantity"":40,""ask_quantity"":40,""bid_orders"":1,""ask_orders"":1,""bid_price"":""311.30"",""ask_price"":""313.10""},{""bid_quantity"":20,""ask_quantity"":60,""bid_orders"":1,""ask_orders"":3,""bid_price"":""311.25"",""ask_price"":""313.20""},{""bid_quantity"":20,""ask_quantity"":100,""bid_orders"":1,""ask_orders"":1,""bid_price"":""311.20"",""ask_price"":""313.50""},{""bid_quantity"":20,""ask_quantity"":40,""bid_orders"":1,""ask_orders"":1,""bid_price"":""311.15"",""ask_price"":""314.20""}]"
09:15:09.835,1790307909835931636,1025652389865703,Full Data,8,886951,800.45,100,09:15:08,771.71,1580,13280,96060,6000,"[{""bid_quantity"":140,""ask_quantity"":60,""bid_orders"":6,""ask_orders"":3,""bid_price"":""785.45"",""ask_price"":""798.70""},{""bid_quantity"":40,""ask_quantity"":20,""bid_orders"":2,""ask_orders"":1,""bid_price"":""785.40"",""ask_price"":""798.80""},{""bid_quantity"":20,""ask_quantity"":20,""bid_orders"":1,""ask_orders"":1,""bid_price"":""785.10"",""ask_price"":""798.90""},{""bid_quantity"":20,""ask_quantity"":20,""bid_orders"":1,""ask_orders"":1,""bid_price"":""784.50"",""ask_price"":""799.00""},{""bid_quantity"":240,""ask_quantity"":20,""bid_orders"":1,""ask_orders"":1,""bid_price"":""784.10"",""ask_price"":""799.10""}]"
09:15:09.883,1790307909883050938,1025652436984805,Full Data,8,886849,499.65,20,09:15:09,483.27,17940,16220,23380,167000,"[{""bid_quantity"":40,""ask_quantity"":60,""bid_orders"":1,""ask_orders"":2,""bid_price"":""499.45"",""ask_price"":""501.75""},{""bid_quantity"":20,""ask_quantity"":60,""bid_orders"":1,""ask_orders"":2,""bid_price"":""499.40"",""ask_price"":""502.55""},{""bid_quantity"":20,""ask_quantity"":120,""bid_orders"":1,""ask_orders"":2,""bid_price"":""499.15"",""ask_price"":""502.60""},{""bid_quantity"":60,""ask_quantity"":140,""bid_orders"":1,""ask_orders"":2,""bid_price"":""498.80"",""ask_price"":""502.95""},{""bid_quantity"":40,""ask_quantity"":40,""bid_orders"":1,""ask_orders"":1,""bid_price"":""498.45"",""ask_price"":""503.15""}]"
09:15:09.917,1790307909917562399,1025652471496386,Full Data,8,886692,860.25,20,09:15:09,829.34,860,12220,93040,4500,"[{""bid_quantity"":140,""ask_quantity"":100,""bid_orders"":7,""ask_orders"":4,""bid_price"":""855.15"",""ask_price"":""870.65""},{""bid_quantity"":40,""ask_quantity"":20,""bid_orders"":2,""ask_orders"":1,""bid_price"":""855.10"",""ask_price"":""870.70""},{""bid_quantity"":300,""ask_quantity"":40,""bid_orders"":4,""ask_orders"":2,""bid_price"":""855.05"",""ask_price"":""870.75""},{""bid_quantity"":20,""ask_quantity"":40,""bid_orders"":1,""ask_orders"":2,""bid_price"":""855.00"",""ask_price"":""870.85""},{""bid_quantity"":40,""ask_quantity"":240,""bid_orders"":2,""ask_orders"":1,""bid_price"":""854.95"",""ask_price"":""872.15""}]"
09:15:09.981,1790307909981484129,1025652535418516,Full Data,8,887017,671.50,20,09:15:09,647.79,35460,16640,135380,74320,"[{""bid_quantity"":40,""ask_quantity"":100,""bid_orders"":1,""ask_orders"":3,""bid_price"":""669.55"",""ask_price"":""671.50""},{""bid_quantity"":20,""ask_quantity"":20,""bid_orders"":1,""ask_orders"":1,""bid_price"":""669.50"",""ask_price"":""671.60""},{""bid_quantity"":20,""ask_quantity"":20,""bid_orders"":1,""ask_orders"":1,""bid_price"":""669.35"",""ask_price"":""672.35""},{""bid_quantity"":20,""ask_quantity"":40,""bid_orders"":1,""ask_orders"":2,""bid_price"":""669.20"",""ask_price"":""672.40""},{""bid_quantity"":20,""ask_quantity"":120,""bid_orders"":1,""ask_orders"":2,""bid_price"":""669.10"",""ask_price"":""672.80""}]"
09:15:10.155,1790307910155842245,1025652709776392,Full Data,8,887036,517.60,40,09:15:10,537.09,15660,15720,97400,155340,"[{""bid_quantity"":40,""ask_quantity"":40,""bid_orders"":1,""ask_orders"":2,""bid_price"":""517.30"",""ask_price"":""520.05""},{""bid_quantity"":20,""ask_quantity"":80,""bid_orders"":1,""ask_orders"":2,""bid_price"":""517.25"",""ask_price"":""520.10""},{""bid_quantity"":120,""ask_quantity"":80,""bid_orders"":1,""ask_orders"":3,""bid_price"":""517.20"",""ask_price"":""520.15""},{""bid_quantity"":20,""ask_quantity"":140,""bid_orders"":1,""ask_orders"":2,""bid_price"":""517.15"",""ask_price"":""520.45""},{""bid_quantity"":20,""ask_quantity"":40,""bid_orders"":1,""ask_orders"":2,""bid_price"":""517.05"",""ask_price"":""520.65""}]"
09:15:10.205,1790307910205411883,1025652759345710,Full Data,8,887036,517.35,20,09:15:10,536.77,15920,15820,98520,155340,"[{""bid_quantity"":100,""ask_quantity"":20,""bid_orders"":3,""ask_orders"":1,""bid_price"":""517.30"",""ask_price"":""517.95""},{""bid_quantity"":40,""ask_quantity"":40,""bid_orders"":2,""ask_orders"":1,""bid_price"":""517.25"",""ask_price"":""518.05""},{""bid_quantity"":60,""ask_quantity"":20,""bid_orders"":2,""ask_orders"":1,""bid_price"":""517.15"",""ask_price"":""518.55""},{""bid_quantity"":40,""ask_quantity"":120,""bid_orders"":2,""ask_orders"":1,""bid_price"":""517.10"",""ask_price"":""518.60""},{""bid_quantity"":20,""ask_quantity"":20,""bid_orders"":1,""ask_orders"":1,""bid_price"":""516.95"",""ask_price"":""519.45""}]"
09:15:10.223,1790307910223575439,1025652777509346,Full Data,8,886872,280.30,20,09:15:10,294.37,18980,17100,29420,47980,"[{""bid_quantity"":40,""ask_quantity"":40,""bid_orders"":1,""ask_orders"":1,""bid_price"":""280.10"",""ask_price"":""281.30""},{""bid_quantity"":80,""ask_quantity"":120,""bid_orders"":3,""ask_orders"":1,""bid_price"":""280.05"",""ask_price"":""281.35""},{""bid_quantity"":60,""ask_quantity"":280,""bid_orders"":3,""ask_orders"":2,""bid_price"":""279.95"",""ask_price"":""281.40""},{""bid_quantity"":40,""ask_quantity"":40,""bid_orders"":2,""ask_orders"":1,""bid_price"":""279.90"",""ask_price"":""282.45""},{""bid_quantity"":20,""ask_quantity"":100,""bid_orders"":1,""ask_orders"":1,""bid_price"":""279.85"",""ask_price"":""282.50""}]"
09:15:10.286,1790307910286288441,1025652840222348,Full Data,8,886805,608.15,20,09:15:10,593.41,13500,14800,106800,42420,"[{""bid_quantity"":60,""ask_quantity"":40,""bid_orders"":2,""ask_orders"":1,""bid_price"":""608.35"",""ask_price"":""611.05""},{""bid_quantity"":40,""ask_quantity"":20,""bid_orders"":1,""ask_orders"":1,""bid_price"":""608.30"",""ask_price"":""611.10""},{""bid_quantity"":20,""ask_quantity"":120,""bid_orders"":1,""ask_orders"":1,""bid_price"":""608.20"",""ask_price"":""611.20""},{""bid_quantity"":20,""ask_quantity"":200,""bid_orders"":1,""ask_orders"":3,""bid_price"":""608.10"",""ask_price"":""612.00""},{""bid_quantity"":20,""ask_quantity"":100,""bid_orders"":1,""ask_orders"":1,""bid_price"":""608.00"",""ask_price"":""612.75""}]"
09:15:10.328,1790307910328320830,1025652882254857,Full Data,8,886805,611.10,20,09:15:10,593.51,13580,14100,108820,42420,"[{""bid_quantity"":60,""ask_quantity"":100,""bid_orders"":3,""ask_orders"":1,""bid_price"":""611.05"",""ask_price"":""614.25""},{""bid_quantity"":40,""ask_quantity"":120,""bid_orders"":1,""ask_orders"":1,""bid_price"":""611.00"",""ask_price"":""614.30""},{""bid_quantity"":20,""ask_quantity"":100,""bid_orders"":1,""ask_orders"":1,""bid_price"":""610.95"",""ask_price"":""615.00""},{""bid_quantity"":20,""ask_quantity"":100,""bid_orders"":1,""ask_orders"":2,""bid_price"":""610.90"",""ask_price"":""615.70""},{""bid_quantity"":20,""ask_quantity"":80,""bid_orders"":1,""ask_orders"":1,""bid_price"":""610.70"",""ask_price"":""615.75""}]"
09:15:10.500,1790307910500808815,1025653054742882,Ticker Data,0,51,73524.03,,09:15:10,,,,,,
09:15:10.951,1790307910951987304,1025653505921531,Full Data,8,886849,500.95,20,09:15:10,484.13,18780,15820,22780,167000,"[{""bid_quantity"":80,""ask_quantity"":40,""bid_orders"":3,""ask_orders"":2,""bid_price"":""502.45"",""ask_price"":""503.90""},{""bid_quantity"":40,""ask_quantity"":40,""bid_orders"":2,""ask_orders"":2,""bid_price"":""502.40"",""ask_price"":""504.05""},{""bid_quantity"":40,""ask_quantity"":200,""bid_orders"":2,""ask_orders"":4,""bid_price"":""502.30"",""ask_price"":""504.10""},{""bid_quantity"":40,""ask_quantity"":40,""bid_orders"":2,""ask_orders"":2,""bid_price"":""502.05"",""ask_price"":""504.15""},{""bid_quantity"":40,""ask_quantity"":40,""bid_orders"":1,""ask_orders"":1,""bid_price"":""502.00"",""ask_price"":""504.60""}]"
09:15:11.015,1790307911015287110,1025653569221377,Full Data,8,887017,673.75,40,09:15:10,649.88,38900,14300,133520,74320,"[{""bid_quantity"":240,""ask_quantity"":20,""bid_orders"":4,""ask_orders"":1,""bid_price"":""671.50"",""ask_price"":""675.05""},{""bid_quantity"":40,""ask_quantity"":20,""bid_orders"":2,""ask_orders"":1,""bid_price"":""671.45"",""ask_price"":""675.20""},{""bid_quantity"":60,""ask_quantity"":200,""bid_orders"":3,""ask_orders"":2,""bid_price"":""671.40"",""ask_price"":""676.00""},{""bid_quantity"":20,""ask_quantity"":40,""bid_orders"":1,""ask_orders"":1,""bid_price"":""671.35"",""ask_price"":""676.35""},{""bid_quantity"":20,""ask_quantity"":40,""bid_orders"":1,""ask_orders"":2,""bid_price"":""671.25"",""ask_price"":""676.60""}]"
09:15:11.056,1790307911056762696,1025653610696763,Full Data,8,887017,682.15,360,09:15:11,651.97,42060,16940,133580,74320,"[{""bid_quantity"":20,""ask_quantity"":40,""bid_orders"":1,""ask_orders"":2,""bid_price"":""676.80"",""ask_price"":""679.95""},{""bid_quantity"":20,""ask_quantity"":20,""bid_orders"":1,""ask_orders"":1,""bid_price"":""676.75"",""ask_price"":""680.00""},{""bid_quantity"":60,""ask_quantity"":40,""bid_orders"":2,""ask_orders"":2,""bid_price"":""676.60"",""ask_price"":""680.05""},{""bid_quantity"":20,""ask_quantity"":20,""bid_orders"":1,""ask_orders"":1,""bid_price"":""676.55"",""ask_price"":""680.10""},{""bid_quantity"":20,""ask_quantity"":60,""bid_orders"":1,""ask_orders"":3,""bid_price"":""676.50"",""ask_price"":""680.15""}]"
09:15:11.214,1790307911214683987,1025653768618134,Full Data,8,887036,512.65,40,09:15:11,534.21,17820,17120,99120,155340,"[{""bid_quantity"":60,""ask_quantity"":220,""bid_orders"":2,""ask_orders"":5,""bid_price"":""512.55"",""ask_price"":""514.25""},{""bid_quantity"":40,""ask_quantity"":40,""bid_orders"":2,""ask_orders"":2,""bid_price"":""512.50"",""ask_price"":""514.35""},{""bid_quantity"":160,""ask_quantity"":180,""bid_orders"":1,""ask_orders"":2,""bid_price"":""512.40"",""ask_price"":""514.45""},{""bid_quantity"":20,""ask_quantity"":40,""bid_orders"":1,""ask_orders"":2,""bid_price"":""512.30"",""ask_price"":""515.15""},{""bid_quantity"":40,""ask_quantity"":120,""bid_orders"":2,""ask_orders"":2,""bid_price"":""512.25"",""ask_price"":""515.20""}]"
09:15:11.239,1790307911239122824,1025653793056971,Full Data,8,886872,278.80,20,09:15:11,293.31,20360,15960,29640,47980,"[{""bid_quantity"":40,""ask_quantity"":20,""bid_orders"":2,""ask_orders"":1,""bid_price"":""277.45"",""ask_price"":""278.45""},{""bid_quantity"":40,""ask_quantity"":20,""bid_orders"":2,""ask_orders"":1,""bid_price"":""277.35"",""ask_price"":""278.50""},{""bid_quantity"":40,""ask_quantity"":20,""bid_orders"":1,""ask_orders"":1,""bid_price"":""277.30"",""ask_price"":""278.55""},{""bid_quantity"":40,""ask_quantity"":20,""bid_orders"":2,""ask_orders"":1,""bid_price"":""277.25"",""ask_price"":""278.65""},{""bid_quantity"":20,""ask_quantity"":20,""bid_orders"":1,""ask_orders"":1,""bid_price"":""277.15"",""ask_price"":""278.75""}]"
09:15:11.261,1790307911261634328,1025653815568155,Full Data,8,887036,510.50,40,09:15:11,534.06,17940,15380,96700,155340,"[{""bid_quantity"":60,""ask_quantity"":40,""bid_orders"":1,""ask_orders"":2,""bid_price"":""510.55"",""ask_price"":""512.30""},{""bid_quantity"":20,""ask_quantity"":160,""bid_orders"":1,""ask_orders"":3,""bid_price"":""510.50"",""ask_price"":""512.45""},{""bid_quantity"":40,""ask_quantity"":60,""bid_orders"":2,""ask_orders"":3,""bid_price"":""510.30"",""ask_price"":""512.55""},{""bid_quantity"":20,""ask_quantity"":40,""bid_orders"":1,""ask_orders"":2,""bid_price"":""510.10"",""ask_price"":""512.60""},{""bid_quantity"":60,""ask_quantity"":20,""bid_orders"":2,""ask_orders"":1,""bid_price"":""509.95"",""ask_price"":""512.65""}]"
09:15:11.347,1790307911347450637,1025653901384744,Full Data,8,886805,611.40,40,09:15:11,595.88,15320,13720,107880,42420,"[{""bid_quantity"":20,""ask_quantity"":20,""bid_orders"":1,""ask_orders"":1,""bid_price"":""610.55"",""ask_price"":""611.45""},{""bid_quantity"":20,""ask_quantity"":120,""bid_orders"":1,""ask_orders"":1,""bid_price"":""610.45"",""ask_price"":""611.95""},{""bid_quantity"":20,""ask_quantity"":40,""bid_orders"":1,""ask_orders"":1,""bid_price"":""610.40"",""ask_price"":""612.35""},{""bid_quantity"":20,""ask_quantity"":40,""bid_orders"":1,""ask_orders"":1,""bid_price"":""610.30"",""ask_price"":""612.40""},{""bid_quantity"":40,""ask_quantity"":20,""bid_orders"":2,""ask_orders"":1,""bid_price"":""610.25"",""ask_price"":""612.45""}]"
09:15:11.387,1790307911387657295,1025653941591682,Full Data,8,886805,611.45,20,09:15:11,595.90,15340,14740,106480,42420,"[{""bid_quantity"":20,""ask_quantity"":40,""bid_orders"":1,""ask_orders"":1,""bid_price"":""610.55"",""ask_price"":""612.45""},{""bid_quantity"":80,""ask_quantity"":20,""bid_orders"":3,""ask_orders"":1,""bid_price"":""610.40"",""ask_price"":""612.50""},{""bid_quantity"":40,""ask_quantity"":40,""bid_orders"":2,""ask_orders"":2,""bid_price"":""610.25"",""ask_price"":""612.65""},{""bid_quantity"":120,""ask_quantity"":20,""bid_orders"":1,""ask_orders"":1,""bid_price"":""610.20"",""ask_price"":""612.80""},{""bid_quantity"":20,""ask_quantity"":40,""bid_orders"":1,""ask_orders"":2,""bid_price"":""610.15"",""ask_price"":""613.00""}]"
09:15:11.506,1790307911506665337,1025654060599404,Ticker Data,0,51,73530.65,,09:15:11,,,,,,
09:15:11.518,1790307911518222251,1025654072156158,Full Data,8,886718,382.20,80,09:15:11,404.21,70000,21120,35860,276660,"[{""bid_quantity"":40,""ask_quantity"":40,""bid_orders"":2,""ask_orders"":1,""bid_price"":""380.95"",""ask_price"":""382.25""},{""bid_quantity"":60,""ask_quantity"":40,""bid_orders"":1,""ask_orders"":2,""bid_price"":""380.80"",""ask_price"":""382.30""},{""bid_quantity"":60,""ask_quantity"":20,""bid_orders"":2,""ask_orders"":1,""bid_price"":""380.75"",""ask_price"":""382.40""},{""bid_quantity"":20,""ask_quantity"":40,""bid_orders"":1,""ask_orders"":2,""bid_price"":""380.70"",""ask_price"":""382.45""},{""bid_quantity"":40,""ask_quantity"":40,""bid_orders"":1,""ask_orders"":2,""bid_price"":""380.45"",""ask_price"":""382.65""}]"
09:15:11.888,1790307911888896225,1025654442830412,Full Data,8,887124,304.20,40,09:15:11,324.20,14700,19340,26220,64860,"[{""bid_quantity"":60,""ask_quantity"":40,""bid_orders"":2,""ask_orders"":2,""bid_price"":""302.30"",""ask_price"":""304.30""},{""bid_quantity"":60,""ask_quantity"":40,""bid_orders"":2,""ask_orders"":2,""bid_price"":""302.25"",""ask_price"":""304.45""},{""bid_quantity"":80,""ask_quantity"":140,""bid_orders"":2,""ask_orders"":2,""bid_price"":""302.20"",""ask_price"":""304.50""},{""bid_quantity"":60,""ask_quantity"":60,""bid_orders"":3,""ask_orders"":3,""bid_price"":""302.10"",""ask_price"":""304.60""},{""bid_quantity"":20,""ask_quantity"":20,""bid_orders"":1,""ask_orders"":1,""bid_price"":""302.00"",""ask_price"":""304.65""}]"
09:15:12.174,1790307912174771056,1025654728705203,Full Data,8,887017,678.65,20,09:15:12,654.18,45600,16060,135400,74320,"[{""bid_quantity"":40,""ask_quantity"":20,""bid_orders"":2,""ask_orders"":1,""bid_price"":""678.70"",""ask_price"":""680.75""},{""bid_quantity"":40,""ask_quantity"":40,""bid_orders"":2,""ask_orders"":1,""bid_price"":""678.55"",""ask_price"":""681.50""},{""bid_quantity"":40,""ask_quantity"":40,""bid_orders"":2,""ask_orders"":1,""bid_price"":""678.40"",""ask_price"":""681.55""},{""bid_quantity"":40,""ask_quantity"":20,""bid_orders"":2,""ask_orders"":1,""bid_price"":""678.20"",""ask_price"":""681.60""},{""bid_quantity"":20,""ask_quantity"":20,""bid_orders"":1,""ask_orders"":1,""bid_price"":""678.15"",""ask_price"":""681.95""}]"
09:15:12.182,1790307912182493225,1025654736427212,Full Data,8,886776,457.85,20,09:15:12,484.58,15800,15760,99320,67800,"[{""bid_quantity"":60,""ask_quantity"":40,""bid_orders"":2,""ask_orders"":1,""bid_price"":""457.70"",""ask_price"":""459.10""},{""bid_quantity"":40,""ask_quantity"":20,""bid_orders"":2,""ask_orders"":1,""bid_price"":""457.40"",""ask_price"":""459.15""},{""bid_quantity"":40,""ask_quantity"":20,""bid_orders"":2,""ask_orders"":1,""bid_price"":""457.35"",""ask_price"":""459.35""},{""bid_quantity"":20,""ask_quantity"":20,""bid_orders"":1,""ask_orders"":1,""bid_price"":""457.20"",""ask_price"":""459.45""},{""bid_quantity"":140,""ask_quantity"":20,""bid_orders"":2,""ask_orders"":1,""bid_price"":""457.15"",""ask_price"":""459.55""}]"
09:15:12.182,1790307912182605266,1025654736538853,Full Data,8,886692,886.60,20,09:15:12,834.12,940,11920,95740,4500,"[{""bid_quantity"":220,""ask_quantity"":20,""bid_orders"":4,""ask_orders"":1,""bid_price"":""872.45"",""ask_price"":""884.35""},{""bid_quantity"":160,""ask_quantity"":20,""bid_orders"":1,""ask_orders"":1,""bid_price"":""872.40"",""ask_price"":""884.40""},{""bid_quantity"":20,""ask_quantity"":20,""bid_orders"":1,""ask_orders"":1,""bid_price"":""872.30"",""ask_price"":""884.45""},{""bid_quantity"":160,""ask_quantity"":20,""bid_orders"":1,""ask_orders"":1,""bid_price"":""872.25"",""ask_price"":""884.55""},{""bid_quantity"":20,""ask_quantity"":20,""bid_orders"":1,""ask_orders"":1,""bid_price"":""872.20"",""ask_price"":""884.65""}]"
09:15:12.269,1790307912269034340,1025654822968727,Full Data,8,887036,499.20,20,09:15:12,530.90,20020,16040,97980,155340,"[{""bid_quantity"":400,""ask_quantity"":40,""bid_orders"":1,""ask_orders"":2,""bid_price"":""498.20"",""ask_price"":""499.75""},{""bid_quantity"":120,""ask_quantity"":60,""bid_orders"":2,""ask_orders"":3,""bid_price"":""497.35"",""ask_price"":""499.90""},{""bid_quantity"":40,""ask_quantity"":40,""bid_orders"":2,""ask_orders"":2,""bid_price"":""497.30"",""ask_price"":""499.95""},{""bid_quantity"":40,""ask_quantity"":40,""bid_orders"":1,""ask_orders"":2,""bid_price"":""497.10"",""ask_price"":""500.00""},{""bid_quantity"":100,""ask_quantity"":80,""bid_orders"":1,""ask_orders"":3,""bid_price"":""496.90"",""ask_price"":""500.05""}]"
09:15:12.276,1790307912276137265,1025654830071092,Full Data,8,886872,271.50,20,09:15:12,291.88,21900,15280,30480,47980,"[{""bid_quantity"":60,""ask_quantity"":20,""bid_orders"":3,""ask_orders"":1,""bid_price"":""267.80"",""ask_price"":""269.45""},{""bid_quantity"":60,""ask_quantity"":100,""bid_orders"":1,""ask_orders"":2,""bid_price"":""267.75"",""ask_price"":""269.65""},{""bid_quantity"":20,""ask_quantity"":40,""bid_orders"":1,""ask_orders"":2,""bid_price"":""267.70"",""ask_price"":""269.70""},{""bid_quantity"":640,""ask_quantity"":40,""bid_orders"":1,""ask_orders"":2,""bid_price"":""267.55"",""ask_price"":""269.80""},{""bid_quantity"":40,""ask_quantity"":20,""bid_orders"":2,""ask_orders"":1,""bid_price"":""267.50"",""ask_price"":""269.85""}]"
09:15:12.317,1790307912317311729,1025654871245516,Full Data,8,887036,496.70,20,09:15:12,530.70,20140,18040,100380,155340,"[{""bid_quantity"":20,""ask_quantity"":40,""bid_orders"":1,""ask_orders"":2,""bid_price"":""496.55"",""ask_price"":""499.05""},{""bid_quantity"":120,""ask_quantity"":20,""bid_orders"":2,""ask_orders"":1,""bid_price"":""496.45"",""ask_price"":""499.10""},{""bid_quantity"":100,""ask_quantity"":20,""bid_orders"":1,""ask_orders"":1,""bid_price"":""496.40"",""ask_price"":""499.15""},{""bid_quantity"":20,""ask_quantity"":20,""bid_orders"":1,""ask_orders"":1,""bid_price"":""496.35"",""ask_price"":""499.20""},{""bid_quantity"":60,""ask_quantity"":20,""bid_orders"":2,""ask_orders"":1,""bid_price"":""495.50"",""ask_price"":""499.25""}]"
09:15:12.504,1790307912504834530,1025655058768637,Full Data,8,886747,750.00,40,09:15:12,712.41,4560,13460,94560,5900,"[{""bid_quantity"":20,""ask_quantity"":80,""bid_orders"":1,""ask_orders"":3,""bid_price"":""745.35"",""ask_price"":""751.95""},{""bid_quantity"":40,""ask_quantity"":40,""bid_orders"":2,""ask_orders"":2,""bid_price"":""745.30"",""ask_price"":""752.20""},{""bid_quantity"":40,""ask_quantity"":40,""bid_orders"":2,""ask_orders"":2,""bid_price"":""745.25"",""ask_price"":""752.30""},{""bid_quantity"":20,""ask_quantity"":20,""bid_orders"":1,""ask_orders"":1,""bid_price"":""745.20"",""ask_price"":""752.40""},{""bid_quantity"":40,""ask_quantity"":20,""bid_orders"":2,""ask_orders"":1,""bid_price"":""745.10"",""ask_price"":""752.50""}]"
09:15:12.516,1790307912516808327,1025655070742154,Ticker Data,0,51,73566.07,,09:15:12,,,,,,
09:15:12.936,1790307912936991698,1025655490925845,Full Data,8,887124,296.25,500,09:15:12,319.55,18280,20400,26820,64860,"[{""bid_quantity"":60,""ask_quantity"":20,""bid_orders"":2,""ask_orders"":1,""bid_price"":""294.45"",""ask_price"":""296.35""},{""bid_quantity"":80,""ask_quantity"":160,""bid_orders"":2,""ask_orders"":2,""bid_price"":""294.40"",""ask_price"":""296.50""},{""bid_quantity"":60,""ask_quantity"":40,""bid_orders"":2,""ask_orders"":1,""bid_price"":""294.35"",""ask_price"":""296.85""},{""bid_quantity"":40,""ask_quantity"":80,""bid_orders"":2,""ask_orders"":2,""bid_price"":""294.30"",""ask_price"":""296.90""},{""bid_quantity"":80,""ask_quantity"":140,""bid_orders"":2,""ask_orders"":1,""bid_price"":""294.20"",""ask_price"":""297.00""}]"
09:15:12.981,1790307912982001586,1025655535935893,Full Data,8,887124,294.20,40,09:15:12,319.09,18620,21040,27120,64860,"[{""bid_quantity"":60,""ask_quantity"":320,""bid_orders"":1,""ask_orders"":4,""bid_price"":""294.85"",""ask_price"":""296.95""},{""bid_quantity"":40,""ask_quantity"":160,""bid_orders"":2,""ask_orders"":2,""bid_price"":""294.80"",""ask_price"":""297.00""},{""bid_quantity"":20,""ask_quantity"":220,""bid_orders"":1,""ask_orders"":3,""bid_price"":""294.75"",""ask_price"":""297.50""},{""bid_quantity"":40,""ask_quantity"":160,""bid_orders"":1,""ask_orders"":2,""bid_price"":""294.35"",""ask_price"":""297.60""},{""bid_quantity"":60,""ask_quantity"":100,""bid_orders"":2,""ask_orders"":2,""bid_price"":""294.30"",""ask_price"":""297.80""}]"
09:15:13.172,1790307913172556606,1025655726490753,Full Data,8,886849,512.95,20,09:15:13,489.34,23720,18360,28080,167000,"[{""bid_quantity"":20,""ask_quantity"":40,""bid_orders"":1,""ask_orders"":2,""bid_price"":""512.85"",""ask_price"":""514.10""},{""bid_quantity"":40,""ask_quantity"":20,""bid_orders"":2,""ask_orders"":1,""bid_price"":""512.75"",""ask_price"":""514.60""},{""bid_quantity"":60,""ask_quantity"":120,""bid_orders"":2,""ask_orders"":2,""bid_price"":""512.70"",""ask_price"":""514.80""},{""bid_quantity"":40,""ask_quantity"":340,""bid_orders"":2,""ask_orders"":2,""bid_price"":""512.60"",""ask_price"":""515.40""},{""bid_quantity"":40,""ask_quantity"":20,""bid_orders"":2,""ask_orders"":1,""bid_price"":""512.55"",""ask_price"":""515.45""}]"
09:15:13.248,1790307913248892055,1025655802826082,Full Data,8,886849,512.30,40,09:15:13,489.42,23800,20380,29660,167000,"[{""bid_quantity"":100,""ask_quantity"":60,""bid_orders"":4,""ask_orders"":3,""bid_price"":""512.10"",""ask_price"":""512.85""},{""bid_quantity"":240,""ask_quantity"":40,""bid_orders"":3,""ask_orders"":2,""bid_price"":""511.70"",""ask_price"":""514.30""},{""bid_quantity"":80,""ask_quantity"":60,""bid_orders"":2,""ask_orders"":2,""bid_price"":""511.50"",""ask_price"":""514.40""},{""bid_quantity"":60,""ask_quantity"":60,""bid_orders"":2,""ask_orders"":2,""bid_price"":""511.45"",""ask_price"":""514.50""},{""bid_quantity"":100,""ask_quantity"":40,""bid_orders"":1,""ask_orders"":1,""bid_price"":""511.00"",""ask_price"":""514.60""}]"
09:15:13.282,1790307913282436270,1025655836370297,Full Data,8,886692,886.25,20,09:15:13,835.20,960,15940,96980,4500,"[{""bid_quantity"":40,""ask_quantity"":20,""bid_orders"":2,""ask_orders"":1,""bid_price"":""876.90"",""ask_price"":""885.50""},{""bid_quantity"":160,""ask_quantity"":20,""bid_orders"":1,""ask_orders"":1,""bid_price"":""876.85"",""ask_price"":""885.55""},{""bid_quantity"":40,""ask_quantity"":20,""bid_orders"":2,""ask_orders"":1,""bid_price"":""876.80"",""ask_price"":""885.65""},{""bid_quantity"":160,""ask_quantity"":20,""bid_orders"":1,""ask_orders"":1,""bid_price"":""876.75"",""ask_price"":""885.80""},{""bid_quantity"":400,""ask_quantity"":40,""bid_orders"":2,""ask_orders"":1,""bid_price"":""875.85"",""ask_price"":""891.30""}]"
09:15:13.349,1790307913349293618,1025655903227405,Full Data,8,886872,264.30,60,09:15:13,290.04,23560,17420,30320,47980,"[{""bid_quantity"":40,""ask_quantity"":60,""bid_orders"":2,""ask_orders"":2,""bid_price"":""263.90"",""ask_price"":""265.30""},{""bid_quantity"":40,""ask_quantity"":20,""bid_orders"":2,""ask_orders"":1,""bid_price"":""263.80"",""ask_price"":""265.35""},{""bid_quantity"":20,""ask_quantity"":60,""bid_orders"":1,""ask_orders"":2,""bid_price"":""263.60"",""ask_price"":""265.40""},{""bid_quantity"":20,""ask_quantity"":60,""bid_orders"":1,""ask_orders"":3,""bid_price"":""263.55"",""ask_price"":""265.45""},{""bid_quantity"":40,""ask_quantity"":80,""bid_orders"":2,""ask_orders"":1,""bid_price"":""263.40"",""ask_price"":""265.50""}]"
09:15:13.376,1790307913376221551,1025655930155338,Full Data,8,887036,492.70,20,09:15:13,528.80,21280,21040,100760,155340,"[{""bid_quantity"":40,""ask_quantity"":480,""bid_orders"":2,""ask_orders"":8,""bid_price"":""492.70"",""ask_price"":""494.80""},{""bid_quantity"":360,""ask_quantity"":120,""bid_orders"":1,""ask_orders"":4,""bid_price"":""491.75"",""ask_price"":""494.85""},{""bid_quantity"":40,""ask_quantity"":200,""bid_orders"":1,""ask_orders"":3,""bid_price"":""491.00"",""ask_price"":""494.90""},{""bid_quantity"":120,""ask_quantity"":200,""bid_orders"":1,""ask_orders"":4,""bid_price"":""490.95"",""ask_price"":""495.00""},{""bid_quantity"":100,""ask_quantity"":40,""bid_orders"":2,""ask_orders"":2,""bid_price"":""489.40"",""ask_price"":""495.10""}]"
09:15:13.502,1790307913503013283,1025656056947470,Ticker Data,0,51,73578.73,,09:15:13,,,,,,
09:15:14.224,1790307914224547344,1025656778481411,Full Data,8,887017,690.40,40,09:15:14,658.10,52100,18940,137600,74320,"[{""bid_quantity"":20,""ask_quantity"":20,""bid_orders"":1,""ask_orders"":1,""bid_price"":""690.40"",""ask_price"":""693.00""},{""bid_quantity"":20,""ask_quantity"":60,""bid_orders"":1,""ask_orders"":3,""bid_price"":""690.35"",""ask_price"":""693.15""},{""bid_quantity"":20,""ask_quantity"":20,""bid_orders"":1,""ask_orders"":1,""bid_price"":""690.30"",""ask_price"":""693.30""},{""bid_quantity"":20,""ask_quantity"":20,""bid_orders"":1,""ask_orders"":1,""bid_price"":""690.20"",""ask_price"":""693.50""},{""bid_quantity"":20,""ask_quantity"":40,""bid_orders"":1,""ask_orders"":2,""bid_price"":""690.10"",""ask_price"":""693.70""}]"
09:15:14.256,1790307914256832790,1025656810766697,Full Data,8,886951,819.05,20,09:15:13,784.40,2300,15240,97440,6000,"[{""bid_quantity"":40,""ask_quantity"":40,""bid_orders"":2,""ask_orders"":1,""bid_price"":""819.45"",""ask_price"":""823.25""},{""bid_quantity"":20,""ask_quantity"":40,""bid_orders"":1,""ask_orders"":2,""bid_price"":""818.70"",""ask_price"":""823.30""},{""bid_quantity"":20,""ask_quantity"":20,""bid_orders"":1,""ask_orders"":1,""bid_price"":""817.45"",""ask_price"":""823.40""},{""bid_quantity"":20,""ask_quantity"":20,""bid_orders"":1,""ask_orders"":1,""bid_price"":""817.40"",""ask_price"":""823.50""},{""bid_quantity"":20,""ask_quantity"":20,""bid_orders"":1,""ask_orders"":1,""bid_price"":""812.45"",""ask_price"":""823.60""}]"
09:15:14.266,1790307914266124130,1025656820058437,Full Data,8,886849,519.70,20,09:15:14,491.51,25720,18280,26920,167000,"[{""bid_quantity"":20,""ask_quantity"":20,""bid_orders"":1,""ask_orders"":1,""bid_price"":""517.85"",""ask_price"":""519.20""},{""bid_quantity"":40,""ask_quantity"":20,""bid_orders"":1,""ask_orders"":1,""bid_price"":""517.80"",""ask_price"":""519.35""},{""bid_quantity"":20,""ask_quantity"":20,""bid_orders"":1,""ask_orders"":1,""bid_price"":""517.75"",""ask_price"":""519.55""},{""bid_quantity"":20,""ask_quantity"":40,""bid_orders"":1,""ask_orders"":1,""bid_price"":""517.65"",""ask_price"":""519.65""},{""bid_quantity"":40,""ask_quantity"":40,""bid_orders"":1,""ask_orders"":1,""bid_price"":""517.60"",""ask_price"":""519.70""}]"
09:15:14.429,1790307914429043373,1025656982977720,Full Data,8,887036,496.45,100,09:15:14,526.42,22840,17940,99700,155340,"[{""bid_quantity"":20,""ask_quantity"":80,""bid_orders"":1,""ask_orders"":2,""bid_price"":""494.15"",""ask_price"":""496.10""},{""bid_quantity"":20,""ask_quantity"":40,""bid_orders"":1,""ask_orders"":2,""bid_price"":""494.10"",""ask_price"":""496.15""},{""bid_quantity"":20,""ask_quantity"":40,""bid_orders"":1,""ask_orders"":2,""bid_price"":""494.05"",""ask_price"":""496.30""},{""bid_quantity"":20,""ask_quantity"":140,""bid_orders"":1,""ask_orders"":2,""bid_price"":""494.00"",""ask_price"":""496.40""},{""bid_quantity"":40,""ask_quantity"":20,""bid_orders"":2,""ask_orders"":1,""bid_price"":""493.95"",""ask_price"":""496.45""}]"
09:15:14.436,1790307914436802663,1025656990736610,Full Data,8,886872,265.85,20,09:15:14,288.68,24920,17460,30040,47980,"[{""bid_quantity"":40,""ask_quantity"":20,""bid_orders"":2,""ask_orders"":1,""bid_price"":""265.95"",""ask_price"":""266.85""},{""bid_quantity"":40,""ask_quantity"":40,""bid_orders"":2,""ask_orders"":1,""bid_price"":""265.85"",""ask_price"":""267.15""},{""bid_quantity"":80,""ask_quantity"":140,""bid_orders"":3,""ask_orders"":3,""bid_price"":""265.75"",""ask_price"":""267.20""},{""bid_quantity"":40,""ask_quantity"":40,""bid_orders"":2,""ask_orders"":2,""bid_price"":""265.70"",""ask_price"":""267.25""},{""bid_quantity"":220,""ask_quantity"":20,""bid_orders"":1,""ask_orders"":1,""bid_price"":""265.50"",""ask_price"":""267.45""}]"
09:15:14.516,1790307914516321252,1025657070255519,Ticker Data,0,51,73582.41,,09:15:14,,,,,,
09:15:14.576,1790307914576658079,1025657130592106,Full Data,8,886805,622.15,20,09:15:14,601.50,19000,18520,111040,42420,"[{""bid_quantity"":20,""ask_quantity"":20,""bid_orders"":1,""ask_orders"":1,""bid_price"":""622.00"",""ask_price"":""623.10""},{""bid_quantity"":40,""ask_quantity"":60,""bid_orders"":2,""ask_orders"":2,""bid_price"":""621.55"",""ask_price"":""624.60""},{""bid_quantity"":40,""ask_quantity"":40,""bid_orders"":2,""ask_orders"":2,""bid_price"":""621.45"",""ask_price"":""624.70""},{""bid_quantity"":60,""ask_quantity"":160,""bid_orders"":2,""ask_orders"":3,""bid_price"":""621.35"",""ask_price"":""624.85""},{""bid_quantity"":100,""ask_quantity"":40,""bid_orders"":1,""ask_orders"":2,""bid_price"":""621.00"",""ask_price"":""625.05""}]"
09:15:15.250,1790307915250527114,1025657804461541,Full Data,8,886951,811.50,20,09:15:14,790.18,2840,18260,101820,6000,"[{""bid_quantity"":20,""ask_quantity"":20,""bid_orders"":1,""ask_orders"":1,""bid_price"":""801.05"",""ask_price"":""807.90""},{""bid_quantity"":160,""ask_quantity"":20,""bid_orders"":2,""ask_orders"":1,""bid_price"":""799.40"",""ask_price"":""807.95""},{""bid_quantity"":20,""ask_quantity"":20,""bid_orders"":1,""ask_orders"":1,""bid_price"":""797.85"",""ask_price"":""808.00""},{""bid_quantity"":100,""ask_quantity"":20,""bid_orders"":1,""ask_orders"":1,""bid_price"":""797.10"",""ask_price"":""808.05""},{""bid_quantity"":40,""ask_quantity"":40,""bid_orders"":1,""ask_orders"":2,""bid_price"":""796.30"",""ask_price"":""808.10""}]"
09:15:15.295,1790307915295614123,1025657849548110,Full Data,8,887017,672.65,20,09:15:15,659.81,56060,21020,141120,74320,"[{""bid_quantity"":20,""ask_quantity"":20,""bid_orders"":1,""ask_orders"":1,""bid_price"":""672.65"",""ask_price"":""675.50""},{""bid_quantity"":20,""ask_quantity"":40,""bid_orders"":1,""ask_orders"":2,""bid_price"":""672.60"",""ask_price"":""675.55""},{""bid_quantity"":40,""ask_quantity"":20,""bid_orders"":2,""ask_orders"":1,""bid_price"":""672.50"",""ask_price"":""675.75""},{""bid_quantity"":20,""ask_quantity"":20,""bid_orders"":1,""ask_orders"":1,""bid_price"":""672.35"",""ask_price"":""675.95""},{""bid_quantity"":40,""ask_quantity"":120,""bid_orders"":2,""ask_orders"":2,""bid_price"":""672.05"",""ask_price"":""676.15""}]"
09:15:15.403,1790307915403515174,1025657957449281,Full Data,8,886849,502.45,20,09:15:15,493.23,28860,19680,28220,167000,"[{""bid_quantity"":20,""ask_quantity"":40,""bid_orders"":1,""ask_orders"":1,""bid_price"":""501.80"",""ask_price"":""503.25""},{""bid_quantity"":20,""ask_quantity"":40,""bid_orders"":1,""ask_orders"":2,""bid_price"":""501.05"",""ask_price"":""503.30""},{""bid_quantity"":20,""ask_quantity"":20,""bid_orders"":1,""ask_orders"":1,""bid_price"":""500.80"",""ask_price"":""503.50""},{""bid_quantity"":20,""ask_quantity"":40,""bid_orders"":1,""ask_orders"":2,""bid_price"":""500.75"",""ask_price"":""503.70""},{""bid_quantity"":40,""ask_quantity"":60,""bid_orders"":1,""ask_orders"":2,""bid_price"":""500.65"",""ask_price"":""503.85""}]"
09:15:15.427,1790307915427639689,1025657981573796,Full Data,8,886692,870.25,20,09:15:15,844.17,1260,14020,95160,4500,"[{""bid_quantity"":20,""ask_quantity"":20,""bid_orders"":1,""ask_orders"":1,""bid_price"":""866.75"",""ask_price"":""872.90""},{""bid_quantity"":20,""ask_quantity"":20,""bid_orders"":1,""ask_orders"":1,""bid_price"":""866.70"",""ask_price"":""872.95""},{""bid_quantity"":180,""ask_quantity"":20,""bid_orders"":3,""ask_orders"":1,""bid_price"":""866.55"",""ask_price"":""873.20""},{""bid_quantity"":20,""ask_quantity"":20,""bid_orders"":1,""ask_orders"":1,""bid_price"":""866.40"",""ask_price"":""873.45""},{""bid_quantity"":20,""ask_quantity"":20,""bid_orders"":1,""ask_orders"":1,""bid_price"":""866.30"",""ask_price"":""873.75""}]"
09:15:15.494,1790307915494225875,1025658048159862,Full Data,8,886872,276.20,20,09:15:15,288.26,25560,17760,30980,47980,"[{""bid_quantity"":40,""ask_quantity"":40,""bid_orders"":2,""ask_orders"":2,""bid_price"":""276.15"",""ask_price"":""277.90""},{""bid_quantity"":60,""ask_quantity"":40,""bid_orders"":1,""ask_orders"":2,""bid_price"":""276.10"",""ask_price"":""278.00""},{""bid_quantity"":20,""ask_quantity"":60,""bid_orders"":1,""ask_orders"":2,""bid_price"":""276.05"",""ask_price"":""278.20""},{""bid_quantity"":20,""ask_quantity"":100,""bid_orders"":1,""ask_orders"":2,""bid_price"":""275.95"",""ask_price"":""278.65""},{""bid_quantity"":60,""ask_quantity"":120,""bid_orders"":1,""ask_orders"":2,""bid_price"":""275.75"",""ask_price"":""278.70""}]"
09:15:15.508,1790307915508695728,1025658062629595,Ticker Data,0,51,73565.17,,09:15:15,,,,,,
09:15:15.784,1790307915784159732,1025658338093919,Full Data,8,886572,553.90,20,09:15:15,548.14,25580,19820,106960,92640,"[{""bid_quantity"":20,""ask_quantity"":40,""bid_orders"":1,""ask_orders"":1,""bid_price"":""550.85"",""ask_price"":""552.95""},{""bid_quantity"":20,""ask_quantity"":20,""bid_orders"":1,""ask_orders"":1,""bid_price"":""550.75"",""ask_price"":""553.00""},{""bid_quantity"":40,""ask_quantity"":40,""bid_orders"":1,""ask_orders"":1,""bid_price"":""550.70"",""ask_price"":""553.10""},{""bid_quantity"":20,""ask_quantity"":20,""bid_orders"":1,""ask_orders"":1,""bid_price"":""550.65"",""ask_price"":""553.15""},{""bid_quantity"":20,""ask_quantity"":20,""bid_orders"":1,""ask_orders"":1,""bid_price"":""550.60"",""ask_price"":""553.25""}]"
09:15:16.363,1790307916363035959,1025658916970106,Full Data,8,887017,672.05,20,09:15:16,660.40,59980,18080,139360,74320,"[{""bid_quantity"":60,""ask_quantity"":40,""bid_orders"":3,""ask_orders"":2,""bid_price"":""669.70"",""ask_price"":""673.45""},{""bid_quantity"":60,""ask_quantity"":40,""bid_orders"":3,""ask_orders"":1,""bid_price"":""669.65"",""ask_price"":""673.50""},{""bid_quantity"":80,""ask_quantity"":20,""bid_orders"":4,""ask_orders"":1,""bid_price"":""669.60"",""ask_price"":""673.55""},{""bid_quantity"":40,""ask_quantity"":100,""bid_orders"":2,""ask_orders"":1,""bid_price"":""669.50"",""ask_price"":""673.60""},{""bid_quantity"":40,""ask_quantity"":20,""bid_orders"":2,""ask_orders"":1,""bid_price"":""669.45"",""ask_price"":""673.65""}]"
09:15:16.471,1790307916471921736,1025659025855883,Full Data,8,887017,671.25,20,09:15:16,660.43,60140,17960,141000,74320,"[{""bid_quantity"":40,""ask_quantity"":40,""bid_orders"":2,""ask_orders"":2,""bid_price"":""672.00"",""ask_price"":""673.50""},{""bid_quantity"":20,""ask_quantity"":40,""bid_orders"":1,""ask_orders"":2,""bid_price"":""671.95"",""ask_price"":""674.30""},{""bid_quantity"":40,""ask_quantity"":40,""bid_orders"":2,""ask_orders"":2,""bid_price"":""671.80"",""ask_price"":""674.65""},{""bid_quantity"":40,""ask_quantity"":20,""bid_orders"":2,""ask_orders"":1,""bid_price"":""671.75"",""ask_price"":""675.10""},{""bid_quantity"":80,""ask_quantity"":20,""bid_orders"":3,""ask_orders"":1,""bid_price"":""671.55"",""ask_price"":""675.15""}]"
09:15:16.488,1790307916488808405,1025659042742312,Full Data,8,887036,503.50,20,09:15:16,523.73,27260,20560,100180,155340,"[{""bid_quantity"":40,""ask_quantity"":40,""bid_orders"":2,""ask_orders"":2,""bid_price"":""503.50"",""ask_price"":""505.50""},{""bid_quantity"":120,""ask_quantity"":20,""bid_orders"":2,""ask_orders"":1,""bid_price"":""503.45"",""ask_price"":""505.55""},{""bid_quantity"":40,""ask_quantity"":40,""bid_orders"":2,""ask_orders"":2,""bid_price"":""503.40"",""ask_price"":""505.60""},{""bid_quantity"":160,""ask_quantity"":80,""bid_orders"":3,""ask_orders"":3,""bid_price"":""503.25"",""ask_price"":""505.70""},{""bid_quantity"":100,""ask_quantity"":40,""bid_orders"":1,""ask_orders"":2,""bid_price"":""503.10"",""ask_price"":""505.75""}]"
09:15:16.508,1790307916508547931,1025659062481718,Ticker Data,0,51,73558.46,,09:15:16,,,,,,
09:15:16.513,1790307916513666844,1025659067600671,Full Data,8,886872,272.45,40,09:15:16,287.23,28360,20800,33200,47980,"[{""bid_quantity"":20,""ask_quantity"":220,""bid_orders"":1,""ask_orders"":3,""bid_price"":""272.45"",""ask_price"":""273.50""},{""bid_quantity"":100,""ask_quantity"":80,""bid_orders"":2,""ask_orders"":2,""bid_price"":""271.10"",""ask_price"":""273.65""},{""bid_quantity"":640,""ask_quantity"":60,""bid_orders"":2,""ask_orders"":2,""bid_price"":""271.05"",""ask_price"":""273.85""},{""bid_quantity"":160,""ask_quantity"":300,""bid_orders"":3,""ask_orders"":2,""bid_price"":""270.20"",""ask_price"":""274.00""},{""bid_quantity"":40,""ask_quantity"":40,""bid_orders"":1,""ask_orders"":1,""bid_price"":""270.15"",""ask_price"":""274.30""}]"
09:15:16.593,1790307916593244833,1025659147179180,Full Data,8,886718,373.15,20,09:15:16,395.59,99260,23840,34440,276660,"[{""bid_quantity"":440,""ask_quantity"":80,""bid_orders"":2,""ask_orders"":1,""bid_price"":""372.25"",""ask_price"":""373.90""},{""bid_quantity"":120,""ask_quantity"":20,""bid_orders"":2,""ask_orders"":1,""bid_price"":""372.10"",""ask_price"":""373.95""},{""bid_quantity"":60,""ask_quantity"":80,""bid_orders"":2,""ask_orders"":1,""bid_price"":""371.30"",""ask_price"":""374.00""},{""bid_quantity"":60,""ask_quantity"":60,""bid_orders"":2,""ask_orders"":3,""bid_price"":""370.15"",""ask_price"":""374.05""},{""bid_quantity"":100,""ask_quantity"":180,""bid_orders"":2,""ask_orders"":6,""bid_price"":""370.10"",""ask_price"":""374.15""}]"
09:15:16.762,1790307916762533598,1025659316467625,Full Data,8,886747,736.35,20,09:15:16,719.72,5780,14200,96220,5900,"[{""bid_quantity"":40,""ask_quantity"":40,""bid_orders"":2,""ask_orders"":2,""bid_price"":""736.00"",""ask_price"":""743.30""},{""bid_quantity"":100,""ask_quantity"":20,""bid_orders"":2,""ask_orders"":1,""bid_price"":""735.95"",""ask_price"":""744.25""},{""bid_quantity"":140,""ask_quantity"":20,""bid_orders"":3,""ask_orders"":1,""bid_price"":""735.90"",""ask_price"":""747.15""},{""bid_quantity"":360,""ask_quantity"":40,""bid_orders"":4,""ask_orders"":1,""bid_price"":""735.85"",""ask_price"":""747.20""},{""bid_quantity"":40,""ask_quantity"":20,""bid_orders"":2,""ask_orders"":1,""bid_price"":""735.80"",""ask_price"":""747.25""}]"
09:15:16.857,1790307916857496046,1025659411430313,Full Data,8,886572,562.80,20,09:15:16,548.23,27420,20780,106040,92640,"[{""bid_quantity"":100,""ask_quantity"":40,""bid_orders"":4,""ask_orders"":1,""bid_price"":""560.65"",""ask_price"":""563.10""},{""bid_quantity"":40,""ask_quantity"":40,""bid_orders"":2,""ask_orders"":1,""bid_price"":""560.60"",""ask_price"":""563.15""},{""bid_quantity"":60,""ask_quantity"":200,""bid_orders"":3,""ask_orders"":3,""bid_price"":""560.55"",""ask_price"":""563.75""},{""bid_quantity"":40,""ask_quantity"":20,""bid_orders"":2,""ask_orders"":1,""bid_price"":""560.45"",""ask_price"":""563.90""},{""bid_quantity"":40,""ask_quantity"":20,""bid_orders"":2,""ask_orders"":1,""bid_price"":""560.40"",""ask_price"":""563.95""}]"
09:15:17.239,1790307917239732454,1025659793666521,Full Data,8,887124,296.10,20,09:15:17,317.28,20960,20140,23520,64860,"[{""bid_quantity"":80,""ask_quantity"":20,""bid_orders"":1,""ask_orders"":1,""bid_price"":""295.35"",""ask_price"":""297.45""},{""bid_quantity"":40,""ask_quantity"":200,""bid_orders"":2,""ask_orders"":3,""bid_price"":""295.30"",""ask_price"":""297.50""},{""bid_quantity"":40,""ask_quantity"":100,""bid_orders"":1,""ask_orders"":2,""bid_price"":""295.25"",""ask_price"":""297.55""},{""bid_quantity"":20,""ask_quantity"":120,""bid_orders"":1,""ask_orders"":2,""bid_price"":""295.20"",""ask_price"":""297.90""},{""bid_quantity"":20,""ask_quantity"":40,""bid_orders"":1,""ask_orders"":1,""bid_price"":""295.15"",""ask_price"":""298.30""}]"
09:15:17.486,1790307917486673435,1025660040607822,Full Data,8,886951,806.95,20,09:15:16,791.64,3280,14660,98740,6000,"[{""bid_quantity"":80,""ask_quantity"":40,""bid_orders"":3,""ask_orders"":2,""bid_price"":""811.85"",""ask_price"":""819.15""},{""bid_quantity"":20,""ask_quantity"":20,""bid_orders"":1,""ask_orders"":1,""bid_price"":""811.80"",""ask_price"":""819.20""},{""bid_quantity"":20,""ask_quantity"":20,""bid_orders"":1,""ask_orders"":1,""bid_price"":""811.75"",""ask_price"":""819.30""},{""bid_quantity"":160,""ask_quantity"":20,""bid_orders"":2,""ask_orders"":1,""bid_price"":""811.65"",""ask_price"":""819.40""},{""bid_quantity"":100,""ask_quantity"":20,""bid_orders"":1,""ask_orders"":1,""bid_price"":""811.40"",""ask_price"":""819.45""}]"
09:15:17.527,1790307917527724618,1025660081658685,Ticker Data,0,51,73575.10,,09:15:17,,,,,,
09:15:17.617,1790307917617277671,1025660171211858,Full Data,8,887036,488.00,20,09:15:17,522.14,28780,21980,99540,155340,"[{""bid_quantity"":20,""ask_quantity"":20,""bid_orders"":1,""ask_orders"":1,""bid_price"":""488.35"",""ask_price"":""490.25""},{""bid_quantity"":20,""ask_quantity"":20,""bid_orders"":1,""ask_orders"":1,""bid_price"":""488.20"",""ask_price"":""490.35""},{""bid_quantity"":20,""ask_quantity"":20,""bid_orders"":1,""ask_orders"":1,""bid_price"":""488.15"",""ask_price"":""490.40""},{""bid_quantity"":20,""ask_quantity"":20,""bid_orders"":1,""ask_orders"":1,""bid_price"":""488.05"",""ask_price"":""490.50""},{""bid_quantity"":40,""ask_quantity"":40,""bid_orders"":1,""ask_orders"":2,""bid_price"":""488.00"",""ask_price"":""490.60""}]"
09:15:17.646,1790307917646882541,1025660200816768,Full Data,8,886692,889.70,20,09:15:17,847.41,1440,14640,98340,4500,"[{""bid_quantity"":60,""ask_quantity"":40,""bid_orders"":2,""ask_orders"":2,""bid_price"":""886.30"",""ask_price"":""890.10""},{""bid_quantity"":20,""ask_quantity"":20,""bid_orders"":1,""ask_orders"":1,""bid_price"":""886.25"",""ask_price"":""890.15""},{""bid_quantity"":20,""ask_quantity"":20,""bid_orders"":1,""ask_orders"":1,""bid_price"":""886.15"",""ask_price"":""890.25""},{""bid_quantity"":20,""ask_quantity"":20,""bid_orders"":1,""ask_orders"":1,""bid_price"":""886.05"",""ask_price"":""890.35""},{""bid_quantity"":20,""ask_quantity"":20,""bid_orders"":1,""ask_orders"":1,""bid_price"":""885.95"",""ask_price"":""890.45""}]"
09:15:18.280,1790307918280969282,1025660834903389,Full Data,8,887124,289.95,20,09:15:18,314.58,23440,22640,24120,64860,"[{""bid_quantity"":80,""ask_quantity"":160,""bid_orders"":1,""ask_orders"":4,""bid_price"":""288.40"",""ask_price"":""289.95""},{""bid_quantity"":100,""ask_quantity"":20,""bid_orders"":2,""ask_orders"":1,""bid_price"":""288.35"",""ask_price"":""290.00""},{""bid_quantity"":40,""ask_quantity"":20,""bid_orders"":2,""ask_orders"":1,""bid_price"":""288.30"",""ask_price"":""290.35""},{""bid_quantity"":60,""ask_quantity"":100,""bid_orders"":2,""ask_orders"":2,""bid_price"":""288.25"",""ask_price"":""290.45""},{""bid_quantity"":80,""ask_quantity"":240,""bid_orders"":2,""ask_orders"":5,""bid_price"":""288.05"",""ask_price"":""290.50""}]"
09:15:18.522,1790307918522110066,1025661076044413,Ticker Data,0,51,73578.28,,09:15:18,,,,,,
09:15:18.593,1790307918594006446,1025661147940553,Full Data,8,887017,699.70,20,09:15:18,662.50,64920,19000,139360,74320,"[{""bid_quantity"":40,""ask_quantity"":20,""bid_orders"":2,""ask_orders"":1,""bid_price"":""697.20"",""ask_price"":""699.65""},{""bid_quantity"":20,""ask_quantity"":40,""bid_orders"":1,""ask_orders"":2,""bid_price"":""696.60"",""ask_price"":""699.70""},{""bid_quantity"":40,""ask_quantity"":40,""bid_orders"":2,""ask_orders"":2,""bid_price"":""696.50"",""ask_price"":""699.80""},{""bid_quantity"":20,""ask_quantity"":40,""bid_orders"":1,""ask_orders"":2,""bid_price"":""696.40"",""ask_price"":""699.85""},{""bid_quantity"":20,""ask_quantity"":20,""bid_orders"":1,""ask_orders"":1,""bid_price"":""696.35"",""ask_price"":""699.95""}]"
09:15:18.684,1790307918684941909,1025661238876256,Full Data,8,886692,896.80,40,09:15:18,848.75,1480,14400,95440,4500,"[{""bid_quantity"":60,""ask_quantity"":80,""bid_orders"":2,""ask_orders"":4,""bid_price"":""897.80"",""ask_price"":""905.45""},{""bid_quantity"":20,""ask_quantity"":40,""bid_orders"":1,""ask_orders"":2,""bid_price"":""897.75"",""ask_price"":""905.50""},{""bid_quantity"":20,""ask_quantity"":20,""bid_orders"":1,""ask_orders"":1,""bid_price"":""897.65"",""ask_price"":""905.55""},{""bid_quantity"":20,""ask_quantity"":20,""bid_orders"":1,""ask_orders"":1,""bid_price"":""897.55"",""ask_price"":""905.60""},{""bid_quantity"":20,""ask_quantity"":20,""bid_orders"":1,""ask_orders"":1,""bid_price"":""897.50"",""ask_price"":""905.70""}]"
09:15:18.751,1790307918751165333,1025661305099280,Full Data,8,886981,391.60,20,09:15:18,432.50,50300,22900,45420,63920,"[{""bid_quantity"":40,""ask_quantity"":40,""bid_orders"":2,""ask_orders"":1,""bid_price"":""390.05"",""ask_price"":""391.40""},{""bid_quantity"":500,""ask_quantity"":20,""bid_orders"":2,""ask_orders"":1,""bid_price"":""389.70"",""ask_price"":""391.45""},{""bid_quantity"":40,""ask_quantity"":40,""bid_orders"":1,""ask_orders"":2,""bid_price"":""389.45"",""ask_price"":""391.50""},{""bid_quantity"":200,""ask_quantity"":100,""bid_orders"":2,""ask_orders"":1,""bid_price"":""389.40"",""ask_price"":""391.60""},{""bid_quantity"":60,""ask_quantity"":20,""bid_orders"":1,""ask_orders"":1,""bid_price"":""389.10"",""ask_price"":""391.65""}]"
09:15:18.811,1790307918811458399,1025661365392346,Full Data,8,886805,638.65,40,09:15:18,606.17,26360,18420,110520,42420,"[{""bid_quantity"":20,""ask_quantity"":60,""bid_orders"":1,""ask_orders"":2,""bid_price"":""638.95"",""ask_price"":""642.00""},{""bid_quantity"":20,""ask_quantity"":20,""bid_orders"":1,""ask_orders"":1,""bid_price"":""638.90"",""ask_price"":""642.05""},{""bid_quantity"":20,""ask_quantity"":40,""bid_orders"":1,""ask_orders"":1,""bid_price"":""638.85"",""ask_price"":""642.10""},{""bid_quantity"":20,""ask_quantity"":20,""bid_orders"":1,""ask_orders"":1,""bid_price"":""638.80"",""ask_price"":""642.15""},{""bid_quantity"":20,""ask_quantity"":40,""bid_orders"":1,""ask_orders"":2,""bid_price"":""638.70"",""ask_price"":""642.20""}]"
09:15:18.834,1790307918834856589,1025661388790456,Full Data,8,886805,642.20,20,09:15:18,606.20,26380,17720,110960,42420,"[{""bid_quantity"":20,""ask_quantity"":20,""bid_orders"":1,""ask_orders"":1,""bid_price"":""641.95"",""ask_price"":""644.00""},{""bid_quantity"":20,""ask_quantity"":20,""bid_orders"":1,""ask_orders"":1,""bid_price"":""641.90"",""ask_price"":""644.20""},{""bid_quantity"":20,""ask_quantity"":60,""bid_orders"":1,""ask_orders"":3,""bid_price"":""641.70"",""ask_price"":""644.25""},{""bid_quantity"":20,""ask_quantity"":20,""bid_orders"":1,""ask_orders"":1,""bid_price"":""641.55"",""ask_price"":""644.90""},{""bid_quantity"":40,""ask_quantity"":20,""bid_orders"":2,""ask_orders"":1,""bid_price"":""641.40"",""ask_price"":""645.00""}]"
09:15:18.861,1790307918861196277,1025661415130104,Full Data,8,886747,768.00,40,09:15:18,726.11,6860,18780,98540,5900,"[{""bid_quantity"":180,""ask_quantity"":20,""bid_orders"":3,""ask_orders"":1,""bid_price"":""764.10"",""ask_price"":""768.80""},{""bid_quantity"":100,""ask_quantity"":20,""bid_orders"":1,""ask_orders"":1,""bid_price"":""764.05"",""ask_price"":""768.85""},{""bid_quantity"":20,""ask_quantity"":20,""bid_orders"":1,""ask_orders"":1,""bid_price"":""761.85"",""ask_price"":""769.05""},{""bid_quantity"":40,""ask_quantity"":20,""bid_orders"":2,""ask_orders"":1,""bid_price"":""761.80"",""ask_price"":""769.25""},{""bid_quantity"":20,""ask_quantity"":20,""bid_orders"":1,""ask_orders"":1,""bid_price"":""758.80"",""ask_price"":""769.45""}]"
09:15:18.982,1790307918982741976,1025661536676123,Full Data,8,886572,585.00,100,09:15:18,551.58,31200,21280,107860,92640,"[{""bid_quantity"":60,""ask_quantity"":20,""bid_orders"":2,""ask_orders"":1,""bid_price"":""582.50"",""ask_price"":""584.80""},{""bid_quantity"":20,""ask_quantity"":40,""bid_orders"":1,""ask_orders"":1,""bid_price"":""582.40"",""ask_price"":""584.95""},{""bid_quantity"":20,""ask_quantity"":20,""bid_orders"":1,""ask_orders"":1,""bid_price"":""582.30"",""ask_price"":""585.30""},{""bid_quantity"":360,""ask_quantity"":40,""bid_orders"":1,""ask_orders"":1,""bid_price"":""582.10"",""ask_price"":""585.55""},{""bid_quantity"":120,""ask_quantity"":20,""bid_orders"":1,""ask_orders"":1,""bid_price"":""582.05"",""ask_price"":""585.60""}]"
09:15:19.092,1790307919092376878,1025661646311225,Full Data,8,886924,315.10,100,09:15:19,351.14,30740,20940,24220,59380,"[{""bid_quantity"":20,""ask_quantity"":320,""bid_orders"":1,""ask_orders"":3,""bid_price"":""313.00"",""ask_price"":""314.70""},{""bid_quantity"":560,""ask_quantity"":20,""bid_orders"":1,""ask_orders"":1,""bid_price"":""312.95"",""ask_price"":""314.75""},{""bid_quantity"":80,""ask_quantity"":20,""bid_orders"":1,""ask_orders"":1,""bid_price"":""312.80"",""ask_price"":""314.85""},{""bid_quantity"":100,""ask_quantity"":40,""bid_orders"":1,""ask_orders"":1,""bid_price"":""312.40"",""ask_price"":""314.90""},{""bid_quantity"":40,""ask_quantity"":20,""bid_orders"":1,""ask_orders"":1,""bid_price"":""311.35"",""ask_price"":""314.95""}]"
09:15:19.110,1790307919110435473,1025661664369380,Full Data,8,886924,315.10,100,09:15:19,351.14,30740,20660,23760,59380,"[{""bid_quantity"":980,""ask_quantity"":60,""bid_orders"":4,""ask_orders"":2,""bid_price"":""310.75"",""ask_price"":""313.45""},{""bid_quantity"":40,""ask_quantity"":60,""bid_orders"":1,""ask_orders"":2,""bid_price"":""310.05"",""ask_price"":""313.50""},{""bid_quantity"":80,""ask_quantity"":60,""bid_orders"":1,""ask_orders"":2,""bid_price"":""310.00"",""ask_price"":""313.55""},{""bid_quantity"":20,""ask_quantity"":40,""bid_orders"":1,""ask_orders"":2,""bid_price"":""309.90"",""ask_price"":""313.60""},{""bid_quantity"":60,""ask_quantity"":40,""bid_orders"":1,""ask_orders"":2,""bid_price"":""309.85"",""ask_price"":""313.75""}]"
09:15:19.522,1790307919522583233,1025662076517380,Ticker Data,0,51,73600.12,,09:15:19,,,,,,
09:15:19.692,1790307919692150559,1025662246084706,Full Data,8,887036,472.05,20,09:15:19,517.77,31920,20820,102020,155340,"[{""bid_quantity"":20,""ask_quantity"":20,""bid_orders"":1,""ask_orders"":1,""bid_price"":""470.35"",""ask_price"":""471.85""},{""bid_quantity"":100,""ask_quantity"":40,""bid_orders"":4,""ask_orders"":1,""bid_price"":""470.20"",""ask_price"":""471.90""},{""bid_quantity"":120,""ask_quantity"":20,""bid_orders"":2,""ask_orders"":1,""bid_price"":""470.05"",""ask_price"":""471.95""},{""bid_quantity"":20,""ask_quantity"":20,""bid_orders"":1,""ask_orders"":1,""bid_price"":""469.85"",""ask_price"":""472.25""},{""bid_quantity"":120,""ask_quantity"":60,""bid_orders"":1,""ask_orders"":2,""bid_price"":""469.80"",""ask_price"":""472.45""}]"
09:15:19.766,1790307919766495275,1025662320429702,Full Data,8,886981,386.70,20,09:15:19,430.13,53120,23180,47600,63920,"[{""bid_quantity"":20,""ask_quantity"":40,""bid_orders"":1,""ask_orders"":1,""bid_price"":""386.00"",""ask_price"":""386.70""},{""bid_quantity"":80,""ask_quantity"":40,""bid_orders"":2,""ask_orders"":2,""bid_price"":""385.35"",""ask_price"":""386.75""},{""bid_quantity"":20,""ask_quantity"":20,""bid_orders"":1,""ask_orders"":1,""bid_price"":""385.30"",""ask_price"":""386.90""},{""bid_quantity"":20,""ask_quantity"":20,""bid_orders"":1,""ask_orders"":1,""bid_price"":""385.05"",""ask_price"":""387.00""},{""bid_quantity"":60,""ask_quantity"":40,""bid_orders"":1,""ask_orders"":2,""bid_price"":""385.00"",""ask_price"":""387.05""}]"
09:15:19.816,1790307919816558995,1025662370492902,Full Data,8,886872,251.95,60,09:15:19,281.97,34840,20400,33340,47980,"[{""bid_quantity"":40,""ask_quantity"":40,""bid_orders"":1,""ask_orders"":2,""bid_price"":""251.65"",""ask_price"":""252.85""},{""bid_quantity"":40,""ask_quantity"":80,""bid_orders"":1,""ask_orders"":1,""bid_price"":""251.60"",""ask_price"":""252.95""},{""bid_quantity"":20,""ask_quantity"":40,""bid_orders"":1,""ask_orders"":1,""bid_price"":""251.55"",""ask_price"":""253.00""},{""bid_quantity"":20,""ask_quantity"":20,""bid_orders"":1,""ask_orders"":1,""bid_price"":""251.45"",""ask_price"":""253.10""},{""bid_quantity"":20,""ask_quantity"":80,""bid_orders"":1,""ask_orders"":1,""bid_price"":""251.35"",""ask_price"":""253.20""}]"
09:15:19.847,1790307919847501073,1025662401434861,Full Data,8,886692,917.15,20,09:15:19,852.71,1580,17320,96620,4500,"[{""bid_quantity"":60,""ask_quantity"":40,""bid_orders"":2,""ask_orders"":2,""bid_price"":""911.15"",""ask_price"":""916.95""},{""bid_quantity"":20,""ask_quantity"":40,""bid_orders"":1,""ask_orders"":2,""bid_price"":""911.10"",""ask_price"":""917.00""},{""bid_quantity"":20,""ask_quantity"":160,""bid_orders"":1,""ask_orders"":2,""bid_price"":""910.95"",""ask_price"":""917.85""},{""bid_quantity"":20,""ask_quantity"":20,""bid_orders"":1,""ask_orders"":1,""bid_price"":""910.85"",""ask_price"":""918.00""},{""bid_quantity"":20,""ask_quantity"":100,""bid_orders"":1,""ask_orders"":1,""bid_price"":""910.80"",""ask_price"":""918.55""}]"
09:15:19.866,1790307919866856477,1025662420790304,Full Data,8,886805,646.90,80,09:15:19,608.77,28160,18480,111480,42420,"[{""bid_quantity"":80,""ask_quantity"":20,""bid_orders"":3,""ask_orders"":1,""bid_price"":""647.05"",""ask_price"":""650.05""},{""bid_quantity"":20,""ask_quantity"":20,""bid_orders"":1,""ask_orders"":1,""bid_price"":""647.00"",""ask_price"":""650.15""},{""bid_quantity"":20,""ask_quantity"":40,""bid_orders"":1,""ask_orders"":1,""bid_price"":""646.90"",""ask_price"":""650.20""},{""bid_quantity"":20,""ask_quantity"":20,""bid_orders"":1,""ask_orders"":1,""bid_price"":""646.80"",""ask_price"":""650.25""},{""bid_quantity"":20,""ask_quantity"":20,""bid_orders"":1,""ask_orders"":1,""bid_price"":""646.70"",""ask_price"":""650.30""}]"
09:15:19.904,1790307919904226677,1025662458160584,Full Data,8,886805,646.90,80,09:15:19,608.77,28160,18420,111080,42420,"[{""bid_quantity"":60,""ask_quantity"":40,""bid_orders"":3,""ask_orders"":2,""bid_price"":""646.85"",""ask_price"":""647.35""},{""bid_quantity"":60,""ask_quantity"":40,""bid_orders"":3,""ask_orders"":2,""bid_price"":""646.35"",""ask_price"":""648.90""},{""bid_quantity"":40,""ask_quantity"":20,""bid_orders"":1,""ask_orders"":1,""bid_price"":""645.05"",""ask_price"":""648.95""},{""bid_quantity"":20,""ask_quantity"":60,""bid_orders"":1,""ask_orders"":2,""bid_price"":""645.00"",""ask_price"":""649.00""},{""bid_quantity"":120,""ask_quantity"":300,""bid_orders"":2,""ask_orders"":2,""bid_price"":""644.05"",""ask_price"":""649.05""}]"
09:15:19.923,1790307919923789122,1025662477723229,Full Data,8,886747,777.20,20,09:15:19,731.62,7740,18460,97440,5900,"[{""bid_quantity"":20,""ask_quantity"":20,""bid_orders"":1,""ask_orders"":1,""bid_price"":""772.80"",""ask_price"":""775.30""},{""bid_quantity"":40,""ask_quantity"":40,""bid_orders"":2,""ask_orders"":2,""bid_price"":""772.75"",""ask_price"":""775.50""},{""bid_quantity"":40,""ask_quantity"":60,""bid_orders"":2,""ask_orders"":2,""bid_price"":""772.60"",""ask_price"":""775.60""},{""bid_quantity"":40,""ask_quantity"":40,""bid_orders"":2,""ask_orders"":2,""bid_price"":""772.55"",""ask_price"":""775.70""},{""bid_quantity"":20,""ask_quantity"":20,""bid_orders"":1,""ask_orders"":1,""bid_price"":""772.40"",""ask_price"":""775.80""}]"
09:15:19.957,1790307919957684619,1025662511618606,Full Data,8,886747,775.70,20,09:15:19,731.74,7760,18120,97620,5900,"[{""bid_quantity"":40,""ask_quantity"":40,""bid_orders"":2,""ask_orders"":2,""bid_price"":""774.95"",""ask_price"":""776.40""},{""bid_quantity"":20,""ask_quantity"":60,""bid_orders"":1,""ask_orders"":2,""bid_price"":""774.90"",""ask_price"":""778.65""},{""bid_quantity"":20,""ask_quantity"":120,""bid_orders"":1,""ask_orders"":2,""bid_price"":""774.75"",""ask_price"":""778.70""},{""bid_quantity"":40,""ask_quantity"":60,""bid_orders"":2,""ask_orders"":2,""bid_price"":""774.60"",""ask_price"":""779.45""},{""bid_quantity"":20,""ask_quantity"":20,""bid_orders"":1,""ask_orders"":1,""bid_price"":""774.45"",""ask_price"":""779.80""}]"
09:15:19.996,1790307919996329427,1025662550263374,Full Data,8,886572,591.75,520,09:15:19,555.25,34580,21280,108060,92640,"[{""bid_quantity"":20,""ask_quantity"":60,""bid_orders"":1,""ask_orders"":2,""bid_price"":""589.60"",""ask_price"":""591.35""},{""bid_quantity"":20,""ask_quantity"":40,""bid_orders"":1,""ask_orders"":1,""bid_price"":""589.45"",""ask_price"":""591.40""},{""bid_quantity"":80,""ask_quantity"":40,""bid_orders"":2,""ask_orders"":1,""bid_price"":""589.25"",""ask_price"":""591.45""},{""bid_quantity"":20,""ask_quantity"":40,""bid_orders"":1,""ask_orders"":2,""bid_price"":""589.20"",""ask_price"":""591.50""},{""bid_quantity"":80,""ask_quantity"":20,""bid_orders"":3,""ask_orders"":1,""bid_price"":""589.05"",""ask_price"":""591.55""}]"
09:15:20.051,1790307920051215778,1025662605149965,Full Data,8,886572,591.85,20,09:15:20,555.34,34660,19160,106160,92640,"[{""bid_quantity"":20,""ask_quantity"":80,""bid_orders"":1,""ask_orders"":3,""bid_price"":""591.50"",""ask_price"":""593.30""},{""bid_quantity"":140,""ask_quantity"":20,""bid_orders"":2,""ask_orders"":1,""bid_price"":""591.35"",""ask_price"":""593.35""},{""bid_quantity"":40,""ask_quantity"":20,""bid_orders"":2,""ask_orders"":1,""bid_price"":""591.30"",""ask_price"":""593.40""},{""bid_quantity"":40,""ask_quantity"":40,""bid_orders"":1,""ask_orders"":1,""bid_price"":""591.20"",""ask_price"":""593.45""},{""bid_quantity"":40,""ask_quantity"":80,""bid_orders"":2,""ask_orders"":2,""bid_price"":""591.15"",""ask_price"":""593.50""}]"
09:15:20.111,1790307920111062401,1025662664996428,Full Data,8,886924,310.05,40,09:15:20,349.35,32280,20980,24080,59380,"[{""bid_quantity"":20,""ask_quantity"":120,""bid_orders"":1,""ask_orders"":4,""bid_price"":""309.20"",""ask_price"":""310.65""},{""bid_quantity"":40,""ask_quantity"":20,""bid_orders"":2,""ask_orders"":1,""bid_price"":""309.10"",""ask_price"":""310.70""},{""bid_quantity"":40,""ask_quantity"":40,""bid_orders"":2,""ask_orders"":1,""bid_price"":""309.00"",""ask_price"":""310.75""},{""bid_quantity"":20,""ask_quantity"":40,""bid_orders"":1,""ask_orders"":2,""bid_price"":""308.95"",""ask_price"":""310.80""},{""bid_quantity"":20,""ask_quantity"":20,""bid_orders"":1,""ask_orders"":1,""bid_price"":""308.65"",""ask_price"":""311.55""}]"
09:15:20.126,1790307920126971543,1025662680905810,Full Data,8,886924,310.05,40,09:15:20,349.35,32280,21400,24300,59380,"[{""bid_quantity"":40,""ask_quantity"":40,""bid_orders"":2,""ask_orders"":1,""bid_price"":""308.75"",""ask_price"":""310.10""},{""bid_quantity"":20,""ask_quantity"":40,""bid_orders"":1,""ask_orders"":2,""bid_price"":""308.70"",""ask_price"":""310.15""},{""bid_quantity"":640,""ask_quantity"":40,""bid_orders"":4,""ask_orders"":1,""bid_price"":""308.60"",""ask_price"":""310.25""},{""bid_quantity"":320,""ask_quantity"":20,""bid_orders"":1,""ask_orders"":1,""bid_price"":""308.55"",""ask_price"":""310.30""},{""bid_quantity"":100,""ask_quantity"":40,""bid_orders"":2,""ask_orders"":1,""bid_price"":""308.20"",""ask_price"":""310.35""}]"
09:15:20.369,1790307920369358175,1025662923292242,Full Data,8,887124,276.70,60,09:15:20,311.74,25620,22380,23280,64860,"[{""bid_quantity"":60,""ask_quantity"":40,""bid_orders"":3,""ask_orders"":2,""bid_price"":""276.40"",""ask_price"":""277.85""},{""bid_quantity"":100,""ask_quantity"":60,""bid_orders"":2,""ask_orders"":2,""bid_price"":""276.35"",""ask_price"":""278.10""},{""bid_quantity"":40,""ask_quantity"":60,""bid_orders"":2,""ask_orders"":3,""bid_price"":""276.30"",""ask_price"":""278.20""},{""bid_quantity"":40,""ask_quantity"":40,""bid_orders"":2,""ask_orders"":2,""bid_price"":""276.20"",""ask_price"":""278.40""},{""bid_quantity"":40,""ask_quantity"":80,""bid_orders"":1,""ask_orders"":4,""bid_price"":""276.15"",""ask_price"":""278.45""}]"
09:15:20.520,1790307920520975626,1025663074910013,Ticker Data,0,51,73607.73,,09:15:20,,,,,,
09:15:20.751,1790307920751575023,1025663305509290,Full Data,8,887017,722.05,20,09:15:20,666.97,71760,20200,139660,74320,"[{""bid_quantity"":20,""ask_quantity"":20,""bid_orders"":1,""ask_orders"":1,""bid_price"":""717.50"",""ask_price"":""720.05""},{""bid_quantity"":60,""ask_quantity"":20,""bid_orders"":3,""ask_orders"":1,""bid_price"":""717.40"",""ask_price"":""720.10""},{""bid_quantity"":100,""ask_quantity"":20,""bid_orders"":5,""ask_orders"":1,""bid_price"":""717.25"",""ask_price"":""720.15""},{""bid_quantity"":40,""ask_quantity"":20,""bid_orders"":1,""ask_orders"":1,""bid_price"":""717.20"",""ask_price"":""720.25""},{""bid_quantity"":100,""ask_quantity"":20,""bid_orders"":1,""ask_orders"":1,""bid_price"":""716.80"",""ask_price"":""720.30""}]"
09:15:20.787,1790307920787194211,1025663341128438,Full Data,8,886718,343.25,20,09:15:20,388.26,123780,28580,32760,276660,"[{""bid_quantity"":80,""ask_quantity"":60,""bid_orders"":1,""ask_orders"":3,""bid_price"":""342.80"",""ask_price"":""344.15""},{""bid_quantity"":20,""ask_quantity"":80,""bid_orders"":1,""ask_orders"":4,""bid_price"":""342.75"",""ask_price"":""344.20""},{""bid_quantity"":100,""ask_quantity"":60,""bid_orders"":2,""ask_orders"":3,""bid_price"":""342.70"",""ask_price"":""344.30""},{""bid_quantity"":40,""ask_quantity"":80,""bid_orders"":2,""ask_orders"":4,""bid_price"":""342.65"",""ask_price"":""344.40""},{""bid_quantity"":20,""ask_quantity"":20,""bid_orders"":1,""ask_orders"":1,""bid_price"":""342.60"",""ask_price"":""344.45""}]"
09:15:20.819,1790307920819099775,1025663373033642,Full Data,8,886981,380.40,40,09:15:20,427.71,55960,23680,49680,63920,"[{""bid_quantity"":180,""ask_quantity"":40,""bid_orders"":4,""ask_orders"":2,""bid_price"":""380.50"",""ask_price"":""382.45""},{""bid_quantity"":300,""ask_quantity"":20,""bid_orders"":3,""ask_orders"":1,""bid_price"":""380.45"",""ask_price"":""382.55""},{""bid_quantity"":20,""ask_quantity"":20,""bid_orders"":1,""ask_orders"":1,""bid_price"":""380.40"",""ask_price"":""382.60""},{""bid_quantity"":80,""ask_quantity"":140,""bid_orders"":2,""ask_orders"":1,""bid_price"":""380.35"",""ask_price"":""382.80""},{""bid_quantity"":40,""ask_quantity"":160,""bid_orders"":2,""ask_orders"":1,""bid_price"":""380.30"",""ask_price"":""383.10""}]"
09:15:20.823,1790307920823330082,1025663377263869,Full Data,8,887036,467.10,20,09:15:20,516.19,32960,18100,99940,155340,"[{""bid_quantity"":60,""ask_quantity"":40,""bid_orders"":3,""ask_orders"":2,""bid_price"":""467.25"",""ask_price"":""468.95""},{""bid_quantity"":20,""ask_quantity"":100,""bid_orders"":1,""ask_orders"":1,""bid_price"":""467.20"",""ask_price"":""469.05""},{""bid_quantity"":20,""ask_quantity"":20,""bid_orders"":1,""ask_orders"":1,""bid_price"":""467.05"",""ask_price"":""469.60""},{""bid_quantity"":20,""ask_quantity"":40,""bid_orders"":1,""ask_orders"":2,""bid_price"":""466.90"",""ask_price"":""469.65""},{""bid_quantity"":20,""ask_quantity"":100,""bid_orders"":1,""ask_orders"":1,""bid_price"":""466.75"",""ask_price"":""469.95""}]"
09:15:20.852,1790307920852815031,1025663406748818,Full Data,8,886872,248.60,80,09:15:20,280.06,37000,19480,30560,47980,"[{""bid_quantity"":20,""ask_quantity"":40,""bid_orders"":1,""ask_orders"":2,""bid_price"":""248.40"",""ask_price"":""249.30""},{""bid_quantity"":80,""ask_quantity"":60,""bid_orders"":1,""ask_orders"":2,""bid_price"":""248.25"",""ask_price"":""249.35""},{""bid_quantity"":20,""ask_quantity"":160,""bid_orders"":1,""ask_orders"":1,""bid_price"":""248.20"",""ask_price"":""249.50""},{""bid_quantity"":20,""ask_quantity"":40,""bid_orders"":1,""ask_orders"":1,""bid_price"":""248.00"",""ask_price"":""249.55""},{""bid_quantity"":20,""ask_quantity"":40,""bid_orders"":1,""ask_orders"":1,""bid_price"":""247.90"",""ask_price"":""250.15""}]"
09:15:20.881,1790307920881308254,1025663435242041,Full Data,8,886951,851.60,20,09:15:20,797.12,3680,15100,99260,6000,"[{""bid_quantity"":100,""ask_quantity"":40,""bid_orders"":2,""ask_orders"":2,""bid_price"":""846.05"",""ask_price"":""850.95""},{""bid_quantity"":20,""ask_quantity"":40,""bid_orders"":1,""ask_orders"":1,""bid_price"":""846.00"",""ask_price"":""851.00""},{""bid_quantity"":20,""ask_quantity"":20,""bid_orders"":1,""ask_orders"":1,""bid_price"":""845.90"",""ask_price"":""851.05""},{""bid_quantity"":20,""ask_quantity"":20,""bid_orders"":1,""ask_orders"":1,""bid_price"":""845.80"",""ask_price"":""851.15""},{""bid_quantity"":20,""ask_quantity"":20,""bid_orders"":1,""ask_orders"":1,""bid_price"":""845.75"",""ask_price"":""851.25""}]"
09:15:20.891,1790307920891546839,1025663445480586,Full Data,8,887017,716.80,20,09:15:20,667.04,71860,18280,137080,74320,"[{""bid_quantity"":20,""ask_quantity"":20,""bid_orders"":1,""ask_orders"":1,""bid_price"":""715.25"",""ask_price"":""717.35""},{""bid_quantity"":20,""ask_quantity"":40,""bid_orders"":1,""ask_orders"":1,""bid_price"":""715.05"",""ask_price"":""717.40""},{""bid_quantity"":20,""ask_quantity"":40,""bid_orders"":1,""ask_orders"":2,""bid_price"":""715.00"",""ask_price"":""717.45""},{""bid_quantity"":20,""ask_quantity"":20,""bid_orders"":1,""ask_orders"":1,""bid_price"":""714.50"",""ask_price"":""717.60""},{""bid_quantity"":100,""ask_quantity"":20,""bid_orders"":1,""ask_orders"":1,""bid_price"":""714.40"",""ask_price"":""717.80""}]"
09:15:20.892,1790307920892182083,1025663446115870,Full Data,8,887036,467.70,20,09:15:20,516.16,32980,19340,99060,155340,"[{""bid_quantity"":40,""ask_quantity"":20,""bid_orders"":1,""ask_orders"":1,""bid_price"":""463.70"",""ask_price"":""466.30""},{""bid_quantity"":100,""ask_quantity"":60,""bid_orders"":1,""ask_orders"":3,""bid_price"":""463.45"",""ask_price"":""466.35""},{""bid_quantity"":20,""ask_quantity"":60,""bid_orders"":1,""ask_orders"":1,""bid_price"":""463.30"",""ask_price"":""466.40""},{""bid_quantity"":420,""ask_quantity"":320,""bid_orders"":1,""ask_orders"":4,""bid_price"":""462.70"",""ask_price"":""466.45""},{""bid_quantity"":100,""ask_quantity"":120,""bid_orders"":1,""ask_orders"":1,""bid_price"":""462.45"",""ask_price"":""466.60""}]"
09:15:20.912,1790307920912991377,1025663466925244,Full Data,8,886872,248.60,80,09:15:20,280.06,37000,21040,30000,47980,"[{""bid_quantity"":680,""ask_quantity"":40,""bid_orders"":2,""ask_orders"":2,""bid_price"":""245.90"",""ask_price"":""247.85""},{""bid_quantity"":160,""ask_quantity"":20,""bid_orders"":2,""ask_orders"":1,""bid_price"":""245.75"",""ask_price"":""247.90""},{""bid_quantity"":200,""ask_quantity"":20,""bid_orders"":1,""ask_orders"":1,""bid_price"":""245.70"",""ask_price"":""247.95""},{""bid_quantity"":100,""ask_quantity"":40,""bid_orders"":1,""ask_orders"":2,""bid_price"":""245.55"",""ask_price"":""248.00""},{""bid_quantity"":200,""ask_quantity"":320,""bid_orders"":1,""ask_orders"":3,""bid_price"":""245.25"",""ask_price"":""248.05""}]"
09:15:20.914,1790307920914501626,1025663468435453,Full Data,8,886849,537.90,60,09:15:20,499.66,38800,18440,28800,167000,"[{""bid_quantity"":20,""ask_quantity"":40,""bid_orders"":1,""ask_orders"":1,""bid_price"":""540.90"",""ask_price"":""542.75""},{""bid_quantity"":20,""ask_quantity"":40,""bid_orders"":1,""ask_orders"":2,""bid_price"":""540.75"",""ask_price"":""542.80""},{""bid_quantity"":60,""ask_quantity"":80,""bid_orders"":2,""ask_orders"":2,""bid_price"":""540.60"",""ask_price"":""542.85""},{""bid_quantity"":40,""ask_quantity"":100,""bid_orders"":1,""ask_orders"":1,""bid_price"":""540.50"",""ask_price"":""543.05""},{""bid_quantity"":140,""ask_quantity"":20,""bid_orders"":2,""ask_orders"":1,""bid_price"":""540.40"",""ask_price"":""543.10""}]"
09:15:20.961,1790307920961340406,1025663515274473,Full Data,8,886692,914.85,20,09:15:20,865.84,1920,16620,95000,4500,"[{""bid_quantity"":40,""ask_quantity"":120,""bid_orders"":1,""ask_orders"":4,""bid_price"":""921.15"",""ask_price"":""929.90""},{""bid_quantity"":20,""ask_quantity"":20,""bid_orders"":1,""ask_orders"":1,""bid_price"":""921.10"",""ask_price"":""930.00""},{""bid_quantity"":20,""ask_quantity"":40,""bid_orders"":1,""ask_orders"":2,""bid_price"":""921.00"",""ask_price"":""930.10""},{""bid_quantity"":100,""ask_quantity"":20,""bid_orders"":2,""ask_orders"":1,""bid_price"":""920.90"",""ask_price"":""930.15""},{""bid_quantity"":80,""ask_quantity"":20,""bid_orders"":1,""ask_orders"":1,""bid_price"":""920.55"",""ask_price"":""930.20""}]"
09:15:20.994,1790307920994372778,1025663548306885,Full Data,8,886805,658.75,40,09:15:20,610.92,29600,17760,110640,42420,"[{""bid_quantity"":40,""ask_quantity"":40,""bid_orders"":2,""ask_orders"":1,""bid_price"":""655.35"",""ask_price"":""658.80""},{""bid_quantity"":60,""ask_quantity"":40,""bid_orders"":2,""ask_orders"":2,""bid_price"":""655.30"",""ask_price"":""658.85""},{""bid_quantity"":340,""ask_quantity"":40,""bid_orders"":2,""ask_orders"":2,""bid_price"":""654.95"",""ask_price"":""659.00""},{""bid_quantity"":20,""ask_quantity"":20,""bid_orders"":1,""ask_orders"":1,""bid_price"":""654.80"",""ask_price"":""659.15""},{""bid_quantity"":100,""ask_quantity"":220,""bid_orders"":1,""ask_orders"":3,""bid_price"":""654.65"",""ask_price"":""659.20""}]"
09:15:21.003,1790307921003121394,1025663557055221,Full Data,8,886849,539.55,20,09:15:20,500.30,39420,19300,28700,167000,"[{""bid_quantity"":20,""ask_quantity"":40,""bid_orders"":1,""ask_orders"":2,""bid_price"":""539.35"",""ask_price"":""541.90""},{""bid_quantity"":20,""ask_quantity"":40,""bid_orders"":1,""ask_orders"":2,""bid_price"":""539.15"",""ask_price"":""542.05""},{""bid_quantity"":160,""ask_quantity"":80,""bid_orders"":2,""ask_orders"":3,""bid_price"":""539.10"",""ask_price"":""542.10""},{""bid_quantity"":20,""ask_quantity"":40,""bid_orders"":1,""ask_orders"":2,""bid_price"":""538.95"",""ask_price"":""542.25""},{""bid_quantity"":20,""ask_quantity"":20,""bid_orders"":1,""ask_orders"":1,""bid_price"":""538.80"",""ask_price"":""542.30""}]"
09:15:21.027,1790307921028007873,1025663581942140,Full Data,8,886692,914.85,20,09:15:20,865.84,1920,18060,94360,4500,"[{""bid_quantity"":40,""ask_quantity"":20,""bid_orders"":1,""ask_orders"":1,""bid_price"":""919.10"",""ask_price"":""929.10""},{""bid_quantity"":20,""ask_quantity"":80,""bid_orders"":1,""ask_orders"":2,""bid_price"":""919.05"",""ask_price"":""929.15""},{""bid_quantity"":280,""ask_quantity"":60,""bid_orders"":4,""ask_orders"":3,""bid_price"":""918.90"",""ask_price"":""929.20""},{""bid_quantity"":280,""ask_quantity"":20,""bid_orders"":1,""ask_orders"":1,""bid_price"":""911.85"",""ask_price"":""929.25""},{""bid_quantity"":80,""ask_quantity"":60,""bid_orders"":2,""ask_orders"":3,""bid_price"":""904.15"",""ask_price"":""929.30""}]"
09:15:21.089,1790307921089708588,1025663643642575,Full Data,8,886747,782.95,20,09:15:20,735.95,8440,16640,95700,5900,"[{""bid_quantity"":40,""ask_quantity"":20,""bid_orders"":2,""ask_orders"":1,""bid_price"":""782.60"",""ask_price"":""784.65""},{""bid_quantity"":40,""ask_quantity"":60,""bid_orders"":2,""ask_orders"":2,""bid_price"":""782.55"",""ask_price"":""788.05""},{""bid_quantity"":40,""ask_quantity"":40,""bid_orders"":2,""ask_orders"":2,""bid_price"":""782.25"",""ask_price"":""788.10""},{""bid_quantity"":40,""ask_quantity"":160,""bid_orders"":2,""ask_orders"":1,""bid_price"":""782.05"",""ask_price"":""788.85""},{""bid_quantity"":40,""ask_quantity"":60,""bid_orders"":2,""ask_orders"":3,""bid_price"":""781.85"",""ask_price"":""789.90""}]"
09:15:21.090,1790307921090190951,1025663644124658,Full Data,8,886805,655.30,60,09:15:20,611.07,29700,16180,108720,42420,"[{""bid_quantity"":20,""ask_quantity"":20,""bid_orders"":1,""ask_orders"":1,""bid_price"":""653.95"",""ask_price"":""657.25""},{""bid_quantity"":40,""ask_quantity"":40,""bid_orders"":2,""ask_orders"":2,""bid_price"":""653.85"",""ask_price"":""657.45""},{""bid_quantity"":40,""ask_quantity"":20,""bid_orders"":2,""ask_orders"":1,""bid_price"":""653.75"",""ask_price"":""657.50""},{""bid_quantity"":20,""ask_quantity"":40,""bid_orders"":1,""ask_orders"":2,""bid_price"":""653.65"",""ask_price"":""657.55""},{""bid_quantity"":300,""ask_quantity"":20,""bid_orders"":1,""ask_orders"":1,""bid_price"":""653.60"",""ask_price"":""657.65""}]"
09:15:21.095,1790307921095788667,1025663649722494,Full Data,8,886747,782.60,20,09:15:20,736.18,8480,16880,96080,5900,"[{""bid_quantity"":20,""ask_quantity"":20,""bid_orders"":1,""ask_orders"":1,""bid_price"":""781.55"",""ask_price"":""785.05""},{""bid_quantity"":40,""ask_quantity"":20,""bid_orders"":2,""ask_orders"":1,""bid_price"":""781.50"",""ask_price"":""785.10""},{""bid_quantity"":20,""ask_quantity"":20,""bid_orders"":1,""ask_orders"":1,""bid_price"":""781.40"",""ask_price"":""785.20""},{""bid_quantity"":20,""ask_quantity"":20,""bid_orders"":1,""ask_orders"":1,""bid_price"":""781.30"",""ask_price"":""785.30""},{""bid_quantity"":20,""ask_quantity"":20,""bid_orders"":1,""ask_orders"":1,""bid_price"":""781.20"",""ask_price"":""785.35""}]"
09:15:21.132,1790307921132148660,1025663686082447,Full Data,8,886572,597.80,20,09:15:21,557.65,36760,21100,107280,92640,"[{""bid_quantity"":60,""ask_quantity"":80,""bid_orders"":1,""ask_orders"":2,""bid_price"":""596.90"",""ask_price"":""597.80""},{""bid_quantity"":20,""ask_quantity"":40,""bid_orders"":1,""ask_orders"":2,""bid_price"":""596.70"",""ask_price"":""597.85""},{""bid_quantity"":40,""ask_quantity"":360,""bid_orders"":1,""ask_orders"":3,""bid_price"":""596.50"",""ask_price"":""597.95""},{""bid_quantity"":20,""ask_quantity"":40,""bid_orders"":1,""ask_orders"":1,""bid_price"":""596.45"",""ask_price"":""598.00""},{""bid_quantity"":160,""ask_quantity"":80,""bid_orders"":2,""ask_orders"":3,""bid_price"":""596.40"",""ask_price"":""598.05""}]"
09:15:21.187,1790307921187623255,1025663741557282,Full Data,8,886924,304.75,160,09:15:21,346.09,35020,23120,27020,59380,"[{""bid_quantity"":180,""ask_quantity"":40,""bid_orders"":3,""ask_orders"":1,""bid_price"":""304.45"",""ask_price"":""305.70""},{""bid_quantity"":580,""ask_quantity"":80,""bid_orders"":2,""ask_orders"":3,""bid_price"":""304.40"",""ask_price"":""305.75""},{""bid_quantity"":20,""ask_quantity"":120,""bid_orders"":1,""ask_orders"":2,""bid_price"":""304.20"",""ask_price"":""305.80""},{""bid_quantity"":20,""ask_quantity"":20,""bid_orders"":1,""ask_orders"":1,""bid_price"":""304.15"",""ask_price"":""305.85""},{""bid_quantity"":100,""ask_quantity"":60,""bid_orders"":1,""ask_orders"":1,""bid_price"":""303.60"",""ask_price"":""305.95""}]"
09:15:21.219,1790307921219679141,1025663773613088,Full Data,8,886572,596.70,20,09:15:21,557.86,36960,20120,107240,92640,"[{""bid_quantity"":60,""ask_quantity"":20,""bid_orders"":2,""ask_orders"":1,""bid_price"":""596.15"",""ask_price"":""597.60""},{""bid_quantity"":60,""ask_quantity"":20,""bid_orders"":2,""ask_orders"":1,""bid_price"":""596.05"",""ask_price"":""597.65""},{""bid_quantity"":40,""ask_quantity"":20,""bid_orders"":2,""ask_orders"":1,""bid_price"":""595.80"",""ask_price"":""597.75""},{""bid_quantity"":60,""ask_quantity"":180,""bid_orders"":2,""ask_orders"":2,""bid_price"":""595.65"",""ask_price"":""598.20""},{""bid_quantity"":40,""ask_quantity"":20,""bid_orders"":1,""ask_orders"":1,""bid_price"":""595.60"",""ask_price"":""598.30""}]"
09:15:21.227,1790307921227219629,1025663781153376,Full Data,8,886924,304.40,60,09:15:21,345.69,35360,21880,24960,59380,"[{""bid_quantity"":40,""ask_quantity"":40,""bid_orders"":1,""ask_orders"":2,""bid_price"":""302.90"",""ask_price"":""304.35""},{""bid_quantity"":40,""ask_quantity"":20,""bid_orders"":1,""ask_orders"":1,""bid_price"":""302.85"",""ask_price"":""304.40""},{""bid_quantity"":40,""ask_quantity"":40,""bid_orders"":1,""ask_orders"":2,""bid_price"":""302.80"",""ask_price"":""304.45""},{""bid_quantity"":20,""ask_quantity"":60,""bid_orders"":1,""ask_orders"":3,""bid_price"":""302.75"",""ask_price"":""304.50""},{""bid_quantity"":20,""ask_quantity"":60,""bid_orders"":1,""ask_orders"":3,""bid_price"":""302.65"",""ask_price"":""304.55""}]"
09:15:21.270,1790307921270450626,1025663824384613,Full Data,8,886776,417.55,20,09:15:21,465.92,28300,19440,101640,67800,"[{""bid_quantity"":60,""ask_quantity"":40,""bid_orders"":2,""ask_orders"":2,""bid_price"":""417.30"",""ask_price"":""418.80""},{""bid_quantity"":40,""ask_quantity"":20,""bid_orders"":2,""ask_orders"":1,""bid_price"":""417.15"",""ask_price"":""418.90""},{""bid_quantity"":20,""ask_quantity"":20,""bid_orders"":1,""ask_orders"":1,""bid_price"":""416.95"",""ask_price"":""418.95""},{""bid_quantity"":20,""ask_quantity"":20,""bid_orders"":1,""ask_orders"":1,""bid_price"":""416.75"",""ask_price"":""419.00""},{""bid_quantity"":20,""ask_quantity"":140,""bid_orders"":1,""ask_orders"":2,""bid_price"":""416.70"",""ask_price"":""419.10""}]"
09:15:21.439,1790307921439962751,1025663993896898,Full Data,8,887124,273.00,180,09:15:21,307.61,28780,24300,24300,64860,"[{""bid_quantity"":360,""ask_quantity"":40,""bid_orders"":1,""ask_orders"":2,""bid_price"":""273.00"",""ask_price"":""273.70""},{""bid_quantity"":20,""ask_quantity"":140,""bid_orders"":1,""ask_orders"":3,""bid_price"":""271.70"",""ask_price"":""273.75""},{""bid_quantity"":60,""ask_quantity"":40,""bid_orders"":1,""ask_orders"":2,""bid_price"":""271.65"",""ask_price"":""273.80""},{""bid_quantity"":40,""ask_quantity"":20,""bid_orders"":1,""ask_orders"":1,""bid_price"":""271.00"",""ask_price"":""273.90""},{""bid_quantity"":100,""ask_quantity"":40,""bid_orders"":1,""ask_orders"":2,""bid_price"":""270.45"",""ask_price"":""274.00""}]"
09:15:21.459,1790307921459252875,1025664013187022,Full Data,8,887124,270.05,80,09:15:21,305.72,30360,24540,25480,64860,"[{""bid_quantity"":640,""ask_quantity"":60,""bid_orders"":2,""ask_orders"":2,""bid_price"":""270.40"",""ask_price"":""271.45""},{""bid_quantity"":60,""ask_quantity"":80,""bid_orders"":3,""ask_orders"":3,""bid_price"":""270.00"",""ask_price"":""271.55""},{""bid_quantity"":180,""ask_quantity"":80,""bid_orders"":3,""ask_orders"":1,""bid_price"":""269.90"",""ask_price"":""271.60""},{""bid_quantity"":160,""ask_quantity"":20,""bid_orders"":2,""ask_orders"":1,""bid_price"":""268.60"",""ask_price"":""271.65""},{""bid_quantity"":60,""ask_quantity"":120,""bid_orders"":1,""ask_orders"":2,""bid_price"":""268.55"",""ask_price"":""271.70""}]"
09:15:21.538,1790307921538878465,1025664092812492,Ticker Data,0,51,73604.01,,09:15:21,,,,,,
09:15:21.721,1790307921721765596,1025664275699863,Full Data,8,886981,374.10,20,09:15:21,424.67,59520,22380,46160,63920,"[{""bid_quantity"":40,""ask_quantity"":40,""bid_orders"":2,""ask_orders"":2,""bid_price"":""372.40"",""ask_price"":""374.30""},{""bid_quantity"":40,""ask_quantity"":40,""bid_orders"":2,""ask_orders"":2,""bid_price"":""372.30"",""ask_price"":""374.45""},{""bid_quantity"":40,""ask_quantity"":60,""bid_orders"":2,""ask_orders"":2,""bid_price"":""372.20"",""ask_price"":""374.60""},{""bid_quantity"":40,""ask_quantity"":40,""bid_orders"":2,""ask_orders"":2,""bid_price"":""372.10"",""ask_price"":""374.65""},{""bid_quantity"":260,""ask_quantity"":40,""bid_orders"":3,""ask_orders"":2,""bid_price"":""372.00"",""ask_price"":""374.75""}]"
09:15:21.744,1790307921744711983,1025664298646010,Full Data,8,886718,336.20,20,09:15:21,385.98,129940,27560,30620,276660,"[{""bid_quantity"":100,""ask_quantity"":140,""bid_orders"":4,""ask_orders"":4,""bid_price"":""336.00"",""ask_price"":""336.70""},{""bid_quantity"":20,""ask_quantity"":80,""bid_orders"":1,""ask_orders"":3,""bid_price"":""335.95"",""ask_price"":""336.75""},{""bid_quantity"":40,""ask_quantity"":300,""bid_orders"":2,""ask_orders"":5,""bid_price"":""335.30"",""ask_price"":""336.90""},{""bid_quantity"":140,""ask_quantity"":40,""bid_orders"":2,""ask_orders"":2,""bid_price"":""334.95"",""ask_price"":""336.95""},{""bid_quantity"":40,""ask_quantity"":40,""bid_orders"":1,""ask_orders"":2,""bid_price"":""334.70"",""ask_price"":""337.00""}]"
09:15:21.790,1790307921790210474,1025664344144461,Full Data,8,886951,855.60,40,09:15:21,798.34,3760,14520,98820,6000,"[{""bid_quantity"":60,""ask_quantity"":40,""bid_orders"":2,""ask_orders"":2,""bid_price"":""855.20"",""ask_price"":""858.90""},{""bid_quantity"":20,""ask_quantity"":160,""bid_orders"":1,""ask_orders"":2,""bid_price"":""855.15"",""ask_price"":""860.30""},{""bid_quantity"":20,""ask_quantity"":100,""bid_orders"":1,""ask_orders"":1,""bid_price"":""854.95"",""ask_price"":""862.05""},{""bid_quantity"":20,""ask_quantity"":60,""bid_orders"":1,""ask_orders"":1,""bid_price"":""854.85"",""ask_price"":""863.20""},{""bid_quantity"":120,""ask_quantity"":40,""bid_orders"":3,""ask_orders"":1,""bid_price"":""854.75"",""ask_price"":""868.95""}]"
09:15:21.838,1790307921838183981,1025664392117928,Full Data,8,887017,725.35,20,09:15:21,669.05,74700,17900,137580,74320,"[{""bid_quantity"":80,""ask_quantity"":20,""bid_orders"":3,""ask_orders"":1,""bid_price"":""722.90"",""ask_price"":""725.75""},{""bid_quantity"":40,""ask_quantity"":20,""bid_orders"":2,""ask_orders"":1,""bid_price"":""722.85"",""ask_price"":""725.85""},{""bid_quantity"":20,""ask_quantity"":260,""bid_orders"":1,""ask_orders"":1,""bid_price"":""722.80"",""ask_price"":""726.10""},{""bid_quantity"":20,""ask_quantity"":20,""bid_orders"":1,""ask_orders"":1,""bid_price"":""722.75"",""ask_price"":""726.15""},{""bid_quantity"":20,""ask_quantity"":40,""bid_orders"":1,""ask_orders"":1,""bid_price"":""722.60"",""ask_price"":""726.20""}]"
09:15:21.840,1790307921840177914,1025664394111741,Full Data,8,887036,457.20,20,09:15:21,513.99,34360,18820,99820,155340,"[{""bid_quantity"":20,""ask_quantity"":60,""bid_orders"":1,""ask_orders"":2,""bid_price"":""454.55"",""ask_price"":""456.00""},{""bid_quantity"":60,""ask_quantity"":20,""bid_orders"":1,""ask_orders"":1,""bid_price"":""454.40"",""ask_price"":""456.05""},{""bid_quantity"":40,""ask_quantity"":20,""bid_orders"":2,""ask_orders"":1,""bid_price"":""454.35"",""ask_price"":""456.15""},{""bid_quantity"":440,""ask_quantity"":120,""bid_orders"":2,""ask_orders"":1,""bid_price"":""454.30"",""ask_price"":""456.20""},{""bid_quantity"":100,""ask_quantity"":40,""bid_orders"":1,""ask_orders"":2,""bid_price"":""454.15"",""ask_price"":""456.30""}]"
09:15:21.862,1790307921862245655,1025664416179762,Full Data,8,886872,240.00,80,09:15:21,277.32,39980,22620,28640,47980,"[{""bid_quantity"":680,""ask_quantity"":100,""bid_orders"":1,""ask_orders"":3,""bid_price"":""239.80"",""ask_price"":""240.40""},{""bid_quantity"":40,""ask_quantity"":40,""bid_orders"":1,""ask_orders"":1,""bid_price"":""238.65"",""ask_price"":""240.45""},{""bid_quantity"":80,""ask_quantity"":100,""bid_orders"":1,""ask_orders"":3,""bid_price"":""237.50"",""ask_price"":""240.50""},{""bid_quantity"":60,""ask_quantity"":80,""bid_orders"":1,""ask_orders"":3,""bid_price"":""237.45"",""ask_price"":""240.60""},{""bid_quantity"":60,""ask_quantity"":300,""bid_orders"":1,""ask_orders"":4,""bid_price"":""237.40"",""ask_price"":""240.65""}]"
09:15:21.892,1790307921892690930,1025664446624717,Full Data,8,886951,862.05,40,09:15:21,799.63,3840,15700,99860,6000,"[{""bid_quantity"":260,""ask_quantity"":20,""bid_orders"":5,""ask_orders"":1,""bid_price"":""855.70"",""ask_price"":""861.80""},{""bid_quantity"":20,""ask_quantity"":80,""bid_orders"":1,""ask_orders"":1,""bid_price"":""855.65"",""ask_price"":""861.85""},{""bid_quantity"":180,""ask_quantity"":60,""bid_orders"":2,""ask_orders"":1,""bid_price"":""855.55"",""ask_price"":""862.05""},{""bid_quantity"":200,""ask_quantity"":40,""bid_orders"":3,""ask_orders"":1,""bid_price"":""855.50"",""ask_price"":""863.80""},{""bid_quantity"":20,""ask_quantity"":300,""bid_orders"":1,""ask_orders"":1,""bid_price"":""855.40"",""ask_price"":""863.85""}]"
09:15:21.907,1790307921907970508,1025664461904335,Full Data,8,887017,726.50,20,09:15:21,669.22,74920,17380,137500,74320,"[{""bid_quantity"":20,""ask_quantity"":20,""bid_orders"":1,""ask_orders"":1,""bid_price"":""724.70"",""ask_price"":""726.90""},{""bid_quantity"":20,""ask_quantity"":20,""bid_orders"":1,""ask_orders"":1,""bid_price"":""724.65"",""ask_price"":""727.10""},{""bid_quantity"":20,""ask_quantity"":20,""bid_orders"":1,""ask_orders"":1,""bid_price"":""724.55"",""ask_price"":""727.35""},{""bid_quantity"":20,""ask_quantity"":120,""bid_orders"":1,""ask_orders"":1,""bid_price"":""724.50"",""ask_price"":""727.50""},{""bid_quantity"":40,""ask_quantity"":300,""bid_orders"":1,""ask_orders"":3,""bid_price"":""724.35"",""ask_price"":""727.60""}]"
09:15:21.908,1790307921908340590,1025664462274417,Full Data,8,887036,457.20,20,09:15:21,513.99,34360,18920,99900,155340,"[{""bid_quantity"":20,""ask_quantity"":20,""bid_orders"":1,""ask_orders"":1,""bid_price"":""453.60"",""ask_price"":""454.90""},{""bid_quantity"":20,""ask_quantity"":20,""bid_orders"":1,""ask_orders"":1,""bid_price"":""453.40"",""ask_price"":""454.95""},{""bid_quantity"":100,""ask_quantity"":20,""bid_orders"":1,""ask_orders"":1,""bid_price"":""453.25"",""ask_price"":""455.00""},{""bid_quantity"":140,""ask_quantity"":20,""bid_orders"":1,""ask_orders"":1,""bid_price"":""453.15"",""ask_price"":""455.05""},{""bid_quantity"":100,""ask_quantity"":20,""bid_orders"":1,""ask_orders"":1,""bid_price"":""453.05"",""ask_price"":""455.10""}]"
09:15:21.909,1790307921909860840,1025664463794667,Full Data,8,886872,239.80,680,09:15:21,276.70,40660,22440,30060,47980,"[{""bid_quantity"":20,""ask_quantity"":60,""bid_orders"":1,""ask_orders"":2,""bid_price"":""238.25"",""ask_price"":""239.65""},{""bid_quantity"":40,""ask_quantity"":120,""bid_orders"":1,""ask_orders"":3,""bid_price"":""238.15"",""ask_price"":""239.70""},{""bid_quantity"":220,""ask_quantity"":120,""bid_orders"":2,""ask_orders"":3,""bid_price"":""238.10"",""ask_price"":""239.80""},{""bid_quantity"":60,""ask_quantity"":60,""bid_orders"":1,""ask_orders"":2,""bid_price"":""238.05"",""ask_price"":""239.85""},{""bid_quantity"":300,""ask_quantity"":100,""bid_orders"":1,""ask_orders"":2,""bid_price"":""238.00"",""ask_price"":""239.90""}]"
09:15:21.918,1790307921918168253,1025664472102120,Full Data,8,886849,544.25,60,09:15:21,502.42,41580,20160,30800,167000,"[{""bid_quantity"":380,""ask_quantity"":40,""bid_orders"":1,""ask_orders"":2,""bid_price"":""543.90"",""ask_price"":""544.75""},{""bid_quantity"":180,""ask_quantity"":40,""bid_orders"":3,""ask_orders"":1,""bid_price"":""543.25"",""ask_price"":""544.80""},{""bid_quantity"":60,""ask_quantity"":40,""bid_orders"":2,""ask_orders"":2,""bid_price"":""542.90"",""ask_price"":""544.85""},{""bid_quantity"":120,""ask_quantity"":60,""bid_orders"":2,""ask_orders"":2,""bid_price"":""542.30"",""ask_price"":""544.95""},{""bid_quantity"":40,""ask_quantity"":20,""bid_orders"":1,""ask_orders"":1,""bid_price"":""542.25"",""ask_price"":""545.00""}]"
09:15:21.954,1790307921954553206,1025664508487633,Full Data,8,886692,925.85,20,09:15:21,868.13,2000,16000,96600,4500,"[{""bid_quantity"":20,""ask_quantity"":60,""bid_orders"":1,""ask_orders"":3,""bid_price"":""926.15"",""ask_price"":""929.85""},{""bid_quantity"":20,""ask_quantity"":20,""bid_orders"":1,""ask_orders"":1,""bid_price"":""925.70"",""ask_price"":""932.65""},{""bid_quantity"":20,""ask_quantity"":100,""bid_orders"":1,""ask_orders"":1,""bid_price"":""925.40"",""ask_price"":""932.70""},{""bid_quantity"":20,""ask_quantity"":40,""bid_orders"":1,""ask_orders"":1,""bid_price"":""925.10"",""ask_price"":""936.60""},{""bid_quantity"":40,""ask_quantity"":20,""bid_orders"":1,""ask_orders"":1,""bid_price"":""924.20"",""ask_price"":""936.85""}]"
09:15:21.992,1790307921992749211,1025664546683318,Full Data,8,886805,659.35,20,09:15:21,615.62,33040,19160,109280,42420,"[{""bid_quantity"":20,""ask_quantity"":20,""bid_orders"":1,""ask_orders"":1,""bid_price"":""658.85"",""ask_price"":""660.85""},{""bid_quantity"":20,""ask_quantity"":40,""bid_orders"":1,""ask_orders"":2,""bid_price"":""658.80"",""ask_price"":""660.90""},{""bid_quantity"":360,""ask_quantity"":20,""bid_orders"":2,""ask_orders"":1,""bid_price"":""658.60"",""ask_price"":""661.00""},{""bid_quantity"":20,""ask_quantity"":20,""bid_orders"":1,""ask_orders"":1,""bid_price"":""656.95"",""ask_price"":""661.10""},{""bid_quantity"":20,""ask_quantity"":20,""bid_orders"":1,""ask_orders"":1,""bid_price"":""656.55"",""ask_price"":""661.25""}]"
09:15:22.042,1790307922042121727,1025664596055794,Full Data,8,886849,543.90,100,09:15:21,502.74,41900,18380,29700,167000,"[{""bid_quantity"":80,""ask_quantity"":40,""bid_orders"":3,""ask_orders"":1,""bid_price"":""542.90"",""ask_price"":""543.90""},{""bid_quantity"":60,""ask_quantity"":40,""bid_orders"":2,""ask_orders"":1,""bid_price"":""542.65"",""ask_price"":""544.45""},{""bid_quantity"":140,""ask_quantity"":20,""bid_orders"":2,""ask_orders"":1,""bid_price"":""542.45"",""ask_price"":""544.50""},{""bid_quantity"":120,""ask_quantity"":40,""bid_orders"":2,""ask_orders"":2,""bid_price"":""542.30"",""ask_price"":""544.60""},{""bid_quantity"":60,""ask_quantity"":40,""bid_orders"":2,""ask_orders"":2,""bid_price"":""542.25"",""ask_price"":""544.65""}]"
09:15:22.052,1790307922052012550,1025664605946377,Full Data,8,886747,790.75,20,09:15:21,738.63,8900,15780,95420,5900,"[{""bid_quantity"":20,""ask_quantity"":40,""bid_orders"":1,""ask_orders"":2,""bid_price"":""787.65"",""ask_price"":""790.85""},{""bid_quantity"":20,""ask_quantity"":40,""bid_orders"":1,""ask_orders"":2,""bid_price"":""787.60"",""ask_price"":""790.95""},{""bid_quantity"":20,""ask_quantity"":200,""bid_orders"":1,""ask_orders"":4,""bid_price"":""787.40"",""ask_price"":""791.05""},{""bid_quantity"":20,""ask_quantity"":40,""bid_orders"":1,""ask_orders"":2,""bid_price"":""787.25"",""ask_price"":""791.15""},{""bid_quantity"":40,""ask_quantity"":20,""bid_orders"":1,""ask_orders"":1,""bid_price"":""785.90"",""ask_price"":""791.50""}]"
09:15:22.080,1790307922080357532,1025664634291559,Full Data,8,886805,658.85,20,09:15:21,615.65,33060,16680,107660,42420,"[{""bid_quantity"":40,""ask_quantity"":120,""bid_orders"":2,""ask_orders"":5,""bid_price"":""658.80"",""ask_price"":""661.30""},{""bid_quantity"":60,""ask_quantity"":40,""bid_orders"":2,""ask_orders"":2,""bid_price"":""658.65"",""ask_price"":""661.35""},{""bid_quantity"":380,""ask_quantity"":40,""bid_orders"":3,""ask_orders"":2,""bid_price"":""658.60"",""ask_price"":""661.50""},{""bid_quantity"":40,""ask_quantity"":40,""bid_orders"":2,""ask_orders"":2,""bid_price"":""656.95"",""ask_price"":""661.55""},{""bid_quantity"":60,""ask_quantity"":380,""bid_orders"":1,""ask_orders"":2,""bid_price"":""656.80"",""ask_price"":""661.60""}]"
09:15:22.082,1790307922082611506,1025664636545373,Full Data,8,886692,925.85,20,09:15:21,868.13,2000,14240,94660,4500,"[{""bid_quantity"":40,""ask_quantity"":20,""bid_orders"":1,""ask_orders"":1,""bid_price"":""925.75"",""ask_price"":""929.35""},{""bid_quantity"":20,""ask_quantity"":20,""bid_orders"":1,""ask_orders"":1,""bid_price"":""925.70"",""ask_price"":""929.40""},{""bid_quantity"":20,""ask_quantity"":20,""bid_orders"":1,""ask_orders"":1,""bid_price"":""925.40"",""ask_price"":""929.45""},{""bid_quantity"":20,""ask_quantity"":20,""bid_orders"":1,""ask_orders"":1,""bid_price"":""925.10"",""ask_price"":""929.55""},{""bid_quantity"":280,""ask_quantity"":20,""bid_orders"":1,""ask_orders"":1,""bid_price"":""924.15"",""ask_price"":""929.65""}]"
09:15:22.083,1790307922083680553,1025664637614380,Full Data,8,886747,790.75,20,09:15:21,738.63,8900,15800,98140,5900,"[{""bid_quantity"":40,""ask_quantity"":20,""bid_orders"":2,""ask_orders"":1,""bid_price"":""786.70"",""ask_price"":""792.50""},{""bid_quantity"":40,""ask_quantity"":180,""bid_orders"":1,""ask_orders"":3,""bid_price"":""786.65"",""ask_price"":""792.60""},{""bid_quantity"":20,""ask_quantity"":20,""bid_orders"":1,""ask_orders"":1,""bid_price"":""786.60"",""ask_price"":""792.75""},{""bid_quantity"":20,""ask_quantity"":100,""bid_orders"":1,""ask_orders"":1,""bid_price"":""786.55"",""ask_price"":""792.90""},{""bid_quantity"":40,""ask_quantity"":40,""bid_orders"":2,""ask_orders"":1,""bid_price"":""786.50"",""ask_price"":""793.95""}]"
09:15:22.129,1790307922129537327,1025664683471234,Full Data,8,886572,600.00,180,09:15:21,559.38,38420,20740,105380,92640,"[{""bid_quantity"":20,""ask_quantity"":60,""bid_orders"":1,""ask_orders"":2,""bid_price"":""600.70"",""ask_price"":""602.75""},{""bid_quantity"":40,""ask_quantity"":140,""bid_orders"":1,""ask_orders"":2,""bid_price"":""600.55"",""ask_price"":""602.80""},{""bid_quantity"":60,""ask_quantity"":40,""bid_orders"":2,""ask_orders"":2,""bid_price"":""600.50"",""ask_price"":""602.85""},{""bid_quantity"":20,""ask_quantity"":20,""bid_orders"":1,""ask_orders"":1,""bid_price"":""600.25"",""ask_price"":""602.90""},{""bid_quantity"":60,""ask_quantity"":20,""bid_orders"":2,""ask_orders"":1,""bid_price"":""600.20"",""ask_price"":""603.05""}]"
09:15:22.175,1790307922175385820,1025664729320248,Full Data,8,886924,298.90,40,09:15:22,342.02,38600,22240,24680,59380,"[{""bid_quantity"":40,""ask_quantity"":40,""bid_orders"":2,""ask_orders"":1,""bid_price"":""298.80"",""ask_price"":""300.10""},{""bid_quantity"":40,""ask_quantity"":60,""bid_orders"":2,""ask_orders"":2,""bid_price"":""298.70"",""ask_price"":""300.15""},{""bid_quantity"":60,""ask_quantity"":60,""bid_orders"":2,""ask_orders"":2,""bid_price"":""298.60"",""ask_price"":""300.20""},{""bid_quantity"":760,""ask_quantity"":60,""bid_orders"":4,""ask_orders"":2,""bid_price"":""298.50"",""ask_price"":""300.30""},{""bid_quantity"":40,""ask_quantity"":40,""bid_orders"":1,""ask_orders"":2,""bid_price"":""298.10"",""ask_price"":""300.40""}]"
09:15:22.191,1790307922191160562,1025664745094389,Full Data,8,886924,300.00,20,09:15:22,342.00,38620,21960,24600,59380,"[{""bid_quantity"":60,""ask_quantity"":40,""bid_orders"":2,""ask_orders"":1,""bid_price"":""298.75"",""ask_price"":""300.15""},{""bid_quantity"":20,""ask_quantity"":20,""bid_orders"":1,""ask_orders"":1,""bid_price"":""298.70"",""ask_price"":""300.20""},{""bid_quantity"":60,""ask_quantity"":40,""bid_orders"":2,""ask_orders"":2,""bid_price"":""298.65"",""ask_price"":""300.30""},{""bid_quantity"":20,""ask_quantity"":20,""bid_orders"":1,""ask_orders"":1,""bid_price"":""298.60"",""ask_price"":""300.40""},{""bid_quantity"":580,""ask_quantity"":20,""bid_orders"":1,""ask_orders"":1,""bid_price"":""298.50"",""ask_price"":""300.50""}]"
09:15:22.216,1790307922216524044,1025664770458471,Full Data,8,886572,600.00,180,09:15:21,559.38,38420,20680,107720,92640,"[{""bid_quantity"":60,""ask_quantity"":60,""bid_orders"":2,""ask_orders"":2,""bid_price"":""602.35"",""ask_price"":""603.75""},{""bid_quantity"":40,""ask_quantity"":40,""bid_orders"":2,""ask_orders"":2,""bid_price"":""602.30"",""ask_price"":""603.85""},{""bid_quantity"":60,""ask_quantity"":140,""bid_orders"":2,""ask_orders"":2,""bid_price"":""602.20"",""ask_price"":""603.90""},{""bid_quantity"":40,""ask_quantity"":120,""bid_orders"":2,""ask_orders"":2,""bid_price"":""602.15"",""ask_price"":""604.50""},{""bid_quantity"":20,""ask_quantity"":80,""bid_orders"":1,""ask_orders"":2,""bid_price"":""602.00"",""ask_price"":""604.85""}]"
09:15:22.261,1790307922261544252,1025664815478559,Full Data,8,886776,413.20,20,09:15:22,463.70,29560,23120,103240,67800,"[{""bid_quantity"":20,""ask_quantity"":40,""bid_orders"":1,""ask_orders"":2,""bid_price"":""410.60"",""ask_price"":""412.00""},{""bid_quantity"":40,""ask_quantity"":40,""bid_orders"":1,""ask_orders"":2,""bid_price"":""410.55"",""ask_price"":""412.10""},{""bid_quantity"":40,""ask_quantity"":40,""bid_orders"":2,""ask_orders"":2,""bid_price"":""410.50"",""ask_price"":""412.20""},{""bid_quantity"":20,""ask_quantity"":20,""bid_orders"":1,""ask_orders"":1,""bid_price"":""410.45"",""ask_price"":""412.30""},{""bid_quantity"":40,""ask_quantity"":40,""bid_orders"":2,""ask_orders"":1,""bid_price"":""410.40"",""ask_price"":""412.35""}]"
09:15:22.485,1790307922485891249,1025665039825316,Full Data,8,887124,269.40,20,09:15:22,305.19,30820,24800,22120,64860,"[{""bid_quantity"":20,""ask_quantity"":160,""bid_orders"":1,""ask_orders"":4,""bid_price"":""266.95"",""ask_price"":""268.45""},{""bid_quantity"":40,""ask_quantity"":20,""bid_orders"":2,""ask_orders"":1,""bid_price"":""266.80"",""ask_price"":""268.50""},{""bid_quantity"":60,""ask_quantity"":80,""bid_orders"":2,""ask_orders"":1,""bid_price"":""266.50"",""ask_price"":""268.55""},{""bid_quantity"":60,""ask_quantity"":40,""bid_orders"":1,""ask_orders"":2,""bid_price"":""266.40"",""ask_price"":""268.60""},{""bid_quantity"":620,""ask_quantity"":40,""bid_orders"":1,""ask_orders"":2,""bid_price"":""266.35"",""ask_price"":""268.80""}]"
09:15:22.515,1790307922515032475,1025665068966782,Ticker Data,0,51,73620.99,,09:15:22,,,,,,
09:15:22.540,1790307922540666040,1025665094600267,Full Data,8,887124,269.40,20,09:15:22,305.19,30820,24120,23020,64860,"[{""bid_quantity"":80,""ask_quantity"":80,""bid_orders"":1,""ask_orders"":1,""bid_price"":""266.30"",""ask_price"":""267.75""},{""bid_quantity"":60,""ask_quantity"":20,""bid_orders"":1,""ask_orders"":1,""bid_price"":""266.25"",""ask_price"":""267.85""},{""bid_quantity"":80,""ask_quantity"":60,""bid_orders"":2,""ask_orders"":2,""bid_price"":""265.65"",""ask_price"":""267.95""},{""bid_quantity"":120,""ask_quantity"":80,""bid_orders"":3,""ask_orders"":1,""bid_price"":""265.60"",""ask_price"":""268.00""},{""bid_quantity"":220,""ask_quantity"":40,""bid_orders"":2,""ask_orders"":2,""bid_price"":""265.50"",""ask_price"":""268.05""}]"
09:15:22.747,1790307922747813646,1025665301747873,Full Data,8,886981,368.75,20,09:15:22,422.52,62040,22500,47860,63920,"[{""bid_quantity"":20,""ask_quantity"":180,""bid_orders"":1,""ask_orders"":3,""bid_price"":""367.60"",""ask_price"":""369.00""},{""bid_quantity"":20,""ask_quantity"":40,""bid_orders"":1,""ask_orders"":2,""bid_price"":""367.45"",""ask_price"":""369.05""},{""bid_quantity"":20,""ask_quantity"":40,""bid_orders"":1,""ask_orders"":2,""bid_price"":""367.30"",""ask_price"":""369.25""},{""bid_quantity"":20,""ask_quantity"":80,""bid_orders"":1,""ask_orders"":2,""bid_price"":""367.20"",""ask_price"":""369.30""},{""bid_quantity"":100,""ask_quantity"":20,""bid_orders"":3,""ask_orders"":1,""bid_price"":""367.15"",""ask_price"":""369.35""}]"
09:15:22.768,1790307922768580099,1025665322514166,Full Data,8,886718,332.05,20,09:15:22,384.65,133440,25840,30800,276660,"[{""bid_quantity"":80,""ask_quantity"":40,""bid_orders"":1,""ask_orders"":2,""bid_price"":""331.75"",""ask_price"":""332.85""},{""bid_quantity"":80,""ask_quantity"":20,""bid_orders"":3,""ask_orders"":1,""bid_price"":""331.70"",""ask_price"":""333.35""},{""bid_quantity"":140,""ask_quantity"":60,""bid_orders"":3,""ask_orders"":2,""bid_price"":""331.65"",""ask_price"":""333.40""},{""bid_quantity"":20,""ask_quantity"":20,""bid_orders"":1,""ask_orders"":1,""bid_price"":""331.55"",""ask_price"":""333.55""},{""bid_quantity"":20,""ask_quantity"":120,""bid_orders"":1,""ask_orders"":2,""bid_price"":""331.45"",""ask_price"":""333.60""}]"
09:15:22.843,1790307922843364258,1025665397298685,Full Data,8,886951,869.70,100,09:15:22,803.49,4080,17180,99960,6000,"[{""bid_quantity"":20,""ask_quantity"":20,""bid_orders"":1,""ask_orders"":1,""bid_price"":""862.60"",""ask_price"":""868.30""},{""bid_quantity"":40,""ask_quantity"":20,""bid_orders"":1,""ask_orders"":1,""bid_price"":""862.50"",""ask_price"":""868.35""},{""bid_quantity"":20,""ask_quantity"":220,""bid_orders"":1,""ask_orders"":4,""bid_price"":""862.45"",""ask_price"":""868.50""},{""bid_quantity"":20,""ask_quantity"":40,""bid_orders"":1,""ask_orders"":2,""bid_price"":""862.35"",""ask_price"":""868.60""},{""bid_quantity"":20,""ask_quantity"":20,""bid_orders"":1,""ask_orders"":1,""bid_price"":""862.25"",""ask_price"":""868.75""}]"
09:15:22.860,1790307922860281046,1025665414214953,Full Data,8,887036,451.00,20,09:15:22,513.28,34780,20700,102340,155340,"[{""bid_quantity"":20,""ask_quantity"":20,""bid_orders"":1,""ask_orders"":1,""bid_price"":""452.85"",""ask_price"":""454.05""},{""bid_quantity"":20,""ask_quantity"":20,""bid_orders"":1,""ask_orders"":1,""bid_price"":""452.70"",""ask_price"":""454.20""},{""bid_quantity"":20,""ask_quantity"":40,""bid_orders"":1,""ask_orders"":1,""bid_price"":""452.65"",""ask_price"":""454.35""},{""bid_quantity"":40,""ask_quantity"":20,""bid_orders"":2,""ask_orders"":1,""bid_price"":""452.50"",""ask_price"":""454.40""},{""bid_quantity"":80,""ask_quantity"":40,""bid_orders"":3,""ask_orders"":1,""bid_price"":""452.45"",""ask_price"":""454.45""}]"
09:15:22.872,1790307922872638805,1025665426572672,Full Data,8,887017,726.75,20,09:15:22,671.67,78220,17540,137520,74320,"[{""bid_quantity"":60,""ask_quantity"":40,""bid_orders"":2,""ask_orders"":1,""bid_price"":""728.25"",""ask_price"":""730.40""},{""bid_quantity"":20,""ask_quantity"":40,""bid_orders"":1,""ask_orders"":2,""bid_price"":""728.20"",""ask_price"":""730.45""},{""bid_quantity"":20,""ask_quantity"":20,""bid_orders"":1,""ask_orders"":1,""bid_price"":""728.10"",""ask_price"":""730.50""},{""bid_quantity"":20,""ask_quantity"":40,""bid_orders"":1,""ask_orders"":2,""bid_price"":""728.05"",""ask_price"":""730.60""},{""bid_quantity"":20,""ask_quantity"":20,""bid_orders"":1,""ask_orders"":1,""bid_price"":""727.95"",""ask_price"":""730.65""}]"
09:15:22.895,1790307922895516792,1025665449450699,Full Data,8,886872,239.75,20,09:15:22,275.94,41520,23240,32560,47980,"[{""bid_quantity"":120,""ask_quantity"":20,""bid_orders"":2,""ask_orders"":1,""bid_price"":""239.30"",""ask_price"":""240.20""},{""bid_quantity"":40,""ask_quantity"":200,""bid_orders"":1,""ask_orders"":3,""bid_price"":""239.25"",""ask_price"":""240.25""},{""bid_quantity"":40,""ask_quantity"":20,""bid_orders"":1,""ask_orders"":1,""bid_price"":""239.20"",""ask_price"":""240.30""},{""bid_quantity"":40,""ask_quantity"":40,""bid_orders"":1,""ask_orders"":2,""bid_price"":""239.10"",""ask_price"":""240.40""},{""bid_quantity"":40,""ask_quantity"":20,""bid_orders"":1,""ask_orders"":1,""bid_price"":""239.00"",""ask_price"":""240.50""}]"
09:15:22.905,1790307922905418895,1025665459352722,Full Data,8,887036,454.05,20,09:15:22,513.18,34840,20600,103420,155340,"[{""bid_quantity"":20,""ask_quantity"":20,""bid_orders"":1,""ask_orders"":1,""bid_price"":""455.00"",""ask_price"":""456.40""},{""bid_quantity"":20,""ask_quantity"":20,""bid_orders"":1,""ask_orders"":1,""bid_price"":""454.95"",""ask_price"":""456.70""},{""bid_quantity"":20,""ask_quantity"":20,""bid_orders"":1,""ask_orders"":1,""bid_price"":""454.80"",""ask_price"":""456.85""},{""bid_quantity"":20,""ask_quantity"":20,""bid_orders"":1,""ask_orders"":1,""bid_price"":""454.75"",""ask_price"":""457.00""},{""bid_quantity"":20,""ask_quantity"":20,""bid_orders"":1,""ask_orders"":1,""bid_price"":""454.60"",""ask_price"":""457.15""}]"
09:15:22.927,1790307922927634278,1025665481568185,Full Data,8,886872,239.75,20,09:15:22,275.94,41520,21900,33140,47980,"[{""bid_quantity"":80,""ask_quantity"":20,""bid_orders"":1,""ask_orders"":1,""bid_price"":""240.60"",""ask_price"":""241.90""},{""bid_quantity"":160,""ask_quantity"":160,""bid_orders"":4,""ask_orders"":1,""bid_price"":""240.55"",""ask_price"":""242.25""},{""bid_quantity"":80,""ask_quantity"":40,""bid_orders"":2,""ask_orders"":1,""bid_price"":""240.50"",""ask_price"":""242.40""},{""bid_quantity"":40,""ask_quantity"":80,""bid_orders"":1,""ask_orders"":1,""bid_price"":""240.45"",""ask_price"":""242.80""},{""bid_quantity"":40,""ask_quantity"":40,""bid_orders"":1,""ask_orders"":1,""bid_price"":""240.40"",""ask_price"":""243.25""}]"
09:15:22.962,1790307922962045658,1025665515980165,Full Data,8,886951,869.70,100,09:15:22,803.49,4080,17680,100240,6000,"[{""bid_quantity"":20,""ask_quantity"":120,""bid_orders"":1,""ask_orders"":4,""bid_price"":""855.60"",""ask_price"":""866.20""},{""bid_quantity"":20,""ask_quantity"":20,""bid_orders"":1,""ask_orders"":1,""bid_price"":""855.55"",""ask_price"":""866.25""},{""bid_quantity"":20,""ask_quantity"":40,""bid_orders"":1,""ask_orders"":2,""bid_price"":""855.50"",""ask_price"":""866.40""},{""bid_quantity"":60,""ask_quantity"":20,""bid_orders"":2,""ask_orders"":1,""bid_price"":""855.45"",""ask_price"":""866.50""},{""bid_quantity"":20,""ask_quantity"":20,""bid_orders"":1,""ask_orders"":1,""bid_price"":""855.40"",""ask_price"":""866.55""}]"
09:15:22.963,1790307922963280426,1025665517214373,Full Data,8,887017,725.45,20,09:15:22,671.73,78300,18440,137240,74320,"[{""bid_quantity"":20,""ask_quantity"":20,""bid_orders"":1,""ask_orders"":1,""bid_price"":""723.50"",""ask_price"":""726.65""},{""bid_quantity"":100,""ask_quantity"":40,""bid_orders"":1,""ask_orders"":1,""bid_price"":""723.40"",""ask_price"":""726.70""},{""bid_quantity"":220,""ask_quantity"":20,""bid_orders"":1,""ask_orders"":1,""bid_price"":""723.35"",""ask_price"":""727.05""},{""bid_quantity"":20,""ask_quantity"":20,""bid_orders"":1,""ask_orders"":1,""bid_price"":""723.20"",""ask_price"":""727.15""},{""bid_quantity"":20,""ask_quantity"":20,""bid_orders"":1,""ask_orders"":1,""bid_price"":""723.05"",""ask_price"":""727.25""}]"
09:15:23.005,1790307923005613097,1025665559547244,Full Data,8,886849,549.70,20,09:15:22,503.97,43140,18020,28380,167000,"[{""bid_quantity"":20,""ask_quantity"":40,""bid_orders"":1,""ask_orders"":2,""bid_price"":""545.25"",""ask_price"":""546.45""},{""bid_quantity"":100,""ask_quantity"":20,""bid_orders"":3,""ask_orders"":1,""bid_price"":""545.10"",""ask_price"":""546.55""},{""bid_quantity"":40,""ask_quantity"":20,""bid_orders"":1,""ask_orders"":1,""bid_price"":""544.95"",""ask_price"":""546.75""},{""bid_quantity"":160,""ask_quantity"":40,""bid_orders"":3,""ask_orders"":1,""bid_price"":""544.80"",""ask_price"":""547.25""},{""bid_quantity"":20,""ask_quantity"":60,""bid_orders"":1,""ask_orders"":2,""bid_price"":""544.75"",""ask_price"":""547.30""}]"
09:15:23.014,1790307923014306073,1025665568239980,Full Data,8,886805,665.05,40,09:15:22,621.14,36980,17000,108480,42420,"[{""bid_quantity"":20,""ask_quantity"":680,""bid_orders"":1,""ask_orders"":4,""bid_price"":""662.05"",""ask_price"":""665.15""},{""bid_quantity"":140,""ask_quantity"":80,""bid_orders"":2,""ask_orders"":4,""bid_price"":""662.00"",""ask_price"":""665.25""},{""bid_quantity"":60,""ask_quantity"":40,""bid_orders"":2,""ask_orders"":2,""bid_price"":""661.95"",""ask_price"":""665.35""},{""bid_quantity"":40,""ask_quantity"":60,""bid_orders"":2,""ask_orders"":3,""bid_price"":""661.85"",""ask_price"":""665.45""},{""bid_quantity"":20,""ask_quantity"":20,""bid_orders"":1,""ask_orders"":1,""bid_price"":""661.70"",""ask_price"":""665.55""}]"
09:15:23.039,1790307923039596154,1025665593530141,Full Data,8,886692,936.55,20,09:15:22,869.99,2060,14700,93920,4500,"[{""bid_quantity"":60,""ask_quantity"":60,""bid_orders"":2,""ask_orders"":3,""bid_price"":""928.35"",""ask_price"":""932.55""},{""bid_quantity"":20,""ask_quantity"":20,""bid_orders"":1,""ask_orders"":1,""bid_price"":""928.30"",""ask_price"":""932.60""},{""bid_quantity"":20,""ask_quantity"":20,""bid_orders"":1,""ask_orders"":1,""bid_price"":""928.20"",""ask_price"":""933.25""},{""bid_quantity"":20,""ask_quantity"":40,""bid_orders"":1,""ask_orders"":2,""bid_price"":""928.10"",""ask_price"":""933.90""},{""bid_quantity"":20,""ask_quantity"":20,""bid_orders"":1,""ask_orders"":1,""bid_price"":""928.00"",""ask_price"":""934.60""}]"
09:15:23.098,1790307923098874654,1025665652808761,Full Data,8,886747,797.25,20,09:15:22,740.55,9220,17360,95180,5900,"[{""bid_quantity"":20,""ask_quantity"":80,""bid_orders"":1,""ask_orders"":4,""bid_price"":""789.90"",""ask_price"":""793.35""},{""bid_quantity"":20,""ask_quantity"":40,""bid_orders"":1,""ask_orders"":2,""bid_price"":""789.70"",""ask_price"":""793.75""},{""bid_quantity"":20,""ask_quantity"":40,""bid_orders"":1,""ask_orders"":2,""bid_price"":""789.50"",""ask_price"":""793.95""},{""bid_quantity"":20,""ask_quantity"":40,""bid_orders"":1,""ask_orders"":2,""bid_price"":""788.75"",""ask_price"":""794.10""},{""bid_quantity"":40,""ask_quantity"":20,""bid_orders"":1,""ask_orders"":1,""bid_price"":""785.85"",""ask_price"":""794.30""}]"
09:15:23.104,1790307923104929493,1025665658863360,Full Data,8,886805,661.50,60,09:15:23,621.25,37080,19380,110080,42420,"[{""bid_quantity"":60,""ask_quantity"":120,""bid_orders"":1,""ask_orders"":2,""bid_price"":""661.05"",""ask_price"":""663.95""},{""bid_quantity"":60,""ask_quantity"":120,""bid_orders"":1,""ask_orders"":2,""bid_price"":""661.00"",""ask_price"":""664.00""},{""bid_quantity"":100,""ask_quantity"":360,""bid_orders"":3,""ask_orders"":3,""bid_price"":""660.95"",""ask_price"":""664.05""},{""bid_quantity"":120,""ask_quantity"":80,""bid_orders"":2,""ask_orders"":3,""bid_price"":""660.00"",""ask_price"":""664.25""},{""bid_quantity"":20,""ask_quantity"":280,""bid_orders"":1,""ask_orders"":7,""bid_price"":""659.20"",""ask_price"":""664.95""}]"
09:15:23.125,1790307923125970668,1025665679904615,Full Data,8,886849,549.70,20,09:15:22,503.97,43140,20200,30680,167000,"[{""bid_quantity"":20,""ask_quantity"":20,""bid_orders"":1,""ask_orders"":1,""bid_price"":""543.10"",""ask_price"":""544.65""},{""bid_quantity"":40,""ask_quantity"":20,""bid_orders"":2,""ask_orders"":1,""bid_price"":""543.00"",""ask_price"":""544.90""},{""bid_quantity"":80,""ask_quantity"":20,""bid_orders"":3,""ask_orders"":1,""bid_price"":""542.90"",""ask_price"":""545.00""},{""bid_quantity"":40,""ask_quantity"":20,""bid_orders"":2,""ask_orders"":1,""bid_price"":""542.80"",""ask_price"":""545.20""},{""bid_quantity"":20,""ask_quantity"":100,""bid_orders"":1,""ask_orders"":4,""bid_price"":""542.70"",""ask_price"":""545.25""}]"
09:15:23.128,1790307923128116241,1025665682049988,Full Data,8,886747,797.25,20,09:15:22,740.55,9220,17840,95280,5900,"[{""bid_quantity"":20,""ask_quantity"":20,""bid_orders"":1,""ask_orders"":1,""bid_price"":""788.00"",""ask_price"":""791.65""},{""bid_quantity"":20,""ask_quantity"":40,""bid_orders"":1,""ask_orders"":2,""bid_price"":""787.95"",""ask_price"":""791.85""},{""bid_quantity"":20,""ask_quantity"":40,""bid_orders"":1,""ask_orders"":2,""bid_price"":""787.75"",""ask_price"":""792.00""},{""bid_quantity"":20,""ask_quantity"":280,""bid_orders"":1,""ask_orders"":4,""bid_price"":""787.55"",""ask_price"":""792.10""},{""bid_quantity"":20,""ask_quantity"":40,""bid_orders"":1,""ask_orders"":2,""bid_price"":""787.35"",""ask_price"":""792.20""}]"
09:15:23.137,1790307923137153219,1025665691086966,Full Data,8,886692,936.55,20,09:15:22,869.99,2060,16760,96420,4500,"[{""bid_quantity"":20,""ask_quantity"":60,""bid_orders"":1,""ask_orders"":3,""bid_price"":""925.55"",""ask_price"":""930.15""},{""bid_quantity"":20,""ask_quantity"":20,""bid_orders"":1,""ask_orders"":1,""bid_price"":""925.50"",""ask_price"":""930.20""},{""bid_quantity"":20,""ask_quantity"":20,""bid_orders"":1,""ask_orders"":1,""bid_price"":""925.40"",""ask_price"":""930.25""},{""bid_quantity"":20,""ask_quantity"":20,""bid_orders"":1,""ask_orders"":1,""bid_price"":""925.30"",""ask_price"":""930.35""},{""bid_quantity"":20,""ask_quantity"":20,""bid_orders"":1,""ask_orders"":1,""bid_price"":""925.20"",""ask_price"":""930.45""}]"
09:15:23.175,1790307923175296863,1025665729230810,Full Data,8,886924,304.35,20,09:15:23,340.29,40260,24100,28580,59380,"[{""bid_quantity"":40,""ask_quantity"":40,""bid_orders"":1,""ask_orders"":2,""bid_price"":""302.60"",""ask_price"":""304.05""},{""bid_quantity"":40,""ask_quantity"":40,""bid_orders"":2,""ask_orders"":2,""bid_price"":""302.55"",""ask_price"":""304.20""},{""bid_quantity"":60,""ask_quantity"":40,""bid_orders"":2,""ask_orders"":1,""bid_price"":""302.50"",""ask_price"":""304.35""},{""bid_quantity"":20,""ask_quantity"":40,""bid_orders"":1,""ask_orders"":2,""bid_price"":""302.35"",""ask_price"":""304.40""},{""bid_quantity"":20,""ask_quantity"":20,""bid_orders"":1,""ask_orders"":1,""bid_price"":""302.30"",""ask_price"":""304.50""}]"
09:15:23.253,1790307923253453044,1025665807387151,Full Data,8,886924,304.35,40,09:15:23,340.25,40300,23820,28160,59380,"[{""bid_quantity"":40,""ask_quantity"":20,""bid_orders"":2,""ask_orders"":1,""bid_price"":""302.65"",""ask_price"":""304.40""},{""bid_quantity"":20,""ask_quantity"":60,""bid_orders"":1,""ask_orders"":3,""bid_price"":""302.60"",""ask_price"":""304.50""},{""bid_quantity"":20,""ask_quantity"":40,""bid_orders"":1,""ask_orders"":2,""bid_price"":""302.50"",""ask_price"":""305.05""},{""bid_quantity"":20,""ask_quantity"":140,""bid_orders"":1,""ask_orders"":3,""bid_price"":""302.35"",""ask_price"":""305.25""},{""bid_quantity"":20,""ask_quantity"":60,""bid_orders"":1,""ask_orders"":3,""bid_price"":""302.30"",""ask_price"":""305.45""}]"
09:15:23.253,1790307923253820126,1025665807753953,Full Data,8,886572,601.50,20,09:15:23,562.67,41520,22540,107340,92640,"[{""bid_quantity"":40,""ask_quantity"":100,""bid_orders"":2,""ask_orders"":2,""bid_price"":""600.05"",""ask_price"":""602.30""},{""bid_quantity"":260,""ask_quantity"":40,""bid_orders"":4,""ask_orders"":2,""bid_price"":""599.90"",""ask_price"":""602.35""},{""bid_quantity"":120,""ask_quantity"":80,""bid_orders"":4,""ask_orders"":3,""bid_price"":""599.80"",""ask_price"":""602.40""},{""bid_quantity"":20,""ask_quantity"":40,""bid_orders"":1,""ask_orders"":2,""bid_price"":""599.70"",""ask_price"":""602.45""},{""bid_quantity"":20,""ask_quantity"":20,""bid_orders"":1,""ask_orders"":1,""bid_price"":""599.50"",""ask_price"":""602.50""}]"
09:15:23.299,1790307923299516499,1025665853450486,Full Data,8,886776,416.55,20,09:15:23,460.67,31420,22360,103880,67800,"[{""bid_quantity"":80,""ask_quantity"":20,""bid_orders"":2,""ask_orders"":1,""bid_price"":""415.00"",""ask_price"":""416.45""},{""bid_quantity"":140,""ask_quantity"":20,""bid_orders"":2,""ask_orders"":1,""bid_price"":""414.80"",""ask_price"":""416.50""},{""bid_quantity"":20,""ask_quantity"":20,""bid_orders"":1,""ask_orders"":1,""bid_price"":""414.45"",""ask_price"":""416.65""},{""bid_quantity"":20,""ask_quantity"":20,""bid_orders"":1,""ask_orders"":1,""bid_price"":""414.35"",""ask_price"":""416.75""},{""bid_quantity"":80,""ask_quantity"":20,""bid_orders"":2,""ask_orders"":1,""bid_price"":""414.30"",""ask_price"":""416.85""}]"
09:15:23.304,1790307923304579651,1025665858513518,Full Data,8,886572,602.35,20,09:15:23,562.71,41560,17800,105300,92640,"[{""bid_quantity"":20,""ask_quantity"":20,""bid_orders"":1,""ask_orders"":1,""bid_price"":""605.00"",""ask_price"":""607.35""},{""bid_quantity"":20,""ask_quantity"":20,""bid_orders"":1,""ask_orders"":1,""bid_price"":""604.85"",""ask_price"":""607.55""},{""bid_quantity"":40,""ask_quantity"":20,""bid_orders"":2,""ask_orders"":1,""bid_price"":""604.80"",""ask_price"":""607.70""},{""bid_quantity"":40,""ask_quantity"":40,""bid_orders"":1,""ask_orders"":1,""bid_price"":""604.70"",""ask_price"":""607.75""},{""bid_quantity"":20,""ask_quantity"":40,""bid_orders"":1,""ask_orders"":1,""bid_price"":""604.55"",""ask_price"":""608.15""}]"
09:15:23.535,1790307923535446210,1025666089380357,Ticker Data,0,51,73626.01,,09:15:23,,,,,,
09:15:23.549,1790307923549551220,1025666103485087,Full Data,8,887124,270.50,40,09:15:23,304.87,31100,23880,25240,64860,"[{""bid_quantity"":60,""ask_quantity"":140,""bid_orders"":1,""ask_orders"":3,""bid_price"":""269.40"",""ask_price"":""270.85""},{""bid_quantity"":40,""ask_quantity"":120,""bid_orders"":2,""ask_orders"":3,""bid_price"":""269.35"",""ask_price"":""270.90""},{""bid_quantity"":100,""ask_quantity"":40,""bid_orders"":2,""ask_orders"":2,""bid_price"":""269.30"",""ask_price"":""271.00""},{""bid_quantity"":40,""ask_quantity"":40,""bid_orders"":2,""ask_orders"":2,""bid_price"":""269.25"",""ask_price"":""271.10""},{""bid_quantity"":40,""ask_quantity"":20,""bid_orders"":2,""ask_orders"":1,""bid_price"":""269.20"",""ask_price"":""271.20""}]"
09:15:23.586,1790307923586903019,1025666140837086,Full Data,8,887124,270.50,40,09:15:23,304.87,31100,24220,25220,64860,"[{""bid_quantity"":40,""ask_quantity"":80,""bid_orders"":2,""ask_orders"":1,""bid_price"":""269.35"",""ask_price"":""270.60""},{""bid_quantity"":60,""ask_quantity"":60,""bid_orders"":1,""ask_orders"":2,""bid_price"":""269.15"",""ask_price"":""270.65""},{""bid_quantity"":60,""ask_quantity"":80,""bid_orders"":2,""ask_orders"":1,""bid_price"":""269.10"",""ask_price"":""270.70""},{""bid_quantity"":100,""ask_quantity"":20,""bid_orders"":2,""ask_orders"":1,""bid_price"":""268.90"",""ask_price"":""270.80""},{""bid_quantity"":40,""ask_quantity"":20,""bid_orders"":2,""ask_orders"":1,""bid_price"":""268.85"",""ask_price"":""270.90""}]"
09:15:23.721,1790307923721291640,1025666275225707,Full Data,8,886981,372.60,20,09:15:23,421.39,63500,24880,48700,63920,"[{""bid_quantity"":60,""ask_quantity"":40,""bid_orders"":3,""ask_orders"":2,""bid_price"":""371.55"",""ask_price"":""373.00""},{""bid_quantity"":60,""ask_quantity"":40,""bid_orders"":2,""ask_orders"":2,""bid_price"":""371.45"",""ask_price"":""373.05""},{""bid_quantity"":160,""ask_quantity"":80,""bid_orders"":3,""ask_orders"":1,""bid_price"":""371.40"",""ask_price"":""373.25""},{""bid_quantity"":40,""ask_quantity"":60,""bid_orders"":2,""ask_orders"":2,""bid_price"":""371.35"",""ask_price"":""373.70""},{""bid_quantity"":60,""ask_quantity"":60,""bid_orders"":2,""ask_orders"":2,""bid_price"":""371.15"",""ask_price"":""373.75""}]"
09:15:23.775,1790307923775231225,1025666329165212,Full Data,8,886718,334.40,40,09:15:23,384.11,134920,28340,32920,276660,"[{""bid_quantity"":260,""ask_quantity"":360,""bid_orders"":1,""ask_orders"":5,""bid_price"":""333.05"",""ask_price"":""334.30""},{""bid_quantity"":20,""ask_quantity"":20,""bid_orders"":1,""ask_orders"":1,""bid_price"":""333.00"",""ask_price"":""334.35""},{""bid_quantity"":120,""ask_quantity"":80,""bid_orders"":1,""ask_orders"":1,""bid_price"":""332.90"",""ask_price"":""334.40""},{""bid_quantity"":20,""ask_quantity"":20,""bid_orders"":1,""ask_orders"":1,""bid_price"":""332.85"",""ask_price"":""334.45""},{""bid_quantity"":80,""ask_quantity"":60,""bid_orders"":1,""ask_orders"":2,""bid_price"":""332.80"",""ask_price"":""334.50""}]"
09:15:23.899,1790307923899363260,1025666453297327,Full Data,8,886872,242.10,20,09:15:23,274.83,42920,22640,32480,47980,"[{""bid_quantity"":40,""ask_quantity"":20,""bid_orders"":1,""ask_orders"":1,""bid_price"":""240.00"",""ask_price"":""240.80""},{""bid_quantity"":40,""ask_quantity"":80,""bid_orders"":1,""ask_orders"":1,""bid_price"":""239.90"",""ask_price"":""240.85""},{""bid_quantity"":160,""ask_quantity"":20,""bid_orders"":2,""ask_orders"":1,""bid_price"":""239.85"",""ask_price"":""240.90""},{""bid_quantity"":40,""ask_quantity"":20,""bid_orders"":1,""ask_orders"":1,""bid_price"":""239.75"",""ask_price"":""241.00""},{""bid_quantity"":40,""ask_quantity"":20,""bid_orders"":1,""ask_orders"":1,""bid_price"":""239.65"",""ask_price"":""241.10""}]"
09:15:23.960,1790307923960032488,1025666513966635,Full Data,8,886951,867.90,40,09:15:23,804.66,4160,16260,100360,6000,"[{""bid_quantity"":20,""ask_quantity"":260,""bid_orders"":1,""ask_orders"":3,""bid_price"":""869.35"",""ask_price"":""874.20""},{""bid_quantity"":20,""ask_quantity"":60,""bid_orders"":1,""ask_orders"":1,""bid_price"":""869.30"",""ask_price"":""877.00""},{""bid_quantity"":20,""ask_quantity"":60,""bid_orders"":1,""ask_orders"":1,""bid_price"":""869.15"",""ask_price"":""880.05""},{""bid_quantity"":40,""ask_quantity"":40,""bid_orders"":1,""ask_orders"":1,""bid_price"":""869.10"",""ask_price"":""881.55""},{""bid_quantity"":20,""ask_quantity"":300,""bid_orders"":1,""ask_orders"":1,""bid_price"":""869.05"",""ask_price"":""882.50""}]"
09:15:23.971,1790307923971180280,1025666525114187,Full Data,8,887017,734.70,40,09:15:23,673.07,80120,16860,138900,74320,"[{""bid_quantity"":40,""ask_quantity"":60,""bid_orders"":2,""ask_orders"":3,""bid_price"":""734.40"",""ask_price"":""736.25""},{""bid_quantity"":20,""ask_quantity"":40,""bid_orders"":1,""ask_orders"":1,""bid_price"":""734.30"",""ask_price"":""737.00""},{""bid_quantity"":220,""ask_quantity"":120,""bid_orders"":3,""ask_orders"":1,""bid_price"":""734.25"",""ask_price"":""738.00""},{""bid_quantity"":220,""ask_quantity"":20,""bid_orders"":1,""ask_orders"":1,""bid_price"":""734.15"",""ask_price"":""738.35""},{""bid_quantity"":40,""ask_quantity"":20,""bid_orders"":2,""ask_orders"":1,""bid_price"":""734.00"",""ask_price"":""738.40""}]"
09:15:23.990,1790307923990661285,1025666544595392,Full Data,8,887036,452.90,20,09:15:23,509.98,36920,18640,100740,155340,"[{""bid_quantity"":20,""ask_quantity"":60,""bid_orders"":1,""ask_orders"":2,""bid_price"":""452.20"",""ask_price"":""454.05""},{""bid_quantity"":20,""ask_quantity"":20,""bid_orders"":1,""ask_orders"":1,""bid_price"":""452.10"",""ask_price"":""454.10""},{""bid_quantity"":40,""ask_quantity"":60,""bid_orders"":1,""ask_orders"":2,""bid_price"":""452.05"",""ask_price"":""454.45""},{""bid_quantity"":40,""ask_quantity"":120,""bid_orders"":2,""ask_orders"":1,""bid_price"":""451.95"",""ask_price"":""454.50""},{""bid_quantity"":100,""ask_quantity"":100,""bid_orders"":1,""ask_orders"":1,""bid_price"":""451.85"",""ask_price"":""455.15""}]"
09:15:23.993,1790307923993202381,1025666547136208,Full Data,8,886872,240.00,20,09:15:23,274.80,42960,20660,30700,47980,"[{""bid_quantity"":20,""ask_quantity"":20,""bid_orders"":1,""ask_orders"":1,""bid_price"":""239.20"",""ask_price"":""240.00""},{""bid_quantity"":20,""ask_quantity"":80,""bid_orders"":1,""ask_orders"":1,""bid_price"":""239.05"",""ask_price"":""240.35""},{""bid_quantity"":20,""ask_quantity"":40,""bid_orders"":1,""ask_orders"":2,""bid_price"":""238.85"",""ask_price"":""240.40""},{""bid_quantity"":40,""ask_quantity"":40,""bid_orders"":1,""ask_orders"":2,""bid_price"":""238.80"",""ask_price"":""240.60""},{""bid_quantity"":20,""ask_quantity"":160,""bid_orders"":1,""ask_orders"":4,""bid_price"":""238.75"",""ask_price"":""240.85""}]"
09:15:24.035,1790307924035239730,1025666589173637,Full Data,8,886951,867.90,40,09:15:23,804.66,4160,15760,99280,6000,"[{""bid_quantity"":20,""ask_quantity"":160,""bid_orders"":1,""ask_orders"":4,""bid_price"":""866.20"",""ask_price"":""874.40""},{""bid_quantity"":20,""ask_quantity"":20,""bid_orders"":1,""ask_orders"":1,""bid_price"":""866.05"",""ask_price"":""874.50""},{""bid_quantity"":20,""ask_quantity"":60,""bid_orders"":1,""ask_orders"":3,""bid_price"":""865.95"",""ask_price"":""874.55""},{""bid_quantity"":20,""ask_quantity"":160,""bid_orders"":1,""ask_orders"":4,""bid_price"":""865.85"",""ask_price"":""874.60""},{""bid_quantity"":20,""ask_quantity"":20,""bid_orders"":1,""ask_orders"":1,""bid_price"":""865.75"",""ask_price"":""874.65""}]"
09:15:24.039,1790307924039427997,1025666593361744,Full Data,8,887017,732.10,20,09:15:23,673.10,80160,17540,137640,74320,"[{""bid_quantity"":20,""ask_quantity"":20,""bid_orders"":1,""ask_orders"":1,""bid_price"":""732.70"",""ask_price"":""734.45""},{""bid_quantity"":20,""ask_quantity"":40,""bid_orders"":1,""ask_orders"":2,""bid_price"":""732.10"",""ask_price"":""734.55""},{""bid_quantity"":60,""ask_quantity"":20,""bid_orders"":2,""ask_orders"":1,""bid_price"":""732.05"",""ask_price"":""734.75""},{""bid_quantity"":20,""ask_quantity"":40,""bid_orders"":1,""ask_orders"":1,""bid_price"":""731.90"",""ask_price"":""734.85""},{""bid_quantity"":20,""ask_quantity"":20,""bid_orders"":1,""ask_orders"":1,""bid_price"":""731.75"",""ask_price"":""734.95""}]"
09:15:24.073,1790307924073238853,1025666627172680,Full Data,8,886805,670.55,100,09:15:23,624.32,39860,18600,111640,42420,"[{""bid_quantity"":20,""ask_quantity"":40,""bid_orders"":1,""ask_orders"":2,""bid_price"":""669.00"",""ask_price"":""672.15""},{""bid_quantity"":240,""ask_quantity"":140,""bid_orders"":5,""ask_orders"":5,""bid_price"":""668.85"",""ask_price"":""672.30""},{""bid_quantity"":380,""ask_quantity"":40,""bid_orders"":4,""ask_orders"":2,""bid_price"":""668.65"",""ask_price"":""672.45""},{""bid_quantity"":40,""ask_quantity"":40,""bid_orders"":2,""ask_orders"":2,""bid_price"":""668.55"",""ask_price"":""673.05""},{""bid_quantity"":20,""ask_quantity"":60,""bid_orders"":1,""ask_orders"":2,""bid_price"":""668.50"",""ask_price"":""673.20""}]"
09:15:24.091,1790307924092007134,1025666645941161,Full Data,8,886849,552.85,40,09:15:23,505.61,44660,20100,31520,167000,"[{""bid_quantity"":20,""ask_quantity"":20,""bid_orders"":1,""ask_orders"":1,""bid_price"":""553.70"",""ask_price"":""555.00""},{""bid_quantity"":20,""ask_quantity"":20,""bid_orders"":1,""ask_orders"":1,""bid_price"":""553.55"",""ask_price"":""555.25""},{""bid_quantity"":20,""ask_quantity"":100,""bid_orders"":1,""ask_orders"":1,""bid_price"":""553.50"",""ask_price"":""555.60""},{""bid_quantity"":20,""ask_quantity"":120,""bid_orders"":1,""ask_orders"":2,""bid_price"":""553.45"",""ask_price"":""555.80""},{""bid_quantity"":20,""ask_quantity"":40,""bid_orders"":1,""ask_orders"":1,""bid_price"":""553.35"",""ask_price"":""556.25""}]"
09:15:24.129,1790307924129867216,1025666683801203,Full Data,8,886747,798.35,40,09:15:23,741.93,9460,16560,96000,5900,"[{""bid_quantity"":20,""ask_quantity"":20,""bid_orders"":1,""ask_orders"":1,""bid_price"":""800.05"",""ask_price"":""802.85""},{""bid_quantity"":40,""ask_quantity"":20,""bid_orders"":1,""ask_orders"":1,""bid_price"":""799.90"",""ask_price"":""802.95""},{""bid_quantity"":20,""ask_quantity"":20,""bid_orders"":1,""ask_orders"":1,""bid_price"":""799.85"",""ask_price"":""803.05""},{""bid_quantity"":20,""ask_quantity"":20,""bid_orders"":1,""ask_orders"":1,""bid_price"":""799.65"",""ask_price"":""803.15""},{""bid_quantity"":20,""ask_quantity"":20,""bid_orders"":1,""ask_orders"":1,""bid_price"":""799.45"",""ask_price"":""803.20""}]"
09:15:24.170,1790307924170154594,1025666724088501,Full Data,8,886692,934.25,40,09:15:23,872.29,2140,16040,96360,4500,"[{""bid_quantity"":60,""ask_quantity"":20,""bid_orders"":2,""ask_orders"":1,""bid_price"":""937.70"",""ask_price"":""943.75""},{""bid_quantity"":100,""ask_quantity"":20,""bid_orders"":2,""ask_orders"":1,""bid_price"":""937.55"",""ask_price"":""943.80""},{""bid_quantity"":20,""ask_quantity"":20,""bid_orders"":1,""ask_orders"":1,""bid_price"":""937.45"",""ask_price"":""943.90""},{""bid_quantity"":20,""ask_quantity"":20,""bid_orders"":1,""ask_orders"":1,""bid_price"":""937.35"",""ask_price"":""944.00""},{""bid_quantity"":20,""ask_quantity"":20,""bid_orders"":1,""ask_orders"":1,""bid_price"":""937.25"",""ask_price"":""944.10""}]"
09:15:24.175,1790307924175710909,1025666729644776,Full Data,8,886805,670.55,20,09:15:24,624.42,39940,18520,112420,42420,"[{""bid_quantity"":40,""ask_quantity"":40,""bid_orders"":2,""ask_orders"":2,""bid_price"":""670.65"",""ask_price"":""673.20""},{""bid_quantity"":400,""ask_quantity"":40,""bid_orders"":5,""ask_orders"":2,""bid_price"":""670.60"",""ask_price"":""673.45""},{""bid_quantity"":380,""ask_quantity"":20,""bid_orders"":4,""ask_orders"":1,""bid_price"":""670.55"",""ask_price"":""674.35""},{""bid_quantity"":20,""ask_quantity"":100,""bid_orders"":1,""ask_orders"":1,""bid_price"":""670.35"",""ask_price"":""674.40""},{""bid_quantity"":160,""ask_quantity"":40,""bid_orders"":4,""ask_orders"":1,""bid_price"":""670.15"",""ask_price"":""674.90""}]"
09:15:24.200,1790307924200295467,1025666754229374,Full Data,8,886747,798.35,40,09:15:23,741.93,9460,13720,95820,5900,"[{""bid_quantity"":40,""ask_quantity"":40,""bid_orders"":1,""ask_orders"":2,""bid_price"":""800.70"",""ask_price"":""803.60""},{""bid_quantity"":20,""ask_quantity"":40,""bid_orders"":1,""ask_orders"":2,""bid_price"":""800.65"",""ask_price"":""803.80""},{""bid_quantity"":40,""ask_quantity"":20,""bid_orders"":2,""ask_orders"":1,""bid_price"":""800.60"",""ask_price"":""804.00""},{""bid_quantity"":20,""ask_quantity"":20,""bid_orders"":1,""ask_orders"":1,""bid_price"":""800.50"",""ask_price"":""804.20""},{""bid_quantity"":20,""ask_quantity"":20,""bid_orders"":1,""ask_orders"":1,""bid_price"":""800.40"",""ask_price"":""804.40""}]"
09:15:24.201,1790307924201618195,1025666755551942,Full Data,8,886849,557.20,80,09:15:24,505.79,44820,17900,29180,167000,"[{""bid_quantity"":60,""ask_quantity"":60,""bid_orders"":2,""ask_orders"":2,""bid_price"":""554.80"",""ask_price"":""556.45""},{""bid_quantity"":40,""ask_quantity"":60,""bid_orders"":2,""ask_orders"":2,""bid_price"":""554.60"",""ask_price"":""556.55""},{""bid_quantity"":40,""ask_quantity"":40,""bid_orders"":2,""ask_orders"":2,""bid_price"":""554.50"",""ask_price"":""556.70""},{""bid_quantity"":40,""ask_quantity"":40,""bid_orders"":2,""ask_orders"":2,""bid_price"":""554.40"",""ask_price"":""557.10""},{""bid_quantity"":160,""ask_quantity"":100,""bid_orders"":1,""ask_orders"":3,""bid_price"":""554.30"",""ask_price"":""557.15""}]"
09:15:24.222,1790307924222477209,1025666776411076,Full Data,8,886692,934.25,40,09:15:23,872.29,2140,13820,94020,4500,"[{""bid_quantity"":20,""ask_quantity"":20,""bid_orders"":1,""ask_orders"":1,""bid_price"":""940.30"",""ask_price"":""944.20""},{""bid_quantity"":20,""ask_quantity"":20,""bid_orders"":1,""ask_orders"":1,""bid_price"":""940.20"",""ask_price"":""944.25""},{""bid_quantity"":20,""ask_quantity"":20,""bid_orders"":1,""ask_orders"":1,""bid_price"":""940.10"",""ask_price"":""946.05""},{""bid_quantity"":20,""ask_quantity"":80,""bid_orders"":1,""ask_orders"":1,""bid_price"":""940.00"",""ask_price"":""946.40""},{""bid_quantity"":20,""ask_quantity"":180,""bid_orders"":1,""ask_orders"":2,""bid_price"":""939.35"",""ask_price"":""947.20""}]"
09:15:24.271,1790307924271228401,1025666825162348,Full Data,8,886924,298.30,20,09:15:23,339.61,40960,21460,24300,59380,"[{""bid_quantity"":40,""ask_quantity"":20,""bid_orders"":1,""ask_orders"":1,""bid_price"":""295.95"",""ask_price"":""297.70""},{""bid_quantity"":20,""ask_quantity"":40,""bid_orders"":1,""ask_orders"":1,""bid_price"":""295.90"",""ask_price"":""297.75""},{""bid_quantity"":40,""ask_quantity"":20,""bid_orders"":1,""ask_orders"":1,""bid_price"":""295.85"",""ask_price"":""297.80""},{""bid_quantity"":20,""ask_quantity"":40,""bid_orders"":1,""ask_orders"":2,""bid_price"":""295.80"",""ask_price"":""297.85""},{""bid_quantity"":40,""ask_quantity"":40,""bid_orders"":2,""ask_orders"":2,""bid_price"":""295.70"",""ask_price"":""297.90""}]"
09:15:24.310,1790307924310626413,1025666864560560,Full Data,8,886776,409.15,80,09:15:24,459.29,32320,20180,101700,67800,"[{""bid_quantity"":20,""ask_quantity"":20,""bid_orders"":1,""ask_orders"":1,""bid_price"":""406.65"",""ask_price"":""408.40""},{""bid_quantity"":20,""ask_quantity"":40,""bid_orders"":1,""ask_orders"":2,""bid_price"":""406.60"",""ask_price"":""408.45""},{""bid_quantity"":40,""ask_quantity"":40,""bid_orders"":1,""ask_orders"":2,""bid_price"":""406.35"",""ask_price"":""408.65""},{""bid_quantity"":40,""ask_quantity"":40,""bid_orders"":2,""ask_orders"":2,""bid_price"":""406.20"",""ask_price"":""408.80""},{""bid_quantity"":60,""ask_quantity"":20,""bid_orders"":2,""ask_orders"":1,""bid_price"":""405.90"",""ask_price"":""408.85""}]"
09:15:24.329,1790307924329738536,1025666883672363,Full Data,8,886924,298.30,20,09:15:23,339.61,40960,21340,26440,59380,"[{""bid_quantity"":40,""ask_quantity"":40,""bid_orders"":1,""ask_orders"":1,""bid_price"":""295.85"",""ask_price"":""297.55""},{""bid_quantity"":20,""ask_quantity"":40,""bid_orders"":1,""ask_orders"":2,""bid_price"":""295.80"",""ask_price"":""297.60""},{""bid_quantity"":40,""ask_quantity"":20,""bid_orders"":1,""ask_orders"":1,""bid_price"":""295.75"",""ask_price"":""297.65""},{""bid_quantity"":40,""ask_quantity"":40,""bid_orders"":2,""ask_orders"":2,""bid_price"":""295.70"",""ask_price"":""297.90""},{""bid_quantity"":40,""ask_quantity"":20,""bid_orders"":2,""ask_orders"":1,""bid_price"":""295.60"",""ask_price"":""298.00""}]"
09:15:24.359,1790307924359782608,1025666913716435,Full Data,8,886572,615.00,40,09:15:24,565.88,44400,21020,107660,92640,"[{""bid_quantity"":100,""ask_quantity"":40,""bid_orders"":3,""ask_orders"":2,""bid_price"":""613.00"",""ask_price"":""615.10""},{""bid_quantity"":40,""ask_quantity"":60,""bid_orders"":1,""ask_orders"":2,""bid_price"":""612.95"",""ask_price"":""615.15""},{""bid_quantity"":100,""ask_quantity"":80,""bid_orders"":1,""ask_orders"":2,""bid_price"":""612.75"",""ask_price"":""615.25""},{""bid_quantity"":40,""ask_quantity"":20,""bid_orders"":2,""ask_orders"":1,""bid_price"":""612.55"",""ask_price"":""615.70""},{""bid_quantity"":40,""ask_quantity"":120,""bid_orders"":1,""ask_orders"":2,""bid_price"":""612.45"",""ask_price"":""615.75""}]"
09:15:24.371,1790307924371903926,1025666925837753,Full Data,8,886572,611.10,20,09:15:24,565.90,44420,18900,105340,92640,"[{""bid_quantity"":20,""ask_quantity"":60,""bid_orders"":1,""ask_orders"":1,""bid_price"":""611.05"",""ask_price"":""612.70""},{""bid_quantity"":20,""ask_quantity"":60,""bid_orders"":1,""ask_orders"":1,""bid_price"":""610.90"",""ask_price"":""613.55""},{""bid_quantity"":20,""ask_quantity"":120,""bid_orders"":1,""ask_orders"":1,""bid_price"":""610.70"",""ask_price"":""613.70""},{""bid_quantity"":40,""ask_quantity"":20,""bid_orders"":1,""ask_orders"":1,""bid_price"":""610.55"",""ask_price"":""614.30""},{""bid_quantity"":20,""ask_quantity"":40,""bid_orders"":1,""ask_orders"":1,""bid_price"":""610.50"",""ask_price"":""614.35""}]"
09:15:24.523,1790307924523254615,1025667077188842,Ticker Data,0,51,73630.04,,09:15:24,,,,,,
09:15:24.593,1790307924593192143,1025667147126170,Full Data,8,887124,268.35,20,09:15:24,303.98,31880,23380,25800,64860,"[{""bid_quantity"":40,""ask_quantity"":40,""bid_orders"":1,""ask_orders"":2,""bid_price"":""268.10"",""ask_price"":""268.95""},{""bid_quantity"":100,""ask_quantity"":20,""bid_orders"":2,""ask_orders"":1,""bid_price"":""268.05"",""ask_price"":""269.40""},{""bid_quantity"":60,""ask_quantity"":220,""bid_orders"":2,""ask_orders"":3,""bid_price"":""267.85"",""ask_price"":""270.00""},{""bid_quantity"":80,""ask_quantity"":40,""bid_orders"":1,""ask_orders"":1,""bid_price"":""267.35"",""ask_price"":""270.10""},{""bid_quantity"":20,""ask_quantity"":40,""bid_orders"":1,""ask_orders"":2,""bid_price"":""267.30"",""ask_price"":""270.15""}]"
09:15:24.633,1790307924633662162,1025667187596029,Full Data,8,887124,268.00,40,09:15:24,303.93,31920,21900,23600,64860,"[{""bid_quantity"":40,""ask_quantity"":40,""bid_orders"":2,""ask_orders"":2,""bid_price"":""266.75"",""ask_price"":""268.05""},{""bid_quantity"":100,""ask_quantity"":40,""bid_orders"":2,""ask_orders"":2,""bid_price"":""266.70"",""ask_price"":""268.10""},{""bid_quantity"":40,""ask_quantity"":40,""bid_orders"":1,""ask_orders"":2,""bid_price"":""266.65"",""ask_price"":""268.30""},{""bid_quantity"":20,""ask_quantity"":40,""bid_orders"":1,""ask_orders"":2,""bid_price"":""266.60"",""ask_price"":""268.40""},{""bid_quantity"":140,""ask_quantity"":20,""bid_orders"":3,""ask_orders"":1,""bid_price"":""266.55"",""ask_price"":""268.90""}]"
09:15:24.726,1790307924726630877,1025667280565224,Full Data,8,886981,370.80,40,09:15:24,418.81,66880,22560,46540,63920,"[{""bid_quantity"":40,""ask_quantity"":60,""bid_orders"":1,""ask_orders"":3,""bid_price"":""369.65"",""ask_price"":""370.95""},{""bid_quantity"":40,""ask_quantity"":40,""bid_orders"":2,""ask_orders"":1,""bid_price"":""369.60"",""ask_price"":""371.30""},{""bid_quantity"":20,""ask_quantity"":40,""bid_orders"":1,""ask_orders"":1,""bid_price"":""369.55"",""ask_price"":""371.35""},{""bid_quantity"":20,""ask_quantity"":40,""bid_orders"":1,""ask_orders"":2,""bid_price"":""369.50"",""ask_price"":""371.40""},{""bid_quantity"":20,""ask_quantity"":40,""bid_orders"":1,""ask_orders"":2,""bid_price"":""369.40"",""ask_price"":""371.55""}]"
09:15:24.767,1790307924767665500,1025667321599407,Full Data,8,886718,334.30,20,09:15:24,382.42,139580,27260,35140,276660,"[{""bid_quantity"":80,""ask_quantity"":20,""bid_orders"":1,""ask_orders"":1,""bid_price"":""334.45"",""ask_price"":""335.80""},{""bid_quantity"":40,""ask_quantity"":20,""bid_orders"":1,""ask_orders"":1,""bid_price"":""334.40"",""ask_price"":""335.90""},{""bid_quantity"":80,""ask_quantity"":60,""bid_orders"":1,""ask_orders"":2,""bid_price"":""334.35"",""ask_price"":""335.95""},{""bid_quantity"":20,""ask_quantity"":20,""bid_orders"":1,""ask_orders"":1,""bid_price"":""334.30"",""ask_price"":""336.15""},{""bid_quantity"":20,""ask_quantity"":40,""bid_orders"":1,""ask_orders"":1,""bid_price"":""334.25"",""ask_price"":""336.40""}]"
09:15:24.928,1790307924928319969,1025667482254196,Full Data,8,887036,455.40,20,09:15:24,508.76,37740,21220,102520,155340,"[{""bid_quantity"":20,""ask_quantity"":40,""bid_orders"":1,""ask_orders"":2,""bid_price"":""454.05"",""ask_price"":""455.40""},{""bid_quantity"":40,""ask_quantity"":40,""bid_orders"":1,""ask_orders"":2,""bid_price"":""453.90"",""ask_price"":""455.55""},{""bid_quantity"":40,""ask_quantity"":40,""bid_orders"":1,""ask_orders"":2,""bid_price"":""453.85"",""ask_price"":""455.60""},{""bid_quantity"":20,""ask_quantity"":40,""bid_orders"":1,""ask_orders"":1,""bid_price"":""453.75"",""ask_price"":""455.75""},{""bid_quantity"":20,""ask_quantity"":40,""bid_orders"":1,""ask_orders"":1,""bid_price"":""453.70"",""ask_price"":""455.80""}]"
09:15:24.955,1790307924955088260,1025667509022207,Full Data,8,886872,241.70,40,09:15:24,274.21,43700,21740,31620,47980,"[{""bid_quantity"":80,""ask_quantity"":180,""bid_orders"":3,""ask_orders"":6,""bid_price"":""239.40"",""ask_price"":""240.90""},{""bid_quantity"":320,""ask_quantity"":40,""bid_orders"":1,""ask_orders"":1,""bid_price"":""239.30"",""ask_price"":""240.95""},{""bid_quantity"":20,""ask_quantity"":20,""bid_orders"":1,""ask_orders"":1,""bid_price"":""239.25"",""ask_price"":""241.05""},{""bid_quantity"":20,""ask_quantity"":40,""bid_orders"":1,""ask_orders"":2,""bid_price"":""239.05"",""ask_price"":""241.10""},{""bid_quantity"":20,""ask_quantity"":40,""bid_orders"":1,""ask_orders"":1,""bid_price"":""239.00"",""ask_price"":""241.15""}]"
09:15:25.018,1790307925018572267,1025667572506094,Full Data,8,886951,864.20,40,09:15:24,805.23,4200,16760,100180,6000,"[{""bid_quantity"":60,""ask_quantity"":20,""bid_orders"":2,""ask_orders"":1,""bid_price"":""863.65"",""ask_price"":""867.60""},{""bid_quantity"":20,""ask_quantity"":20,""bid_orders"":1,""ask_orders"":1,""bid_price"":""863.60"",""ask_price"":""867.65""},{""bid_quantity"":20,""ask_quantity"":20,""bid_orders"":1,""ask_orders"":1,""bid_price"":""863.45"",""ask_price"":""867.75""},{""bid_quantity"":20,""ask_quantity"":20,""bid_orders"":1,""ask_orders"":1,""bid_price"":""863.40"",""ask_price"":""867.85""},{""bid_quantity"":20,""ask_quantity"":20,""bid_orders"":1,""ask_orders"":1,""bid_price"":""863.35"",""ask_price"":""867.95""}]"
09:15:25.043,1790307925043880349,1025667597814176,Full Data,8,887017,730.55,20,09:15:24,674.68,82320,18980,140080,74320,"[{""bid_quantity"":40,""ask_quantity"":20,""bid_orders"":2,""ask_orders"":1,""bid_price"":""729.80"",""ask_price"":""731.75""},{""bid_quantity"":20,""ask_quantity"":20,""bid_orders"":1,""ask_orders"":1,""bid_price"":""729.65"",""ask_price"":""731.80""},{""bid_quantity"":80,""ask_quantity"":20,""bid_orders"":1,""ask_orders"":1,""bid_price"":""729.60"",""ask_price"":""731.85""},{""bid_quantity"":60,""ask_quantity"":20,""bid_orders"":3,""ask_orders"":1,""bid_price"":""729.50"",""ask_price"":""731.95""},{""bid_quantity"":280,""ask_quantity"":80,""bid_orders"":3,""ask_orders"":4,""bid_price"":""729.30"",""ask_price"":""732.00""}]"
09:15:25.046,1790307925046421805,1025667600355592,Full Data,8,887036,455.40,20,09:15:24,508.76,37740,21000,102420,155340,"[{""bid_quantity"":40,""ask_quantity"":60,""bid_orders"":2,""ask_orders"":2,""bid_price"":""454.05"",""ask_price"":""455.55""},{""bid_quantity"":40,""ask_quantity"":60,""bid_orders"":1,""ask_orders"":3,""bid_price"":""454.00"",""ask_price"":""455.60""},{""bid_quantity"":40,""ask_quantity"":20,""bid_orders"":1,""ask_orders"":1,""bid_price"":""453.85"",""ask_price"":""455.65""},{""bid_quantity"":20,""ask_quantity"":40,""bid_orders"":1,""ask_orders"":1,""bid_price"":""453.80"",""ask_price"":""455.70""},{""bid_quantity"":20,""ask_quantity"":20,""bid_orders"":1,""ask_orders"":1,""bid_price"":""453.75"",""ask_price"":""455.85""}]"
09:15:25.055,1790307925055357582,1025667609291369,Full Data,8,886872,239.95,20,09:15:24,274.19,43720,21980,31540,47980,"[{""bid_quantity"":40,""ask_quantity"":60,""bid_orders"":1,""ask_orders"":3,""bid_price"":""239.90"",""ask_price"":""240.90""},{""bid_quantity"":40,""ask_quantity"":20,""bid_orders"":2,""ask_orders"":1,""bid_price"":""239.60"",""ask_price"":""241.00""},{""bid_quantity"":60,""ask_quantity"":40,""bid_orders"":2,""ask_orders"":2,""bid_price"":""239.55"",""ask_price"":""241.10""},{""bid_quantity"":60,""ask_quantity"":60,""bid_orders"":2,""ask_orders"":2,""bid_price"":""239.50"",""ask_price"":""241.15""},{""bid_quantity"":180,""ask_quantity"":20,""bid_orders"":1,""ask_orders"":1,""bid_price"":""239.30"",""ask_price"":""241.20""}]"
09:15:25.073,1790307925073871461,1025667627805288,Full Data,8,887017,730.10,20,09:15:24,674.76,82440,18980,140320,74320,"[{""bid_quantity"":40,""ask_quantity"":20,""bid_orders"":2,""ask_orders"":1,""bid_price"":""729.90"",""ask_price"":""731.30""},{""bid_quantity"":20,""ask_quantity"":80,""bid_orders"":1,""ask_orders"":4,""bid_price"":""729.70"",""ask_price"":""732.00""},{""bid_quantity"":40,""ask_quantity"":20,""bid_orders"":2,""ask_orders"":1,""bid_price"":""729.65"",""ask_price"":""733.35""},{""bid_quantity"":80,""ask_quantity"":60,""bid_orders"":1,""ask_orders"":2,""bid_price"":""729.55"",""ask_price"":""733.40""},{""bid_quantity"":60,""ask_quantity"":140,""bid_orders"":3,""ask_orders"":2,""bid_price"":""729.50"",""ask_price"":""733.50""}]"
09:15:25.093,1790307925093275705,1025667647209652,Full Data,8,886951,864.20,40,09:15:24,805.23,4200,16720,100020,6000,"[{""bid_quantity"":60,""ask_quantity"":20,""bid_orders"":2,""ask_orders"":1,""bid_price"":""864.05"",""ask_price"":""868.10""},{""bid_quantity"":20,""ask_quantity"":20,""bid_orders"":1,""ask_orders"":1,""bid_price"":""864.00"",""ask_price"":""868.15""},{""bid_quantity"":20,""ask_quantity"":40,""bid_orders"":1,""ask_orders"":2,""bid_price"":""863.90"",""ask_price"":""868.25""},{""bid_quantity"":20,""ask_quantity"":20,""bid_orders"":1,""ask_orders"":1,""bid_price"":""863.80"",""ask_price"":""868.55""},{""bid_quantity"":20,""ask_quantity"":100,""bid_orders"":1,""ask_orders"":1,""bid_price"":""863.70"",""ask_price"":""870.10""}]"
09:15:25.138,1790307925138379834,1025667692313941,Full Data,8,886805,669.70,20,09:15:25,626.56,41840,17080,109480,42420,"[{""bid_quantity"":20,""ask_quantity"":20,""bid_orders"":1,""ask_orders"":1,""bid_price"":""667.15"",""ask_price"":""669.00""},{""bid_quantity"":20,""ask_quantity"":20,""bid_orders"":1,""ask_orders"":1,""bid_price"":""667.05"",""ask_price"":""669.05""},{""bid_quantity"":200,""ask_quantity"":40,""bid_orders"":1,""ask_orders"":1,""bid_price"":""667.00"",""ask_price"":""669.20""},{""bid_quantity"":60,""ask_quantity"":20,""bid_orders"":2,""ask_orders"":1,""bid_price"":""666.95"",""ask_price"":""669.25""},{""bid_quantity"":160,""ask_quantity"":40,""bid_orders"":3,""ask_orders"":1,""bid_price"":""666.90"",""ask_price"":""669.35""}]"
09:15:25.182,1790307925182897599,1025667736831786,Full Data,8,886747,801.80,60,09:15:24,745.98,10200,16260,95600,5900,"[{""bid_quantity"":20,""ask_quantity"":40,""bid_orders"":1,""ask_orders"":2,""bid_price"":""794.30"",""ask_price"":""797.95""},{""bid_quantity"":20,""ask_quantity"":40,""bid_orders"":1,""ask_orders"":2,""bid_price"":""794.25"",""ask_price"":""798.15""},{""bid_quantity"":20,""ask_quantity"":40,""bid_orders"":1,""ask_orders"":2,""bid_price"":""794.05"",""ask_price"":""798.35""},{""bid_quantity"":40,""ask_quantity"":40,""bid_orders"":1,""ask_orders"":2,""bid_price"":""793.90"",""ask_price"":""798.55""},{""bid_quantity"":20,""ask_quantity"":20,""bid_orders"":1,""ask_orders"":1,""bid_price"":""793.85"",""ask_price"":""798.75""}]"
09:15:25.188,1790307925188314073,1025667742248220,Full Data,8,886805,668.55,20,09:15:25,626.60,41880,15580,109720,42420,"[{""bid_quantity"":20,""ask_quantity"":20,""bid_orders"":1,""ask_orders"":1,""bid_price"":""668.30"",""ask_price"":""669.70""},{""bid_quantity"":20,""ask_quantity"":40,""bid_orders"":1,""ask_orders"":2,""bid_price"":""668.15"",""ask_price"":""669.85""},{""bid_quantity"":20,""ask_quantity"":40,""bid_orders"":1,""ask_orders"":1,""bid_price"":""668.10"",""ask_price"":""671.80""},{""bid_quantity"":40,""ask_quantity"":60,""bid_orders"":1,""ask_orders"":1,""bid_price"":""668.00"",""ask_price"":""671.85""},{""bid_quantity"":40,""ask_quantity"":40,""bid_orders"":2,""ask_orders"":1,""bid_price"":""667.90"",""ask_price"":""672.75""}]"
09:15:25.189,1790307925189505841,1025667743439668,Full Data,8,886849,551.95,80,09:15:25,506.71,45720,18260,29620,167000,"[{""bid_quantity"":40,""ask_quantity"":40,""bid_orders"":1,""ask_orders"":2,""bid_price"":""551.10"",""ask_price"":""552.80""},{""bid_quantity"":40,""ask_quantity"":20,""bid_orders"":1,""ask_orders"":1,""bid_price"":""551.05"",""ask_price"":""553.00""},{""bid_quantity"":60,""ask_quantity"":20,""bid_orders"":2,""ask_orders"":1,""bid_price"":""550.95"",""ask_price"":""553.20""},{""bid_quantity"":20,""ask_quantity"":60,""bid_orders"":1,""ask_orders"":3,""bid_price"":""550.90"",""ask_price"":""553.35""},{""bid_quantity"":20,""ask_quantity"":40,""bid_orders"":1,""ask_orders"":1,""bid_price"":""550.80"",""ask_price"":""554.05""}]"
09:15:25.238,1790307925238758396,1025667792692303,Full Data,8,886747,798.55,20,09:15:25,746.09,10220,15820,96020,5900,"[{""bid_quantity"":20,""ask_quantity"":60,""bid_orders"":1,""ask_orders"":3,""bid_price"":""796.35"",""ask_price"":""799.10""},{""bid_quantity"":60,""ask_quantity"":40,""bid_orders"":2,""ask_orders"":2,""bid_price"":""796.30"",""ask_price"":""799.25""},{""bid_quantity"":20,""ask_quantity"":40,""bid_orders"":1,""ask_orders"":2,""bid_price"":""796.25"",""ask_price"":""799.45""},{""bid_quantity"":20,""ask_quantity"":60,""bid_orders"":1,""ask_orders"":2,""bid_price"":""796.05"",""ask_price"":""801.80""},{""bid_quantity"":20,""ask_quantity"":20,""bid_orders"":1,""ask_orders"":1,""bid_price"":""795.80"",""ask_price"":""802.85""}]"
09:15:25.240,1790307925240933690,1025667794867437,Full Data,8,886692,941.60,20,09:15:24,875.86,2260,14100,94660,4500,"[{""bid_quantity"":20,""ask_quantity"":20,""bid_orders"":1,""ask_orders"":1,""bid_price"":""936.45"",""ask_price"":""940.20""},{""bid_quantity"":40,""ask_quantity"":20,""bid_orders"":1,""ask_orders"":1,""bid_price"":""936.40"",""ask_price"":""940.35""},{""bid_quantity"":20,""ask_quantity"":20,""bid_orders"":1,""ask_orders"":1,""bid_price"":""935.60"",""ask_price"":""940.45""},{""bid_quantity"":20,""ask_quantity"":20,""bid_orders"":1,""ask_orders"":1,""bid_price"":""935.50"",""ask_price"":""940.50""},{""bid_quantity"":20,""ask_quantity"":20,""bid_orders"":1,""ask_orders"":1,""bid_price"":""935.40"",""ask_price"":""940.60""}]"
09:15:25.325,1790307925325160070,1025667879094057,Full Data,8,886924,298.40,20,09:15:25,339.22,41360,23480,28480,59380,"[{""bid_quantity"":80,""ask_quantity"":80,""bid_orders"":2,""ask_orders"":2,""bid_price"":""298.10"",""ask_price"":""299.40""},{""bid_quantity"":40,""ask_quantity"":20,""bid_orders"":1,""ask_orders"":1,""bid_price"":""298.00"",""ask_price"":""299.45""},{""bid_quantity"":20,""ask_quantity"":80,""bid_orders"":1,""ask_orders"":1,""bid_price"":""297.85"",""ask_price"":""300.00""},{""bid_quantity"":20,""ask_quantity"":40,""bid_orders"":1,""ask_orders"":2,""bid_price"":""297.65"",""ask_price"":""300.20""},{""bid_quantity"":160,""ask_quantity"":160,""bid_orders"":1,""ask_orders"":3,""bid_price"":""297.60"",""ask_price"":""300.50""}]"
09:15:25.328,1790307925328629612,1025667882563519,Full Data,8,886776,409.20,40,09:15:25,457.90,33280,20440,102000,67800,"[{""bid_quantity"":40,""ask_quantity"":20,""bid_orders"":2,""ask_orders"":1,""bid_price"":""409.20"",""ask_price"":""410.60""},{""bid_quantity"":140,""ask_quantity"":40,""bid_orders"":2,""ask_orders"":1,""bid_price"":""409.10"",""ask_price"":""410.65""},{""bid_quantity"":100,""ask_quantity"":20,""bid_orders"":1,""ask_orders"":1,""bid_price"":""408.60"",""ask_price"":""410.70""},{""bid_quantity"":140,""ask_quantity"":20,""bid_orders"":3,""ask_orders"":1,""bid_price"":""408.45"",""ask_price"":""410.80""},{""bid_quantity"":60,""ask_quantity"":20,""bid_orders"":1,""ask_orders"":1,""bid_price"":""408.40"",""ask_price"":""411.30""}]"
09:15:25.346,1790307925346143884,1025667900077751,Full Data,8,886924,298.40,20,09:15:25,339.22,41360,23780,28120,59380,"[{""bid_quantity"":40,""ask_quantity"":40,""bid_orders"":2,""ask_orders"":1,""bid_price"":""298.05"",""ask_price"":""299.30""},{""bid_quantity"":20,""ask_quantity"":20,""bid_orders"":1,""ask_orders"":1,""bid_price"":""298.00"",""ask_price"":""299.35""},{""bid_quantity"":60,""ask_quantity"":40,""bid_orders"":2,""ask_orders"":1,""bid_price"":""297.90"",""ask_price"":""299.50""},{""bid_quantity"":320,""ask_quantity"":40,""bid_orders"":1,""ask_orders"":2,""bid_price"":""297.50"",""ask_price"":""299.55""},{""bid_quantity"":40,""ask_quantity"":20,""bid_orders"":1,""ask_orders"":1,""bid_price"":""297.40"",""ask_price"":""299.75""}]"
09:15:25.346,1790307925346662207,1025667900595994,Full Data,8,886849,553.05,40,09:15:25,506.77,45780,20800,31540,167000,"[{""bid_quantity"":100,""ask_quantity"":40,""bid_orders"":3,""ask_orders"":2,""bid_price"":""551.05"",""ask_price"":""553.00""},{""bid_quantity"":60,""ask_quantity"":20,""bid_orders"":2,""ask_orders"":1,""bid_price"":""551.00"",""ask_price"":""553.10""},{""bid_quantity"":20,""ask_quantity"":80,""bid_orders"":1,""ask_orders"":1,""bid_price"":""550.95"",""ask_price"":""553.15""},{""bid_quantity"":20,""ask_quantity"":40,""bid_orders"":1,""ask_orders"":2,""bid_price"":""550.90"",""ask_price"":""553.20""},{""bid_quantity"":60,""ask_quantity"":40,""bid_orders"":2,""ask_orders"":1,""bid_price"":""550.70"",""ask_price"":""553.30""}]"
09:15:25.358,1790307925358818325,1025667912752072,Full Data,8,886692,941.60,20,09:15:24,875.86,2260,13660,96940,4500,"[{""bid_quantity"":200,""ask_quantity"":20,""bid_orders"":5,""ask_orders"":1,""bid_price"":""932.30"",""ask_price"":""940.45""},{""bid_quantity"":20,""ask_quantity"":20,""bid_orders"":1,""ask_orders"":1,""bid_price"":""932.20"",""ask_price"":""940.60""},{""bid_quantity"":80,""ask_quantity"":40,""bid_orders"":2,""ask_orders"":2,""bid_price"":""932.10"",""ask_price"":""941.20""},{""bid_quantity"":180,""ask_quantity"":20,""bid_orders"":3,""ask_orders"":1,""bid_price"":""932.05"",""ask_price"":""944.05""},{""bid_quantity"":20,""ask_quantity"":40,""bid_orders"":1,""ask_orders"":1,""bid_price"":""932.00"",""ask_price"":""947.85""}]"
09:15:25.415,1790307925415603129,1025667969537156,Full Data,8,886572,608.55,20,09:15:25,567.32,46020,20720,108300,92640,"[{""bid_quantity"":80,""ask_quantity"":20,""bid_orders"":3,""ask_orders"":1,""bid_price"":""606.30"",""ask_price"":""607.65""},{""bid_quantity"":20,""ask_quantity"":140,""bid_orders"":1,""ask_orders"":2,""bid_price"":""606.25"",""ask_price"":""609.35""},{""bid_quantity"":120,""ask_quantity"":60,""bid_orders"":1,""ask_orders"":2,""bid_price"":""606.10"",""ask_price"":""609.45""},{""bid_quantity"":160,""ask_quantity"":20,""bid_orders"":2,""ask_orders"":1,""bid_price"":""606.05"",""ask_price"":""609.50""},{""bid_quantity"":120,""ask_quantity"":20,""bid_orders"":1,""ask_orders"":1,""bid_price"":""606.00"",""ask_price"":""609.80""}]"
09:15:25.420,1790307925420062357,1025667973996224,Full Data,8,886572,607.65,20,09:15:25,567.34,46040,21400,108540,92640,"[{""bid_quantity"":20,""ask_quantity"":40,""bid_orders"":1,""ask_orders"":2,""bid_price"":""607.10"",""ask_price"":""608.70""},{""bid_quantity"":20,""ask_quantity"":20,""bid_orders"":1,""ask_orders"":1,""bid_price"":""607.05"",""ask_price"":""608.85""},{""bid_quantity"":40,""ask_quantity"":60,""bid_orders"":1,""ask_orders"":2,""bid_price"":""607.00"",""ask_price"":""608.90""},{""bid_quantity"":40,""ask_quantity"":40,""bid_orders"":2,""ask_orders"":2,""bid_price"":""606.85"",""ask_price"":""609.00""},{""bid_quantity"":20,""ask_quantity"":60,""bid_orders"":1,""ask_orders"":2,""bid_price"":""606.60"",""ask_price"":""609.25""}]"
09:15:25.523,1790307925523288858,1025668077222885,Ticker Data,0,51,73629.75,,09:15:25,,,,,,
09:15:25.666,1790307925666113933,1025668220048000,Full Data,8,887124,266.10,20,09:15:25,303.64,32180,21160,21980,64860,"[{""bid_quantity"":20,""ask_quantity"":80,""bid_orders"":1,""ask_orders"":3,""bid_price"":""263.95"",""ask_price"":""265.35""},{""bid_quantity"":80,""ask_quantity"":40,""bid_orders"":1,""ask_orders"":2,""bid_price"":""263.90"",""ask_price"":""265.40""},{""bid_quantity"":20,""ask_quantity"":60,""bid_orders"":1,""ask_orders"":3,""bid_price"":""263.85"",""ask_price"":""265.45""},{""bid_quantity"":80,""ask_quantity"":60,""bid_orders"":1,""ask_orders"":3,""bid_price"":""263.80"",""ask_price"":""265.50""},{""bid_quantity"":20,""ask_quantity"":80,""bid_orders"":1,""ask_orders"":4,""bid_price"":""263.75"",""ask_price"":""265.60""}]"
09:15:25.742,1790307925742724463,1025668296658770,Full Data,8,886981,367.20,60,09:15:25,417.50,68760,21720,45780,63920,"[{""bid_quantity"":40,""ask_quantity"":420,""bid_orders"":2,""ask_orders"":5,""bid_price"":""365.20"",""ask_price"":""366.10""},{""bid_quantity"":20,""ask_quantity"":80,""bid_orders"":1,""ask_orders"":2,""bid_price"":""365.00"",""ask_price"":""366.15""},{""bid_quantity"":20,""ask_quantity"":200,""bid_orders"":1,""ask_orders"":4,""bid_price"":""364.85"",""ask_price"":""366.25""},{""bid_quantity"":20,""ask_quantity"":40,""bid_orders"":1,""ask_orders"":2,""bid_price"":""364.65"",""ask_price"":""366.30""},{""bid_quantity"":20,""ask_quantity"":40,""bid_orders"":1,""ask_orders"":2,""bid_price"":""364.00"",""ask_price"":""366.35""}]"
09:15:25.792,1790307925792274901,1025668346208888,Full Data,8,886718,326.45,20,09:15:25,381.62,141900,27340,33240,276660,"[{""bid_quantity"":20,""ask_quantity"":80,""bid_orders"":1,""ask_orders"":2,""bid_price"":""326.35"",""ask_price"":""327.85""},{""bid_quantity"":80,""ask_quantity"":160,""bid_orders"":1,""ask_orders"":1,""bid_price"":""326.30"",""ask_price"":""327.90""},{""bid_quantity"":20,""ask_quantity"":200,""bid_orders"":1,""ask_orders"":2,""bid_price"":""326.25"",""ask_price"":""327.95""},{""bid_quantity"":320,""ask_quantity"":160,""bid_orders"":1,""ask_orders"":1,""bid_price"":""326.20"",""ask_price"":""328.00""},{""bid_quantity"":100,""ask_quantity"":160,""bid_orders"":1,""ask_orders"":1,""bid_price"":""326.15"",""ask_price"":""328.05""}]"
09:15:25.984,1790307925984287090,1025668538221237,Full Data,8,887036,443.30,20,09:15:25,506.50,39240,18820,100100,155340,"[{""bid_quantity"":40,""ask_quantity"":100,""bid_orders"":2,""ask_orders"":5,""bid_price"":""442.65"",""ask_price"":""445.00""},{""bid_quantity"":60,""ask_quantity"":100,""bid_orders"":2,""ask_orders"":3,""bid_price"":""442.60"",""ask_price"":""445.05""},{""bid_quantity"":40,""ask_quantity"":80,""bid_orders"":2,""ask_orders"":3,""bid_price"":""442.50"",""ask_price"":""445.10""},{""bid_quantity"":140,""ask_quantity"":440,""bid_orders"":2,""ask_orders"":6,""bid_price"":""442.45"",""ask_price"":""445.15""},{""bid_quantity"":20,""ask_quantity"":160,""bid_orders"":1,""ask_orders"":3,""bid_price"":""442.25"",""ask_price"":""445.20""}]"
09:15:26.002,1790307926002083244,1025668556017271,Full Data,8,886872,233.85,20,09:15:25,273.76,44220,18740,29020,47980,"[{""bid_quantity"":360,""ask_quantity"":40,""bid_orders"":4,""ask_orders"":1,""bid_price"":""232.80"",""ask_price"":""233.90""},{""bid_quantity"":40,""ask_quantity"":20,""bid_orders"":2,""ask_orders"":1,""bid_price"":""232.75"",""ask_price"":""233.95""},{""bid_quantity"":40,""ask_quantity"":120,""bid_orders"":2,""ask_orders"":3,""bid_price"":""232.65"",""ask_price"":""234.00""},{""bid_quantity"":40,""ask_quantity"":40,""bid_orders"":1,""ask_orders"":2,""bid_price"":""232.55"",""ask_price"":""234.05""},{""bid_quantity"":40,""ask_quantity"":20,""bid_orders"":1,""ask_orders"":1,""bid_price"":""232.45"",""ask_price"":""234.10""}]"
09:15:26.046,1790307926046470969,1025668600405076,Full Data,8,887036,443.30,20,09:15:25,506.50,39240,17560,100000,155340,"[{""bid_quantity"":80,""ask_quantity"":60,""bid_orders"":3,""ask_orders"":3,""bid_price"":""442.60"",""ask_price"":""444.25""},{""bid_quantity"":60,""ask_quantity"":40,""bid_orders"":3,""ask_orders"":2,""bid_price"":""442.55"",""ask_price"":""444.45""},{""bid_quantity"":20,""ask_quantity"":80,""bid_orders"":1,""ask_orders"":3,""bid_price"":""442.35"",""ask_price"":""444.60""},{""bid_quantity"":40,""ask_quantity"":60,""bid_orders"":1,""ask_orders"":2,""bid_price"":""442.25"",""ask_price"":""444.75""},{""bid_quantity"":20,""ask_quantity"":20,""bid_orders"":1,""ask_orders"":1,""bid_price"":""442.20"",""ask_price"":""445.05""}]"
09:15:26.051,1790307926051866043,1025668605800350,Full Data,8,886872,233.85,20,09:15:25,273.76,44220,19400,29500,47980,"[{""bid_quantity"":320,""ask_quantity"":60,""bid_orders"":3,""ask_orders"":3,""bid_price"":""232.85"",""ask_price"":""233.95""},{""bid_quantity"":20,""ask_quantity"":100,""bid_orders"":1,""ask_orders"":2,""bid_price"":""232.80"",""ask_price"":""234.70""},{""bid_quantity"":40,""ask_quantity"":20,""bid_orders"":1,""ask_orders"":1,""bid_price"":""232.60"",""ask_price"":""234.80""},{""bid_quantity"":60,""ask_quantity"":40,""bid_orders"":2,""ask_orders"":2,""bid_price"":""232.55"",""ask_price"":""234.85""},{""bid_quantity"":40,""ask_quantity"":40,""bid_orders"":1,""ask_orders"":1,""bid_price"":""232.45"",""ask_price"":""234.95""}]"
09:15:26.061,1790307926061711266,1025668615645053,Full Data,8,887017,747.00,20,09:15:26,676.09,84240,15680,167860,74320,"[{""bid_quantity"":40,""ask_quantity"":20,""bid_orders"":2,""ask_orders"":1,""bid_price"":""746.80"",""ask_price"":""748.95""},{""bid_quantity"":40,""ask_quantity"":20,""bid_orders"":2,""ask_orders"":1,""bid_price"":""746.65"",""ask_price"":""749.00""},{""bid_quantity"":20,""ask_quantity"":20,""bid_orders"":1,""ask_orders"":1,""bid_price"":""746.45"",""ask_price"":""749.05""},{""bid_quantity"":20,""ask_quantity"":20,""bid_orders"":1,""ask_orders"":1,""bid_price"":""746.35"",""ask_price"":""749.10""},{""bid_quantity"":100,""ask_quantity"":20,""bid_orders"":1,""ask_orders"":1,""bid_price"":""746.30"",""ask_price"":""749.35""}]"
09:15:26.102,1790307926102661728,1025668656595875,Full Data,8,886951,868.25,40,09:15:25,805.82,4240,14880,98560,6000,"[{""bid_quantity"":20,""ask_quantity"":20,""bid_orders"":1,""ask_orders"":1,""bid_price"":""882.20"",""ask_price"":""887.65""},{""bid_quantity"":20,""ask_quantity"":20,""bid_orders"":1,""ask_orders"":1,""bid_price"":""882.15"",""ask_price"":""887.75""},{""bid_quantity"":40,""ask_quantity"":160,""bid_orders"":1,""ask_orders"":2,""bid_price"":""882.10"",""ask_price"":""888.00""},{""bid_quantity"":20,""ask_quantity"":100,""bid_orders"":1,""ask_orders"":1,""bid_price"":""882.05"",""ask_price"":""890.05""},{""bid_quantity"":20,""ask_quantity"":60,""bid_orders"":1,""ask_orders"":1,""bid_price"":""881.95"",""ask_price"":""890.60""}]"
09:15:26.137,1790307926137088669,1025668691022496,Full Data,8,887017,743.90,20,09:15:26,676.51,84760,15260,166060,74320,"[{""bid_quantity"":120,""ask_quantity"":20,""bid_orders"":2,""ask_orders"":1,""bid_price"":""742.05"",""ask_price"":""743.90""},{""bid_quantity"":40,""ask_quantity"":40,""bid_orders"":2,""ask_orders"":2,""bid_price"":""741.60"",""ask_price"":""745.25""},{""bid_quantity"":40,""ask_quantity"":20,""bid_orders"":2,""ask_orders"":1,""bid_price"":""741.45"",""ask_price"":""745.45""},{""bid_quantity"":60,""ask_quantity"":120,""bid_orders"":1,""ask_orders"":1,""bid_price"":""740.45"",""ask_price"":""745.50""},{""bid_quantity"":80,""ask_quantity"":20,""bid_orders"":1,""ask_orders"":1,""bid_price"":""740.40"",""ask_price"":""746.70""}]"
09:15:26.171,1790307926171765931,1025668725700038,Full Data,8,886951,868.25,40,09:15:25,805.82,4240,13420,96840,6000,"[{""bid_quantity"":80,""ask_quantity"":40,""bid_orders"":3,""ask_orders"":2,""bid_price"":""876.50"",""ask_price"":""885.05""},{""bid_quantity"":20,""ask_quantity"":20,""bid_orders"":1,""ask_orders"":1,""bid_price"":""876.45"",""ask_price"":""885.10""},{""bid_quantity"":20,""ask_quantity"":20,""bid_orders"":1,""ask_orders"":1,""bid_price"":""876.35"",""ask_price"":""885.20""},{""bid_quantity"":180,""ask_quantity"":20,""bid_orders"":3,""ask_orders"":1,""bid_price"":""876.25"",""ask_price"":""885.25""},{""bid_quantity"":20,""ask_quantity"":20,""bid_orders"":1,""ask_orders"":1,""bid_price"":""876.05"",""ask_price"":""885.30""}]"
09:15:26.174,1790307926174443308,1025668728377135,Full Data,8,886805,681.65,20,09:15:26,630.22,44720,15300,106880,42420,"[{""bid_quantity"":20,""ask_quantity"":20,""bid_orders"":1,""ask_orders"":1,""bid_price"":""678.75"",""ask_price"":""681.15""},{""bid_quantity"":20,""ask_quantity"":20,""bid_orders"":1,""ask_orders"":1,""bid_price"":""678.60"",""ask_price"":""681.20""},{""bid_quantity"":40,""ask_quantity"":20,""bid_orders"":1,""ask_orders"":1,""bid_price"":""678.55"",""ask_price"":""681.25""},{""bid_quantity"":20,""ask_quantity"":20,""bid_orders"":1,""ask_orders"":1,""bid_price"":""678.40"",""ask_price"":""681.30""},{""bid_quantity"":40,""ask_quantity"":20,""bid_orders"":1,""ask_orders"":1,""bid_price"":""678.35"",""ask_price"":""681.45""}]"
09:15:26.236,1790307926236373864,1025668790308131,Full Data,8,886747,816.35,20,09:15:25,747.80,10520,14020,93200,5900,"[{""bid_quantity"":20,""ask_quantity"":20,""bid_orders"":1,""ask_orders"":1,""bid_price"":""805.85"",""ask_price"":""810.10""},{""bid_quantity"":20,""ask_quantity"":40,""bid_orders"":1,""ask_orders"":2,""bid_price"":""803.55"",""ask_price"":""810.15""},{""bid_quantity"":20,""ask_quantity"":40,""bid_orders"":1,""ask_orders"":2,""bid_price"":""803.50"",""ask_price"":""810.20""},{""bid_quantity"":100,""ask_quantity"":20,""bid_orders"":1,""ask_orders"":1,""bid_price"":""803.25"",""ask_price"":""810.30""},{""bid_quantity"":40,""ask_quantity"":40,""bid_orders"":1,""ask_orders"":2,""bid_price"":""800.60"",""ask_price"":""810.40""}]"
09:15:26.246,1790307926246880292,1025668800814279,Full Data,8,886805,678.55,40,09:15:26,630.37,44860,17240,110360,42420,"[{""bid_quantity"":20,""ask_quantity"":40,""bid_orders"":1,""ask_orders"":2,""bid_price"":""674.50"",""ask_price"":""678.55""},{""bid_quantity"":20,""ask_quantity"":40,""bid_orders"":1,""ask_orders"":2,""bid_price"":""674.45"",""ask_price"":""678.65""},{""bid_quantity"":20,""ask_quantity"":40,""bid_orders"":1,""ask_orders"":2,""bid_price"":""674.40"",""ask_price"":""678.80""},{""bid_quantity"":20,""ask_quantity"":20,""bid_orders"":1,""ask_orders"":1,""bid_price"":""674.30"",""ask_price"":""678.85""},{""bid_quantity"":20,""ask_quantity"":20,""bid_orders"":1,""ask_orders"":1,""bid_price"":""674.20"",""ask_price"":""678.90""}]"
09:15:26.283,1790307926283968089,1025668837901956,Full Data,8,886747,807.45,60,09:15:26,748.14,10580,15620,95760,5900,"[{""bid_quantity"":40,""ask_quantity"":20,""bid_orders"":2,""ask_orders"":1,""bid_price"":""804.30"",""ask_price"":""807.75""},{""bid_quantity"":40,""ask_quantity"":20,""bid_orders"":2,""ask_orders"":1,""bid_price"":""804.25"",""ask_price"":""807.80""},{""bid_quantity"":60,""ask_quantity"":20,""bid_orders"":2,""ask_orders"":1,""bid_price"":""804.05"",""ask_price"":""807.85""},{""bid_quantity"":40,""ask_quantity"":20,""bid_orders"":2,""ask_orders"":1,""bid_price"":""804.00"",""ask_price"":""807.95""},{""bid_quantity"":40,""ask_quantity"":20,""bid_orders"":2,""ask_orders"":1,""bid_price"":""803.70"",""ask_price"":""808.00""}]"
09:15:26.294,1790307926294230075,1025668848164022,Full Data,8,886776,408.55,40,09:15:26,456.93,33920,19000,101940,67800,"[{""bid_quantity"":20,""ask_quantity"":20,""bid_orders"":1,""ask_orders"":1,""bid_price"":""406.40"",""ask_price"":""408.15""},{""bid_quantity"":60,""ask_quantity"":40,""bid_orders"":2,""ask_orders"":2,""bid_price"":""406.35"",""ask_price"":""408.25""},{""bid_quantity"":120,""ask_quantity"":20,""bid_orders"":1,""ask_orders"":1,""bid_price"":""406.25"",""ask_price"":""408.35""},{""bid_quantity"":20,""ask_quantity"":20,""bid_orders"":1,""ask_orders"":1,""bid_price"":""406.05"",""ask_price"":""408.45""},{""bid_quantity"":20,""ask_quantity"":40,""bid_orders"":1,""ask_orders"":1,""bid_price"":""405.95"",""ask_price"":""408.50""}]"
09:15:26.342,1790307926342343623,1025668896277450,Full Data,8,886924,295.40,20,09:15:26,337.97,42540,21780,26800,59380,"[{""bid_quantity"":40,""ask_quantity"":60,""bid_orders"":1,""ask_orders"":3,""bid_price"":""296.65"",""ask_price"":""297.85""},{""bid_quantity"":40,""ask_quantity"":40,""bid_orders"":2,""ask_orders"":2,""bid_price"":""296.60"",""ask_price"":""298.05""},{""bid_quantity"":20,""ask_quantity"":20,""bid_orders"":1,""ask_orders"":1,""bid_price"":""296.40"",""ask_price"":""298.30""},{""bid_quantity"":60,""ask_quantity"":40,""bid_orders"":2,""ask_orders"":1,""bid_price"":""296.25"",""ask_price"":""298.50""},{""bid_quantity"":20,""ask_quantity"":240,""bid_orders"":1,""ask_orders"":4,""bid_price"":""296.20"",""ask_price"":""298.55""}]"
09:15:26.358,1790307926358104884,1025668912038791,Full Data,8,886849,567.10,20,09:15:26,508.58,47420,18860,29880,167000,"[{""bid_quantity"":100,""ask_quantity"":40,""bid_orders"":3,""ask_orders"":1,""bid_price"":""557.40"",""ask_price"":""558.50""},{""bid_quantity"":40,""ask_quantity"":60,""bid_orders"":2,""ask_orders"":2,""bid_price"":""556.95"",""ask_price"":""558.55""},{""bid_quantity"":60,""ask_quantity"":60,""bid_orders"":2,""ask_orders"":2,""bid_price"":""556.80"",""ask_price"":""558.65""},{""bid_quantity"":20,""ask_quantity"":60,""bid_orders"":1,""ask_orders"":3,""bid_price"":""556.70"",""ask_price"":""558.70""},{""bid_quantity"":20,""ask_quantity"":20,""bid_orders"":1,""ask_orders"":1,""bid_price"":""556.65"",""ask_price"":""559.05""}]"
09:15:26.389,1790307926389259323,1025668943193750,Full Data,8,886924,295.40,20,09:15:26,337.97,42540,21540,26720,59380,"[{""bid_quantity"":100,""ask_quantity"":60,""bid_orders"":3,""ask_orders"":3,""bid_price"":""296.75"",""ask_price"":""297.85""},{""bid_quantity"":60,""ask_quantity"":40,""bid_orders"":3,""ask_orders"":2,""bid_price"":""296.70"",""ask_price"":""298.30""},{""bid_quantity"":40,""ask_quantity"":20,""bid_orders"":2,""ask_orders"":1,""bid_price"":""296.65"",""ask_price"":""298.50""},{""bid_quantity"":340,""ask_quantity"":80,""bid_orders"":2,""ask_orders"":2,""bid_price"":""296.00"",""ask_price"":""298.55""},{""bid_quantity"":40,""ask_quantity"":40,""bid_orders"":1,""ask_orders"":1,""bid_price"":""295.75"",""ask_price"":""299.45""}]"
09:15:26.393,1790307926393853713,1025668947787500,Full Data,8,886692,941.20,40,09:15:25,877.00,2300,14760,94600,4500,"[{""bid_quantity"":20,""ask_quantity"":20,""bid_orders"":1,""ask_orders"":1,""bid_price"":""943.40"",""ask_price"":""951.55""},{""bid_quantity"":160,""ask_quantity"":60,""bid_orders"":2,""ask_orders"":3,""bid_price"":""943.35"",""ask_price"":""951.60""},{""bid_quantity"":20,""ask_quantity"":80,""bid_orders"":1,""ask_orders"":4,""bid_price"":""942.95"",""ask_price"":""951.65""},{""bid_quantity"":40,""ask_quantity"":40,""bid_orders"":1,""ask_orders"":2,""bid_price"":""942.25"",""ask_price"":""951.70""},{""bid_quantity"":100,""ask_quantity"":120,""bid_orders"":1,""ask_orders"":3,""bid_price"":""942.20"",""ask_price"":""951.75""}]"
09:15:26.403,1790307926403783856,1025668957717643,Full Data,8,886849,562.10,20,09:15:26,508.64,47480,18940,31240,167000,"[{""bid_quantity"":40,""ask_quantity"":40,""bid_orders"":2,""ask_orders"":2,""bid_price"":""559.60"",""ask_price"":""561.95""},{""bid_quantity"":40,""ask_quantity"":40,""bid_orders"":1,""ask_orders"":2,""bid_price"":""558.95"",""ask_price"":""562.00""},{""bid_quantity"":40,""ask_quantity"":40,""bid_orders"":1,""ask_orders"":1,""bid_price"":""558.90"",""ask_price"":""562.30""},{""bid_quantity"":40,""ask_quantity"":80,""bid_orders"":1,""ask_orders"":1,""bid_price"":""558.80"",""ask_price"":""562.35""},{""bid_quantity"":160,""ask_quantity"":40,""bid_orders"":1,""ask_orders"":1,""bid_price"":""558.30"",""ask_price"":""562.75""}]"
09:15:26.420,1790307926420809525,1025668974743312,Full Data,8,886692,941.20,40,09:15:25,877.00,2300,11780,92880,4500,"[{""bid_quantity"":80,""ask_quantity"":40,""bid_orders"":3,""ask_orders"":2,""bid_price"":""945.15"",""ask_price"":""951.85""},{""bid_quantity"":60,""ask_quantity"":20,""bid_orders"":1,""ask_orders"":1,""bid_price"":""945.10"",""ask_price"":""957.30""},{""bid_quantity"":20,""ask_quantity"":20,""bid_orders"":1,""ask_orders"":1,""bid_price"":""945.05"",""ask_price"":""957.65""},{""bid_quantity"":20,""ask_quantity"":20,""bid_orders"":1,""ask_orders"":1,""bid_price"":""944.95"",""ask_price"":""958.75""},{""bid_quantity"":20,""ask_quantity"":20,""bid_orders"":1,""ask_orders"":1,""bid_price"":""944.85"",""ask_price"":""963.80""}]"
09:15:26.452,1790307926452660009,1025669006593916,Full Data,8,886572,618.80,20,09:15:26,567.88,46540,18060,105900,92640,"[{""bid_quantity"":20,""ask_quantity"":80,""bid_orders"":1,""ask_orders"":2,""bid_price"":""617.55"",""ask_price"":""619.40""},{""bid_quantity"":160,""ask_quantity"":20,""bid_orders"":2,""ask_orders"":1,""bid_price"":""617.50"",""ask_price"":""619.45""},{""bid_quantity"":60,""ask_quantity"":60,""bid_orders"":2,""ask_orders"":2,""bid_price"":""617.45"",""ask_price"":""619.55""},{""bid_quantity"":20,""ask_quantity"":40,""bid_orders"":1,""ask_orders"":2,""bid_price"":""617.30"",""ask_price"":""619.60""},{""bid_quantity"":40,""ask_quantity"":40,""bid_orders"":1,""ask_orders"":2,""bid_price"":""617.25"",""ask_price"":""619.75""}]"
09:15:26.463,1790307926463631720,1025669017565507,Full Data,8,886572,620.10,40,09:15:26,568.18,46820,17460,105420,92640,"[{""bid_quantity"":40,""ask_quantity"":60,""bid_orders"":1,""ask_orders"":3,""bid_price"":""617.90"",""ask_price"":""619.65""},{""bid_quantity"":20,""ask_quantity"":60,""bid_orders"":1,""ask_orders"":2,""bid_price"":""617.85"",""ask_price"":""619.80""},{""bid_quantity"":100,""ask_quantity"":40,""bid_orders"":3,""ask_orders"":2,""bid_price"":""617.70"",""ask_price"":""620.00""},{""bid_quantity"":20,""ask_quantity"":40,""bid_orders"":1,""ask_orders"":2,""bid_price"":""617.65"",""ask_price"":""620.10""},{""bid_quantity"":20,""ask_quantity"":120,""bid_orders"":1,""ask_orders"":1,""bid_price"":""617.45"",""ask_price"":""620.45""}]"
09:15:26.531,1790307926531715476,1025669085649303,Ticker Data,0,51,73639.62,,09:15:26,,,,,,
09:15:26.717,1790307926717730827,1025669271665294,Full Data,8,887124,266.25,40,09:15:26,302.87,32800,21960,23380,64860,"[{""bid_quantity"":220,""ask_quantity"":80,""bid_orders"":1,""ask_orders"":1,""bid_price"":""266.20"",""ask_price"":""268.15""},{""bid_quantity"":200,""ask_quantity"":140,""bid_orders"":3,""ask_orders"":3,""bid_price"":""266.00"",""ask_price"":""268.20""},{""bid_quantity"":60,""ask_quantity"":20,""bid_orders"":1,""ask_orders"":1,""bid_price"":""265.95"",""ask_price"":""268.25""},{""bid_quantity"":100,""ask_quantity"":20,""bid_orders"":1,""ask_orders"":1,""bid_price"":""265.90"",""ask_price"":""268.65""},{""bid_quantity"":40,""ask_quantity"":20,""bid_orders"":1,""ask_orders"":1,""bid_price"":""265.35"",""ask_price"":""268.95""}]"
09:15:26.755,1790307926755674470,1025669309608497,Full Data,8,886981,370.75,20,09:15:26,416.47,70120,21920,46820,63920,"[{""bid_quantity"":20,""ask_quantity"":60,""bid_orders"":1,""ask_orders"":2,""bid_price"":""368.10"",""ask_price"":""369.25""},{""bid_quantity"":60,""ask_quantity"":180,""bid_orders"":2,""ask_orders"":3,""bid_price"":""367.55"",""ask_price"":""369.70""},{""bid_quantity"":40,""ask_quantity"":180,""bid_orders"":2,""ask_orders"":2,""bid_price"":""367.50"",""ask_price"":""369.80""},{""bid_quantity"":420,""ask_quantity"":180,""bid_orders"":4,""ask_orders"":2,""bid_price"":""367.20"",""ask_price"":""369.85""},{""bid_quantity"":40,""ask_quantity"":160,""bid_orders"":1,""ask_orders"":1,""bid_price"":""367.00"",""ask_price"":""369.90""}]"
09:15:26.792,1790307926792267304,1025669346201411,Full Data,8,887124,266.25,40,09:15:26,302.87,32800,21800,24080,64860,"[{""bid_quantity"":80,""ask_quantity"":40,""bid_orders"":3,""ask_orders"":2,""bid_price"":""266.05"",""ask_price"":""268.05""},{""bid_quantity"":40,""ask_quantity"":100,""bid_orders"":1,""ask_orders"":1,""bid_price"":""266.00"",""ask_price"":""269.00""},{""bid_quantity"":120,""ask_quantity"":80,""bid_orders"":3,""ask_orders"":1,""bid_price"":""265.95"",""ask_price"":""269.30""},{""bid_quantity"":20,""ask_quantity"":40,""bid_orders"":1,""ask_orders"":1,""bid_price"":""265.90"",""ask_price"":""269.35""},{""bid_quantity"":80,""ask_quantity"":40,""bid_orders"":4,""ask_orders"":1,""bid_price"":""265.85"",""ask_price"":""269.40""}]"
09:15:26.827,1790307926827941892,1025669381875719,Full Data,8,886718,333.20,20,09:15:26,380.36,145320,24200,31260,276660,"[{""bid_quantity"":20,""ask_quantity"":40,""bid_orders"":1,""ask_orders"":2,""bid_price"":""333.95"",""ask_price"":""335.10""},{""bid_quantity"":20,""ask_quantity"":80,""bid_orders"":1,""ask_orders"":1,""bid_price"":""333.45"",""ask_price"":""335.15""},{""bid_quantity"":80,""ask_quantity"":80,""bid_orders"":1,""ask_orders"":4,""bid_price"":""333.40"",""ask_price"":""335.20""},{""bid_quantity"":20,""ask_quantity"":20,""bid_orders"":1,""ask_orders"":1,""bid_price"":""333.35"",""ask_price"":""335.30""},{""bid_quantity"":60,""ask_quantity"":20,""bid_orders"":1,""ask_orders"":1,""bid_price"":""333.10"",""ask_price"":""335.35""}]"
09:15:27.039,1790307927039752369,1025669593686476,Full Data,8,887036,450.95,20,09:15:26,505.17,40180,19880,101080,155340,"[{""bid_quantity"":40,""ask_quantity"":40,""bid_orders"":1,""ask_orders"":2,""bid_price"":""450.10"",""ask_price"":""451.50""},{""bid_quantity"":20,""ask_quantity"":40,""bid_orders"":1,""ask_orders"":2,""bid_price"":""450.05"",""ask_price"":""451.55""},{""bid_quantity"":20,""ask_quantity"":160,""bid_orders"":1,""ask_orders"":4,""bid_price"":""449.95"",""ask_price"":""451.65""},{""bid_quantity"":180,""ask_quantity"":20,""bid_orders"":3,""ask_orders"":1,""bid_price"":""449.80"",""ask_price"":""451.75""},{""bid_quantity"":120,""ask_quantity"":40,""bid_orders"":2,""ask_orders"":2,""bid_price"":""449.75"",""ask_price"":""451.80""}]"
09:15:27.070,1790307927070046483,1025669623980470,Full Data,8,886872,238.50,60,09:15:26,273.36,44720,22640,29600,47980,"[{""bid_quantity"":20,""ask_quantity"":20,""bid_orders"":1,""ask_orders"":1,""bid_price"":""237.70"",""ask_price"":""239.10""},{""bid_quantity"":240,""ask_quantity"":20,""bid_orders"":3,""ask_orders"":1,""bid_price"":""237.60"",""ask_price"":""239.20""},{""bid_quantity"":40,""ask_quantity"":160,""bid_orders"":2,""ask_orders"":1,""bid_price"":""237.50"",""ask_price"":""239.25""},{""bid_quantity"":200,""ask_quantity"":80,""bid_orders"":4,""ask_orders"":1,""bid_price"":""237.40"",""ask_price"":""239.35""},{""bid_quantity"":100,""ask_quantity"":20,""bid_orders"":2,""ask_orders"":1,""bid_price"":""237.15"",""ask_price"":""239.40""}]"
09:15:27.092,1790307927092872069,1025669646806016,Full Data,8,887036,450.95,20,09:15:26,505.17,40180,19280,100940,155340,"[{""bid_quantity"":40,""ask_quantity"":20,""bid_orders"":2,""ask_orders"":1,""bid_price"":""448.75"",""ask_price"":""450.20""},{""bid_quantity"":40,""ask_quantity"":40,""bid_orders"":2,""ask_orders"":2,""bid_price"":""448.70"",""ask_price"":""450.30""},{""bid_quantity"":40,""ask_quantity"":40,""bid_orders"":2,""ask_orders"":2,""bid_price"":""448.65"",""ask_price"":""450.35""},{""bid_quantity"":60,""ask_quantity"":40,""bid_orders"":2,""ask_orders"":2,""bid_price"":""448.60"",""ask_price"":""450.45""},{""bid_quantity"":140,""ask_quantity"":40,""bid_orders"":2,""ask_orders"":2,""bid_price"":""448.50"",""ask_price"":""450.50""}]"
09:15:27.097,1790307927097735980,1025669651669807,Full Data,8,886872,238.50,60,09:15:26,273.36,44720,22420,29760,47980,"[{""bid_quantity"":40,""ask_quantity"":300,""bid_orders"":2,""ask_orders"":4,""bid_price"":""237.20"",""ask_price"":""238.50""},{""bid_quantity"":200,""ask_quantity"":80,""bid_orders"":4,""ask_orders"":3,""bid_price"":""237.05"",""ask_price"":""238.55""},{""bid_quantity"":40,""ask_quantity"":40,""bid_orders"":2,""ask_orders"":2,""bid_price"":""237.00"",""ask_price"":""238.70""},{""bid_quantity"":60,""ask_quantity"":40,""bid_orders"":3,""ask_orders"":2,""bid_price"":""236.90"",""ask_price"":""238.85""},{""bid_quantity"":20,""ask_quantity"":20,""bid_orders"":1,""ask_orders"":1,""bid_price"":""236.70"",""ask_price"":""238.95""}]"
09:15:27.148,1790307927148516145,1025669702450012,Full Data,8,887017,739.70,20,09:15:27,677.63,86280,17000,168320,74320,"[{""bid_quantity"":40,""ask_quantity"":40,""bid_orders"":1,""ask_orders"":2,""bid_price"":""740.85"",""ask_price"":""742.40""},{""bid_quantity"":20,""ask_quantity"":20,""bid_orders"":1,""ask_orders"":1,""bid_price"":""740.80"",""ask_price"":""742.90""},{""bid_quantity"":20,""ask_quantity"":40,""bid_orders"":1,""ask_orders"":2,""bid_price"":""740.75"",""ask_price"":""743.05""},{""bid_quantity"":20,""ask_quantity"":40,""bid_orders"":1,""ask_orders"":2,""bid_price"":""740.70"",""ask_price"":""743.35""},{""bid_quantity"":20,""ask_quantity"":100,""bid_orders"":1,""ask_orders"":1,""bid_price"":""740.65"",""ask_price"":""743.75""}]"
09:15:27.195,1790307927195586846,1025669749520913,Full Data,8,886951,871.55,20,09:15:26,813.33,4760,13180,97680,6000,"[{""bid_quantity"":60,""ask_quantity"":40,""bid_orders"":2,""ask_orders"":2,""bid_price"":""874.45"",""ask_price"":""878.20""},{""bid_quantity"":20,""ask_quantity"":20,""bid_orders"":1,""ask_orders"":1,""bid_price"":""874.25"",""ask_price"":""885.30""},{""bid_quantity"":20,""ask_quantity"":40,""bid_orders"":1,""ask_orders"":1,""bid_price"":""874.20"",""ask_price"":""885.35""},{""bid_quantity"":40,""ask_quantity"":60,""bid_orders"":2,""ask_orders"":1,""bid_price"":""874.10"",""ask_price"":""885.45""},{""bid_quantity"":20,""ask_quantity"":240,""bid_orders"":1,""ask_orders"":1,""bid_price"":""874.00"",""ask_price"":""885.60""}]"
09:15:27.239,1790307927239538648,1025669793472515,Full Data,8,887017,742.05,80,09:15:27,677.99,86760,17460,168480,74320,"[{""bid_quantity"":40,""ask_quantity"":20,""bid_orders"":2,""ask_orders"":1,""bid_price"":""738.80"",""ask_price"":""740.90""},{""bid_quantity"":20,""ask_quantity"":20,""bid_orders"":1,""ask_orders"":1,""bid_price"":""738.75"",""ask_price"":""741.05""},{""bid_quantity"":40,""ask_quantity"":40,""bid_orders"":2,""ask_orders"":2,""bid_price"":""738.60"",""ask_price"":""741.10""},{""bid_quantity"":40,""ask_quantity"":40,""bid_orders"":2,""ask_orders"":2,""bid_price"":""738.55"",""ask_price"":""741.30""},{""bid_quantity"":40,""ask_quantity"":40,""bid_orders"":2,""ask_orders"":2,""bid_price"":""738.40"",""ask_price"":""741.45""}]"
09:15:27.241,1790307927241158818,1025669795092645,Full Data,8,886805,677.40,20,09:15:27,632.44,46900,17080,108880,42420,"[{""bid_quantity"":40,""ask_quantity"":20,""bid_orders"":2,""ask_orders"":1,""bid_price"":""674.00"",""ask_price"":""677.85""},{""bid_quantity"":40,""ask_quantity"":80,""bid_orders"":1,""ask_orders"":4,""bid_price"":""673.95"",""ask_price"":""677.90""},{""bid_quantity"":40,""ask_quantity"":20,""bid_orders"":1,""ask_orders"":1,""bid_price"":""673.90"",""ask_price"":""678.00""},{""bid_quantity"":80,""ask_quantity"":40,""bid_orders"":1,""ask_orders"":1,""bid_price"":""673.80"",""ask_price"":""678.05""},{""bid_quantity"":80,""ask_quantity"":20,""bid_orders"":1,""ask_orders"":1,""bid_price"":""673.75"",""ask_price"":""678.10""}]"
09:15:27.276,1790307927276184522,1025669830118509,Full Data,8,886951,871.55,20,09:15:26,813.33,4760,13620,97560,6000,"[{""bid_quantity"":40,""ask_quantity"":60,""bid_orders"":1,""ask_orders"":2,""bid_price"":""872.50"",""ask_price"":""878.05""},{""bid_quantity"":20,""ask_quantity"":40,""bid_orders"":1,""ask_orders"":2,""bid_price"":""872.45"",""ask_price"":""878.10""},{""bid_quantity"":20,""ask_quantity"":160,""bid_orders"":1,""ask_orders"":2,""bid_price"":""872.35"",""ask_price"":""878.15""},{""bid_quantity"":200,""ask_quantity"":40,""bid_orders"":3,""ask_orders"":2,""bid_price"":""871.25"",""ask_price"":""878.20""},{""bid_quantity"":20,""ask_quantity"":100,""bid_orders"":1,""ask_orders"":1,""bid_price"":""871.15"",""ask_price"":""880.80""}]"
09:15:27.308,1790307927308775171,1025669862708958,Full Data,8,886747,806.20,20,09:15:26,750.37,11000,16180,94340,5900,"[{""bid_quantity"":20,""ask_quantity"":40,""bid_orders"":1,""ask_orders"":1,""bid_price"":""803.80"",""ask_price"":""807.35""},{""bid_quantity"":20,""ask_quantity"":20,""bid_orders"":1,""ask_orders"":1,""bid_price"":""803.75"",""ask_price"":""807.40""},{""bid_quantity"":40,""ask_quantity"":20,""bid_orders"":1,""ask_orders"":1,""bid_price"":""803.45"",""ask_price"":""807.45""},{""bid_quantity"":40,""ask_quantity"":20,""bid_orders"":2,""ask_orders"":1,""bid_price"":""803.40"",""ask_price"":""807.65""},{""bid_quantity"":40,""ask_quantity"":20,""bid_orders"":2,""ask_orders"":1,""bid_price"":""803.15"",""ask_price"":""807.75""}]"
09:15:27.337,1790307927337047232,1025669890981059,Full Data,8,886776,409.05,20,09:15:27,455.58,34900,21640,103460,67800,"[{""bid_quantity"":40,""ask_quantity"":60,""bid_orders"":2,""ask_orders"":2,""bid_price"":""407.30"",""ask_price"":""409.05""},{""bid_quantity"":40,""ask_quantity"":60,""bid_orders"":2,""ask_orders"":2,""bid_price"":""407.05"",""ask_price"":""409.10""},{""bid_quantity"":60,""ask_quantity"":40,""bid_orders"":2,""ask_orders"":2,""bid_price"":""407.00"",""ask_price"":""409.30""},{""bid_quantity"":40,""ask_quantity"":40,""bid_orders"":2,""ask_orders"":2,""bid_price"":""406.95"",""ask_price"":""409.40""},{""bid_quantity"":160,""ask_quantity"":120,""bid_orders"":3,""ask_orders"":1,""bid_price"":""406.75"",""ask_price"":""409.45""}]"
09:15:27.366,1790307927366158219,1025669920092326,Full Data,8,886805,676.10,20,09:15:27,632.51,46980,16580,110520,42420,"[{""bid_quantity"":20,""ask_quantity"":20,""bid_orders"":1,""ask_orders"":1,""bid_price"":""674.00"",""ask_price"":""676.40""},{""bid_quantity"":20,""ask_quantity"":40,""bid_orders"":1,""ask_orders"":2,""bid_price"":""673.85"",""ask_price"":""676.45""},{""bid_quantity"":20,""ask_quantity"":20,""bid_orders"":1,""ask_orders"":1,""bid_price"":""673.80"",""ask_price"":""676.65""},{""bid_quantity"":20,""ask_quantity"":20,""bid_orders"":1,""ask_orders"":1,""bid_price"":""673.60"",""ask_price"":""676.85""},{""bid_quantity"":20,""ask_quantity"":20,""bid_orders"":1,""ask_orders"":1,""bid_price"":""673.40"",""ask_price"":""676.90""}]"
09:15:27.395,1790307927395295325,1025669949229352,Full Data,8,886924,297.00,40,09:15:27,337.51,43040,21900,27200,59380,"[{""bid_quantity"":40,""ask_quantity"":40,""bid_orders"":1,""ask_orders"":1,""bid_price"":""297.50"",""ask_price"":""298.75""},{""bid_quantity"":40,""ask_quantity"":20,""bid_orders"":1,""ask_orders"":1,""bid_price"":""297.45"",""ask_price"":""298.80""},{""bid_quantity"":20,""ask_quantity"":20,""bid_orders"":1,""ask_orders"":1,""bid_price"":""297.35"",""ask_price"":""298.95""},{""bid_quantity"":20,""ask_quantity"":20,""bid_orders"":1,""ask_orders"":1,""bid_price"":""297.30"",""ask_price"":""299.00""},{""bid_quantity"":20,""ask_quantity"":20,""bid_orders"":1,""ask_orders"":1,""bid_price"":""297.15"",""ask_price"":""299.10""}]"
09:15:27.408,1790307927409003013,1025669962937440,Full Data,8,886747,808.00,40,09:15:27,751.08,11140,16980,95260,5900,"[{""bid_quantity"":20,""ask_quantity"":20,""bid_orders"":1,""ask_orders"":1,""bid_price"":""803.10"",""ask_price"":""806.25""},{""bid_quantity"":20,""ask_quantity"":20,""bid_orders"":1,""ask_orders"":1,""bid_price"":""803.05"",""ask_price"":""806.80""},{""bid_quantity"":20,""ask_quantity"":20,""bid_orders"":1,""ask_orders"":1,""bid_price"":""802.95"",""ask_price"":""807.00""},{""bid_quantity"":20,""ask_quantity"":20,""bid_orders"":1,""ask_orders"":1,""bid_price"":""802.85"",""ask_price"":""807.15""},{""bid_quantity"":20,""ask_quantity"":20,""bid_orders"":1,""ask_orders"":1,""bid_price"":""802.75"",""ask_price"":""807.20""}]"
09:15:27.435,1790307927435888065,1025669989821892,Full Data,8,886924,301.90,40,09:15:27,336.65,44040,24620,27720,59380,"[{""bid_quantity"":80,""ask_quantity"":20,""bid_orders"":2,""ask_orders"":1,""bid_price"":""297.80"",""ask_price"":""299.20""},{""bid_quantity"":60,""ask_quantity"":40,""bid_orders"":2,""ask_orders"":2,""bid_price"":""297.55"",""ask_price"":""299.25""},{""bid_quantity"":60,""ask_quantity"":40,""bid_orders"":2,""ask_orders"":2,""bid_price"":""297.00"",""ask_price"":""299.30""},{""bid_quantity"":180,""ask_quantity"":40,""bid_orders"":2,""ask_orders"":2,""bid_price"":""296.90"",""ask_price"":""299.40""},{""bid_quantity"":40,""ask_quantity"":40,""bid_orders"":1,""ask_orders"":2,""bid_price"":""296.65"",""ask_price"":""299.50""}]"
09:15:27.437,1790307927437441635,1025669991375382,Full Data,8,886849,556.30,60,09:15:27,509.56,48360,20400,29980,167000,"[{""bid_quantity"":40,""ask_quantity"":40,""bid_orders"":2,""ask_orders"":1,""bid_price"":""553.80"",""ask_price"":""555.65""},{""bid_quantity"":40,""ask_quantity"":40,""bid_orders"":2,""ask_orders"":1,""bid_price"":""553.70"",""ask_price"":""555.75""},{""bid_quantity"":60,""ask_quantity"":100,""bid_orders"":2,""ask_orders"":3,""bid_price"":""553.55"",""ask_price"":""556.55""},{""bid_quantity"":100,""ask_quantity"":40,""bid_orders"":1,""ask_orders"":1,""bid_price"":""553.30"",""ask_price"":""556.85""},{""bid_quantity"":100,""ask_quantity"":80,""bid_orders"":1,""ask_orders"":3,""bid_price"":""553.00"",""ask_price"":""557.05""}]"
09:15:27.451,1790307927451134043,1025670005067990,Full Data,8,886692,948.35,20,09:15:26,877.61,2320,16280,96120,4500,"[{""bid_quantity"":20,""ask_quantity"":140,""bid_orders"":1,""ask_orders"":4,""bid_price"":""940.10"",""ask_price"":""946.60""},{""bid_quantity"":20,""ask_quantity"":20,""bid_orders"":1,""ask_orders"":1,""bid_price"":""939.95"",""ask_price"":""946.65""},{""bid_quantity"":20,""ask_quantity"":20,""bid_orders"":1,""ask_orders"":1,""bid_price"":""939.85"",""ask_price"":""946.75""},{""bid_quantity"":20,""ask_quantity"":20,""bid_orders"":1,""ask_orders"":1,""bid_price"":""939.75"",""ask_price"":""946.80""},{""bid_quantity"":20,""ask_quantity"":20,""bid_orders"":1,""ask_orders"":1,""bid_price"":""939.65"",""ask_price"":""946.85""}]"
09:15:27.489,1790307927489304407,1025670043238274,Full Data,8,886849,549.70,20,09:15:27,511.21,50360,17160,28960,167000,"[{""bid_quantity"":40,""ask_quantity"":40,""bid_orders"":2,""ask_orders"":1,""bid_price"":""553.70"",""ask_price"":""556.05""},{""bid_quantity"":80,""ask_quantity"":20,""bid_orders"":3,""ask_orders"":1,""bid_price"":""553.65"",""ask_price"":""556.10""},{""bid_quantity"":40,""ask_quantity"":40,""bid_orders"":2,""ask_orders"":1,""bid_price"":""553.60"",""ask_price"":""556.15""},{""bid_quantity"":40,""ask_quantity"":140,""bid_orders"":2,""ask_orders"":2,""bid_price"":""553.30"",""ask_price"":""556.20""},{""bid_quantity"":40,""ask_quantity"":100,""bid_orders"":2,""ask_orders"":1,""bid_price"":""553.20"",""ask_price"":""556.50""}]"
09:15:27.495,1790307927495013204,1025670048947391,Full Data,8,886692,948.35,20,09:15:26,877.61,2320,12720,92860,4500,"[{""bid_quantity"":220,""ask_quantity"":20,""bid_orders"":4,""ask_orders"":1,""bid_price"":""940.20"",""ask_price"":""945.85""},{""bid_quantity"":20,""ask_quantity"":20,""bid_orders"":1,""ask_orders"":1,""bid_price"":""940.15"",""ask_price"":""946.15""},{""bid_quantity"":60,""ask_quantity"":20,""bid_orders"":2,""ask_orders"":1,""bid_price"":""939.95"",""ask_price"":""946.40""},{""bid_quantity"":20,""ask_quantity"":20,""bid_orders"":1,""ask_orders"":1,""bid_price"":""938.20"",""ask_price"":""947.60""},{""bid_quantity"":100,""ask_quantity"":20,""bid_orders"":1,""ask_orders"":1,""bid_price"":""937.45"",""ask_price"":""947.65""}]"
09:15:27.532,1790307927532048641,1025670085982548,Ticker Data,0,51,73633.17,,09:15:27,,,,,,
09:15:27.535,1790307927535575703,1025670089509490,Full Data,8,886572,613.95,40,09:15:27,570.02,48760,17380,105360,92640,"[{""bid_quantity"":80,""ask_quantity"":40,""bid_orders"":3,""ask_orders"":1,""bid_price"":""611.30"",""ask_price"":""613.95""},{""bid_quantity"":40,""ask_quantity"":80,""bid_orders"":1,""ask_orders"":2,""bid_price"":""611.25"",""ask_price"":""614.00""},{""bid_quantity"":60,""ask_quantity"":40,""bid_orders"":1,""ask_orders"":1,""bid_price"":""611.00"",""ask_price"":""614.05""},{""bid_quantity"":60,""ask_quantity"":100,""bid_orders"":2,""ask_orders"":2,""bid_price"":""610.90"",""ask_price"":""614.10""},{""bid_quantity"":120,""ask_quantity"":20,""bid_orders"":1,""ask_orders"":1,""bid_price"":""610.70"",""ask_price"":""614.25""}]"
09:15:27.542,1790307927542147345,1025670096081332,Full Data,8,886572,616.00,20,09:15:27,570.34,49120,18620,107160,92640,"[{""bid_quantity"":40,""ask_quantity"":100,""bid_orders"":1,""ask_orders"":1,""bid_price"":""617.15"",""ask_price"":""619.30""},{""bid_quantity"":20,""ask_quantity"":40,""bid_orders"":1,""ask_orders"":1,""bid_price"":""617.10"",""ask_price"":""619.75""},{""bid_quantity"":100,""ask_quantity"":140,""bid_orders"":4,""ask_orders"":1,""bid_price"":""617.05"",""ask_price"":""622.50""},{""bid_quantity"":40,""ask_quantity"":40,""bid_orders"":1,""ask_orders"":1,""bid_price"":""616.35"",""ask_price"":""622.55""},{""bid_quantity"":500,""ask_quantity"":60,""bid_orders"":2,""ask_orders"":1,""bid_price"":""616.30"",""ask_price"":""622.60""}]"
09:15:27.757,1790307927757760406,1025670311694713,Full Data,8,886981,372.90,20,09:15:27,415.56,71500,23280,48500,63920,"[{""bid_quantity"":40,""ask_quantity"":40,""bid_orders"":2,""ask_orders"":2,""bid_price"":""371.10"",""ask_price"":""372.30""},{""bid_quantity"":40,""ask_quantity"":80,""bid_orders"":2,""ask_orders"":4,""bid_price"":""370.65"",""ask_price"":""372.35""},{""bid_quantity"":60,""ask_quantity"":40,""bid_orders"":2,""ask_orders"":2,""bid_price"":""370.40"",""ask_price"":""372.50""},{""bid_quantity"":60,""ask_quantity"":40,""bid_orders"":2,""ask_orders"":2,""bid_price"":""370.35"",""ask_price"":""372.65""},{""bid_quantity"":60,""ask_quantity"":20,""bid_orders"":1,""ask_orders"":1,""bid_price"":""370.05"",""ask_price"":""372.75""}]"
09:15:27.789,1790307927789525929,1025670343459876,Full Data,8,887124,270.15,20,09:15:27,300.84,34740,22820,24260,64860,"[{""bid_quantity"":40,""ask_quantity"":80,""bid_orders"":2,""ask_orders"":1,""bid_price"":""268.85"",""ask_price"":""269.95""},{""bid_quantity"":40,""ask_quantity"":60,""bid_orders"":2,""ask_orders"":3,""bid_price"":""268.80"",""ask_price"":""270.00""},{""bid_quantity"":40,""ask_quantity"":80,""bid_orders"":2,""ask_orders"":1,""bid_price"":""268.70"",""ask_price"":""270.05""},{""bid_quantity"":40,""ask_quantity"":40,""bid_orders"":2,""ask_orders"":2,""bid_price"":""268.65"",""ask_price"":""270.10""},{""bid_quantity"":40,""ask_quantity"":220,""bid_orders"":2,""ask_orders"":2,""bid_price"":""268.60"",""ask_price"":""270.15""}]"
09:15:27.846,1790307927846640055,1025670400574402,Full Data,8,887124,270.20,40,09:15:27,300.73,34860,20260,23740,64860,"[{""bid_quantity"":160,""ask_quantity"":160,""bid_orders"":1,""ask_orders"":1,""bid_price"":""269.95"",""ask_price"":""271.05""},{""bid_quantity"":80,""ask_quantity"":100,""bid_orders"":2,""ask_orders"":1,""bid_price"":""269.45"",""ask_price"":""271.50""},{""bid_quantity"":160,""ask_quantity"":80,""bid_orders"":1,""ask_orders"":1,""bid_price"":""269.40"",""ask_price"":""271.75""},{""bid_quantity"":40,""ask_quantity"":40,""bid_orders"":2,""ask_orders"":1,""bid_price"":""269.35"",""ask_price"":""272.20""},{""bid_quantity"":180,""ask_quantity"":120,""bid_orders"":2,""ask_orders"":1,""bid_price"":""269.30"",""ask_price"":""272.70""}]"
09:15:27.847,1790307927847996664,1025670401930491,Full Data,8,886718,335.50,20,09:15:27,377.67,154120,21480,32020,276660,"[{""bid_quantity"":40,""ask_quantity"":140,""bid_orders"":2,""ask_orders"":1,""bid_price"":""335.10"",""ask_price"":""335.75""},{""bid_quantity"":40,""ask_quantity"":20,""bid_orders"":2,""ask_orders"":1,""bid_price"":""334.95"",""ask_price"":""336.00""},{""bid_quantity"":40,""ask_quantity"":20,""bid_orders"":2,""ask_orders"":1,""bid_price"":""334.85"",""ask_price"":""336.20""},{""bid_quantity"":180,""ask_quantity"":40,""bid_orders"":2,""ask_orders"":1,""bid_price"":""334.75"",""ask_price"":""336.55""},{""bid_quantity"":80,""ask_quantity"":100,""bid_orders"":3,""ask_orders"":2,""bid_price"":""334.50"",""ask_price"":""337.30""}]"
09:15:28.095,1790307928095102286,1025670649036393,Full Data,8,887036,452.15,20,09:15:28,504.77,40480,21600,102720,155340,"[{""bid_quantity"":40,""ask_quantity"":40,""bid_orders"":2,""ask_orders"":2,""bid_price"":""450.85"",""ask_price"":""452.30""},{""bid_quantity"":40,""ask_quantity"":20,""bid_orders"":1,""ask_orders"":1,""bid_price"":""450.80"",""ask_price"":""452.40""},{""bid_quantity"":40,""ask_quantity"":100,""bid_orders"":2,""ask_orders"":1,""bid_price"":""450.75"",""ask_price"":""452.45""},{""bid_quantity"":40,""ask_quantity"":20,""bid_orders"":2,""ask_orders"":1,""bid_price"":""450.50"",""ask_price"":""452.50""},{""bid_quantity"":100,""ask_quantity"":40,""bid_orders"":1,""ask_orders"":2,""bid_price"":""450.15"",""ask_price"":""452.60""}]"
09:15:28.126,1790307928126305326,1025670680239233,Full Data,8,886872,240.00,40,09:15:28,272.92,45320,21940,33580,47980,"[{""bid_quantity"":60,""ask_quantity"":40,""bid_orders"":2,""ask_orders"":1,""bid_price"":""238.35"",""ask_price"":""239.50""},{""bid_quantity"":180,""ask_quantity"":40,""bid_orders"":2,""ask_orders"":1,""bid_price"":""238.25"",""ask_price"":""239.55""},{""bid_quantity"":40,""ask_quantity"":120,""bid_orders"":2,""ask_orders"":3,""bid_price"":""238.15"",""ask_price"":""239.85""},{""bid_quantity"":160,""ask_quantity"":20,""bid_orders"":1,""ask_orders"":1,""bid_price"":""238.10"",""ask_price"":""239.90""},{""bid_quantity"":180,""ask_quantity"":20,""bid_orders"":2,""ask_orders"":1,""bid_price"":""238.05"",""ask_price"":""240.00""}]"
09:15:28.158,1790307928158174530,1025670712108437,Full Data,8,886872,240.00,40,09:15:28,272.92,45320,21800,32580,47980,"[{""bid_quantity"":40,""ask_quantity"":40,""bid_orders"":1,""ask_orders"":2,""bid_price"":""238.25"",""ask_price"":""239.50""},{""bid_quantity"":20,""ask_quantity"":40,""bid_orders"":1,""ask_orders"":1,""bid_price"":""238.20"",""ask_price"":""239.55""},{""bid_quantity"":20,""ask_quantity"":80,""bid_orders"":1,""ask_orders"":1,""bid_price"":""238.10"",""ask_price"":""239.70""},{""bid_quantity"":80,""ask_quantity"":40,""bid_orders"":2,""ask_orders"":1,""bid_price"":""238.05"",""ask_price"":""239.75""},{""bid_quantity"":40,""ask_quantity"":220,""bid_orders"":2,""ask_orders"":3,""bid_price"":""238.00"",""ask_price"":""239.85""}]"
09:15:28.203,1790307928203927623,1025670757861410,Full Data,8,887017,739.10,20,09:15:28,679.48,88940,19400,170300,74320,"[{""bid_quantity"":40,""ask_quantity"":40,""bid_orders"":2,""ask_orders"":2,""bid_price"":""735.80"",""ask_price"":""738.10""},{""bid_quantity"":40,""ask_quantity"":40,""bid_orders"":2,""ask_orders"":2,""bid_price"":""735.65"",""ask_price"":""738.20""},{""bid_quantity"":120,""ask_quantity"":40,""bid_orders"":2,""ask_orders"":1,""bid_price"":""735.25"",""ask_price"":""738.30""},{""bid_quantity"":20,""ask_quantity"":40,""bid_orders"":1,""ask_orders"":2,""bid_price"":""734.70"",""ask_price"":""738.35""},{""bid_quantity"":40,""ask_quantity"":40,""bid_orders"":2,""ask_orders"":2,""bid_price"":""734.65"",""ask_price"":""738.50""}]"
09:15:28.245,1790307928245675330,1025670799609397,Full Data,8,886951,871.00,40,09:15:28,813.81,4800,16340,99800,6000,"[{""bid_quantity"":40,""ask_quantity"":40,""bid_orders"":2,""ask_orders"":2,""bid_price"":""868.65"",""ask_price"":""873.70""},{""bid_quantity"":20,""ask_quantity"":20,""bid_orders"":1,""ask_orders"":1,""bid_price"":""868.60"",""ask_price"":""884.70""},{""bid_quantity"":20,""ask_quantity"":40,""bid_orders"":1,""ask_orders"":1,""bid_price"":""868.50"",""ask_price"":""884.75""},{""bid_quantity"":20,""ask_quantity"":20,""bid_orders"":1,""ask_orders"":1,""bid_price"":""868.35"",""ask_price"":""884.80""},{""bid_quantity"":20,""ask_quantity"":40,""bid_orders"":1,""ask_orders"":1,""bid_price"":""868.10"",""ask_price"":""884.85""}]"
09:15:28.306,1790307928306459279,1025670860393346,Full Data,8,886776,408.70,20,09:15:28,455.13,35260,22380,104100,67800,"[{""bid_quantity"":40,""ask_quantity"":40,""bid_orders"":2,""ask_orders"":2,""bid_price"":""408.60"",""ask_price"":""409.50""},{""bid_quantity"":40,""ask_quantity"":40,""bid_orders"":2,""ask_orders"":2,""bid_price"":""408.55"",""ask_price"":""410.20""},{""bid_quantity"":180,""ask_quantity"":40,""bid_orders"":2,""ask_orders"":2,""bid_price"":""408.00"",""ask_price"":""410.40""},{""bid_quantity"":40,""ask_quantity"":100,""bid_orders"":2,""ask_orders"":3,""bid_price"":""407.80"",""ask_price"":""410.95""},{""bid_quantity"":60,""ask_quantity"":120,""bid_orders"":2,""ask_orders"":2,""bid_price"":""407.50"",""ask_price"":""411.00""}]"
09:15:28.344,1790307928344694724,1025670898628751,Full Data,8,886805,675.10,20,09:15:28,633.88,48520,16820,109760,42420,"[{""bid_quantity"":40,""ask_quantity"":20,""bid_orders"":2,""ask_orders"":1,""bid_price"":""671.60"",""ask_price"":""673.95""},{""bid_quantity"":160,""ask_quantity"":40,""bid_orders"":1,""ask_orders"":2,""bid_price"":""671.20"",""ask_price"":""674.00""},{""bid_quantity"":160,""ask_quantity"":40,""bid_orders"":3,""ask_orders"":2,""bid_price"":""670.95"",""ask_price"":""674.05""},{""bid_quantity"":60,""ask_quantity"":20,""bid_orders"":2,""ask_orders"":1,""bid_price"":""670.80"",""ask_price"":""674.15""},{""bid_quantity"":100,""ask_quantity"":40,""bid_orders"":1,""ask_orders"":2,""bid_price"":""670.55"",""ask_price"":""674.35""}]"
09:15:28.385,1790307928385030502,1025670938964489,Full Data,8,886747,808.40,40,09:15:28,756.05,12280,15180,95020,5900,"[{""bid_quantity"":40,""ask_quantity"":60,""bid_orders"":2,""ask_orders"":3,""bid_price"":""800.30"",""ask_price"":""805.10""},{""bid_quantity"":20,""ask_quantity"":40,""bid_orders"":1,""ask_orders"":2,""bid_price"":""800.25"",""ask_price"":""805.50""},{""bid_quantity"":20,""ask_quantity"":40,""bid_orders"":1,""ask_orders"":2,""bid_price"":""800.15"",""ask_price"":""805.65""},{""bid_quantity"":40,""ask_quantity"":40,""bid_orders"":2,""ask_orders"":2,""bid_price"":""800.05"",""ask_price"":""805.85""},{""bid_quantity"":20,""ask_quantity"":20,""bid_orders"":1,""ask_orders"":1,""bid_price"":""799.95"",""ask_price"":""806.05""}]"
09:15:28.421,1790307928421106173,1025670975040400,Full Data,8,887017,736.05,20,09:15:28,679.50,88960,17740,168380,74320,"[{""bid_quantity"":20,""ask_quantity"":140,""bid_orders"":1,""ask_orders"":5,""bid_price"":""735.15"",""ask_price"":""738.00""},{""bid_quantity"":20,""ask_quantity"":60,""bid_orders"":1,""ask_orders"":3,""bid_price"":""735.10"",""ask_price"":""738.05""},{""bid_quantity"":20,""ask_quantity"":40,""bid_orders"":1,""ask_orders"":1,""bid_price"":""735.05"",""ask_price"":""738.10""},{""bid_quantity"":20,""ask_quantity"":120,""bid_orders"":1,""ask_orders"":1,""bid_price"":""734.95"",""ask_price"":""738.15""},{""bid_quantity"":40,""ask_quantity"":40,""bid_orders"":2,""ask_orders"":2,""bid_price"":""734.50"",""ask_price"":""738.20""}]"
09:15:28.429,1790307928429468827,1025670983402694,Full Data,8,886924,298.70,20,09:15:28,335.86,45020,20940,25300,59380,"[{""bid_quantity"":20,""ask_quantity"":60,""bid_orders"":1,""ask_orders"":2,""bid_price"":""297.55"",""ask_price"":""298.95""},{""bid_quantity"":40,""ask_quantity"":20,""bid_orders"":1,""ask_orders"":1,""bid_price"":""297.50"",""ask_price"":""299.00""},{""bid_quantity"":40,""ask_quantity"":40,""bid_orders"":2,""ask_orders"":1,""bid_price"":""297.40"",""ask_price"":""299.05""},{""bid_quantity"":60,""ask_quantity"":20,""bid_orders"":3,""ask_orders"":1,""bid_price"":""297.25"",""ask_price"":""299.10""},{""bid_quantity"":540,""ask_quantity"":60,""bid_orders"":1,""ask_orders"":2,""bid_price"":""296.75"",""ask_price"":""299.15""}]"
09:15:28.477,1790307928477125012,1025671031059119,Full Data,8,886951,864.75,20,09:15:28,816.30,5040,15120,99180,6000,"[{""bid_quantity"":180,""ask_quantity"":20,""bid_orders"":2,""ask_orders"":1,""bid_price"":""868.25"",""ask_price"":""873.60""},{""bid_quantity"":160,""ask_quantity"":40,""bid_orders"":1,""ask_orders"":2,""bid_price"":""868.20"",""ask_price"":""873.70""},{""bid_quantity"":20,""ask_quantity"":20,""bid_orders"":1,""ask_orders"":1,""bid_price"":""868.00"",""ask_price"":""875.80""},{""bid_quantity"":160,""ask_quantity"":40,""bid_orders"":1,""ask_orders"":1,""bid_price"":""867.95"",""ask_price"":""875.85""},{""bid_quantity"":160,""ask_quantity"":20,""bid_orders"":1,""ask_orders"":1,""bid_price"":""867.50"",""ask_price"":""876.00""}]"
09:15:28.477,1790307928477991658,1025671031925485,Full Data,8,886924,298.70,20,09:15:28,335.86,45020,20920,24320,59380,"[{""bid_quantity"":40,""ask_quantity"":80,""bid_orders"":2,""ask_orders"":2,""bid_price"":""297.40"",""ask_price"":""298.70""},{""bid_quantity"":40,""ask_quantity"":80,""bid_orders"":1,""ask_orders"":3,""bid_price"":""297.00"",""ask_price"":""298.75""},{""bid_quantity"":40,""ask_quantity"":20,""bid_orders"":2,""ask_orders"":1,""bid_price"":""296.95"",""ask_price"":""298.85""},{""bid_quantity"":80,""ask_quantity"":40,""bid_orders"":3,""ask_orders"":2,""bid_price"":""296.05"",""ask_price"":""298.90""},{""bid_quantity"":100,""ask_quantity"":40,""bid_orders"":1,""ask_orders"":2,""bid_price"":""296.00"",""ask_price"":""298.95""}]"
09:15:28.478,1790307928478317300,1025671032251047,Full Data,8,886805,674.55,40,09:15:28,633.96,48620,16940,110260,42420,"[{""bid_quantity"":40,""ask_quantity"":40,""bid_orders"":1,""ask_orders"":2,""bid_price"":""672.25"",""ask_price"":""674.60""},{""bid_quantity"":20,""ask_quantity"":20,""bid_orders"":1,""ask_orders"":1,""bid_price"":""672.20"",""ask_price"":""674.70""},{""bid_quantity"":100,""ask_quantity"":40,""bid_orders"":1,""ask_orders"":2,""bid_price"":""671.75"",""ask_price"":""674.80""},{""bid_quantity"":340,""ask_quantity"":40,""bid_orders"":2,""ask_orders"":2,""bid_price"":""671.60"",""ask_price"":""674.90""},{""bid_quantity"":40,""ask_quantity"":20,""bid_orders"":2,""ask_orders"":1,""bid_price"":""671.25"",""ask_price"":""674.95""}]"
09:15:28.493,1790307928493505917,1025671047439704,Full Data,8,886747,808.40,40,09:15:28,756.05,12280,15380,95020,5900,"[{""bid_quantity"":40,""ask_quantity"":40,""bid_orders"":1,""ask_orders"":2,""bid_price"":""801.60"",""ask_price"":""804.15""},{""bid_quantity"":20,""ask_quantity"":40,""bid_orders"":1,""ask_orders"":2,""bid_price"":""801.55"",""ask_price"":""804.35""},{""bid_quantity"":40,""ask_quantity"":40,""bid_orders"":2,""ask_orders"":2,""bid_price"":""801.35"",""ask_price"":""804.50""},{""bid_quantity"":40,""ask_quantity"":40,""bid_orders"":2,""ask_orders"":2,""bid_price"":""801.15"",""ask_price"":""804.55""},{""bid_quantity"":20,""ask_quantity"":20,""bid_orders"":1,""ask_orders"":1,""bid_price"":""801.00"",""ask_price"":""804.75""}]"
09:15:28.515,1790307928515560098,1025671069493925,Full Data,8,886849,555.60,20,09:15:28,511.88,51120,21180,31320,167000,"[{""bid_quantity"":40,""ask_quantity"":60,""bid_orders"":2,""ask_orders"":2,""bid_price"":""554.85"",""ask_price"":""556.25""},{""bid_quantity"":40,""ask_quantity"":40,""bid_orders"":2,""ask_orders"":2,""bid_price"":""554.70"",""ask_price"":""556.30""},{""bid_quantity"":40,""ask_quantity"":40,""bid_orders"":2,""ask_orders"":2,""bid_price"":""554.55"",""ask_price"":""556.45""},{""bid_quantity"":40,""ask_quantity"":40,""bid_orders"":1,""ask_orders"":1,""bid_price"":""554.50"",""ask_price"":""556.55""},{""bid_quantity"":40,""ask_quantity"":40,""bid_orders"":1,""ask_orders"":2,""bid_price"":""554.45"",""ask_price"":""556.60""}]"
09:15:28.520,1790307928520668051,1025671074601878,Ticker Data,0,51,73648.24,,09:15:28,,,,,,
09:15:28.566,1790307928566563145,1025671120497092,Full Data,8,886849,554.40,40,09:15:28,511.91,51160,18820,28300,167000,"[{""bid_quantity"":40,""ask_quantity"":40,""bid_orders"":2,""ask_orders"":2,""bid_price"":""554.10"",""ask_price"":""555.85""},{""bid_quantity"":20,""ask_quantity"":40,""bid_orders"":1,""ask_orders"":2,""bid_price"":""554.00"",""ask_price"":""556.30""},{""bid_quantity"":20,""ask_quantity"":60,""bid_orders"":1,""ask_orders"":2,""bid_price"":""553.90"",""ask_price"":""556.40""},{""bid_quantity"":160,""ask_quantity"":20,""bid_orders"":1,""ask_orders"":1,""bid_price"":""553.70"",""ask_price"":""556.45""},{""bid_quantity"":40,""ask_quantity"":20,""bid_orders"":1,""ask_orders"":1,""bid_price"":""553.40"",""ask_price"":""556.60""}]"
09:15:28.568,1790307928568748359,1025671122682186,Full Data,8,886572,613.80,40,09:15:28,570.96,49800,18900,106300,92640,"[{""bid_quantity"":40,""ask_quantity"":40,""bid_orders"":1,""ask_orders"":2,""bid_price"":""611.35"",""ask_price"":""613.60""},{""bid_quantity"":20,""ask_quantity"":140,""bid_orders"":1,""ask_orders"":1,""bid_price"":""611.30"",""ask_price"":""613.65""},{""bid_quantity"":180,""ask_quantity"":20,""bid_orders"":3,""ask_orders"":1,""bid_price"":""611.25"",""ask_price"":""613.70""},{""bid_quantity"":20,""ask_quantity"":40,""bid_orders"":1,""ask_orders"":1,""bid_price"":""611.20"",""ask_price"":""613.90""},{""bid_quantity"":40,""ask_quantity"":60,""bid_orders"":1,""ask_orders"":1,""bid_price"":""611.10"",""ask_price"":""614.20""}]"
09:15:28.607,1790307928607942770,1025671161876837,Full Data,8,886692,940.45,20,09:15:28,878.15,2340,14660,94460,4500,"[{""bid_quantity"":40,""ask_quantity"":40,""bid_orders"":2,""ask_orders"":1,""bid_price"":""940.55"",""ask_price"":""944.35""},{""bid_quantity"":40,""ask_quantity"":20,""bid_orders"":1,""ask_orders"":1,""bid_price"":""940.50"",""ask_price"":""944.40""},{""bid_quantity"":20,""ask_quantity"":20,""bid_orders"":1,""ask_orders"":1,""bid_price"":""940.45"",""ask_price"":""944.65""},{""bid_quantity"":20,""ask_quantity"":20,""bid_orders"":1,""ask_orders"":1,""bid_price"":""940.30"",""ask_price"":""944.85""},{""bid_quantity"":20,""ask_quantity"":20,""bid_orders"":1,""ask_orders"":1,""bid_price"":""940.20"",""ask_price"":""944.90""}]"
09:15:28.610,1790307928610466746,1025671164400573,Full Data,8,886572,613.80,20,09:15:28,570.97,49820,19320,107800,92640,"[{""bid_quantity"":40,""ask_quantity"":60,""bid_orders"":2,""ask_orders"":3,""bid_price"":""609.60"",""ask_price"":""611.95""},{""bid_quantity"":140,""ask_quantity"":60,""bid_orders"":2,""ask_orders"":3,""bid_price"":""609.55"",""ask_price"":""612.00""},{""bid_quantity"":40,""ask_quantity"":40,""bid_orders"":1,""ask_orders"":2,""bid_price"":""609.50"",""ask_price"":""612.05""},{""bid_quantity"":40,""ask_quantity"":40,""bid_orders"":2,""ask_orders"":2,""bid_price"":""609.45"",""ask_price"":""612.15""},{""bid_quantity"":40,""ask_quantity"":20,""bid_orders"":1,""ask_orders"":1,""bid_price"":""609.35"",""ask_price"":""612.25""}]"
09:15:28.755,1790307928755432194,1025671309366381,Full Data,8,886981,370.30,20,09:15:28,414.71,72900,23380,47380,63920,"[{""bid_quantity"":20,""ask_quantity"":20,""bid_orders"":1,""ask_orders"":1,""bid_price"":""368.65"",""ask_price"":""370.00""},{""bid_quantity"":120,""ask_quantity"":20,""bid_orders"":2,""ask_orders"":1,""bid_price"":""368.40"",""ask_price"":""370.05""},{""bid_quantity"":100,""ask_quantity"":80,""bid_orders"":1,""ask_orders"":4,""bid_price"":""367.80"",""ask_price"":""370.10""},{""bid_quantity"":100,""ask_quantity"":40,""bid_orders"":1,""ask_orders"":2,""bid_price"":""367.20"",""ask_price"":""370.15""},{""bid_quantity"":40,""ask_quantity"":20,""bid_orders"":1,""ask_orders"":1,""bid_price"":""366.95"",""ask_price"":""370.20""}]"
09:15:28.884,1790307928884841423,1025671438775690,Full Data,8,887124,266.60,80,09:15:28,300.26,35360,24240,28140,64860,"[{""bid_quantity"":80,""ask_quantity"":80,""bid_orders"":3,""ask_orders"":1,""bid_price"":""266.45"",""ask_price"":""267.30""},{""bid_quantity"":20,""ask_quantity"":80,""bid_orders"":1,""ask_orders"":2,""bid_price"":""266.40"",""ask_price"":""267.35""},{""bid_quantity"":60,""ask_quantity"":80,""bid_orders"":2,""ask_orders"":1,""bid_price"":""266.35"",""ask_price"":""267.40""},{""bid_quantity"":40,""ask_quantity"":60,""bid_orders"":2,""ask_orders"":2,""bid_price"":""266.30"",""ask_price"":""267.55""},{""bid_quantity"":40,""ask_quantity"":20,""bid_orders"":1,""ask_orders"":1,""bid_price"":""266.25"",""ask_price"":""267.65""}]"
09:15:28.886,1790307928886735915,1025671440669702,Full Data,8,886718,333.05,20,09:15:28,375.09,163520,28280,35860,276660,"[{""bid_quantity"":60,""ask_quantity"":380,""bid_orders"":2,""ask_orders"":4,""bid_price"":""332.05"",""ask_price"":""333.55""},{""bid_quantity"":60,""ask_quantity"":20,""bid_orders"":2,""ask_orders"":1,""bid_price"":""331.95"",""ask_price"":""333.60""},{""bid_quantity"":20,""ask_quantity"":40,""bid_orders"":1,""ask_orders"":2,""bid_price"":""331.90"",""ask_price"":""333.70""},{""bid_quantity"":40,""ask_quantity"":60,""bid_orders"":1,""ask_orders"":3,""bid_price"":""331.85"",""ask_price"":""333.80""},{""bid_quantity"":40,""ask_quantity"":180,""bid_orders"":1,""ask_orders"":3,""bid_price"":""331.75"",""ask_price"":""333.85""}]"
09:15:28.899,1790307928899798998,1025671453732825,Full Data,8,887124,266.60,80,09:15:28,300.26,35360,24480,27480,64860,"[{""bid_quantity"":160,""ask_quantity"":140,""bid_orders"":3,""ask_orders"":3,""bid_price"":""266.90"",""ask_price"":""268.20""},{""bid_quantity"":220,""ask_quantity"":40,""bid_orders"":2,""ask_orders"":2,""bid_price"":""266.85"",""ask_price"":""268.25""},{""bid_quantity"":160,""ask_quantity"":100,""bid_orders"":1,""ask_orders"":2,""bid_price"":""266.80"",""ask_price"":""268.45""},{""bid_quantity"":180,""ask_quantity"":140,""bid_orders"":2,""ask_orders"":2,""bid_price"":""266.75"",""ask_price"":""268.50""},{""bid_quantity"":60,""ask_quantity"":40,""bid_orders"":2,""ask_orders"":1,""bid_price"":""266.65"",""ask_price"":""268.85""}]"
09:15:29.152,1790307929152804778,1025671706738805,Full Data,8,887036,447.35,20,09:15:29,503.03,41900,20960,101980,155340,"[{""bid_quantity"":40,""ask_quantity"":20,""bid_orders"":2,""ask_orders"":1,""bid_price"":""446.75"",""ask_price"":""448.30""},{""bid_quantity"":140,""ask_quantity"":40,""bid_orders"":2,""ask_orders"":2,""bid_price"":""446.65"",""ask_price"":""448.35""},{""bid_quantity"":100,""ask_quantity"":20,""bid_orders"":1,""ask_orders"":1,""bid_price"":""446.60"",""ask_price"":""448.50""},{""bid_quantity"":100,""ask_quantity"":40,""bid_orders"":1,""ask_orders"":2,""bid_price"":""446.55"",""ask_price"":""448.60""},{""bid_quantity"":20,""ask_quantity"":20,""bid_orders"":1,""ask_orders"":1,""bid_price"":""445.30"",""ask_price"":""448.70""}]"
09:15:29.179,1790307929179328308,1025671733262175,Full Data,8,886872,238.55,40,09:15:29,272.20,46300,20820,30540,47980,"[{""bid_quantity"":340,""ask_quantity"":40,""bid_orders"":3,""ask_orders"":2,""bid_price"":""236.25"",""ask_price"":""237.35""},{""bid_quantity"":40,""ask_quantity"":80,""bid_orders"":2,""ask_orders"":3,""bid_price"":""236.15"",""ask_price"":""237.40""},{""bid_quantity"":20,""ask_quantity"":40,""bid_orders"":1,""ask_orders"":2,""bid_price"":""236.10"",""ask_price"":""237.45""},{""bid_quantity"":20,""ask_quantity"":140,""bid_orders"":1,""ask_orders"":3,""bid_price"":""236.05"",""ask_price"":""237.50""},{""bid_quantity"":40,""ask_quantity"":40,""bid_orders"":1,""ask_orders"":2,""bid_price"":""235.95"",""ask_price"":""237.55""}]"
09:15:29.204,1790307929204663990,1025671758598257,Full Data,8,887036,446.75,20,09:15:29,503.00,41920,20960,101460,155340,"[{""bid_quantity"":60,""ask_quantity"":40,""bid_orders"":2,""ask_orders"":2,""bid_price"":""445.60"",""ask_price"":""446.90""},{""bid_quantity"":140,""ask_quantity"":40,""bid_orders"":1,""ask_orders"":2,""bid_price"":""445.50"",""ask_price"":""446.95""},{""bid_quantity"":100,""ask_quantity"":20,""bid_orders"":1,""ask_orders"":1,""bid_price"":""445.45"",""ask_price"":""447.00""},{""bid_quantity"":100,""ask_quantity"":20,""bid_orders"":1,""ask_orders"":1,""bid_price"":""444.60"",""ask_price"":""447.40""},{""bid_quantity"":40,""ask_quantity"":80,""bid_orders"":1,""ask_orders"":3,""bid_price"":""444.25"",""ask_price"":""447.60""}]"
09:15:29.225,1790307929225738965,1025671779672752,Full Data,8,886872,236.05,20,09:15:29,272.15,46360,21360,30260,47980,"[{""bid_quantity"":40,""ask_quantity"":60,""bid_orders"":1,""ask_orders"":2,""bid_price"":""235.00"",""ask_price"":""236.10""},{""bid_quantity"":140,""ask_quantity"":160,""bid_orders"":2,""ask_orders"":4,""bid_price"":""234.90"",""ask_price"":""236.20""},{""bid_quantity"":40,""ask_quantity"":40,""bid_orders"":1,""ask_orders"":2,""bid_price"":""234.80"",""ask_price"":""236.25""},{""bid_quantity"":100,""ask_quantity"":220,""bid_orders"":1,""ask_orders"":2,""bid_price"":""234.40"",""ask_price"":""236.75""},{""bid_quantity"":100,""ask_quantity"":100,""bid_orders"":2,""ask_orders"":1,""bid_price"":""233.50"",""ask_price"":""236.80""}]"
09:15:29.251,1790307929251587931,1025671805521798,Full Data,8,886776,404.45,120,09:15:29,454.24,35900,20960,103520,67800,"[{""bid_quantity"":20,""ask_quantity"":80,""bid_orders"":1,""ask_orders"":1,""bid_price"":""402.75"",""ask_price"":""404.50""},{""bid_quantity"":20,""ask_quantity"":40,""bid_orders"":1,""ask_orders"":2,""bid_price"":""402.70"",""ask_price"":""404.55""},{""bid_quantity"":40,""ask_quantity"":40,""bid_orders"":2,""ask_orders"":2,""bid_price"":""402.55"",""ask_price"":""404.75""},{""bid_quantity"":60,""ask_quantity"":20,""bid_orders"":3,""ask_orders"":1,""bid_price"":""402.50"",""ask_price"":""404.85""},{""bid_quantity"":40,""ask_quantity"":20,""bid_orders"":2,""ask_orders"":1,""bid_price"":""402.35"",""ask_price"":""404.95""}]"
09:15:29.291,1790307929291788388,1025671845722535,Full Data,8,887017,745.05,40,09:15:29,679.92,89620,20500,170700,74320,"[{""bid_quantity"":20,""ask_quantity"":80,""bid_orders"":1,""ask_orders"":3,""bid_price"":""745.00"",""ask_price"":""747.40""},{""bid_quantity"":40,""ask_quantity"":60,""bid_orders"":2,""ask_orders"":2,""bid_price"":""744.90"",""ask_price"":""747.45""},{""bid_quantity"":40,""ask_quantity"":40,""bid_orders"":2,""ask_orders"":2,""bid_price"":""744.85"",""ask_price"":""747.50""},{""bid_quantity"":40,""ask_quantity"":40,""bid_orders"":2,""ask_orders"":2,""bid_price"":""744.80"",""ask_price"":""747.60""},{""bid_quantity"":40,""ask_quantity"":40,""bid_orders"":2,""ask_orders"":1,""bid_price"":""744.60"",""ask_price"":""747.70""}]"
09:15:29.386,1790307929386931557,1025671940865584,Full Data,8,886951,873.70,40,09:15:28,817.54,5160,16980,99460,6000,"[{""bid_quantity"":40,""ask_quantity"":80,""bid_orders"":2,""ask_orders"":3,""bid_price"":""877.80"",""ask_price"":""886.25""},{""bid_quantity"":20,""ask_quantity"":20,""bid_orders"":1,""ask_orders"":1,""bid_price"":""877.75"",""ask_price"":""886.30""},{""bid_quantity"":20,""ask_quantity"":40,""bid_orders"":1,""ask_orders"":2,""bid_price"":""877.65"",""ask_price"":""886.35""},{""bid_quantity"":40,""ask_quantity"":20,""bid_orders"":2,""ask_orders"":1,""bid_price"":""877.55"",""ask_price"":""886.40""},{""bid_quantity"":20,""ask_quantity"":40,""bid_orders"":1,""ask_orders"":2,""bid_price"":""877.50"",""ask_price"":""886.45""}]"
09:15:29.419,1790307929419843768,1025671973777515,Full Data,8,886924,294.90,20,09:15:29,335.58,45360,23680,25660,59380,"[{""bid_quantity"":60,""ask_quantity"":60,""bid_orders"":2,""ask_orders"":3,""bid_price"":""293.70"",""ask_price"":""295.05""},{""bid_quantity"":40,""ask_quantity"":20,""bid_orders"":2,""ask_orders"":1,""bid_price"":""293.65"",""ask_price"":""295.10""},{""bid_quantity"":60,""ask_quantity"":40,""bid_orders"":2,""ask_orders"":2,""bid_price"":""293.60"",""ask_price"":""295.15""},{""bid_quantity"":40,""ask_quantity"":40,""bid_orders"":2,""ask_orders"":1,""bid_price"":""293.55"",""ask_price"":""295.25""},{""bid_quantity"":180,""ask_quantity"":40,""bid_orders"":2,""ask_orders"":2,""bid_price"":""293.50"",""ask_price"":""295.30""}]"
09:15:29.423,1790307929423160869,1025671977094656,Full Data,8,886805,681.65,20,09:15:29,635.23,50140,19700,112720,42420,"[{""bid_quantity"":20,""ask_quantity"":40,""bid_orders"":1,""ask_orders"":2,""bid_price"":""681.75"",""ask_price"":""683.75""},{""bid_quantity"":20,""ask_quantity"":60,""bid_orders"":1,""ask_orders"":3,""bid_price"":""681.70"",""ask_price"":""683.80""},{""bid_quantity"":20,""ask_quantity"":100,""bid_orders"":1,""ask_orders"":2,""bid_price"":""681.65"",""ask_price"":""683.90""},{""bid_quantity"":220,""ask_quantity"":40,""bid_orders"":2,""ask_orders"":2,""bid_price"":""681.55"",""ask_price"":""683.95""},{""bid_quantity"":40,""ask_quantity"":40,""bid_orders"":2,""ask_orders"":2,""bid_price"":""681.25"",""ask_price"":""684.10""}]"
09:15:29.479,1790307929479155988,1025672033089815,Full Data,8,886747,810.30,20,09:15:29,757.29,12620,16640,95200,5900,"[{""bid_quantity"":60,""ask_quantity"":40,""bid_orders"":3,""ask_orders"":2,""bid_price"":""809.90"",""ask_price"":""813.10""},{""bid_quantity"":60,""ask_quantity"":80,""bid_orders"":3,""ask_orders"":4,""bid_price"":""809.80"",""ask_price"":""813.15""},{""bid_quantity"":40,""ask_quantity"":40,""bid_orders"":2,""ask_orders"":2,""bid_price"":""809.75"",""ask_price"":""813.35""},{""bid_quantity"":40,""ask_quantity"":40,""bid_orders"":2,""ask_orders"":2,""bid_price"":""809.70"",""ask_price"":""813.55""},{""bid_quantity"":40,""ask_quantity"":40,""bid_orders"":2,""ask_orders"":2,""bid_price"":""809.60"",""ask_price"":""813.75""}]"
09:15:29.483,1790307929483088613,1025672037022480,Full Data,8,886924,294.90,20,09:15:29,335.58,45360,23660,25480,59380,"[{""bid_quantity"":40,""ask_quantity"":40,""bid_orders"":2,""ask_orders"":1,""bid_price"":""293.65"",""ask_price"":""295.00""},{""bid_quantity"":40,""ask_quantity"":60,""bid_orders"":2,""ask_orders"":3,""bid_price"":""293.55"",""ask_price"":""295.05""},{""bid_quantity"":220,""ask_quantity"":40,""bid_orders"":3,""ask_orders"":2,""bid_price"":""293.50"",""ask_price"":""295.15""},{""bid_quantity"":40,""ask_quantity"":40,""bid_orders"":2,""ask_orders"":2,""bid_price"":""293.45"",""ask_price"":""295.30""},{""bid_quantity"":20,""ask_quantity"":20,""bid_orders"":1,""ask_orders"":1,""bid_price"":""293.35"",""ask_price"":""295.35""}]"
09:15:29.514,1790307929514222372,1025672068156199,Full Data,8,887017,747.60,20,09:15:29,680.07,89820,20500,170580,74320,"[{""bid_quantity"":60,""ask_quantity"":200,""bid_orders"":3,""ask_orders"":7,""bid_price"":""744.45"",""ask_price"":""746.85""},{""bid_quantity"":20,""ask_quantity"":20,""bid_orders"":1,""ask_orders"":1,""bid_price"":""744.05"",""ask_price"":""746.95""},{""bid_quantity"":100,""ask_quantity"":40,""bid_orders"":1,""ask_orders"":1,""bid_price"":""743.75"",""ask_price"":""747.05""},{""bid_quantity"":200,""ask_quantity"":60,""bid_orders"":2,""ask_orders"":2,""bid_price"":""742.90"",""ask_price"":""747.15""},{""bid_quantity"":80,""ask_quantity"":120,""bid_orders"":2,""ask_orders"":2,""bid_price"":""742.85"",""ask_price"":""747.20""}]"
09:15:29.523,1790307929523143429,1025672077077176,Ticker Data,0,51,73644.41,,09:15:29,,,,,,
09:15:29.531,1790307929531733084,1025672085666871,Full Data,8,886747,810.30,20,09:15:29,757.29,12620,15980,96780,5900,"[{""bid_quantity"":40,""ask_quantity"":20,""bid_orders"":2,""ask_orders"":1,""bid_price"":""809.50"",""ask_price"":""812.15""},{""bid_quantity"":20,""ask_quantity"":20,""bid_orders"":1,""ask_orders"":1,""bid_price"":""809.40"",""ask_price"":""812.35""},{""bid_quantity"":20,""ask_quantity"":20,""bid_orders"":1,""ask_orders"":1,""bid_price"":""808.65"",""ask_price"":""812.55""},{""bid_quantity"":100,""ask_quantity"":20,""bid_orders"":1,""ask_orders"":1,""bid_price"":""807.50"",""ask_price"":""812.75""},{""bid_quantity"":40,""ask_quantity"":20,""bid_orders"":1,""ask_orders"":1,""bid_price"":""805.30"",""ask_price"":""812.95""}]"
09:15:29.560,1790307929560900431,1025672114834338,Full Data,8,886951,873.70,40,09:15:28,817.54,5160,17040,99340,6000,"[{""bid_quantity"":20,""ask_quantity"":80,""bid_orders"":1,""ask_orders"":3,""bid_price"":""877.80"",""ask_price"":""884.80""},{""bid_quantity"":20,""ask_quantity"":20,""bid_orders"":1,""ask_orders"":1,""bid_price"":""877.65"",""ask_price"":""884.85""},{""bid_quantity"":20,""ask_quantity"":20,""bid_orders"":1,""ask_orders"":1,""bid_price"":""877.55"",""ask_price"":""884.95""},{""bid_quantity"":40,""ask_quantity"":20,""bid_orders"":1,""ask_orders"":1,""bid_price"":""877.50"",""ask_price"":""885.00""},{""bid_quantity"":20,""ask_quantity"":120,""bid_orders"":1,""ask_orders"":3,""bid_price"":""877.40"",""ask_price"":""885.05""}]"
09:15:29.564,1790307929564149612,1025672118083399,Full Data,8,886849,564.95,20,09:15:29,512.91,52280,18940,27040,167000,"[{""bid_quantity"":40,""ask_quantity"":40,""bid_orders"":2,""ask_orders"":2,""bid_price"":""562.20"",""ask_price"":""563.45""},{""bid_quantity"":60,""ask_quantity"":100,""bid_orders"":2,""ask_orders"":2,""bid_price"":""562.15"",""ask_price"":""563.85""},{""bid_quantity"":40,""ask_quantity"":40,""bid_orders"":2,""ask_orders"":2,""bid_price"":""562.10"",""ask_price"":""563.90""},{""bid_quantity"":40,""ask_quantity"":20,""bid_orders"":2,""ask_orders"":1,""bid_price"":""562.05"",""ask_price"":""563.95""},{""bid_quantity"":40,""ask_quantity"":20,""bid_orders"":2,""ask_orders"":1,""bid_price"":""561.95"",""ask_price"":""564.00""}]"
09:15:29.602,1790307929602741139,1025672156675206,Full Data,8,886692,946.25,20,09:15:28,880.32,2420,14400,94840,4500,"[{""bid_quantity"":40,""ask_quantity"":40,""bid_orders"":1,""ask_orders"":2,""bid_price"":""951.10"",""ask_price"":""954.75""},{""bid_quantity"":20,""ask_quantity"":20,""bid_orders"":1,""ask_orders"":1,""bid_price"":""951.05"",""ask_price"":""957.50""},{""bid_quantity"":20,""ask_quantity"":40,""bid_orders"":1,""ask_orders"":1,""bid_price"":""950.95"",""ask_price"":""957.55""},{""bid_quantity"":20,""ask_quantity"":20,""bid_orders"":1,""ask_orders"":1,""bid_price"":""950.85"",""ask_price"":""957.60""},{""bid_quantity"":20,""ask_quantity"":80,""bid_orders"":1,""ask_orders"":1,""bid_price"":""950.75"",""ask_price"":""957.65""}]"
09:15:29.633,1790307929633090613,1025672187024600,Full Data,8,886572,621.85,60,09:15:29,572.57,51700,19580,108120,92640,"[{""bid_quantity"":20,""ask_quantity"":20,""bid_orders"":1,""ask_orders"":1,""bid_price"":""619.35"",""ask_price"":""620.40""},{""bid_quantity"":60,""ask_quantity"":20,""bid_orders"":2,""ask_orders"":1,""bid_price"":""618.30"",""ask_price"":""620.45""},{""bid_quantity"":140,""ask_quantity"":40,""bid_orders"":2,""ask_orders"":2,""bid_price"":""618.10"",""ask_price"":""620.55""},{""bid_quantity"":100,""ask_quantity"":40,""bid_orders"":1,""ask_orders"":2,""bid_price"":""618.00"",""ask_price"":""620.60""},{""bid_quantity"":100,""ask_quantity"":40,""bid_orders"":3,""ask_orders"":2,""bid_price"":""617.70"",""ask_price"":""620.65""}]"
09:15:29.656,1790307929656452083,1025672210386030,Full Data,8,886849,561.20,20,09:15:29,513.01,52380,19040,25400,167000,"[{""bid_quantity"":40,""ask_quantity"":80,""bid_orders"":2,""ask_orders"":3,""bid_price"":""560.20"",""ask_price"":""561.40""},{""bid_quantity"":40,""ask_quantity"":60,""bid_orders"":2,""ask_orders"":3,""bid_price"":""560.05"",""ask_price"":""561.45""},{""bid_quantity"":40,""ask_quantity"":80,""bid_orders"":2,""ask_orders"":3,""bid_price"":""559.90"",""ask_price"":""561.50""},{""bid_quantity"":200,""ask_quantity"":100,""bid_orders"":4,""ask_orders"":3,""bid_price"":""559.30"",""ask_price"":""561.55""},{""bid_quantity"":120,""ask_quantity"":20,""bid_orders"":2,""ask_orders"":1,""bid_price"":""559.00"",""ask_price"":""561.60""}]"
09:15:29.672,1790307929672655907,1025672226589734,Full Data,8,886692,953.20,20,09:15:29,882.68,2500,14960,95800,4500,"[{""bid_quantity"":40,""ask_quantity"":20,""bid_orders"":1,""ask_orders"":1,""bid_price"":""947.90"",""ask_price"":""952.05""},{""bid_quantity"":20,""ask_quantity"":60,""bid_orders"":1,""ask_orders"":3,""bid_price"":""947.85"",""ask_price"":""952.10""},{""bid_quantity"":20,""ask_quantity"":20,""bid_orders"":1,""ask_orders"":1,""bid_price"":""947.75"",""ask_price"":""952.20""},{""bid_quantity"":20,""ask_quantity"":20,""bid_orders"":1,""ask_orders"":1,""bid_price"":""947.70"",""ask_price"":""952.30""},{""bid_quantity"":20,""ask_quantity"":20,""bid_orders"":1,""ask_orders"":1,""bid_price"":""947.65"",""ask_price"":""952.40""}]"
09:15:29.701,1790307929701482491,1025672255416598,Full Data,8,886572,621.85,60,09:15:29,572.57,51700,20480,105380,92640,"[{""bid_quantity"":320,""ask_quantity"":40,""bid_orders"":4,""ask_orders"":2,""bid_price"":""615.95"",""ask_price"":""618.50""},{""bid_quantity"":100,""ask_quantity"":20,""bid_orders"":3,""ask_orders"":1,""bid_price"":""615.90"",""ask_price"":""618.55""},{""bid_quantity"":60,""ask_quantity"":20,""bid_orders"":2,""ask_orders"":1,""bid_price"":""615.85"",""ask_price"":""618.65""},{""bid_quantity"":40,""ask_quantity"":60,""bid_orders"":2,""ask_orders"":1,""bid_price"":""615.80"",""ask_price"":""618.70""},{""bid_quantity"":300,""ask_quantity"":20,""bid_orders"":4,""ask_orders"":1,""bid_price"":""615.75"",""ask_price"":""618.80""}]"
09:15:29.755,1790307929755126635,1025672309060742,Full Data,8,886981,366.25,20,09:15:29,413.86,74240,23300,48680,63920,"[{""bid_quantity"":80,""ask_quantity"":80,""bid_orders"":2,""ask_orders"":4,""bid_price"":""366.00"",""ask_price"":""366.85""},{""bid_quantity"":80,""ask_quantity"":20,""bid_orders"":3,""ask_orders"":1,""bid_price"":""365.90"",""ask_price"":""367.10""},{""bid_quantity"":20,""ask_quantity"":20,""bid_orders"":1,""ask_orders"":1,""bid_price"":""365.85"",""ask_price"":""367.25""},{""bid_quantity"":20,""ask_quantity"":20,""bid_orders"":1,""ask_orders"":1,""bid_price"":""365.75"",""ask_price"":""367.40""},{""bid_quantity"":40,""ask_quantity"":20,""bid_orders"":2,""ask_orders"":1,""bid_price"":""365.65"",""ask_price"":""367.55""}]"
09:15:29.893,1790307929893340040,1025672447273987,Full Data,8,886718,326.75,40,09:15:29,373.72,168540,27040,34500,276660,"[{""bid_quantity"":20,""ask_quantity"":140,""bid_orders"":1,""ask_orders"":2,""bid_price"":""328.30"",""ask_price"":""329.45""},{""bid_quantity"":40,""ask_quantity"":40,""bid_orders"":1,""ask_orders"":1,""bid_price"":""328.25"",""ask_price"":""329.50""},{""bid_quantity"":40,""ask_quantity"":80,""bid_orders"":2,""ask_orders"":1,""bid_price"":""328.20"",""ask_price"":""329.55""},{""bid_quantity"":20,""ask_quantity"":60,""bid_orders"":1,""ask_orders"":2,""bid_price"":""328.15"",""ask_price"":""329.60""},{""bid_quantity"":20,""ask_quantity"":60,""bid_orders"":1,""ask_orders"":2,""bid_price"":""328.05"",""ask_price"":""329.70""}]"
09:15:29.905,1790307929906003641,1025672459937788,Full Data,8,887124,264.80,20,09:15:29,299.35,36300,24560,23920,64860,"[{""bid_quantity"":80,""ask_quantity"":40,""bid_orders"":1,""ask_orders"":1,""bid_price"":""264.65"",""ask_price"":""265.30""},{""bid_quantity"":40,""ask_quantity"":40,""bid_orders"":1,""ask_orders"":1,""bid_price"":""264.55"",""ask_price"":""265.40""},{""bid_quantity"":60,""ask_quantity"":60,""bid_orders"":2,""ask_orders"":3,""bid_price"":""264.50"",""ask_price"":""265.50""},{""bid_quantity"":40,""ask_quantity"":100,""bid_orders"":1,""ask_orders"":1,""bid_price"":""264.40"",""ask_price"":""265.80""},{""bid_quantity"":80,""ask_quantity"":40,""bid_orders"":1,""ask_orders"":2,""bid_price"":""264.35"",""ask_price"":""265.85""}]"
09:15:29.952,1790307929952222217,1025672506156244,Full Data,8,887124,264.85,20,09:15:29,299.31,36340,23160,23780,64860,"[{""bid_quantity"":40,""ask_quantity"":40,""bid_orders"":1,""ask_orders"":1,""bid_price"":""263.75"",""ask_price"":""264.70""},{""bid_quantity"":100,""ask_quantity"":20,""bid_orders"":1,""ask_orders"":1,""bid_price"":""263.00"",""ask_price"":""264.80""},{""bid_quantity"":60,""ask_quantity"":20,""bid_orders"":1,""ask_orders"":1,""bid_price"":""262.75"",""ask_price"":""265.00""},{""bid_quantity"":20,""ask_quantity"":20,""bid_orders"":1,""ask_orders"":1,""bid_price"":""262.60"",""ask_price"":""265.20""},{""bid_quantity"":80,""ask_quantity"":40,""bid_orders"":2,""ask_orders"":1,""bid_price"":""262.45"",""ask_price"":""265.35""}]"
09:15:30.208,1790307930208496618,1025672762430925,Full Data,8,887036,448.35,20,09:15:30,501.58,42980,20180,100720,155340,"[{""bid_quantity"":60,""ask_quantity"":20,""bid_orders"":3,""ask_orders"":1,""bid_price"":""446.35"",""ask_price"":""447.75""},{""bid_quantity"":60,""ask_quantity"":60,""bid_orders"":3,""ask_orders"":2,""bid_price"":""446.25"",""ask_price"":""447.80""},{""bid_quantity"":40,""ask_quantity"":60,""bid_orders"":2,""ask_orders"":3,""bid_price"":""445.85"",""ask_price"":""447.85""},{""bid_quantity"":20,""ask_quantity"":40,""bid_orders"":1,""ask_orders"":2,""bid_price"":""445.80"",""ask_price"":""447.95""},{""bid_quantity"":40,""ask_quantity"":20,""bid_orders"":2,""ask_orders"":1,""bid_price"":""445.75"",""ask_price"":""448.05""}]"
09:15:30.239,1790307930239632817,1025672793566644,Full Data,8,886872,236.15,60,09:15:30,270.53,48420,23500,31580,47980,"[{""bid_quantity"":200,""ask_quantity"":100,""bid_orders"":3,""ask_orders"":2,""bid_price"":""235.40"",""ask_price"":""236.45""},{""bid_quantity"":60,""ask_quantity"":60,""bid_orders"":2,""ask_orders"":3,""bid_price"":""235.25"",""ask_price"":""236.50""},{""bid_quantity"":40,""ask_quantity"":60,""bid_orders"":2,""ask_orders"":2,""bid_price"":""234.90"",""ask_price"":""236.55""},{""bid_quantity"":60,""ask_quantity"":40,""bid_orders"":1,""ask_orders"":2,""bid_price"":""234.85"",""ask_price"":""236.60""},{""bid_quantity"":40,""ask_quantity"":60,""bid_orders"":1,""ask_orders"":2,""bid_price"":""234.80"",""ask_price"":""236.65""}]"
09:15:30.274,1790307930274694081,1025672828628148,Full Data,8,886776,401.30,20,09:15:30,452.61,37020,21280,101920,67800,"[{""bid_quantity"":100,""ask_quantity"":40,""bid_orders"":4,""ask_orders"":2,""bid_price"":""403.20"",""ask_price"":""404.30""},{""bid_quantity"":220,""ask_quantity"":60,""bid_orders"":6,""ask_orders"":3,""bid_price"":""403.00"",""ask_price"":""404.45""},{""bid_quantity"":60,""ask_quantity"":60,""bid_orders"":3,""ask_orders"":2,""bid_price"":""402.85"",""ask_price"":""404.55""},{""bid_quantity"":40,""ask_quantity"":60,""bid_orders"":2,""ask_orders"":3,""bid_price"":""402.75"",""ask_price"":""404.60""},{""bid_quantity"":160,""ask_quantity"":40,""bid_orders"":1,""ask_orders"":2,""bid_price"":""402.65"",""ask_price"":""404.70""}]"
09:15:30.299,1790307930299091198,1025672853025305,Full Data,8,887036,446.40,20,09:15:30,501.56,43000,20640,100860,155340,"[{""bid_quantity"":200,""ask_quantity"":180,""bid_orders"":6,""ask_orders"":9,""bid_price"":""445.40"",""ask_price"":""446.95""},{""bid_quantity"":200,""ask_quantity"":60,""bid_orders"":4,""ask_orders"":3,""bid_price"":""445.35"",""ask_price"":""447.10""},{""bid_quantity"":120,""ask_quantity"":80,""bid_orders"":1,""ask_orders"":3,""bid_price"":""445.05"",""ask_price"":""447.35""},{""bid_quantity"":40,""ask_quantity"":60,""bid_orders"":2,""ask_orders"":3,""bid_price"":""445.00"",""ask_price"":""447.40""},{""bid_quantity"":40,""ask_quantity"":20,""bid_orders"":1,""ask_orders"":1,""bid_price"":""444.90"",""ask_price"":""447.45""}]"
09:15:30.300,1790307930300991370,1025672854925157,Full Data,8,886872,235.15,20,09:15:30,270.04,49120,23700,32080,47980,"[{""bid_quantity"":160,""ask_quantity"":60,""bid_orders"":3,""ask_orders"":2,""bid_price"":""235.15"",""ask_price"":""236.10""},{""bid_quantity"":200,""ask_quantity"":60,""bid_orders"":3,""ask_orders"":2,""bid_price"":""235.05"",""ask_price"":""236.15""},{""bid_quantity"":200,""ask_quantity"":80,""bid_orders"":3,""ask_orders"":3,""bid_price"":""235.00"",""ask_price"":""236.55""},{""bid_quantity"":280,""ask_quantity"":80,""bid_orders"":4,""ask_orders"":2,""bid_price"":""234.95"",""ask_price"":""236.60""},{""bid_quantity"":20,""ask_quantity"":140,""bid_orders"":1,""ask_orders"":2,""bid_price"":""234.90"",""ask_price"":""236.65""}]"
09:15:30.346,1790307930346270140,1025672900204407,Full Data,8,886924,293.80,20,09:15:30,334.04,47160,24260,25280,59380,"[{""bid_quantity"":60,""ask_quantity"":40,""bid_orders"":2,""ask_orders"":2,""bid_price"":""292.70"",""ask_price"":""293.90""},{""bid_quantity"":40,""ask_quantity"":80,""bid_orders"":2,""ask_orders"":3,""bid_price"":""292.65"",""ask_price"":""293.95""},{""bid_quantity"":240,""ask_quantity"":180,""bid_orders"":4,""ask_orders"":4,""bid_price"":""292.50"",""ask_price"":""294.00""},{""bid_quantity"":20,""ask_quantity"":60,""bid_orders"":1,""ask_orders"":3,""bid_price"":""292.25"",""ask_price"":""294.05""},{""bid_quantity"":40,""ask_quantity"":60,""bid_orders"":2,""ask_orders"":2,""bid_price"":""292.20"",""ask_price"":""294.10""}]"
09:15:30.422,1790307930422046025,1025672975980052,Full Data,8,886924,293.80,20,09:15:30,334.04,47160,24200,25120,59380,"[{""bid_quantity"":40,""ask_quantity"":40,""bid_orders"":2,""ask_orders"":2,""bid_price"":""292.45"",""ask_price"":""293.45""},{""bid_quantity"":60,""ask_quantity"":40,""bid_orders"":3,""ask_orders"":1,""bid_price"":""292.35"",""ask_price"":""293.50""},{""bid_quantity"":20,""ask_quantity"":20,""bid_orders"":1,""ask_orders"":1,""bid_price"":""292.30"",""ask_price"":""293.55""},{""bid_quantity"":80,""ask_quantity"":140,""bid_orders"":3,""ask_orders"":5,""bid_price"":""292.15"",""ask_price"":""293.60""},{""bid_quantity"":80,""ask_quantity"":20,""bid_orders"":3,""ask_orders"":1,""bid_price"":""292.05"",""ask_price"":""293.65""}]"
09:15:30.426,1790307930426736215,1025672980670082,Full Data,8,887017,744.55,40,09:15:30,681.04,91200,18340,171300,74320,"[{""bid_quantity"":40,""ask_quantity"":60,""bid_orders"":2,""ask_orders"":3,""bid_price"":""743.95"",""ask_price"":""746.50""},{""bid_quantity"":60,""ask_quantity"":20,""bid_orders"":3,""ask_orders"":1,""bid_price"":""743.85"",""ask_price"":""746.65""},{""bid_quantity"":60,""ask_quantity"":80,""bid_orders"":3,""ask_orders"":4,""bid_price"":""743.80"",""ask_price"":""746.85""},{""bid_quantity"":60,""ask_quantity"":60,""bid_orders"":2,""ask_orders"":2,""bid_price"":""743.70"",""ask_price"":""746.95""},{""bid_quantity"":80,""ask_quantity"":140,""bid_orders"":3,""ask_orders"":2,""bid_price"":""743.65"",""ask_price"":""747.00""}]"
09:15:30.488,1790307930488689052,1025673042622879,Full Data,8,886805,680.75,20,09:15:30,637.82,53120,16540,110680,42420,"[{""bid_quantity"":40,""ask_quantity"":80,""bid_orders"":2,""ask_orders"":2,""bid_price"":""681.45"",""ask_price"":""684.75""},{""bid_quantity"":40,""ask_quantity"":100,""bid_orders"":2,""ask_orders"":2,""bid_price"":""681.30"",""ask_price"":""685.40""},{""bid_quantity"":40,""ask_quantity"":220,""bid_orders"":2,""ask_orders"":3,""bid_price"":""681.25"",""ask_price"":""685.60""},{""bid_quantity"":40,""ask_quantity"":140,""bid_orders"":2,""ask_orders"":1,""bid_price"":""681.15"",""ask_price"":""686.50""},{""bid_quantity"":40,""ask_quantity"":140,""bid_orders"":2,""ask_orders"":1,""bid_price"":""681.10"",""ask_price"":""687.00""}]"
09:15:30.519,1790307930519186967,1025673073120914,Full Data,8,886747,809.10,20,09:15:30,759.03,13040,14540,96080,5900,"[{""bid_quantity"":20,""ask_quantity"":60,""bid_orders"":1,""ask_orders"":3,""bid_price"":""812.05"",""ask_price"":""815.60""},{""bid_quantity"":40,""ask_quantity"":40,""bid_orders"":2,""ask_orders"":2,""bid_price"":""811.90"",""ask_price"":""815.65""},{""bid_quantity"":60,""ask_quantity"":60,""bid_orders"":3,""ask_orders"":3,""bid_price"":""811.70"",""ask_price"":""815.75""},{""bid_quantity"":40,""ask_quantity"":20,""bid_orders"":2,""ask_orders"":1,""bid_price"":""811.50"",""ask_price"":""815.80""},{""bid_quantity"":40,""ask_quantity"":60,""bid_orders"":2,""ask_orders"":3,""bid_price"":""811.35"",""ask_price"":""815.95""}]"
09:15:30.530,1790307930530384999,1025673084318946,Ticker Data,0,51,73643.71,,09:15:30,,,,,,
09:15:30.567,1790307930567961439,1025673121895426,Full Data,8,886951,884.00,20,09:15:30,819.73,5340,14060,97720,6000,"[{""bid_quantity"":20,""ask_quantity"":40,""bid_orders"":1,""ask_orders"":2,""bid_price"":""881.90"",""ask_price"":""885.15""},{""bid_quantity"":60,""ask_quantity"":40,""bid_orders"":2,""ask_orders"":2,""bid_price"":""881.85"",""ask_price"":""885.40""},{""bid_quantity"":40,""ask_quantity"":40,""bid_orders"":2,""ask_orders"":2,""bid_price"":""881.80"",""ask_price"":""888.95""},{""bid_quantity"":40,""ask_quantity"":20,""bid_orders"":2,""ask_orders"":1,""bid_price"":""881.75"",""ask_price"":""889.00""},{""bid_quantity"":40,""ask_quantity"":40,""bid_orders"":2,""ask_orders"":1,""bid_price"":""881.65"",""ask_price"":""889.80""}]"
09:15:30.614,1790307930614412657,1025673168346844,Full Data,8,887017,745.65,40,09:15:30,681.07,91240,18180,169060,74320,"[{""bid_quantity"":60,""ask_quantity"":40,""bid_orders"":3,""ask_orders"":2,""bid_price"":""745.90"",""ask_price"":""748.65""},{""bid_quantity"":40,""ask_quantity"":180,""bid_orders"":1,""ask_orders"":4,""bid_price"":""745.70"",""ask_price"":""748.70""},{""bid_quantity"":180,""ask_quantity"":60,""bid_orders"":2,""ask_orders"":2,""bid_price"":""745.65"",""ask_price"":""749.35""},{""bid_quantity"":20,""ask_quantity"":100,""bid_orders"":1,""ask_orders"":2,""bid_price"":""745.55"",""ask_price"":""749.40""},{""bid_quantity"":160,""ask_quantity"":120,""bid_orders"":3,""ask_orders"":2,""bid_price"":""745.50"",""ask_price"":""749.70""}]"
09:15:30.616,1790307930616641911,1025673170575818,Full Data,8,886747,809.10,20,09:15:30,759.03,13040,13840,95060,5900,"[{""bid_quantity"":40,""ask_quantity"":60,""bid_orders"":2,""ask_orders"":3,""bid_price"":""812.50"",""ask_price"":""816.10""},{""bid_quantity"":40,""ask_quantity"":60,""bid_orders"":2,""ask_orders"":3,""bid_price"":""812.40"",""ask_price"":""816.35""},{""bid_quantity"":60,""ask_quantity"":60,""bid_orders"":3,""ask_orders"":3,""bid_price"":""812.25"",""ask_price"":""817.30""},{""bid_quantity"":40,""ask_quantity"":60,""bid_orders"":1,""ask_orders"":2,""bid_price"":""812.15"",""ask_price"":""818.95""},{""bid_quantity"":60,""ask_quantity"":100,""bid_orders"":3,""ask_orders"":1,""bid_price"":""812.10"",""ask_price"":""819.00""}]"
09:15:30.618,1790307930618521603,1025673172455350,Full Data,8,886805,682.10,60,09:15:30,638.07,53420,17220,110660,42420,"[{""bid_quantity"":300,""ask_quantity"":40,""bid_orders"":5,""ask_orders"":2,""bid_price"":""681.95"",""ask_price"":""684.90""},{""bid_quantity"":380,""ask_quantity"":60,""bid_orders"":3,""ask_orders"":3,""bid_price"":""681.90"",""ask_price"":""685.00""},{""bid_quantity"":40,""ask_quantity"":40,""bid_orders"":2,""ask_orders"":2,""bid_price"":""681.85"",""ask_price"":""685.15""},{""bid_quantity"":100,""ask_quantity"":40,""bid_orders"":2,""ask_orders"":2,""bid_price"":""681.80"",""ask_price"":""685.25""},{""bid_quantity"":20,""ask_quantity"":40,""bid_orders"":1,""ask_orders"":2,""bid_price"":""681.65"",""ask_price"":""685.35""}]"
09:15:30.649,1790307930649523161,1025673203457188,Full Data,8,886951,884.00,20,09:15:30,819.73,5340,14220,97020,6000,"[{""bid_quantity"":40,""ask_quantity"":40,""bid_orders"":2,""ask_orders"":2,""bid_price"":""881.45"",""ask_price"":""885.20""},{""bid_quantity"":40,""ask_quantity"":40,""bid_orders"":2,""ask_orders"":2,""bid_price"":""881.35"",""ask_price"":""885.25""},{""bid_quantity"":40,""ask_quantity"":40,""bid_orders"":2,""ask_orders"":2,""bid_price"":""881.25"",""ask_price"":""885.35""},{""bid_quantity"":40,""ask_quantity"":20,""bid_orders"":2,""ask_orders"":1,""bid_price"":""881.15"",""ask_price"":""885.45""},{""bid_quantity"":40,""ask_quantity"":40,""bid_orders"":2,""ask_orders"":1,""bid_price"":""881.05"",""ask_price"":""888.90""}]"
09:15:30.657,1790307930657769694,1025673211703841,Full Data,8,886849,565.00,20,09:15:30,514.16,53600,20680,29420,167000,"[{""bid_quantity"":80,""ask_quantity"":40,""bid_orders"":4,""ask_orders"":2,""bid_price"":""565.35"",""ask_price"":""566.80""},{""bid_quantity"":60,""ask_quantity"":20,""bid_orders"":3,""ask_orders"":1,""bid_price"":""565.30"",""ask_price"":""567.05""},{""bid_quantity"":80,""ask_quantity"":40,""bid_orders"":4,""ask_orders"":2,""bid_price"":""565.15"",""ask_price"":""567.10""},{""bid_quantity"":20,""ask_quantity"":20,""bid_orders"":1,""ask_orders"":1,""bid_price"":""565.10"",""ask_price"":""567.15""},{""bid_quantity"":100,""ask_quantity"":40,""bid_orders"":3,""ask_orders"":2,""bid_price"":""565.05"",""ask_price"":""567.20""}]"
09:15:30.678,1790307930678281866,1025673232215693,Full Data,8,886692,951.10,40,09:15:29,887.89,2720,16200,96960,4500,"[{""bid_quantity"":60,""ask_quantity"":40,""bid_orders"":2,""ask_orders"":2,""bid_price"":""955.50"",""ask_price"":""959.00""},{""bid_quantity"":40,""ask_quantity"":60,""bid_orders"":2,""ask_orders"":2,""bid_price"":""955.45"",""ask_price"":""959.05""},{""bid_quantity"":40,""ask_quantity"":20,""bid_orders"":2,""ask_orders"":1,""bid_price"":""955.25"",""ask_price"":""959.10""},{""bid_quantity"":40,""ask_quantity"":20,""bid_orders"":2,""ask_orders"":1,""bid_price"":""955.20"",""ask_price"":""959.15""},{""bid_quantity"":40,""ask_quantity"":20,""bid_orders"":2,""ask_orders"":1,""bid_price"":""955.15"",""ask_price"":""959.20""}]"
09:15:30.718,1790307930718977606,1025673272911433,Full Data,8,886572,625.40,20,09:15:30,574.11,53380,21680,108300,92640,"[{""bid_quantity"":20,""ask_quantity"":20,""bid_orders"":1,""ask_orders"":1,""bid_price"":""623.60"",""ask_price"":""624.40""},{""bid_quantity"":40,""ask_quantity"":40,""bid_orders"":2,""ask_orders"":2,""bid_price"":""623.55"",""ask_price"":""625.30""},{""bid_quantity"":40,""ask_quantity"":80,""bid_orders"":2,""ask_orders"":2,""bid_price"":""623.35"",""ask_price"":""625.35""},{""bid_quantity"":40,""ask_quantity"":100,""bid_orders"":1,""ask_orders"":2,""bid_price"":""623.30"",""ask_price"":""625.45""},{""bid_quantity"":140,""ask_quantity"":160,""bid_orders"":4,""ask_orders"":3,""bid_price"":""623.25"",""ask_price"":""625.50""}]"
09:15:30.740,1790307930740423583,1025673294357690,Full Data,8,886849,566.80,20,09:15:30,514.18,53620,20160,29200,167000,"[{""bid_quantity"":40,""ask_quantity"":40,""bid_orders"":2,""ask_orders"":2,""bid_price"":""565.85"",""ask_price"":""566.80""},{""bid_quantity"":60,""ask_quantity"":80,""bid_orders"":3,""ask_orders"":2,""bid_price"":""565.70"",""ask_price"":""567.15""},{""bid_quantity"":60,""ask_quantity"":100,""bid_orders"":3,""ask_orders"":1,""bid_price"":""565.60"",""ask_price"":""567.25""},{""bid_quantity"":80,""ask_quantity"":20,""bid_orders"":3,""ask_orders"":1,""bid_price"":""565.55"",""ask_price"":""567.70""},{""bid_quantity"":40,""ask_quantity"":220,""bid_orders"":1,""ask_orders"":3,""bid_price"":""565.45"",""ask_price"":""567.75""}]"
09:15:30.771,1790307930771930665,1025673325864692,Full Data,8,886572,624.40,20,09:15:30,574.13,53400,22420,108100,92640,"[{""bid_quantity"":40,""ask_quantity"":260,""bid_orders"":2,""ask_orders"":5,""bid_price"":""624.05"",""ask_price"":""626.30""},{""bid_quantity"":20,""ask_quantity"":400,""bid_orders"":1,""ask_orders"":3,""bid_price"":""623.90"",""ask_price"":""626.35""},{""bid_quantity"":60,""ask_quantity"":20,""bid_orders"":2,""ask_orders"":1,""bid_price"":""623.70"",""ask_price"":""626.40""},{""bid_quantity"":60,""ask_quantity"":20,""bid_orders"":2,""ask_orders"":1,""bid_price"":""623.40"",""ask_price"":""626.50""},{""bid_quantity"":40,""ask_quantity"":20,""bid_orders"":1,""ask_orders"":1,""bid_price"":""623.25"",""ask_price"":""626.55""}]"
09:15:30.772,1790307930772564189,1025673326497976,Full Data,8,886692,951.10,40,09:15:29,887.89,2720,16380,96860,4500,"[{""bid_quantity"":60,""ask_quantity"":20,""bid_orders"":2,""ask_orders"":1,""bid_price"":""955.85"",""ask_price"":""962.05""},{""bid_quantity"":40,""ask_quantity"":40,""bid_orders"":2,""ask_orders"":2,""bid_price"":""955.80"",""ask_price"":""962.10""},{""bid_quantity"":40,""ask_quantity"":40,""bid_orders"":2,""ask_orders"":2,""bid_price"":""955.75"",""ask_price"":""962.15""},{""bid_quantity"":20,""ask_quantity"":40,""bid_orders"":1,""ask_orders"":2,""bid_price"":""955.65"",""ask_price"":""962.25""},{""bid_quantity"":20,""ask_quantity"":40,""bid_orders"":1,""ask_orders"":2,""bid_price"":""955.45"",""ask_price"":""962.35""}]"
09:15:30.821,1790307930821205861,1025673375139888,Full Data,8,886981,360.05,40,09:15:30,413.07,75440,26040,49980,63920,"[{""bid_quantity"":100,""ask_quantity"":20,""bid_orders"":4,""ask_orders"":1,""bid_price"":""360.00"",""ask_price"":""361.20""},{""bid_quantity"":220,""ask_quantity"":100,""bid_orders"":3,""ask_orders"":2,""bid_price"":""359.95"",""ask_price"":""361.35""},{""bid_quantity"":20,""ask_quantity"":40,""bid_orders"":1,""ask_orders"":2,""bid_price"":""359.90"",""ask_price"":""361.45""},{""bid_quantity"":60,""ask_quantity"":40,""bid_orders"":2,""ask_orders"":2,""bid_price"":""359.80"",""ask_price"":""361.55""},{""bid_quantity"":60,""ask_quantity"":40,""bid_orders"":3,""ask_orders"":2,""bid_price"":""359.75"",""ask_price"":""361.60""}]"
09:15:30.892,1790307930892813039,1025673446746866,Full Data,8,886718,323.05,20,09:15:30,373.22,170320,25920,32740,276660,"[{""bid_quantity"":80,""ask_quantity"":140,""bid_orders"":1,""ask_orders"":4,""bid_price"":""322.00"",""ask_price"":""323.10""},{""bid_quantity"":60,""ask_quantity"":80,""bid_orders"":2,""ask_orders"":4,""bid_price"":""321.50"",""ask_price"":""323.15""},{""bid_quantity"":40,""ask_quantity"":60,""bid_orders"":2,""ask_orders"":2,""bid_price"":""321.45"",""ask_price"":""323.20""},{""bid_quantity"":120,""ask_quantity"":60,""bid_orders"":2,""ask_orders"":3,""bid_price"":""321.30"",""ask_price"":""323.25""},{""bid_quantity"":100,""ask_quantity"":60,""bid_orders"":2,""ask_orders"":2,""bid_price"":""321.25"",""ask_price"":""323.30""}]"
09:15:30.962,1790307930962598886,1025673516533033,Full Data,8,887124,259.35,40,09:15:30,298.97,36680,22700,24420,64860,"[{""bid_quantity"":20,""ask_quantity"":60,""bid_orders"":1,""ask_orders"":2,""bid_price"":""259.35"",""ask_price"":""260.45""},{""bid_quantity"":20,""ask_quantity"":40,""bid_orders"":1,""ask_orders"":1,""bid_price"":""259.30"",""ask_price"":""260.60""},{""bid_quantity"":100,""ask_quantity"":40,""bid_orders"":1,""ask_orders"":2,""bid_price"":""259.00"",""ask_price"":""260.65""},{""bid_quantity"":80,""ask_quantity"":60,""bid_orders"":1,""ask_orders"":3,""bid_price"":""258.95"",""ask_price"":""260.80""},{""bid_quantity"":20,""ask_quantity"":20,""bid_orders"":1,""ask_orders"":1,""bid_price"":""258.85"",""ask_price"":""260.95""}]"
09:15:31.265,1790307931265415385,1025673819349532,Full Data,8,886776,397.05,180,09:15:31,449.59,39120,19520,100280,67800,"[{""bid_quantity"":240,""ask_quantity"":80,""bid_orders"":3,""ask_orders"":4,""bid_price"":""393.45"",""ask_price"":""395.05""},{""bid_quantity"":60,""ask_quantity"":40,""bid_orders"":3,""ask_orders"":2,""bid_price"":""393.40"",""ask_price"":""395.15""},{""bid_quantity"":60,""ask_quantity"":40,""bid_orders"":3,""ask_orders"":2,""bid_price"":""393.35"",""ask_price"":""395.25""},{""bid_quantity"":200,""ask_quantity"":40,""bid_orders"":3,""ask_orders"":2,""bid_price"":""393.30"",""ask_price"":""395.35""},{""bid_quantity"":60,""ask_quantity"":40,""bid_orders"":3,""ask_orders"":2,""bid_price"":""393.25"",""ask_price"":""395.45""}]"
09:15:31.280,1790307931280843124,1025673834777511,Full Data,8,887036,436.10,20,09:15:31,496.74,46700,19460,99640,155340,"[{""bid_quantity"":60,""ask_quantity"":20,""bid_orders"":3,""ask_orders"":1,""bid_price"":""434.95"",""ask_price"":""435.85""},{""bid_quantity"":220,""ask_quantity"":20,""bid_orders"":3,""ask_orders"":1,""bid_price"":""434.90"",""ask_price"":""435.90""},{""bid_quantity"":260,""ask_quantity"":20,""bid_orders"":3,""ask_orders"":1,""bid_price"":""434.85"",""ask_price"":""435.95""},{""bid_quantity"":20,""ask_quantity"":60,""bid_orders"":1,""ask_orders"":3,""bid_price"":""434.80"",""ask_price"":""436.05""},{""bid_quantity"":40,""ask_quantity"":40,""bid_orders"":1,""ask_orders"":2,""bid_price"":""434.70"",""ask_price"":""436.10""}]"
09:15:31.302,1790307931302743944,1025673856677771,Full Data,8,886872,230.45,40,09:15:31,268.41,51340,19360,28600,47980,"[{""bid_quantity"":140,""ask_quantity"":60,""bid_orders"":2,""ask_orders"":3,""bid_price"":""228.60"",""ask_price"":""229.65""},{""bid_quantity"":100,""ask_quantity"":40,""bid_orders"":2,""ask_orders"":2,""bid_price"":""228.55"",""ask_price"":""229.70""},{""bid_quantity"":100,""ask_quantity"":40,""bid_orders"":2,""ask_orders"":2,""bid_price"":""228.50"",""ask_price"":""229.75""},{""bid_quantity"":100,""ask_quantity"":60,""bid_orders"":1,""ask_orders"":3,""bid_price"":""228.15"",""ask_price"":""229.80""},{""bid_quantity"":60,""ask_quantity"":180,""bid_orders"":1,""ask_orders"":5,""bid_price"":""228.05"",""ask_price"":""229.85""}]"
09:15:31.330,1790307931330063759,1025673883997506,Full Data,8,887036,435.15,20,09:15:31,496.66,46760,19480,99440,155340,"[{""bid_quantity"":280,""ask_quantity"":40,""bid_orders"":3,""ask_orders"":2,""bid_price"":""433.80"",""ask_price"":""434.90""},{""bid_quantity"":60,""ask_quantity"":200,""bid_orders"":3,""ask_orders"":7,""bid_price"":""433.65"",""ask_price"":""434.95""},{""bid_quantity"":100,""ask_quantity"":60,""bid_orders"":4,""ask_orders"":3,""bid_price"":""433.60"",""ask_price"":""435.15""},{""bid_quantity"":360,""ask_quantity"":20,""bid_orders"":6,""ask_orders"":1,""bid_price"":""433.55"",""ask_price"":""435.25""},{""bid_quantity"":120,""ask_quantity"":20,""bid_orders"":2,""ask_orders"":1,""bid_price"":""433.50"",""ask_price"":""435.35""}]"
09:15:31.332,1790307931332989017,1025673886922724,Full Data,8,886872,230.45,40,09:15:31,268.41,51340,18860,28280,47980,"[{""bid_quantity"":120,""ask_quantity"":20,""bid_orders"":3,""ask_orders"":1,""bid_price"":""228.05"",""ask_price"":""228.60""},{""bid_quantity"":120,""ask_quantity"":80,""bid_orders"":3,""ask_orders"":4,""bid_price"":""228.00"",""ask_price"":""229.15""},{""bid_quantity"":80,""ask_quantity"":120,""bid_orders"":3,""ask_orders"":5,""bid_price"":""227.90"",""ask_price"":""229.25""},{""bid_quantity"":80,""ask_quantity"":20,""bid_orders"":3,""ask_orders"":1,""bid_price"":""227.85"",""ask_price"":""229.30""},{""bid_quantity"":100,""ask_quantity"":120,""bid_orders"":1,""ask_orders"":5,""bid_price"":""227.70"",""ask_price"":""229.35""}]"
09:15:31.372,1790307931372050268,1025673925984335,Full Data,8,886924,288.40,20,09:15:31,333.57,47660,19800,21340,59380,"[{""bid_quantity"":120,""ask_quantity"":100,""bid_orders"":6,""ask_orders"":4,""bid_price"":""284.95"",""ask_price"":""286.00""},{""bid_quantity"":60,""ask_quantity"":60,""bid_orders"":2,""ask_orders"":3,""bid_price"":""284.85"",""ask_price"":""286.10""},{""bid_quantity"":100,""ask_quantity"":80,""bid_orders"":5,""ask_orders"":3,""bid_price"":""284.80"",""ask_price"":""286.15""},{""bid_quantity"":40,""ask_quantity"":80,""bid_orders"":2,""ask_orders"":4,""bid_price"":""284.55"",""ask_price"":""286.20""},{""bid_quantity"":240,""ask_quantity"":20,""bid_orders"":4,""ask_orders"":1,""bid_price"":""284.50"",""ask_price"":""286.25""}]"
09:15:31.400,1790307931400600170,1025673954534117,Full Data,8,886924,288.40,20,09:15:31,333.57,47660,19840,21400,59380,"[{""bid_quantity"":60,""ask_quantity"":80,""bid_orders"":3,""ask_orders"":3,""bid_price"":""285.00"",""ask_price"":""285.80""},{""bid_quantity"":180,""ask_quantity"":40,""bid_orders"":2,""ask_orders"":2,""bid_price"":""284.95"",""ask_price"":""285.90""},{""bid_quantity"":60,""ask_quantity"":80,""bid_orders"":3,""ask_orders"":3,""bid_price"":""284.80"",""ask_price"":""285.95""},{""bid_quantity"":20,""ask_quantity"":60,""bid_orders"":1,""ask_orders"":3,""bid_price"":""284.55"",""ask_price"":""286.00""},{""bid_quantity"":140,""ask_quantity"":80,""bid_orders"":3,""ask_orders"":3,""bid_price"":""284.50"",""ask_price"":""286.05""}]"
09:15:31.489,1790307931489115057,1025674043049084,Full Data,8,886747,825.10,20,09:15:31,759.43,13120,14220,96320,5900,"[{""bid_quantity"":20,""ask_quantity"":60,""bid_orders"":1,""ask_orders"":3,""bid_price"":""822.05"",""ask_price"":""824.45""},{""bid_quantity"":40,""ask_quantity"":40,""bid_orders"":2,""ask_orders"":2,""bid_price"":""821.85"",""ask_price"":""824.80""},{""bid_quantity"":20,""ask_quantity"":40,""bid_orders"":1,""ask_orders"":2,""bid_price"":""821.70"",""ask_price"":""824.90""},{""bid_quantity"":20,""ask_quantity"":40,""bid_orders"":1,""ask_orders"":2,""bid_price"":""821.65"",""ask_price"":""825.10""},{""bid_quantity"":20,""ask_quantity"":20,""bid_orders"":1,""ask_orders"":1,""bid_price"":""821.60"",""ask_price"":""825.15""}]"
09:15:31.501,1790307931501569217,1025674055503004,Full Data,8,887017,756.00,160,09:15:31,682.69,93380,16040,167140,74320,"[{""bid_quantity"":180,""ask_quantity"":100,""bid_orders"":2,""ask_orders"":2,""bid_price"":""753.55"",""ask_price"":""756.00""},{""bid_quantity"":60,""ask_quantity"":40,""bid_orders"":3,""ask_orders"":2,""bid_price"":""753.50"",""ask_price"":""756.05""},{""bid_quantity"":200,""ask_quantity"":40,""bid_orders"":3,""ask_orders"":2,""bid_price"":""753.45"",""ask_price"":""756.25""},{""bid_quantity"":40,""ask_quantity"":80,""bid_orders"":1,""ask_orders"":2,""bid_price"":""753.05"",""ask_price"":""756.35""},{""bid_quantity"":20,""ask_quantity"":40,""bid_orders"":1,""ask_orders"":2,""bid_price"":""753.00"",""ask_price"":""756.40""}]"
09:15:31.515,1790307931515583426,1025674069517293,Full Data,8,886805,691.70,20,09:15:31,640.99,56720,15720,109780,42420,"[{""bid_quantity"":60,""ask_quantity"":120,""bid_orders"":3,""ask_orders"":6,""bid_price"":""689.75"",""ask_price"":""692.20""},{""bid_quantity"":60,""ask_quantity"":20,""bid_orders"":3,""ask_orders"":1,""bid_price"":""689.60"",""ask_price"":""692.25""},{""bid_quantity"":180,""ask_quantity"":40,""bid_orders"":2,""ask_orders"":2,""bid_price"":""689.55"",""ask_price"":""692.30""},{""bid_quantity"":180,""ask_quantity"":20,""bid_orders"":2,""ask_orders"":1,""bid_price"":""689.45"",""ask_price"":""692.35""},{""bid_quantity"":60,""ask_quantity"":60,""bid_orders"":2,""ask_orders"":2,""bid_price"":""689.40"",""ask_price"":""692.40""}]"
09:15:31.539,1790307931539433339,1025674093367126,Ticker Data,0,51,73658.24,,09:15:31,,,,,,
09:15:31.552,1790307931552637744,1025674106571571,Full Data,8,886951,891.45,40,09:15:31,820.74,5420,15040,98300,6000,"[{""bid_quantity"":20,""ask_quantity"":40,""bid_orders"":1,""ask_orders"":2,""bid_price"":""891.30"",""ask_price"":""894.95""},{""bid_quantity"":40,""ask_quantity"":80,""bid_orders"":2,""ask_orders"":4,""bid_price"":""891.20"",""ask_price"":""895.00""},{""bid_quantity"":40,""ask_quantity"":80,""bid_orders"":1,""ask_orders"":3,""bid_price"":""891.15"",""ask_price"":""897.35""},{""bid_quantity"":40,""ask_quantity"":140,""bid_orders"":2,""ask_orders"":3,""bid_price"":""891.10"",""ask_price"":""897.45""},{""bid_quantity"":40,""ask_quantity"":40,""bid_orders"":2,""ask_orders"":2,""bid_price"":""891.00"",""ask_price"":""898.60""}]"
09:15:31.591,1790307931591434592,1025674145368739,Full Data,8,886747,825.10,20,09:15:31,759.43,13120,16580,96560,5900,"[{""bid_quantity"":40,""ask_quantity"":40,""bid_orders"":2,""ask_orders"":2,""bid_price"":""822.95"",""ask_price"":""825.00""},{""bid_quantity"":40,""ask_quantity"":40,""bid_orders"":2,""ask_orders"":2,""bid_price"":""822.90"",""ask_price"":""825.05""},{""bid_quantity"":40,""ask_quantity"":60,""bid_orders"":2,""ask_orders"":3,""bid_price"":""822.75"",""ask_price"":""825.10""},{""bid_quantity"":20,""ask_quantity"":20,""bid_orders"":1,""ask_orders"":1,""bid_price"":""822.50"",""ask_price"":""825.15""},{""bid_quantity"":20,""ask_quantity"":40,""bid_orders"":1,""ask_orders"":2,""bid_price"":""822.15"",""ask_price"":""825.20""}]"
09:15:31.593,1790307931593575486,1025674147509313,Full Data,8,886805,693.05,20,09:15:31,641.03,56760,17900,111660,42420,"[{""bid_quantity"":220,""ask_quantity"":100,""bid_orders"":4,""ask_orders"":3,""bid_price"":""690.25"",""ask_price"":""692.65""},{""bid_quantity"":200,""ask_quantity"":100,""bid_orders"":3,""ask_orders"":2,""bid_price"":""690.15"",""ask_price"":""692.70""},{""bid_quantity"":60,""ask_quantity"":20,""bid_orders"":3,""ask_orders"":1,""bid_price"":""690.10"",""ask_price"":""692.75""},{""bid_quantity"":200,""ask_quantity"":60,""bid_orders"":3,""ask_orders"":2,""bid_price"":""690.05"",""ask_price"":""692.90""},{""bid_quantity"":40,""ask_quantity"":580,""bid_orders"":2,""ask_orders"":5,""bid_price"":""689.85"",""ask_price"":""693.00""}]"
09:15:31.604,1790307931604735237,1025674158669024,Full Data,8,887017,756.00,160,09:15:31,682.69,93380,15500,167060,74320,"[{""bid_quantity"":60,""ask_quantity"":20,""bid_orders"":3,""ask_orders"":1,""bid_price"":""754.40"",""ask_price"":""755.45""},{""bid_quantity"":60,""ask_quantity"":80,""bid_orders"":3,""ask_orders"":2,""bid_price"":""753.50"",""ask_price"":""756.35""},{""bid_quantity"":60,""ask_quantity"":80,""bid_orders"":3,""ask_orders"":3,""bid_price"":""753.00"",""ask_price"":""757.20""},{""bid_quantity"":60,""ask_quantity"":80,""bid_orders"":1,""ask_orders"":2,""bid_price"":""752.10"",""ask_price"":""757.25""},{""bid_quantity"":60,""ask_quantity"":40,""bid_orders"":2,""ask_orders"":1,""bid_price"":""752.05"",""ask_price"":""757.30""}]"
09:15:31.636,1790307931636745282,1025674190679229,Full Data,8,886951,891.45,40,09:15:31,820.74,5420,15600,97920,6000,"[{""bid_quantity"":20,""ask_quantity"":40,""bid_orders"":1,""ask_orders"":2,""bid_price"":""888.50"",""ask_price"":""893.10""},{""bid_quantity"":40,""ask_quantity"":60,""bid_orders"":2,""ask_orders"":3,""bid_price"":""886.55"",""ask_price"":""893.15""},{""bid_quantity"":60,""ask_quantity"":60,""bid_orders"":2,""ask_orders"":2,""bid_price"":""880.15"",""ask_price"":""893.20""},{""bid_quantity"":20,""ask_quantity"":40,""bid_orders"":1,""ask_orders"":2,""bid_price"":""879.90"",""ask_price"":""893.25""},{""bid_quantity"":20,""ask_quantity"":40,""bid_orders"":1,""ask_orders"":2,""bid_price"":""879.55"",""ask_price"":""893.30""}]"
09:15:31.734,1790307931734933671,1025674288867978,Full Data,8,886572,631.85,20,09:15:31,575.32,54560,19720,107380,92640,"[{""bid_quantity"":60,""ask_quantity"":40,""bid_orders"":2,""ask_orders"":2,""bid_price"":""630.80"",""ask_price"":""632.70""},{""bid_quantity"":40,""ask_quantity"":220,""bid_orders"":2,""ask_orders"":3,""bid_price"":""630.75"",""ask_price"":""632.75""},{""bid_quantity"":60,""ask_quantity"":40,""bid_orders"":2,""ask_orders"":2,""bid_price"":""630.55"",""ask_price"":""632.85""},{""bid_quantity"":60,""ask_quantity"":20,""bid_orders"":2,""ask_orders"":1,""bid_price"":""630.50"",""ask_price"":""632.95""},{""bid_quantity"":20,""ask_quantity"":300,""bid_orders"":1,""ask_orders"":3,""bid_price"":""630.35"",""ask_price"":""633.00""}]"
09:15:31.753,1790307931753224628,1025674307158895,Full Data,8,886692,963.55,40,09:15:31,888.98,2760,14600,95680,4500,"[{""bid_quantity"":160,""ask_quantity"":60,""bid_orders"":5,""ask_orders"":3,""bid_price"":""961.25"",""ask_price"":""968.05""},{""bid_quantity"":60,""ask_quantity"":80,""bid_orders"":3,""ask_orders"":4,""bid_price"":""961.15"",""ask_price"":""968.10""},{""bid_quantity"":60,""ask_quantity"":80,""bid_orders"":3,""ask_orders"":3,""bid_price"":""961.05"",""ask_price"":""970.75""},{""bid_quantity"":60,""ask_quantity"":60,""bid_orders"":3,""ask_orders"":3,""bid_price"":""960.95"",""ask_price"":""970.80""},{""bid_quantity"":60,""ask_quantity"":20,""bid_orders"":3,""ask_orders"":1,""bid_price"":""960.85"",""ask_price"":""976.20""}]"
09:15:31.794,1790307931794338371,1025674348272718,Full Data,8,886981,354.90,20,09:15:31,410.92,78540,21460,47260,63920,"[{""bid_quantity"":20,""ask_quantity"":80,""bid_orders"":1,""ask_orders"":2,""bid_price"":""354.85"",""ask_price"":""356.50""},{""bid_quantity"":60,""ask_quantity"":80,""bid_orders"":2,""ask_orders"":4,""bid_price"":""354.80"",""ask_price"":""356.85""},{""bid_quantity"":40,""ask_quantity"":200,""bid_orders"":2,""ask_orders"":2,""bid_price"":""354.75"",""ask_price"":""357.60""},{""bid_quantity"":20,""ask_quantity"":120,""bid_orders"":1,""ask_orders"":2,""bid_price"":""354.70"",""ask_price"":""357.65""},{""bid_quantity"":20,""ask_quantity"":60,""bid_orders"":1,""ask_orders"":2,""bid_price"":""354.65"",""ask_price"":""357.70""}]"
09:15:31.825,1790307931825168889,1025674379102836,Full Data,8,886572,628.50,20,09:15:31,575.37,54620,18820,104820,92640,"[{""bid_quantity"":20,""ask_quantity"":60,""bid_orders"":1,""ask_orders"":3,""bid_price"":""628.15"",""ask_price"":""630.10""},{""bid_quantity"":20,""ask_quantity"":160,""bid_orders"":1,""ask_orders"":3,""bid_price"":""627.95"",""ask_price"":""630.15""},{""bid_quantity"":120,""ask_quantity"":440,""bid_orders"":2,""ask_orders"":6,""bid_price"":""627.75"",""ask_price"":""630.30""},{""bid_quantity"":140,""ask_quantity"":60,""bid_orders"":2,""ask_orders"":3,""bid_price"":""627.55"",""ask_price"":""630.45""},{""bid_quantity"":40,""ask_quantity"":20,""bid_orders"":1,""ask_orders"":1,""bid_price"":""627.45"",""ask_price"":""630.65""}]"
09:15:31.853,1790307931853775232,1025674407709019,Full Data,8,886849,574.65,60,09:15:31,515.83,55160,18620,25460,167000,"[{""bid_quantity"":40,""ask_quantity"":60,""bid_orders"":1,""ask_orders"":2,""bid_price"":""570.20"",""ask_price"":""571.80""},{""bid_quantity"":20,""ask_quantity"":20,""bid_orders"":1,""ask_orders"":1,""bid_price"":""570.15"",""ask_price"":""571.95""},{""bid_quantity"":60,""ask_quantity"":40,""bid_orders"":3,""ask_orders"":2,""bid_price"":""570.10"",""ask_price"":""572.00""},{""bid_quantity"":40,""ask_quantity"":140,""bid_orders"":2,""ask_orders"":4,""bid_price"":""569.90"",""ask_price"":""572.05""},{""bid_quantity"":20,""ask_quantity"":40,""bid_orders"":1,""ask_orders"":2,""bid_price"":""569.85"",""ask_price"":""572.10""}]"
09:15:31.858,1790307931858996865,1025674412930612,Full Data,8,886692,963.55,40,09:15:31,888.98,2760,12880,93540,4500,"[{""bid_quantity"":40,""ask_quantity"":60,""bid_orders"":2,""ask_orders"":3,""bid_price"":""961.55"",""ask_price"":""966.80""},{""bid_quantity"":100,""ask_quantity"":40,""bid_orders"":4,""ask_orders"":2,""bid_price"":""961.50"",""ask_price"":""968.05""},{""bid_quantity"":60,""ask_quantity"":80,""bid_orders"":3,""ask_orders"":4,""bid_price"":""961.45"",""ask_price"":""968.10""},{""bid_quantity"":20,""ask_quantity"":60,""bid_orders"":1,""ask_orders"":3,""bid_price"":""961.40"",""ask_price"":""970.80""},{""bid_quantity"":60,""ask_quantity"":100,""bid_orders"":3,""ask_orders"":1,""bid_price"":""961.35"",""ask_price"":""970.85""}]"
09:15:32.017,1790307932017973563,1025674571907710,Full Data,8,887124,259.45,20,09:15:31,297.19,38320,21540,23440,64860,"[{""bid_quantity"":80,""ask_quantity"":20,""bid_orders"":3,""ask_orders"":1,""bid_price"":""258.80"",""ask_price"":""259.55""},{""bid_quantity"":20,""ask_quantity"":60,""bid_orders"":1,""ask_orders"":1,""bid_price"":""258.75"",""ask_price"":""259.60""},{""bid_quantity"":100,""ask_quantity"":20,""bid_orders"":2,""ask_orders"":1,""bid_price"":""258.60"",""ask_price"":""259.65""},{""bid_quantity"":20,""ask_quantity"":40,""bid_orders"":1,""ask_orders"":1,""bid_price"":""258.55"",""ask_price"":""259.90""},{""bid_quantity"":20,""ask_quantity"":100,""bid_orders"":1,""ask_orders"":1,""bid_price"":""258.50"",""ask_price"":""260.50""}]"
09:15:32.054,1790307932054836999,1025674608770946,Full Data,8,887124,258.80,20,09:15:32,297.17,38340,21600,23020,64860,"[{""bid_quantity"":60,""ask_quantity"":60,""bid_orders"":2,""ask_orders"":1,""bid_price"":""258.25"",""ask_price"":""259.35""},{""bid_quantity"":40,""ask_quantity"":20,""bid_orders"":1,""ask_orders"":1,""bid_price"":""258.20"",""ask_price"":""259.40""},{""bid_quantity"":20,""ask_quantity"":20,""bid_orders"":1,""ask_orders"":1,""bid_price"":""258.15"",""ask_price"":""260.35""},{""bid_quantity"":80,""ask_quantity"":40,""bid_orders"":1,""ask_orders"":1,""bid_price"":""257.95"",""ask_price"":""260.40""},{""bid_quantity"":20,""ask_quantity"":160,""bid_orders"":1,""ask_orders"":2,""bid_price"":""257.90"",""ask_price"":""260.50""}]"
09:15:32.267,1790307932267623121,1025674821557188,Full Data,8,886776,398.10,40,09:15:32,447.32,40780,20080,101280,67800,"[{""bid_quantity"":40,""ask_quantity"":20,""bid_orders"":2,""ask_orders"":1,""bid_price"":""399.50"",""ask_price"":""400.55""},{""bid_quantity"":40,""ask_quantity"":20,""bid_orders"":2,""ask_orders"":1,""bid_price"":""399.40"",""ask_price"":""400.75""},{""bid_quantity"":20,""ask_quantity"":40,""bid_orders"":1,""ask_orders"":1,""bid_price"":""399.35"",""ask_price"":""401.00""},{""bid_quantity"":60,""ask_quantity"":120,""bid_orders"":3,""ask_orders"":1,""bid_price"":""399.30"",""ask_price"":""401.45""},{""bid_quantity"":60,""ask_quantity"":20,""bid_orders"":2,""ask_orders"":1,""bid_price"":""399.25"",""ask_price"":""401.75""}]"
09:15:32.322,1790307932322761715,1025674876695822,Full Data,8,887036,442.65,40,09:15:32,493.58,49320,19180,104120,155340,"[{""bid_quantity"":60,""ask_quantity"":40,""bid_orders"":3,""ask_orders"":2,""bid_price"":""443.25"",""ask_price"":""444.50""},{""bid_quantity"":40,""ask_quantity"":60,""bid_orders"":2,""ask_orders"":3,""bid_price"":""443.20"",""ask_price"":""444.60""},{""bid_quantity"":40,""ask_quantity"":140,""bid_orders"":1,""ask_orders"":2,""bid_price"":""443.05"",""ask_price"":""444.65""},{""bid_quantity"":100,""ask_quantity"":40,""bid_orders"":3,""ask_orders"":2,""bid_price"":""442.95"",""ask_price"":""445.80""},{""bid_quantity"":20,""ask_quantity"":80,""bid_orders"":1,""ask_orders"":3,""bid_price"":""442.85"",""ask_price"":""445.85""}]"
09:15:32.342,1790307932342326720,1025674896260627,Full Data,8,886872,231.25,60,09:15:32,267.91,52040,19480,31300,47980,"[{""bid_quantity"":20,""ask_quantity"":20,""bid_orders"":1,""ask_orders"":1,""bid_price"":""233.90"",""ask_price"":""234.45""},{""bid_quantity"":40,""ask_quantity"":60,""bid_orders"":2,""ask_orders"":3,""bid_price"":""233.80"",""ask_price"":""234.50""},{""bid_quantity"":20,""ask_quantity"":40,""bid_orders"":1,""ask_orders"":1,""bid_price"":""233.70"",""ask_price"":""235.00""},{""bid_quantity"":40,""ask_quantity"":40,""bid_orders"":2,""ask_orders"":2,""bid_price"":""233.65"",""ask_price"":""235.10""},{""bid_quantity"":40,""ask_quantity"":40,""bid_orders"":2,""ask_orders"":2,""bid_price"":""233.60"",""ask_price"":""235.15""}]"
09:15:32.369,1790307932369729215,1025674923663002,Full Data,8,887036,443.25,80,09:15:32,493.36,49540,18480,100760,155340,"[{""bid_quantity"":140,""ask_quantity"":20,""bid_orders"":4,""ask_orders"":1,""bid_price"":""442.50"",""ask_price"":""444.55""},{""bid_quantity"":20,""ask_quantity"":60,""bid_orders"":1,""ask_orders"":3,""bid_price"":""442.45"",""ask_price"":""444.60""},{""bid_quantity"":60,""ask_quantity"":60,""bid_orders"":3,""ask_orders"":2,""bid_price"":""442.40"",""ask_price"":""445.10""},{""bid_quantity"":60,""ask_quantity"":100,""bid_orders"":3,""ask_orders"":1,""bid_price"":""442.35"",""ask_price"":""445.15""},{""bid_quantity"":20,""ask_quantity"":140,""bid_orders"":1,""ask_orders"":1,""bid_price"":""442.25"",""ask_price"":""445.55""}]"
09:15:32.388,1790307932388357895,1025674942291642,Full Data,8,886872,231.25,60,09:15:32,267.91,52040,19700,31240,47980,"[{""bid_quantity"":20,""ask_quantity"":20,""bid_orders"":1,""ask_orders"":1,""bid_price"":""233.25"",""ask_price"":""233.90""},{""bid_quantity"":40,""ask_quantity"":20,""bid_orders"":2,""ask_orders"":1,""bid_price"":""233.20"",""ask_price"":""234.00""},{""bid_quantity"":80,""ask_quantity"":20,""bid_orders"":4,""ask_orders"":1,""bid_price"":""233.15"",""ask_price"":""234.25""},{""bid_quantity"":260,""ask_quantity"":40,""bid_orders"":4,""ask_orders"":2,""bid_price"":""233.10"",""ask_price"":""234.35""},{""bid_quantity"":80,""ask_quantity"":40,""bid_orders"":3,""ask_orders"":2,""bid_price"":""233.05"",""ask_price"":""234.45""}]"
09:15:32.407,1790307932407867099,1025674961801166,Full Data,8,886924,288.65,20,09:15:32,333.19,48060,20680,26120,59380,"[{""bid_quantity"":100,""ask_quantity"":40,""bid_orders"":5,""ask_orders"":2,""bid_price"":""291.20"",""ask_price"":""292.25""},{""bid_quantity"":100,""ask_quantity"":60,""bid_orders"":5,""ask_orders"":2,""bid_price"":""291.15"",""ask_price"":""292.55""},{""bid_quantity"":120,""ask_quantity"":60,""bid_orders"":3,""ask_orders"":3,""bid_price"":""291.00"",""ask_price"":""292.60""},{""bid_quantity"":60,""ask_quantity"":60,""bid_orders"":3,""ask_orders"":2,""bid_price"":""290.95"",""ask_price"":""293.10""},{""bid_quantity"":40,""ask_quantity"":60,""bid_orders"":2,""ask_orders"":2,""bid_price"":""290.85"",""ask_price"":""293.15""}]"
09:15:32.438,1790307932438195134,1025674992128961,Full Data,8,886924,288.65,20,09:15:32,333.19,48060,23140,26120,59380,"[{""bid_quantity"":20,""ask_quantity"":40,""bid_orders"":1,""ask_orders"":1,""bid_price"":""291.20"",""ask_price"":""291.90""},{""bid_quantity"":80,""ask_quantity"":20,""bid_orders"":4,""ask_orders"":1,""bid_price"":""291.15"",""ask_price"":""291.95""},{""bid_quantity"":340,""ask_quantity"":40,""bid_orders"":5,""ask_orders"":1,""bid_price"":""291.00"",""ask_price"":""292.00""},{""bid_quantity"":60,""ask_quantity"":40,""bid_orders"":3,""ask_orders"":2,""bid_price"":""290.80"",""ask_price"":""292.05""},{""bid_quantity"":40,""ask_quantity"":20,""bid_orders"":2,""ask_orders"":1,""bid_price"":""290.75"",""ask_price"":""292.10""}]"
09:15:32.519,1790307932519209812,1025675073143679,Full Data,8,886747,811.00,40,09:15:32,760.77,13440,14080,97780,5900,"[{""bid_quantity"":20,""ask_quantity"":20,""bid_orders"":1,""ask_orders"":1,""bid_price"":""810.35"",""ask_price"":""814.20""},{""bid_quantity"":260,""ask_quantity"":40,""bid_orders"":7,""ask_orders"":2,""bid_price"":""810.30"",""ask_price"":""814.30""},{""bid_quantity"":60,""ask_quantity"":60,""bid_orders"":2,""ask_orders"":3,""bid_price"":""810.05"",""ask_price"":""814.95""},{""bid_quantity"":60,""ask_quantity"":60,""bid_orders"":3,""ask_orders"":3,""bid_price"":""809.95"",""ask_price"":""815.10""},{""bid_quantity"":20,""ask_quantity"":120,""bid_orders"":1,""ask_orders"":2,""bid_price"":""809.10"",""ask_price"":""816.50""}]"
09:15:32.530,1790307932530577485,1025675084511272,Ticker Data,0,51,73660.88,,09:15:32,,,,,,
09:15:32.560,1790307932560734238,1025675114667945,Full Data,8,886805,680.60,20,09:15:32,641.88,57820,16540,109660,42420,"[{""bid_quantity"":60,""ask_quantity"":40,""bid_orders"":2,""ask_orders"":2,""bid_price"":""680.60"",""ask_price"":""683.30""},{""bid_quantity"":60,""ask_quantity"":40,""bid_orders"":2,""ask_orders"":2,""bid_price"":""680.55"",""ask_price"":""683.35""},{""bid_quantity"":180,""ask_quantity"":60,""bid_orders"":3,""ask_orders"":3,""bid_price"":""680.45"",""ask_price"":""683.45""},{""bid_quantity"":160,""ask_quantity"":40,""bid_orders"":1,""ask_orders"":2,""bid_price"":""680.15"",""ask_price"":""683.55""},{""bid_quantity"":40,""ask_quantity"":20,""bid_orders"":2,""ask_orders"":1,""bid_price"":""680.10"",""ask_price"":""683.75""}]"
09:15:32.581,1790307932581119849,1025675135053716,Full Data,8,887017,747.40,20,09:15:32,683.34,94300,16720,169660,74320,"[{""bid_quantity"":20,""ask_quantity"":20,""bid_orders"":1,""ask_orders"":1,""bid_price"":""745.20"",""ask_price"":""747.40""},{""bid_quantity"":20,""ask_quantity"":60,""bid_orders"":1,""ask_orders"":2,""bid_price"":""745.15"",""ask_price"":""747.45""},{""bid_quantity"":40,""ask_quantity"":20,""bid_orders"":2,""ask_orders"":1,""bid_price"":""745.00"",""ask_price"":""747.90""},{""bid_quantity"":20,""ask_quantity"":100,""bid_orders"":1,""ask_orders"":1,""bid_price"":""744.90"",""ask_price"":""748.00""},{""bid_quantity"":40,""ask_quantity"":20,""bid_orders"":2,""ask_orders"":1,""bid_price"":""744.85"",""ask_price"":""748.05""}]"
09:15:32.623,1790307932624004043,1025675177938150,Full Data,8,886747,811.00,40,09:15:32,760.77,13440,16320,97520,5900,"[{""bid_quantity"":80,""ask_quantity"":60,""bid_orders"":4,""ask_orders"":3,""bid_price"":""811.20"",""ask_price"":""814.80""},{""bid_quantity"":60,""ask_quantity"":80,""bid_orders"":2,""ask_orders"":4,""bid_price"":""810.55"",""ask_price"":""814.85""},{""bid_quantity"":20,""ask_quantity"":60,""bid_orders"":1,""ask_orders"":3,""bid_price"":""810.50"",""ask_price"":""814.90""},{""bid_quantity"":60,""ask_quantity"":60,""bid_orders"":3,""ask_orders"":3,""bid_price"":""810.45"",""ask_price"":""814.95""},{""bid_quantity"":200,""ask_quantity"":80,""bid_orders"":4,""ask_orders"":4,""bid_price"":""810.30"",""ask_price"":""815.00""}]"
09:15:32.628,1790307932628636713,1025675182570660,Full Data,8,886805,683.05,60,09:15:32,642.06,58080,18780,111980,42420,"[{""bid_quantity"":80,""ask_quantity"":40,""bid_orders"":3,""ask_orders"":2,""bid_price"":""680.85"",""ask_price"":""683.10""},{""bid_quantity"":220,""ask_quantity"":100,""bid_orders"":3,""ask_orders"":5,""bid_price"":""680.80"",""ask_price"":""683.15""},{""bid_quantity"":280,""ask_quantity"":60,""bid_orders"":5,""ask_orders"":3,""bid_price"":""680.35"",""ask_price"":""683.20""},{""bid_quantity"":80,""ask_quantity"":60,""bid_orders"":3,""ask_orders"":3,""bid_price"":""680.05"",""ask_price"":""683.40""},{""bid_quantity"":20,""ask_quantity"":40,""bid_orders"":1,""ask_orders"":2,""bid_price"":""680.00"",""ask_price"":""683.55""}]"
09:15:32.674,1790307932674530367,1025675228464274,Full Data,8,886951,883.45,20,09:15:32,821.46,5480,16240,99340,6000,"[{""bid_quantity"":40,""ask_quantity"":40,""bid_orders"":2,""ask_orders"":2,""bid_price"":""879.80"",""ask_price"":""883.85""},{""bid_quantity"":60,""ask_quantity"":40,""bid_orders"":2,""ask_orders"":2,""bid_price"":""878.10"",""ask_price"":""884.00""},{""bid_quantity"":120,""ask_quantity"":40,""bid_orders"":2,""ask_orders"":2,""bid_price"":""878.05"",""ask_price"":""884.10""},{""bid_quantity"":20,""ask_quantity"":40,""bid_orders"":1,""ask_orders"":1,""bid_price"":""877.10"",""ask_price"":""884.45""},{""bid_quantity"":40,""ask_quantity"":60,""bid_orders"":1,""ask_orders"":3,""bid_price"":""873.80"",""ask_price"":""884.50""}]"
09:15:32.718,1790307932718508288,1025675272442235,Full Data,8,887017,746.50,20,09:15:32,683.50,94540,17420,170040,74320,"[{""bid_quantity"":20,""ask_quantity"":40,""bid_orders"":1,""ask_orders"":2,""bid_price"":""744.65"",""ask_price"":""746.65""},{""bid_quantity"":40,""ask_quantity"":40,""bid_orders"":2,""ask_orders"":2,""bid_price"":""744.25"",""ask_price"":""746.70""},{""bid_quantity"":40,""ask_quantity"":60,""bid_orders"":2,""ask_orders"":3,""bid_price"":""744.05"",""ask_price"":""746.80""},{""bid_quantity"":80,""ask_quantity"":40,""bid_orders"":2,""ask_orders"":2,""bid_price"":""743.95"",""ask_price"":""746.85""},{""bid_quantity"":80,""ask_quantity"":20,""bid_orders"":3,""ask_orders"":1,""bid_price"":""743.90"",""ask_price"":""746.95""}]"
09:15:32.723,1790307932723117198,1025675277051105,Full Data,8,886951,883.45,20,09:15:32,821.46,5480,16260,100720,6000,"[{""bid_quantity"":60,""ask_quantity"":40,""bid_orders"":2,""ask_orders"":2,""bid_price"":""877.90"",""ask_price"":""881.60""},{""bid_quantity"":40,""ask_quantity"":60,""bid_orders"":2,""ask_orders"":3,""bid_price"":""877.85"",""ask_price"":""881.65""},{""bid_quantity"":40,""ask_quantity"":60,""bid_orders"":2,""ask_orders"":2,""bid_price"":""877.75"",""ask_price"":""882.05""},{""bid_quantity"":100,""ask_quantity"":40,""bid_orders"":2,""ask_orders"":2,""bid_price"":""877.65"",""ask_price"":""882.10""},{""bid_quantity"":100,""ask_quantity"":40,""bid_orders"":2,""ask_orders"":2,""bid_price"":""877.45"",""ask_price"":""882.20""}]"
09:15:32.771,1790307932771321986,1025675325255893,Full Data,8,886981,363.85,20,09:15:32,410.20,79660,23020,48640,63920,"[{""bid_quantity"":80,""ask_quantity"":40,""bid_orders"":4,""ask_orders"":2,""bid_price"":""363.10"",""ask_price"":""364.25""},{""bid_quantity"":60,""ask_quantity"":60,""bid_orders"":3,""ask_orders"":3,""bid_price"":""363.05"",""ask_price"":""364.55""},{""bid_quantity"":60,""ask_quantity"":80,""bid_orders"":3,""ask_orders"":3,""bid_price"":""363.00"",""ask_price"":""364.60""},{""bid_quantity"":260,""ask_quantity"":60,""bid_orders"":7,""ask_orders"":2,""bid_price"":""362.95"",""ask_price"":""364.65""},{""bid_quantity"":100,""ask_quantity"":160,""bid_orders"":5,""ask_orders"":2,""bid_price"":""362.90"",""ask_price"":""364.75""}]"
09:15:32.810,1790307932810938240,1025675364872267,Full Data,8,886572,619.25,120,09:15:32,576.58,56080,21380,107640,92640,"[{""bid_quantity"":40,""ask_quantity"":100,""bid_orders"":2,""ask_orders"":4,""bid_price"":""618.40"",""ask_price"":""620.20""},{""bid_quantity"":180,""ask_quantity"":80,""bid_orders"":3,""ask_orders"":3,""bid_price"":""618.35"",""ask_price"":""620.30""},{""bid_quantity"":40,""ask_quantity"":40,""bid_orders"":2,""ask_orders"":2,""bid_price"":""618.25"",""ask_price"":""620.35""},{""bid_quantity"":180,""ask_quantity"":20,""bid_orders"":3,""ask_orders"":1,""bid_price"":""618.05"",""ask_price"":""620.40""},{""bid_quantity"":120,""ask_quantity"":80,""bid_orders"":2,""ask_orders"":3,""bid_price"":""618.00"",""ask_price"":""620.45""}]"
09:15:32.848,1790307932848649561,1025675402583348,Full Data,8,886849,561.40,20,09:15:32,517.22,56760,18880,26220,167000,"[{""bid_quantity"":20,""ask_quantity"":40,""bid_orders"":1,""ask_orders"":2,""bid_price"":""561.20"",""ask_price"":""562.30""},{""bid_quantity"":40,""ask_quantity"":20,""bid_orders"":2,""ask_orders"":1,""bid_price"":""560.85"",""ask_price"":""562.35""},{""bid_quantity"":80,""ask_quantity"":40,""bid_orders"":3,""ask_orders"":2,""bid_price"":""560.35"",""ask_price"":""562.40""},{""bid_quantity"":160,""ask_quantity"":20,""bid_orders"":3,""ask_orders"":1,""bid_price"":""560.20"",""ask_price"":""562.50""},{""bid_quantity"":100,""ask_quantity"":40,""bid_orders"":3,""ask_orders"":2,""bid_price"":""560.05"",""ask_price"":""562.60""}]"
09:15:32.852,1790307932852980149,1025675406913936,Full Data,8,886692,963.55,40,09:15:31,888.98,2760,14320,94920,4500,"[{""bid_quantity"":100,""ask_quantity"":60,""bid_orders"":4,""ask_orders"":3,""bid_price"":""949.30"",""ask_price"":""953.70""},{""bid_quantity"":60,""ask_quantity"":40,""bid_orders"":3,""ask_orders"":2,""bid_price"":""949.25"",""ask_price"":""956.05""},{""bid_quantity"":200,""ask_quantity"":60,""bid_orders"":4,""ask_orders"":2,""bid_price"":""949.10"",""ask_price"":""956.10""},{""bid_quantity"":60,""ask_quantity"":100,""bid_orders"":3,""ask_orders"":1,""bid_price"":""949.00"",""ask_price"":""956.15""},{""bid_quantity"":140,""ask_quantity"":20,""bid_orders"":3,""ask_orders"":1,""bid_price"":""948.25"",""ask_price"":""957.65""}]"
09:15:32.888,1790307932888195735,1025675442129562,Full Data,8,886572,618.90,20,09:15:32,576.73,56280,18540,105140,92640,"[{""bid_quantity"":20,""ask_quantity"":40,""bid_orders"":1,""ask_orders"":1,""bid_price"":""618.35"",""ask_price"":""619.75""},{""bid_quantity"":60,""ask_quantity"":40,""bid_orders"":2,""ask_orders"":2,""bid_price"":""618.20"",""ask_price"":""619.80""},{""bid_quantity"":40,""ask_quantity"":60,""bid_orders"":2,""ask_orders"":2,""bid_price"":""618.15"",""ask_price"":""619.85""},{""bid_quantity"":20,""ask_quantity"":40,""bid_orders"":1,""ask_orders"":2,""bid_price"":""618.05"",""ask_price"":""619.90""},{""bid_quantity"":200,""ask_quantity"":20,""bid_orders"":3,""ask_orders"":1,""bid_price"":""618.00"",""ask_price"":""619.95""}]"
09:15:32.889,1790307932889445503,1025675443379250,Full Data,8,886849,562.75,20,09:15:32,517.41,57000,17800,27180,167000,"[{""bid_quantity"":60,""ask_quantity"":60,""bid_orders"":2,""ask_orders"":3,""bid_price"":""561.90"",""ask_price"":""562.80""},{""bid_quantity"":40,""ask_quantity"":140,""bid_orders"":2,""ask_orders"":3,""bid_price"":""561.85"",""ask_price"":""563.85""},{""bid_quantity"":220,""ask_quantity"":40,""bid_orders"":2,""ask_orders"":1,""bid_price"":""561.75"",""ask_price"":""564.00""},{""bid_quantity"":40,""ask_quantity"":100,""bid_orders"":2,""ask_orders"":4,""bid_price"":""561.70"",""ask_price"":""564.85""},{""bid_quantity"":40,""ask_quantity"":220,""bid_orders"":2,""ask_orders"":3,""bid_price"":""561.65"",""ask_price"":""564.90""}]"
09:15:32.901,1790307932901155178,1025675455089365,Full Data,8,886692,963.55,40,09:15:31,888.98,2760,14780,94440,4500,"[{""bid_quantity"":80,""ask_quantity"":40,""bid_orders"":3,""ask_orders"":2,""bid_price"":""945.40"",""ask_price"":""952.50""},{""bid_quantity"":20,""ask_quantity"":60,""bid_orders"":1,""ask_orders"":2,""bid_price"":""945.35"",""ask_price"":""952.55""},{""bid_quantity"":40,""ask_quantity"":60,""bid_orders"":2,""ask_orders"":3,""bid_price"":""945.20"",""ask_price"":""952.60""},{""bid_quantity"":20,""ask_quantity"":40,""bid_orders"":1,""ask_orders"":2,""bid_price"":""945.15"",""ask_price"":""952.65""},{""bid_quantity"":20,""ask_quantity"":40,""bid_orders"":1,""ask_orders"":2,""bid_price"":""945.10"",""ask_price"":""952.80""}]"
09:15:32.961,1790307932961965447,1025675515899394,Full Data,8,886718,329.40,140,09:15:32,371.45,176440,23040,33920,276660,"[{""bid_quantity"":260,""ask_quantity"":20,""bid_orders"":3,""ask_orders"":1,""bid_price"":""328.75"",""ask_price"":""329.55""},{""bid_quantity"":40,""ask_quantity"":100,""bid_orders"":2,""ask_orders"":1,""bid_price"":""328.60"",""ask_price"":""330.00""},{""bid_quantity"":160,""ask_quantity"":60,""bid_orders"":1,""ask_orders"":1,""bid_price"":""328.50"",""ask_price"":""331.20""},{""bid_quantity"":40,""ask_quantity"":80,""bid_orders"":1,""ask_orders"":1,""bid_price"":""328.40"",""ask_price"":""331.85""},{""bid_quantity"":20,""ask_quantity"":20,""bid_orders"":1,""ask_orders"":1,""bid_price"":""327.75"",""ask_price"":""332.05""}]"
09:15:33.072,1790307933072182593,1025675626117100,Full Data,8,887124,261.75,40,09:15:33,293.92,42180,24440,25280,64860,"[{""bid_quantity"":40,""ask_quantity"":80,""bid_orders"":2,""ask_orders"":3,""bid_price"":""260.65"",""ask_price"":""261.90""},{""bid_quantity"":40,""ask_quantity"":60,""bid_orders"":2,""ask_orders"":3,""bid_price"":""260.60"",""ask_price"":""261.95""},{""bid_quantity"":120,""ask_quantity"":40,""bid_orders"":3,""ask_orders"":2,""bid_price"":""260.55"",""ask_price"":""262.00""},{""bid_quantity"":60,""ask_quantity"":60,""bid_orders"":3,""ask_orders"":3,""bid_price"":""260.50"",""ask_price"":""262.05""},{""bid_quantity"":40,""ask_quantity"":40,""bid_orders"":2,""ask_orders"":2,""bid_price"":""260.45"",""ask_price"":""262.15""}]"
09:15:33.290,1790307933290101508,1025675844035815,Full Data,8,886776,398.85,20,09:15:33,445.32,42660,23680,102540,67800,"[{""bid_quantity"":20,""ask_quantity"":80,""bid_orders"":1,""ask_orders"":4,""bid_price"":""398.50"",""ask_price"":""399.40""},{""bid_quantity"":20,""ask_quantity"":60,""bid_orders"":1,""ask_orders"":3,""bid_price"":""398.35"",""ask_price"":""399.50""},{""bid_quantity"":60,""ask_quantity"":60,""bid_orders"":2,""ask_orders"":3,""bid_price"":""397.75"",""ask_price"":""399.60""},{""bid_quantity"":20,""ask_quantity"":180,""bid_orders"":1,""ask_orders"":3,""bid_price"":""397.65"",""ask_price"":""399.65""},{""bid_quantity"":20,""ask_quantity"":440,""bid_orders"":1,""ask_orders"":3,""bid_price"":""397.40"",""ask_price"":""399.70""}]"
09:15:33.372,1790307933372188153,1025675926122140,Full Data,8,887036,438.30,20,09:15:33,491.15,51860,19140,101220,155340,"[{""bid_quantity"":100,""ask_quantity"":20,""bid_orders"":4,""ask_orders"":1,""bid_price"":""438.55"",""ask_price"":""440.25""},{""bid_quantity"":60,""ask_quantity"":20,""bid_orders"":3,""ask_orders"":1,""bid_price"":""438.40"",""ask_price"":""440.35""},{""bid_quantity"":120,""ask_quantity"":20,""bid_orders"":2,""ask_orders"":1,""bid_price"":""438.35"",""ask_price"":""440.45""},{""bid_quantity"":120,""ask_quantity"":40,""bid_orders"":1,""ask_orders"":2,""bid_price"":""438.25"",""ask_price"":""440.55""},{""bid_quantity"":20,""ask_quantity"":20,""bid_orders"":1,""ask_orders"":1,""bid_price"":""438.20"",""ask_price"":""440.60""}]"
09:15:33.395,1790307933395050860,1025675948984847,Full Data,8,886872,230.90,20,09:15:33,267.38,52840,19820,30180,47980,"[{""bid_quantity"":240,""ask_quantity"":100,""bid_orders"":5,""ask_orders"":4,""bid_price"":""230.20"",""ask_price"":""231.55""},{""bid_quantity"":60,""ask_quantity"":140,""bid_orders"":3,""ask_orders"":3,""bid_price"":""230.10"",""ask_price"":""231.60""},{""bid_quantity"":40,""ask_quantity"":60,""bid_orders"":2,""ask_orders"":3,""bid_price"":""230.00"",""ask_price"":""231.65""},{""bid_quantity"":180,""ask_quantity"":60,""bid_orders"":2,""ask_orders"":2,""bid_price"":""229.95"",""ask_price"":""231.75""},{""bid_quantity"":120,""ask_quantity"":20,""bid_orders"":4,""ask_orders"":1,""bid_price"":""229.90"",""ask_price"":""231.80""}]"
09:15:33.446,1790307933446031906,1025675999966253,Full Data,8,886924,288.75,40,09:15:33,331.55,50040,20880,24620,59380,"[{""bid_quantity"":120,""ask_quantity"":60,""bid_orders"":5,""ask_orders"":3,""bid_price"":""288.65"",""ask_price"":""290.25""},{""bid_quantity"":60,""ask_quantity"":60,""bid_orders"":3,""ask_orders"":3,""bid_price"":""288.60"",""ask_price"":""290.30""},{""bid_quantity"":120,""ask_quantity"":60,""bid_orders"":5,""ask_orders"":3,""bid_price"":""288.55"",""ask_price"":""290.40""},{""bid_quantity"":220,""ask_quantity"":20,""bid_orders"":5,""ask_orders"":1,""bid_price"":""288.50"",""ask_price"":""290.45""},{""bid_quantity"":20,""ask_quantity"":240,""bid_orders"":1,""ask_orders"":3,""bid_price"":""288.40"",""ask_price"":""290.50""}]"
09:15:33.455,1790307933455361406,1025676009295233,Full Data,8,886924,288.75,40,09:15:33,331.55,50040,20100,24440,59380,"[{""bid_quantity"":60,""ask_quantity"":140,""bid_orders"":2,""ask_orders"":4,""bid_price"":""290.05"",""ask_price"":""291.20""},{""bid_quantity"":60,""ask_quantity"":120,""bid_orders"":3,""ask_orders"":2,""bid_price"":""290.00"",""ask_price"":""291.50""},{""bid_quantity"":60,""ask_quantity"":20,""bid_orders"":2,""ask_orders"":1,""bid_price"":""289.95"",""ask_price"":""292.05""},{""bid_quantity"":80,""ask_quantity"":20,""bid_orders"":4,""ask_orders"":1,""bid_price"":""289.90"",""ask_price"":""292.75""},{""bid_quantity"":80,""ask_quantity"":40,""bid_orders"":3,""ask_orders"":2,""bid_price"":""289.85"",""ask_price"":""292.80""}]"
09:15:33.466,1790307933466026874,1025676019960701,Full Data,8,887036,441.50,20,09:15:33,491.01,52000,17220,101300,155340,"[{""bid_quantity"":40,""ask_quantity"":20,""bid_orders"":2,""ask_orders"":1,""bid_price"":""441.20"",""ask_price"":""442.40""},{""bid_quantity"":220,""ask_quantity"":40,""bid_orders"":3,""ask_orders"":2,""bid_price"":""441.15"",""ask_price"":""442.50""},{""bid_quantity"":20,""ask_quantity"":40,""bid_orders"":1,""ask_orders"":2,""bid_price"":""441.10"",""ask_price"":""442.70""},{""bid_quantity"":20,""ask_quantity"":20,""bid_orders"":1,""ask_orders"":1,""bid_price"":""441.05"",""ask_price"":""442.95""},{""bid_quantity"":40,""ask_quantity"":40,""bid_orders"":2,""ask_orders"":1,""bid_price"":""441.00"",""ask_price"":""443.85""}]"
09:15:33.493,1790307933493838332,1025676047772199,Full Data,8,886872,232.70,20,09:15:33,267.37,52860,20120,32020,47980,"[{""bid_quantity"":380,""ask_quantity"":20,""bid_orders"":6,""ask_orders"":1,""bid_price"":""231.95"",""ask_price"":""233.60""},{""bid_quantity"":20,""ask_quantity"":80,""bid_orders"":1,""ask_orders"":1,""bid_price"":""231.90"",""ask_price"":""233.95""},{""bid_quantity"":60,""ask_quantity"":120,""bid_orders"":2,""ask_orders"":2,""bid_price"":""231.85"",""ask_price"":""234.00""},{""bid_quantity"":80,""ask_quantity"":100,""bid_orders"":4,""ask_orders"":1,""bid_price"":""231.80"",""ask_price"":""234.45""},{""bid_quantity"":20,""ask_quantity"":220,""bid_orders"":1,""ask_orders"":2,""bid_price"":""231.75"",""ask_price"":""234.50""}]"
09:15:33.544,1790307933544204295,1025676098138362,Ticker Data,0,51,73671.34,,09:15:33,,,,,,
09:15:33.559,1790307933559799435,1025676113733142,Full Data,8,886747,813.25,20,09:15:33,762.52,13880,14480,95200,5900,"[{""bid_quantity"":20,""ask_quantity"":60,""bid_orders"":1,""ask_orders"":3,""bid_price"":""809.75"",""ask_price"":""814.95""},{""bid_quantity"":40,""ask_quantity"":60,""bid_orders"":2,""ask_orders"":3,""bid_price"":""809.70"",""ask_price"":""815.00""},{""bid_quantity"":40,""ask_quantity"":80,""bid_orders"":2,""ask_orders"":4,""bid_price"":""809.55"",""ask_price"":""815.10""},{""bid_quantity"":20,""ask_quantity"":20,""bid_orders"":1,""ask_orders"":1,""bid_price"":""809.50"",""ask_price"":""815.15""},{""bid_quantity"":20,""ask_quantity"":100,""bid_orders"":1,""ask_orders"":5,""bid_price"":""809.45"",""ask_price"":""815.30""}]"
09:15:33.599,1790307933599663010,1025676153597117,Full Data,8,886805,681.55,40,09:15:33,643.72,60560,16880,108700,42420,"[{""bid_quantity"":20,""ask_quantity"":80,""bid_orders"":1,""ask_orders"":3,""bid_price"":""679.75"",""ask_price"":""681.70""},{""bid_quantity"":40,""ask_quantity"":60,""bid_orders"":2,""ask_orders"":3,""bid_price"":""679.55"",""ask_price"":""681.75""},{""bid_quantity"":40,""ask_quantity"":60,""bid_orders"":2,""ask_orders"":3,""bid_price"":""679.40"",""ask_price"":""681.80""},{""bid_quantity"":40,""ask_quantity"":80,""bid_orders"":1,""ask_orders"":3,""bid_price"":""678.70"",""ask_price"":""681.85""},{""bid_quantity"":40,""ask_quantity"":20,""bid_orders"":2,""ask_orders"":1,""bid_price"":""678.55"",""ask_price"":""681.90""}]"
09:15:33.649,1790307933649867451,1025676203801678,Full Data,8,887017,745.20,20,09:15:33,684.64,96360,16720,168240,74320,"[{""bid_quantity"":40,""ask_quantity"":40,""bid_orders"":2,""ask_orders"":2,""bid_price"":""742.75"",""ask_price"":""745.55""},{""bid_quantity"":40,""ask_quantity"":40,""bid_orders"":2,""ask_orders"":2,""bid_price"":""742.70"",""ask_price"":""745.60""},{""bid_quantity"":40,""ask_quantity"":120,""bid_orders"":2,""ask_orders"":2,""bid_price"":""742.65"",""ask_price"":""746.30""},{""bid_quantity"":140,""ask_quantity"":60,""bid_orders"":2,""ask_orders"":1,""bid_price"":""742.50"",""ask_price"":""746.35""},{""bid_quantity"":40,""ask_quantity"":40,""bid_orders"":2,""ask_orders"":1,""bid_price"":""742.45"",""ask_price"":""746.40""}]"
09:15:33.655,1790307933655340606,1025676209274513,Full Data,8,886747,813.25,20,09:15:33,762.52,13880,14560,95420,5900,"[{""bid_quantity"":60,""ask_quantity"":60,""bid_orders"":3,""ask_orders"":3,""bid_price"":""809.75"",""ask_price"":""814.40""},{""bid_quantity"":20,""ask_quantity"":40,""bid_orders"":1,""ask_orders"":2,""bid_price"":""809.70"",""ask_price"":""814.45""},{""bid_quantity"":20,""ask_quantity"":60,""bid_orders"":1,""ask_orders"":3,""bid_price"":""809.05"",""ask_price"":""814.55""},{""bid_quantity"":20,""ask_quantity"":40,""bid_orders"":1,""ask_orders"":2,""bid_price"":""808.95"",""ask_price"":""814.60""},{""bid_quantity"":60,""ask_quantity"":60,""bid_orders"":3,""ask_orders"":3,""bid_price"":""808.80"",""ask_price"":""814.65""}]"
09:15:33.677,1790307933677368147,1025676231302094,Full Data,8,886805,681.85,20,09:15:33,643.73,60580,16680,108820,42420,"[{""bid_quantity"":20,""ask_quantity"":20,""bid_orders"":1,""ask_orders"":1,""bid_price"":""679.40"",""ask_price"":""680.90""},{""bid_quantity"":60,""ask_quantity"":40,""bid_orders"":2,""ask_orders"":2,""bid_price"":""679.25"",""ask_price"":""680.95""},{""bid_quantity"":140,""ask_quantity"":40,""bid_orders"":3,""ask_orders"":2,""bid_price"":""677.60"",""ask_price"":""681.00""},{""bid_quantity"":60,""ask_quantity"":60,""bid_orders"":3,""ask_orders"":3,""bid_price"":""677.40"",""ask_price"":""681.10""},{""bid_quantity"":100,""ask_quantity"":20,""bid_orders"":2,""ask_orders"":1,""bid_price"":""677.35"",""ask_price"":""681.15""}]"
09:15:33.738,1790307933738965542,1025676292899649,Full Data,8,886951,881.65,40,09:15:33,822.08,5540,15580,97580,6000,"[{""bid_quantity"":40,""ask_quantity"":220,""bid_orders"":2,""ask_orders"":8,""bid_price"":""877.10"",""ask_price"":""883.65""},{""bid_quantity"":60,""ask_quantity"":180,""bid_orders"":2,""ask_orders"":5,""bid_price"":""870.90"",""ask_price"":""883.75""},{""bid_quantity"":300,""ask_quantity"":100,""bid_orders"":2,""ask_orders"":3,""bid_price"":""870.30"",""ask_price"":""883.80""},{""bid_quantity"":100,""ask_quantity"":20,""bid_orders"":1,""ask_orders"":1,""bid_price"":""870.00"",""ask_price"":""883.85""},{""bid_quantity"":40,""ask_quantity"":60,""bid_orders"":1,""ask_orders"":3,""bid_price"":""867.65"",""ask_price"":""883.90""}]"
09:15:33.746,1790307933746651991,1025676300585898,Full Data,8,887017,743.45,20,09:15:33,684.83,96660,19020,169880,74320,"[{""bid_quantity"":40,""ask_quantity"":60,""bid_orders"":2,""ask_orders"":3,""bid_price"":""740.60"",""ask_price"":""743.60""},{""bid_quantity"":60,""ask_quantity"":40,""bid_orders"":2,""ask_orders"":2,""bid_price"":""740.45"",""ask_price"":""743.65""},{""bid_quantity"":60,""ask_quantity"":40,""bid_orders"":2,""ask_orders"":2,""bid_price"":""740.40"",""ask_price"":""743.75""},{""bid_quantity"":40,""ask_quantity"":20,""bid_orders"":2,""ask_orders"":1,""bid_price"":""739.60"",""ask_price"":""743.85""},{""bid_quantity"":20,""ask_quantity"":60,""bid_orders"":1,""ask_orders"":2,""bid_price"":""739.55"",""ask_price"":""744.00""}]"
09:15:33.768,1790307933768773613,1025676322707560,Full Data,8,886951,881.65,40,09:15:33,822.08,5540,17540,99700,6000,"[{""bid_quantity"":40,""ask_quantity"":240,""bid_orders"":2,""ask_orders"":9,""bid_price"":""874.00"",""ask_price"":""882.15""},{""bid_quantity"":60,""ask_quantity"":40,""bid_orders"":2,""ask_orders"":2,""bid_price"":""870.05"",""ask_price"":""882.20""},{""bid_quantity"":100,""ask_quantity"":40,""bid_orders"":1,""ask_orders"":2,""bid_price"":""870.00"",""ask_price"":""882.30""},{""bid_quantity"":20,""ask_quantity"":40,""bid_orders"":1,""ask_orders"":2,""bid_price"":""866.35"",""ask_price"":""882.35""},{""bid_quantity"":300,""ask_quantity"":60,""bid_orders"":2,""ask_orders"":3,""bid_price"":""866.30"",""ask_price"":""882.40""}]"
09:15:33.799,1790307933799033366,1025676352967353,Full Data,8,886981,367.00,20,09:15:33,409.16,81440,22260,47620,63920,"[{""bid_quantity"":60,""ask_quantity"":180,""bid_orders"":3,""ask_orders"":2,""bid_price"":""365.80"",""ask_price"":""366.80""},{""bid_quantity"":100,""ask_quantity"":60,""bid_orders"":4,""ask_orders"":3,""bid_price"":""364.90"",""ask_price"":""366.85""},{""bid_quantity"":60,""ask_quantity"":40,""bid_orders"":3,""ask_orders"":2,""bid_price"":""364.70"",""ask_price"":""367.00""},{""bid_quantity"":60,""ask_quantity"":60,""bid_orders"":2,""ask_orders"":3,""bid_price"":""364.60"",""ask_price"":""367.15""},{""bid_quantity"":60,""ask_quantity"":60,""bid_orders"":2,""ask_orders"":1,""bid_price"":""364.55"",""ask_price"":""367.20""}]"
09:15:33.875,1790307933875246534,1025676429180681,Full Data,8,886849,558.65,20,09:15:33,519.16,59260,17780,27940,167000,"[{""bid_quantity"":40,""ask_quantity"":60,""bid_orders"":2,""ask_orders"":3,""bid_price"":""559.10"",""ask_price"":""560.40""},{""bid_quantity"":60,""ask_quantity"":60,""bid_orders"":3,""ask_orders"":3,""bid_price"":""559.05"",""ask_price"":""560.65""},{""bid_quantity"":140,""ask_quantity"":60,""bid_orders"":3,""ask_orders"":3,""bid_price"":""559.00"",""ask_price"":""560.85""},{""bid_quantity"":360,""ask_quantity"":80,""bid_orders"":6,""ask_orders"":3,""bid_price"":""558.95"",""ask_price"":""560.95""},{""bid_quantity"":60,""ask_quantity"":60,""bid_orders"":3,""ask_orders"":3,""bid_price"":""558.90"",""ask_price"":""561.00""}]"
09:15:33.902,1790307933902862911,1025676456796858,Full Data,8,886692,953.70,20,09:15:33,889.91,2800,16640,97020,4500,"[{""bid_quantity"":100,""ask_quantity"":40,""bid_orders"":4,""ask_orders"":2,""bid_price"":""945.85"",""ask_price"":""951.35""},{""bid_quantity"":60,""ask_quantity"":40,""bid_orders"":3,""ask_orders"":2,""bid_price"":""945.80"",""ask_price"":""951.45""},{""bid_quantity"":200,""ask_quantity"":40,""bid_orders"":4,""ask_orders"":2,""bid_price"":""945.60"",""ask_price"":""953.95""},{""bid_quantity"":40,""ask_quantity"":40,""bid_orders"":2,""ask_orders"":1,""bid_price"":""945.50"",""ask_price"":""954.00""},{""bid_quantity"":140,""ask_quantity"":60,""bid_orders"":3,""ask_orders"":3,""bid_price"":""943.40"",""ask_price"":""954.35""}]"
09:15:33.925,1790307933925457496,1025676479391403,Full Data,8,886572,618.65,40,09:15:33,578.31,58380,20220,107460,92640,"[{""bid_quantity"":40,""ask_quantity"":40,""bid_orders"":1,""ask_orders"":2,""bid_price"":""617.60"",""ask_price"":""618.90""},{""bid_quantity"":20,""ask_quantity"":60,""bid_orders"":1,""ask_orders"":2,""bid_price"":""617.55"",""ask_price"":""619.05""},{""bid_quantity"":40,""ask_quantity"":120,""bid_orders"":1,""ask_orders"":1,""bid_price"":""617.50"",""ask_price"":""619.45""},{""bid_quantity"":60,""ask_quantity"":80,""bid_orders"":3,""ask_orders"":2,""bid_price"":""617.45"",""ask_price"":""619.50""},{""bid_quantity"":40,""ask_quantity"":60,""bid_orders"":2,""ask_orders"":2,""bid_price"":""617.35"",""ask_price"":""619.75""}]"
09:15:33.977,1790307933977874751,1025676531808858,Full Data,8,886718,327.05,20,09:15:33,370.88,178720,27000,34640,276660,"[{""bid_quantity"":40,""ask_quantity"":80,""bid_orders"":2,""ask_orders"":1,""bid_price"":""326.55"",""ask_price"":""327.25""},{""bid_quantity"":160,""ask_quantity"":60,""bid_orders"":2,""ask_orders"":2,""bid_price"":""326.20"",""ask_price"":""327.70""},{""bid_quantity"":20,""ask_quantity"":80,""bid_orders"":1,""ask_orders"":3,""bid_price"":""325.65"",""ask_price"":""327.80""},{""bid_quantity"":360,""ask_quantity"":20,""bid_orders"":5,""ask_orders"":1,""bid_price"":""325.60"",""ask_price"":""327.85""},{""bid_quantity"":60,""ask_quantity"":20,""bid_orders"":2,""ask_orders"":1,""bid_price"":""325.55"",""ask_price"":""327.90""}]"
09:15:33.980,1790307933980016245,1025676533950032,Full Data,8,886849,562.00,20,09:15:33,519.35,59540,20340,28380,167000,"[{""bid_quantity"":60,""ask_quantity"":60,""bid_orders"":3,""ask_orders"":3,""bid_price"":""560.60"",""ask_price"":""562.05""},{""bid_quantity"":80,""ask_quantity"":140,""bid_orders"":4,""ask_orders"":4,""bid_price"":""560.40"",""ask_price"":""562.15""},{""bid_quantity"":60,""ask_quantity"":80,""bid_orders"":3,""ask_orders"":4,""bid_price"":""560.30"",""ask_price"":""562.25""},{""bid_quantity"":20,""ask_quantity"":60,""bid_orders"":1,""ask_orders"":3,""bid_price"":""560.25"",""ask_price"":""562.35""},{""bid_quantity"":80,""ask_quantity"":60,""bid_orders"":3,""ask_orders"":3,""bid_price"":""560.20"",""ask_price"":""562.40""}]"
09:15:34.019,1790307934019999941,1025676573933888,Full Data,8,886692,953.70,20,09:15:33,889.91,2800,16340,96980,4500,"[{""bid_quantity"":120,""ask_quantity"":40,""bid_orders"":5,""ask_orders"":2,""bid_price"":""946.15"",""ask_price"":""952.85""},{""bid_quantity"":60,""ask_quantity"":40,""bid_orders"":3,""ask_orders"":2,""bid_price"":""946.10"",""ask_price"":""953.10""},{""bid_quantity"":120,""ask_quantity"":40,""bid_orders"":4,""ask_orders"":2,""bid_price"":""945.95"",""ask_price"":""953.20""},{""bid_quantity"":60,""ask_quantity"":20,""bid_orders"":3,""ask_orders"":1,""bid_price"":""945.85"",""ask_price"":""953.25""},{""bid_quantity"":60,""ask_quantity"":40,""bid_orders"":3,""ask_orders"":2,""bid_price"":""945.80"",""ask_price"":""953.30""}]"
09:15:34.138,1790307934138166258,1025676692100285,Full Data,8,887124,264.50,20,09:15:34,293.22,43200,22000,24840,64860,"[{""bid_quantity"":40,""ask_quantity"":60,""bid_orders"":2,""ask_orders"":3,""bid_price"":""263.50"",""ask_price"":""264.50""},{""bid_quantity"":40,""ask_quantity"":60,""bid_orders"":2,""ask_orders"":3,""bid_price"":""263.25"",""ask_price"":""264.55""},{""bid_quantity"":40,""ask_quantity"":40,""bid_orders"":2,""ask_orders"":2,""bid_price"":""263.15"",""ask_price"":""264.75""},{""bid_quantity"":20,""ask_quantity"":40,""bid_orders"":1,""ask_orders"":2,""bid_price"":""263.10"",""ask_price"":""264.80""},{""bid_quantity"":20,""ask_quantity"":60,""bid_orders"":1,""ask_orders"":3,""bid_price"":""263.05"",""ask_price"":""264.85""}]"
09:15:34.287,1790307934287160091,1025676841094398,Full Data,8,886776,403.55,20,09:15:34,443.80,44220,22060,102620,67800,"[{""bid_quantity"":40,""ask_quantity"":40,""bid_orders"":2,""ask_orders"":2,""bid_price"":""402.80"",""ask_price"":""404.70""},{""bid_quantity"":40,""ask_quantity"":20,""bid_orders"":1,""ask_orders"":1,""bid_price"":""402.75"",""ask_price"":""404.75""},{""bid_quantity"":60,""ask_quantity"":20,""bid_orders"":3,""ask_orders"":1,""bid_price"":""402.70"",""ask_price"":""404.80""},{""bid_quantity"":40,""ask_quantity"":20,""bid_orders"":2,""ask_orders"":1,""bid_price"":""402.60"",""ask_price"":""404.85""},{""bid_quantity"":80,""ask_quantity"":20,""bid_orders"":4,""ask_orders"":1,""bid_price"":""402.45"",""ask_price"":""404.90""}]"
09:15:34.440,1790307934440997996,1025676994931943,Full Data,8,886924,293.10,20,09:15:34,331.26,50420,20640,25040,59380,"[{""bid_quantity"":20,""ask_quantity"":20,""bid_orders"":1,""ask_orders"":1,""bid_price"":""292.70"",""ask_price"":""293.95""},{""bid_quantity"":40,""ask_quantity"":100,""bid_orders"":1,""ask_orders"":1,""bid_price"":""292.25"",""ask_price"":""294.00""},{""bid_quantity"":40,""ask_quantity"":40,""bid_orders"":1,""ask_orders"":2,""bid_price"":""292.20"",""ask_price"":""294.35""},{""bid_quantity"":40,""ask_quantity"":40,""bid_orders"":2,""ask_orders"":1,""bid_price"":""292.15"",""ask_price"":""294.40""},{""bid_quantity"":80,""ask_quantity"":100,""bid_orders"":3,""ask_orders"":1,""bid_price"":""292.05"",""ask_price"":""294.50""}]"
09:15:34.451,1790307934451046221,1025677004979968,Full Data,8,887036,443.90,80,09:15:34,487.80,55940,19040,103160,155340,"[{""bid_quantity"":140,""ask_quantity"":20,""bid_orders"":3,""ask_orders"":1,""bid_price"":""443.65"",""ask_price"":""445.80""},{""bid_quantity"":140,""ask_quantity"":20,""bid_orders"":3,""ask_orders"":1,""bid_price"":""443.60"",""ask_price"":""445.85""},{""bid_quantity"":40,""ask_quantity"":40,""bid_orders"":2,""ask_orders"":2,""bid_price"":""443.55"",""ask_price"":""445.90""},{""bid_quantity"":40,""ask_quantity"":240,""bid_orders"":2,""ask_orders"":4,""bid_price"":""443.50"",""ask_price"":""446.05""},{""bid_quantity"":100,""ask_quantity"":40,""bid_orders"":1,""ask_orders"":2,""bid_price"":""443.45"",""ask_price"":""446.10""}]"
09:15:34.471,1790307934471935474,1025677025869621,Full Data,8,886872,234.70,60,09:15:34,266.91,53620,19900,33260,47980,"[{""bid_quantity"":80,""ask_quantity"":80,""bid_orders"":2,""ask_orders"":1,""bid_price"":""234.85"",""ask_price"":""235.65""},{""bid_quantity"":40,""ask_quantity"":60,""bid_orders"":2,""ask_orders"":3,""bid_price"":""234.80"",""ask_price"":""235.70""},{""bid_quantity"":20,""ask_quantity"":20,""bid_orders"":1,""ask_orders"":1,""bid_price"":""234.70"",""ask_price"":""235.85""},{""bid_quantity"":60,""ask_quantity"":40,""bid_orders"":2,""ask_orders"":1,""bid_price"":""234.60"",""ask_price"":""236.15""},{""bid_quantity"":20,""ask_quantity"":140,""bid_orders"":1,""ask_orders"":3,""bid_price"":""234.55"",""ask_price"":""236.20""}]"
09:15:34.498,1790307934498598885,1025677052532872,Full Data,8,886924,293.10,20,09:15:34,331.26,50420,21100,25360,59380,"[{""bid_quantity"":20,""ask_quantity"":20,""bid_orders"":1,""ask_orders"":1,""bid_price"":""292.15"",""ask_price"":""293.65""},{""bid_quantity"":40,""ask_quantity"":20,""bid_orders"":1,""ask_orders"":1,""bid_price"":""292.10"",""ask_price"":""293.75""},{""bid_quantity"":20,""ask_quantity"":60,""bid_orders"":1,""ask_orders"":3,""bid_price"":""292.05"",""ask_price"":""293.80""},{""bid_quantity"":40,""ask_quantity"":20,""bid_orders"":1,""ask_orders"":1,""bid_price"":""292.00"",""ask_price"":""293.85""},{""bid_quantity"":20,""ask_quantity"":20,""bid_orders"":1,""ask_orders"":1,""bid_price"":""291.95"",""ask_price"":""293.95""}]"
09:15:34.500,1790307934500458457,1025677054392284,Full Data,8,887036,443.65,80,09:15:34,487.74,56020,21580,101940,155340,"[{""bid_quantity"":60,""ask_quantity"":40,""bid_orders"":3,""ask_orders"":2,""bid_price"":""442.90"",""ask_price"":""444.25""},{""bid_quantity"":80,""ask_quantity"":60,""bid_orders"":3,""ask_orders"":3,""bid_price"":""442.85"",""ask_price"":""444.35""},{""bid_quantity"":160,""ask_quantity"":20,""bid_orders"":3,""ask_orders"":1,""bid_price"":""442.75"",""ask_price"":""444.45""},{""bid_quantity"":280,""ask_quantity"":20,""bid_orders"":4,""ask_orders"":1,""bid_price"":""442.65"",""ask_price"":""444.50""},{""bid_quantity"":40,""ask_quantity"":20,""bid_orders"":2,""ask_orders"":1,""bid_price"":""442.50"",""ask_price"":""444.55""}]"
09:15:34.509,1790307934509296114,1025677063229901,Full Data,8,886872,234.70,60,09:15:34,266.91,53620,22500,32700,47980,"[{""bid_quantity"":20,""ask_quantity"":80,""bid_orders"":1,""ask_orders"":4,""bid_price"":""234.10"",""ask_price"":""234.95""},{""bid_quantity"":20,""ask_quantity"":100,""bid_orders"":1,""ask_orders"":2,""bid_price"":""234.00"",""ask_price"":""235.00""},{""bid_quantity"":60,""ask_quantity"":60,""bid_orders"":3,""ask_orders"":3,""bid_price"":""233.90"",""ask_price"":""235.05""},{""bid_quantity"":60,""ask_quantity"":60,""bid_orders"":3,""ask_orders"":3,""bid_price"":""233.80"",""ask_price"":""235.10""},{""bid_quantity"":40,""ask_quantity"":40,""bid_orders"":2,""ask_orders"":2,""bid_price"":""233.70"",""ask_price"":""235.15""}]"
09:15:34.533,1790307934533681590,1025677087615377,Ticker Data,0,51,73674.59,,09:15:34,,,,,,
09:15:34.621,1790307934621175310,1025677175109777,Full Data,8,886747,810.85,20,09:15:34,763.53,14180,16500,97380,5900,"[{""bid_quantity"":40,""ask_quantity"":120,""bid_orders"":1,""ask_orders"":4,""bid_price"":""809.20"",""ask_price"":""814.00""},{""bid_quantity"":40,""ask_quantity"":100,""bid_orders"":2,""ask_orders"":5,""bid_price"":""809.15"",""ask_price"":""814.25""},{""bid_quantity"":40,""ask_quantity"":60,""bid_orders"":2,""ask_orders"":3,""bid_price"":""809.10"",""ask_price"":""814.65""},{""bid_quantity"":40,""ask_quantity"":40,""bid_orders"":2,""ask_orders"":1,""bid_price"":""809.05"",""ask_price"":""820.55""},{""bid_quantity"":40,""ask_quantity"":60,""bid_orders"":2,""ask_orders"":2,""bid_price"":""809.00"",""ask_price"":""820.60""}]"
09:15:34.641,1790307934641220038,1025677195153825,Full Data,8,886805,681.60,20,09:15:34,644.85,62460,18500,110180,42420,"[{""bid_quantity"":160,""ask_quantity"":20,""bid_orders"":3,""ask_orders"":1,""bid_price"":""679.20"",""ask_price"":""681.05""},{""bid_quantity"":60,""ask_quantity"":40,""bid_orders"":3,""ask_orders"":2,""bid_price"":""679.00"",""ask_price"":""681.10""},{""bid_quantity"":40,""ask_quantity"":40,""bid_orders"":2,""ask_orders"":2,""bid_price"":""678.80"",""ask_price"":""681.15""},{""bid_quantity"":40,""ask_quantity"":40,""bid_orders"":2,""ask_orders"":2,""bid_price"":""678.60"",""ask_price"":""681.25""},{""bid_quantity"":20,""ask_quantity"":20,""bid_orders"":1,""ask_orders"":1,""bid_price"":""678.45"",""ask_price"":""681.30""}]"
09:15:34.665,1790307934665862156,1025677219796063,Full Data,8,886747,810.85,20,09:15:34,763.53,14180,17020,97600,5900,"[{""bid_quantity"":40,""ask_quantity"":60,""bid_orders"":2,""ask_orders"":3,""bid_price"":""808.40"",""ask_price"":""811.60""},{""bid_quantity"":20,""ask_quantity"":60,""bid_orders"":1,""ask_orders"":3,""bid_price"":""808.30"",""ask_price"":""811.70""},{""bid_quantity"":20,""ask_quantity"":60,""bid_orders"":1,""ask_orders"":3,""bid_price"":""808.25"",""ask_price"":""811.80""},{""bid_quantity"":60,""ask_quantity"":20,""bid_orders"":3,""ask_orders"":1,""bid_price"":""808.20"",""ask_price"":""811.90""},{""bid_quantity"":40,""ask_quantity"":40,""bid_orders"":2,""ask_orders"":1,""bid_price"":""808.15"",""ask_price"":""811.95""}]"
09:15:34.721,1790307934721328111,1025677275262218,Full Data,8,887017,741.95,20,09:15:34,687.30,101140,20220,170340,74320,"[{""bid_quantity"":20,""ask_quantity"":40,""bid_orders"":1,""ask_orders"":2,""bid_price"":""741.20"",""ask_price"":""744.40""},{""bid_quantity"":40,""ask_quantity"":40,""bid_orders"":1,""ask_orders"":2,""bid_price"":""741.10"",""ask_price"":""744.45""},{""bid_quantity"":20,""ask_quantity"":20,""bid_orders"":1,""ask_orders"":1,""bid_price"":""741.05"",""ask_price"":""744.50""},{""bid_quantity"":20,""ask_quantity"":20,""bid_orders"":1,""ask_orders"":1,""bid_price"":""741.00"",""ask_price"":""744.55""},{""bid_quantity"":20,""ask_quantity"":20,""bid_orders"":1,""ask_orders"":1,""bid_price"":""740.95"",""ask_price"":""744.65""}]"
09:15:34.722,1790307934722866281,1025677276800108,Full Data,8,886805,678.70,20,09:15:34,644.88,62520,18500,110280,42420,"[{""bid_quantity"":20,""ask_quantity"":60,""bid_orders"":1,""ask_orders"":3,""bid_price"":""678.00"",""ask_price"":""680.60""},{""bid_quantity"":60,""ask_quantity"":40,""bid_orders"":3,""ask_orders"":2,""bid_price"":""677.95"",""ask_price"":""680.65""},{""bid_quantity"":140,""ask_quantity"":100,""bid_orders"":1,""ask_orders"":5,""bid_price"":""677.80"",""ask_price"":""680.75""},{""bid_quantity"":60,""ask_quantity"":60,""bid_orders"":3,""ask_orders"":3,""bid_price"":""677.75"",""ask_price"":""680.85""},{""bid_quantity"":20,""ask_quantity"":20,""bid_orders"":1,""ask_orders"":1,""bid_price"":""677.65"",""ask_price"":""680.90""}]"
09:15:34.787,1790307934787382654,1025677341316881,Full Data,8,886951,885.75,40,09:15:34,823.36,5660,15060,97880,6000,"[{""bid_quantity"":20,""ask_quantity"":20,""bid_orders"":1,""ask_orders"":1,""bid_price"":""872.65"",""ask_price"":""876.60""},{""bid_quantity"":20,""ask_quantity"":40,""bid_orders"":1,""ask_orders"":2,""bid_price"":""872.60"",""ask_price"":""876.70""},{""bid_quantity"":20,""ask_quantity"":20,""bid_orders"":1,""ask_orders"":1,""bid_price"":""872.55"",""ask_price"":""876.80""},{""bid_quantity"":40,""ask_quantity"":40,""bid_orders"":2,""ask_orders"":2,""bid_price"":""872.50"",""ask_price"":""876.90""},{""bid_quantity"":40,""ask_quantity"":20,""bid_orders"":2,""ask_orders"":1,""bid_price"":""872.40"",""ask_price"":""877.00""}]"
09:15:34.790,1790307934790534634,1025677344468421,Full Data,8,887017,741.05,20,09:15:34,687.31,101160,18400,168320,74320,"[{""bid_quantity"":40,""ask_quantity"":20,""bid_orders"":2,""ask_orders"":1,""bid_price"":""737.35"",""ask_price"":""740.60""},{""bid_quantity"":40,""ask_quantity"":20,""bid_orders"":2,""ask_orders"":1,""bid_price"":""737.30"",""ask_price"":""740.65""},{""bid_quantity"":40,""ask_quantity"":100,""bid_orders"":2,""ask_orders"":5,""bid_price"":""737.20"",""ask_price"":""740.75""},{""bid_quantity"":120,""ask_quantity"":40,""bid_orders"":1,""ask_orders"":2,""bid_price"":""736.50"",""ask_price"":""740.85""},{""bid_quantity"":40,""ask_quantity"":20,""bid_orders"":1,""ask_orders"":1,""bid_price"":""736.45"",""ask_price"":""740.95""}]"
09:15:34.828,1790307934828966560,1025677382900547,Full Data,8,886981,366.75,20,09:15:34,408.01,83560,22860,47500,63920,"[{""bid_quantity"":20,""ask_quantity"":20,""bid_orders"":1,""ask_orders"":1,""bid_price"":""364.85"",""ask_price"":""366.60""},{""bid_quantity"":40,""ask_quantity"":40,""bid_orders"":2,""ask_orders"":2,""bid_price"":""364.80"",""ask_price"":""366.65""},{""bid_quantity"":180,""ask_quantity"":60,""bid_orders"":2,""ask_orders"":3,""bid_price"":""364.75"",""ask_price"":""366.70""},{""bid_quantity"":20,""ask_quantity"":40,""bid_orders"":1,""ask_orders"":2,""bid_price"":""364.50"",""ask_price"":""366.75""},{""bid_quantity"":20,""ask_quantity"":80,""bid_orders"":1,""ask_orders"":4,""bid_price"":""364.45"",""ask_price"":""366.80""}]"
09:15:34.870,1790307934870863188,1025677424796975,Full Data,8,886951,885.75,40,09:15:34,823.36,5660,14340,98200,6000,"[{""bid_quantity"":20,""ask_quantity"":20,""bid_orders"":1,""ask_orders"":1,""bid_price"":""875.20"",""ask_price"":""880.80""},{""bid_quantity"":60,""ask_quantity"":20,""bid_orders"":2,""ask_orders"":1,""bid_price"":""875.15"",""ask_price"":""882.80""},{""bid_quantity"":20,""ask_quantity"":40,""bid_orders"":1,""ask_orders"":2,""bid_price"":""875.05"",""ask_price"":""882.90""},{""bid_quantity"":20,""ask_quantity"":60,""bid_orders"":1,""ask_orders"":2,""bid_price"":""875.00"",""ask_price"":""885.55""},{""bid_quantity"":20,""ask_quantity"":20,""bid_orders"":1,""ask_orders"":1,""bid_price"":""874.90"",""ask_price"":""885.60""}]"
09:15:34.923,1790307934923237684,1025677477171751,Full Data,8,886572,617.60,60,09:15:34,579.61,60340,19460,105840,92640,"[{""bid_quantity"":60,""ask_quantity"":80,""bid_orders"":2,""ask_orders"":3,""bid_price"":""619.30"",""ask_price"":""621.50""},{""bid_quantity"":60,""ask_quantity"":140,""bid_orders"":2,""ask_orders"":2,""bid_price"":""619.20"",""ask_price"":""621.55""},{""bid_quantity"":60,""ask_quantity"":40,""bid_orders"":1,""ask_orders"":1,""bid_price"":""619.15"",""ask_price"":""621.70""},{""bid_quantity"":20,""ask_quantity"":140,""bid_orders"":1,""ask_orders"":3,""bid_price"":""619.10"",""ask_price"":""621.75""},{""bid_quantity"":20,""ask_quantity"":80,""bid_orders"":1,""ask_orders"":2,""bid_price"":""619.05"",""ask_price"":""621.85""}]"
09:15:35.000,1790307935000403818,1025677554337765,Full Data,8,886849,562.75,220,09:15:34,521.43,62760,18360,27580,167000,"[{""bid_quantity"":40,""ask_quantity"":20,""bid_orders"":2,""ask_orders"":1,""bid_price"":""562.00"",""ask_price"":""565.90""},{""bid_quantity"":20,""ask_quantity"":100,""bid_orders"":1,""ask_orders"":1,""bid_price"":""561.95"",""ask_price"":""565.95""},{""bid_quantity"":240,""ask_quantity"":120,""bid_orders"":5,""ask_orders"":3,""bid_price"":""561.90"",""ask_price"":""566.00""},{""bid_quantity"":20,""ask_quantity"":200,""bid_orders"":1,""ask_orders"":2,""bid_price"":""561.85"",""ask_price"":""566.25""},{""bid_quantity"":80,""ask_quantity"":160,""bid_orders"":4,""ask_orders"":1,""bid_price"":""561.80"",""ask_price"":""566.65""}]"
09:15:35.001,1790307935001756067,1025677555689894,Full Data,8,886572,617.60,60,09:15:34,579.61,60340,18380,106120,92640,"[{""bid_quantity"":20,""ask_quantity"":20,""bid_orders"":1,""ask_orders"":1,""bid_price"":""620.15"",""ask_price"":""623.90""},{""bid_quantity"":40,""ask_quantity"":80,""bid_orders"":1,""ask_orders"":1,""bid_price"":""620.10"",""ask_price"":""624.35""},{""bid_quantity"":60,""ask_quantity"":120,""bid_orders"":3,""ask_orders"":2,""bid_price"":""620.05"",""ask_price"":""624.40""},{""bid_quantity"":260,""ask_quantity"":200,""bid_orders"":4,""ask_orders"":2,""bid_price"":""620.00"",""ask_price"":""624.75""},{""bid_quantity"":100,""ask_quantity"":20,""bid_orders"":4,""ask_orders"":1,""bid_price"":""619.95"",""ask_price"":""625.10""}]"
09:15:35.005,1790307935005211929,1025677559145756,Full Data,8,886718,323.40,20,09:15:34,370.07,182040,27600,34540,276660,"[{""bid_quantity"":100,""ask_quantity"":60,""bid_orders"":2,""ask_orders"":3,""bid_price"":""323.40"",""ask_price"":""325.95""},{""bid_quantity"":40,""ask_quantity"":120,""bid_orders"":2,""ask_orders"":3,""bid_price"":""323.35"",""ask_price"":""326.00""},{""bid_quantity"":140,""ask_quantity"":40,""bid_orders"":2,""ask_orders"":2,""bid_price"":""323.20"",""ask_price"":""326.05""},{""bid_quantity"":80,""ask_quantity"":80,""bid_orders"":2,""ask_orders"":1,""bid_price"":""323.15"",""ask_price"":""326.10""},{""bid_quantity"":80,""ask_quantity"":80,""bid_orders"":1,""ask_orders"":4,""bid_price"":""323.10"",""ask_price"":""326.15""}]"
09:15:35.044,1790307935044134298,1025677598068125,Full Data,8,886692,952.55,20,09:15:34,892.04,2900,14260,94740,4500,"[{""bid_quantity"":40,""ask_quantity"":40,""bid_orders"":1,""ask_orders"":2,""bid_price"":""953.25"",""ask_price"":""957.85""},{""bid_quantity"":20,""ask_quantity"":20,""bid_orders"":1,""ask_orders"":1,""bid_price"":""953.20"",""ask_price"":""957.90""},{""bid_quantity"":20,""ask_quantity"":20,""bid_orders"":1,""ask_orders"":1,""bid_price"":""953.10"",""ask_price"":""958.00""},{""bid_quantity"":20,""ask_quantity"":20,""bid_orders"":1,""ask_orders"":1,""bid_price"":""953.00"",""ask_price"":""958.10""},{""bid_quantity"":20,""ask_quantity"":20,""bid_orders"":1,""ask_orders"":1,""bid_price"":""952.90"",""ask_price"":""958.20""}]"
09:15:35.052,1790307935052274910,1025677606208777,Full Data,8,886849,561.80,20,09:15:35,521.61,63040,18640,27280,167000,"[{""bid_quantity"":20,""ask_quantity"":20,""bid_orders"":1,""ask_orders"":1,""bid_price"":""561.60"",""ask_price"":""563.70""},{""bid_quantity"":40,""ask_quantity"":20,""bid_orders"":2,""ask_orders"":1,""bid_price"":""561.40"",""ask_price"":""563.75""},{""bid_quantity"":20,""ask_quantity"":60,""bid_orders"":1,""ask_orders"":2,""bid_price"":""561.20"",""ask_price"":""563.80""},{""bid_quantity"":40,""ask_quantity"":20,""bid_orders"":2,""ask_orders"":1,""bid_price"":""561.05"",""ask_price"":""563.90""},{""bid_quantity"":20,""ask_quantity"":60,""bid_orders"":1,""ask_orders"":2,""bid_price"":""560.85"",""ask_price"":""564.05""}]"
09:15:35.090,1790307935090346074,1025677644280341,Full Data,8,886692,952.55,20,09:15:34,892.04,2900,13380,96340,4500,"[{""bid_quantity"":20,""ask_quantity"":20,""bid_orders"":1,""ask_orders"":1,""bid_price"":""951.95"",""ask_price"":""961.45""},{""bid_quantity"":20,""ask_quantity"":20,""bid_orders"":1,""ask_orders"":1,""bid_price"":""951.90"",""ask_price"":""961.50""},{""bid_quantity"":20,""ask_quantity"":20,""bid_orders"":1,""ask_orders"":1,""bid_price"":""951.85"",""ask_price"":""961.55""},{""bid_quantity"":60,""ask_quantity"":20,""bid_orders"":1,""ask_orders"":1,""bid_price"":""951.80"",""ask_price"":""961.60""},{""bid_quantity"":20,""ask_quantity"":40,""bid_orders"":1,""ask_orders"":2,""bid_price"":""951.75"",""ask_price"":""966.90""}]"
09:15:35.215,1790307935215314514,1025677769248621,Full Data,8,887124,258.80,20,09:15:35,292.55,44160,22780,25660,64860,"[{""bid_quantity"":520,""ask_quantity"":40,""bid_orders"":3,""ask_orders"":2,""bid_price"":""257.90"",""ask_price"":""258.90""},{""bid_quantity"":40,""ask_quantity"":40,""bid_orders"":2,""ask_orders"":2,""bid_price"":""257.85"",""ask_price"":""258.95""},{""bid_quantity"":140,""ask_quantity"":40,""bid_orders"":4,""ask_orders"":2,""bid_price"":""257.75"",""ask_price"":""259.00""},{""bid_quantity"":180,""ask_quantity"":20,""bid_orders"":2,""ask_orders"":1,""bid_price"":""257.70"",""ask_price"":""259.05""},{""bid_quantity"":40,""ask_quantity"":20,""bid_orders"":2,""ask_orders"":1,""bid_price"":""257.65"",""ask_price"":""259.15""}]"
09:15:35.236,1790307935236586290,1025677790520597,Full Data,8,887124,258.00,20,09:15:35,292.38,44380,25700,26820,64860,"[{""bid_quantity"":40,""ask_quantity"":40,""bid_orders"":2,""ask_orders"":2,""bid_price"":""257.70"",""ask_price"":""258.85""},{""bid_quantity"":300,""ask_quantity"":80,""bid_orders"":3,""ask_orders"":4,""bid_price"":""257.50"",""ask_price"":""258.90""},{""bid_quantity"":80,""ask_quantity"":60,""bid_orders"":2,""ask_orders"":3,""bid_price"":""257.45"",""ask_price"":""258.95""},{""bid_quantity"":200,""ask_quantity"":60,""bid_orders"":3,""ask_orders"":3,""bid_price"":""257.35"",""ask_price"":""259.00""},{""bid_quantity"":40,""ask_quantity"":60,""bid_orders"":1,""ask_orders"":3,""bid_price"":""257.30"",""ask_price"":""259.05""}]"
09:15:35.286,1790307935286292008,1025677840226075,Full Data,8,886776,396.45,20,09:15:35,442.75,45320,22840,102560,67800,"[{""bid_quantity"":20,""ask_quantity"":20,""bid_orders"":1,""ask_orders"":1,""bid_price"":""394.15"",""ask_price"":""396.10""},{""bid_quantity"":20,""ask_quantity"":40,""bid_orders"":1,""ask_orders"":2,""bid_price"":""394.05"",""ask_price"":""396.15""},{""bid_quantity"":40,""ask_quantity"":20,""bid_orders"":1,""ask_orders"":1,""bid_price"":""394.00"",""ask_price"":""396.20""},{""bid_quantity"":40,""ask_quantity"":60,""bid_orders"":2,""ask_orders"":2,""bid_price"":""393.95"",""ask_price"":""396.30""},{""bid_quantity"":40,""ask_quantity"":20,""bid_orders"":2,""ask_orders"":1,""bid_price"":""393.85"",""ask_price"":""396.35""}]"
09:15:35.478,1790307935478645680,1025678032579907,Full Data,8,886924,289.15,20,09:15:35,329.82,52300,21080,24280,59380,"[{""bid_quantity"":120,""ask_quantity"":120,""bid_orders"":4,""ask_orders"":5,""bid_price"":""288.05"",""ask_price"":""290.20""},{""bid_quantity"":20,""ask_quantity"":20,""bid_orders"":1,""ask_orders"":1,""bid_price"":""288.00"",""ask_price"":""290.25""},{""bid_quantity"":60,""ask_quantity"":40,""bid_orders"":2,""ask_orders"":1,""bid_price"":""287.95"",""ask_price"":""290.30""},{""bid_quantity"":80,""ask_quantity"":60,""bid_orders"":2,""ask_orders"":3,""bid_price"":""287.90"",""ask_price"":""290.35""},{""bid_quantity"":20,""ask_quantity"":20,""bid_orders"":1,""ask_orders"":1,""bid_price"":""287.80"",""ask_price"":""290.40""}]"
09:15:35.486,1790307935486446970,1025678040380957,Full Data,8,886924,289.80,20,09:15:35,329.79,52340,20640,24060,59380,"[{""bid_quantity"":40,""ask_quantity"":60,""bid_orders"":1,""ask_orders"":2,""bid_price"":""289.90"",""ask_price"":""291.05""},{""bid_quantity"":60,""ask_quantity"":40,""bid_orders"":2,""ask_orders"":2,""bid_price"":""289.85"",""ask_price"":""292.15""},{""bid_quantity"":60,""ask_quantity"":60,""bid_orders"":2,""ask_orders"":1,""bid_price"":""289.80"",""ask_price"":""292.20""},{""bid_quantity"":60,""ask_quantity"":160,""bid_orders"":2,""ask_orders"":3,""bid_price"":""289.60"",""ask_price"":""292.50""},{""bid_quantity"":20,""ask_quantity"":120,""bid_orders"":1,""ask_orders"":1,""bid_price"":""289.55"",""ask_price"":""292.55""}]"
09:15:35.504,1790307935504367964,1025678058301911,Full Data,8,887036,439.90,20,09:15:35,485.43,59020,19740,101680,155340,"[{""bid_quantity"":20,""ask_quantity"":20,""bid_orders"":1,""ask_orders"":1,""bid_price"":""440.10"",""ask_price"":""442.10""},{""bid_quantity"":220,""ask_quantity"":60,""bid_orders"":1,""ask_orders"":3,""bid_price"":""440.00"",""ask_price"":""442.15""},{""bid_quantity"":60,""ask_quantity"":20,""bid_orders"":3,""ask_orders"":1,""bid_price"":""439.95"",""ask_price"":""442.20""},{""bid_quantity"":20,""ask_quantity"":40,""bid_orders"":1,""ask_orders"":2,""bid_price"":""439.90"",""ask_price"":""442.25""},{""bid_quantity"":120,""ask_quantity"":40,""bid_orders"":5,""ask_orders"":2,""bid_price"":""439.80"",""ask_price"":""442.30""}]"
09:15:35.534,1790307935534665118,1025678088599305,Ticker Data,0,51,73672.90,,09:15:35,,,,,,
09:15:35.542,1790307935542976092,1025678096909879,Full Data,8,886872,231.30,60,09:15:35,266.21,54740,20820,32660,47980,"[{""bid_quantity"":20,""ask_quantity"":60,""bid_orders"":1,""ask_orders"":3,""bid_price"":""232.40"",""ask_price"":""233.70""},{""bid_quantity"":60,""ask_quantity"":60,""bid_orders"":2,""ask_orders"":3,""bid_price"":""232.35"",""ask_price"":""233.75""},{""bid_quantity"":20,""ask_quantity"":60,""bid_orders"":1,""ask_orders"":3,""bid_price"":""232.30"",""ask_price"":""233.80""},{""bid_quantity"":140,""ask_quantity"":40,""bid_orders"":3,""ask_orders"":2,""bid_price"":""232.25"",""ask_price"":""234.00""},{""bid_quantity"":60,""ask_quantity"":20,""bid_orders"":3,""ask_orders"":1,""bid_price"":""232.20"",""ask_price"":""234.05""}]"
09:15:35.544,1790307935544943144,1025678098876971,Full Data,8,887036,440.00,20,09:15:35,485.37,59100,19780,101800,155340,"[{""bid_quantity"":80,""ask_quantity"":80,""bid_orders"":4,""ask_orders"":4,""bid_price"":""438.80"",""ask_price"":""440.05""},{""bid_quantity"":220,""ask_quantity"":80,""bid_orders"":4,""ask_orders"":4,""bid_price"":""438.75"",""ask_price"":""440.10""},{""bid_quantity"":120,""ask_quantity"":40,""bid_orders"":4,""ask_orders"":2,""bid_price"":""438.70"",""ask_price"":""440.15""},{""bid_quantity"":60,""ask_quantity"":80,""bid_orders"":3,""ask_orders"":3,""bid_price"":""438.65"",""ask_price"":""441.40""},{""bid_quantity"":300,""ask_quantity"":40,""bid_orders"":4,""ask_orders"":2,""bid_price"":""438.45"",""ask_price"":""441.45""}]"
09:15:35.548,1790307935548268925,1025678102202712,Full Data,8,886872,232.35,20,09:15:35,266.18,54800,20760,31260,47980,"[{""bid_quantity"":60,""ask_quantity"":20,""bid_orders"":3,""ask_orders"":1,""bid_price"":""231.60"",""ask_price"":""232.40""},{""bid_quantity"":40,""ask_quantity"":40,""bid_orders"":2,""ask_orders"":2,""bid_price"":""231.55"",""ask_price"":""232.65""},{""bid_quantity"":120,""ask_quantity"":40,""bid_orders"":3,""ask_orders"":2,""bid_price"":""231.50"",""ask_price"":""232.70""},{""bid_quantity"":100,""ask_quantity"":40,""bid_orders"":4,""ask_orders"":2,""bid_price"":""231.45"",""ask_price"":""232.75""},{""bid_quantity"":20,""ask_quantity"":80,""bid_orders"":1,""ask_orders"":3,""bid_price"":""231.40"",""ask_price"":""232.80""}]"
09:15:35.660,1790307935660198242,1025678214132349,Full Data,8,886747,815.90,20,09:15:35,764.33,14400,16780,95700,5900,"[{""bid_quantity"":40,""ask_quantity"":80,""bid_orders"":2,""ask_orders"":4,""bid_price"":""814.40"",""ask_price"":""817.20""},{""bid_quantity"":40,""ask_quantity"":100,""bid_orders"":2,""ask_orders"":5,""bid_price"":""814.30"",""ask_price"":""817.25""},{""bid_quantity"":40,""ask_quantity"":60,""bid_orders"":2,""ask_orders"":3,""bid_price"":""814.20"",""ask_price"":""817.75""},{""bid_quantity"":20,""ask_quantity"":100,""bid_orders"":1,""ask_orders"":4,""bid_price"":""814.15"",""ask_price"":""819.40""},{""bid_quantity"":20,""ask_quantity"":40,""bid_orders"":1,""ask_orders"":1,""bid_price"":""814.10"",""ask_price"":""819.45""}]"
09:15:35.700,1790307935700590261,1025678254524168,Full Data,8,886805,685.10,20,09:15:35,645.91,64300,17360,107760,42420,"[{""bid_quantity"":20,""ask_quantity"":180,""bid_orders"":1,""ask_orders"":2,""bid_price"":""680.80"",""ask_price"":""682.25""},{""bid_quantity"":20,""ask_quantity"":160,""bid_orders"":1,""ask_orders"":1,""bid_price"":""680.65"",""ask_price"":""682.35""},{""bid_quantity"":40,""ask_quantity"":20,""bid_orders"":2,""ask_orders"":1,""bid_price"":""680.60"",""ask_price"":""682.45""},{""bid_quantity"":20,""ask_quantity"":160,""bid_orders"":1,""ask_orders"":1,""bid_price"":""679.50"",""ask_price"":""682.60""},{""bid_quantity"":20,""ask_quantity"":20,""bid_orders"":1,""ask_orders"":1,""bid_price"":""678.30"",""ask_price"":""682.80""}]"
09:15:35.728,1790307935728760521,1025678282694548,Full Data,8,886747,815.90,20,09:15:35,764.33,14400,15200,94760,5900,"[{""bid_quantity"":20,""ask_quantity"":60,""bid_orders"":1,""ask_orders"":2,""bid_price"":""808.00"",""ask_price"":""814.55""},{""bid_quantity"":40,""ask_quantity"":40,""bid_orders"":2,""ask_orders"":2,""bid_price"":""805.90"",""ask_price"":""814.60""},{""bid_quantity"":20,""ask_quantity"":20,""bid_orders"":1,""ask_orders"":1,""bid_price"":""803.00"",""ask_price"":""814.65""},{""bid_quantity"":40,""ask_quantity"":60,""bid_orders"":1,""ask_orders"":3,""bid_price"":""802.95"",""ask_price"":""814.70""},{""bid_quantity"":20,""ask_quantity"":80,""bid_orders"":1,""ask_orders"":4,""bid_price"":""802.90"",""ask_price"":""814.75""}]"
09:15:35.783,1790307935783590672,1025678337525179,Full Data,8,886805,679.95,20,09:15:35,645.92,64320,19000,107640,42420,"[{""bid_quantity"":20,""ask_quantity"":180,""bid_orders"":1,""ask_orders"":2,""bid_price"":""676.05"",""ask_price"":""677.45""},{""bid_quantity"":100,""ask_quantity"":40,""bid_orders"":1,""ask_orders"":2,""bid_price"":""674.40"",""ask_price"":""677.50""},{""bid_quantity"":20,""ask_quantity"":160,""bid_orders"":1,""ask_orders"":1,""bid_price"":""674.30"",""ask_price"":""677.55""},{""bid_quantity"":20,""ask_quantity"":40,""bid_orders"":1,""ask_orders"":2,""bid_price"":""673.75"",""ask_price"":""677.65""},{""bid_quantity"":60,""ask_quantity"":40,""bid_orders"":2,""ask_orders"":2,""bid_price"":""673.40"",""ask_price"":""677.70""}]"
09:15:35.787,1790307935787211055,1025678341144882,Full Data,8,887017,741.05,20,09:15:35,688.38,103040,19800,170180,74320,"[{""bid_quantity"":40,""ask_quantity"":20,""bid_orders"":2,""ask_orders"":1,""bid_price"":""738.50"",""ask_price"":""741.15""},{""bid_quantity"":20,""ask_quantity"":100,""bid_orders"":1,""ask_orders"":1,""bid_price"":""738.45"",""ask_price"":""741.20""},{""bid_quantity"":40,""ask_quantity"":20,""bid_orders"":1,""ask_orders"":1,""bid_price"":""737.40"",""ask_price"":""741.30""},{""bid_quantity"":40,""ask_quantity"":20,""bid_orders"":2,""ask_orders"":1,""bid_price"":""737.35"",""ask_price"":""741.40""},{""bid_quantity"":120,""ask_quantity"":20,""bid_orders"":2,""ask_orders"":1,""bid_price"":""736.10"",""ask_price"":""741.50""}]"
09:15:35.829,1790307935829962009,1025678383895956,Full Data,8,886981,362.45,60,09:15:35,404.50,90580,24320,42540,63920,"[{""bid_quantity"":60,""ask_quantity"":480,""bid_orders"":3,""ask_orders"":6,""bid_price"":""362.05"",""ask_price"":""363.95""},{""bid_quantity"":60,""ask_quantity"":40,""bid_orders"":3,""ask_orders"":1,""bid_price"":""361.80"",""ask_price"":""364.00""},{""bid_quantity"":60,""ask_quantity"":60,""bid_orders"":3,""ask_orders"":3,""bid_price"":""361.65"",""ask_price"":""364.05""},{""bid_quantity"":60,""ask_quantity"":60,""bid_orders"":2,""ask_orders"":3,""bid_price"":""361.50"",""ask_price"":""364.10""},{""bid_quantity"":20,""ask_quantity"":40,""bid_orders"":1,""ask_orders"":2,""bid_price"":""361.45"",""ask_price"":""364.15""}]"
09:15:35.880,1790307935880259851,1025678434193718,Full Data,8,886951,885.85,40,09:15:35,824.01,5720,14660,95600,6000,"[{""bid_quantity"":60,""ask_quantity"":20,""bid_orders"":2,""ask_orders"":1,""bid_price"":""876.70"",""ask_price"":""880.95""},{""bid_quantity"":40,""ask_quantity"":40,""bid_orders"":2,""ask_orders"":2,""bid_price"":""876.60"",""ask_price"":""881.00""},{""bid_quantity"":40,""ask_quantity"":40,""bid_orders"":2,""ask_orders"":2,""bid_price"":""876.55"",""ask_price"":""881.10""},{""bid_quantity"":40,""ask_quantity"":20,""bid_orders"":2,""ask_orders"":1,""bid_price"":""876.45"",""ask_price"":""881.20""},{""bid_quantity"":60,""ask_quantity"":20,""bid_orders"":3,""ask_orders"":1,""bid_price"":""876.40"",""ask_price"":""881.30""}]"
09:15:35.915,1790307935915609717,1025678469543744,Full Data,8,887017,744.40,20,09:15:35,688.51,103280,19900,167280,74320,"[{""bid_quantity"":20,""ask_quantity"":20,""bid_orders"":1,""ask_orders"":1,""bid_price"":""742.45"",""ask_price"":""745.90""},{""bid_quantity"":40,""ask_quantity"":40,""bid_orders"":2,""ask_orders"":2,""bid_price"":""742.40"",""ask_price"":""746.00""},{""bid_quantity"":60,""ask_quantity"":40,""bid_orders"":2,""ask_orders"":2,""bid_price"":""742.35"",""ask_price"":""746.10""},{""bid_quantity"":40,""ask_quantity"":340,""bid_orders"":2,""ask_orders"":2,""bid_price"":""742.30"",""ask_price"":""746.15""},{""bid_quantity"":40,""ask_quantity"":40,""bid_orders"":2,""ask_orders"":2,""bid_price"":""742.25"",""ask_price"":""746.20""}]"
09:15:35.919,1790307935919091180,1025678473025287,Full Data,8,886951,885.85,40,09:15:35,824.01,5720,14140,93720,6000,"[{""bid_quantity"":100,""ask_quantity"":20,""bid_orders"":4,""ask_orders"":1,""bid_price"":""877.05"",""ask_price"":""882.15""},{""bid_quantity"":20,""ask_quantity"":20,""bid_orders"":1,""ask_orders"":1,""bid_price"":""877.00"",""ask_price"":""882.20""},{""bid_quantity"":200,""ask_quantity"":20,""bid_orders"":4,""ask_orders"":1,""bid_price"":""876.85"",""ask_price"":""882.30""},{""bid_quantity"":40,""ask_quantity"":20,""bid_orders"":2,""ask_orders"":1,""bid_price"":""876.80"",""ask_price"":""882.40""},{""bid_quantity"":20,""ask_quantity"":20,""bid_orders"":1,""ask_orders"":1,""bid_price"":""876.70"",""ask_price"":""882.50""}]"
09:15:35.998,1790307935998904170,1025678552838317,Full Data,8,886572,620.55,40,09:15:35,581.05,62460,22320,103060,92640,"[{""bid_quantity"":20,""ask_quantity"":60,""bid_orders"":1,""ask_orders"":3,""bid_price"":""620.30"",""ask_price"":""621.85""},{""bid_quantity"":60,""ask_quantity"":40,""bid_orders"":3,""ask_orders"":1,""bid_price"":""620.10"",""ask_price"":""621.90""},{""bid_quantity"":60,""ask_quantity"":60,""bid_orders"":2,""ask_orders"":2,""bid_price"":""620.00"",""ask_price"":""621.95""},{""bid_quantity"":40,""ask_quantity"":60,""bid_orders"":2,""ask_orders"":2,""bid_price"":""619.95"",""ask_price"":""622.00""},{""bid_quantity"":40,""ask_quantity"":120,""bid_orders"":2,""ask_orders"":3,""bid_price"":""619.75"",""ask_price"":""622.05""}]"
09:15:36.028,1790307936028520480,1025678582454627,Full Data,8,886718,323.00,20,09:15:35,367.88,191120,27760,28880,276660,"[{""bid_quantity"":20,""ask_quantity"":120,""bid_orders"":1,""ask_orders"":5,""bid_price"":""323.05"",""ask_price"":""324.60""},{""bid_quantity"":20,""ask_quantity"":160,""bid_orders"":1,""ask_orders"":1,""bid_price"":""323.00"",""ask_price"":""324.65""},{""bid_quantity"":20,""ask_quantity"":20,""bid_orders"":1,""ask_orders"":1,""bid_price"":""322.95"",""ask_price"":""324.70""},{""bid_quantity"":40,""ask_quantity"":20,""bid_orders"":1,""ask_orders"":1,""bid_price"":""322.70"",""ask_price"":""324.80""},{""bid_quantity"":60,""ask_quantity"":40,""bid_orders"":1,""ask_orders"":1,""bid_price"":""322.65"",""ask_price"":""324.85""}]"
09:15:36.047,1790307936047604682,1025678601538629,Full Data,8,886572,619.50,20,09:15:35,581.08,62500,22680,102060,92640,"[{""bid_quantity"":20,""ask_quantity"":20,""bid_orders"":1,""ask_orders"":1,""bid_price"":""617.20"",""ask_price"":""619.60""},{""bid_quantity"":40,""ask_quantity"":20,""bid_orders"":2,""ask_orders"":1,""bid_price"":""617.15"",""ask_price"":""619.65""},{""bid_quantity"":220,""ask_quantity"":60,""bid_orders"":2,""ask_orders"":3,""bid_price"":""617.05"",""ask_price"":""619.70""},{""bid_quantity"":40,""ask_quantity"":20,""bid_orders"":1,""ask_orders"":1,""bid_price"":""617.00"",""ask_price"":""619.75""},{""bid_quantity"":40,""ask_quantity"":20,""bid_orders"":1,""ask_orders"":1,""bid_price"":""616.75"",""ask_price"":""619.80""}]"
09:15:36.058,1790307936058267991,1025678612202098,Full Data,8,886849,555.60,20,09:15:36,523.00,65260,22180,23240,167000,"[{""bid_quantity"":40,""ask_quantity"":20,""bid_orders"":1,""ask_orders"":1,""bid_price"":""554.50"",""ask_price"":""557.95""},{""bid_quantity"":40,""ask_quantity"":40,""bid_orders"":1,""ask_orders"":2,""bid_price"":""554.45"",""ask_price"":""558.00""},{""bid_quantity"":280,""ask_quantity"":20,""bid_orders"":5,""ask_orders"":1,""bid_price"":""554.40"",""ask_price"":""558.05""},{""bid_quantity"":40,""ask_quantity"":60,""bid_orders"":1,""ask_orders"":3,""bid_price"":""554.35"",""ask_price"":""558.15""},{""bid_quantity"":240,""ask_quantity"":40,""bid_orders"":1,""ask_orders"":2,""bid_price"":""553.50"",""ask_price"":""558.20""}]"
09:15:36.079,1790307936079431646,1025678633365593,Full Data,8,886692,952.55,20,09:15:34,892.04,2900,17160,91680,4500,"[{""bid_quantity"":40,""ask_quantity"":60,""bid_orders"":2,""ask_orders"":2,""bid_price"":""941.60"",""ask_price"":""950.30""},{""bid_quantity"":20,""ask_quantity"":40,""bid_orders"":1,""ask_orders"":1,""bid_price"":""932.45"",""ask_price"":""950.35""},{""bid_quantity"":220,""ask_quantity"":20,""bid_orders"":2,""ask_orders"":1,""bid_price"":""932.40"",""ask_price"":""950.40""},{""bid_quantity"":140,""ask_quantity"":140,""bid_orders"":1,""ask_orders"":4,""bid_price"":""930.20"",""ask_price"":""950.45""},{""bid_quantity"":140,""ask_quantity"":40,""bid_orders"":1,""ask_orders"":2,""bid_price"":""925.80"",""ask_price"":""950.50""}]"
09:15:36.154,1790307936154375246,1025678708309353,Full Data,8,886849,559.40,20,09:15:36,523.21,65680,19320,22520,167000,"[{""bid_quantity"":40,""ask_quantity"":60,""bid_orders"":2,""ask_orders"":2,""bid_price"":""555.85"",""ask_price"":""558.05""},{""bid_quantity"":20,""ask_quantity"":60,""bid_orders"":1,""ask_orders"":2,""bid_price"":""555.80"",""ask_price"":""558.10""},{""bid_quantity"":20,""ask_quantity"":40,""bid_orders"":1,""ask_orders"":2,""bid_price"":""555.75"",""ask_price"":""558.25""},{""bid_quantity"":40,""ask_quantity"":40,""bid_orders"":2,""ask_orders"":2,""bid_price"":""555.70"",""ask_price"":""558.30""},{""bid_quantity"":20,""ask_quantity"":120,""bid_orders"":1,""ask_orders"":1,""bid_price"":""555.65"",""ask_price"":""558.35""}]"
09:15:36.172,1790307936172631363,1025678726565270,Full Data,8,886692,952.55,20,09:15:34,892.04,2900,14360,90580,4500,"[{""bid_quantity"":40,""ask_quantity"":80,""bid_orders"":2,""ask_orders"":3,""bid_price"":""944.60"",""ask_price"":""949.70""},{""bid_quantity"":40,""ask_quantity"":40,""bid_orders"":2,""ask_orders"":2,""bid_price"":""944.50"",""ask_price"":""949.75""},{""bid_quantity"":40,""ask_quantity"":40,""bid_orders"":2,""ask_orders"":2,""bid_price"":""944.40"",""ask_price"":""949.90""},{""bid_quantity"":40,""ask_quantity"":40,""bid_orders"":2,""ask_orders"":2,""bid_price"":""944.30"",""ask_price"":""950.00""},{""bid_quantity"":40,""ask_quantity"":20,""bid_orders"":2,""ask_orders"":1,""bid_price"":""944.00"",""ask_price"":""950.05""}]"
09:15:36.263,1790307936263359504,1025678817293651,Full Data,8,887124,261.30,20,09:15:36,291.81,45160,26020,15520,64860,"[{""bid_quantity"":20,""ask_quantity"":20,""bid_orders"":1,""ask_orders"":1,""bid_price"":""260.15"",""ask_price"":""261.65""},{""bid_quantity"":20,""ask_quantity"":40,""bid_orders"":1,""ask_orders"":2,""bid_price"":""260.05"",""ask_price"":""261.70""},{""bid_quantity"":200,""ask_quantity"":40,""bid_orders"":2,""ask_orders"":2,""bid_price"":""260.00"",""ask_price"":""261.75""},{""bid_quantity"":20,""ask_quantity"":40,""bid_orders"":1,""ask_orders"":2,""bid_price"":""259.75"",""ask_price"":""261.80""},{""bid_quantity"":180,""ask_quantity"":160,""bid_orders"":2,""ask_orders"":5,""bid_price"":""259.70"",""ask_price"":""261.85""}]"
09:15:36.301,1790307936301837350,1025678855771297,Full Data,8,886776,401.65,20,09:15:36,440.81,47460,22100,95020,67800,"[{""bid_quantity"":40,""ask_quantity"":80,""bid_orders"":2,""ask_orders"":4,""bid_price"":""399.40"",""ask_price"":""401.05""},{""bid_quantity"":20,""ask_quantity"":60,""bid_orders"":1,""ask_orders"":3,""bid_price"":""399.30"",""ask_price"":""401.15""},{""bid_quantity"":20,""ask_quantity"":60,""bid_orders"":1,""ask_orders"":3,""bid_price"":""399.25"",""ask_price"":""401.25""},{""bid_quantity"":40,""ask_quantity"":20,""bid_orders"":2,""ask_orders"":1,""bid_price"":""399.15"",""ask_price"":""401.35""},{""bid_quantity"":20,""ask_quantity"":40,""bid_orders"":1,""ask_orders"":2,""bid_price"":""399.10"",""ask_price"":""401.45""}]"
09:15:36.332,1790307936332737228,1025678886671175,Full Data,8,887124,261.30,20,09:15:36,291.81,45160,22840,15120,64860,"[{""bid_quantity"":40,""ask_quantity"":40,""bid_orders"":2,""ask_orders"":2,""bid_price"":""259.60"",""ask_price"":""260.45""},{""bid_quantity"":40,""ask_quantity"":80,""bid_orders"":2,""ask_orders"":3,""bid_price"":""259.55"",""ask_price"":""260.80""},{""bid_quantity"":100,""ask_quantity"":40,""bid_orders"":2,""ask_orders"":2,""bid_price"":""259.45"",""ask_price"":""260.85""},{""bid_quantity"":40,""ask_quantity"":140,""bid_orders"":2,""ask_orders"":1,""bid_price"":""259.40"",""ask_price"":""261.00""},{""bid_quantity"":40,""ask_quantity"":40,""bid_orders"":1,""ask_orders"":2,""bid_price"":""259.25"",""ask_price"":""261.20""}]"
09:15:36.492,1790307936492600291,1025679046534718,Full Data,8,886924,293.15,20,09:15:36,329.29,53040,23220,17680,59380,"[{""bid_quantity"":60,""ask_quantity"":40,""bid_orders"":2,""ask_orders"":1,""bid_price"":""290.45"",""ask_price"":""291.25""},{""bid_quantity"":40,""ask_quantity"":20,""bid_orders"":2,""ask_orders"":1,""bid_price"":""290.30"",""ask_price"":""291.30""},{""bid_quantity"":20,""ask_quantity"":40,""bid_orders"":1,""ask_orders"":1,""bid_price"":""289.65"",""ask_price"":""291.35""},{""bid_quantity"":40,""ask_quantity"":20,""bid_orders"":1,""ask_orders"":1,""bid_price"":""289.60"",""ask_price"":""291.50""},{""bid_quantity"":20,""ask_quantity"":20,""bid_orders"":1,""ask_orders"":1,""bid_price"":""289.55"",""ask_price"":""291.55""}]"
09:15:36.533,1790307936533315992,1025679087250259,Full Data,8,886924,293.15,20,09:15:36,329.29,53040,23380,17840,59380,"[{""bid_quantity"":40,""ask_quantity"":80,""bid_orders"":2,""ask_orders"":3,""bid_price"":""289.95"",""ask_price"":""291.20""},{""bid_quantity"":80,""ask_quantity"":80,""bid_orders"":3,""ask_orders"":4,""bid_price"":""289.85"",""ask_price"":""291.25""},{""bid_quantity"":40,""ask_quantity"":40,""bid_orders"":2,""ask_orders"":1,""bid_price"":""289.75"",""ask_price"":""291.30""},{""bid_quantity"":40,""ask_quantity"":40,""bid_orders"":1,""ask_orders"":2,""bid_price"":""289.70"",""ask_price"":""291.35""},{""bid_quantity"":20,""ask_quantity"":60,""bid_orders"":1,""ask_orders"":3,""bid_price"":""289.65"",""ask_price"":""291.50""}]"
09:15:36.537,1790307936537062736,1025679090996523,Ticker Data,0,51,73676.85,,09:15:36,,,,,,
09:15:36.569,1790307936569631304,1025679123565291,Full Data,8,886872,233.40,60,09:15:36,265.74,55520,22340,23440,47980,"[{""bid_quantity"":40,""ask_quantity"":160,""bid_orders"":2,""ask_orders"":4,""bid_price"":""233.05"",""ask_price"":""234.00""},{""bid_quantity"":100,""ask_quantity"":40,""bid_orders"":2,""ask_orders"":2,""bid_price"":""233.00"",""ask_price"":""234.35""},{""bid_quantity"":60,""ask_quantity"":40,""bid_orders"":3,""ask_orders"":1,""bid_price"":""232.95"",""ask_price"":""234.70""},{""bid_quantity"":60,""ask_quantity"":20,""bid_orders"":3,""ask_orders"":1,""bid_price"":""232.85"",""ask_price"":""234.85""},{""bid_quantity"":80,""ask_quantity"":100,""bid_orders"":3,""ask_orders"":1,""bid_price"":""232.75"",""ask_price"":""234.90""}]"
09:15:36.594,1790307936594462463,1025679148396610,Full Data,8,887036,442.95,20,09:15:36,483.16,62500,24940,97820,155340,"[{""bid_quantity"":60,""ask_quantity"":20,""bid_orders"":2,""ask_orders"":1,""bid_price"":""441.55"",""ask_price"":""443.05""},{""bid_quantity"":40,""ask_quantity"":40,""bid_orders"":1,""ask_orders"":2,""bid_price"":""441.50"",""ask_price"":""443.10""},{""bid_quantity"":40,""ask_quantity"":40,""bid_orders"":2,""ask_orders"":2,""bid_price"":""441.35"",""ask_price"":""443.15""},{""bid_quantity"":20,""ask_quantity"":40,""bid_orders"":1,""ask_orders"":2,""bid_price"":""441.30"",""ask_price"":""443.20""},{""bid_quantity"":200,""ask_quantity"":60,""bid_orders"":2,""ask_orders"":3,""bid_price"":""441.25"",""ask_price"":""443.25""}]"
09:15:36.599,1790307936599149253,1025679153083080,Full Data,8,886872,233.40,60,09:15:36,265.74,55520,23160,23280,47980,"[{""bid_quantity"":20,""ask_quantity"":120,""bid_orders"":1,""ask_orders"":3,""bid_price"":""233.25"",""ask_price"":""234.25""},{""bid_quantity"":100,""ask_quantity"":100,""bid_orders"":2,""ask_orders"":4,""bid_price"":""233.20"",""ask_price"":""234.35""},{""bid_quantity"":60,""ask_quantity"":20,""bid_orders"":3,""ask_orders"":1,""bid_price"":""233.15"",""ask_price"":""234.40""},{""bid_quantity"":40,""ask_quantity"":40,""bid_orders"":2,""ask_orders"":1,""bid_price"":""233.10"",""ask_price"":""234.65""},{""bid_quantity"":40,""ask_quantity"":80,""bid_orders"":2,""ask_orders"":3,""bid_price"":""233.05"",""ask_price"":""234.70""}]"
09:15:36.704,1790307936704387127,1025679258321114,Full Data,8,886747,811.95,20,09:15:36,764.65,14500,17820,92560,5900,"[{""bid_quantity"":20,""ask_quantity"":40,""bid_orders"":1,""ask_orders"":2,""bid_price"":""803.35"",""ask_price"":""809.95""},{""bid_quantity"":40,""ask_quantity"":40,""bid_orders"":2,""ask_orders"":2,""bid_price"":""803.30"",""ask_price"":""810.05""},{""bid_quantity"":40,""ask_quantity"":40,""bid_orders"":2,""ask_orders"":2,""bid_price"":""803.20"",""ask_price"":""810.15""},{""bid_quantity"":20,""ask_quantity"":20,""bid_orders"":1,""ask_orders"":1,""bid_price"":""800.15"",""ask_price"":""810.25""},{""bid_quantity"":20,""ask_quantity"":20,""bid_orders"":1,""ask_orders"":1,""bid_price"":""800.05"",""ask_price"":""810.30""}]"
09:15:36.761,1790307936761180491,1025679315114598,Full Data,8,886805,676.25,20,09:15:36,646.97,66520,17300,104040,42420,"[{""bid_quantity"":20,""ask_quantity"":40,""bid_orders"":1,""ask_orders"":1,""bid_price"":""675.15"",""ask_price"":""677.20""},{""bid_quantity"":20,""ask_quantity"":20,""bid_orders"":1,""ask_orders"":1,""bid_price"":""675.05"",""ask_price"":""677.25""},{""bid_quantity"":40,""ask_quantity"":40,""bid_orders"":2,""ask_orders"":2,""bid_price"":""675.00"",""ask_price"":""677.40""},{""bid_quantity"":60,""ask_quantity"":20,""bid_orders"":3,""ask_orders"":1,""bid_price"":""674.85"",""ask_price"":""677.55""},{""bid_quantity"":40,""ask_quantity"":20,""bid_orders"":2,""ask_orders"":1,""bid_price"":""674.75"",""ask_price"":""677.60""}]"
09:15:36.773,1790307936773380689,1025679327314636,Full Data,8,886747,811.95,20,09:15:36,764.65,14500,14800,91280,5900,"[{""bid_quantity"":100,""ask_quantity"":60,""bid_orders"":4,""ask_orders"":3,""bid_price"":""803.00"",""ask_price"":""808.65""},{""bid_quantity"":40,""ask_quantity"":20,""bid_orders"":2,""ask_orders"":1,""bid_price"":""802.95"",""ask_price"":""808.70""},{""bid_quantity"":20,""ask_quantity"":80,""bid_orders"":1,""ask_orders"":4,""bid_price"":""802.90"",""ask_price"":""808.75""},{""bid_quantity"":60,""ask_quantity"":20,""bid_orders"":3,""ask_orders"":1,""bid_price"":""802.85"",""ask_price"":""808.80""},{""bid_quantity"":20,""ask_quantity"":40,""bid_orders"":1,""ask_orders"":2,""bid_price"":""802.75"",""ask_price"":""808.85""}]"
09:15:36.822,1790307936822784805,1025679376719112,Full Data,8,886805,673.50,20,09:15:36,647.06,66740,17060,104180,42420,"[{""bid_quantity"":60,""ask_quantity"":40,""bid_orders"":3,""ask_orders"":2,""bid_price"":""674.00"",""ask_price"":""676.70""},{""bid_quantity"":60,""ask_quantity"":60,""bid_orders"":2,""ask_orders"":2,""bid_price"":""673.95"",""ask_price"":""676.75""},{""bid_quantity"":160,""ask_quantity"":80,""bid_orders"":4,""ask_orders"":2,""bid_price"":""673.90"",""ask_price"":""676.85""},{""bid_quantity"":60,""ask_quantity"":160,""bid_orders"":3,""ask_orders"":3,""bid_price"":""673.80"",""ask_price"":""676.90""},{""bid_quantity"":60,""ask_quantity"":20,""bid_orders"":3,""ask_orders"":1,""bid_price"":""673.45"",""ask_price"":""677.00""}]"
09:15:36.847,1790307936847948806,1025679401882833,Full Data,8,886981,362.25,40,09:15:36,404.06,91500,23780,42980,63920,"[{""bid_quantity"":80,""ask_quantity"":60,""bid_orders"":3,""ask_orders"":3,""bid_price"":""361.15"",""ask_price"":""362.75""},{""bid_quantity"":160,""ask_quantity"":80,""bid_orders"":3,""ask_orders"":3,""bid_price"":""361.10"",""ask_price"":""362.80""},{""bid_quantity"":320,""ask_quantity"":20,""bid_orders"":4,""ask_orders"":1,""bid_price"":""361.05"",""ask_price"":""362.95""},{""bid_quantity"":40,""ask_quantity"":20,""bid_orders"":2,""ask_orders"":1,""bid_price"":""361.00"",""ask_price"":""363.15""},{""bid_quantity"":80,""ask_quantity"":20,""bid_orders"":3,""ask_orders"":1,""bid_price"":""360.95"",""ask_price"":""363.35""}]"
09:15:36.886,1790307936886330572,1025679440264439,Full Data,8,887017,741.40,20,09:15:36,690.27,106800,17780,165340,74320,"[{""bid_quantity"":80,""ask_quantity"":100,""bid_orders"":3,""ask_orders"":2,""bid_price"":""739.50"",""ask_price"":""743.70""},{""bid_quantity"":80,""ask_quantity"":120,""bid_orders"":3,""ask_orders"":2,""bid_price"":""739.45"",""ask_price"":""743.75""},{""bid_quantity"":40,""ask_quantity"":40,""bid_orders"":2,""ask_orders"":1,""bid_price"":""739.40"",""ask_price"":""744.25""},{""bid_quantity"":40,""ask_quantity"":100,""bid_orders"":2,""ask_orders"":1,""bid_price"":""739.35"",""ask_price"":""744.60""},{""bid_quantity"":40,""ask_quantity"":60,""bid_orders"":2,""ask_orders"":1,""bid_price"":""739.30"",""ask_price"":""745.15""}]"
09:15:36.909,1790307936909895723,1025679463829870,Full Data,8,887017,742.55,20,09:15:36,690.28,106820,18080,165280,74320,"[{""bid_quantity"":40,""ask_quantity"":40,""bid_orders"":2,""ask_orders"":2,""bid_price"":""740.35"",""ask_price"":""742.80""},{""bid_quantity"":40,""ask_quantity"":40,""bid_orders"":2,""ask_orders"":2,""bid_price"":""740.30"",""ask_price"":""743.00""},{""bid_quantity"":60,""ask_quantity"":40,""bid_orders"":2,""ask_orders"":2,""bid_price"":""740.20"",""ask_price"":""743.15""},{""bid_quantity"":40,""ask_quantity"":100,""bid_orders"":2,""ask_orders"":1,""bid_price"":""740.15"",""ask_price"":""743.20""},{""bid_quantity"":40,""ask_quantity"":40,""bid_orders"":2,""ask_orders"":1,""bid_price"":""740.00"",""ask_price"":""743.25""}]"
09:15:36.948,1790307936948353289,1025679502287356,Full Data,8,886951,872.35,20,09:15:36,824.18,5740,16960,95820,6000,"[{""bid_quantity"":300,""ask_quantity"":80,""bid_orders"":7,""ask_orders"":3,""bid_price"":""872.15"",""ask_price"":""879.45""},{""bid_quantity"":20,""ask_quantity"":60,""bid_orders"":1,""ask_orders"":3,""bid_price"":""872.10"",""ask_price"":""879.50""},{""bid_quantity"":20,""ask_quantity"":20,""bid_orders"":1,""ask_orders"":1,""bid_price"":""872.00"",""ask_price"":""879.80""},{""bid_quantity"":20,""ask_quantity"":20,""bid_orders"":1,""ask_orders"":1,""bid_price"":""871.90"",""ask_price"":""879.85""},{""bid_quantity"":20,""ask_quantity"":20,""bid_orders"":1,""ask_orders"":1,""bid_price"":""871.80"",""ask_price"":""880.00""}]"
09:15:36.965,1790307936965335638,1025679519269825,Full Data,8,886951,872.35,20,09:15:36,824.18,5740,15080,93740,6000,"[{""bid_quantity"":20,""ask_quantity"":40,""bid_orders"":1,""ask_orders"":1,""bid_price"":""870.05"",""ask_price"":""876.35""},{""bid_quantity"":100,""ask_quantity"":20,""bid_orders"":1,""ask_orders"":1,""bid_price"":""870.00"",""ask_price"":""876.40""},{""bid_quantity"":120,""ask_quantity"":40,""bid_orders"":2,""ask_orders"":2,""bid_price"":""869.85"",""ask_price"":""876.70""},{""bid_quantity"":40,""ask_quantity"":20,""bid_orders"":1,""ask_orders"":1,""bid_price"":""869.55"",""ask_price"":""876.80""},{""bid_quantity"":20,""ask_quantity"":20,""bid_orders"":1,""ask_orders"":1,""bid_price"":""868.05"",""ask_price"":""876.85""}]"
09:15:37.061,1790307937061653894,1025679615588321,Full Data,8,886572,610.50,20,09:15:37,583.03,66320,21880,103420,92640,"[{""bid_quantity"":40,""ask_quantity"":20,""bid_orders"":1,""ask_orders"":1,""bid_price"":""613.05"",""ask_price"":""615.10""},{""bid_quantity"":40,""ask_quantity"":20,""bid_orders"":2,""ask_orders"":1,""bid_price"":""613.00"",""ask_price"":""615.30""},{""bid_quantity"":20,""ask_quantity"":20,""bid_orders"":1,""ask_orders"":1,""bid_price"":""612.95"",""ask_price"":""615.50""},{""bid_quantity"":20,""ask_quantity"":40,""bid_orders"":1,""ask_orders"":2,""bid_price"":""612.90"",""ask_price"":""615.75""},{""bid_quantity"":20,""ask_quantity"":40,""bid_orders"":1,""ask_orders"":1,""bid_price"":""612.80"",""ask_price"":""615.90""}]"
09:15:37.107,1790307937107111225,1025679661045292,Full Data,8,886572,610.50,20,09:15:37,583.03,66320,21840,103320,92640,"[{""bid_quantity"":40,""ask_quantity"":400,""bid_orders"":1,""ask_orders"":3,""bid_price"":""611.20"",""ask_price"":""613.90""},{""bid_quantity"":80,""ask_quantity"":40,""bid_orders"":2,""ask_orders"":1,""bid_price"":""611.15"",""ask_price"":""614.00""},{""bid_quantity"":60,""ask_quantity"":20,""bid_orders"":2,""ask_orders"":1,""bid_price"":""611.10"",""ask_price"":""614.05""},{""bid_quantity"":20,""ask_quantity"":40,""bid_orders"":1,""ask_orders"":1,""bid_price"":""610.80"",""ask_price"":""614.20""},{""bid_quantity"":20,""ask_quantity"":180,""bid_orders"":1,""ask_orders"":2,""bid_price"":""610.75"",""ask_price"":""614.25""}]"
09:15:37.185,1790307937185785849,1025679739719956,Full Data,8,886692,952.55,20,09:15:34,892.04,2900,16760,92320,4500,"[{""bid_quantity"":40,""ask_quantity"":40,""bid_orders"":1,""ask_orders"":2,""bid_price"":""945.05"",""ask_price"":""946.20""},{""bid_quantity"":20,""ask_quantity"":40,""bid_orders"":1,""ask_orders"":2,""bid_price"":""945.00"",""ask_price"":""951.70""},{""bid_quantity"":20,""ask_quantity"":60,""bid_orders"":1,""ask_orders"":2,""bid_price"":""944.90"",""ask_price"":""951.75""},{""bid_quantity"":20,""ask_quantity"":20,""bid_orders"":1,""ask_orders"":1,""bid_price"":""944.80"",""ask_price"":""951.80""},{""bid_quantity"":20,""ask_quantity"":20,""bid_orders"":1,""ask_orders"":1,""bid_price"":""944.10"",""ask_price"":""955.25""}]"
09:15:37.235,1790307937235158245,1025679789092272,Full Data,8,886849,556.80,40,09:15:37,524.84,69120,21280,23020,167000,"[{""bid_quantity"":40,""ask_quantity"":40,""bid_orders"":2,""ask_orders"":2,""bid_price"":""556.80"",""ask_price"":""557.95""},{""bid_quantity"":60,""ask_quantity"":40,""bid_orders"":2,""ask_orders"":2,""bid_price"":""556.70"",""ask_price"":""558.15""},{""bid_quantity"":40,""ask_quantity"":40,""bid_orders"":2,""ask_orders"":2,""bid_price"":""556.55"",""ask_price"":""558.25""},{""bid_quantity"":40,""ask_quantity"":60,""bid_orders"":1,""ask_orders"":2,""bid_price"":""555.95"",""ask_price"":""558.30""},{""bid_quantity"":40,""ask_quantity"":20,""bid_orders"":2,""ask_orders"":1,""bid_price"":""555.70"",""ask_price"":""558.35""}]"
09:15:37.254,1790307937254170807,1025679808104714,Full Data,8,886692,946.20,20,09:15:37,892.77,2940,17060,94480,4500,"[{""bid_quantity"":20,""ask_quantity"":60,""bid_orders"":1,""ask_orders"":3,""bid_price"":""947.20"",""ask_price"":""950.50""},{""bid_quantity"":40,""ask_quantity"":80,""bid_orders"":1,""ask_orders"":4,""bid_price"":""947.15"",""ask_price"":""950.55""},{""bid_quantity"":20,""ask_quantity"":40,""bid_orders"":1,""ask_orders"":2,""bid_price"":""947.10"",""ask_price"":""950.60""},{""bid_quantity"":60,""ask_quantity"":40,""bid_orders"":3,""ask_orders"":2,""bid_price"":""947.00"",""ask_price"":""950.90""},{""bid_quantity"":60,""ask_quantity"":20,""bid_orders"":3,""ask_orders"":1,""bid_price"":""946.90"",""ask_price"":""951.25""}]"
09:15:37.295,1790307937295235510,1025679849169617,Full Data,8,886776,397.45,20,09:15:37,439.62,48860,23460,95500,67800,"[{""bid_quantity"":40,""ask_quantity"":40,""bid_orders"":2,""ask_orders"":2,""bid_price"":""397.30"",""ask_price"":""398.40""},{""bid_quantity"":400,""ask_quantity"":40,""bid_orders"":1,""ask_orders"":1,""bid_price"":""397.05"",""ask_price"":""398.45""},{""bid_quantity"":40,""ask_quantity"":40,""bid_orders"":1,""ask_orders"":2,""bid_price"":""396.80"",""ask_price"":""398.50""},{""bid_quantity"":20,""ask_quantity"":320,""bid_orders"":1,""ask_orders"":2,""bid_price"":""396.60"",""ask_price"":""398.55""},{""bid_quantity"":20,""ask_quantity"":200,""bid_orders"":1,""ask_orders"":3,""bid_price"":""396.35"",""ask_price"":""398.60""}]"
09:15:37.354,1790307937354673650,1025679908607437,Full Data,8,887124,259.00,20,09:15:37,291.40,45780,23080,16440,64860,"[{""bid_quantity"":40,""ask_quantity"":40,""bid_orders"":2,""ask_orders"":2,""bid_price"":""258.70"",""ask_price"":""259.90""},{""bid_quantity"":40,""ask_quantity"":40,""bid_orders"":2,""ask_orders"":2,""bid_price"":""258.60"",""ask_price"":""259.95""},{""bid_quantity"":40,""ask_quantity"":40,""bid_orders"":2,""ask_orders"":2,""bid_price"":""258.50"",""ask_price"":""260.00""},{""bid_quantity"":40,""ask_quantity"":40,""bid_orders"":2,""ask_orders"":2,""bid_price"":""258.45"",""ask_price"":""260.10""},{""bid_quantity"":20,""ask_quantity"":60,""bid_orders"":1,""ask_orders"":3,""bid_price"":""258.40"",""ask_price"":""260.20""}]"
09:15:37.366,1790307937366924649,1025679920858516,Full Data,8,887124,259.00,20,09:15:37,291.40,45780,21840,14880,64860,"[{""bid_quantity"":40,""ask_quantity"":20,""bid_orders"":2,""ask_orders"":1,""bid_price"":""258.10"",""ask_price"":""258.70""},{""bid_quantity"":40,""ask_quantity"":60,""bid_orders"":2,""ask_orders"":2,""bid_price"":""258.05"",""ask_price"":""259.25""},{""bid_quantity"":60,""ask_quantity"":40,""bid_orders"":2,""ask_orders"":2,""bid_price"":""258.00"",""ask_price"":""259.35""},{""bid_quantity"":20,""ask_quantity"":80,""bid_orders"":1,""ask_orders"":1,""bid_price"":""257.95"",""ask_price"":""259.80""},{""bid_quantity"":20,""ask_quantity"":40,""bid_orders"":1,""ask_orders"":1,""bid_price"":""257.90"",""ask_price"":""259.85""}]"
09:15:37.522,1790307937522273803,1025680076208070,Full Data,8,886924,288.95,80,09:15:37,328.85,53640,22460,17620,59380,"[{""bid_quantity"":40,""ask_quantity"":60,""bid_orders"":1,""ask_orders"":2,""bid_price"":""289.70"",""ask_price"":""290.80""},{""bid_quantity"":80,""ask_quantity"":80,""bid_orders"":3,""ask_orders"":3,""bid_price"":""289.65"",""ask_price"":""290.85""},{""bid_quantity"":60,""ask_quantity"":20,""bid_orders"":2,""ask_orders"":1,""bid_price"":""289.60"",""ask_price"":""290.90""},{""bid_quantity"":40,""ask_quantity"":60,""bid_orders"":2,""ask_orders"":3,""bid_price"":""289.55"",""ask_price"":""290.95""},{""bid_quantity"":20,""ask_quantity"":60,""bid_orders"":1,""ask_orders"":3,""bid_price"":""289.50"",""ask_price"":""291.00""}]"
09:15:37.531,1790307937531950225,1025680085884092,Ticker Data,0,51,73679.20,,09:15:37,,,,,,
09:15:37.549,1790307937549142575,1025680103076602,Full Data,8,886924,288.95,80,09:15:37,328.85,53640,22360,17600,59380,"[{""bid_quantity"":80,""ask_quantity"":60,""bid_orders"":3,""ask_orders"":3,""bid_price"":""289.90"",""ask_price"":""290.85""},{""bid_quantity"":80,""ask_quantity"":20,""bid_orders"":3,""ask_orders"":1,""bid_price"":""289.85"",""ask_price"":""290.90""},{""bid_quantity"":60,""ask_quantity"":60,""bid_orders"":3,""ask_orders"":3,""bid_price"":""289.80"",""ask_price"":""290.95""},{""bid_quantity"":80,""ask_quantity"":60,""bid_orders"":3,""ask_orders"":3,""bid_price"":""289.75"",""ask_price"":""291.00""},{""bid_quantity"":20,""ask_quantity"":60,""bid_orders"":1,""ask_orders"":2,""bid_price"":""289.70"",""ask_price"":""291.05""}]"
09:15:37.596,1790307937596185356,1025680150119423,Full Data,8,887036,444.40,20,09:15:37,482.37,63720,20240,97680,155340,"[{""bid_quantity"":40,""ask_quantity"":20,""bid_orders"":2,""ask_orders"":1,""bid_price"":""443.95"",""ask_price"":""446.55""},{""bid_quantity"":80,""ask_quantity"":40,""bid_orders"":4,""ask_orders"":2,""bid_price"":""443.90"",""ask_price"":""446.60""},{""bid_quantity"":120,""ask_quantity"":40,""bid_orders"":2,""ask_orders"":2,""bid_price"":""443.85"",""ask_price"":""446.70""},{""bid_quantity"":40,""ask_quantity"":20,""bid_orders"":2,""ask_orders"":1,""bid_price"":""443.80"",""ask_price"":""446.80""},{""bid_quantity"":220,""ask_quantity"":80,""bid_orders"":3,""ask_orders"":1,""bid_price"":""443.75"",""ask_price"":""446.85""}]"
09:15:37.608,1790307937608831237,1025680162765104,Full Data,8,886872,233.55,20,09:15:37,265.25,56380,20060,22740,47980,"[{""bid_quantity"":20,""ask_quantity"":40,""bid_orders"":1,""ask_orders"":2,""bid_price"":""234.15"",""ask_price"":""235.15""},{""bid_quantity"":40,""ask_quantity"":20,""bid_orders"":2,""ask_orders"":1,""bid_price"":""234.10"",""ask_price"":""235.20""},{""bid_quantity"":40,""ask_quantity"":20,""bid_orders"":2,""ask_orders"":1,""bid_price"":""234.05"",""ask_price"":""235.25""},{""bid_quantity"":120,""ask_quantity"":20,""bid_orders"":3,""ask_orders"":1,""bid_price"":""234.00"",""ask_price"":""235.30""},{""bid_quantity"":20,""ask_quantity"":20,""bid_orders"":1,""ask_orders"":1,""bid_price"":""233.95"",""ask_price"":""235.35""}]"
09:15:37.642,1790307937642783455,1025680196717362,Full Data,8,887036,444.20,20,09:15:37,482.36,63740,20860,96100,155340,"[{""bid_quantity"":20,""ask_quantity"":20,""bid_orders"":1,""ask_orders"":1,""bid_price"":""441.65"",""ask_price"":""443.05""},{""bid_quantity"":180,""ask_quantity"":60,""bid_orders"":3,""ask_orders"":3,""bid_price"":""441.60"",""ask_price"":""443.10""},{""bid_quantity"":20,""ask_quantity"":60,""bid_orders"":1,""ask_orders"":3,""bid_price"":""441.55"",""ask_price"":""443.40""},{""bid_quantity"":140,""ask_quantity"":60,""bid_orders"":2,""ask_orders"":3,""bid_price"":""441.50"",""ask_price"":""443.45""},{""bid_quantity"":140,""ask_quantity"":100,""bid_orders"":2,""ask_orders"":4,""bid_price"":""441.45"",""ask_price"":""443.50""}]"
09:15:37.646,1790307937646718800,1025680200652627,Full Data,8,886872,233.55,20,09:15:37,265.25,56380,22180,21880,47980,"[{""bid_quantity"":80,""ask_quantity"":40,""bid_orders"":4,""ask_orders"":2,""bid_price"":""232.55"",""ask_price"":""233.80""},{""bid_quantity"":40,""ask_quantity"":80,""bid_orders"":2,""ask_orders"":4,""bid_price"":""232.50"",""ask_price"":""233.85""},{""bid_quantity"":60,""ask_quantity"":100,""bid_orders"":2,""ask_orders"":4,""bid_price"":""232.35"",""ask_price"":""233.90""},{""bid_quantity"":80,""ask_quantity"":60,""bid_orders"":2,""ask_orders"":3,""bid_price"":""232.30"",""ask_price"":""233.95""},{""bid_quantity"":40,""ask_quantity"":160,""bid_orders"":1,""ask_orders"":5,""bid_price"":""232.25"",""ask_price"":""234.00""}]"
09:15:37.764,1790307937764417113,1025680318351100,Full Data,8,886747,803.20,20,09:15:37,766.96,15260,16040,93320,5900,"[{""bid_quantity"":40,""ask_quantity"":80,""bid_orders"":2,""ask_orders"":4,""bid_price"":""802.10"",""ask_price"":""806.00""},{""bid_quantity"":40,""ask_quantity"":20,""bid_orders"":2,""ask_orders"":1,""bid_price"":""802.05"",""ask_price"":""806.05""},{""bid_quantity"":20,""ask_quantity"":60,""bid_orders"":1,""ask_orders"":3,""bid_price"":""802.00"",""ask_price"":""806.10""},{""bid_quantity"":20,""ask_quantity"":60,""bid_orders"":1,""ask_orders"":3,""bid_price"":""801.95"",""ask_price"":""806.15""},{""bid_quantity"":40,""ask_quantity"":40,""bid_orders"":2,""ask_orders"":2,""bid_price"":""801.85"",""ask_price"":""806.20""}]"
09:15:37.830,1790307937830707458,1025680384641725,Full Data,8,886805,668.85,60,09:15:37,647.90,68900,18720,107680,42420,"[{""bid_quantity"":40,""ask_quantity"":60,""bid_orders"":2,""ask_orders"":3,""bid_price"":""671.30"",""ask_price"":""673.75""},{""bid_quantity"":60,""ask_quantity"":60,""bid_orders"":3,""ask_orders"":2,""bid_price"":""671.25"",""ask_price"":""673.80""},{""bid_quantity"":20,""ask_quantity"":60,""bid_orders"":1,""ask_orders"":3,""bid_price"":""671.15"",""ask_price"":""673.90""},{""bid_quantity"":360,""ask_quantity"":40,""bid_orders"":3,""ask_orders"":2,""bid_price"":""671.10"",""ask_price"":""674.10""},{""bid_quantity"":20,""ask_quantity"":40,""bid_orders"":1,""ask_orders"":1,""bid_price"":""671.00"",""ask_price"":""674.15""}]"
09:15:37.839,1790307937839786956,1025680393720863,Full Data,8,886981,362.50,40,09:15:37,403.57,92560,24000,43440,63920,"[{""bid_quantity"":20,""ask_quantity"":20,""bid_orders"":1,""ask_orders"":1,""bid_price"":""362.45"",""ask_price"":""363.60""},{""bid_quantity"":20,""ask_quantity"":20,""bid_orders"":1,""ask_orders"":1,""bid_price"":""362.40"",""ask_price"":""363.65""},{""bid_quantity"":60,""ask_quantity"":20,""bid_orders"":3,""ask_orders"":1,""bid_price"":""362.35"",""ask_price"":""363.70""},{""bid_quantity"":60,""ask_quantity"":20,""bid_orders"":3,""ask_orders"":1,""bid_price"":""362.25"",""ask_price"":""363.80""},{""bid_quantity"":40,""ask_quantity"":20,""bid_orders"":1,""ask_orders"":1,""bid_price"":""362.20"",""ask_price"":""363.90""}]"
09:15:37.864,1790307937864152432,1025680418086339,Full Data,8,886747,803.20,20,09:15:37,766.96,15260,16300,93160,5900,"[{""bid_quantity"":60,""ask_quantity"":100,""bid_orders"":3,""ask_orders"":5,""bid_price"":""800.50"",""ask_price"":""805.80""},{""bid_quantity"":40,""ask_quantity"":80,""bid_orders"":2,""ask_orders"":4,""bid_price"":""800.45"",""ask_price"":""805.85""},{""bid_quantity"":60,""ask_quantity"":80,""bid_orders"":3,""ask_orders"":4,""bid_price"":""800.40"",""ask_price"":""806.00""},{""bid_quantity"":60,""ask_quantity"":20,""bid_orders"":3,""ask_orders"":1,""bid_price"":""800.30"",""ask_price"":""806.05""},{""bid_quantity"":40,""ask_quantity"":60,""bid_orders"":2,""ask_orders"":3,""bid_price"":""800.20"",""ask_price"":""806.10""}]"
09:15:37.889,1790307937889276993,1025680443210740,Full Data,8,886805,668.85,60,09:15:37,647.90,68900,18440,107360,42420,"[{""bid_quantity"":80,""ask_quantity"":40,""bid_orders"":4,""ask_orders"":2,""bid_price"":""672.35"",""ask_price"":""674.40""},{""bid_quantity"":60,""ask_quantity"":40,""bid_orders"":3,""ask_orders"":2,""bid_price"":""672.30"",""ask_price"":""674.55""},{""bid_quantity"":60,""ask_quantity"":60,""bid_orders"":3,""ask_orders"":3,""bid_price"":""672.10"",""ask_price"":""674.70""},{""bid_quantity"":60,""ask_quantity"":20,""bid_orders"":3,""ask_orders"":1,""bid_price"":""671.95"",""ask_price"":""674.80""},{""bid_quantity"":20,""ask_quantity"":20,""bid_orders"":1,""ask_orders"":1,""bid_price"":""671.85"",""ask_price"":""674.85""}]"
09:15:37.922,1790307937922246564,1025680476180431,Full Data,8,887017,735.65,40,09:15:37,691.60,109780,19100,166680,74320,"[{""bid_quantity"":20,""ask_quantity"":40,""bid_orders"":1,""ask_orders"":1,""bid_price"":""736.30"",""ask_price"":""739.45""},{""bid_quantity"":80,""ask_quantity"":60,""bid_orders"":4,""ask_orders"":2,""bid_price"":""736.25"",""ask_price"":""739.80""},{""bid_quantity"":40,""ask_quantity"":540,""bid_orders"":2,""ask_orders"":1,""bid_price"":""736.20"",""ask_price"":""740.30""},{""bid_quantity"":60,""ask_quantity"":140,""bid_orders"":3,""ask_orders"":1,""bid_price"":""736.15"",""ask_price"":""740.35""},{""bid_quantity"":80,""ask_quantity"":40,""bid_orders"":4,""ask_orders"":1,""bid_price"":""736.10"",""ask_price"":""740.80""}]"
09:15:37.953,1790307937953805046,1025680507739033,Full Data,8,887017,740.25,20,09:15:37,691.61,109800,16720,164340,74320,"[{""bid_quantity"":100,""ask_quantity"":40,""bid_orders"":5,""ask_orders"":2,""bid_price"":""739.00"",""ask_price"":""742.15""},{""bid_quantity"":40,""ask_quantity"":60,""bid_orders"":1,""ask_orders"":2,""bid_price"":""738.80"",""ask_price"":""742.20""},{""bid_quantity"":40,""ask_quantity"":40,""bid_orders"":2,""ask_orders"":2,""bid_price"":""738.75"",""ask_price"":""742.45""},{""bid_quantity"":20,""ask_quantity"":320,""bid_orders"":1,""ask_orders"":1,""bid_price"":""738.70"",""ask_price"":""742.95""},{""bid_quantity"":40,""ask_quantity"":120,""bid_orders"":2,""ask_orders"":1,""bid_price"":""738.30"",""ask_price"":""743.15""}]"
09:15:37.986,1790307937986327134,1025680540260881,Full Data,8,886951,876.05,80,09:15:37,827.24,6120,14160,94720,6000,"[{""bid_quantity"":80,""ask_quantity"":20,""bid_orders"":3,""ask_orders"":1,""bid_price"":""874.80"",""ask_price"":""878.75""},{""bid_quantity"":40,""ask_quantity"":20,""bid_orders"":2,""ask_orders"":1,""bid_price"":""874.65"",""ask_price"":""878.80""},{""bid_quantity"":40,""ask_quantity"":20,""bid_orders"":2,""ask_orders"":1,""bid_price"":""874.55"",""ask_price"":""878.90""},{""bid_quantity"":20,""ask_quantity"":20,""bid_orders"":1,""ask_orders"":1,""bid_price"":""874.45"",""ask_price"":""879.00""},{""bid_quantity"":20,""ask_quantity"":20,""bid_orders"":1,""ask_orders"":1,""bid_price"":""874.35"",""ask_price"":""879.10""}]"
09:15:38.041,1790307938041613768,1025680595548075,Full Data,8,886718,324.00,20,09:15:37,366.25,198640,24780,30160,276660,"[{""bid_quantity"":80,""ask_quantity"":60,""bid_orders"":1,""ask_orders"":3,""bid_price"":""324.20"",""ask_price"":""325.80""},{""bid_quantity"":80,""ask_quantity"":80,""bid_orders"":3,""ask_orders"":1,""bid_price"":""324.10"",""ask_price"":""325.85""},{""bid_quantity"":280,""ask_quantity"":40,""bid_orders"":3,""ask_orders"":2,""bid_price"":""323.95"",""ask_price"":""325.90""},{""bid_quantity"":60,""ask_quantity"":140,""bid_orders"":1,""ask_orders"":4,""bid_price"":""323.85"",""ask_price"":""326.00""},{""bid_quantity"":40,""ask_quantity"":60,""bid_orders"":2,""ask_orders"":2,""bid_price"":""323.80"",""ask_price"":""326.05""}]"
09:15:38.059,1790307938059580203,1025680613514150,Full Data,8,886951,876.05,80,09:15:37,827.24,6120,14140,94880,6000,"[{""bid_quantity"":20,""ask_quantity"":40,""bid_orders"":1,""ask_orders"":2,""bid_price"":""875.40"",""ask_price"":""879.15""},{""bid_quantity"":60,""ask_quantity"":40,""bid_orders"":2,""ask_orders"":2,""bid_price"":""875.35"",""ask_price"":""879.20""},{""bid_quantity"":20,""ask_quantity"":20,""bid_orders"":1,""ask_orders"":1,""bid_price"":""875.30"",""ask_price"":""879.25""},{""bid_quantity"":20,""ask_quantity"":40,""bid_orders"":1,""ask_orders"":2,""bid_price"":""875.20"",""ask_price"":""879.30""},{""bid_quantity"":20,""ask_quantity"":20,""bid_orders"":1,""ask_orders"":1,""bid_price"":""875.10"",""ask_price"":""879.40""}]"
09:15:38.111,1790307938111697497,1025680665631924,Full Data,8,886572,617.10,20,09:15:38,583.97,68280,20420,101980,92640,"[{""bid_quantity"":40,""ask_quantity"":60,""bid_orders"":1,""ask_orders"":3,""bid_price"":""616.80"",""ask_price"":""618.80""},{""bid_quantity"":60,""ask_quantity"":20,""bid_orders"":1,""ask_orders"":1,""bid_price"":""616.70"",""ask_price"":""618.85""},{""bid_quantity"":20,""ask_quantity"":80,""bid_orders"":1,""ask_orders"":2,""bid_price"":""616.45"",""ask_price"":""618.95""},{""bid_quantity"":40,""ask_quantity"":60,""bid_orders"":1,""ask_orders"":2,""bid_price"":""616.40"",""ask_price"":""619.00""},{""bid_quantity"":40,""ask_quantity"":60,""bid_orders"":1,""ask_orders"":2,""bid_price"":""616.30"",""ask_price"":""619.10""}]"
09:15:38.242,1790307938242492494,1025680796426641,Full Data,8,886849,556.45,20,09:15:38,526.10,71900,19500,19900,167000,"[{""bid_quantity"":60,""ask_quantity"":40,""bid_orders"":3,""ask_orders"":2,""bid_price"":""554.00"",""ask_price"":""556.90""},{""bid_quantity"":40,""ask_quantity"":60,""bid_orders"":2,""ask_orders"":2,""bid_price"":""553.90"",""ask_price"":""556.95""},{""bid_quantity"":40,""ask_quantity"":40,""bid_orders"":2,""ask_orders"":1,""bid_price"":""553.80"",""ask_price"":""557.05""},{""bid_quantity"":20,""ask_quantity"":40,""bid_orders"":1,""ask_orders"":2,""bid_price"":""553.40"",""ask_price"":""557.15""},{""bid_quantity"":20,""ask_quantity"":40,""bid_orders"":1,""ask_orders"":2,""bid_price"":""552.65"",""ask_price"":""557.25""}]"
09:15:38.263,1790307938263572309,1025680817506336,Full Data,8,886692,949.35,20,09:15:38,896.33,3140,15680,91100,4500,"[{""bid_quantity"":180,""ask_quantity"":80,""bid_orders"":5,""ask_orders"":3,""bid_price"":""942.10"",""ask_price"":""948.80""},{""bid_quantity"":140,""ask_quantity"":20,""bid_orders"":3,""ask_orders"":1,""bid_price"":""942.05"",""ask_price"":""948.90""},{""bid_quantity"":80,""ask_quantity"":40,""bid_orders"":2,""ask_orders"":2,""bid_price"":""940.00"",""ask_price"":""949.00""},{""bid_quantity"":60,""ask_quantity"":20,""bid_orders"":1,""ask_orders"":1,""bid_price"":""939.45"",""ask_price"":""949.05""},{""bid_quantity"":20,""ask_quantity"":40,""bid_orders"":1,""ask_orders"":2,""bid_price"":""938.80"",""ask_price"":""949.10""}]"
09:15:38.313,1790307938313365428,1025680867299495,Full Data,8,886776,399.80,20,09:15:38,437.51,51560,22120,95440,67800,"[{""bid_quantity"":20,""ask_quantity"":20,""bid_orders"":1,""ask_orders"":1,""bid_price"":""397.80"",""ask_price"":""399.05""},{""bid_quantity"":140,""ask_quantity"":80,""bid_orders"":2,""ask_orders"":3,""bid_price"":""397.75"",""ask_price"":""399.20""},{""bid_quantity"":20,""ask_quantity"":20,""bid_orders"":1,""ask_orders"":1,""bid_price"":""396.95"",""ask_price"":""399.25""},{""bid_quantity"":80,""ask_quantity"":20,""bid_orders"":1,""ask_orders"":1,""bid_price"":""396.40"",""ask_price"":""399.35""},{""bid_quantity"":40,""ask_quantity"":60,""bid_orders"":1,""ask_orders"":3,""bid_price"":""396.30"",""ask_price"":""399.40""}]"
09:15:38.328,1790307938328109442,1025680882043309,Full Data,8,886849,555.90,20,09:15:38,526.12,71940,21020,21900,167000,"[{""bid_quantity"":20,""ask_quantity"":20,""bid_orders"":1,""ask_orders"":1,""bid_price"":""554.05"",""ask_price"":""555.75""},{""bid_quantity"":20,""ask_quantity"":40,""bid_orders"":1,""ask_orders"":1,""bid_price"":""554.00"",""ask_price"":""555.80""},{""bid_quantity"":20,""ask_quantity"":20,""bid_orders"":1,""ask_orders"":1,""bid_price"":""553.95"",""ask_price"":""555.85""},{""bid_quantity"":40,""ask_quantity"":40,""bid_orders"":2,""ask_orders"":2,""bid_price"":""553.90"",""ask_price"":""555.95""},{""bid_quantity"":20,""ask_quantity"":20,""bid_orders"":1,""ask_orders"":1,""bid_price"":""553.80"",""ask_price"":""556.10""}]"
09:15:38.390,1790307938390524202,1025680944458149,Full Data,8,887124,259.75,60,09:15:38,291.20,46080,22640,15940,64860,"[{""bid_quantity"":60,""ask_quantity"":40,""bid_orders"":3,""ask_orders"":2,""bid_price"":""259.55"",""ask_price"":""260.50""},{""bid_quantity"":40,""ask_quantity"":40,""bid_orders"":1,""ask_orders"":2,""bid_price"":""259.50"",""ask_price"":""260.55""},{""bid_quantity"":40,""ask_quantity"":40,""bid_orders"":2,""ask_orders"":2,""bid_price"":""259.45"",""ask_price"":""260.65""},{""bid_quantity"":80,""ask_quantity"":40,""bid_orders"":1,""ask_orders"":2,""bid_price"":""259.10"",""ask_price"":""260.70""},{""bid_quantity"":80,""ask_quantity"":40,""bid_orders"":3,""ask_orders"":2,""bid_price"":""259.05"",""ask_price"":""260.75""}]"
09:15:38.534,1790307938534063521,1025681087997588,Ticker Data,0,51,73675.31,,09:15:38,,,,,,
09:15:38.552,1790307938552587359,1025681106521266,Full Data,8,886924,291.15,20,09:15:38,328.54,54080,22360,15500,59380,"[{""bid_quantity"":80,""ask_quantity"":40,""bid_orders"":3,""ask_orders"":2,""bid_price"":""291.65"",""ask_price"":""292.65""},{""bid_quantity"":40,""ask_quantity"":60,""bid_orders"":2,""ask_orders"":2,""bid_price"":""291.60"",""ask_price"":""292.70""},{""bid_quantity"":40,""ask_quantity"":40,""bid_orders"":2,""ask_orders"":2,""bid_price"":""291.50"",""ask_price"":""292.75""},{""bid_quantity"":320,""ask_quantity"":20,""bid_orders"":3,""ask_orders"":1,""bid_price"":""291.00"",""ask_price"":""292.85""},{""bid_quantity"":40,""ask_quantity"":20,""bid_orders"":1,""ask_orders"":1,""bid_price"":""290.80"",""ask_price"":""292.95""}]"
09:15:38.555,1790307938555505178,1025681109439045,Full Data,8,886924,291.15,20,09:15:38,328.54,54080,22580,16000,59380,"[{""bid_quantity"":80,""ask_quantity"":40,""bid_orders"":3,""ask_orders"":2,""bid_price"":""291.45"",""ask_price"":""292.45""},{""bid_quantity"":100,""ask_quantity"":40,""bid_orders"":4,""ask_orders"":1,""bid_price"":""291.40"",""ask_price"":""292.50""},{""bid_quantity"":60,""ask_quantity"":60,""bid_orders"":2,""ask_orders"":3,""bid_price"":""291.35"",""ask_price"":""292.55""},{""bid_quantity"":80,""ask_quantity"":60,""bid_orders"":4,""ask_orders"":3,""bid_price"":""291.25"",""ask_price"":""292.65""},{""bid_quantity"":320,""ask_quantity"":20,""bid_orders"":2,""ask_orders"":1,""bid_price"":""291.20"",""ask_price"":""292.70""}]"
09:15:38.649,1790307938649702381,1025681203636488,Full Data,8,887036,443.15,40,09:15:38,481.20,65640,21680,97640,155340,"[{""bid_quantity"":20,""ask_quantity"":20,""bid_orders"":1,""ask_orders"":1,""bid_price"":""442.65"",""ask_price"":""443.80""},{""bid_quantity"":80,""ask_quantity"":60,""bid_orders"":4,""ask_orders"":3,""bid_price"":""442.50"",""ask_price"":""443.85""},{""bid_quantity"":80,""ask_quantity"":40,""bid_orders"":4,""ask_orders"":2,""bid_price"":""442.35"",""ask_price"":""443.90""},{""bid_quantity"":60,""ask_quantity"":60,""bid_orders"":2,""ask_orders"":3,""bid_price"":""442.30"",""ask_price"":""444.20""},{""bid_quantity"":60,""ask_quantity"":80,""bid_orders"":3,""ask_orders"":3,""bid_price"":""442.25"",""ask_price"":""444.25""}]"
09:15:38.681,1790307938681319143,1025681235253170,Full Data,8,886872,233.80,20,09:15:38,264.88,57040,22480,23640,47980,"[{""bid_quantity"":20,""ask_quantity"":60,""bid_orders"":1,""ask_orders"":3,""bid_price"":""232.95"",""ask_price"":""233.95""},{""bid_quantity"":20,""ask_quantity"":100,""bid_orders"":1,""ask_orders"":5,""bid_price"":""232.90"",""ask_price"":""234.05""},{""bid_quantity"":20,""ask_quantity"":80,""bid_orders"":1,""ask_orders"":4,""bid_price"":""232.85"",""ask_price"":""234.10""},{""bid_quantity"":80,""ask_quantity"":200,""bid_orders"":3,""ask_orders"":3,""bid_price"":""232.80"",""ask_price"":""234.15""},{""bid_quantity"":120,""ask_quantity"":40,""bid_orders"":4,""ask_orders"":2,""bid_price"":""232.75"",""ask_price"":""234.20""}]"
09:15:38.700,1790307938700019223,1025681253953050,Full Data,8,887036,443.80,20,09:15:38,481.16,65700,19740,95280,155340,"[{""bid_quantity"":80,""ask_quantity"":40,""bid_orders"":4,""ask_orders"":2,""bid_price"":""442.50"",""ask_price"":""443.80""},{""bid_quantity"":80,""ask_quantity"":60,""bid_orders"":3,""ask_orders"":3,""bid_price"":""442.35"",""ask_price"":""443.85""},{""bid_quantity"":140,""ask_quantity"":140,""bid_orders"":2,""ask_orders"":3,""bid_price"":""442.30"",""ask_price"":""443.95""},{""bid_quantity"":40,""ask_quantity"":20,""bid_orders"":1,""ask_orders"":1,""bid_price"":""442.25"",""ask_price"":""444.20""},{""bid_quantity"":40,""ask_quantity"":120,""bid_orders"":2,""ask_orders"":4,""bid_price"":""442.10"",""ask_price"":""444.25""}]"
09:15:38.707,1790307938707196149,1025681261130016,Full Data,8,886872,233.80,20,09:15:38,264.88,57040,20560,21220,47980,"[{""bid_quantity"":60,""ask_quantity"":60,""bid_orders"":3,""ask_orders"":3,""bid_price"":""232.75"",""ask_price"":""233.70""},{""bid_quantity"":220,""ask_quantity"":60,""bid_orders"":3,""ask_orders"":3,""bid_price"":""232.65"",""ask_price"":""233.80""},{""bid_quantity"":80,""ask_quantity"":100,""bid_orders"":2,""ask_orders"":4,""bid_price"":""232.55"",""ask_price"":""233.90""},{""bid_quantity"":100,""ask_quantity"":20,""bid_orders"":4,""ask_orders"":1,""bid_price"":""232.50"",""ask_price"":""233.95""},{""bid_quantity"":80,""ask_quantity"":60,""bid_orders"":2,""ask_orders"":3,""bid_price"":""232.40"",""ask_price"":""234.00""}]"
09:15:38.819,1790307938819837230,1025681373771297,Full Data,8,886981,361.20,40,09:15:38,402.90,94020,23880,41480,63920,"[{""bid_quantity"":40,""ask_quantity"":20,""bid_orders"":2,""ask_orders"":1,""bid_price"":""358.85"",""ask_price"":""360.55""},{""bid_quantity"":80,""ask_quantity"":80,""bid_orders"":3,""ask_orders"":4,""bid_price"":""358.80"",""ask_price"":""360.60""},{""bid_quantity"":60,""ask_quantity"":100,""bid_orders"":2,""ask_orders"":5,""bid_price"":""358.75"",""ask_price"":""360.65""},{""bid_quantity"":100,""ask_quantity"":80,""bid_orders"":1,""ask_orders"":3,""bid_price"":""358.60"",""ask_price"":""360.75""},{""bid_quantity"":40,""ask_quantity"":80,""bid_orders"":1,""ask_orders"":3,""bid_price"":""358.10"",""ask_price"":""360.80""}]"
09:15:38.854,1790307938854237890,1025681408172157,Full Data,8,886747,805.05,40,09:15:38,767.92,15640,16220,91340,5900,"[{""bid_quantity"":40,""ask_quantity"":40,""bid_orders"":2,""ask_orders"":2,""bid_price"":""804.55"",""ask_price"":""810.00""},{""bid_quantity"":60,""ask_quantity"":200,""bid_orders"":3,""ask_orders"":3,""bid_price"":""804.50"",""ask_price"":""810.05""},{""bid_quantity"":40,""ask_quantity"":40,""bid_orders"":2,""ask_orders"":2,""bid_price"":""804.40"",""ask_price"":""810.15""},{""bid_quantity"":40,""ask_quantity"":160,""bid_orders"":2,""ask_orders"":1,""bid_price"":""804.30"",""ask_price"":""810.20""},{""bid_quantity"":60,""ask_quantity"":20,""bid_orders"":2,""ask_orders"":1,""bid_price"":""804.25"",""ask_price"":""810.30""}]"
09:15:38.894,1790307938894766470,1025681448700457,Full Data,8,886805,674.70,40,09:15:38,648.62,70740,19380,104260,42420,"[{""bid_quantity"":60,""ask_quantity"":40,""bid_orders"":3,""ask_orders"":2,""bid_price"":""674.40"",""ask_price"":""676.75""},{""bid_quantity"":220,""ask_quantity"":60,""bid_orders"":3,""ask_orders"":3,""bid_price"":""674.10"",""ask_price"":""676.80""},{""bid_quantity"":60,""ask_quantity"":60,""bid_orders"":3,""ask_orders"":3,""bid_price"":""673.95"",""ask_price"":""676.85""},{""bid_quantity"":20,""ask_quantity"":60,""bid_orders"":1,""ask_orders"":3,""bid_price"":""673.90"",""ask_price"":""676.95""},{""bid_quantity"":80,""ask_quantity"":60,""bid_orders"":4,""ask_orders"":3,""bid_price"":""673.65"",""ask_price"":""677.05""}]"
09:15:38.939,1790307938939679277,1025681493613304,Full Data,8,886747,808.85,20,09:15:38,768.03,15680,14360,91100,5900,"[{""bid_quantity"":60,""ask_quantity"":60,""bid_orders"":3,""ask_orders"":3,""bid_price"":""804.25"",""ask_price"":""808.90""},{""bid_quantity"":80,""ask_quantity"":60,""bid_orders"":4,""ask_orders"":3,""bid_price"":""804.20"",""ask_price"":""809.00""},{""bid_quantity"":80,""ask_quantity"":60,""bid_orders"":3,""ask_orders"":3,""bid_price"":""804.00"",""ask_price"":""809.10""},{""bid_quantity"":60,""ask_quantity"":40,""bid_orders"":3,""ask_orders"":2,""bid_price"":""803.95"",""ask_price"":""809.30""},{""bid_quantity"":20,""ask_quantity"":160,""bid_orders"":1,""ask_orders"":1,""bid_price"":""803.70"",""ask_price"":""809.40""}]"
09:15:38.941,1790307938941247927,1025681495181834,Full Data,8,886805,677.15,20,09:15:38,648.64,70800,19160,104040,42420,"[{""bid_quantity"":60,""ask_quantity"":40,""bid_orders"":3,""ask_orders"":2,""bid_price"":""674.40"",""ask_price"":""676.50""},{""bid_quantity"":200,""ask_quantity"":40,""bid_orders"":2,""ask_orders"":2,""bid_price"":""674.10"",""ask_price"":""676.55""},{""bid_quantity"":60,""ask_quantity"":60,""bid_orders"":3,""ask_orders"":3,""bid_price"":""674.00"",""ask_price"":""676.60""},{""bid_quantity"":40,""ask_quantity"":20,""bid_orders"":2,""ask_orders"":1,""bid_price"":""673.95"",""ask_price"":""676.65""},{""bid_quantity"":40,""ask_quantity"":20,""bid_orders"":1,""ask_orders"":1,""bid_price"":""673.65"",""ask_price"":""676.70""}]"
09:15:38.984,1790307938984724726,1025681538658673,Full Data,8,887017,741.05,20,09:15:38,692.56,112020,16920,164240,74320,"[{""bid_quantity"":20,""ask_quantity"":20,""bid_orders"":1,""ask_orders"":1,""bid_price"":""738.75"",""ask_price"":""740.90""},{""bid_quantity"":40,""ask_quantity"":160,""bid_orders"":2,""ask_orders"":2,""bid_price"":""738.70"",""ask_price"":""741.05""},{""bid_quantity"":100,""ask_quantity"":20,""bid_orders"":1,""ask_orders"":1,""bid_price"":""738.65"",""ask_price"":""741.40""},{""bid_quantity"":20,""ask_quantity"":160,""bid_orders"":1,""ask_orders"":3,""bid_price"":""738.60"",""ask_price"":""742.90""},{""bid_quantity"":40,""ask_quantity"":20,""bid_orders"":2,""ask_orders"":1,""bid_price"":""738.40"",""ask_price"":""743.95""}]"
09:15:39.026,1790307939026461753,1025681580395660,Full Data,8,887017,741.05,20,09:15:38,692.56,112020,17560,163680,74320,"[{""bid_quantity"":20,""ask_quantity"":120,""bid_orders"":1,""ask_orders"":3,""bid_price"":""735.80"",""ask_price"":""739.20""},{""bid_quantity"":40,""ask_quantity"":20,""bid_orders"":2,""ask_orders"":1,""bid_price"":""735.75"",""ask_price"":""739.25""},{""bid_quantity"":200,""ask_quantity"":80,""bid_orders"":2,""ask_orders"":4,""bid_price"":""735.25"",""ask_price"":""739.35""},{""bid_quantity"":120,""ask_quantity"":20,""bid_orders"":1,""ask_orders"":1,""bid_price"":""735.00"",""ask_price"":""739.40""},{""bid_quantity"":40,""ask_quantity"":20,""bid_orders"":1,""ask_orders"":1,""bid_price"":""734.85"",""ask_price"":""739.45""}]"
09:15:39.096,1790307939096853124,1025681650787311,Full Data,8,886951,873.95,40,09:15:38,829.18,6380,15320,93780,6000,"[{""bid_quantity"":20,""ask_quantity"":20,""bid_orders"":1,""ask_orders"":1,""bid_price"":""871.65"",""ask_price"":""875.00""},{""bid_quantity"":20,""ask_quantity"":40,""bid_orders"":1,""ask_orders"":1,""bid_price"":""871.55"",""ask_price"":""875.05""},{""bid_quantity"":20,""ask_quantity"":20,""bid_orders"":1,""ask_orders"":1,""bid_price"":""871.45"",""ask_price"":""875.10""},{""bid_quantity"":20,""ask_quantity"":40,""bid_orders"":1,""ask_orders"":2,""bid_price"":""871.40"",""ask_price"":""876.45""},{""bid_quantity"":40,""ask_quantity"":20,""bid_orders"":2,""ask_orders"":1,""bid_price"":""871.35"",""ask_price"":""876.55""}]"
09:15:39.099,1790307939099322979,1025681653256726,Full Data,8,886718,324.30,40,09:15:39,365.80,200740,24660,30040,276660,"[{""bid_quantity"":20,""ask_quantity"":20,""bid_orders"":1,""ask_orders"":1,""bid_price"":""323.05"",""ask_price"":""324.50""},{""bid_quantity"":120,""ask_quantity"":20,""bid_orders"":6,""ask_orders"":1,""bid_price"":""323.00"",""ask_price"":""324.55""},{""bid_quantity"":20,""ask_quantity"":20,""bid_orders"":1,""ask_orders"":1,""bid_price"":""322.95"",""ask_price"":""324.95""},{""bid_quantity"":20,""ask_quantity"":100,""bid_orders"":1,""ask_orders"":1,""bid_price"":""322.90"",""ask_price"":""325.05""},{""bid_quantity"":20,""ask_quantity"":80,""bid_orders"":1,""ask_orders"":1,""bid_price"":""322.85"",""ask_price"":""325.30""}]"
09:15:39.143,1790307939143423982,1025681697357849,Full Data,8,886951,873.95,40,09:15:38,829.18,6380,17220,96180,6000,"[{""bid_quantity"":20,""ask_quantity"":80,""bid_orders"":1,""ask_orders"":3,""bid_price"":""868.65"",""ask_price"":""873.20""},{""bid_quantity"":40,""ask_quantity"":40,""bid_orders"":2,""ask_orders"":2,""bid_price"":""868.60"",""ask_price"":""873.25""},{""bid_quantity"":20,""ask_quantity"":40,""bid_orders"":1,""ask_orders"":2,""bid_price"":""868.55"",""ask_price"":""873.70""},{""bid_quantity"":40,""ask_quantity"":20,""bid_orders"":2,""ask_orders"":1,""bid_price"":""868.50"",""ask_price"":""874.35""},{""bid_quantity"":40,""ask_quantity"":20,""bid_orders"":2,""ask_orders"":1,""bid_price"":""868.40"",""ask_price"":""874.45""}]"
09:15:39.176,1790307939176293072,1025681730227019,Full Data,8,886572,612.95,40,09:15:39,585.28,71440,20500,100200,92640,"[{""bid_quantity"":60,""ask_quantity"":80,""bid_orders"":3,""ask_orders"":2,""bid_price"":""610.55"",""ask_price"":""612.80""},{""bid_quantity"":40,""ask_quantity"":300,""bid_orders"":2,""ask_orders"":4,""bid_price"":""610.45"",""ask_price"":""612.85""},{""bid_quantity"":100,""ask_quantity"":60,""bid_orders"":3,""ask_orders"":2,""bid_price"":""610.40"",""ask_price"":""613.05""},{""bid_quantity"":20,""ask_quantity"":140,""bid_orders"":1,""ask_orders"":2,""bid_price"":""610.35"",""ask_price"":""613.20""},{""bid_quantity"":20,""ask_quantity"":40,""bid_orders"":1,""ask_orders"":2,""bid_price"":""610.30"",""ask_price"":""613.25""}]"
09:15:39.228,1790307939228417086,1025681782351153,Full Data,8,886572,612.70,20,09:15:39,585.28,71460,20040,99420,92640,"[{""bid_quantity"":40,""ask_quantity"":60,""bid_orders"":2,""ask_orders"":3,""bid_price"":""610.70"",""ask_price"":""612.65""},{""bid_quantity"":60,""ask_quantity"":100,""bid_orders"":2,""ask_orders"":4,""bid_price"":""610.60"",""ask_price"":""612.70""},{""bid_quantity"":80,""ask_quantity"":180,""bid_orders"":3,""ask_orders"":2,""bid_price"":""610.55"",""ask_price"":""612.75""},{""bid_quantity"":40,""ask_quantity"":60,""bid_orders"":2,""ask_orders"":3,""bid_price"":""610.40"",""ask_price"":""612.80""},{""bid_quantity"":20,""ask_quantity"":60,""bid_orders"":1,""ask_orders"":3,""bid_price"":""610.35"",""ask_price"":""612.85""}]"
09:15:39.311,1790307939311718259,1025681865652566,Full Data,8,886776,399.80,20,09:15:39,435.92,53940,20000,93640,67800,"[{""bid_quantity"":20,""ask_quantity"":60,""bid_orders"":1,""ask_orders"":3,""bid_price"":""398.40"",""ask_price"":""399.70""},{""bid_quantity"":40,""ask_quantity"":40,""bid_orders"":2,""ask_orders"":2,""bid_price"":""398.30"",""ask_price"":""399.80""},{""bid_quantity"":60,""ask_quantity"":40,""bid_orders"":2,""ask_orders"":2,""bid_price"":""398.25"",""ask_price"":""399.90""},{""bid_quantity"":40,""ask_quantity"":20,""bid_orders"":2,""ask_orders"":1,""bid_price"":""398.20"",""ask_price"":""400.00""},{""bid_quantity"":40,""ask_quantity"":20,""bid_orders"":2,""ask_orders"":1,""bid_price"":""398.10"",""ask_price"":""400.15""}]"
09:15:39.359,1790307939359397644,1025681913331711,Full Data,8,886692,946.00,40,09:15:38,897.53,3220,16300,92680,4500,"[{""bid_quantity"":20,""ask_quantity"":20,""bid_orders"":1,""ask_orders"":1,""bid_price"":""943.05"",""ask_price"":""946.55""},{""bid_quantity"":60,""ask_quantity"":20,""bid_orders"":2,""ask_orders"":1,""bid_price"":""943.00"",""ask_price"":""946.65""},{""bid_quantity"":60,""ask_quantity"":40,""bid_orders"":3,""ask_orders"":1,""bid_price"":""942.80"",""ask_price"":""946.70""},{""bid_quantity"":40,""ask_quantity"":20,""bid_orders"":2,""ask_orders"":1,""bid_price"":""942.70"",""ask_price"":""946.75""},{""bid_quantity"":20,""ask_quantity"":60,""bid_orders"":1,""ask_orders"":3,""bid_price"":""942.60"",""ask_price"":""946.80""}]"
09:15:39.443,1790307939443596703,1025681997530570,Full Data,8,887124,261.05,40,09:15:39,288.33,50440,24580,17280,64860,"[{""bid_quantity"":200,""ask_quantity"":20,""bid_orders"":3,""ask_orders"":1,""bid_price"":""259.50"",""ask_price"":""260.35""},{""bid_quantity"":40,""ask_quantity"":40,""bid_orders"":2,""ask_orders"":2,""bid_price"":""259.35"",""ask_price"":""260.45""},{""bid_quantity"":80,""ask_quantity"":40,""bid_orders"":3,""ask_orders"":2,""bid_price"":""259.30"",""ask_price"":""260.55""},{""bid_quantity"":40,""ask_quantity"":20,""bid_orders"":1,""ask_orders"":1,""bid_price"":""259.15"",""ask_price"":""260.60""},{""bid_quantity"":180,""ask_quantity"":40,""bid_orders"":2,""ask_orders"":2,""bid_price"":""259.00"",""ask_price"":""260.65""}]"
09:15:39.451,1790307939451255792,1025682005189739,Full Data,8,886849,554.65,20,09:15:39,526.73,73560,22000,22620,167000,"[{""bid_quantity"":40,""ask_quantity"":40,""bid_orders"":2,""ask_orders"":2,""bid_price"":""553.20"",""ask_price"":""554.70""},{""bid_quantity"":120,""ask_quantity"":40,""bid_orders"":3,""ask_orders"":2,""bid_price"":""553.00"",""ask_price"":""554.80""},{""bid_quantity"":60,""ask_quantity"":20,""bid_orders"":3,""ask_orders"":1,""bid_price"":""552.85"",""ask_price"":""554.85""},{""bid_quantity"":20,""ask_quantity"":60,""bid_orders"":1,""ask_orders"":3,""bid_price"":""552.80"",""ask_price"":""554.90""},{""bid_quantity"":60,""ask_quantity"":140,""bid_orders"":2,""ask_orders"":5,""bid_price"":""552.75"",""ask_price"":""555.00""}]"
09:15:39.475,1790307939475756429,1025682029690816,Full Data,8,886692,946.00,40,09:15:38,897.53,3220,16740,92500,4500,"[{""bid_quantity"":60,""ask_quantity"":60,""bid_orders"":3,""ask_orders"":2,""bid_price"":""941.85"",""ask_price"":""943.70""},{""bid_quantity"":60,""ask_quantity"":20,""bid_orders"":2,""ask_orders"":1,""bid_price"":""936.95"",""ask_price"":""943.75""},{""bid_quantity"":40,""ask_quantity"":20,""bid_orders"":1,""ask_orders"":1,""bid_price"":""936.90"",""ask_price"":""944.75""},{""bid_quantity"":40,""ask_quantity"":20,""bid_orders"":2,""ask_orders"":1,""bid_price"":""930.55"",""ask_price"":""944.80""},{""bid_quantity"":40,""ask_quantity"":20,""bid_orders"":2,""ask_orders"":1,""bid_price"":""930.35"",""ask_price"":""944.85""}]"
09:15:39.478,1790307939478808729,1025682032742796,Full Data,8,887124,260.70,20,09:15:39,288.29,50520,24280,18320,64860,"[{""bid_quantity"":100,""ask_quantity"":20,""bid_orders"":4,""ask_orders"":1,""bid_price"":""260.55"",""ask_price"":""261.60""},{""bid_quantity"":120,""ask_quantity"":60,""bid_orders"":4,""ask_orders"":3,""bid_price"":""260.45"",""ask_price"":""261.70""},{""bid_quantity"":60,""ask_quantity"":60,""bid_orders"":3,""ask_orders"":3,""bid_price"":""260.40"",""ask_price"":""261.75""},{""bid_quantity"":100,""ask_quantity"":20,""bid_orders"":2,""ask_orders"":1,""bid_price"":""260.30"",""ask_price"":""261.80""},{""bid_quantity"":20,""ask_quantity"":20,""bid_orders"":1,""ask_orders"":1,""bid_price"":""260.25"",""ask_price"":""262.00""}]"
09:15:39.540,1790307939540419523,1025682094353590,Ticker Data,0,51,73664.65,,09:15:39,,,,,,
09:15:39.557,1790307939557624353,1025682111558180,Full Data,8,886924,290.55,40,09:15:39,328.36,54340,20380,14660,59380,"[{""bid_quantity"":40,""ask_quantity"":20,""bid_orders"":2,""ask_orders"":1,""bid_price"":""291.25"",""ask_price"":""291.95""},{""bid_quantity"":40,""ask_quantity"":20,""bid_orders"":1,""ask_orders"":1,""bid_price"":""291.05"",""ask_price"":""292.00""},{""bid_quantity"":20,""ask_quantity"":20,""bid_orders"":1,""ask_orders"":1,""bid_price"":""291.00"",""ask_price"":""292.10""},{""bid_quantity"":20,""ask_quantity"":20,""bid_orders"":1,""ask_orders"":1,""bid_price"":""290.95"",""ask_price"":""292.15""},{""bid_quantity"":40,""ask_quantity"":40,""bid_orders"":1,""ask_orders"":2,""bid_price"":""290.05"",""ask_price"":""292.20""}]"
09:15:39.580,1790307939580090657,1025682134024524,Full Data,8,886924,290.55,40,09:15:39,328.36,54340,20300,15380,59380,"[{""bid_quantity"":40,""ask_quantity"":40,""bid_orders"":1,""ask_orders"":2,""bid_price"":""291.40"",""ask_price"":""292.40""},{""bid_quantity"":60,""ask_quantity"":40,""bid_orders"":3,""ask_orders"":2,""bid_price"":""291.35"",""ask_price"":""292.50""},{""bid_quantity"":20,""ask_quantity"":60,""bid_orders"":1,""ask_orders"":3,""bid_price"":""291.15"",""ask_price"":""292.55""},{""bid_quantity"":60,""ask_quantity"":40,""bid_orders"":2,""ask_orders"":2,""bid_price"":""291.10"",""ask_price"":""292.60""},{""bid_quantity"":100,""ask_quantity"":20,""bid_orders"":3,""ask_orders"":1,""bid_price"":""291.05"",""ask_price"":""292.65""}]"
09:15:39.702,1790307939702921404,1025682256855511,Full Data,8,887036,445.10,20,09:15:39,480.44,66980,19740,95480,155340,"[{""bid_quantity"":60,""ask_quantity"":160,""bid_orders"":3,""ask_orders"":1,""bid_price"":""443.20"",""ask_price"":""445.05""},{""bid_quantity"":40,""ask_quantity"":120,""bid_orders"":2,""ask_orders"":2,""bid_price"":""443.15"",""ask_price"":""445.20""},{""bid_quantity"":60,""ask_quantity"":80,""bid_orders"":3,""ask_orders"":1,""bid_price"":""443.10"",""ask_price"":""445.50""},{""bid_quantity"":300,""ask_quantity"":20,""bid_orders"":7,""ask_orders"":1,""bid_price"":""443.05"",""ask_price"":""445.90""},{""bid_quantity"":200,""ask_quantity"":20,""bid_orders"":4,""ask_orders"":1,""bid_price"":""443.00"",""ask_price"":""446.35""}]"
09:15:39.726,1790307939726767436,1025682280701303,Full Data,8,886872,235.55,20,09:15:39,264.30,58100,19120,21800,47980,"[{""bid_quantity"":20,""ask_quantity"":20,""bid_orders"":1,""ask_orders"":1,""bid_price"":""233.50"",""ask_price"":""235.40""},{""bid_quantity"":60,""ask_quantity"":160,""bid_orders"":3,""ask_orders"":1,""bid_price"":""233.45"",""ask_price"":""235.45""},{""bid_quantity"":60,""ask_quantity"":200,""bid_orders"":3,""ask_orders"":1,""bid_price"":""233.30"",""ask_price"":""235.50""},{""bid_quantity"":80,""ask_quantity"":160,""bid_orders"":4,""ask_orders"":3,""bid_price"":""233.25"",""ask_price"":""235.55""},{""bid_quantity"":80,""ask_quantity"":140,""bid_orders"":4,""ask_orders"":1,""bid_price"":""233.20"",""ask_price"":""235.70""}]"
09:15:39.753,1790307939753535448,1025682307469355,Full Data,8,887036,444.75,20,09:15:39,480.32,67200,20080,95480,155340,"[{""bid_quantity"":160,""ask_quantity"":80,""bid_orders"":2,""ask_orders"":1,""bid_price"":""444.40"",""ask_price"":""445.50""},{""bid_quantity"":60,""ask_quantity"":20,""bid_orders"":3,""ask_orders"":1,""bid_price"":""444.25"",""ask_price"":""445.75""},{""bid_quantity"":40,""ask_quantity"":100,""bid_orders"":1,""ask_orders"":1,""bid_price"":""444.20"",""ask_price"":""446.00""},{""bid_quantity"":40,""ask_quantity"":60,""bid_orders"":2,""ask_orders"":2,""bid_price"":""444.05"",""ask_price"":""446.20""},{""bid_quantity"":100,""ask_quantity"":20,""bid_orders"":3,""ask_orders"":1,""bid_price"":""444.00"",""ask_price"":""446.25""}]"
09:15:39.756,1790307939756249185,1025682310182892,Full Data,8,886872,235.50,20,09:15:39,264.14,58440,18780,21440,47980,"[{""bid_quantity"":20,""ask_quantity"":20,""bid_orders"":1,""ask_orders"":1,""bid_price"":""234.75"",""ask_price"":""235.75""},{""bid_quantity"":20,""ask_quantity"":20,""bid_orders"":1,""ask_orders"":1,""bid_price"":""234.60"",""ask_price"":""235.80""},{""bid_quantity"":40,""ask_quantity"":60,""bid_orders"":2,""ask_orders"":3,""bid_price"":""234.50"",""ask_price"":""235.90""},{""bid_quantity"":60,""ask_quantity"":100,""bid_orders"":3,""ask_orders"":1,""bid_price"":""234.40"",""ask_price"":""235.95""},{""bid_quantity"":100,""ask_quantity"":20,""bid_orders"":4,""ask_orders"":1,""bid_price"":""234.30"",""ask_price"":""236.00""}]"
09:15:39.819,1790307939819853592,1025682373787619,Full Data,8,886981,364.15,20,09:15:39,401.98,96180,24700,45220,63920,"[{""bid_quantity"":80,""ask_quantity"":80,""bid_orders"":4,""ask_orders"":4,""bid_price"":""363.10"",""ask_price"":""364.25""},{""bid_quantity"":60,""ask_quantity"":60,""bid_orders"":3,""ask_orders"":3,""bid_price"":""362.95"",""ask_price"":""364.35""},{""bid_quantity"":60,""ask_quantity"":20,""bid_orders"":3,""ask_orders"":1,""bid_price"":""362.75"",""ask_price"":""364.40""},{""bid_quantity"":260,""ask_quantity"":60,""bid_orders"":4,""ask_orders"":3,""bid_price"":""362.40"",""ask_price"":""364.45""},{""bid_quantity"":40,""ask_quantity"":160,""bid_orders"":1,""ask_orders"":3,""bid_price"":""362.35"",""ask_price"":""364.55""}]"
09:15:39.861,1790307939861260497,1025682415194324,Full Data,8,886747,804.85,20,09:15:39,768.07,15700,15960,92460,5900,"[{""bid_quantity"":20,""ask_quantity"":60,""bid_orders"":1,""ask_orders"":3,""bid_price"":""799.05"",""ask_price"":""805.00""},{""bid_quantity"":60,""ask_quantity"":40,""bid_orders"":3,""ask_orders"":2,""bid_price"":""799.00"",""ask_price"":""805.10""},{""bid_quantity"":60,""ask_quantity"":80,""bid_orders"":3,""ask_orders"":4,""bid_price"":""798.95"",""ask_price"":""805.20""},{""bid_quantity"":40,""ask_quantity"":20,""bid_orders"":2,""ask_orders"":1,""bid_price"":""798.85"",""ask_price"":""805.25""},{""bid_quantity"":60,""ask_quantity"":40,""bid_orders"":3,""ask_orders"":2,""bid_price"":""798.75"",""ask_price"":""805.30""}]"
09:15:39.920,1790307939920228875,1025682474163062,Full Data,8,886805,675.25,20,09:15:39,649.07,72020,18540,106260,42420,"[{""bid_quantity"":20,""ask_quantity"":40,""bid_orders"":1,""ask_orders"":2,""bid_price"":""672.30"",""ask_price"":""674.70""},{""bid_quantity"":40,""ask_quantity"":40,""bid_orders"":1,""ask_orders"":2,""bid_price"":""672.25"",""ask_price"":""674.75""},{""bid_quantity"":20,""ask_quantity"":20,""bid_orders"":1,""ask_orders"":1,""bid_price"":""672.20"",""ask_price"":""674.85""},{""bid_quantity"":200,""ask_quantity"":20,""bid_orders"":1,""ask_orders"":1,""bid_price"":""671.35"",""ask_price"":""674.95""},{""bid_quantity"":20,""ask_quantity"":20,""bid_orders"":1,""ask_orders"":1,""bid_price"":""671.30"",""ask_price"":""675.00""}]"
09:15:39.942,1790307939942975580,1025682496909527,Full Data,8,886747,804.85,20,09:15:39,768.07,15700,16340,92900,5900,"[{""bid_quantity"":60,""ask_quantity"":80,""bid_orders"":3,""ask_orders"":4,""bid_price"":""800.40"",""ask_price"":""805.00""},{""bid_quantity"":40,""ask_quantity"":60,""bid_orders"":1,""ask_orders"":3,""bid_price"":""800.35"",""ask_price"":""805.10""},{""bid_quantity"":20,""ask_quantity"":80,""bid_orders"":1,""ask_orders"":4,""bid_price"":""800.30"",""ask_price"":""805.20""},{""bid_quantity"":20,""ask_quantity"":20,""bid_orders"":1,""ask_orders"":1,""bid_price"":""800.25"",""ask_price"":""805.25""},{""bid_quantity"":20,""ask_quantity"":40,""bid_orders"":1,""ask_orders"":2,""bid_price"":""800.20"",""ask_price"":""805.90""}]"
09:15:39.948,1790307939948395695,1025682502329482,Full Data,8,886805,675.25,20,09:15:39,649.07,72020,18640,106380,42420,"[{""bid_quantity"":40,""ask_quantity"":40,""bid_orders"":2,""ask_orders"":2,""bid_price"":""672.80"",""ask_price"":""674.90""},{""bid_quantity"":360,""ask_quantity"":80,""bid_orders"":4,""ask_orders"":4,""bid_price"":""672.75"",""ask_price"":""674.95""},{""bid_quantity"":60,""ask_quantity"":20,""bid_orders"":3,""ask_orders"":1,""bid_price"":""672.60"",""ask_price"":""675.10""},{""bid_quantity"":20,""ask_quantity"":40,""bid_orders"":1,""ask_orders"":2,""bid_price"":""672.45"",""ask_price"":""675.25""},{""bid_quantity"":40,""ask_quantity"":60,""bid_orders"":1,""ask_orders"":3,""bid_price"":""672.40"",""ask_price"":""675.50""}]"
09:15:40.040,1790307940040896647,1025682594830834,Full Data,8,887017,736.10,100,09:15:40,693.32,113940,18600,162480,74320,"[{""bid_quantity"":60,""ask_quantity"":20,""bid_orders"":3,""ask_orders"":1,""bid_price"":""732.10"",""ask_price"":""734.55""},{""bid_quantity"":120,""ask_quantity"":20,""bid_orders"":2,""ask_orders"":1,""bid_price"":""730.15"",""ask_price"":""734.60""},{""bid_quantity"":320,""ask_quantity"":20,""bid_orders"":2,""ask_orders"":1,""bid_price"":""730.10"",""ask_price"":""734.75""},{""bid_quantity"":40,""ask_quantity"":160,""bid_orders"":1,""ask_orders"":1,""bid_price"":""729.70"",""ask_price"":""734.80""},{""bid_quantity"":80,""ask_quantity"":60,""bid_orders"":1,""ask_orders"":3,""bid_price"":""729.60"",""ask_price"":""734.95""}]"
09:15:40.091,1790307940091174209,1025682645108276,Full Data,8,886718,329.05,20,09:15:40,365.07,204540,23160,28800,276660,"[{""bid_quantity"":80,""ask_quantity"":40,""bid_orders"":1,""ask_orders"":2,""bid_price"":""329.55"",""ask_price"":""331.05""},{""bid_quantity"":40,""ask_quantity"":120,""bid_orders"":2,""ask_orders"":1,""bid_price"":""329.50"",""ask_price"":""331.60""},{""bid_quantity"":100,""ask_quantity"":120,""bid_orders"":2,""ask_orders"":2,""bid_price"":""329.45"",""ask_price"":""331.65""},{""bid_quantity"":40,""ask_quantity"":120,""bid_orders"":2,""ask_orders"":2,""bid_price"":""329.40"",""ask_price"":""332.00""},{""bid_quantity"":60,""ask_quantity"":120,""bid_orders"":3,""ask_orders"":2,""bid_price"":""329.30"",""ask_price"":""332.20""}]"
09:15:40.125,1790307940125172787,1025682679106654,Full Data,8,887017,733.25,20,09:15:40,693.36,114060,17500,164220,74320,"[{""bid_quantity"":60,""ask_quantity"":40,""bid_orders"":3,""ask_orders"":2,""bid_price"":""730.90"",""ask_price"":""733.60""},{""bid_quantity"":20,""ask_quantity"":40,""bid_orders"":1,""ask_orders"":1,""bid_price"":""730.85"",""ask_price"":""734.70""},{""bid_quantity"":60,""ask_quantity"":60,""bid_orders"":2,""ask_orders"":1,""bid_price"":""730.80"",""ask_price"":""734.75""},{""bid_quantity"":360,""ask_quantity"":160,""bid_orders"":4,""ask_orders"":1,""bid_price"":""730.75"",""ask_price"":""734.80""},{""bid_quantity"":20,""ask_quantity"":20,""bid_orders"":1,""ask_orders"":1,""bid_price"":""730.70"",""ask_price"":""734.95""}]"
09:15:40.155,1790307940155591341,1025682709525688,Full Data,8,886951,870.40,20,09:15:39,829.31,6400,15900,94520,6000,"[{""bid_quantity"":60,""ask_quantity"":100,""bid_orders"":3,""ask_orders"":4,""bid_price"":""864.75"",""ask_price"":""869.45""},{""bid_quantity"":60,""ask_quantity"":80,""bid_orders"":3,""ask_orders"":4,""bid_price"":""862.80"",""ask_price"":""869.50""},{""bid_quantity"":120,""ask_quantity"":40,""bid_orders"":3,""ask_orders"":2,""bid_price"":""862.75"",""ask_price"":""870.00""},{""bid_quantity"":40,""ask_quantity"":20,""bid_orders"":2,""ask_orders"":1,""bid_price"":""862.65"",""ask_price"":""870.10""},{""bid_quantity"":200,""ask_quantity"":100,""bid_orders"":1,""ask_orders"":1,""bid_price"":""862.05"",""ask_price"":""870.90""}]"
09:15:40.213,1790307940213946795,1025682767880702,Full Data,8,886951,864.55,20,09:15:40,829.42,6420,13020,91920,6000,"[{""bid_quantity"":20,""ask_quantity"":100,""bid_orders"":1,""ask_orders"":5,""bid_price"":""865.95"",""ask_price"":""868.80""},{""bid_quantity"":40,""ask_quantity"":60,""bid_orders"":2,""ask_orders"":3,""bid_price"":""865.85"",""ask_price"":""869.05""},{""bid_quantity"":20,""ask_quantity"":80,""bid_orders"":1,""ask_orders"":3,""bid_price"":""865.80"",""ask_price"":""869.35""},{""bid_quantity"":40,""ask_quantity"":60,""bid_orders"":2,""ask_orders"":3,""bid_price"":""865.75"",""ask_price"":""869.40""},{""bid_quantity"":20,""ask_quantity"":20,""bid_orders"":1,""ask_orders"":1,""bid_price"":""865.70"",""ask_price"":""870.95""}]"
09:15:40.253,1790307940253282727,1025682807217114,Full Data,8,886572,610.50,20,09:15:40,586.08,73800,17940,98560,92640,"[{""bid_quantity"":40,""ask_quantity"":120,""bid_orders"":1,""ask_orders"":5,""bid_price"":""608.10"",""ask_price"":""610.50""},{""bid_quantity"":40,""ask_quantity"":60,""bid_orders"":2,""ask_orders"":2,""bid_price"":""608.05"",""ask_price"":""611.00""},{""bid_quantity"":20,""ask_quantity"":240,""bid_orders"":1,""ask_orders"":5,""bid_price"":""607.95"",""ask_price"":""611.05""},{""bid_quantity"":60,""ask_quantity"":140,""bid_orders"":2,""ask_orders"":3,""bid_price"":""607.90"",""ask_price"":""611.25""},{""bid_quantity"":20,""ask_quantity"":120,""bid_orders"":1,""ask_orders"":2,""bid_price"":""607.85"",""ask_price"":""611.60""}]"
09:15:40.315,1790307940315250004,1025682869184311,Full Data,8,886572,610.50,20,09:15:40,586.09,73840,18700,98640,92640,"[{""bid_quantity"":40,""ask_quantity"":40,""bid_orders"":2,""ask_orders"":1,""bid_price"":""610.40"",""ask_price"":""612.70""},{""bid_quantity"":240,""ask_quantity"":20,""bid_orders"":3,""ask_orders"":1,""bid_price"":""610.25"",""ask_price"":""612.80""},{""bid_quantity"":240,""ask_quantity"":100,""bid_orders"":2,""ask_orders"":1,""bid_price"":""610.20"",""ask_price"":""613.50""},{""bid_quantity"":40,""ask_quantity"":100,""bid_orders"":2,""ask_orders"":1,""bid_price"":""610.10"",""ask_price"":""613.80""},{""bid_quantity"":60,""ask_quantity"":100,""bid_orders"":3,""ask_orders"":1,""bid_price"":""610.05"",""ask_price"":""614.20""}]"
09:15:40.334,1790307940334913569,1025682888847436,Full Data,8,886776,403.85,20,09:15:40,434.96,55540,19660,92100,67800,"[{""bid_quantity"":20,""ask_quantity"":300,""bid_orders"":1,""ask_orders"":4,""bid_price"":""402.35"",""ask_price"":""404.75""},{""bid_quantity"":120,""ask_quantity"":220,""bid_orders"":1,""ask_orders"":2,""bid_price"":""401.90"",""ask_price"":""404.80""},{""bid_quantity"":20,""ask_quantity"":260,""bid_orders"":1,""ask_orders"":6,""bid_price"":""401.65"",""ask_price"":""404.85""},{""bid_quantity"":100,""ask_quantity"":220,""bid_orders"":1,""ask_orders"":2,""bid_price"":""401.40"",""ask_price"":""404.90""},{""bid_quantity"":100,""ask_quantity"":220,""bid_orders"":1,""ask_orders"":4,""bid_price"":""401.20"",""ask_price"":""404.95""}]"
09:15:40.429,1790307940429251573,1025682983185680,Full Data,8,886849,553.45,80,09:15:40,527.64,76100,17020,18520,167000,"[{""bid_quantity"":20,""ask_quantity"":20,""bid_orders"":1,""ask_orders"":1,""bid_price"":""553.05"",""ask_price"":""554.35""},{""bid_quantity"":40,""ask_quantity"":180,""bid_orders"":2,""ask_orders"":2,""bid_price"":""552.95"",""ask_price"":""554.40""},{""bid_quantity"":60,""ask_quantity"":140,""bid_orders"":3,""ask_orders"":2,""bid_price"":""552.75"",""ask_price"":""554.50""},{""bid_quantity"":40,""ask_quantity"":60,""bid_orders"":2,""ask_orders"":2,""bid_price"":""552.60"",""ask_price"":""554.65""},{""bid_quantity"":40,""ask_quantity"":20,""bid_orders"":1,""ask_orders"":1,""bid_price"":""552.55"",""ask_price"":""554.70""}]"
09:15:40.462,1790307940462927709,1025683016861496,Full Data,8,886692,938.05,20,09:15:40,901.03,3500,12440,89240,4500,"[{""bid_quantity"":40,""ask_quantity"":60,""bid_orders"":1,""ask_orders"":3,""bid_price"":""942.20"",""ask_price"":""945.55""},{""bid_quantity"":20,""ask_quantity"":80,""bid_orders"":1,""ask_orders"":3,""bid_price"":""942.15"",""ask_price"":""948.75""},{""bid_quantity"":60,""ask_quantity"":60,""bid_orders"":3,""ask_orders"":3,""bid_price"":""941.55"",""ask_price"":""948.90""},{""bid_quantity"":60,""ask_quantity"":20,""bid_orders"":3,""ask_orders"":1,""bid_price"":""941.45"",""ask_price"":""954.35""},{""bid_quantity"":60,""ask_quantity"":20,""bid_orders"":3,""ask_orders"":1,""bid_price"":""941.35"",""ask_price"":""954.40""}]"
09:15:40.518,1790307940518901507,1025683072835654,Full Data,8,887124,262.25,20,09:15:40,287.66,51800,22860,16640,64860,"[{""bid_quantity"":60,""ask_quantity"":20,""bid_orders"":3,""ask_orders"":1,""bid_price"":""261.65"",""ask_price"":""262.65""},{""bid_quantity"":80,""ask_quantity"":60,""bid_orders"":4,""ask_orders"":2,""bid_price"":""261.60"",""ask_price"":""262.70""},{""bid_quantity"":280,""ask_quantity"":40,""bid_orders"":4,""ask_orders"":2,""bid_price"":""261.50"",""ask_price"":""262.75""},{""bid_quantity"":60,""ask_quantity"":60,""bid_orders"":2,""ask_orders"":3,""bid_price"":""261.15"",""ask_price"":""262.85""},{""bid_quantity"":140,""ask_quantity"":20,""bid_orders"":3,""ask_orders"":1,""bid_price"":""261.10"",""ask_price"":""262.95""}]"
09:15:40.519,1790307940519587432,1025683073521299,Full Data,8,886849,554.55,20,09:15:40,527.78,76500,19860,20420,167000,"[{""bid_quantity"":60,""ask_quantity"":20,""bid_orders"":3,""ask_orders"":1,""bid_price"":""554.00"",""ask_price"":""555.80""},{""bid_quantity"":40,""ask_quantity"":60,""bid_orders"":2,""ask_orders"":2,""bid_price"":""553.95"",""ask_price"":""555.85""},{""bid_quantity"":80,""ask_quantity"":40,""bid_orders"":4,""ask_orders"":1,""bid_price"":""553.50"",""ask_price"":""555.90""},{""bid_quantity"":60,""ask_quantity"":40,""bid_orders"":3,""ask_orders"":1,""bid_price"":""553.45"",""ask_price"":""555.95""},{""bid_quantity"":40,""ask_quantity"":20,""bid_orders"":1,""ask_orders"":1,""bid_price"":""553.35"",""ask_price"":""556.05""}]"
09:15:40.551,1790307940551165394,1025683105099341,Ticker Data,0,51,73668.99,,09:15:40,,,,,,
09:15:40.556,1790307940556776750,1025683110710537,Full Data,8,886692,938.05,20,09:15:40,901.03,3500,12820,90280,4500,"[{""bid_quantity"":40,""ask_quantity"":40,""bid_orders"":2,""ask_orders"":2,""bid_price"":""940.05"",""ask_price"":""945.45""},{""bid_quantity"":40,""ask_quantity"":40,""bid_orders"":1,""ask_orders"":1,""bid_price"":""940.00"",""ask_price"":""947.00""},{""bid_quantity"":40,""ask_quantity"":60,""bid_orders"":2,""ask_orders"":3,""bid_price"":""939.95"",""ask_price"":""947.05""},{""bid_quantity"":20,""ask_quantity"":20,""bid_orders"":1,""ask_orders"":1,""bid_price"":""939.90"",""ask_price"":""947.15""},{""bid_quantity"":40,""ask_quantity"":60,""bid_orders"":2,""ask_orders"":3,""bid_price"":""939.85"",""ask_price"":""947.30""}]"
09:15:40.601,1790307940601013353,1025683154947620,Full Data,8,886924,293.70,20,09:15:40,327.57,55600,21900,15420,59380,"[{""bid_quantity"":140,""ask_quantity"":60,""bid_orders"":6,""ask_orders"":2,""bid_price"":""292.90"",""ask_price"":""295.10""},{""bid_quantity"":40,""ask_quantity"":60,""bid_orders"":2,""ask_orders"":2,""bid_price"":""292.85"",""ask_price"":""295.15""},{""bid_quantity"":180,""ask_quantity"":140,""bid_orders"":6,""ask_orders"":1,""bid_price"":""292.80"",""ask_price"":""295.25""},{""bid_quantity"":40,""ask_quantity"":60,""bid_orders"":2,""ask_orders"":2,""bid_price"":""292.75"",""ask_price"":""295.45""},{""bid_quantity"":20,""ask_quantity"":120,""bid_orders"":1,""ask_orders"":2,""bid_price"":""292.65"",""ask_price"":""295.50""}]"
09:15:40.605,1790307940605137899,1025683159071886,Full Data,8,886924,293.70,20,09:15:40,327.57,55600,21740,14560,59380,"[{""bid_quantity"":80,""ask_quantity"":20,""bid_orders"":4,""ask_orders"":1,""bid_price"":""293.45"",""ask_price"":""294.70""},{""bid_quantity"":80,""ask_quantity"":20,""bid_orders"":4,""ask_orders"":1,""bid_price"":""293.40"",""ask_price"":""294.75""},{""bid_quantity"":60,""ask_quantity"":60,""bid_orders"":3,""ask_orders"":3,""bid_price"":""293.35"",""ask_price"":""295.05""},{""bid_quantity"":60,""ask_quantity"":40,""bid_orders"":2,""ask_orders"":2,""bid_price"":""293.30"",""ask_price"":""295.10""},{""bid_quantity"":80,""ask_quantity"":40,""bid_orders"":4,""ask_orders"":1,""bid_price"":""293.25"",""ask_price"":""295.15""}]"
09:15:40.758,1790307940758357880,1025683312291987,Full Data,8,887036,447.90,20,09:15:40,480.00,67860,18840,94360,155340,"[{""bid_quantity"":40,""ask_quantity"":20,""bid_orders"":1,""ask_orders"":1,""bid_price"":""445.10"",""ask_price"":""446.00""},{""bid_quantity"":20,""ask_quantity"":20,""bid_orders"":1,""ask_orders"":1,""bid_price"":""445.05"",""ask_price"":""446.05""},{""bid_quantity"":20,""ask_quantity"":20,""bid_orders"":1,""ask_orders"":1,""bid_price"":""444.95"",""ask_price"":""446.10""},{""bid_quantity"":20,""ask_quantity"":20,""bid_orders"":1,""ask_orders"":1,""bid_price"":""444.90"",""ask_price"":""446.15""},{""bid_quantity"":20,""ask_quantity"":20,""bid_orders"":1,""ask_orders"":1,""bid_price"":""444.85"",""ask_price"":""446.20""}]"
09:15:40.785,1790307940785160332,1025683339094399,Full Data,8,886872,236.20,20,09:15:40,263.98,58760,18720,19820,47980,"[{""bid_quantity"":20,""ask_quantity"":20,""bid_orders"":1,""ask_orders"":1,""bid_price"":""234.55"",""ask_price"":""235.55""},{""bid_quantity"":100,""ask_quantity"":20,""bid_orders"":1,""ask_orders"":1,""bid_price"":""234.45"",""ask_price"":""235.60""},{""bid_quantity"":20,""ask_quantity"":40,""bid_orders"":1,""ask_orders"":2,""bid_price"":""234.40"",""ask_price"":""235.65""},{""bid_quantity"":20,""ask_quantity"":20,""bid_orders"":1,""ask_orders"":1,""bid_price"":""234.35"",""ask_price"":""235.70""},{""bid_quantity"":20,""ask_quantity"":40,""bid_orders"":1,""ask_orders"":2,""bid_price"":""234.25"",""ask_price"":""235.75""}]"
09:15:40.841,1790307940841765334,1025683395699401,Full Data,8,886981,363.00,120,09:15:40,401.46,97560,22720,43520,63920,"[{""bid_quantity"":20,""ask_quantity"":40,""bid_orders"":1,""ask_orders"":2,""bid_price"":""364.00"",""ask_price"":""365.45""},{""bid_quantity"":60,""ask_quantity"":20,""bid_orders"":3,""ask_orders"":1,""bid_price"":""363.95"",""ask_price"":""365.50""},{""bid_quantity"":60,""ask_quantity"":240,""bid_orders"":3,""ask_orders"":3,""bid_price"":""363.90"",""ask_price"":""365.55""},{""bid_quantity"":60,""ask_quantity"":120,""bid_orders"":3,""ask_orders"":3,""bid_price"":""363.85"",""ask_price"":""365.60""},{""bid_quantity"":120,""ask_quantity"":80,""bid_orders"":4,""ask_orders"":2,""bid_price"":""363.75"",""ask_price"":""365.75""}]"
09:15:40.845,1790307940845735720,1025683399669547,Full Data,8,887036,444.70,20,09:15:40,479.98,67900,18480,94800,155340,"[{""bid_quantity"":140,""ask_quantity"":60,""bid_orders"":3,""ask_orders"":3,""bid_price"":""445.00"",""ask_price"":""446.30""},{""bid_quantity"":180,""ask_quantity"":40,""bid_orders"":4,""ask_orders"":2,""bid_price"":""444.90"",""ask_price"":""446.35""},{""bid_quantity"":100,""ask_quantity"":20,""bid_orders"":4,""ask_orders"":1,""bid_price"":""444.85"",""ask_price"":""446.40""},{""bid_quantity"":20,""ask_quantity"":20,""bid_orders"":1,""ask_orders"":1,""bid_price"":""444.80"",""ask_price"":""446.45""},{""bid_quantity"":40,""ask_quantity"":120,""bid_orders"":2,""ask_orders"":2,""bid_price"":""444.70"",""ask_price"":""446.80""}]"
09:15:40.856,1790307940856617109,1025683410551176,Full Data,8,886872,235.10,20,09:15:40,263.97,58780,18620,20800,47980,"[{""bid_quantity"":20,""ask_quantity"":40,""bid_orders"":1,""ask_orders"":2,""bid_price"":""235.20"",""ask_price"":""236.00""},{""bid_quantity"":120,""ask_quantity"":120,""bid_orders"":3,""ask_orders"":3,""bid_price"":""235.15"",""ask_price"":""236.10""},{""bid_quantity"":80,""ask_quantity"":140,""bid_orders"":3,""ask_orders"":3,""bid_price"":""235.05"",""ask_price"":""236.60""},{""bid_quantity"":80,""ask_quantity"":180,""bid_orders"":3,""ask_orders"":4,""bid_price"":""234.95"",""ask_price"":""236.70""},{""bid_quantity"":300,""ask_quantity"":120,""bid_orders"":4,""ask_orders"":3,""bid_price"":""234.90"",""ask_price"":""236.75""}]"
09:15:40.921,1790307940921988528,1025683475922675,Full Data,8,886747,806.45,20,09:15:40,768.85,16040,15900,90340,5900,"[{""bid_quantity"":20,""ask_quantity"":80,""bid_orders"":1,""ask_orders"":3,""bid_price"":""800.70"",""ask_price"":""805.75""},{""bid_quantity"":20,""ask_quantity"":40,""bid_orders"":1,""ask_orders"":2,""bid_price"":""800.65"",""ask_price"":""805.80""},{""bid_quantity"":20,""ask_quantity"":20,""bid_orders"":1,""ask_orders"":1,""bid_price"":""800.60"",""ask_price"":""805.85""},{""bid_quantity"":20,""ask_quantity"":60,""bid_orders"":1,""ask_orders"":3,""bid_price"":""800.50"",""ask_price"":""805.90""},{""bid_quantity"":20,""ask_quantity"":60,""bid_orders"":1,""ask_orders"":3,""bid_price"":""800.45"",""ask_price"":""805.95""}]"
09:15:40.978,1790307940978863692,1025683532797759,Full Data,8,886747,806.45,20,09:15:40,768.85,16040,15400,90020,5900,"[{""bid_quantity"":40,""ask_quantity"":20,""bid_orders"":2,""ask_orders"":1,""bid_price"":""801.95"",""ask_price"":""805.80""},{""bid_quantity"":20,""ask_quantity"":20,""bid_orders"":1,""ask_orders"":1,""bid_price"":""801.85"",""ask_price"":""806.20""},{""bid_quantity"":20,""ask_quantity"":20,""bid_orders"":1,""ask_orders"":1,""bid_price"":""801.80"",""ask_price"":""809.45""},{""bid_quantity"":20,""ask_quantity"":40,""bid_orders"":1,""ask_orders"":1,""bid_price"":""801.75"",""ask_price"":""809.50""},{""bid_quantity"":40,""ask_quantity"":20,""bid_orders"":2,""ask_orders"":1,""bid_price"":""801.70"",""ask_price"":""809.60""}]"
09:15:40.983,1790307940983863844,1025683537797871,Full Data,8,886805,673.95,20,09:15:40,649.67,73920,16740,105200,42420,"[{""bid_quantity"":80,""ask_quantity"":20,""bid_orders"":3,""ask_orders"":1,""bid_price"":""673.70"",""ask_price"":""677.35""},{""bid_quantity"":60,""ask_quantity"":20,""bid_orders"":3,""ask_orders"":1,""bid_price"":""673.65"",""ask_price"":""677.50""},{""bid_quantity"":120,""ask_quantity"":100,""bid_orders"":2,""ask_orders"":1,""bid_price"":""673.55"",""ask_price"":""678.50""},{""bid_quantity"":300,""ask_quantity"":20,""bid_orders"":3,""ask_orders"":1,""bid_price"":""673.50"",""ask_price"":""678.70""},{""bid_quantity"":20,""ask_quantity"":60,""bid_orders"":1,""ask_orders"":1,""bid_price"":""673.25"",""ask_price"":""678.90""}]"
09:15:41.014,1790307941014609841,1025683568543948,Full Data,8,886805,673.95,20,09:15:40,649.67,73920,18240,104200,42420,"[{""bid_quantity"":20,""ask_quantity"":40,""bid_orders"":1,""ask_orders"":1,""bid_price"":""672.80"",""ask_price"":""675.40""},{""bid_quantity"":160,""ask_quantity"":20,""bid_orders"":3,""ask_orders"":1,""bid_price"":""672.75"",""ask_price"":""675.45""},{""bid_quantity"":160,""ask_quantity"":180,""bid_orders"":4,""ask_orders"":2,""bid_price"":""672.65"",""ask_price"":""675.55""},{""bid_quantity"":60,""ask_quantity"":200,""bid_orders"":3,""ask_orders"":3,""bid_price"":""672.45"",""ask_price"":""675.65""},{""bid_quantity"":20,""ask_quantity"":60,""bid_orders"":1,""ask_orders"":3,""bid_price"":""672.30"",""ask_price"":""675.75""}]"
09:15:41.130,1790307941130118420,1025683684052567,Full Data,8,886718,329.35,40,09:15:41,364.59,207220,24060,29160,276660,"[{""bid_quantity"":40,""ask_quantity"":100,""bid_orders"":2,""ask_orders"":1,""bid_price"":""327.85"",""ask_price"":""329.15""},{""bid_quantity"":40,""ask_quantity"":160,""bid_orders"":2,""ask_orders"":3,""bid_price"":""327.80"",""ask_price"":""329.35""},{""bid_quantity"":120,""ask_quantity"":40,""bid_orders"":2,""ask_orders"":2,""bid_price"":""327.60"",""ask_price"":""329.40""},{""bid_quantity"":40,""ask_quantity"":180,""bid_orders"":2,""ask_orders"":2,""bid_price"":""327.55"",""ask_price"":""329.45""},{""bid_quantity"":60,""ask_quantity"":40,""bid_orders"":3,""ask_orders"":2,""bid_price"":""327.45"",""ask_price"":""329.50""}]"
09:15:41.139,1790307941139476800,1025683693410787,Full Data,8,887017,740.90,20,09:15:41,695.70,120360,17440,164320,74320,"[{""bid_quantity"":40,""ask_quantity"":40,""bid_orders"":2,""ask_orders"":1,""bid_price"":""737.65"",""ask_price"":""740.85""},{""bid_quantity"":20,""ask_quantity"":460,""bid_orders"":1,""ask_orders"":7,""bid_price"":""737.60"",""ask_price"":""740.90""},{""bid_quantity"":20,""ask_quantity"":40,""bid_orders"":1,""ask_orders"":2,""bid_price"":""737.50"",""ask_price"":""740.95""},{""bid_quantity"":60,""ask_quantity"":40,""bid_orders"":2,""ask_orders"":2,""bid_price"":""737.45"",""ask_price"":""741.00""},{""bid_quantity"":20,""ask_quantity"":40,""bid_orders"":1,""ask_orders"":1,""bid_price"":""737.40"",""ask_price"":""741.15""}]"
09:15:41.194,1790307941194024829,1025683747958776,Full Data,8,887017,739.40,20,09:15:41,695.81,120680,18880,164580,74320,"[{""bid_quantity"":40,""ask_quantity"":40,""bid_orders"":2,""ask_orders"":2,""bid_price"":""736.25"",""ask_price"":""738.95""},{""bid_quantity"":20,""ask_quantity"":20,""bid_orders"":1,""ask_orders"":1,""bid_price"":""735.60"",""ask_price"":""739.05""},{""bid_quantity"":60,""ask_quantity"":20,""bid_orders"":2,""ask_orders"":1,""bid_price"":""735.50"",""ask_price"":""739.30""},{""bid_quantity"":60,""ask_quantity"":180,""bid_orders"":2,""ask_orders"":2,""bid_price"":""735.45"",""ask_price"":""739.35""},{""bid_quantity"":20,""ask_quantity"":160,""bid_orders"":1,""ask_orders"":1,""bid_price"":""734.65"",""ask_price"":""739.45""}]"
09:15:41.247,1790307941247125729,1025683801059676,Full Data,8,886951,869.15,20,09:15:41,829.91,6500,16640,96160,6000,"[{""bid_quantity"":60,""ask_quantity"":60,""bid_orders"":3,""ask_orders"":3,""bid_price"":""871.15"",""ask_price"":""876.70""},{""bid_quantity"":40,""ask_quantity"":60,""bid_orders"":2,""ask_orders"":3,""bid_price"":""871.05"",""ask_price"":""876.75""},{""bid_quantity"":40,""ask_quantity"":60,""bid_orders"":2,""ask_orders"":3,""bid_price"":""870.40"",""ask_price"":""877.15""},{""bid_quantity"":200,""ask_quantity"":40,""bid_orders"":3,""ask_orders"":2,""bid_price"":""870.35"",""ask_price"":""880.40""},{""bid_quantity"":160,""ask_quantity"":40,""bid_orders"":1,""ask_orders"":1,""bid_price"":""870.30"",""ask_price"":""884.65""}]"
09:15:41.336,1790307941336687582,1025683890621609,Full Data,8,886951,869.15,20,09:15:41,829.91,6500,16620,95240,6000,"[{""bid_quantity"":140,""ask_quantity"":60,""bid_orders"":4,""ask_orders"":3,""bid_price"":""869.55"",""ask_price"":""876.15""},{""bid_quantity"":40,""ask_quantity"":60,""bid_orders"":2,""ask_orders"":3,""bid_price"":""869.50"",""ask_price"":""876.25""},{""bid_quantity"":100,""ask_quantity"":20,""bid_orders"":2,""ask_orders"":1,""bid_price"":""869.25"",""ask_price"":""876.35""},{""bid_quantity"":40,""ask_quantity"":20,""bid_orders"":2,""ask_orders"":1,""bid_price"":""869.10"",""ask_price"":""876.45""},{""bid_quantity"":20,""ask_quantity"":20,""bid_orders"":1,""ask_orders"":1,""bid_price"":""868.60"",""ask_price"":""876.50""}]"
09:15:41.364,1790307941364706722,1025683918640629,Full Data,8,886572,614.80,20,09:15:41,586.51,75000,22600,102380,92640,"[{""bid_quantity"":20,""ask_quantity"":40,""bid_orders"":1,""ask_orders"":2,""bid_price"":""612.95"",""ask_price"":""614.45""},{""bid_quantity"":60,""ask_quantity"":40,""bid_orders"":1,""ask_orders"":2,""bid_price"":""612.90"",""ask_price"":""614.60""},{""bid_quantity"":20,""ask_quantity"":40,""bid_orders"":1,""ask_orders"":2,""bid_price"":""612.85"",""ask_price"":""614.65""},{""bid_quantity"":40,""ask_quantity"":80,""bid_orders"":2,""ask_orders"":3,""bid_price"":""612.65"",""ask_price"":""614.75""},{""bid_quantity"":40,""ask_quantity"":60,""bid_orders"":2,""ask_orders"":3,""bid_price"":""612.45"",""ask_price"":""614.80""}]"
09:15:41.370,1790307941370683760,1025683924617627,Full Data,8,886776,402.65,80,09:15:41,434.56,56240,23040,96540,67800,"[{""bid_quantity"":120,""ask_quantity"":500,""bid_orders"":1,""ask_orders"":6,""bid_price"":""402.30"",""ask_price"":""404.10""},{""bid_quantity"":20,""ask_quantity"":240,""bid_orders"":1,""ask_orders"":5,""bid_price"":""401.85"",""ask_price"":""404.15""},{""bid_quantity"":20,""ask_quantity"":60,""bid_orders"":1,""ask_orders"":3,""bid_price"":""401.80"",""ask_price"":""404.25""},{""bid_quantity"":40,""ask_quantity"":60,""bid_orders"":2,""ask_orders"":3,""bid_price"":""401.75"",""ask_price"":""404.35""},{""bid_quantity"":20,""ask_quantity"":60,""bid_orders"":1,""ask_orders"":3,""bid_price"":""401.65"",""ask_price"":""404.40""}]"
09:15:41.390,1790307941390549607,1025683944483554,Full Data,8,886572,614.80,20,09:15:41,586.51,75000,19960,100180,92640,"[{""bid_quantity"":40,""ask_quantity"":60,""bid_orders"":1,""ask_orders"":2,""bid_price"":""612.10"",""ask_price"":""613.45""},{""bid_quantity"":40,""ask_quantity"":160,""bid_orders"":2,""ask_orders"":3,""bid_price"":""612.05"",""ask_price"":""613.55""},{""bid_quantity"":40,""ask_quantity"":20,""bid_orders"":1,""ask_orders"":1,""bid_price"":""612.00"",""ask_price"":""613.60""},{""bid_quantity"":20,""ask_quantity"":40,""bid_orders"":1,""ask_orders"":2,""bid_price"":""611.95"",""ask_price"":""613.75""},{""bid_quantity"":20,""ask_quantity"":40,""bid_orders"":1,""ask_orders"":1,""bid_price"":""611.90"",""ask_price"":""614.05""}]"
09:15:41.516,1790307941516211852,1025684070145679,Full Data,8,886849,553.95,20,09:15:41,528.25,77920,21080,22880,167000,"[{""bid_quantity"":80,""ask_quantity"":60,""bid_orders"":1,""ask_orders"":3,""bid_price"":""552.45"",""ask_price"":""553.95""},{""bid_quantity"":40,""ask_quantity"":60,""bid_orders"":2,""ask_orders"":2,""bid_price"":""552.40"",""ask_price"":""554.05""},{""bid_quantity"":40,""ask_quantity"":40,""bid_orders"":2,""ask_orders"":2,""bid_price"":""552.35"",""ask_price"":""554.35""},{""bid_quantity"":220,""ask_quantity"":40,""bid_orders"":4,""ask_orders"":2,""bid_price"":""552.30"",""ask_price"":""554.55""},{""bid_quantity"":20,""ask_quantity"":20,""bid_orders"":1,""ask_orders"":1,""bid_price"":""552.20"",""ask_price"":""554.60""}]"
09:15:41.541,1790307941541349733,1025684095283600,Ticker Data,0,51,73673.18,,09:15:41,,,,,,
09:15:41.579,1790307941579053774,1025684132988041,Full Data,8,886692,944.75,20,09:15:40,901.52,3540,16440,93140,4500,"[{""bid_quantity"":100,""ask_quantity"":80,""bid_orders"":4,""ask_orders"":4,""bid_price"":""941.40"",""ask_price"":""945.15""},{""bid_quantity"":60,""ask_quantity"":60,""bid_orders"":3,""ask_orders"":3,""bid_price"":""941.35"",""ask_price"":""945.45""},{""bid_quantity"":60,""ask_quantity"":60,""bid_orders"":3,""ask_orders"":3,""bid_price"":""941.30"",""ask_price"":""949.30""},{""bid_quantity"":40,""ask_quantity"":60,""bid_orders"":2,""ask_orders"":2,""bid_price"":""941.20"",""ask_price"":""949.35""},{""bid_quantity"":20,""ask_quantity"":20,""bid_orders"":1,""ask_orders"":1,""bid_price"":""941.15"",""ask_price"":""949.40""}]"
09:15:41.590,1790307941590585648,1025684144519515,Full Data,8,887124,261.60,20,09:15:41,287.25,52700,24960,17800,64860,"[{""bid_quantity"":60,""ask_quantity"":40,""bid_orders"":3,""ask_orders"":2,""bid_price"":""260.30"",""ask_price"":""261.20""},{""bid_quantity"":60,""ask_quantity"":80,""bid_orders"":3,""ask_orders"":4,""bid_price"":""260.25"",""ask_price"":""261.25""},{""bid_quantity"":180,""ask_quantity"":40,""bid_orders"":3,""ask_orders"":2,""bid_price"":""260.15"",""ask_price"":""261.30""},{""bid_quantity"":60,""ask_quantity"":20,""bid_orders"":3,""ask_orders"":1,""bid_price"":""260.10"",""ask_price"":""261.35""},{""bid_quantity"":100,""ask_quantity"":20,""bid_orders"":3,""ask_orders"":1,""bid_price"":""260.05"",""ask_price"":""261.55""}]"
09:15:41.622,1790307941622307851,1025684176241878,Full Data,8,886924,293.05,100,09:15:41,327.05,56480,23380,18000,59380,"[{""bid_quantity"":40,""ask_quantity"":100,""bid_orders"":2,""ask_orders"":4,""bid_price"":""290.70"",""ask_price"":""291.65""},{""bid_quantity"":60,""ask_quantity"":60,""bid_orders"":2,""ask_orders"":2,""bid_price"":""290.65"",""ask_price"":""291.75""},{""bid_quantity"":40,""ask_quantity"":20,""bid_orders"":2,""ask_orders"":1,""bid_price"":""290.60"",""ask_price"":""291.80""},{""bid_quantity"":60,""ask_quantity"":20,""bid_orders"":3,""ask_orders"":1,""bid_price"":""290.55"",""ask_price"":""291.85""},{""bid_quantity"":80,""ask_quantity"":60,""bid_orders"":4,""ask_orders"":3,""bid_price"":""290.50"",""ask_price"":""291.90""}]"
09:15:41.651,1790307941651996601,1025684205930508,Full Data,8,887124,261.60,20,09:15:41,287.25,52700,25320,17920,64860,"[{""bid_quantity"":60,""ask_quantity"":40,""bid_orders"":3,""ask_orders"":2,""bid_price"":""260.15"",""ask_price"":""261.20""},{""bid_quantity"":180,""ask_quantity"":60,""bid_orders"":4,""ask_orders"":3,""bid_price"":""260.10"",""ask_price"":""261.35""},{""bid_quantity"":80,""ask_quantity"":120,""bid_orders"":4,""ask_orders"":3,""bid_price"":""260.05"",""ask_price"":""261.50""},{""bid_quantity"":420,""ask_quantity"":80,""bid_orders"":5,""ask_orders"":4,""bid_price"":""260.00"",""ask_price"":""261.55""},{""bid_quantity"":60,""ask_quantity"":60,""bid_orders"":3,""ask_orders"":3,""bid_price"":""259.95"",""ask_price"":""261.85""}]"
09:15:41.671,1790307941671954689,1025684225888596,Full Data,8,886849,553.95,20,09:15:41,528.27,77980,21580,23160,167000,"[{""bid_quantity"":40,""ask_quantity"":60,""bid_orders"":2,""ask_orders"":3,""bid_price"":""553.95"",""ask_price"":""555.65""},{""bid_quantity"":40,""ask_quantity"":120,""bid_orders"":2,""ask_orders"":5,""bid_price"":""553.90"",""ask_price"":""555.75""},{""bid_quantity"":140,""ask_quantity"":80,""bid_orders"":3,""ask_orders"":4,""bid_price"":""553.70"",""ask_price"":""555.85""},{""bid_quantity"":80,""ask_quantity"":60,""bid_orders"":4,""ask_orders"":3,""bid_price"":""553.60"",""ask_price"":""555.95""},{""bid_quantity"":120,""ask_quantity"":40,""bid_orders"":2,""ask_orders"":1,""bid_price"":""553.35"",""ask_price"":""556.00""}]"
09:15:41.674,1790307941674717786,1025684228651613,Full Data,8,886924,293.05,100,09:15:41,327.05,56480,21220,15960,59380,"[{""bid_quantity"":40,""ask_quantity"":60,""bid_orders"":2,""ask_orders"":3,""bid_price"":""291.10"",""ask_price"":""291.90""},{""bid_quantity"":40,""ask_quantity"":60,""bid_orders"":2,""ask_orders"":3,""bid_price"":""291.00"",""ask_price"":""292.20""},{""bid_quantity"":40,""ask_quantity"":80,""bid_orders"":2,""ask_orders"":3,""bid_price"":""290.90"",""ask_price"":""292.25""},{""bid_quantity"":20,""ask_quantity"":120,""bid_orders"":1,""ask_orders"":3,""bid_price"":""290.85"",""ask_price"":""292.30""},{""bid_quantity"":60,""ask_quantity"":60,""bid_orders"":3,""ask_orders"":3,""bid_price"":""290.80"",""ask_price"":""292.35""}]"
09:15:41.700,1790307941700406231,1025684254340138,Full Data,8,886692,944.75,20,09:15:40,901.52,3540,16360,93400,4500,"[{""bid_quantity"":100,""ask_quantity"":80,""bid_orders"":4,""ask_orders"":4,""bid_price"":""941.40"",""ask_price"":""945.15""},{""bid_quantity"":60,""ask_quantity"":80,""bid_orders"":3,""ask_orders"":3,""bid_price"":""941.35"",""ask_price"":""949.25""},{""bid_quantity"":60,""ask_quantity"":60,""bid_orders"":3,""ask_orders"":3,""bid_price"":""941.30"",""ask_price"":""949.30""},{""bid_quantity"":40,""ask_quantity"":60,""bid_orders"":2,""ask_orders"":3,""bid_price"":""941.20"",""ask_price"":""949.40""},{""bid_quantity"":20,""ask_quantity"":40,""bid_orders"":1,""ask_orders"":1,""bid_price"":""941.15"",""ask_price"":""955.50""}]"
09:15:41.837,1790307941837623789,1025684391558136,Full Data,8,886981,362.70,20,09:15:41,401.25,98100,23340,43560,63920,"[{""bid_quantity"":40,""ask_quantity"":20,""bid_orders"":2,""ask_orders"":1,""bid_price"":""361.65"",""ask_price"":""362.50""},{""bid_quantity"":80,""ask_quantity"":40,""bid_orders"":4,""ask_orders"":2,""bid_price"":""361.30"",""ask_price"":""362.55""},{""bid_quantity"":140,""ask_quantity"":40,""bid_orders"":3,""ask_orders"":2,""bid_price"":""361.20"",""ask_price"":""362.60""},{""bid_quantity"":40,""ask_quantity"":40,""bid_orders"":1,""ask_orders"":2,""bid_price"":""361.15"",""ask_price"":""362.70""},{""bid_quantity"":40,""ask_quantity"":60,""bid_orders"":2,""ask_orders"":3,""bid_price"":""361.10"",""ask_price"":""362.80""}]"
09:15:41.858,1790307941858370282,1025684412304309,Full Data,8,887036,443.10,40,09:15:41,479.48,68880,19800,95100,155340,"[{""bid_quantity"":80,""ask_quantity"":380,""bid_orders"":4,""ask_orders"":3,""bid_price"":""442.65"",""ask_price"":""443.10""},{""bid_quantity"":20,""ask_quantity"":20,""bid_orders"":1,""ask_orders"":1,""bid_price"":""442.45"",""ask_price"":""443.65""},{""bid_quantity"":20,""ask_quantity"":20,""bid_orders"":1,""ask_orders"":1,""bid_price"":""442.30"",""ask_price"":""443.80""},{""bid_quantity"":100,""ask_quantity"":40,""bid_orders"":1,""ask_orders"":2,""bid_price"":""442.20"",""ask_price"":""443.85""},{""bid_quantity"":160,""ask_quantity"":20,""bid_orders"":3,""ask_orders"":1,""bid_price"":""442.05"",""ask_price"":""443.90""}]"
09:15:41.872,1790307941872194731,1025684426128678,Full Data,8,886872,233.85,20,09:15:41,263.80,59140,20020,20840,47980,"[{""bid_quantity"":120,""ask_quantity"":60,""bid_orders"":3,""ask_orders"":3,""bid_price"":""233.40"",""ask_price"":""234.20""},{""bid_quantity"":20,""ask_quantity"":60,""bid_orders"":1,""ask_orders"":3,""bid_price"":""233.15"",""ask_price"":""234.40""},{""bid_quantity"":140,""ask_quantity"":80,""bid_orders"":3,""ask_orders"":4,""bid_price"":""233.10"",""ask_price"":""234.45""},{""bid_quantity"":60,""ask_quantity"":60,""bid_orders"":3,""ask_orders"":2,""bid_price"":""232.95"",""ask_price"":""234.50""},{""bid_quantity"":40,""ask_quantity"":40,""bid_orders"":2,""ask_orders"":2,""bid_price"":""232.85"",""ask_price"":""234.55""}]"
09:15:41.893,1790307941893289706,1025684447223893,Full Data,8,887036,442.65,80,09:15:41,479.44,68960,20440,95540,155340,"[{""bid_quantity"":140,""ask_quantity"":340,""bid_orders"":5,""ask_orders"":1,""bid_price"":""441.75"",""ask_price"":""442.60""},{""bid_quantity"":40,""ask_quantity"":20,""bid_orders"":2,""ask_orders"":1,""bid_price"":""441.70"",""ask_price"":""442.65""},{""bid_quantity"":80,""ask_quantity"":20,""bid_orders"":2,""ask_orders"":1,""bid_price"":""441.60"",""ask_price"":""442.75""},{""bid_quantity"":20,""ask_quantity"":20,""bid_orders"":1,""ask_orders"":1,""bid_price"":""441.55"",""ask_price"":""442.90""},{""bid_quantity"":40,""ask_quantity"":40,""bid_orders"":2,""ask_orders"":2,""bid_price"":""441.50"",""ask_price"":""443.10""}]"
09:15:41.895,1790307941895651241,1025684449585068,Full Data,8,886872,233.40,80,09:15:41,263.76,59220,20260,22160,47980,"[{""bid_quantity"":40,""ask_quantity"":80,""bid_orders"":2,""ask_orders"":4,""bid_price"":""233.00"",""ask_price"":""234.20""},{""bid_quantity"":120,""ask_quantity"":40,""bid_orders"":3,""ask_orders"":2,""bid_price"":""232.95"",""ask_price"":""234.30""},{""bid_quantity"":80,""ask_quantity"":80,""bid_orders"":3,""ask_orders"":4,""bid_price"":""232.90"",""ask_price"":""234.45""},{""bid_quantity"":20,""ask_quantity"":20,""bid_orders"":1,""ask_orders"":1,""bid_price"":""232.85"",""ask_price"":""234.55""},{""bid_quantity"":20,""ask_quantity"":40,""bid_orders"":1,""ask_orders"":2,""bid_price"":""232.80"",""ask_price"":""234.65""}]"
09:15:41.977,1790307941977379564,1025684531313671,Full Data,8,886747,803.50,20,09:15:41,768.89,16060,16760,92940,5900,"[{""bid_quantity"":40,""ask_quantity"":60,""bid_orders"":2,""ask_orders"":3,""bid_price"":""798.60"",""ask_price"":""803.00""},{""bid_quantity"":40,""ask_quantity"":60,""bid_orders"":2,""ask_orders"":3,""bid_price"":""798.35"",""ask_price"":""803.10""},{""bid_quantity"":40,""ask_quantity"":20,""bid_orders"":2,""ask_orders"":1,""bid_price"":""798.10"",""ask_price"":""803.15""},{""bid_quantity"":20,""ask_quantity"":60,""bid_orders"":1,""ask_orders"":3,""bid_price"":""797.90"",""ask_price"":""803.20""},{""bid_quantity"":20,""ask_quantity"":20,""bid_orders"":1,""ask_orders"":1,""bid_price"":""797.85"",""ask_price"":""803.25""}]"
09:15:42.022,1790307942022741174,1025684576675201,Full Data,8,886747,803.50,20,09:15:41,768.89,16060,16780,93140,5900,"[{""bid_quantity"":20,""ask_quantity"":40,""bid_orders"":1,""ask_orders"":2,""bid_price"":""801.15"",""ask_price"":""803.50""},{""bid_quantity"":20,""ask_quantity"":80,""bid_orders"":1,""ask_orders"":4,""bid_price"":""800.80"",""ask_price"":""803.55""},{""bid_quantity"":20,""ask_quantity"":40,""bid_orders"":1,""ask_orders"":2,""bid_price"":""800.70"",""ask_price"":""806.60""},{""bid_quantity"":20,""ask_quantity"":40,""bid_orders"":1,""ask_orders"":2,""bid_price"":""799.80"",""ask_price"":""806.65""},{""bid_quantity"":20,""ask_quantity"":20,""bid_orders"":1,""ask_orders"":1,""bid_price"":""799.75"",""ask_price"":""809.15""}]"
09:15:42.023,1790307942023752181,1025684577686008,Full Data,8,886805,671.65,40,09:15:41,650.01,75000,19560,105900,42420,"[{""bid_quantity"":20,""ask_quantity"":20,""bid_orders"":1,""ask_orders"":1,""bid_price"":""670.55"",""ask_price"":""672.80""},{""bid_quantity"":20,""ask_quantity"":40,""bid_orders"":1,""ask_orders"":2,""bid_price"":""670.50"",""ask_price"":""672.85""},{""bid_quantity"":40,""ask_quantity"":40,""bid_orders"":2,""ask_orders"":2,""bid_price"":""670.45"",""ask_price"":""672.90""},{""bid_quantity"":20,""ask_quantity"":60,""bid_orders"":1,""ask_orders"":2,""bid_price"":""670.35"",""ask_price"":""672.95""},{""bid_quantity"":20,""ask_quantity"":60,""bid_orders"":1,""ask_orders"":3,""bid_price"":""670.20"",""ask_price"":""673.00""}]"
09:15:42.058,1790307942058763885,1025684612698072,Full Data,8,886805,668.70,20,09:15:42,650.05,75140,17080,102340,42420,"[{""bid_quantity"":20,""ask_quantity"":40,""bid_orders"":1,""ask_orders"":2,""bid_price"":""666.80"",""ask_price"":""668.95""},{""bid_quantity"":140,""ask_quantity"":180,""bid_orders"":3,""ask_orders"":2,""bid_price"":""665.85"",""ask_price"":""669.00""},{""bid_quantity"":40,""ask_quantity"":340,""bid_orders"":1,""ask_orders"":5,""bid_price"":""664.85"",""ask_price"":""669.05""},{""bid_quantity"":140,""ask_quantity"":220,""bid_orders"":3,""ask_orders"":4,""bid_price"":""664.80"",""ask_price"":""669.15""},{""bid_quantity"":40,""ask_quantity"":60,""bid_orders"":1,""ask_orders"":3,""bid_price"":""664.30"",""ask_price"":""669.20""}]"
09:15:42.131,1790307942131290629,1025684685224696,Full Data,8,886718,326.70,20,09:15:42,363.57,212800,24820,33440,276660,"[{""bid_quantity"":100,""ask_quantity"":100,""bid_orders"":1,""ask_orders"":5,""bid_price"":""326.20"",""ask_price"":""327.50""},{""bid_quantity"":120,""ask_quantity"":80,""bid_orders"":2,""ask_orders"":3,""bid_price"":""326.15"",""ask_price"":""327.55""},{""bid_quantity"":100,""ask_quantity"":180,""bid_orders"":3,""ask_orders"":5,""bid_price"":""325.75"",""ask_price"":""327.60""},{""bid_quantity"":100,""ask_quantity"":100,""bid_orders"":2,""ask_orders"":5,""bid_price"":""325.65"",""ask_price"":""327.65""},{""bid_quantity"":360,""ask_quantity"":100,""bid_orders"":4,""ask_orders"":5,""bid_price"":""325.60"",""ask_price"":""327.70""}]"
09:15:42.193,1790307942193878430,1025684747812497,Full Data,8,887017,733.80,20,09:15:42,696.45,122580,17180,164640,74320,"[{""bid_quantity"":20,""ask_quantity"":340,""bid_orders"":1,""ask_orders"":2,""bid_price"":""733.80"",""ask_price"":""736.20""},{""bid_quantity"":40,""ask_quantity"":20,""bid_orders"":2,""ask_orders"":1,""bid_price"":""733.65"",""ask_price"":""736.50""},{""bid_quantity"":40,""ask_quantity"":40,""bid_orders"":2,""ask_orders"":2,""bid_price"":""733.60"",""ask_price"":""737.40""},{""bid_quantity"":40,""ask_quantity"":80,""bid_orders"":2,""ask_orders"":1,""bid_price"":""733.55"",""ask_price"":""738.00""},{""bid_quantity"":60,""ask_quantity"":40,""bid_orders"":3,""ask_orders"":1,""bid_price"":""733.45"",""ask_price"":""738.25""}]"
09:15:42.253,1790307942253317970,1025684807251997,Full Data,8,887017,733.80,20,09:15:42,696.45,122580,17760,164400,74320,"[{""bid_quantity"":40,""ask_quantity"":80,""bid_orders"":2,""ask_orders"":4,""bid_price"":""734.85"",""ask_price"":""737.05""},{""bid_quantity"":40,""ask_quantity"":320,""bid_orders"":2,""ask_orders"":3,""bid_price"":""734.80"",""ask_price"":""737.20""},{""bid_quantity"":40,""ask_quantity"":80,""bid_orders"":2,""ask_orders"":3,""bid_price"":""734.70"",""ask_price"":""737.30""},{""bid_quantity"":40,""ask_quantity"":60,""bid_orders"":2,""ask_orders"":2,""bid_price"":""734.65"",""ask_price"":""737.35""},{""bid_quantity"":40,""ask_quantity"":80,""bid_orders"":2,""ask_orders"":4,""bid_price"":""734.50"",""ask_price"":""737.40""}]"
09:15:42.353,1790307942353736173,1025684907670160,Full Data,8,886951,862.80,20,09:15:42,830.25,6560,13300,92720,6000,"[{""bid_quantity"":60,""ask_quantity"":80,""bid_orders"":3,""ask_orders"":4,""bid_price"":""868.75"",""ask_price"":""872.90""},{""bid_quantity"":40,""ask_quantity"":60,""bid_orders"":2,""ask_orders"":3,""bid_price"":""868.65"",""ask_price"":""877.30""},{""bid_quantity"":60,""ask_quantity"":40,""bid_orders"":3,""ask_orders"":2,""bid_price"":""868.55"",""ask_price"":""877.35""},{""bid_quantity"":60,""ask_quantity"":40,""bid_orders"":3,""ask_orders"":2,""bid_price"":""868.45"",""ask_price"":""882.95""},{""bid_quantity"":60,""ask_quantity"":20,""bid_orders"":3,""ask_orders"":1,""bid_price"":""868.35"",""ask_price"":""883.10""}]"
09:15:42.365,1790307942365991052,1025684919925119,Full Data,8,886776,401.65,20,09:15:42,433.56,58080,21080,93960,67800,"[{""bid_quantity"":60,""ask_quantity"":40,""bid_orders"":3,""ask_orders"":2,""bid_price"":""400.05"",""ask_price"":""401.30""},{""bid_quantity"":80,""ask_quantity"":80,""bid_orders"":3,""ask_orders"":4,""bid_price"":""400.00"",""ask_price"":""401.40""},{""bid_quantity"":80,""ask_quantity"":100,""bid_orders"":4,""ask_orders"":4,""bid_price"":""399.95"",""ask_price"":""401.50""},{""bid_quantity"":100,""ask_quantity"":40,""bid_orders"":4,""ask_orders"":2,""bid_price"":""399.80"",""ask_price"":""401.55""},{""bid_quantity"":60,""ask_quantity"":60,""bid_orders"":3,""ask_orders"":3,""bid_price"":""399.70"",""ask_price"":""401.60""}]"
09:15:42.404,1790307942404368137,1025684958302324,Full Data,8,886572,611.10,20,09:15:42,587.54,78540,19620,99980,92640,"[{""bid_quantity"":20,""ask_quantity"":40,""bid_orders"":1,""ask_orders"":1,""bid_price"":""610.75"",""ask_price"":""612.40""},{""bid_quantity"":40,""ask_quantity"":100,""bid_orders"":2,""ask_orders"":4,""bid_price"":""610.70"",""ask_price"":""612.45""},{""bid_quantity"":100,""ask_quantity"":60,""bid_orders"":4,""ask_orders"":3,""bid_price"":""610.65"",""ask_price"":""612.50""},{""bid_quantity"":80,""ask_quantity"":20,""bid_orders"":3,""ask_orders"":1,""bid_price"":""610.60"",""ask_price"":""612.60""},{""bid_quantity"":80,""ask_quantity"":100,""bid_orders"":2,""ask_orders"":4,""bid_price"":""610.55"",""ask_price"":""612.65""}]"
09:15:42.434,1790307942434309929,1025684988243796,Full Data,8,886951,862.80,20,09:15:42,830.25,6560,13320,92820,6000,"[{""bid_quantity"":40,""ask_quantity"":80,""bid_orders"":2,""ask_orders"":4,""bid_price"":""869.05"",""ask_price"":""872.90""},{""bid_quantity"":40,""ask_quantity"":60,""bid_orders"":2,""ask_orders"":3,""bid_price"":""869.00"",""ask_price"":""877.30""},{""bid_quantity"":40,""ask_quantity"":60,""bid_orders"":2,""ask_orders"":3,""bid_price"":""868.95"",""ask_price"":""877.35""},{""bid_quantity"":40,""ask_quantity"":40,""bid_orders"":2,""ask_orders"":2,""bid_price"":""868.85"",""ask_price"":""882.95""},{""bid_quantity"":60,""ask_quantity"":20,""bid_orders"":3,""ask_orders"":1,""bid_price"":""868.75"",""ask_price"":""883.10""}]"
09:15:42.450,1790307942450955516,1025685004889303,Full Data,8,886572,612.45,20,09:15:42,587.56,78580,21080,101020,92640,"[{""bid_quantity"":40,""ask_quantity"":60,""bid_orders"":2,""ask_orders"":3,""bid_price"":""614.05"",""ask_price"":""615.45""},{""bid_quantity"":20,""ask_quantity"":40,""bid_orders"":1,""ask_orders"":2,""bid_price"":""613.80"",""ask_price"":""615.60""},{""bid_quantity"":40,""ask_quantity"":40,""bid_orders"":1,""ask_orders"":2,""bid_price"":""613.35"",""ask_price"":""615.65""},{""bid_quantity"":40,""ask_quantity"":40,""bid_orders"":2,""ask_orders"":1,""bid_price"":""613.30"",""ask_price"":""615.70""},{""bid_quantity"":20,""ask_quantity"":60,""bid_orders"":1,""ask_orders"":2,""bid_price"":""613.20"",""ask_price"":""615.75""}]"
09:15:42.540,1790307942540111206,1025685094045193,Ticker Data,0,51,73682.62,,09:15:42,,,,,,
09:15:42.616,1790307942616103973,1025685170038080,Full Data,8,887124,261.60,80,09:15:42,287.09,53040,24080,16360,64860,"[{""bid_quantity"":180,""ask_quantity"":80,""bid_orders"":1,""ask_orders"":4,""bid_price"":""259.90"",""ask_price"":""261.15""},{""bid_quantity"":40,""ask_quantity"":60,""bid_orders"":2,""ask_orders"":3,""bid_price"":""259.85"",""ask_price"":""261.20""},{""bid_quantity"":60,""ask_quantity"":60,""bid_orders"":3,""ask_orders"":3,""bid_price"":""259.80"",""ask_price"":""261.25""},{""bid_quantity"":40,""ask_quantity"":60,""bid_orders"":2,""ask_orders"":3,""bid_price"":""259.75"",""ask_price"":""261.35""},{""bid_quantity"":100,""ask_quantity"":60,""bid_orders"":1,""ask_orders"":3,""bid_price"":""259.70"",""ask_price"":""261.40""}]"
09:15:42.648,1790307942648719182,1025685202653009,Full Data,8,886849,549.65,40,09:15:42,528.73,79540,18420,20280,167000,"[{""bid_quantity"":20,""ask_quantity"":20,""bid_orders"":1,""ask_orders"":1,""bid_price"":""550.45"",""ask_price"":""552.90""},{""bid_quantity"":40,""ask_quantity"":20,""bid_orders"":2,""ask_orders"":1,""bid_price"":""550.40"",""ask_price"":""552.95""},{""bid_quantity"":20,""ask_quantity"":80,""bid_orders"":1,""ask_orders"":3,""bid_price"":""550.35"",""ask_price"":""553.30""},{""bid_quantity"":20,""ask_quantity"":180,""bid_orders"":1,""ask_orders"":1,""bid_price"":""550.30"",""ask_price"":""553.40""},{""bid_quantity"":40,""ask_quantity"":140,""bid_orders"":2,""ask_orders"":2,""bid_price"":""550.20"",""ask_price"":""554.40""}]"
09:15:42.684,1790307942684038168,1025685237972035,Full Data,8,886924,291.00,40,09:15:42,326.62,57180,23460,17340,59380,"[{""bid_quantity"":120,""ask_quantity"":80,""bid_orders"":2,""ask_orders"":4,""bid_price"":""290.00"",""ask_price"":""291.65""},{""bid_quantity"":60,""ask_quantity"":120,""bid_orders"":2,""ask_orders"":3,""bid_price"":""289.65"",""ask_price"":""291.70""},{""bid_quantity"":40,""ask_quantity"":140,""bid_orders"":2,""ask_orders"":6,""bid_price"":""289.60"",""ask_price"":""291.75""},{""bid_quantity"":200,""ask_quantity"":80,""bid_orders"":2,""ask_orders"":4,""bid_price"":""289.50"",""ask_price"":""291.80""},{""bid_quantity"":40,""ask_quantity"":100,""bid_orders"":1,""ask_orders"":5,""bid_price"":""289.20"",""ask_price"":""291.85""}]"
09:15:42.696,1790307942696622248,1025685250556075,Full Data,8,886692,944.55,20,09:15:42,902.00,3580,14600,91940,4500,"[{""bid_quantity"":60,""ask_quantity"":60,""bid_orders"":2,""ask_orders"":3,""bid_price"":""939.10"",""ask_price"":""946.10""},{""bid_quantity"":40,""ask_quantity"":40,""bid_orders"":2,""ask_orders"":2,""bid_price"":""939.00"",""ask_price"":""946.15""},{""bid_quantity"":40,""ask_quantity"":40,""bid_orders"":2,""ask_orders"":2,""bid_price"":""938.90"",""ask_price"":""946.20""},{""bid_quantity"":40,""ask_quantity"":40,""bid_orders"":2,""ask_orders"":1,""bid_price"":""938.80"",""ask_price"":""955.30""},{""bid_quantity"":40,""ask_quantity"":20,""bid_orders"":2,""ask_orders"":1,""bid_price"":""938.70"",""ask_price"":""955.35""}]"
09:15:42.729,1790307942729439378,1025685283373245,Full Data,8,886924,291.00,40,09:15:42,326.62,57180,23460,17620,59380,"[{""bid_quantity"":140,""ask_quantity"":20,""bid_orders"":3,""ask_orders"":1,""bid_price"":""290.00"",""ask_price"":""290.95""},{""bid_quantity"":60,""ask_quantity"":40,""bid_orders"":2,""ask_orders"":1,""bid_price"":""289.85"",""ask_price"":""291.00""},{""bid_quantity"":160,""ask_quantity"":40,""bid_orders"":2,""ask_orders"":2,""bid_price"":""289.75"",""ask_price"":""291.05""},{""bid_quantity"":40,""ask_quantity"":40,""bid_orders"":1,""ask_orders"":2,""bid_price"":""289.70"",""ask_price"":""291.10""},{""bid_quantity"":20,""ask_quantity"":60,""bid_orders"":1,""ask_orders"":3,""bid_price"":""289.65"",""ask_price"":""291.15""}]"
09:15:42.736,1790307942736537224,1025685290471131,Full Data,8,887124,261.60,80,09:15:42,287.09,53040,26100,18480,64860,"[{""bid_quantity"":100,""ask_quantity"":80,""bid_orders"":4,""ask_orders"":4,""bid_price"":""259.55"",""ask_price"":""260.80""},{""bid_quantity"":300,""ask_quantity"":40,""bid_orders"":5,""ask_orders"":2,""bid_price"":""259.50"",""ask_price"":""260.85""},{""bid_quantity"":100,""ask_quantity"":20,""bid_orders"":2,""ask_orders"":1,""bid_price"":""259.40"",""ask_price"":""260.90""},{""bid_quantity"":100,""ask_quantity"":60,""bid_orders"":4,""ask_orders"":3,""bid_price"":""259.35"",""ask_price"":""260.95""},{""bid_quantity"":80,""ask_quantity"":60,""bid_orders"":1,""ask_orders"":3,""bid_price"":""259.05"",""ask_price"":""261.00""}]"
09:15:42.748,1790307942748241979,1025685302175806,Full Data,8,886849,552.35,20,09:15:42,528.75,79600,20460,22820,167000,"[{""bid_quantity"":100,""ask_quantity"":60,""bid_orders"":5,""ask_orders"":3,""bid_price"":""552.10"",""ask_price"":""554.50""},{""bid_quantity"":40,""ask_quantity"":60,""bid_orders"":2,""ask_orders"":3,""bid_price"":""552.05"",""ask_price"":""554.55""},{""bid_quantity"":80,""ask_quantity"":40,""bid_orders"":4,""ask_orders"":2,""bid_price"":""552.00"",""ask_price"":""554.65""},{""bid_quantity"":20,""ask_quantity"":60,""bid_orders"":1,""ask_orders"":3,""bid_price"":""551.95"",""ask_price"":""554.70""},{""bid_quantity"":60,""ask_quantity"":40,""bid_orders"":3,""ask_orders"":2,""bid_price"":""551.85"",""ask_price"":""554.75""}]"
09:15:42.774,1790307942774317546,1025685328251653,Full Data,8,886692,944.55,20,09:15:42,902.00,3580,16480,93520,4500,"[{""bid_quantity"":120,""ask_quantity"":120,""bid_orders"":5,""ask_orders"":5,""bid_price"":""939.55"",""ask_price"":""947.95""},{""bid_quantity"":40,""ask_quantity"":40,""bid_orders"":2,""ask_orders"":2,""bid_price"":""939.50"",""ask_price"":""948.00""},{""bid_quantity"":40,""ask_quantity"":40,""bid_orders"":2,""ask_orders"":2,""bid_price"":""939.40"",""ask_price"":""948.05""},{""bid_quantity"":20,""ask_quantity"":20,""bid_orders"":1,""ask_orders"":1,""bid_price"":""939.35"",""ask_price"":""948.15""},{""bid_quantity"":40,""ask_quantity"":20,""bid_orders"":2,""ask_orders"":1,""bid_price"":""939.30"",""ask_price"":""948.25""}]"
09:15:42.844,1790307942844436274,1025685398370661,Full Data,8,886981,361.50,20,09:15:42,400.80,99260,22620,43640,63920,"[{""bid_quantity"":60,""ask_quantity"":140,""bid_orders"":3,""ask_orders"":3,""bid_price"":""360.95"",""ask_price"":""362.35""},{""bid_quantity"":60,""ask_quantity"":80,""bid_orders"":3,""ask_orders"":3,""bid_price"":""360.85"",""ask_price"":""362.40""},{""bid_quantity"":60,""ask_quantity"":40,""bid_orders"":3,""ask_orders"":2,""bid_price"":""360.75"",""ask_price"":""362.60""},{""bid_quantity"":40,""ask_quantity"":20,""bid_orders"":2,""ask_orders"":1,""bid_price"":""360.70"",""ask_price"":""362.75""},{""bid_quantity"":60,""ask_quantity"":180,""bid_orders"":3,""ask_orders"":2,""bid_price"":""360.65"",""ask_price"":""362.85""}]"
09:15:42.869,1790307942869087472,1025685423021459,Full Data,8,887036,442.40,20,09:15:42,478.92,69940,18660,96220,155340,"[{""bid_quantity"":20,""ask_quantity"":20,""bid_orders"":1,""ask_orders"":1,""bid_price"":""444.15"",""ask_price"":""445.90""},{""bid_quantity"":120,""ask_quantity"":40,""bid_orders"":2,""ask_orders"":2,""bid_price"":""444.10"",""ask_price"":""445.95""},{""bid_quantity"":260,""ask_quantity"":60,""bid_orders"":4,""ask_orders"":2,""bid_price"":""444.05"",""ask_price"":""446.10""},{""bid_quantity"":20,""ask_quantity"":120,""bid_orders"":1,""ask_orders"":1,""bid_price"":""444.00"",""ask_price"":""446.80""},{""bid_quantity"":60,""ask_quantity"":40,""bid_orders"":3,""ask_orders"":1,""bid_price"":""443.95"",""ask_price"":""447.15""}]"
09:15:42.887,1790307942887531110,1025685441464977,Full Data,8,886872,233.25,80,09:15:42,263.53,59680,19240,21320,47980,"[{""bid_quantity"":40,""ask_quantity"":40,""bid_orders"":2,""ask_orders"":2,""bid_price"":""234.65"",""ask_price"":""235.65""},{""bid_quantity"":60,""ask_quantity"":100,""bid_orders"":2,""ask_orders"":2,""bid_price"":""234.60"",""ask_price"":""235.75""},{""bid_quantity"":60,""ask_quantity"":60,""bid_orders"":3,""ask_orders"":2,""bid_price"":""234.55"",""ask_price"":""235.85""},{""bid_quantity"":20,""ask_quantity"":200,""bid_orders"":1,""ask_orders"":2,""bid_price"":""234.50"",""ask_price"":""236.25""},{""bid_quantity"":100,""ask_quantity"":100,""bid_orders"":4,""ask_orders"":1,""bid_price"":""234.45"",""ask_price"":""236.60""}]"
09:15:42.926,1790307942926852042,1025685480785989,Full Data,8,887036,444.20,20,09:15:42,478.91,69960,19800,95360,155340,"[{""bid_quantity"":140,""ask_quantity"":80,""bid_orders"":2,""ask_orders"":4,""bid_price"":""442.75"",""ask_price"":""444.25""},{""bid_quantity"":60,""ask_quantity"":40,""bid_orders"":3,""ask_orders"":2,""bid_price"":""442.70"",""ask_price"":""444.30""},{""bid_quantity"":220,""ask_quantity"":40,""bid_orders"":3,""ask_orders"":2,""bid_price"":""442.65"",""ask_price"":""444.40""},{""bid_quantity"":80,""ask_quantity"":60,""bid_orders"":3,""ask_orders"":3,""bid_price"":""442.60"",""ask_price"":""444.50""},{""bid_quantity"":60,""ask_quantity"":60,""bid_orders"":3,""ask_orders"":3,""bid_price"":""442.45"",""ask_price"":""444.55""}]"
09:15:42.929,1790307942929356818,1025685483290645,Full Data,8,886872,233.25,80,09:15:42,263.53,59680,19740,20840,47980,"[{""bid_quantity"":40,""ask_quantity"":100,""bid_orders"":2,""ask_orders"":4,""bid_price"":""233.55"",""ask_price"":""234.90""},{""bid_quantity"":80,""ask_quantity"":80,""bid_orders"":3,""ask_orders"":4,""bid_price"":""233.50"",""ask_price"":""234.95""},{""bid_quantity"":60,""ask_quantity"":60,""bid_orders"":3,""ask_orders"":3,""bid_price"":""233.45"",""ask_price"":""235.05""},{""bid_quantity"":80,""ask_quantity"":60,""bid_orders"":3,""ask_orders"":3,""bid_price"":""233.40"",""ask_price"":""235.15""},{""bid_quantity"":140,""ask_quantity"":20,""bid_orders"":4,""ask_orders"":1,""bid_price"":""233.25"",""ask_price"":""235.20""}]"
09:15:43.018,1790307943018776110,1025685572710457,Full Data,8,886747,803.50,60,09:15:42,769.16,16200,17660,91040,5900,"[{""bid_quantity"":80,""ask_quantity"":40,""bid_orders"":4,""ask_orders"":2,""bid_price"":""796.45"",""ask_price"":""800.45""},{""bid_quantity"":80,""ask_quantity"":40,""bid_orders"":4,""ask_orders"":2,""bid_price"":""796.40"",""ask_price"":""800.50""},{""bid_quantity"":80,""ask_quantity"":40,""bid_orders"":4,""ask_orders"":2,""bid_price"":""796.25"",""ask_price"":""800.70""},{""bid_quantity"":40,""ask_quantity"":40,""bid_orders"":2,""ask_orders"":2,""bid_price"":""796.20"",""ask_price"":""800.80""},{""bid_quantity"":20,""ask_quantity"":40,""bid_orders"":1,""ask_orders"":2,""bid_price"":""796.10"",""ask_price"":""800.90""}]"
09:15:43.054,1790307943054800981,1025685608734808,Full Data,8,886747,803.50,60,09:15:42,769.16,16200,15440,90840,5900,"[{""bid_quantity"":40,""ask_quantity"":40,""bid_orders"":2,""ask_orders"":2,""bid_price"":""796.40"",""ask_price"":""799.00""},{""bid_quantity"":60,""ask_quantity"":40,""bid_orders"":3,""ask_orders"":2,""bid_price"":""796.10"",""ask_price"":""799.10""},{""bid_quantity"":20,""ask_quantity"":40,""bid_orders"":1,""ask_orders"":2,""bid_price"":""794.25"",""ask_price"":""799.20""},{""bid_quantity"":40,""ask_quantity"":80,""bid_orders"":2,""ask_orders"":4,""bid_price"":""794.20"",""ask_price"":""799.30""},{""bid_quantity"":60,""ask_quantity"":40,""bid_orders"":3,""ask_orders"":2,""bid_price"":""794.15"",""ask_price"":""799.40""}]"
09:15:43.088,1790307943088423236,1025685642357263,Full Data,8,886805,668.45,20,09:15:43,650.41,76580,17640,102920,42420,"[{""bid_quantity"":20,""ask_quantity"":100,""bid_orders"":1,""ask_orders"":4,""bid_price"":""666.50"",""ask_price"":""668.70""},{""bid_quantity"":120,""ask_quantity"":100,""bid_orders"":2,""ask_orders"":1,""bid_price"":""666.40"",""ask_price"":""668.75""},{""bid_quantity"":20,""ask_quantity"":40,""bid_orders"":1,""ask_orders"":2,""bid_price"":""666.30"",""ask_price"":""668.85""},{""bid_quantity"":20,""ask_quantity"":20,""bid_orders"":1,""ask_orders"":1,""bid_price"":""666.10"",""ask_price"":""669.20""},{""bid_quantity"":140,""ask_quantity"":40,""bid_orders"":3,""ask_orders"":2,""bid_price"":""665.85"",""ask_price"":""669.30""}]"
09:15:43.146,1790307943146751210,1025685700685117,Full Data,8,886805,667.95,20,09:15:43,650.45,76740,17200,103280,42420,"[{""bid_quantity"":60,""ask_quantity"":60,""bid_orders"":3,""ask_orders"":3,""bid_price"":""667.35"",""ask_price"":""669.55""},{""bid_quantity"":20,""ask_quantity"":20,""bid_orders"":1,""ask_orders"":1,""bid_price"":""667.30"",""ask_price"":""669.60""},{""bid_quantity"":20,""ask_quantity"":20,""bid_orders"":1,""ask_orders"":1,""bid_price"":""667.25"",""ask_price"":""669.65""},{""bid_quantity"":40,""ask_quantity"":20,""bid_orders"":2,""ask_orders"":1,""bid_price"":""667.15"",""ask_price"":""669.70""},{""bid_quantity"":40,""ask_quantity"":20,""bid_orders"":2,""ask_orders"":1,""bid_price"":""667.10"",""ask_price"":""669.75""}]"
09:15:43.150,1790307943150512114,1025685704445901,Full Data,8,886718,324.45,20,09:15:43,363.18,214980,26200,32860,276660,"[{""bid_quantity"":60,""ask_quantity"":60,""bid_orders"":2,""ask_orders"":3,""bid_price"":""323.40"",""ask_price"":""324.50""},{""bid_quantity"":40,""ask_quantity"":80,""bid_orders"":2,""ask_orders"":3,""bid_price"":""323.35"",""ask_price"":""324.55""},{""bid_quantity"":60,""ask_quantity"":60,""bid_orders"":3,""ask_orders"":3,""bid_price"":""323.30"",""ask_price"":""324.60""},{""bid_quantity"":60,""ask_quantity"":60,""bid_orders"":3,""ask_orders"":3,""bid_price"":""323.25"",""ask_price"":""324.65""},{""bid_quantity"":80,""ask_quantity"":60,""bid_orders"":1,""ask_orders"":3,""bid_price"":""323.20"",""ask_price"":""324.70""}]"
09:15:43.269,1790307943269698317,1025685823632504,Full Data,8,887017,729.70,20,09:15:43,697.17,124920,19060,164560,74320,"[{""bid_quantity"":40,""ask_quantity"":40,""bid_orders"":2,""ask_orders"":2,""bid_price"":""727.80"",""ask_price"":""730.75""},{""bid_quantity"":80,""ask_quantity"":20,""bid_orders"":3,""ask_orders"":1,""bid_price"":""727.75"",""ask_price"":""730.95""},{""bid_quantity"":60,""ask_quantity"":20,""bid_orders"":3,""ask_orders"":1,""bid_price"":""727.70"",""ask_price"":""731.00""},{""bid_quantity"":80,""ask_quantity"":60,""bid_orders"":4,""ask_orders"":2,""bid_price"":""727.65"",""ask_price"":""731.20""},{""bid_quantity"":120,""ask_quantity"":20,""bid_orders"":3,""ask_orders"":1,""bid_price"":""727.20"",""ask_price"":""731.25""}]"
09:15:43.338,1790307943338894600,1025685892828747,Full Data,8,886776,402.55,20,09:15:43,433.14,58840,23080,98140,67800,"[{""bid_quantity"":80,""ask_quantity"":180,""bid_orders"":4,""ask_orders"":5,""bid_price"":""399.95"",""ask_price"":""401.75""},{""bid_quantity"":100,""ask_quantity"":240,""bid_orders"":4,""ask_orders"":4,""bid_price"":""399.85"",""ask_price"":""401.80""},{""bid_quantity"":40,""ask_quantity"":140,""bid_orders"":2,""ask_orders"":7,""bid_price"":""399.75"",""ask_price"":""401.85""},{""bid_quantity"":80,""ask_quantity"":100,""bid_orders"":4,""ask_orders"":2,""bid_price"":""399.65"",""ask_price"":""401.90""},{""bid_quantity"":120,""ask_quantity"":60,""bid_orders"":1,""ask_orders"":3,""bid_price"":""399.50"",""ask_price"":""401.95""}]"
09:15:43.374,1790307943374084865,1025685928018892,Full Data,8,887017,731.60,40,09:15:43,697.19,125000,20320,167260,74320,"[{""bid_quantity"":40,""ask_quantity"":40,""bid_orders"":2,""ask_orders"":2,""bid_price"":""731.15"",""ask_price"":""733.15""},{""bid_quantity"":20,""ask_quantity"":20,""bid_orders"":1,""ask_orders"":1,""bid_price"":""731.10"",""ask_price"":""733.35""},{""bid_quantity"":40,""ask_quantity"":40,""bid_orders"":2,""ask_orders"":2,""bid_price"":""730.90"",""ask_price"":""733.55""},{""bid_quantity"":20,""ask_quantity"":60,""bid_orders"":1,""ask_orders"":2,""bid_price"":""730.75"",""ask_price"":""733.70""},{""bid_quantity"":20,""ask_quantity"":40,""bid_orders"":1,""ask_orders"":1,""bid_price"":""730.70"",""ask_price"":""733.80""}]"
09:15:43.404,1790307943404381219,1025685958315166,Full Data,8,886951,863.00,20,09:15:43,830.61,6620,17220,96880,6000,"[{""bid_quantity"":140,""ask_quantity"":60,""bid_orders"":4,""ask_orders"":3,""bid_price"":""863.25"",""ask_price"":""869.20""},{""bid_quantity"":40,""ask_quantity"":40,""bid_orders"":2,""ask_orders"":2,""bid_price"":""863.20"",""ask_price"":""870.95""},{""bid_quantity"":80,""ask_quantity"":20,""bid_orders"":4,""ask_orders"":1,""bid_price"":""863.15"",""ask_price"":""871.05""},{""bid_quantity"":120,""ask_quantity"":40,""bid_orders"":3,""ask_orders"":2,""bid_price"":""863.10"",""ask_price"":""874.20""},{""bid_quantity"":160,""ask_quantity"":20,""bid_orders"":5,""ask_orders"":1,""bid_price"":""863.05"",""ask_price"":""881.00""}]"
09:15:43.439,1790307943439102401,1025685993036668,Full Data,8,886572,610.15,20,09:15:43,588.60,82780,20800,99700,92640,"[{""bid_quantity"":120,""ask_quantity"":60,""bid_orders"":2,""ask_orders"":2,""bid_price"":""607.15"",""ask_price"":""609.10""},{""bid_quantity"":40,""ask_quantity"":60,""bid_orders"":1,""ask_orders"":3,""bid_price"":""606.90"",""ask_price"":""609.15""},{""bid_quantity"":40,""ask_quantity"":40,""bid_orders"":1,""ask_orders"":2,""bid_price"":""606.85"",""ask_price"":""609.25""},{""bid_quantity"":120,""ask_quantity"":40,""bid_orders"":1,""ask_orders"":2,""bid_price"":""606.80"",""ask_price"":""609.35""},{""bid_quantity"":100,""ask_quantity"":40,""bid_orders"":1,""ask_orders"":2,""bid_price"":""606.75"",""ask_price"":""609.45""}]"
09:15:43.471,1790307943471195927,1025686025129914,Full Data,8,886951,869.20,40,09:15:43,830.84,6660,15980,94340,6000,"[{""bid_quantity"":40,""ask_quantity"":240,""bid_orders"":2,""ask_orders"":5,""bid_price"":""866.65"",""ask_price"":""872.90""},{""bid_quantity"":40,""ask_quantity"":200,""bid_orders"":2,""ask_orders"":3,""bid_price"":""866.55"",""ask_price"":""872.95""},{""bid_quantity"":40,""ask_quantity"":100,""bid_orders"":2,""ask_orders"":5,""bid_price"":""866.45"",""ask_price"":""873.05""},{""bid_quantity"":20,""ask_quantity"":60,""bid_orders"":1,""ask_orders"":3,""bid_price"":""866.35"",""ask_price"":""873.10""},{""bid_quantity"":20,""ask_quantity"":20,""bid_orders"":1,""ask_orders"":1,""bid_price"":""866.25"",""ask_price"":""873.30""}]"
09:15:43.505,1790307943505962069,1025686059895856,Full Data,8,886572,607.65,20,09:15:43,588.62,82860,20620,99540,92640,"[{""bid_quantity"":20,""ask_quantity"":60,""bid_orders"":1,""ask_orders"":2,""bid_price"":""605.30"",""ask_price"":""607.45""},{""bid_quantity"":100,""ask_quantity"":40,""bid_orders"":1,""ask_orders"":2,""bid_price"":""605.25"",""ask_price"":""607.50""},{""bid_quantity"":40,""ask_quantity"":40,""bid_orders"":1,""ask_orders"":2,""bid_price"":""605.05"",""ask_price"":""607.55""},{""bid_quantity"":200,""ask_quantity"":60,""bid_orders"":3,""ask_orders"":3,""bid_price"":""605.00"",""ask_price"":""607.70""},{""bid_quantity"":40,""ask_quantity"":20,""bid_orders"":1,""ask_orders"":1,""bid_price"":""604.65"",""ask_price"":""607.75""}]"
09:15:43.543,1790307943543398469,1025686097332216,Ticker Data,0,51,73686.24,,09:15:43,,,,,,
09:15:43.652,1790307943652132885,1025686206067352,Full Data,8,886924,291.80,20,09:15:43,326.29,57720,22940,17780,59380,"[{""bid_quantity"":80,""ask_quantity"":40,""bid_orders"":3,""ask_orders"":2,""bid_price"":""291.30"",""ask_price"":""292.20""},{""bid_quantity"":40,""ask_quantity"":100,""bid_orders"":2,""ask_orders"":2,""bid_price"":""291.25"",""ask_price"":""292.25""},{""bid_quantity"":80,""ask_quantity"":40,""bid_orders"":3,""ask_orders"":2,""bid_price"":""291.15"",""ask_price"":""292.30""},{""bid_quantity"":40,""ask_quantity"":60,""bid_orders"":1,""ask_orders"":2,""bid_price"":""291.05"",""ask_price"":""292.80""},{""bid_quantity"":160,""ask_quantity"":80,""bid_orders"":3,""ask_orders"":4,""bid_price"":""291.00"",""ask_price"":""292.85""}]"
09:15:43.708,1790307943708150163,1025686262084230,Full Data,8,887124,260.00,20,09:15:43,286.97,53280,25520,19480,64860,"[{""bid_quantity"":480,""ask_quantity"":40,""bid_orders"":6,""ask_orders"":2,""bid_price"":""260.60"",""ask_price"":""261.65""},{""bid_quantity"":60,""ask_quantity"":40,""bid_orders"":3,""ask_orders"":2,""bid_price"":""260.55"",""ask_price"":""262.20""},{""bid_quantity"":140,""ask_quantity"":20,""bid_orders"":4,""ask_orders"":1,""bid_price"":""260.50"",""ask_price"":""262.40""},{""bid_quantity"":100,""ask_quantity"":20,""bid_orders"":4,""ask_orders"":1,""bid_price"":""260.45"",""ask_price"":""262.45""},{""bid_quantity"":20,""ask_quantity"":20,""bid_orders"":1,""ask_orders"":1,""bid_price"":""260.40"",""ask_price"":""262.50""}]"
09:15:43.711,1790307943711236783,1025686265170530,Full Data,8,886924,291.80,20,09:15:43,326.29,57720,22340,17720,59380,"[{""bid_quantity"":20,""ask_quantity"":40,""bid_orders"":1,""ask_orders"":2,""bid_price"":""291.75"",""ask_price"":""292.70""},{""bid_quantity"":40,""ask_quantity"":40,""bid_orders"":1,""ask_orders"":2,""bid_price"":""291.70"",""ask_price"":""292.85""},{""bid_quantity"":40,""ask_quantity"":100,""bid_orders"":1,""ask_orders"":2,""bid_price"":""291.65"",""ask_price"":""292.95""},{""bid_quantity"":60,""ask_quantity"":60,""bid_orders"":2,""ask_orders"":3,""bid_price"":""291.55"",""ask_price"":""293.15""},{""bid_quantity"":20,""ask_quantity"":40,""bid_orders"":1,""ask_orders"":1,""bid_price"":""291.45"",""ask_price"":""293.40""}]"
09:15:43.713,1790307943713026155,1025686266959942,Full Data,8,886849,549.55,20,09:15:43,528.87,80060,21000,21860,167000,"[{""bid_quantity"":40,""ask_quantity"":80,""bid_orders"":2,""ask_orders"":3,""bid_price"":""545.15"",""ask_price"":""546.95""},{""bid_quantity"":60,""ask_quantity"":80,""bid_orders"":2,""ask_orders"":4,""bid_price"":""545.10"",""ask_price"":""547.20""},{""bid_quantity"":40,""ask_quantity"":100,""bid_orders"":2,""ask_orders"":4,""bid_price"":""545.05"",""ask_price"":""547.25""},{""bid_quantity"":20,""ask_quantity"":60,""bid_orders"":1,""ask_orders"":3,""bid_price"":""545.00"",""ask_price"":""547.35""},{""bid_quantity"":20,""ask_quantity"":20,""bid_orders"":1,""ask_orders"":1,""bid_price"":""544.90"",""ask_price"":""547.40""}]"
09:15:43.734,1790307943734150930,1025686288084837,Full Data,8,887124,260.00,20,09:15:43,286.97,53280,23780,17540,64860,"[{""bid_quantity"":20,""ask_quantity"":60,""bid_orders"":1,""ask_orders"":3,""bid_price"":""260.95"",""ask_price"":""261.65""},{""bid_quantity"":80,""ask_quantity"":60,""bid_orders"":1,""ask_orders"":3,""bid_price"":""260.90"",""ask_price"":""262.00""},{""bid_quantity"":40,""ask_quantity"":40,""bid_orders"":2,""ask_orders"":2,""bid_price"":""260.85"",""ask_price"":""262.95""},{""bid_quantity"":100,""ask_quantity"":160,""bid_orders"":2,""ask_orders"":3,""bid_price"":""260.80"",""ask_price"":""263.00""},{""bid_quantity"":40,""ask_quantity"":80,""bid_orders"":2,""ask_orders"":1,""bid_price"":""260.75"",""ask_price"":""263.40""}]"
09:15:43.761,1790307943761531945,1025686315466212,Full Data,8,886692,935.00,20,09:15:43,902.61,3640,15100,90840,4500,"[{""bid_quantity"":20,""ask_quantity"":60,""bid_orders"":1,""ask_orders"":2,""bid_price"":""935.00"",""ask_price"":""936.45""},{""bid_quantity"":20,""ask_quantity"":20,""bid_orders"":1,""ask_orders"":1,""bid_price"":""932.95"",""ask_price"":""936.50""},{""bid_quantity"":60,""ask_quantity"":20,""bid_orders"":2,""ask_orders"":1,""bid_price"":""929.10"",""ask_price"":""936.55""},{""bid_quantity"":20,""ask_quantity"":20,""bid_orders"":1,""ask_orders"":1,""bid_price"":""929.00"",""ask_price"":""936.75""},{""bid_quantity"":80,""ask_quantity"":20,""bid_orders"":2,""ask_orders"":1,""bid_price"":""928.50"",""ask_price"":""936.80""}]"
09:15:43.793,1790307943793146107,1025686347080054,Full Data,8,886849,543.30,20,09:15:43,529.01,80800,20180,19480,167000,"[{""bid_quantity"":40,""ask_quantity"":20,""bid_orders"":2,""ask_orders"":1,""bid_price"":""541.20"",""ask_price"":""543.15""},{""bid_quantity"":20,""ask_quantity"":20,""bid_orders"":1,""ask_orders"":1,""bid_price"":""541.15"",""ask_price"":""543.25""},{""bid_quantity"":40,""ask_quantity"":40,""bid_orders"":2,""ask_orders"":1,""bid_price"":""541.10"",""ask_price"":""543.40""},{""bid_quantity"":20,""ask_quantity"":60,""bid_orders"":1,""ask_orders"":3,""bid_price"":""541.05"",""ask_price"":""543.50""},{""bid_quantity"":20,""ask_quantity"":20,""bid_orders"":1,""ask_orders"":1,""bid_price"":""541.00"",""ask_price"":""543.55""}]"
09:15:43.802,1790307943802592488,1025686356526275,Full Data,8,886692,935.00,20,09:15:43,902.78,3660,14580,91000,4500,"[{""bid_quantity"":300,""ask_quantity"":40,""bid_orders"":6,""ask_orders"":2,""bid_price"":""926.50"",""ask_price"":""933.10""},{""bid_quantity"":40,""ask_quantity"":40,""bid_orders"":2,""ask_orders"":2,""bid_price"":""926.40"",""ask_price"":""933.60""},{""bid_quantity"":180,""ask_quantity"":60,""bid_orders"":2,""ask_orders"":2,""bid_price"":""926.35"",""ask_price"":""935.95""},{""bid_quantity"":20,""ask_quantity"":160,""bid_orders"":1,""ask_orders"":1,""bid_price"":""926.30"",""ask_price"":""936.00""},{""bid_quantity"":160,""ask_quantity"":20,""bid_orders"":1,""ask_orders"":1,""bid_price"":""926.25"",""ask_price"":""936.70""}]"
09:15:43.853,1790307943853046571,1025686406980758,Full Data,8,886981,363.00,20,09:15:43,400.48,100120,23240,44060,63920,"[{""bid_quantity"":60,""ask_quantity"":260,""bid_orders"":3,""ask_orders"":7,""bid_price"":""363.25"",""ask_price"":""364.75""},{""bid_quantity"":20,""ask_quantity"":80,""bid_orders"":1,""ask_orders"":4,""bid_price"":""362.95"",""ask_price"":""364.90""},{""bid_quantity"":60,""ask_quantity"":80,""bid_orders"":3,""ask_orders"":3,""bid_price"":""362.90"",""ask_price"":""364.95""},{""bid_quantity"":80,""ask_quantity"":60,""bid_orders"":3,""ask_orders"":3,""bid_price"":""362.60"",""ask_price"":""365.00""},{""bid_quantity"":80,""ask_quantity"":20,""bid_orders"":3,""ask_orders"":1,""bid_price"":""362.45"",""ask_price"":""365.05""}]"
09:15:43.927,1790307943927369487,1025686481303354,Full Data,8,887036,446.10,20,09:15:43,478.50,70800,19120,95460,155340,"[{""bid_quantity"":20,""ask_quantity"":40,""bid_orders"":1,""ask_orders"":2,""bid_price"":""445.90"",""ask_price"":""447.00""},{""bid_quantity"":40,""ask_quantity"":40,""bid_orders"":2,""ask_orders"":2,""bid_price"":""445.80"",""ask_price"":""447.05""},{""bid_quantity"":40,""ask_quantity"":40,""bid_orders"":2,""ask_orders"":2,""bid_price"":""445.75"",""ask_price"":""447.15""},{""bid_quantity"":40,""ask_quantity"":40,""bid_orders"":2,""ask_orders"":2,""bid_price"":""445.70"",""ask_price"":""447.25""},{""bid_quantity"":60,""ask_quantity"":100,""bid_orders"":3,""ask_orders"":1,""bid_price"":""445.65"",""ask_price"":""447.60""}]"
09:15:43.956,1790307943956674994,1025686510608821,Full Data,8,886872,234.65,20,09:15:43,263.45,59840,19700,21800,47980,"[{""bid_quantity"":20,""ask_quantity"":40,""bid_orders"":1,""ask_orders"":2,""bid_price"":""234.60"",""ask_price"":""235.35""},{""bid_quantity"":20,""ask_quantity"":60,""bid_orders"":1,""ask_orders"":3,""bid_price"":""234.55"",""ask_price"":""235.40""},{""bid_quantity"":40,""ask_quantity"":40,""bid_orders"":2,""ask_orders"":2,""bid_price"":""234.40"",""ask_price"":""235.45""},{""bid_quantity"":60,""ask_quantity"":20,""bid_orders"":3,""ask_orders"":1,""bid_price"":""234.35"",""ask_price"":""235.50""},{""bid_quantity"":20,""ask_quantity"":40,""bid_orders"":1,""ask_orders"":2,""bid_price"":""234.30"",""ask_price"":""235.55""}]"
09:15:43.983,1790307943983912689,1025686537846596,Full Data,8,887036,446.10,20,09:15:43,478.50,70800,18780,94720,155340,"[{""bid_quantity"":20,""ask_quantity"":40,""bid_orders"":1,""ask_orders"":2,""bid_price"":""444.75"",""ask_price"":""445.95""},{""bid_quantity"":160,""ask_quantity"":20,""bid_orders"":3,""ask_orders"":1,""bid_price"":""444.60"",""ask_price"":""446.05""},{""bid_quantity"":40,""ask_quantity"":40,""bid_orders"":2,""ask_orders"":2,""bid_price"":""444.55"",""ask_price"":""446.15""},{""bid_quantity"":60,""ask_quantity"":40,""bid_orders"":3,""ask_orders"":2,""bid_price"":""444.35"",""ask_price"":""446.25""},{""bid_quantity"":140,""ask_quantity"":20,""bid_orders"":3,""ask_orders"":1,""bid_price"":""444.30"",""ask_price"":""446.30""}]"
09:15:43.984,1790307943984495532,1025686538429319,Full Data,8,886872,234.65,20,09:15:43,263.45,59840,19860,21740,47980,"[{""bid_quantity"":40,""ask_quantity"":140,""bid_orders"":2,""ask_orders"":4,""bid_price"":""233.80"",""ask_price"":""234.90""},{""bid_quantity"":40,""ask_quantity"":60,""bid_orders"":2,""ask_orders"":3,""bid_price"":""233.75"",""ask_price"":""235.00""},{""bid_quantity"":60,""ask_quantity"":80,""bid_orders"":2,""ask_orders"":4,""bid_price"":""233.70"",""ask_price"":""235.10""},{""bid_quantity"":60,""ask_quantity"":20,""bid_orders"":3,""ask_orders"":1,""bid_price"":""233.65"",""ask_price"":""235.20""},{""bid_quantity"":40,""ask_quantity"":60,""bid_orders"":2,""ask_orders"":3,""bid_price"":""233.60"",""ask_price"":""235.25""}]"
09:15:44.083,1790307944083616727,1025686637550954,Full Data,8,886747,784.25,20,09:15:44,770.25,16980,17300,92080,5900,"[{""bid_quantity"":20,""ask_quantity"":40,""bid_orders"":1,""ask_orders"":2,""bid_price"":""781.85"",""ask_price"":""784.20""},{""bid_quantity"":20,""ask_quantity"":20,""bid_orders"":1,""ask_orders"":1,""bid_price"":""781.75"",""ask_price"":""784.25""},{""bid_quantity"":20,""ask_quantity"":40,""bid_orders"":1,""ask_orders"":2,""bid_price"":""781.70"",""ask_price"":""784.30""},{""bid_quantity"":20,""ask_quantity"":40,""bid_orders"":1,""ask_orders"":2,""bid_price"":""781.65"",""ask_price"":""784.45""},{""bid_quantity"":20,""ask_quantity"":40,""bid_orders"":1,""ask_orders"":2,""bid_price"":""781.45"",""ask_price"":""784.50""}]"
09:15:44.110,1790307944110839461,1025686664773288,Full Data,8,886747,784.25,20,09:15:44,770.25,16980,17160,91540,5900,"[{""bid_quantity"":20,""ask_quantity"":40,""bid_orders"":1,""ask_orders"":2,""bid_price"":""779.65"",""ask_price"":""781.90""},{""bid_quantity"":40,""ask_quantity"":40,""bid_orders"":2,""ask_orders"":2,""bid_price"":""779.60"",""ask_price"":""781.95""},{""bid_quantity"":40,""ask_quantity"":40,""bid_orders"":2,""ask_orders"":2,""bid_price"":""779.40"",""ask_price"":""782.00""},{""bid_quantity"":40,""ask_quantity"":40,""bid_orders"":2,""ask_orders"":2,""bid_price"":""779.15"",""ask_price"":""782.10""},{""bid_quantity"":40,""ask_quantity"":20,""bid_orders"":2,""ask_orders"":1,""bid_price"":""779.00"",""ask_price"":""782.15""}]"
09:15:44.144,1790307944144552037,1025686698486064,Full Data,8,886805,652.55,20,09:15:44,650.69,78400,20640,102180,42420,"[{""bid_quantity"":500,""ask_quantity"":20,""bid_orders"":1,""ask_orders"":1,""bid_price"":""651.05"",""ask_price"":""652.80""},{""bid_quantity"":80,""ask_quantity"":20,""bid_orders"":2,""ask_orders"":1,""bid_price"":""650.00"",""ask_price"":""653.00""},{""bid_quantity"":20,""ask_quantity"":200,""bid_orders"":1,""ask_orders"":3,""bid_price"":""648.85"",""ask_price"":""653.15""},{""bid_quantity"":140,""ask_quantity"":20,""bid_orders"":1,""ask_orders"":1,""bid_price"":""648.80"",""ask_price"":""653.25""},{""bid_quantity"":40,""ask_quantity"":180,""bid_orders"":1,""ask_orders"":2,""bid_price"":""646.45"",""ask_price"":""653.30""}]"
09:15:44.204,1790307944204573541,1025686758507848,Full Data,8,886718,331.00,20,09:15:44,362.26,220520,26820,36580,276660,"[{""bid_quantity"":20,""ask_quantity"":20,""bid_orders"":1,""ask_orders"":1,""bid_price"":""331.25"",""ask_price"":""332.55""},{""bid_quantity"":460,""ask_quantity"":40,""bid_orders"":5,""ask_orders"":2,""bid_price"":""331.20"",""ask_price"":""332.80""},{""bid_quantity"":240,""ask_quantity"":60,""bid_orders"":4,""ask_orders"":3,""bid_price"":""331.15"",""ask_price"":""332.85""},{""bid_quantity"":100,""ask_quantity"":60,""bid_orders"":2,""ask_orders"":3,""bid_price"":""331.10"",""ask_price"":""332.90""},{""bid_quantity"":40,""ask_quantity"":80,""bid_orders"":2,""ask_orders"":4,""bid_price"":""331.05"",""ask_price"":""333.00""}]"
09:15:44.208,1790307944208150244,1025686762083991,Full Data,8,886805,652.80,60,09:15:44,650.69,78520,19740,104700,42420,"[{""bid_quantity"":60,""ask_quantity"":160,""bid_orders"":2,""ask_orders"":2,""bid_price"":""652.80"",""ask_price"":""653.45""},{""bid_quantity"":40,""ask_quantity"":60,""bid_orders"":2,""ask_orders"":3,""bid_price"":""651.15"",""ask_price"":""653.50""},{""bid_quantity"":60,""ask_quantity"":260,""bid_orders"":3,""ask_orders"":5,""bid_price"":""651.10"",""ask_price"":""653.60""},{""bid_quantity"":500,""ask_quantity"":80,""bid_orders"":1,""ask_orders"":4,""bid_price"":""651.05"",""ask_price"":""653.75""},{""bid_quantity"":120,""ask_quantity"":40,""bid_orders"":2,""ask_orders"":2,""bid_price"":""650.40"",""ask_price"":""653.90""}]"
09:15:44.359,1790307944359831215,1025686913765642,Full Data,8,886776,408.65,20,09:15:44,432.17,61000,20640,95520,67800,"[{""bid_quantity"":100,""ask_quantity"":20,""bid_orders"":1,""ask_orders"":1,""bid_price"":""407.40"",""ask_price"":""408.50""},{""bid_quantity"":20,""ask_quantity"":40,""bid_orders"":1,""ask_orders"":2,""bid_price"":""406.25"",""ask_price"":""408.55""},{""bid_quantity"":20,""ask_quantity"":160,""bid_orders"":1,""ask_orders"":1,""bid_price"":""405.05"",""ask_price"":""409.95""},{""bid_quantity"":100,""ask_quantity"":20,""bid_orders"":2,""ask_orders"":1,""bid_price"":""405.00"",""ask_price"":""410.00""},{""bid_quantity"":20,""ask_quantity"":100,""bid_orders"":1,""ask_orders"":4,""bid_price"":""404.50"",""ask_price"":""410.05""}]"
09:15:44.389,1790307944389265643,1025686943199710,Full Data,8,887017,719.95,20,09:15:44,697.98,128700,20920,167260,74320,"[{""bid_quantity"":60,""ask_quantity"":60,""bid_orders"":2,""ask_orders"":3,""bid_price"":""718.10"",""ask_price"":""721.55""},{""bid_quantity"":80,""ask_quantity"":60,""bid_orders"":4,""ask_orders"":2,""bid_price"":""718.05"",""ask_price"":""722.65""},{""bid_quantity"":40,""ask_quantity"":40,""bid_orders"":2,""ask_orders"":2,""bid_price"":""717.95"",""ask_price"":""723.15""},{""bid_quantity"":40,""ask_quantity"":100,""bid_orders"":2,""ask_orders"":1,""bid_price"":""717.85"",""ask_price"":""723.20""},{""bid_quantity"":20,""ask_quantity"":80,""bid_orders"":1,""ask_orders"":1,""bid_price"":""717.80"",""ask_price"":""723.35""}]"
09:15:44.406,1790307944406164672,1025686960098499,Full Data,8,887017,717.10,20,09:15:44,698.00,128840,19960,163660,74320,"[{""bid_quantity"":20,""ask_quantity"":60,""bid_orders"":1,""ask_orders"":2,""bid_price"":""714.65"",""ask_price"":""717.15""},{""bid_quantity"":20,""ask_quantity"":240,""bid_orders"":1,""ask_orders"":2,""bid_price"":""714.50"",""ask_price"":""717.20""},{""bid_quantity"":160,""ask_quantity"":40,""bid_orders"":2,""ask_orders"":2,""bid_price"":""713.60"",""ask_price"":""717.40""},{""bid_quantity"":20,""ask_quantity"":40,""bid_orders"":1,""ask_orders"":2,""bid_price"":""712.45"",""ask_price"":""717.55""},{""bid_quantity"":40,""ask_quantity"":40,""bid_orders"":1,""ask_orders"":2,""bid_price"":""712.05"",""ask_price"":""717.70""}]"
09:15:44.487,1790307944487293351,1025687041227378,Full Data,8,886951,845.60,20,09:15:44,832.10,6960,15120,93780,6000,"[{""bid_quantity"":280,""ask_quantity"":100,""bid_orders"":8,""ask_orders"":5,""bid_price"":""845.15"",""ask_price"":""854.65""},{""bid_quantity"":60,""ask_quantity"":60,""bid_orders"":3,""ask_orders"":3,""bid_price"":""845.05"",""ask_price"":""854.70""},{""bid_quantity"":140,""ask_quantity"":60,""bid_orders"":4,""ask_orders"":3,""bid_price"":""844.95"",""ask_price"":""854.75""},{""bid_quantity"":40,""ask_quantity"":60,""bid_orders"":2,""ask_orders"":3,""bid_price"":""844.85"",""ask_price"":""854.85""},{""bid_quantity"":20,""ask_quantity"":20,""bid_orders"":1,""ask_orders"":1,""bid_price"":""844.80"",""ask_price"":""854.90""}]"
09:15:44.523,1790307944523592703,1025687077526490,Full Data,8,886572,594.15,20,09:15:44,589.00,85800,20740,100980,92640,"[{""bid_quantity"":60,""ask_quantity"":80,""bid_orders"":2,""ask_orders"":3,""bid_price"":""592.10"",""ask_price"":""593.85""},{""bid_quantity"":40,""ask_quantity"":40,""bid_orders"":1,""ask_orders"":2,""bid_price"":""592.05"",""ask_price"":""594.00""},{""bid_quantity"":20,""ask_quantity"":120,""bid_orders"":1,""ask_orders"":4,""bid_price"":""592.00"",""ask_price"":""594.05""},{""bid_quantity"":40,""ask_quantity"":60,""bid_orders"":1,""ask_orders"":3,""bid_price"":""591.95"",""ask_price"":""594.15""},{""bid_quantity"":20,""ask_quantity"":100,""bid_orders"":1,""ask_orders"":1,""bid_price"":""591.70"",""ask_price"":""594.25""}]"
09:15:44.542,1790307944542278943,1025687096212730,Ticker Data,0,51,73676.66,,09:15:44,,,,,,
09:15:44.551,1790307944551509962,1025687105443789,Full Data,8,886951,845.60,20,09:15:44,832.10,6960,17820,95240,6000,"[{""bid_quantity"":80,""ask_quantity"":300,""bid_orders"":3,""ask_orders"":8,""bid_price"":""845.35"",""ask_price"":""853.85""},{""bid_quantity"":80,""ask_quantity"":80,""bid_orders"":3,""ask_orders"":4,""bid_price"":""845.25"",""ask_price"":""853.90""},{""bid_quantity"":60,""ask_quantity"":60,""bid_orders"":3,""ask_orders"":3,""bid_price"":""845.15"",""ask_price"":""854.05""},{""bid_quantity"":60,""ask_quantity"":80,""bid_orders"":3,""ask_orders"":4,""bid_price"":""845.05"",""ask_price"":""854.10""},{""bid_quantity"":140,""ask_quantity"":80,""bid_orders"":4,""ask_orders"":4,""bid_price"":""844.95"",""ask_price"":""854.15""}]"
09:15:44.558,1790307944558719048,1025687112652875,Full Data,8,886572,593.55,40,09:15:44,589.01,86000,22140,98860,92640,"[{""bid_quantity"":40,""ask_quantity"":100,""bid_orders"":2,""ask_orders"":5,""bid_price"":""589.65"",""ask_price"":""591.80""},{""bid_quantity"":60,""ask_quantity"":400,""bid_orders"":2,""ask_orders"":4,""bid_price"":""589.50"",""ask_price"":""591.85""},{""bid_quantity"":20,""ask_quantity"":20,""bid_orders"":1,""ask_orders"":1,""bid_price"":""588.85"",""ask_price"":""591.95""},{""bid_quantity"":20,""ask_quantity"":20,""bid_orders"":1,""ask_orders"":1,""bid_price"":""588.50"",""ask_price"":""592.00""},{""bid_quantity"":120,""ask_quantity"":60,""bid_orders"":1,""ask_orders"":2,""bid_price"":""588.10"",""ask_price"":""592.05""}]"
09:15:44.678,1790307944678834137,1025687232768204,Full Data,8,886924,299.90,20,09:15:44,325.87,58520,22180,20740,59380,"[{""bid_quantity"":60,""ask_quantity"":20,""bid_orders"":3,""ask_orders"":1,""bid_price"":""299.80"",""ask_price"":""300.75""},{""bid_quantity"":60,""ask_quantity"":20,""bid_orders"":2,""ask_orders"":1,""bid_price"":""299.70"",""ask_price"":""300.80""},{""bid_quantity"":260,""ask_quantity"":40,""bid_orders"":4,""ask_orders"":2,""bid_price"":""299.50"",""ask_price"":""300.85""},{""bid_quantity"":80,""ask_quantity"":20,""bid_orders"":2,""ask_orders"":1,""bid_price"":""299.35"",""ask_price"":""301.05""},{""bid_quantity"":60,""ask_quantity"":60,""bid_orders"":2,""ask_orders"":2,""bid_price"":""299.30"",""ask_price"":""301.10""}]"
09:15:44.717,1790307944717442464,1025687271376371,Full Data,8,886924,299.90,20,09:15:44,325.87,58520,23800,20920,59380,"[{""bid_quantity"":40,""ask_quantity"":20,""bid_orders"":1,""ask_orders"":1,""bid_price"":""300.40"",""ask_price"":""300.85""},{""bid_quantity"":40,""ask_quantity"":140,""bid_orders"":1,""ask_orders"":3,""bid_price"":""300.35"",""ask_price"":""301.50""},{""bid_quantity"":80,""ask_quantity"":60,""bid_orders"":3,""ask_orders"":3,""bid_price"":""300.30"",""ask_price"":""301.80""},{""bid_quantity"":20,""ask_quantity"":40,""bid_orders"":1,""ask_orders"":1,""bid_price"":""300.10"",""ask_price"":""302.95""},{""bid_quantity"":20,""ask_quantity"":100,""bid_orders"":1,""ask_orders"":1,""bid_price"":""300.00"",""ask_price"":""303.00""}]"
09:15:44.742,1790307944742154022,1025687296087889,Full Data,8,887124,269.70,20,09:15:44,286.50,54440,23260,18400,64860,"[{""bid_quantity"":100,""ask_quantity"":100,""bid_orders"":4,""ask_orders"":5,""bid_price"":""268.85"",""ask_price"":""269.95""},{""bid_quantity"":180,""ask_quantity"":1080,""bid_orders"":5,""ask_orders"":5,""bid_price"":""268.75"",""ask_price"":""270.00""},{""bid_quantity"":80,""ask_quantity"":120,""bid_orders"":3,""ask_orders"":3,""bid_price"":""268.70"",""ask_price"":""270.50""},{""bid_quantity"":140,""ask_quantity"":80,""bid_orders"":4,""ask_orders"":3,""bid_price"":""268.65"",""ask_price"":""270.55""},{""bid_quantity"":60,""ask_quantity"":120,""bid_orders"":2,""ask_orders"":2,""bid_price"":""268.60"",""ask_price"":""271.00""}]"
09:15:44.772,1790307944772628698,1025687326562685,Full Data,8,887124,269.10,20,09:15:44,286.50,54460,22060,17580,64860,"[{""bid_quantity"":80,""ask_quantity"":40,""bid_orders"":4,""ask_orders"":2,""bid_price"":""269.35"",""ask_price"":""269.95""},{""bid_quantity"":140,""ask_quantity"":1020,""bid_orders"":4,""ask_orders"":2,""bid_price"":""269.30"",""ask_price"":""270.00""},{""bid_quantity"":100,""ask_quantity"":20,""bid_orders"":4,""ask_orders"":1,""bid_price"":""269.25"",""ask_price"":""270.65""},{""bid_quantity"":180,""ask_quantity"":60,""bid_orders"":5,""ask_orders"":3,""bid_price"":""269.15"",""ask_price"":""270.70""},{""bid_quantity"":120,""ask_quantity"":160,""bid_orders"":4,""ask_orders"":2,""bid_price"":""269.10"",""ask_price"":""271.00""}]"
09:15:44.791,1790307944791483618,1025687345417685,Full Data,8,886849,530.50,40,09:15:44,529.11,81940,18900,18300,167000,"[{""bid_quantity"":40,""ask_quantity"":60,""bid_orders"":2,""ask_orders"":2,""bid_price"":""529.10"",""ask_price"":""530.70""},{""bid_quantity"":40,""ask_quantity"":100,""bid_orders"":2,""ask_orders"":2,""bid_price"":""528.30"",""ask_price"":""530.75""},{""bid_quantity"":140,""ask_quantity"":60,""bid_orders"":2,""ask_orders"":2,""bid_price"":""528.20"",""ask_price"":""530.80""},{""bid_quantity"":80,""ask_quantity"":320,""bid_orders"":2,""ask_orders"":4,""bid_price"":""527.80"",""ask_price"":""530.85""},{""bid_quantity"":100,""ask_quantity"":60,""bid_orders"":1,""ask_orders"":3,""bid_price"":""527.10"",""ask_price"":""530.90""}]"
09:15:44.823,1790307944823719785,1025687377653612,Full Data,8,886692,914.85,20,09:15:44,904.20,3920,14860,89380,4500,"[{""bid_quantity"":20,""ask_quantity"":60,""bid_orders"":1,""ask_orders"":2,""bid_price"":""910.00"",""ask_price"":""914.70""},{""bid_quantity"":60,""ask_quantity"":20,""bid_orders"":3,""ask_orders"":1,""bid_price"":""902.20"",""ask_price"":""914.75""},{""bid_quantity"":60,""ask_quantity"":20,""bid_orders"":3,""ask_orders"":1,""bid_price"":""902.15"",""ask_price"":""914.90""},{""bid_quantity"":80,""ask_quantity"":20,""bid_orders"":3,""ask_orders"":1,""bid_price"":""902.10"",""ask_price"":""914.95""},{""bid_quantity"":120,""ask_quantity"":80,""bid_orders"":3,""ask_orders"":4,""bid_price"":""900.05"",""ask_price"":""915.20""}]"
09:15:44.887,1790307944887371872,1025687441306179,Full Data,8,886981,375.50,40,09:15:44,400.01,101700,22040,44520,63920,"[{""bid_quantity"":20,""ask_quantity"":40,""bid_orders"":1,""ask_orders"":2,""bid_price"":""374.70"",""ask_price"":""375.95""},{""bid_quantity"":40,""ask_quantity"":20,""bid_orders"":2,""ask_orders"":1,""bid_price"":""374.60"",""ask_price"":""376.00""},{""bid_quantity"":100,""ask_quantity"":40,""bid_orders"":4,""ask_orders"":2,""bid_price"":""373.75"",""ask_price"":""376.20""},{""bid_quantity"":240,""ask_quantity"":40,""bid_orders"":1,""ask_orders"":1,""bid_price"":""373.70"",""ask_price"":""376.45""},{""bid_quantity"":260,""ask_quantity"":160,""bid_orders"":3,""ask_orders"":4,""bid_price"":""373.65"",""ask_price"":""376.50""}]"
09:15:44.890,1790307944890282251,1025687444216118,Full Data,8,886849,529.65,40,09:15:44,529.11,82100,18560,21080,167000,"[{""bid_quantity"":40,""ask_quantity"":40,""bid_orders"":2,""ask_orders"":2,""bid_price"":""528.25"",""ask_price"":""529.65""},{""bid_quantity"":60,""ask_quantity"":60,""bid_orders"":3,""ask_orders"":2,""bid_price"":""528.20"",""ask_price"":""529.75""},{""bid_quantity"":40,""ask_quantity"":100,""bid_orders"":2,""ask_orders"":3,""bid_price"":""528.15"",""ask_price"":""529.80""},{""bid_quantity"":40,""ask_quantity"":180,""bid_orders"":2,""ask_orders"":1,""bid_price"":""528.05"",""ask_price"":""529.90""},{""bid_quantity"":60,""ask_quantity"":20,""bid_orders"":3,""ask_orders"":1,""bid_price"":""527.95"",""ask_price"":""529.95""}]"
09:15:44.934,1790307944934392653,1025687488326760,Full Data,8,886692,914.90,20,09:15:44,904.26,3940,14700,89220,4500,"[{""bid_quantity"":20,""ask_quantity"":160,""bid_orders"":1,""ask_orders"":1,""bid_price"":""910.00"",""ask_price"":""914.40""},{""bid_quantity"":20,""ask_quantity"":120,""bid_orders"":1,""ask_orders"":3,""bid_price"":""902.30"",""ask_price"":""914.45""},{""bid_quantity"":20,""ask_quantity"":200,""bid_orders"":1,""ask_orders"":3,""bid_price"":""902.25"",""ask_price"":""914.50""},{""bid_quantity"":40,""ask_quantity"":60,""bid_orders"":2,""ask_orders"":3,""bid_price"":""902.20"",""ask_price"":""914.55""},{""bid_quantity"":40,""ask_quantity"":180,""bid_orders"":1,""ask_orders"":2,""bid_price"":""900.00"",""ask_price"":""914.60""}]"
09:15:44.978,1790307944978357454,1025687532291481,Full Data,8,887036,458.60,40,09:15:44,477.84,72820,18980,95480,155340,"[{""bid_quantity"":40,""ask_quantity"":20,""bid_orders"":2,""ask_orders"":1,""bid_price"":""455.85"",""ask_price"":""457.05""},{""bid_quantity"":60,""ask_quantity"":20,""bid_orders"":3,""ask_orders"":1,""bid_price"":""455.80"",""ask_price"":""457.25""},{""bid_quantity"":40,""ask_quantity"":140,""bid_orders"":2,""ask_orders"":2,""bid_price"":""455.75"",""ask_price"":""457.30""},{""bid_quantity"":100,""ask_quantity"":20,""bid_orders"":2,""ask_orders"":1,""bid_price"":""455.40"",""ask_price"":""457.40""},{""bid_quantity"":180,""ask_quantity"":20,""bid_orders"":4,""ask_orders"":1,""bid_price"":""455.05"",""ask_price"":""457.55""}]"
09:15:45.004,1790307945004615463,1025687558549330,Full Data,8,886872,243.60,20,09:15:44,262.94,61060,19680,19940,47980,"[{""bid_quantity"":100,""ask_quantity"":20,""bid_orders"":3,""ask_orders"":1,""bid_price"":""240.80"",""ask_price"":""241.80""},{""bid_quantity"":40,""ask_quantity"":60,""bid_orders"":2,""ask_orders"":2,""bid_price"":""240.50"",""ask_price"":""241.85""},{""bid_quantity"":20,""ask_quantity"":40,""bid_orders"":1,""ask_orders"":2,""bid_price"":""240.35"",""ask_price"":""241.90""},{""bid_quantity"":80,""ask_quantity"":60,""bid_orders"":3,""ask_orders"":2,""bid_price"":""240.30"",""ask_price"":""241.95""},{""bid_quantity"":40,""ask_quantity"":40,""bid_orders"":1,""ask_orders"":2,""bid_price"":""240.10"",""ask_price"":""242.00""}]"
09:15:45.029,1790307945029783224,1025687583717051,Full Data,8,887036,458.85,20,09:15:44,477.82,72880,17960,96260,155340,"[{""bid_quantity"":80,""ask_quantity"":20,""bid_orders"":3,""ask_orders"":1,""bid_price"":""457.85"",""ask_price"":""459.55""},{""bid_quantity"":60,""ask_quantity"":60,""bid_orders"":3,""ask_orders"":2,""bid_price"":""457.80"",""ask_price"":""459.90""},{""bid_quantity"":40,""ask_quantity"":40,""bid_orders"":2,""ask_orders"":2,""bid_price"":""457.75"",""ask_price"":""459.95""},{""bid_quantity"":40,""ask_quantity"":20,""bid_orders"":2,""ask_orders"":1,""bid_price"":""457.60"",""ask_price"":""460.00""},{""bid_quantity"":40,""ask_quantity"":60,""bid_orders"":2,""ask_orders"":3,""bid_price"":""457.45"",""ask_price"":""460.20""}]"
09:15:45.033,1790307945033567048,1025687587500915,Full Data,8,886872,241.75,20,09:15:45,262.91,61160,19140,21020,47980,"[{""bid_quantity"":60,""ask_quantity"":60,""bid_orders"":3,""ask_orders"":3,""bid_price"":""242.05"",""ask_price"":""243.00""},{""bid_quantity"":40,""ask_quantity"":40,""bid_orders"":2,""ask_orders"":1,""bid_price"":""242.00"",""ask_price"":""243.10""},{""bid_quantity"":60,""ask_quantity"":60,""bid_orders"":3,""ask_orders"":2,""bid_price"":""241.90"",""ask_price"":""243.35""},{""bid_quantity"":80,""ask_quantity"":20,""bid_orders"":4,""ask_orders"":1,""bid_price"":""241.85"",""ask_price"":""243.50""},{""bid_quantity"":280,""ask_quantity"":20,""bid_orders"":6,""ask_orders"":1,""bid_price"":""241.70"",""ask_price"":""243.55""}]"
09:15:45.123,1790307945123527184,1025687677461131,Full Data,8,886747,769.25,20,09:15:45,770.31,17920,15940,91980,5900,"[{""bid_quantity"":220,""ask_quantity"":60,""bid_orders"":4,""ask_orders"":3,""bid_price"":""769.30"",""ask_price"":""774.20""},{""bid_quantity"":200,""ask_quantity"":60,""bid_orders"":4,""ask_orders"":3,""bid_price"":""769.25"",""ask_price"":""777.25""},{""bid_quantity"":120,""ask_quantity"":20,""bid_orders"":3,""ask_orders"":1,""bid_price"":""769.20"",""ask_price"":""777.30""},{""bid_quantity"":140,""ask_quantity"":60,""bid_orders"":4,""ask_orders"":3,""bid_price"":""769.15"",""ask_price"":""777.35""},{""bid_quantity"":60,""ask_quantity"":80,""bid_orders"":3,""ask_orders"":3,""bid_price"":""769.05"",""ask_price"":""778.10""}]"
09:15:45.157,1790307945157226479,1025687711160666,Full Data,8,886747,774.20,20,09:15:45,770.31,17940,18140,92040,5900,"[{""bid_quantity"":40,""ask_quantity"":40,""bid_orders"":2,""ask_orders"":2,""bid_price"":""773.35"",""ask_price"":""775.30""},{""bid_quantity"":40,""ask_quantity"":20,""bid_orders"":2,""ask_orders"":1,""bid_price"":""773.30"",""ask_price"":""775.45""},{""bid_quantity"":20,""ask_quantity"":60,""bid_orders"":1,""ask_orders"":3,""bid_price"":""773.20"",""ask_price"":""775.50""},{""bid_quantity"":20,""ask_quantity"":60,""bid_orders"":1,""ask_orders"":3,""bid_price"":""773.10"",""ask_price"":""775.65""},{""bid_quantity"":20,""ask_quantity"":40,""bid_orders"":1,""ask_orders"":2,""bid_price"":""773.00"",""ask_price"":""775.70""}]"
09:15:45.227,1790307945227305128,1025687781239355,Full Data,8,886805,649.60,20,09:15:45,650.68,80400,15920,101000,42420,"[{""bid_quantity"":20,""ask_quantity"":20,""bid_orders"":1,""ask_orders"":1,""bid_price"":""647.55"",""ask_price"":""650.00""},{""bid_quantity"":20,""ask_quantity"":20,""bid_orders"":1,""ask_orders"":1,""bid_price"":""647.50"",""ask_price"":""650.15""},{""bid_quantity"":20,""ask_quantity"":20,""bid_orders"":1,""ask_orders"":1,""bid_price"":""647.35"",""ask_price"":""650.20""},{""bid_quantity"":20,""ask_quantity"":20,""bid_orders"":1,""ask_orders"":1,""bid_price"":""647.30"",""ask_price"":""650.35""},{""bid_quantity"":100,""ask_quantity"":20,""bid_orders"":1,""ask_orders"":1,""bid_price"":""647.20"",""ask_price"":""650.40""}]"
09:15:45.245,1790307945245594085,1025687799527912,Full Data,8,886718,333.80,40,09:15:45,361.87,223460,24480,33040,276660,"[{""bid_quantity"":80,""ask_quantity"":40,""bid_orders"":3,""ask_orders"":2,""bid_price"":""334.15"",""ask_price"":""336.05""},{""bid_quantity"":60,""ask_quantity"":60,""bid_orders"":3,""ask_orders"":3,""bid_price"":""334.10"",""ask_price"":""336.15""},{""bid_quantity"":60,""ask_quantity"":40,""bid_orders"":3,""ask_orders"":2,""bid_price"":""334.00"",""ask_price"":""336.20""},{""bid_quantity"":120,""ask_quantity"":20,""bid_orders"":3,""ask_orders"":1,""bid_price"":""333.95"",""ask_price"":""336.25""},{""bid_quantity"":80,""ask_quantity"":20,""bid_orders"":4,""ask_orders"":1,""bid_price"":""333.90"",""ask_price"":""336.30""}]"
09:15:45.274,1790307945274666231,1025687828600538,Full Data,8,886805,649.60,20,09:15:45,650.68,80400,16920,100700,42420,"[{""bid_quantity"":40,""ask_quantity"":40,""bid_orders"":2,""ask_orders"":1,""bid_price"":""644.20"",""ask_price"":""646.90""},{""bid_quantity"":20,""ask_quantity"":20,""bid_orders"":1,""ask_orders"":1,""bid_price"":""644.05"",""ask_price"":""647.05""},{""bid_quantity"":140,""ask_quantity"":20,""bid_orders"":2,""ask_orders"":1,""bid_price"":""644.00"",""ask_price"":""647.10""},{""bid_quantity"":20,""ask_quantity"":40,""bid_orders"":1,""ask_orders"":2,""bid_price"":""643.85"",""ask_price"":""647.30""},{""bid_quantity"":40,""ask_quantity"":20,""bid_orders"":2,""ask_orders"":1,""bid_price"":""643.80"",""ask_price"":""647.45""}]"
09:15:45.343,1790307945343235070,1025687897169217,Full Data,8,886776,413.25,20,09:15:45,431.82,62220,20140,98560,67800,"[{""bid_quantity"":60,""ask_quantity"":40,""bid_orders"":3,""ask_orders"":2,""bid_price"":""413.00"",""ask_price"":""414.45""},{""bid_quantity"":80,""ask_quantity"":80,""bid_orders"":3,""ask_orders"":4,""bid_price"":""412.95"",""ask_price"":""414.50""},{""bid_quantity"":60,""ask_quantity"":40,""bid_orders"":3,""ask_orders"":2,""bid_price"":""412.90"",""ask_price"":""414.60""},{""bid_quantity"":80,""ask_quantity"":80,""bid_orders"":4,""ask_orders"":4,""bid_price"":""412.35"",""ask_price"":""414.70""},{""bid_quantity"":20,""ask_quantity"":60,""bid_orders"":1,""ask_orders"":3,""bid_price"":""412.15"",""ask_price"":""414.80""}]"
09:15:45.423,1790307945423668505,1025687977602652,Full Data,8,887017,712.70,20,09:15:45,698.38,132480,18080,164460,74320,"[{""bid_quantity"":40,""ask_quantity"":180,""bid_orders"":1,""ask_orders"":4,""bid_price"":""715.15"",""ask_price"":""717.75""},{""bid_quantity"":40,""ask_quantity"":60,""bid_orders"":2,""ask_orders"":3,""bid_price"":""715.10"",""ask_price"":""717.95""},{""bid_quantity"":320,""ask_quantity"":100,""bid_orders"":1,""ask_orders"":4,""bid_price"":""715.05"",""ask_price"":""718.15""},{""bid_quantity"":20,""ask_quantity"":100,""bid_orders"":1,""ask_orders"":1,""bid_price"":""714.95"",""ask_price"":""719.20""},{""bid_quantity"":60,""ask_quantity"":20,""bid_orders"":3,""ask_orders"":1,""bid_price"":""714.90"",""ask_price"":""719.85""}]"
09:15:45.484,1790307945484880897,1025688038814924,Full Data,8,887017,716.75,40,09:15:45,698.44,132880,18820,164020,74320,"[{""bid_quantity"":60,""ask_quantity"":40,""bid_orders"":3,""ask_orders"":2,""bid_price"":""716.05"",""ask_price"":""719.30""},{""bid_quantity"":40,""ask_quantity"":320,""bid_orders"":2,""ask_orders"":1,""bid_price"":""716.00"",""ask_price"":""719.35""},{""bid_quantity"":40,""ask_quantity"":20,""bid_orders"":2,""ask_orders"":1,""bid_price"":""715.95"",""ask_price"":""719.45""},{""bid_quantity"":60,""ask_quantity"":40,""bid_orders"":3,""ask_orders"":2,""bid_price"":""715.90"",""ask_price"":""719.60""},{""bid_quantity"":40,""ask_quantity"":60,""bid_orders"":2,""ask_orders"":3,""bid_price"":""715.85"",""ask_price"":""719.75""}]"
09:15:45.547,1790307945547243936,1025688101178083,Ticker Data,0,51,73668.71,,09:15:45,,,,,,
09:15:45.586,1790307945586085305,1025688140019452,Full Data,8,886951,843.50,20,09:15:45,833.50,8080,15280,94600,6000,"[{""bid_quantity"":100,""ask_quantity"":60,""bid_orders"":4,""ask_orders"":3,""bid_price"":""849.25"",""ask_price"":""855.30""},{""bid_quantity"":60,""ask_quantity"":60,""bid_orders"":3,""ask_orders"":3,""bid_price"":""849.20"",""ask_price"":""855.35""},{""bid_quantity"":100,""ask_quantity"":60,""bid_orders"":4,""ask_orders"":3,""bid_price"":""849.05"",""ask_price"":""855.50""},{""bid_quantity"":60,""ask_quantity"":60,""bid_orders"":3,""ask_orders"":3,""bid_price"":""848.95"",""ask_price"":""855.55""},{""bid_quantity"":60,""ask_quantity"":60,""bid_orders"":3,""ask_orders"":3,""bid_price"":""848.85"",""ask_price"":""855.60""}]"
09:15:45.613,1790307945613751722,1025688167685589,Full Data,8,886572,594.90,40,09:15:45,588.98,87460,22340,102020,92640,"[{""bid_quantity"":40,""ask_quantity"":20,""bid_orders"":1,""ask_orders"":1,""bid_price"":""593.50"",""ask_price"":""594.65""},{""bid_quantity"":20,""ask_quantity"":40,""bid_orders"":1,""ask_orders"":2,""bid_price"":""593.45"",""ask_price"":""594.85""},{""bid_quantity"":40,""ask_quantity"":60,""bid_orders"":1,""ask_orders"":3,""bid_price"":""593.40"",""ask_price"":""595.00""},{""bid_quantity"":20,""ask_quantity"":140,""bid_orders"":1,""ask_orders"":4,""bid_price"":""593.35"",""ask_price"":""595.15""},{""bid_quantity"":40,""ask_quantity"":20,""bid_orders"":2,""ask_orders"":1,""bid_price"":""593.30"",""ask_price"":""595.20""}]"
09:15:45.648,1790307945648601585,1025688202535452,Full Data,8,886572,593.80,40,09:15:45,588.99,87540,22240,101220,92640,"[{""bid_quantity"":60,""ask_quantity"":20,""bid_orders"":2,""ask_orders"":1,""bid_price"":""594.05"",""ask_price"":""595.40""},{""bid_quantity"":40,""ask_quantity"":100,""bid_orders"":1,""ask_orders"":3,""bid_price"":""594.00"",""ask_price"":""595.45""},{""bid_quantity"":80,""ask_quantity"":60,""bid_orders"":3,""ask_orders"":2,""bid_price"":""593.60"",""ask_price"":""595.50""},{""bid_quantity"":40,""ask_quantity"":80,""bid_orders"":2,""ask_orders"":3,""bid_price"":""593.55"",""ask_price"":""595.60""},{""bid_quantity"":60,""ask_quantity"":20,""bid_orders"":3,""ask_orders"":1,""bid_price"":""593.50"",""ask_price"":""595.65""}]"
09:15:45.654,1790307945654061420,1025688207995247,Full Data,8,886951,843.50,20,09:15:45,833.50,8080,18600,94840,6000,"[{""bid_quantity"":100,""ask_quantity"":160,""bid_orders"":4,""ask_orders"":7,""bid_price"":""849.25"",""ask_price"":""857.70""},{""bid_quantity"":60,""ask_quantity"":80,""bid_orders"":3,""ask_orders"":2,""bid_price"":""849.20"",""ask_price"":""857.75""},{""bid_quantity"":100,""ask_quantity"":100,""bid_orders"":4,""ask_orders"":4,""bid_price"":""849.05"",""ask_price"":""857.80""},{""bid_quantity"":60,""ask_quantity"":80,""bid_orders"":3,""ask_orders"":4,""bid_price"":""848.95"",""ask_price"":""857.85""},{""bid_quantity"":60,""ask_quantity"":120,""bid_orders"":3,""ask_orders"":5,""bid_price"":""848.85"",""ask_price"":""857.90""}]"
09:15:45.704,1790307945704098300,1025688258032167,Full Data,8,886924,296.90,20,09:15:45,325.71,58920,24100,19200,59380,"[{""bid_quantity"":40,""ask_quantity"":100,""bid_orders"":2,""ask_orders"":3,""bid_price"":""294.50"",""ask_price"":""295.80""},{""bid_quantity"":80,""ask_quantity"":60,""bid_orders"":4,""ask_orders"":2,""bid_price"":""294.45"",""ask_price"":""295.85""},{""bid_quantity"":140,""ask_quantity"":40,""bid_orders"":4,""ask_orders"":2,""bid_price"":""294.40"",""ask_price"":""295.90""},{""bid_quantity"":80,""ask_quantity"":40,""bid_orders"":4,""ask_orders"":2,""bid_price"":""294.35"",""ask_price"":""295.95""},{""bid_quantity"":80,""ask_quantity"":160,""bid_orders"":3,""ask_orders"":4,""bid_price"":""294.25"",""ask_price"":""296.00""}]"
09:15:45.734,1790307945734471935,1025688288406002,Full Data,8,886924,296.90,20,09:15:45,325.71,58920,24360,18660,59380,"[{""bid_quantity"":80,""ask_quantity"":20,""bid_orders"":4,""ask_orders"":1,""bid_price"":""294.20"",""ask_price"":""295.35""},{""bid_quantity"":120,""ask_quantity"":20,""bid_orders"":5,""ask_orders"":1,""bid_price"":""294.15"",""ask_price"":""295.40""},{""bid_quantity"":60,""ask_quantity"":40,""bid_orders"":3,""ask_orders"":1,""bid_price"":""294.10"",""ask_price"":""295.45""},{""bid_quantity"":60,""ask_quantity"":40,""bid_orders"":2,""ask_orders"":2,""bid_price"":""294.05"",""ask_price"":""295.50""},{""bid_quantity"":120,""ask_quantity"":40,""bid_orders"":2,""ask_orders"":2,""bid_price"":""294.00"",""ask_price"":""295.55""}]"
09:15:45.795,1790307945795645686,1025688349579753,Full Data,8,887124,263.35,20,09:15:45,285.71,56960,23640,16220,64860,"[{""bid_quantity"":100,""ask_quantity"":280,""bid_orders"":5,""ask_orders"":5,""bid_price"":""262.40"",""ask_price"":""263.85""},{""bid_quantity"":260,""ask_quantity"":60,""bid_orders"":5,""ask_orders"":3,""bid_price"":""262.35"",""ask_price"":""263.95""},{""bid_quantity"":60,""ask_quantity"":400,""bid_orders"":3,""ask_orders"":4,""bid_price"":""262.30"",""ask_price"":""264.00""},{""bid_quantity"":160,""ask_quantity"":60,""bid_orders"":4,""ask_orders"":3,""bid_price"":""262.20"",""ask_price"":""264.05""},{""bid_quantity"":80,""ask_quantity"":200,""bid_orders"":3,""ask_orders"":3,""bid_price"":""262.15"",""ask_price"":""264.10""}]"
09:15:45.846,1790307945846445491,1025688400379758,Full Data,8,886981,365.75,40,09:15:45,399.40,103940,23640,43360,63920,"[{""bid_quantity"":60,""ask_quantity"":40,""bid_orders"":3,""ask_orders"":2,""bid_price"":""364.65"",""ask_price"":""366.00""},{""bid_quantity"":80,""ask_quantity"":120,""bid_orders"":4,""ask_orders"":3,""bid_price"":""364.60"",""ask_price"":""366.25""},{""bid_quantity"":20,""ask_quantity"":220,""bid_orders"":1,""ask_orders"":4,""bid_price"":""364.45"",""ask_price"":""366.35""},{""bid_quantity"":60,""ask_quantity"":220,""bid_orders"":3,""ask_orders"":5,""bid_price"":""364.40"",""ask_price"":""366.50""},{""bid_quantity"":20,""ask_quantity"":100,""bid_orders"":1,""ask_orders"":1,""bid_price"":""364.35"",""ask_price"":""366.60""}]"
09:15:45.875,1790307945875557198,1025688429491145,Full Data,8,887124,262.70,40,09:15:45,285.69,57000,22520,16660,64860,"[{""bid_quantity"":60,""ask_quantity"":40,""bid_orders"":3,""ask_orders"":2,""bid_price"":""262.65"",""ask_price"":""263.85""},{""bid_quantity"":80,""ask_quantity"":60,""bid_orders"":4,""ask_orders"":3,""bid_price"":""262.60"",""ask_price"":""263.90""},{""bid_quantity"":140,""ask_quantity"":60,""bid_orders"":4,""ask_orders"":3,""bid_price"":""262.55"",""ask_price"":""263.95""},{""bid_quantity"":400,""ask_quantity"":20,""bid_orders"":5,""ask_orders"":1,""bid_price"":""262.50"",""ask_price"":""264.00""},{""bid_quantity"":140,""ask_quantity"":120,""bid_orders"":4,""ask_orders"":3,""bid_price"":""262.45"",""ask_price"":""264.25""}]"
09:15:45.885,1790307945885910944,1025688439844771,Full Data,8,886849,542.00,80,09:15:45,529.22,84140,18760,21660,167000,"[{""bid_quantity"":200,""ask_quantity"":40,""bid_orders"":2,""ask_orders"":2,""bid_price"":""542.00"",""ask_price"":""543.40""},{""bid_quantity"":120,""ask_quantity"":40,""bid_orders"":2,""ask_orders"":2,""bid_price"":""541.80"",""ask_price"":""543.55""},{""bid_quantity"":40,""ask_quantity"":40,""bid_orders"":2,""ask_orders"":2,""bid_price"":""541.60"",""ask_price"":""543.60""},{""bid_quantity"":20,""ask_quantity"":60,""bid_orders"":1,""ask_orders"":3,""bid_price"":""541.45"",""ask_price"":""543.70""},{""bid_quantity"":20,""ask_quantity"":40,""bid_orders"":1,""ask_orders"":2,""bid_price"":""541.35"",""ask_price"":""543.80""}]"
09:15:45.915,1790307945915764895,1025688469698882,Full Data,8,886692,914.00,20,09:15:45,904.43,4020,15800,93140,4500,"[{""bid_quantity"":140,""ask_quantity"":60,""bid_orders"":6,""ask_orders"":3,""bid_price"":""924.60"",""ask_price"":""932.10""},{""bid_quantity"":60,""ask_quantity"":40,""bid_orders"":3,""ask_orders"":2,""bid_price"":""924.55"",""ask_price"":""932.15""},{""bid_quantity"":120,""ask_quantity"":40,""bid_orders"":3,""ask_orders"":2,""bid_price"":""924.35"",""ask_price"":""932.35""},{""bid_quantity"":120,""ask_quantity"":60,""bid_orders"":3,""ask_orders"":3,""bid_price"":""924.05"",""ask_price"":""932.40""},{""bid_quantity"":100,""ask_quantity"":60,""bid_orders"":1,""ask_orders"":3,""bid_price"":""923.55"",""ask_price"":""932.65""}]"
09:15:45.966,1790307945966634221,1025688520568328,Full Data,8,886849,543.05,40,09:15:45,529.23,84200,21280,21980,167000,"[{""bid_quantity"":40,""ask_quantity"":20,""bid_orders"":2,""ask_orders"":1,""bid_price"":""541.30"",""ask_price"":""542.70""},{""bid_quantity"":40,""ask_quantity"":60,""bid_orders"":2,""ask_orders"":3,""bid_price"":""541.10"",""ask_price"":""542.80""},{""bid_quantity"":60,""ask_quantity"":60,""bid_orders"":3,""ask_orders"":3,""bid_price"":""540.85"",""ask_price"":""542.90""},{""bid_quantity"":20,""ask_quantity"":20,""bid_orders"":1,""ask_orders"":1,""bid_price"":""540.70"",""ask_price"":""542.95""},{""bid_quantity"":100,""ask_quantity"":180,""bid_orders"":1,""ask_orders"":5,""bid_price"":""540.40"",""ask_price"":""543.00""}]"
09:15:45.995,1790307945995765367,1025688549699634,Full Data,8,886692,914.00,20,09:15:45,904.43,4020,16800,93360,4500,"[{""bid_quantity"":180,""ask_quantity"":140,""bid_orders"":5,""ask_orders"":4,""bid_price"":""925.35"",""ask_price"":""932.05""},{""bid_quantity"":140,""ask_quantity"":60,""bid_orders"":4,""ask_orders"":3,""bid_price"":""925.30"",""ask_price"":""932.20""},{""bid_quantity"":60,""ask_quantity"":60,""bid_orders"":3,""ask_orders"":3,""bid_price"":""925.05"",""ask_price"":""932.30""},{""bid_quantity"":40,""ask_quantity"":60,""bid_orders"":2,""ask_orders"":3,""bid_price"":""924.80"",""ask_price"":""932.40""},{""bid_quantity"":20,""ask_quantity"":20,""bid_orders"":1,""ask_orders"":1,""bid_price"":""924.55"",""ask_price"":""932.45""}]"
09:15:46.036,1790307946036852150,1025688590786217,Full Data,8,887036,447.45,20,09:15:46,477.51,73720,18900,97960,155340,"[{""bid_quantity"":360,""ask_quantity"":80,""bid_orders"":7,""ask_orders"":1,""bid_price"":""446.20"",""ask_price"":""447.45""},{""bid_quantity"":80,""ask_quantity"":40,""bid_orders"":3,""ask_orders"":1,""bid_price"":""446.15"",""ask_price"":""447.50""},{""bid_quantity"":180,""ask_quantity"":40,""bid_orders"":4,""ask_orders"":1,""bid_price"":""445.90"",""ask_price"":""448.05""},{""bid_quantity"":200,""ask_quantity"":120,""bid_orders"":4,""ask_orders"":1,""bid_price"":""445.85"",""ask_price"":""448.20""},{""bid_quantity"":120,""ask_quantity"":40,""bid_orders"":1,""ask_orders"":1,""bid_price"":""445.80"",""ask_price"":""448.30""}]"
09:15:46.065,1790307946065861376,1025688619795363,Full Data,8,886872,236.50,40,09:15:45,262.74,61600,20280,22640,47980,"[{""bid_quantity"":40,""ask_quantity"":120,""bid_orders"":2,""ask_orders"":2,""bid_price"":""234.50"",""ask_price"":""235.30""},{""bid_quantity"":140,""ask_quantity"":40,""bid_orders"":3,""ask_orders"":1,""bid_price"":""234.45"",""ask_price"":""235.35""},{""bid_quantity"":60,""ask_quantity"":80,""bid_orders"":3,""ask_orders"":3,""bid_price"":""234.35"",""ask_price"":""235.60""},{""bid_quantity"":140,""ask_quantity"":20,""bid_orders"":4,""ask_orders"":1,""bid_price"":""234.30"",""ask_price"":""235.65""},{""bid_quantity"":40,""ask_quantity"":20,""bid_orders"":1,""ask_orders"":1,""bid_price"":""234.20"",""ask_price"":""235.75""}]"
09:15:46.091,1790307946091632781,1025688645566888,Full Data,8,887036,445.85,20,09:15:46,477.46,73840,20960,97100,155340,"[{""bid_quantity"":60,""ask_quantity"":20,""bid_orders"":2,""ask_orders"":1,""bid_price"":""444.90"",""ask_price"":""446.35""},{""bid_quantity"":120,""ask_quantity"":20,""bid_orders"":2,""ask_orders"":1,""bid_price"":""444.60"",""ask_price"":""446.40""},{""bid_quantity"":160,""ask_quantity"":20,""bid_orders"":2,""ask_orders"":1,""bid_price"":""444.40"",""ask_price"":""446.45""},{""bid_quantity"":120,""ask_quantity"":60,""bid_orders"":1,""ask_orders"":1,""bid_price"":""444.10"",""ask_price"":""446.50""},{""bid_quantity"":20,""ask_quantity"":20,""bid_orders"":1,""ask_orders"":1,""bid_price"":""443.80"",""ask_price"":""446.60""}]"
09:15:46.092,1790307946092508586,1025688646442333,Full Data,8,886872,234.50,20,09:15:46,262.69,61720,22640,22080,47980,"[{""bid_quantity"":60,""ask_quantity"":20,""bid_orders"":1,""ask_orders"":1,""bid_price"":""234.30"",""ask_price"":""234.45""},{""bid_quantity"":120,""ask_quantity"":20,""bid_orders"":2,""ask_orders"":1,""bid_price"":""233.55"",""ask_price"":""234.50""},{""bid_quantity"":220,""ask_quantity"":140,""bid_orders"":2,""ask_orders"":3,""bid_price"":""233.40"",""ask_price"":""234.65""},{""bid_quantity"":260,""ask_quantity"":100,""bid_orders"":3,""ask_orders"":4,""bid_price"":""233.10"",""ask_price"":""234.70""},{""bid_quantity"":60,""ask_quantity"":160,""bid_orders"":1,""ask_orders"":4,""bid_price"":""232.70"",""ask_price"":""234.75""}]"
09:15:46.177,1790307946177609251,1025688731543318,Full Data,8,886747,790.15,20,09:15:46,770.46,18140,18340,94020,5900,"[{""bid_quantity"":60,""ask_quantity"":60,""bid_orders"":3,""ask_orders"":3,""bid_price"":""786.05"",""ask_price"":""790.85""},{""bid_quantity"":40,""ask_quantity"":40,""bid_orders"":2,""ask_orders"":2,""bid_price"":""785.95"",""ask_price"":""791.05""},{""bid_quantity"":80,""ask_quantity"":40,""bid_orders"":4,""ask_orders"":2,""bid_price"":""785.90"",""ask_price"":""791.25""},{""bid_quantity"":40,""ask_quantity"":20,""bid_orders"":2,""ask_orders"":1,""bid_price"":""785.85"",""ask_price"":""791.45""},{""bid_quantity"":40,""ask_quantity"":20,""bid_orders"":2,""ask_orders"":1,""bid_price"":""785.80"",""ask_price"":""791.65""}]"
09:15:46.263,1790307946263577601,1025688817511628,Full Data,8,886747,786.05,40,09:15:46,770.49,18180,16400,92280,5900,"[{""bid_quantity"":80,""ask_quantity"":60,""bid_orders"":4,""ask_orders"":3,""bid_price"":""784.15"",""ask_price"":""787.95""},{""bid_quantity"":60,""ask_quantity"":60,""bid_orders"":3,""ask_orders"":3,""bid_price"":""784.10"",""ask_price"":""788.50""},{""bid_quantity"":260,""ask_quantity"":20,""bid_orders"":6,""ask_orders"":1,""bid_price"":""783.95"",""ask_price"":""788.55""},{""bid_quantity"":200,""ask_quantity"":40,""bid_orders"":3,""ask_orders"":2,""bid_price"":""783.90"",""ask_price"":""788.60""},{""bid_quantity"":240,""ask_quantity"":40,""bid_orders"":6,""ask_orders"":2,""bid_price"":""783.85"",""ask_price"":""788.65""}]"
09:15:46.266,1790307946266223698,1025688820157565,Full Data,8,886718,326.95,80,09:15:46,360.55,233340,24420,33080,276660,"[{""bid_quantity"":20,""ask_quantity"":20,""bid_orders"":1,""ask_orders"":1,""bid_price"":""325.95"",""ask_price"":""327.00""},{""bid_quantity"":40,""ask_quantity"":40,""bid_orders"":1,""ask_orders"":2,""bid_price"":""325.90"",""ask_price"":""327.10""},{""bid_quantity"":20,""ask_quantity"":40,""bid_orders"":1,""ask_orders"":2,""bid_price"":""325.85"",""ask_price"":""327.15""},{""bid_quantity"":100,""ask_quantity"":40,""bid_orders"":5,""ask_orders"":2,""bid_price"":""325.75"",""ask_price"":""327.20""},{""bid_quantity"":40,""ask_quantity"":40,""bid_orders"":2,""ask_orders"":2,""bid_price"":""325.55"",""ask_price"":""327.25""}]"
09:15:46.312,1790307946312639835,1025688866573782,Full Data,8,886805,657.65,40,09:15:46,650.77,81600,16500,131080,42420,"[{""bid_quantity"":20,""ask_quantity"":100,""bid_orders"":1,""ask_orders"":1,""bid_price"":""656.05"",""ask_price"":""658.85""},{""bid_quantity"":60,""ask_quantity"":100,""bid_orders"":1,""ask_orders"":3,""bid_price"":""655.30"",""ask_price"":""658.90""},{""bid_quantity"":100,""ask_quantity"":40,""bid_orders"":1,""ask_orders"":2,""bid_price"":""655.20"",""ask_price"":""658.95""},{""bid_quantity"":20,""ask_quantity"":20,""bid_orders"":1,""ask_orders"":1,""bid_price"":""654.00"",""ask_price"":""659.00""},{""bid_quantity"":40,""ask_quantity"":20,""bid_orders"":1,""ask_orders"":1,""bid_price"":""653.90"",""ask_price"":""659.05""}]"
09:15:46.319,1790307946319744641,1025688873678468,Full Data,8,886805,657.65,40,09:15:46,650.77,81600,15920,133980,42420,"[{""bid_quantity"":40,""ask_quantity"":20,""bid_orders"":2,""ask_orders"":1,""bid_price"":""657.60"",""ask_price"":""659.25""},{""bid_quantity"":40,""ask_quantity"":60,""bid_orders"":2,""ask_orders"":3,""bid_price"":""657.40"",""ask_price"":""659.30""},{""bid_quantity"":20,""ask_quantity"":40,""bid_orders"":1,""ask_orders"":2,""bid_price"":""657.25"",""ask_price"":""659.55""},{""bid_quantity"":20,""ask_quantity"":20,""bid_orders"":1,""ask_orders"":1,""bid_price"":""657.05"",""ask_price"":""660.05""},{""bid_quantity"":20,""ask_quantity"":80,""bid_orders"":1,""ask_orders"":3,""bid_price"":""656.85"",""ask_price"":""660.10""}]"
09:15:46.361,1790307946361532468,1025688915466615,Full Data,8,886776,403.55,20,09:15:46,431.47,63060,19340,97740,67800,"[{""bid_quantity"":40,""ask_quantity"":20,""bid_orders"":2,""ask_orders"":1,""bid_price"":""402.90"",""ask_price"":""403.45""},{""bid_quantity"":40,""ask_quantity"":20,""bid_orders"":1,""ask_orders"":1,""bid_price"":""402.50"",""ask_price"":""403.65""},{""bid_quantity"":60,""ask_quantity"":60,""bid_orders"":3,""ask_orders"":3,""bid_price"":""402.25"",""ask_price"":""403.80""},{""bid_quantity"":40,""ask_quantity"":20,""bid_orders"":1,""ask_orders"":1,""bid_price"":""402.20"",""ask_price"":""403.85""},{""bid_quantity"":120,""ask_quantity"":20,""bid_orders"":1,""ask_orders"":1,""bid_price"":""402.00"",""ask_price"":""403.90""}]"
09:15:46.499,1790307946499734073,1025689053668100,Full Data,8,887017,718.45,20,09:15:46,698.54,133540,20740,164940,74320,"[{""bid_quantity"":20,""ask_quantity"":20,""bid_orders"":1,""ask_orders"":1,""bid_price"":""718.95"",""ask_price"":""721.15""},{""bid_quantity"":20,""ask_quantity"":40,""bid_orders"":1,""ask_orders"":2,""bid_price"":""718.75"",""ask_price"":""721.20""},{""bid_quantity"":20,""ask_quantity"":20,""bid_orders"":1,""ask_orders"":1,""bid_price"":""718.55"",""ask_price"":""721.30""},{""bid_quantity"":100,""ask_quantity"":40,""bid_orders"":1,""ask_orders"":2,""bid_price"":""718.40"",""ask_price"":""721.35""},{""bid_quantity"":20,""ask_quantity"":140,""bid_orders"":1,""ask_orders"":3,""bid_price"":""718.35"",""ask_price"":""721.50""}]"
09:15:46.550,1790307946550163196,1025689104097663,Ticker Data,0,51,73674.33,,09:15:46,,,,,,
09:15:46.556,1790307946556668118,1025689110601905,Full Data,8,887017,718.45,20,09:15:46,698.54,133540,20200,165000,74320,"[{""bid_quantity"":40,""ask_quantity"":60,""bid_orders"":1,""ask_orders"":3,""bid_price"":""719.25"",""ask_price"":""721.60""},{""bid_quantity"":40,""ask_quantity"":160,""bid_orders"":2,""ask_orders"":4,""bid_price"":""719.20"",""ask_price"":""721.80""},{""bid_quantity"":20,""ask_quantity"":60,""bid_orders"":1,""ask_orders"":3,""bid_price"":""719.15"",""ask_price"":""721.90""},{""bid_quantity"":220,""ask_quantity"":60,""bid_orders"":4,""ask_orders"":3,""bid_price"":""719.10"",""ask_price"":""721.95""},{""bid_quantity"":60,""ask_quantity"":60,""bid_orders"":3,""ask_orders"":3,""bid_price"":""718.95"",""ask_price"":""722.10""}]"
09:15:46.666,1790307946666595181,1025689220529328,Full Data,8,886572,596.10,40,09:15:46,589.23,90080,19440,98480,92640,"[{""bid_quantity"":20,""ask_quantity"":20,""bid_orders"":1,""ask_orders"":1,""bid_price"":""596.15"",""ask_price"":""597.45""},{""bid_quantity"":40,""ask_quantity"":100,""bid_orders"":1,""ask_orders"":3,""bid_price"":""596.10"",""ask_price"":""597.55""},{""bid_quantity"":40,""ask_quantity"":60,""bid_orders"":2,""ask_orders"":2,""bid_price"":""595.85"",""ask_price"":""597.60""},{""bid_quantity"":20,""ask_quantity"":80,""bid_orders"":1,""ask_orders"":3,""bid_price"":""595.75"",""ask_price"":""597.65""},{""bid_quantity"":40,""ask_quantity"":20,""bid_orders"":2,""ask_orders"":1,""bid_price"":""595.70"",""ask_price"":""597.75""}]"
09:15:46.679,1790307946679984627,1025689233918774,Full Data,8,886951,855.00,20,09:15:46,833.96,8280,14640,93120,6000,"[{""bid_quantity"":100,""ask_quantity"":60,""bid_orders"":4,""ask_orders"":3,""bid_price"":""852.15"",""ask_price"":""857.00""},{""bid_quantity"":60,""ask_quantity"":80,""bid_orders"":3,""ask_orders"":1,""bid_price"":""851.90"",""ask_price"":""857.15""},{""bid_quantity"":20,""ask_quantity"":80,""bid_orders"":1,""ask_orders"":1,""bid_price"":""851.80"",""ask_price"":""857.20""},{""bid_quantity"":20,""ask_quantity"":60,""bid_orders"":1,""ask_orders"":3,""bid_price"":""851.75"",""ask_price"":""857.25""},{""bid_quantity"":20,""ask_quantity"":60,""bid_orders"":1,""ask_orders"":3,""bid_price"":""851.70"",""ask_price"":""857.35""}]"
09:15:46.720,1790307946720325605,1025689274259752,Full Data,8,886572,596.40,20,09:15:46,589.26,90440,21400,99960,92640,"[{""bid_quantity"":100,""ask_quantity"":40,""bid_orders"":1,""ask_orders"":2,""bid_price"":""596.30"",""ask_price"":""597.90""},{""bid_quantity"":20,""ask_quantity"":60,""bid_orders"":1,""ask_orders"":2,""bid_price"":""596.25"",""ask_price"":""598.50""},{""bid_quantity"":100,""ask_quantity"":40,""bid_orders"":1,""ask_orders"":1,""bid_price"":""596.20"",""ask_price"":""599.05""},{""bid_quantity"":40,""ask_quantity"":40,""bid_orders"":1,""ask_orders"":1,""bid_price"":""596.15"",""ask_price"":""599.15""},{""bid_quantity"":100,""ask_quantity"":120,""bid_orders"":2,""ask_orders"":2,""bid_price"":""596.10"",""ask_price"":""599.55""}]"
09:15:46.764,1790307946764616449,1025689318550516,Full Data,8,886924,291.15,20,09:15:46,325.27,59720,23260,15760,59380,"[{""bid_quantity"":60,""ask_quantity"":40,""bid_orders"":2,""ask_orders"":2,""bid_price"":""290.50"",""ask_price"":""291.65""},{""bid_quantity"":40,""ask_quantity"":100,""bid_orders"":2,""ask_orders"":5,""bid_price"":""290.10"",""ask_price"":""291.70""},{""bid_quantity"":140,""ask_quantity"":40,""bid_orders"":3,""ask_orders"":2,""bid_price"":""290.00"",""ask_price"":""291.75""},{""bid_quantity"":60,""ask_quantity"":40,""bid_orders"":2,""ask_orders"":1,""bid_price"":""289.65"",""ask_price"":""292.20""},{""bid_quantity"":40,""ask_quantity"":120,""bid_orders"":1,""ask_orders"":5,""bid_price"":""289.60"",""ask_price"":""292.45""}]"
09:15:46.767,1790307946767264626,1025689321198453,Full Data,8,886951,855.00,20,09:15:46,833.96,8280,16380,95060,6000,"[{""bid_quantity"":40,""ask_quantity"":80,""bid_orders"":2,""ask_orders"":4,""bid_price"":""854.30"",""ask_price"":""857.85""},{""bid_quantity"":20,""ask_quantity"":60,""bid_orders"":1,""ask_orders"":3,""bid_price"":""854.25"",""ask_price"":""858.90""},{""bid_quantity"":40,""ask_quantity"":20,""bid_orders"":2,""ask_orders"":1,""bid_price"":""854.20"",""ask_price"":""871.00""},{""bid_quantity"":40,""ask_quantity"":40,""bid_orders"":2,""ask_orders"":2,""bid_price"":""854.10"",""ask_price"":""871.05""},{""bid_quantity"":20,""ask_quantity"":20,""bid_orders"":1,""ask_orders"":1,""bid_price"":""854.05"",""ask_price"":""871.10""}]"
09:15:46.771,1790307946771306971,1025689325240758,Full Data,8,886924,291.15,20,09:15:46,325.27,59720,23040,16480,59380,"[{""bid_quantity"":80,""ask_quantity"":160,""bid_orders"":3,""ask_orders"":8,""bid_price"":""291.00"",""ask_price"":""292.15""},{""bid_quantity"":80,""ask_quantity"":60,""bid_orders"":3,""ask_orders"":3,""bid_price"":""290.90"",""ask_price"":""292.20""},{""bid_quantity"":60,""ask_quantity"":80,""bid_orders"":3,""ask_orders"":4,""bid_price"":""290.85"",""ask_price"":""292.45""},{""bid_quantity"":20,""ask_quantity"":200,""bid_orders"":1,""ask_orders"":4,""bid_price"":""290.80"",""ask_price"":""292.50""},{""bid_quantity"":40,""ask_quantity"":20,""bid_orders"":2,""ask_orders"":1,""bid_price"":""290.75"",""ask_price"":""292.55""}]"
09:15:46.872,1790307946872392419,1025689426326366,Full Data,8,886981,365.35,20,09:15:46,398.01,108220,24400,44240,63920,"[{""bid_quantity"":40,""ask_quantity"":20,""bid_orders"":1,""ask_orders"":1,""bid_price"":""363.70"",""ask_price"":""365.15""},{""bid_quantity"":20,""ask_quantity"":20,""bid_orders"":1,""ask_orders"":1,""bid_price"":""363.65"",""ask_price"":""365.20""},{""bid_quantity"":140,""ask_quantity"":20,""bid_orders"":1,""ask_orders"":1,""bid_price"":""363.60"",""ask_price"":""365.25""},{""bid_quantity"":40,""ask_quantity"":20,""bid_orders"":2,""ask_orders"":1,""bid_price"":""363.55"",""ask_price"":""365.30""},{""bid_quantity"":40,""ask_quantity"":80,""bid_orders"":1,""ask_orders"":2,""bid_price"":""363.50"",""ask_price"":""365.70""}]"
09:15:46.911,1790307946911165027,1025689465098854,Full Data,8,887124,261.20,20,09:15:46,285.56,57320,22320,17280,64860,"[{""bid_quantity"":100,""ask_quantity"":100,""bid_orders"":4,""ask_orders"":2,""bid_price"":""261.35"",""ask_price"":""262.50""},{""bid_quantity"":280,""ask_quantity"":60,""bid_orders"":6,""ask_orders"":3,""bid_price"":""261.25"",""ask_price"":""262.65""},{""bid_quantity"":140,""ask_quantity"":160,""bid_orders"":4,""ask_orders"":3,""bid_price"":""261.20"",""ask_price"":""262.80""},{""bid_quantity"":100,""ask_quantity"":140,""bid_orders"":4,""ask_orders"":3,""bid_price"":""261.15"",""ask_price"":""263.00""},{""bid_quantity"":40,""ask_quantity"":120,""bid_orders"":1,""ask_orders"":4,""bid_price"":""261.10"",""ask_price"":""263.20""}]"
09:15:46.933,1790307946933252688,1025689487186435,Full Data,8,887124,261.20,20,09:15:46,285.56,57320,22480,16140,64860,"[{""bid_quantity"":80,""ask_quantity"":100,""bid_orders"":3,""ask_orders"":5,""bid_price"":""261.25"",""ask_price"":""262.35""},{""bid_quantity"":80,""ask_quantity"":140,""bid_orders"":3,""ask_orders"":4,""bid_price"":""261.10"",""ask_price"":""262.45""},{""bid_quantity"":100,""ask_quantity"":240,""bid_orders"":4,""ask_orders"":4,""bid_price"":""260.80"",""ask_price"":""262.50""},{""bid_quantity"":40,""ask_quantity"":80,""bid_orders"":2,""ask_orders"":1,""bid_price"":""260.75"",""ask_price"":""262.55""},{""bid_quantity"":100,""ask_quantity"":20,""bid_orders"":1,""ask_orders"":1,""bid_price"":""260.50"",""ask_price"":""262.60""}]"
09:15:46.981,1790307946981435237,1025689535369584,Full Data,8,886849,539.70,60,09:15:46,529.45,86000,21180,23820,167000,"[{""bid_quantity"":40,""ask_quantity"":80,""bid_orders"":2,""ask_orders"":3,""bid_price"":""539.70"",""ask_price"":""540.95""},{""bid_quantity"":40,""ask_quantity"":60,""bid_orders"":2,""ask_orders"":3,""bid_price"":""539.65"",""ask_price"":""541.05""},{""bid_quantity"":60,""ask_quantity"":60,""bid_orders"":3,""ask_orders"":3,""bid_price"":""539.60"",""ask_price"":""541.15""},{""bid_quantity"":60,""ask_quantity"":160,""bid_orders"":2,""ask_orders"":3,""bid_price"":""539.50"",""ask_price"":""541.30""},{""bid_quantity"":40,""ask_quantity"":20,""bid_orders"":2,""ask_orders"":1,""bid_price"":""539.40"",""ask_price"":""541.40""}]"
09:15:47.002,1790307947002124809,1025689556058916,Full Data,8,886692,926.65,20,09:15:46,904.80,4080,13600,91440,4500,"[{""bid_quantity"":20,""ask_quantity"":40,""bid_orders"":1,""ask_orders"":2,""bid_price"":""924.50"",""ask_price"":""929.70""},{""bid_quantity"":80,""ask_quantity"":60,""bid_orders"":2,""ask_orders"":3,""bid_price"":""924.40"",""ask_price"":""933.60""},{""bid_quantity"":60,""ask_quantity"":80,""bid_orders"":3,""ask_orders"":3,""bid_price"":""924.35"",""ask_price"":""938.40""},{""bid_quantity"":60,""ask_quantity"":40,""bid_orders"":3,""ask_orders"":1,""bid_price"":""924.30"",""ask_price"":""943.75""},{""bid_quantity"":60,""ask_quantity"":20,""bid_orders"":3,""ask_orders"":1,""bid_price"":""924.25"",""ask_price"":""943.80""}]"
09:15:47.058,1790307947058910092,1025689612844159,Full Data,8,886849,542.10,20,09:15:47,529.46,86060,19160,22540,167000,"[{""bid_quantity"":20,""ask_quantity"":20,""bid_orders"":1,""ask_orders"":1,""bid_price"":""542.05"",""ask_price"":""543.40""},{""bid_quantity"":20,""ask_quantity"":40,""bid_orders"":1,""ask_orders"":1,""bid_price"":""541.90"",""ask_price"":""543.85""},{""bid_quantity"":20,""ask_quantity"":160,""bid_orders"":1,""ask_orders"":4,""bid_price"":""541.85"",""ask_price"":""543.90""},{""bid_quantity"":200,""ask_quantity"":40,""bid_orders"":4,""ask_orders"":2,""bid_price"":""541.70"",""ask_price"":""544.55""},{""bid_quantity"":20,""ask_quantity"":40,""bid_orders"":1,""ask_orders"":1,""bid_price"":""541.65"",""ask_price"":""545.85""}]"
09:15:47.092,1790307947092201586,1025689646135653,Full Data,8,887036,443.80,20,09:15:47,476.93,75080,20000,95860,155340,"[{""bid_quantity"":20,""ask_quantity"":80,""bid_orders"":1,""ask_orders"":1,""bid_price"":""443.45"",""ask_price"":""444.25""},{""bid_quantity"":80,""ask_quantity"":20,""bid_orders"":3,""ask_orders"":1,""bid_price"":""443.25"",""ask_price"":""444.30""},{""bid_quantity"":100,""ask_quantity"":20,""bid_orders"":2,""ask_orders"":1,""bid_price"":""443.20"",""ask_price"":""444.45""},{""bid_quantity"":40,""ask_quantity"":20,""bid_orders"":2,""ask_orders"":1,""bid_price"":""443.10"",""ask_price"":""444.55""},{""bid_quantity"":100,""ask_quantity"":80,""bid_orders"":2,""ask_orders"":4,""bid_price"":""443.05"",""ask_price"":""444.65""}]"
09:15:47.127,1790307947127152649,1025689681086476,Full Data,8,886872,234.35,20,09:15:46,262.39,62360,20820,21400,47980,"[{""bid_quantity"":120,""ask_quantity"":140,""bid_orders"":5,""ask_orders"":3,""bid_price"":""232.35"",""ask_price"":""233.15""},{""bid_quantity"":160,""ask_quantity"":20,""bid_orders"":3,""ask_orders"":1,""bid_price"":""232.20"",""ask_price"":""233.20""},{""bid_quantity"":80,""ask_quantity"":140,""bid_orders"":3,""ask_orders"":5,""bid_price"":""232.10"",""ask_price"":""233.35""},{""bid_quantity"":80,""ask_quantity"":100,""bid_orders"":3,""ask_orders"":2,""bid_price"":""232.05"",""ask_price"":""233.40""},{""bid_quantity"":300,""ask_quantity"":100,""bid_orders"":2,""ask_orders"":3,""bid_price"":""232.00"",""ask_price"":""233.45""}]"
09:15:47.140,1790307947140186453,1025689694120400,Full Data,8,887036,443.45,20,09:15:47,476.85,75260,20140,96180,155340,"[{""bid_quantity"":80,""ask_quantity"":80,""bid_orders"":4,""ask_orders"":1,""bid_price"":""443.55"",""ask_price"":""444.90""},{""bid_quantity"":80,""ask_quantity"":200,""bid_orders"":4,""ask_orders"":4,""bid_price"":""443.35"",""ask_price"":""445.05""},{""bid_quantity"":120,""ask_quantity"":100,""bid_orders"":3,""ask_orders"":1,""bid_price"":""443.30"",""ask_price"":""445.25""},{""bid_quantity"":40,""ask_quantity"":80,""bid_orders"":2,""ask_orders"":3,""bid_price"":""443.25"",""ask_price"":""445.30""},{""bid_quantity"":220,""ask_quantity"":20,""bid_orders"":4,""ask_orders"":1,""bid_price"":""443.20"",""ask_price"":""445.35""}]"
09:15:47.150,1790307947150287957,1025689704221664,Full Data,8,886872,234.35,20,09:15:46,262.39,62360,20380,21800,47980,"[{""bid_quantity"":80,""ask_quantity"":40,""bid_orders"":3,""ask_orders"":1,""bid_price"":""232.55"",""ask_price"":""232.90""},{""bid_quantity"":260,""ask_quantity"":80,""bid_orders"":4,""ask_orders"":1,""bid_price"":""232.50"",""ask_price"":""232.95""},{""bid_quantity"":100,""ask_quantity"":180,""bid_orders"":4,""ask_orders"":1,""bid_price"":""232.40"",""ask_price"":""233.25""},{""bid_quantity"":140,""ask_quantity"":80,""bid_orders"":6,""ask_orders"":2,""bid_price"":""232.35"",""ask_price"":""233.45""},{""bid_quantity"":40,""ask_quantity"":40,""bid_orders"":2,""ask_orders"":1,""bid_price"":""232.25"",""ask_price"":""233.65""}]"
09:15:47.254,1790307947254243223,1025689808177290,Full Data,8,886747,786.10,40,09:15:47,771.48,19220,17580,93860,5900,"[{""bid_quantity"":20,""ask_quantity"":20,""bid_orders"":1,""ask_orders"":1,""bid_price"":""784.30"",""ask_price"":""788.45""},{""bid_quantity"":20,""ask_quantity"":20,""bid_orders"":1,""ask_orders"":1,""bid_price"":""784.25"",""ask_price"":""788.50""},{""bid_quantity"":60,""ask_quantity"":20,""bid_orders"":3,""ask_orders"":1,""bid_price"":""784.20"",""ask_price"":""788.55""},{""bid_quantity"":140,""ask_quantity"":60,""bid_orders"":3,""ask_orders"":3,""bid_price"":""783.85"",""ask_price"":""788.60""},{""bid_quantity"":120,""ask_quantity"":20,""bid_orders"":1,""ask_orders"":1,""bid_price"":""782.60"",""ask_price"":""788.65""}]"
09:15:47.291,1790307947291427821,1025689845361848,Full Data,8,886718,324.90,20,09:15:47,359.86,238080,27520,35440,276660,"[{""bid_quantity"":80,""ask_quantity"":80,""bid_orders"":3,""ask_orders"":2,""bid_price"":""324.60"",""ask_price"":""325.65""},{""bid_quantity"":40,""ask_quantity"":140,""bid_orders"":1,""ask_orders"":3,""bid_price"":""324.55"",""ask_price"":""325.90""},{""bid_quantity"":120,""ask_quantity"":100,""bid_orders"":2,""ask_orders"":3,""bid_price"":""324.50"",""ask_price"":""326.90""},{""bid_quantity"":60,""ask_quantity"":60,""bid_orders"":2,""ask_orders"":2,""bid_price"":""324.45"",""ask_price"":""327.20""},{""bid_quantity"":20,""ask_quantity"":140,""bid_orders"":1,""ask_orders"":3,""bid_price"":""324.40"",""ask_price"":""327.25""}]"
09:15:47.295,1790307947295988410,1025689849922197,Full Data,8,886747,786.10,40,09:15:47,771.48,19220,17640,94080,5900,"[{""bid_quantity"":60,""ask_quantity"":60,""bid_orders"":3,""ask_orders"":3,""bid_price"":""784.60"",""ask_price"":""788.10""},{""bid_quantity"":80,""ask_quantity"":20,""bid_orders"":4,""ask_orders"":1,""bid_price"":""784.50"",""ask_price"":""788.15""},{""bid_quantity"":60,""ask_quantity"":60,""bid_orders"":3,""ask_orders"":3,""bid_price"":""784.40"",""ask_price"":""788.50""},{""bid_quantity"":60,""ask_quantity"":80,""bid_orders"":3,""ask_orders"":4,""bid_price"":""784.35"",""ask_price"":""788.60""},{""bid_quantity"":20,""ask_quantity"":60,""bid_orders"":1,""ask_orders"":3,""bid_price"":""784.30"",""ask_price"":""788.80""}]"
09:15:47.335,1790307947335716984,1025689889650971,Full Data,8,886805,661.45,20,09:15:47,650.82,82180,16460,132800,42420,"[{""bid_quantity"":20,""ask_quantity"":60,""bid_orders"":1,""ask_orders"":3,""bid_price"":""657.40"",""ask_price"":""659.50""},{""bid_quantity"":60,""ask_quantity"":40,""bid_orders"":3,""ask_orders"":2,""bid_price"":""657.20"",""ask_price"":""659.70""},{""bid_quantity"":20,""ask_quantity"":60,""bid_orders"":1,""ask_orders"":3,""bid_price"":""657.10"",""ask_price"":""659.90""},{""bid_quantity"":20,""ask_quantity"":40,""bid_orders"":1,""ask_orders"":2,""bid_price"":""657.05"",""ask_price"":""660.05""},{""bid_quantity"":20,""ask_quantity"":20,""bid_orders"":1,""ask_orders"":1,""bid_price"":""656.95"",""ask_price"":""660.45""}]"
09:15:47.393,1790307947393897477,1025689947831784,Full Data,8,886776,403.45,20,09:15:47,430.87,64460,20120,97420,67800,"[{""bid_quantity"":40,""ask_quantity"":20,""bid_orders"":1,""ask_orders"":1,""bid_price"":""403.60"",""ask_price"":""404.95""},{""bid_quantity"":40,""ask_quantity"":40,""bid_orders"":2,""ask_orders"":2,""bid_price"":""403.55"",""ask_price"":""405.00""},{""bid_quantity"":60,""ask_quantity"":20,""bid_orders"":2,""ask_orders"":1,""bid_price"":""403.40"",""ask_price"":""405.10""},{""bid_quantity"":20,""ask_quantity"":120,""bid_orders"":1,""ask_orders"":1,""bid_price"":""403.35"",""ask_price"":""405.15""},{""bid_quantity"":20,""ask_quantity"":40,""bid_orders"":1,""ask_orders"":1,""bid_price"":""403.30"",""ask_price"":""405.20""}]"
09:15:47.404,1790307947404553025,1025689958486972,Full Data,8,886805,657.40,40,09:15:47,650.84,82420,16880,131560,42420,"[{""bid_quantity"":20,""ask_quantity"":40,""bid_orders"":1,""ask_orders"":1,""bid_price"":""654.90"",""ask_price"":""656.90""},{""bid_quantity"":20,""ask_quantity"":20,""bid_orders"":1,""ask_orders"":1,""bid_price"":""654.85"",""ask_price"":""656.95""},{""bid_quantity"":20,""ask_quantity"":40,""bid_orders"":1,""ask_orders"":1,""bid_price"":""654.65"",""ask_price"":""657.10""},{""bid_quantity"":20,""ask_quantity"":60,""bid_orders"":1,""ask_orders"":3,""bid_price"":""654.45"",""ask_price"":""657.20""},{""bid_quantity"":20,""ask_quantity"":160,""bid_orders"":1,""ask_orders"":1,""bid_price"":""654.25"",""ask_price"":""657.25""}]"
09:15:47.561,1790307947561177467,1025690115111614,Ticker Data,0,51,73685.04,,09:15:47,,,,,,
09:15:47.583,1790307947583932133,1025690137866200,Full Data,8,887017,720.45,20,09:15:47,698.70,134440,20440,164780,74320,"[{""bid_quantity"":20,""ask_quantity"":40,""bid_orders"":1,""ask_orders"":2,""bid_price"":""721.60"",""ask_price"":""723.10""},{""bid_quantity"":60,""ask_quantity"":40,""bid_orders"":3,""ask_orders"":2,""bid_price"":""720.45"",""ask_price"":""723.15""},{""bid_quantity"":20,""ask_quantity"":60,""bid_orders"":1,""ask_orders"":2,""bid_price"":""720.25"",""ask_price"":""723.25""},{""bid_quantity"":20,""ask_quantity"":80,""bid_orders"":1,""ask_orders"":4,""bid_price"":""720.20"",""ask_price"":""723.30""},{""bid_quantity"":20,""ask_quantity"":180,""bid_orders"":1,""ask_orders"":3,""bid_price"":""720.15"",""ask_price"":""723.35""}]"
09:15:47.634,1790307947634847979,1025690188782046,Full Data,8,887017,722.95,20,09:15:47,698.71,134520,17700,163240,74320,"[{""bid_quantity"":20,""ask_quantity"":20,""bid_orders"":1,""ask_orders"":1,""bid_price"":""724.15"",""ask_price"":""724.90""},{""bid_quantity"":100,""ask_quantity"":60,""bid_orders"":4,""ask_orders"":1,""bid_price"":""722.40"",""ask_price"":""725.40""},{""bid_quantity"":20,""ask_quantity"":20,""bid_orders"":1,""ask_orders"":1,""bid_price"":""721.95"",""ask_price"":""726.45""},{""bid_quantity"":180,""ask_quantity"":20,""bid_orders"":2,""ask_orders"":1,""bid_price"":""721.85"",""ask_price"":""726.55""},{""bid_quantity"":20,""ask_quantity"":40,""bid_orders"":1,""ask_orders"":1,""bid_price"":""721.80"",""ask_price"":""726.75""}]"
09:15:47.707,1790307947707948207,1025690261882114,Full Data,8,886572,601.00,20,09:15:47,589.30,90920,19900,99480,92640,"[{""bid_quantity"":100,""ask_quantity"":20,""bid_orders"":2,""ask_orders"":1,""bid_price"":""600.45"",""ask_price"":""601.00""},{""bid_quantity"":60,""ask_quantity"":60,""bid_orders"":2,""ask_orders"":2,""bid_price"":""600.40"",""ask_price"":""602.40""},{""bid_quantity"":80,""ask_quantity"":40,""bid_orders"":3,""ask_orders"":2,""bid_price"":""600.35"",""ask_price"":""602.75""},{""bid_quantity"":20,""ask_quantity"":160,""bid_orders"":1,""ask_orders"":3,""bid_price"":""600.30"",""ask_price"":""602.85""},{""bid_quantity"":20,""ask_quantity"":40,""bid_orders"":1,""ask_orders"":1,""bid_price"":""600.25"",""ask_price"":""604.40""}]"
09:15:47.738,1790307947738911965,1025690292846152,Full Data,8,886951,860.20,20,09:15:47,834.19,8360,14700,93040,6000,"[{""bid_quantity"":40,""ask_quantity"":40,""bid_orders"":2,""ask_orders"":2,""bid_price"":""857.75"",""ask_price"":""860.20""},{""bid_quantity"":20,""ask_quantity"":60,""bid_orders"":1,""ask_orders"":3,""bid_price"":""857.70"",""ask_price"":""865.15""},{""bid_quantity"":40,""ask_quantity"":60,""bid_orders"":2,""ask_orders"":3,""bid_price"":""857.65"",""ask_price"":""865.20""},{""bid_quantity"":20,""ask_quantity"":40,""bid_orders"":1,""ask_orders"":2,""bid_price"":""857.60"",""ask_price"":""871.20""},{""bid_quantity"":80,""ask_quantity"":60,""bid_orders"":4,""ask_orders"":2,""bid_price"":""857.55"",""ask_price"":""871.25""}]"
09:15:47.777,1790307947777053769,1025690330987956,Full Data,8,886924,291.60,20,09:15:47,324.53,61080,24540,18560,59380,"[{""bid_quantity"":80,""ask_quantity"":40,""bid_orders"":4,""ask_orders"":2,""bid_price"":""290.85"",""ask_price"":""291.65""},{""bid_quantity"":80,""ask_quantity"":60,""bid_orders"":4,""ask_orders"":2,""bid_price"":""290.75"",""ask_price"":""291.70""},{""bid_quantity"":100,""ask_quantity"":20,""bid_orders"":4,""ask_orders"":1,""bid_price"":""290.70"",""ask_price"":""291.80""},{""bid_quantity"":80,""ask_quantity"":80,""bid_orders"":4,""ask_orders"":4,""bid_price"":""290.65"",""ask_price"":""291.85""},{""bid_quantity"":40,""ask_quantity"":40,""bid_orders"":2,""ask_orders"":2,""bid_price"":""290.55"",""ask_price"":""291.95""}]"
09:15:47.806,1790307947806764960,1025690360699347,Full Data,8,886924,291.60,20,09:15:47,324.53,61080,24440,18860,59380,"[{""bid_quantity"":40,""ask_quantity"":60,""bid_orders"":2,""ask_orders"":3,""bid_price"":""291.25"",""ask_price"":""291.85""},{""bid_quantity"":60,""ask_quantity"":20,""bid_orders"":2,""ask_orders"":1,""bid_price"":""291.20"",""ask_price"":""292.00""},{""bid_quantity"":40,""ask_quantity"":40,""bid_orders"":2,""ask_orders"":2,""bid_price"":""291.15"",""ask_price"":""292.10""},{""bid_quantity"":60,""ask_quantity"":80,""bid_orders"":2,""ask_orders"":3,""bid_price"":""291.10"",""ask_price"":""292.15""},{""bid_quantity"":40,""ask_quantity"":40,""bid_orders"":2,""ask_orders"":2,""bid_price"":""291.05"",""ask_price"":""292.20""}]"
09:15:47.807,1790307947807167282,1025690361100989,Full Data,8,886572,601.00,20,09:15:47,589.30,90920,22220,101060,92640,"[{""bid_quantity"":220,""ask_quantity"":60,""bid_orders"":3,""ask_orders"":3,""bid_price"":""600.00"",""ask_price"":""601.00""},{""bid_quantity"":80,""ask_quantity"":20,""bid_orders"":3,""ask_orders"":1,""bid_price"":""599.65"",""ask_price"":""601.55""},{""bid_quantity"":100,""ask_quantity"":60,""bid_orders"":4,""ask_orders"":2,""bid_price"":""599.60"",""ask_price"":""602.00""},{""bid_quantity"":320,""ask_quantity"":60,""bid_orders"":4,""ask_orders"":2,""bid_price"":""599.55"",""ask_price"":""602.15""},{""bid_quantity"":100,""ask_quantity"":80,""bid_orders"":1,""ask_orders"":3,""bid_price"":""599.25"",""ask_price"":""602.20""}]"
09:15:47.834,1790307947834247655,1025690388181522,Full Data,8,886951,860.20,20,09:15:47,834.19,8360,16540,94220,6000,"[{""bid_quantity"":60,""ask_quantity"":40,""bid_orders"":3,""ask_orders"":2,""bid_price"":""858.05"",""ask_price"":""860.20""},{""bid_quantity"":60,""ask_quantity"":40,""bid_orders"":3,""ask_orders"":2,""bid_price"":""857.95"",""ask_price"":""865.15""},{""bid_quantity"":60,""ask_quantity"":60,""bid_orders"":3,""ask_orders"":3,""bid_price"":""857.85"",""ask_price"":""865.20""},{""bid_quantity"":60,""ask_quantity"":60,""bid_orders"":3,""ask_orders"":2,""bid_price"":""857.80"",""ask_price"":""870.95""},{""bid_quantity"":20,""ask_quantity"":60,""bid_orders"":1,""ask_orders"":2,""bid_price"":""857.70"",""ask_price"":""871.00""}]"
09:15:47.869,1790307947869985804,1025690423919631,Full Data,8,886981,363.05,60,09:15:47,397.48,109920,25940,46320,63920,"[{""bid_quantity"":60,""ask_quantity"":20,""bid_orders"":3,""ask_orders"":1,""bid_price"":""362.40"",""ask_price"":""363.70""},{""bid_quantity"":40,""ask_quantity"":100,""bid_orders"":2,""ask_orders"":3,""bid_price"":""362.35"",""ask_price"":""363.75""},{""bid_quantity"":20,""ask_quantity"":20,""bid_orders"":1,""ask_orders"":1,""bid_price"":""362.30"",""ask_price"":""364.00""},{""bid_quantity"":80,""ask_quantity"":240,""bid_orders"":4,""ask_orders"":3,""bid_price"":""362.25"",""ask_price"":""364.25""},{""bid_quantity"":40,""ask_quantity"":180,""bid_orders"":2,""ask_orders"":3,""bid_price"":""362.20"",""ask_price"":""364.30""}]"
09:15:47.927,1790307947927209290,1025690481143237,Full Data,8,887124,260.50,40,09:15:47,284.70,59440,24880,19440,64860,"[{""bid_quantity"":360,""ask_quantity"":180,""bid_orders"":7,""ask_orders"":4,""bid_price"":""260.50"",""ask_price"":""261.35""},{""bid_quantity"":80,""ask_quantity"":80,""bid_orders"":4,""ask_orders"":3,""bid_price"":""260.45"",""ask_price"":""262.00""},{""bid_quantity"":120,""ask_quantity"":100,""bid_orders"":3,""ask_orders"":4,""bid_price"":""260.30"",""ask_price"":""262.10""},{""bid_quantity"":80,""ask_quantity"":80,""bid_orders"":1,""ask_orders"":2,""bid_price"":""260.25"",""ask_price"":""262.15""},{""bid_quantity"":40,""ask_quantity"":80,""bid_orders"":2,""ask_orders"":1,""bid_price"":""260.20"",""ask_price"":""262.50""}]"
09:15:47.960,1790307947960210222,1025690514144169,Full Data,8,887124,260.50,20,09:15:47,284.67,59500,24840,19340,64860,"[{""bid_quantity"":80,""ask_quantity"":40,""bid_orders"":4,""ask_orders"":2,""bid_price"":""260.65"",""ask_price"":""261.30""},{""bid_quantity"":100,""ask_quantity"":120,""bid_orders"":2,""ask_orders"":2,""bid_price"":""260.60"",""ask_price"":""262.05""},{""bid_quantity"":320,""ask_quantity"":60,""bid_orders"":3,""ask_orders"":2,""bid_price"":""260.50"",""ask_price"":""262.20""},{""bid_quantity"":40,""ask_quantity"":60,""bid_orders"":2,""ask_orders"":3,""bid_price"":""260.45"",""ask_price"":""262.45""},{""bid_quantity"":40,""ask_quantity"":80,""bid_orders"":2,""ask_orders"":1,""bid_price"":""260.40"",""ask_price"":""262.50""}]"
09:15:48.069,1790307948069142239,1025690623076426,Full Data,8,886849,540.70,20,09:15:48,529.52,86500,20280,20180,167000,"[{""bid_quantity"":60,""ask_quantity"":80,""bid_orders"":3,""ask_orders"":2,""bid_price"":""539.85"",""ask_price"":""541.05""},{""bid_quantity"":40,""ask_quantity"":40,""bid_orders"":2,""ask_orders"":2,""bid_price"":""539.75"",""ask_price"":""541.35""},{""bid_quantity"":40,""ask_quantity"":120,""bid_orders"":2,""ask_orders"":2,""bid_price"":""539.65"",""ask_price"":""541.40""},{""bid_quantity"":40,""ask_quantity"":20,""bid_orders"":2,""ask_orders"":1,""bid_price"":""539.45"",""ask_price"":""541.55""},{""bid_quantity"":40,""ask_quantity"":20,""bid_orders"":2,""ask_orders"":1,""bid_price"":""539.30"",""ask_price"":""541.65""}]"
09:15:48.087,1790307948087900239,1025690641834146,Full Data,8,886692,928.40,60,09:15:47,906.54,4400,15060,90580,4500,"[{""bid_quantity"":300,""ask_quantity"":80,""bid_orders"":5,""ask_orders"":3,""bid_price"":""925.90"",""ask_price"":""933.20""},{""bid_quantity"":100,""ask_quantity"":80,""bid_orders"":3,""ask_orders"":4,""bid_price"":""918.95"",""ask_price"":""933.25""},{""bid_quantity"":20,""ask_quantity"":60,""bid_orders"":1,""ask_orders"":3,""bid_price"":""918.85"",""ask_price"":""933.60""},{""bid_quantity"":180,""ask_quantity"":20,""bid_orders"":3,""ask_orders"":1,""bid_price"":""915.05"",""ask_price"":""935.00""},{""bid_quantity"":40,""ask_quantity"":100,""bid_orders"":1,""ask_orders"":4,""bid_price"":""914.00"",""ask_price"":""939.40""}]"
09:15:48.150,1790307948150368519,1025690704302666,Full Data,8,887036,441.55,20,09:15:48,475.74,78020,18720,95940,155340,"[{""bid_quantity"":20,""ask_quantity"":40,""bid_orders"":1,""ask_orders"":2,""bid_price"":""441.60"",""ask_price"":""442.65""},{""bid_quantity"":60,""ask_quantity"":60,""bid_orders"":3,""ask_orders"":3,""bid_price"":""441.55"",""ask_price"":""442.85""},{""bid_quantity"":100,""ask_quantity"":20,""bid_orders"":5,""ask_orders"":1,""bid_price"":""441.50"",""ask_price"":""442.90""},{""bid_quantity"":140,""ask_quantity"":60,""bid_orders"":4,""ask_orders"":2,""bid_price"":""441.45"",""ask_price"":""442.95""},{""bid_quantity"":40,""ask_quantity"":20,""bid_orders"":2,""ask_orders"":1,""bid_price"":""441.35"",""ask_price"":""443.00""}]"
09:15:48.159,1790307948159752139,1025690713686126,Full Data,8,886872,231.35,60,09:15:48,261.30,64820,21180,20700,47980,"[{""bid_quantity"":140,""ask_quantity"":60,""bid_orders"":5,""ask_orders"":2,""bid_price"":""230.55"",""ask_price"":""231.55""},{""bid_quantity"":100,""ask_quantity"":140,""bid_orders"":4,""ask_orders"":5,""bid_price"":""230.35"",""ask_price"":""231.65""},{""bid_quantity"":480,""ask_quantity"":60,""bid_orders"":5,""ask_orders"":2,""bid_price"":""230.00"",""ask_price"":""231.70""},{""bid_quantity"":120,""ask_quantity"":60,""bid_orders"":2,""ask_orders"":2,""bid_price"":""229.90"",""ask_price"":""231.75""},{""bid_quantity"":40,""ask_quantity"":40,""bid_orders"":2,""ask_orders"":1,""bid_price"":""229.85"",""ask_price"":""231.80""}]"
09:15:48.193,1790307948193729477,1025690747663304,Full Data,8,886849,542.65,40,09:15:48,529.55,86700,19340,19980,167000,"[{""bid_quantity"":20,""ask_quantity"":60,""bid_orders"":1,""ask_orders"":2,""bid_price"":""541.60"",""ask_price"":""542.65""},{""bid_quantity"":20,""ask_quantity"":80,""bid_orders"":1,""ask_orders"":3,""bid_price"":""541.55"",""ask_price"":""543.15""},{""bid_quantity"":20,""ask_quantity"":60,""bid_orders"":1,""ask_orders"":3,""bid_price"":""541.25"",""ask_price"":""543.20""},{""bid_quantity"":40,""ask_quantity"":60,""bid_orders"":2,""ask_orders"":3,""bid_price"":""541.15"",""ask_price"":""543.45""},{""bid_quantity"":20,""ask_quantity"":40,""bid_orders"":1,""ask_orders"":2,""bid_price"":""541.00"",""ask_price"":""543.70""}]"
09:15:48.197,1790307948197430300,1025690751364087,Full Data,8,886692,928.40,60,09:15:47,906.54,4400,14580,91440,4500,"[{""bid_quantity"":80,""ask_quantity"":80,""bid_orders"":4,""ask_orders"":4,""bid_price"":""926.40"",""ask_price"":""932.45""},{""bid_quantity"":60,""ask_quantity"":40,""bid_orders"":3,""ask_orders"":1,""bid_price"":""926.35"",""ask_price"":""934.90""},{""bid_quantity"":80,""ask_quantity"":40,""bid_orders"":4,""ask_orders"":2,""bid_price"":""926.20"",""ask_price"":""934.95""},{""bid_quantity"":60,""ask_quantity"":20,""bid_orders"":3,""ask_orders"":1,""bid_price"":""926.15"",""ask_price"":""935.00""},{""bid_quantity"":60,""ask_quantity"":60,""bid_orders"":3,""ask_orders"":3,""bid_price"":""926.10"",""ask_price"":""936.80""}]"
09:15:48.199,1790307948199056871,1025690752990698,Full Data,8,887036,442.65,20,09:15:48,475.70,78100,18300,96100,155340,"[{""bid_quantity"":40,""ask_quantity"":20,""bid_orders"":2,""ask_orders"":1,""bid_price"":""441.95"",""ask_price"":""443.10""},{""bid_quantity"":100,""ask_quantity"":120,""bid_orders"":3,""ask_orders"":3,""bid_price"":""441.90"",""ask_price"":""443.15""},{""bid_quantity"":60,""ask_quantity"":40,""bid_orders"":3,""ask_orders"":2,""bid_price"":""441.85"",""ask_price"":""443.35""},{""bid_quantity"":60,""ask_quantity"":60,""bid_orders"":3,""ask_orders"":2,""bid_price"":""441.75"",""ask_price"":""443.45""},{""bid_quantity"":100,""ask_quantity"":120,""bid_orders"":5,""ask_orders"":1,""bid_price"":""441.70"",""ask_price"":""443.50""}]"
09:15:48.221,1790307948221849376,1025690775783363,Full Data,8,886872,230.90,40,09:15:48,261.28,64860,20820,21720,47980,"[{""bid_quantity"":40,""ask_quantity"":60,""bid_orders"":1,""ask_orders"":2,""bid_price"":""231.40"",""ask_price"":""232.30""},{""bid_quantity"":140,""ask_quantity"":40,""bid_orders"":3,""ask_orders"":2,""bid_price"":""231.35"",""ask_price"":""232.35""},{""bid_quantity"":40,""ask_quantity"":120,""bid_orders"":1,""ask_orders"":2,""bid_price"":""231.30"",""ask_price"":""232.65""},{""bid_quantity"":40,""ask_quantity"":120,""bid_orders"":2,""ask_orders"":2,""bid_price"":""231.25"",""ask_price"":""232.80""},{""bid_quantity"":60,""ask_quantity"":180,""bid_orders"":2,""ask_orders"":4,""bid_price"":""231.20"",""ask_price"":""233.25""}]"
09:15:48.258,1790307948258686252,1025690812620199,Full Data,8,886718,325.50,20,09:15:48,359.08,243500,26940,35760,276660,"[{""bid_quantity"":120,""ask_quantity"":80,""bid_orders"":1,""ask_orders"":4,""bid_price"":""324.65"",""ask_price"":""325.45""},{""bid_quantity"":80,""ask_quantity"":120,""bid_orders"":3,""ask_orders"":6,""bid_price"":""324.00"",""ask_price"":""325.60""},{""bid_quantity"":100,""ask_quantity"":80,""bid_orders"":4,""ask_orders"":3,""bid_price"":""323.90"",""ask_price"":""325.80""},{""bid_quantity"":60,""ask_quantity"":120,""bid_orders"":2,""ask_orders"":3,""bid_price"":""323.75"",""ask_price"":""325.95""},{""bid_quantity"":20,""ask_quantity"":40,""bid_orders"":1,""ask_orders"":1,""bid_price"":""323.70"",""ask_price"":""326.05""}]"
09:15:48.307,1790307948307121122,1025690861055269,Full Data,8,886747,786.10,20,09:15:48,771.65,19400,18420,93220,5900,"[{""bid_quantity"":20,""ask_quantity"":60,""bid_orders"":1,""ask_orders"":3,""bid_price"":""786.05"",""ask_price"":""789.35""},{""bid_quantity"":20,""ask_quantity"":60,""bid_orders"":1,""ask_orders"":3,""bid_price"":""783.70"",""ask_price"":""789.40""},{""bid_quantity"":20,""ask_quantity"":60,""bid_orders"":1,""ask_orders"":3,""bid_price"":""783.65"",""ask_price"":""789.45""},{""bid_quantity"":20,""ask_quantity"":60,""bid_orders"":1,""ask_orders"":3,""bid_price"":""783.55"",""ask_price"":""789.55""},{""bid_quantity"":200,""ask_quantity"":40,""bid_orders"":3,""ask_orders"":2,""bid_price"":""783.40"",""ask_price"":""789.60""}]"
09:15:48.320,1790307948320361407,1025690874295234,Full Data,8,886747,786.10,20,09:15:48,771.65,19400,17960,92700,5900,"[{""bid_quantity"":20,""ask_quantity"":20,""bid_orders"":1,""ask_orders"":1,""bid_price"":""786.10"",""ask_price"":""788.25""},{""bid_quantity"":20,""ask_quantity"":20,""bid_orders"":1,""ask_orders"":1,""bid_price"":""786.05"",""ask_price"":""789.35""},{""bid_quantity"":80,""ask_quantity"":20,""bid_orders"":4,""ask_orders"":1,""bid_price"":""783.70"",""ask_price"":""790.65""},{""bid_quantity"":20,""ask_quantity"":40,""bid_orders"":1,""ask_orders"":1,""bid_price"":""783.55"",""ask_price"":""790.70""},{""bid_quantity"":20,""ask_quantity"":20,""bid_orders"":1,""ask_orders"":1,""bid_price"":""783.50"",""ask_price"":""790.95""}]"
09:15:48.407,1790307948407216163,1025690961150230,Full Data,8,886776,402.95,20,09:15:48,430.22,65980,21000,98340,67800,"[{""bid_quantity"":80,""ask_quantity"":40,""bid_orders"":3,""ask_orders"":2,""bid_price"":""401.20"",""ask_price"":""402.35""},{""bid_quantity"":80,""ask_quantity"":40,""bid_orders"":4,""ask_orders"":2,""bid_price"":""401.15"",""ask_price"":""402.40""},{""bid_quantity"":60,""ask_quantity"":100,""bid_orders"":3,""ask_orders"":5,""bid_price"":""401.05"",""ask_price"":""402.65""},{""bid_quantity"":20,""ask_quantity"":180,""bid_orders"":1,""ask_orders"":4,""bid_price"":""401.00"",""ask_price"":""402.75""},{""bid_quantity"":180,""ask_quantity"":40,""bid_orders"":4,""ask_orders"":2,""bid_price"":""400.95"",""ask_price"":""402.80""}]"
09:15:48.410,1790307948410250782,1025690964184689,Full Data,8,886805,661.30,20,09:15:48,650.92,83080,18220,134520,42420,"[{""bid_quantity"":40,""ask_quantity"":20,""bid_orders"":2,""ask_orders"":1,""bid_price"":""657.80"",""ask_price"":""659.45""},{""bid_quantity"":20,""ask_quantity"":60,""bid_orders"":1,""ask_orders"":3,""bid_price"":""657.75"",""ask_price"":""659.90""},{""bid_quantity"":40,""ask_quantity"":420,""bid_orders"":2,""ask_orders"":6,""bid_price"":""657.60"",""ask_price"":""660.00""},{""bid_quantity"":40,""ask_quantity"":40,""bid_orders"":2,""ask_orders"":2,""bid_price"":""657.55"",""ask_price"":""660.35""},{""bid_quantity"":40,""ask_quantity"":100,""bid_orders"":1,""ask_orders"":1,""bid_price"":""657.45"",""ask_price"":""661.20""}]"
09:15:48.435,1790307948435213102,1025690989147169,Full Data,8,886805,661.30,20,09:15:48,650.92,83080,18680,134120,42420,"[{""bid_quantity"":20,""ask_quantity"":160,""bid_orders"":1,""ask_orders"":2,""bid_price"":""656.55"",""ask_price"":""658.45""},{""bid_quantity"":20,""ask_quantity"":40,""bid_orders"":1,""ask_orders"":2,""bid_price"":""656.45"",""ask_price"":""658.65""},{""bid_quantity"":20,""ask_quantity"":60,""bid_orders"":1,""ask_orders"":3,""bid_price"":""656.40"",""ask_price"":""658.85""},{""bid_quantity"":40,""ask_quantity"":40,""bid_orders"":2,""ask_orders"":2,""bid_price"":""656.20"",""ask_price"":""659.00""},{""bid_quantity"":60,""ask_quantity"":180,""bid_orders"":3,""ask_orders"":3,""bid_price"":""656.05"",""ask_price"":""659.05""}]"
09:15:48.548,1790307948548622908,1025691102557055,Ticker Data,0,51,73685.56,,09:15:48,,,,,,
09:15:48.638,1790307948638994367,1025691192928474,Full Data,8,887017,722.15,40,09:15:48,698.88,135500,19480,163540,74320,"[{""bid_quantity"":40,""ask_quantity"":40,""bid_orders"":2,""ask_orders"":2,""bid_price"":""719.85"",""ask_price"":""721.85""},{""bid_quantity"":40,""ask_quantity"":20,""bid_orders"":2,""ask_orders"":1,""bid_price"":""719.65"",""ask_price"":""722.00""},{""bid_quantity"":40,""ask_quantity"":40,""bid_orders"":2,""ask_orders"":1,""bid_price"":""719.45"",""ask_price"":""722.10""},{""bid_quantity"":240,""ask_quantity"":60,""bid_orders"":4,""ask_orders"":3,""bid_price"":""719.20"",""ask_price"":""722.15""},{""bid_quantity"":80,""ask_quantity"":40,""bid_orders"":1,""ask_orders"":2,""bid_price"":""718.80"",""ask_price"":""722.30""}]"
09:15:48.708,1790307948708685813,1025691262619840,Full Data,8,887017,722.85,40,09:15:48,698.90,135600,20020,163580,74320,"[{""bid_quantity"":20,""ask_quantity"":20,""bid_orders"":1,""ask_orders"":1,""bid_price"":""721.00"",""ask_price"":""723.65""},{""bid_quantity"":20,""ask_quantity"":20,""bid_orders"":1,""ask_orders"":1,""bid_price"":""720.85"",""ask_price"":""723.75""},{""bid_quantity"":200,""ask_quantity"":340,""bid_orders"":2,""ask_orders"":4,""bid_price"":""720.80"",""ask_price"":""723.80""},{""bid_quantity"":80,""ask_quantity"":40,""bid_orders"":1,""ask_orders"":2,""bid_price"":""720.00"",""ask_price"":""723.85""},{""bid_quantity"":20,""ask_quantity"":60,""bid_orders"":1,""ask_orders"":3,""bid_price"":""719.95"",""ask_price"":""723.95""}]"
09:15:48.791,1790307948791263981,1025691345197928,Full Data,8,886924,294.25,20,09:15:48,323.91,62280,24840,18980,59380,"[{""bid_quantity"":40,""ask_quantity"":20,""bid_orders"":2,""ask_orders"":1,""bid_price"":""293.45"",""ask_price"":""294.25""},{""bid_quantity"":40,""ask_quantity"":60,""bid_orders"":2,""ask_orders"":3,""bid_price"":""293.35"",""ask_price"":""294.30""},{""bid_quantity"":40,""ask_quantity"":20,""bid_orders"":2,""ask_orders"":1,""bid_price"":""293.25"",""ask_price"":""294.35""},{""bid_quantity"":40,""ask_quantity"":20,""bid_orders"":2,""ask_orders"":1,""bid_price"":""293.15"",""ask_price"":""294.40""},{""bid_quantity"":160,""ask_quantity"":20,""bid_orders"":1,""ask_orders"":1,""bid_price"":""293.10"",""ask_price"":""294.45""}]"
09:15:48.807,1790307948807959528,1025691361893795,Full Data,8,886572,598.25,20,09:15:48,589.48,92620,21940,101740,92640,"[{""bid_quantity"":60,""ask_quantity"":20,""bid_orders"":2,""ask_orders"":1,""bid_price"":""598.50"",""ask_price"":""599.60""},{""bid_quantity"":20,""ask_quantity"":120,""bid_orders"":1,""ask_orders"":1,""bid_price"":""598.45"",""ask_price"":""599.65""},{""bid_quantity"":40,""ask_quantity"":20,""bid_orders"":2,""ask_orders"":1,""bid_price"":""598.40"",""ask_price"":""599.85""},{""bid_quantity"":20,""ask_quantity"":20,""bid_orders"":1,""ask_orders"":1,""bid_price"":""598.25"",""ask_price"":""599.90""},{""bid_quantity"":40,""ask_quantity"":40,""bid_orders"":2,""ask_orders"":2,""bid_price"":""598.10"",""ask_price"":""600.00""}]"
09:15:48.826,1790307948826749768,1025691380683955,Full Data,8,886924,294.25,20,09:15:48,323.91,62280,25080,19140,59380,"[{""bid_quantity"":60,""ask_quantity"":60,""bid_orders"":3,""ask_orders"":3,""bid_price"":""292.95"",""ask_price"":""293.85""},{""bid_quantity"":20,""ask_quantity"":40,""bid_orders"":1,""ask_orders"":2,""bid_price"":""292.65"",""ask_price"":""294.00""},{""bid_quantity"":140,""ask_quantity"":140,""bid_orders"":4,""ask_orders"":4,""bid_price"":""292.60"",""ask_price"":""294.10""},{""bid_quantity"":80,""ask_quantity"":40,""bid_orders"":3,""ask_orders"":2,""bid_price"":""292.55"",""ask_price"":""294.15""},{""bid_quantity"":340,""ask_quantity"":40,""bid_orders"":5,""ask_orders"":2,""bid_price"":""292.50"",""ask_price"":""294.25""}]"
09:15:48.855,1790307948855687234,1025691409621141,Full Data,8,886951,856.00,20,09:15:48,834.24,8380,17420,95720,6000,"[{""bid_quantity"":40,""ask_quantity"":60,""bid_orders"":2,""ask_orders"":3,""bid_price"":""854.90"",""ask_price"":""859.45""},{""bid_quantity"":80,""ask_quantity"":80,""bid_orders"":3,""ask_orders"":4,""bid_price"":""854.85"",""ask_price"":""860.20""},{""bid_quantity"":100,""ask_quantity"":60,""bid_orders"":4,""ask_orders"":3,""bid_price"":""854.80"",""ask_price"":""862.05""},{""bid_quantity"":40,""ask_quantity"":20,""bid_orders"":1,""ask_orders"":1,""bid_price"":""854.75"",""ask_price"":""871.85""},{""bid_quantity"":60,""ask_quantity"":60,""bid_orders"":3,""ask_orders"":2,""bid_price"":""854.70"",""ask_price"":""871.90""}]"
09:15:48.875,1790307948875518561,1025691429452268,Full Data,8,886572,598.25,20,09:15:48,589.48,92620,21540,102060,92640,"[{""bid_quantity"":20,""ask_quantity"":20,""bid_orders"":1,""ask_orders"":1,""bid_price"":""599.55"",""ask_price"":""600.60""},{""bid_quantity"":40,""ask_quantity"":40,""bid_orders"":1,""ask_orders"":2,""bid_price"":""599.30"",""ask_price"":""600.85""},{""bid_quantity"":80,""ask_quantity"":20,""bid_orders"":3,""ask_orders"":1,""bid_price"":""599.25"",""ask_price"":""600.90""},{""bid_quantity"":20,""ask_quantity"":20,""bid_orders"":1,""ask_orders"":1,""bid_price"":""599.20"",""ask_price"":""600.95""},{""bid_quantity"":40,""ask_quantity"":40,""bid_orders"":2,""ask_orders"":1,""bid_price"":""599.15"",""ask_price"":""601.00""}]"
09:15:48.914,1790307948914864932,1025691468798799,Full Data,8,886981,363.40,20,09:15:48,396.70,112420,25580,45980,63920,"[{""bid_quantity"":20,""ask_quantity"":20,""bid_orders"":1,""ask_orders"":1,""bid_price"":""362.10"",""ask_price"":""363.80""},{""bid_quantity"":60,""ask_quantity"":160,""bid_orders"":1,""ask_orders"":1,""bid_price"":""362.00"",""ask_price"":""363.85""},{""bid_quantity"":220,""ask_quantity"":160,""bid_orders"":3,""ask_orders"":1,""bid_price"":""361.80"",""ask_price"":""363.90""},{""bid_quantity"":40,""ask_quantity"":180,""bid_orders"":1,""ask_orders"":2,""bid_price"":""361.30"",""ask_price"":""363.95""},{""bid_quantity"":100,""ask_quantity"":160,""bid_orders"":1,""ask_orders"":1,""bid_price"":""361.25"",""ask_price"":""364.00""}]"
09:15:48.964,1790307948964732052,1025691518666079,Full Data,8,886951,860.20,20,09:15:48,834.36,8420,14740,93580,6000,"[{""bid_quantity"":60,""ask_quantity"":40,""bid_orders"":3,""ask_orders"":2,""bid_price"":""858.05"",""ask_price"":""860.20""},{""bid_quantity"":60,""ask_quantity"":60,""bid_orders"":3,""ask_orders"":3,""bid_price"":""857.95"",""ask_price"":""865.15""},{""bid_quantity"":60,""ask_quantity"":60,""bid_orders"":3,""ask_orders"":3,""bid_price"":""857.85"",""ask_price"":""865.20""},{""bid_quantity"":40,""ask_quantity"":100,""bid_orders"":2,""ask_orders"":4,""bid_price"":""857.80"",""ask_price"":""871.90""},{""bid_quantity"":20,""ask_quantity"":40,""bid_orders"":1,""ask_orders"":1,""bid_price"":""857.75"",""ask_price"":""871.95""}]"
09:15:48.998,1790307948998265306,1025691552199213,Full Data,8,887124,262.20,20,09:15:48,284.47,60000,22820,16220,64860,"[{""bid_quantity"":100,""ask_quantity"":80,""bid_orders"":4,""ask_orders"":3,""bid_price"":""260.70"",""ask_price"":""261.80""},{""bid_quantity"":160,""ask_quantity"":60,""bid_orders"":4,""ask_orders"":3,""bid_price"":""260.60"",""ask_price"":""261.95""},{""bid_quantity"":100,""ask_quantity"":120,""bid_orders"":4,""ask_orders"":3,""bid_price"":""260.55"",""ask_price"":""262.05""},{""bid_quantity"":240,""ask_quantity"":60,""bid_orders"":4,""ask_orders"":3,""bid_price"":""260.50"",""ask_price"":""262.10""},{""bid_quantity"":80,""ask_quantity"":20,""bid_orders"":1,""ask_orders"":1,""bid_price"":""260.45"",""ask_price"":""262.20""}]"
09:15:49.013,1790307949013634805,1025691567568672,Full Data,8,887124,262.20,20,09:15:48,284.47,60000,24720,18500,64860,"[{""bid_quantity"":80,""ask_quantity"":60,""bid_orders"":3,""ask_orders"":2,""bid_price"":""261.00"",""ask_price"":""261.90""},{""bid_quantity"":80,""ask_quantity"":80,""bid_orders"":4,""ask_orders"":3,""bid_price"":""260.95"",""ask_price"":""262.00""},{""bid_quantity"":80,""ask_quantity"":20,""bid_orders"":3,""ask_orders"":1,""bid_price"":""260.90"",""ask_price"":""262.10""},{""bid_quantity"":80,""ask_quantity"":20,""bid_orders"":3,""ask_orders"":1,""bid_price"":""260.80"",""ask_price"":""262.15""},{""bid_quantity"":140,""ask_quantity"":20,""bid_orders"":4,""ask_orders"":1,""bid_price"":""260.75"",""ask_price"":""262.20""}]"
09:15:49.159,1790307949159601819,1025691713536246,Full Data,8,886849,544.15,80,09:15:49,529.68,87580,19560,21480,167000,"[{""bid_quantity"":60,""ask_quantity"":60,""bid_orders"":3,""ask_orders"":3,""bid_price"":""543.75"",""ask_price"":""545.60""},{""bid_quantity"":40,""ask_quantity"":140,""bid_orders"":2,""ask_orders"":2,""bid_price"":""543.65"",""ask_price"":""545.85""},{""bid_quantity"":60,""ask_quantity"":40,""bid_orders"":2,""ask_orders"":2,""bid_price"":""543.60"",""ask_price"":""545.90""},{""bid_quantity"":40,""ask_quantity"":120,""bid_orders"":2,""ask_orders"":2,""bid_price"":""543.55"",""ask_price"":""546.00""},{""bid_quantity"":20,""ask_quantity"":20,""bid_orders"":1,""ask_orders"":1,""bid_price"":""543.50"",""ask_price"":""546.20""}]"
09:15:49.187,1790307949187045355,1025691740979222,Full Data,8,886692,932.45,40,09:15:49,907.00,4480,14660,93140,4500,"[{""bid_quantity"":60,""ask_quantity"":20,""bid_orders"":3,""ask_orders"":1,""bid_price"":""932.85"",""ask_price"":""935.00""},{""bid_quantity"":40,""ask_quantity"":40,""bid_orders"":2,""ask_orders"":2,""bid_price"":""932.80"",""ask_price"":""936.45""},{""bid_quantity"":20,""ask_quantity"":60,""bid_orders"":1,""ask_orders"":3,""bid_price"":""932.75"",""ask_price"":""939.90""},{""bid_quantity"":20,""ask_quantity"":80,""bid_orders"":1,""ask_orders"":3,""bid_price"":""932.70"",""ask_price"":""939.95""},{""bid_quantity"":20,""ask_quantity"":20,""bid_orders"":1,""ask_orders"":1,""bid_price"":""932.60"",""ask_price"":""940.00""}]"
09:15:49.199,1790307949199184952,1025691753118819,Full Data,8,887036,445.15,40,09:15:49,475.45,78740,19620,95340,155340,"[{""bid_quantity"":20,""ask_quantity"":60,""bid_orders"":1,""ask_orders"":3,""bid_price"":""443.70"",""ask_price"":""444.95""},{""bid_quantity"":100,""ask_quantity"":40,""bid_orders"":2,""ask_orders"":2,""bid_price"":""443.45"",""ask_price"":""445.00""},{""bid_quantity"":100,""ask_quantity"":100,""bid_orders"":2,""ask_orders"":3,""bid_price"":""443.40"",""ask_price"":""445.05""},{""bid_quantity"":20,""ask_quantity"":20,""bid_orders"":1,""ask_orders"":1,""bid_price"":""443.00"",""ask_price"":""445.10""},{""bid_quantity"":60,""ask_quantity"":20,""bid_orders"":2,""ask_orders"":1,""bid_price"":""442.95"",""ask_price"":""445.15""}]"
09:15:49.215,1790307949215167695,1025691769101482,Full Data,8,886872,233.80,20,09:15:49,261.17,65120,21440,21040,47980,"[{""bid_quantity"":200,""ask_quantity"":40,""bid_orders"":6,""ask_orders"":2,""bid_price"":""232.70"",""ask_price"":""233.75""},{""bid_quantity"":320,""ask_quantity"":40,""bid_orders"":5,""ask_orders"":1,""bid_price"":""232.65"",""ask_price"":""233.95""},{""bid_quantity"":80,""ask_quantity"":60,""bid_orders"":3,""ask_orders"":3,""bid_price"":""232.40"",""ask_price"":""234.00""},{""bid_quantity"":120,""ask_quantity"":60,""bid_orders"":3,""ask_orders"":3,""bid_price"":""232.20"",""ask_price"":""234.10""},{""bid_quantity"":240,""ask_quantity"":200,""bid_orders"":5,""ask_orders"":3,""bid_price"":""232.05"",""ask_price"":""234.15""}]"
09:15:49.241,1790307949241124741,1025691795058608,Full Data,8,886849,544.15,80,09:15:49,529.68,87580,21840,23200,167000,"[{""bid_quantity"":40,""ask_quantity"":20,""bid_orders"":2,""ask_orders"":1,""bid_price"":""544.70"",""ask_price"":""545.90""},{""bid_quantity"":20,""ask_quantity"":20,""bid_orders"":1,""ask_orders"":1,""bid_price"":""544.65"",""ask_price"":""546.00""},{""bid_quantity"":40,""ask_quantity"":140,""bid_orders"":2,""ask_orders"":3,""bid_price"":""544.60"",""ask_price"":""546.05""},{""bid_quantity"":100,""ask_quantity"":80,""bid_orders"":2,""ask_orders"":3,""bid_price"":""544.50"",""ask_price"":""546.10""},{""bid_quantity"":20,""ask_quantity"":40,""bid_orders"":1,""ask_orders"":2,""bid_price"":""544.30"",""ask_price"":""546.15""}]"
09:15:49.267,1790307949267718951,1025691821652858,Full Data,8,887036,445.15,40,09:15:49,475.45,78740,19800,96600,155340,"[{""bid_quantity"":80,""ask_quantity"":40,""bid_orders"":4,""ask_orders"":2,""bid_price"":""443.95"",""ask_price"":""444.85""},{""bid_quantity"":80,""ask_quantity"":60,""bid_orders"":4,""ask_orders"":3,""bid_price"":""443.85"",""ask_price"":""445.45""},{""bid_quantity"":140,""ask_quantity"":100,""bid_orders"":4,""ask_orders"":4,""bid_price"":""443.80"",""ask_price"":""445.55""},{""bid_quantity"":240,""ask_quantity"":40,""bid_orders"":4,""ask_orders"":2,""bid_price"":""443.75"",""ask_price"":""445.60""},{""bid_quantity"":80,""ask_quantity"":40,""bid_orders"":4,""ask_orders"":1,""bid_price"":""443.70"",""ask_price"":""445.65""}]"
09:15:49.300,1790307949300381160,1025691854314907,Full Data,8,886872,233.80,20,09:15:49,261.17,65120,21500,21340,47980,"[{""bid_quantity"":80,""ask_quantity"":40,""bid_orders"":3,""ask_orders"":2,""bid_price"":""233.15"",""ask_price"":""233.70""},{""bid_quantity"":60,""ask_quantity"":20,""bid_orders"":3,""ask_orders"":1,""bid_price"":""233.10"",""ask_price"":""234.00""},{""bid_quantity"":100,""ask_quantity"":20,""bid_orders"":4,""ask_orders"":1,""bid_price"":""233.05"",""ask_price"":""234.10""},{""bid_quantity"":20,""ask_quantity"":20,""bid_orders"":1,""ask_orders"":1,""bid_price"":""233.00"",""ask_price"":""234.15""},{""bid_quantity"":40,""ask_quantity"":20,""bid_orders"":2,""ask_orders"":1,""bid_price"":""232.90"",""ask_price"":""234.20""}]"
09:15:49.304,1790307949304433666,1025691858367413,Full Data,8,886692,932.45,40,09:15:49,907.00,4480,16520,93960,4500,"[{""bid_quantity"":260,""ask_quantity"":60,""bid_orders"":6,""ask_orders"":3,""bid_price"":""930.05"",""ask_price"":""934.95""},{""bid_quantity"":200,""ask_quantity"":100,""bid_orders"":3,""ask_orders"":5,""bid_price"":""930.00"",""ask_price"":""935.00""},{""bid_quantity"":60,""ask_quantity"":80,""bid_orders"":3,""ask_orders"":3,""bid_price"":""929.95"",""ask_price"":""937.85""},{""bid_quantity"":200,""ask_quantity"":20,""bid_orders"":3,""ask_orders"":1,""bid_price"":""929.90"",""ask_price"":""939.75""},{""bid_quantity"":140,""ask_quantity"":20,""bid_orders"":4,""ask_orders"":1,""bid_price"":""929.85"",""ask_price"":""939.95""}]"
09:15:49.324,1790307949324473714,1025691878407541,Full Data,8,886718,325.60,60,09:15:49,358.92,244680,26680,35060,276660,"[{""bid_quantity"":100,""ask_quantity"":40,""bid_orders"":5,""ask_orders"":2,""bid_price"":""324.95"",""ask_price"":""325.70""},{""bid_quantity"":80,""ask_quantity"":100,""bid_orders"":4,""ask_orders"":3,""bid_price"":""324.90"",""ask_price"":""326.20""},{""bid_quantity"":140,""ask_quantity"":80,""bid_orders"":1,""ask_orders"":3,""bid_price"":""324.80"",""ask_price"":""326.25""},{""bid_quantity"":60,""ask_quantity"":40,""bid_orders"":3,""ask_orders"":2,""bid_price"":""324.45"",""ask_price"":""326.30""},{""bid_quantity"":20,""ask_quantity"":20,""bid_orders"":1,""ask_orders"":1,""bid_price"":""324.40"",""ask_price"":""326.35""}]"
09:15:49.359,1790307949359683620,1025691913617607,Full Data,8,886747,791.70,20,09:15:49,771.74,19500,18400,94280,5900,"[{""bid_quantity"":60,""ask_quantity"":100,""bid_orders"":3,""ask_orders"":5,""bid_price"":""790.40"",""ask_price"":""794.00""},{""bid_quantity"":60,""ask_quantity"":60,""bid_orders"":3,""ask_orders"":3,""bid_price"":""790.30"",""ask_price"":""794.20""},{""bid_quantity"":60,""ask_quantity"":60,""bid_orders"":3,""ask_orders"":3,""bid_price"":""790.20"",""ask_price"":""794.40""},{""bid_quantity"":20,""ask_quantity"":20,""bid_orders"":1,""ask_orders"":1,""bid_price"":""790.00"",""ask_price"":""794.55""},{""bid_quantity"":160,""ask_quantity"":40,""bid_orders"":2,""ask_orders"":2,""bid_price"":""789.95"",""ask_price"":""794.60""}]"
09:15:49.405,1790307949405504033,1025691959438180,Full Data,8,886776,402.45,20,09:15:49,429.91,66780,21900,98400,67800,"[{""bid_quantity"":60,""ask_quantity"":40,""bid_orders"":3,""ask_orders"":2,""bid_price"":""401.60"",""ask_price"":""402.45""},{""bid_quantity"":20,""ask_quantity"":60,""bid_orders"":1,""ask_orders"":3,""bid_price"":""401.50"",""ask_price"":""402.70""},{""bid_quantity"":100,""ask_quantity"":80,""bid_orders"":5,""ask_orders"":3,""bid_price"":""401.45"",""ask_price"":""403.00""},{""bid_quantity"":140,""ask_quantity"":20,""bid_orders"":3,""ask_orders"":1,""bid_price"":""401.35"",""ask_price"":""403.05""},{""bid_quantity"":60,""ask_quantity"":40,""bid_orders"":3,""ask_orders"":2,""bid_price"":""401.30"",""ask_price"":""403.10""}]"
09:15:49.430,1790307949430351432,1025691984285539,Full Data,8,886747,791.70,20,09:15:49,771.74,19500,16720,93960,5900,"[{""bid_quantity"":60,""ask_quantity"":60,""bid_orders"":3,""ask_orders"":3,""bid_price"":""790.40"",""ask_price"":""793.35""},{""bid_quantity"":80,""ask_quantity"":60,""bid_orders"":4,""ask_orders"":3,""bid_price"":""790.30"",""ask_price"":""793.50""},{""bid_quantity"":60,""ask_quantity"":60,""bid_orders"":3,""ask_orders"":3,""bid_price"":""790.20"",""ask_price"":""793.65""},{""bid_quantity"":40,""ask_quantity"":60,""bid_orders"":2,""ask_orders"":3,""bid_price"":""788.65"",""ask_price"":""793.70""},{""bid_quantity"":20,""ask_quantity"":60,""bid_orders"":1,""ask_orders"":3,""bid_price"":""788.60"",""ask_price"":""793.85""}]"
09:15:49.458,1790307949458839614,1025692012773641,Full Data,8,886805,665.60,40,09:15:49,651.01,83840,16880,132460,42420,"[{""bid_quantity"":20,""ask_quantity"":280,""bid_orders"":1,""ask_orders"":4,""bid_price"":""662.15"",""ask_price"":""664.05""},{""bid_quantity"":40,""ask_quantity"":60,""bid_orders"":2,""ask_orders"":3,""bid_price"":""662.10"",""ask_price"":""664.25""},{""bid_quantity"":40,""ask_quantity"":100,""bid_orders"":2,""ask_orders"":5,""bid_price"":""662.05"",""ask_price"":""664.40""},{""bid_quantity"":40,""ask_quantity"":40,""bid_orders"":2,""ask_orders"":2,""bid_price"":""661.95"",""ask_price"":""664.55""},{""bid_quantity"":40,""ask_quantity"":20,""bid_orders"":2,""ask_orders"":1,""bid_price"":""661.85"",""ask_price"":""664.70""}]"
09:15:49.479,1790307949479364866,1025692033298733,Full Data,8,886805,665.60,40,09:15:49,651.01,83840,17100,132080,42420,"[{""bid_quantity"":40,""ask_quantity"":40,""bid_orders"":2,""ask_orders"":2,""bid_price"":""661.95"",""ask_price"":""663.80""},{""bid_quantity"":40,""ask_quantity"":40,""bid_orders"":2,""ask_orders"":2,""bid_price"":""661.80"",""ask_price"":""663.85""},{""bid_quantity"":40,""ask_quantity"":40,""bid_orders"":2,""ask_orders"":2,""bid_price"":""661.65"",""ask_price"":""663.90""},{""bid_quantity"":20,""ask_quantity"":60,""bid_orders"":1,""ask_orders"":2,""bid_price"":""661.55"",""ask_price"":""663.95""},{""bid_quantity"":20,""ask_quantity"":180,""bid_orders"":1,""ask_orders"":3,""bid_price"":""661.45"",""ask_price"":""664.00""}]"
09:15:49.551,1790307949551898930,1025692105833237,Ticker Data,0,51,73685.02,,09:15:49,,,,,,
09:15:49.723,1790307949723398828,1025692277332895,Full Data,8,887017,724.45,60,09:15:49,699.25,137320,20840,168020,74320,"[{""bid_quantity"":20,""ask_quantity"":80,""bid_orders"":1,""ask_orders"":3,""bid_price"":""724.65"",""ask_price"":""727.20""},{""bid_quantity"":20,""ask_quantity"":20,""bid_orders"":1,""ask_orders"":1,""bid_price"":""724.60"",""ask_price"":""727.40""},{""bid_quantity"":100,""ask_quantity"":20,""bid_orders"":5,""ask_orders"":1,""bid_price"":""724.45"",""ask_price"":""727.55""},{""bid_quantity"":20,""ask_quantity"":200,""bid_orders"":1,""ask_orders"":2,""bid_price"":""724.40"",""ask_price"":""727.60""},{""bid_quantity"":100,""ask_quantity"":80,""bid_orders"":1,""ask_orders"":1,""bid_price"":""724.35"",""ask_price"":""728.40""}]"
09:15:49.808,1790307949808179570,1025692362113597,Full Data,8,886924,295.55,40,09:15:49,323.62,62880,25080,19960,59380,"[{""bid_quantity"":80,""ask_quantity"":60,""bid_orders"":3,""ask_orders"":3,""bid_price"":""292.75"",""ask_price"":""293.40""},{""bid_quantity"":40,""ask_quantity"":40,""bid_orders"":2,""ask_orders"":2,""bid_price"":""292.70"",""ask_price"":""293.80""},{""bid_quantity"":80,""ask_quantity"":100,""bid_orders"":3,""ask_orders"":2,""bid_price"":""292.65"",""ask_price"":""293.85""},{""bid_quantity"":40,""ask_quantity"":60,""bid_orders"":2,""ask_orders"":2,""bid_price"":""292.60"",""ask_price"":""293.90""},{""bid_quantity"":20,""ask_quantity"":20,""bid_orders"":1,""ask_orders"":1,""bid_price"":""292.55"",""ask_price"":""294.00""}]"
09:15:49.826,1790307949826256526,1025692380190553,Full Data,8,887017,727.50,40,09:15:49,699.27,137420,21920,166760,74320,"[{""bid_quantity"":40,""ask_quantity"":80,""bid_orders"":2,""ask_orders"":4,""bid_price"":""724.95"",""ask_price"":""727.10""},{""bid_quantity"":60,""ask_quantity"":40,""bid_orders"":3,""ask_orders"":2,""bid_price"":""724.80"",""ask_price"":""727.15""},{""bid_quantity"":60,""ask_quantity"":40,""bid_orders"":3,""ask_orders"":2,""bid_price"":""724.60"",""ask_price"":""727.20""},{""bid_quantity"":60,""ask_quantity"":80,""bid_orders"":3,""ask_orders"":3,""bid_price"":""724.40"",""ask_price"":""727.35""},{""bid_quantity"":20,""ask_quantity"":40,""bid_orders"":1,""ask_orders"":2,""bid_price"":""724.25"",""ask_price"":""727.40""}]"
09:15:49.837,1790307949837357517,1025692391291344,Full Data,8,886924,295.55,40,09:15:49,323.62,62880,25300,18620,59380,"[{""bid_quantity"":20,""ask_quantity"":40,""bid_orders"":1,""ask_orders"":2,""bid_price"":""292.50"",""ask_price"":""293.20""},{""bid_quantity"":20,""ask_quantity"":20,""bid_orders"":1,""ask_orders"":1,""bid_price"":""292.45"",""ask_price"":""293.25""},{""bid_quantity"":60,""ask_quantity"":20,""bid_orders"":3,""ask_orders"":1,""bid_price"":""292.40"",""ask_price"":""293.30""},{""bid_quantity"":20,""ask_quantity"":80,""bid_orders"":1,""ask_orders"":1,""bid_price"":""292.35"",""ask_price"":""293.35""},{""bid_quantity"":20,""ask_quantity"":80,""bid_orders"":1,""ask_orders"":4,""bid_price"":""292.30"",""ask_price"":""293.40""}]"
09:15:49.872,1790307949872625663,1025692426559850,Full Data,8,886572,600.90,20,09:15:49,589.62,93740,20940,99800,92640,"[{""bid_quantity"":40,""ask_quantity"":60,""bid_orders"":1,""ask_orders"":2,""bid_price"":""600.40"",""ask_price"":""602.35""},{""bid_quantity"":40,""ask_quantity"":20,""bid_orders"":2,""ask_orders"":1,""bid_price"":""600.25"",""ask_price"":""602.40""},{""bid_quantity"":120,""ask_quantity"":20,""bid_orders"":1,""ask_orders"":1,""bid_price"":""600.20"",""ask_price"":""602.50""},{""bid_quantity"":220,""ask_quantity"":20,""bid_orders"":4,""ask_orders"":1,""bid_price"":""600.00"",""ask_price"":""602.55""},{""bid_quantity"":40,""ask_quantity"":20,""bid_orders"":1,""ask_orders"":1,""bid_price"":""599.90"",""ask_price"":""602.60""}]"
09:15:49.926,1790307949926064645,1025692479998672,Full Data,8,886981,363.80,20,09:15:49,396.41,113420,24820,44000,63920,"[{""bid_quantity"":360,""ask_quantity"":40,""bid_orders"":3,""ask_orders"":2,""bid_price"":""363.15"",""ask_price"":""364.55""},{""bid_quantity"":40,""ask_quantity"":40,""bid_orders"":1,""ask_orders"":2,""bid_price"":""363.00"",""ask_price"":""364.65""},{""bid_quantity"":200,""ask_quantity"":60,""bid_orders"":4,""ask_orders"":3,""bid_price"":""362.95"",""ask_price"":""364.75""},{""bid_quantity"":80,""ask_quantity"":40,""bid_orders"":3,""ask_orders"":2,""bid_price"":""362.85"",""ask_price"":""364.80""},{""bid_quantity"":80,""ask_quantity"":40,""bid_orders"":3,""ask_orders"":2,""bid_price"":""362.75"",""ask_price"":""364.95""}]"
09:15:50.006,1790307950006210638,1025692560144985,Full Data,8,886951,861.00,20,09:15:49,834.54,8480,15120,93060,6000,"[{""bid_quantity"":60,""ask_quantity"":80,""bid_orders"":3,""ask_orders"":4,""bid_price"":""858.60"",""ask_price"":""861.65""},{""bid_quantity"":20,""ask_quantity"":60,""bid_orders"":1,""ask_orders"":3,""bid_price"":""858.55"",""ask_price"":""865.25""},{""bid_quantity"":60,""ask_quantity"":60,""bid_orders"":3,""ask_orders"":3,""bid_price"":""858.50"",""ask_price"":""865.30""},{""bid_quantity"":20,""ask_quantity"":20,""bid_orders"":1,""ask_orders"":1,""bid_price"":""858.45"",""ask_price"":""875.05""},{""bid_quantity"":60,""ask_quantity"":80,""bid_orders"":3,""ask_orders"":3,""bid_price"":""858.40"",""ask_price"":""875.10""}]"
09:15:50.007,1790307950007186604,1025692561120511,Full Data,8,886572,600.90,20,09:15:49,589.62,93740,20920,100460,92640,"[{""bid_quantity"":20,""ask_quantity"":60,""bid_orders"":1,""ask_orders"":2,""bid_price"":""600.65"",""ask_price"":""602.10""},{""bid_quantity"":60,""ask_quantity"":40,""bid_orders"":3,""ask_orders"":2,""bid_price"":""600.50"",""ask_price"":""602.15""},{""bid_quantity"":40,""ask_quantity"":80,""bid_orders"":2,""ask_orders"":2,""bid_price"":""600.35"",""ask_price"":""602.20""},{""bid_quantity"":60,""ask_quantity"":40,""bid_orders"":2,""ask_orders"":2,""bid_price"":""600.20"",""ask_price"":""602.25""},{""bid_quantity"":40,""ask_quantity"":40,""bid_orders"":2,""ask_orders"":2,""bid_price"":""600.15"",""ask_price"":""602.35""}]"
09:15:50.013,1790307950013086522,1025692567020309,Full Data,8,886951,861.00,20,09:15:49,834.54,8480,17000,94840,6000,"[{""bid_quantity"":60,""ask_quantity"":80,""bid_orders"":3,""ask_orders"":4,""bid_price"":""858.35"",""ask_price"":""861.65""},{""bid_quantity"":20,""ask_quantity"":60,""bid_orders"":1,""ask_orders"":3,""bid_price"":""858.10"",""ask_price"":""865.20""},{""bid_quantity"":120,""ask_quantity"":60,""bid_orders"":3,""ask_orders"":3,""bid_price"":""858.05"",""ask_price"":""865.30""},{""bid_quantity"":120,""ask_quantity"":60,""bid_orders"":3,""ask_orders"":2,""bid_price"":""858.00"",""ask_price"":""874.80""},{""bid_quantity"":20,""ask_quantity"":20,""bid_orders"":1,""ask_orders"":1,""bid_price"":""856.40"",""ask_price"":""874.85""}]"
09:15:50.062,1790307950062284477,1025692616218264,Full Data,8,887124,263.15,40,09:15:49,284.33,60400,23540,16560,64860,"[{""bid_quantity"":220,""ask_quantity"":140,""bid_orders"":3,""ask_orders"":4,""bid_price"":""260.35"",""ask_price"":""261.35""},{""bid_quantity"":100,""ask_quantity"":180,""bid_orders"":3,""ask_orders"":3,""bid_price"":""260.30"",""ask_price"":""261.40""},{""bid_quantity"":80,""ask_quantity"":80,""bid_orders"":3,""ask_orders"":3,""bid_price"":""260.25"",""ask_price"":""261.50""},{""bid_quantity"":160,""ask_quantity"":100,""bid_orders"":4,""ask_orders"":3,""bid_price"":""260.15"",""ask_price"":""261.60""},{""bid_quantity"":60,""ask_quantity"":60,""bid_orders"":3,""ask_orders"":2,""bid_price"":""260.10"",""ask_price"":""261.65""}]"
09:15:50.069,1790307950069514163,1025692623447950,Full Data,8,887124,260.35,20,09:15:50,284.32,60420,23340,16700,64860,"[{""bid_quantity"":80,""ask_quantity"":120,""bid_orders"":3,""ask_orders"":4,""bid_price"":""259.85"",""ask_price"":""260.70""},{""bid_quantity"":80,""ask_quantity"":120,""bid_orders"":3,""ask_orders"":4,""bid_price"":""259.75"",""ask_price"":""260.80""},{""bid_quantity"":260,""ask_quantity"":80,""bid_orders"":5,""ask_orders"":3,""bid_price"":""259.50"",""ask_price"":""260.85""},{""bid_quantity"":60,""ask_quantity"":20,""bid_orders"":2,""ask_orders"":1,""bid_price"":""259.35"",""ask_price"":""260.90""},{""bid_quantity"":100,""ask_quantity"":20,""bid_orders"":1,""ask_orders"":1,""bid_price"":""259.00"",""ask_price"":""260.95""}]"
09:15:50.247,1790307950247151980,1025692801086127,Full Data,8,886849,550.65,40,09:15:50,529.79,88120,20040,22260,167000,"[{""bid_quantity"":40,""ask_quantity"":180,""bid_orders"":2,""ask_orders"":5,""bid_price"":""549.55"",""ask_price"":""552.15""},{""bid_quantity"":20,""ask_quantity"":60,""bid_orders"":1,""ask_orders"":2,""bid_price"":""549.45"",""ask_price"":""552.20""},{""bid_quantity"":20,""ask_quantity"":260,""bid_orders"":1,""ask_orders"":3,""bid_price"":""549.40"",""ask_price"":""552.30""},{""bid_quantity"":20,""ask_quantity"":40,""bid_orders"":1,""ask_orders"":2,""bid_price"":""549.35"",""ask_price"":""552.35""},{""bid_quantity"":20,""ask_quantity"":60,""bid_orders"":1,""ask_orders"":3,""bid_price"":""549.30"",""ask_price"":""552.40""}]"
09:15:50.259,1790307950259617740,1025692813551607,Full Data,8,887036,438.75,20,09:15:50,475.12,79580,19440,96360,155340,"[{""bid_quantity"":40,""ask_quantity"":40,""bid_orders"":2,""ask_orders"":2,""bid_price"":""438.65"",""ask_price"":""440.00""},{""bid_quantity"":40,""ask_quantity"":20,""bid_orders"":2,""ask_orders"":1,""bid_price"":""438.55"",""ask_price"":""440.05""},{""bid_quantity"":60,""ask_quantity"":20,""bid_orders"":2,""ask_orders"":1,""bid_price"":""438.50"",""ask_price"":""440.10""},{""bid_quantity"":20,""ask_quantity"":60,""bid_orders"":1,""ask_orders"":3,""bid_price"":""438.45"",""ask_price"":""440.35""},{""bid_quantity"":40,""ask_quantity"":20,""bid_orders"":2,""ask_orders"":1,""bid_price"":""438.35"",""ask_price"":""440.40""}]"
09:15:50.290,1790307950290553978,1025692844488165,Full Data,8,886872,230.70,20,09:15:50,260.86,65820,20880,22260,47980,"[{""bid_quantity"":40,""ask_quantity"":80,""bid_orders"":1,""ask_orders"":2,""bid_price"":""230.10"",""ask_price"":""230.90""},{""bid_quantity"":100,""ask_quantity"":20,""bid_orders"":3,""ask_orders"":1,""bid_price"":""230.05"",""ask_price"":""230.95""},{""bid_quantity"":660,""ask_quantity"":40,""bid_orders"":6,""ask_orders"":2,""bid_price"":""230.00"",""ask_price"":""231.00""},{""bid_quantity"":40,""ask_quantity"":60,""bid_orders"":2,""ask_orders"":3,""bid_price"":""229.95"",""ask_price"":""231.05""},{""bid_quantity"":60,""ask_quantity"":40,""bid_orders"":3,""ask_orders"":2,""bid_price"":""229.85"",""ask_price"":""231.10""}]"
09:15:50.301,1790307950301520328,1025692855454275,Full Data,8,886692,935.00,20,09:15:50,907.34,4540,14440,91440,4500,"[{""bid_quantity"":40,""ask_quantity"":60,""bid_orders"":2,""ask_orders"":2,""bid_price"":""937.95"",""ask_price"":""945.80""},{""bid_quantity"":20,""ask_quantity"":40,""bid_orders"":1,""ask_orders"":2,""bid_price"":""937.90"",""ask_price"":""945.85""},{""bid_quantity"":40,""ask_quantity"":40,""bid_orders"":2,""ask_orders"":2,""bid_price"":""937.85"",""ask_price"":""945.90""},{""bid_quantity"":20,""ask_quantity"":40,""bid_orders"":1,""ask_orders"":2,""bid_price"":""937.80"",""ask_price"":""945.95""},{""bid_quantity"":40,""ask_quantity"":40,""bid_orders"":2,""ask_orders"":2,""bid_price"":""937.75"",""ask_price"":""946.00""}]"
09:15:50.358,1790307950358402812,1025692912336759,Full Data,8,886718,322.00,20,09:15:50,358.42,248480,25840,34560,276660,"[{""bid_quantity"":120,""ask_quantity"":180,""bid_orders"":5,""ask_orders"":1,""bid_price"":""320.85"",""ask_price"":""322.00""},{""bid_quantity"":60,""ask_quantity"":40,""bid_orders"":3,""ask_orders"":2,""bid_price"":""320.80"",""ask_price"":""322.20""},{""bid_quantity"":100,""ask_quantity"":120,""bid_orders"":5,""ask_orders"":4,""bid_price"":""320.75"",""ask_price"":""322.40""},{""bid_quantity"":60,""ask_quantity"":60,""bid_orders"":3,""ask_orders"":3,""bid_price"":""320.70"",""ask_price"":""322.45""},{""bid_quantity"":20,""ask_quantity"":80,""bid_orders"":1,""ask_orders"":3,""bid_price"":""320.65"",""ask_price"":""322.55""}]"
09:15:50.370,1790307950370740851,1025692924674838,Full Data,8,887036,438.75,20,09:15:50,475.08,79660,19780,96560,155340,"[{""bid_quantity"":40,""ask_quantity"":40,""bid_orders"":2,""ask_orders"":2,""bid_price"":""438.95"",""ask_price"":""440.15""},{""bid_quantity"":20,""ask_quantity"":40,""bid_orders"":1,""ask_orders"":2,""bid_price"":""438.90"",""ask_price"":""440.25""},{""bid_quantity"":20,""ask_quantity"":100,""bid_orders"":1,""ask_orders"":4,""bid_price"":""438.85"",""ask_price"":""440.55""},{""bid_quantity"":120,""ask_quantity"":20,""bid_orders"":4,""ask_orders"":1,""bid_price"":""438.75"",""ask_price"":""440.60""},{""bid_quantity"":80,""ask_quantity"":60,""bid_orders"":3,""ask_orders"":2,""bid_price"":""438.60"",""ask_price"":""440.90""}]"
09:15:50.393,1790307950393373996,1025692947308183,Full Data,8,886872,230.10,20,09:15:50,260.82,65900,20740,21800,47980,"[{""bid_quantity"":80,""ask_quantity"":80,""bid_orders"":3,""ask_orders"":2,""bid_price"":""230.05"",""ask_price"":""230.90""},{""bid_quantity"":420,""ask_quantity"":60,""bid_orders"":6,""ask_orders"":2,""bid_price"":""230.00"",""ask_price"":""231.30""},{""bid_quantity"":40,""ask_quantity"":60,""bid_orders"":2,""ask_orders"":3,""bid_price"":""229.90"",""ask_price"":""231.45""},{""bid_quantity"":40,""ask_quantity"":80,""bid_orders"":2,""ask_orders"":2,""bid_price"":""229.85"",""ask_price"":""231.55""},{""bid_quantity"":60,""ask_quantity"":100,""bid_orders"":1,""ask_orders"":1,""bid_price"":""229.60"",""ask_price"":""231.75""}]"
09:15:50.394,1790307950394209921,1025692948143708,Full Data,8,886849,550.65,40,09:15:50,529.79,88120,20000,23760,167000,"[{""bid_quantity"":40,""ask_quantity"":20,""bid_orders"":2,""ask_orders"":1,""bid_price"":""549.10"",""ask_price"":""550.75""},{""bid_quantity"":60,""ask_quantity"":60,""bid_orders"":3,""ask_orders"":2,""bid_price"":""548.90"",""ask_price"":""550.80""},{""bid_quantity"":40,""ask_quantity"":80,""bid_orders"":2,""ask_orders"":3,""bid_price"":""548.70"",""ask_price"":""550.85""},{""bid_quantity"":80,""ask_quantity"":220,""bid_orders"":3,""ask_orders"":2,""bid_price"":""548.40"",""ask_price"":""550.90""},{""bid_quantity"":100,""ask_quantity"":20,""bid_orders"":4,""ask_orders"":1,""bid_price"":""548.15"",""ask_price"":""550.95""}]"
09:15:50.453,1790307950453837823,1025693007772090,Full Data,8,886692,935.00,20,09:15:50,907.34,4540,14640,93500,4500,"[{""bid_quantity"":80,""ask_quantity"":40,""bid_orders"":4,""ask_orders"":2,""bid_price"":""938.20"",""ask_price"":""944.25""},{""bid_quantity"":40,""ask_quantity"":40,""bid_orders"":2,""ask_orders"":1,""bid_price"":""938.05"",""ask_price"":""944.35""},{""bid_quantity"":60,""ask_quantity"":40,""bid_orders"":3,""ask_orders"":2,""bid_price"":""937.90"",""ask_price"":""944.40""},{""bid_quantity"":40,""ask_quantity"":20,""bid_orders"":2,""ask_orders"":1,""bid_price"":""937.85"",""ask_price"":""944.45""},{""bid_quantity"":40,""ask_quantity"":40,""bid_orders"":2,""ask_orders"":2,""bid_price"":""937.80"",""ask_price"":""944.50""}]"
09:15:50.455,1790307950455873636,1025693009807463,Full Data,8,886776,396.60,20,09:15:50,429.48,67820,21520,99540,67800,"[{""bid_quantity"":140,""ask_quantity"":40,""bid_orders"":2,""ask_orders"":2,""bid_price"":""396.00"",""ask_price"":""397.35""},{""bid_quantity"":60,""ask_quantity"":20,""bid_orders"":2,""ask_orders"":1,""bid_price"":""395.80"",""ask_price"":""397.40""},{""bid_quantity"":20,""ask_quantity"":60,""bid_orders"":1,""ask_orders"":3,""bid_price"":""395.60"",""ask_price"":""397.45""},{""bid_quantity"":20,""ask_quantity"":40,""bid_orders"":1,""ask_orders"":2,""bid_price"":""395.55"",""ask_price"":""397.55""},{""bid_quantity"":100,""ask_quantity"":20,""bid_orders"":1,""ask_orders"":1,""bid_price"":""395.40"",""ask_price"":""397.60""}]"
09:15:50.492,1790307950492755632,1025693046689739,Full Data,8,886747,797.30,20,09:15:50,772.02,19720,16980,92460,5900,"[{""bid_quantity"":80,""ask_quantity"":60,""bid_orders"":4,""ask_orders"":3,""bid_price"":""796.50"",""ask_price"":""801.35""},{""bid_quantity"":40,""ask_quantity"":60,""bid_orders"":2,""ask_orders"":3,""bid_price"":""796.45"",""ask_price"":""801.45""},{""bid_quantity"":40,""ask_quantity"":60,""bid_orders"":2,""ask_orders"":3,""bid_price"":""796.40"",""ask_price"":""801.55""},{""bid_quantity"":40,""ask_quantity"":60,""bid_orders"":2,""ask_orders"":3,""bid_price"":""796.30"",""ask_price"":""801.65""},{""bid_quantity"":20,""ask_quantity"":60,""bid_orders"":1,""ask_orders"":3,""bid_price"":""796.25"",""ask_price"":""801.75""}]"
09:15:50.521,1790307950521983619,1025693075917446,Full Data,8,886747,797.30,20,09:15:50,772.02,19720,16580,91920,5900,"[{""bid_quantity"":80,""ask_quantity"":60,""bid_orders"":4,""ask_orders"":3,""bid_price"":""798.85"",""ask_price"":""802.10""},{""bid_quantity"":60,""ask_quantity"":60,""bid_orders"":3,""ask_orders"":3,""bid_price"":""798.75"",""ask_price"":""802.45""},{""bid_quantity"":60,""ask_quantity"":60,""bid_orders"":3,""ask_orders"":3,""bid_price"":""798.65"",""ask_price"":""802.80""},{""bid_quantity"":60,""ask_quantity"":40,""bid_orders"":3,""ask_orders"":2,""bid_price"":""798.55"",""ask_price"":""803.15""},{""bid_quantity"":20,""ask_quantity"":20,""bid_orders"":1,""ask_orders"":1,""bid_price"":""798.50"",""ask_price"":""803.50""}]"
09:15:50.553,1790307950553689822,1025693107623969,Full Data,8,886805,674.70,40,09:15:50,651.63,86460,18220,133840,42420,"[{""bid_quantity"":340,""ask_quantity"":80,""bid_orders"":2,""ask_orders"":3,""bid_price"":""672.35"",""ask_price"":""674.70""},{""bid_quantity"":40,""ask_quantity"":20,""bid_orders"":2,""ask_orders"":1,""bid_price"":""672.30"",""ask_price"":""674.75""},{""bid_quantity"":40,""ask_quantity"":60,""bid_orders"":2,""ask_orders"":3,""bid_price"":""672.05"",""ask_price"":""674.80""},{""bid_quantity"":220,""ask_quantity"":40,""bid_orders"":3,""ask_orders"":2,""bid_price"":""672.00"",""ask_price"":""674.85""},{""bid_quantity"":20,""ask_quantity"":20,""bid_orders"":1,""ask_orders"":1,""bid_price"":""671.80"",""ask_price"":""675.20""}]"
09:15:50.565,1790307950565751179,1025693119685086,Ticker Data,0,51,73691.72,,09:15:50,,,,,,
09:15:50.575,1790307950575354801,1025693129288588,Full Data,8,886805,673.90,20,09:15:50,651.64,86500,19220,133660,42420,"[{""bid_quantity"":20,""ask_quantity"":60,""bid_orders"":1,""ask_orders"":1,""bid_price"":""671.85"",""ask_price"":""674.90""},{""bid_quantity"":40,""ask_quantity"":200,""bid_orders"":2,""ask_orders"":3,""bid_price"":""671.80"",""ask_price"":""674.95""},{""bid_quantity"":40,""ask_quantity"":100,""bid_orders"":2,""ask_orders"":3,""bid_price"":""671.70"",""ask_price"":""675.00""},{""bid_quantity"":40,""ask_quantity"":20,""bid_orders"":1,""ask_orders"":1,""bid_price"":""671.55"",""ask_price"":""675.05""},{""bid_quantity"":20,""ask_quantity"":220,""bid_orders"":1,""ask_orders"":3,""bid_price"":""671.50"",""ask_price"":""675.10""}]"
09:15:50.792,1790307950792281029,1025693346215216,Full Data,8,887017,738.45,20,09:15:50,699.63,138920,19320,165840,74320,"[{""bid_quantity"":60,""ask_quantity"":80,""bid_orders"":3,""ask_orders"":4,""bid_price"":""737.90"",""ask_price"":""740.15""},{""bid_quantity"":20,""ask_quantity"":40,""bid_orders"":1,""ask_orders"":2,""bid_price"":""737.85"",""ask_price"":""740.20""},{""bid_quantity"":20,""ask_quantity"":100,""bid_orders"":1,""ask_orders"":2,""bid_price"":""737.70"",""ask_price"":""740.25""},{""bid_quantity"":20,""ask_quantity"":100,""bid_orders"":1,""ask_orders"":2,""bid_price"":""737.65"",""ask_price"":""740.40""},{""bid_quantity"":20,""ask_quantity"":20,""bid_orders"":1,""ask_orders"":1,""bid_price"":""737.45"",""ask_price"":""740.50""}]"
09:15:50.833,1790307950833532213,1025693387466520,Full Data,8,886924,288.00,20,09:15:50,323.41,63280,23440,18800,59380,"[{""bid_quantity"":80,""ask_quantity"":120,""bid_orders"":3,""ask_orders"":6,""bid_price"":""285.25"",""ask_price"":""286.85""},{""bid_quantity"":200,""ask_quantity"":40,""bid_orders"":4,""ask_orders"":2,""bid_price"":""285.10"",""ask_price"":""286.90""},{""bid_quantity"":400,""ask_quantity"":80,""bid_orders"":7,""ask_orders"":4,""bid_price"":""285.00"",""ask_price"":""286.95""},{""bid_quantity"":60,""ask_quantity"":80,""bid_orders"":2,""ask_orders"":4,""bid_price"":""284.60"",""ask_price"":""287.00""},{""bid_quantity"":60,""ask_quantity"":100,""bid_orders"":2,""ask_orders"":4,""bid_price"":""284.55"",""ask_price"":""287.05""}]"
09:15:50.855,1790307950855948677,1025693409882584,Full Data,8,886924,288.00,20,09:15:50,323.41,63280,25500,18880,59380,"[{""bid_quantity"":80,""ask_quantity"":120,""bid_orders"":3,""ask_orders"":6,""bid_price"":""285.05"",""ask_price"":""286.45""},{""bid_quantity"":180,""ask_quantity"":20,""bid_orders"":5,""ask_orders"":1,""bid_price"":""285.00"",""ask_price"":""286.50""},{""bid_quantity"":80,""ask_quantity"":80,""bid_orders"":3,""ask_orders"":4,""bid_price"":""284.80"",""ask_price"":""286.55""},{""bid_quantity"":220,""ask_quantity"":180,""bid_orders"":5,""ask_orders"":3,""bid_price"":""284.75"",""ask_price"":""286.60""},{""bid_quantity"":20,""ask_quantity"":80,""bid_orders"":1,""ask_orders"":4,""bid_price"":""284.65"",""ask_price"":""286.65""}]"
09:15:50.905,1790307950905304233,1025693459238540,Full Data,8,886981,355.00,120,09:15:50,395.53,116040,25060,43240,63920,"[{""bid_quantity"":160,""ask_quantity"":140,""bid_orders"":6,""ask_orders"":5,""bid_price"":""355.00"",""ask_price"":""355.90""},{""bid_quantity"":60,""ask_quantity"":100,""bid_orders"":3,""ask_orders"":5,""bid_price"":""354.55"",""ask_price"":""356.05""},{""bid_quantity"":60,""ask_quantity"":60,""bid_orders"":3,""ask_orders"":3,""bid_price"":""354.50"",""ask_price"":""356.20""},{""bid_quantity"":380,""ask_quantity"":80,""bid_orders"":5,""ask_orders"":4,""bid_price"":""354.20"",""ask_price"":""356.35""},{""bid_quantity"":40,""ask_quantity"":40,""bid_orders"":1,""ask_orders"":2,""bid_price"":""354.05"",""ask_price"":""356.45""}]"
09:15:50.930,1790307950930300953,1025693484234940,Full Data,8,887017,738.35,20,09:15:50,699.67,139080,19780,165560,74320,"[{""bid_quantity"":60,""ask_quantity"":60,""bid_orders"":3,""ask_orders"":2,""bid_price"":""737.70"",""ask_price"":""740.00""},{""bid_quantity"":60,""ask_quantity"":60,""bid_orders"":3,""ask_orders"":3,""bid_price"":""737.65"",""ask_price"":""740.05""},{""bid_quantity"":40,""ask_quantity"":80,""bid_orders"":2,""ask_orders"":4,""bid_price"":""737.45"",""ask_price"":""740.15""},{""bid_quantity"":40,""ask_quantity"":60,""bid_orders"":2,""ask_orders"":3,""bid_price"":""737.30"",""ask_price"":""740.20""},{""bid_quantity"":260,""ask_quantity"":40,""bid_orders"":3,""ask_orders"":1,""bid_price"":""736.95"",""ask_price"":""740.50""}]"
09:15:50.947,1790307950947468023,1025693501402010,Full Data,8,886572,614.85,40,09:15:50,590.12,96140,24400,103040,92640,"[{""bid_quantity"":80,""ask_quantity"":280,""bid_orders"":3,""ask_orders"":3,""bid_price"":""612.65"",""ask_price"":""614.35""},{""bid_quantity"":80,""ask_quantity"":80,""bid_orders"":3,""ask_orders"":3,""bid_price"":""612.55"",""ask_price"":""614.45""},{""bid_quantity"":60,""ask_quantity"":40,""bid_orders"":3,""ask_orders"":2,""bid_price"":""612.50"",""ask_price"":""614.50""},{""bid_quantity"":40,""ask_quantity"":40,""bid_orders"":2,""ask_orders"":2,""bid_price"":""612.45"",""ask_price"":""614.55""},{""bid_quantity"":20,""ask_quantity"":20,""bid_orders"":1,""ask_orders"":1,""bid_price"":""612.40"",""ask_price"":""614.70""}]"
09:15:50.986,1790307950986881795,1025693540815982,Full Data,8,886572,614.85,40,09:15:50,590.12,96140,22700,102360,92640,"[{""bid_quantity"":40,""ask_quantity"":20,""bid_orders"":1,""ask_orders"":1,""bid_price"":""612.80"",""ask_price"":""613.95""},{""bid_quantity"":40,""ask_quantity"":40,""bid_orders"":2,""ask_orders"":2,""bid_price"":""612.75"",""ask_price"":""614.10""},{""bid_quantity"":40,""ask_quantity"":140,""bid_orders"":1,""ask_orders"":3,""bid_price"":""612.70"",""ask_price"":""614.25""},{""bid_quantity"":40,""ask_quantity"":100,""bid_orders"":2,""ask_orders"":5,""bid_price"":""612.65"",""ask_price"":""614.30""},{""bid_quantity"":20,""ask_quantity"":60,""bid_orders"":1,""ask_orders"":2,""bid_price"":""612.60"",""ask_price"":""614.45""}]"
09:15:51.031,1790307951031100158,1025693585034345,Full Data,8,886951,861.80,20,09:15:50,834.73,8540,16620,95220,6000,"[{""bid_quantity"":60,""ask_quantity"":60,""bid_orders"":3,""ask_orders"":3,""bid_price"":""870.55"",""ask_price"":""876.00""},{""bid_quantity"":60,""ask_quantity"":80,""bid_orders"":3,""ask_orders"":4,""bid_price"":""870.50"",""ask_price"":""876.05""},{""bid_quantity"":60,""ask_quantity"":40,""bid_orders"":3,""ask_orders"":2,""bid_price"":""870.35"",""ask_price"":""876.35""},{""bid_quantity"":60,""ask_quantity"":60,""bid_orders"":3,""ask_orders"":3,""bid_price"":""870.20"",""ask_price"":""878.15""},{""bid_quantity"":80,""ask_quantity"":140,""bid_orders"":1,""ask_orders"":3,""bid_price"":""870.15"",""ask_price"":""878.80""}]"
09:15:51.044,1790307951044638525,1025693598572392,Full Data,8,886951,861.80,20,09:15:50,834.73,8540,16840,95780,6000,"[{""bid_quantity"":40,""ask_quantity"":60,""bid_orders"":2,""ask_orders"":3,""bid_price"":""871.10"",""ask_price"":""876.00""},{""bid_quantity"":60,""ask_quantity"":80,""bid_orders"":3,""ask_orders"":4,""bid_price"":""871.05"",""ask_price"":""876.05""},{""bid_quantity"":60,""ask_quantity"":60,""bid_orders"":3,""ask_orders"":3,""bid_price"":""870.90"",""ask_price"":""878.15""},{""bid_quantity"":60,""ask_quantity"":140,""bid_orders"":3,""ask_orders"":3,""bid_price"":""870.85"",""ask_price"":""878.80""},{""bid_quantity"":120,""ask_quantity"":40,""bid_orders"":5,""ask_orders"":2,""bid_price"":""870.80"",""ask_price"":""886.30""}]"
09:15:51.105,1790307951105711036,1025693659645183,Full Data,8,887124,257.20,20,09:15:50,284.19,60720,24320,18560,64860,"[{""bid_quantity"":20,""ask_quantity"":60,""bid_orders"":1,""ask_orders"":3,""bid_price"":""255.00"",""ask_price"":""255.70""},{""bid_quantity"":80,""ask_quantity"":60,""bid_orders"":3,""ask_orders"":2,""bid_price"":""254.80"",""ask_price"":""255.80""},{""bid_quantity"":80,""ask_quantity"":120,""bid_orders"":3,""ask_orders"":5,""bid_price"":""254.65"",""ask_price"":""255.90""},{""bid_quantity"":40,""ask_quantity"":60,""bid_orders"":2,""ask_orders"":2,""bid_price"":""254.60"",""ask_price"":""256.00""},{""bid_quantity"":60,""ask_quantity"":100,""bid_orders"":2,""ask_orders"":4,""bid_price"":""254.55"",""ask_price"":""256.05""}]"
09:15:51.138,1790307951138428365,1025693692362472,Full Data,8,887124,255.95,20,09:15:51,284.11,60880,23980,19220,64860,"[{""bid_quantity"":60,""ask_quantity"":60,""bid_orders"":3,""ask_orders"":2,""bid_price"":""255.85"",""ask_price"":""256.70""},{""bid_quantity"":60,""ask_quantity"":60,""bid_orders"":2,""ask_orders"":2,""bid_price"":""255.80"",""ask_price"":""256.80""},{""bid_quantity"":40,""ask_quantity"":60,""bid_orders"":2,""ask_orders"":2,""bid_price"":""255.75"",""ask_price"":""256.90""},{""bid_quantity"":20,""ask_quantity"":20,""bid_orders"":1,""ask_orders"":1,""bid_price"":""255.60"",""ask_price"":""256.95""},{""bid_quantity"":40,""ask_quantity"":40,""bid_orders"":1,""ask_orders"":1,""bid_price"":""255.55"",""ask_price"":""257.00""}]"
09:15:51.326,1790307951326214287,1025693880148554,Full Data,8,887036,436.65,20,09:15:51,474.59,80740,20000,96900,155340,"[{""bid_quantity"":40,""ask_quantity"":20,""bid_orders"":2,""ask_orders"":1,""bid_price"":""436.60"",""ask_price"":""437.80""},{""bid_quantity"":80,""ask_quantity"":40,""bid_orders"":2,""ask_orders"":2,""bid_price"":""436.45"",""ask_price"":""437.85""},{""bid_quantity"":160,""ask_quantity"":20,""bid_orders"":5,""ask_orders"":1,""bid_price"":""436.35"",""ask_price"":""437.90""},{""bid_quantity"":80,""ask_quantity"":60,""bid_orders"":4,""ask_orders"":3,""bid_price"":""436.25"",""ask_price"":""437.95""},{""bid_quantity"":40,""ask_quantity"":60,""bid_orders"":2,""ask_orders"":3,""bid_price"":""436.10"",""ask_price"":""438.00""}]"
09:15:51.352,1790307951352653056,1025693906586883,Full Data,8,886872,228.80,40,09:15:51,260.44,66720,21040,21960,47980,"[{""bid_quantity"":60,""ask_quantity"":220,""bid_orders"":3,""ask_orders"":3,""bid_price"":""228.85"",""ask_price"":""229.65""},{""bid_quantity"":60,""ask_quantity"":60,""bid_orders"":2,""ask_orders"":3,""bid_price"":""228.80"",""ask_price"":""229.90""},{""bid_quantity"":60,""ask_quantity"":60,""bid_orders"":3,""ask_orders"":2,""bid_price"":""228.75"",""ask_price"":""230.00""},{""bid_quantity"":60,""ask_quantity"":40,""bid_orders"":2,""ask_orders"":2,""bid_price"":""228.70"",""ask_price"":""230.05""},{""bid_quantity"":100,""ask_quantity"":80,""bid_orders"":3,""ask_orders"":2,""bid_price"":""228.60"",""ask_price"":""230.35""}]"
09:15:51.358,1790307951358088411,1025693912022238,Full Data,8,886718,320.50,40,09:15:51,357.64,253600,27920,33760,276660,"[{""bid_quantity"":100,""ask_quantity"":60,""bid_orders"":3,""ask_orders"":3,""bid_price"":""319.10"",""ask_price"":""320.35""},{""bid_quantity"":60,""ask_quantity"":60,""bid_orders"":3,""ask_orders"":3,""bid_price"":""319.05"",""ask_price"":""320.40""},{""bid_quantity"":140,""ask_quantity"":40,""bid_orders"":5,""ask_orders"":2,""bid_price"":""319.00"",""ask_price"":""320.45""},{""bid_quantity"":60,""ask_quantity"":40,""bid_orders"":3,""ask_orders"":2,""bid_price"":""318.95"",""ask_price"":""320.50""},{""bid_quantity"":80,""ask_quantity"":20,""bid_orders"":3,""ask_orders"":1,""bid_price"":""318.90"",""ask_price"":""320.60""}]"
09:15:51.381,1790307951381848203,1025693935781990,Full Data,8,886849,554.55,60,09:15:51,530.32,90100,21960,23600,167000,"[{""bid_quantity"":60,""ask_quantity"":40,""bid_orders"":3,""ask_orders"":2,""bid_price"":""552.85"",""ask_price"":""554.55""},{""bid_quantity"":60,""ask_quantity"":200,""bid_orders"":3,""ask_orders"":2,""bid_price"":""552.65"",""ask_price"":""554.60""},{""bid_quantity"":60,""ask_quantity"":80,""bid_orders"":3,""ask_orders"":4,""bid_price"":""552.45"",""ask_price"":""554.70""},{""bid_quantity"":220,""ask_quantity"":100,""bid_orders"":3,""ask_orders"":5,""bid_price"":""552.30"",""ask_price"":""554.85""},{""bid_quantity"":20,""ask_quantity"":20,""bid_orders"":1,""ask_orders"":1,""bid_price"":""552.10"",""ask_price"":""554.95""}]"
09:15:51.436,1790307951436499993,1025693990433820,Full Data,8,886692,935.00,20,09:15:50,907.34,4540,15880,93380,4500,"[{""bid_quantity"":40,""ask_quantity"":80,""bid_orders"":2,""ask_orders"":4,""bid_price"":""943.80"",""ask_price"":""947.75""},{""bid_quantity"":60,""ask_quantity"":80,""bid_orders"":3,""ask_orders"":3,""bid_price"":""943.75"",""ask_price"":""949.55""},{""bid_quantity"":60,""ask_quantity"":40,""bid_orders"":3,""ask_orders"":2,""bid_price"":""943.45"",""ask_price"":""949.60""},{""bid_quantity"":20,""ask_quantity"":20,""bid_orders"":1,""ask_orders"":1,""bid_price"":""943.20"",""ask_price"":""950.00""},{""bid_quantity"":20,""ask_quantity"":100,""bid_orders"":1,""ask_orders"":1,""bid_price"":""942.95"",""ask_price"":""950.70""}]"
09:15:51.440,1790307951440337417,1025693994271204,Full Data,8,886776,394.50,40,09:15:51,429.10,68560,22820,99640,67800,"[{""bid_quantity"":60,""ask_quantity"":40,""bid_orders"":3,""ask_orders"":2,""bid_price"":""394.45"",""ask_price"":""395.75""},{""bid_quantity"":180,""ask_quantity"":80,""bid_orders"":3,""ask_orders"":4,""bid_price"":""394.40"",""ask_price"":""395.90""},{""bid_quantity"":100,""ask_quantity"":180,""bid_orders"":4,""ask_orders"":4,""bid_price"":""394.35"",""ask_price"":""396.00""},{""bid_quantity"":60,""ask_quantity"":60,""bid_orders"":3,""ask_orders"":3,""bid_price"":""394.25"",""ask_price"":""396.05""},{""bid_quantity"":320,""ask_quantity"":40,""bid_orders"":4,""ask_orders"":1,""bid_price"":""394.20"",""ask_price"":""396.10""}]"
09:15:51.448,1790307951448106387,1025694002040134,Full Data,8,887036,436.60,20,09:15:51,474.58,80760,19820,96960,155340,"[{""bid_quantity"":40,""ask_quantity"":40,""bid_orders"":2,""ask_orders"":2,""bid_price"":""436.70"",""ask_price"":""437.85""},{""bid_quantity"":40,""ask_quantity"":60,""bid_orders"":2,""ask_orders"":3,""bid_price"":""436.60"",""ask_price"":""437.90""},{""bid_quantity"":40,""ask_quantity"":140,""bid_orders"":2,""ask_orders"":3,""bid_price"":""436.50"",""ask_price"":""437.95""},{""bid_quantity"":100,""ask_quantity"":80,""bid_orders"":3,""ask_orders"":4,""bid_price"":""436.45"",""ask_price"":""438.05""},{""bid_quantity"":120,""ask_quantity"":80,""bid_orders"":3,""ask_orders"":3,""bid_price"":""436.40"",""ask_price"":""438.15""}]"
09:15:51.467,1790307951467050508,1025694020984615,Full Data,8,886872,229.60,20,09:15:51,260.43,66740,21020,21960,47980,"[{""bid_quantity"":60,""ask_quantity"":180,""bid_orders"":3,""ask_orders"":2,""bid_price"":""228.80"",""ask_price"":""229.60""},{""bid_quantity"":60,""ask_quantity"":60,""bid_orders"":3,""ask_orders"":3,""bid_price"":""228.75"",""ask_price"":""229.65""},{""bid_quantity"":240,""ask_quantity"":80,""bid_orders"":5,""ask_orders"":3,""bid_price"":""228.60"",""ask_price"":""229.75""},{""bid_quantity"":100,""ask_quantity"":20,""bid_orders"":3,""ask_orders"":1,""bid_price"":""228.55"",""ask_price"":""229.80""},{""bid_quantity"":380,""ask_quantity"":60,""bid_orders"":5,""ask_orders"":3,""bid_price"":""228.50"",""ask_price"":""229.90""}]"
09:15:51.505,1790307951505899517,1025694059833384,Full Data,8,886747,805.25,20,09:15:51,772.50,20020,15360,92580,5900,"[{""bid_quantity"":20,""ask_quantity"":60,""bid_orders"":1,""ask_orders"":3,""bid_price"":""803.70"",""ask_price"":""805.70""},{""bid_quantity"":20,""ask_quantity"":120,""bid_orders"":1,""ask_orders"":2,""bid_price"":""803.65"",""ask_price"":""807.35""},{""bid_quantity"":60,""ask_quantity"":40,""bid_orders"":3,""ask_orders"":2,""bid_price"":""803.60"",""ask_price"":""811.10""},{""bid_quantity"":60,""ask_quantity"":220,""bid_orders"":3,""ask_orders"":3,""bid_price"":""803.50"",""ask_price"":""811.30""},{""bid_quantity"":20,""ask_quantity"":200,""bid_orders"":1,""ask_orders"":2,""bid_price"":""803.35"",""ask_price"":""811.35""}]"
09:15:51.509,1790307951509955223,1025694063889050,Full Data,8,886849,554.55,60,09:15:51,530.32,90100,20340,21820,167000,"[{""bid_quantity"":40,""ask_quantity"":60,""bid_orders"":2,""ask_orders"":3,""bid_price"":""553.55"",""ask_price"":""555.30""},{""bid_quantity"":140,""ask_quantity"":40,""bid_orders"":4,""ask_orders"":2,""bid_price"":""553.50"",""ask_price"":""555.35""},{""bid_quantity"":80,""ask_quantity"":40,""bid_orders"":4,""ask_orders"":2,""bid_price"":""553.30"",""ask_price"":""555.40""},{""bid_quantity"":80,""ask_quantity"":40,""bid_orders"":3,""ask_orders"":1,""bid_price"":""553.20"",""ask_price"":""555.45""},{""bid_quantity"":240,""ask_quantity"":40,""bid_orders"":3,""ask_orders"":2,""bid_price"":""553.00"",""ask_price"":""555.55""}]"
09:15:51.529,1790307951529990511,1025694083924338,Full Data,8,886692,935.00,20,09:15:50,907.34,4540,13400,91700,4500,"[{""bid_quantity"":80,""ask_quantity"":60,""bid_orders"":4,""ask_orders"":3,""bid_price"":""944.55"",""ask_price"":""947.75""},{""bid_quantity"":60,""ask_quantity"":80,""bid_orders"":3,""ask_orders"":3,""bid_price"":""944.50"",""ask_price"":""949.70""},{""bid_quantity"":60,""ask_quantity"":60,""bid_orders"":3,""ask_orders"":3,""bid_price"":""944.25"",""ask_price"":""949.95""},{""bid_quantity"":180,""ask_quantity"":20,""bid_orders"":3,""ask_orders"":1,""bid_price"":""944.15"",""ask_price"":""950.00""},{""bid_quantity"":60,""ask_quantity"":40,""bid_orders"":3,""ask_orders"":2,""bid_price"":""944.10"",""ask_price"":""950.65""}]"
09:15:51.548,1790307951548526670,1025694102460417,Ticker Data,0,51,73692.70,,09:15:51,,,,,,
09:15:51.549,1790307951549401956,1025694103335743,Full Data,8,886747,805.25,20,09:15:51,772.50,20020,15320,93560,5900,"[{""bid_quantity"":40,""ask_quantity"":40,""bid_orders"":2,""ask_orders"":2,""bid_price"":""802.10"",""ask_price"":""805.25""},{""bid_quantity"":40,""ask_quantity"":40,""bid_orders"":2,""ask_orders"":2,""bid_price"":""802.05"",""ask_price"":""805.30""},{""bid_quantity"":40,""ask_quantity"":40,""bid_orders"":2,""ask_orders"":2,""bid_price"":""801.95"",""ask_price"":""805.35""},{""bid_quantity"":40,""ask_quantity"":40,""bid_orders"":2,""ask_orders"":2,""bid_price"":""801.80"",""ask_price"":""805.40""},{""bid_quantity"":20,""ask_quantity"":40,""bid_orders"":1,""ask_orders"":2,""bid_price"":""801.70"",""ask_price"":""805.45""}]"
09:15:51.586,1790307951586299672,1025694140233819,Full Data,8,886805,671.15,160,09:15:51,651.88,87440,19180,135300,42420,"[{""bid_quantity"":40,""ask_quantity"":340,""bid_orders"":2,""ask_orders"":5,""bid_price"":""671.10"",""ask_price"":""673.20""},{""bid_quantity"":60,""ask_quantity"":20,""bid_orders"":3,""ask_orders"":1,""bid_price"":""670.90"",""ask_price"":""673.25""},{""bid_quantity"":40,""ask_quantity"":200,""bid_orders"":2,""ask_orders"":2,""bid_price"":""670.75"",""ask_price"":""673.35""},{""bid_quantity"":100,""ask_quantity"":180,""bid_orders"":1,""ask_orders"":2,""bid_price"":""670.40"",""ask_price"":""673.40""},{""bid_quantity"":20,""ask_quantity"":60,""bid_orders"":1,""ask_orders"":3,""bid_price"":""670.25"",""ask_price"":""673.45""}]"
09:15:51.602,1790307951602726097,1025694156660044,Full Data,8,886805,670.05,20,09:15:51,651.89,87460,21160,135420,42420,"[{""bid_quantity"":40,""ask_quantity"":220,""bid_orders"":2,""ask_orders"":4,""bid_price"":""669.90"",""ask_price"":""671.95""},{""bid_quantity"":60,""ask_quantity"":60,""bid_orders"":3,""ask_orders"":3,""bid_price"":""669.75"",""ask_price"":""672.00""},{""bid_quantity"":40,""ask_quantity"":40,""bid_orders"":2,""ask_orders"":2,""bid_price"":""669.55"",""ask_price"":""672.05""},{""bid_quantity"":60,""ask_quantity"":80,""bid_orders"":2,""ask_orders"":3,""bid_price"":""669.15"",""ask_price"":""672.15""},{""bid_quantity"":20,""ask_quantity"":20,""bid_orders"":1,""ask_orders"":1,""bid_price"":""668.95"",""ask_price"":""672.25""}]"
09:15:51.863,1790307951863966489,1025694417900596,Full Data,8,886924,286.85,40,09:15:51,322.99,64000,25260,17260,59380,"[{""bid_quantity"":40,""ask_quantity"":40,""bid_orders"":1,""ask_orders"":2,""bid_price"":""286.35"",""ask_price"":""287.40""},{""bid_quantity"":80,""ask_quantity"":60,""bid_orders"":4,""ask_orders"":3,""bid_price"":""286.30"",""ask_price"":""287.50""},{""bid_quantity"":120,""ask_quantity"":40,""bid_orders"":4,""ask_orders"":2,""bid_price"":""286.25"",""ask_price"":""287.55""},{""bid_quantity"":140,""ask_quantity"":80,""bid_orders"":4,""ask_orders"":4,""bid_price"":""286.20"",""ask_price"":""287.60""},{""bid_quantity"":20,""ask_quantity"":60,""bid_orders"":1,""ask_orders"":3,""bid_price"":""286.15"",""ask_price"":""287.70""}]"
09:15:51.866,1790307951866064102,1025694419998169,Full Data,8,886924,286.85,40,09:15:51,322.99,64000,25100,17080,59380,"[{""bid_quantity"":60,""ask_quantity"":60,""bid_orders"":2,""ask_orders"":3,""bid_price"":""286.60"",""ask_price"":""287.60""},{""bid_quantity"":100,""ask_quantity"":60,""bid_orders"":5,""ask_orders"":3,""bid_price"":""286.55"",""ask_price"":""287.65""},{""bid_quantity"":80,""ask_quantity"":60,""bid_orders"":3,""ask_orders"":3,""bid_price"":""286.50"",""ask_price"":""287.70""},{""bid_quantity"":20,""ask_quantity"":20,""bid_orders"":1,""ask_orders"":1,""bid_price"":""286.45"",""ask_price"":""287.75""},{""bid_quantity"":80,""ask_quantity"":20,""bid_orders"":4,""ask_orders"":1,""bid_price"":""286.40"",""ask_price"":""287.90""}]"
09:15:51.920,1790307951920756412,1025694474690359,Full Data,8,886981,357.30,20,09:15:51,394.70,118500,25880,45480,63920,"[{""bid_quantity"":60,""ask_quantity"":120,""bid_orders"":3,""ask_orders"":4,""bid_price"":""356.55"",""ask_price"":""357.75""},{""bid_quantity"":80,""ask_quantity"":60,""bid_orders"":4,""ask_orders"":3,""bid_price"":""356.50"",""ask_price"":""357.95""},{""bid_quantity"":60,""ask_quantity"":40,""bid_orders"":3,""ask_orders"":2,""bid_price"":""356.40"",""ask_price"":""358.10""},{""bid_quantity"":80,""ask_quantity"":60,""bid_orders"":4,""ask_orders"":3,""bid_price"":""356.35"",""ask_price"":""358.15""},{""bid_quantity"":20,""ask_quantity"":40,""bid_orders"":1,""ask_orders"":2,""bid_price"":""356.30"",""ask_price"":""358.40""}]"
09:15:51.941,1790307951941587986,1025694495521973,Full Data,8,887017,735.75,20,09:15:51,699.96,140180,20300,166680,74320,"[{""bid_quantity"":60,""ask_quantity"":40,""bid_orders"":2,""ask_orders"":2,""bid_price"":""734.95"",""ask_price"":""737.40""},{""bid_quantity"":160,""ask_quantity"":60,""bid_orders"":5,""ask_orders"":3,""bid_price"":""734.90"",""ask_price"":""737.45""},{""bid_quantity"":20,""ask_quantity"":60,""bid_orders"":1,""ask_orders"":3,""bid_price"":""734.85"",""ask_price"":""737.65""},{""bid_quantity"":20,""ask_quantity"":40,""bid_orders"":1,""ask_orders"":2,""bid_price"":""734.80"",""ask_price"":""737.75""},{""bid_quantity"":20,""ask_quantity"":60,""bid_orders"":1,""ask_orders"":3,""bid_price"":""734.75"",""ask_price"":""737.80""}]"
09:15:51.973,1790307951973040427,1025694526974574,Full Data,8,887017,735.10,20,09:15:51,699.97,140220,20460,166440,74320,"[{""bid_quantity"":60,""ask_quantity"":60,""bid_orders"":3,""ask_orders"":3,""bid_price"":""735.50"",""ask_price"":""738.05""},{""bid_quantity"":40,""ask_quantity"":160,""bid_orders"":2,""ask_orders"":4,""bid_price"":""735.20"",""ask_price"":""738.10""},{""bid_quantity"":60,""ask_quantity"":180,""bid_orders"":3,""ask_orders"":4,""bid_price"":""735.15"",""ask_price"":""738.15""},{""bid_quantity"":380,""ask_quantity"":60,""bid_orders"":4,""ask_orders"":3,""bid_price"":""735.10"",""ask_price"":""738.20""},{""bid_quantity"":20,""ask_quantity"":20,""bid_orders"":1,""ask_orders"":1,""bid_price"":""734.95"",""ask_price"":""738.25""}]"
09:15:52.007,1790307952007319607,1025694561253474,Full Data,8,886572,611.90,20,09:15:51,590.58,98240,20780,101500,92640,"[{""bid_quantity"":280,""ask_quantity"":40,""bid_orders"":3,""ask_orders"":1,""bid_price"":""610.50"",""ask_price"":""611.75""},{""bid_quantity"":60,""ask_quantity"":20,""bid_orders"":3,""ask_orders"":1,""bid_price"":""610.35"",""ask_price"":""611.80""},{""bid_quantity"":60,""ask_quantity"":40,""bid_orders"":3,""ask_orders"":1,""bid_price"":""610.20"",""ask_price"":""611.85""},{""bid_quantity"":20,""ask_quantity"":20,""bid_orders"":1,""ask_orders"":1,""bid_price"":""610.15"",""ask_price"":""611.90""},{""bid_quantity"":80,""ask_quantity"":40,""bid_orders"":2,""ask_orders"":2,""bid_price"":""610.10"",""ask_price"":""612.05""}]"
09:15:52.043,1790307952043852800,1025694597786627,Full Data,8,886572,611.75,40,09:15:52,590.61,98380,20760,101480,92640,"[{""bid_quantity"":40,""ask_quantity"":80,""bid_orders"":2,""ask_orders"":4,""bid_price"":""610.25"",""ask_price"":""611.85""},{""bid_quantity"":20,""ask_quantity"":80,""bid_orders"":1,""ask_orders"":3,""bid_price"":""610.15"",""ask_price"":""612.10""},{""bid_quantity"":20,""ask_quantity"":60,""bid_orders"":1,""ask_orders"":2,""bid_price"":""610.10"",""ask_price"":""612.15""},{""bid_quantity"":100,""ask_quantity"":100,""bid_orders"":3,""ask_orders"":2,""bid_price"":""609.95"",""ask_price"":""612.20""},{""bid_quantity"":60,""ask_quantity"":40,""bid_orders"":3,""ask_orders"":2,""bid_price"":""609.90"",""ask_price"":""612.25""}]"
09:15:52.083,1790307952083187732,1025694637121639,Full Data,8,886951,861.80,20,09:15:50,834.73,8540,15580,93800,6000,"[{""bid_quantity"":80,""ask_quantity"":60,""bid_orders"":4,""ask_orders"":3,""bid_price"":""868.35"",""ask_price"":""874.35""},{""bid_quantity"":60,""ask_quantity"":40,""bid_orders"":3,""ask_orders"":2,""bid_price"":""868.30"",""ask_price"":""874.70""},{""bid_quantity"":60,""ask_quantity"":40,""bid_orders"":3,""ask_orders"":2,""bid_price"":""868.20"",""ask_price"":""874.80""},{""bid_quantity"":80,""ask_quantity"":20,""bid_orders"":4,""ask_orders"":1,""bid_price"":""868.15"",""ask_price"":""874.90""},{""bid_quantity"":160,""ask_quantity"":180,""bid_orders"":4,""ask_orders"":3,""bid_price"":""868.10"",""ask_price"":""875.20""}]"
09:15:52.121,1790307952121706179,1025694675640166,Full Data,8,886951,861.80,20,09:15:50,834.73,8540,15260,93800,6000,"[{""bid_quantity"":60,""ask_quantity"":60,""bid_orders"":3,""ask_orders"":3,""bid_price"":""870.50"",""ask_price"":""876.00""},{""bid_quantity"":40,""ask_quantity"":40,""bid_orders"":2,""ask_orders"":2,""bid_price"":""870.45"",""ask_price"":""878.10""},{""bid_quantity"":20,""ask_quantity"":40,""bid_orders"":1,""ask_orders"":2,""bid_price"":""870.35"",""ask_price"":""878.15""},{""bid_quantity"":60,""ask_quantity"":120,""bid_orders"":3,""ask_orders"":2,""bid_price"":""870.30"",""ask_price"":""878.40""},{""bid_quantity"":340,""ask_quantity"":40,""bid_orders"":7,""ask_orders"":1,""bid_price"":""870.20"",""ask_price"":""884.75""}]"
09:15:52.167,1790307952167499032,1025694721433419,Full Data,8,887124,256.35,20,09:15:52,283.98,61180,23400,16400,64860,"[{""bid_quantity"":80,""ask_quantity"":80,""bid_orders"":3,""ask_orders"":3,""bid_price"":""255.05"",""ask_price"":""255.90""},{""bid_quantity"":40,""ask_quantity"":80,""bid_orders"":2,""ask_orders"":4,""bid_price"":""255.00"",""ask_price"":""255.95""},{""bid_quantity"":100,""ask_quantity"":200,""bid_orders"":4,""ask_orders"":4,""bid_price"":""254.95"",""ask_price"":""256.00""},{""bid_quantity"":80,""ask_quantity"":60,""bid_orders"":3,""ask_orders"":3,""bid_price"":""254.80"",""ask_price"":""256.05""},{""bid_quantity"":240,""ask_quantity"":120,""bid_orders"":4,""ask_orders"":3,""bid_price"":""254.50"",""ask_price"":""256.15""}]"
09:15:52.201,1790307952201538130,1025694755472037,Full Data,8,887124,256.35,20,09:15:52,283.98,61180,21620,17500,64860,"[{""bid_quantity"":40,""ask_quantity"":60,""bid_orders"":1,""ask_orders"":3,""bid_price"":""256.30"",""ask_price"":""257.30""},{""bid_quantity"":60,""ask_quantity"":40,""bid_orders"":3,""ask_orders"":2,""bid_price"":""256.25"",""ask_price"":""258.30""},{""bid_quantity"":40,""ask_quantity"":80,""bid_orders"":2,""ask_orders"":3,""bid_price"":""256.20"",""ask_price"":""258.35""},{""bid_quantity"":60,""ask_quantity"":100,""bid_orders"":2,""ask_orders"":2,""bid_price"":""256.15"",""ask_price"":""258.45""},{""bid_quantity"":160,""ask_quantity"":180,""bid_orders"":2,""ask_orders"":4,""bid_price"":""256.10"",""ask_price"":""258.50""}]"
09:15:52.343,1790307952343995401,1025694897929628,Full Data,8,886718,320.60,40,09:15:52,356.93,258780,28560,33040,276660,"[{""bid_quantity"":80,""ask_quantity"":200,""bid_orders"":2,""ask_orders"":2,""bid_price"":""318.65"",""ask_price"":""320.05""},{""bid_quantity"":40,""ask_quantity"":160,""bid_orders"":2,""ask_orders"":1,""bid_price"":""318.60"",""ask_price"":""320.10""},{""bid_quantity"":40,""ask_quantity"":80,""bid_orders"":1,""ask_orders"":1,""bid_price"":""318.55"",""ask_price"":""320.20""},{""bid_quantity"":40,""ask_quantity"":60,""bid_orders"":1,""ask_orders"":3,""bid_price"":""318.50"",""ask_price"":""320.25""},{""bid_quantity"":280,""ask_quantity"":40,""bid_orders"":2,""ask_orders"":2,""bid_price"":""318.45"",""ask_price"":""320.35""}]"
09:15:52.384,1790307952384939063,1025694938873130,Full Data,8,886776,396.65,20,09:15:52,427.83,71220,20020,97760,67800,"[{""bid_quantity"":40,""ask_quantity"":20,""bid_orders"":2,""ask_orders"":1,""bid_price"":""393.90"",""ask_price"":""395.30""},{""bid_quantity"":80,""ask_quantity"":20,""bid_orders"":4,""ask_orders"":1,""bid_price"":""393.80"",""ask_price"":""395.50""},{""bid_quantity"":40,""ask_quantity"":20,""bid_orders"":2,""ask_orders"":1,""bid_price"":""393.75"",""ask_price"":""395.70""},{""bid_quantity"":80,""ask_quantity"":20,""bid_orders"":1,""ask_orders"":1,""bid_price"":""393.55"",""ask_price"":""395.80""},{""bid_quantity"":20,""ask_quantity"":20,""bid_orders"":1,""ask_orders"":1,""bid_price"":""393.50"",""ask_price"":""395.85""}]"
09:15:52.404,1790307952404128066,1025694958061973,Full Data,8,887036,436.65,20,09:15:52,474.36,81220,19980,95700,155340,"[{""bid_quantity"":20,""ask_quantity"":40,""bid_orders"":1,""ask_orders"":2,""bid_price"":""435.90"",""ask_price"":""437.35""},{""bid_quantity"":40,""ask_quantity"":20,""bid_orders"":2,""ask_orders"":1,""bid_price"":""435.80"",""ask_price"":""437.40""},{""bid_quantity"":80,""ask_quantity"":20,""bid_orders"":3,""ask_orders"":1,""bid_price"":""435.70"",""ask_price"":""437.50""},{""bid_quantity"":140,""ask_quantity"":20,""bid_orders"":2,""ask_orders"":1,""bid_price"":""435.60"",""ask_price"":""437.60""},{""bid_quantity"":20,""ask_quantity"":40,""bid_orders"":1,""ask_orders"":2,""bid_price"":""435.55"",""ask_price"":""437.75""}]"
09:15:52.434,1790307952434493541,1025694988427368,Full Data,8,886872,229.60,20,09:15:52,260.35,66900,21220,21820,47980,"[{""bid_quantity"":60,""ask_quantity"":180,""bid_orders"":2,""ask_orders"":2,""bid_price"":""228.85"",""ask_price"":""229.80""},{""bid_quantity"":20,""ask_quantity"":160,""bid_orders"":1,""ask_orders"":1,""bid_price"":""228.80"",""ask_price"":""229.90""},{""bid_quantity"":60,""ask_quantity"":20,""bid_orders"":2,""ask_orders"":1,""bid_price"":""228.55"",""ask_price"":""230.05""},{""bid_quantity"":40,""ask_quantity"":40,""bid_orders"":2,""ask_orders"":1,""bid_price"":""228.50"",""ask_price"":""230.20""},{""bid_quantity"":60,""ask_quantity"":60,""bid_orders"":2,""ask_orders"":3,""bid_price"":""228.45"",""ask_price"":""230.25""}]"
09:15:52.438,1790307952438187724,1025694992121551,Full Data,8,887036,436.65,20,09:15:52,474.36,81220,19540,95780,155340,"[{""bid_quantity"":40,""ask_quantity"":20,""bid_orders"":2,""ask_orders"":1,""bid_price"":""435.15"",""ask_price"":""435.90""},{""bid_quantity"":60,""ask_quantity"":40,""bid_orders"":3,""ask_orders"":2,""bid_price"":""435.05"",""ask_price"":""436.00""},{""bid_quantity"":80,""ask_quantity"":60,""bid_orders"":4,""ask_orders"":3,""bid_price"":""435.00"",""ask_price"":""436.55""},{""bid_quantity"":20,""ask_quantity"":100,""bid_orders"":1,""ask_orders"":5,""bid_price"":""434.95"",""ask_price"":""436.75""},{""bid_quantity"":120,""ask_quantity"":40,""bid_orders"":5,""ask_orders"":2,""bid_price"":""434.90"",""ask_price"":""436.85""}]"
09:15:52.444,1790307952444513005,1025694998446792,Full Data,8,886872,229.60,20,09:15:52,260.35,66900,22220,21600,47980,"[{""bid_quantity"":60,""ask_quantity"":40,""bid_orders"":3,""ask_orders"":2,""bid_price"":""228.05"",""ask_price"":""228.70""},{""bid_quantity"":80,""ask_quantity"":80,""bid_orders"":3,""ask_orders"":3,""bid_price"":""227.85"",""ask_price"":""228.90""},{""bid_quantity"":80,""ask_quantity"":80,""bid_orders"":3,""ask_orders"":3,""bid_price"":""227.75"",""ask_price"":""229.00""},{""bid_quantity"":240,""ask_quantity"":100,""bid_orders"":4,""ask_orders"":4,""bid_price"":""227.70"",""ask_price"":""229.10""},{""bid_quantity"":360,""ask_quantity"":60,""bid_orders"":5,""ask_orders"":3,""bid_price"":""227.50"",""ask_price"":""229.15""}]"
09:15:52.467,1790307952467369271,1025695021303058,Full Data,8,886849,553.30,80,09:15:52,530.47,90680,19900,22320,167000,"[{""bid_quantity"":40,""ask_quantity"":60,""bid_orders"":2,""ask_orders"":3,""bid_price"":""553.10"",""ask_price"":""554.65""},{""bid_quantity"":40,""ask_quantity"":60,""bid_orders"":2,""ask_orders"":3,""bid_price"":""553.05"",""ask_price"":""554.75""},{""bid_quantity"":280,""ask_quantity"":60,""bid_orders"":5,""ask_orders"":3,""bid_price"":""553.00"",""ask_price"":""554.80""},{""bid_quantity"":80,""ask_quantity"":60,""bid_orders"":3,""ask_orders"":3,""bid_price"":""552.90"",""ask_price"":""554.85""},{""bid_quantity"":60,""ask_quantity"":60,""bid_orders"":3,""ask_orders"":3,""bid_price"":""552.80"",""ask_price"":""554.95""}]"
09:15:52.482,1790307952482091045,1025695036025032,Full Data,8,886692,944.20,20,09:15:52,907.67,4580,15420,91120,4500,"[{""bid_quantity"":20,""ask_quantity"":60,""bid_orders"":1,""ask_orders"":3,""bid_price"":""943.75"",""ask_price"":""948.25""},{""bid_quantity"":40,""ask_quantity"":60,""bid_orders"":2,""ask_orders"":2,""bid_price"":""943.70"",""ask_price"":""948.30""},{""bid_quantity"":20,""ask_quantity"":40,""bid_orders"":1,""ask_orders"":2,""bid_price"":""943.65"",""ask_price"":""948.40""},{""bid_quantity"":100,""ask_quantity"":60,""bid_orders"":2,""ask_orders"":3,""bid_price"":""943.55"",""ask_price"":""949.50""},{""bid_quantity"":40,""ask_quantity"":180,""bid_orders"":2,""ask_orders"":3,""bid_price"":""943.45"",""ask_price"":""950.00""}]"
09:15:52.526,1790307952526051327,1025695079985634,Full Data,8,886747,803.25,20,09:15:52,772.64,20120,17560,92080,5900,"[{""bid_quantity"":60,""ask_quantity"":60,""bid_orders"":3,""ask_orders"":3,""bid_price"":""802.10"",""ask_price"":""805.45""},{""bid_quantity"":60,""ask_quantity"":80,""bid_orders"":3,""ask_orders"":4,""bid_price"":""801.85"",""ask_price"":""805.55""},{""bid_quantity"":60,""ask_quantity"":80,""bid_orders"":3,""ask_orders"":4,""bid_price"":""801.75"",""ask_price"":""805.65""},{""bid_quantity"":60,""ask_quantity"":80,""bid_orders"":3,""ask_orders"":4,""bid_price"":""801.65"",""ask_price"":""805.75""},{""bid_quantity"":60,""ask_quantity"":40,""bid_orders"":3,""ask_orders"":2,""bid_price"":""799.65"",""ask_price"":""805.80""}]"
09:15:52.534,1790307952534797103,1025695088731050,Full Data,8,886747,803.25,20,09:15:52,772.64,20120,17280,91660,5900,"[{""bid_quantity"":60,""ask_quantity"":60,""bid_orders"":3,""ask_orders"":3,""bid_price"":""801.70"",""ask_price"":""805.15""},{""bid_quantity"":180,""ask_quantity"":60,""bid_orders"":3,""ask_orders"":3,""bid_price"":""801.45"",""ask_price"":""805.20""},{""bid_quantity"":40,""ask_quantity"":40,""bid_orders"":2,""ask_orders"":2,""bid_price"":""799.70"",""ask_price"":""805.35""},{""bid_quantity"":60,""ask_quantity"":20,""bid_orders"":3,""ask_orders"":1,""bid_price"":""799.65"",""ask_price"":""805.40""},{""bid_quantity"":140,""ask_quantity"":60,""bid_orders"":3,""ask_orders"":3,""bid_price"":""799.55"",""ask_price"":""805.45""}]"
09:15:52.543,1790307952543234237,1025695097168064,Full Data,8,886849,553.30,80,09:15:52,530.47,90680,21820,24120,167000,"[{""bid_quantity"":40,""ask_quantity"":100,""bid_orders"":2,""ask_orders"":5,""bid_price"":""552.50"",""ask_price"":""554.05""},{""bid_quantity"":60,""ask_quantity"":140,""bid_orders"":3,""ask_orders"":3,""bid_price"":""552.45"",""ask_price"":""554.40""},{""bid_quantity"":20,""ask_quantity"":260,""bid_orders"":1,""ask_orders"":5,""bid_price"":""552.35"",""ask_price"":""554.45""},{""bid_quantity"":300,""ask_quantity"":60,""bid_orders"":4,""ask_orders"":3,""bid_price"":""552.30"",""ask_price"":""554.60""},{""bid_quantity"":40,""ask_quantity"":40,""bid_orders"":2,""ask_orders"":2,""bid_price"":""552.20"",""ask_price"":""554.65""}]"
09:15:52.548,1790307952548234229,1025695102168056,Ticker Data,0,51,73712.12,,09:15:52,,,,,,
09:15:52.556,1790307952556337881,1025695110271708,Full Data,8,886692,944.20,20,09:15:52,907.67,4580,16440,92980,4500,"[{""bid_quantity"":40,""ask_quantity"":20,""bid_orders"":2,""ask_orders"":1,""bid_price"":""943.30"",""ask_price"":""947.90""},{""bid_quantity"":40,""ask_quantity"":40,""bid_orders"":2,""ask_orders"":1,""bid_price"":""943.25"",""ask_price"":""947.95""},{""bid_quantity"":40,""ask_quantity"":60,""bid_orders"":2,""ask_orders"":3,""bid_price"":""943.20"",""ask_price"":""948.00""},{""bid_quantity"":40,""ask_quantity"":20,""bid_orders"":2,""ask_orders"":1,""bid_price"":""943.10"",""ask_price"":""949.55""},{""bid_quantity"":40,""ask_quantity"":40,""bid_orders"":2,""ask_orders"":2,""bid_price"":""943.00"",""ask_price"":""949.60""}]"
09:15:52.600,1790307952600545443,1025695154479751,Full Data,8,886805,672.50,40,09:15:52,652.54,90120,21020,139340,42420,"[{""bid_quantity"":60,""ask_quantity"":340,""bid_orders"":3,""ask_orders"":3,""bid_price"":""672.40"",""ask_price"":""674.45""},{""bid_quantity"":60,""ask_quantity"":60,""bid_orders"":3,""ask_orders"":3,""bid_price"":""672.35"",""ask_price"":""674.60""},{""bid_quantity"":80,""ask_quantity"":60,""bid_orders"":4,""ask_orders"":3,""bid_price"":""672.20"",""ask_price"":""674.80""},{""bid_quantity"":60,""ask_quantity"":280,""bid_orders"":3,""ask_orders"":4,""bid_price"":""672.00"",""ask_price"":""675.00""},{""bid_quantity"":20,""ask_quantity"":80,""bid_orders"":1,""ask_orders"":4,""bid_price"":""671.60"",""ask_price"":""675.20""}]"
09:15:52.633,1790307952633805176,1025695187739043,Full Data,8,886805,672.50,40,09:15:52,652.54,90120,20800,139140,42420,"[{""bid_quantity"":40,""ask_quantity"":80,""bid_orders"":2,""ask_orders"":3,""bid_price"":""671.90"",""ask_price"":""673.95""},{""bid_quantity"":60,""ask_quantity"":140,""bid_orders"":3,""ask_orders"":4,""bid_price"":""671.85"",""ask_price"":""674.00""},{""bid_quantity"":60,""ask_quantity"":60,""bid_orders"":3,""ask_orders"":3,""bid_price"":""671.75"",""ask_price"":""674.15""},{""bid_quantity"":60,""ask_quantity"":60,""bid_orders"":3,""ask_orders"":3,""bid_price"":""671.70"",""ask_price"":""674.20""},{""bid_quantity"":60,""ask_quantity"":180,""bid_orders"":3,""ask_orders"":2,""bid_price"":""671.55"",""ask_price"":""674.30""}]"
09:15:52.877,1790307952877733858,1025695431667965,Full Data,8,886924,284.90,20,09:15:52,322.75,64420,22220,17000,59380,"[{""bid_quantity"":40,""ask_quantity"":60,""bid_orders"":1,""ask_orders"":2,""bid_price"":""284.70"",""ask_price"":""285.40""},{""bid_quantity"":20,""ask_quantity"":100,""bid_orders"":1,""ask_orders"":2,""bid_price"":""284.65"",""ask_price"":""285.60""},{""bid_quantity"":80,""ask_quantity"":80,""bid_orders"":3,""ask_orders"":4,""bid_price"":""284.60"",""ask_price"":""285.85""},{""bid_quantity"":40,""ask_quantity"":100,""bid_orders"":2,""ask_orders"":1,""bid_price"":""284.55"",""ask_price"":""286.00""},{""bid_quantity"":120,""ask_quantity"":40,""bid_orders"":2,""ask_orders"":1,""bid_price"":""284.50"",""ask_price"":""286.30""}]"
09:15:52.927,1790307952927012133,1025695480946040,Full Data,8,886981,355.35,40,09:15:52,394.39,119460,23920,43280,63920,"[{""bid_quantity"":40,""ask_quantity"":40,""bid_orders"":2,""ask_orders"":2,""bid_price"":""354.30"",""ask_price"":""355.10""},{""bid_quantity"":40,""ask_quantity"":200,""bid_orders"":2,""ask_orders"":2,""bid_price"":""354.25"",""ask_price"":""355.85""},{""bid_quantity"":680,""ask_quantity"":40,""bid_orders"":4,""ask_orders"":1,""bid_price"":""354.20"",""ask_price"":""356.25""},{""bid_quantity"":60,""ask_quantity"":20,""bid_orders"":3,""ask_orders"":1,""bid_price"":""354.15"",""ask_price"":""356.30""},{""bid_quantity"":40,""ask_quantity"":60,""bid_orders"":2,""ask_orders"":2,""bid_price"":""354.10"",""ask_price"":""356.35""}]"
09:15:52.965,1790307952965868062,1025695519802249,Full Data,8,886924,284.90,20,09:15:52,322.75,64420,24140,19380,59380,"[{""bid_quantity"":20,""ask_quantity"":60,""bid_orders"":1,""ask_orders"":2,""bid_price"":""284.95"",""ask_price"":""285.40""},{""bid_quantity"":80,""ask_quantity"":100,""bid_orders"":4,""ask_orders"":2,""bid_price"":""284.90"",""ask_price"":""285.60""},{""bid_quantity"":80,""ask_quantity"":60,""bid_orders"":3,""ask_orders"":3,""bid_price"":""284.85"",""ask_price"":""285.85""},{""bid_quantity"":20,""ask_quantity"":100,""bid_orders"":1,""ask_orders"":1,""bid_price"":""284.80"",""ask_price"":""286.00""},{""bid_quantity"":40,""ask_quantity"":40,""bid_orders"":2,""ask_orders"":1,""bid_price"":""284.75"",""ask_price"":""286.30""}]"
09:15:52.970,1790307952970802693,1025695524736600,Full Data,8,887017,735.05,60,09:15:52,700.32,141560,19900,166480,74320,"[{""bid_quantity"":60,""ask_quantity"":60,""bid_orders"":3,""ask_orders"":3,""bid_price"":""733.15"",""ask_price"":""735.65""},{""bid_quantity"":40,""ask_quantity"":40,""bid_orders"":1,""ask_orders"":2,""bid_price"":""733.10"",""ask_price"":""736.05""},{""bid_quantity"":300,""ask_quantity"":80,""bid_orders"":2,""ask_orders"":4,""bid_price"":""733.05"",""ask_price"":""736.15""},{""bid_quantity"":80,""ask_quantity"":20,""bid_orders"":4,""ask_orders"":1,""bid_price"":""733.00"",""ask_price"":""736.30""},{""bid_quantity"":60,""ask_quantity"":20,""bid_orders"":3,""ask_orders"":1,""bid_price"":""732.95"",""ask_price"":""736.45""}]"
09:15:53.030,1790307953030907278,1025695584841425,Full Data,8,887017,735.05,60,09:15:52,700.32,141560,21700,167360,74320,"[{""bid_quantity"":40,""ask_quantity"":40,""bid_orders"":2,""ask_orders"":1,""bid_price"":""731.20"",""ask_price"":""733.60""},{""bid_quantity"":20,""ask_quantity"":40,""bid_orders"":1,""ask_orders"":2,""bid_price"":""731.05"",""ask_price"":""733.70""},{""bid_quantity"":120,""ask_quantity"":20,""bid_orders"":3,""ask_orders"":1,""bid_price"":""730.80"",""ask_price"":""733.75""},{""bid_quantity"":20,""ask_quantity"":20,""bid_orders"":1,""ask_orders"":1,""bid_price"":""730.60"",""ask_price"":""733.90""},{""bid_quantity"":240,""ask_quantity"":40,""bid_orders"":4,""ask_orders"":2,""bid_price"":""730.15"",""ask_price"":""733.95""}]"
09:15:53.031,1790307953031053239,1025695584986866,Full Data,8,886572,606.75,20,09:15:52,590.90,99880,21800,101040,92640,"[{""bid_quantity"":20,""ask_quantity"":80,""bid_orders"":1,""ask_orders"":3,""bid_price"":""605.50"",""ask_price"":""607.30""},{""bid_quantity"":40,""ask_quantity"":60,""bid_orders"":2,""ask_orders"":3,""bid_price"":""605.45"",""ask_price"":""607.35""},{""bid_quantity"":40,""ask_quantity"":80,""bid_orders"":2,""ask_orders"":3,""bid_price"":""605.40"",""ask_price"":""607.40""},{""bid_quantity"":40,""ask_quantity"":40,""bid_orders"":2,""ask_orders"":2,""bid_price"":""605.30"",""ask_price"":""607.45""},{""bid_quantity"":40,""ask_quantity"":60,""bid_orders"":2,""ask_orders"":3,""bid_price"":""605.10"",""ask_price"":""607.60""}]"
09:15:53.095,1790307953095759413,1025695649693400,Full Data,8,886572,606.75,20,09:15:52,590.90,99880,23440,103700,92640,"[{""bid_quantity"":60,""ask_quantity"":100,""bid_orders"":1,""ask_orders"":4,""bid_price"":""606.75"",""ask_price"":""608.40""},{""bid_quantity"":40,""ask_quantity"":80,""bid_orders"":2,""ask_orders"":4,""bid_price"":""606.60"",""ask_price"":""608.50""},{""bid_quantity"":80,""ask_quantity"":60,""bid_orders"":4,""ask_orders"":2,""bid_price"":""606.35"",""ask_price"":""608.60""},{""bid_quantity"":60,""ask_quantity"":80,""bid_orders"":3,""ask_orders"":3,""bid_price"":""606.25"",""ask_price"":""608.65""},{""bid_quantity"":60,""ask_quantity"":320,""bid_orders"":3,""ask_orders"":3,""bid_price"":""606.15"",""ask_price"":""609.00""}]"
09:15:53.154,1790307953154234467,1025695708168814,Full Data,8,886951,873.15,40,09:15:52,835.07,8620,16860,95700,6000,"[{""bid_quantity"":660,""ask_quantity"":40,""bid_orders"":13,""ask_orders"":2,""bid_price"":""863.60"",""ask_price"":""871.35""},{""bid_quantity"":60,""ask_quantity"":40,""bid_orders"":3,""ask_orders"":2,""bid_price"":""863.55"",""ask_price"":""871.50""},{""bid_quantity"":60,""ask_quantity"":40,""bid_orders"":3,""ask_orders"":2,""bid_price"":""863.45"",""ask_price"":""871.60""},{""bid_quantity"":60,""ask_quantity"":40,""bid_orders"":3,""ask_orders"":2,""bid_price"":""863.40"",""ask_price"":""871.70""},{""bid_quantity"":40,""ask_quantity"":40,""bid_orders"":2,""ask_orders"":2,""bid_price"":""863.35"",""ask_price"":""871.80""}]"
09:15:53.220,1790307953220355531,1025695774289638,Full Data,8,887124,255.15,40,09:15:53,283.86,61440,22340,17140,64860,"[{""bid_quantity"":60,""ask_quantity"":20,""bid_orders"":3,""ask_orders"":1,""bid_price"":""254.15"",""ask_price"":""255.10""},{""bid_quantity"":260,""ask_quantity"":100,""bid_orders"":4,""ask_orders"":4,""bid_price"":""254.10"",""ask_price"":""255.20""},{""bid_quantity"":80,""ask_quantity"":120,""bid_orders"":1,""ask_orders"":3,""bid_price"":""254.00"",""ask_price"":""255.25""},{""bid_quantity"":220,""ask_quantity"":60,""bid_orders"":4,""ask_orders"":3,""bid_price"":""253.95"",""ask_price"":""255.35""},{""bid_quantity"":480,""ask_quantity"":20,""bid_orders"":5,""ask_orders"":1,""bid_price"":""253.85"",""ask_price"":""255.45""}]"
09:15:53.231,1790307953231443682,1025695785377509,Full Data,8,886951,873.15,40,09:15:52,835.07,8620,15040,93640,6000,"[{""bid_quantity"":560,""ask_quantity"":60,""bid_orders"":12,""ask_orders"":3,""bid_price"":""863.60"",""ask_price"":""871.35""},{""bid_quantity"":60,""ask_quantity"":40,""bid_orders"":3,""ask_orders"":2,""bid_price"":""863.55"",""ask_price"":""871.50""},{""bid_quantity"":60,""ask_quantity"":120,""bid_orders"":3,""ask_orders"":3,""bid_price"":""863.45"",""ask_price"":""871.60""},{""bid_quantity"":60,""ask_quantity"":120,""bid_orders"":3,""ask_orders"":3,""bid_price"":""863.40"",""ask_price"":""871.70""},{""bid_quantity"":40,""ask_quantity"":40,""bid_orders"":2,""ask_orders"":2,""bid_price"":""863.35"",""ask_price"":""871.80""}]"
09:15:53.252,1790307953252458056,1025695806391963,Full Data,8,887124,255.15,40,09:15:53,283.86,61440,22300,17160,64860,"[{""bid_quantity"":60,""ask_quantity"":120,""bid_orders"":3,""ask_orders"":6,""bid_price"":""254.50"",""ask_price"":""255.40""},{""bid_quantity"":220,""ask_quantity"":100,""bid_orders"":6,""ask_orders"":4,""bid_price"":""254.45"",""ask_price"":""255.45""},{""bid_quantity"":80,""ask_quantity"":120,""bid_orders"":4,""ask_orders"":3,""bid_price"":""254.35"",""ask_price"":""255.50""},{""bid_quantity"":60,""ask_quantity"":80,""bid_orders"":3,""ask_orders"":4,""bid_price"":""254.25"",""ask_price"":""255.95""},{""bid_quantity"":120,""ask_quantity"":140,""bid_orders"":3,""ask_orders"":3,""bid_price"":""254.20"",""ask_price"":""256.00""}]"
09:15:53.381,1790307953381337281,1025695935271428,Full Data,8,886718,318.45,40,09:15:53,356.80,259700,27440,34060,276660,"[{""bid_quantity"":40,""ask_quantity"":80,""bid_orders"":2,""ask_orders"":1,""bid_price"":""318.20"",""ask_price"":""319.00""},{""bid_quantity"":140,""ask_quantity"":140,""bid_orders"":2,""ask_orders"":3,""bid_price"":""318.15"",""ask_price"":""319.60""},{""bid_quantity"":60,""ask_quantity"":40,""bid_orders"":2,""ask_orders"":1,""bid_price"":""318.10"",""ask_price"":""319.65""},{""bid_quantity"":40,""ask_quantity"":40,""bid_orders"":2,""ask_orders"":1,""bid_price"":""318.05"",""ask_price"":""319.80""},{""bid_quantity"":100,""ask_quantity"":40,""bid_orders"":1,""ask_orders"":1,""bid_price"":""318.00"",""ask_price"":""319.90""}]"
09:15:53.408,1790307953408754137,1025695962688564,Full Data,8,886776,395.10,100,09:15:53,426.88,73280,22040,99620,67800,"[{""bid_quantity"":20,""ask_quantity"":20,""bid_orders"":1,""ask_orders"":1,""bid_price"":""393.90"",""ask_price"":""395.25""},{""bid_quantity"":20,""ask_quantity"":20,""bid_orders"":1,""ask_orders"":1,""bid_price"":""393.85"",""ask_price"":""395.30""},{""bid_quantity"":20,""ask_quantity"":20,""bid_orders"":1,""ask_orders"":1,""bid_price"":""393.80"",""ask_price"":""395.45""},{""bid_quantity"":20,""ask_quantity"":160,""bid_orders"":1,""ask_orders"":2,""bid_price"":""393.75"",""ask_price"":""395.50""},{""bid_quantity"":40,""ask_quantity"":40,""bid_orders"":2,""ask_orders"":2,""bid_price"":""393.70"",""ask_price"":""395.60""}]"
09:15:53.438,1790307953438235725,1025695992169672,Full Data,8,887036,435.75,20,09:15:52,474.11,81780,19800,96640,155340,"[{""bid_quantity"":40,""ask_quantity"":80,""bid_orders"":2,""ask_orders"":4,""bid_price"":""435.65"",""ask_price"":""436.85""},{""bid_quantity"":40,""ask_quantity"":40,""bid_orders"":2,""ask_orders"":2,""bid_price"":""435.60"",""ask_price"":""437.25""},{""bid_quantity"":60,""ask_quantity"":80,""bid_orders"":2,""ask_orders"":3,""bid_price"":""435.55"",""ask_price"":""437.30""},{""bid_quantity"":40,""ask_quantity"":60,""bid_orders"":2,""ask_orders"":3,""bid_price"":""435.50"",""ask_price"":""437.45""},{""bid_quantity"":140,""ask_quantity"":20,""bid_orders"":2,""ask_orders"":1,""bid_price"":""435.45"",""ask_price"":""437.50""}]"
09:15:53.449,1790307953449307716,1025696003241503,Full Data,8,886872,227.90,60,09:15:53,260.23,67160,21560,21260,47980,"[{""bid_quantity"":40,""ask_quantity"":40,""bid_orders"":2,""ask_orders"":2,""bid_price"":""227.70"",""ask_price"":""228.35""},{""bid_quantity"":60,""ask_quantity"":40,""bid_orders"":2,""ask_orders"":2,""bid_price"":""227.45"",""ask_price"":""228.40""},{""bid_quantity"":60,""ask_quantity"":60,""bid_orders"":2,""ask_orders"":3,""bid_price"":""227.40"",""ask_price"":""228.50""},{""bid_quantity"":40,""ask_quantity"":20,""bid_orders"":2,""ask_orders"":1,""bid_price"":""227.35"",""ask_price"":""228.55""},{""bid_quantity"":20,""ask_quantity"":100,""bid_orders"":1,""ask_orders"":5,""bid_price"":""227.30"",""ask_price"":""228.60""}]"
09:15:53.472,1790307953472353464,1025696026287291,Full Data,8,887036,435.75,20,09:15:52,474.11,81780,21920,98900,155340,"[{""bid_quantity"":60,""ask_quantity"":60,""bid_orders"":3,""ask_orders"":3,""bid_price"":""437.15"",""ask_price"":""438.45""},{""bid_quantity"":60,""ask_quantity"":60,""bid_orders"":3,""ask_orders"":3,""bid_price"":""437.10"",""ask_price"":""438.55""},{""bid_quantity"":60,""ask_quantity"":60,""bid_orders"":3,""ask_orders"":3,""bid_price"":""437.05"",""ask_price"":""438.65""},{""bid_quantity"":40,""ask_quantity"":40,""bid_orders"":2,""ask_orders"":2,""bid_price"":""437.00"",""ask_price"":""438.70""},{""bid_quantity"":20,""ask_quantity"":140,""bid_orders"":1,""ask_orders"":3,""bid_price"":""436.95"",""ask_price"":""438.75""}]"
09:15:53.544,1790307953544254724,1025696098188751,Full Data,8,886747,797.20,60,09:15:53,772.84,20260,17700,93920,5900,"[{""bid_quantity"":80,""ask_quantity"":60,""bid_orders"":4,""ask_orders"":3,""bid_price"":""795.50"",""ask_price"":""799.70""},{""bid_quantity"":80,""ask_quantity"":60,""bid_orders"":4,""ask_orders"":3,""bid_price"":""795.45"",""ask_price"":""799.75""},{""bid_quantity"":120,""ask_quantity"":60,""bid_orders"":3,""ask_orders"":3,""bid_price"":""795.25"",""ask_price"":""799.85""},{""bid_quantity"":40,""ask_quantity"":20,""bid_orders"":2,""ask_orders"":1,""bid_price"":""795.20"",""ask_price"":""799.90""},{""bid_quantity"":80,""ask_quantity"":60,""bid_orders"":1,""ask_orders"":3,""bid_price"":""795.10"",""ask_price"":""799.95""}]"
09:15:53.550,1790307953550801526,1025696104735393,Ticker Data,0,51,73715.10,,09:15:53,,,,,,
09:15:53.578,1790307953578931706,1025696132865653,Full Data,8,886692,941.20,100,09:15:53,908.38,4680,16940,92660,4500,"[{""bid_quantity"":40,""ask_quantity"":40,""bid_orders"":2,""ask_orders"":2,""bid_price"":""938.45"",""ask_price"":""941.85""},{""bid_quantity"":20,""ask_quantity"":40,""bid_orders"":1,""ask_orders"":1,""bid_price"":""938.40"",""ask_price"":""943.00""},{""bid_quantity"":20,""ask_quantity"":40,""bid_orders"":1,""ask_orders"":2,""bid_price"":""938.30"",""ask_price"":""943.05""},{""bid_quantity"":40,""ask_quantity"":40,""bid_orders"":2,""ask_orders"":2,""bid_price"":""938.25"",""ask_price"":""943.20""},{""bid_quantity"":40,""ask_quantity"":100,""bid_orders"":2,""ask_orders"":1,""bid_price"":""938.15"",""ask_price"":""944.20""}]"
09:15:53.612,1790307953612964524,1025696166898671,Full Data,8,886747,797.20,60,09:15:53,772.84,20260,17900,93820,5900,"[{""bid_quantity"":60,""ask_quantity"":100,""bid_orders"":3,""ask_orders"":2,""bid_price"":""794.10"",""ask_price"":""799.05""},{""bid_quantity"":40,""ask_quantity"":20,""bid_orders"":2,""ask_orders"":1,""bid_price"":""794.05"",""ask_price"":""799.15""},{""bid_quantity"":60,""ask_quantity"":20,""bid_orders"":3,""ask_orders"":1,""bid_price"":""793.90"",""ask_price"":""799.20""},{""bid_quantity"":40,""ask_quantity"":40,""bid_orders"":2,""ask_orders"":2,""bid_price"":""793.85"",""ask_price"":""799.25""},{""bid_quantity"":40,""ask_quantity"":40,""bid_orders"":2,""ask_orders"":2,""bid_price"":""793.80"",""ask_price"":""799.35""}]"
09:15:53.614,1790307953614492573,1025696168426520,Full Data,8,886849,548.40,20,09:15:53,530.55,91060,21740,24160,167000,"[{""bid_quantity"":20,""ask_quantity"":140,""bid_orders"":1,""ask_orders"":2,""bid_price"":""548.60"",""ask_price"":""550.20""},{""bid_quantity"":20,""ask_quantity"":60,""bid_orders"":1,""ask_orders"":3,""bid_price"":""548.55"",""ask_price"":""550.25""},{""bid_quantity"":20,""ask_quantity"":20,""bid_orders"":1,""ask_orders"":1,""bid_price"":""548.50"",""ask_price"":""550.40""},{""bid_quantity"":20,""ask_quantity"":20,""bid_orders"":1,""ask_orders"":1,""bid_price"":""548.45"",""ask_price"":""550.55""},{""bid_quantity"":60,""ask_quantity"":20,""bid_orders"":3,""ask_orders"":1,""bid_price"":""548.40"",""ask_price"":""550.65""}]"
09:15:53.649,1790307953649633598,1025696203567425,Full Data,8,886692,941.20,100,09:15:53,908.38,4680,17460,92600,4500,"[{""bid_quantity"":220,""ask_quantity"":60,""bid_orders"":5,""ask_orders"":3,""bid_price"":""939.00"",""ask_price"":""945.70""},{""bid_quantity"":40,""ask_quantity"":60,""bid_orders"":2,""ask_orders"":2,""bid_price"":""938.95"",""ask_price"":""945.75""},{""bid_quantity"":40,""ask_quantity"":100,""bid_orders"":2,""ask_orders"":2,""bid_price"":""938.85"",""ask_price"":""945.85""},{""bid_quantity"":20,""ask_quantity"":100,""bid_orders"":1,""ask_orders"":2,""bid_price"":""938.75"",""ask_price"":""945.90""},{""bid_quantity"":20,""ask_quantity"":20,""bid_orders"":1,""ask_orders"":1,""bid_price"":""938.70"",""ask_price"":""945.95""}]"
09:15:53.670,1790307953670822054,1025696224755881,Full Data,8,886805,670.65,40,09:15:53,652.70,90980,20660,141100,42420,"[{""bid_quantity"":60,""ask_quantity"":80,""bid_orders"":3,""ask_orders"":3,""bid_price"":""668.85"",""ask_price"":""671.25""},{""bid_quantity"":60,""ask_quantity"":200,""bid_orders"":3,""ask_orders"":3,""bid_price"":""668.75"",""ask_price"":""671.30""},{""bid_quantity"":60,""ask_quantity"":200,""bid_orders"":3,""ask_orders"":2,""bid_price"":""668.60"",""ask_price"":""671.35""},{""bid_quantity"":40,""ask_quantity"":200,""bid_orders"":1,""ask_orders"":4,""bid_price"":""668.55"",""ask_price"":""671.40""},{""bid_quantity"":260,""ask_quantity"":40,""bid_orders"":3,""ask_orders"":1,""bid_price"":""668.50"",""ask_price"":""671.45""}]"
09:15:53.706,1790307953706144880,1025696260078747,Full Data,8,886805,670.45,20,09:15:53,652.71,91000,21440,140960,42420,"[{""bid_quantity"":40,""ask_quantity"":80,""bid_orders"":2,""ask_orders"":3,""bid_price"":""668.20"",""ask_price"":""670.30""},{""bid_quantity"":40,""ask_quantity"":80,""bid_orders"":2,""ask_orders"":4,""bid_price"":""668.15"",""ask_price"":""670.35""},{""bid_quantity"":260,""ask_quantity"":40,""bid_orders"":3,""ask_orders"":2,""bid_price"":""668.00"",""ask_price"":""670.40""},{""bid_quantity"":40,""ask_quantity"":200,""bid_orders"":2,""ask_orders"":3,""bid_price"":""667.95"",""ask_price"":""670.45""},{""bid_quantity"":20,""ask_quantity"":40,""bid_orders"":1,""ask_orders"":2,""bid_price"":""667.80"",""ask_price"":""670.50""}]"
09:15:53.942,1790307953942046030,1025696495980137,Full Data,8,886924,287.65,20,09:15:53,322.59,64700,23100,16160,59380,"[{""bid_quantity"":40,""ask_quantity"":100,""bid_orders"":1,""ask_orders"":2,""bid_price"":""285.00"",""ask_price"":""285.50""},{""bid_quantity"":140,""ask_quantity"":60,""bid_orders"":3,""ask_orders"":3,""bid_price"":""284.40"",""ask_price"":""285.60""},{""bid_quantity"":140,""ask_quantity"":20,""bid_orders"":3,""ask_orders"":1,""bid_price"":""284.25"",""ask_price"":""285.70""},{""bid_quantity"":60,""ask_quantity"":100,""bid_orders"":2,""ask_orders"":5,""bid_price"":""284.05"",""ask_price"":""285.75""},{""bid_quantity"":240,""ask_quantity"":80,""bid_orders"":4,""ask_orders"":4,""bid_price"":""284.00"",""ask_price"":""285.80""}]"
09:15:53.944,1790307953944630366,1025696498564273,Full Data,8,886981,358.25,20,09:15:53,392.84,124620,25920,42380,63920,"[{""bid_quantity"":20,""ask_quantity"":200,""bid_orders"":1,""ask_orders"":1,""bid_price"":""354.35"",""ask_price"":""355.10""},{""bid_quantity"":40,""ask_quantity"":220,""bid_orders"":1,""ask_orders"":4,""bid_price"":""354.30"",""ask_price"":""356.20""},{""bid_quantity"":20,""ask_quantity"":60,""bid_orders"":1,""ask_orders"":1,""bid_price"":""354.25"",""ask_price"":""356.25""},{""bid_quantity"":160,""ask_quantity"":20,""bid_orders"":2,""ask_orders"":1,""bid_price"":""354.20"",""ask_price"":""356.30""},{""bid_quantity"":60,""ask_quantity"":60,""bid_orders"":3,""ask_orders"":3,""bid_price"":""354.15"",""ask_price"":""356.50""}]"
09:15:53.968,1790307953968030076,1025696521964023,Full Data,8,886924,287.65,20,09:15:53,322.59,64700,22520,16220,59380,"[{""bid_quantity"":60,""ask_quantity"":40,""bid_orders"":2,""ask_orders"":2,""bid_price"":""285.05"",""ask_price"":""285.90""},{""bid_quantity"":40,""ask_quantity"":60,""bid_orders"":1,""ask_orders"":3,""bid_price"":""285.00"",""ask_price"":""286.00""},{""bid_quantity"":20,""ask_quantity"":60,""bid_orders"":1,""ask_orders"":3,""bid_price"":""284.95"",""ask_price"":""286.05""},{""bid_quantity"":40,""ask_quantity"":80,""bid_orders"":2,""ask_orders"":4,""bid_price"":""284.90"",""ask_price"":""286.10""},{""bid_quantity"":120,""ask_quantity"":80,""bid_orders"":2,""ask_orders"":2,""bid_price"":""284.45"",""ask_price"":""286.15""}]"
09:15:54.031,1790307954031692764,1025696585626871,Full Data,8,887017,740.75,20,09:15:53,700.97,144360,20600,165880,74320,"[{""bid_quantity"":60,""ask_quantity"":40,""bid_orders"":2,""ask_orders"":2,""bid_price"":""736.85"",""ask_price"":""739.00""},{""bid_quantity"":40,""ask_quantity"":80,""bid_orders"":2,""ask_orders"":4,""bid_price"":""736.80"",""ask_price"":""739.15""},{""bid_quantity"":20,""ask_quantity"":40,""bid_orders"":1,""ask_orders"":2,""bid_price"":""736.75"",""ask_price"":""739.35""},{""bid_quantity"":40,""ask_quantity"":20,""bid_orders"":2,""ask_orders"":1,""bid_price"":""736.70"",""ask_price"":""739.55""},{""bid_quantity"":40,""ask_quantity"":20,""bid_orders"":2,""ask_orders"":1,""bid_price"":""736.60"",""ask_price"":""739.75""}]"
09:15:54.093,1790307954093955402,1025696647889829,Full Data,8,886572,612.10,20,09:15:54,591.03,100560,20860,101600,92640,"[{""bid_quantity"":20,""ask_quantity"":40,""bid_orders"":1,""ask_orders"":2,""bid_price"":""611.55"",""ask_price"":""613.20""},{""bid_quantity"":40,""ask_quantity"":20,""bid_orders"":1,""ask_orders"":1,""bid_price"":""611.50"",""ask_price"":""613.30""},{""bid_quantity"":20,""ask_quantity"":60,""bid_orders"":1,""ask_orders"":3,""bid_price"":""611.45"",""ask_price"":""613.40""},{""bid_quantity"":40,""ask_quantity"":20,""bid_orders"":1,""ask_orders"":1,""bid_price"":""611.40"",""ask_price"":""613.50""},{""bid_quantity"":20,""ask_quantity"":60,""bid_orders"":1,""ask_orders"":3,""bid_price"":""611.35"",""ask_price"":""613.65""}]"
09:15:54.123,1790307954123612872,1025696677546899,Full Data,8,887017,738.95,20,09:15:54,700.97,144380,20360,165860,74320,"[{""bid_quantity"":20,""ask_quantity"":60,""bid_orders"":1,""ask_orders"":3,""bid_price"":""737.40"",""ask_price"":""739.15""},{""bid_quantity"":60,""ask_quantity"":40,""bid_orders"":3,""ask_orders"":2,""bid_price"":""737.25"",""ask_price"":""739.30""},{""bid_quantity"":40,""ask_quantity"":220,""bid_orders"":2,""ask_orders"":3,""bid_price"":""737.10"",""ask_price"":""739.50""},{""bid_quantity"":120,""ask_quantity"":60,""bid_orders"":5,""ask_orders"":3,""bid_price"":""736.75"",""ask_price"":""739.55""},{""bid_quantity"":20,""ask_quantity"":40,""bid_orders"":1,""ask_orders"":2,""bid_price"":""736.70"",""ask_price"":""739.75""}]"
09:15:54.156,1790307954156862965,1025696710796992,Full Data,8,886572,611.55,20,09:15:54,591.03,100580,21440,101740,92640,"[{""bid_quantity"":20,""ask_quantity"":60,""bid_orders"":1,""ask_orders"":3,""bid_price"":""609.10"",""ask_price"":""611.25""},{""bid_quantity"":20,""ask_quantity"":60,""bid_orders"":1,""ask_orders"":2,""bid_price"":""609.00"",""ask_price"":""611.30""},{""bid_quantity"":80,""ask_quantity"":40,""bid_orders"":3,""ask_orders"":2,""bid_price"":""608.95"",""ask_price"":""611.35""},{""bid_quantity"":40,""ask_quantity"":20,""bid_orders"":1,""ask_orders"":1,""bid_price"":""608.70"",""ask_price"":""611.40""},{""bid_quantity"":20,""ask_quantity"":40,""bid_orders"":1,""ask_orders"":2,""bid_price"":""608.65"",""ask_price"":""611.45""}]"
09:15:54.232,1790307954232426728,1025696786360835,Full Data,8,886951,872.20,40,09:15:54,835.45,8720,15660,96180,6000,"[{""bid_quantity"":60,""ask_quantity"":240,""bid_orders"":3,""ask_orders"":5,""bid_price"":""868.70"",""ask_price"":""874.95""},{""bid_quantity"":80,""ask_quantity"":20,""bid_orders"":4,""ask_orders"":1,""bid_price"":""868.65"",""ask_price"":""875.00""},{""bid_quantity"":80,""ask_quantity"":20,""bid_orders"":4,""ask_orders"":1,""bid_price"":""868.55"",""ask_price"":""875.10""},{""bid_quantity"":40,""ask_quantity"":20,""bid_orders"":2,""ask_orders"":1,""bid_price"":""868.50"",""ask_price"":""875.30""},{""bid_quantity"":20,""ask_quantity"":100,""bid_orders"":1,""ask_orders"":1,""bid_price"":""868.35"",""ask_price"":""876.05""}]"
09:15:54.273,1790307954273109389,1025696827043256,Full Data,8,887124,254.35,20,09:15:54,283.52,62200,22200,17100,64860,"[{""bid_quantity"":20,""ask_quantity"":60,""bid_orders"":1,""ask_orders"":3,""bid_price"":""254.40"",""ask_price"":""254.95""},{""bid_quantity"":60,""ask_quantity"":120,""bid_orders"":3,""ask_orders"":3,""bid_price"":""254.35"",""ask_price"":""255.15""},{""bid_quantity"":100,""ask_quantity"":200,""bid_orders"":4,""ask_orders"":5,""bid_price"":""254.30"",""ask_price"":""255.50""},{""bid_quantity"":60,""ask_quantity"":60,""bid_orders"":3,""ask_orders"":2,""bid_price"":""254.25"",""ask_price"":""255.60""},{""bid_quantity"":160,""ask_quantity"":100,""bid_orders"":3,""ask_orders"":2,""bid_price"":""254.00"",""ask_price"":""255.80""}]"
09:15:54.298,1790307954298411231,1025696852345138,Full Data,8,886951,868.35,40,09:15:54,835.60,8760,15500,93700,6000,"[{""bid_quantity"":300,""ask_quantity"":40,""bid_orders"":5,""ask_orders"":2,""bid_price"":""866.35"",""ask_price"":""871.85""},{""bid_quantity"":60,""ask_quantity"":40,""bid_orders"":2,""ask_orders"":2,""bid_price"":""866.00"",""ask_price"":""871.90""},{""bid_quantity"":60,""ask_quantity"":40,""bid_orders"":2,""ask_orders"":2,""bid_price"":""861.05"",""ask_price"":""872.50""},{""bid_quantity"":60,""ask_quantity"":20,""bid_orders"":2,""ask_orders"":1,""bid_price"":""861.00"",""ask_price"":""872.70""},{""bid_quantity"":20,""ask_quantity"":20,""bid_orders"":1,""ask_orders"":1,""bid_price"":""860.25"",""ask_price"":""872.75""}]"
09:15:54.329,1790307954329301508,1025696883235295,Full Data,8,887124,256.15,40,09:15:54,283.45,62360,21800,17400,64860,"[{""bid_quantity"":40,""ask_quantity"":40,""bid_orders"":1,""ask_orders"":1,""bid_price"":""255.50"",""ask_price"":""256.40""},{""bid_quantity"":60,""ask_quantity"":120,""bid_orders"":3,""ask_orders"":3,""bid_price"":""255.45"",""ask_price"":""256.45""},{""bid_quantity"":80,""ask_quantity"":140,""bid_orders"":3,""ask_orders"":3,""bid_price"":""255.40"",""ask_price"":""256.50""},{""bid_quantity"":20,""ask_quantity"":80,""bid_orders"":1,""ask_orders"":3,""bid_price"":""255.35"",""ask_price"":""256.80""},{""bid_quantity"":20,""ask_quantity"":100,""bid_orders"":1,""ask_orders"":1,""bid_price"":""255.30"",""ask_price"":""256.90""}]"
09:15:54.419,1790307954419866408,1025696973800515,Full Data,8,886776,393.65,40,09:15:54,426.37,74440,20420,98600,67800,"[{""bid_quantity"":40,""ask_quantity"":20,""bid_orders"":2,""ask_orders"":1,""bid_price"":""394.75"",""ask_price"":""395.00""},{""bid_quantity"":40,""ask_quantity"":20,""bid_orders"":2,""ask_orders"":1,""bid_price"":""394.70"",""ask_price"":""395.45""},{""bid_quantity"":60,""ask_quantity"":160,""bid_orders"":3,""ask_orders"":3,""bid_price"":""394.55"",""ask_price"":""396.45""},{""bid_quantity"":80,""ask_quantity"":140,""bid_orders"":4,""ask_orders"":3,""bid_price"":""394.50"",""ask_price"":""396.60""},{""bid_quantity"":60,""ask_quantity"":40,""bid_orders"":3,""ask_orders"":2,""bid_price"":""394.45"",""ask_price"":""397.00""}]"
09:15:54.425,1790307954425461484,1025696979395351,Full Data,8,886718,319.45,40,09:15:54,356.37,262640,27240,34560,276660,"[{""bid_quantity"":60,""ask_quantity"":120,""bid_orders"":3,""ask_orders"":3,""bid_price"":""319.40"",""ask_price"":""320.50""},{""bid_quantity"":40,""ask_quantity"":80,""bid_orders"":2,""ask_orders"":3,""bid_price"":""319.25"",""ask_price"":""320.60""},{""bid_quantity"":100,""ask_quantity"":120,""bid_orders"":5,""ask_orders"":3,""bid_price"":""319.15"",""ask_price"":""320.80""},{""bid_quantity"":20,""ask_quantity"":220,""bid_orders"":1,""ask_orders"":3,""bid_price"":""319.10"",""ask_price"":""320.90""},{""bid_quantity"":60,""ask_quantity"":140,""bid_orders"":3,""ask_orders"":3,""bid_price"":""319.05"",""ask_price"":""321.00""}]"
09:15:54.480,1790307954480295955,1025697034230102,Full Data,8,887036,436.80,40,09:15:54,472.29,85700,20400,97120,155340,"[{""bid_quantity"":20,""ask_quantity"":40,""bid_orders"":1,""ask_orders"":2,""bid_price"":""437.60"",""ask_price"":""438.35""},{""bid_quantity"":160,""ask_quantity"":40,""bid_orders"":4,""ask_orders"":2,""bid_price"":""436.75"",""ask_price"":""438.40""},{""bid_quantity"":360,""ask_quantity"":60,""bid_orders"":3,""ask_orders"":3,""bid_price"":""436.70"",""ask_price"":""438.60""},{""bid_quantity"":60,""ask_quantity"":280,""bid_orders"":3,""ask_orders"":6,""bid_price"":""436.65"",""ask_price"":""438.75""},{""bid_quantity"":180,""ask_quantity"":20,""bid_orders"":1,""ask_orders"":1,""bid_price"":""436.60"",""ask_price"":""438.80""}]"
09:15:54.495,1790307954495810214,1025697049744321,Full Data,8,886872,229.70,60,09:15:54,259.97,67720,21260,21100,47980,"[{""bid_quantity"":100,""ask_quantity"":40,""bid_orders"":4,""ask_orders"":2,""bid_price"":""229.10"",""ask_price"":""230.10""},{""bid_quantity"":300,""ask_quantity"":20,""bid_orders"":5,""ask_orders"":1,""bid_price"":""229.05"",""ask_price"":""230.15""},{""bid_quantity"":100,""ask_quantity"":20,""bid_orders"":4,""ask_orders"":1,""bid_price"":""229.00"",""ask_price"":""230.25""},{""bid_quantity"":80,""ask_quantity"":60,""bid_orders"":3,""ask_orders"":3,""bid_price"":""228.95"",""ask_price"":""230.35""},{""bid_quantity"":100,""ask_quantity"":40,""bid_orders"":3,""ask_orders"":2,""bid_price"":""228.90"",""ask_price"":""230.40""}]"
09:15:54.527,1790307954527065214,1025697080999361,Full Data,8,887036,437.60,20,09:15:54,472.28,85720,22420,99160,155340,"[{""bid_quantity"":60,""ask_quantity"":60,""bid_orders"":3,""ask_orders"":1,""bid_price"":""437.25"",""ask_price"":""437.60""},{""bid_quantity"":60,""ask_quantity"":20,""bid_orders"":3,""ask_orders"":1,""bid_price"":""437.10"",""ask_price"":""438.15""},{""bid_quantity"":160,""ask_quantity"":60,""bid_orders"":5,""ask_orders"":3,""bid_price"":""436.95"",""ask_price"":""438.45""},{""bid_quantity"":320,""ask_quantity"":20,""bid_orders"":4,""ask_orders"":1,""bid_price"":""436.80"",""ask_price"":""438.55""},{""bid_quantity"":80,""ask_quantity"":80,""bid_orders"":3,""ask_orders"":3,""bid_price"":""436.75"",""ask_price"":""438.60""}]"
09:15:54.530,1790307954530080593,1025697084014420,Full Data,8,886872,229.10,20,09:15:54,259.96,67740,23040,23280,47980,"[{""bid_quantity"":80,""ask_quantity"":60,""bid_orders"":4,""ask_orders"":3,""bid_price"":""229.45"",""ask_price"":""230.35""},{""bid_quantity"":120,""ask_quantity"":280,""bid_orders"":5,""ask_orders"":4,""bid_price"":""229.40"",""ask_price"":""230.40""},{""bid_quantity"":80,""ask_quantity"":60,""bid_orders"":3,""ask_orders"":3,""bid_price"":""229.25"",""ask_price"":""230.45""},{""bid_quantity"":60,""ask_quantity"":200,""bid_orders"":3,""ask_orders"":2,""bid_price"":""229.20"",""ask_price"":""230.50""},{""bid_quantity"":60,""ask_quantity"":40,""bid_orders"":2,""ask_orders"":2,""bid_price"":""229.15"",""ask_price"":""230.55""}]"
09:15:54.569,1790307954569968849,1025697123902676,Ticker Data,0,51,73709.57,,09:15:54,,,,,,
09:15:54.594,1790307954594725007,1025697148658954,Full Data,8,886747,798.20,60,09:15:54,772.94,20340,17820,93860,5900,"[{""bid_quantity"":20,""ask_quantity"":40,""bid_orders"":1,""ask_orders"":2,""bid_price"":""794.85"",""ask_price"":""798.85""},{""bid_quantity"":20,""ask_quantity"":60,""bid_orders"":1,""ask_orders"":3,""bid_price"":""794.80"",""ask_price"":""798.90""},{""bid_quantity"":60,""ask_quantity"":40,""bid_orders"":3,""ask_orders"":2,""bid_price"":""794.75"",""ask_price"":""798.95""},{""bid_quantity"":40,""ask_quantity"":20,""bid_orders"":2,""ask_orders"":1,""bid_price"":""794.65"",""ask_price"":""799.00""},{""bid_quantity"":20,""ask_quantity"":40,""bid_orders"":1,""ask_orders"":2,""bid_price"":""794.60"",""ask_price"":""799.05""}]"
09:15:54.621,1790307954621416138,1025697175350005,Full Data,8,886849,548.25,20,09:15:54,530.62,91340,22500,24480,167000,"[{""bid_quantity"":40,""ask_quantity"":20,""bid_orders"":2,""ask_orders"":1,""bid_price"":""545.95"",""ask_price"":""547.80""},{""bid_quantity"":20,""ask_quantity"":20,""bid_orders"":1,""ask_orders"":1,""bid_price"":""545.65"",""ask_price"":""547.90""},{""bid_quantity"":120,""ask_quantity"":160,""bid_orders"":1,""ask_orders"":4,""bid_price"":""545.55"",""ask_price"":""547.95""},{""bid_quantity"":20,""ask_quantity"":140,""bid_orders"":1,""ask_orders"":3,""bid_price"":""545.30"",""ask_price"":""548.00""},{""bid_quantity"":160,""ask_quantity"":20,""bid_orders"":1,""ask_orders"":1,""bid_price"":""545.20"",""ask_price"":""548.05""}]"
09:15:54.627,1790307954627391736,1025697181325483,Full Data,8,886747,798.20,60,09:15:54,772.94,20340,15760,91220,5900,"[{""bid_quantity"":120,""ask_quantity"":40,""bid_orders"":2,""ask_orders"":2,""bid_price"":""793.15"",""ask_price"":""798.70""},{""bid_quantity"":60,""ask_quantity"":60,""bid_orders"":3,""ask_orders"":3,""bid_price"":""790.80"",""ask_price"":""798.75""},{""bid_quantity"":80,""ask_quantity"":60,""bid_orders"":1,""ask_orders"":3,""bid_price"":""790.00"",""ask_price"":""798.80""},{""bid_quantity"":80,""ask_quantity"":40,""bid_orders"":3,""ask_orders"":2,""bid_price"":""788.30"",""ask_price"":""798.85""},{""bid_quantity"":20,""ask_quantity"":40,""bid_orders"":1,""ask_orders"":2,""bid_price"":""788.25"",""ask_price"":""798.90""}]"
09:15:54.655,1790307954655535476,1025697209469743,Full Data,8,886692,941.20,100,09:15:53,908.38,4680,14620,91060,4500,"[{""bid_quantity"":20,""ask_quantity"":40,""bid_orders"":1,""ask_orders"":2,""bid_price"":""933.75"",""ask_price"":""940.45""},{""bid_quantity"":40,""ask_quantity"":40,""bid_orders"":2,""ask_orders"":2,""bid_price"":""933.70"",""ask_price"":""940.50""},{""bid_quantity"":20,""ask_quantity"":60,""bid_orders"":1,""ask_orders"":2,""bid_price"":""933.65"",""ask_price"":""943.10""},{""bid_quantity"":40,""ask_quantity"":40,""bid_orders"":2,""ask_orders"":2,""bid_price"":""933.60"",""ask_price"":""943.20""},{""bid_quantity"":40,""ask_quantity"":100,""bid_orders"":2,""ask_orders"":1,""bid_price"":""933.50"",""ask_price"":""944.60""}]"
09:15:54.701,1790307954701285489,1025697255219396,Full Data,8,886805,666.00,20,09:15:54,652.96,92280,19780,135620,42420,"[{""bid_quantity"":40,""ask_quantity"":20,""bid_orders"":2,""ask_orders"":1,""bid_price"":""665.10"",""ask_price"":""667.15""},{""bid_quantity"":4000,""ask_quantity"":20,""bid_orders"":4,""ask_orders"":1,""bid_price"":""665.00"",""ask_price"":""667.20""},{""bid_quantity"":40,""ask_quantity"":180,""bid_orders"":2,""ask_orders"":2,""bid_price"":""664.95"",""ask_price"":""667.30""},{""bid_quantity"":20,""ask_quantity"":160,""bid_orders"":1,""ask_orders"":2,""bid_price"":""664.75"",""ask_price"":""667.40""},{""bid_quantity"":100,""ask_quantity"":180,""bid_orders"":1,""ask_orders"":2,""bid_price"":""664.00"",""ask_price"":""667.45""}]"
09:15:54.716,1790307954716372026,1025697270306053,Full Data,8,886849,548.25,20,09:15:54,530.62,91340,19860,22180,167000,"[{""bid_quantity"":60,""ask_quantity"":80,""bid_orders"":3,""ask_orders"":3,""bid_price"":""545.35"",""ask_price"":""546.85""},{""bid_quantity"":60,""ask_quantity"":60,""bid_orders"":3,""ask_orders"":3,""bid_price"":""545.30"",""ask_price"":""547.05""},{""bid_quantity"":80,""ask_quantity"":60,""bid_orders"":4,""ask_orders"":3,""bid_price"":""545.15"",""ask_price"":""547.15""},{""bid_quantity"":60,""ask_quantity"":80,""bid_orders"":3,""ask_orders"":4,""bid_price"":""544.95"",""ask_price"":""547.20""},{""bid_quantity"":60,""ask_quantity"":60,""bid_orders"":3,""ask_orders"":3,""bid_price"":""544.80"",""ask_price"":""547.30""}]"
09:15:54.725,1790307954725493764,1025697279427591,Full Data,8,886692,941.20,100,09:15:53,908.38,4680,15080,90720,4500,"[{""bid_quantity"":80,""ask_quantity"":20,""bid_orders"":4,""ask_orders"":1,""bid_price"":""935.15"",""ask_price"":""940.95""},{""bid_quantity"":40,""ask_quantity"":60,""bid_orders"":2,""ask_orders"":2,""bid_price"":""935.10"",""ask_price"":""941.00""},{""bid_quantity"":40,""ask_quantity"":20,""bid_orders"":2,""ask_orders"":1,""bid_price"":""935.00"",""ask_price"":""941.05""},{""bid_quantity"":20,""ask_quantity"":20,""bid_orders"":1,""ask_orders"":1,""bid_price"":""934.95"",""ask_price"":""941.10""},{""bid_quantity"":40,""ask_quantity"":40,""bid_orders"":2,""ask_orders"":2,""bid_price"":""934.90"",""ask_price"":""941.20""}]"
09:15:54.755,1790307954755849718,1025697309783505,Full Data,8,886805,666.00,20,09:15:54,652.96,92280,20300,139680,42420,"[{""bid_quantity"":40,""ask_quantity"":40,""bid_orders"":2,""ask_orders"":2,""bid_price"":""666.70"",""ask_price"":""668.60""},{""bid_quantity"":60,""ask_quantity"":60,""bid_orders"":3,""ask_orders"":3,""bid_price"":""666.65"",""ask_price"":""668.75""},{""bid_quantity"":40,""ask_quantity"":120,""bid_orders"":2,""ask_orders"":3,""bid_price"":""666.45"",""ask_price"":""668.80""},{""bid_quantity"":40,""ask_quantity"":40,""bid_orders"":2,""ask_orders"":2,""bid_price"":""666.25"",""ask_price"":""668.90""},{""bid_quantity"":20,""ask_quantity"":20,""bid_orders"":1,""ask_orders"":1,""bid_price"":""666.10"",""ask_price"":""669.00""}]"
09:15:54.901,1790307954901828133,1025697455762360,Full Data,8,886981,359.40,300,09:15:54,391.92,127920,26960,44960,63920,"[{""bid_quantity"":100,""ask_quantity"":60,""bid_orders"":5,""ask_orders"":3,""bid_price"":""357.20"",""ask_price"":""358.50""},{""bid_quantity"":20,""ask_quantity"":40,""bid_orders"":1,""ask_orders"":2,""bid_price"":""357.15"",""ask_price"":""358.55""},{""bid_quantity"":60,""ask_quantity"":20,""bid_orders"":3,""ask_orders"":1,""bid_price"":""357.10"",""ask_price"":""358.60""},{""bid_quantity"":40,""ask_quantity"":280,""bid_orders"":2,""ask_orders"":2,""bid_price"":""357.05"",""ask_price"":""358.70""},{""bid_quantity"":60,""ask_quantity"":60,""bid_orders"":3,""ask_orders"":2,""bid_price"":""357.00"",""ask_price"":""358.80""}]"
09:15:54.947,1790307954947774587,1025697501708654,Full Data,8,886924,286.75,40,09:15:54,322.21,65400,24400,18960,59380,"[{""bid_quantity"":60,""ask_quantity"":60,""bid_orders"":3,""ask_orders"":2,""bid_price"":""287.10"",""ask_price"":""288.05""},{""bid_quantity"":80,""ask_quantity"":80,""bid_orders"":4,""ask_orders"":3,""bid_price"":""287.05"",""ask_price"":""288.15""},{""bid_quantity"":60,""ask_quantity"":40,""bid_orders"":3,""ask_orders"":2,""bid_price"":""286.95"",""ask_price"":""288.20""},{""bid_quantity"":140,""ask_quantity"":60,""bid_orders"":3,""ask_orders"":3,""bid_price"":""286.90"",""ask_price"":""288.25""},{""bid_quantity"":100,""ask_quantity"":100,""bid_orders"":4,""ask_orders"":3,""bid_price"":""286.85"",""ask_price"":""288.30""}]"
09:15:54.960,1790307954960522148,1025697514456095,Full Data,8,886924,286.75,40,09:15:54,322.21,65400,24000,19180,59380,"[{""bid_quantity"":20,""ask_quantity"":80,""bid_orders"":1,""ask_orders"":2,""bid_price"":""288.05"",""ask_price"":""288.95""},{""bid_quantity"":60,""ask_quantity"":40,""bid_orders"":2,""ask_orders"":1,""bid_price"":""288.00"",""ask_price"":""289.40""},{""bid_quantity"":20,""ask_quantity"":100,""bid_orders"":1,""ask_orders"":2,""bid_price"":""287.95"",""ask_price"":""289.45""},{""bid_quantity"":140,""ask_quantity"":100,""bid_orders"":2,""ask_orders"":1,""bid_price"":""287.90"",""ask_price"":""289.50""},{""bid_quantity"":20,""ask_quantity"":20,""bid_orders"":1,""ask_orders"":1,""bid_price"":""287.80"",""ask_price"":""289.60""}]"
09:15:55.098,1790307955099007995,1025697652942102,Full Data,8,887017,731.00,20,09:15:55,701.23,145560,21520,168080,74320,"[{""bid_quantity"":20,""ask_quantity"":80,""bid_orders"":1,""ask_orders"":4,""bid_price"":""729.05"",""ask_price"":""731.15""},{""bid_quantity"":20,""ask_quantity"":60,""bid_orders"":1,""ask_orders"":3,""bid_price"":""729.00"",""ask_price"":""731.30""},{""bid_quantity"":60,""ask_quantity"":60,""bid_orders"":3,""ask_orders"":3,""bid_price"":""728.90"",""ask_price"":""731.40""},{""bid_quantity"":80,""ask_quantity"":60,""bid_orders"":3,""ask_orders"":3,""bid_price"":""728.85"",""ask_price"":""731.50""},{""bid_quantity"":20,""ask_quantity"":20,""bid_orders"":1,""ask_orders"":1,""bid_price"":""728.80"",""ask_price"":""731.65""}]"
09:15:55.168,1790307955168505360,1025697722439427,Full Data,8,886572,606.35,20,09:15:55,591.27,102200,21240,101460,92640,"[{""bid_quantity"":20,""ask_quantity"":20,""bid_orders"":1,""ask_orders"":1,""bid_price"":""604.35"",""ask_price"":""606.05""},{""bid_quantity"":40,""ask_quantity"":20,""bid_orders"":1,""ask_orders"":1,""bid_price"":""604.30"",""ask_price"":""606.10""},{""bid_quantity"":260,""ask_quantity"":20,""bid_orders"":2,""ask_orders"":1,""bid_price"":""604.25"",""ask_price"":""606.15""},{""bid_quantity"":40,""ask_quantity"":20,""bid_orders"":2,""ask_orders"":1,""bid_price"":""604.20"",""ask_price"":""606.20""},{""bid_quantity"":80,""ask_quantity"":60,""bid_orders"":2,""ask_orders"":3,""bid_price"":""604.10"",""ask_price"":""606.30""}]"
09:15:55.188,1790307955188484607,1025697742418514,Full Data,8,887017,730.35,20,09:15:55,701.26,145740,20220,165500,74320,"[{""bid_quantity"":60,""ask_quantity"":80,""bid_orders"":3,""ask_orders"":4,""bid_price"":""728.85"",""ask_price"":""731.40""},{""bid_quantity"":140,""ask_quantity"":40,""bid_orders"":3,""ask_orders"":2,""bid_price"":""728.75"",""ask_price"":""731.45""},{""bid_quantity"":80,""ask_quantity"":60,""bid_orders"":4,""ask_orders"":3,""bid_price"":""728.60"",""ask_price"":""731.60""},{""bid_quantity"":20,""ask_quantity"":40,""bid_orders"":1,""ask_orders"":2,""bid_price"":""728.50"",""ask_price"":""731.65""},{""bid_quantity"":100,""ask_quantity"":60,""bid_orders"":2,""ask_orders"":2,""bid_price"":""728.40"",""ask_price"":""731.70""}]"
09:15:55.219,1790307955219766768,1025697773700595,Full Data,8,886572,606.00,20,09:15:55,591.27,102220,21300,101940,92640,"[{""bid_quantity"":20,""ask_quantity"":40,""bid_orders"":1,""ask_orders"":1,""bid_price"":""604.20"",""ask_price"":""605.80""},{""bid_quantity"":40,""ask_quantity"":20,""bid_orders"":2,""ask_orders"":1,""bid_price"":""604.15"",""ask_price"":""606.10""},{""bid_quantity"":40,""ask_quantity"":60,""bid_orders"":1,""ask_orders"":3,""bid_price"":""604.10"",""ask_price"":""606.20""},{""bid_quantity"":400,""ask_quantity"":20,""bid_orders"":7,""ask_orders"":1,""bid_price"":""604.05"",""ask_price"":""606.30""},{""bid_quantity"":20,""ask_quantity"":40,""bid_orders"":1,""ask_orders"":2,""bid_price"":""604.00"",""ask_price"":""606.35""}]"
09:15:55.320,1790307955320976535,1025697874911042,Full Data,8,886951,871.30,40,09:15:55,836.46,8980,17560,95340,6000,"[{""bid_quantity"":40,""ask_quantity"":60,""bid_orders"":2,""ask_orders"":3,""bid_price"":""866.65"",""ask_price"":""871.65""},{""bid_quantity"":120,""ask_quantity"":180,""bid_orders"":3,""ask_orders"":2,""bid_price"":""865.50"",""ask_price"":""871.70""},{""bid_quantity"":20,""ask_quantity"":40,""bid_orders"":1,""ask_orders"":2,""bid_price"":""865.45"",""ask_price"":""871.80""},{""bid_quantity"":100,""ask_quantity"":60,""bid_orders"":2,""ask_orders"":3,""bid_price"":""865.20"",""ask_price"":""871.85""},{""bid_quantity"":160,""ask_quantity"":120,""bid_orders"":1,""ask_orders"":2,""bid_price"":""865.10"",""ask_price"":""873.50""}]"
09:15:55.393,1790307955393824042,1025697947757909,Full Data,8,887124,256.25,20,09:15:55,283.20,62960,24400,19000,64860,"[{""bid_quantity"":80,""ask_quantity"":80,""bid_orders"":3,""ask_orders"":3,""bid_price"":""256.35"",""ask_price"":""257.50""},{""bid_quantity"":120,""ask_quantity"":120,""bid_orders"":4,""ask_orders"":3,""bid_price"":""256.30"",""ask_price"":""257.65""},{""bid_quantity"":240,""ask_quantity"":80,""bid_orders"":5,""ask_orders"":3,""bid_price"":""256.25"",""ask_price"":""257.80""},{""bid_quantity"":40,""ask_quantity"":40,""bid_orders"":2,""ask_orders"":2,""bid_price"":""256.20"",""ask_price"":""257.85""},{""bid_quantity"":100,""ask_quantity"":120,""bid_orders"":4,""ask_orders"":3,""bid_price"":""256.15"",""ask_price"":""257.95""}]"
09:15:55.419,1790307955419874648,1025697973808595,Full Data,8,887124,256.25,20,09:15:55,283.20,62960,24160,18460,64860,"[{""bid_quantity"":40,""ask_quantity"":140,""bid_orders"":1,""ask_orders"":3,""bid_price"":""257.05"",""ask_price"":""257.90""},{""bid_quantity"":120,""ask_quantity"":240,""bid_orders"":4,""ask_orders"":4,""bid_price"":""256.95"",""ask_price"":""257.95""},{""bid_quantity"":20,""ask_quantity"":340,""bid_orders"":1,""ask_orders"":6,""bid_price"":""256.90"",""ask_price"":""258.50""},{""bid_quantity"":60,""ask_quantity"":80,""bid_orders"":2,""ask_orders"":3,""bid_price"":""256.85"",""ask_price"":""258.55""},{""bid_quantity"":100,""ask_quantity"":60,""bid_orders"":2,""ask_orders"":2,""bid_price"":""256.80"",""ask_price"":""258.80""}]"
09:15:55.419,1790307955419996289,1025697973929876,Full Data,8,886951,871.30,40,09:15:55,836.46,8980,18280,95240,6000,"[{""bid_quantity"":40,""ask_quantity"":60,""bid_orders"":2,""ask_orders"":3,""bid_price"":""864.65"",""ask_price"":""870.15""},{""bid_quantity"":20,""ask_quantity"":20,""bid_orders"":1,""ask_orders"":1,""bid_price"":""864.60"",""ask_price"":""870.20""},{""bid_quantity"":60,""ask_quantity"":40,""bid_orders"":3,""ask_orders"":2,""bid_price"":""864.50"",""ask_price"":""870.35""},{""bid_quantity"":60,""ask_quantity"":40,""bid_orders"":3,""ask_orders"":2,""bid_price"":""864.40"",""ask_price"":""870.40""},{""bid_quantity"":180,""ask_quantity"":40,""bid_orders"":3,""ask_orders"":2,""bid_price"":""864.30"",""ask_price"":""870.45""}]"
09:15:55.479,1790307955480007273,1025698033941540,Full Data,8,886776,395.60,20,09:15:55,425.49,76720,23420,100180,67800,"[{""bid_quantity"":60,""ask_quantity"":60,""bid_orders"":3,""ask_orders"":3,""bid_price"":""395.65"",""ask_price"":""396.90""},{""bid_quantity"":60,""ask_quantity"":20,""bid_orders"":3,""ask_orders"":1,""bid_price"":""395.60"",""ask_price"":""397.00""},{""bid_quantity"":60,""ask_quantity"":20,""bid_orders"":3,""ask_orders"":1,""bid_price"":""395.55"",""ask_price"":""397.05""},{""bid_quantity"":80,""ask_quantity"":20,""bid_orders"":4,""ask_orders"":1,""bid_price"":""395.50"",""ask_price"":""397.10""},{""bid_quantity"":100,""ask_quantity"":40,""bid_orders"":4,""ask_orders"":2,""bid_price"":""395.45"",""ask_price"":""397.15""}]"
09:15:55.510,1790307955510355588,1025698064289495,Full Data,8,886718,321.15,20,09:15:55,355.87,266360,27220,34760,276660,"[{""bid_quantity"":60,""ask_quantity"":80,""bid_orders"":3,""ask_orders"":4,""bid_price"":""320.15"",""ask_price"":""321.10""},{""bid_quantity"":80,""ask_quantity"":60,""bid_orders"":3,""ask_orders"":3,""bid_price"":""320.10"",""ask_price"":""321.15""},{""bid_quantity"":60,""ask_quantity"":60,""bid_orders"":3,""ask_orders"":3,""bid_price"":""320.00"",""ask_price"":""321.45""},{""bid_quantity"":120,""ask_quantity"":120,""bid_orders"":4,""ask_orders"":4,""bid_price"":""319.70"",""ask_price"":""321.60""},{""bid_quantity"":140,""ask_quantity"":200,""bid_orders"":2,""ask_orders"":5,""bid_price"":""319.65"",""ask_price"":""321.70""}]"
09:15:55.541,1790307955541277865,1025698095211692,Full Data,8,887036,439.40,20,09:15:55,471.93,86640,21960,98700,155340,"[{""bid_quantity"":180,""ask_quantity"":60,""bid_orders"":6,""ask_orders"":3,""bid_price"":""437.65"",""ask_price"":""438.50""},{""bid_quantity"":160,""ask_quantity"":60,""bid_orders"":3,""ask_orders"":3,""bid_price"":""437.40"",""ask_price"":""439.05""},{""bid_quantity"":60,""ask_quantity"":80,""bid_orders"":3,""ask_orders"":3,""bid_price"":""437.35"",""ask_price"":""439.10""},{""bid_quantity"":60,""ask_quantity"":20,""bid_orders"":2,""ask_orders"":1,""bid_price"":""437.30"",""ask_price"":""439.15""},{""bid_quantity"":80,""ask_quantity"":20,""bid_orders"":2,""ask_orders"":1,""bid_price"":""437.25"",""ask_price"":""439.20""}]"
09:15:55.551,1790307955551499611,1025698105433398,Full Data,8,886872,228.85,20,09:15:55,259.86,67960,23700,23720,47980,"[{""bid_quantity"":80,""ask_quantity"":100,""bid_orders"":3,""ask_orders"":1,""bid_price"":""229.25"",""ask_price"":""229.45""},{""bid_quantity"":60,""ask_quantity"":200,""bid_orders"":1,""ask_orders"":7,""bid_price"":""229.20"",""ask_price"":""230.20""},{""bid_quantity"":60,""ask_quantity"":220,""bid_orders"":3,""ask_orders"":4,""bid_price"":""229.15"",""ask_price"":""230.40""},{""bid_quantity"":160,""ask_quantity"":60,""bid_orders"":5,""ask_orders"":2,""bid_price"":""229.10"",""ask_price"":""230.45""},{""bid_quantity"":120,""ask_quantity"":40,""bid_orders"":2,""ask_orders"":2,""bid_price"":""229.05"",""ask_price"":""230.75""}]"
09:15:55.556,1790307955556088000,1025698110022027,Ticker Data,0,51,73711.78,,09:15:55,,,,,,
09:15:55.581,1790307955581465363,1025698135399270,Full Data,8,887036,437.70,20,09:15:55,471.92,86660,21600,99040,155340,"[{""bid_quantity"":40,""ask_quantity"":40,""bid_orders"":2,""ask_orders"":2,""bid_price"":""437.75"",""ask_price"":""438.50""},{""bid_quantity"":40,""ask_quantity"":40,""bid_orders"":2,""ask_orders"":2,""bid_price"":""437.70"",""ask_price"":""438.85""},{""bid_quantity"":80,""ask_quantity"":20,""bid_orders"":4,""ask_orders"":1,""bid_price"":""437.65"",""ask_price"":""439.05""},{""bid_quantity"":40,""ask_quantity"":20,""bid_orders"":2,""ask_orders"":1,""bid_price"":""437.50"",""ask_price"":""439.10""},{""bid_quantity"":240,""ask_quantity"":20,""bid_orders"":4,""ask_orders"":1,""bid_price"":""437.40"",""ask_price"":""439.15""}]"
09:15:55.585,1790307955585497628,1025698139431415,Full Data,8,886872,229.45,100,09:15:55,259.82,68060,23740,23880,47980,"[{""bid_quantity"":120,""ask_quantity"":80,""bid_orders"":4,""ask_orders"":4,""bid_price"":""229.30"",""ask_price"":""230.20""},{""bid_quantity"":80,""ask_quantity"":120,""bid_orders"":3,""ask_orders"":3,""bid_price"":""229.25"",""ask_price"":""230.40""},{""bid_quantity"":80,""ask_quantity"":220,""bid_orders"":3,""ask_orders"":3,""bid_price"":""229.20"",""ask_price"":""230.75""},{""bid_quantity"":60,""ask_quantity"":20,""bid_orders"":3,""ask_orders"":1,""bid_price"":""229.15"",""ask_price"":""230.80""},{""bid_quantity"":180,""ask_quantity"":120,""bid_orders"":4,""ask_orders"":2,""bid_price"":""229.05"",""ask_price"":""230.85""}]"
09:15:55.641,1790307955641229505,1025698195163532,Full Data,8,886747,796.55,20,09:15:55,772.99,20380,17780,93680,5900,"[{""bid_quantity"":180,""ask_quantity"":80,""bid_orders"":3,""ask_orders"":4,""bid_price"":""793.65"",""ask_price"":""797.50""},{""bid_quantity"":40,""ask_quantity"":40,""bid_orders"":2,""ask_orders"":2,""bid_price"":""791.75"",""ask_price"":""797.55""},{""bid_quantity"":160,""ask_quantity"":80,""bid_orders"":4,""ask_orders"":4,""bid_price"":""791.70"",""ask_price"":""797.60""},{""bid_quantity"":40,""ask_quantity"":60,""bid_orders"":2,""ask_orders"":3,""bid_price"":""791.00"",""ask_price"":""797.70""},{""bid_quantity"":60,""ask_quantity"":20,""bid_orders"":3,""ask_orders"":1,""bid_price"":""790.85"",""ask_price"":""797.75""}]"
09:15:55.671,1790307955671373258,1025698225307165,Full Data,8,886747,796.55,20,09:15:55,772.99,20380,17540,93760,5900,"[{""bid_quantity"":180,""ask_quantity"":40,""bid_orders"":3,""ask_orders"":2,""bid_price"":""793.30"",""ask_price"":""797.15""},{""bid_quantity"":60,""ask_quantity"":40,""bid_orders"":3,""ask_orders"":2,""bid_price"":""791.90"",""ask_price"":""797.25""},{""bid_quantity"":160,""ask_quantity"":60,""bid_orders"":4,""ask_orders"":3,""bid_price"":""791.70"",""ask_price"":""797.40""},{""bid_quantity"":60,""ask_quantity"":80,""bid_orders"":3,""ask_orders"":4,""bid_price"":""791.05"",""ask_price"":""797.50""},{""bid_quantity"":40,""ask_quantity"":80,""bid_orders"":2,""ask_orders"":4,""bid_price"":""791.00"",""ask_price"":""797.60""}]"
09:15:55.705,1790307955705556037,1025698259490384,Full Data,8,886849,546.75,20,09:15:55,530.67,91600,21420,24620,167000,"[{""bid_quantity"":20,""ask_quantity"":100,""bid_orders"":1,""ask_orders"":1,""bid_price"":""545.90"",""ask_price"":""547.40""},{""bid_quantity"":240,""ask_quantity"":60,""bid_orders"":3,""ask_orders"":2,""bid_price"":""545.85"",""ask_price"":""547.60""},{""bid_quantity"":20,""ask_quantity"":100,""bid_orders"":1,""ask_orders"":1,""bid_price"":""545.70"",""ask_price"":""548.00""},{""bid_quantity"":40,""ask_quantity"":40,""bid_orders"":2,""ask_orders"":2,""bid_price"":""545.65"",""ask_price"":""548.05""},{""bid_quantity"":20,""ask_quantity"":40,""bid_orders"":1,""ask_orders"":2,""bid_price"":""545.60"",""ask_price"":""548.15""}]"
09:15:55.731,1790307955731453643,1025698285387510,Full Data,8,886692,941.20,100,09:15:53,908.38,4680,17080,92780,4500,"[{""bid_quantity"":40,""ask_quantity"":60,""bid_orders"":2,""ask_orders"":2,""bid_price"":""935.10"",""ask_price"":""938.55""},{""bid_quantity"":40,""ask_quantity"":40,""bid_orders"":2,""ask_orders"":2,""bid_price"":""935.05"",""ask_price"":""938.85""},{""bid_quantity"":20,""ask_quantity"":40,""bid_orders"":1,""ask_orders"":2,""bid_price"":""934.95"",""ask_price"":""938.95""},{""bid_quantity"":40,""ask_quantity"":40,""bid_orders"":2,""ask_orders"":2,""bid_price"":""934.85"",""ask_price"":""939.05""},{""bid_quantity"":20,""ask_quantity"":20,""bid_orders"":1,""ask_orders"":1,""bid_price"":""934.80"",""ask_price"":""939.15""}]"
09:15:55.770,1790307955770643373,1025698324577160,Full Data,8,886805,668.30,60,09:15:55,653.03,92740,20940,139480,42420,"[{""bid_quantity"":40,""ask_quantity"":140,""bid_orders"":2,""ask_orders"":5,""bid_price"":""665.05"",""ask_price"":""666.80""},{""bid_quantity"":4040,""ask_quantity"":60,""bid_orders"":5,""ask_orders"":3,""bid_price"":""665.00"",""ask_price"":""666.85""},{""bid_quantity"":40,""ask_quantity"":40,""bid_orders"":2,""ask_orders"":2,""bid_price"":""664.95"",""ask_price"":""667.10""},{""bid_quantity"":640,""ask_quantity"":60,""bid_orders"":3,""ask_orders"":3,""bid_price"":""664.80"",""ask_price"":""667.65""},{""bid_quantity"":20,""ask_quantity"":60,""bid_orders"":1,""ask_orders"":2,""bid_price"":""664.75"",""ask_price"":""667.85""}]"
09:15:55.790,1790307955790660182,1025698344594049,Full Data,8,886849,547.40,20,09:15:55,530.68,91680,21820,25560,167000,"[{""bid_quantity"":60,""ask_quantity"":20,""bid_orders"":3,""ask_orders"":1,""bid_price"":""547.10"",""ask_price"":""548.60""},{""bid_quantity"":60,""ask_quantity"":40,""bid_orders"":3,""ask_orders"":2,""bid_price"":""546.90"",""ask_price"":""548.85""},{""bid_quantity"":80,""ask_quantity"":40,""bid_orders"":3,""ask_orders"":2,""bid_price"":""546.85"",""ask_price"":""549.05""},{""bid_quantity"":60,""ask_quantity"":20,""bid_orders"":3,""ask_orders"":1,""bid_price"":""546.80"",""ask_price"":""549.10""},{""bid_quantity"":40,""ask_quantity"":20,""bid_orders"":2,""ask_orders"":1,""bid_price"":""546.70"",""ask_price"":""549.20""}]"
09:15:55.829,1790307955829041827,1025698382975654,Full Data,8,886805,666.85,20,09:15:55,653.04,92820,21160,139880,42420,"[{""bid_quantity"":640,""ask_quantity"":100,""bid_orders"":3,""ask_orders"":5,""bid_price"":""666.40"",""ask_price"":""668.45""},{""bid_quantity"":60,""ask_quantity"":40,""bid_orders"":3,""ask_orders"":2,""bid_price"":""666.30"",""ask_price"":""668.55""},{""bid_quantity"":20,""ask_quantity"":80,""bid_orders"":1,""ask_orders"":3,""bid_price"":""666.20"",""ask_price"":""668.60""},{""bid_quantity"":60,""ask_quantity"":40,""bid_orders"":3,""ask_orders"":2,""bid_price"":""666.15"",""ask_price"":""668.65""},{""bid_quantity"":20,""ask_quantity"":40,""bid_orders"":1,""ask_orders"":2,""bid_price"":""666.00"",""ask_price"":""668.75""}]"
09:15:55.830,1790307955830156354,1025698384090141,Full Data,8,886692,941.20,100,09:15:53,908.38,4680,17080,93040,4500,"[{""bid_quantity"":20,""ask_quantity"":80,""bid_orders"":1,""ask_orders"":3,""bid_price"":""936.25"",""ask_price"":""940.65""},{""bid_quantity"":40,""ask_quantity"":40,""bid_orders"":2,""ask_orders"":2,""bid_price"":""936.20"",""ask_price"":""940.70""},{""bid_quantity"":40,""ask_quantity"":40,""bid_orders"":2,""ask_orders"":2,""bid_price"":""936.15"",""ask_price"":""940.80""},{""bid_quantity"":40,""ask_quantity"":40,""bid_orders"":2,""ask_orders"":2,""bid_price"":""936.05"",""ask_price"":""940.90""},{""bid_quantity"":40,""ask_quantity"":40,""bid_orders"":2,""ask_orders"":2,""bid_price"":""935.95"",""ask_price"":""941.00""}]"
09:15:55.911,1790307955911496595,1025698465430782,Full Data,8,886981,358.85,100,09:15:55,391.64,129000,24960,43580,63920,"[{""bid_quantity"":80,""ask_quantity"":60,""bid_orders"":3,""ask_orders"":3,""bid_price"":""357.95"",""ask_price"":""358.85""},{""bid_quantity"":100,""ask_quantity"":60,""bid_orders"":5,""ask_orders"":1,""bid_price"":""357.90"",""ask_price"":""359.25""},{""bid_quantity"":60,""ask_quantity"":120,""bid_orders"":2,""ask_orders"":4,""bid_price"":""357.85"",""ask_price"":""359.60""},{""bid_quantity"":20,""ask_quantity"":120,""bid_orders"":1,""ask_orders"":4,""bid_price"":""357.75"",""ask_price"":""359.70""},{""bid_quantity"":60,""ask_quantity"":220,""bid_orders"":3,""ask_orders"":4,""bid_price"":""357.70"",""ask_price"":""359.80""}]"
09:15:55.942,1790307955942801155,1025698496735022,Full Data,8,886924,289.10,40,09:15:55,322.07,65660,21980,17240,59380,"[{""bid_quantity"":60,""ask_quantity"":60,""bid_orders"":3,""ask_orders"":2,""bid_price"":""287.10"",""ask_price"":""287.85""},{""bid_quantity"":400,""ask_quantity"":40,""bid_orders"":6,""ask_orders"":2,""bid_price"":""287.00"",""ask_price"":""287.90""},{""bid_quantity"":60,""ask_quantity"":60,""bid_orders"":3,""ask_orders"":2,""bid_price"":""286.90"",""ask_price"":""287.95""},{""bid_quantity"":60,""ask_quantity"":40,""bid_orders"":2,""ask_orders"":2,""bid_price"":""286.75"",""ask_price"":""288.00""},{""bid_quantity"":80,""ask_quantity"":20,""bid_orders"":2,""ask_orders"":1,""bid_price"":""286.65"",""ask_price"":""288.05""}]"
09:15:55.964,1790307955964425054,1025698518359001,Full Data,8,886924,287.00,60,09:15:55,322.01,65780,22000,17460,59380,"[{""bid_quantity"":40,""ask_quantity"":80,""bid_orders"":2,""ask_orders"":3,""bid_price"":""287.25"",""ask_price"":""288.05""},{""bid_quantity"":40,""ask_quantity"":60,""bid_orders"":2,""ask_orders"":3,""bid_price"":""287.20"",""ask_price"":""288.10""},{""bid_quantity"":80,""ask_quantity"":20,""bid_orders"":4,""ask_orders"":1,""bid_price"":""287.10"",""ask_price"":""288.15""},{""bid_quantity"":340,""ask_quantity"":80,""bid_orders"":5,""ask_orders"":4,""bid_price"":""287.00"",""ask_price"":""288.20""},{""bid_quantity"":20,""ask_quantity"":20,""bid_orders"":1,""ask_orders"":1,""bid_price"":""286.95"",""ask_price"":""288.35""}]"
09:15:56.216,1790307956216811189,1025698770745256,Full Data,8,886572,604.55,20,09:15:56,591.30,102440,21540,103000,92640,"[{""bid_quantity"":40,""ask_quantity"":40,""bid_orders"":2,""ask_orders"":1,""bid_price"":""602.95"",""ask_price"":""604.75""},{""bid_quantity"":20,""ask_quantity"":20,""bid_orders"":1,""ask_orders"":1,""bid_price"":""602.90"",""ask_price"":""604.80""},{""bid_quantity"":20,""ask_quantity"":440,""bid_orders"":1,""ask_orders"":7,""bid_price"":""602.75"",""ask_price"":""604.85""},{""bid_quantity"":20,""ask_quantity"":80,""bid_orders"":1,""ask_orders"":2,""bid_price"":""602.60"",""ask_price"":""604.90""},{""bid_quantity"":100,""ask_quantity"":160,""bid_orders"":1,""ask_orders"":2,""bid_price"":""602.25"",""ask_price"":""604.95""}]"
09:15:56.246,1790307956246100736,1025698800035003,Full Data,8,887017,728.05,20,09:15:56,701.48,146860,21720,165780,74320,"[{""bid_quantity"":20,""ask_quantity"":60,""bid_orders"":1,""ask_orders"":3,""bid_price"":""727.90"",""ask_price"":""730.10""},{""bid_quantity"":40,""ask_quantity"":60,""bid_orders"":2,""ask_orders"":3,""bid_price"":""727.85"",""ask_price"":""730.25""},{""bid_quantity"":60,""ask_quantity"":60,""bid_orders"":2,""ask_orders"":3,""bid_price"":""727.70"",""ask_price"":""730.40""},{""bid_quantity"":40,""ask_quantity"":40,""bid_orders"":2,""ask_orders"":2,""bid_price"":""727.65"",""ask_price"":""730.55""},{""bid_quantity"":280,""ask_quantity"":60,""bid_orders"":3,""ask_orders"":2,""bid_price"":""727.60"",""ask_price"":""730.65""}]"
09:15:56.293,1790307956293369399,1025698847303306,Full Data,8,886572,604.15,40,09:15:56,591.31,102540,23720,103560,92640,"[{""bid_quantity"":40,""ask_quantity"":40,""bid_orders"":2,""ask_orders"":2,""bid_price"":""602.15"",""ask_price"":""603.85""},{""bid_quantity"":80,""ask_quantity"":20,""bid_orders"":4,""ask_orders"":1,""bid_price"":""602.10"",""ask_price"":""603.90""},{""bid_quantity"":40,""ask_quantity"":20,""bid_orders"":2,""ask_orders"":1,""bid_price"":""601.90"",""ask_price"":""603.95""},{""bid_quantity"":60,""ask_quantity"":100,""bid_orders"":2,""ask_orders"":4,""bid_price"":""601.80"",""ask_price"":""604.00""},{""bid_quantity"":20,""ask_quantity"":60,""bid_orders"":1,""ask_orders"":3,""bid_price"":""601.75"",""ask_price"":""604.05""}]"
09:15:56.408,1790307956408687337,1025698962621444,Full Data,8,887124,260.00,40,09:15:56,282.97,63540,21420,15980,64860,"[{""bid_quantity"":60,""ask_quantity"":100,""bid_orders"":2,""ask_orders"":3,""bid_price"":""259.35"",""ask_price"":""260.30""},{""bid_quantity"":60,""ask_quantity"":60,""bid_orders"":3,""ask_orders"":2,""bid_price"":""259.30"",""ask_price"":""260.40""},{""bid_quantity"":40,""ask_quantity"":60,""bid_orders"":2,""ask_orders"":2,""bid_price"":""259.20"",""ask_price"":""260.50""},{""bid_quantity"":60,""ask_quantity"":20,""bid_orders"":3,""ask_orders"":1,""bid_price"":""259.15"",""ask_price"":""260.55""},{""bid_quantity"":60,""ask_quantity"":120,""bid_orders"":3,""ask_orders"":4,""bid_price"":""259.10"",""ask_price"":""260.60""}]"
09:15:56.439,1790307956439231813,1025698993165760,Full Data,8,886951,859.20,60,09:15:56,837.42,9320,14640,92020,6000,"[{""bid_quantity"":40,""ask_quantity"":40,""bid_orders"":2,""ask_orders"":2,""bid_price"":""860.10"",""ask_price"":""863.95""},{""bid_quantity"":140,""ask_quantity"":40,""bid_orders"":4,""ask_orders"":2,""bid_price"":""860.05"",""ask_price"":""864.00""},{""bid_quantity"":40,""ask_quantity"":40,""bid_orders"":2,""ask_orders"":2,""bid_price"":""859.95"",""ask_price"":""864.05""},{""bid_quantity"":40,""ask_quantity"":20,""bid_orders"":2,""ask_orders"":1,""bid_price"":""859.85"",""ask_price"":""864.10""},{""bid_quantity"":20,""ask_quantity"":20,""bid_orders"":1,""ask_orders"":1,""bid_price"":""859.75"",""ask_price"":""864.15""}]"
09:15:56.480,1790307956480020434,1025699033954381,Full Data,8,886776,398.80,20,09:15:56,425.31,77220,19000,97060,67800,"[{""bid_quantity"":80,""ask_quantity"":80,""bid_orders"":4,""ask_orders"":4,""bid_price"":""398.85"",""ask_price"":""400.35""},{""bid_quantity"":60,""ask_quantity"":80,""bid_orders"":3,""ask_orders"":4,""bid_price"":""398.80"",""ask_price"":""400.45""},{""bid_quantity"":100,""ask_quantity"":60,""bid_orders"":4,""ask_orders"":3,""bid_price"":""398.75"",""ask_price"":""400.55""},{""bid_quantity"":20,""ask_quantity"":60,""bid_orders"":1,""ask_orders"":3,""bid_price"":""398.65"",""ask_price"":""400.60""},{""bid_quantity"":60,""ask_quantity"":40,""bid_orders"":3,""ask_orders"":1,""bid_price"":""398.60"",""ask_price"":""400.65""}]"
09:15:56.529,1790307956529214228,1025699083148295,Full Data,8,886718,322.55,20,09:15:56,355.69,267800,23680,31500,276660,"[{""bid_quantity"":60,""ask_quantity"":80,""bid_orders"":2,""ask_orders"":2,""bid_price"":""322.60"",""ask_price"":""323.60""},{""bid_quantity"":140,""ask_quantity"":100,""bid_orders"":6,""ask_orders"":4,""bid_price"":""322.55"",""ask_price"":""324.00""},{""bid_quantity"":80,""ask_quantity"":220,""bid_orders"":3,""ask_orders"":3,""bid_price"":""322.50"",""ask_price"":""324.15""},{""bid_quantity"":80,""ask_quantity"":40,""bid_orders"":4,""ask_orders"":2,""bid_price"":""322.45"",""ask_price"":""324.30""},{""bid_quantity"":80,""ask_quantity"":60,""bid_orders"":1,""ask_orders"":1,""bid_price"":""322.40"",""ask_price"":""324.35""}]"
09:15:56.569,1790307956569107204,1025699123041031,Full Data,8,887124,260.00,40,09:15:56,282.97,63540,21360,16080,64860,"[{""bid_quantity"":400,""ask_quantity"":20,""bid_orders"":6,""ask_orders"":1,""bid_price"":""258.80"",""ask_price"":""259.35""},{""bid_quantity"":120,""ask_quantity"":80,""bid_orders"":5,""ask_orders"":3,""bid_price"":""258.75"",""ask_price"":""260.15""},{""bid_quantity"":40,""ask_quantity"":120,""bid_orders"":2,""ask_orders"":4,""bid_price"":""258.60"",""ask_price"":""260.20""},{""bid_quantity"":120,""ask_quantity"":280,""bid_orders"":3,""ask_orders"":3,""bid_price"":""258.55"",""ask_price"":""260.25""},{""bid_quantity"":180,""ask_quantity"":80,""bid_orders"":4,""ask_orders"":3,""bid_price"":""258.50"",""ask_price"":""260.30""}]"
09:15:56.571,1790307956571755421,1025699125689168,Ticker Data,0,51,73708.28,,09:15:56,,,,,,
09:15:56.586,1790307956586441995,1025699140376102,Full Data,8,887036,440.20,40,09:15:56,471.10,89020,18620,96740,155340,"[{""bid_quantity"":120,""ask_quantity"":60,""bid_orders"":4,""ask_orders"":3,""bid_price"":""441.65"",""ask_price"":""443.15""},{""bid_quantity"":60,""ask_quantity"":60,""bid_orders"":3,""ask_orders"":3,""bid_price"":""441.60"",""ask_price"":""443.25""},{""bid_quantity"":60,""ask_quantity"":200,""bid_orders"":3,""ask_orders"":3,""bid_price"":""441.35"",""ask_price"":""443.30""},{""bid_quantity"":60,""ask_quantity"":20,""bid_orders"":3,""ask_orders"":1,""bid_price"":""441.15"",""ask_price"":""443.45""},{""bid_quantity"":40,""ask_quantity"":20,""bid_orders"":1,""ask_orders"":1,""bid_price"":""441.05"",""ask_price"":""443.50""}]"
09:15:56.614,1790307956614548815,1025699168482922,Full Data,8,886872,233.05,40,09:15:56,259.49,68880,19720,22500,47980,"[{""bid_quantity"":80,""ask_quantity"":80,""bid_orders"":3,""ask_orders"":4,""bid_price"":""232.10"",""ask_price"":""233.15""},{""bid_quantity"":40,""ask_quantity"":40,""bid_orders"":2,""ask_orders"":2,""bid_price"":""232.05"",""ask_price"":""233.35""},{""bid_quantity"":60,""ask_quantity"":60,""bid_orders"":2,""ask_orders"":3,""bid_price"":""232.00"",""ask_price"":""233.40""},{""bid_quantity"":100,""ask_quantity"":140,""bid_orders"":4,""ask_orders"":5,""bid_price"":""231.95"",""ask_price"":""233.50""},{""bid_quantity"":60,""ask_quantity"":100,""bid_orders"":3,""ask_orders"":1,""bid_price"":""231.90"",""ask_price"":""233.55""}]"
09:15:56.638,1790307956638675249,1025699192609076,Full Data,8,887036,441.70,20,09:15:56,471.08,89100,20640,99400,155340,"[{""bid_quantity"":100,""ask_quantity"":20,""bid_orders"":2,""ask_orders"":1,""bid_price"":""442.00"",""ask_price"":""443.10""},{""bid_quantity"":140,""ask_quantity"":20,""bid_orders"":3,""ask_orders"":1,""bid_price"":""441.95"",""ask_price"":""443.20""},{""bid_quantity"":40,""ask_quantity"":160,""bid_orders"":2,""ask_orders"":1,""bid_price"":""441.90"",""ask_price"":""443.30""},{""bid_quantity"":20,""ask_quantity"":20,""bid_orders"":1,""ask_orders"":1,""bid_price"":""441.85"",""ask_price"":""443.40""},{""bid_quantity"":100,""ask_quantity"":20,""bid_orders"":3,""ask_orders"":1,""bid_price"":""441.70"",""ask_price"":""443.45""}]"
09:15:56.641,1790307956641060184,1025699194993931,Full Data,8,886872,232.10,20,09:15:56,259.48,68900,21660,24640,47980,"[{""bid_quantity"":60,""ask_quantity"":20,""bid_orders"":3,""ask_orders"":1,""bid_price"":""232.45"",""ask_price"":""233.35""},{""bid_quantity"":100,""ask_quantity"":180,""bid_orders"":4,""ask_orders"":1,""bid_price"":""232.40"",""ask_price"":""233.75""},{""bid_quantity"":80,""ask_quantity"":60,""bid_orders"":4,""ask_orders"":2,""bid_price"":""232.35"",""ask_price"":""234.00""},{""bid_quantity"":100,""ask_quantity"":40,""bid_orders"":4,""ask_orders"":1,""bid_price"":""232.30"",""ask_price"":""234.45""},{""bid_quantity"":120,""ask_quantity"":40,""bid_orders"":4,""ask_orders"":1,""bid_price"":""232.20"",""ask_price"":""234.50""}]"
09:15:56.704,1790307956704260269,1025699258194456,Full Data,8,886747,789.25,20,09:15:56,773.12,20520,17160,93620,5900,"[{""bid_quantity"":220,""ask_quantity"":60,""bid_orders"":5,""ask_orders"":3,""bid_price"":""788.25"",""ask_price"":""791.75""},{""bid_quantity"":240,""ask_quantity"":60,""bid_orders"":3,""ask_orders"":3,""bid_price"":""786.00"",""ask_price"":""791.85""},{""bid_quantity"":80,""ask_quantity"":60,""bid_orders"":4,""ask_orders"":3,""bid_price"":""785.15"",""ask_price"":""792.15""},{""bid_quantity"":60,""ask_quantity"":40,""bid_orders"":2,""ask_orders"":2,""bid_price"":""785.10"",""ask_price"":""792.25""},{""bid_quantity"":60,""ask_quantity"":20,""bid_orders"":3,""ask_orders"":1,""bid_price"":""785.05"",""ask_price"":""792.30""}]"
09:15:56.737,1790307956737396801,1025699291330828,Full Data,8,886747,789.25,20,09:15:56,773.12,20520,17160,93540,5900,"[{""bid_quantity"":220,""ask_quantity"":1000,""bid_orders"":4,""ask_orders"":1,""bid_price"":""788.35"",""ask_price"":""790.00""},{""bid_quantity"":40,""ask_quantity"":40,""bid_orders"":2,""ask_orders"":2,""bid_price"":""788.25"",""ask_price"":""796.25""},{""bid_quantity"":60,""ask_quantity"":80,""bid_orders"":3,""ask_orders"":3,""bid_price"":""788.15"",""ask_price"":""796.30""},{""bid_quantity"":60,""ask_quantity"":60,""bid_orders"":3,""ask_orders"":2,""bid_price"":""787.90"",""ask_price"":""798.20""},{""bid_quantity"":200,""ask_quantity"":40,""bid_orders"":4,""ask_orders"":1,""bid_price"":""787.85"",""ask_price"":""798.45""}]"
09:15:56.808,1790307956808496096,1025699362430363,Full Data,8,886849,543.50,20,09:15:56,530.83,92740,20700,22120,167000,"[{""bid_quantity"":40,""ask_quantity"":180,""bid_orders"":2,""ask_orders"":3,""bid_price"":""542.85"",""ask_price"":""544.60""},{""bid_quantity"":80,""ask_quantity"":100,""bid_orders"":4,""ask_orders"":4,""bid_price"":""542.80"",""ask_price"":""544.65""},{""bid_quantity"":60,""ask_quantity"":60,""bid_orders"":3,""ask_orders"":3,""bid_price"":""542.75"",""ask_price"":""544.70""},{""bid_quantity"":80,""ask_quantity"":20,""bid_orders"":4,""ask_orders"":1,""bid_price"":""542.65"",""ask_price"":""544.80""},{""bid_quantity"":60,""ask_quantity"":60,""bid_orders"":3,""ask_orders"":3,""bid_price"":""542.60"",""ask_price"":""544.85""}]"
09:15:56.819,1790307956819036323,1025699372970190,Full Data,8,886805,664.90,80,09:15:56,653.62,97680,17940,132820,42420,"[{""bid_quantity"":40,""ask_quantity"":40,""bid_orders"":1,""ask_orders"":2,""bid_price"":""662.25"",""ask_price"":""664.35""},{""bid_quantity"":40,""ask_quantity"":40,""bid_orders"":1,""ask_orders"":2,""bid_price"":""662.20"",""ask_price"":""664.40""},{""bid_quantity"":80,""ask_quantity"":60,""bid_orders"":3,""ask_orders"":3,""bid_price"":""662.15"",""ask_price"":""664.60""},{""bid_quantity"":20,""ask_quantity"":180,""bid_orders"":1,""ask_orders"":4,""bid_price"":""662.10"",""ask_price"":""664.80""},{""bid_quantity"":80,""ask_quantity"":60,""bid_orders"":3,""ask_orders"":3,""bid_price"":""662.05"",""ask_price"":""665.00""}]"
09:15:56.847,1790307956847657707,1025699401591694,Full Data,8,886692,941.20,100,09:15:53,908.38,4680,13500,89520,4500,"[{""bid_quantity"":60,""ask_quantity"":40,""bid_orders"":3,""ask_orders"":1,""bid_price"":""932.90"",""ask_price"":""939.35""},{""bid_quantity"":40,""ask_quantity"":60,""bid_orders"":2,""ask_orders"":3,""bid_price"":""932.75"",""ask_price"":""939.40""},{""bid_quantity"":40,""ask_quantity"":40,""bid_orders"":2,""ask_orders"":2,""bid_price"":""932.65"",""ask_price"":""939.50""},{""bid_quantity"":40,""ask_quantity"":40,""bid_orders"":2,""ask_orders"":2,""bid_price"":""932.55"",""ask_price"":""939.60""},{""bid_quantity"":40,""ask_quantity"":40,""bid_orders"":2,""ask_orders"":2,""bid_price"":""932.45"",""ask_price"":""939.70""}]"
09:15:56.874,1790307956874257077,1025699428190864,Full Data,8,886805,664.90,80,09:15:56,653.62,97680,17200,132420,42420,"[{""bid_quantity"":40,""ask_quantity"":20,""bid_orders"":1,""ask_orders"":1,""bid_price"":""663.25"",""ask_price"":""665.30""},{""bid_quantity"":180,""ask_quantity"":120,""bid_orders"":1,""ask_orders"":5,""bid_price"":""663.20"",""ask_price"":""665.40""},{""bid_quantity"":20,""ask_quantity"":20,""bid_orders"":1,""ask_orders"":1,""bid_price"":""663.15"",""ask_price"":""665.45""},{""bid_quantity"":40,""ask_quantity"":80,""bid_orders"":1,""ask_orders"":1,""bid_price"":""663.05"",""ask_price"":""665.55""},{""bid_quantity"":20,""ask_quantity"":100,""bid_orders"":1,""ask_orders"":1,""bid_price"":""663.00"",""ask_price"":""665.60""}]"
09:15:56.881,1790307956881662844,1025699435596751,Full Data,8,886849,545.45,20,09:15:56,530.83,92760,19640,22240,167000,"[{""bid_quantity"":60,""ask_quantity"":40,""bid_orders"":3,""ask_orders"":2,""bid_price"":""544.55"",""ask_price"":""545.60""},{""bid_quantity"":160,""ask_quantity"":20,""bid_orders"":1,""ask_orders"":1,""bid_price"":""544.50"",""ask_price"":""545.80""},{""bid_quantity"":20,""ask_quantity"":20,""bid_orders"":1,""ask_orders"":1,""bid_price"":""544.40"",""ask_price"":""545.85""},{""bid_quantity"":20,""ask_quantity"":60,""bid_orders"":1,""ask_orders"":2,""bid_price"":""544.20"",""ask_price"":""546.40""},{""bid_quantity"":40,""ask_quantity"":100,""bid_orders"":2,""ask_orders"":1,""bid_price"":""544.15"",""ask_price"":""546.70""}]"
09:15:56.922,1790307956922570666,1025699476504893,Full Data,8,886981,358.85,20,09:15:56,390.77,132780,25280,42660,63920,"[{""bid_quantity"":20,""ask_quantity"":40,""bid_orders"":1,""ask_orders"":2,""bid_price"":""357.80"",""ask_price"":""358.95""},{""bid_quantity"":20,""ask_quantity"":20,""bid_orders"":1,""ask_orders"":1,""bid_price"":""357.75"",""ask_price"":""359.00""},{""bid_quantity"":60,""ask_quantity"":60,""bid_orders"":3,""ask_orders"":2,""bid_price"":""357.60"",""ask_price"":""359.15""},{""bid_quantity"":100,""ask_quantity"":40,""bid_orders"":1,""ask_orders"":2,""bid_price"":""357.50"",""ask_price"":""359.45""},{""bid_quantity"":40,""ask_quantity"":20,""bid_orders"":1,""ask_orders"":1,""bid_price"":""357.45"",""ask_price"":""359.50""}]"
09:15:56.937,1790307956937738043,1025699491672150,Full Data,8,886692,941.20,100,09:15:53,908.38,4680,13240,89660,4500,"[{""bid_quantity"":80,""ask_quantity"":40,""bid_orders"":4,""ask_orders"":2,""bid_price"":""932.60"",""ask_price"":""938.55""},{""bid_quantity"":40,""ask_quantity"":60,""bid_orders"":2,""ask_orders"":2,""bid_price"":""932.55"",""ask_price"":""938.60""},{""bid_quantity"":40,""ask_quantity"":40,""bid_orders"":2,""ask_orders"":2,""bid_price"":""932.35"",""ask_price"":""938.90""},{""bid_quantity"":40,""ask_quantity"":20,""bid_orders"":2,""ask_orders"":1,""bid_price"":""932.30"",""ask_price"":""938.95""},{""bid_quantity"":40,""ask_quantity"":40,""bid_orders"":2,""ask_orders"":2,""bid_price"":""932.25"",""ask_price"":""939.00""}]"
09:15:56.969,1790307956969489006,1025699523422993,Full Data,8,886924,288.00,20,09:15:56,321.75,66300,22700,18560,59380,"[{""bid_quantity"":40,""ask_quantity"":20,""bid_orders"":2,""ask_orders"":1,""bid_price"":""287.70"",""ask_price"":""288.65""},{""bid_quantity"":60,""ask_quantity"":60,""bid_orders"":3,""ask_orders"":2,""bid_price"":""287.65"",""ask_price"":""288.95""},{""bid_quantity"":40,""ask_quantity"":120,""bid_orders"":2,""ask_orders"":2,""bid_price"":""287.60"",""ask_price"":""289.00""},{""bid_quantity"":60,""ask_quantity"":20,""bid_orders"":3,""ask_orders"":1,""bid_price"":""287.50"",""ask_price"":""289.10""},{""bid_quantity"":200,""ask_quantity"":20,""bid_orders"":3,""ask_orders"":1,""bid_price"":""287.45"",""ask_price"":""289.15""}]"
09:15:56.997,1790307956997638346,1025699551572333,Full Data,8,886924,288.00,20,09:15:56,321.75,66300,22900,18560,59380,"[{""bid_quantity"":20,""ask_quantity"":40,""bid_orders"":1,""ask_orders"":2,""bid_price"":""288.00"",""ask_price"":""288.65""},{""bid_quantity"":40,""ask_quantity"":60,""bid_orders"":2,""ask_orders"":3,""bid_price"":""287.90"",""ask_price"":""288.90""},{""bid_quantity"":60,""ask_quantity"":80,""bid_orders"":3,""ask_orders"":3,""bid_price"":""287.70"",""ask_price"":""288.95""},{""bid_quantity"":40,""ask_quantity"":180,""bid_orders"":2,""ask_orders"":4,""bid_price"":""287.60"",""ask_price"":""289.00""},{""bid_quantity"":60,""ask_quantity"":20,""bid_orders"":3,""ask_orders"":1,""bid_price"":""287.50"",""ask_price"":""289.15""}]"
09:15:57.251,1790307957251696452,1025699805630639,Full Data,8,887017,727.20,20,09:15:56,701.64,147800,19120,165060,74320,"[{""bid_quantity"":60,""ask_quantity"":100,""bid_orders"":3,""ask_orders"":5,""bid_price"":""725.00"",""ask_price"":""726.95""},{""bid_quantity"":60,""ask_quantity"":60,""bid_orders"":3,""ask_orders"":2,""bid_price"":""724.75"",""ask_price"":""727.05""},{""bid_quantity"":60,""ask_quantity"":60,""bid_orders"":3,""ask_orders"":3,""bid_price"":""724.60"",""ask_price"":""727.10""},{""bid_quantity"":40,""ask_quantity"":40,""bid_orders"":2,""ask_orders"":2,""bid_price"":""724.45"",""ask_price"":""727.15""},{""bid_quantity"":40,""ask_quantity"":20,""bid_orders"":2,""ask_orders"":1,""bid_price"":""724.30"",""ask_price"":""727.20""}]"
09:15:57.293,1790307957293849682,1025699847784189,Full Data,8,886572,600.45,40,09:15:57,591.44,103960,22560,102440,92640,"[{""bid_quantity"":40,""ask_quantity"":20,""bid_orders"":1,""ask_orders"":1,""bid_price"":""599.00"",""ask_price"":""600.55""},{""bid_quantity"":20,""ask_quantity"":40,""bid_orders"":1,""ask_orders"":2,""bid_price"":""598.95"",""ask_price"":""600.75""},{""bid_quantity"":40,""ask_quantity"":20,""bid_orders"":1,""ask_orders"":1,""bid_price"":""598.90"",""ask_price"":""600.80""},{""bid_quantity"":120,""ask_quantity"":20,""bid_orders"":4,""ask_orders"":1,""bid_price"":""598.85"",""ask_price"":""600.85""},{""bid_quantity"":40,""ask_quantity"":60,""bid_orders"":2,""ask_orders"":2,""bid_price"":""598.80"",""ask_price"":""601.00""}]"
09:15:57.317,1790307957317318432,1025699871252379,Full Data,8,887017,723.55,20,09:15:57,701.66,147960,18980,164600,74320,"[{""bid_quantity"":60,""ask_quantity"":60,""bid_orders"":3,""ask_orders"":3,""bid_price"":""723.05"",""ask_price"":""725.20""},{""bid_quantity"":40,""ask_quantity"":120,""bid_orders"":2,""ask_orders"":6,""bid_price"":""722.90"",""ask_price"":""725.35""},{""bid_quantity"":800,""ask_quantity"":80,""bid_orders"":1,""ask_orders"":3,""bid_price"":""722.85"",""ask_price"":""725.50""},{""bid_quantity"":60,""ask_quantity"":60,""bid_orders"":3,""ask_orders"":3,""bid_price"":""722.80"",""ask_price"":""725.55""},{""bid_quantity"":20,""ask_quantity"":40,""bid_orders"":1,""ask_orders"":1,""bid_price"":""722.65"",""ask_price"":""725.70""}]"
09:15:57.366,1790307957366142105,1025699920076292,Full Data,8,886572,598.70,60,09:15:57,591.54,105060,26680,103440,92640,"[{""bid_quantity"":40,""ask_quantity"":120,""bid_orders"":1,""ask_orders"":5,""bid_price"":""599.20"",""ask_price"":""600.85""},{""bid_quantity"":40,""ask_quantity"":60,""bid_orders"":2,""ask_orders"":3,""bid_price"":""599.15"",""ask_price"":""600.90""},{""bid_quantity"":40,""ask_quantity"":20,""bid_orders"":1,""ask_orders"":1,""bid_price"":""599.10"",""ask_price"":""600.95""},{""bid_quantity"":80,""ask_quantity"":20,""bid_orders"":4,""ask_orders"":1,""bid_price"":""599.05"",""ask_price"":""601.00""},{""bid_quantity"":20,""ask_quantity"":40,""bid_orders"":1,""ask_orders"":2,""bid_price"":""598.95"",""ask_price"":""601.05""}]"
09:15:57.410,1790307957410742870,1025699964676737,Full Data,8,886776,399.90,20,09:15:57,425.03,78040,20080,98260,67800,"[{""bid_quantity"":40,""ask_quantity"":80,""bid_orders"":2,""ask_orders"":4,""bid_price"":""398.65"",""ask_price"":""399.65""},{""bid_quantity"":60,""ask_quantity"":60,""bid_orders"":3,""ask_orders"":3,""bid_price"":""398.40"",""ask_price"":""399.70""},{""bid_quantity"":60,""ask_quantity"":60,""bid_orders"":3,""ask_orders"":3,""bid_price"":""398.35"",""ask_price"":""399.80""},{""bid_quantity"":20,""ask_quantity"":40,""bid_orders"":1,""ask_orders"":2,""bid_price"":""398.05"",""ask_price"":""399.85""},{""bid_quantity"":80,""ask_quantity"":20,""bid_orders"":2,""ask_orders"":1,""bid_price"":""397.80"",""ask_price"":""399.90""}]"
09:15:57.473,1790307957473316911,1025700027250658,Full Data,8,887124,258.40,20,09:15:57,280.39,70780,21740,16400,64860,"[{""bid_quantity"":80,""ask_quantity"":60,""bid_orders"":4,""ask_orders"":2,""bid_price"":""258.15"",""ask_price"":""259.05""},{""bid_quantity"":40,""ask_quantity"":60,""bid_orders"":2,""ask_orders"":2,""bid_price"":""258.00"",""ask_price"":""259.15""},{""bid_quantity"":380,""ask_quantity"":40,""bid_orders"":3,""ask_orders"":2,""bid_price"":""257.75"",""ask_price"":""259.20""},{""bid_quantity"":80,""ask_quantity"":60,""bid_orders"":2,""ask_orders"":2,""bid_price"":""257.70"",""ask_price"":""259.25""},{""bid_quantity"":80,""ask_quantity"":80,""bid_orders"":1,""ask_orders"":3,""bid_price"":""257.65"",""ask_price"":""259.35""}]"
09:15:57.492,1790307957492689275,1025700046623102,Full Data,8,886718,321.65,20,09:15:57,355.58,268740,24960,33840,276660,"[{""bid_quantity"":20,""ask_quantity"":20,""bid_orders"":1,""ask_orders"":1,""bid_price"":""322.55"",""ask_price"":""322.85""},{""bid_quantity"":100,""ask_quantity"":20,""bid_orders"":4,""ask_orders"":1,""bid_price"":""321.85"",""ask_price"":""323.20""},{""bid_quantity"":120,""ask_quantity"":60,""bid_orders"":4,""ask_orders"":3,""bid_price"":""321.75"",""ask_price"":""323.30""},{""bid_quantity"":60,""ask_quantity"":40,""bid_orders"":3,""ask_orders"":1,""bid_price"":""321.70"",""ask_price"":""323.35""},{""bid_quantity"":20,""ask_quantity"":360,""bid_orders"":1,""ask_orders"":5,""bid_price"":""321.65"",""ask_price"":""323.40""}]"
09:15:57.536,1790307957536140913,1025700090074900,Full Data,8,886951,863.25,40,09:15:57,838.07,9540,14980,93580,6000,"[{""bid_quantity"":60,""ask_quantity"":80,""bid_orders"":3,""ask_orders"":4,""bid_price"":""858.95"",""ask_price"":""862.75""},{""bid_quantity"":60,""ask_quantity"":140,""bid_orders"":3,""ask_orders"":3,""bid_price"":""858.90"",""ask_price"":""865.40""},{""bid_quantity"":60,""ask_quantity"":60,""bid_orders"":3,""ask_orders"":3,""bid_price"":""858.65"",""ask_price"":""865.55""},{""bid_quantity"":60,""ask_quantity"":60,""bid_orders"":3,""ask_orders"":3,""bid_price"":""858.55"",""ask_price"":""867.00""},{""bid_quantity"":180,""ask_quantity"":40,""bid_orders"":3,""ask_orders"":2,""bid_price"":""858.50"",""ask_price"":""870.60""}]"
09:15:57.551,1790307957551822493,1025700105756520,Ticker Data,0,51,73705.88,,09:15:57,,,,,,
09:15:57.565,1790307957565030178,1025700118964045,Full Data,8,886951,863.25,40,09:15:57,838.07,9540,16660,95600,6000,"[{""bid_quantity"":80,""ask_quantity"":40,""bid_orders"":4,""ask_orders"":2,""bid_price"":""858.95"",""ask_price"":""862.75""},{""bid_quantity"":60,""ask_quantity"":60,""bid_orders"":3,""ask_orders"":3,""bid_price"":""858.90"",""ask_price"":""865.55""},{""bid_quantity"":60,""ask_quantity"":60,""bid_orders"":3,""ask_orders"":3,""bid_price"":""858.65"",""ask_price"":""867.00""},{""bid_quantity"":100,""ask_quantity"":40,""bid_orders"":4,""ask_orders"":2,""bid_price"":""858.55"",""ask_price"":""870.60""},{""bid_quantity"":200,""ask_quantity"":40,""bid_orders"":4,""ask_orders"":1,""bid_price"":""858.50"",""ask_price"":""871.00""}]"
09:15:57.642,1790307957642455273,1025700196389220,Full Data,8,887036,440.50,40,09:15:57,470.36,91240,18940,97240,155340,"[{""bid_quantity"":60,""ask_quantity"":40,""bid_orders"":2,""ask_orders"":2,""bid_price"":""441.00"",""ask_price"":""442.65""},{""bid_quantity"":20,""ask_quantity"":20,""bid_orders"":1,""ask_orders"":1,""bid_price"":""440.95"",""ask_price"":""442.70""},{""bid_quantity"":120,""ask_quantity"":20,""bid_orders"":4,""ask_orders"":1,""bid_price"":""440.80"",""ask_price"":""442.75""},{""bid_quantity"":140,""ask_quantity"":20,""bid_orders"":2,""ask_orders"":1,""bid_price"":""440.70"",""ask_price"":""442.80""},{""bid_quantity"":60,""ask_quantity"":20,""bid_orders"":1,""ask_orders"":1,""bid_price"":""440.60"",""ask_price"":""442.85""}]"
09:15:57.664,1790307957664010651,1025700217944478,Full Data,8,886872,231.20,20,09:15:57,259.36,69200,20900,22960,47980,"[{""bid_quantity"":80,""ask_quantity"":40,""bid_orders"":3,""ask_orders"":2,""bid_price"":""231.35"",""ask_price"":""232.45""},{""bid_quantity"":80,""ask_quantity"":40,""bid_orders"":3,""ask_orders"":2,""bid_price"":""231.30"",""ask_price"":""232.55""},{""bid_quantity"":80,""ask_quantity"":60,""bid_orders"":3,""ask_orders"":2,""bid_price"":""231.25"",""ask_price"":""232.60""},{""bid_quantity"":80,""ask_quantity"":120,""bid_orders"":3,""ask_orders"":2,""bid_price"":""231.20"",""ask_price"":""232.65""},{""bid_quantity"":20,""ask_quantity"":180,""bid_orders"":1,""ask_orders"":1,""bid_price"":""231.15"",""ask_price"":""232.75""}]"
09:15:57.693,1790307957693859962,1025700247793949,Full Data,8,887036,441.10,40,09:15:57,470.34,91280,18920,98660,155340,"[{""bid_quantity"":20,""ask_quantity"":40,""bid_orders"":1,""ask_orders"":2,""bid_price"":""441.45"",""ask_price"":""442.55""},{""bid_quantity"":80,""ask_quantity"":60,""bid_orders"":2,""ask_orders"":3,""bid_price"":""441.20"",""ask_price"":""442.60""},{""bid_quantity"":200,""ask_quantity"":20,""bid_orders"":2,""ask_orders"":1,""bid_price"":""441.05"",""ask_price"":""442.65""},{""bid_quantity"":60,""ask_quantity"":80,""bid_orders"":2,""ask_orders"":4,""bid_price"":""441.00"",""ask_price"":""442.70""},{""bid_quantity"":120,""ask_quantity"":60,""bid_orders"":1,""ask_orders"":3,""bid_price"":""440.70"",""ask_price"":""442.75""}]"
09:15:57.696,1790307957696420859,1025700250354686,Full Data,8,886872,231.20,20,09:15:57,259.36,69200,21220,22680,47980,"[{""bid_quantity"":100,""ask_quantity"":60,""bid_orders"":4,""ask_orders"":3,""bid_price"":""231.55"",""ask_price"":""232.55""},{""bid_quantity"":80,""ask_quantity"":60,""bid_orders"":3,""ask_orders"":3,""bid_price"":""231.45"",""ask_price"":""232.60""},{""bid_quantity"":140,""ask_quantity"":60,""bid_orders"":5,""ask_orders"":3,""bid_price"":""231.35"",""ask_price"":""232.65""},{""bid_quantity"":180,""ask_quantity"":80,""bid_orders"":4,""ask_orders"":3,""bid_price"":""231.30"",""ask_price"":""232.70""},{""bid_quantity"":60,""ask_quantity"":220,""bid_orders"":2,""ask_orders"":3,""bid_price"":""231.25"",""ask_price"":""232.75""}]"
09:15:57.741,1790307957741622468,1025700295556535,Full Data,8,886747,800.60,40,09:15:57,774.06,21660,18580,92020,5900,"[{""bid_quantity"":60,""ask_quantity"":60,""bid_orders"":2,""ask_orders"":3,""bid_price"":""789.20"",""ask_price"":""792.05""},{""bid_quantity"":20,""ask_quantity"":40,""bid_orders"":1,""ask_orders"":2,""bid_price"":""788.30"",""ask_price"":""792.15""},{""bid_quantity"":40,""ask_quantity"":40,""bid_orders"":2,""ask_orders"":2,""bid_price"":""788.25"",""ask_price"":""792.25""},{""bid_quantity"":20,""ask_quantity"":40,""bid_orders"":1,""ask_orders"":2,""bid_price"":""787.00"",""ask_price"":""792.30""},{""bid_quantity"":140,""ask_quantity"":20,""bid_orders"":3,""ask_orders"":1,""bid_price"":""786.95"",""ask_price"":""792.35""}]"
09:15:57.773,1790307957773806754,1025700327740741,Full Data,8,886747,800.60,40,09:15:57,774.06,21660,18820,92700,5900,"[{""bid_quantity"":100,""ask_quantity"":60,""bid_orders"":4,""ask_orders"":3,""bid_price"":""788.25"",""ask_price"":""791.85""},{""bid_quantity"":200,""ask_quantity"":60,""bid_orders"":4,""ask_orders"":3,""bid_price"":""788.20"",""ask_price"":""791.95""},{""bid_quantity"":60,""ask_quantity"":60,""bid_orders"":3,""ask_orders"":3,""bid_price"":""788.15"",""ask_price"":""792.05""},{""bid_quantity"":60,""ask_quantity"":40,""bid_orders"":3,""ask_orders"":2,""bid_price"":""787.90"",""ask_price"":""792.15""},{""bid_quantity"":20,""ask_quantity"":60,""bid_orders"":1,""ask_orders"":3,""bid_price"":""787.00"",""ask_price"":""792.25""}]"
09:15:57.869,1790307957869988530,1025700423922757,Full Data,8,886805,662.40,20,09:15:57,653.66,98140,19060,134120,42420,"[{""bid_quantity"":20,""ask_quantity"":60,""bid_orders"":1,""ask_orders"":2,""bid_price"":""660.50"",""ask_price"":""662.65""},{""bid_quantity"":40,""ask_quantity"":40,""bid_orders"":2,""ask_orders"":2,""bid_price"":""660.45"",""ask_price"":""662.70""},{""bid_quantity"":320,""ask_quantity"":60,""bid_orders"":2,""ask_orders"":2,""bid_price"":""660.10"",""ask_price"":""662.75""},{""bid_quantity"":60,""ask_quantity"":60,""bid_orders"":2,""ask_orders"":3,""bid_price"":""660.05"",""ask_price"":""662.85""},{""bid_quantity"":40,""ask_quantity"":40,""bid_orders"":2,""ask_orders"":1,""bid_price"":""660.00"",""ask_price"":""662.90""}]"
09:15:57.888,1790307957888373607,1025700442307594,Full Data,8,886849,543.10,20,09:15:57,530.89,93180,21160,23020,167000,"[{""bid_quantity"":80,""ask_quantity"":40,""bid_orders"":4,""ask_orders"":2,""bid_price"":""541.95"",""ask_price"":""543.55""},{""bid_quantity"":20,""ask_quantity"":60,""bid_orders"":1,""ask_orders"":3,""bid_price"":""541.90"",""ask_price"":""543.70""},{""bid_quantity"":60,""ask_quantity"":40,""bid_orders"":3,""ask_orders"":2,""bid_price"":""541.85"",""ask_price"":""543.80""},{""bid_quantity"":40,""ask_quantity"":60,""bid_orders"":2,""ask_orders"":2,""bid_price"":""541.75"",""ask_price"":""543.85""},{""bid_quantity"":20,""ask_quantity"":120,""bid_orders"":1,""ask_orders"":2,""bid_price"":""541.70"",""ask_price"":""543.90""}]"
09:15:57.931,1790307957931325762,1025700485259629,Full Data,8,886981,361.35,40,09:15:57,390.66,133240,27900,45780,63920,"[{""bid_quantity"":60,""ask_quantity"":200,""bid_orders"":3,""ask_orders"":1,""bid_price"":""359.50"",""ask_price"":""360.85""},{""bid_quantity"":360,""ask_quantity"":20,""bid_orders"":2,""ask_orders"":1,""bid_price"":""359.40"",""ask_price"":""361.20""},{""bid_quantity"":20,""ask_quantity"":60,""bid_orders"":1,""ask_orders"":3,""bid_price"":""359.35"",""ask_price"":""361.25""},{""bid_quantity"":100,""ask_quantity"":20,""bid_orders"":1,""ask_orders"":1,""bid_price"":""359.20"",""ask_price"":""361.35""},{""bid_quantity"":20,""ask_quantity"":40,""bid_orders"":1,""ask_orders"":1,""bid_price"":""358.95"",""ask_price"":""361.40""}]"
09:15:57.958,1790307957958505496,1025700512439483,Full Data,8,886692,936.75,80,09:15:57,908.86,4760,14880,91120,4500,"[{""bid_quantity"":100,""ask_quantity"":40,""bid_orders"":4,""ask_orders"":2,""bid_price"":""929.60"",""ask_price"":""936.25""},{""bid_quantity"":60,""ask_quantity"":40,""bid_orders"":3,""ask_orders"":2,""bid_price"":""929.55"",""ask_price"":""936.35""},{""bid_quantity"":60,""ask_quantity"":40,""bid_orders"":3,""ask_orders"":2,""bid_price"":""929.30"",""ask_price"":""936.45""},{""bid_quantity"":60,""ask_quantity"":40,""bid_orders"":3,""ask_orders"":2,""bid_price"":""929.05"",""ask_price"":""936.90""},{""bid_quantity"":200,""ask_quantity"":20,""bid_orders"":3,""ask_orders"":1,""bid_price"":""928.85"",""ask_price"":""937.35""}]"
09:15:57.965,1790307957965132418,1025700519066205,Full Data,8,886805,664.15,20,09:15:57,653.68,98400,19560,133760,42420,"[{""bid_quantity"":40,""ask_quantity"":40,""bid_orders"":2,""ask_orders"":1,""bid_price"":""660.15"",""ask_price"":""661.95""},{""bid_quantity"":40,""ask_quantity"":240,""bid_orders"":2,""ask_orders"":4,""bid_price"":""660.00"",""ask_price"":""662.00""},{""bid_quantity"":20,""ask_quantity"":160,""bid_orders"":1,""ask_orders"":1,""bid_price"":""659.95"",""ask_price"":""662.30""},{""bid_quantity"":60,""ask_quantity"":40,""bid_orders"":3,""ask_orders"":2,""bid_price"":""659.75"",""ask_price"":""662.35""},{""bid_quantity"":20,""ask_quantity"":100,""bid_orders"":1,""ask_orders"":1,""bid_price"":""659.35"",""ask_price"":""662.40""}]"
09:15:58.021,1790307958021523339,1025700575457486,Full Data,8,886924,291.25,20,09:15:57,321.54,66740,22480,17360,59380,"[{""bid_quantity"":180,""ask_quantity"":80,""bid_orders"":2,""ask_orders"":3,""bid_price"":""290.45"",""ask_price"":""291.30""},{""bid_quantity"":60,""ask_quantity"":80,""bid_orders"":3,""ask_orders"":4,""bid_price"":""290.35"",""ask_price"":""291.35""},{""bid_quantity"":120,""ask_quantity"":80,""bid_orders"":3,""ask_orders"":3,""bid_price"":""290.15"",""ask_price"":""291.40""},{""bid_quantity"":80,""ask_quantity"":60,""bid_orders"":3,""ask_orders"":3,""bid_price"":""289.95"",""ask_price"":""291.45""},{""bid_quantity"":20,""ask_quantity"":20,""bid_orders"":1,""ask_orders"":1,""bid_price"":""289.85"",""ask_price"":""291.50""}]"
09:15:58.026,1790307958026467731,1025700580401598,Full Data,8,886849,540.20,20,09:15:57,530.89,93200,22180,25600,167000,"[{""bid_quantity"":40,""ask_quantity"":60,""bid_orders"":2,""ask_orders"":2,""bid_price"":""540.60"",""ask_price"":""542.15""},{""bid_quantity"":20,""ask_quantity"":60,""bid_orders"":1,""ask_orders"":3,""bid_price"":""540.45"",""ask_price"":""542.25""},{""bid_quantity"":100,""ask_quantity"":60,""bid_orders"":2,""ask_orders"":3,""bid_price"":""540.20"",""ask_price"":""542.35""},{""bid_quantity"":700,""ask_quantity"":20,""bid_orders"":2,""ask_orders"":1,""bid_price"":""540.15"",""ask_price"":""542.50""},{""bid_quantity"":280,""ask_quantity"":140,""bid_orders"":6,""ask_orders"":2,""bid_price"":""540.10"",""ask_price"":""542.75""}]"
09:15:58.032,1790307958032549130,1025700586482917,Full Data,8,886924,291.25,20,09:15:57,321.54,66740,22320,17240,59380,"[{""bid_quantity"":60,""ask_quantity"":40,""bid_orders"":3,""ask_orders"":2,""bid_price"":""290.50"",""ask_price"":""291.35""},{""bid_quantity"":180,""ask_quantity"":100,""bid_orders"":2,""ask_orders"":4,""bid_price"":""290.45"",""ask_price"":""291.45""},{""bid_quantity"":60,""ask_quantity"":60,""bid_orders"":3,""ask_orders"":3,""bid_price"":""290.35"",""ask_price"":""291.55""},{""bid_quantity"":120,""ask_quantity"":40,""bid_orders"":3,""ask_orders"":1,""bid_price"":""290.15"",""ask_price"":""291.60""},{""bid_quantity"":80,""ask_quantity"":20,""bid_orders"":3,""ask_orders"":1,""bid_price"":""289.95"",""ask_price"":""291.75""}]"
09:15:58.037,1790307958037044319,1025700590978066,Full Data,8,886692,936.75,80,09:15:57,908.86,4760,16820,93680,4500,"[{""bid_quantity"":20,""ask_quantity"":40,""bid_orders"":1,""ask_orders"":2,""bid_price"":""929.95"",""ask_price"":""932.90""},{""bid_quantity"":60,""ask_quantity"":40,""bid_orders"":2,""ask_orders"":2,""bid_price"":""929.90"",""ask_price"":""932.95""},{""bid_quantity"":20,""ask_quantity"":40,""bid_orders"":1,""ask_orders"":2,""bid_price"":""929.85"",""ask_price"":""933.05""},{""bid_quantity"":60,""ask_quantity"":20,""bid_orders"":3,""ask_orders"":1,""bid_price"":""929.55"",""ask_price"":""933.10""},{""bid_quantity"":20,""ask_quantity"":40,""bid_orders"":1,""ask_orders"":2,""bid_price"":""929.35"",""ask_price"":""933.15""}]"
09:15:58.330,1790307958330305716,1025700884240183,Full Data,8,887017,724.30,20,09:15:58,701.88,149460,19320,166320,74320,"[{""bid_quantity"":20,""ask_quantity"":40,""bid_orders"":1,""ask_orders"":2,""bid_price"":""722.10"",""ask_price"":""723.95""},{""bid_quantity"":20,""ask_quantity"":60,""bid_orders"":1,""ask_orders"":2,""bid_price"":""722.00"",""ask_price"":""724.05""},{""bid_quantity"":140,""ask_quantity"":200,""bid_orders"":1,""ask_orders"":4,""bid_price"":""721.65"",""ask_price"":""724.15""},{""bid_quantity"":120,""ask_quantity"":220,""bid_orders"":3,""ask_orders"":3,""bid_price"":""721.20"",""ask_price"":""724.20""},{""bid_quantity"":20,""ask_quantity"":20,""bid_orders"":1,""ask_orders"":1,""bid_price"":""721.15"",""ask_price"":""724.25""}]"
09:15:58.356,1790307958356693564,1025700910627471,Full Data,8,886572,598.00,40,09:15:58,591.62,106220,22560,102620,92640,"[{""bid_quantity"":60,""ask_quantity"":60,""bid_orders"":2,""ask_orders"":3,""bid_price"":""597.15"",""ask_price"":""598.85""},{""bid_quantity"":80,""ask_quantity"":60,""bid_orders"":3,""ask_orders"":3,""bid_price"":""597.05"",""ask_price"":""598.95""},{""bid_quantity"":60,""ask_quantity"":40,""bid_orders"":2,""ask_orders"":2,""bid_price"":""597.00"",""ask_price"":""599.00""},{""bid_quantity"":60,""ask_quantity"":60,""bid_orders"":3,""ask_orders"":3,""bid_price"":""596.75"",""ask_price"":""599.05""},{""bid_quantity"":80,""ask_quantity"":60,""bid_orders"":3,""ask_orders"":3,""bid_price"":""596.70"",""ask_price"":""599.10""}]"
09:15:58.425,1790307958425345604,1025700979279951,Full Data,8,887017,721.65,20,09:15:58,701.89,149520,19060,167400,74320,"[{""bid_quantity"":40,""ask_quantity"":60,""bid_orders"":2,""ask_orders"":3,""bid_price"":""722.35"",""ask_price"":""724.30""},{""bid_quantity"":40,""ask_quantity"":60,""bid_orders"":2,""ask_orders"":3,""bid_price"":""722.30"",""ask_price"":""724.55""},{""bid_quantity"":160,""ask_quantity"":60,""bid_orders"":4,""ask_orders"":3,""bid_price"":""722.25"",""ask_price"":""724.60""},{""bid_quantity"":100,""ask_quantity"":220,""bid_orders"":1,""ask_orders"":3,""bid_price"":""722.20"",""ask_price"":""725.05""},{""bid_quantity"":40,""ask_quantity"":40,""bid_orders"":2,""ask_orders"":1,""bid_price"":""722.15"",""ask_price"":""725.10""}]"
09:15:58.426,1790307958426845373,1025700980779240,Full Data,8,886776,401.40,200,09:15:58,424.79,78820,21220,98660,67800,"[{""bid_quantity"":80,""ask_quantity"":20,""bid_orders"":4,""ask_orders"":1,""bid_price"":""400.45"",""ask_price"":""401.30""},{""bid_quantity"":160,""ask_quantity"":180,""bid_orders"":3,""ask_orders"":4,""bid_price"":""400.30"",""ask_price"":""401.45""},{""bid_quantity"":80,""ask_quantity"":20,""bid_orders"":3,""ask_orders"":1,""bid_price"":""399.95"",""ask_price"":""401.50""},{""bid_quantity"":100,""ask_quantity"":60,""bid_orders"":1,""ask_orders"":3,""bid_price"":""399.60"",""ask_price"":""401.60""},{""bid_quantity"":40,""ask_quantity"":40,""bid_orders"":1,""ask_orders"":2,""bid_price"":""399.30"",""ask_price"":""401.65""}]"
09:15:58.440,1790307958440177939,1025700994111806,Full Data,8,886572,599.40,60,09:15:58,591.63,106280,23140,102600,92640,"[{""bid_quantity"":20,""ask_quantity"":120,""bid_orders"":1,""ask_orders"":3,""bid_price"":""598.45"",""ask_price"":""600.10""},{""bid_quantity"":100,""ask_quantity"":20,""bid_orders"":2,""ask_orders"":1,""bid_price"":""598.20"",""ask_price"":""600.15""},{""bid_quantity"":20,""ask_quantity"":40,""bid_orders"":1,""ask_orders"":2,""bid_price"":""598.15"",""ask_price"":""600.30""},{""bid_quantity"":20,""ask_quantity"":20,""bid_orders"":1,""ask_orders"":1,""bid_price"":""598.10"",""ask_price"":""600.35""},{""bid_quantity"":20,""ask_quantity"":20,""bid_orders"":1,""ask_orders"":1,""bid_price"":""598.00"",""ask_price"":""600.40""}]"
09:15:58.478,1790307958478104381,1025701032038328,Full Data,8,886718,323.65,20,09:15:58,355.49,269460,26140,35620,276660,"[{""bid_quantity"":120,""ask_quantity"":40,""bid_orders"":5,""ask_orders"":1,""bid_price"":""322.85"",""ask_price"":""323.95""},{""bid_quantity"":20,""ask_quantity"":40,""bid_orders"":1,""ask_orders"":1,""bid_price"":""322.75"",""ask_price"":""324.05""},{""bid_quantity"":140,""ask_quantity"":20,""bid_orders"":2,""ask_orders"":1,""bid_price"":""322.40"",""ask_price"":""324.10""},{""bid_quantity"":80,""ask_quantity"":40,""bid_orders"":1,""ask_orders"":1,""bid_price"":""322.10"",""ask_price"":""324.15""},{""bid_quantity"":40,""ask_quantity"":40,""bid_orders"":2,""ask_orders"":2,""bid_price"":""322.05"",""ask_price"":""324.20""}]"
09:15:58.527,1790307958527062455,1025701080996522,Full Data,8,887124,260.65,40,09:15:57,280.30,71080,23260,17480,64860,"[{""bid_quantity"":60,""ask_quantity"":180,""bid_orders"":3,""ask_orders"":4,""bid_price"":""258.55"",""ask_price"":""259.50""},{""bid_quantity"":60,""ask_quantity"":60,""bid_orders"":3,""ask_orders"":3,""bid_price"":""258.50"",""ask_price"":""259.55""},{""bid_quantity"":120,""ask_quantity"":80,""bid_orders"":2,""ask_orders"":3,""bid_price"":""258.40"",""ask_price"":""259.60""},{""bid_quantity"":60,""ask_quantity"":120,""bid_orders"":2,""ask_orders"":3,""bid_price"":""258.35"",""ask_price"":""259.65""},{""bid_quantity"":140,""ask_quantity"":80,""bid_orders"":3,""ask_orders"":3,""bid_price"":""258.30"",""ask_price"":""259.70""}]"
09:15:58.560,1790307958560871631,1025701114805498,Full Data,8,886951,863.25,40,09:15:57,838.07,9540,16460,94360,6000,"[{""bid_quantity"":100,""ask_quantity"":100,""bid_orders"":5,""ask_orders"":5,""bid_price"":""856.45"",""ask_price"":""861.85""},{""bid_quantity"":60,""ask_quantity"":60,""bid_orders"":3,""ask_orders"":3,""bid_price"":""856.40"",""ask_price"":""861.95""},{""bid_quantity"":240,""ask_quantity"":60,""bid_orders"":5,""ask_orders"":3,""bid_price"":""856.25"",""ask_price"":""862.05""},{""bid_quantity"":60,""ask_quantity"":60,""bid_orders"":3,""ask_orders"":3,""bid_price"":""856.20"",""ask_price"":""862.15""},{""bid_quantity"":60,""ask_quantity"":20,""bid_orders"":3,""ask_orders"":1,""bid_price"":""856.00"",""ask_price"":""862.20""}]"
09:15:58.579,1790307958579975593,1025701133909340,Ticker Data,0,51,73705.03,,09:15:58,,,,,,
09:15:58.586,1790307958586395115,1025701140328942,Full Data,8,887124,260.65,40,09:15:57,280.30,71080,23240,17500,64860,"[{""bid_quantity"":140,""ask_quantity"":60,""bid_orders"":3,""ask_orders"":3,""bid_price"":""258.30"",""ask_price"":""259.05""},{""bid_quantity"":160,""ask_quantity"":80,""bid_orders"":3,""ask_orders"":3,""bid_price"":""258.20"",""ask_price"":""259.10""},{""bid_quantity"":60,""ask_quantity"":80,""bid_orders"":3,""ask_orders"":3,""bid_price"":""258.10"",""ask_price"":""259.20""},{""bid_quantity"":200,""ask_quantity"":20,""bid_orders"":3,""ask_orders"":1,""bid_price"":""258.00"",""ask_price"":""259.25""},{""bid_quantity"":100,""ask_quantity"":20,""bid_orders"":1,""ask_orders"":1,""bid_price"":""257.95"",""ask_price"":""259.30""}]"
09:15:58.619,1790307958619092924,1025701173026911,Full Data,8,886951,863.25,40,09:15:57,838.07,9540,16460,94360,6000,"[{""bid_quantity"":100,""ask_quantity"":100,""bid_orders"":5,""ask_orders"":5,""bid_price"":""856.45"",""ask_price"":""861.85""},{""bid_quantity"":60,""ask_quantity"":60,""bid_orders"":3,""ask_orders"":3,""bid_price"":""856.40"",""ask_price"":""861.95""},{""bid_quantity"":140,""ask_quantity"":60,""bid_orders"":3,""ask_orders"":3,""bid_price"":""856.35"",""ask_price"":""862.05""},{""bid_quantity"":240,""ask_quantity"":60,""bid_orders"":5,""ask_orders"":3,""bid_price"":""856.25"",""ask_price"":""862.15""},{""bid_quantity"":60,""ask_quantity"":20,""bid_orders"":3,""ask_orders"":1,""bid_price"":""856.20"",""ask_price"":""862.20""}]"
09:15:58.698,1790307958698539712,1025701252473659,Full Data,8,887036,440.90,40,09:15:58,470.19,91820,18920,96080,155340,"[{""bid_quantity"":160,""ask_quantity"":20,""bid_orders"":5,""ask_orders"":1,""bid_price"":""440.05"",""ask_price"":""441.25""},{""bid_quantity"":60,""ask_quantity"":20,""bid_orders"":3,""ask_orders"":1,""bid_price"":""439.95"",""ask_price"":""441.30""},{""bid_quantity"":80,""ask_quantity"":240,""bid_orders"":4,""ask_orders"":5,""bid_price"":""439.85"",""ask_price"":""441.35""},{""bid_quantity"":20,""ask_quantity"":80,""bid_orders"":1,""ask_orders"":4,""bid_price"":""439.80"",""ask_price"":""441.40""},{""bid_quantity"":60,""ask_quantity"":60,""bid_orders"":3,""ask_orders"":3,""bid_price"":""439.75"",""ask_price"":""441.45""}]"
09:15:58.708,1790307958708404975,1025701262338962,Full Data,8,886872,231.40,20,09:15:58,259.31,69340,20520,21280,47980,"[{""bid_quantity"":20,""ask_quantity"":320,""bid_orders"":1,""ask_orders"":6,""bid_price"":""230.65"",""ask_price"":""231.30""},{""bid_quantity"":40,""ask_quantity"":120,""bid_orders"":2,""ask_orders"":3,""bid_price"":""230.40"",""ask_price"":""231.35""},{""bid_quantity"":40,""ask_quantity"":80,""bid_orders"":2,""ask_orders"":4,""bid_price"":""230.15"",""ask_price"":""231.40""},{""bid_quantity"":80,""ask_quantity"":100,""bid_orders"":3,""ask_orders"":4,""bid_price"":""230.10"",""ask_price"":""231.45""},{""bid_quantity"":100,""ask_quantity"":220,""bid_orders"":4,""ask_orders"":3,""bid_price"":""230.05"",""ask_price"":""231.50""}]"
09:15:58.753,1790307958753986387,1025701307920254,Full Data,8,887036,441.65,100,09:15:58,470.11,92080,18900,96380,155340,"[{""bid_quantity"":20,""ask_quantity"":20,""bid_orders"":1,""ask_orders"":1,""bid_price"":""441.25"",""ask_price"":""442.65""},{""bid_quantity"":40,""ask_quantity"":80,""bid_orders"":2,""ask_orders"":4,""bid_price"":""440.75"",""ask_price"":""442.80""},{""bid_quantity"":20,""ask_quantity"":200,""bid_orders"":1,""ask_orders"":3,""bid_price"":""440.70"",""ask_price"":""443.00""},{""bid_quantity"":80,""ask_quantity"":80,""bid_orders"":4,""ask_orders"":4,""bid_price"":""440.65"",""ask_price"":""443.05""},{""bid_quantity"":40,""ask_quantity"":200,""bid_orders"":2,""ask_orders"":3,""bid_price"":""440.60"",""ask_price"":""443.10""}]"
09:15:58.755,1790307958755305596,1025701309239423,Full Data,8,886872,231.75,40,09:15:58,259.20,69620,20600,22720,47980,"[{""bid_quantity"":60,""ask_quantity"":40,""bid_orders"":2,""ask_orders"":2,""bid_price"":""231.30"",""ask_price"":""232.20""},{""bid_quantity"":60,""ask_quantity"":100,""bid_orders"":2,""ask_orders"":3,""bid_price"":""231.20"",""ask_price"":""232.25""},{""bid_quantity"":60,""ask_quantity"":80,""bid_orders"":3,""ask_orders"":3,""bid_price"":""231.15"",""ask_price"":""232.30""},{""bid_quantity"":100,""ask_quantity"":100,""bid_orders"":3,""ask_orders"":2,""bid_price"":""231.10"",""ask_price"":""232.35""},{""bid_quantity"":60,""ask_quantity"":220,""bid_orders"":3,""ask_orders"":3,""bid_price"":""231.05"",""ask_price"":""232.40""}]"
09:15:58.792,1790307958792247072,1025701346181219,Full Data,8,886747,789.40,40,09:15:58,774.21,21860,15300,91860,5900,"[{""bid_quantity"":40,""ask_quantity"":100,""bid_orders"":2,""ask_orders"":5,""bid_price"":""787.30"",""ask_price"":""791.75""},{""bid_quantity"":60,""ask_quantity"":60,""bid_orders"":3,""ask_orders"":3,""bid_price"":""787.20"",""ask_price"":""791.90""},{""bid_quantity"":80,""ask_quantity"":60,""bid_orders"":4,""ask_orders"":3,""bid_price"":""787.10"",""ask_price"":""792.00""},{""bid_quantity"":60,""ask_quantity"":40,""bid_orders"":3,""ask_orders"":2,""bid_price"":""787.00"",""ask_price"":""792.15""},{""bid_quantity"":40,""ask_quantity"":20,""bid_orders"":2,""ask_orders"":1,""bid_price"":""786.95"",""ask_price"":""792.20""}]"
09:15:58.853,1790307958853202742,1025701407136889,Full Data,8,886747,789.40,40,09:15:58,774.21,21860,15320,91900,5900,"[{""bid_quantity"":60,""ask_quantity"":100,""bid_orders"":3,""ask_orders"":5,""bid_price"":""788.35"",""ask_price"":""791.75""},{""bid_quantity"":60,""ask_quantity"":60,""bid_orders"":3,""ask_orders"":3,""bid_price"":""788.30"",""ask_price"":""791.90""},{""bid_quantity"":60,""ask_quantity"":60,""bid_orders"":3,""ask_orders"":3,""bid_price"":""788.20"",""ask_price"":""792.00""},{""bid_quantity"":60,""ask_quantity"":20,""bid_orders"":3,""ask_orders"":1,""bid_price"":""788.10"",""ask_price"":""792.15""},{""bid_quantity"":40,""ask_quantity"":40,""bid_orders"":2,""ask_orders"":2,""bid_price"":""788.00"",""ask_price"":""792.20""}]"
09:15:58.921,1790307958921265578,1025701475199765,Full Data,8,886981,361.50,20,09:15:58,390.44,134260,26160,45420,63920,"[{""bid_quantity"":40,""ask_quantity"":60,""bid_orders"":2,""ask_orders"":3,""bid_price"":""360.80"",""ask_price"":""361.80""},{""bid_quantity"":80,""ask_quantity"":140,""bid_orders"":4,""ask_orders"":4,""bid_price"":""360.70"",""ask_price"":""362.00""},{""bid_quantity"":180,""ask_quantity"":40,""bid_orders"":4,""ask_orders"":2,""bid_price"":""360.60"",""ask_price"":""362.10""},{""bid_quantity"":60,""ask_quantity"":80,""bid_orders"":3,""ask_orders"":3,""bid_price"":""360.55"",""ask_price"":""362.20""},{""bid_quantity"":60,""ask_quantity"":80,""bid_orders"":3,""ask_orders"":2,""bid_price"":""360.50"",""ask_price"":""362.25""}]"
09:15:58.959,1790307958959562463,1025701513496490,Full Data,8,886805,660.40,20,09:15:58,653.71,98780,20000,135320,42420,"[{""bid_quantity"":340,""ask_quantity"":80,""bid_orders"":2,""ask_orders"":4,""bid_price"":""659.20"",""ask_price"":""660.40""},{""bid_quantity"":180,""ask_quantity"":60,""bid_orders"":3,""ask_orders"":2,""bid_price"":""658.90"",""ask_price"":""661.15""},{""bid_quantity"":40,""ask_quantity"":80,""bid_orders"":2,""ask_orders"":3,""bid_price"":""658.70"",""ask_price"":""661.25""},{""bid_quantity"":40,""ask_quantity"":120,""bid_orders"":2,""ask_orders"":3,""bid_price"":""658.45"",""ask_price"":""661.50""},{""bid_quantity"":40,""ask_quantity"":40,""bid_orders"":1,""ask_orders"":1,""bid_price"":""658.40"",""ask_price"":""661.55""}]"
09:15:58.990,1790307958990612542,1025701544546529,Full Data,8,886849,540.50,60,09:15:58,530.92,93520,22300,23860,167000,"[{""bid_quantity"":140,""ask_quantity"":80,""bid_orders"":3,""ask_orders"":4,""bid_price"":""540.45"",""ask_price"":""541.50""},{""bid_quantity"":60,""ask_quantity"":100,""bid_orders"":3,""ask_orders"":4,""bid_price"":""540.40"",""ask_price"":""541.85""},{""bid_quantity"":60,""ask_quantity"":160,""bid_orders"":3,""ask_orders"":3,""bid_price"":""540.35"",""ask_price"":""542.40""},{""bid_quantity"":60,""ask_quantity"":120,""bid_orders"":3,""ask_orders"":2,""bid_price"":""540.25"",""ask_price"":""542.50""},{""bid_quantity"":20,""ask_quantity"":40,""bid_orders"":1,""ask_orders"":2,""bid_price"":""540.20"",""ask_price"":""542.65""}]"
09:15:58.992,1790307958992964957,1025701546898744,Full Data,8,886805,662.00,20,09:15:58,653.72,98980,21780,135560,42420,"[{""bid_quantity"":60,""ask_quantity"":100,""bid_orders"":3,""ask_orders"":4,""bid_price"":""659.55"",""ask_price"":""661.30""},{""bid_quantity"":60,""ask_quantity"":80,""bid_orders"":3,""ask_orders"":3,""bid_price"":""659.40"",""ask_price"":""661.35""},{""bid_quantity"":60,""ask_quantity"":60,""bid_orders"":3,""ask_orders"":3,""bid_price"":""659.25"",""ask_price"":""661.70""},{""bid_quantity"":400,""ask_quantity"":60,""bid_orders"":4,""ask_orders"":3,""bid_price"":""659.20"",""ask_price"":""661.85""},{""bid_quantity"":40,""ask_quantity"":40,""bid_orders"":2,""ask_orders"":2,""bid_price"":""659.05"",""ask_price"":""661.95""}]"
09:15:59.020,1790307959020888935,1025701574823042,Full Data,8,886924,289.30,20,09:15:58,319.39,71640,23520,19420,59380,"[{""bid_quantity"":40,""ask_quantity"":80,""bid_orders"":2,""ask_orders"":3,""bid_price"":""290.10"",""ask_price"":""290.95""},{""bid_quantity"":60,""ask_quantity"":60,""bid_orders"":3,""ask_orders"":3,""bid_price"":""290.05"",""ask_price"":""291.00""},{""bid_quantity"":220,""ask_quantity"":40,""bid_orders"":3,""ask_orders"":2,""bid_price"":""290.00"",""ask_price"":""291.05""},{""bid_quantity"":60,""ask_quantity"":80,""bid_orders"":3,""ask_orders"":3,""bid_price"":""289.85"",""ask_price"":""291.10""},{""bid_quantity"":120,""ask_quantity"":40,""bid_orders"":3,""ask_orders"":2,""bid_price"":""289.80"",""ask_price"":""291.15""}]"
09:15:59.042,1790307959042822516,1025701596756303,Full Data,8,886692,931.80,20,09:15:58,908.95,4780,15920,92100,4500,"[{""bid_quantity"":80,""ask_quantity"":40,""bid_orders"":3,""ask_orders"":2,""bid_price"":""929.05"",""ask_price"":""932.40""},{""bid_quantity"":40,""ask_quantity"":20,""bid_orders"":2,""ask_orders"":1,""bid_price"":""928.90"",""ask_price"":""932.45""},{""bid_quantity"":40,""ask_quantity"":20,""bid_orders"":2,""ask_orders"":1,""bid_price"":""928.80"",""ask_price"":""932.80""},{""bid_quantity"":60,""ask_quantity"":40,""bid_orders"":3,""ask_orders"":2,""bid_price"":""928.70"",""ask_price"":""932.85""},{""bid_quantity"":20,""ask_quantity"":40,""bid_orders"":1,""ask_orders"":2,""bid_price"":""928.60"",""ask_price"":""932.95""}]"
09:15:59.067,1790307959067390673,1025701621324580,Full Data,8,886924,289.30,20,09:15:58,319.39,71640,22700,19620,59380,"[{""bid_quantity"":60,""ask_quantity"":160,""bid_orders"":3,""ask_orders"":7,""bid_price"":""290.65"",""ask_price"":""291.85""},{""bid_quantity"":100,""ask_quantity"":180,""bid_orders"":5,""ask_orders"":6,""bid_price"":""290.60"",""ask_price"":""291.90""},{""bid_quantity"":80,""ask_quantity"":80,""bid_orders"":4,""ask_orders"":3,""bid_price"":""290.55"",""ask_price"":""291.95""},{""bid_quantity"":40,""ask_quantity"":220,""bid_orders"":2,""ask_orders"":3,""bid_price"":""290.50"",""ask_price"":""292.00""},{""bid_quantity"":260,""ask_quantity"":40,""bid_orders"":4,""ask_orders"":1,""bid_price"":""290.45"",""ask_price"":""292.25""}]"
09:15:59.067,1790307959067501914,1025701621435541,Full Data,8,886849,541.50,40,09:15:59,530.93,93580,22860,23840,167000,"[{""bid_quantity"":20,""ask_quantity"":40,""bid_orders"":1,""ask_orders"":2,""bid_price"":""540.75"",""ask_price"":""542.15""},{""bid_quantity"":40,""ask_quantity"":80,""bid_orders"":2,""ask_orders"":3,""bid_price"":""540.65"",""ask_price"":""542.25""},{""bid_quantity"":60,""ask_quantity"":200,""bid_orders"":3,""ask_orders"":5,""bid_price"":""540.55"",""ask_price"":""542.30""},{""bid_quantity"":20,""ask_quantity"":40,""bid_orders"":1,""ask_orders"":1,""bid_price"":""540.50"",""ask_price"":""542.35""},{""bid_quantity"":40,""ask_quantity"":200,""bid_orders"":2,""ask_orders"":4,""bid_price"":""540.45"",""ask_price"":""542.50""}]"
09:15:59.089,1790307959089867217,1025701643801164,Full Data,8,886692,929.65,20,09:15:59,909.38,4880,16200,92100,4500,"[{""bid_quantity"":40,""ask_quantity"":80,""bid_orders"":2,""ask_orders"":3,""bid_price"":""927.75"",""ask_price"":""932.00""},{""bid_quantity"":40,""ask_quantity"":20,""bid_orders"":2,""ask_orders"":1,""bid_price"":""927.70"",""ask_price"":""932.05""},{""bid_quantity"":40,""ask_quantity"":40,""bid_orders"":2,""ask_orders"":2,""bid_price"":""927.45"",""ask_price"":""932.10""},{""bid_quantity"":160,""ask_quantity"":40,""bid_orders"":2,""ask_orders"":2,""bid_price"":""927.05"",""ask_price"":""932.15""},{""bid_quantity"":20,""ask_quantity"":20,""bid_orders"":1,""ask_orders"":1,""bid_price"":""926.95"",""ask_price"":""932.80""}]"
09:15:59.403,1790307959403042781,1025701956976888,Full Data,8,887017,721.20,80,09:15:59,701.96,150020,20220,166040,74320,"[{""bid_quantity"":40,""ask_quantity"":80,""bid_orders"":2,""ask_orders"":4,""bid_price"":""722.05"",""ask_price"":""723.90""},{""bid_quantity"":340,""ask_quantity"":60,""bid_orders"":2,""ask_orders"":3,""bid_price"":""721.95"",""ask_price"":""724.40""},{""bid_quantity"":60,""ask_quantity"":60,""bid_orders"":2,""ask_orders"":3,""bid_price"":""721.90"",""ask_price"":""724.55""},{""bid_quantity"":40,""ask_quantity"":120,""bid_orders"":2,""ask_orders"":2,""bid_price"":""721.55"",""ask_price"":""725.05""},{""bid_quantity"":40,""ask_quantity"":20,""bid_orders"":2,""ask_orders"":1,""bid_price"":""721.40"",""ask_price"":""725.15""}]"
09:15:59.453,1790307959453978507,1025702007912654,Full Data,8,886776,401.30,20,09:15:59,424.41,80080,22740,100620,67800,"[{""bid_quantity"":60,""ask_quantity"":20,""bid_orders"":3,""ask_orders"":1,""bid_price"":""400.05"",""ask_price"":""401.05""},{""bid_quantity"":80,""ask_quantity"":60,""bid_orders"":3,""ask_orders"":3,""bid_price"":""399.90"",""ask_price"":""401.10""},{""bid_quantity"":60,""ask_quantity"":40,""bid_orders"":3,""ask_orders"":2,""bid_price"":""399.60"",""ask_price"":""401.30""},{""bid_quantity"":140,""ask_quantity"":60,""bid_orders"":2,""ask_orders"":3,""bid_price"":""399.55"",""ask_price"":""401.40""},{""bid_quantity"":40,""ask_quantity"":60,""bid_orders"":1,""ask_orders"":3,""bid_price"":""399.05"",""ask_price"":""401.45""}]"
09:15:59.469,1790307959469274485,1025702023208472,Full Data,8,886572,598.00,40,09:15:59,591.73,107780,24080,102640,92640,"[{""bid_quantity"":40,""ask_quantity"":60,""bid_orders"":1,""ask_orders"":3,""bid_price"":""597.70"",""ask_price"":""599.30""},{""bid_quantity"":160,""ask_quantity"":80,""bid_orders"":1,""ask_orders"":4,""bid_price"":""597.65"",""ask_price"":""599.40""},{""bid_quantity"":20,""ask_quantity"":60,""bid_orders"":1,""ask_orders"":3,""bid_price"":""597.60"",""ask_price"":""599.45""},{""bid_quantity"":240,""ask_quantity"":20,""bid_orders"":3,""ask_orders"":1,""bid_price"":""597.55"",""ask_price"":""599.60""},{""bid_quantity"":20,""ask_quantity"":220,""bid_orders"":1,""ask_orders"":5,""bid_price"":""597.50"",""ask_price"":""599.65""}]"
09:15:59.521,1790307959521907782,1025702075841609,Full Data,8,887017,720.85,20,09:15:59,701.96,150060,20760,164700,74320,"[{""bid_quantity"":200,""ask_quantity"":20,""bid_orders"":2,""ask_orders"":1,""bid_price"":""719.20"",""ask_price"":""720.00""},{""bid_quantity"":80,""ask_quantity"":20,""bid_orders"":1,""ask_orders"":1,""bid_price"":""718.85"",""ask_price"":""720.10""},{""bid_quantity"":120,""ask_quantity"":20,""bid_orders"":2,""ask_orders"":1,""bid_price"":""718.00"",""ask_price"":""720.25""},{""bid_quantity"":80,""ask_quantity"":20,""bid_orders"":1,""ask_orders"":1,""bid_price"":""717.60"",""ask_price"":""720.40""},{""bid_quantity"":20,""ask_quantity"":20,""bid_orders"":1,""ask_orders"":1,""bid_price"":""716.05"",""ask_price"":""720.50""}]"
09:15:59.522,1790307959522903708,1025702076837535,Full Data,8,886572,594.15,20,09:15:59,591.76,108500,24720,103580,92640,"[{""bid_quantity"":20,""ask_quantity"":20,""bid_orders"":1,""ask_orders"":1,""bid_price"":""594.15"",""ask_price"":""595.80""},{""bid_quantity"":20,""ask_quantity"":40,""bid_orders"":1,""ask_orders"":2,""bid_price"":""594.00"",""ask_price"":""595.85""},{""bid_quantity"":80,""ask_quantity"":100,""bid_orders"":3,""ask_orders"":1,""bid_price"":""593.80"",""ask_price"":""595.95""},{""bid_quantity"":80,""ask_quantity"":20,""bid_orders"":1,""ask_orders"":1,""bid_price"":""593.65"",""ask_price"":""596.00""},{""bid_quantity"":20,""ask_quantity"":60,""bid_orders"":1,""ask_orders"":3,""bid_price"":""593.55"",""ask_price"":""596.05""}]"
09:15:59.555,1790307959555537357,1025702109471704,Full Data,8,886718,325.65,20,09:15:59,355.39,270360,26620,37880,276660,"[{""bid_quantity"":80,""ask_quantity"":40,""bid_orders"":4,""ask_orders"":1,""bid_price"":""325.05"",""ask_price"":""326.45""},{""bid_quantity"":20,""ask_quantity"":80,""bid_orders"":1,""ask_orders"":3,""bid_price"":""325.00"",""ask_price"":""326.50""},{""bid_quantity"":60,""ask_quantity"":40,""bid_orders"":3,""ask_orders"":1,""bid_price"":""324.95"",""ask_price"":""326.55""},{""bid_quantity"":60,""ask_quantity"":60,""bid_orders"":3,""ask_orders"":2,""bid_price"":""324.90"",""ask_price"":""326.60""},{""bid_quantity"":40,""ask_quantity"":60,""bid_orders"":2,""ask_orders"":2,""bid_price"":""324.85"",""ask_price"":""326.65""}]"
09:15:59.572,1790307959572726467,1025702126660214,Ticker Data,0,51,73698.32,,09:15:59,,,,,,
09:15:59.601,1790307959601953534,1025702155887641,Full Data,8,887124,262.40,20,09:15:59,279.87,72680,23960,19120,64860,"[{""bid_quantity"":40,""ask_quantity"":60,""bid_orders"":2,""ask_orders"":3,""bid_price"":""261.45"",""ask_price"":""262.25""},{""bid_quantity"":200,""ask_quantity"":60,""bid_orders"":5,""ask_orders"":3,""bid_price"":""261.00"",""ask_price"":""262.30""},{""bid_quantity"":80,""ask_quantity"":40,""bid_orders"":3,""ask_orders"":2,""bid_price"":""260.90"",""ask_price"":""262.40""},{""bid_quantity"":40,""ask_quantity"":80,""bid_orders"":2,""ask_orders"":3,""bid_price"":""260.85"",""ask_price"":""262.45""},{""bid_quantity"":140,""ask_quantity"":280,""bid_orders"":1,""ask_orders"":2,""bid_price"":""260.45"",""ask_price"":""262.50""}]"
09:15:59.615,1790307959615392500,1025702169326647,Full Data,8,887124,261.50,40,09:15:59,279.86,72720,20640,16540,64860,"[{""bid_quantity"":20,""ask_quantity"":60,""bid_orders"":1,""ask_orders"":2,""bid_price"":""262.00"",""ask_price"":""263.05""},{""bid_quantity"":60,""ask_quantity"":40,""bid_orders"":2,""ask_orders"":2,""bid_price"":""261.95"",""ask_price"":""263.10""},{""bid_quantity"":80,""ask_quantity"":620,""bid_orders"":3,""ask_orders"":6,""bid_price"":""261.85"",""ask_price"":""263.85""},{""bid_quantity"":60,""ask_quantity"":180,""bid_orders"":2,""ask_orders"":3,""bid_price"":""261.80"",""ask_price"":""263.90""},{""bid_quantity"":40,""ask_quantity"":100,""bid_orders"":1,""ask_orders"":1,""bid_price"":""261.75"",""ask_price"":""264.00""}]"
09:15:59.652,1790307959652359497,1025702206293764,Full Data,8,886951,850.00,100,09:15:59,838.57,9860,14620,93480,6000,"[{""bid_quantity"":200,""ask_quantity"":20,""bid_orders"":3,""ask_orders"":1,""bid_price"":""849.65"",""ask_price"":""854.15""},{""bid_quantity"":120,""ask_quantity"":40,""bid_orders"":3,""ask_orders"":2,""bid_price"":""849.40"",""ask_price"":""856.25""},{""bid_quantity"":40,""ask_quantity"":60,""bid_orders"":2,""ask_orders"":3,""bid_price"":""849.30"",""ask_price"":""856.70""},{""bid_quantity"":40,""ask_quantity"":20,""bid_orders"":2,""ask_orders"":1,""bid_price"":""849.20"",""ask_price"":""856.80""},{""bid_quantity"":40,""ask_quantity"":520,""bid_orders"":2,""ask_orders"":1,""bid_price"":""849.10"",""ask_price"":""856.95""}]"
09:15:59.711,1790307959711429595,1025702265363462,Full Data,8,886951,850.00,100,09:15:59,838.57,9860,14460,92140,6000,"[{""bid_quantity"":40,""ask_quantity"":60,""bid_orders"":2,""ask_orders"":3,""bid_price"":""849.65"",""ask_price"":""855.10""},{""bid_quantity"":40,""ask_quantity"":60,""bid_orders"":2,""ask_orders"":3,""bid_price"":""849.40"",""ask_price"":""855.20""},{""bid_quantity"":40,""ask_quantity"":80,""bid_orders"":2,""ask_orders"":4,""bid_price"":""849.30"",""ask_price"":""855.30""},{""bid_quantity"":160,""ask_quantity"":60,""bid_orders"":2,""ask_orders"":3,""bid_price"":""849.25"",""ask_price"":""855.35""},{""bid_quantity"":40,""ask_quantity"":80,""bid_orders"":2,""ask_orders"":4,""bid_price"":""849.20"",""ask_price"":""855.40""}]"
09:15:59.757,1790307959757496130,1025702311430117,Full Data,8,887036,445.90,100,09:15:59,469.74,93400,19140,96720,155340,"[{""bid_quantity"":100,""ask_quantity"":60,""bid_orders"":4,""ask_orders"":3,""bid_price"":""445.15"",""ask_price"":""446.45""},{""bid_quantity"":160,""ask_quantity"":140,""bid_orders"":4,""ask_orders"":3,""bid_price"":""445.05"",""ask_price"":""446.55""},{""bid_quantity"":80,""ask_quantity"":80,""bid_orders"":3,""ask_orders"":4,""bid_price"":""444.95"",""ask_price"":""446.60""},{""bid_quantity"":200,""ask_quantity"":60,""bid_orders"":4,""ask_orders"":3,""bid_price"":""444.85"",""ask_price"":""446.65""},{""bid_quantity"":20,""ask_quantity"":20,""bid_orders"":1,""ask_orders"":1,""bid_price"":""444.70"",""ask_price"":""446.70""}]"
09:15:59.765,1790307959765112738,1025702319046725,Full Data,8,886872,233.65,20,09:15:59,259.17,69700,20360,21780,47980,"[{""bid_quantity"":60,""ask_quantity"":60,""bid_orders"":2,""ask_orders"":3,""bid_price"":""233.80"",""ask_price"":""234.75""},{""bid_quantity"":60,""ask_quantity"":60,""bid_orders"":3,""ask_orders"":3,""bid_price"":""233.75"",""ask_price"":""234.80""},{""bid_quantity"":40,""ask_quantity"":60,""bid_orders"":2,""ask_orders"":3,""bid_price"":""233.70"",""ask_price"":""234.85""},{""bid_quantity"":120,""ask_quantity"":60,""bid_orders"":3,""ask_orders"":2,""bid_price"":""233.60"",""ask_price"":""234.90""},{""bid_quantity"":80,""ask_quantity"":60,""bid_orders"":3,""ask_orders"":3,""bid_price"":""233.55"",""ask_price"":""234.95""}]"
09:15:59.802,1790307959802915300,1025702356849327,Full Data,8,887036,444.60,40,09:15:59,469.72,93500,19600,96300,155340,"[{""bid_quantity"":40,""ask_quantity"":40,""bid_orders"":2,""ask_orders"":2,""bid_price"":""444.30"",""ask_price"":""445.35""},{""bid_quantity"":20,""ask_quantity"":60,""bid_orders"":1,""ask_orders"":3,""bid_price"":""444.25"",""ask_price"":""445.50""},{""bid_quantity"":80,""ask_quantity"":20,""bid_orders"":3,""ask_orders"":1,""bid_price"":""444.05"",""ask_price"":""445.55""},{""bid_quantity"":60,""ask_quantity"":80,""bid_orders"":2,""ask_orders"":4,""bid_price"":""443.65"",""ask_price"":""445.60""},{""bid_quantity"":60,""ask_quantity"":40,""bid_orders"":2,""ask_orders"":2,""bid_price"":""443.50"",""ask_price"":""445.65""}]"
09:15:59.806,1790307959806624884,1025702360558751,Full Data,8,886872,232.65,60,09:15:59,259.01,70140,21160,22120,47980,"[{""bid_quantity"":340,""ask_quantity"":40,""bid_orders"":4,""ask_orders"":2,""bid_price"":""232.95"",""ask_price"":""233.90""},{""bid_quantity"":60,""ask_quantity"":60,""bid_orders"":3,""ask_orders"":3,""bid_price"":""232.90"",""ask_price"":""234.00""},{""bid_quantity"":80,""ask_quantity"":60,""bid_orders"":3,""ask_orders"":3,""bid_price"":""232.85"",""ask_price"":""234.10""},{""bid_quantity"":40,""ask_quantity"":20,""bid_orders"":2,""ask_orders"":1,""bid_price"":""232.80"",""ask_price"":""234.15""},{""bid_quantity"":60,""ask_quantity"":40,""bid_orders"":2,""ask_orders"":2,""bid_price"":""232.75"",""ask_price"":""234.20""}]"
09:15:59.861,1790307959861202433,1025702415136660,Full Data,8,886747,782.60,40,09:15:59,774.39,22240,18040,91180,5900,"[{""bid_quantity"":20,""ask_quantity"":40,""bid_orders"":1,""ask_orders"":2,""bid_price"":""783.10"",""ask_price"":""785.40""},{""bid_quantity"":20,""ask_quantity"":40,""bid_orders"":1,""ask_orders"":2,""bid_price"":""782.95"",""ask_price"":""785.45""},{""bid_quantity"":20,""ask_quantity"":40,""bid_orders"":1,""ask_orders"":2,""bid_price"":""782.75"",""ask_price"":""785.60""},{""bid_quantity"":20,""ask_quantity"":40,""bid_orders"":1,""ask_orders"":2,""bid_price"":""782.60"",""ask_price"":""785.65""},{""bid_quantity"":20,""ask_quantity"":40,""bid_orders"":1,""ask_orders"":2,""bid_price"":""782.50"",""ask_price"":""785.80""}]"
09:15:59.899,1790307959899027155,1025702452961142,Full Data,8,886747,782.60,40,09:15:59,774.39,22240,17960,91620,5900,"[{""bid_quantity"":160,""ask_quantity"":60,""bid_orders"":5,""ask_orders"":3,""bid_price"":""778.45"",""ask_price"":""785.15""},{""bid_quantity"":40,""ask_quantity"":60,""bid_orders"":2,""ask_orders"":3,""bid_price"":""778.40"",""ask_price"":""785.20""},{""bid_quantity"":60,""ask_quantity"":60,""bid_orders"":3,""ask_orders"":3,""bid_price"":""778.35"",""ask_price"":""785.30""},{""bid_quantity"":40,""ask_quantity"":20,""bid_orders"":2,""ask_orders"":1,""bid_price"":""778.30"",""ask_price"":""785.35""},{""bid_quantity"":60,""ask_quantity"":40,""bid_orders"":3,""ask_orders"":2,""bid_price"":""778.25"",""ask_price"":""785.40""}]"
09:15:59.939,1790307959939954697,1025702493888684,Full Data,8,886981,363.85,100,09:15:59,390.26,135160,26360,44560,63920,"[{""bid_quantity"":80,""ask_quantity"":20,""bid_orders"":4,""ask_orders"":1,""bid_price"":""362.45"",""ask_price"":""363.65""},{""bid_quantity"":140,""ask_quantity"":60,""bid_orders"":3,""ask_orders"":3,""bid_price"":""362.40"",""ask_price"":""363.75""},{""bid_quantity"":100,""ask_quantity"":60,""bid_orders"":4,""ask_orders"":3,""bid_price"":""362.25"",""ask_price"":""363.90""},{""bid_quantity"":40,""ask_quantity"":40,""bid_orders"":2,""ask_orders"":1,""bid_price"":""362.15"",""ask_price"":""364.00""},{""bid_quantity"":20,""ask_quantity"":60,""bid_orders"":1,""ask_orders"":3,""bid_price"":""362.00"",""ask_price"":""364.10""}]"
09:15:59.995,1790307959995159091,1025702549093278,Full Data,8,886805,652.60,20,09:15:59,653.80,102100,19220,133200,42420,"[{""bid_quantity"":80,""ask_quantity"":40,""bid_orders"":1,""ask_orders"":1,""bid_price"":""651.30"",""ask_price"":""653.90""},{""bid_quantity"":80,""ask_quantity"":60,""bid_orders"":2,""ask_orders"":2,""bid_price"":""651.25"",""ask_price"":""653.95""},{""bid_quantity"":200,""ask_quantity"":20,""bid_orders"":2,""ask_orders"":1,""bid_price"":""651.20"",""ask_price"":""654.40""},{""bid_quantity"":20,""ask_quantity"":160,""bid_orders"":1,""ask_orders"":1,""bid_price"":""650.65"",""ask_price"":""654.50""},{""bid_quantity"":20,""ask_quantity"":20,""bid_orders"":1,""ask_orders"":1,""bid_price"":""650.60"",""ask_price"":""654.55""}]"
