local_time,local_ns,monotonic_ns,packet_type,exchange_segment,security_id,LTP,LTQ,LTT,prev_close,prev_OI,avg_price,volume,total_sell_quantity,total_buy_quantity,OI,depth_json
09:15:00.001,1790826300001196312,1544042555131339,Ticker Data,0,51,72192.89,,09:14:30,,,,,,,,
09:15:00.001,1790826300001313513,1544042555247220,Previous Close,0,51,,,,72480.29,0,,,,,,
09:15:00.001,1790826300001370753,1544042555304380,Ticker Data,0,51,72192.89,,09:14:31,,,,,,,,
09:15:00.001,1790826300001415274,1544042555348861,Ticker Data,0,51,72192.89,,09:14:32,,,,,,,,
09:15:00.001,1790826300001455594,1544042555389221,Ticker Data,0,51,72192.89,,09:14:33,,,,,,,,
09:15:00.001,1790826300001494114,1544042555427701,Ticker Data,0,51,72192.89,,09:14:34,,,,,,,,
09:15:00.001,1790826300001533394,1544042555467021,Ticker Data,0,51,72192.89,,09:14:35,,,,,,,,
09:15:00.001,1790826300001570395,1544042555504022,Ticker Data,0,51,72192.89,,09:14:36,,,,,,,,
09:15:00.001,1790826300001606275,1544042555539862,Ticker Data,0,51,72192.89,,09:14:37,,,,,,,,
09:15:00.001,1790826300001642555,1544042555576182,Ticker Data,0,51,72192.89,,09:14:38,,,,,,,,
09:15:00.001,1790826300001678555,1544042555612182,Ticker Data,0,51,72192.89,,09:14:39,,,,,,,,
09:15:00.001,1790826300001714355,1544042555647982,Ticker Data,0,51,72192.89,,09:14:40,,,,,,,,
09:15:00.001,1790826300001749676,1544042555683263,Ticker Data,0,51,72192.89,,09:14:41,,,,,,,,
09:15:00.001,1790826300001784636,1544042555718183,Ticker Data,0,51,72192.89,,09:14:42,,,,,,,,
09:15:00.001,1790826300001820316,1544042555753903,Ticker Data,0,51,72192.89,,09:14:43,,,,,,,,
09:15:00.001,1790826300001886157,1544042555819784,Ticker Data,0,51,72192.89,,09:14:44,,,,,,,,
09:15:00.001,1790826300001924957,1544042555858544,Ticker Data,0,51,72192.89,,09:14:45,,,,,,,,
09:15:00.001,1790826300001961397,1544042555894984,Ticker Data,0,51,72192.89,,09:14:46,,,,,,,,
09:15:00.001,1790826300001995677,1544042555929264,Ticker Data,0,51,72192.89,,09:14:47,,,,,,,,
09:15:00.002,1790826300002030757,1544042555964304,Ticker Data,0,51,72192.89,,09:14:48,,,,,,,,
09:15:00.002,1790826300002065318,1544042555998905,Ticker Data,0,51,72192.89,,09:14:49,,,,,,,,
09:15:00.002,1790826300002125878,1544042556059465,Ticker Data,0,51,72192.89,,09:14:50,,,,,,,,
09:15:00.002,1790826300002162638,1544042556096225,Ticker Data,0,51,72192.89,,09:14:51,,,,,,,,
09:15:00.002,1790826300002198759,1544042556132346,Ticker Data,0,51,72192.89,,09:14:52,,,,,,,,
09:15:00.002,1790826300002233919,1544042556167506,Ticker Data,0,51,72192.89,,09:14:53,,,,,,,,
09:15:00.002,1790826300002268519,1544042556202106,Ticker Data,0,51,72192.89,,09:14:54,,,,,,,,
09:15:00.002,1790826300002342119,1544042556275706,Ticker Data,0,51,72192.89,,09:14:55,,,,,,,,
09:15:00.002,1790826300002382720,1544042556316307,Ticker Data,0,51,72192.89,,09:14:56,,,,,,,,
09:15:00.002,1790826300002418160,1544042556351747,Ticker Data,0,51,72192.89,,09:14:57,,,,,,,,
09:15:00.002,1790826300002452520,1544042556386107,Ticker Data,0,51,72192.89,,09:14:58,,,,,,,,
09:15:00.002,1790826300002487440,1544042556421027,Ticker Data,0,51,72192.89,,09:14:59,,,,,,,,
09:15:00.020,1790826300020210191,1544042574144618,Full Data,8,886961,0.00,0,00:00:00,,,0.00,0,0,100,36440,"[{""bid_quantity"":100,""ask_quantity"":0,""bid_orders"":1,""ask_orders"":0,""bid_price"":""101.00"",""ask_price"":""0.00""},{""bid_quantity"":0,""ask_quantity"":0,""bid_orders"":0,""ask_orders"":0,""bid_price"":""0.00"",""ask_price"":""0.00""},{""bid_quantity"":0,""ask_quantity"":0,""bid_orders"":0,""ask_orders"":0,""bid_price"":""0.00"",""ask_price"":""0.00""},{""bid_quantity"":0,""ask_quantity"":0,""bid_orders"":0,""ask_orders"":0,""bid_price"":""0.00"",""ask_price"":""0.00""},{""bid_quantity"":0,""ask_quantity"":0,""bid_orders"":0,""ask_orders"":0,""bid_price"":""0.00"",""ask_price"":""0.00""}]"
09:15:00.042,1790826300042957534,1544042596891881,Full Data,8,886589,350.00,20,09:15:00,,,438.12,40,1960,6180,194360,"[{""bid_quantity"":60,""ask_quantity"":80,""bid_orders"":2,""ask_orders"":1,""bid_price"":""341.60"",""ask_price"":""350.00""},{""bid_quantity"":400,""ask_quantity"":60,""bid_orders"":4,""ask_orders"":1,""bid_price"":""341.55"",""ask_price"":""431.00""},{""bid_quantity"":40,""ask_quantity"":40,""bid_orders"":1,""ask_orders"":1,""bid_price"":""341.30"",""ask_price"":""446.95""},{""bid_quantity"":20,""ask_quantity"":40,""bid_orders"":1,""ask_orders"":1,""bid_price"":""340.80"",""ask_price"":""447.00""},{""bid_quantity"":20,""ask_quantity"":40,""bid_orders"":1,""ask_orders"":1,""bid_price"":""340.00"",""ask_price"":""447.05""}]"
09:15:00.049,1790826300049610576,1544042603544803,Full Data,8,886461,139.75,20,09:15:00,,,161.93,100,14100,120960,1682940,"[{""bid_quantity"":100,""ask_quantity"":60,""bid_orders"":3,""ask_orders"":3,""bid_price"":""133.45"",""ask_price"":""139.55""},{""bid_quantity"":80,""ask_quantity"":60,""bid_orders"":2,""ask_orders"":2,""bid_price"":""133.40"",""ask_price"":""139.60""},{""bid_quantity"":40,""ask_quantity"":40,""bid_orders"":1,""ask_orders"":1,""bid_price"":""133.35"",""ask_price"":""139.65""},{""bid_quantity"":20,""ask_quantity"":20,""bid_orders"":1,""ask_orders"":1,""bid_price"":""132.55"",""ask_price"":""140.00""},{""bid_quantity"":40,""ask_quantity"":80,""bid_orders"":1,""ask_orders"":2,""bid_price"":""120.05"",""ask_price"":""144.90""}]"
09:15:00.243,1790826300243319069,1544042797253536,Ticker Data,0,51,72206.04,,09:15:00,,,,,,,,
09:15:00.339,1790826300339251431,1544042893185738,Full Data,8,886540,171.50,20,09:15:00,,,165.56,380,11660,32300,632060,"[{""bid_quantity"":40,""ask_quantity"":100,""bid_orders"":1,""ask_orders"":4,""bid_price"":""166.45"",""ask_price"":""171.50""},{""bid_quantity"":40,""ask_quantity"":60,""bid_orders"":1,""ask_orders"":3,""bid_price"":""165.90"",""ask_price"":""171.55""},{""bid_quantity"":40,""ask_quantity"":40,""bid_orders"":1,""ask_orders"":1,""bid_price"":""165.85"",""ask_price"":""171.60""},{""bid_quantity"":40,""ask_quantity"":20,""bid_orders"":1,""ask_orders"":1,""bid_price"":""165.35"",""ask_price"":""171.65""},{""bid_quantity"":40,""ask_quantity"":20,""bid_orders"":1,""ask_orders"":1,""bid_price"":""165.30"",""ask_price"":""174.40""}]"
09:15:00.442,1790826300442086555,1544042996020582,Full Data,8,886620,274.30,20,09:15:00,,,268.47,1020,10380,98500,731020,"[{""bid_quantity"":40,""ask_quantity"":40,""bid_orders"":1,""ask_orders"":1,""bid_price"":""264.00"",""ask_price"":""273.75""},{""bid_quantity"":120,""ask_quantity"":220,""bid_orders"":1,""ask_orders"":1,""bid_price"":""262.00"",""ask_price"":""274.30""},{""bid_quantity"":120,""ask_quantity"":40,""bid_orders"":1,""ask_orders"":1,""bid_price"":""260.00"",""ask_price"":""274.65""},{""bid_quantity"":20,""ask_quantity"":100,""bid_orders"":1,""ask_orders"":2,""bid_price"":""255.50"",""ask_price"":""274.70""},{""bid_quantity"":80,""ask_quantity"":40,""bid_orders"":1,""ask_orders"":1,""bid_price"":""254.85"",""ask_price"":""274.75""}]"
09:15:00.473,1790826300473317631,1544043027251658,Full Data,8,886589,350.00,20,09:15:00,,,364.58,1460,6200,190120,194360,"[{""bid_quantity"":60,""ask_quantity"":40,""bid_orders"":2,""ask_orders"":1,""bid_price"":""350.00"",""ask_price"":""370.55""},{""bid_quantity"":20,""ask_quantity"":20,""bid_orders"":1,""ask_orders"":1,""bid_price"":""348.35"",""ask_price"":""370.60""},{""bid_quantity"":20,""ask_quantity"":20,""bid_orders"":1,""ask_orders"":1,""bid_price"":""344.70"",""ask_price"":""370.65""},{""bid_quantity"":20,""ask_quantity"":20,""bid_orders"":1,""ask_orders"":1,""bid_price"":""340.00"",""ask_price"":""370.75""},{""bid_quantity"":40,""ask_quantity"":80,""bid_orders"":2,""ask_orders"":1,""bid_price"":""326.85"",""ask_price"":""370.85""}]"
09:15:00.534,1790826300534184332,1544043088118799,Full Data,8,886620,273.50,20,09:15:00,,,268.38,1120,10180,106980,731020,"[{""bid_quantity"":540,""ask_quantity"":80,""bid_orders"":5,""ask_orders"":1,""bid_price"":""262.55"",""ask_price"":""273.55""},{""bid_quantity"":400,""ask_quantity"":40,""bid_orders"":2,""ask_orders"":1,""bid_price"":""262.50"",""ask_price"":""273.60""},{""bid_quantity"":120,""ask_quantity"":20,""bid_orders"":1,""ask_orders"":1,""bid_price"":""262.00"",""ask_price"":""273.65""},{""bid_quantity"":120,""ask_quantity"":20,""bid_orders"":1,""ask_orders"":1,""bid_price"":""260.00"",""ask_price"":""273.70""},{""bid_quantity"":120,""ask_quantity"":220,""bid_orders"":2,""ask_orders"":1,""bid_price"":""255.55"",""ask_price"":""274.30""}]"
09:15:00.570,1790826300570787881,1544043124721988,Full Data,8,886540,166.55,20,09:15:00,,,168.35,1040,11220,48220,632060,"[{""bid_quantity"":40,""ask_quantity"":40,""bid_orders"":1,""ask_orders"":2,""bid_price"":""169.25"",""ask_price"":""170.40""},{""bid_quantity"":160,""ask_quantity"":20,""bid_orders"":3,""ask_orders"":1,""bid_price"":""166.65"",""ask_price"":""170.45""},{""bid_quantity"":20,""ask_quantity"":60,""bid_orders"":1,""ask_orders"":1,""bid_price"":""166.60"",""ask_price"":""170.65""},{""bid_quantity"":200,""ask_quantity"":40,""bid_orders"":6,""ask_orders"":1,""bid_price"":""166.55"",""ask_price"":""171.40""},{""bid_quantity"":80,""ask_quantity"":400,""bid_orders"":2,""ask_orders"":1,""bid_price"":""166.50"",""ask_price"":""171.85""}]"
09:15:00.621,1790826300621482319,1544043175416466,Full Data,8,887253,289.10,20,09:15:00,,,303.78,1360,7480,45440,55040,"[{""bid_quantity"":80,""ask_quantity"":20,""bid_orders"":2,""ask_orders"":1,""bid_price"":""278.35"",""ask_price"":""289.00""},{""bid_quantity"":60,""ask_quantity"":20,""bid_orders"":1,""ask_orders"":1,""bid_price"":""278.30"",""ask_price"":""289.05""},{""bid_quantity"":40,""ask_quantity"":120,""bid_orders"":1,""ask_orders"":1,""bid_price"":""278.25"",""ask_price"":""289.55""},{""bid_quantity"":80,""ask_quantity"":80,""bid_orders"":1,""ask_orders"":1,""bid_price"":""278.00"",""ask_price"":""290.20""},{""bid_quantity"":220,""ask_quantity"":80,""bid_orders"":4,""ask_orders"":1,""bid_price"":""276.70"",""ask_price"":""290.35""}]"
09:15:00.716,1790826300716851837,1544043270786184,Full Data,8,886659,226.25,40,09:15:00,,,245.95,5340,14000,80280,138720,"[{""bid_quantity"":20,""ask_quantity"":40,""bid_orders"":1,""ask_orders"":1,""bid_price"":""226.20"",""ask_price"":""227.85""},{""bid_quantity"":40,""ask_quantity"":20,""bid_orders"":1,""ask_orders"":1,""bid_price"":""221.35"",""ask_price"":""227.90""},{""bid_quantity"":20,""ask_quantity"":40,""bid_orders"":1,""ask_orders"":1,""bid_price"":""221.30"",""ask_price"":""227.95""},{""bid_quantity"":40,""ask_quantity"":20,""bid_orders"":2,""ask_orders"":1,""bid_price"":""221.25"",""ask_price"":""228.20""},{""bid_quantity"":300,""ask_quantity"":40,""bid_orders"":4,""ask_orders"":2,""bid_price"":""221.15"",""ask_price"":""228.25""}]"
09:15:00.776,1790826300776819372,1544043330753559,Full Data,8,887253,281.75,40,09:15:00,,,302.55,1440,9420,59740,55040,"[{""bid_quantity"":60,""ask_quantity"":40,""bid_orders"":1,""ask_orders"":1,""bid_price"":""281.70"",""ask_price"":""283.95""},{""bid_quantity"":80,""ask_quantity"":20,""bid_orders"":1,""ask_orders"":1,""bid_price"":""281.55"",""ask_price"":""284.00""},{""bid_quantity"":40,""ask_quantity"":120,""bid_orders"":1,""ask_orders"":1,""bid_price"":""279.50"",""ask_price"":""284.05""},{""bid_quantity"":140,""ask_quantity"":40,""bid_orders"":4,""ask_orders"":1,""bid_price"":""279.45"",""ask_price"":""284.15""},{""bid_quantity"":40,""ask_quantity"":140,""bid_orders"":1,""ask_orders"":2,""bid_price"":""264.10"",""ask_price"":""284.20""}]"
09:15:00.808,1790826300808590011,1544043362524118,Full Data,8,886659,224.40,20,09:15:00,,,245.64,5420,11580,151540,138720,"[{""bid_quantity"":20,""ask_quantity"":80,""bid_orders"":1,""ask_orders"":3,""bid_price"":""221.20"",""ask_price"":""226.25""},{""bid_quantity"":300,""ask_quantity"":20,""bid_orders"":4,""ask_orders"":1,""bid_price"":""221.15"",""ask_price"":""226.30""},{""bid_quantity"":60,""ask_quantity"":40,""bid_orders"":3,""ask_orders"":1,""bid_price"":""221.00"",""ask_price"":""226.35""},{""bid_quantity"":40,""ask_quantity"":20,""bid_orders"":1,""ask_orders"":1,""bid_price"":""219.50"",""ask_price"":""226.40""},{""bid_quantity"":40,""ask_quantity"":20,""bid_orders"":1,""ask_orders"":1,""bid_price"":""219.10"",""ask_price"":""228.25""}]"
09:15:00.856,1790826300856118349,1544043410052416,Full Data,8,886671,108.15,20,09:15:00,,,105.96,7500,6300,110320,570580,"[{""bid_quantity"":140,""ask_quantity"":20,""bid_orders"":2,""ask_orders"":1,""bid_price"":""106.65"",""ask_price"":""109.95""},{""bid_quantity"":280,""ask_quantity"":20,""bid_orders"":4,""ask_orders"":1,""bid_price"":""106.60"",""ask_price"":""110.00""},{""bid_quantity"":220,""ask_quantity"":60,""bid_orders"":3,""ask_orders"":1,""bid_price"":""106.55"",""ask_price"":""112.05""},{""bid_quantity"":80,""ask_quantity"":40,""bid_orders"":2,""ask_orders"":1,""bid_price"":""106.50"",""ask_price"":""112.10""},{""bid_quantity"":20,""ask_quantity"":20,""bid_orders"":1,""ask_orders"":1,""bid_price"":""106.40"",""ask_price"":""116.35""}]"
09:15:00.864,1790826300864800764,1544043418734991,Full Data,8,886671,108.15,20,09:15:00,,,105.96,7500,6300,109680,570580,"[{""bid_quantity"":240,""ask_quantity"":20,""bid_orders"":3,""ask_orders"":1,""bid_price"":""107.55"",""ask_price"":""109.95""},{""bid_quantity"":100,""ask_quantity"":20,""bid_orders"":1,""ask_orders"":1,""bid_price"":""107.50"",""ask_price"":""110.00""},{""bid_quantity"":20,""ask_quantity"":60,""bid_orders"":1,""ask_orders"":1,""bid_price"":""107.45"",""ask_price"":""112.05""},{""bid_quantity"":60,""ask_quantity"":40,""bid_orders"":2,""ask_orders"":1,""bid_price"":""107.40"",""ask_price"":""113.00""},{""bid_quantity"":100,""ask_quantity"":560,""bid_orders"":1,""ask_orders"":1,""bid_price"":""107.35"",""ask_price"":""114.45""}]"
09:15:00.864,1790826300864913084,1544043418846711,Full Data,8,886685,408.60,40,09:15:00,,,401.31,8820,13120,410660,1793000,"[{""bid_quantity"":140,""ask_quantity"":60,""bid_orders"":3,""ask_orders"":2,""bid_price"":""408.65"",""ask_price"":""426.40""},{""bid_quantity"":120,""ask_quantity"":140,""bid_orders"":3,""ask_orders"":5,""bid_price"":""408.60"",""ask_price"":""426.45""},{""bid_quantity"":100,""ask_quantity"":20,""bid_orders"":3,""ask_orders"":1,""bid_price"":""408.55"",""ask_price"":""426.55""},{""bid_quantity"":40,""ask_quantity"":40,""bid_orders"":1,""ask_orders"":1,""bid_price"":""408.50"",""ask_price"":""426.60""},{""bid_quantity"":40,""ask_quantity"":100,""bid_orders"":1,""ask_orders"":1,""bid_price"":""408.45"",""ask_price"":""426.65""}]"
09:15:00.899,1790826300899966184,1544043453900211,Full Data,8,887216,221.25,20,09:15:00,,,214.07,7560,14220,243960,716360,"[{""bid_quantity"":20,""ask_quantity"":40,""bid_orders"":1,""ask_orders"":1,""bid_price"":""221.55"",""ask_price"":""224.50""},{""bid_quantity"":80,""ask_quantity"":40,""bid_orders"":2,""ask_orders"":1,""bid_price"":""221.50"",""ask_price"":""224.55""},{""bid_quantity"":40,""ask_quantity"":360,""bid_orders"":1,""ask_orders"":2,""bid_price"":""221.45"",""ask_price"":""224.60""},{""bid_quantity"":40,""ask_quantity"":100,""bid_orders"":1,""ask_orders"":1,""bid_price"":""221.35"",""ask_price"":""227.00""},{""bid_quantity"":40,""ask_quantity"":40,""bid_orders"":1,""ask_orders"":2,""bid_price"":""221.30"",""ask_price"":""227.95""}]"
09:15:00.910,1790826300910831532,1544043464765639,Full Data,8,887216,231.00,520,09:15:00,,,217.37,9500,12580,270180,716360,"[{""bid_quantity"":120,""ask_quantity"":520,""bid_orders"":3,""ask_orders"":2,""bid_price"":""230.15"",""ask_price"":""235.95""},{""bid_quantity"":100,""ask_quantity"":40,""bid_orders"":3,""ask_orders"":1,""bid_price"":""230.10"",""ask_price"":""237.50""},{""bid_quantity"":80,""ask_quantity"":40,""bid_orders"":2,""ask_orders"":1,""bid_price"":""230.05"",""ask_price"":""238.75""},{""bid_quantity"":400,""ask_quantity"":80,""bid_orders"":2,""ask_orders"":1,""bid_price"":""230.00"",""ask_price"":""238.95""},{""bid_quantity"":40,""ask_quantity"":60,""bid_orders"":1,""ask_orders"":1,""bid_price"":""229.95"",""ask_price"":""240.00""}]"
09:15:00.951,1790826300951720148,1544043505654535,Full Data,8,887279,344.00,20,09:15:00,,,326.17,5720,7520,144540,793060,"[{""bid_quantity"":160,""ask_quantity"":240,""bid_orders"":3,""ask_orders"":2,""bid_price"":""339.45"",""ask_price"":""346.20""},{""bid_quantity"":80,""ask_quantity"":200,""bid_orders"":1,""ask_orders"":1,""bid_price"":""339.35"",""ask_price"":""346.25""},{""bid_quantity"":40,""ask_quantity"":60,""bid_orders"":1,""ask_orders"":1,""bid_price"":""339.30"",""ask_price"":""346.30""},{""bid_quantity"":80,""ask_quantity"":60,""bid_orders"":2,""ask_orders"":1,""bid_price"":""339.25"",""ask_price"":""346.35""},{""bid_quantity"":40,""ask_quantity"":40,""bid_orders"":1,""ask_orders"":1,""bid_price"":""339.20"",""ask_price"":""346.40""}]"
09:15:01.214,1790826301214259433,1544043768193620,Full Data,8,887306,150.00,20,09:15:00,,,175.73,6460,15660,459980,240500,"[{""bid_quantity"":160,""ask_quantity"":20,""bid_orders"":2,""ask_orders"":1,""bid_price"":""146.95"",""ask_price"":""148.35""},{""bid_quantity"":40,""ask_quantity"":20,""bid_orders"":1,""ask_orders"":1,""bid_price"":""146.90"",""ask_price"":""148.45""},{""bid_quantity"":100,""ask_quantity"":20,""bid_orders"":1,""ask_orders"":1,""bid_price"":""146.00"",""ask_price"":""149.80""},{""bid_quantity"":600,""ask_quantity"":200,""bid_orders"":2,""ask_orders"":2,""bid_price"":""144.95"",""ask_price"":""149.85""},{""bid_quantity"":40,""ask_quantity"":20,""bid_orders"":1,""ask_orders"":1,""bid_price"":""142.45"",""ask_price"":""150.25""}]"
09:15:01.256,1790826301256260737,1544043810194684,Full Data,8,886790,150.00,260,09:15:00,,,139.69,24880,35120,1671200,2100780,"[{""bid_quantity"":160,""ask_quantity"":20,""bid_orders"":3,""ask_orders"":1,""bid_price"":""148.05"",""ask_price"":""149.95""},{""bid_quantity"":60,""ask_quantity"":700,""bid_orders"":1,""ask_orders"":10,""bid_price"":""148.00"",""ask_price"":""150.00""},{""bid_quantity"":360,""ask_quantity"":60,""bid_orders"":2,""ask_orders"":1,""bid_price"":""147.90"",""ask_price"":""150.10""},{""bid_quantity"":20,""ask_quantity"":120,""bid_orders"":1,""ask_orders"":1,""bid_price"":""147.30"",""ask_price"":""150.30""},{""bid_quantity"":40,""ask_quantity"":120,""bid_orders"":2,""ask_orders"":2,""bid_price"":""147.10"",""ask_price"":""150.35""}]"
09:15:01.257,1790826301257040982,1544043810974849,Full Data,8,886790,148.05,40,09:15:00,,,140.10,25920,35500,1671680,2100780,"[{""bid_quantity"":40,""ask_quantity"":60,""bid_orders"":1,""ask_orders"":1,""bid_price"":""148.30"",""ask_price"":""150.70""},{""bid_quantity"":160,""ask_quantity"":80,""bid_orders"":2,""ask_orders"":3,""bid_price"":""148.25"",""ask_price"":""150.80""},{""bid_quantity"":120,""ask_quantity"":20,""bid_orders"":3,""ask_orders"":1,""bid_price"":""148.20"",""ask_price"":""150.85""},{""bid_quantity"":40,""ask_quantity"":60,""bid_orders"":1,""ask_orders"":1,""bid_price"":""148.15"",""ask_price"":""150.95""},{""bid_quantity"":400,""ask_quantity"":20,""bid_orders"":2,""ask_orders"":1,""bid_price"":""148.10"",""ask_price"":""151.00""}]"
09:15:01.350,1790826301350876610,1544043904810797,Full Data,8,887080,113.35,40,09:15:00,,,129.68,9580,26400,233780,530840,"[{""bid_quantity"":80,""ask_quantity"":40,""bid_orders"":2,""ask_orders"":2,""bid_price"":""112.00"",""ask_price"":""114.90""},{""bid_quantity"":100,""ask_quantity"":160,""bid_orders"":1,""ask_orders"":2,""bid_price"":""111.95"",""ask_price"":""114.95""},{""bid_quantity"":60,""ask_quantity"":60,""bid_orders"":2,""ask_orders"":1,""bid_price"":""111.90"",""ask_price"":""115.20""},{""bid_quantity"":300,""ask_quantity"":60,""bid_orders"":3,""ask_orders"":1,""bid_price"":""111.85"",""ask_price"":""115.60""},{""bid_quantity"":80,""ask_quantity"":180,""bid_orders"":2,""ask_orders"":1,""bid_price"":""111.80"",""ask_price"":""116.10""}]"
09:15:01.380,1790826301380582196,1544043934516583,Full Data,8,887306,150.00,20,09:15:00,,,175.73,6460,14900,460700,240500,"[{""bid_quantity"":160,""ask_quantity"":20,""bid_orders"":2,""ask_orders"":1,""bid_price"":""146.95"",""ask_price"":""148.10""},{""bid_quantity"":300,""ask_quantity"":20,""bid_orders"":1,""ask_orders"":1,""bid_price"":""146.90"",""ask_price"":""148.15""},{""bid_quantity"":40,""ask_quantity"":20,""bid_orders"":1,""ask_orders"":1,""bid_price"":""146.05"",""ask_price"":""148.20""},{""bid_quantity"":100,""ask_quantity"":160,""bid_orders"":1,""ask_orders"":2,""bid_price"":""146.00"",""ask_price"":""148.25""},{""bid_quantity"":40,""ask_quantity"":20,""bid_orders"":2,""ask_orders"":1,""bid_price"":""142.50"",""ask_price"":""150.25""}]"
09:15:01.383,1790826301383624695,1544043937558722,Full Data,8,887080,119.75,100,09:15:00,,,127.80,11200,27240,234760,530840,"[{""bid_quantity"":100,""ask_quantity"":20,""bid_orders"":1,""ask_orders"":1,""bid_price"":""117.25"",""ask_price"":""121.45""},{""bid_quantity"":80,""ask_quantity"":120,""bid_orders"":2,""ask_orders"":2,""bid_price"":""117.20"",""ask_price"":""121.50""},{""bid_quantity"":400,""ask_quantity"":300,""bid_orders"":6,""ask_orders"":1,""bid_price"":""117.10"",""ask_price"":""121.55""},{""bid_quantity"":80,""ask_quantity"":100,""bid_orders"":2,""ask_orders"":1,""bid_price"":""117.05"",""ask_price"":""121.60""},{""bid_quantity"":180,""ask_quantity"":100,""bid_orders"":3,""ask_orders"":1,""bid_price"":""117.00"",""ask_price"":""121.80""}]"
09:15:01.396,1790826301396745857,1544043950679844,Ticker Data,0,51,72202.31,,09:15:01,,,,,,,,
09:15:01.401,1790826301401312326,1544043955246273,Full Data,8,886961,380.65,20,09:15:01,,,393.57,500,4380,10900,36440,"[{""bid_quantity"":40,""ask_quantity"":80,""bid_orders"":1,""ask_orders"":3,""bid_price"":""375.85"",""ask_price"":""380.65""},{""bid_quantity"":140,""ask_quantity"":40,""bid_orders"":1,""ask_orders"":1,""bid_price"":""375.70"",""ask_price"":""383.15""},{""bid_quantity"":100,""ask_quantity"":140,""bid_orders"":1,""ask_orders"":1,""bid_price"":""375.30"",""ask_price"":""383.20""},{""bid_quantity"":240,""ask_quantity"":20,""bid_orders"":1,""ask_orders"":1,""bid_price"":""355.45"",""ask_price"":""385.85""},{""bid_quantity"":40,""ask_quantity"":80,""bid_orders"":1,""ask_orders"":1,""bid_price"":""349.90"",""ask_price"":""385.95""}]"
09:15:01.433,1790826301433354806,1544043987288793,Full Data,8,886461,98.35,440,09:15:01,,,99.32,35920,67900,1514340,1682940,"[{""bid_quantity"":60,""ask_quantity"":60,""bid_orders"":2,""ask_orders"":1,""bid_price"":""96.45"",""ask_price"":""97.05""},{""bid_quantity"":40,""ask_quantity"":60,""bid_orders"":1,""ask_orders"":1,""bid_price"":""96.40"",""ask_price"":""97.10""},{""bid_quantity"":40,""ask_quantity"":40,""bid_orders"":1,""ask_orders"":1,""bid_price"":""96.35"",""ask_price"":""98.20""},{""bid_quantity"":100,""ask_quantity"":20,""bid_orders"":2,""ask_orders"":1,""bid_price"":""96.30"",""ask_price"":""98.25""},{""bid_quantity"":60,""ask_quantity"":40,""bid_orders"":1,""ask_orders"":1,""bid_price"":""96.25"",""ask_price"":""98.35""}]"
09:15:01.437,1790826301437521553,1544043991455460,Full Data,8,886961,380.15,20,09:15:01,,,393.05,520,4820,9640,36440,"[{""bid_quantity"":100,""ask_quantity"":40,""bid_orders"":2,""ask_orders"":1,""bid_price"":""371.75"",""ask_price"":""379.90""},{""bid_quantity"":20,""ask_quantity"":20,""bid_orders"":1,""ask_orders"":1,""bid_price"":""362.15"",""ask_price"":""379.95""},{""bid_quantity"":60,""ask_quantity"":20,""bid_orders"":2,""ask_orders"":1,""bid_price"":""337.10"",""ask_price"":""380.00""},{""bid_quantity"":20,""ask_quantity"":80,""bid_orders"":1,""ask_orders"":1,""bid_price"":""337.05"",""ask_price"":""380.50""},{""bid_quantity"":60,""ask_quantity"":20,""bid_orders"":2,""ask_orders"":1,""bid_price"":""337.00"",""ask_price"":""380.55""}]"
09:15:01.439,1790826301439061322,1544043992995189,Full Data,8,886461,97.40,60,09:15:01,,,99.23,38120,66900,1717180,1682940,"[{""bid_quantity"":40,""ask_quantity"":100,""bid_orders"":1,""ask_orders"":2,""bid_price"":""97.40"",""ask_price"":""97.70""},{""bid_quantity"":80,""ask_quantity"":20,""bid_orders"":1,""ask_orders"":1,""bid_price"":""96.30"",""ask_price"":""97.75""},{""bid_quantity"":60,""ask_quantity"":40,""bid_orders"":1,""ask_orders"":1,""bid_price"":""96.25"",""ask_price"":""98.10""},{""bid_quantity"":40,""ask_quantity"":160,""bid_orders"":1,""ask_orders"":2,""bid_price"":""96.20"",""ask_price"":""98.30""},{""bid_quantity"":100,""ask_quantity"":20,""bid_orders"":1,""ask_orders"":1,""bid_price"":""96.15"",""ask_price"":""98.45""}]"
09:15:01.441,1790826301441459217,1544043995393124,Full Data,8,886589,316.45,20,09:15:01,,,324.74,11860,11700,592220,194360,"[{""bid_quantity"":140,""ask_quantity"":20,""bid_orders"":3,""ask_orders"":1,""bid_price"":""310.55"",""ask_price"":""316.45""},{""bid_quantity"":180,""ask_quantity"":100,""bid_orders"":3,""ask_orders"":1,""bid_price"":""310.50"",""ask_price"":""316.50""},{""bid_quantity"":120,""ask_quantity"":20,""bid_orders"":2,""ask_orders"":1,""bid_price"":""310.35"",""ask_price"":""316.55""},{""bid_quantity"":40,""ask_quantity"":40,""bid_orders"":1,""ask_orders"":1,""bid_price"":""310.30"",""ask_price"":""316.65""},{""bid_quantity"":40,""ask_quantity"":100,""bid_orders"":1,""ask_orders"":1,""bid_price"":""310.25"",""ask_price"":""317.10""}]"
09:15:01.445,1790826301445434522,1544043999368469,Full Data,8,886620,285.55,80,09:15:01,,,276.27,7480,13560,275440,731020,"[{""bid_quantity"":160,""ask_quantity"":40,""bid_orders"":4,""ask_orders"":1,""bid_price"":""285.85"",""ask_price"":""287.40""},{""bid_quantity"":20,""ask_quantity"":140,""bid_orders"":1,""ask_orders"":3,""bid_price"":""282.30"",""ask_price"":""287.45""},{""bid_quantity"":40,""ask_quantity"":40,""bid_orders"":1,""ask_orders"":1,""bid_price"":""282.25"",""ask_price"":""287.70""},{""bid_quantity"":80,""ask_quantity"":20,""bid_orders"":1,""ask_orders"":1,""bid_price"":""282.15"",""ask_price"":""287.80""},{""bid_quantity"":40,""ask_quantity"":20,""bid_orders"":1,""ask_orders"":1,""bid_price"":""281.85"",""ask_price"":""287.90""}]"
09:15:01.487,1790826301487592626,1544044041526893,Full Data,8,886620,285.85,20,09:15:01,,,276.89,7940,13400,277760,731020,"[{""bid_quantity"":60,""ask_quantity"":100,""bid_orders"":3,""ask_orders"":1,""bid_price"":""285.70"",""ask_price"":""288.30""},{""bid_quantity"":20,""ask_quantity"":40,""bid_orders"":1,""ask_orders"":1,""bid_price"":""285.65"",""ask_price"":""288.40""},{""bid_quantity"":40,""ask_quantity"":40,""bid_orders"":1,""ask_orders"":1,""bid_price"":""285.10"",""ask_price"":""288.45""},{""bid_quantity"":80,""ask_quantity"":40,""bid_orders"":1,""ask_orders"":1,""bid_price"":""285.05"",""ask_price"":""288.55""},{""bid_quantity"":100,""ask_quantity"":100,""bid_orders"":1,""ask_orders"":1,""bid_price"":""284.40"",""ask_price"":""288.60""}]"
09:15:01.487,1790826301487740307,1544044041673934,Full Data,8,886540,183.95,20,09:15:01,,,182.64,15680,12540,226860,632060,"[{""bid_quantity"":460,""ask_quantity"":60,""bid_orders"":4,""ask_orders"":2,""bid_price"":""183.95"",""ask_price"":""187.70""},{""bid_quantity"":200,""ask_quantity"":80,""bid_orders"":5,""ask_orders"":3,""bid_price"":""183.90"",""ask_price"":""187.75""},{""bid_quantity"":20,""ask_quantity"":140,""bid_orders"":1,""ask_orders"":3,""bid_price"":""183.80"",""ask_price"":""187.80""},{""bid_quantity"":20,""ask_quantity"":20,""bid_orders"":1,""ask_orders"":1,""bid_price"":""183.70"",""ask_price"":""188.20""},{""bid_quantity"":100,""ask_quantity"":60,""bid_orders"":1,""ask_orders"":1,""bid_price"":""183.60"",""ask_price"":""188.25""}]"
09:15:01.490,1790826301490985528,1544044044919435,Full Data,8,886589,317.80,40,09:15:01,,,324.23,12560,11120,632140,194360,"[{""bid_quantity"":140,""ask_quantity"":100,""bid_orders"":3,""ask_orders"":2,""bid_price"":""312.90"",""ask_price"":""317.85""},{""bid_quantity"":240,""ask_quantity"":260,""bid_orders"":3,""ask_orders"":2,""bid_price"":""312.85"",""ask_price"":""318.30""},{""bid_quantity"":40,""ask_quantity"":280,""bid_orders"":1,""ask_orders"":5,""bid_price"":""312.80"",""ask_price"":""318.35""},{""bid_quantity"":80,""ask_quantity"":60,""bid_orders"":2,""ask_orders"":1,""bid_price"":""312.75"",""ask_price"":""318.45""},{""bid_quantity"":100,""ask_quantity"":40,""bid_orders"":1,""ask_orders"":1,""bid_price"":""312.60"",""ask_price"":""319.20""}]"
09:15:01.498,1790826301498278973,1544044052212800,Full Data,8,886540,184.10,40,09:15:01,,,182.70,16080,13920,303140,632060,"[{""bid_quantity"":20,""ask_quantity"":120,""bid_orders"":1,""ask_orders"":1,""bid_price"":""183.30"",""ask_price"":""183.75""},{""bid_quantity"":80,""ask_quantity"":180,""bid_orders"":1,""ask_orders"":2,""bid_price"":""183.25"",""ask_price"":""183.80""},{""bid_quantity"":20,""ask_quantity"":60,""bid_orders"":1,""ask_orders"":2,""bid_price"":""182.65"",""ask_price"":""183.85""},{""bid_quantity"":80,""ask_quantity"":40,""bid_orders"":1,""ask_orders"":1,""bid_price"":""182.50"",""ask_price"":""183.90""},{""bid_quantity"":40,""ask_quantity"":80,""bid_orders"":1,""ask_orders"":2,""bid_price"":""181.55"",""ask_price"":""184.00""}]"
09:15:01.526,1790826301526615511,1544044080549458,Full Data,8,887253,260.90,20,09:15:01,,,268.13,6020,12920,264640,55040,"[{""bid_quantity"":140,""ask_quantity"":60,""bid_orders"":2,""ask_orders"":3,""bid_price"":""261.00"",""ask_price"":""264.35""},{""bid_quantity"":60,""ask_quantity"":100,""bid_orders"":2,""ask_orders"":2,""bid_price"":""260.90"",""ask_price"":""264.45""},{""bid_quantity"":100,""ask_quantity"":100,""bid_orders"":2,""ask_orders"":5,""bid_price"":""260.85"",""ask_price"":""264.50""},{""bid_quantity"":40,""ask_quantity"":100,""bid_orders"":2,""ask_orders"":1,""bid_price"":""260.80"",""ask_price"":""264.60""},{""bid_quantity"":100,""ask_quantity"":100,""bid_orders"":1,""ask_orders"":1,""bid_price"":""260.70"",""ask_price"":""264.90""}]"
09:15:01.535,1790826301535753928,1544044089687835,Full Data,8,886659,201.00,20,09:15:01,,,215.75,16820,28280,405620,138720,"[{""bid_quantity"":60,""ask_quantity"":40,""bid_orders"":1,""ask_orders"":2,""bid_price"":""201.00"",""ask_price"":""206.20""},{""bid_quantity"":40,""ask_quantity"":20,""bid_orders"":1,""ask_orders"":1,""bid_price"":""200.90"",""ask_price"":""206.30""},{""bid_quantity"":20,""ask_quantity"":160,""bid_orders"":1,""ask_orders"":2,""bid_price"":""200.85"",""ask_price"":""206.55""},{""bid_quantity"":120,""ask_quantity"":100,""bid_orders"":2,""ask_orders"":1,""bid_price"":""200.80"",""ask_price"":""206.70""},{""bid_quantity"":40,""ask_quantity"":100,""bid_orders"":1,""ask_orders"":1,""bid_price"":""200.75"",""ask_price"":""207.00""}]"
09:15:01.536,1790826301536904495,1544044090838282,Full Data,8,887253,254.60,20,09:15:01,,,266.83,6860,11540,282220,55040,"[{""bid_quantity"":300,""ask_quantity"":240,""bid_orders"":1,""ask_orders"":5,""bid_price"":""254.60"",""ask_price"":""258.85""},{""bid_quantity"":20,""ask_quantity"":100,""bid_orders"":1,""ask_orders"":1,""bid_price"":""254.55"",""ask_price"":""258.90""},{""bid_quantity"":20,""ask_quantity"":100,""bid_orders"":1,""ask_orders"":1,""bid_price"":""254.45"",""ask_price"":""259.20""},{""bid_quantity"":100,""ask_quantity"":120,""bid_orders"":3,""ask_orders"":2,""bid_price"":""254.40"",""ask_price"":""259.50""},{""bid_quantity"":100,""ask_quantity"":40,""bid_orders"":1,""ask_orders"":1,""bid_price"":""254.10"",""ask_price"":""259.85""}]"
09:15:01.538,1790826301538907468,1544044092841215,Full Data,8,886659,200.15,20,09:15:01,,,215.00,17800,32260,517620,138720,"[{""bid_quantity"":20,""ask_quantity"":40,""bid_orders"":1,""ask_orders"":2,""bid_price"":""200.15"",""ask_price"":""202.35""},{""bid_quantity"":100,""ask_quantity"":80,""bid_orders"":1,""ask_orders"":3,""bid_price"":""200.10"",""ask_price"":""202.40""},{""bid_quantity"":1540,""ask_quantity"":1680,""bid_orders"":4,""ask_orders"":5,""bid_price"":""200.00"",""ask_price"":""203.30""},{""bid_quantity"":100,""ask_quantity"":20,""bid_orders"":1,""ask_orders"":1,""bid_price"":""199.80"",""ask_price"":""203.65""},{""bid_quantity"":100,""ask_quantity"":100,""bid_orders"":1,""ask_orders"":1,""bid_price"":""199.50"",""ask_price"":""203.70""}]"
09:15:01.568,1790826301568879856,1544044122814003,Full Data,8,886671,108.10,80,09:15:01,,,108.00,18940,13020,353360,570580,"[{""bid_quantity"":100,""ask_quantity"":20,""bid_orders"":1,""ask_orders"":1,""bid_price"":""109.80"",""ask_price"":""111.90""},{""bid_quantity"":20,""ask_quantity"":20,""bid_orders"":1,""ask_orders"":1,""bid_price"":""109.75"",""ask_price"":""111.95""},{""bid_quantity"":20,""ask_quantity"":40,""bid_orders"":1,""ask_orders"":2,""bid_price"":""109.65"",""ask_price"":""112.00""},{""bid_quantity"":200,""ask_quantity"":20,""bid_orders"":3,""ask_orders"":1,""bid_price"":""109.60"",""ask_price"":""112.55""},{""bid_quantity"":20,""ask_quantity"":40,""bid_orders"":1,""ask_orders"":2,""bid_price"":""109.55"",""ask_price"":""112.60""}]"
09:15:01.576,1790826301576564824,1544044130499091,Full Data,8,886671,108.10,80,09:15:01,,,108.00,18940,12920,353360,570580,"[{""bid_quantity"":140,""ask_quantity"":40,""bid_orders"":2,""ask_orders"":2,""bid_price"":""109.70"",""ask_price"":""111.95""},{""bid_quantity"":20,""ask_quantity"":40,""bid_orders"":1,""ask_orders"":2,""bid_price"":""109.65"",""ask_price"":""112.00""},{""bid_quantity"":200,""ask_quantity"":40,""bid_orders"":3,""ask_orders"":2,""bid_price"":""109.60"",""ask_price"":""112.60""},{""bid_quantity"":20,""ask_quantity"":80,""bid_orders"":1,""ask_orders"":2,""bid_price"":""109.55"",""ask_price"":""112.95""},{""bid_quantity"":100,""ask_quantity"":20,""bid_orders"":1,""ask_orders"":1,""bid_price"":""109.40"",""ask_price"":""113.00""}]"
09:15:01.576,1790826301576684345,1544044130617972,Full Data,8,886685,422.15,40,09:15:01,,,414.91,23660,38720,1098420,1793000,"[{""bid_quantity"":20,""ask_quantity"":40,""bid_orders"":1,""ask_orders"":1,""bid_price"":""422.85"",""ask_price"":""429.60""},{""bid_quantity"":80,""ask_quantity"":60,""bid_orders"":2,""ask_orders"":1,""bid_price"":""422.60"",""ask_price"":""429.65""},{""bid_quantity"":60,""ask_quantity"":140,""bid_orders"":2,""ask_orders"":2,""bid_price"":""422.55"",""ask_price"":""429.90""},{""bid_quantity"":100,""ask_quantity"":120,""bid_orders"":1,""ask_orders"":1,""bid_price"":""422.50"",""ask_price"":""429.95""},{""bid_quantity"":20,""ask_quantity"":1060,""bid_orders"":1,""ask_orders"":2,""bid_price"":""422.40"",""ask_price"":""430.00""}]"
09:15:01.577,1790826301577379229,1544044131313056,Full Data,8,887216,234.55,20,09:15:01,,,224.22,24620,23560,733780,716360,"[{""bid_quantity"":220,""ask_quantity"":20,""bid_orders"":2,""ask_orders"":1,""bid_price"":""229.70"",""ask_price"":""235.15""},{""bid_quantity"":60,""ask_quantity"":140,""bid_orders"":2,""ask_orders"":3,""bid_price"":""229.65"",""ask_price"":""235.20""},{""bid_quantity"":200,""ask_quantity"":120,""bid_orders"":1,""ask_orders"":2,""bid_price"":""229.60"",""ask_price"":""236.05""},{""bid_quantity"":40,""ask_quantity"":60,""bid_orders"":1,""ask_orders"":1,""bid_price"":""229.55"",""ask_price"":""236.10""},{""bid_quantity"":400,""ask_quantity"":440,""bid_orders"":2,""ask_orders"":1,""bid_price"":""229.50"",""ask_price"":""236.15""}]"
09:15:01.626,1790826301626677898,1544044180612165,Full Data,8,887216,243.15,20,09:15:01,,,224.61,25600,23120,733680,716360,"[{""bid_quantity"":40,""ask_quantity"":20,""bid_orders"":2,""ask_orders"":1,""bid_price"":""239.00"",""ask_price"":""243.15""},{""bid_quantity"":100,""ask_quantity"":500,""bid_orders"":1,""ask_orders"":1,""bid_price"":""237.00"",""ask_price"":""243.20""},{""bid_quantity"":20,""ask_quantity"":80,""bid_orders"":1,""ask_orders"":1,""bid_price"":""236.30"",""ask_price"":""244.75""},{""bid_quantity"":120,""ask_quantity"":600,""bid_orders"":3,""ask_orders"":1,""bid_price"":""236.25"",""ask_price"":""244.80""},{""bid_quantity"":80,""ask_quantity"":40,""bid_orders"":1,""ask_orders"":1,""bid_price"":""236.20"",""ask_price"":""244.85""}]"
09:15:01.694,1790826301694489283,1544044248423390,Full Data,8,887279,370.70,80,09:15:01,,,347.08,24620,13040,312420,793060,"[{""bid_quantity"":100,""ask_quantity"":80,""bid_orders"":1,""ask_orders"":1,""bid_price"":""370.65"",""ask_price"":""374.95""},{""bid_quantity"":40,""ask_quantity"":20,""bid_orders"":1,""ask_orders"":1,""bid_price"":""370.45"",""ask_price"":""375.00""},{""bid_quantity"":20,""ask_quantity"":80,""bid_orders"":1,""ask_orders"":1,""bid_price"":""370.20"",""ask_price"":""375.85""},{""bid_quantity"":40,""ask_quantity"":1000,""bid_orders"":1,""ask_orders"":2,""bid_price"":""369.65"",""ask_price"":""375.90""},{""bid_quantity"":40,""ask_quantity"":20,""bid_orders"":1,""ask_orders"":1,""bid_price"":""369.20"",""ask_price"":""379.45""}]"
09:15:01.901,1790826301901940863,1544044455875090,Full Data,8,886790,160.00,60,09:15:01,,,144.21,61380,47500,2835820,2100780,"[{""bid_quantity"":80,""ask_quantity"":40,""bid_orders"":2,""ask_orders"":1,""bid_price"":""159.85"",""ask_price"":""162.80""},{""bid_quantity"":100,""ask_quantity"":80,""bid_orders"":3,""ask_orders"":1,""bid_price"":""159.80"",""ask_price"":""162.85""},{""bid_quantity"":80,""ask_quantity"":40,""bid_orders"":2,""ask_orders"":1,""bid_price"":""159.70"",""ask_price"":""162.90""},{""bid_quantity"":80,""ask_quantity"":40,""bid_orders"":2,""ask_orders"":1,""bid_price"":""159.60"",""ask_price"":""163.10""},{""bid_quantity"":80,""ask_quantity"":300,""bid_orders"":2,""ask_orders"":1,""bid_price"":""159.45"",""ask_price"":""163.15""}]"
09:15:01.906,1790826301906133569,1544044460067556,Full Data,8,886790,160.00,60,09:15:01,,,144.21,61380,47260,2835620,2100780,"[{""bid_quantity"":100,""ask_quantity"":300,""bid_orders"":3,""ask_orders"":1,""bid_price"":""159.95"",""ask_price"":""163.15""},{""bid_quantity"":80,""ask_quantity"":80,""bid_orders"":2,""ask_orders"":1,""bid_price"":""159.90"",""ask_price"":""163.75""},{""bid_quantity"":80,""ask_quantity"":300,""bid_orders"":2,""ask_orders"":1,""bid_price"":""159.85"",""ask_price"":""163.80""},{""bid_quantity"":100,""ask_quantity"":40,""bid_orders"":3,""ask_orders"":1,""bid_price"":""159.80"",""ask_price"":""164.20""},{""bid_quantity"":80,""ask_quantity"":40,""bid_orders"":2,""ask_orders"":1,""bid_price"":""159.70"",""ask_price"":""164.40""}]"
09:15:01.938,1790826301938948775,1544044492883202,Full Data,8,887306,144.00,20,09:15:01,,,163.93,15860,21580,785020,240500,"[{""bid_quantity"":120,""ask_quantity"":180,""bid_orders"":1,""ask_orders"":3,""bid_price"":""144.00"",""ask_price"":""147.15""},{""bid_quantity"":20,""ask_quantity"":380,""bid_orders"":1,""ask_orders"":4,""bid_price"":""143.95"",""ask_price"":""147.20""},{""bid_quantity"":40,""ask_quantity"":960,""bid_orders"":1,""ask_orders"":6,""bid_price"":""143.75"",""ask_price"":""147.30""},{""bid_quantity"":100,""ask_quantity"":80,""bid_orders"":1,""ask_orders"":2,""bid_price"":""143.25"",""ask_price"":""147.35""},{""bid_quantity"":100,""ask_quantity"":80,""bid_orders"":1,""ask_orders"":2,""bid_price"":""143.00"",""ask_price"":""147.40""}]"
09:15:01.966,1790826301966855469,1544044520789936,Full Data,8,887306,147.05,20,09:15:01,,,163.82,15960,19880,785060,240500,"[{""bid_quantity"":100,""ask_quantity"":240,""bid_orders"":2,""ask_orders"":3,""bid_price"":""143.80"",""ask_price"":""147.00""},{""bid_quantity"":120,""ask_quantity"":1040,""bid_orders"":2,""ask_orders"":5,""bid_price"":""143.75"",""ask_price"":""147.05""},{""bid_quantity"":100,""ask_quantity"":60,""bid_orders"":1,""ask_orders"":1,""bid_price"":""143.50"",""ask_price"":""147.10""},{""bid_quantity"":100,""ask_quantity"":180,""bid_orders"":1,""ask_orders"":2,""bid_price"":""143.25"",""ask_price"":""147.15""},{""bid_quantity"":80,""ask_quantity"":640,""bid_orders"":1,""ask_orders"":7,""bid_price"":""141.35"",""ask_price"":""147.20""}]"
09:15:01.996,1790826301996041092,1544044549975399,Full Data,8,887080,114.65,800,09:15:01,,,123.26,29620,30800,1182460,530840,"[{""bid_quantity"":80,""ask_quantity"":120,""bid_orders"":1,""ask_orders"":2,""bid_price"":""112.25"",""ask_price"":""114.55""},{""bid_quantity"":40,""ask_quantity"":200,""bid_orders"":1,""ask_orders"":2,""bid_price"":""111.60"",""ask_price"":""114.65""},{""bid_quantity"":140,""ask_quantity"":500,""bid_orders"":1,""ask_orders"":6,""bid_price"":""111.55"",""ask_price"":""114.70""},{""bid_quantity"":100,""ask_quantity"":140,""bid_orders"":1,""ask_orders"":2,""bid_price"":""111.40"",""ask_price"":""114.75""},{""bid_quantity"":100,""ask_quantity"":720,""bid_orders"":1,""ask_orders"":3,""bid_price"":""111.20"",""ask_price"":""114.80""}]"
09:15:02.065,1790826302065831450,1544044619765717,Full Data,8,887080,111.15,20,09:15:02,,,122.90,30560,31100,1185760,530840,"[{""bid_quantity"":20,""ask_quantity"":40,""bid_orders"":1,""ask_orders"":2,""bid_price"":""110.40"",""ask_price"":""111.00""},{""bid_quantity"":160,""ask_quantity"":40,""bid_orders"":1,""ask_orders"":1,""bid_price"":""110.25"",""ask_price"":""111.10""},{""bid_quantity"":20,""ask_quantity"":240,""bid_orders"":1,""ask_orders"":2,""bid_price"":""110.20"",""ask_price"":""111.15""},{""bid_quantity"":160,""ask_quantity"":20,""bid_orders"":3,""ask_orders"":1,""bid_price"":""110.00"",""ask_price"":""111.30""},{""bid_quantity"":100,""ask_quantity"":20,""bid_orders"":1,""ask_orders"":1,""bid_price"":""109.80"",""ask_price"":""111.40""}]"
09:15:02.085,1790826302085830615,1544044639764922,Full Data,8,886961,364.90,20,09:15:01,,,387.01,1200,8140,111360,36440,"[{""bid_quantity"":60,""ask_quantity"":20,""bid_orders"":2,""ask_orders"":1,""bid_price"":""350.35"",""ask_price"":""363.60""},{""bid_quantity"":60,""ask_quantity"":80,""bid_orders"":2,""ask_orders"":4,""bid_price"":""350.30"",""ask_price"":""363.65""},{""bid_quantity"":60,""ask_quantity"":40,""bid_orders"":2,""ask_orders"":2,""bid_price"":""350.20"",""ask_price"":""363.70""},{""bid_quantity"":100,""ask_quantity"":140,""bid_orders"":1,""ask_orders"":6,""bid_price"":""350.10"",""ask_price"":""363.75""},{""bid_quantity"":20,""ask_quantity"":20,""bid_orders"":1,""ask_orders"":1,""bid_price"":""350.05"",""ask_price"":""363.80""}]"
09:15:02.095,1790826302095486675,1544044649420702,Full Data,8,886461,86.55,20,09:15:02,,,96.08,86100,82060,2149120,1682940,"[{""bid_quantity"":20,""ask_quantity"":20,""bid_orders"":1,""ask_orders"":1,""bid_price"":""85.70"",""ask_price"":""86.60""},{""bid_quantity"":20,""ask_quantity"":20,""bid_orders"":1,""ask_orders"":1,""bid_price"":""85.60"",""ask_price"":""86.75""},{""bid_quantity"":40,""ask_quantity"":40,""bid_orders"":1,""ask_orders"":1,""bid_price"":""85.40"",""ask_price"":""86.90""},{""bid_quantity"":880,""ask_quantity"":20,""bid_orders"":6,""ask_orders"":1,""bid_price"":""85.00"",""ask_price"":""86.95""},{""bid_quantity"":40,""ask_quantity"":60,""bid_orders"":1,""ask_orders"":2,""bid_price"":""84.55"",""ask_price"":""87.15""}]"
09:15:02.148,1790826302148146605,1544044702080552,Full Data,8,886961,351.00,20,09:15:02,,,386.42,1220,6000,128380,36440,"[{""bid_quantity"":20,""ask_quantity"":40,""bid_orders"":1,""ask_orders"":1,""bid_price"":""350.05"",""ask_price"":""354.20""},{""bid_quantity"":100,""ask_quantity"":20,""bid_orders"":1,""ask_orders"":1,""bid_price"":""349.20"",""ask_price"":""354.25""},{""bid_quantity"":40,""ask_quantity"":100,""bid_orders"":1,""ask_orders"":2,""bid_price"":""347.50"",""ask_price"":""354.30""},{""bid_quantity"":40,""ask_quantity"":100,""bid_orders"":1,""ask_orders"":1,""bid_price"":""347.45"",""ask_price"":""354.60""},{""bid_quantity"":1100,""ask_quantity"":100,""bid_orders"":2,""ask_orders"":1,""bid_price"":""347.40"",""ask_price"":""354.90""}]"
09:15:02.156,1790826302156706499,1544044710640486,Full Data,8,886620,319.50,80,09:15:02,,,287.92,36520,18060,443520,731020,"[{""bid_quantity"":20,""ask_quantity"":80,""bid_orders"":1,""ask_orders"":1,""bid_price"":""320.50"",""ask_price"":""321.60""},{""bid_quantity"":80,""ask_quantity"":80,""bid_orders"":1,""ask_orders"":2,""bid_price"":""318.80"",""ask_price"":""321.65""},{""bid_quantity"":200,""ask_quantity"":20,""bid_orders"":2,""ask_orders"":1,""bid_price"":""317.25"",""ask_price"":""321.70""},{""bid_quantity"":60,""ask_quantity"":40,""bid_orders"":1,""ask_orders"":1,""bid_price"":""317.20"",""ask_price"":""321.85""},{""bid_quantity"":60,""ask_quantity"":20,""bid_orders"":1,""ask_orders"":1,""bid_price"":""317.15"",""ask_price"":""321.95""}]"
09:15:02.156,1790826302156820700,1544044710754327,Full Data,8,886461,85.95,20,09:15:02,,,95.78,88940,83280,2150640,1682940,"[{""bid_quantity"":20,""ask_quantity"":120,""bid_orders"":1,""ask_orders"":2,""bid_price"":""85.40"",""ask_price"":""85.90""},{""bid_quantity"":20,""ask_quantity"":40,""bid_orders"":1,""ask_orders"":1,""bid_price"":""85.30"",""ask_price"":""85.95""},{""bid_quantity"":160,""ask_quantity"":60,""bid_orders"":1,""ask_orders"":2,""bid_price"":""85.05"",""ask_price"":""86.05""},{""bid_quantity"":880,""ask_quantity"":20,""bid_orders"":6,""ask_orders"":1,""bid_price"":""85.00"",""ask_price"":""86.10""},{""bid_quantity"":200,""ask_quantity"":60,""bid_orders"":2,""ask_orders"":2,""bid_price"":""84.05"",""ask_price"":""86.15""}]"
09:15:02.190,1790826302190090428,1544044744024975,Full Data,8,886620,328.55,20,09:15:02,,,289.12,37760,19800,444340,731020,"[{""bid_quantity"":120,""ask_quantity"":20,""bid_orders"":1,""ask_orders"":1,""bid_price"":""320.60"",""ask_price"":""324.15""},{""bid_quantity"":80,""ask_quantity"":20,""bid_orders"":2,""ask_orders"":1,""bid_price"":""320.55"",""ask_price"":""326.05""},{""bid_quantity"":40,""ask_quantity"":380,""bid_orders"":1,""ask_orders"":4,""bid_price"":""320.50"",""ask_price"":""326.20""},{""bid_quantity"":20,""ask_quantity"":40,""bid_orders"":1,""ask_orders"":1,""bid_price"":""320.45"",""ask_price"":""326.25""},{""bid_quantity"":80,""ask_quantity"":40,""bid_orders"":1,""ask_orders"":2,""bid_price"":""320.10"",""ask_price"":""326.45""}]"
09:15:02.190,1790826302190474071,1544044744407938,Full Data,8,886589,287.80,40,09:15:02,,,323.57,36500,30720,978140,194360,"[{""bid_quantity"":60,""ask_quantity"":80,""bid_orders"":2,""ask_orders"":1,""bid_price"":""287.80"",""ask_price"":""290.55""},{""bid_quantity"":20,""ask_quantity"":60,""bid_orders"":1,""ask_orders"":2,""bid_price"":""287.75"",""ask_price"":""290.60""},{""bid_quantity"":100,""ask_quantity"":120,""bid_orders"":1,""ask_orders"":5,""bid_price"":""287.70"",""ask_price"":""290.65""},{""bid_quantity"":20,""ask_quantity"":100,""bid_orders"":1,""ask_orders"":1,""bid_price"":""287.50"",""ask_price"":""290.70""},{""bid_quantity"":100,""ask_quantity"":120,""bid_orders"":1,""ask_orders"":1,""bid_price"":""287.40"",""ask_price"":""290.80""}]"
09:15:02.240,1790826302240061261,1544044793995208,Full Data,8,886540,211.65,20,09:15:02,,,187.98,35820,18660,479180,632060,"[{""bid_quantity"":20,""ask_quantity"":20,""bid_orders"":1,""ask_orders"":1,""bid_price"":""209.45"",""ask_price"":""211.45""},{""bid_quantity"":40,""ask_quantity"":20,""bid_orders"":1,""ask_orders"":1,""bid_price"":""208.50"",""ask_price"":""211.65""},{""bid_quantity"":20,""ask_quantity"":20,""bid_orders"":1,""ask_orders"":1,""bid_price"":""208.05"",""ask_price"":""211.70""},{""bid_quantity"":40,""ask_quantity"":20,""bid_orders"":1,""ask_orders"":1,""bid_price"":""207.85"",""ask_price"":""212.00""},{""bid_quantity"":40,""ask_quantity"":20,""bid_orders"":1,""ask_orders"":1,""bid_price"":""207.80"",""ask_price"":""212.25""}]"
09:15:02.256,1790826302256118722,1544044810052749,Full Data,8,886589,291.95,480,09:15:02,,,322.86,37320,30380,982360,194360,"[{""bid_quantity"":120,""ask_quantity"":100,""bid_orders"":2,""ask_orders"":5,""bid_price"":""289.80"",""ask_price"":""292.80""},{""bid_quantity"":40,""ask_quantity"":140,""bid_orders"":1,""ask_orders"":1,""bid_price"":""289.75"",""ask_price"":""292.95""},{""bid_quantity"":80,""ask_quantity"":80,""bid_orders"":1,""ask_orders"":1,""bid_price"":""289.60"",""ask_price"":""293.00""},{""bid_quantity"":40,""ask_quantity"":20,""bid_orders"":1,""ask_orders"":1,""bid_price"":""289.55"",""ask_price"":""293.05""},{""bid_quantity"":40,""ask_quantity"":20,""bid_orders"":1,""ask_orders"":1,""bid_price"":""289.35"",""ask_price"":""293.30""}]"
09:15:02.290,1790826302290879260,1544044844813287,Full Data,8,886540,210.60,40,09:15:02,,,189.31,38100,21880,485640,632060,"[{""bid_quantity"":140,""ask_quantity"":20,""bid_orders"":2,""ask_orders"":1,""bid_price"":""207.75"",""ask_price"":""210.60""},{""bid_quantity"":40,""ask_quantity"":80,""bid_orders"":2,""ask_orders"":1,""bid_price"":""207.70"",""ask_price"":""210.85""},{""bid_quantity"":80,""ask_quantity"":100,""bid_orders"":1,""ask_orders"":1,""bid_price"":""207.60"",""ask_price"":""210.90""},{""bid_quantity"":20,""ask_quantity"":20,""bid_orders"":1,""ask_orders"":1,""bid_price"":""207.50"",""ask_price"":""211.15""},{""bid_quantity"":20,""ask_quantity"":100,""bid_orders"":1,""ask_orders"":1,""bid_price"":""207.45"",""ask_price"":""211.20""}]"
09:15:02.358,1790826302358667805,1544044912601792,Full Data,8,887253,230.80,20,09:15:02,,,252.59,15920,16080,466340,55040,"[{""bid_quantity"":40,""ask_quantity"":40,""bid_orders"":1,""ask_orders"":2,""bid_price"":""230.75"",""ask_price"":""233.15""},{""bid_quantity"":220,""ask_quantity"":140,""bid_orders"":4,""ask_orders"":5,""bid_price"":""230.70"",""ask_price"":""233.20""},{""bid_quantity"":40,""ask_quantity"":80,""bid_orders"":1,""ask_orders"":1,""bid_price"":""230.50"",""ask_price"":""233.40""},{""bid_quantity"":40,""ask_quantity"":20,""bid_orders"":2,""ask_orders"":1,""bid_price"":""230.45"",""ask_price"":""233.45""},{""bid_quantity"":300,""ask_quantity"":20,""bid_orders"":2,""ask_orders"":1,""bid_price"":""230.40"",""ask_price"":""233.70""}]"
09:15:02.395,1790826302395913998,1544044949848345,Ticker Data,0,51,72221.89,,09:15:02,,,,,,,,
09:15:02.419,1790826302419364905,1544044973298892,Full Data,8,886659,185.95,20,09:15:02,,,201.03,40360,68720,816940,138720,"[{""bid_quantity"":20,""ask_quantity"":80,""bid_orders"":1,""ask_orders"":3,""bid_price"":""185.15"",""ask_price"":""185.95""},{""bid_quantity"":80,""ask_quantity"":440,""bid_orders"":1,""ask_orders"":2,""bid_price"":""185.00"",""ask_price"":""186.15""},{""bid_quantity"":60,""ask_quantity"":80,""bid_orders"":2,""ask_orders"":1,""bid_price"":""184.95"",""ask_price"":""186.50""},{""bid_quantity"":80,""ask_quantity"":120,""bid_orders"":1,""ask_orders"":1,""bid_price"":""184.80"",""ask_price"":""187.05""},{""bid_quantity"":40,""ask_quantity"":80,""bid_orders"":1,""ask_orders"":1,""bid_price"":""184.75"",""ask_price"":""187.10""}]"
09:15:02.503,1790826302503754474,1544045057688621,Full Data,8,886659,183.30,20,09:15:02,,,200.12,42920,69120,829640,138720,"[{""bid_quantity"":80,""ask_quantity"":360,""bid_orders"":1,""ask_orders"":7,""bid_price"":""183.40"",""ask_price"":""186.00""},{""bid_quantity"":40,""ask_quantity"":240,""bid_orders"":1,""ask_orders"":3,""bid_price"":""183.35"",""ask_price"":""186.05""},{""bid_quantity"":80,""ask_quantity"":20,""bid_orders"":1,""ask_orders"":1,""bid_price"":""183.25"",""ask_price"":""186.10""},{""bid_quantity"":40,""ask_quantity"":100,""bid_orders"":1,""ask_orders"":1,""bid_price"":""183.20"",""ask_price"":""186.30""},{""bid_quantity"":120,""ask_quantity"":100,""bid_orders"":1,""ask_orders"":1,""bid_price"":""183.10"",""ask_price"":""186.60""}]"
09:15:02.504,1790826302504306797,1544045058240784,Full Data,8,886671,128.30,120,09:15:02,,,118.32,51560,19880,616880,570580,"[{""bid_quantity"":240,""ask_quantity"":20,""bid_orders"":4,""ask_orders"":1,""bid_price"":""126.45"",""ask_price"":""128.30""},{""bid_quantity"":100,""ask_quantity"":40,""bid_orders"":1,""ask_orders"":1,""bid_price"":""126.40"",""ask_price"":""128.35""},{""bid_quantity"":40,""ask_quantity"":40,""bid_orders"":1,""ask_orders"":1,""bid_price"":""126.30"",""ask_price"":""128.55""},{""bid_quantity"":100,""ask_quantity"":220,""bid_orders"":1,""ask_orders"":2,""bid_price"":""126.20"",""ask_price"":""128.60""},{""bid_quantity"":40,""ask_quantity"":100,""bid_orders"":1,""ask_orders"":1,""bid_price"":""126.15"",""ask_price"":""128.80""}]"
09:15:02.506,1790826302506979774,1544045060913601,Full Data,8,886671,128.30,120,09:15:02,,,118.32,51560,19960,616900,570580,"[{""bid_quantity"":240,""ask_quantity"":140,""bid_orders"":4,""ask_orders"":1,""bid_price"":""126.45"",""ask_price"":""128.30""},{""bid_quantity"":100,""ask_quantity"":40,""bid_orders"":1,""ask_orders"":1,""bid_price"":""126.40"",""ask_price"":""128.55""},{""bid_quantity"":20,""ask_quantity"":120,""bid_orders"":1,""ask_orders"":1,""bid_price"":""126.25"",""ask_price"":""128.60""},{""bid_quantity"":100,""ask_quantity"":900,""bid_orders"":1,""ask_orders"":2,""bid_price"":""126.20"",""ask_price"":""129.00""},{""bid_quantity"":40,""ask_quantity"":100,""bid_orders"":1,""ask_orders"":1,""bid_price"":""126.15"",""ask_price"":""129.40""}]"
09:15:02.507,1790826302507103655,1544045061037362,Full Data,8,886685,457.85,20,09:15:02,,,437.10,52700,41060,1819540,1793000,"[{""bid_quantity"":40,""ask_quantity"":80,""bid_orders"":1,""ask_orders"":1,""bid_price"":""457.70"",""ask_price"":""460.95""},{""bid_quantity"":520,""ask_quantity"":80,""bid_orders"":7,""ask_orders"":1,""bid_price"":""457.65"",""ask_price"":""461.20""},{""bid_quantity"":40,""ask_quantity"":40,""bid_orders"":1,""ask_orders"":1,""bid_price"":""456.45"",""ask_price"":""463.45""},{""bid_quantity"":40,""ask_quantity"":40,""bid_orders"":1,""ask_orders"":1,""bid_price"":""456.30"",""ask_price"":""463.50""},{""bid_quantity"":60,""ask_quantity"":60,""bid_orders"":1,""ask_orders"":1,""bid_price"":""455.90"",""ask_price"":""464.45""}]"
09:15:02.695,1790826302695928918,1544045249863265,Full Data,8,887216,267.50,600,09:15:02,,,245.27,64400,25820,1136060,716360,"[{""bid_quantity"":100,""ask_quantity"":20,""bid_orders"":2,""ask_orders"":1,""bid_price"":""262.25"",""ask_price"":""267.60""},{""bid_quantity"":120,""ask_quantity"":40,""bid_orders"":1,""ask_orders"":1,""bid_price"":""262.20"",""ask_price"":""268.45""},{""bid_quantity"":40,""ask_quantity"":1220,""bid_orders"":1,""ask_orders"":3,""bid_price"":""262.10"",""ask_price"":""268.80""},{""bid_quantity"":240,""ask_quantity"":140,""bid_orders"":2,""ask_orders"":1,""bid_price"":""261.05"",""ask_price"":""269.55""},{""bid_quantity"":240,""ask_quantity"":20,""bid_orders"":1,""ask_orders"":1,""bid_price"":""261.00"",""ask_price"":""270.10""}]"
09:15:02.889,1790826302889705772,1544045443640079,Full Data,8,886790,172.30,40,09:15:02,,,156.19,127200,69040,3175000,2100780,"[{""bid_quantity"":160,""ask_quantity"":100,""bid_orders"":1,""ask_orders"":3,""bid_price"":""167.50"",""ask_price"":""172.00""},{""bid_quantity"":40,""ask_quantity"":40,""bid_orders"":1,""ask_orders"":2,""bid_price"":""167.45"",""ask_price"":""172.30""},{""bid_quantity"":320,""ask_quantity"":120,""bid_orders"":2,""ask_orders"":2,""bid_price"":""166.80"",""ask_price"":""172.40""},{""bid_quantity"":20,""ask_quantity"":60,""bid_orders"":1,""ask_orders"":1,""bid_price"":""166.75"",""ask_price"":""172.45""},{""bid_quantity"":120,""ask_quantity"":120,""bid_orders"":1,""ask_orders"":2,""bid_price"":""166.60"",""ask_price"":""172.60""}]"
09:15:02.894,1790826302894754724,1544045448688671,Full Data,8,886790,172.80,40,09:15:02,,,156.43,129020,65260,3175200,2100780,"[{""bid_quantity"":160,""ask_quantity"":20,""bid_orders"":1,""ask_orders"":1,""bid_price"":""167.70"",""ask_price"":""171.80""},{""bid_quantity"":280,""ask_quantity"":60,""bid_orders"":4,""ask_orders"":1,""bid_price"":""167.60"",""ask_price"":""171.90""},{""bid_quantity"":40,""ask_quantity"":140,""bid_orders"":1,""ask_orders"":3,""bid_price"":""167.45"",""ask_price"":""171.95""},{""bid_quantity"":120,""ask_quantity"":60,""bid_orders"":2,""ask_orders"":1,""bid_price"":""166.85"",""ask_price"":""172.00""},{""bid_quantity"":120,""ask_quantity"":140,""bid_orders"":1,""ask_orders"":3,""bid_price"":""166.60"",""ask_price"":""172.20""}]"
09:15:02.980,1790826302980353060,1544045534287167,Full Data,8,887306,137.80,120,09:15:02,,,153.58,29080,23140,1641260,240500,"[{""bid_quantity"":160,""ask_quantity"":60,""bid_orders"":2,""ask_orders"":2,""bid_price"":""137.45"",""ask_price"":""137.80""},{""bid_quantity"":300,""ask_quantity"":200,""bid_orders"":1,""ask_orders"":4,""bid_price"":""137.40"",""ask_price"":""138.10""},{""bid_quantity"":140,""ask_quantity"":40,""bid_orders"":2,""ask_orders"":1,""bid_price"":""137.05"",""ask_price"":""138.80""},{""bid_quantity"":80,""ask_quantity"":80,""bid_orders"":1,""ask_orders"":1,""bid_price"":""136.95"",""ask_price"":""139.10""},{""bid_quantity"":60,""ask_quantity"":40,""bid_orders"":1,""ask_orders"":1,""bid_price"":""136.90"",""ask_price"":""139.15""}]"
09:15:03.018,1790826303019003503,1544045572938050,Full Data,8,887306,140.35,60,09:15:03,,,153.38,29480,20820,1641400,240500,"[{""bid_quantity"":80,""ask_quantity"":360,""bid_orders"":1,""ask_orders"":14,""bid_price"":""140.40"",""ask_price"":""142.25""},{""bid_quantity"":180,""ask_quantity"":120,""bid_orders"":2,""ask_orders"":2,""bid_price"":""140.25"",""ask_price"":""142.80""},{""bid_quantity"":20,""ask_quantity"":140,""bid_orders"":1,""ask_orders"":2,""bid_price"":""140.05"",""ask_price"":""143.00""},{""bid_quantity"":100,""ask_quantity"":140,""bid_orders"":1,""ask_orders"":2,""bid_price"":""139.75"",""ask_price"":""143.25""},{""bid_quantity"":60,""ask_quantity"":100,""bid_orders"":1,""ask_orders"":1,""bid_price"":""139.65"",""ask_price"":""143.50""}]"
09:15:03.068,1790826303068572973,1544045622507080,Full Data,8,887080,114.85,20,09:15:03,,,116.82,59600,29480,1826360,530840,"[{""bid_quantity"":20,""ask_quantity"":20,""bid_orders"":1,""ask_orders"":1,""bid_price"":""114.55"",""ask_price"":""114.95""},{""bid_quantity"":120,""ask_quantity"":20,""bid_orders"":1,""ask_orders"":1,""bid_price"":""114.50"",""ask_price"":""115.05""},{""bid_quantity"":40,""ask_quantity"":20,""bid_orders"":1,""ask_orders"":1,""bid_price"":""114.45"",""ask_price"":""115.15""},{""bid_quantity"":40,""ask_quantity"":20,""bid_orders"":1,""ask_orders"":1,""bid_price"":""114.30"",""ask_price"":""115.35""},{""bid_quantity"":20,""ask_quantity"":40,""bid_orders"":1,""ask_orders"":1,""bid_price"":""114.20"",""ask_price"":""116.00""}]"
09:15:03.136,1790826303136810041,1544045690744028,Full Data,8,887080,113.85,20,09:15:03,,,116.76,61720,30040,1830380,530840,"[{""bid_quantity"":60,""ask_quantity"":100,""bid_orders"":2,""ask_orders"":3,""bid_price"":""113.85"",""ask_price"":""115.00""},{""bid_quantity"":20,""ask_quantity"":100,""bid_orders"":1,""ask_orders"":3,""bid_price"":""113.75"",""ask_price"":""115.15""},{""bid_quantity"":40,""ask_quantity"":120,""bid_orders"":1,""ask_orders"":4,""bid_price"":""113.35"",""ask_price"":""115.20""},{""bid_quantity"":180,""ask_quantity"":140,""bid_orders"":2,""ask_orders"":3,""bid_price"":""112.75"",""ask_price"":""115.25""},{""bid_quantity"":40,""ask_quantity"":80,""bid_orders"":1,""ask_orders"":2,""bid_price"":""112.70"",""ask_price"":""115.35""}]"
09:15:03.161,1790826303161231994,1544045715165981,Full Data,8,886461,88.50,20,09:15:03,,,92.01,142480,85140,2683280,1682940,"[{""bid_quantity"":60,""ask_quantity"":20,""bid_orders"":1,""ask_orders"":1,""bid_price"":""88.50"",""ask_price"":""89.05""},{""bid_quantity"":20,""ask_quantity"":100,""bid_orders"":1,""ask_orders"":2,""bid_price"":""88.30"",""ask_price"":""89.15""},{""bid_quantity"":20,""ask_quantity"":100,""bid_orders"":1,""ask_orders"":2,""bid_price"":""88.20"",""ask_price"":""89.25""},{""bid_quantity"":40,""ask_quantity"":280,""bid_orders"":1,""ask_orders"":2,""bid_price"":""88.05"",""ask_price"":""89.30""},{""bid_quantity"":60,""ask_quantity"":100,""bid_orders"":2,""ask_orders"":2,""bid_price"":""87.15"",""ask_price"":""89.40""}]"
09:15:03.172,1790826303172769386,1544045726703293,Full Data,8,886620,313.90,20,09:15:03,,,302.50,64820,19020,835500,731020,"[{""bid_quantity"":40,""ask_quantity"":340,""bid_orders"":1,""ask_orders"":3,""bid_price"":""310.15"",""ask_price"":""313.90""},{""bid_quantity"":20,""ask_quantity"":20,""bid_orders"":1,""ask_orders"":1,""bid_price"":""310.10"",""ask_price"":""313.95""},{""bid_quantity"":140,""ask_quantity"":40,""bid_orders"":2,""ask_orders"":1,""bid_price"":""309.90"",""ask_price"":""314.00""},{""bid_quantity"":60,""ask_quantity"":40,""bid_orders"":2,""ask_orders"":1,""bid_price"":""309.80"",""ask_price"":""314.10""},{""bid_quantity"":80,""ask_quantity"":160,""bid_orders"":2,""ask_orders"":2,""bid_price"":""309.65"",""ask_price"":""314.15""}]"
09:15:03.201,1790826303201592607,1544045755526554,Full Data,8,886620,312.75,20,09:15:03,,,302.55,65220,19440,847740,731020,"[{""bid_quantity"":140,""ask_quantity"":40,""bid_orders"":2,""ask_orders"":2,""bid_price"":""309.90"",""ask_price"":""312.60""},{""bid_quantity"":140,""ask_quantity"":40,""bid_orders"":2,""ask_orders"":1,""bid_price"":""309.60"",""ask_price"":""312.75""},{""bid_quantity"":40,""ask_quantity"":80,""bid_orders"":1,""ask_orders"":1,""bid_price"":""309.55"",""ask_price"":""312.95""},{""bid_quantity"":160,""ask_quantity"":20,""bid_orders"":2,""ask_orders"":1,""bid_price"":""309.35"",""ask_price"":""313.00""},{""bid_quantity"":20,""ask_quantity"":20,""bid_orders"":1,""ask_orders"":1,""bid_price"":""309.30"",""ask_price"":""313.35""}]"
09:15:03.203,1790826303203919621,1544045757853528,Full Data,8,886961,355.35,20,09:15:03,,,364.04,2820,5340,213980,36440,"[{""bid_quantity"":60,""ask_quantity"":20,""bid_orders"":2,""ask_orders"":1,""bid_price"":""354.20"",""ask_price"":""354.95""},{""bid_quantity"":40,""ask_quantity"":80,""bid_orders"":2,""ask_orders"":3,""bid_price"":""354.15"",""ask_price"":""355.10""},{""bid_quantity"":120,""ask_quantity"":20,""bid_orders"":2,""ask_orders"":1,""bid_price"":""354.00"",""ask_price"":""355.20""},{""bid_quantity"":40,""ask_quantity"":20,""bid_orders"":2,""ask_orders"":1,""bid_price"":""353.95"",""ask_price"":""355.25""},{""bid_quantity"":40,""ask_quantity"":20,""bid_orders"":2,""ask_orders"":1,""bid_price"":""353.85"",""ask_price"":""358.90""}]"
09:15:03.232,1790826303232542321,1544045786476588,Full Data,8,886461,88.75,120,09:15:03,,,91.98,143740,84000,2682520,1682940,"[{""bid_quantity"":20,""ask_quantity"":40,""bid_orders"":1,""ask_orders"":1,""bid_price"":""87.65"",""ask_price"":""88.75""},{""bid_quantity"":80,""ask_quantity"":80,""bid_orders"":2,""ask_orders"":2,""bid_price"":""87.50"",""ask_price"":""88.80""},{""bid_quantity"":100,""ask_quantity"":160,""bid_orders"":3,""ask_orders"":1,""bid_price"":""87.45"",""ask_price"":""88.85""},{""bid_quantity"":60,""ask_quantity"":80,""bid_orders"":2,""ask_orders"":2,""bid_price"":""87.15"",""ask_price"":""88.90""},{""bid_quantity"":20,""ask_quantity"":140,""bid_orders"":1,""ask_orders"":3,""bid_price"":""87.05"",""ask_price"":""89.00""}]"
09:15:03.241,1790826303241579217,1544045795513124,Ticker Data,0,51,72247.39,,09:15:03,,,,,,,,
09:15:03.266,1790826303266978777,1544045820912844,Full Data,8,886540,212.25,40,09:15:03,,,198.88,73840,27680,820180,632060,"[{""bid_quantity"":180,""ask_quantity"":280,""bid_orders"":4,""ask_orders"":8,""bid_price"":""204.45"",""ask_price"":""212.25""},{""bid_quantity"":40,""ask_quantity"":40,""bid_orders"":2,""ask_orders"":1,""bid_price"":""204.40"",""ask_price"":""212.35""},{""bid_quantity"":140,""ask_quantity"":100,""bid_orders"":3,""ask_orders"":1,""bid_price"":""204.25"",""ask_price"":""212.40""},{""bid_quantity"":340,""ask_quantity"":180,""bid_orders"":4,""ask_orders"":3,""bid_price"":""204.20"",""ask_price"":""212.50""},{""bid_quantity"":120,""ask_quantity"":120,""bid_orders"":4,""ask_orders"":1,""bid_price"":""204.15"",""ask_price"":""212.65""}]"
09:15:03.303,1790826303303374765,1544045857308992,Full Data,8,886589,291.25,60,09:15:03,,,313.34,50860,42200,1659100,194360,"[{""bid_quantity"":160,""ask_quantity"":180,""bid_orders"":4,""ask_orders"":3,""bid_price"":""288.10"",""ask_price"":""291.85""},{""bid_quantity"":80,""ask_quantity"":100,""bid_orders"":1,""ask_orders"":2,""bid_price"":""287.95"",""ask_price"":""292.00""},{""bid_quantity"":440,""ask_quantity"":100,""bid_orders"":2,""ask_orders"":2,""bid_price"":""287.90"",""ask_price"":""292.05""},{""bid_quantity"":20,""ask_quantity"":100,""bid_orders"":1,""ask_orders"":2,""bid_price"":""287.85"",""ask_price"":""292.10""},{""bid_quantity"":120,""ask_quantity"":80,""bid_orders"":1,""ask_orders"":2,""bid_price"":""287.75"",""ask_price"":""292.15""}]"
09:15:03.505,1790826303505226790,1544046059161337,Full Data,8,886671,126.35,40,09:15:03,,,122.01,77580,17100,747100,570580,"[{""bid_quantity"":20,""ask_quantity"":160,""bid_orders"":1,""ask_orders"":2,""bid_price"":""126.35"",""ask_price"":""130.35""},{""bid_quantity"":300,""ask_quantity"":300,""bid_orders"":1,""ask_orders"":4,""bid_price"":""126.25"",""ask_price"":""130.40""},{""bid_quantity"":140,""ask_quantity"":100,""bid_orders"":1,""ask_orders"":2,""bid_price"":""126.20"",""ask_price"":""130.45""},{""bid_quantity"":20,""ask_quantity"":160,""bid_orders"":1,""ask_orders"":3,""bid_price"":""125.25"",""ask_price"":""130.50""},{""bid_quantity"":60,""ask_quantity"":20,""bid_orders"":1,""ask_orders"":1,""bid_price"":""125.20"",""ask_price"":""130.55""}]"
09:15:03.522,1790826303522988181,1544046076922088,Full Data,8,886671,126.35,40,09:15:03,,,122.01,77580,16740,748220,570580,"[{""bid_quantity"":20,""ask_quantity"":60,""bid_orders"":1,""ask_orders"":2,""bid_price"":""126.45"",""ask_price"":""130.00""},{""bid_quantity"":320,""ask_quantity"":60,""bid_orders"":1,""ask_orders"":2,""bid_price"":""126.40"",""ask_price"":""130.05""},{""bid_quantity"":20,""ask_quantity"":80,""bid_orders"":1,""ask_orders"":1,""bid_price"":""126.35"",""ask_price"":""130.10""},{""bid_quantity"":300,""ask_quantity"":140,""bid_orders"":1,""ask_orders"":2,""bid_price"":""126.25"",""ask_price"":""130.15""},{""bid_quantity"":140,""ask_quantity"":20,""bid_orders"":1,""ask_orders"":1,""bid_price"":""126.20"",""ask_price"":""130.25""}]"
09:15:03.523,1790826303523870226,1544046077804093,Full Data,8,886685,451.55,320,09:15:03,,,445.79,85020,37200,1983300,1793000,"[{""bid_quantity"":20,""ask_quantity"":20,""bid_orders"":1,""ask_orders"":1,""bid_price"":""452.00"",""ask_price"":""457.75""},{""bid_quantity"":140,""ask_quantity"":40,""bid_orders"":3,""ask_orders"":2,""bid_price"":""451.95"",""ask_price"":""457.80""},{""bid_quantity"":600,""ask_quantity"":80,""bid_orders"":1,""ask_orders"":4,""bid_price"":""451.90"",""ask_price"":""457.85""},{""bid_quantity"":40,""ask_quantity"":60,""bid_orders"":1,""ask_orders"":3,""bid_price"":""451.85"",""ask_price"":""457.90""},{""bid_quantity"":180,""ask_quantity"":20,""bid_orders"":2,""ask_orders"":1,""bid_price"":""451.55"",""ask_price"":""457.95""}]"
09:15:03.534,1790826303534550613,1544046088484560,Full Data,8,887253,243.05,20,09:15:03,,,243.66,29840,15120,855720,55040,"[{""bid_quantity"":120,""ask_quantity"":60,""bid_orders"":1,""ask_orders"":3,""bid_price"":""239.50"",""ask_price"":""243.10""},{""bid_quantity"":200,""ask_quantity"":100,""bid_orders"":1,""ask_orders"":1,""bid_price"":""239.35"",""ask_price"":""243.30""},{""bid_quantity"":160,""ask_quantity"":300,""bid_orders"":1,""ask_orders"":1,""bid_price"":""239.30"",""ask_price"":""243.35""},{""bid_quantity"":40,""ask_quantity"":100,""bid_orders"":1,""ask_orders"":1,""bid_price"":""239.25"",""ask_price"":""243.60""},{""bid_quantity"":40,""ask_quantity"":100,""bid_orders"":1,""ask_orders"":1,""bid_price"":""239.20"",""ask_price"":""243.90""}]"
09:15:03.694,1790826303694357975,1544046248292242,Full Data,8,887216,267.70,80,09:15:03,,,253.47,118620,36460,1512800,716360,"[{""bid_quantity"":20,""ask_quantity"":260,""bid_orders"":1,""ask_orders"":2,""bid_price"":""261.90"",""ask_price"":""266.60""},{""bid_quantity"":320,""ask_quantity"":140,""bid_orders"":1,""ask_orders"":3,""bid_price"":""261.25"",""ask_price"":""266.65""},{""bid_quantity"":120,""ask_quantity"":340,""bid_orders"":1,""ask_orders"":2,""bid_price"":""261.20"",""ask_price"":""266.85""},{""bid_quantity"":180,""ask_quantity"":100,""bid_orders"":3,""ask_orders"":1,""bid_price"":""261.00"",""ask_price"":""266.90""},{""bid_quantity"":140,""ask_quantity"":100,""bid_orders"":1,""ask_orders"":2,""bid_price"":""260.80"",""ask_price"":""267.00""}]"
09:15:03.728,1790826303728371868,1544046282305975,Full Data,8,887279,384.10,40,09:15:03,,,373.55,74100,18820,1122680,793060,"[{""bid_quantity"":80,""ask_quantity"":240,""bid_orders"":2,""ask_orders"":2,""bid_price"":""384.55"",""ask_price"":""390.50""},{""bid_quantity"":60,""ask_quantity"":20,""bid_orders"":2,""ask_orders"":1,""bid_price"":""384.50"",""ask_price"":""390.55""},{""bid_quantity"":80,""ask_quantity"":160,""bid_orders"":2,""ask_orders"":1,""bid_price"":""384.25"",""ask_price"":""390.75""},{""bid_quantity"":80,""ask_quantity"":20,""bid_orders"":2,""ask_orders"":1,""bid_price"":""384.00"",""ask_price"":""390.80""},{""bid_quantity"":80,""ask_quantity"":240,""bid_orders"":2,""ask_orders"":2,""bid_price"":""383.80"",""ask_price"":""390.90""}]"
09:15:03.765,1790826303765918183,1544046319852090,Full Data,8,887216,266.70,20,09:15:03,,,253.89,122760,33520,1512360,716360,"[{""bid_quantity"":480,""ask_quantity"":260,""bid_orders"":2,""ask_orders"":5,""bid_price"":""261.70"",""ask_price"":""266.70""},{""bid_quantity"":200,""ask_quantity"":100,""bid_orders"":1,""ask_orders"":3,""bid_price"":""261.65"",""ask_price"":""266.80""},{""bid_quantity"":320,""ask_quantity"":40,""bid_orders"":1,""ask_orders"":2,""bid_price"":""261.60"",""ask_price"":""266.85""},{""bid_quantity"":120,""ask_quantity"":120,""bid_orders"":1,""ask_orders"":2,""bid_price"":""261.35"",""ask_price"":""267.00""},{""bid_quantity"":100,""ask_quantity"":120,""bid_orders"":1,""ask_orders"":2,""bid_price"":""261.30"",""ask_price"":""267.30""}]"
09:15:03.898,1790826303898323173,1544046452257720,Full Data,8,886790,164.70,20,09:15:03,,,160.91,242820,67680,3423880,2100780,"[{""bid_quantity"":60,""ask_quantity"":40,""bid_orders"":2,""ask_orders"":1,""bid_price"":""161.45"",""ask_price"":""164.70""},{""bid_quantity"":480,""ask_quantity"":80,""bid_orders"":2,""ask_orders"":1,""bid_price"":""161.20"",""ask_price"":""164.75""},{""bid_quantity"":100,""ask_quantity"":80,""bid_orders"":1,""ask_orders"":1,""bid_price"":""160.60"",""ask_price"":""164.85""},{""bid_quantity"":440,""ask_quantity"":80,""bid_orders"":2,""ask_orders"":1,""bid_price"":""160.55"",""ask_price"":""164.90""},{""bid_quantity"":120,""ask_quantity"":400,""bid_orders"":1,""ask_orders"":1,""bid_price"":""160.10"",""ask_price"":""164.95""}]"
09:15:03.901,1790826303901234311,1544046455168458,Full Data,8,886790,164.70,20,09:15:03,,,160.91,242820,67820,3423300,2100780,"[{""bid_quantity"":480,""ask_quantity"":160,""bid_orders"":2,""ask_orders"":1,""bid_price"":""161.20"",""ask_price"":""164.25""},{""bid_quantity"":100,""ask_quantity"":120,""bid_orders"":1,""ask_orders"":1,""bid_price"":""160.60"",""ask_price"":""164.30""},{""bid_quantity"":440,""ask_quantity"":180,""bid_orders"":2,""ask_orders"":2,""bid_price"":""160.55"",""ask_price"":""164.35""},{""bid_quantity"":180,""ask_quantity"":160,""bid_orders"":3,""ask_orders"":2,""bid_price"":""160.15"",""ask_price"":""164.50""},{""bid_quantity"":280,""ask_quantity"":80,""bid_orders"":3,""ask_orders"":1,""bid_price"":""160.00"",""ask_price"":""164.75""}]"
09:15:04.029,1790826304029488915,1544046583423262,Full Data,8,887306,150.50,40,09:15:04,,,150.59,49420,23680,2233420,240500,"[{""bid_quantity"":160,""ask_quantity"":80,""bid_orders"":2,""ask_orders"":1,""bid_price"":""150.55"",""ask_price"":""152.25""},{""bid_quantity"":160,""ask_quantity"":80,""bid_orders"":4,""ask_orders"":1,""bid_price"":""150.50"",""ask_price"":""152.30""},{""bid_quantity"":200,""ask_quantity"":80,""bid_orders"":3,""ask_orders"":1,""bid_price"":""150.25"",""ask_price"":""152.35""},{""bid_quantity"":360,""ask_quantity"":60,""bid_orders"":2,""ask_orders"":2,""bid_price"":""150.15"",""ask_price"":""152.55""},{""bid_quantity"":140,""ask_quantity"":20,""bid_orders"":2,""ask_orders"":1,""bid_price"":""150.05"",""ask_price"":""153.10""}]"
09:15:04.086,1790826304086025989,1544046639960976,Full Data,8,887306,150.40,40,09:15:04,,,150.60,50020,22160,2338500,240500,"[{""bid_quantity"":160,""ask_quantity"":20,""bid_orders"":2,""ask_orders"":1,""bid_price"":""150.40"",""ask_price"":""152.75""},{""bid_quantity"":160,""ask_quantity"":20,""bid_orders"":3,""ask_orders"":1,""bid_price"":""150.35"",""ask_price"":""152.80""},{""bid_quantity"":120,""ask_quantity"":40,""bid_orders"":3,""ask_orders"":1,""bid_price"":""150.25"",""ask_price"":""152.85""},{""bid_quantity"":260,""ask_quantity"":20,""bid_orders"":2,""ask_orders"":1,""bid_price"":""150.15"",""ask_price"":""153.10""},{""bid_quantity"":140,""ask_quantity"":40,""bid_orders"":2,""ask_orders"":2,""bid_price"":""150.05"",""ask_price"":""153.20""}]"
09:15:04.142,1790826304142727665,1544046696661652,Full Data,8,887080,118.00,20,09:15:04,,,116.50,90120,31560,2046060,530840,"[{""bid_quantity"":120,""ask_quantity"":120,""bid_orders"":2,""ask_orders"":2,""bid_price"":""117.80"",""ask_price"":""118.60""},{""bid_quantity"":140,""ask_quantity"":120,""bid_orders"":2,""ask_orders"":2,""bid_price"":""117.60"",""ask_price"":""118.70""},{""bid_quantity"":40,""ask_quantity"":120,""bid_orders"":2,""ask_orders"":2,""bid_price"":""116.65"",""ask_price"":""118.85""},{""bid_quantity"":320,""ask_quantity"":80,""bid_orders"":2,""ask_orders"":2,""bid_price"":""116.60"",""ask_price"":""118.95""},{""bid_quantity"":260,""ask_quantity"":40,""bid_orders"":3,""ask_orders"":1,""bid_price"":""116.15"",""ask_price"":""119.00""}]"
09:15:04.230,1790826304230632415,1544046784566482,Full Data,8,886620,314.15,20,09:15:04,,,307.28,98980,20680,1376900,731020,"[{""bid_quantity"":140,""ask_quantity"":40,""bid_orders"":1,""ask_orders"":1,""bid_price"":""314.15"",""ask_price"":""316.25""},{""bid_quantity"":140,""ask_quantity"":20,""bid_orders"":3,""ask_orders"":1,""bid_price"":""314.10"",""ask_price"":""316.35""},{""bid_quantity"":80,""ask_quantity"":40,""bid_orders"":1,""ask_orders"":1,""bid_price"":""314.00"",""ask_price"":""316.55""},{""bid_quantity"":60,""ask_quantity"":100,""bid_orders"":1,""ask_orders"":2,""bid_price"":""313.85"",""ask_price"":""316.65""},{""bid_quantity"":40,""ask_quantity"":40,""bid_orders"":1,""ask_orders"":1,""bid_price"":""313.55"",""ask_price"":""316.75""}]"
09:15:04.237,1790826304237176457,1544046791110484,Full Data,8,887080,117.75,20,09:15:04,,,116.53,91520,29460,2126820,530840,"[{""bid_quantity"":20,""ask_quantity"":140,""bid_orders"":1,""ask_orders"":3,""bid_price"":""117.70"",""ask_price"":""118.30""},{""bid_quantity"":140,""ask_quantity"":60,""bid_orders"":1,""ask_orders"":2,""bid_price"":""117.65"",""ask_price"":""118.35""},{""bid_quantity"":100,""ask_quantity"":140,""bid_orders"":2,""ask_orders"":3,""bid_price"":""117.60"",""ask_price"":""118.45""},{""bid_quantity"":20,""ask_quantity"":20,""bid_orders"":1,""ask_orders"":1,""bid_price"":""117.50"",""ask_price"":""118.50""},{""bid_quantity"":100,""ask_quantity"":60,""bid_orders"":2,""ask_orders"":2,""bid_price"":""117.40"",""ask_price"":""118.55""}]"
09:15:04.237,1790826304237937421,1544046791871288,Full Data,8,886461,92.80,20,09:15:04,,,91.93,172540,83740,3102820,1682940,"[{""bid_quantity"":20,""ask_quantity"":160,""bid_orders"":1,""ask_orders"":1,""bid_price"":""92.70"",""ask_price"":""93.20""},{""bid_quantity"":20,""ask_quantity"":20,""bid_orders"":1,""ask_orders"":1,""bid_price"":""92.60"",""ask_price"":""93.25""},{""bid_quantity"":80,""ask_quantity"":200,""bid_orders"":1,""ask_orders"":2,""bid_price"":""92.55"",""ask_price"":""93.30""},{""bid_quantity"":20,""ask_quantity"":80,""bid_orders"":1,""ask_orders"":3,""bid_price"":""92.50"",""ask_price"":""93.35""},{""bid_quantity"":80,""ask_quantity"":60,""bid_orders"":1,""ask_orders"":2,""bid_price"":""92.45"",""ask_price"":""93.45""}]"
09:15:04.251,1790826304251286825,1544046805220772,Ticker Data,0,51,72253.08,,09:15:04,,,,,,,,
09:15:04.270,1790826304270784547,1544046824718454,Full Data,8,886961,362.60,20,09:15:04,,,361.62,4000,9260,285360,36440,"[{""bid_quantity"":20,""ask_quantity"":40,""bid_orders"":1,""ask_orders"":1,""bid_price"":""360.00"",""ask_price"":""363.60""},{""bid_quantity"":40,""ask_quantity"":160,""bid_orders"":2,""ask_orders"":3,""bid_price"":""355.10"",""ask_price"":""363.65""},{""bid_quantity"":40,""ask_quantity"":40,""bid_orders"":2,""ask_orders"":1,""bid_price"":""355.05"",""ask_price"":""363.70""},{""bid_quantity"":220,""ask_quantity"":100,""bid_orders"":2,""ask_orders"":1,""bid_price"":""355.00"",""ask_price"":""363.80""},{""bid_quantity"":20,""ask_quantity"":80,""bid_orders"":1,""ask_orders"":1,""bid_price"":""352.05"",""ask_price"":""363.85""}]"
09:15:04.273,1790826304273282323,1544046827216150,Full Data,8,886461,93.00,20,09:15:04,,,91.95,173800,83420,3122420,1682940,"[{""bid_quantity"":40,""ask_quantity"":160,""bid_orders"":2,""ask_orders"":1,""bid_price"":""92.40"",""ask_price"":""92.95""},{""bid_quantity"":20,""ask_quantity"":20,""bid_orders"":1,""ask_orders"":1,""bid_price"":""92.30"",""ask_price"":""93.00""},{""bid_quantity"":40,""ask_quantity"":140,""bid_orders"":2,""ask_orders"":1,""bid_price"":""92.00"",""ask_price"":""93.05""},{""bid_quantity"":60,""ask_quantity"":180,""bid_orders"":1,""ask_orders"":2,""bid_price"":""91.55"",""ask_price"":""93.10""},{""bid_quantity"":200,""ask_quantity"":20,""bid_orders"":1,""ask_orders"":1,""bid_price"":""91.50"",""ask_price"":""93.20""}]"
09:15:04.337,1790826304337681526,1544046891615633,Full Data,8,886540,211.15,20,09:15:04,,,201.87,112400,27120,1266060,632060,"[{""bid_quantity"":20,""ask_quantity"":40,""bid_orders"":1,""ask_orders"":2,""bid_price"":""210.40"",""ask_price"":""211.15""},{""bid_quantity"":140,""ask_quantity"":160,""bid_orders"":1,""ask_orders"":1,""bid_price"":""209.15"",""ask_price"":""212.15""},{""bid_quantity"":80,""ask_quantity"":20,""bid_orders"":1,""ask_orders"":1,""bid_price"":""209.10"",""ask_price"":""212.20""},{""bid_quantity"":80,""ask_quantity"":100,""bid_orders"":1,""ask_orders"":2,""bid_price"":""206.95"",""ask_price"":""212.75""},{""bid_quantity"":20,""ask_quantity"":40,""bid_orders"":1,""ask_orders"":1,""bid_price"":""206.90"",""ask_price"":""212.80""}]"
09:15:04.373,1790826304373789193,1544046927723220,Full Data,8,886540,213.50,20,09:15:04,,,202.17,116320,27740,1269100,632060,"[{""bid_quantity"":180,""ask_quantity"":160,""bid_orders"":1,""ask_orders"":2,""bid_price"":""210.10"",""ask_price"":""213.50""},{""bid_quantity"":560,""ask_quantity"":220,""bid_orders"":4,""ask_orders"":4,""bid_price"":""210.05"",""ask_price"":""213.55""},{""bid_quantity"":180,""ask_quantity"":100,""bid_orders"":2,""ask_orders"":1,""bid_price"":""210.00"",""ask_price"":""214.00""},{""bid_quantity"":40,""ask_quantity"":20,""bid_orders"":1,""ask_orders"":1,""bid_price"":""209.95"",""ask_price"":""214.35""},{""bid_quantity"":140,""ask_quantity"":60,""bid_orders"":1,""ask_orders"":1,""bid_price"":""209.90"",""ask_price"":""214.80""}]"
09:15:04.375,1790826304375140401,1544046929074188,Full Data,8,886589,299.00,20,09:15:04,,,309.97,64760,64260,2303920,194360,"[{""bid_quantity"":180,""ask_quantity"":20,""bid_orders"":3,""ask_orders"":1,""bid_price"":""295.95"",""ask_price"":""298.60""},{""bid_quantity"":40,""ask_quantity"":80,""bid_orders"":1,""ask_orders"":3,""bid_price"":""295.90"",""ask_price"":""298.75""},{""bid_quantity"":80,""ask_quantity"":80,""bid_orders"":1,""ask_orders"":3,""bid_price"":""295.85"",""ask_price"":""298.80""},{""bid_quantity"":60,""ask_quantity"":80,""bid_orders"":1,""ask_orders"":3,""bid_price"":""295.80"",""ask_price"":""298.85""},{""bid_quantity"":120,""ask_quantity"":140,""bid_orders"":1,""ask_orders"":2,""bid_price"":""295.70"",""ask_price"":""298.95""}]"
09:15:04.510,1790826304510745571,1544047064679678,Full Data,8,886671,134.70,620,09:15:04,,,122.73,132240,18160,865660,570580,"[{""bid_quantity"":20,""ask_quantity"":20,""bid_orders"":1,""ask_orders"":1,""bid_price"":""125.35"",""ask_price"":""129.85""},{""bid_quantity"":160,""ask_quantity"":60,""bid_orders"":1,""ask_orders"":1,""bid_price"":""125.20"",""ask_price"":""130.25""},{""bid_quantity"":120,""ask_quantity"":40,""bid_orders"":4,""ask_orders"":1,""bid_price"":""125.00"",""ask_price"":""130.40""},{""bid_quantity"":20,""ask_quantity"":1580,""bid_orders"":1,""ask_orders"":2,""bid_price"":""124.95"",""ask_price"":""130.45""},{""bid_quantity"":40,""ask_quantity"":60,""bid_orders"":1,""ask_orders"":1,""bid_price"":""124.85"",""ask_price"":""130.70""}]"
09:15:04.518,1790826304518660420,1544047072594407,Full Data,8,886671,126.20,20,09:15:04,,,122.81,133940,20980,865280,570580,"[{""bid_quantity"":20,""ask_quantity"":320,""bid_orders"":1,""ask_orders"":3,""bid_price"":""126.35"",""ask_price"":""129.20""},{""bid_quantity"":20,""ask_quantity"":40,""bid_orders"":1,""ask_orders"":2,""bid_price"":""126.15"",""ask_price"":""129.25""},{""bid_quantity"":80,""ask_quantity"":60,""bid_orders"":1,""ask_orders"":2,""bid_price"":""126.05"",""ask_price"":""129.30""},{""bid_quantity"":20,""ask_quantity"":240,""bid_orders"":1,""ask_orders"":2,""bid_price"":""125.95"",""ask_price"":""129.40""},{""bid_quantity"":20,""ask_quantity"":1000,""bid_orders"":1,""ask_orders"":1,""bid_price"":""125.75"",""ask_price"":""129.45""}]"
09:15:04.519,1790826304519672067,1544047073605854,Full Data,8,886685,444.55,60,09:15:04,,,448.61,115680,41800,1995780,1793000,"[{""bid_quantity"":140,""ask_quantity"":80,""bid_orders"":4,""ask_orders"":2,""bid_price"":""444.60"",""ask_price"":""452.30""},{""bid_quantity"":80,""ask_quantity"":300,""bid_orders"":2,""ask_orders"":5,""bid_price"":""444.10"",""ask_price"":""452.35""},{""bid_quantity"":100,""ask_quantity"":220,""bid_orders"":2,""ask_orders"":2,""bid_price"":""443.25"",""ask_price"":""452.40""},{""bid_quantity"":40,""ask_quantity"":80,""bid_orders"":1,""ask_orders"":1,""bid_price"":""443.20"",""ask_price"":""453.40""},{""bid_quantity"":80,""ask_quantity"":160,""bid_orders"":1,""ask_orders"":1,""bid_price"":""443.15"",""ask_price"":""453.45""}]"
09:15:04.548,1790826304548965930,1544047102900157,Full Data,8,887253,242.55,20,09:15:04,,,243.10,43240,18680,1312080,55040,"[{""bid_quantity"":40,""ask_quantity"":60,""bid_orders"":1,""ask_orders"":2,""bid_price"":""242.60"",""ask_price"":""246.05""},{""bid_quantity"":40,""ask_quantity"":20,""bid_orders"":2,""ask_orders"":1,""bid_price"":""242.55"",""ask_price"":""246.10""},{""bid_quantity"":20,""ask_quantity"":20,""bid_orders"":1,""ask_orders"":1,""bid_price"":""242.45"",""ask_price"":""246.15""},{""bid_quantity"":100,""ask_quantity"":20,""bid_orders"":1,""ask_orders"":1,""bid_price"":""242.40"",""ask_price"":""246.20""},{""bid_quantity"":20,""ask_quantity"":100,""bid_orders"":1,""ask_orders"":1,""bid_price"":""242.20"",""ask_price"":""246.30""}]"
09:15:04.576,1790826304576146141,1544047130080048,Full Data,8,886659,190.75,20,09:15:04,,,194.07,89580,77600,2405560,138720,"[{""bid_quantity"":160,""ask_quantity"":240,""bid_orders"":1,""ask_orders"":3,""bid_price"":""190.70"",""ask_price"":""195.80""},{""bid_quantity"":140,""ask_quantity"":100,""bid_orders"":3,""ask_orders"":3,""bid_price"":""190.65"",""ask_price"":""195.85""},{""bid_quantity"":20,""ask_quantity"":200,""bid_orders"":1,""ask_orders"":2,""bid_price"":""190.50"",""ask_price"":""195.90""},{""bid_quantity"":120,""ask_quantity"":80,""bid_orders"":1,""ask_orders"":2,""bid_price"":""189.95"",""ask_price"":""195.95""},{""bid_quantity"":400,""ask_quantity"":40,""bid_orders"":1,""ask_orders"":1,""bid_price"":""189.75"",""ask_price"":""196.00""}]"
09:15:04.678,1790826304678159700,1544047232093767,Full Data,8,886659,194.30,20,09:15:04,,,194.07,91120,75940,2438480,138720,"[{""bid_quantity"":120,""ask_quantity"":40,""bid_orders"":2,""ask_orders"":1,""bid_price"":""191.40"",""ask_price"":""194.25""},{""bid_quantity"":120,""ask_quantity"":360,""bid_orders"":2,""ask_orders"":2,""bid_price"":""191.10"",""ask_price"":""194.30""},{""bid_quantity"":120,""ask_quantity"":60,""bid_orders"":2,""ask_orders"":2,""bid_price"":""190.80"",""ask_price"":""195.55""},{""bid_quantity"":40,""ask_quantity"":200,""bid_orders"":1,""ask_orders"":2,""bid_price"":""190.55"",""ask_price"":""195.60""},{""bid_quantity"":20,""ask_quantity"":440,""bid_orders"":1,""ask_orders"":2,""bid_price"":""190.50"",""ask_price"":""195.75""}]"
09:15:04.778,1790826304778680650,1544047332614557,Full Data,8,887279,394.70,40,09:15:04,,,375.97,102400,16720,1427200,793060,"[{""bid_quantity"":220,""ask_quantity"":60,""bid_orders"":3,""ask_orders"":2,""bid_price"":""389.35"",""ask_price"":""396.00""},{""bid_quantity"":80,""ask_quantity"":160,""bid_orders"":2,""ask_orders"":1,""bid_price"":""389.30"",""ask_price"":""397.00""},{""bid_quantity"":220,""ask_quantity"":80,""bid_orders"":3,""ask_orders"":1,""bid_price"":""389.25"",""ask_price"":""397.05""},{""bid_quantity"":280,""ask_quantity"":20,""bid_orders"":5,""ask_orders"":1,""bid_price"":""389.20"",""ask_price"":""397.10""},{""bid_quantity"":60,""ask_quantity"":120,""bid_orders"":2,""ask_orders"":2,""bid_price"":""389.15"",""ask_price"":""397.20""}]"
09:15:04.781,1790826304781415387,1544047335349254,Full Data,8,887216,273.20,60,09:15:04,,,256.43,175960,28660,1550080,716360,"[{""bid_quantity"":160,""ask_quantity"":100,""bid_orders"":1,""ask_orders"":1,""bid_price"":""267.65"",""ask_price"":""273.20""},{""bid_quantity"":320,""ask_quantity"":140,""bid_orders"":1,""ask_orders"":1,""bid_price"":""267.60"",""ask_price"":""273.25""},{""bid_quantity"":820,""ask_quantity"":80,""bid_orders"":5,""ask_orders"":1,""bid_price"":""267.55"",""ask_price"":""273.80""},{""bid_quantity"":420,""ask_quantity"":280,""bid_orders"":3,""ask_orders"":1,""bid_price"":""267.50"",""ask_price"":""273.85""},{""bid_quantity"":80,""ask_quantity"":400,""bid_orders"":1,""ask_orders"":1,""bid_price"":""267.45"",""ask_price"":""273.95""}]"
09:15:04.807,1790826304807769752,1544047361703659,Full Data,8,887216,266.40,20,09:15:04,,,256.63,178380,28100,1554420,716360,"[{""bid_quantity"":180,""ask_quantity"":120,""bid_orders"":2,""ask_orders"":1,""bid_price"":""266.30"",""ask_price"":""272.25""},{""bid_quantity"":440,""ask_quantity"":20,""bid_orders"":2,""ask_orders"":1,""bid_price"":""266.25"",""ask_price"":""272.55""},{""bid_quantity"":680,""ask_quantity"":60,""bid_orders"":4,""ask_orders"":1,""bid_price"":""266.20"",""ask_price"":""272.70""},{""bid_quantity"":380,""ask_quantity"":160,""bid_orders"":2,""ask_orders"":1,""bid_price"":""266.15"",""ask_price"":""273.35""},{""bid_quantity"":140,""ask_quantity"":60,""bid_orders"":1,""ask_orders"":1,""bid_price"":""266.00"",""ask_price"":""273.40""}]"
09:15:04.904,1790826304904384518,1544047458318905,Full Data,8,886790,170.90,60,09:15:04,,,161.88,320140,69160,3748380,2100780,"[{""bid_quantity"":160,""ask_quantity"":160,""bid_orders"":1,""ask_orders"":2,""bid_price"":""167.00"",""ask_price"":""170.90""},{""bid_quantity"":220,""ask_quantity"":400,""bid_orders"":3,""ask_orders"":3,""bid_price"":""166.95"",""ask_price"":""170.95""},{""bid_quantity"":60,""ask_quantity"":60,""bid_orders"":2,""ask_orders"":1,""bid_price"":""166.90"",""ask_price"":""171.00""},{""bid_quantity"":320,""ask_quantity"":120,""bid_orders"":4,""ask_orders"":2,""bid_price"":""166.85"",""ask_price"":""171.10""},{""bid_quantity"":120,""ask_quantity"":700,""bid_orders"":3,""ask_orders"":5,""bid_price"":""166.80"",""ask_price"":""171.15""}]"
09:15:04.906,1790826304906168569,1544047460102516,Full Data,8,886790,170.70,100,09:15:04,,,161.91,321180,70700,3747940,2100780,"[{""bid_quantity"":160,""ask_quantity"":60,""bid_orders"":1,""ask_orders"":1,""bid_price"":""167.85"",""ask_price"":""170.70""},{""bid_quantity"":160,""ask_quantity"":60,""bid_orders"":1,""ask_orders"":1,""bid_price"":""167.80"",""ask_price"":""170.80""},{""bid_quantity"":40,""ask_quantity"":60,""bid_orders"":1,""ask_orders"":1,""bid_price"":""167.75"",""ask_price"":""170.90""},{""bid_quantity"":220,""ask_quantity"":160,""bid_orders"":3,""ask_orders"":1,""bid_price"":""167.70"",""ask_price"":""170.95""},{""bid_quantity"":120,""ask_quantity"":60,""bid_orders"":3,""ask_orders"":1,""bid_price"":""167.60"",""ask_price"":""171.00""}]"
09:15:05.125,1790826305125578704,1544047679513131,Full Data,8,887306,148.10,20,09:15:05,,,150.56,67300,27480,2581240,240500,"[{""bid_quantity"":20,""ask_quantity"":760,""bid_orders"":1,""ask_orders"":25,""bid_price"":""148.10"",""ask_price"":""149.25""},{""bid_quantity"":160,""ask_quantity"":20,""bid_orders"":2,""ask_orders"":1,""bid_price"":""148.05"",""ask_price"":""149.35""},{""bid_quantity"":160,""ask_quantity"":40,""bid_orders"":1,""ask_orders"":1,""bid_price"":""147.85"",""ask_price"":""149.40""},{""bid_quantity"":100,""ask_quantity"":140,""bid_orders"":2,""ask_orders"":2,""bid_price"":""147.80"",""ask_price"":""149.50""},{""bid_quantity"":20,""ask_quantity"":20,""bid_orders"":1,""ask_orders"":1,""bid_price"":""147.55"",""ask_price"":""149.60""}]"
09:15:05.225,1790826305225140568,1544047779074795,Ticker Data,0,51,72239.55,,09:15:05,,,,,,,,
09:15:05.246,1790826305246822704,1544047800756611,Full Data,8,887080,112.90,20,09:15:05,,,116.89,126860,40120,2209900,530840,"[{""bid_quantity"":60,""ask_quantity"":60,""bid_orders"":2,""ask_orders"":3,""bid_price"":""112.80"",""ask_price"":""113.50""},{""bid_quantity"":80,""ask_quantity"":40,""bid_orders"":3,""ask_orders"":2,""bid_price"":""112.75"",""ask_price"":""113.60""},{""bid_quantity"":60,""ask_quantity"":20,""bid_orders"":3,""ask_orders"":1,""bid_price"":""112.65"",""ask_price"":""113.65""},{""bid_quantity"":40,""ask_quantity"":20,""bid_orders"":2,""ask_orders"":1,""bid_price"":""112.60"",""ask_price"":""113.75""},{""bid_quantity"":180,""ask_quantity"":440,""bid_orders"":2,""ask_orders"":9,""bid_price"":""112.40"",""ask_price"":""113.80""}]"
09:15:05.253,1790826305253645227,1544047807579094,Full Data,8,886620,324.95,20,09:15:05,,,310.52,130900,21220,1675940,731020,"[{""bid_quantity"":120,""ask_quantity"":20,""bid_orders"":1,""ask_orders"":1,""bid_price"":""325.05"",""ask_price"":""326.40""},{""bid_quantity"":140,""ask_quantity"":40,""bid_orders"":1,""ask_orders"":1,""bid_price"":""325.00"",""ask_price"":""326.45""},{""bid_quantity"":20,""ask_quantity"":20,""bid_orders"":1,""ask_orders"":1,""bid_price"":""324.90"",""ask_price"":""326.75""},{""bid_quantity"":100,""ask_quantity"":140,""bid_orders"":2,""ask_orders"":1,""bid_price"":""324.85"",""ask_price"":""327.20""},{""bid_quantity"":20,""ask_quantity"":160,""bid_orders"":1,""ask_orders"":1,""bid_price"":""324.70"",""ask_price"":""327.35""}]"
09:15:05.268,1790826305268189438,1544047822123225,Full Data,8,886961,353.20,20,09:15:05,,,359.60,6400,8420,437180,36440,"[{""bid_quantity"":60,""ask_quantity"":20,""bid_orders"":3,""ask_orders"":1,""bid_price"":""346.95"",""ask_price"":""349.85""},{""bid_quantity"":100,""ask_quantity"":40,""bid_orders"":2,""ask_orders"":1,""bid_price"":""346.90"",""ask_price"":""350.00""},{""bid_quantity"":40,""ask_quantity"":20,""bid_orders"":2,""ask_orders"":1,""bid_price"":""346.85"",""ask_price"":""350.05""},{""bid_quantity"":40,""ask_quantity"":20,""bid_orders"":2,""ask_orders"":1,""bid_price"":""346.80"",""ask_price"":""350.15""},{""bid_quantity"":40,""ask_quantity"":40,""bid_orders"":2,""ask_orders"":1,""bid_price"":""346.75"",""ask_price"":""350.25""}]"
09:15:05.290,1790826305290592138,1544047844525965,Full Data,8,886461,87.40,40,09:15:05,,,91.90,202940,86380,3838760,1682940,"[{""bid_quantity"":20,""ask_quantity"":40,""bid_orders"":1,""ask_orders"":2,""bid_price"":""87.25"",""ask_price"":""88.20""},{""bid_quantity"":20,""ask_quantity"":20,""bid_orders"":1,""ask_orders"":1,""bid_price"":""87.20"",""ask_price"":""88.25""},{""bid_quantity"":20,""ask_quantity"":20,""bid_orders"":1,""ask_orders"":1,""bid_price"":""87.15"",""ask_price"":""88.30""},{""bid_quantity"":20,""ask_quantity"":20,""bid_orders"":1,""ask_orders"":1,""bid_price"":""87.00"",""ask_price"":""88.40""},{""bid_quantity"":20,""ask_quantity"":100,""bid_orders"":1,""ask_orders"":2,""bid_price"":""86.95"",""ask_price"":""88.45""}]"
09:15:05.294,1790826305294167241,1544047848101068,Full Data,8,887080,111.20,20,09:15:05,,,116.87,127360,37220,2211620,530840,"[{""bid_quantity"":180,""ask_quantity"":20,""bid_orders"":3,""ask_orders"":1,""bid_price"":""111.15"",""ask_price"":""111.60""},{""bid_quantity"":60,""ask_quantity"":40,""bid_orders"":2,""ask_orders"":2,""bid_price"":""111.00"",""ask_price"":""111.65""},{""bid_quantity"":160,""ask_quantity"":20,""bid_orders"":1,""ask_orders"":1,""bid_price"":""110.25"",""ask_price"":""111.70""},{""bid_quantity"":20,""ask_quantity"":20,""bid_orders"":1,""ask_orders"":1,""bid_price"":""110.10"",""ask_price"":""111.80""},{""bid_quantity"":80,""ask_quantity"":40,""bid_orders"":2,""ask_orders"":1,""bid_price"":""110.05"",""ask_price"":""111.85""}]"
09:15:05.321,1790826305321700173,1544047875634120,Full Data,8,886961,347.80,160,09:15:05,,,359.31,6560,8940,438160,36440,"[{""bid_quantity"":60,""ask_quantity"":20,""bid_orders"":2,""ask_orders"":1,""bid_price"":""344.40"",""ask_price"":""346.60""},{""bid_quantity"":40,""ask_quantity"":20,""bid_orders"":2,""ask_orders"":1,""bid_price"":""344.35"",""ask_price"":""346.70""},{""bid_quantity"":40,""ask_quantity"":100,""bid_orders"":2,""ask_orders"":1,""bid_price"":""344.30"",""ask_price"":""347.40""},{""bid_quantity"":40,""ask_quantity"":80,""bid_orders"":2,""ask_orders"":1,""bid_price"":""344.20"",""ask_price"":""347.45""},{""bid_quantity"":20,""ask_quantity"":20,""bid_orders"":1,""ask_orders"":1,""bid_price"":""344.15"",""ask_price"":""347.90""}]"
09:15:05.332,1790826305332171119,1544047886105106,Full Data,8,886461,86.75,20,09:15:05,,,91.87,204240,87340,3852680,1682940,"[{""bid_quantity"":160,""ask_quantity"":140,""bid_orders"":1,""ask_orders"":1,""bid_price"":""86.75"",""ask_price"":""87.60""},{""bid_quantity"":160,""ask_quantity"":40,""bid_orders"":2,""ask_orders"":2,""bid_price"":""86.70"",""ask_price"":""87.75""},{""bid_quantity"":280,""ask_quantity"":140,""bid_orders"":2,""ask_orders"":4,""bid_price"":""86.65"",""ask_price"":""87.80""},{""bid_quantity"":440,""ask_quantity"":80,""bid_orders"":3,""ask_orders"":2,""bid_price"":""86.60"",""ask_price"":""87.85""},{""bid_quantity"":200,""ask_quantity"":100,""bid_orders"":1,""ask_orders"":5,""bid_price"":""86.55"",""ask_price"":""87.90""}]"
09:15:05.365,1790826305365015005,1544047918949152,Full Data,8,886540,216.45,20,09:15:05,,,204.74,156820,31960,1617520,632060,"[{""bid_quantity"":80,""ask_quantity"":20,""bid_orders"":1,""ask_orders"":1,""bid_price"":""215.40"",""ask_price"":""217.75""},{""bid_quantity"":60,""ask_quantity"":100,""bid_orders"":1,""ask_orders"":2,""bid_price"":""215.35"",""ask_price"":""217.80""},{""bid_quantity"":120,""ask_quantity"":20,""bid_orders"":1,""ask_orders"":1,""bid_price"":""215.30"",""ask_price"":""218.10""},{""bid_quantity"":180,""ask_quantity"":40,""bid_orders"":2,""ask_orders"":1,""bid_price"":""215.25"",""ask_price"":""218.15""},{""bid_quantity"":160,""ask_quantity"":20,""bid_orders"":1,""ask_orders"":1,""bid_price"":""215.20"",""ask_price"":""218.20""}]"
09:15:05.397,1790826305397381967,1544047951315914,Full Data,8,886589,282.65,20,09:15:05,,,304.07,90040,65540,2604440,194360,"[{""bid_quantity"":140,""ask_quantity"":80,""bid_orders"":3,""ask_orders"":3,""bid_price"":""280.25"",""ask_price"":""282.90""},{""bid_quantity"":260,""ask_quantity"":120,""bid_orders"":4,""ask_orders"":1,""bid_price"":""280.20"",""ask_price"":""283.25""},{""bid_quantity"":140,""ask_quantity"":220,""bid_orders"":2,""ask_orders"":2,""bid_price"":""280.15"",""ask_price"":""283.40""},{""bid_quantity"":140,""ask_quantity"":100,""bid_orders"":2,""ask_orders"":1,""bid_price"":""279.95"",""ask_price"":""283.50""},{""bid_quantity"":420,""ask_quantity"":20,""bid_orders"":3,""ask_orders"":1,""bid_price"":""279.90"",""ask_price"":""283.75""}]"
09:15:05.415,1790826305415296640,1544047969230627,Full Data,8,886540,217.50,20,09:15:05,,,205.02,160260,33400,1620200,632060,"[{""bid_quantity"":160,""ask_quantity"":100,""bid_orders"":1,""ask_orders"":1,""bid_price"":""217.65"",""ask_price"":""219.95""},{""bid_quantity"":20,""ask_quantity"":600,""bid_orders"":1,""ask_orders"":28,""bid_price"":""217.60"",""ask_price"":""220.00""},{""bid_quantity"":160,""ask_quantity"":100,""bid_orders"":1,""ask_orders"":1,""bid_price"":""217.55"",""ask_price"":""220.20""},{""bid_quantity"":120,""ask_quantity"":60,""bid_orders"":1,""ask_orders"":1,""bid_price"":""217.50"",""ask_price"":""220.45""},{""bid_quantity"":40,""ask_quantity"":100,""bid_orders"":2,""ask_orders"":1,""bid_price"":""217.30"",""ask_price"":""220.50""}]"
09:15:05.439,1790826305439346230,1544047993280177,Full Data,8,886589,282.10,40,09:15:05,,,303.95,90500,63680,2601480,194360,"[{""bid_quantity"":140,""ask_quantity"":40,""bid_orders"":2,""ask_orders"":1,""bid_price"":""279.30"",""ask_price"":""281.85""},{""bid_quantity"":100,""ask_quantity"":20,""bid_orders"":1,""ask_orders"":1,""bid_price"":""279.00"",""ask_price"":""281.90""},{""bid_quantity"":100,""ask_quantity"":60,""bid_orders"":1,""ask_orders"":2,""bid_price"":""278.70"",""ask_price"":""282.15""},{""bid_quantity"":60,""ask_quantity"":60,""bid_orders"":1,""ask_orders"":2,""bid_price"":""278.15"",""ask_price"":""282.40""},{""bid_quantity"":300,""ask_quantity"":180,""bid_orders"":1,""ask_orders"":3,""bid_price"":""278.10"",""ask_price"":""282.55""}]"
09:15:05.519,1790826305519389612,1544048073323759,Full Data,8,886671,134.80,40,09:15:05,,,124.00,152800,17000,970520,570580,"[{""bid_quantity"":80,""ask_quantity"":460,""bid_orders"":1,""ask_orders"":4,""bid_price"":""134.80"",""ask_price"":""135.80""},{""bid_quantity"":80,""ask_quantity"":160,""bid_orders"":1,""ask_orders"":1,""bid_price"":""134.75"",""ask_price"":""135.85""},{""bid_quantity"":120,""ask_quantity"":40,""bid_orders"":1,""ask_orders"":1,""bid_price"":""134.50"",""ask_price"":""135.90""},{""bid_quantity"":20,""ask_quantity"":80,""bid_orders"":1,""ask_orders"":1,""bid_price"":""134.45"",""ask_price"":""136.15""},{""bid_quantity"":40,""ask_quantity"":20,""bid_orders"":2,""ask_orders"":1,""bid_price"":""134.35"",""ask_price"":""136.35""}]"
09:15:05.524,1790826305524809246,1544048078743233,Full Data,8,886671,134.50,20,09:15:05,,,124.01,152880,16780,970280,570580,"[{""bid_quantity"":20,""ask_quantity"":100,""bid_orders"":1,""ask_orders"":1,""bid_price"":""134.50"",""ask_price"":""135.40""},{""bid_quantity"":80,""ask_quantity"":120,""bid_orders"":2,""ask_orders"":1,""bid_price"":""134.40"",""ask_price"":""135.45""},{""bid_quantity"":40,""ask_quantity"":160,""bid_orders"":2,""ask_orders"":1,""bid_price"":""134.35"",""ask_price"":""135.50""},{""bid_quantity"":20,""ask_quantity"":40,""bid_orders"":1,""ask_orders"":1,""bid_price"":""134.30"",""ask_price"":""135.55""},{""bid_quantity"":20,""ask_quantity"":20,""bid_orders"":1,""ask_orders"":1,""bid_price"":""134.20"",""ask_price"":""135.70""}]"
09:15:05.524,1790826305524934527,1544048078868154,Full Data,8,886685,471.80,20,09:15:05,,,452.42,153400,40140,2048300,1793000,"[{""bid_quantity"":20,""ask_quantity"":240,""bid_orders"":1,""ask_orders"":2,""bid_price"":""474.35"",""ask_price"":""476.85""},{""bid_quantity"":1220,""ask_quantity"":160,""bid_orders"":3,""ask_orders"":1,""bid_price"":""471.90"",""ask_price"":""476.95""},{""bid_quantity"":40,""ask_quantity"":120,""bid_orders"":1,""ask_orders"":3,""bid_price"":""471.85"",""ask_price"":""477.00""},{""bid_quantity"":140,""ask_quantity"":40,""bid_orders"":2,""ask_orders"":1,""bid_price"":""471.80"",""ask_price"":""477.15""},{""bid_quantity"":60,""ask_quantity"":40,""bid_orders"":1,""ask_orders"":1,""bid_price"":""470.95"",""ask_price"":""477.30""}]"
09:15:05.645,1790826305645141160,1544048199075427,Full Data,8,887253,230.05,60,09:15:05,,,241.09,55680,20300,1423840,55040,"[{""bid_quantity"":80,""ask_quantity"":40,""bid_orders"":1,""ask_orders"":1,""bid_price"":""230.05"",""ask_price"":""231.15""},{""bid_quantity"":200,""ask_quantity"":80,""bid_orders"":1,""ask_orders"":1,""bid_price"":""229.95"",""ask_price"":""231.30""},{""bid_quantity"":20,""ask_quantity"":20,""bid_orders"":1,""ask_orders"":1,""bid_price"":""229.90"",""ask_price"":""232.45""},{""bid_quantity"":80,""ask_quantity"":300,""bid_orders"":1,""ask_orders"":1,""bid_price"":""229.85"",""ask_price"":""233.60""},{""bid_quantity"":80,""ask_quantity"":140,""bid_orders"":1,""ask_orders"":1,""bid_price"":""229.70"",""ask_price"":""233.65""}]"
09:15:05.658,1790826305658786206,1544048212720193,Full Data,8,886659,184.70,260,09:15:05,,,192.71,111040,79400,2752320,138720,"[{""bid_quantity"":160,""ask_quantity"":160,""bid_orders"":1,""ask_orders"":1,""bid_price"":""182.85"",""ask_price"":""184.65""},{""bid_quantity"":160,""ask_quantity"":40,""bid_orders"":1,""ask_orders"":1,""bid_price"":""182.80"",""ask_price"":""184.70""},{""bid_quantity"":100,""ask_quantity"":120,""bid_orders"":2,""ask_orders"":2,""bid_price"":""182.75"",""ask_price"":""184.75""},{""bid_quantity"":40,""ask_quantity"":80,""bid_orders"":2,""ask_orders"":2,""bid_price"":""182.70"",""ask_price"":""184.80""},{""bid_quantity"":40,""ask_quantity"":160,""bid_orders"":1,""ask_orders"":1,""bid_price"":""182.55"",""ask_price"":""185.15""}]"
09:15:05.723,1790826305723760973,1544048277695320,Full Data,8,887253,231.35,20,09:15:05,,,241.03,56020,19980,1451120,55040,"[{""bid_quantity"":80,""ask_quantity"":60,""bid_orders"":1,""ask_orders"":2,""bid_price"":""231.85"",""ask_price"":""232.45""},{""bid_quantity"":80,""ask_quantity"":80,""bid_orders"":1,""ask_orders"":2,""bid_price"":""231.80"",""ask_price"":""233.40""},{""bid_quantity"":80,""ask_quantity"":20,""bid_orders"":1,""ask_orders"":1,""bid_price"":""231.70"",""ask_price"":""234.15""},{""bid_quantity"":140,""ask_quantity"":40,""bid_orders"":1,""ask_orders"":1,""bid_price"":""231.30"",""ask_price"":""234.20""},{""bid_quantity"":20,""ask_quantity"":40,""bid_orders"":1,""ask_orders"":1,""bid_price"":""230.85"",""ask_price"":""234.50""}]"
09:15:05.777,1790826305777376509,1544048331310616,Full Data,8,887279,390.50,20,09:15:05,,,379.61,127740,16940,1699400,793060,"[{""bid_quantity"":200,""ask_quantity"":160,""bid_orders"":4,""ask_orders"":1,""bid_price"":""387.25"",""ask_price"":""391.30""},{""bid_quantity"":20,""ask_quantity"":20,""bid_orders"":1,""ask_orders"":1,""bid_price"":""387.20"",""ask_price"":""391.35""},{""bid_quantity"":80,""ask_quantity"":60,""bid_orders"":2,""ask_orders"":1,""bid_price"":""387.15"",""ask_price"":""391.40""},{""bid_quantity"":1000,""ask_quantity"":80,""bid_orders"":1,""ask_orders"":1,""bid_price"":""387.10"",""ask_price"":""391.80""},{""bid_quantity"":160,""ask_quantity"":140,""bid_orders"":2,""ask_orders"":1,""bid_price"":""386.65"",""ask_price"":""393.30""}]"
09:15:05.824,1790826305824047801,1544048377981708,Full Data,8,887216,265.95,80,09:15:05,,,259.56,229000,32840,1901540,716360,"[{""bid_quantity"":80,""ask_quantity"":40,""bid_orders"":2,""ask_orders"":1,""bid_price"":""263.05"",""ask_price"":""265.55""},{""bid_quantity"":120,""ask_quantity"":140,""bid_orders"":2,""ask_orders"":2,""bid_price"":""262.65"",""ask_price"":""265.60""},{""bid_quantity"":120,""ask_quantity"":340,""bid_orders"":2,""ask_orders"":2,""bid_price"":""260.85"",""ask_price"":""265.65""},{""bid_quantity"":160,""ask_quantity"":200,""bid_orders"":3,""ask_orders"":1,""bid_price"":""260.80"",""ask_price"":""265.70""},{""bid_quantity"":40,""ask_quantity"":180,""bid_orders"":2,""ask_orders"":2,""bid_price"":""259.30"",""ask_price"":""265.80""}]"
09:15:05.913,1790826305913715843,1544048467649990,Full Data,8,886790,166.05,20,09:15:05,,,163.01,377720,69560,3853980,2100780,"[{""bid_quantity"":40,""ask_quantity"":240,""bid_orders"":1,""ask_orders"":3,""bid_price"":""166.05"",""ask_price"":""168.60""},{""bid_quantity"":20,""ask_quantity"":460,""bid_orders"":1,""ask_orders"":4,""bid_price"":""166.00"",""ask_price"":""168.65""},{""bid_quantity"":160,""ask_quantity"":80,""bid_orders"":3,""ask_orders"":2,""bid_price"":""165.90"",""ask_price"":""168.70""},{""bid_quantity"":100,""ask_quantity"":340,""bid_orders"":1,""ask_orders"":4,""bid_price"":""165.60"",""ask_price"":""168.90""},{""bid_quantity"":160,""ask_quantity"":60,""bid_orders"":1,""ask_orders"":1,""bid_price"":""165.35"",""ask_price"":""168.95""}]"
09:15:05.936,1790826305936619467,1544048490553534,Full Data,8,886790,166.45,80,09:15:05,,,163.01,377880,69140,3855200,2100780,"[{""bid_quantity"":140,""ask_quantity"":40,""bid_orders"":1,""ask_orders"":2,""bid_price"":""166.10"",""ask_price"":""168.45""},{""bid_quantity"":40,""ask_quantity"":60,""bid_orders"":1,""ask_orders"":2,""bid_price"":""166.05"",""ask_price"":""168.65""},{""bid_quantity"":80,""ask_quantity"":40,""bid_orders"":2,""ask_orders"":2,""bid_price"":""166.00"",""ask_price"":""168.70""},{""bid_quantity"":80,""ask_quantity"":160,""bid_orders"":1,""ask_orders"":2,""bid_price"":""165.95"",""ask_price"":""168.80""},{""bid_quantity"":160,""ask_quantity"":100,""bid_orders"":3,""ask_orders"":1,""bid_price"":""165.90"",""ask_price"":""168.90""}]"
09:15:06.178,1790826306178306101,1544048732240328,Full Data,8,887306,158.80,20,09:15:06,,,150.01,86240,22860,2991020,240500,"[{""bid_quantity"":300,""ask_quantity"":40,""bid_orders"":4,""ask_orders"":1,""bid_price"":""156.95"",""ask_price"":""158.75""},{""bid_quantity"":20,""ask_quantity"":60,""bid_orders"":1,""ask_orders"":3,""bid_price"":""156.90"",""ask_price"":""158.80""},{""bid_quantity"":80,""ask_quantity"":20,""bid_orders"":2,""ask_orders"":1,""bid_price"":""156.80"",""ask_price"":""160.45""},{""bid_quantity"":160,""ask_quantity"":40,""bid_orders"":3,""ask_orders"":1,""bid_price"":""156.75"",""ask_price"":""160.50""},{""bid_quantity"":80,""ask_quantity"":200,""bid_orders"":2,""ask_orders"":1,""bid_price"":""156.70"",""ask_price"":""160.55""}]"
09:15:06.229,1790826306229690583,1544048783624490,Ticker Data,0,51,72248.13,,09:15:06,,,,,,,,
09:15:06.239,1790826306239805367,1544048793739234,Full Data,8,886620,329.40,120,09:15:06,,,312.82,150660,22740,2028720,731020,"[{""bid_quantity"":60,""ask_quantity"":40,""bid_orders"":2,""ask_orders"":1,""bid_price"":""326.55"",""ask_price"":""329.40""},{""bid_quantity"":100,""ask_quantity"":260,""bid_orders"":1,""ask_orders"":3,""bid_price"":""326.10"",""ask_price"":""329.45""},{""bid_quantity"":20,""ask_quantity"":80,""bid_orders"":1,""ask_orders"":2,""bid_price"":""326.00"",""ask_price"":""329.50""},{""bid_quantity"":160,""ask_quantity"":40,""bid_orders"":1,""ask_orders"":1,""bid_price"":""325.85"",""ask_price"":""329.60""},{""bid_quantity"":100,""ask_quantity"":100,""bid_orders"":1,""ask_orders"":1,""bid_price"":""325.80"",""ask_price"":""329.70""}]"
09:15:06.270,1790826306270581640,1544048824515827,Full Data,8,886620,326.65,60,09:15:06,,,312.86,151040,20280,2033440,731020,"[{""bid_quantity"":180,""ask_quantity"":60,""bid_orders"":3,""ask_orders"":1,""bid_price"":""326.65"",""ask_price"":""329.70""},{""bid_quantity"":60,""ask_quantity"":80,""bid_orders"":2,""ask_orders"":2,""bid_price"":""326.60"",""ask_price"":""329.75""},{""bid_quantity"":160,""ask_quantity"":40,""bid_orders"":1,""ask_orders"":2,""bid_price"":""326.45"",""ask_price"":""330.20""},{""bid_quantity"":40,""ask_quantity"":60,""bid_orders"":1,""ask_orders"":2,""bid_price"":""326.35"",""ask_price"":""330.30""},{""bid_quantity"":20,""ask_quantity"":80,""bid_orders"":1,""ask_orders"":2,""bid_price"":""326.30"",""ask_price"":""331.55""}]"
09:15:06.298,1790826306298930137,1544048852864084,Full Data,8,887080,124.60,40,09:15:06,,,117.26,153620,34760,2327180,530840,"[{""bid_quantity"":180,""ask_quantity"":120,""bid_orders"":2,""ask_orders"":4,""bid_price"":""123.90"",""ask_price"":""125.10""},{""bid_quantity"":20,""ask_quantity"":80,""bid_orders"":1,""ask_orders"":2,""bid_price"":""123.85"",""ask_price"":""125.15""},{""bid_quantity"":480,""ask_quantity"":80,""bid_orders"":3,""ask_orders"":1,""bid_price"":""123.60"",""ask_price"":""125.65""},{""bid_quantity"":40,""ask_quantity"":80,""bid_orders"":2,""ask_orders"":3,""bid_price"":""123.45"",""ask_price"":""125.75""},{""bid_quantity"":80,""ask_quantity"":420,""bid_orders"":1,""ask_orders"":3,""bid_price"":""123.40"",""ask_price"":""125.80""}]"
09:15:06.334,1790826306334473120,1544048888407227,Full Data,8,886961,365.40,20,09:15:06,,,358.54,7720,7160,437600,36440,"[{""bid_quantity"":60,""ask_quantity"":100,""bid_orders"":2,""ask_orders"":4,""bid_price"":""364.95"",""ask_price"":""367.85""},{""bid_quantity"":120,""ask_quantity"":20,""bid_orders"":2,""ask_orders"":1,""bid_price"":""364.50"",""ask_price"":""367.90""},{""bid_quantity"":100,""ask_quantity"":40,""bid_orders"":2,""ask_orders"":1,""bid_price"":""364.45"",""ask_price"":""368.05""},{""bid_quantity"":180,""ask_quantity"":100,""bid_orders"":3,""ask_orders"":1,""bid_price"":""364.40"",""ask_price"":""368.10""},{""bid_quantity"":100,""ask_quantity"":20,""bid_orders"":1,""ask_orders"":1,""bid_price"":""364.20"",""ask_price"":""368.15""}]"
09:15:06.338,1790826306338633186,1544048892567053,Full Data,8,886461,98.90,100,09:15:06,,,91.98,244820,80800,3991120,1682940,"[{""bid_quantity"":40,""ask_quantity"":380,""bid_orders"":2,""ask_orders"":3,""bid_price"":""98.15"",""ask_price"":""98.90""},{""bid_quantity"":40,""ask_quantity"":200,""bid_orders"":2,""ask_orders"":2,""bid_price"":""98.05"",""ask_price"":""98.95""},{""bid_quantity"":180,""ask_quantity"":140,""bid_orders"":2,""ask_orders"":5,""bid_price"":""98.00"",""ask_price"":""99.00""},{""bid_quantity"":120,""ask_quantity"":120,""bid_orders"":3,""ask_orders"":3,""bid_price"":""97.95"",""ask_price"":""99.05""},{""bid_quantity"":20,""ask_quantity"":120,""bid_orders"":1,""ask_orders"":2,""bid_price"":""97.90"",""ask_price"":""99.10""}]"
09:15:06.372,1790826306372282477,1544048926216344,Full Data,8,887080,122.40,100,09:15:06,,,117.32,155100,35380,2329460,530840,"[{""bid_quantity"":180,""ask_quantity"":20,""bid_orders"":2,""ask_orders"":1,""bid_price"":""122.10"",""ask_price"":""123.15""},{""bid_quantity"":120,""ask_quantity"":100,""bid_orders"":3,""ask_orders"":3,""bid_price"":""122.05"",""ask_price"":""123.30""},{""bid_quantity"":60,""ask_quantity"":100,""bid_orders"":2,""ask_orders"":3,""bid_price"":""122.00"",""ask_price"":""123.40""},{""bid_quantity"":180,""ask_quantity"":40,""bid_orders"":3,""ask_orders"":2,""bid_price"":""121.95"",""ask_price"":""123.50""},{""bid_quantity"":60,""ask_quantity"":120,""bid_orders"":2,""ask_orders"":2,""bid_price"":""121.90"",""ask_price"":""123.55""}]"
09:15:06.380,1790826306380162407,1544048934096354,Full Data,8,886961,363.60,40,09:15:06,,,358.84,8080,7700,437760,36440,"[{""bid_quantity"":100,""ask_quantity"":40,""bid_orders"":1,""ask_orders"":2,""bid_price"":""360.15"",""ask_price"":""365.90""},{""bid_quantity"":60,""ask_quantity"":100,""bid_orders"":2,""ask_orders"":1,""bid_price"":""360.10"",""ask_price"":""366.00""},{""bid_quantity"":260,""ask_quantity"":20,""bid_orders"":5,""ask_orders"":1,""bid_price"":""360.05"",""ask_price"":""366.10""},{""bid_quantity"":40,""ask_quantity"":140,""bid_orders"":1,""ask_orders"":1,""bid_price"":""360.00"",""ask_price"":""366.15""},{""bid_quantity"":180,""ask_quantity"":140,""bid_orders"":3,""ask_orders"":2,""bid_price"":""359.70"",""ask_price"":""366.30""}]"
09:15:06.403,1790826306403462193,1544048957396180,Full Data,8,886461,97.20,20,09:15:06,,,92.03,246600,82120,3997860,1682940,"[{""bid_quantity"":20,""ask_quantity"":20,""bid_orders"":1,""ask_orders"":1,""bid_price"":""97.50"",""ask_price"":""98.10""},{""bid_quantity"":160,""ask_quantity"":20,""bid_orders"":1,""ask_orders"":1,""bid_price"":""97.45"",""ask_price"":""98.20""},{""bid_quantity"":20,""ask_quantity"":60,""bid_orders"":1,""ask_orders"":1,""bid_price"":""97.40"",""ask_price"":""98.30""},{""bid_quantity"":160,""ask_quantity"":360,""bid_orders"":1,""ask_orders"":4,""bid_price"":""97.35"",""ask_price"":""98.35""},{""bid_quantity"":20,""ask_quantity"":60,""bid_orders"":1,""ask_orders"":1,""bid_price"":""97.30"",""ask_price"":""98.40""}]"
09:15:06.423,1790826306423495158,1544048977429145,Full Data,8,886540,214.50,100,09:15:06,,,206.65,187560,30980,1771180,632060,"[{""bid_quantity"":140,""ask_quantity"":260,""bid_orders"":2,""ask_orders"":2,""bid_price"":""214.35"",""ask_price"":""216.80""},{""bid_quantity"":260,""ask_quantity"":180,""bid_orders"":3,""ask_orders"":2,""bid_price"":""214.30"",""ask_price"":""216.90""},{""bid_quantity"":780,""ask_quantity"":20,""bid_orders"":4,""ask_orders"":1,""bid_price"":""214.25"",""ask_price"":""217.05""},{""bid_quantity"":300,""ask_quantity"":20,""bid_orders"":5,""ask_orders"":1,""bid_price"":""214.20"",""ask_price"":""217.55""},{""bid_quantity"":20,""ask_quantity"":60,""bid_orders"":1,""ask_orders"":1,""bid_price"":""214.00"",""ask_price"":""217.70""}]"
09:15:06.441,1790826306441454471,1544048995388498,Full Data,8,886589,305.55,40,09:15:06,,,303.21,104640,65760,2759280,194360,"[{""bid_quantity"":100,""ask_quantity"":80,""bid_orders"":3,""ask_orders"":3,""bid_price"":""302.60"",""ask_price"":""305.55""},{""bid_quantity"":180,""ask_quantity"":100,""bid_orders"":2,""ask_orders"":4,""bid_price"":""302.55"",""ask_price"":""305.60""},{""bid_quantity"":60,""ask_quantity"":140,""bid_orders"":1,""ask_orders"":2,""bid_price"":""302.45"",""ask_price"":""305.70""},{""bid_quantity"":320,""ask_quantity"":40,""bid_orders"":2,""ask_orders"":1,""bid_price"":""302.35"",""ask_price"":""305.95""},{""bid_quantity"":120,""ask_quantity"":140,""bid_orders"":2,""ask_orders"":2,""bid_price"":""302.30"",""ask_price"":""306.00""}]"
09:15:06.473,1790826306473589072,1544049027523019,Full Data,8,886540,219.00,60,09:15:06,,,206.79,190000,33180,1811440,632060,"[{""bid_quantity"":160,""ask_quantity"":20,""bid_orders"":1,""ask_orders"":1,""bid_price"":""216.65"",""ask_price"":""218.25""},{""bid_quantity"":20,""ask_quantity"":120,""bid_orders"":1,""ask_orders"":4,""bid_price"":""216.60"",""ask_price"":""219.10""},{""bid_quantity"":160,""ask_quantity"":140,""bid_orders"":1,""ask_orders"":4,""bid_price"":""216.50"",""ask_price"":""219.15""},{""bid_quantity"":160,""ask_quantity"":20,""bid_orders"":1,""ask_orders"":1,""bid_price"":""216.30"",""ask_price"":""219.35""},{""bid_quantity"":20,""ask_quantity"":120,""bid_orders"":1,""ask_orders"":1,""bid_price"":""216.20"",""ask_price"":""219.40""}]"
09:15:06.506,1790826306506725120,1544049060659147,Full Data,8,886589,309.50,40,09:15:06,,,303.24,105780,69180,2764840,194360,"[{""bid_quantity"":80,""ask_quantity"":980,""bid_orders"":1,""ask_orders"":4,""bid_price"":""307.10"",""ask_price"":""309.50""},{""bid_quantity"":120,""ask_quantity"":140,""bid_orders"":1,""ask_orders"":3,""bid_price"":""307.05"",""ask_price"":""310.45""},{""bid_quantity"":80,""ask_quantity"":40,""bid_orders"":1,""ask_orders"":1,""bid_price"":""307.00"",""ask_price"":""311.50""},{""bid_quantity"":200,""ask_quantity"":1040,""bid_orders"":1,""ask_orders"":2,""bid_price"":""306.95"",""ask_price"":""311.95""},{""bid_quantity"":200,""ask_quantity"":100,""bid_orders"":1,""ask_orders"":2,""bid_price"":""306.90"",""ask_price"":""312.85""}]"
09:15:06.524,1790826306524098429,1544049078032376,Full Data,8,886671,134.55,60,09:15:06,,,125.58,182700,24140,1047340,570580,"[{""bid_quantity"":20,""ask_quantity"":140,""bid_orders"":1,""ask_orders"":3,""bid_price"":""133.35"",""ask_price"":""134.55""},{""bid_quantity"":160,""ask_quantity"":80,""bid_orders"":1,""ask_orders"":3,""bid_price"":""133.25"",""ask_price"":""134.65""},{""bid_quantity"":100,""ask_quantity"":20,""bid_orders"":2,""ask_orders"":1,""bid_price"":""133.20"",""ask_price"":""134.75""},{""bid_quantity"":120,""ask_quantity"":20,""bid_orders"":1,""ask_orders"":1,""bid_price"":""133.05"",""ask_price"":""134.85""},{""bid_quantity"":20,""ask_quantity"":20,""bid_orders"":1,""ask_orders"":1,""bid_price"":""133.00"",""ask_price"":""134.95""}]"
09:15:06.533,1790826306533941290,1544049087875037,Full Data,8,886671,133.60,140,09:15:06,,,125.59,182860,24460,1047120,570580,"[{""bid_quantity"":20,""ask_quantity"":20,""bid_orders"":1,""ask_orders"":1,""bid_price"":""133.60"",""ask_price"":""134.40""},{""bid_quantity"":20,""ask_quantity"":100,""bid_orders"":1,""ask_orders"":2,""bid_price"":""133.45"",""ask_price"":""134.55""},{""bid_quantity"":160,""ask_quantity"":80,""bid_orders"":1,""ask_orders"":3,""bid_price"":""133.40"",""ask_price"":""134.65""},{""bid_quantity"":20,""ask_quantity"":20,""bid_orders"":1,""ask_orders"":1,""bid_price"":""133.35"",""ask_price"":""134.75""},{""bid_quantity"":220,""ask_quantity"":20,""bid_orders"":3,""ask_orders"":1,""bid_price"":""133.20"",""ask_price"":""134.85""}]"
09:15:06.725,1790826306725667212,1544049279601559,Full Data,8,887253,249.20,20,09:15:06,,,242.17,66960,24520,1665020,55040,"[{""bid_quantity"":80,""ask_quantity"":40,""bid_orders"":1,""ask_orders"":2,""bid_price"":""248.95"",""ask_price"":""250.35""},{""bid_quantity"":20,""ask_quantity"":40,""bid_orders"":1,""ask_orders"":1,""bid_price"":""248.90"",""ask_price"":""250.40""},{""bid_quantity"":80,""ask_quantity"":80,""bid_orders"":1,""ask_orders"":1,""bid_price"":""248.70"",""ask_price"":""250.60""},{""bid_quantity"":20,""ask_quantity"":40,""bid_orders"":1,""ask_orders"":1,""bid_price"":""248.55"",""ask_price"":""250.65""},{""bid_quantity"":20,""ask_quantity"":20,""bid_orders"":1,""ask_orders"":1,""bid_price"":""248.20"",""ask_price"":""250.70""}]"
09:15:06.745,1790826306745218974,1544049299153281,Full Data,8,886659,199.55,20,09:15:06,,,193.61,135940,82820,3031320,138720,"[{""bid_quantity"":180,""ask_quantity"":100,""bid_orders"":2,""ask_orders"":3,""bid_price"":""199.55"",""ask_price"":""201.15""},{""bid_quantity"":140,""ask_quantity"":40,""bid_orders"":3,""ask_orders"":1,""bid_price"":""199.50"",""ask_price"":""201.20""},{""bid_quantity"":180,""ask_quantity"":40,""bid_orders"":2,""ask_orders"":1,""bid_price"":""199.35"",""ask_price"":""201.25""},{""bid_quantity"":140,""ask_quantity"":200,""bid_orders"":3,""ask_orders"":2,""bid_price"":""199.20"",""ask_price"":""201.30""},{""bid_quantity"":20,""ask_quantity"":80,""bid_orders"":1,""ask_orders"":2,""bid_price"":""198.95"",""ask_price"":""201.45""}]"
09:15:06.789,1790826306789814254,1544049343748241,Full Data,8,887279,389.15,20,09:15:06,,,381.27,150860,23400,1758620,793060,"[{""bid_quantity"":560,""ask_quantity"":20,""bid_orders"":1,""ask_orders"":1,""bid_price"":""389.15"",""ask_price"":""390.65""},{""bid_quantity"":120,""ask_quantity"":20,""bid_orders"":1,""ask_orders"":1,""bid_price"":""387.65"",""ask_price"":""391.40""},{""bid_quantity"":1000,""ask_quantity"":160,""bid_orders"":1,""ask_orders"":1,""bid_price"":""387.30"",""ask_price"":""391.45""},{""bid_quantity"":100,""ask_quantity"":120,""bid_orders"":1,""ask_orders"":2,""bid_price"":""387.00"",""ask_price"":""391.50""},{""bid_quantity"":60,""ask_quantity"":80,""bid_orders"":2,""ask_orders"":1,""bid_price"":""386.90"",""ask_price"":""391.75""}]"
09:15:06.819,1790826306819789362,1544049373723349,Full Data,8,887253,251.65,20,09:15:06,,,242.23,67480,22520,1681900,55040,"[{""bid_quantity"":160,""ask_quantity"":120,""bid_orders"":2,""ask_orders"":2,""bid_price"":""249.70"",""ask_price"":""251.70""},{""bid_quantity"":200,""ask_quantity"":140,""bid_orders"":1,""ask_orders"":2,""bid_price"":""249.65"",""ask_price"":""252.00""},{""bid_quantity"":480,""ask_quantity"":60,""bid_orders"":3,""ask_orders"":2,""bid_price"":""249.60"",""ask_price"":""252.05""},{""bid_quantity"":120,""ask_quantity"":160,""bid_orders"":1,""ask_orders"":3,""bid_price"":""249.50"",""ask_price"":""252.30""},{""bid_quantity"":20,""ask_quantity"":200,""bid_orders"":1,""ask_orders"":1,""bid_price"":""249.35"",""ask_price"":""252.45""}]"
09:15:06.829,1790826306829368782,1544049383302729,Full Data,8,886659,201.25,20,09:15:06,,,193.64,136480,80540,3040540,138720,"[{""bid_quantity"":180,""ask_quantity"":160,""bid_orders"":2,""ask_orders"":1,""bid_price"":""200.95"",""ask_price"":""202.75""},{""bid_quantity"":120,""ask_quantity"":140,""bid_orders"":2,""ask_orders"":3,""bid_price"":""200.90"",""ask_price"":""202.80""},{""bid_quantity"":80,""ask_quantity"":140,""bid_orders"":1,""ask_orders"":2,""bid_price"":""200.75"",""ask_price"":""203.10""},{""bid_quantity"":40,""ask_quantity"":300,""bid_orders"":1,""ask_orders"":5,""bid_price"":""200.70"",""ask_price"":""203.40""},{""bid_quantity"":100,""ask_quantity"":320,""bid_orders"":1,""ask_orders"":1,""bid_price"":""200.10"",""ask_price"":""203.45""}]"
09:15:06.891,1790826306891587132,1544049445521119,Full Data,8,887216,265.90,120,09:15:06,,,260.97,272280,38780,2716600,716360,"[{""bid_quantity"":320,""ask_quantity"":20,""bid_orders"":1,""ask_orders"":1,""bid_price"":""265.95"",""ask_price"":""268.25""},{""bid_quantity"":160,""ask_quantity"":120,""bid_orders"":1,""ask_orders"":1,""bid_price"":""265.90"",""ask_price"":""268.65""},{""bid_quantity"":320,""ask_quantity"":60,""bid_orders"":1,""ask_orders"":1,""bid_price"":""265.85"",""ask_price"":""268.70""},{""bid_quantity"":60,""ask_quantity"":100,""bid_orders"":1,""ask_orders"":2,""bid_price"":""265.60"",""ask_price"":""269.05""},{""bid_quantity"":100,""ask_quantity"":100,""bid_orders"":1,""ask_orders"":1,""bid_price"":""265.20"",""ask_price"":""269.15""}]"
09:15:06.922,1790826306922791327,1544049476725194,Full Data,8,886790,168.05,20,09:15:06,,,164.07,437260,74120,3928160,2100780,"[{""bid_quantity"":40,""ask_quantity"":160,""bid_orders"":1,""ask_orders"":1,""bid_price"":""168.05"",""ask_price"":""169.85""},{""bid_quantity"":160,""ask_quantity"":160,""bid_orders"":3,""ask_orders"":1,""bid_price"":""168.00"",""ask_price"":""169.90""},{""bid_quantity"":120,""ask_quantity"":160,""bid_orders"":2,""ask_orders"":1,""bid_price"":""167.70"",""ask_price"":""169.95""},{""bid_quantity"":120,""ask_quantity"":40,""bid_orders"":1,""ask_orders"":2,""bid_price"":""167.65"",""ask_price"":""170.60""},{""bid_quantity"":3920,""ask_quantity"":100,""bid_orders"":4,""ask_orders"":1,""bid_price"":""167.60"",""ask_price"":""170.70""}]"
09:15:06.932,1790826306932582309,1544049486516136,Full Data,8,886790,170.40,80,09:15:06,,,164.07,437400,74060,3929660,2100780,"[{""bid_quantity"":160,""ask_quantity"":120,""bid_orders"":1,""ask_orders"":2,""bid_price"":""168.40"",""ask_price"":""170.55""},{""bid_quantity"":60,""ask_quantity"":40,""bid_orders"":1,""ask_orders"":2,""bid_price"":""168.35"",""ask_price"":""170.60""},{""bid_quantity"":160,""ask_quantity"":220,""bid_orders"":1,""ask_orders"":2,""bid_price"":""168.30"",""ask_price"":""170.70""},{""bid_quantity"":140,""ask_quantity"":180,""bid_orders"":3,""ask_orders"":2,""bid_price"":""168.15"",""ask_price"":""170.90""},{""bid_quantity"":40,""ask_quantity"":40,""bid_orders"":1,""ask_orders"":1,""bid_price"":""168.05"",""ask_price"":""170.95""}]"
09:15:06.943,1790826306943718498,1544049497652365,Full Data,8,887216,268.30,20,09:15:06,,,261.02,274140,35740,2720760,716360,"[{""bid_quantity"":1160,""ask_quantity"":180,""bid_orders"":6,""ask_orders"":2,""bid_price"":""265.65"",""ask_price"":""268.70""},{""bid_quantity"":40,""ask_quantity"":80,""bid_orders"":2,""ask_orders"":2,""bid_price"":""265.60"",""ask_price"":""268.95""},{""bid_quantity"":320,""ask_quantity"":60,""bid_orders"":1,""ask_orders"":1,""bid_price"":""265.55"",""ask_price"":""269.05""},{""bid_quantity"":200,""ask_quantity"":20,""bid_orders"":1,""ask_orders"":1,""bid_price"":""265.50"",""ask_price"":""269.55""},{""bid_quantity"":60,""ask_quantity"":80,""bid_orders"":1,""ask_orders"":1,""bid_price"":""265.30"",""ask_price"":""269.75""}]"
09:15:07.185,1790826307185441813,1544049739375960,Full Data,8,887306,164.00,20,09:15:07,,,151.76,104860,27900,3062880,240500,"[{""bid_quantity"":60,""ask_quantity"":160,""bid_orders"":2,""ask_orders"":1,""bid_price"":""162.05"",""ask_price"":""163.75""},{""bid_quantity"":20,""ask_quantity"":180,""bid_orders"":1,""ask_orders"":2,""bid_price"":""162.00"",""ask_price"":""163.80""},{""bid_quantity"":240,""ask_quantity"":200,""bid_orders"":3,""ask_orders"":3,""bid_price"":""161.95"",""ask_price"":""163.85""},{""bid_quantity"":60,""ask_quantity"":40,""bid_orders"":2,""ask_orders"":1,""bid_price"":""161.85"",""ask_price"":""163.95""},{""bid_quantity"":40,""ask_quantity"":60,""bid_orders"":2,""ask_orders"":1,""bid_price"":""161.80"",""ask_price"":""164.00""}]"
09:15:07.258,1790826307258211509,1544049812145416,Ticker Data,0,51,72218.04,,09:15:07,,,,,,,,
09:15:07.271,1790826307271767314,1544049825701141,Full Data,8,886620,313.00,20,09:15:07,,,314.13,172440,25900,2223500,731020,"[{""bid_quantity"":6880,""ask_quantity"":40,""bid_orders"":8,""ask_orders"":1,""bid_price"":""313.00"",""ask_price"":""313.90""},{""bid_quantity"":380,""ask_quantity"":180,""bid_orders"":7,""ask_orders"":2,""bid_price"":""312.75"",""ask_price"":""314.05""},{""bid_quantity"":60,""ask_quantity"":60,""bid_orders"":1,""ask_orders"":1,""bid_price"":""310.90"",""ask_price"":""314.10""},{""bid_quantity"":60,""ask_quantity"":100,""bid_orders"":1,""ask_orders"":2,""bid_price"":""310.85"",""ask_price"":""314.15""},{""bid_quantity"":100,""ask_quantity"":100,""bid_orders"":1,""ask_orders"":2,""bid_price"":""310.50"",""ask_price"":""314.25""}]"
09:15:07.284,1790826307284851156,1544049838784983,Full Data,8,886620,314.20,40,09:15:07,,,314.12,174520,23880,2223780,731020,"[{""bid_quantity"":60,""ask_quantity"":80,""bid_orders"":2,""ask_orders"":2,""bid_price"":""314.15"",""ask_price"":""315.90""},{""bid_quantity"":40,""ask_quantity"":40,""bid_orders"":1,""ask_orders"":1,""bid_price"":""313.90"",""ask_price"":""316.00""},{""bid_quantity"":20,""ask_quantity"":40,""bid_orders"":1,""ask_orders"":1,""bid_price"":""313.50"",""ask_price"":""316.05""},{""bid_quantity"":160,""ask_quantity"":40,""bid_orders"":1,""ask_orders"":1,""bid_price"":""313.45"",""ask_price"":""316.20""},{""bid_quantity"":60,""ask_quantity"":20,""bid_orders"":1,""ask_orders"":1,""bid_price"":""313.40"",""ask_price"":""316.30""}]"
09:15:07.386,1790826307386947316,1544049940881383,Full Data,8,887080,126.90,20,09:15:07,,,118.32,176440,38280,2634040,530840,"[{""bid_quantity"":300,""ask_quantity"":100,""bid_orders"":3,""ask_orders"":4,""bid_price"":""126.35"",""ask_price"":""127.75""},{""bid_quantity"":60,""ask_quantity"":40,""bid_orders"":2,""ask_orders"":2,""bid_price"":""126.30"",""ask_price"":""127.80""},{""bid_quantity"":140,""ask_quantity"":60,""bid_orders"":2,""ask_orders"":2,""bid_price"":""126.25"",""ask_price"":""127.85""},{""bid_quantity"":80,""ask_quantity"":60,""bid_orders"":2,""ask_orders"":2,""bid_price"":""126.20"",""ask_price"":""127.90""},{""bid_quantity"":180,""ask_quantity"":40,""bid_orders"":2,""ask_orders"":1,""bid_price"":""126.15"",""ask_price"":""128.15""}]"
09:15:07.396,1790826307396493096,1544049950426923,Full Data,8,886961,377.45,20,09:15:07,,,360.96,9700,7740,563320,36440,"[{""bid_quantity"":40,""ask_quantity"":20,""bid_orders"":1,""ask_orders"":1,""bid_price"":""374.60"",""ask_price"":""377.50""},{""bid_quantity"":40,""ask_quantity"":120,""bid_orders"":1,""ask_orders"":2,""bid_price"":""374.55"",""ask_price"":""378.00""},{""bid_quantity"":40,""ask_quantity"":120,""bid_orders"":1,""ask_orders"":1,""bid_price"":""374.50"",""ask_price"":""378.05""},{""bid_quantity"":80,""ask_quantity"":20,""bid_orders"":1,""ask_orders"":1,""bid_price"":""374.05"",""ask_price"":""378.15""},{""bid_quantity"":140,""ask_quantity"":20,""bid_orders"":1,""ask_orders"":1,""bid_price"":""374.00"",""ask_price"":""378.30""}]"
09:15:07.423,1790826307423898388,1544049977832415,Full Data,8,886461,101.30,20,09:15:07,,,92.94,281600,89140,4391780,1682940,"[{""bid_quantity"":140,""ask_quantity"":20,""bid_orders"":4,""ask_orders"":1,""bid_price"":""100.65"",""ask_price"":""101.40""},{""bid_quantity"":160,""ask_quantity"":40,""bid_orders"":1,""ask_orders"":2,""bid_price"":""100.60"",""ask_price"":""101.50""},{""bid_quantity"":180,""ask_quantity"":40,""bid_orders"":3,""ask_orders"":1,""bid_price"":""100.55"",""ask_price"":""101.60""},{""bid_quantity"":40,""ask_quantity"":160,""bid_orders"":1,""ask_orders"":1,""bid_price"":""100.50"",""ask_price"":""101.65""},{""bid_quantity"":40,""ask_quantity"":160,""bid_orders"":2,""ask_orders"":2,""bid_price"":""100.40"",""ask_price"":""101.70""}]"
09:15:07.464,1790826307464859125,1544050018793152,Full Data,8,887080,131.90,20,09:15:07,,,118.56,180380,34180,2645700,530840,"[{""bid_quantity"":160,""ask_quantity"":100,""bid_orders"":1,""ask_orders"":3,""bid_price"":""131.55"",""ask_price"":""132.25""},{""bid_quantity"":20,""ask_quantity"":20,""bid_orders"":1,""ask_orders"":1,""bid_price"":""131.50"",""ask_price"":""132.90""},{""bid_quantity"":20,""ask_quantity"":40,""bid_orders"":1,""ask_orders"":1,""bid_price"":""131.40"",""ask_price"":""132.95""},{""bid_quantity"":20,""ask_quantity"":40,""bid_orders"":1,""ask_orders"":1,""bid_price"":""131.30"",""ask_price"":""133.10""},{""bid_quantity"":20,""ask_quantity"":20,""bid_orders"":1,""ask_orders"":1,""bid_price"":""131.20"",""ask_price"":""133.15""}]"
09:15:07.466,1790826307466445415,1544050020379242,Full Data,8,886461,103.95,20,09:15:07,,,92.99,283240,85980,4400060,1682940,"[{""bid_quantity"":160,""ask_quantity"":40,""bid_orders"":1,""ask_orders"":1,""bid_price"":""104.55"",""ask_price"":""105.45""},{""bid_quantity"":80,""ask_quantity"":80,""bid_orders"":2,""ask_orders"":2,""bid_price"":""104.50"",""ask_price"":""105.50""},{""bid_quantity"":160,""ask_quantity"":160,""bid_orders"":1,""ask_orders"":3,""bid_price"":""104.45"",""ask_price"":""105.55""},{""bid_quantity"":80,""ask_quantity"":400,""bid_orders"":3,""ask_orders"":2,""bid_price"":""104.35"",""ask_price"":""105.60""},{""bid_quantity"":100,""ask_quantity"":40,""bid_orders"":3,""ask_orders"":2,""bid_price"":""104.30"",""ask_price"":""105.80""}]"
09:15:07.489,1790826307489950322,1544050043884229,Full Data,8,886540,203.65,20,09:15:07,,,207.25,216900,32160,1986580,632060,"[{""bid_quantity"":120,""ask_quantity"":20,""bid_orders"":1,""ask_orders"":1,""bid_price"":""203.70"",""ask_price"":""207.10""},{""bid_quantity"":100,""ask_quantity"":40,""bid_orders"":3,""ask_orders"":1,""bid_price"":""203.65"",""ask_price"":""207.15""},{""bid_quantity"":140,""ask_quantity"":80,""bid_orders"":4,""ask_orders"":1,""bid_price"":""203.55"",""ask_price"":""207.20""},{""bid_quantity"":320,""ask_quantity"":80,""bid_orders"":3,""ask_orders"":1,""bid_price"":""203.50"",""ask_price"":""207.30""},{""bid_quantity"":40,""ask_quantity"":20,""bid_orders"":1,""ask_orders"":1,""bid_price"":""203.45"",""ask_price"":""207.35""}]"
09:15:07.507,1790826307507763554,1544050061697461,Full Data,8,886589,323.75,40,09:15:07,,,305.05,132480,49720,2968920,194360,"[{""bid_quantity"":200,""ask_quantity"":100,""bid_orders"":1,""ask_orders"":1,""bid_price"":""321.25"",""ask_price"":""323.85""},{""bid_quantity"":200,""ask_quantity"":100,""bid_orders"":2,""ask_orders"":1,""bid_price"":""321.20"",""ask_price"":""323.90""},{""bid_quantity"":220,""ask_quantity"":80,""bid_orders"":2,""ask_orders"":2,""bid_price"":""321.15"",""ask_price"":""324.80""},{""bid_quantity"":80,""ask_quantity"":720,""bid_orders"":1,""ask_orders"":2,""bid_price"":""321.10"",""ask_price"":""324.85""},{""bid_quantity"":100,""ask_quantity"":40,""bid_orders"":2,""ask_orders"":2,""bid_price"":""321.00"",""ask_price"":""325.70""}]"
09:15:07.558,1790826307558582272,1544050112516379,Full Data,8,886671,126.60,20,09:15:07,,,126.13,208120,21480,1103480,570580,"[{""bid_quantity"":80,""ask_quantity"":80,""bid_orders"":1,""ask_orders"":2,""bid_price"":""126.05"",""ask_price"":""126.60""},{""bid_quantity"":160,""ask_quantity"":60,""bid_orders"":1,""ask_orders"":2,""bid_price"":""126.00"",""ask_price"":""126.65""},{""bid_quantity"":80,""ask_quantity"":60,""bid_orders"":1,""ask_orders"":2,""bid_price"":""125.95"",""ask_price"":""126.90""},{""bid_quantity"":120,""ask_quantity"":60,""bid_orders"":1,""ask_orders"":2,""bid_price"":""125.85"",""ask_price"":""127.10""},{""bid_quantity"":160,""ask_quantity"":60,""bid_orders"":1,""ask_orders"":2,""bid_price"":""125.80"",""ask_price"":""127.25""}]"
09:15:07.560,1790826307560234762,1544050114168549,Full Data,8,886671,126.60,20,09:15:07,,,126.13,208120,21640,1103500,570580,"[{""bid_quantity"":160,""ask_quantity"":80,""bid_orders"":1,""ask_orders"":2,""bid_price"":""126.05"",""ask_price"":""126.60""},{""bid_quantity"":100,""ask_quantity"":60,""bid_orders"":2,""ask_orders"":2,""bid_price"":""126.00"",""ask_price"":""126.65""},{""bid_quantity"":80,""ask_quantity"":60,""bid_orders"":1,""ask_orders"":2,""bid_price"":""125.95"",""ask_price"":""126.90""},{""bid_quantity"":120,""ask_quantity"":40,""bid_orders"":1,""ask_orders"":1,""bid_price"":""125.85"",""ask_price"":""127.10""},{""bid_quantity"":100,""ask_quantity"":60,""bid_orders"":1,""ask_orders"":2,""bid_price"":""125.60"",""ask_price"":""127.25""}]"
09:15:07.560,1790826307560336483,1544050114270110,Full Data,8,886685,446.45,60,09:15:07,,,454.32,195060,53280,2309520,1793000,"[{""bid_quantity"":160,""ask_quantity"":60,""bid_orders"":1,""ask_orders"":1,""bid_price"":""442.50"",""ask_price"":""446.50""},{""bid_quantity"":120,""ask_quantity"":60,""bid_orders"":2,""ask_orders"":1,""bid_price"":""442.45"",""ask_price"":""446.80""},{""bid_quantity"":80,""ask_quantity"":60,""bid_orders"":1,""ask_orders"":1,""bid_price"":""442.00"",""ask_price"":""446.85""},{""bid_quantity"":160,""ask_quantity"":60,""bid_orders"":1,""ask_orders"":1,""bid_price"":""441.95"",""ask_price"":""447.60""},{""bid_quantity"":100,""ask_quantity"":80,""bid_orders"":1,""ask_orders"":1,""bid_price"":""441.90"",""ask_price"":""447.95""}]"
09:15:07.586,1790826307586637288,1544050140571315,Full Data,8,886589,322.25,300,09:15:07,,,305.30,134360,54240,2968760,194360,"[{""bid_quantity"":240,""ask_quantity"":20,""bid_orders"":4,""ask_orders"":1,""bid_price"":""318.25"",""ask_price"":""322.30""},{""bid_quantity"":160,""ask_quantity"":80,""bid_orders"":2,""ask_orders"":2,""bid_price"":""318.20"",""ask_price"":""322.35""},{""bid_quantity"":120,""ask_quantity"":20,""bid_orders"":2,""ask_orders"":1,""bid_price"":""318.15"",""ask_price"":""322.40""},{""bid_quantity"":400,""ask_quantity"":80,""bid_orders"":3,""ask_orders"":2,""bid_price"":""318.10"",""ask_price"":""322.45""},{""bid_quantity"":80,""ask_quantity"":120,""bid_orders"":1,""ask_orders"":2,""bid_price"":""318.05"",""ask_price"":""322.50""}]"
09:15:07.888,1790826307888899102,1544050442833609,Full Data,8,886659,218.40,20,09:15:07,,,196.30,161960,71980,3184140,138720,"[{""bid_quantity"":400,""ask_quantity"":40,""bid_orders"":3,""ask_orders"":2,""bid_price"":""216.75"",""ask_price"":""218.60""},{""bid_quantity"":500,""ask_quantity"":20,""bid_orders"":3,""ask_orders"":1,""bid_price"":""216.70"",""ask_price"":""218.90""},{""bid_quantity"":240,""ask_quantity"":80,""bid_orders"":5,""ask_orders"":2,""bid_price"":""216.65"",""ask_price"":""219.00""},{""bid_quantity"":100,""ask_quantity"":80,""bid_orders"":1,""ask_orders"":4,""bid_price"":""216.60"",""ask_price"":""219.05""},{""bid_quantity"":20,""ask_quantity"":160,""bid_orders"":1,""ask_orders"":1,""bid_price"":""216.55"",""ask_price"":""219.70""}]"
09:15:07.922,1790826307922130991,1544050476065418,Full Data,8,886659,216.60,40,09:15:07,,,196.63,164420,75560,3190540,138720,"[{""bid_quantity"":20,""ask_quantity"":40,""bid_orders"":1,""ask_orders"":1,""bid_price"":""217.30"",""ask_price"":""219.10""},{""bid_quantity"":100,""ask_quantity"":40,""bid_orders"":1,""ask_orders"":1,""bid_price"":""217.15"",""ask_price"":""219.15""},{""bid_quantity"":160,""ask_quantity"":80,""bid_orders"":1,""ask_orders"":2,""bid_price"":""216.55"",""ask_price"":""219.25""},{""bid_quantity"":40,""ask_quantity"":40,""bid_orders"":1,""ask_orders"":1,""bid_price"":""216.50"",""ask_price"":""219.30""},{""bid_quantity"":80,""ask_quantity"":40,""bid_orders"":2,""ask_orders"":1,""bid_price"":""216.45"",""ask_price"":""219.45""}]"
09:15:07.923,1790826307923930482,1544050477864389,Full Data,8,887253,267.75,20,09:15:07,,,244.62,77520,24500,2194780,55040,"[{""bid_quantity"":60,""ask_quantity"":20,""bid_orders"":3,""ask_orders"":1,""bid_price"":""267.75"",""ask_price"":""270.25""},{""bid_quantity"":20,""ask_quantity"":100,""bid_orders"":1,""ask_orders"":1,""bid_price"":""267.65"",""ask_price"":""270.30""},{""bid_quantity"":60,""ask_quantity"":20,""bid_orders"":2,""ask_orders"":1,""bid_price"":""267.60"",""ask_price"":""270.40""},{""bid_quantity"":40,""ask_quantity"":120,""bid_orders"":2,""ask_orders"":2,""bid_price"":""267.55"",""ask_price"":""270.60""},{""bid_quantity"":100,""ask_quantity"":20,""bid_orders"":2,""ask_orders"":1,""bid_price"":""267.45"",""ask_price"":""271.60""}]"
09:15:07.928,1790826307928472030,1544050482406217,Full Data,8,886790,160.45,100,09:15:07,,,164.08,489980,79540,4140480,2100780,"[{""bid_quantity"":80,""ask_quantity"":160,""bid_orders"":2,""ask_orders"":1,""bid_price"":""160.45"",""ask_price"":""161.75""},{""bid_quantity"":140,""ask_quantity"":160,""bid_orders"":3,""ask_orders"":1,""bid_price"":""160.40"",""ask_price"":""161.80""},{""bid_quantity"":140,""ask_quantity"":160,""bid_orders"":3,""ask_orders"":1,""bid_price"":""160.35"",""ask_price"":""161.85""},{""bid_quantity"":60,""ask_quantity"":80,""bid_orders"":1,""ask_orders"":2,""bid_price"":""160.15"",""ask_price"":""162.20""},{""bid_quantity"":80,""ask_quantity"":40,""bid_orders"":2,""ask_orders"":1,""bid_price"":""160.10"",""ask_price"":""162.35""}]"
09:15:07.975,1790826307975440285,1544050529374232,Full Data,8,887216,256.20,60,09:15:07,,,260.80,321740,44300,2918420,716360,"[{""bid_quantity"":320,""ask_quantity"":20,""bid_orders"":1,""ask_orders"":1,""bid_price"":""252.80"",""ask_price"":""256.10""},{""bid_quantity"":20,""ask_quantity"":120,""bid_orders"":1,""ask_orders"":2,""bid_price"":""252.70"",""ask_price"":""256.30""},{""bid_quantity"":60,""ask_quantity"":100,""bid_orders"":1,""ask_orders"":1,""bid_price"":""252.65"",""ask_price"":""256.40""},{""bid_quantity"":40,""ask_quantity"":200,""bid_orders"":1,""ask_orders"":2,""bid_price"":""252.60"",""ask_price"":""256.45""},{""bid_quantity"":20,""ask_quantity"":180,""bid_orders"":1,""ask_orders"":6,""bid_price"":""252.45"",""ask_price"":""256.50""}]"
09:15:07.984,1790826307984855224,1544050538789171,Full Data,8,887216,254.45,20,09:15:07,,,260.75,324040,45860,2921400,716360,"[{""bid_quantity"":340,""ask_quantity"":60,""bid_orders"":2,""ask_orders"":3,""bid_price"":""250.50"",""ask_price"":""254.30""},{""bid_quantity"":60,""ask_quantity"":40,""bid_orders"":1,""ask_orders"":1,""bid_price"":""250.45"",""ask_price"":""254.35""},{""bid_quantity"":320,""ask_quantity"":60,""bid_orders"":1,""ask_orders"":1,""bid_price"":""250.35"",""ask_price"":""254.40""},{""bid_quantity"":40,""ask_quantity"":300,""bid_orders"":1,""ask_orders"":4,""bid_price"":""250.30"",""ask_price"":""254.45""},{""bid_quantity"":360,""ask_quantity"":140,""bid_orders"":2,""ask_orders"":3,""bid_price"":""250.00"",""ask_price"":""254.50""}]"
09:15:08.256,1790826308256518606,1544050810452953,Full Data,8,887306,174.60,20,09:15:08,,,154.37,122640,33260,3394800,240500,"[{""bid_quantity"":20,""ask_quantity"":100,""bid_orders"":1,""ask_orders"":4,""bid_price"":""173.55"",""ask_price"":""174.60""},{""bid_quantity"":20,""ask_quantity"":80,""bid_orders"":1,""ask_orders"":3,""bid_price"":""173.30"",""ask_price"":""174.65""},{""bid_quantity"":200,""ask_quantity"":140,""bid_orders"":2,""ask_orders"":4,""bid_price"":""173.25"",""ask_price"":""174.80""},{""bid_quantity"":120,""ask_quantity"":100,""bid_orders"":3,""ask_orders"":1,""bid_price"":""173.00"",""ask_price"":""174.90""},{""bid_quantity"":120,""ask_quantity"":20,""bid_orders"":2,""ask_orders"":1,""bid_price"":""172.55"",""ask_price"":""175.00""}]"
09:15:08.263,1790826308263990573,1544050817924400,Ticker Data,0,51,72228.86,,09:15:08,,,,,,,,
09:15:08.290,1790826308290711461,1544050844645368,Full Data,8,887306,173.50,20,09:15:08,,,154.46,123220,32100,3400740,240500,"[{""bid_quantity"":40,""ask_quantity"":120,""bid_orders"":2,""ask_orders"":5,""bid_price"":""173.50"",""ask_price"":""174.55""},{""bid_quantity"":160,""ask_quantity"":40,""bid_orders"":1,""ask_orders"":1,""bid_price"":""173.45"",""ask_price"":""174.70""},{""bid_quantity"":20,""ask_quantity"":120,""bid_orders"":1,""ask_orders"":1,""bid_price"":""173.40"",""ask_price"":""174.75""},{""bid_quantity"":160,""ask_quantity"":440,""bid_orders"":1,""ask_orders"":1,""bid_price"":""173.30"",""ask_price"":""174.80""},{""bid_quantity"":80,""ask_quantity"":100,""bid_orders"":1,""ask_orders"":1,""bid_price"":""173.25"",""ask_price"":""174.90""}]"
09:15:08.300,1790826308300218320,1544050854152227,Full Data,8,886620,301.65,20,09:15:08,,,313.51,204480,32800,2279740,731020,"[{""bid_quantity"":40,""ask_quantity"":160,""bid_orders"":1,""ask_orders"":2,""bid_price"":""301.45"",""ask_price"":""303.95""},{""bid_quantity"":200,""ask_quantity"":120,""bid_orders"":2,""ask_orders"":3,""bid_price"":""300.90"",""ask_price"":""304.15""},{""bid_quantity"":1020,""ask_quantity"":100,""bid_orders"":8,""ask_orders"":1,""bid_price"":""300.85"",""ask_price"":""304.20""},{""bid_quantity"":120,""ask_quantity"":140,""bid_orders"":2,""ask_orders"":3,""bid_price"":""300.60"",""ask_price"":""304.25""},{""bid_quantity"":60,""ask_quantity"":60,""bid_orders"":1,""ask_orders"":2,""bid_price"":""300.35"",""ask_price"":""304.45""}]"
09:15:08.318,1790826308318643236,1544050872577303,Full Data,8,886620,302.15,20,09:15:08,,,313.47,205300,30960,2280500,731020,"[{""bid_quantity"":20,""ask_quantity"":120,""bid_orders"":1,""ask_orders"":3,""bid_price"":""301.85"",""ask_price"":""303.80""},{""bid_quantity"":320,""ask_quantity"":40,""bid_orders"":2,""ask_orders"":1,""bid_price"":""301.75"",""ask_price"":""304.65""},{""bid_quantity"":120,""ask_quantity"":80,""bid_orders"":1,""ask_orders"":1,""bid_price"":""301.70"",""ask_price"":""304.70""},{""bid_quantity"":160,""ask_quantity"":40,""bid_orders"":1,""ask_orders"":1,""bid_price"":""301.65"",""ask_price"":""304.75""},{""bid_quantity"":20,""ask_quantity"":20,""bid_orders"":1,""ask_orders"":1,""bid_price"":""301.60"",""ask_price"":""305.15""}]"
09:15:08.463,1790826308463292542,1544051017227089,Full Data,8,887080,138.40,20,09:15:08,,,120.10,198940,34180,2926840,530840,"[{""bid_quantity"":40,""ask_quantity"":160,""bid_orders"":1,""ask_orders"":1,""bid_price"":""137.75"",""ask_price"":""138.65""},{""bid_quantity"":160,""ask_quantity"":80,""bid_orders"":2,""ask_orders"":2,""bid_price"":""137.70"",""ask_price"":""138.70""},{""bid_quantity"":80,""ask_quantity"":200,""bid_orders"":2,""ask_orders"":3,""bid_price"":""137.65"",""ask_price"":""138.75""},{""bid_quantity"":60,""ask_quantity"":40,""bid_orders"":2,""ask_orders"":1,""bid_price"":""137.60"",""ask_price"":""138.80""},{""bid_quantity"":100,""ask_quantity"":40,""bid_orders"":3,""ask_orders"":2,""bid_price"":""137.55"",""ask_price"":""139.00""}]"
09:15:08.471,1790826308471528354,1544051025462181,Full Data,8,886461,109.10,220,09:15:08,,,94.22,309480,96220,4493340,1682940,"[{""bid_quantity"":80,""ask_quantity"":20,""bid_orders"":2,""ask_orders"":1,""bid_price"":""109.20"",""ask_price"":""109.75""},{""bid_quantity"":60,""ask_quantity"":20,""bid_orders"":2,""ask_orders"":1,""bid_price"":""109.15"",""ask_price"":""109.85""},{""bid_quantity"":60,""ask_quantity"":220,""bid_orders"":2,""ask_orders"":2,""bid_price"":""109.10"",""ask_price"":""110.55""},{""bid_quantity"":120,""ask_quantity"":40,""bid_orders"":4,""ask_orders"":1,""bid_price"":""109.05"",""ask_price"":""110.60""},{""bid_quantity"":320,""ask_quantity"":40,""bid_orders"":7,""ask_orders"":1,""bid_price"":""108.95"",""ask_price"":""110.65""}]"
09:15:08.498,1790826308498490123,1544051052424110,Full Data,8,886961,397.55,20,09:15:08,,,364.33,11080,9660,607120,36440,"[{""bid_quantity"":40,""ask_quantity"":20,""bid_orders"":1,""ask_orders"":1,""bid_price"":""396.30"",""ask_price"":""398.35""},{""bid_quantity"":120,""ask_quantity"":20,""bid_orders"":1,""ask_orders"":1,""bid_price"":""396.25"",""ask_price"":""398.70""},{""bid_quantity"":40,""ask_quantity"":40,""bid_orders"":1,""ask_orders"":2,""bid_price"":""396.20"",""ask_price"":""398.75""},{""bid_quantity"":140,""ask_quantity"":40,""bid_orders"":1,""ask_orders"":1,""bid_price"":""395.90"",""ask_price"":""400.50""},{""bid_quantity"":20,""ask_quantity"":60,""bid_orders"":1,""ask_orders"":2,""bid_price"":""395.75"",""ask_price"":""400.55""}]"
09:15:08.531,1790826308531863812,1544051085797759,Full Data,8,886540,196.80,40,09:15:08,,,206.28,258880,44560,2001800,632060,"[{""bid_quantity"":20,""ask_quantity"":100,""bid_orders"":1,""ask_orders"":3,""bid_price"":""195.25"",""ask_price"":""196.60""},{""bid_quantity"":320,""ask_quantity"":60,""bid_orders"":2,""ask_orders"":2,""bid_price"":""195.10"",""ask_price"":""196.70""},{""bid_quantity"":80,""ask_quantity"":140,""bid_orders"":2,""ask_orders"":1,""bid_price"":""195.00"",""ask_price"":""196.90""},{""bid_quantity"":20,""ask_quantity"":440,""bid_orders"":1,""ask_orders"":3,""bid_price"":""194.95"",""ask_price"":""196.95""},{""bid_quantity"":20,""ask_quantity"":120,""bid_orders"":1,""ask_orders"":5,""bid_price"":""194.80"",""ask_price"":""197.05""}]"
09:15:08.533,1790826308533377662,1544051087311529,Full Data,8,887080,139.30,20,09:15:08,,,120.30,201080,34400,3026100,530840,"[{""bid_quantity"":20,""ask_quantity"":60,""bid_orders"":1,""ask_orders"":2,""bid_price"":""139.30"",""ask_price"":""139.75""},{""bid_quantity"":60,""ask_quantity"":40,""bid_orders"":2,""ask_orders"":2,""bid_price"":""139.15"",""ask_price"":""139.95""},{""bid_quantity"":80,""ask_quantity"":200,""bid_orders"":2,""ask_orders"":1,""bid_price"":""139.10"",""ask_price"":""140.00""},{""bid_quantity"":40,""ask_quantity"":180,""bid_orders"":1,""ask_orders"":2,""bid_price"":""139.05"",""ask_price"":""140.30""},{""bid_quantity"":40,""ask_quantity"":40,""bid_orders"":1,""ask_orders"":2,""bid_price"":""138.90"",""ask_price"":""140.35""}]"
09:15:08.555,1790826308555774122,1544051109708029,Full Data,8,886671,119.50,20,09:15:08,,,126.01,223200,25200,1151640,570580,"[{""bid_quantity"":60,""ask_quantity"":20,""bid_orders"":2,""ask_orders"":1,""bid_price"":""118.80"",""ask_price"":""119.20""},{""bid_quantity"":100,""ask_quantity"":20,""bid_orders"":2,""ask_orders"":1,""bid_price"":""118.65"",""ask_price"":""119.25""},{""bid_quantity"":100,""ask_quantity"":20,""bid_orders"":1,""ask_orders"":1,""bid_price"":""118.60"",""ask_price"":""119.40""},{""bid_quantity"":20,""ask_quantity"":20,""bid_orders"":1,""ask_orders"":1,""bid_price"":""118.55"",""ask_price"":""119.50""},{""bid_quantity"":20,""ask_quantity"":20,""bid_orders"":1,""ask_orders"":1,""bid_price"":""118.45"",""ask_price"":""119.55""}]"
09:15:08.582,1790826308582783051,1544051136717158,Full Data,8,886589,333.00,20,09:15:08,,,307.36,146420,46500,3146820,194360,"[{""bid_quantity"":80,""ask_quantity"":10860,""bid_orders"":2,""ask_orders"":11,""bid_price"":""332.55"",""ask_price"":""333.00""},{""bid_quantity"":40,""ask_quantity"":100,""bid_orders"":1,""ask_orders"":1,""bid_price"":""332.45"",""ask_price"":""334.80""},{""bid_quantity"":180,""ask_quantity"":20,""bid_orders"":2,""ask_orders"":1,""bid_price"":""332.40"",""ask_price"":""334.90""},{""bid_quantity"":200,""ask_quantity"":100,""bid_orders"":3,""ask_orders"":1,""bid_price"":""332.35"",""ask_price"":""335.10""},{""bid_quantity"":40,""ask_quantity"":140,""bid_orders"":1,""ask_orders"":1,""bid_price"":""332.30"",""ask_price"":""335.30""}]"
09:15:08.600,1790826308600480642,1544051154414549,Full Data,8,886540,197.05,80,09:15:08,,,206.13,262720,47160,2003680,632060,"[{""bid_quantity"":40,""ask_quantity"":80,""bid_orders"":1,""ask_orders"":1,""bid_price"":""193.90"",""ask_price"":""195.80""},{""bid_quantity"":820,""ask_quantity"":80,""bid_orders"":9,""ask_orders"":1,""bid_price"":""193.80"",""ask_price"":""196.40""},{""bid_quantity"":60,""ask_quantity"":80,""bid_orders"":1,""ask_orders"":1,""bid_price"":""193.75"",""ask_price"":""196.95""},{""bid_quantity"":40,""ask_quantity"":440,""bid_orders"":1,""ask_orders"":3,""bid_price"":""193.70"",""ask_price"":""197.00""},{""bid_quantity"":60,""ask_quantity"":160,""bid_orders"":1,""ask_orders"":3,""bid_price"":""193.55"",""ask_price"":""197.05""}]"
09:15:08.640,1790826308640110970,1544051194045038,Full Data,8,886589,333.00,20,09:15:08,,,307.39,146600,46320,3155280,194360,"[{""bid_quantity"":120,""ask_quantity"":10700,""bid_orders"":1,""ask_orders"":11,""bid_price"":""332.55"",""ask_price"":""333.00""},{""bid_quantity"":220,""ask_quantity"":40,""bid_orders"":3,""ask_orders"":2,""bid_price"":""332.50"",""ask_price"":""334.25""},{""bid_quantity"":80,""ask_quantity"":120,""bid_orders"":1,""ask_orders"":2,""bid_price"":""332.35"",""ask_price"":""334.50""},{""bid_quantity"":140,""ask_quantity"":120,""bid_orders"":2,""ask_orders"":2,""bid_price"":""332.25"",""ask_price"":""334.80""},{""bid_quantity"":60,""ask_quantity"":120,""bid_orders"":2,""ask_orders"":2,""bid_price"":""332.20"",""ask_price"":""335.10""}]"
09:15:08.837,1790826308837151006,1544051391085153,Full Data,8,887279,363.55,20,09:15:08,,,379.29,196540,29200,2014540,793060,"[{""bid_quantity"":20,""ask_quantity"":100,""bid_orders"":1,""ask_orders"":1,""bid_price"":""361.65"",""ask_price"":""363.40""},{""bid_quantity"":20,""ask_quantity"":160,""bid_orders"":1,""ask_orders"":1,""bid_price"":""361.35"",""ask_price"":""363.45""},{""bid_quantity"":160,""ask_quantity"":40,""bid_orders"":1,""ask_orders"":2,""bid_price"":""360.70"",""ask_price"":""363.50""},{""bid_quantity"":40,""ask_quantity"":20,""bid_orders"":1,""ask_orders"":1,""bid_price"":""360.65"",""ask_price"":""363.60""},{""bid_quantity"":100,""ask_quantity"":160,""bid_orders"":1,""ask_orders"":2,""bid_price"":""360.60"",""ask_price"":""363.70""}]"
09:15:08.906,1790826308906604361,1544051460538388,Full Data,8,886659,222.00,160,09:15:08,,,200.09,192480,65620,3567740,138720,"[{""bid_quantity"":120,""ask_quantity"":40,""bid_orders"":1,""ask_orders"":1,""bid_price"":""221.30"",""ask_price"":""223.30""},{""bid_quantity"":560,""ask_quantity"":40,""bid_orders"":4,""ask_orders"":1,""bid_price"":""221.25"",""ask_price"":""224.15""},{""bid_quantity"":60,""ask_quantity"":40,""bid_orders"":2,""ask_orders"":1,""bid_price"":""221.20"",""ask_price"":""224.20""},{""bid_quantity"":280,""ask_quantity"":20,""bid_orders"":2,""ask_orders"":1,""bid_price"":""221.15"",""ask_price"":""224.30""},{""bid_quantity"":40,""ask_quantity"":40,""bid_orders"":1,""ask_orders"":1,""bid_price"":""221.10"",""ask_price"":""224.50""}]"
09:15:08.936,1790826308936189386,1544051490123373,Full Data,8,887253,276.30,60,09:15:08,,,249.89,96760,22580,2394120,55040,"[{""bid_quantity"":200,""ask_quantity"":20,""bid_orders"":4,""ask_orders"":1,""bid_price"":""273.00"",""ask_price"":""275.90""},{""bid_quantity"":220,""ask_quantity"":40,""bid_orders"":2,""ask_orders"":1,""bid_price"":""272.95"",""ask_price"":""276.20""},{""bid_quantity"":60,""ask_quantity"":20,""bid_orders"":2,""ask_orders"":1,""bid_price"":""272.90"",""ask_price"":""276.25""},{""bid_quantity"":300,""ask_quantity"":40,""bid_orders"":2,""ask_orders"":1,""bid_price"":""272.70"",""ask_price"":""276.40""},{""bid_quantity"":40,""ask_quantity"":60,""bid_orders"":1,""ask_orders"":2,""bid_price"":""272.55"",""ask_price"":""276.45""}]"
09:15:08.957,1790826308957897922,1544051511831909,Full Data,8,886790,155.30,40,09:15:08,,,163.20,573980,87580,4184520,2100780,"[{""bid_quantity"":180,""ask_quantity"":80,""bid_orders"":2,""ask_orders"":2,""bid_price"":""155.30"",""ask_price"":""156.25""},{""bid_quantity"":200,""ask_quantity"":40,""bid_orders"":1,""ask_orders"":1,""bid_price"":""155.25"",""ask_price"":""156.30""},{""bid_quantity"":140,""ask_quantity"":40,""bid_orders"":2,""ask_orders"":1,""bid_price"":""155.20"",""ask_price"":""156.40""},{""bid_quantity"":180,""ask_quantity"":100,""bid_orders"":2,""ask_orders"":2,""bid_price"":""155.10"",""ask_price"":""156.45""},{""bid_quantity"":60,""ask_quantity"":2360,""bid_orders"":1,""ask_orders"":13,""bid_price"":""155.05"",""ask_price"":""156.50""}]"
09:15:08.958,1790826308958543206,1544051512477073,Full Data,8,886790,155.30,100,09:15:08,,,163.20,574080,87840,4184520,2100780,"[{""bid_quantity"":200,""ask_quantity"":80,""bid_orders"":2,""ask_orders"":2,""bid_price"":""155.30"",""ask_price"":""156.25""},{""bid_quantity"":140,""ask_quantity"":80,""bid_orders"":2,""ask_orders"":2,""bid_price"":""155.20"",""ask_price"":""156.45""},{""bid_quantity"":220,""ask_quantity"":2360,""bid_orders"":3,""ask_orders"":13,""bid_price"":""155.10"",""ask_price"":""156.50""},{""bid_quantity"":220,""ask_quantity"":60,""bid_orders"":2,""ask_orders"":2,""bid_price"":""155.05"",""ask_price"":""156.60""},{""bid_quantity"":40,""ask_quantity"":80,""bid_orders"":1,""ask_orders"":3,""bid_price"":""155.00"",""ask_price"":""156.80""}]"
09:15:08.989,1790826308989100918,1544051543034865,Full Data,8,886659,224.65,40,09:15:08,,,200.24,193780,66720,3577900,138720,"[{""bid_quantity"":40,""ask_quantity"":200,""bid_orders"":1,""ask_orders"":1,""bid_price"":""224.70"",""ask_price"":""226.10""},{""bid_quantity"":40,""ask_quantity"":80,""bid_orders"":1,""ask_orders"":2,""bid_price"":""224.65"",""ask_price"":""226.15""},{""bid_quantity"":40,""ask_quantity"":40,""bid_orders"":1,""ask_orders"":1,""bid_price"":""224.60"",""ask_price"":""226.30""},{""bid_quantity"":40,""ask_quantity"":80,""bid_orders"":1,""ask_orders"":2,""bid_price"":""224.50"",""ask_price"":""226.50""},{""bid_quantity"":40,""ask_quantity"":80,""bid_orders"":1,""ask_orders"":2,""bid_price"":""224.45"",""ask_price"":""226.55""}]"
09:15:09.005,1790826309005625181,1544051559559168,Full Data,8,887216,244.20,20,09:15:08,,,259.29,364760,47060,3109300,716360,"[{""bid_quantity"":40,""ask_quantity"":80,""bid_orders"":1,""ask_orders"":1,""bid_price"":""244.15"",""ask_price"":""246.40""},{""bid_quantity"":160,""ask_quantity"":60,""bid_orders"":2,""ask_orders"":2,""bid_price"":""244.10"",""ask_price"":""246.50""},{""bid_quantity"":520,""ask_quantity"":80,""bid_orders"":2,""ask_orders"":2,""bid_price"":""244.05"",""ask_price"":""246.70""},{""bid_quantity"":60,""ask_quantity"":80,""bid_orders"":2,""ask_orders"":2,""bid_price"":""243.95"",""ask_price"":""246.80""},{""bid_quantity"":360,""ask_quantity"":40,""bid_orders"":2,""ask_orders"":1,""bid_price"":""243.80"",""ask_price"":""246.90""}]"
09:15:09.030,1790826309030490017,1544051584423924,Full Data,8,887253,278.60,20,09:15:08,,,250.00,97160,22480,2410580,55040,"[{""bid_quantity"":120,""ask_quantity"":20,""bid_orders"":3,""ask_orders"":1,""bid_price"":""277.25"",""ask_price"":""280.95""},{""bid_quantity"":100,""ask_quantity"":20,""bid_orders"":1,""ask_orders"":1,""bid_price"":""277.20"",""ask_price"":""281.00""},{""bid_quantity"":80,""ask_quantity"":40,""bid_orders"":3,""ask_orders"":1,""bid_price"":""277.15"",""ask_price"":""281.20""},{""bid_quantity"":20,""ask_quantity"":20,""bid_orders"":1,""ask_orders"":1,""bid_price"":""277.10"",""ask_price"":""281.25""},{""bid_quantity"":40,""ask_quantity"":80,""bid_orders"":2,""ask_orders"":1,""bid_price"":""277.05"",""ask_price"":""282.20""}]"
09:15:09.045,1790826309045344190,1544051599278417,Full Data,8,887216,243.15,120,09:15:09,,,259.22,366460,46700,3111640,716360,"[{""bid_quantity"":840,""ask_quantity"":20,""bid_orders"":13,""ask_orders"":1,""bid_price"":""243.15"",""ask_price"":""244.10""},{""bid_quantity"":560,""ask_quantity"":220,""bid_orders"":7,""ask_orders"":2,""bid_price"":""242.55"",""ask_price"":""244.15""},{""bid_quantity"":20,""ask_quantity"":80,""bid_orders"":1,""ask_orders"":2,""bid_price"":""242.15"",""ask_price"":""244.20""},{""bid_quantity"":20,""ask_quantity"":120,""bid_orders"":1,""ask_orders"":4,""bid_price"":""241.90"",""ask_price"":""244.25""},{""bid_quantity"":60,""ask_quantity"":20,""bid_orders"":1,""ask_orders"":1,""bid_price"":""241.40"",""ask_price"":""244.35""}]"
09:15:09.241,1790826309241946863,1544051795881250,Ticker Data,0,51,72235.23,,09:15:09,,,,,,,,
09:15:09.305,1790826309305968624,1544051859902611,Full Data,8,887306,190.00,20,09:15:09,,,158.49,145760,28760,3643740,240500,"[{""bid_quantity"":160,""ask_quantity"":100,""bid_orders"":1,""ask_orders"":2,""bid_price"":""189.95"",""ask_price"":""190.80""},{""bid_quantity"":280,""ask_quantity"":80,""bid_orders"":4,""ask_orders"":2,""bid_price"":""189.90"",""ask_price"":""190.85""},{""bid_quantity"":40,""ask_quantity"":20,""bid_orders"":1,""ask_orders"":1,""bid_price"":""189.80"",""ask_price"":""191.05""},{""bid_quantity"":40,""ask_quantity"":40,""bid_orders"":1,""ask_orders"":1,""bid_price"":""189.70"",""ask_price"":""191.20""},{""bid_quantity"":120,""ask_quantity"":60,""bid_orders"":2,""ask_orders"":2,""bid_price"":""189.55"",""ask_price"":""191.25""}]"
09:15:09.337,1790826309337969304,1544051891903291,Full Data,8,886620,288.00,20,09:15:09,,,311.99,226140,33600,2326540,731020,"[{""bid_quantity"":120,""ask_quantity"":160,""bid_orders"":4,""ask_orders"":1,""bid_price"":""288.00"",""ask_price"":""288.60""},{""bid_quantity"":20,""ask_quantity"":60,""bid_orders"":1,""ask_orders"":1,""bid_price"":""287.95"",""ask_price"":""288.75""},{""bid_quantity"":20,""ask_quantity"":60,""bid_orders"":1,""ask_orders"":1,""bid_price"":""287.65"",""ask_price"":""288.85""},{""bid_quantity"":80,""ask_quantity"":180,""bid_orders"":1,""ask_orders"":2,""bid_price"":""287.25"",""ask_price"":""288.90""},{""bid_quantity"":220,""ask_quantity"":60,""bid_orders"":4,""ask_orders"":1,""bid_price"":""287.15"",""ask_price"":""288.95""}]"
09:15:09.362,1790826309362173256,1544051916107443,Full Data,8,886620,288.05,20,09:15:09,,,311.91,226960,33160,2328580,731020,"[{""bid_quantity"":220,""ask_quantity"":20,""bid_orders"":5,""ask_orders"":1,""bid_price"":""288.00"",""ask_price"":""288.15""},{""bid_quantity"":20,""ask_quantity"":100,""bid_orders"":1,""ask_orders"":2,""bid_price"":""287.95"",""ask_price"":""289.05""},{""bid_quantity"":20,""ask_quantity"":60,""bid_orders"":1,""ask_orders"":2,""bid_price"":""287.80"",""ask_price"":""289.10""},{""bid_quantity"":160,""ask_quantity"":40,""bid_orders"":1,""ask_orders"":2,""bid_price"":""287.30"",""ask_price"":""289.15""},{""bid_quantity"":80,""ask_quantity"":40,""bid_orders"":1,""ask_orders"":1,""bid_price"":""287.25"",""ask_price"":""290.40""}]"
09:15:09.524,1790826309524809756,1544052078743943,Full Data,8,886961,424.85,140,09:15:09,,,371.42,12880,9540,688360,36440,"[{""bid_quantity"":60,""ask_quantity"":160,""bid_orders"":2,""ask_orders"":2,""bid_price"":""424.90"",""ask_price"":""428.80""},{""bid_quantity"":60,""ask_quantity"":60,""bid_orders"":2,""ask_orders"":2,""bid_price"":""424.80"",""ask_price"":""428.85""},{""bid_quantity"":20,""ask_quantity"":400,""bid_orders"":1,""ask_orders"":1,""bid_price"":""424.75"",""ask_price"":""430.95""},{""bid_quantity"":20,""ask_quantity"":220,""bid_orders"":1,""ask_orders"":2,""bid_price"":""424.65"",""ask_price"":""432.30""},{""bid_quantity"":20,""ask_quantity"":80,""bid_orders"":1,""ask_orders"":1,""bid_price"":""424.50"",""ask_price"":""433.35""}]"
09:15:09.526,1790826309526156644,1544052080090551,Full Data,8,886461,123.45,20,09:15:09,,,96.52,349200,89420,4504100,1682940,"[{""bid_quantity"":60,""ask_quantity"":20,""bid_orders"":1,""ask_orders"":1,""bid_price"":""123.50"",""ask_price"":""123.85""},{""bid_quantity"":140,""ask_quantity"":40,""bid_orders"":1,""ask_orders"":1,""bid_price"":""123.45"",""ask_price"":""123.90""},{""bid_quantity"":80,""ask_quantity"":60,""bid_orders"":2,""ask_orders"":2,""bid_price"":""123.40"",""ask_price"":""123.95""},{""bid_quantity"":140,""ask_quantity"":160,""bid_orders"":1,""ask_orders"":1,""bid_price"":""123.35"",""ask_price"":""124.00""},{""bid_quantity"":40,""ask_quantity"":20,""bid_orders"":1,""ask_orders"":1,""bid_price"":""123.30"",""ask_price"":""124.05""}]"
09:15:09.543,1790826309543981156,1544052097915063,Full Data,8,887080,156.40,60,09:15:09,,,122.29,218180,39960,3123060,530840,"[{""bid_quantity"":40,""ask_quantity"":80,""bid_orders"":1,""ask_orders"":3,""bid_price"":""155.00"",""ask_price"":""155.85""},{""bid_quantity"":120,""ask_quantity"":120,""bid_orders"":2,""ask_orders"":4,""bid_price"":""154.95"",""ask_price"":""155.90""},{""bid_quantity"":40,""ask_quantity"":40,""bid_orders"":1,""ask_orders"":1,""bid_price"":""154.85"",""ask_price"":""156.00""},{""bid_quantity"":60,""ask_quantity"":40,""bid_orders"":2,""ask_orders"":1,""bid_price"":""154.80"",""ask_price"":""156.10""},{""bid_quantity"":140,""ask_quantity"":80,""bid_orders"":2,""ask_orders"":1,""bid_price"":""154.75"",""ask_price"":""156.35""}]"
09:15:09.562,1790826309562608152,1544052116542179,Full Data,8,886671,112.45,20,09:15:09,,,125.37,240580,31240,1292240,570580,"[{""bid_quantity"":320,""ask_quantity"":20,""bid_orders"":2,""ask_orders"":1,""bid_price"":""111.90"",""ask_price"":""112.65""},{""bid_quantity"":60,""ask_quantity"":60,""bid_orders"":1,""ask_orders"":1,""bid_price"":""111.85"",""ask_price"":""112.70""},{""bid_quantity"":180,""ask_quantity"":80,""bid_orders"":2,""ask_orders"":2,""bid_price"":""111.75"",""ask_price"":""112.75""},{""bid_quantity"":20,""ask_quantity"":120,""bid_orders"":1,""ask_orders"":1,""bid_price"":""111.70"",""ask_price"":""113.70""},{""bid_quantity"":100,""ask_quantity"":60,""bid_orders"":2,""ask_orders"":1,""bid_price"":""111.65"",""ask_price"":""113.75""}]"
09:15:09.567,1790826309567756185,1544052121690052,Full Data,8,886671,112.40,40,09:15:09,,,125.35,240980,31160,1292080,570580,"[{""bid_quantity"":160,""ask_quantity"":60,""bid_orders"":1,""ask_orders"":3,""bid_price"":""112.10"",""ask_price"":""112.45""},{""bid_quantity"":160,""ask_quantity"":20,""bid_orders"":1,""ask_orders"":1,""bid_price"":""112.05"",""ask_price"":""112.55""},{""bid_quantity"":160,""ask_quantity"":40,""bid_orders"":1,""ask_orders"":1,""bid_price"":""112.00"",""ask_price"":""113.35""},{""bid_quantity"":20,""ask_quantity"":200,""bid_orders"":1,""ask_orders"":3,""bid_price"":""111.75"",""ask_price"":""113.40""},{""bid_quantity"":60,""ask_quantity"":120,""bid_orders"":1,""ask_orders"":1,""bid_price"":""111.70"",""ask_price"":""113.65""}]"
09:15:09.578,1790826309578034169,1544052131968156,Full Data,8,886685,408.60,80,09:15:09,,,451.05,230040,71900,2483320,1793000,"[{""bid_quantity"":400,""ask_quantity"":40,""bid_orders"":4,""ask_orders"":1,""bid_price"":""408.60"",""ask_price"":""410.50""},{""bid_quantity"":180,""ask_quantity"":140,""bid_orders"":2,""ask_orders"":2,""bid_price"":""406.85"",""ask_price"":""410.55""},{""bid_quantity"":160,""ask_quantity"":80,""bid_orders"":1,""ask_orders"":1,""bid_price"":""406.80"",""ask_price"":""410.65""},{""bid_quantity"":20,""ask_quantity"":100,""bid_orders"":1,""ask_orders"":1,""bid_price"":""406.75"",""ask_price"":""410.70""},{""bid_quantity"":100,""ask_quantity"":40,""bid_orders"":1,""ask_orders"":1,""bid_price"":""406.50"",""ask_price"":""410.80""}]"
09:15:09.590,1790826309590850449,1544052144784436,Full Data,8,886461,122.45,20,09:15:09,,,96.68,351320,90280,4505660,1682940,"[{""bid_quantity"":40,""ask_quantity"":100,""bid_orders"":1,""ask_orders"":1,""bid_price"":""122.70"",""ask_price"":""123.40""},{""bid_quantity"":200,""ask_quantity"":60,""bid_orders"":2,""ask_orders"":1,""bid_price"":""122.65"",""ask_price"":""123.45""},{""bid_quantity"":140,""ask_quantity"":80,""bid_orders"":4,""ask_orders"":1,""bid_price"":""122.60"",""ask_price"":""123.50""},{""bid_quantity"":100,""ask_quantity"":100,""bid_orders"":3,""ask_orders"":1,""bid_price"":""122.55"",""ask_price"":""123.60""},{""bid_quantity"":40,""ask_quantity"":20,""bid_orders"":1,""ask_orders"":1,""bid_price"":""122.50"",""ask_price"":""123.70""}]"
09:15:09.611,1790826309611807501,1544052165741448,Full Data,8,886540,184.10,20,09:15:09,,,205.12,281320,45800,2016980,632060,"[{""bid_quantity"":3360,""ask_quantity"":80,""bid_orders"":13,""ask_orders"":2,""bid_price"":""184.10"",""ask_price"":""184.40""},{""bid_quantity"":800,""ask_quantity"":100,""bid_orders"":1,""ask_orders"":2,""bid_price"":""183.95"",""ask_price"":""184.45""},{""bid_quantity"":20,""ask_quantity"":20,""bid_orders"":1,""ask_orders"":1,""bid_price"":""183.75"",""ask_price"":""184.50""},{""bid_quantity"":3400,""ask_quantity"":160,""bid_orders"":19,""ask_orders"":3,""bid_price"":""183.25"",""ask_price"":""184.55""},{""bid_quantity"":20,""ask_quantity"":80,""bid_orders"":1,""ask_orders"":3,""bid_price"":""183.00"",""ask_price"":""184.60""}]"
09:15:09.628,1790826309628369205,1544052182303352,Full Data,8,887080,155.30,20,09:15:09,,,122.35,218560,37560,3124100,530840,"[{""bid_quantity"":40,""ask_quantity"":80,""bid_orders"":2,""ask_orders"":1,""bid_price"":""154.80"",""ask_price"":""155.25""},{""bid_quantity"":20,""ask_quantity"":100,""bid_orders"":1,""ask_orders"":2,""bid_price"":""154.60"",""ask_price"":""155.35""},{""bid_quantity"":80,""ask_quantity"":40,""bid_orders"":1,""ask_orders"":2,""bid_price"":""154.40"",""ask_price"":""155.45""},{""bid_quantity"":20,""ask_quantity"":60,""bid_orders"":1,""ask_orders"":2,""bid_price"":""154.35"",""ask_price"":""155.50""},{""bid_quantity"":100,""ask_quantity"":40,""bid_orders"":1,""ask_orders"":2,""bid_price"":""154.25"",""ask_price"":""155.55""}]"
09:15:09.643,1790826309643127977,1544052197061884,Full Data,8,886540,184.10,40,09:15:09,,,204.79,285900,44740,2013140,632060,"[{""bid_quantity"":1240,""ask_quantity"":60,""bid_orders"":6,""ask_orders"":3,""bid_price"":""184.10"",""ask_price"":""184.40""},{""bid_quantity"":800,""ask_quantity"":60,""bid_orders"":1,""ask_orders"":2,""bid_price"":""183.95"",""ask_price"":""184.60""},{""bid_quantity"":40,""ask_quantity"":120,""bid_orders"":2,""ask_orders"":3,""bid_price"":""183.75"",""ask_price"":""184.80""},{""bid_quantity"":20,""ask_quantity"":260,""bid_orders"":1,""ask_orders"":3,""bid_price"":""183.65"",""ask_price"":""184.85""},{""bid_quantity"":80,""ask_quantity"":300,""bid_orders"":1,""ask_orders"":3,""bid_price"":""183.55"",""ask_price"":""184.90""}]"
09:15:09.661,1790826309661831414,1544052215765401,Full Data,8,886589,358.50,20,09:15:09,,,314.22,180080,20900,3541140,194360,"[{""bid_quantity"":60,""ask_quantity"":20,""bid_orders"":1,""ask_orders"":1,""bid_price"":""356.45"",""ask_price"":""358.80""},{""bid_quantity"":120,""ask_quantity"":40,""bid_orders"":2,""ask_orders"":1,""bid_price"":""356.40"",""ask_price"":""359.05""},{""bid_quantity"":20,""ask_quantity"":100,""bid_orders"":1,""ask_orders"":1,""bid_price"":""356.35"",""ask_price"":""359.10""},{""bid_quantity"":140,""ask_quantity"":40,""bid_orders"":2,""ask_orders"":1,""bid_price"":""356.30"",""ask_price"":""359.30""},{""bid_quantity"":40,""ask_quantity"":100,""bid_orders"":1,""ask_orders"":1,""bid_price"":""356.25"",""ask_price"":""359.40""}]"
09:15:09.859,1790826309859800615,1544052413734642,Full Data,8,887279,342.30,60,09:15:09,,,376.06,220700,32420,2033180,793060,"[{""bid_quantity"":40,""ask_quantity"":200,""bid_orders"":1,""ask_orders"":2,""bid_price"":""340.05"",""ask_price"":""342.55""},{""bid_quantity"":160,""ask_quantity"":200,""bid_orders"":1,""ask_orders"":5,""bid_price"":""340.00"",""ask_price"":""342.60""},{""bid_quantity"":160,""ask_quantity"":20,""bid_orders"":1,""ask_orders"":1,""bid_price"":""339.95"",""ask_price"":""342.70""},{""bid_quantity"":60,""ask_quantity"":40,""bid_orders"":1,""ask_orders"":1,""bid_price"":""339.70"",""ask_price"":""342.80""},{""bid_quantity"":20,""ask_quantity"":100,""bid_orders"":1,""ask_orders"":1,""bid_price"":""339.65"",""ask_price"":""342.90""}]"
09:15:09.937,1790826309937718944,1544052491653251,Full Data,8,886790,145.95,40,09:15:09,,,161.19,656520,90280,4266220,2100780,"[{""bid_quantity"":60,""ask_quantity"":40,""bid_orders"":2,""ask_orders"":1,""bid_price"":""145.05"",""ask_price"":""146.10""},{""bid_quantity"":160,""ask_quantity"":180,""bid_orders"":1,""ask_orders"":2,""bid_price"":""145.00"",""ask_price"":""146.20""},{""bid_quantity"":80,""ask_quantity"":340,""bid_orders"":1,""ask_orders"":2,""bid_price"":""144.80"",""ask_price"":""146.25""},{""bid_quantity"":160,""ask_quantity"":100,""bid_orders"":1,""ask_orders"":1,""bid_price"":""144.75"",""ask_price"":""146.30""},{""bid_quantity"":240,""ask_quantity"":60,""bid_orders"":3,""ask_orders"":1,""bid_price"":""144.70"",""ask_price"":""146.60""}]"
09:15:09.941,1790826309941424807,1544052495358754,Full Data,8,886790,146.05,40,09:15:09,,,161.19,656680,90820,4267060,2100780,"[{""bid_quantity"":100,""ask_quantity"":100,""bid_orders"":1,""ask_orders"":2,""bid_price"":""145.00"",""ask_price"":""146.05""},{""bid_quantity"":80,""ask_quantity"":80,""bid_orders"":1,""ask_orders"":2,""bid_price"":""144.80"",""ask_price"":""146.10""},{""bid_quantity"":160,""ask_quantity"":160,""bid_orders"":1,""ask_orders"":1,""bid_price"":""144.75"",""ask_price"":""146.15""},{""bid_quantity"":240,""ask_quantity"":20,""bid_orders"":3,""ask_orders"":1,""bid_price"":""144.70"",""ask_price"":""146.20""},{""bid_quantity"":120,""ask_quantity"":640,""bid_orders"":2,""ask_orders"":3,""bid_price"":""144.60"",""ask_price"":""146.25""}]"
09:15:10.010,1790826310010099357,1544052564033544,Full Data,8,886659,241.55,40,09:15:09,,,204.37,216500,67560,3822800,138720,"[{""bid_quantity"":120,""ask_quantity"":120,""bid_orders"":2,""ask_orders"":1,""bid_price"":""241.20"",""ask_price"":""242.85""},{""bid_quantity"":40,""ask_quantity"":160,""bid_orders"":1,""ask_orders"":1,""bid_price"":""241.10"",""ask_price"":""242.95""},{""bid_quantity"":40,""ask_quantity"":40,""bid_orders"":1,""ask_orders"":1,""bid_price"":""241.05"",""ask_price"":""243.10""},{""bid_quantity"":160,""ask_quantity"":20,""bid_orders"":2,""ask_orders"":1,""bid_price"":""240.90"",""ask_price"":""243.15""},{""bid_quantity"":40,""ask_quantity"":60,""bid_orders"":1,""ask_orders"":3,""bid_price"":""240.85"",""ask_price"":""243.20""}]"
09:15:10.021,1790826310021066226,1544052575013533,Full Data,8,887253,297.85,20,09:15:09,,,253.63,105800,21660,2811680,55040,"[{""bid_quantity"":40,""ask_quantity"":40,""bid_orders"":1,""ask_orders"":2,""bid_price"":""296.40"",""ask_price"":""298.65""},{""bid_quantity"":40,""ask_quantity"":20,""bid_orders"":2,""ask_orders"":1,""bid_price"":""296.35"",""ask_price"":""298.75""},{""bid_quantity"":20,""ask_quantity"":280,""bid_orders"":1,""ask_orders"":2,""bid_price"":""296.25"",""ask_price"":""298.85""},{""bid_quantity"":60,""ask_quantity"":40,""bid_orders"":2,""ask_orders"":2,""bid_price"":""296.15"",""ask_price"":""298.90""},{""bid_quantity"":60,""ask_quantity"":20,""bid_orders"":2,""ask_orders"":1,""bid_price"":""296.10"",""ask_price"":""298.95""}]"
09:15:10.077,1790826310077574100,1544052631508127,Full Data,8,887216,226.55,40,09:15:10,,,256.66,405560,54440,3222480,716360,"[{""bid_quantity"":320,""ask_quantity"":60,""bid_orders"":1,""ask_orders"":1,""bid_price"":""225.40"",""ask_price"":""225.95""},{""bid_quantity"":40,""ask_quantity"":100,""bid_orders"":1,""ask_orders"":4,""bid_price"":""225.35"",""ask_price"":""226.55""},{""bid_quantity"":180,""ask_quantity"":80,""bid_orders"":3,""ask_orders"":2,""bid_price"":""225.00"",""ask_price"":""227.35""},{""bid_quantity"":320,""ask_quantity"":80,""bid_orders"":1,""ask_orders"":1,""bid_price"":""224.35"",""ask_price"":""227.80""},{""bid_quantity"":80,""ask_quantity"":140,""bid_orders"":1,""ask_orders"":2,""bid_price"":""224.30"",""ask_price"":""227.85""}]"
09:15:10.081,1790826310081713366,1544052635647273,Full Data,8,886659,246.10,20,09:15:10,,,204.66,218140,65200,3821280,138720,"[{""bid_quantity"":60,""ask_quantity"":480,""bid_orders"":1,""ask_orders"":3,""bid_price"":""245.50"",""ask_price"":""246.50""},{""bid_quantity"":40,""ask_quantity"":40,""bid_orders"":1,""ask_orders"":2,""bid_price"":""244.85"",""ask_price"":""246.55""},{""bid_quantity"":140,""ask_quantity"":120,""bid_orders"":1,""ask_orders"":2,""bid_price"":""244.70"",""ask_price"":""246.60""},{""bid_quantity"":20,""ask_quantity"":240,""bid_orders"":1,""ask_orders"":3,""bid_price"":""244.55"",""ask_price"":""246.75""},{""bid_quantity"":140,""ask_quantity"":40,""bid_orders"":1,""ask_orders"":1,""bid_price"":""244.50"",""ask_price"":""247.00""}]"
09:15:10.118,1790826310118395196,1544052672329063,Full Data,8,887253,301.20,20,09:15:10,,,253.73,106020,20680,2849120,55040,"[{""bid_quantity"":60,""ask_quantity"":20,""bid_orders"":1,""ask_orders"":1,""bid_price"":""300.70"",""ask_price"":""301.45""},{""bid_quantity"":120,""ask_quantity"":20,""bid_orders"":2,""ask_orders"":1,""bid_price"":""300.45"",""ask_price"":""301.70""},{""bid_quantity"":60,""ask_quantity"":20,""bid_orders"":2,""ask_orders"":1,""bid_price"":""300.35"",""ask_price"":""301.95""},{""bid_quantity"":80,""ask_quantity"":80,""bid_orders"":1,""ask_orders"":1,""bid_price"":""300.30"",""ask_price"":""302.85""},{""bid_quantity"":20,""ask_quantity"":100,""bid_orders"":1,""ask_orders"":1,""bid_price"":""300.25"",""ask_price"":""303.00""}]"
09:15:10.121,1790826310121103453,1544052675037320,Full Data,8,887216,224.20,20,09:15:10,,,256.55,407000,53420,3228820,716360,"[{""bid_quantity"":320,""ask_quantity"":40,""bid_orders"":1,""ask_orders"":1,""bid_price"":""223.90"",""ask_price"":""226.20""},{""bid_quantity"":20,""ask_quantity"":100,""bid_orders"":1,""ask_orders"":3,""bid_price"":""223.85"",""ask_price"":""226.25""},{""bid_quantity"":140,""ask_quantity"":20,""bid_orders"":1,""ask_orders"":1,""bid_price"":""223.75"",""ask_price"":""226.35""},{""bid_quantity"":100,""ask_quantity"":20,""bid_orders"":2,""ask_orders"":1,""bid_price"":""223.65"",""ask_price"":""226.45""},{""bid_quantity"":120,""ask_quantity"":60,""bid_orders"":1,""ask_orders"":2,""bid_price"":""223.30"",""ask_price"":""226.50""}]"
09:15:10.237,1790826310237480622,1544052791414969,Ticker Data,0,51,72255.42,,09:15:10,,,,,,,,
09:15:10.351,1790826310351945900,1544052905880287,Full Data,8,886620,269.05,20,09:15:10,,,308.79,251120,36160,2515620,731020,"[{""bid_quantity"":60,""ask_quantity"":40,""bid_orders"":1,""ask_orders"":2,""bid_price"":""269.15"",""ask_price"":""270.55""},{""bid_quantity"":140,""ask_quantity"":60,""bid_orders"":2,""ask_orders"":1,""bid_price"":""269.10"",""ask_price"":""271.00""},{""bid_quantity"":600,""ask_quantity"":180,""bid_orders"":3,""ask_orders"":2,""bid_price"":""269.05"",""ask_price"":""271.10""},{""bid_quantity"":40,""ask_quantity"":240,""bid_orders"":1,""ask_orders"":3,""bid_price"":""268.50"",""ask_price"":""271.20""},{""bid_quantity"":60,""ask_quantity"":240,""bid_orders"":1,""ask_orders"":2,""bid_price"":""268.45"",""ask_price"":""271.25""}]"
09:15:10.380,1790826310380332598,1544052934266745,Full Data,8,887306,199.55,20,09:15:10,,,164.00,170360,29120,3819580,240500,"[{""bid_quantity"":100,""ask_quantity"":40,""bid_orders"":2,""ask_orders"":1,""bid_price"":""198.20"",""ask_price"":""199.50""},{""bid_quantity"":60,""ask_quantity"":60,""bid_orders"":2,""ask_orders"":2,""bid_price"":""198.05"",""ask_price"":""199.55""},{""bid_quantity"":100,""ask_quantity"":60,""bid_orders"":2,""ask_orders"":2,""bid_price"":""198.00"",""ask_price"":""199.60""},{""bid_quantity"":160,""ask_quantity"":20,""bid_orders"":1,""ask_orders"":1,""bid_price"":""197.80"",""ask_price"":""199.65""},{""bid_quantity"":60,""ask_quantity"":120,""bid_orders"":1,""ask_orders"":1,""bid_price"":""197.75"",""ask_price"":""199.80""}]"
09:15:10.393,1790826310393424560,1544052947358547,Full Data,8,886620,270.30,80,09:15:10,,,308.72,251620,37540,2522620,731020,"[{""bid_quantity"":60,""ask_quantity"":40,""bid_orders"":2,""ask_orders"":1,""bid_price"":""269.90"",""ask_price"":""270.30""},{""bid_quantity"":40,""ask_quantity"":240,""bid_orders"":1,""ask_orders"":2,""bid_price"":""269.80"",""ask_price"":""271.25""},{""bid_quantity"":20,""ask_quantity"":20,""bid_orders"":1,""ask_orders"":1,""bid_price"":""269.75"",""ask_price"":""271.35""},{""bid_quantity"":20,""ask_quantity"":200,""bid_orders"":1,""ask_orders"":1,""bid_price"":""269.65"",""ask_price"":""271.40""},{""bid_quantity"":160,""ask_quantity"":20,""bid_orders"":2,""ask_orders"":1,""bid_price"":""269.60"",""ask_price"":""271.55""}]"
09:15:10.418,1790826310418396716,1544052972330823,Full Data,8,887306,196.35,40,09:15:10,,,164.40,172480,29500,3827480,240500,"[{""bid_quantity"":60,""ask_quantity"":120,""bid_orders"":2,""ask_orders"":4,""bid_price"":""196.40"",""ask_price"":""196.80""},{""bid_quantity"":20,""ask_quantity"":20,""bid_orders"":1,""ask_orders"":1,""bid_price"":""196.25"",""ask_price"":""197.00""},{""bid_quantity"":100,""ask_quantity"":100,""bid_orders"":3,""ask_orders"":1,""bid_price"":""195.75"",""ask_price"":""197.10""},{""bid_quantity"":60,""ask_quantity"":20,""bid_orders"":2,""ask_orders"":1,""bid_price"":""195.55"",""ask_price"":""197.60""},{""bid_quantity"":40,""ask_quantity"":60,""bid_orders"":1,""ask_orders"":1,""bid_price"":""195.50"",""ask_price"":""197.65""}]"
09:15:10.549,1790826310549824620,1544053103758887,Full Data,8,886671,103.15,40,09:15:10,,,124.11,261560,33080,1314640,570580,"[{""bid_quantity"":20,""ask_quantity"":100,""bid_orders"":1,""ask_orders"":1,""bid_price"":""103.00"",""ask_price"":""103.60""},{""bid_quantity"":20,""ask_quantity"":40,""bid_orders"":1,""ask_orders"":1,""bid_price"":""102.90"",""ask_price"":""103.65""},{""bid_quantity"":40,""ask_quantity"":80,""bid_orders"":1,""ask_orders"":2,""bid_price"":""102.85"",""ask_price"":""103.70""},{""bid_quantity"":20,""ask_quantity"":200,""bid_orders"":1,""ask_orders"":2,""bid_price"":""102.80"",""ask_price"":""103.75""},{""bid_quantity"":20,""ask_quantity"":100,""bid_orders"":1,""ask_orders"":2,""bid_price"":""102.70"",""ask_price"":""103.80""}]"
09:15:10.553,1790826310553669164,1544053107603191,Full Data,8,886671,103.15,40,09:15:10,,,124.11,261560,32660,1314840,570580,"[{""bid_quantity"":80,""ask_quantity"":20,""bid_orders"":2,""ask_orders"":1,""bid_price"":""102.90"",""ask_price"":""103.30""},{""bid_quantity"":40,""ask_quantity"":160,""bid_orders"":1,""ask_orders"":2,""bid_price"":""102.85"",""ask_price"":""103.35""},{""bid_quantity"":20,""ask_quantity"":20,""bid_orders"":1,""ask_orders"":1,""bid_price"":""102.70"",""ask_price"":""103.40""},{""bid_quantity"":40,""ask_quantity"":20,""bid_orders"":1,""ask_orders"":1,""bid_price"":""102.60"",""ask_price"":""103.50""},{""bid_quantity"":240,""ask_quantity"":100,""bid_orders"":2,""ask_orders"":1,""bid_price"":""101.95"",""ask_price"":""103.70""}]"
09:15:10.587,1790826310587933539,1544053141867646,Full Data,8,886461,126.00,20,09:15:10,,,99.64,395660,91280,4632380,1682940,"[{""bid_quantity"":40,""ask_quantity"":160,""bid_orders"":1,""ask_orders"":2,""bid_price"":""126.00"",""ask_price"":""126.55""},{""bid_quantity"":60,""ask_quantity"":60,""bid_orders"":2,""ask_orders"":2,""bid_price"":""125.95"",""ask_price"":""126.60""},{""bid_quantity"":20,""ask_quantity"":200,""bid_orders"":1,""ask_orders"":3,""bid_price"":""125.90"",""ask_price"":""126.65""},{""bid_quantity"":20,""ask_quantity"":40,""bid_orders"":1,""ask_orders"":2,""bid_price"":""125.85"",""ask_price"":""126.75""},{""bid_quantity"":100,""ask_quantity"":60,""bid_orders"":1,""ask_orders"":2,""bid_price"":""125.80"",""ask_price"":""126.80""}]"
09:15:10.645,1790826310645382579,1544053199316886,Full Data,8,886461,125.95,20,09:15:10,,,99.77,397660,90180,4632000,1682940,"[{""bid_quantity"":140,""ask_quantity"":40,""bid_orders"":3,""ask_orders"":1,""bid_price"":""125.50"",""ask_price"":""125.95""},{""bid_quantity"":120,""ask_quantity"":20,""bid_orders"":2,""ask_orders"":1,""bid_price"":""125.45"",""ask_price"":""126.00""},{""bid_quantity"":100,""ask_quantity"":360,""bid_orders"":1,""ask_orders"":5,""bid_price"":""125.40"",""ask_price"":""126.05""},{""bid_quantity"":140,""ask_quantity"":20,""bid_orders"":1,""ask_orders"":1,""bid_price"":""125.25"",""ask_price"":""126.10""},{""bid_quantity"":120,""ask_quantity"":180,""bid_orders"":1,""ask_orders"":2,""bid_price"":""124.95"",""ask_price"":""126.20""}]"
09:15:10.655,1790826310655697924,1544053209631871,Full Data,8,886540,170.00,80,09:15:10,,,202.62,314020,47060,2077180,632060,"[{""bid_quantity"":60,""ask_quantity"":60,""bid_orders"":1,""ask_orders"":2,""bid_price"":""170.05"",""ask_price"":""170.50""},{""bid_quantity"":580,""ask_quantity"":240,""bid_orders"":5,""ask_orders"":3,""bid_price"":""170.00"",""ask_price"":""170.60""},{""bid_quantity"":20,""ask_quantity"":160,""bid_orders"":1,""ask_orders"":6,""bid_price"":""169.85"",""ask_price"":""170.65""},{""bid_quantity"":160,""ask_quantity"":360,""bid_orders"":1,""ask_orders"":5,""bid_price"":""169.70"",""ask_price"":""170.70""},{""bid_quantity"":20,""ask_quantity"":60,""bid_orders"":1,""ask_orders"":2,""bid_price"":""169.65"",""ask_price"":""170.75""}]"
09:15:10.683,1790826310683641979,1544053237576006,Full Data,8,887080,159.60,20,09:15:10,,,125.38,239500,37560,3219280,530840,"[{""bid_quantity"":40,""ask_quantity"":160,""bid_orders"":1,""ask_orders"":4,""bid_price"":""159.20"",""ask_price"":""159.60""},{""bid_quantity"":40,""ask_quantity"":20,""bid_orders"":1,""ask_orders"":1,""bid_price"":""159.10"",""ask_price"":""159.65""},{""bid_quantity"":20,""ask_quantity"":100,""bid_orders"":1,""ask_orders"":1,""bid_price"":""159.05"",""ask_price"":""159.70""},{""bid_quantity"":40,""ask_quantity"":100,""bid_orders"":1,""ask_orders"":1,""bid_price"":""159.00"",""ask_price"":""159.80""},{""bid_quantity"":100,""ask_quantity"":80,""bid_orders"":2,""ask_orders"":1,""bid_price"":""158.90"",""ask_price"":""159.95""}]"
09:15:10.718,1790826310718612998,1544053272547345,Full Data,8,886540,168.85,20,09:15:10,,,202.39,316260,48900,2082980,632060,"[{""bid_quantity"":40,""ask_quantity"":160,""bid_orders"":2,""ask_orders"":1,""bid_price"":""169.05"",""ask_price"":""169.65""},{""bid_quantity"":40,""ask_quantity"":20,""bid_orders"":2,""ask_orders"":1,""bid_price"":""168.80"",""ask_price"":""169.70""},{""bid_quantity"":120,""ask_quantity"":60,""bid_orders"":1,""ask_orders"":2,""bid_price"":""168.75"",""ask_price"":""169.75""},{""bid_quantity"":20,""ask_quantity"":60,""bid_orders"":1,""ask_orders"":2,""bid_price"":""168.65"",""ask_price"":""170.00""},{""bid_quantity"":20,""ask_quantity"":460,""bid_orders"":1,""ask_orders"":2,""bid_price"":""168.55"",""ask_price"":""170.05""}]"
09:15:10.720,1790826310720370329,1544053274304196,Full Data,8,886589,366.50,80,09:15:10,,,322.62,216860,23660,3933980,194360,"[{""bid_quantity"":120,""ask_quantity"":60,""bid_orders"":1,""ask_orders"":2,""bid_price"":""366.50"",""ask_price"":""367.00""},{""bid_quantity"":120,""ask_quantity"":40,""bid_orders"":1,""ask_orders"":1,""bid_price"":""366.45"",""ask_price"":""367.15""},{""bid_quantity"":20,""ask_quantity"":320,""bid_orders"":1,""ask_orders"":2,""bid_price"":""366.40"",""ask_price"":""367.20""},{""bid_quantity"":100,""ask_quantity"":80,""bid_orders"":1,""ask_orders"":2,""bid_price"":""366.25"",""ask_price"":""367.25""},{""bid_quantity"":60,""ask_quantity"":200,""bid_orders"":2,""ask_orders"":5,""bid_price"":""366.15"",""ask_price"":""367.30""}]"
09:15:10.794,1790826310794628315,1544053348562382,Full Data,8,886589,366.70,20,09:15:10,,,323.00,218780,23640,3959380,194360,"[{""bid_quantity"":60,""ask_quantity"":20,""bid_orders"":2,""ask_orders"":1,""bid_price"":""366.70"",""ask_price"":""367.30""},{""bid_quantity"":80,""ask_quantity"":160,""bid_orders"":1,""ask_orders"":2,""bid_price"":""366.65"",""ask_price"":""367.35""},{""bid_quantity"":20,""ask_quantity"":400,""bid_orders"":1,""ask_orders"":6,""bid_price"":""366.60"",""ask_price"":""367.45""},{""bid_quantity"":100,""ask_quantity"":440,""bid_orders"":1,""ask_orders"":2,""bid_price"":""366.50"",""ask_price"":""367.60""},{""bid_quantity"":80,""ask_quantity"":160,""bid_orders"":3,""ask_orders"":2,""bid_price"":""366.20"",""ask_price"":""367.70""}]"
09:15:10.890,1790826310890890198,1544053444824345,Full Data,8,887279,319.90,40,09:15:10,,,373.36,234040,33980,2033320,793060,"[{""bid_quantity"":60,""ask_quantity"":40,""bid_orders"":1,""ask_orders"":2,""bid_price"":""320.25"",""ask_price"":""321.70""},{""bid_quantity"":20,""ask_quantity"":60,""bid_orders"":1,""ask_orders"":1,""bid_price"":""320.20"",""ask_price"":""321.90""},{""bid_quantity"":60,""ask_quantity"":60,""bid_orders"":1,""ask_orders"":1,""bid_price"":""320.15"",""ask_price"":""322.00""},{""bid_quantity"":60,""ask_quantity"":160,""bid_orders"":1,""ask_orders"":1,""bid_price"":""320.05"",""ask_price"":""322.25""},{""bid_quantity"":20,""ask_quantity"":160,""bid_orders"":1,""ask_orders"":2,""bid_price"":""319.95"",""ask_price"":""322.30""}]"
09:15:10.941,1790826310941908038,1544053495842305,Full Data,8,886790,132.95,20,09:15:10,,,159.04,717020,111640,4320820,2100780,"[{""bid_quantity"":120,""ask_quantity"":80,""bid_orders"":3,""ask_orders"":1,""bid_price"":""132.15"",""ask_price"":""132.90""},{""bid_quantity"":80,""ask_quantity"":80,""bid_orders"":2,""ask_orders"":2,""bid_price"":""132.05"",""ask_price"":""132.95""},{""bid_quantity"":340,""ask_quantity"":180,""bid_orders"":2,""ask_orders"":2,""bid_price"":""132.00"",""ask_price"":""133.00""},{""bid_quantity"":80,""ask_quantity"":20,""bid_orders"":2,""ask_orders"":1,""bid_price"":""131.95"",""ask_price"":""133.05""},{""bid_quantity"":20,""ask_quantity"":20,""bid_orders"":1,""ask_orders"":1,""bid_price"":""131.85"",""ask_price"":""133.10""}]"
09:15:10.942,1790826310942726003,1544053496659870,Full Data,8,886790,133.05,20,09:15:10,,,159.02,717500,111220,4321840,2100780,"[{""bid_quantity"":80,""ask_quantity"":40,""bid_orders"":1,""ask_orders"":1,""bid_price"":""132.20"",""ask_price"":""133.05""},{""bid_quantity"":760,""ask_quantity"":80,""bid_orders"":8,""ask_orders"":1,""bid_price"":""132.15"",""ask_price"":""133.20""},{""bid_quantity"":220,""ask_quantity"":100,""bid_orders"":4,""ask_orders"":1,""bid_price"":""132.10"",""ask_price"":""133.50""},{""bid_quantity"":180,""ask_quantity"":120,""bid_orders"":5,""ask_orders"":2,""bid_price"":""132.05"",""ask_price"":""133.60""},{""bid_quantity"":520,""ask_quantity"":120,""bid_orders"":4,""ask_orders"":1,""bid_price"":""132.00"",""ask_price"":""133.65""}]"
09:15:11.076,1790826311076493921,1544053630427868,Full Data,8,886659,237.35,20,09:15:11,,,211.68,261320,67400,4113200,138720,"[{""bid_quantity"":100,""ask_quantity"":80,""bid_orders"":2,""ask_orders"":2,""bid_price"":""237.35"",""ask_price"":""239.65""},{""bid_quantity"":20,""ask_quantity"":40,""bid_orders"":1,""ask_orders"":2,""bid_price"":""237.30"",""ask_price"":""239.70""},{""bid_quantity"":40,""ask_quantity"":80,""bid_orders"":1,""ask_orders"":3,""bid_price"":""236.00"",""ask_price"":""239.75""},{""bid_quantity"":20,""ask_quantity"":140,""bid_orders"":1,""ask_orders"":2,""bid_price"":""235.95"",""ask_price"":""239.80""},{""bid_quantity"":1280,""ask_quantity"":220,""bid_orders"":11,""ask_orders"":2,""bid_price"":""235.85"",""ask_price"":""239.85""}]"
09:15:11.124,1790826311124149180,1544053678083607,Full Data,8,887253,290.40,20,09:15:11,,,260.59,123420,23080,3485700,55040,"[{""bid_quantity"":60,""ask_quantity"":20,""bid_orders"":3,""ask_orders"":1,""bid_price"":""288.80"",""ask_price"":""292.55""},{""bid_quantity"":40,""ask_quantity"":120,""bid_orders"":2,""ask_orders"":3,""bid_price"":""288.75"",""ask_price"":""292.60""},{""bid_quantity"":20,""ask_quantity"":80,""bid_orders"":1,""ask_orders"":3,""bid_price"":""286.95"",""ask_price"":""292.65""},{""bid_quantity"":80,""ask_quantity"":180,""bid_orders"":2,""ask_orders"":2,""bid_price"":""286.75"",""ask_price"":""292.70""},{""bid_quantity"":60,""ask_quantity"":40,""bid_orders"":2,""ask_orders"":2,""bid_price"":""286.70"",""ask_price"":""292.75""}]"
09:15:11.139,1790826311139958039,1544053693892026,Full Data,8,887216,225.80,20,09:15:11,,,253.27,445420,50900,3278020,716360,"[{""bid_quantity"":120,""ask_quantity"":140,""bid_orders"":4,""ask_orders"":7,""bid_price"":""225.65"",""ask_price"":""227.60""},{""bid_quantity"":260,""ask_quantity"":40,""bid_orders"":2,""ask_orders"":1,""bid_price"":""225.55"",""ask_price"":""228.10""},{""bid_quantity"":20,""ask_quantity"":20,""bid_orders"":1,""ask_orders"":1,""bid_price"":""225.50"",""ask_price"":""228.80""},{""bid_quantity"":820,""ask_quantity"":40,""bid_orders"":4,""ask_orders"":1,""bid_price"":""225.45"",""ask_price"":""228.85""},{""bid_quantity"":140,""ask_quantity"":40,""bid_orders"":2,""ask_orders"":1,""bid_price"":""225.30"",""ask_price"":""230.50""}]"
09:15:11.158,1790826311158536156,1544053712470223,Full Data,8,886659,236.60,80,09:15:11,,,212.05,265500,66260,4223360,138720,"[{""bid_quantity"":200,""ask_quantity"":80,""bid_orders"":1,""ask_orders"":1,""bid_price"":""234.95"",""ask_price"":""236.00""},{""bid_quantity"":140,""ask_quantity"":20,""bid_orders"":7,""ask_orders"":1,""bid_price"":""234.90"",""ask_price"":""236.65""},{""bid_quantity"":60,""ask_quantity"":260,""bid_orders"":2,""ask_orders"":2,""bid_price"":""234.00"",""ask_price"":""236.70""},{""bid_quantity"":60,""ask_quantity"":40,""bid_orders"":2,""ask_orders"":1,""bid_price"":""233.60"",""ask_price"":""237.25""},{""bid_quantity"":80,""ask_quantity"":1240,""bid_orders"":2,""ask_orders"":2,""bid_price"":""233.55"",""ask_price"":""237.35""}]"
09:15:11.187,1790826311187332936,1544053741266963,Full Data,8,887216,226.05,20,09:15:11,,,253.09,448320,50660,3277860,716360,"[{""bid_quantity"":20,""ask_quantity"":60,""bid_orders"":1,""ask_orders"":3,""bid_price"":""225.55"",""ask_price"":""226.05""},{""bid_quantity"":120,""ask_quantity"":40,""bid_orders"":1,""ask_orders"":2,""bid_price"":""225.25"",""ask_price"":""227.40""},{""bid_quantity"":100,""ask_quantity"":80,""bid_orders"":1,""ask_orders"":4,""bid_price"":""224.85"",""ask_price"":""227.50""},{""bid_quantity"":400,""ask_quantity"":60,""bid_orders"":1,""ask_orders"":2,""bid_price"":""224.80"",""ask_price"":""228.35""},{""bid_quantity"":60,""ask_quantity"":60,""bid_orders"":1,""ask_orders"":2,""bid_price"":""224.70"",""ask_price"":""228.40""}]"
09:15:11.213,1790826311213963303,1544053767897250,Full Data,8,887253,290.60,20,09:15:11,,,261.02,125320,23920,3532780,55040,"[{""bid_quantity"":40,""ask_quantity"":20,""bid_orders"":1,""ask_orders"":1,""bid_price"":""290.35"",""ask_price"":""292.90""},{""bid_quantity"":20,""ask_quantity"":40,""bid_orders"":1,""ask_orders"":2,""bid_price"":""290.30"",""ask_price"":""292.95""},{""bid_quantity"":80,""ask_quantity"":20,""bid_orders"":2,""ask_orders"":1,""bid_price"":""290.25"",""ask_price"":""293.00""},{""bid_quantity"":80,""ask_quantity"":20,""bid_orders"":3,""ask_orders"":1,""bid_price"":""290.20"",""ask_price"":""293.05""},{""bid_quantity"":20,""ask_quantity"":40,""bid_orders"":1,""ask_orders"":1,""bid_price"":""289.90"",""ask_price"":""293.10""}]"
09:15:11.243,1790826311243063605,1544053796997672,Ticker Data,0,51,72259.01,,09:15:11,,,,,,,,
09:15:11.361,1790826311361561388,1544053915495535,Full Data,8,886620,273.30,40,09:15:11,,,305.70,272000,35520,2716260,731020,"[{""bid_quantity"":60,""ask_quantity"":20,""bid_orders"":1,""ask_orders"":1,""bid_price"":""272.85"",""ask_price"":""273.25""},{""bid_quantity"":100,""ask_quantity"":40,""bid_orders"":1,""ask_orders"":1,""bid_price"":""272.80"",""ask_price"":""273.80""},{""bid_quantity"":100,""ask_quantity"":160,""bid_orders"":1,""ask_orders"":1,""bid_price"":""272.45"",""ask_price"":""274.75""},{""bid_quantity"":100,""ask_quantity"":80,""bid_orders"":2,""ask_orders"":1,""bid_price"":""272.35"",""ask_price"":""274.80""},{""bid_quantity"":40,""ask_quantity"":160,""bid_orders"":1,""ask_orders"":1,""bid_price"":""272.30"",""ask_price"":""275.10""}]"
09:15:11.379,1790826311379840983,1544053933775130,Full Data,8,886620,272.45,60,09:15:11,,,305.65,272400,36140,2716900,731020,"[{""bid_quantity"":40,""ask_quantity"":60,""bid_orders"":1,""ask_orders"":1,""bid_price"":""272.45"",""ask_price"":""273.55""},{""bid_quantity"":60,""ask_quantity"":60,""bid_orders"":3,""ask_orders"":1,""bid_price"":""272.35"",""ask_price"":""273.60""},{""bid_quantity"":60,""ask_quantity"":60,""bid_orders"":2,""ask_orders"":2,""bid_price"":""272.30"",""ask_price"":""273.70""},{""bid_quantity"":60,""ask_quantity"":100,""bid_orders"":1,""ask_orders"":1,""bid_price"":""272.25"",""ask_price"":""275.00""},{""bid_quantity"":80,""ask_quantity"":160,""bid_orders"":1,""ask_orders"":1,""bid_price"":""272.20"",""ask_price"":""275.10""}]"
09:15:11.418,1790826311418453145,1544053972387292,Full Data,8,887306,187.10,20,09:15:11,,,169.91,209440,32080,4093440,240500,"[{""bid_quantity"":60,""ask_quantity"":320,""bid_orders"":1,""ask_orders"":4,""bid_price"":""187.30"",""ask_price"":""187.80""},{""bid_quantity"":140,""ask_quantity"":160,""bid_orders"":3,""ask_orders"":1,""bid_price"":""187.25"",""ask_price"":""187.85""},{""bid_quantity"":40,""ask_quantity"":40,""bid_orders"":1,""ask_orders"":1,""bid_price"":""186.80"",""ask_price"":""187.95""},{""bid_quantity"":160,""ask_quantity"":40,""bid_orders"":1,""ask_orders"":1,""bid_price"":""186.25"",""ask_price"":""188.05""},{""bid_quantity"":100,""ask_quantity"":40,""bid_orders"":1,""ask_orders"":1,""bid_price"":""186.15"",""ask_price"":""188.15""}]"
09:15:11.450,1790826311450298184,1544054004232131,Full Data,8,887306,189.30,80,09:15:11,,,170.10,211680,30540,4095940,240500,"[{""bid_quantity"":80,""ask_quantity"":20,""bid_orders"":2,""ask_orders"":1,""bid_price"":""187.90"",""ask_price"":""189.65""},{""bid_quantity"":80,""ask_quantity"":40,""bid_orders"":2,""ask_orders"":1,""bid_price"":""187.85"",""ask_price"":""190.20""},{""bid_quantity"":760,""ask_quantity"":20,""bid_orders"":5,""ask_orders"":1,""bid_price"":""187.80"",""ask_price"":""190.75""},{""bid_quantity"":40,""ask_quantity"":120,""bid_orders"":1,""ask_orders"":2,""bid_price"":""187.75"",""ask_price"":""191.45""},{""bid_quantity"":40,""ask_quantity"":120,""bid_orders"":1,""ask_orders"":1,""bid_price"":""187.70"",""ask_price"":""191.50""}]"
09:15:11.552,1790826311552584065,1544054106518292,Full Data,8,886671,105.20,20,09:15:11,,,122.31,289900,29080,1373300,570580,"[{""bid_quantity"":160,""ask_quantity"":40,""bid_orders"":1,""ask_orders"":1,""bid_price"":""104.30"",""ask_price"":""104.65""},{""bid_quantity"":40,""ask_quantity"":40,""bid_orders"":1,""ask_orders"":2,""bid_price"":""104.25"",""ask_price"":""105.20""},{""bid_quantity"":160,""ask_quantity"":100,""bid_orders"":1,""ask_orders"":3,""bid_price"":""104.20"",""ask_price"":""105.25""},{""bid_quantity"":100,""ask_quantity"":40,""bid_orders"":1,""ask_orders"":1,""bid_price"":""104.10"",""ask_price"":""105.30""},{""bid_quantity"":20,""ask_quantity"":40,""bid_orders"":1,""ask_orders"":2,""bid_price"":""104.00"",""ask_price"":""105.35""}]"
09:15:11.640,1790826311640556537,1544054194490484,Full Data,8,886461,121.35,280,09:15:11,,,101.45,432140,87900,4703200,1682940,"[{""bid_quantity"":40,""ask_quantity"":40,""bid_orders"":2,""ask_orders"":1,""bid_price"":""121.15"",""ask_price"":""121.90""},{""bid_quantity"":160,""ask_quantity"":200,""bid_orders"":3,""ask_orders"":2,""bid_price"":""121.10"",""ask_price"":""121.95""},{""bid_quantity"":20,""ask_quantity"":440,""bid_orders"":1,""ask_orders"":2,""bid_price"":""121.05"",""ask_price"":""122.00""},{""bid_quantity"":60,""ask_quantity"":40,""bid_orders"":3,""ask_orders"":2,""bid_price"":""120.95"",""ask_price"":""122.15""},{""bid_quantity"":280,""ask_quantity"":200,""bid_orders"":4,""ask_orders"":2,""bid_price"":""120.85"",""ask_price"":""122.20""}]"
09:15:11.721,1790826311721116722,1544054275050789,Full Data,8,886461,122.75,40,09:15:11,,,101.64,436100,86240,4705380,1682940,"[{""bid_quantity"":80,""ask_quantity"":20,""bid_orders"":1,""ask_orders"":1,""bid_price"":""122.85"",""ask_price"":""123.30""},{""bid_quantity"":20,""ask_quantity"":160,""bid_orders"":1,""ask_orders"":1,""bid_price"":""122.80"",""ask_price"":""123.45""},{""bid_quantity"":80,""ask_quantity"":20,""bid_orders"":2,""ask_orders"":1,""bid_price"":""122.70"",""ask_price"":""123.50""},{""bid_quantity"":40,""ask_quantity"":40,""bid_orders"":1,""ask_orders"":1,""bid_price"":""122.65"",""ask_price"":""123.55""},{""bid_quantity"":20,""ask_quantity"":20,""bid_orders"":1,""ask_orders"":1,""bid_price"":""122.45"",""ask_price"":""123.60""}]"
09:15:11.737,1790826311737053142,1544054290987329,Full Data,8,886540,168.30,40,09:15:11,,,199.71,349020,48160,2368000,632060,"[{""bid_quantity"":40,""ask_quantity"":140,""bid_orders"":1,""ask_orders"":1,""bid_price"":""167.80"",""ask_price"":""169.15""},{""bid_quantity"":40,""ask_quantity"":140,""bid_orders"":2,""ask_orders"":2,""bid_price"":""167.75"",""ask_price"":""169.20""},{""bid_quantity"":120,""ask_quantity"":60,""bid_orders"":1,""ask_orders"":2,""bid_price"":""167.65"",""ask_price"":""169.30""},{""bid_quantity"":80,""ask_quantity"":20,""bid_orders"":2,""ask_orders"":1,""bid_price"":""167.60"",""ask_price"":""169.35""},{""bid_quantity"":80,""ask_quantity"":80,""bid_orders"":2,""ask_orders"":1,""bid_price"":""167.55"",""ask_price"":""169.50""}]"
09:15:11.751,1790826311751169990,1544054305103937,Full Data,8,886540,172.40,20,09:15:11,,,199.46,352020,41500,2377480,632060,"[{""bid_quantity"":20,""ask_quantity"":100,""bid_orders"":1,""ask_orders"":2,""bid_price"":""170.50"",""ask_price"":""172.40""},{""bid_quantity"":240,""ask_quantity"":140,""bid_orders"":2,""ask_orders"":2,""bid_price"":""170.35"",""ask_price"":""172.50""},{""bid_quantity"":180,""ask_quantity"":80,""bid_orders"":3,""ask_orders"":2,""bid_price"":""170.30"",""ask_price"":""172.70""},{""bid_quantity"":20,""ask_quantity"":120,""bid_orders"":1,""ask_orders"":1,""bid_price"":""170.25"",""ask_price"":""173.20""},{""bid_quantity"":40,""ask_quantity"":20,""bid_orders"":1,""ask_orders"":1,""bid_price"":""170.20"",""ask_price"":""173.25""}]"
09:15:11.774,1790826311774859019,1544054328793006,Full Data,8,887080,154.70,60,09:15:11,,,127.44,259100,34880,3245840,530840,"[{""bid_quantity"":20,""ask_quantity"":100,""bid_orders"":1,""ask_orders"":2,""bid_price"":""154.05"",""ask_price"":""154.60""},{""bid_quantity"":20,""ask_quantity"":20,""bid_orders"":1,""ask_orders"":1,""bid_price"":""154.00"",""ask_price"":""154.65""},{""bid_quantity"":160,""ask_quantity"":100,""bid_orders"":2,""ask_orders"":2,""bid_price"":""153.85"",""ask_price"":""154.70""},{""bid_quantity"":20,""ask_quantity"":20,""bid_orders"":1,""ask_orders"":1,""bid_price"":""153.80"",""ask_price"":""154.75""},{""bid_quantity"":80,""ask_quantity"":20,""bid_orders"":1,""ask_orders"":1,""bid_price"":""153.75"",""ask_price"":""154.90""}]"
09:15:11.841,1790826311841979959,1544054395914346,Full Data,8,886589,356.45,20,09:15:11,,,325.92,237240,24000,4550480,194360,"[{""bid_quantity"":120,""ask_quantity"":40,""bid_orders"":3,""ask_orders"":1,""bid_price"":""352.15"",""ask_price"":""356.40""},{""bid_quantity"":80,""ask_quantity"":60,""bid_orders"":2,""ask_orders"":2,""bid_price"":""352.10"",""ask_price"":""356.45""},{""bid_quantity"":100,""ask_quantity"":160,""bid_orders"":2,""ask_orders"":3,""bid_price"":""352.00"",""ask_price"":""356.50""},{""bid_quantity"":100,""ask_quantity"":60,""bid_orders"":2,""ask_orders"":1,""bid_price"":""351.90"",""ask_price"":""356.95""},{""bid_quantity"":40,""ask_quantity"":40,""bid_orders"":1,""ask_orders"":1,""bid_price"":""351.85"",""ask_price"":""357.00""}]"
09:15:11.905,1790826311905308716,1544054459242703,Full Data,8,887279,339.90,20,09:15:11,,,370.91,248120,30040,2245800,793060,"[{""bid_quantity"":100,""ask_quantity"":40,""bid_orders"":3,""ask_orders"":1,""bid_price"":""337.85"",""ask_price"":""339.90""},{""bid_quantity"":20,""ask_quantity"":20,""bid_orders"":1,""ask_orders"":1,""bid_price"":""337.80"",""ask_price"":""340.15""},{""bid_quantity"":180,""ask_quantity"":40,""bid_orders"":2,""ask_orders"":1,""bid_price"":""337.75"",""ask_price"":""340.50""},{""bid_quantity"":140,""ask_quantity"":100,""bid_orders"":1,""ask_orders"":1,""bid_price"":""337.70"",""ask_price"":""340.75""},{""bid_quantity"":20,""ask_quantity"":80,""bid_orders"":1,""ask_orders"":1,""bid_price"":""337.65"",""ask_price"":""340.90""}]"
09:15:11.943,1790826311943253954,1544054497188301,Full Data,8,886790,139.35,20,09:15:11,,,156.95,792640,105460,4379780,2100780,"[{""bid_quantity"":160,""ask_quantity"":60,""bid_orders"":1,""ask_orders"":1,""bid_price"":""139.25"",""ask_price"":""140.15""},{""bid_quantity"":180,""ask_quantity"":40,""bid_orders"":2,""ask_orders"":1,""bid_price"":""139.20"",""ask_price"":""140.20""},{""bid_quantity"":100,""ask_quantity"":40,""bid_orders"":2,""ask_orders"":1,""bid_price"":""139.15"",""ask_price"":""140.35""},{""bid_quantity"":40,""ask_quantity"":40,""bid_orders"":1,""ask_orders"":1,""bid_price"":""139.10"",""ask_price"":""140.45""},{""bid_quantity"":40,""ask_quantity"":40,""bid_orders"":2,""ask_orders"":1,""bid_price"":""139.00"",""ask_price"":""140.55""}]"
09:15:11.958,1790826311958702531,1544054512636518,Full Data,8,886790,139.30,20,09:15:11,,,156.94,792920,105800,4379600,2100780,"[{""bid_quantity"":60,""ask_quantity"":60,""bid_orders"":1,""ask_orders"":1,""bid_price"":""139.30"",""ask_price"":""140.05""},{""bid_quantity"":60,""ask_quantity"":160,""bid_orders"":2,""ask_orders"":1,""bid_price"":""139.10"",""ask_price"":""140.10""},{""bid_quantity"":20,""ask_quantity"":40,""bid_orders"":1,""ask_orders"":1,""bid_price"":""139.00"",""ask_price"":""140.20""},{""bid_quantity"":60,""ask_quantity"":100,""bid_orders"":2,""ask_orders"":1,""bid_price"":""138.95"",""ask_price"":""140.30""},{""bid_quantity"":40,""ask_quantity"":40,""bid_orders"":2,""ask_orders"":1,""bid_price"":""138.90"",""ask_price"":""140.35""}]"
09:15:12.178,1790826312178301988,1544054732236815,Full Data,8,886659,242.55,20,09:15:12,,,215.46,303280,57180,4292400,138720,"[{""bid_quantity"":40,""ask_quantity"":40,""bid_orders"":1,""ask_orders"":1,""bid_price"":""242.55"",""ask_price"":""243.85""},{""bid_quantity"":20,""ask_quantity"":40,""bid_orders"":1,""ask_orders"":1,""bid_price"":""241.85"",""ask_price"":""243.90""},{""bid_quantity"":20,""ask_quantity"":40,""bid_orders"":1,""ask_orders"":1,""bid_price"":""241.80"",""ask_price"":""244.20""},{""bid_quantity"":60,""ask_quantity"":40,""bid_orders"":2,""ask_orders"":1,""bid_price"":""241.75"",""ask_price"":""244.25""},{""bid_quantity"":80,""ask_quantity"":80,""bid_orders"":2,""ask_orders"":3,""bid_price"":""241.20"",""ask_price"":""244.35""}]"
09:15:12.214,1790826312214565615,1544054768499682,Full Data,8,887216,216.85,20,09:15:12,,,249.54,505600,53220,3279580,716360,"[{""bid_quantity"":180,""ask_quantity"":100,""bid_orders"":3,""ask_orders"":4,""bid_price"":""216.80"",""ask_price"":""217.20""},{""bid_quantity"":60,""ask_quantity"":220,""bid_orders"":2,""ask_orders"":1,""bid_price"":""216.70"",""ask_price"":""217.25""},{""bid_quantity"":20,""ask_quantity"":60,""bid_orders"":1,""ask_orders"":2,""bid_price"":""216.55"",""ask_price"":""217.45""},{""bid_quantity"":20,""ask_quantity"":100,""bid_orders"":1,""ask_orders"":1,""bid_price"":""216.50"",""ask_price"":""217.55""},{""bid_quantity"":60,""ask_quantity"":20,""bid_orders"":2,""ask_orders"":1,""bid_price"":""216.45"",""ask_price"":""217.60""}]"
09:15:12.223,1790826312223151829,1544054777085816,Full Data,8,887253,299.80,40,09:15:12,,,264.74,141020,19920,3825220,55040,"[{""bid_quantity"":180,""ask_quantity"":40,""bid_orders"":2,""ask_orders"":2,""bid_price"":""297.55"",""ask_price"":""300.90""},{""bid_quantity"":40,""ask_quantity"":20,""bid_orders"":1,""ask_orders"":1,""bid_price"":""297.50"",""ask_price"":""300.95""},{""bid_quantity"":480,""ask_quantity"":160,""bid_orders"":4,""ask_orders"":2,""bid_price"":""297.40"",""ask_price"":""301.00""},{""bid_quantity"":20,""ask_quantity"":40,""bid_orders"":1,""ask_orders"":2,""bid_price"":""296.70"",""ask_price"":""301.05""},{""bid_quantity"":40,""ask_quantity"":40,""bid_orders"":1,""ask_orders"":1,""bid_price"":""296.65"",""ask_price"":""301.15""}]"
09:15:12.233,1790826312233509334,1544054787443241,Ticker Data,0,51,72270.57,,09:15:12,,,,,,,,
09:15:12.276,1790826312276437363,1544054830371430,Full Data,8,886659,245.95,20,09:15:12,,,215.73,306240,56780,4299400,138720,"[{""bid_quantity"":180,""ask_quantity"":120,""bid_orders"":7,""ask_orders"":1,""bid_price"":""244.35"",""ask_price"":""245.95""},{""bid_quantity"":100,""ask_quantity"":120,""bid_orders"":5,""ask_orders"":1,""bid_price"":""244.30"",""ask_price"":""246.00""},{""bid_quantity"":140,""ask_quantity"":20,""bid_orders"":3,""ask_orders"":1,""bid_price"":""244.25"",""ask_price"":""246.05""},{""bid_quantity"":40,""ask_quantity"":60,""bid_orders"":2,""ask_orders"":1,""bid_price"":""244.15"",""ask_price"":""246.10""},{""bid_quantity"":60,""ask_quantity"":200,""bid_orders"":2,""ask_orders"":1,""bid_price"":""244.05"",""ask_price"":""246.15""}]"
09:15:12.284,1790826312284264852,1544054838198759,Full Data,8,887253,301.05,20,09:15:12,,,264.81,141300,19820,3828140,55040,"[{""bid_quantity"":40,""ask_quantity"":20,""bid_orders"":2,""ask_orders"":1,""bid_price"":""299.35"",""ask_price"":""301.25""},{""bid_quantity"":40,""ask_quantity"":180,""bid_orders"":1,""ask_orders"":1,""bid_price"":""299.30"",""ask_price"":""301.40""},{""bid_quantity"":140,""ask_quantity"":20,""bid_orders"":3,""ask_orders"":1,""bid_price"":""299.25"",""ask_price"":""301.50""},{""bid_quantity"":120,""ask_quantity"":100,""bid_orders"":2,""ask_orders"":1,""bid_price"":""299.20"",""ask_price"":""301.80""},{""bid_quantity"":40,""ask_quantity"":100,""bid_orders"":1,""ask_orders"":1,""bid_price"":""299.10"",""ask_price"":""302.00""}]"
09:15:12.413,1790826312413389021,1544054967323528,Full Data,8,886620,261.75,20,09:15:12,,,303.65,288320,37480,2717900,731020,"[{""bid_quantity"":80,""ask_quantity"":20,""bid_orders"":2,""ask_orders"":1,""bid_price"":""260.95"",""ask_price"":""263.30""},{""bid_quantity"":60,""ask_quantity"":40,""bid_orders"":1,""ask_orders"":1,""bid_price"":""260.85"",""ask_price"":""263.35""},{""bid_quantity"":140,""ask_quantity"":40,""bid_orders"":1,""ask_orders"":1,""bid_price"":""260.40"",""ask_price"":""263.40""},{""bid_quantity"":500,""ask_quantity"":120,""bid_orders"":1,""ask_orders"":1,""bid_price"":""260.15"",""ask_price"":""263.45""},{""bid_quantity"":40,""ask_quantity"":200,""bid_orders"":1,""ask_orders"":1,""bid_price"":""260.05"",""ask_price"":""263.55""}]"
09:15:12.464,1790826312464878064,1544055018812251,Full Data,8,887306,201.10,60,09:15:12,,,172.97,242820,24600,4148740,240500,"[{""bid_quantity"":60,""ask_quantity"":40,""bid_orders"":1,""ask_orders"":1,""bid_price"":""200.70"",""ask_price"":""201.75""},{""bid_quantity"":160,""ask_quantity"":80,""bid_orders"":1,""ask_orders"":2,""bid_price"":""200.65"",""ask_price"":""201.80""},{""bid_quantity"":60,""ask_quantity"":40,""bid_orders"":1,""ask_orders"":2,""bid_price"":""200.60"",""ask_price"":""201.85""},{""bid_quantity"":180,""ask_quantity"":100,""bid_orders"":2,""ask_orders"":1,""bid_price"":""200.55"",""ask_price"":""202.05""},{""bid_quantity"":80,""ask_quantity"":20,""bid_orders"":2,""ask_orders"":1,""bid_price"":""200.50"",""ask_price"":""202.35""}]"
09:15:12.488,1790826312488040009,1544055041973916,Full Data,8,887306,203.45,20,09:15:12,,,173.12,244120,23840,4148840,240500,"[{""bid_quantity"":260,""ask_quantity"":100,""bid_orders"":5,""ask_orders"":1,""bid_price"":""202.30"",""ask_price"":""204.65""},{""bid_quantity"":100,""ask_quantity"":100,""bid_orders"":3,""ask_orders"":1,""bid_price"":""202.25"",""ask_price"":""204.75""},{""bid_quantity"":80,""ask_quantity"":100,""bid_orders"":2,""ask_orders"":1,""bid_price"":""202.20"",""ask_price"":""204.90""},{""bid_quantity"":120,""ask_quantity"":40,""bid_orders"":2,""ask_orders"":1,""bid_price"":""202.15"",""ask_price"":""205.05""},{""bid_quantity"":40,""ask_quantity"":40,""bid_orders"":1,""ask_orders"":1,""bid_price"":""202.10"",""ask_price"":""205.40""}]"
09:15:12.556,1790826312556954801,1544055110888988,Full Data,8,886671,102.90,20,09:15:12,,,120.23,323340,34820,1508120,570580,"[{""bid_quantity"":40,""ask_quantity"":140,""bid_orders"":1,""ask_orders"":3,""bid_price"":""101.45"",""ask_price"":""102.85""},{""bid_quantity"":200,""ask_quantity"":120,""bid_orders"":3,""ask_orders"":3,""bid_price"":""101.40"",""ask_price"":""102.90""},{""bid_quantity"":60,""ask_quantity"":60,""bid_orders"":3,""ask_orders"":2,""bid_price"":""101.35"",""ask_price"":""103.00""},{""bid_quantity"":40,""ask_quantity"":20,""bid_orders"":1,""ask_orders"":1,""bid_price"":""101.30"",""ask_price"":""103.10""},{""bid_quantity"":240,""ask_quantity"":1000,""bid_orders"":3,""ask_orders"":1,""bid_price"":""101.25"",""ask_price"":""103.15""}]"
09:15:12.566,1790826312566245379,1544055120179446,Full Data,8,886671,102.90,20,09:15:12,,,120.23,323340,34480,1508200,570580,"[{""bid_quantity"":40,""ask_quantity"":80,""bid_orders"":1,""ask_orders"":2,""bid_price"":""101.95"",""ask_price"":""102.85""},{""bid_quantity"":40,""ask_quantity"":100,""bid_orders"":2,""ask_orders"":2,""bid_price"":""101.90"",""ask_price"":""102.90""},{""bid_quantity"":200,""ask_quantity"":40,""bid_orders"":3,""ask_orders"":1,""bid_price"":""101.80"",""ask_price"":""103.00""},{""bid_quantity"":160,""ask_quantity"":1060,""bid_orders"":1,""ask_orders"":2,""bid_price"":""101.70"",""ask_price"":""103.15""},{""bid_quantity"":80,""ask_quantity"":80,""bid_orders"":3,""ask_orders"":1,""bid_price"":""101.65"",""ask_price"":""103.25""}]"
09:15:12.691,1790826312691935647,1544055245869834,Full Data,8,886961,435.85,40,09:15:12,,,390.25,18940,12820,1228840,36440,"[{""bid_quantity"":20,""ask_quantity"":80,""bid_orders"":1,""ask_orders"":3,""bid_price"":""431.80"",""ask_price"":""434.95""},{""bid_quantity"":40,""ask_quantity"":180,""bid_orders"":1,""ask_orders"":3,""bid_price"":""431.75"",""ask_price"":""435.00""},{""bid_quantity"":40,""ask_quantity"":60,""bid_orders"":1,""ask_orders"":2,""bid_price"":""431.65"",""ask_price"":""435.05""},{""bid_quantity"":20,""ask_quantity"":40,""bid_orders"":1,""ask_orders"":2,""bid_price"":""431.45"",""ask_price"":""435.10""},{""bid_quantity"":40,""ask_quantity"":120,""bid_orders"":1,""ask_orders"":4,""bid_price"":""430.00"",""ask_price"":""435.15""}]"
09:15:12.710,1790826312710829166,1544055264763513,Full Data,8,886461,125.35,40,09:15:12,,,103.54,477860,83320,4879520,1682940,"[{""bid_quantity"":140,""ask_quantity"":20,""bid_orders"":4,""ask_orders"":1,""bid_price"":""124.60"",""ask_price"":""125.50""},{""bid_quantity"":40,""ask_quantity"":20,""bid_orders"":1,""ask_orders"":1,""bid_price"":""124.55"",""ask_price"":""125.55""},{""bid_quantity"":220,""ask_quantity"":20,""bid_orders"":3,""ask_orders"":1,""bid_price"":""124.50"",""ask_price"":""125.60""},{""bid_quantity"":60,""ask_quantity"":120,""bid_orders"":2,""ask_orders"":2,""bid_price"":""124.45"",""ask_price"":""125.75""},{""bid_quantity"":300,""ask_quantity"":180,""bid_orders"":4,""ask_orders"":2,""bid_price"":""124.40"",""ask_price"":""126.25""}]"
09:15:12.766,1790826312766577315,1544055320511302,Full Data,8,886540,172.35,20,09:15:12,,,197.45,379100,59680,2582560,632060,"[{""bid_quantity"":60,""ask_quantity"":40,""bid_orders"":2,""ask_orders"":1,""bid_price"":""171.80"",""ask_price"":""172.30""},{""bid_quantity"":60,""ask_quantity"":140,""bid_orders"":2,""ask_orders"":3,""bid_price"":""171.70"",""ask_price"":""172.45""},{""bid_quantity"":100,""ask_quantity"":40,""bid_orders"":3,""ask_orders"":1,""bid_price"":""171.60"",""ask_price"":""172.55""},{""bid_quantity"":100,""ask_quantity"":20,""bid_orders"":2,""ask_orders"":1,""bid_price"":""171.55"",""ask_price"":""172.60""},{""bid_quantity"":60,""ask_quantity"":20,""bid_orders"":2,""ask_orders"":1,""bid_price"":""171.50"",""ask_price"":""172.85""}]"
09:15:12.789,1790826312789046696,1544055342981043,Full Data,8,886461,125.75,20,09:15:12,,,103.64,480100,88100,4883180,1682940,"[{""bid_quantity"":200,""ask_quantity"":20,""bid_orders"":2,""ask_orders"":1,""bid_price"":""125.15"",""ask_price"":""125.80""},{""bid_quantity"":160,""ask_quantity"":20,""bid_orders"":2,""ask_orders"":1,""bid_price"":""125.10"",""ask_price"":""125.90""},{""bid_quantity"":160,""ask_quantity"":20,""bid_orders"":1,""ask_orders"":1,""bid_price"":""125.05"",""ask_price"":""126.00""},{""bid_quantity"":80,""ask_quantity"":40,""bid_orders"":1,""ask_orders"":2,""bid_price"":""125.00"",""ask_price"":""126.05""},{""bid_quantity"":20,""ask_quantity"":40,""bid_orders"":1,""ask_orders"":2,""bid_price"":""124.95"",""ask_price"":""126.10""}]"
09:15:12.810,1790826312810984313,1544055364918540,Full Data,8,886540,172.55,20,09:15:12,,,197.22,382420,60600,2582040,632060,"[{""bid_quantity"":80,""ask_quantity"":20,""bid_orders"":1,""ask_orders"":1,""bid_price"":""171.15"",""ask_price"":""172.60""},{""bid_quantity"":60,""ask_quantity"":20,""bid_orders"":2,""ask_orders"":1,""bid_price"":""171.10"",""ask_price"":""172.85""},{""bid_quantity"":20,""ask_quantity"":80,""bid_orders"":1,""ask_orders"":2,""bid_price"":""171.00"",""ask_price"":""173.10""},{""bid_quantity"":100,""ask_quantity"":100,""bid_orders"":2,""ask_orders"":1,""bid_price"":""170.95"",""ask_price"":""173.25""},{""bid_quantity"":40,""ask_quantity"":20,""bid_orders"":1,""ask_orders"":1,""bid_price"":""170.90"",""ask_price"":""173.35""}]"
09:15:12.839,1790826312839349411,1544055393283558,Full Data,8,887080,159.85,20,09:15:12,,,129.41,278140,38640,3457640,530840,"[{""bid_quantity"":40,""ask_quantity"":20,""bid_orders"":1,""ask_orders"":1,""bid_price"":""160.10"",""ask_price"":""160.95""},{""bid_quantity"":120,""ask_quantity"":80,""bid_orders"":1,""ask_orders"":1,""bid_price"":""160.05"",""ask_price"":""161.35""},{""bid_quantity"":20,""ask_quantity"":20,""bid_orders"":1,""ask_orders"":1,""bid_price"":""160.00"",""ask_price"":""161.40""},{""bid_quantity"":40,""ask_quantity"":20,""bid_orders"":1,""ask_orders"":1,""bid_price"":""159.95"",""ask_price"":""161.45""},{""bid_quantity"":580,""ask_quantity"":100,""bid_orders"":4,""ask_orders"":2,""bid_price"":""159.90"",""ask_price"":""161.50""}]"
09:15:12.936,1790826312936512180,1544055490446207,Full Data,8,887279,329.65,20,09:15:12,,,368.57,260860,37160,2374980,793060,"[{""bid_quantity"":20,""ask_quantity"":120,""bid_orders"":1,""ask_orders"":1,""bid_price"":""328.35"",""ask_price"":""329.60""},{""bid_quantity"":40,""ask_quantity"":220,""bid_orders"":1,""ask_orders"":2,""bid_price"":""328.30"",""ask_price"":""329.65""},{""bid_quantity"":80,""ask_quantity"":20,""bid_orders"":1,""ask_orders"":1,""bid_price"":""327.65"",""ask_price"":""329.80""},{""bid_quantity"":40,""ask_quantity"":60,""bid_orders"":1,""ask_orders"":2,""bid_price"":""327.60"",""ask_price"":""329.90""},{""bid_quantity"":40,""ask_quantity"":20,""bid_orders"":2,""ask_orders"":1,""bid_price"":""327.45"",""ask_price"":""330.15""}]"
09:15:12.953,1790826312953333486,1544055507267433,Full Data,8,886790,135.25,80,09:15:12,,,155.35,849380,116620,4378320,2100780,"[{""bid_quantity"":80,""ask_quantity"":120,""bid_orders"":2,""ask_orders"":3,""bid_price"":""135.20"",""ask_price"":""135.80""},{""bid_quantity"":80,""ask_quantity"":100,""bid_orders"":2,""ask_orders"":1,""bid_price"":""135.15"",""ask_price"":""135.85""},{""bid_quantity"":80,""ask_quantity"":140,""bid_orders"":3,""ask_orders"":1,""bid_price"":""135.10"",""ask_price"":""135.95""},{""bid_quantity"":80,""ask_quantity"":40,""bid_orders"":2,""ask_orders"":1,""bid_price"":""135.05"",""ask_price"":""136.10""},{""bid_quantity"":240,""ask_quantity"":80,""bid_orders"":4,""ask_orders"":1,""bid_price"":""135.00"",""ask_price"":""136.20""}]"
09:15:13.233,1790826313233995605,1544055787929992,Ticker Data,0,51,72283.80,,09:15:13,,,,,,,,
09:15:13.241,1790826313241034529,1544055794968476,Full Data,8,887216,218.45,20,09:15:13,,,245.99,569180,57840,3535220,716360,"[{""bid_quantity"":360,""ask_quantity"":60,""bid_orders"":3,""ask_orders"":3,""bid_price"":""217.05"",""ask_price"":""218.50""},{""bid_quantity"":380,""ask_quantity"":60,""bid_orders"":2,""ask_orders"":3,""bid_price"":""216.95"",""ask_price"":""218.55""},{""bid_quantity"":80,""ask_quantity"":360,""bid_orders"":1,""ask_orders"":3,""bid_price"":""216.90"",""ask_price"":""218.70""},{""bid_quantity"":80,""ask_quantity"":40,""bid_orders"":1,""ask_orders"":1,""bid_price"":""216.75"",""ask_price"":""218.80""},{""bid_quantity"":200,""ask_quantity"":320,""bid_orders"":2,""ask_orders"":1,""bid_price"":""216.70"",""ask_price"":""218.85""}]"
09:15:13.430,1790826313430695238,1544055984629505,Full Data,8,886620,266.20,20,09:15:13,,,301.44,307320,37540,3329200,731020,"[{""bid_quantity"":140,""ask_quantity"":20,""bid_orders"":2,""ask_orders"":1,""bid_price"":""264.90"",""ask_price"":""266.20""},{""bid_quantity"":140,""ask_quantity"":60,""bid_orders"":1,""ask_orders"":2,""bid_price"":""264.85"",""ask_price"":""266.25""},{""bid_quantity"":180,""ask_quantity"":60,""bid_orders"":2,""ask_orders"":2,""bid_price"":""264.80"",""ask_price"":""266.30""},{""bid_quantity"":20,""ask_quantity"":80,""bid_orders"":1,""ask_orders"":1,""bid_price"":""264.75"",""ask_price"":""266.50""},{""bid_quantity"":20,""ask_quantity"":140,""bid_orders"":1,""ask_orders"":2,""bid_price"":""264.70"",""ask_price"":""266.60""}]"
09:15:13.507,1790826313507583280,1544056061517307,Full Data,8,887306,200.80,40,09:15:13,,,175.54,269740,27040,4164720,240500,"[{""bid_quantity"":120,""ask_quantity"":40,""bid_orders"":3,""ask_orders"":1,""bid_price"":""200.05"",""ask_price"":""200.80""},{""bid_quantity"":80,""ask_quantity"":120,""bid_orders"":1,""ask_orders"":3,""bid_price"":""200.00"",""ask_price"":""200.85""},{""bid_quantity"":60,""ask_quantity"":360,""bid_orders"":1,""ask_orders"":11,""bid_price"":""199.95"",""ask_price"":""200.90""},{""bid_quantity"":40,""ask_quantity"":40,""bid_orders"":1,""ask_orders"":2,""bid_price"":""199.90"",""ask_price"":""200.95""},{""bid_quantity"":100,""ask_quantity"":60,""bid_orders"":2,""ask_orders"":1,""bid_price"":""199.75"",""ask_price"":""201.35""}]"
09:15:13.540,1790826313540866209,1544056094800356,Full Data,8,887306,200.75,160,09:15:13,,,175.62,270640,29140,4167440,240500,"[{""bid_quantity"":60,""ask_quantity"":40,""bid_orders"":1,""ask_orders"":1,""bid_price"":""200.20"",""ask_price"":""200.80""},{""bid_quantity"":20,""ask_quantity"":20,""bid_orders"":1,""ask_orders"":1,""bid_price"":""200.15"",""ask_price"":""200.85""},{""bid_quantity"":100,""ask_quantity"":140,""bid_orders"":2,""ask_orders"":7,""bid_price"":""200.00"",""ask_price"":""200.90""},{""bid_quantity"":20,""ask_quantity"":60,""bid_orders"":1,""ask_orders"":2,""bid_price"":""199.90"",""ask_price"":""200.95""},{""bid_quantity"":40,""ask_quantity"":160,""bid_orders"":1,""ask_orders"":3,""bid_price"":""199.85"",""ask_price"":""201.30""}]"
09:15:13.577,1790826313577888041,1544056131822108,Full Data,8,886671,102.55,20,09:15:13,,,119.14,346960,36200,1575380,570580,"[{""bid_quantity"":80,""ask_quantity"":160,""bid_orders"":1,""ask_orders"":1,""bid_price"":""101.70"",""ask_price"":""102.30""},{""bid_quantity"":140,""ask_quantity"":40,""bid_orders"":3,""ask_orders"":1,""bid_price"":""101.65"",""ask_price"":""102.35""},{""bid_quantity"":100,""ask_quantity"":40,""bid_orders"":1,""ask_orders"":1,""bid_price"":""101.60"",""ask_price"":""102.40""},{""bid_quantity"":200,""ask_quantity"":40,""bid_orders"":2,""ask_orders"":1,""bid_price"":""101.55"",""ask_price"":""102.45""},{""bid_quantity"":340,""ask_quantity"":200,""bid_orders"":3,""ask_orders"":2,""bid_price"":""101.50"",""ask_price"":""102.50""}]"
09:15:13.581,1790826313581320702,1544056135254529,Full Data,8,886671,102.55,20,09:15:13,,,119.14,346960,34120,1572880,570580,"[{""bid_quantity"":20,""ask_quantity"":40,""bid_orders"":1,""ask_orders"":1,""bid_price"":""101.70"",""ask_price"":""102.00""},{""bid_quantity"":40,""ask_quantity"":160,""bid_orders"":2,""ask_orders"":1,""bid_price"":""101.65"",""ask_price"":""102.10""},{""bid_quantity"":120,""ask_quantity"":60,""bid_orders"":1,""ask_orders"":2,""bid_price"":""101.55"",""ask_price"":""102.15""},{""bid_quantity"":180,""ask_quantity"":40,""bid_orders"":2,""ask_orders"":1,""bid_price"":""101.25"",""ask_price"":""102.25""},{""bid_quantity"":260,""ask_quantity"":160,""bid_orders"":2,""ask_orders"":1,""bid_price"":""101.10"",""ask_price"":""102.30""}]"
09:15:13.581,1790826313581955786,1544056135889653,Full Data,8,886685,389.05,160,09:15:13,,,439.60,289780,73840,2922060,1793000,"[{""bid_quantity"":40,""ask_quantity"":40,""bid_orders"":1,""ask_orders"":1,""bid_price"":""386.35"",""ask_price"":""389.00""},{""bid_quantity"":40,""ask_quantity"":100,""bid_orders"":1,""ask_orders"":3,""bid_price"":""386.30"",""ask_price"":""389.05""},{""bid_quantity"":160,""ask_quantity"":80,""bid_orders"":1,""ask_orders"":3,""bid_price"":""385.65"",""ask_price"":""389.10""},{""bid_quantity"":20,""ask_quantity"":80,""bid_orders"":1,""ask_orders"":3,""bid_price"":""385.60"",""ask_price"":""389.15""},{""bid_quantity"":40,""ask_quantity"":100,""bid_orders"":2,""ask_orders"":3,""bid_price"":""385.35"",""ask_price"":""389.25""}]"
09:15:13.743,1790826313743036916,1544056296971263,Full Data,8,886961,442.15,20,09:15:13,,,392.27,19840,14740,1471600,36440,"[{""bid_quantity"":40,""ask_quantity"":40,""bid_orders"":1,""ask_orders"":2,""bid_price"":""440.35"",""ask_price"":""445.35""},{""bid_quantity"":140,""ask_quantity"":160,""bid_orders"":2,""ask_orders"":2,""bid_price"":""440.30"",""ask_price"":""445.40""},{""bid_quantity"":140,""ask_quantity"":60,""bid_orders"":2,""ask_orders"":3,""bid_price"":""440.20"",""ask_price"":""445.45""},{""bid_quantity"":140,""ask_quantity"":120,""bid_orders"":2,""ask_orders"":2,""bid_price"":""440.10"",""ask_price"":""445.50""},{""bid_quantity"":60,""ask_quantity"":20,""bid_orders"":2,""ask_orders"":1,""bid_price"":""440.05"",""ask_price"":""445.55""}]"
09:15:13.753,1790826313753408261,1544056307342208,Full Data,8,886461,128.15,40,09:15:13,,,104.83,506760,86600,4975340,1682940,"[{""bid_quantity"":40,""ask_quantity"":280,""bid_orders"":2,""ask_orders"":2,""bid_price"":""128.10"",""ask_price"":""129.00""},{""bid_quantity"":120,""ask_quantity"":180,""bid_orders"":2,""ask_orders"":3,""bid_price"":""128.00"",""ask_price"":""129.05""},{""bid_quantity"":20,""ask_quantity"":140,""bid_orders"":1,""ask_orders"":2,""bid_price"":""127.95"",""ask_price"":""129.10""},{""bid_quantity"":160,""ask_quantity"":100,""bid_orders"":1,""ask_orders"":1,""bid_price"":""127.90"",""ask_price"":""129.15""},{""bid_quantity"":20,""ask_quantity"":160,""bid_orders"":1,""ask_orders"":3,""bid_price"":""127.85"",""ask_price"":""129.20""}]"
09:15:13.796,1790826313796253890,1544056350187837,Full Data,8,886961,440.15,40,09:15:13,,,392.51,19940,14320,1475320,36440,"[{""bid_quantity"":20,""ask_quantity"":20,""bid_orders"":1,""ask_orders"":1,""bid_price"":""440.00"",""ask_price"":""444.55""},{""bid_quantity"":40,""ask_quantity"":40,""bid_orders"":1,""ask_orders"":1,""bid_price"":""439.85"",""ask_price"":""444.60""},{""bid_quantity"":100,""ask_quantity"":20,""bid_orders"":1,""ask_orders"":1,""bid_price"":""439.80"",""ask_price"":""444.65""},{""bid_quantity"":80,""ask_quantity"":40,""bid_orders"":3,""ask_orders"":2,""bid_price"":""439.75"",""ask_price"":""444.95""},{""bid_quantity"":180,""ask_quantity"":20,""bid_orders"":2,""ask_orders"":1,""bid_price"":""439.70"",""ask_price"":""445.05""}]"
09:15:13.859,1790826313859836808,1544056413770955,Full Data,8,887080,162.70,20,09:15:13,,,132.12,305040,36640,3705660,530840,"[{""bid_quantity"":120,""ask_quantity"":20,""bid_orders"":1,""ask_orders"":1,""bid_price"":""162.80"",""ask_price"":""163.30""},{""bid_quantity"":120,""ask_quantity"":80,""bid_orders"":1,""ask_orders"":2,""bid_price"":""162.75"",""ask_price"":""163.40""},{""bid_quantity"":180,""ask_quantity"":20,""bid_orders"":1,""ask_orders"":1,""bid_price"":""162.70"",""ask_price"":""163.50""},{""bid_quantity"":20,""ask_quantity"":20,""bid_orders"":1,""ask_orders"":1,""bid_price"":""162.45"",""ask_price"":""163.70""},{""bid_quantity"":40,""ask_quantity"":20,""bid_orders"":1,""ask_orders"":1,""bid_price"":""162.40"",""ask_price"":""163.90""}]"
09:15:13.873,1790826313873947857,1544056427882164,Full Data,8,886540,168.85,20,09:15:13,,,195.03,421100,57380,2600860,632060,"[{""bid_quantity"":40,""ask_quantity"":220,""bid_orders"":1,""ask_orders"":2,""bid_price"":""167.85"",""ask_price"":""168.60""},{""bid_quantity"":80,""ask_quantity"":60,""bid_orders"":1,""ask_orders"":2,""bid_price"":""167.00"",""ask_price"":""168.65""},{""bid_quantity"":160,""ask_quantity"":160,""bid_orders"":2,""ask_orders"":1,""bid_price"":""166.65"",""ask_price"":""168.75""},{""bid_quantity"":360,""ask_quantity"":20,""bid_orders"":2,""ask_orders"":1,""bid_price"":""166.60"",""ask_price"":""168.90""},{""bid_quantity"":80,""ask_quantity"":100,""bid_orders"":1,""ask_orders"":1,""bid_price"":""166.55"",""ask_price"":""169.10""}]"
09:15:13.957,1790826313957051057,1544056510985044,Full Data,8,886589,375.00,40,09:15:13,,,329.22,259660,20000,5487140,194360,"[{""bid_quantity"":140,""ask_quantity"":60,""bid_orders"":3,""ask_orders"":1,""bid_price"":""375.00"",""ask_price"":""376.90""},{""bid_quantity"":40,""ask_quantity"":40,""bid_orders"":1,""ask_orders"":1,""bid_price"":""374.95"",""ask_price"":""376.95""},{""bid_quantity"":100,""ask_quantity"":40,""bid_orders"":2,""ask_orders"":2,""bid_price"":""374.90"",""ask_price"":""377.00""},{""bid_quantity"":40,""ask_quantity"":60,""bid_orders"":1,""ask_orders"":2,""bid_price"":""374.80"",""ask_price"":""377.05""},{""bid_quantity"":40,""ask_quantity"":200,""bid_orders"":1,""ask_orders"":2,""bid_price"":""374.75"",""ask_price"":""377.10""}]"
09:15:13.957,1790826313957203138,1544056511136805,Full Data,8,887080,165.45,20,09:15:13,,,132.20,305780,36740,3705440,530840,"[{""bid_quantity"":400,""ask_quantity"":80,""bid_orders"":2,""ask_orders"":4,""bid_price"":""164.75"",""ask_price"":""165.70""},{""bid_quantity"":60,""ask_quantity"":100,""bid_orders"":2,""ask_orders"":3,""bid_price"":""164.70"",""ask_price"":""165.95""},{""bid_quantity"":220,""ask_quantity"":60,""bid_orders"":2,""ask_orders"":2,""bid_price"":""164.65"",""ask_price"":""166.00""},{""bid_quantity"":20,""ask_quantity"":80,""bid_orders"":1,""ask_orders"":2,""bid_price"":""164.60"",""ask_price"":""166.40""},{""bid_quantity"":20,""ask_quantity"":180,""bid_orders"":1,""ask_orders"":3,""bid_price"":""164.55"",""ask_price"":""166.50""}]"
09:15:14.256,1790826314256570415,1544056810504722,Ticker Data,0,51,72282.51,,09:15:14,,,,,,,,
09:15:14.331,1790826314331874527,1544056885808554,Full Data,8,886659,262.15,20,09:15:14,,,222.09,372840,59380,4856820,138720,"[{""bid_quantity"":120,""ask_quantity"":20,""bid_orders"":2,""ask_orders"":1,""bid_price"":""260.35"",""ask_price"":""262.15""},{""bid_quantity"":200,""ask_quantity"":20,""bid_orders"":5,""ask_orders"":1,""bid_price"":""260.30"",""ask_price"":""262.40""},{""bid_quantity"":400,""ask_quantity"":20,""bid_orders"":3,""ask_orders"":1,""bid_price"":""260.25"",""ask_price"":""262.70""},{""bid_quantity"":40,""ask_quantity"":20,""bid_orders"":1,""ask_orders"":1,""bid_price"":""260.10"",""ask_price"":""262.75""},{""bid_quantity"":60,""ask_quantity"":20,""bid_orders"":1,""ask_orders"":1,""bid_price"":""259.60"",""ask_price"":""263.55""}]"
09:15:14.345,1790826314345415612,1544056899349519,Full Data,8,887216,205.20,40,09:15:14,,,243.21,621180,57600,3665780,716360,"[{""bid_quantity"":100,""ask_quantity"":80,""bid_orders"":2,""ask_orders"":1,""bid_price"":""205.25"",""ask_price"":""206.20""},{""bid_quantity"":60,""ask_quantity"":100,""bid_orders"":2,""ask_orders"":3,""bid_price"":""205.10"",""ask_price"":""206.25""},{""bid_quantity"":40,""ask_quantity"":120,""bid_orders"":2,""ask_orders"":2,""bid_price"":""205.05"",""ask_price"":""206.35""},{""bid_quantity"":140,""ask_quantity"":60,""bid_orders"":2,""ask_orders"":1,""bid_price"":""205.00"",""ask_price"":""206.40""},{""bid_quantity"":60,""ask_quantity"":60,""bid_orders"":1,""ask_orders"":1,""bid_price"":""204.55"",""ask_price"":""206.45""}]"
09:15:14.396,1790826314396614773,1544056950548800,Full Data,8,886659,267.45,40,09:15:14,,,222.39,375600,60580,4865280,138720,"[{""bid_quantity"":120,""ask_quantity"":20,""bid_orders"":4,""ask_orders"":1,""bid_price"":""265.50"",""ask_price"":""267.55""},{""bid_quantity"":160,""ask_quantity"":320,""bid_orders"":1,""ask_orders"":1,""bid_price"":""265.45"",""ask_price"":""268.00""},{""bid_quantity"":80,""ask_quantity"":20,""bid_orders"":2,""ask_orders"":1,""bid_price"":""265.40"",""ask_price"":""268.05""},{""bid_quantity"":280,""ask_quantity"":20,""bid_orders"":5,""ask_orders"":1,""bid_price"":""265.30"",""ask_price"":""268.15""},{""bid_quantity"":200,""ask_quantity"":20,""bid_orders"":2,""ask_orders"":1,""bid_price"":""265.25"",""ask_price"":""268.25""}]"
09:15:14.435,1790826314435760218,1544056989694325,Full Data,8,886620,252.10,20,09:15:14,,,299.68,320640,36960,3328920,731020,"[{""bid_quantity"":60,""ask_quantity"":80,""bid_orders"":1,""ask_orders"":2,""bid_price"":""252.25"",""ask_price"":""253.95""},{""bid_quantity"":160,""ask_quantity"":20,""bid_orders"":1,""ask_orders"":1,""bid_price"":""252.20"",""ask_price"":""254.40""},{""bid_quantity"":40,""ask_quantity"":40,""bid_orders"":1,""ask_orders"":1,""bid_price"":""252.10"",""ask_price"":""254.45""},{""bid_quantity"":20,""ask_quantity"":20,""bid_orders"":1,""ask_orders"":1,""bid_price"":""252.05"",""ask_price"":""254.60""},{""bid_quantity"":60,""ask_quantity"":20,""bid_orders"":1,""ask_orders"":1,""bid_price"":""251.95"",""ask_price"":""254.90""}]"
09:15:14.466,1790826314466556891,1544057020490958,Full Data,8,886620,251.75,20,09:15:14,,,299.62,321040,37840,3327560,731020,"[{""bid_quantity"":160,""ask_quantity"":580,""bid_orders"":2,""ask_orders"":3,""bid_price"":""251.55"",""ask_price"":""254.05""},{""bid_quantity"":40,""ask_quantity"":100,""bid_orders"":2,""ask_orders"":1,""bid_price"":""251.50"",""ask_price"":""254.10""},{""bid_quantity"":160,""ask_quantity"":60,""bid_orders"":2,""ask_orders"":1,""bid_price"":""251.20"",""ask_price"":""254.15""},{""bid_quantity"":160,""ask_quantity"":40,""bid_orders"":1,""ask_orders"":1,""bid_price"":""251.05"",""ask_price"":""254.20""},{""bid_quantity"":1060,""ask_quantity"":20,""bid_orders"":3,""ask_orders"":1,""bid_price"":""251.00"",""ask_price"":""254.30""}]"
09:15:14.549,1790826314549491851,1544057103425798,Full Data,8,887306,221.85,40,09:15:14,,,178.21,293160,26820,4268260,240500,"[{""bid_quantity"":80,""ask_quantity"":200,""bid_orders"":1,""ask_orders"":2,""bid_price"":""221.40"",""ask_price"":""223.00""},{""bid_quantity"":40,""ask_quantity"":60,""bid_orders"":1,""ask_orders"":3,""bid_price"":""221.25"",""ask_price"":""223.05""},{""bid_quantity"":20,""ask_quantity"":180,""bid_orders"":1,""ask_orders"":2,""bid_price"":""221.10"",""ask_price"":""223.30""},{""bid_quantity"":120,""ask_quantity"":20,""bid_orders"":2,""ask_orders"":1,""bid_price"":""220.95"",""ask_price"":""223.35""},{""bid_quantity"":120,""ask_quantity"":60,""bid_orders"":1,""ask_orders"":1,""bid_price"":""220.90"",""ask_price"":""223.85""}]"
09:15:14.577,1790826314577729468,1544057131663455,Full Data,8,886671,98.50,40,09:15:14,,,117.70,374840,31320,1693260,570580,"[{""bid_quantity"":40,""ask_quantity"":160,""bid_orders"":1,""ask_orders"":2,""bid_price"":""98.35"",""ask_price"":""99.30""},{""bid_quantity"":120,""ask_quantity"":200,""bid_orders"":2,""ask_orders"":5,""bid_price"":""98.30"",""ask_price"":""99.35""},{""bid_quantity"":60,""ask_quantity"":40,""bid_orders"":1,""ask_orders"":1,""bid_price"":""98.20"",""ask_price"":""99.40""},{""bid_quantity"":60,""ask_quantity"":160,""bid_orders"":2,""ask_orders"":2,""bid_price"":""98.10"",""ask_price"":""99.45""},{""bid_quantity"":260,""ask_quantity"":40,""bid_orders"":3,""ask_orders"":1,""bid_price"":""98.00"",""ask_price"":""99.50""}]"
09:15:14.607,1790826314607385614,1544057161319561,Full Data,8,886671,98.50,40,09:15:14,,,117.70,374840,31120,1694360,570580,"[{""bid_quantity"":40,""ask_quantity"":60,""bid_orders"":1,""ask_orders"":2,""bid_price"":""98.40"",""ask_price"":""99.00""},{""bid_quantity"":180,""ask_quantity"":20,""bid_orders"":2,""ask_orders"":1,""bid_price"":""98.35"",""ask_price"":""99.10""},{""bid_quantity"":120,""ask_quantity"":40,""bid_orders"":2,""ask_orders"":1,""bid_price"":""98.30"",""ask_price"":""99.15""},{""bid_quantity"":60,""ask_quantity"":60,""bid_orders"":1,""ask_orders"":2,""bid_price"":""98.20"",""ask_price"":""99.25""},{""bid_quantity"":40,""ask_quantity"":20,""bid_orders"":1,""ask_orders"":1,""bid_price"":""98.10"",""ask_price"":""99.35""}]"
09:15:14.810,1790826314810914370,1544057364848597,Full Data,8,886961,465.80,60,09:15:14,,,399.83,22540,12080,1616060,36440,"[{""bid_quantity"":40,""ask_quantity"":40,""bid_orders"":1,""ask_orders"":1,""bid_price"":""466.65"",""ask_price"":""467.80""},{""bid_quantity"":80,""ask_quantity"":20,""bid_orders"":2,""ask_orders"":1,""bid_price"":""466.60"",""ask_price"":""467.85""},{""bid_quantity"":120,""ask_quantity"":20,""bid_orders"":2,""ask_orders"":1,""bid_price"":""465.30"",""ask_price"":""468.00""},{""bid_quantity"":80,""ask_quantity"":20,""bid_orders"":2,""ask_orders"":1,""bid_price"":""464.10"",""ask_price"":""468.10""},{""bid_quantity"":240,""ask_quantity"":20,""bid_orders"":2,""ask_orders"":1,""bid_price"":""463.45"",""ask_price"":""468.20""}]"
09:15:14.814,1790826314814187911,1544057368121898,Full Data,8,886461,143.55,40,09:15:14,,,109.18,581880,75540,4973520,1682940,"[{""bid_quantity"":120,""ask_quantity"":40,""bid_orders"":1,""ask_orders"":1,""bid_price"":""143.55"",""ask_price"":""143.80""},{""bid_quantity"":360,""ask_quantity"":80,""bid_orders"":1,""ask_orders"":1,""bid_price"":""143.00"",""ask_price"":""143.85""},{""bid_quantity"":40,""ask_quantity"":160,""bid_orders"":1,""ask_orders"":1,""bid_price"":""142.65"",""ask_price"":""143.90""},{""bid_quantity"":40,""ask_quantity"":80,""bid_orders"":1,""ask_orders"":1,""bid_price"":""142.50"",""ask_price"":""144.25""},{""bid_quantity"":360,""ask_quantity"":40,""bid_orders"":3,""ask_orders"":1,""bid_price"":""142.40"",""ask_price"":""144.60""}]"
09:15:14.898,1790826314898558199,1544057452492506,Full Data,8,886961,465.80,60,09:15:14,,,399.83,22540,11420,1616460,36440,"[{""bid_quantity"":120,""ask_quantity"":20,""bid_orders"":3,""ask_orders"":1,""bid_price"":""469.50"",""ask_price"":""473.60""},{""bid_quantity"":60,""ask_quantity"":160,""bid_orders"":2,""ask_orders"":2,""bid_price"":""469.45"",""ask_price"":""473.65""},{""bid_quantity"":80,""ask_quantity"":40,""bid_orders"":2,""ask_orders"":1,""bid_price"":""469.40"",""ask_price"":""474.00""},{""bid_quantity"":180,""ask_quantity"":100,""bid_orders"":2,""ask_orders"":1,""bid_price"":""469.35"",""ask_price"":""474.05""},{""bid_quantity"":40,""ask_quantity"":20,""bid_orders"":1,""ask_orders"":1,""bid_price"":""469.30"",""ask_price"":""474.20""}]"
09:15:14.938,1790826314939005333,1544057492939360,Full Data,8,886540,162.10,20,09:15:14,,,193.33,445700,57760,2596940,632060,"[{""bid_quantity"":140,""ask_quantity"":40,""bid_orders"":1,""ask_orders"":1,""bid_price"":""160.75"",""ask_price"":""161.80""},{""bid_quantity"":80,""ask_quantity"":160,""bid_orders"":2,""ask_orders"":1,""bid_price"":""160.55"",""ask_price"":""161.85""},{""bid_quantity"":60,""ask_quantity"":20,""bid_orders"":2,""ask_orders"":1,""bid_price"":""160.50"",""ask_price"":""161.90""},{""bid_quantity"":180,""ask_quantity"":240,""bid_orders"":1,""ask_orders"":3,""bid_price"":""160.45"",""ask_price"":""161.95""},{""bid_quantity"":140,""ask_quantity"":80,""bid_orders"":2,""ask_orders"":2,""bid_price"":""160.30"",""ask_price"":""162.00""}]"
09:15:15.019,1790826315019435597,1544057573369784,Full Data,8,887279,308.15,20,09:15:14,,,364.40,286380,34760,2789900,793060,"[{""bid_quantity"":60,""ask_quantity"":60,""bid_orders"":1,""ask_orders"":2,""bid_price"":""307.05"",""ask_price"":""308.15""},{""bid_quantity"":200,""ask_quantity"":80,""bid_orders"":1,""ask_orders"":1,""bid_price"":""307.00"",""ask_price"":""309.10""},{""bid_quantity"":160,""ask_quantity"":20,""bid_orders"":1,""ask_orders"":1,""bid_price"":""306.85"",""ask_price"":""309.15""},{""bid_quantity"":20,""ask_quantity"":80,""bid_orders"":1,""ask_orders"":1,""bid_price"":""306.80"",""ask_price"":""309.95""},{""bid_quantity"":60,""ask_quantity"":20,""bid_orders"":2,""ask_orders"":1,""bid_price"":""306.75"",""ask_price"":""310.00""}]"
09:15:15.021,1790826315021947373,1544057575881600,Full Data,8,886790,128.55,20,09:15:14,,,152.67,956960,115280,4501280,2100780,"[{""bid_quantity"":20,""ask_quantity"":20,""bid_orders"":1,""ask_orders"":1,""bid_price"":""128.05"",""ask_price"":""128.50""},{""bid_quantity"":20,""ask_quantity"":20,""bid_orders"":1,""ask_orders"":1,""bid_price"":""127.95"",""ask_price"":""128.65""},{""bid_quantity"":180,""ask_quantity"":120,""bid_orders"":2,""ask_orders"":3,""bid_price"":""127.90"",""ask_price"":""128.70""},{""bid_quantity"":20,""ask_quantity"":20,""bid_orders"":1,""ask_orders"":1,""bid_price"":""127.85"",""ask_price"":""128.75""},{""bid_quantity"":20,""ask_quantity"":20,""bid_orders"":1,""ask_orders"":1,""bid_price"":""127.75"",""ask_price"":""128.80""}]"
09:15:15.084,1790826315084564445,1544057638498512,Full Data,8,887080,182.80,20,09:15:14,,,134.24,321920,34240,3767780,530840,"[{""bid_quantity"":120,""ask_quantity"":360,""bid_orders"":1,""ask_orders"":1,""bid_price"":""183.25"",""ask_price"":""183.75""},{""bid_quantity"":120,""ask_quantity"":60,""bid_orders"":3,""ask_orders"":1,""bid_price"":""183.20"",""ask_price"":""185.35""},{""bid_quantity"":80,""ask_quantity"":60,""bid_orders"":2,""ask_orders"":3,""bid_price"":""183.15"",""ask_price"":""185.40""},{""bid_quantity"":100,""ask_quantity"":60,""bid_orders"":3,""ask_orders"":1,""bid_price"":""183.10"",""ask_price"":""185.50""},{""bid_quantity"":20,""ask_quantity"":20,""bid_orders"":1,""ask_orders"":1,""bid_price"":""182.95"",""ask_price"":""185.55""}]"
09:15:15.241,1790826315241557910,1544057795491857,Ticker Data,0,51,72283.15,,09:15:15,,,,,,,,
09:15:15.362,1790826315362884430,1544057916818537,Full Data,8,887216,207.05,20,09:15:15,,,240.59,664600,54800,3715460,716360,"[{""bid_quantity"":580,""ask_quantity"":60,""bid_orders"":5,""ask_orders"":2,""bid_price"":""205.70"",""ask_price"":""207.35""},{""bid_quantity"":480,""ask_quantity"":20,""bid_orders"":5,""ask_orders"":1,""bid_price"":""205.65"",""ask_price"":""207.50""},{""bid_quantity"":120,""ask_quantity"":120,""bid_orders"":3,""ask_orders"":2,""bid_price"":""205.60"",""ask_price"":""207.75""},{""bid_quantity"":340,""ask_quantity"":20,""bid_orders"":4,""ask_orders"":1,""bid_price"":""205.50"",""ask_price"":""208.05""},{""bid_quantity"":160,""ask_quantity"":180,""bid_orders"":3,""ask_orders"":2,""bid_price"":""205.45"",""ask_price"":""208.20""}]"
09:15:15.412,1790826315412994744,1544057966928691,Full Data,8,886659,271.40,60,09:15:15,,,226.93,409420,60840,5097380,138720,"[{""bid_quantity"":180,""ask_quantity"":80,""bid_orders"":3,""ask_orders"":3,""bid_price"":""271.10"",""ask_price"":""272.80""},{""bid_quantity"":240,""ask_quantity"":40,""bid_orders"":3,""ask_orders"":2,""bid_price"":""271.05"",""ask_price"":""272.85""},{""bid_quantity"":3760,""ask_quantity"":200,""bid_orders"":43,""ask_orders"":2,""bid_price"":""271.00"",""ask_price"":""272.90""},{""bid_quantity"":40,""ask_quantity"":180,""bid_orders"":1,""ask_orders"":2,""bid_price"":""270.65"",""ask_price"":""272.95""},{""bid_quantity"":40,""ask_quantity"":20,""bid_orders"":1,""ask_orders"":1,""bid_price"":""270.25"",""ask_price"":""273.00""}]"
09:15:15.476,1790826315476281061,1544058030215288,Full Data,8,886620,255.70,40,09:15:15,,,296.20,345100,42920,3520540,731020,"[{""bid_quantity"":20,""ask_quantity"":40,""bid_orders"":1,""ask_orders"":2,""bid_price"":""254.75"",""ask_price"":""255.70""},{""bid_quantity"":100,""ask_quantity"":60,""bid_orders"":2,""ask_orders"":2,""bid_price"":""254.70"",""ask_price"":""255.75""},{""bid_quantity"":20,""ask_quantity"":100,""bid_orders"":1,""ask_orders"":1,""bid_price"":""254.40"",""ask_price"":""256.20""},{""bid_quantity"":140,""ask_quantity"":140,""bid_orders"":1,""ask_orders"":1,""bid_price"":""254.30"",""ask_price"":""256.50""},{""bid_quantity"":40,""ask_quantity"":60,""bid_orders"":2,""ask_orders"":1,""bid_price"":""254.25"",""ask_price"":""256.55""}]"
09:15:15.482,1790826315482658661,1544058036592648,Full Data,8,887253,327.50,20,09:15:15,,,275.79,181320,24220,4327000,55040,"[{""bid_quantity"":140,""ask_quantity"":40,""bid_orders"":4,""ask_orders"":2,""bid_price"":""326.25"",""ask_price"":""328.65""},{""bid_quantity"":100,""ask_quantity"":240,""bid_orders"":2,""ask_orders"":2,""bid_price"":""326.10"",""ask_price"":""328.80""},{""bid_quantity"":20,""ask_quantity"":40,""bid_orders"":1,""ask_orders"":1,""bid_price"":""326.00"",""ask_price"":""328.85""},{""bid_quantity"":20,""ask_quantity"":20,""bid_orders"":1,""ask_orders"":1,""bid_price"":""325.75"",""ask_price"":""328.90""},{""bid_quantity"":40,""ask_quantity"":40,""bid_orders"":1,""ask_orders"":1,""bid_price"":""325.50"",""ask_price"":""329.00""}]"
09:15:15.515,1790826315515208705,1544058069142932,Full Data,8,886620,257.45,20,09:15:15,,,296.16,345420,42160,3525160,731020,"[{""bid_quantity"":160,""ask_quantity"":80,""bid_orders"":3,""ask_orders"":3,""bid_price"":""255.85"",""ask_price"":""257.45""},{""bid_quantity"":340,""ask_quantity"":40,""bid_orders"":4,""ask_orders"":1,""bid_price"":""255.80"",""ask_price"":""258.65""},{""bid_quantity"":80,""ask_quantity"":40,""bid_orders"":2,""ask_orders"":1,""bid_price"":""255.75"",""ask_price"":""258.95""},{""bid_quantity"":80,""ask_quantity"":40,""bid_orders"":2,""ask_orders"":1,""bid_price"":""255.70"",""ask_price"":""259.30""},{""bid_quantity"":120,""ask_quantity"":60,""bid_orders"":2,""ask_orders"":1,""bid_price"":""255.65"",""ask_price"":""259.45""}]"
09:15:15.535,1790826315535592713,1544058089526540,Full Data,8,886659,267.35,20,09:15:15,,,227.60,415780,65380,5110640,138720,"[{""bid_quantity"":20,""ask_quantity"":240,""bid_orders"":1,""ask_orders"":4,""bid_price"":""267.35"",""ask_price"":""268.90""},{""bid_quantity"":100,""ask_quantity"":180,""bid_orders"":1,""ask_orders"":3,""bid_price"":""267.15"",""ask_price"":""268.95""},{""bid_quantity"":180,""ask_quantity"":40,""bid_orders"":2,""ask_orders"":1,""bid_price"":""266.40"",""ask_price"":""269.00""},{""bid_quantity"":320,""ask_quantity"":40,""bid_orders"":1,""ask_orders"":1,""bid_price"":""265.30"",""ask_price"":""269.05""},{""bid_quantity"":120,""ask_quantity"":80,""bid_orders"":2,""ask_orders"":1,""bid_price"":""265.25"",""ask_price"":""269.10""}]"
09:15:15.540,1790826315540694025,1544058094627852,Full Data,8,887253,324.95,20,09:15:15,,,276.05,182300,24540,4343700,55040,"[{""bid_quantity"":40,""ask_quantity"":80,""bid_orders"":2,""ask_orders"":3,""bid_price"":""324.90"",""ask_price"":""328.35""},{""bid_quantity"":40,""ask_quantity"":20,""bid_orders"":2,""ask_orders"":1,""bid_price"":""324.80"",""ask_price"":""328.40""},{""bid_quantity"":40,""ask_quantity"":40,""bid_orders"":1,""ask_orders"":1,""bid_price"":""324.75"",""ask_price"":""328.60""},{""bid_quantity"":20,""ask_quantity"":20,""bid_orders"":1,""ask_orders"":1,""bid_price"":""324.70"",""ask_price"":""328.65""},{""bid_quantity"":120,""ask_quantity"":20,""bid_orders"":3,""ask_orders"":1,""bid_price"":""324.65"",""ask_price"":""328.90""}]"
09:15:15.582,1790826315582981770,1544058136915917,Full Data,8,886671,99.05,160,09:15:15,,,116.47,400160,34400,1766840,570580,"[{""bid_quantity"":100,""ask_quantity"":40,""bid_orders"":1,""ask_orders"":1,""bid_price"":""98.65"",""ask_price"":""99.25""},{""bid_quantity"":200,""ask_quantity"":220,""bid_orders"":1,""ask_orders"":6,""bid_price"":""98.50"",""ask_price"":""99.30""},{""bid_quantity"":20,""ask_quantity"":80,""bid_orders"":1,""ask_orders"":2,""bid_price"":""97.95"",""ask_price"":""99.35""},{""bid_quantity"":60,""ask_quantity"":200,""bid_orders"":1,""ask_orders"":2,""bid_price"":""97.90"",""ask_price"":""99.40""},{""bid_quantity"":20,""ask_quantity"":300,""bid_orders"":1,""ask_orders"":3,""bid_price"":""97.85"",""ask_price"":""99.45""}]"
09:15:15.658,1790826315658703365,1544058212637352,Full Data,8,887306,219.45,20,09:15:15,,,182.19,321200,28880,4338080,240500,"[{""bid_quantity"":80,""ask_quantity"":100,""bid_orders"":2,""ask_orders"":2,""bid_price"":""219.45"",""ask_price"":""220.75""},{""bid_quantity"":40,""ask_quantity"":60,""bid_orders"":1,""ask_orders"":1,""bid_price"":""219.20"",""ask_price"":""220.85""},{""bid_quantity"":160,""ask_quantity"":60,""bid_orders"":1,""ask_orders"":1,""bid_price"":""218.90"",""ask_price"":""220.90""},{""bid_quantity"":80,""ask_quantity"":60,""bid_orders"":1,""ask_orders"":1,""bid_price"":""218.85"",""ask_price"":""221.00""},{""bid_quantity"":100,""ask_quantity"":20,""bid_orders"":1,""ask_orders"":1,""bid_price"":""218.45"",""ask_price"":""221.10""}]"
09:15:15.873,1790826315873398551,1544058427332778,Full Data,8,886961,459.20,60,09:15:15,,,407.64,25340,16580,1743020,36440,"[{""bid_quantity"":100,""ask_quantity"":40,""bid_orders"":4,""ask_orders"":1,""bid_price"":""460.75"",""ask_price"":""469.75""},{""bid_quantity"":140,""ask_quantity"":40,""bid_orders"":5,""ask_orders"":2,""bid_price"":""460.70"",""ask_price"":""469.80""},{""bid_quantity"":40,""ask_quantity"":20,""bid_orders"":2,""ask_orders"":1,""bid_price"":""460.65"",""ask_price"":""469.85""},{""bid_quantity"":140,""ask_quantity"":20,""bid_orders"":2,""ask_orders"":1,""bid_price"":""460.60"",""ask_price"":""469.90""},{""bid_quantity"":40,""ask_quantity"":20,""bid_orders"":2,""ask_orders"":1,""bid_price"":""460.55"",""ask_price"":""470.10""}]"
09:15:15.873,1790826315873542431,1544058427476058,Full Data,8,886461,141.05,20,09:15:15,,,113.66,667240,75660,5125180,1682940,"[{""bid_quantity"":40,""ask_quantity"":100,""bid_orders"":1,""ask_orders"":2,""bid_price"":""140.70"",""ask_price"":""141.95""},{""bid_quantity"":160,""ask_quantity"":60,""bid_orders"":1,""ask_orders"":2,""bid_price"":""140.65"",""ask_price"":""142.00""},{""bid_quantity"":200,""ask_quantity"":40,""bid_orders"":2,""ask_orders"":1,""bid_price"":""140.55"",""ask_price"":""142.10""},{""bid_quantity"":80,""ask_quantity"":80,""bid_orders"":2,""ask_orders"":1,""bid_price"":""140.50"",""ask_price"":""142.30""},{""bid_quantity"":80,""ask_quantity"":20,""bid_orders"":2,""ask_orders"":1,""bid_price"":""140.40"",""ask_price"":""142.35""}]"
09:15:15.955,1790826315955369344,1544058509303691,Full Data,8,886961,459.20,60,09:15:15,,,407.64,25340,17280,1752340,36440,"[{""bid_quantity"":40,""ask_quantity"":40,""bid_orders"":1,""ask_orders"":1,""bid_price"":""464.25"",""ask_price"":""469.00""},{""bid_quantity"":20,""ask_quantity"":40,""bid_orders"":1,""ask_orders"":1,""bid_price"":""464.20"",""ask_price"":""469.05""},{""bid_quantity"":40,""ask_quantity"":20,""bid_orders"":1,""ask_orders"":1,""bid_price"":""464.15"",""ask_price"":""469.10""},{""bid_quantity"":20,""ask_quantity"":80,""bid_orders"":1,""ask_orders"":1,""bid_price"":""464.10"",""ask_price"":""469.15""},{""bid_quantity"":80,""ask_quantity"":100,""bid_orders"":2,""ask_orders"":1,""bid_price"":""464.05"",""ask_price"":""470.25""}]"
09:15:15.955,1790826315955531865,1544058509465492,Full Data,8,886461,140.60,20,09:15:15,,,113.76,669660,76980,5127280,1682940,"[{""bid_quantity"":20,""ask_quantity"":180,""bid_orders"":1,""ask_orders"":3,""bid_price"":""140.35"",""ask_price"":""141.00""},{""bid_quantity"":60,""ask_quantity"":180,""bid_orders"":1,""ask_orders"":2,""bid_price"":""140.20"",""ask_price"":""141.30""},{""bid_quantity"":20,""ask_quantity"":200,""bid_orders"":1,""ask_orders"":2,""bid_price"":""140.15"",""ask_price"":""141.35""},{""bid_quantity"":80,""ask_quantity"":100,""bid_orders"":2,""ask_orders"":1,""bid_price"":""140.10"",""ask_price"":""141.50""},{""bid_quantity"":180,""ask_quantity"":100,""bid_orders"":2,""ask_orders"":1,""bid_price"":""140.05"",""ask_price"":""141.60""}]"
09:15:16.023,1790826316023474091,1544058577408638,Full Data,8,886540,162.40,40,09:15:15,,,191.66,471240,64840,2599360,632060,"[{""bid_quantity"":40,""ask_quantity"":40,""bid_orders"":2,""ask_orders"":1,""bid_price"":""162.10"",""ask_price"":""162.95""},{""bid_quantity"":40,""ask_quantity"":600,""bid_orders"":1,""ask_orders"":1,""bid_price"":""162.05"",""ask_price"":""163.00""},{""bid_quantity"":760,""ask_quantity"":60,""bid_orders"":4,""ask_orders"":2,""bid_price"":""162.00"",""ask_price"":""163.10""},{""bid_quantity"":20,""ask_quantity"":20,""bid_orders"":1,""ask_orders"":1,""bid_price"":""161.85"",""ask_price"":""163.35""},{""bid_quantity"":500,""ask_quantity"":120,""bid_orders"":1,""ask_orders"":1,""bid_price"":""161.80"",""ask_price"":""163.55""}]"
09:15:16.055,1790826316055699973,1544058609634360,Full Data,8,887279,308.15,20,09:15:15,,,361.42,301780,41880,3125500,793060,"[{""bid_quantity"":40,""ask_quantity"":60,""bid_orders"":2,""ask_orders"":1,""bid_price"":""309.20"",""ask_price"":""311.50""},{""bid_quantity"":40,""ask_quantity"":200,""bid_orders"":2,""ask_orders"":1,""bid_price"":""309.15"",""ask_price"":""311.60""},{""bid_quantity"":340,""ask_quantity"":100,""bid_orders"":3,""ask_orders"":1,""bid_price"":""309.10"",""ask_price"":""313.30""},{""bid_quantity"":40,""ask_quantity"":20,""bid_orders"":2,""ask_orders"":1,""bid_price"":""309.05"",""ask_price"":""313.45""},{""bid_quantity"":140,""ask_quantity"":160,""bid_orders"":4,""ask_orders"":1,""bid_price"":""309.00"",""ask_price"":""313.75""}]"
09:15:16.126,1790826316126175095,1544058680109362,Full Data,8,886589,386.35,20,09:15:16,,,334.26,281500,22680,6034420,194360,"[{""bid_quantity"":20,""ask_quantity"":60,""bid_orders"":1,""ask_orders"":2,""bid_price"":""382.40"",""ask_price"":""386.30""},{""bid_quantity"":20,""ask_quantity"":40,""bid_orders"":1,""ask_orders"":2,""bid_price"":""382.35"",""ask_price"":""386.35""},{""bid_quantity"":80,""ask_quantity"":100,""bid_orders"":1,""ask_orders"":4,""bid_price"":""382.25"",""ask_price"":""386.40""},{""bid_quantity"":260,""ask_quantity"":60,""bid_orders"":2,""ask_orders"":3,""bid_price"":""382.20"",""ask_price"":""386.45""},{""bid_quantity"":40,""ask_quantity"":60,""bid_orders"":1,""ask_orders"":2,""bid_price"":""381.80"",""ask_price"":""386.55""}]"
09:15:16.261,1790826316261790225,1544058815724372,Ticker Data,0,51,72276.03,,09:15:16,,,,,,,,
09:15:16.437,1790826316437608968,1544058991543315,Full Data,8,887216,212.80,40,09:15:16,,,238.93,700460,57220,3924760,716360,"[{""bid_quantity"":80,""ask_quantity"":80,""bid_orders"":2,""ask_orders"":3,""bid_price"":""212.50"",""ask_price"":""213.35""},{""bid_quantity"":320,""ask_quantity"":100,""bid_orders"":1,""ask_orders"":3,""bid_price"":""212.45"",""ask_price"":""213.40""},{""bid_quantity"":220,""ask_quantity"":20,""bid_orders"":2,""ask_orders"":1,""bid_price"":""212.40"",""ask_price"":""213.80""},{""bid_quantity"":320,""ask_quantity"":40,""bid_orders"":1,""ask_orders"":1,""bid_price"":""212.35"",""ask_price"":""213.85""},{""bid_quantity"":20,""ask_quantity"":100,""bid_orders"":1,""ask_orders"":1,""bid_price"":""212.30"",""ask_price"":""213.95""}]"
09:15:16.470,1790826316470164292,1544059024098359,Full Data,8,887216,208.50,500,09:15:16,,,238.79,703820,56660,3920660,716360,"[{""bid_quantity"":200,""ask_quantity"":100,""bid_orders"":1,""ask_orders"":3,""bid_price"":""208.50"",""ask_price"":""210.55""},{""bid_quantity"":420,""ask_quantity"":100,""bid_orders"":4,""ask_orders"":3,""bid_price"":""208.45"",""ask_price"":""210.60""},{""bid_quantity"":220,""ask_quantity"":200,""bid_orders"":4,""ask_orders"":1,""bid_price"":""208.40"",""ask_price"":""210.65""},{""bid_quantity"":120,""ask_quantity"":20,""bid_orders"":1,""ask_orders"":1,""bid_price"":""208.35"",""ask_price"":""210.70""},{""bid_quantity"":780,""ask_quantity"":40,""bid_orders"":8,""ask_orders"":1,""bid_price"":""208.30"",""ask_price"":""210.80""}]"
09:15:16.495,1790826316495239849,1544059049173916,Full Data,8,886620,259.40,20,09:15:16,,,293.99,365900,39460,3527900,731020,"[{""bid_quantity"":40,""ask_quantity"":20,""bid_orders"":1,""ask_orders"":1,""bid_price"":""258.15"",""ask_price"":""259.55""},{""bid_quantity"":100,""ask_quantity"":20,""bid_orders"":3,""ask_orders"":1,""bid_price"":""258.10"",""ask_price"":""259.90""},{""bid_quantity"":40,""ask_quantity"":20,""bid_orders"":1,""ask_orders"":1,""bid_price"":""258.05"",""ask_price"":""260.30""},{""bid_quantity"":140,""ask_quantity"":140,""bid_orders"":1,""ask_orders"":2,""bid_price"":""258.00"",""ask_price"":""260.40""},{""bid_quantity"":60,""ask_quantity"":40,""bid_orders"":2,""ask_orders"":1,""bid_price"":""257.95"",""ask_price"":""260.55""}]"
09:15:16.528,1790826316528454857,1544059082388964,Full Data,8,886659,264.60,20,09:15:16,,,230.94,455300,56660,5212760,138720,"[{""bid_quantity"":40,""ask_quantity"":240,""bid_orders"":1,""ask_orders"":6,""bid_price"":""263.55"",""ask_price"":""265.15""},{""bid_quantity"":60,""ask_quantity"":40,""bid_orders"":1,""ask_orders"":1,""bid_price"":""263.45"",""ask_price"":""265.20""},{""bid_quantity"":20,""ask_quantity"":140,""bid_orders"":1,""ask_orders"":2,""bid_price"":""263.40"",""ask_price"":""265.25""},{""bid_quantity"":20,""ask_quantity"":40,""bid_orders"":1,""ask_orders"":1,""bid_price"":""263.20"",""ask_price"":""265.35""},{""bid_quantity"":100,""ask_quantity"":40,""bid_orders"":1,""ask_orders"":1,""bid_price"":""263.00"",""ask_price"":""265.40""}]"
09:15:16.646,1790826316646861199,1544059200795306,Full Data,8,887253,324.70,100,09:15:16,,,278.90,194280,21700,4467420,55040,"[{""bid_quantity"":120,""ask_quantity"":60,""bid_orders"":2,""ask_orders"":2,""bid_price"":""326.55"",""ask_price"":""328.35""},{""bid_quantity"":40,""ask_quantity"":100,""bid_orders"":2,""ask_orders"":2,""bid_price"":""326.50"",""ask_price"":""328.45""},{""bid_quantity"":340,""ask_quantity"":60,""bid_orders"":4,""ask_orders"":1,""bid_price"":""326.45"",""ask_price"":""328.75""},{""bid_quantity"":20,""ask_quantity"":80,""bid_orders"":1,""ask_orders"":1,""bid_price"":""326.40"",""ask_price"":""328.80""},{""bid_quantity"":40,""ask_quantity"":20,""bid_orders"":1,""ask_orders"":1,""bid_price"":""326.35"",""ask_price"":""328.85""}]"
09:15:16.692,1790826316692221804,1544059246155711,Full Data,8,887306,218.00,20,09:15:16,,,186.05,361980,31420,4511680,240500,"[{""bid_quantity"":20,""ask_quantity"":320,""bid_orders"":1,""ask_orders"":3,""bid_price"":""217.80"",""ask_price"":""218.95""},{""bid_quantity"":100,""ask_quantity"":40,""bid_orders"":1,""ask_orders"":1,""bid_price"":""217.55"",""ask_price"":""219.00""},{""bid_quantity"":100,""ask_quantity"":60,""bid_orders"":1,""ask_orders"":2,""bid_price"":""217.20"",""ask_price"":""219.05""},{""bid_quantity"":20,""ask_quantity"":40,""bid_orders"":1,""ask_orders"":1,""bid_price"":""217.00"",""ask_price"":""219.10""},{""bid_quantity"":160,""ask_quantity"":40,""bid_orders"":1,""ask_orders"":1,""bid_price"":""216.80"",""ask_price"":""219.15""}]"
09:15:16.933,1790826316933620997,1544059487555224,Full Data,8,886461,136.40,40,09:15:16,,,115.86,733280,74800,5435760,1682940,"[{""bid_quantity"":1260,""ask_quantity"":160,""bid_orders"":4,""ask_orders"":1,""bid_price"":""136.30"",""ask_price"":""137.10""},{""bid_quantity"":80,""ask_quantity"":40,""bid_orders"":2,""ask_orders"":2,""bid_price"":""136.15"",""ask_price"":""137.15""},{""bid_quantity"":240,""ask_quantity"":120,""bid_orders"":2,""ask_orders"":2,""bid_price"":""136.00"",""ask_price"":""137.40""},{""bid_quantity"":40,""ask_quantity"":200,""bid_orders"":1,""ask_orders"":3,""bid_price"":""135.90"",""ask_price"":""137.45""},{""bid_quantity"":60,""ask_quantity"":80,""bid_orders"":2,""ask_orders"":2,""bid_price"":""135.80"",""ask_price"":""137.50""}]"
09:15:17.001,1790826317001087820,1544059555022287,Full Data,8,886790,137.80,160,09:15:16,,,150.33,1063640,116740,4531740,2100780,"[{""bid_quantity"":40,""ask_quantity"":180,""bid_orders"":1,""ask_orders"":2,""bid_price"":""137.70"",""ask_price"":""137.85""},{""bid_quantity"":80,""ask_quantity"":80,""bid_orders"":1,""ask_orders"":2,""bid_price"":""137.40"",""ask_price"":""138.00""},{""bid_quantity"":40,""ask_quantity"":20,""bid_orders"":1,""ask_orders"":1,""bid_price"":""137.35"",""ask_price"":""138.05""},{""bid_quantity"":60,""ask_quantity"":180,""bid_orders"":1,""ask_orders"":3,""bid_price"":""136.55"",""ask_price"":""138.10""},{""bid_quantity"":60,""ask_quantity"":220,""bid_orders"":1,""ask_orders"":3,""bid_price"":""136.50"",""ask_price"":""138.15""}]"
09:15:17.054,1790826317054279434,1544059608213421,Full Data,8,886461,135.85,20,09:15:16,,,115.96,736660,74260,5435280,1682940,"[{""bid_quantity"":100,""ask_quantity"":160,""bid_orders"":1,""ask_orders"":1,""bid_price"":""136.15"",""ask_price"":""136.95""},{""bid_quantity"":240,""ask_quantity"":20,""bid_orders"":2,""ask_orders"":1,""bid_price"":""136.10"",""ask_price"":""137.00""},{""bid_quantity"":180,""ask_quantity"":40,""bid_orders"":3,""ask_orders"":1,""bid_price"":""136.05"",""ask_price"":""137.20""},{""bid_quantity"":100,""ask_quantity"":180,""bid_orders"":1,""ask_orders"":2,""bid_price"":""135.95"",""ask_price"":""137.25""},{""bid_quantity"":280,""ask_quantity"":60,""bid_orders"":4,""ask_orders"":2,""bid_price"":""135.85"",""ask_price"":""137.35""}]"
09:15:17.085,1790826317085597710,1544059639531737,Full Data,8,887279,323.95,20,09:15:16,,,359.59,314500,37340,3269120,793060,"[{""bid_quantity"":20,""ask_quantity"":60,""bid_orders"":1,""ask_orders"":2,""bid_price"":""324.05"",""ask_price"":""325.55""},{""bid_quantity"":20,""ask_quantity"":40,""bid_orders"":1,""ask_orders"":1,""bid_price"":""323.95"",""ask_price"":""325.75""},{""bid_quantity"":160,""ask_quantity"":140,""bid_orders"":1,""ask_orders"":2,""bid_price"":""323.90"",""ask_price"":""325.80""},{""bid_quantity"":40,""ask_quantity"":140,""bid_orders"":1,""ask_orders"":1,""bid_price"":""323.85"",""ask_price"":""326.00""},{""bid_quantity"":40,""ask_quantity"":100,""bid_orders"":1,""ask_orders"":1,""bid_price"":""323.75"",""ask_price"":""326.20""}]"
09:15:17.113,1790826317113557685,1544059667491672,Full Data,8,887080,169.20,20,09:15:17,,,139.72,372080,40600,4065060,530840,"[{""bid_quantity"":140,""ask_quantity"":20,""bid_orders"":3,""ask_orders"":1,""bid_price"":""169.80"",""ask_price"":""170.40""},{""bid_quantity"":40,""ask_quantity"":20,""bid_orders"":1,""ask_orders"":1,""bid_price"":""169.75"",""ask_price"":""170.70""},{""bid_quantity"":120,""ask_quantity"":40,""bid_orders"":2,""ask_orders"":2,""bid_price"":""169.65"",""ask_price"":""170.85""},{""bid_quantity"":60,""ask_quantity"":40,""bid_orders"":2,""ask_orders"":2,""bid_price"":""169.60"",""ask_price"":""171.15""},{""bid_quantity"":40,""ask_quantity"":80,""bid_orders"":1,""ask_orders"":1,""bid_price"":""169.45"",""ask_price"":""171.20""}]"
09:15:17.184,1790826317184207208,1544059738141395,Full Data,8,886589,383.25,20,09:15:17,,,336.25,293000,26400,6034200,194360,"[{""bid_quantity"":40,""ask_quantity"":40,""bid_orders"":1,""ask_orders"":1,""bid_price"":""379.80"",""ask_price"":""382.25""},{""bid_quantity"":60,""ask_quantity"":120,""bid_orders"":2,""ask_orders"":3,""bid_price"":""379.75"",""ask_price"":""382.30""},{""bid_quantity"":40,""ask_quantity"":20,""bid_orders"":1,""ask_orders"":1,""bid_price"":""379.50"",""ask_price"":""382.35""},{""bid_quantity"":20,""ask_quantity"":60,""bid_orders"":1,""ask_orders"":2,""bid_price"":""379.45"",""ask_price"":""382.50""},{""bid_quantity"":60,""ask_quantity"":20,""bid_orders"":1,""ask_orders"":1,""bid_price"":""379.05"",""ask_price"":""382.60""}]"
09:15:17.270,1790826317270842631,1544059824776698,Ticker Data,0,51,72277.06,,09:15:17,,,,,,,,
09:15:17.514,1790826317514089556,1544060068023743,Full Data,8,886620,272.05,40,09:15:17,,,292.48,386140,41080,3555040,731020,"[{""bid_quantity"":160,""ask_quantity"":40,""bid_orders"":1,""ask_orders"":1,""bid_price"":""270.75"",""ask_price"":""271.85""},{""bid_quantity"":20,""ask_quantity"":160,""bid_orders"":1,""ask_orders"":1,""bid_price"":""270.70"",""ask_price"":""271.90""},{""bid_quantity"":80,""ask_quantity"":140,""bid_orders"":1,""ask_orders"":2,""bid_price"":""270.60"",""ask_price"":""271.95""},{""bid_quantity"":40,""ask_quantity"":200,""bid_orders"":1,""ask_orders"":2,""bid_price"":""270.25"",""ask_price"":""272.00""},{""bid_quantity"":160,""ask_quantity"":40,""bid_orders"":1,""ask_orders"":1,""bid_price"":""270.10"",""ask_price"":""272.05""}]"
09:15:17.543,1790826317543626861,1544060097560848,Full Data,8,887216,222.25,20,09:15:17,,,237.61,741240,59060,3949520,716360,"[{""bid_quantity"":60,""ask_quantity"":80,""bid_orders"":2,""ask_orders"":3,""bid_price"":""222.00"",""ask_price"":""222.25""},{""bid_quantity"":20,""ask_quantity"":120,""bid_orders"":1,""ask_orders"":1,""bid_price"":""221.70"",""ask_price"":""222.50""},{""bid_quantity"":100,""ask_quantity"":100,""bid_orders"":1,""ask_orders"":3,""bid_price"":""221.55"",""ask_price"":""222.55""},{""bid_quantity"":60,""ask_quantity"":180,""bid_orders"":1,""ask_orders"":2,""bid_price"":""221.45"",""ask_price"":""222.95""},{""bid_quantity"":20,""ask_quantity"":20,""bid_orders"":1,""ask_orders"":1,""bid_price"":""221.40"",""ask_price"":""223.00""}]"
09:15:17.602,1790826317602651551,1544060156585978,Full Data,8,886671,110.60,40,09:15:17,,,115.18,448240,29980,1810820,570580,"[{""bid_quantity"":100,""ask_quantity"":20,""bid_orders"":1,""ask_orders"":1,""bid_price"":""111.15"",""ask_price"":""112.00""},{""bid_quantity"":140,""ask_quantity"":20,""bid_orders"":4,""ask_orders"":1,""bid_price"":""111.10"",""ask_price"":""112.15""},{""bid_quantity"":240,""ask_quantity"":100,""bid_orders"":4,""ask_orders"":1,""bid_price"":""111.05"",""ask_price"":""112.30""},{""bid_quantity"":100,""ask_quantity"":40,""bid_orders"":3,""ask_orders"":2,""bid_price"":""111.00"",""ask_price"":""112.35""},{""bid_quantity"":120,""ask_quantity"":40,""bid_orders"":4,""ask_orders"":2,""bid_price"":""110.95"",""ask_price"":""112.40""}]"
09:15:17.605,1790826317605063487,1544060158997354,Full Data,8,886671,112.15,20,09:15:17,,,115.18,448260,29360,1810120,570580,"[{""bid_quantity"":100,""ask_quantity"":40,""bid_orders"":1,""ask_orders"":2,""bid_price"":""111.60"",""ask_price"":""112.35""},{""bid_quantity"":120,""ask_quantity"":40,""bid_orders"":3,""ask_orders"":2,""bid_price"":""111.55"",""ask_price"":""112.40""},{""bid_quantity"":200,""ask_quantity"":60,""bid_orders"":3,""ask_orders"":1,""bid_price"":""111.50"",""ask_price"":""112.50""},{""bid_quantity"":60,""ask_quantity"":100,""bid_orders"":2,""ask_orders"":1,""bid_price"":""111.45"",""ask_price"":""112.60""},{""bid_quantity"":40,""ask_quantity"":100,""bid_orders"":1,""ask_orders"":1,""bid_price"":""111.40"",""ask_price"":""112.70""}]"
09:15:17.716,1790826317716458265,1544060270392372,Full Data,8,887306,211.60,20,09:15:17,,,187.75,387180,24000,4539980,240500,"[{""bid_quantity"":400,""ask_quantity"":80,""bid_orders"":4,""ask_orders"":3,""bid_price"":""211.60"",""ask_price"":""214.90""},{""bid_quantity"":20,""ask_quantity"":40,""bid_orders"":1,""ask_orders"":1,""bid_price"":""211.55"",""ask_price"":""215.05""},{""bid_quantity"":40,""ask_quantity"":140,""bid_orders"":1,""ask_orders"":2,""bid_price"":""211.45"",""ask_price"":""217.40""},{""bid_quantity"":100,""ask_quantity"":20,""bid_orders"":2,""ask_orders"":1,""bid_price"":""211.40"",""ask_price"":""217.60""},{""bid_quantity"":240,""ask_quantity"":20,""bid_orders"":3,""ask_orders"":1,""bid_price"":""211.35"",""ask_price"":""217.80""}]"
09:15:17.985,1790826317985754353,1544060539688740,Full Data,8,886790,140.70,20,09:15:17,,,149.72,1131180,107680,4552860,2100780,"[{""bid_quantity"":380,""ask_quantity"":40,""bid_orders"":6,""ask_orders"":1,""bid_price"":""140.05"",""ask_price"":""140.95""},{""bid_quantity"":80,""ask_quantity"":200,""bid_orders"":2,""ask_orders"":1,""bid_price"":""140.00"",""ask_price"":""141.00""},{""bid_quantity"":160,""ask_quantity"":200,""bid_orders"":2,""ask_orders"":1,""bid_price"":""139.95"",""ask_price"":""141.30""},{""bid_quantity"":40,""ask_quantity"":80,""bid_orders"":1,""ask_orders"":1,""bid_price"":""139.90"",""ask_price"":""141.35""},{""bid_quantity"":220,""ask_quantity"":100,""bid_orders"":2,""ask_orders"":1,""bid_price"":""139.85"",""ask_price"":""141.40""}]"
09:15:18.012,1790826318012949444,1544060566883391,Full Data,8,886961,449.85,20,09:15:17,,,413.26,29080,17500,2459960,36440,"[{""bid_quantity"":20,""ask_quantity"":60,""bid_orders"":1,""ask_orders"":2,""bid_price"":""445.75"",""ask_price"":""449.05""},{""bid_quantity"":40,""ask_quantity"":20,""bid_orders"":1,""ask_orders"":1,""bid_price"":""445.70"",""ask_price"":""449.10""},{""bid_quantity"":20,""ask_quantity"":80,""bid_orders"":1,""ask_orders"":2,""bid_price"":""445.50"",""ask_price"":""449.25""},{""bid_quantity"":20,""ask_quantity"":20,""bid_orders"":1,""ask_orders"":1,""bid_price"":""445.25"",""ask_price"":""449.35""},{""bid_quantity"":20,""ask_quantity"":100,""bid_orders"":1,""ask_orders"":1,""bid_price"":""444.85"",""ask_price"":""449.45""}]"
09:15:18.021,1790826318021166055,1544060575100002,Full Data,8,886461,132.80,20,09:15:17,,,116.80,771740,78500,5773720,1682940,"[{""bid_quantity"":120,""ask_quantity"":40,""bid_orders"":1,""ask_orders"":1,""bid_price"":""132.40"",""ask_price"":""132.90""},{""bid_quantity"":180,""ask_quantity"":20,""bid_orders"":2,""ask_orders"":1,""bid_price"":""132.35"",""ask_price"":""133.00""},{""bid_quantity"":40,""ask_quantity"":20,""bid_orders"":1,""ask_orders"":1,""bid_price"":""132.25"",""ask_price"":""133.15""},{""bid_quantity"":160,""ask_quantity"":40,""bid_orders"":1,""ask_orders"":2,""bid_price"":""131.90"",""ask_price"":""133.30""},{""bid_quantity"":40,""ask_quantity"":40,""bid_orders"":1,""ask_orders"":2,""bid_price"":""131.85"",""ask_price"":""133.35""}]"
09:15:18.083,1790826318083271085,1544060637205072,Full Data,8,886540,176.05,60,09:15:18,,,189.63,527860,67160,2723360,632060,"[{""bid_quantity"":100,""ask_quantity"":40,""bid_orders"":1,""ask_orders"":1,""bid_price"":""174.80"",""ask_price"":""176.15""},{""bid_quantity"":20,""ask_quantity"":60,""bid_orders"":1,""ask_orders"":1,""bid_price"":""174.70"",""ask_price"":""176.30""},{""bid_quantity"":40,""ask_quantity"":40,""bid_orders"":1,""ask_orders"":1,""bid_price"":""174.45"",""ask_price"":""176.35""},{""bid_quantity"":80,""ask_quantity"":80,""bid_orders"":1,""ask_orders"":1,""bid_price"":""174.40"",""ask_price"":""176.40""},{""bid_quantity"":100,""ask_quantity"":20,""bid_orders"":1,""ask_orders"":1,""bid_price"":""174.30"",""ask_price"":""176.45""}]"
09:15:18.088,1790826318088091075,1544060642024862,Full Data,8,887279,326.15,20,09:15:18,,,358.07,330180,42880,3293140,793060,"[{""bid_quantity"":20,""ask_quantity"":120,""bid_orders"":1,""ask_orders"":3,""bid_price"":""324.60"",""ask_price"":""327.75""},{""bid_quantity"":40,""ask_quantity"":200,""bid_orders"":1,""ask_orders"":1,""bid_price"":""322.55"",""ask_price"":""327.80""},{""bid_quantity"":80,""ask_quantity"":100,""bid_orders"":1,""ask_orders"":3,""bid_price"":""321.00"",""ask_price"":""327.85""},{""bid_quantity"":20,""ask_quantity"":200,""bid_orders"":1,""ask_orders"":1,""bid_price"":""320.90"",""ask_price"":""327.90""},{""bid_quantity"":20,""ask_quantity"":360,""bid_orders"":1,""ask_orders"":3,""bid_price"":""320.55"",""ask_price"":""327.95""}]"
09:15:18.117,1790826318117348898,1544060671282845,Full Data,8,886461,135.05,20,09:15:18,,,116.85,774100,74240,5844680,1682940,"[{""bid_quantity"":40,""ask_quantity"":40,""bid_orders"":1,""ask_orders"":1,""bid_price"":""135.10"",""ask_price"":""135.15""},{""bid_quantity"":320,""ask_quantity"":20,""bid_orders"":4,""ask_orders"":1,""bid_price"":""134.45"",""ask_price"":""135.25""},{""bid_quantity"":140,""ask_quantity"":100,""bid_orders"":4,""ask_orders"":2,""bid_price"":""134.40"",""ask_price"":""135.45""},{""bid_quantity"":80,""ask_quantity"":160,""bid_orders"":2,""ask_orders"":1,""bid_price"":""134.20"",""ask_price"":""136.05""},{""bid_quantity"":140,""ask_quantity"":120,""bid_orders"":2,""ask_orders"":1,""bid_price"":""134.00"",""ask_price"":""136.10""}]"
09:15:18.129,1790826318129277933,1544060683211920,Full Data,8,886540,174.10,20,09:15:18,,,189.53,531400,64420,2723260,632060,"[{""bid_quantity"":180,""ask_quantity"":40,""bid_orders"":2,""ask_orders"":1,""bid_price"":""174.35"",""ask_price"":""175.50""},{""bid_quantity"":360,""ask_quantity"":120,""bid_orders"":2,""ask_orders"":2,""bid_price"":""174.30"",""ask_price"":""175.70""},{""bid_quantity"":60,""ask_quantity"":60,""bid_orders"":2,""ask_orders"":2,""bid_price"":""174.25"",""ask_price"":""175.75""},{""bid_quantity"":140,""ask_quantity"":20,""bid_orders"":2,""ask_orders"":1,""bid_price"":""174.20"",""ask_price"":""175.95""},{""bid_quantity"":40,""ask_quantity"":120,""bid_orders"":1,""ask_orders"":1,""bid_price"":""174.15"",""ask_price"":""176.20""}]"
09:15:18.170,1790826318170150909,1544060724084896,Full Data,8,887080,163.65,100,09:15:18,,,141.87,401340,39420,4095660,530840,"[{""bid_quantity"":80,""ask_quantity"":40,""bid_orders"":2,""ask_orders"":1,""bid_price"":""162.95"",""ask_price"":""163.50""},{""bid_quantity"":20,""ask_quantity"":40,""bid_orders"":1,""ask_orders"":1,""bid_price"":""162.65"",""ask_price"":""163.55""},{""bid_quantity"":100,""ask_quantity"":40,""bid_orders"":1,""ask_orders"":1,""bid_price"":""162.60"",""ask_price"":""163.60""},{""bid_quantity"":40,""ask_quantity"":40,""bid_orders"":1,""ask_orders"":1,""bid_price"":""162.10"",""ask_price"":""163.65""},{""bid_quantity"":80,""ask_quantity"":40,""bid_orders"":1,""ask_orders"":1,""bid_price"":""161.15"",""ask_price"":""163.70""}]"
09:15:18.190,1790826318190910479,1544060744844506,Full Data,8,886589,371.85,20,09:15:18,,,337.38,300980,19060,6038660,194360,"[{""bid_quantity"":40,""ask_quantity"":140,""bid_orders"":2,""ask_orders"":1,""bid_price"":""370.65"",""ask_price"":""372.00""},{""bid_quantity"":60,""ask_quantity"":40,""bid_orders"":2,""ask_orders"":1,""bid_price"":""370.50"",""ask_price"":""372.30""},{""bid_quantity"":60,""ask_quantity"":20,""bid_orders"":3,""ask_orders"":1,""bid_price"":""370.45"",""ask_price"":""372.35""},{""bid_quantity"":60,""ask_quantity"":100,""bid_orders"":3,""ask_orders"":1,""bid_price"":""370.40"",""ask_price"":""373.00""},{""bid_quantity"":20,""ask_quantity"":20,""bid_orders"":1,""ask_orders"":1,""bid_price"":""370.25"",""ask_price"":""373.10""}]"
09:15:18.232,1790826318232544540,1544060786478567,Full Data,8,887080,164.50,20,09:15:18,,,141.93,402440,38620,4097500,530840,"[{""bid_quantity"":200,""ask_quantity"":80,""bid_orders"":1,""ask_orders"":2,""bid_price"":""165.00"",""ask_price"":""166.30""},{""bid_quantity"":220,""ask_quantity"":100,""bid_orders"":2,""ask_orders"":2,""bid_price"":""164.95"",""ask_price"":""166.35""},{""bid_quantity"":80,""ask_quantity"":60,""bid_orders"":1,""ask_orders"":2,""bid_price"":""164.90"",""ask_price"":""166.40""},{""bid_quantity"":40,""ask_quantity"":80,""bid_orders"":2,""ask_orders"":3,""bid_price"":""164.85"",""ask_price"":""166.45""},{""bid_quantity"":280,""ask_quantity"":40,""bid_orders"":2,""ask_orders"":1,""bid_price"":""164.70"",""ask_price"":""166.55""}]"
09:15:18.250,1790826318251000096,1544060804934203,Full Data,8,886589,372.40,80,09:15:18,,,337.43,301400,18840,6038740,194360,"[{""bid_quantity"":40,""ask_quantity"":40,""bid_orders"":1,""ask_orders"":1,""bid_price"":""373.00"",""ask_price"":""375.15""},{""bid_quantity"":100,""ask_quantity"":20,""bid_orders"":2,""ask_orders"":1,""bid_price"":""372.95"",""ask_price"":""375.20""},{""bid_quantity"":20,""ask_quantity"":40,""bid_orders"":1,""ask_orders"":1,""bid_price"":""372.80"",""ask_price"":""375.25""},{""bid_quantity"":20,""ask_quantity"":100,""bid_orders"":1,""ask_orders"":2,""bid_price"":""372.55"",""ask_price"":""375.30""},{""bid_quantity"":100,""ask_quantity"":20,""bid_orders"":1,""ask_orders"":1,""bid_price"":""372.50"",""ask_price"":""375.35""}]"
09:15:18.280,1790826318280287400,1544060834221507,Ticker Data,0,51,72276.84,,09:15:18,,,,,,,,
09:15:18.536,1790826318536332805,1544061090267192,Full Data,8,886620,267.00,140,09:15:18,,,285.29,492320,38440,3551840,731020,"[{""bid_quantity"":20,""ask_quantity"":20,""bid_orders"":1,""ask_orders"":1,""bid_price"":""267.00"",""ask_price"":""268.05""},{""bid_quantity"":160,""ask_quantity"":20,""bid_orders"":1,""ask_orders"":1,""bid_price"":""266.95"",""ask_price"":""268.10""},{""bid_quantity"":40,""ask_quantity"":40,""bid_orders"":1,""ask_orders"":1,""bid_price"":""266.90"",""ask_price"":""269.20""},{""bid_quantity"":320,""ask_quantity"":120,""bid_orders"":2,""ask_orders"":1,""bid_price"":""266.85"",""ask_price"":""269.45""},{""bid_quantity"":60,""ask_quantity"":60,""bid_orders"":2,""ask_orders"":1,""bid_price"":""266.80"",""ask_price"":""269.50""}]"
09:15:18.584,1790826318584476347,1544061138410374,Full Data,8,886620,268.05,20,09:15:18,,,285.27,493020,39080,3551500,731020,"[{""bid_quantity"":200,""ask_quantity"":20,""bid_orders"":2,""ask_orders"":1,""bid_price"":""266.70"",""ask_price"":""268.05""},{""bid_quantity"":160,""ask_quantity"":160,""bid_orders"":1,""ask_orders"":1,""bid_price"":""266.65"",""ask_price"":""268.30""},{""bid_quantity"":240,""ask_quantity"":40,""bid_orders"":4,""ask_orders"":1,""bid_price"":""266.60"",""ask_price"":""268.35""},{""bid_quantity"":40,""ask_quantity"":120,""bid_orders"":1,""ask_orders"":1,""bid_price"":""266.50"",""ask_price"":""268.50""},{""bid_quantity"":100,""ask_quantity"":40,""bid_orders"":1,""ask_orders"":1,""bid_price"":""266.40"",""ask_price"":""268.55""}]"
09:15:18.597,1790826318597255587,1544061151189734,Full Data,8,887216,216.70,20,09:15:18,,,236.54,789920,60020,4062900,716360,"[{""bid_quantity"":40,""ask_quantity"":40,""bid_orders"":1,""ask_orders"":2,""bid_price"":""215.55"",""ask_price"":""217.10""},{""bid_quantity"":240,""ask_quantity"":100,""bid_orders"":2,""ask_orders"":1,""bid_price"":""215.50"",""ask_price"":""217.20""},{""bid_quantity"":120,""ask_quantity"":180,""bid_orders"":3,""ask_orders"":2,""bid_price"":""215.45"",""ask_price"":""217.35""},{""bid_quantity"":320,""ask_quantity"":80,""bid_orders"":1,""ask_orders"":1,""bid_price"":""215.40"",""ask_price"":""217.65""},{""bid_quantity"":160,""ask_quantity"":100,""bid_orders"":5,""ask_orders"":2,""bid_price"":""215.35"",""ask_price"":""217.80""}]"
09:15:18.629,1790826318629404468,1544061183338615,Full Data,8,886685,391.75,20,09:15:18,,,425.69,381400,71540,4839300,1793000,"[{""bid_quantity"":100,""ask_quantity"":40,""bid_orders"":2,""ask_orders"":2,""bid_price"":""389.65"",""ask_price"":""391.75""},{""bid_quantity"":160,""ask_quantity"":260,""bid_orders"":3,""ask_orders"":4,""bid_price"":""389.50"",""ask_price"":""391.85""},{""bid_quantity"":160,""ask_quantity"":40,""bid_orders"":1,""ask_orders"":2,""bid_price"":""389.40"",""ask_price"":""392.15""},{""bid_quantity"":40,""ask_quantity"":100,""bid_orders"":1,""ask_orders"":1,""bid_price"":""389.35"",""ask_price"":""392.25""},{""bid_quantity"":180,""ask_quantity"":120,""bid_orders"":3,""ask_orders"":2,""bid_price"":""389.25"",""ask_price"":""392.50""}]"
09:15:19.007,1790826319007392758,1544061561326865,Full Data,8,886790,134.00,160,09:15:18,,,148.99,1198420,113420,4561240,2100780,"[{""bid_quantity"":40,""ask_quantity"":40,""bid_orders"":1,""ask_orders"":1,""bid_price"":""133.95"",""ask_price"":""134.60""},{""bid_quantity"":120,""ask_quantity"":80,""bid_orders"":2,""ask_orders"":2,""bid_price"":""133.90"",""ask_price"":""134.65""},{""bid_quantity"":160,""ask_quantity"":80,""bid_orders"":1,""ask_orders"":2,""bid_price"":""133.80"",""ask_price"":""134.70""},{""bid_quantity"":60,""ask_quantity"":140,""bid_orders"":2,""ask_orders"":3,""bid_price"":""133.75"",""ask_price"":""134.85""},{""bid_quantity"":20,""ask_quantity"":160,""bid_orders"":1,""ask_orders"":3,""bid_price"":""133.70"",""ask_price"":""134.95""}]"
09:15:19.007,1790826319007556079,1544061561489746,Full Data,8,886790,134.60,20,09:15:18,,,148.99,1198480,114600,4562520,2100780,"[{""bid_quantity"":40,""ask_quantity"":40,""bid_orders"":1,""ask_orders"":1,""bid_price"":""134.25"",""ask_price"":""134.85""},{""bid_quantity"":40,""ask_quantity"":40,""bid_orders"":1,""ask_orders"":1,""bid_price"":""134.20"",""ask_price"":""134.95""},{""bid_quantity"":160,""ask_quantity"":40,""bid_orders"":1,""ask_orders"":1,""bid_price"":""133.90"",""ask_price"":""135.00""},{""bid_quantity"":80,""ask_quantity"":220,""bid_orders"":1,""ask_orders"":3,""bid_price"":""133.85"",""ask_price"":""135.15""},{""bid_quantity"":200,""ask_quantity"":20,""bid_orders"":2,""ask_orders"":1,""bid_price"":""133.80"",""ask_price"":""135.25""}]"
09:15:19.072,1790826319072218245,1544061626152352,Full Data,8,887279,322.90,20,09:15:19,,,356.65,345520,42300,3326080,793060,"[{""bid_quantity"":60,""ask_quantity"":180,""bid_orders"":1,""ask_orders"":5,""bid_price"":""320.05"",""ask_price"":""322.30""},{""bid_quantity"":300,""ask_quantity"":400,""bid_orders"":3,""ask_orders"":2,""bid_price"":""320.00"",""ask_price"":""322.35""},{""bid_quantity"":80,""ask_quantity"":400,""bid_orders"":1,""ask_orders"":4,""bid_price"":""319.80"",""ask_price"":""322.40""},{""bid_quantity"":100,""ask_quantity"":20,""bid_orders"":2,""ask_orders"":1,""bid_price"":""319.75"",""ask_price"":""322.45""},{""bid_quantity"":20,""ask_quantity"":180,""bid_orders"":1,""ask_orders"":5,""bid_price"":""319.35"",""ask_price"":""322.50""}]"
09:15:19.113,1790826319113608984,1544061667543451,Full Data,8,886961,446.10,40,09:15:19,,,414.60,30460,17120,2677280,36440,"[{""bid_quantity"":180,""ask_quantity"":40,""bid_orders"":3,""ask_orders"":1,""bid_price"":""445.10"",""ask_price"":""448.15""},{""bid_quantity"":80,""ask_quantity"":40,""bid_orders"":2,""ask_orders"":2,""bid_price"":""444.95"",""ask_price"":""448.20""},{""bid_quantity"":80,""ask_quantity"":20,""bid_orders"":2,""ask_orders"":1,""bid_price"":""444.90"",""ask_price"":""448.35""},{""bid_quantity"":60,""ask_quantity"":140,""bid_orders"":2,""ask_orders"":1,""bid_price"":""444.85"",""ask_price"":""448.40""},{""bid_quantity"":40,""ask_quantity"":60,""bid_orders"":1,""ask_orders"":2,""bid_price"":""444.80"",""ask_price"":""448.45""}]"
09:15:19.235,1790826319235398868,1544061789333015,Full Data,8,887080,163.55,80,09:15:19,,,143.23,428440,41780,4119580,530840,"[{""bid_quantity"":40,""ask_quantity"":20,""bid_orders"":1,""ask_orders"":1,""bid_price"":""163.55"",""ask_price"":""163.95""},{""bid_quantity"":140,""ask_quantity"":80,""bid_orders"":1,""ask_orders"":2,""bid_price"":""163.35"",""ask_price"":""164.10""},{""bid_quantity"":120,""ask_quantity"":20,""bid_orders"":3,""ask_orders"":1,""bid_price"":""163.30"",""ask_price"":""164.15""},{""bid_quantity"":40,""ask_quantity"":20,""bid_orders"":1,""ask_orders"":1,""bid_price"":""163.15"",""ask_price"":""164.20""},{""bid_quantity"":100,""ask_quantity"":160,""bid_orders"":3,""ask_orders"":8,""bid_price"":""163.10"",""ask_price"":""164.25""}]"
09:15:19.257,1790826319257821968,1544061811755995,Ticker Data,0,51,72279.79,,09:15:19,,,,,,,,
09:15:19.278,1790826319278404417,1544061832338244,Full Data,8,886589,374.80,40,09:15:19,,,338.89,314560,22180,6222680,194360,"[{""bid_quantity"":60,""ask_quantity"":40,""bid_orders"":2,""ask_orders"":1,""bid_price"":""374.80"",""ask_price"":""376.15""},{""bid_quantity"":320,""ask_quantity"":40,""bid_orders"":4,""ask_orders"":1,""bid_price"":""374.75"",""ask_price"":""376.20""},{""bid_quantity"":20,""ask_quantity"":40,""bid_orders"":1,""ask_orders"":1,""bid_price"":""374.50"",""ask_price"":""376.25""},{""bid_quantity"":60,""ask_quantity"":140,""bid_orders"":2,""ask_orders"":1,""bid_price"":""374.05"",""ask_price"":""376.30""},{""bid_quantity"":20,""ask_quantity"":40,""bid_orders"":1,""ask_orders"":1,""bid_price"":""373.80"",""ask_price"":""376.40""}]"
09:15:19.318,1790826319318854991,1544061872788898,Full Data,8,887080,161.70,20,09:15:19,,,143.29,429660,45460,4159940,530840,"[{""bid_quantity"":40,""ask_quantity"":40,""bid_orders"":1,""ask_orders"":2,""bid_price"":""161.15"",""ask_price"":""161.75""},{""bid_quantity"":120,""ask_quantity"":360,""bid_orders"":2,""ask_orders"":3,""bid_price"":""161.10"",""ask_price"":""161.80""},{""bid_quantity"":100,""ask_quantity"":80,""bid_orders"":1,""ask_orders"":2,""bid_price"":""161.05"",""ask_price"":""161.85""},{""bid_quantity"":80,""ask_quantity"":20,""bid_orders"":1,""ask_orders"":1,""bid_price"":""161.00"",""ask_price"":""161.95""},{""bid_quantity"":140,""ask_quantity"":40,""bid_orders"":1,""ask_orders"":1,""bid_price"":""160.85"",""ask_price"":""162.00""}]"
09:15:19.320,1790826319320764363,1544061874698270,Full Data,8,886589,373.10,20,09:15:19,,,338.93,314920,22060,6223220,194360,"[{""bid_quantity"":20,""ask_quantity"":40,""bid_orders"":1,""ask_orders"":1,""bid_price"":""371.70"",""ask_price"":""372.90""},{""bid_quantity"":120,""ask_quantity"":40,""bid_orders"":2,""ask_orders"":1,""bid_price"":""371.55"",""ask_price"":""373.00""},{""bid_quantity"":20,""ask_quantity"":20,""bid_orders"":1,""ask_orders"":1,""bid_price"":""371.30"",""ask_price"":""373.15""},{""bid_quantity"":40,""ask_quantity"":100,""bid_orders"":1,""ask_orders"":1,""bid_price"":""371.05"",""ask_price"":""373.50""},{""bid_quantity"":100,""ask_quantity"":140,""bid_orders"":1,""ask_orders"":1,""bid_price"":""370.90"",""ask_price"":""373.70""}]"
09:15:19.552,1790826319552245374,1544062106179481,Full Data,8,886620,261.05,20,09:15:19,,,284.24,517800,46520,3628860,731020,"[{""bid_quantity"":100,""ask_quantity"":80,""bid_orders"":3,""ask_orders"":2,""bid_price"":""260.00"",""ask_price"":""261.05""},{""bid_quantity"":20,""ask_quantity"":140,""bid_orders"":1,""ask_orders"":3,""bid_price"":""259.80"",""ask_price"":""261.10""},{""bid_quantity"":180,""ask_quantity"":180,""bid_orders"":3,""ask_orders"":5,""bid_price"":""259.05"",""ask_price"":""261.15""},{""bid_quantity"":360,""ask_quantity"":80,""bid_orders"":1,""ask_orders"":1,""bid_price"":""259.00"",""ask_price"":""261.30""},{""bid_quantity"":160,""ask_quantity"":80,""bid_orders"":1,""ask_orders"":2,""bid_price"":""258.90"",""ask_price"":""261.40""}]"
09:15:19.589,1790826319589525048,1544062143459315,Full Data,8,886620,259.80,20,09:15:19,,,284.24,517940,47000,3632100,731020,"[{""bid_quantity"":40,""ask_quantity"":80,""bid_orders"":1,""ask_orders"":2,""bid_price"":""259.20"",""ask_price"":""260.60""},{""bid_quantity"":360,""ask_quantity"":100,""bid_orders"":1,""ask_orders"":1,""bid_price"":""259.00"",""ask_price"":""260.65""},{""bid_quantity"":340,""ask_quantity"":140,""bid_orders"":3,""ask_orders"":2,""bid_price"":""258.55"",""ask_price"":""260.70""},{""bid_quantity"":160,""ask_quantity"":40,""bid_orders"":2,""ask_orders"":1,""bid_price"":""258.50"",""ask_price"":""260.75""},{""bid_quantity"":140,""ask_quantity"":240,""bid_orders"":1,""ask_orders"":4,""bid_price"":""258.25"",""ask_price"":""260.80""}]"
09:15:19.639,1790826319639192959,1544062193126906,Full Data,8,886685,382.00,20,09:15:19,,,424.10,397720,80400,4866860,1793000,"[{""bid_quantity"":160,""ask_quantity"":200,""bid_orders"":1,""ask_orders"":3,""bid_price"":""380.10"",""ask_price"":""382.00""},{""bid_quantity"":140,""ask_quantity"":120,""bid_orders"":4,""ask_orders"":3,""bid_price"":""380.05"",""ask_price"":""382.05""},{""bid_quantity"":200,""ask_quantity"":40,""bid_orders"":3,""ask_orders"":1,""bid_price"":""380.00"",""ask_price"":""382.10""},{""bid_quantity"":100,""ask_quantity"":40,""bid_orders"":4,""ask_orders"":1,""bid_price"":""379.60"",""ask_price"":""382.15""},{""bid_quantity"":80,""ask_quantity"":240,""bid_orders"":1,""ask_orders"":4,""bid_price"":""379.10"",""ask_price"":""382.25""}]"
09:15:19.737,1790826319737246614,1544062291180601,Full Data,8,886659,260.55,40,09:15:19,,,236.84,575700,45420,5579100,138720,"[{""bid_quantity"":40,""ask_quantity"":40,""bid_orders"":1,""ask_orders"":1,""bid_price"":""260.55"",""ask_price"":""262.55""},{""bid_quantity"":80,""ask_quantity"":1360,""bid_orders"":1,""ask_orders"":10,""bid_price"":""260.40"",""ask_price"":""262.60""},{""bid_quantity"":40,""ask_quantity"":120,""bid_orders"":1,""ask_orders"":3,""bid_price"":""260.00"",""ask_price"":""262.65""},{""bid_quantity"":80,""ask_quantity"":340,""bid_orders"":1,""ask_orders"":2,""bid_price"":""259.90"",""ask_price"":""262.70""},{""bid_quantity"":320,""ask_quantity"":40,""bid_orders"":1,""ask_orders"":1,""bid_price"":""258.60"",""ask_price"":""262.75""}]"
09:15:19.922,1790826319922874138,1544062476808325,Full Data,8,887253,316.00,20,09:15:19,,,283.64,224160,23160,4919460,55040,"[{""bid_quantity"":40,""ask_quantity"":280,""bid_orders"":1,""ask_orders"":2,""bid_price"":""316.05"",""ask_price"":""317.40""},{""bid_quantity"":100,""ask_quantity"":80,""bid_orders"":4,""ask_orders"":1,""bid_price"":""316.00"",""ask_price"":""317.50""},{""bid_quantity"":20,""ask_quantity"":40,""bid_orders"":1,""ask_orders"":1,""bid_price"":""315.80"",""ask_price"":""317.55""},{""bid_quantity"":100,""ask_quantity"":40,""bid_orders"":3,""ask_orders"":1,""bid_price"":""315.70"",""ask_price"":""317.65""},{""bid_quantity"":40,""ask_quantity"":40,""bid_orders"":1,""ask_orders"":1,""bid_price"":""315.55"",""ask_price"":""317.75""}]"
09:15:19.991,1790826319991715089,1544062545649116,Full Data,8,886790,132.00,360,09:15:19,,,148.16,1258700,125320,4561680,2100780,"[{""bid_quantity"":40,""ask_quantity"":200,""bid_orders"":1,""ask_orders"":3,""bid_price"":""131.15"",""ask_price"":""131.95""},{""bid_quantity"":240,""ask_quantity"":40,""bid_orders"":4,""ask_orders"":1,""bid_price"":""131.10"",""ask_price"":""132.00""},{""bid_quantity"":40,""ask_quantity"":300,""bid_orders"":1,""ask_orders"":3,""bid_price"":""131.05"",""ask_price"":""132.05""},{""bid_quantity"":40,""ask_quantity"":80,""bid_orders"":1,""ask_orders"":4,""bid_price"":""131.00"",""ask_price"":""132.15""},{""bid_quantity"":40,""ask_quantity"":80,""bid_orders"":1,""ask_orders"":1,""bid_price"":""130.95"",""ask_price"":""132.25""}]"
09:15:20.009,1790826320009411360,1544062563345387,Full Data,8,886790,131.60,160,09:15:19,,,148.15,1258900,126520,4561440,2100780,"[{""bid_quantity"":240,""ask_quantity"":20,""bid_orders"":3,""ask_orders"":1,""bid_price"":""131.25"",""ask_price"":""131.90""},{""bid_quantity"":40,""ask_quantity"":140,""bid_orders"":1,""ask_orders"":3,""bid_price"":""131.20"",""ask_price"":""131.95""},{""bid_quantity"":160,""ask_quantity"":160,""bid_orders"":1,""ask_orders"":3,""bid_price"":""131.15"",""ask_price"":""132.00""},{""bid_quantity"":40,""ask_quantity"":340,""bid_orders"":1,""ask_orders"":4,""bid_price"":""131.10"",""ask_price"":""132.05""},{""bid_quantity"":40,""ask_quantity"":80,""bid_orders"":1,""ask_orders"":1,""bid_price"":""131.05"",""ask_price"":""132.10""}]"
09:15:20.070,1790826320070788585,1544062624722692,Full Data,8,887279,314.60,40,09:15:20,,,355.35,356960,44320,3496960,793060,"[{""bid_quantity"":120,""ask_quantity"":20,""bid_orders"":2,""ask_orders"":1,""bid_price"":""314.15"",""ask_price"":""315.10""},{""bid_quantity"":240,""ask_quantity"":40,""bid_orders"":3,""ask_orders"":1,""bid_price"":""314.10"",""ask_price"":""316.00""},{""bid_quantity"":60,""ask_quantity"":100,""bid_orders"":2,""ask_orders"":1,""bid_price"":""313.90"",""ask_price"":""316.05""},{""bid_quantity"":120,""ask_quantity"":20,""bid_orders"":2,""ask_orders"":1,""bid_price"":""313.80"",""ask_price"":""316.30""},{""bid_quantity"":60,""ask_quantity"":100,""bid_orders"":1,""ask_orders"":3,""bid_price"":""313.75"",""ask_price"":""316.40""}]"
09:15:20.112,1790826320112136284,1544062666070111,Full Data,8,886461,132.15,20,09:15:20,,,117.84,835360,91080,6060040,1682940,"[{""bid_quantity"":20,""ask_quantity"":180,""bid_orders"":1,""ask_orders"":5,""bid_price"":""132.05"",""ask_price"":""132.15""},{""bid_quantity"":160,""ask_quantity"":420,""bid_orders"":3,""ask_orders"":3,""bid_price"":""132.00"",""ask_price"":""132.20""},{""bid_quantity"":20,""ask_quantity"":40,""bid_orders"":1,""ask_orders"":1,""bid_price"":""131.95"",""ask_price"":""132.40""},{""bid_quantity"":80,""ask_quantity"":100,""bid_orders"":3,""ask_orders"":1,""bid_price"":""131.90"",""ask_price"":""132.70""},{""bid_quantity"":160,""ask_quantity"":20,""bid_orders"":1,""ask_orders"":1,""bid_price"":""131.85"",""ask_price"":""132.75""}]"
09:15:20.168,1790826320168538598,1544062722472705,Full Data,8,886461,132.95,20,09:15:20,,,117.88,837740,88680,6057460,1682940,"[{""bid_quantity"":80,""ask_quantity"":300,""bid_orders"":2,""ask_orders"":3,""bid_price"":""132.50"",""ask_price"":""132.80""},{""bid_quantity"":40,""ask_quantity"":200,""bid_orders"":1,""ask_orders"":2,""bid_price"":""132.30"",""ask_price"":""132.85""},{""bid_quantity"":40,""ask_quantity"":240,""bid_orders"":2,""ask_orders"":5,""bid_price"":""132.20"",""ask_price"":""132.90""},{""bid_quantity"":60,""ask_quantity"":140,""bid_orders"":2,""ask_orders"":2,""bid_price"":""132.15"",""ask_price"":""132.95""},{""bid_quantity"":60,""ask_quantity"":40,""bid_orders"":2,""ask_orders"":2,""bid_price"":""132.10"",""ask_price"":""133.00""}]"
09:15:20.256,1790826320256231868,1544062810165935,Ticker Data,0,51,72277.71,,09:15:20,,,,,,,,
09:15:20.313,1790826320313257585,1544062867191652,Full Data,8,887080,169.25,20,09:15:20,,,144.35,450220,40520,4382280,530840,"[{""bid_quantity"":20,""ask_quantity"":220,""bid_orders"":1,""ask_orders"":2,""bid_price"":""168.80"",""ask_price"":""169.25""},{""bid_quantity"":100,""ask_quantity"":20,""bid_orders"":1,""ask_orders"":1,""bid_price"":""168.75"",""ask_price"":""169.30""},{""bid_quantity"":200,""ask_quantity"":40,""bid_orders"":3,""ask_orders"":2,""bid_price"":""168.70"",""ask_price"":""169.35""},{""bid_quantity"":20,""ask_quantity"":180,""bid_orders"":1,""ask_orders"":2,""bid_price"":""168.60"",""ask_price"":""169.40""},{""bid_quantity"":160,""ask_quantity"":60,""bid_orders"":1,""ask_orders"":2,""bid_price"":""168.55"",""ask_price"":""169.45""}]"
09:15:20.336,1790826320336017888,1544062889951835,Full Data,8,886589,386.10,20,09:15:20,,,339.54,319740,21060,6331800,194360,"[{""bid_quantity"":20,""ask_quantity"":20,""bid_orders"":1,""ask_orders"":1,""bid_price"":""385.05"",""ask_price"":""387.80""},{""bid_quantity"":120,""ask_quantity"":60,""bid_orders"":2,""ask_orders"":1,""bid_price"":""385.00"",""ask_price"":""387.90""},{""bid_quantity"":200,""ask_quantity"":20,""bid_orders"":2,""ask_orders"":1,""bid_price"":""384.95"",""ask_price"":""387.95""},{""bid_quantity"":20,""ask_quantity"":80,""bid_orders"":1,""ask_orders"":1,""bid_price"":""384.90"",""ask_price"":""388.45""},{""bid_quantity"":140,""ask_quantity"":200,""bid_orders"":2,""ask_orders"":1,""bid_price"":""384.75"",""ask_price"":""388.50""}]"
09:15:20.387,1790826320387533371,1544062941467478,Full Data,8,886589,387.75,20,09:15:20,,,339.54,319760,21940,6330540,194360,"[{""bid_quantity"":320,""ask_quantity"":80,""bid_orders"":4,""ask_orders"":2,""bid_price"":""384.55"",""ask_price"":""386.25""},{""bid_quantity"":100,""ask_quantity"":20,""bid_orders"":1,""ask_orders"":1,""bid_price"":""384.25"",""ask_price"":""386.30""},{""bid_quantity"":40,""ask_quantity"":20,""bid_orders"":1,""ask_orders"":1,""bid_price"":""384.15"",""ask_price"":""386.35""},{""bid_quantity"":600,""ask_quantity"":40,""bid_orders"":2,""ask_orders"":1,""bid_price"":""384.00"",""ask_price"":""386.40""},{""bid_quantity"":40,""ask_quantity"":400,""bid_orders"":1,""ask_orders"":1,""bid_price"":""382.85"",""ask_price"":""386.45""}]"
09:15:20.390,1790826320390697551,1544062944631378,Full Data,8,887080,169.15,40,09:15:20,,,144.44,451760,40320,4380160,530840,"[{""bid_quantity"":20,""ask_quantity"":120,""bid_orders"":1,""ask_orders"":1,""bid_price"":""168.90"",""ask_price"":""169.40""},{""bid_quantity"":100,""ask_quantity"":180,""bid_orders"":1,""ask_orders"":2,""bid_price"":""168.75"",""ask_price"":""169.45""},{""bid_quantity"":40,""ask_quantity"":180,""bid_orders"":1,""ask_orders"":3,""bid_price"":""168.30"",""ask_price"":""169.55""},{""bid_quantity"":120,""ask_quantity"":180,""bid_orders"":2,""ask_orders"":2,""bid_price"":""168.25"",""ask_price"":""169.60""},{""bid_quantity"":100,""ask_quantity"":220,""bid_orders"":1,""ask_orders"":2,""bid_price"":""168.15"",""ask_price"":""169.65""}]"
09:15:20.581,1790826320581203305,1544063135137652,Full Data,8,886620,254.40,40,09:15:20,,,283.03,541780,58100,3743000,731020,"[{""bid_quantity"":40,""ask_quantity"":60,""bid_orders"":1,""ask_orders"":3,""bid_price"":""253.55"",""ask_price"":""254.40""},{""bid_quantity"":140,""ask_quantity"":60,""bid_orders"":2,""ask_orders"":2,""bid_price"":""253.40"",""ask_price"":""254.50""},{""bid_quantity"":40,""ask_quantity"":40,""bid_orders"":2,""ask_orders"":1,""bid_price"":""253.35"",""ask_price"":""254.55""},{""bid_quantity"":220,""ask_quantity"":60,""bid_orders"":4,""ask_orders"":1,""bid_price"":""253.25"",""ask_price"":""254.75""},{""bid_quantity"":40,""ask_quantity"":100,""bid_orders"":2,""ask_orders"":1,""bid_price"":""253.15"",""ask_price"":""254.80""}]"
09:15:20.720,1790826320720760700,1544063274695367,Full Data,8,887216,206.95,20,09:15:20,,,233.99,877300,65260,4109560,716360,"[{""bid_quantity"":20,""ask_quantity"":40,""bid_orders"":1,""ask_orders"":1,""bid_price"":""205.90"",""ask_price"":""206.80""},{""bid_quantity"":20,""ask_quantity"":80,""bid_orders"":1,""ask_orders"":2,""bid_price"":""205.70"",""ask_price"":""206.85""},{""bid_quantity"":300,""ask_quantity"":400,""bid_orders"":1,""ask_orders"":2,""bid_price"":""205.50"",""ask_price"":""206.90""},{""bid_quantity"":120,""ask_quantity"":20,""bid_orders"":1,""ask_orders"":1,""bid_price"":""205.35"",""ask_price"":""206.95""},{""bid_quantity"":60,""ask_quantity"":320,""bid_orders"":1,""ask_orders"":1,""bid_price"":""205.25"",""ask_price"":""207.05""}]"
09:15:20.933,1790826320933174672,1544063487109219,Full Data,8,887306,210.20,20,09:15:20,,,190.86,456860,46480,4619600,240500,"[{""bid_quantity"":20,""ask_quantity"":460,""bid_orders"":1,""ask_orders"":1,""bid_price"":""209.85"",""ask_price"":""210.20""},{""bid_quantity"":80,""ask_quantity"":140,""bid_orders"":2,""ask_orders"":1,""bid_price"":""209.80"",""ask_price"":""210.60""},{""bid_quantity"":60,""ask_quantity"":80,""bid_orders"":2,""ask_orders"":1,""bid_price"":""209.45"",""ask_price"":""211.00""},{""bid_quantity"":100,""ask_quantity"":180,""bid_orders"":3,""ask_orders"":2,""bid_price"":""209.40"",""ask_price"":""211.05""},{""bid_quantity"":60,""ask_quantity"":80,""bid_orders"":2,""ask_orders"":1,""bid_price"":""209.35"",""ask_price"":""211.10""}]"
09:15:21.096,1790826321096103214,1544063650037481,Full Data,8,887279,313.55,80,09:15:21,,,353.94,368960,45120,3501940,793060,"[{""bid_quantity"":20,""ask_quantity"":60,""bid_orders"":1,""ask_orders"":2,""bid_price"":""313.55"",""ask_price"":""314.95""},{""bid_quantity"":60,""ask_quantity"":60,""bid_orders"":1,""ask_orders"":3,""bid_price"":""312.65"",""ask_price"":""315.00""},{""bid_quantity"":200,""ask_quantity"":180,""bid_orders"":1,""ask_orders"":3,""bid_price"":""312.55"",""ask_price"":""315.05""},{""bid_quantity"":400,""ask_quantity"":120,""bid_orders"":1,""ask_orders"":3,""bid_price"":""312.35"",""ask_price"":""315.10""},{""bid_quantity"":60,""ask_quantity"":40,""bid_orders"":1,""ask_orders"":1,""bid_price"":""312.20"",""ask_price"":""315.15""}]"
09:15:21.166,1790826321167005338,1544063720939405,Full Data,8,886961,451.70,20,09:15:21,,,416.51,32140,12680,3418240,36440,"[{""bid_quantity"":240,""ask_quantity"":60,""bid_orders"":1,""ask_orders"":1,""bid_price"":""451.55"",""ask_price"":""458.75""},{""bid_quantity"":100,""ask_quantity"":60,""bid_orders"":3,""ask_orders"":2,""bid_price"":""451.50"",""ask_price"":""458.80""},{""bid_quantity"":80,""ask_quantity"":200,""bid_orders"":3,""ask_orders"":5,""bid_price"":""451.45"",""ask_price"":""458.85""},{""bid_quantity"":100,""ask_quantity"":20,""bid_orders"":1,""ask_orders"":1,""bid_price"":""451.40"",""ask_price"":""458.90""},{""bid_quantity"":260,""ask_quantity"":120,""bid_orders"":5,""ask_orders"":3,""bid_price"":""451.35"",""ask_price"":""458.95""}]"
09:15:21.172,1790826321172336412,1544063726270439,Full Data,8,886461,132.55,20,09:15:21,,,118.45,870620,82580,6056060,1682940,"[{""bid_quantity"":80,""ask_quantity"":40,""bid_orders"":2,""ask_orders"":2,""bid_price"":""132.10"",""ask_price"":""132.60""},{""bid_quantity"":60,""ask_quantity"":160,""bid_orders"":1,""ask_orders"":2,""bid_price"":""132.05"",""ask_price"":""132.65""},{""bid_quantity"":320,""ask_quantity"":260,""bid_orders"":2,""ask_orders"":4,""bid_price"":""131.90"",""ask_price"":""132.70""},{""bid_quantity"":80,""ask_quantity"":60,""bid_orders"":2,""ask_orders"":2,""bid_price"":""131.85"",""ask_price"":""132.75""},{""bid_quantity"":240,""ask_quantity"":20,""bid_orders"":2,""ask_orders"":1,""bid_price"":""131.80"",""ask_price"":""132.80""}]"
09:15:21.232,1790826321232985272,1544063786919219,Full Data,8,886461,133.25,20,09:15:21,,,118.50,874100,87360,6059460,1682940,"[{""bid_quantity"":100,""ask_quantity"":40,""bid_orders"":3,""ask_orders"":2,""bid_price"":""132.75"",""ask_price"":""133.30""},{""bid_quantity"":160,""ask_quantity"":80,""bid_orders"":1,""ask_orders"":3,""bid_price"":""132.70"",""ask_price"":""133.40""},{""bid_quantity"":80,""ask_quantity"":40,""bid_orders"":3,""ask_orders"":2,""bid_price"":""132.65"",""ask_price"":""133.50""},{""bid_quantity"":280,""ask_quantity"":140,""bid_orders"":3,""ask_orders"":1,""bid_price"":""132.60"",""ask_price"":""133.65""},{""bid_quantity"":100,""ask_quantity"":80,""bid_orders"":3,""ask_orders"":1,""bid_price"":""132.55"",""ask_price"":""133.70""}]"
09:15:21.275,1790826321275630219,1544063829564206,Ticker Data,0,51,72265.07,,09:15:21,,,,,,,,
09:15:21.396,1790826321396622618,1544063950556845,Full Data,8,886589,395.00,40,09:15:21,,,340.64,327780,28120,6342600,194360,"[{""bid_quantity"":40,""ask_quantity"":40,""bid_orders"":1,""ask_orders"":1,""bid_price"":""392.40"",""ask_price"":""394.40""},{""bid_quantity"":40,""ask_quantity"":140,""bid_orders"":1,""ask_orders"":4,""bid_price"":""391.80"",""ask_price"":""394.45""},{""bid_quantity"":120,""ask_quantity"":120,""bid_orders"":2,""ask_orders"":2,""bid_price"":""391.55"",""ask_price"":""394.50""},{""bid_quantity"":20,""ask_quantity"":1000,""bid_orders"":1,""ask_orders"":1,""bid_price"":""391.50"",""ask_price"":""394.60""},{""bid_quantity"":500,""ask_quantity"":120,""bid_orders"":1,""ask_orders"":2,""bid_price"":""391.45"",""ask_price"":""394.75""}]"
09:15:21.406,1790826321406858802,1544063960792989,Full Data,8,887080,170.85,20,09:15:21,,,145.33,469940,42960,4383680,530840,"[{""bid_quantity"":60,""ask_quantity"":20,""bid_orders"":2,""ask_orders"":1,""bid_price"":""170.95"",""ask_price"":""171.25""},{""bid_quantity"":80,""ask_quantity"":20,""bid_orders"":2,""ask_orders"":1,""bid_price"":""170.75"",""ask_price"":""171.40""},{""bid_quantity"":300,""ask_quantity"":40,""bid_orders"":3,""ask_orders"":1,""bid_price"":""170.70"",""ask_price"":""171.45""},{""bid_quantity"":60,""ask_quantity"":40,""bid_orders"":2,""ask_orders"":1,""bid_price"":""170.65"",""ask_price"":""171.65""},{""bid_quantity"":100,""ask_quantity"":100,""bid_orders"":1,""ask_orders"":2,""bid_price"":""170.55"",""ask_price"":""171.75""}]"
09:15:21.599,1790826321599443810,1544064153378237,Full Data,8,886620,244.80,20,09:15:21,,,281.75,565660,60400,3800460,731020,"[{""bid_quantity"":40,""ask_quantity"":240,""bid_orders"":1,""ask_orders"":2,""bid_price"":""243.40"",""ask_price"":""245.50""},{""bid_quantity"":240,""ask_quantity"":200,""bid_orders"":2,""ask_orders"":4,""bid_price"":""243.00"",""ask_price"":""245.55""},{""bid_quantity"":60,""ask_quantity"":960,""bid_orders"":1,""ask_orders"":10,""bid_price"":""242.80"",""ask_price"":""245.60""},{""bid_quantity"":20,""ask_quantity"":20,""bid_orders"":1,""ask_orders"":1,""bid_price"":""242.75"",""ask_price"":""245.70""},{""bid_quantity"":20,""ask_quantity"":40,""bid_orders"":1,""ask_orders"":1,""bid_price"":""242.30"",""ask_price"":""245.80""}]"
09:15:21.768,1790826321768818432,1544064322752779,Full Data,8,887216,194.10,20,09:15:21,,,232.34,923920,66740,4099080,716360,"[{""bid_quantity"":960,""ask_quantity"":1000,""bid_orders"":1,""ask_orders"":1,""bid_price"":""194.00"",""ask_price"":""194.10""},{""bid_quantity"":60,""ask_quantity"":200,""bid_orders"":1,""ask_orders"":1,""bid_price"":""193.55"",""ask_price"":""195.10""},{""bid_quantity"":160,""ask_quantity"":180,""bid_orders"":1,""ask_orders"":1,""bid_price"":""193.50"",""ask_price"":""195.25""},{""bid_quantity"":40,""ask_quantity"":100,""bid_orders"":1,""ask_orders"":2,""bid_price"":""193.35"",""ask_price"":""195.35""},{""bid_quantity"":40,""ask_quantity"":80,""bid_orders"":1,""ask_orders"":1,""bid_price"":""193.25"",""ask_price"":""195.40""}]"
09:15:22.240,1790826322240607390,1544064794541817,Full Data,8,886461,142.25,40,09:15:22,,,119.15,902160,85400,6757400,1682940,"[{""bid_quantity"":20,""ask_quantity"":260,""bid_orders"":1,""ask_orders"":2,""bid_price"":""142.25"",""ask_price"":""143.05""},{""bid_quantity"":160,""ask_quantity"":160,""bid_orders"":2,""ask_orders"":4,""bid_price"":""142.20"",""ask_price"":""143.10""},{""bid_quantity"":100,""ask_quantity"":240,""bid_orders"":2,""ask_orders"":5,""bid_price"":""142.15"",""ask_price"":""143.15""},{""bid_quantity"":220,""ask_quantity"":360,""bid_orders"":2,""ask_orders"":3,""bid_price"":""142.10"",""ask_price"":""143.20""},{""bid_quantity"":80,""ask_quantity"":160,""bid_orders"":2,""ask_orders"":1,""bid_price"":""142.05"",""ask_price"":""143.25""}]"
09:15:22.264,1790826322264600660,1544064818534607,Ticker Data,0,51,72297.03,,09:15:22,,,,,,,,
09:15:22.266,1790826322266574553,1544064820508340,Full Data,8,886540,150.55,20,09:15:22,,,185.71,634420,66580,3239980,632060,"[{""bid_quantity"":60,""ask_quantity"":20,""bid_orders"":2,""ask_orders"":1,""bid_price"":""150.55"",""ask_price"":""151.05""},{""bid_quantity"":180,""ask_quantity"":320,""bid_orders"":2,""ask_orders"":6,""bid_price"":""150.45"",""ask_price"":""151.10""},{""bid_quantity"":60,""ask_quantity"":160,""bid_orders"":2,""ask_orders"":2,""bid_price"":""150.35"",""ask_price"":""151.20""},{""bid_quantity"":20,""ask_quantity"":120,""bid_orders"":1,""ask_orders"":3,""bid_price"":""150.30"",""ask_price"":""151.25""},{""bid_quantity"":80,""ask_quantity"":40,""bid_orders"":2,""ask_orders"":2,""bid_price"":""150.20"",""ask_price"":""151.30""}]"
09:15:22.278,1790826322278693669,1544064832627576,Full Data,8,886961,481.35,20,09:15:22,,,417.96,32960,14200,3437120,36440,"[{""bid_quantity"":40,""ask_quantity"":20,""bid_orders"":1,""ask_orders"":1,""bid_price"":""478.65"",""ask_price"":""481.40""},{""bid_quantity"":40,""ask_quantity"":20,""bid_orders"":1,""ask_orders"":1,""bid_price"":""478.60"",""ask_price"":""481.65""},{""bid_quantity"":80,""ask_quantity"":40,""bid_orders"":2,""ask_orders"":1,""bid_price"":""478.25"",""ask_price"":""481.80""},{""bid_quantity"":40,""ask_quantity"":20,""bid_orders"":1,""ask_orders"":1,""bid_price"":""478.20"",""ask_price"":""481.90""},{""bid_quantity"":120,""ask_quantity"":40,""bid_orders"":2,""ask_orders"":1,""bid_price"":""478.05"",""ask_price"":""482.65""}]"
09:15:22.299,1790826322299381998,1544064853315865,Full Data,8,886461,142.80,20,09:15:22,,,119.17,903040,83280,6757820,1682940,"[{""bid_quantity"":20,""ask_quantity"":220,""bid_orders"":1,""ask_orders"":2,""bid_price"":""142.95"",""ask_price"":""143.20""},{""bid_quantity"":200,""ask_quantity"":20,""bid_orders"":2,""ask_orders"":1,""bid_price"":""142.80"",""ask_price"":""143.55""},{""bid_quantity"":20,""ask_quantity"":20,""bid_orders"":1,""ask_orders"":1,""bid_price"":""142.75"",""ask_price"":""143.75""},{""bid_quantity"":140,""ask_quantity"":20,""bid_orders"":1,""ask_orders"":1,""bid_price"":""142.70"",""ask_price"":""143.80""},{""bid_quantity"":140,""ask_quantity"":20,""bid_orders"":1,""ask_orders"":1,""bid_price"":""142.65"",""ask_price"":""143.95""}]"
09:15:22.532,1790826322532750821,1544065086685288,Full Data,8,886589,408.65,20,09:15:22,,,342.38,337060,20240,6389920,194360,"[{""bid_quantity"":40,""ask_quantity"":20,""bid_orders"":1,""ask_orders"":1,""bid_price"":""407.05"",""ask_price"":""408.70""},{""bid_quantity"":40,""ask_quantity"":20,""bid_orders"":1,""ask_orders"":1,""bid_price"":""407.00"",""ask_price"":""409.15""},{""bid_quantity"":40,""ask_quantity"":220,""bid_orders"":1,""ask_orders"":1,""bid_price"":""406.95"",""ask_price"":""409.20""},{""bid_quantity"":40,""ask_quantity"":20,""bid_orders"":1,""ask_orders"":1,""bid_price"":""406.90"",""ask_price"":""409.50""},{""bid_quantity"":40,""ask_quantity"":60,""bid_orders"":1,""ask_orders"":1,""bid_price"":""406.85"",""ask_price"":""410.20""}]"
09:15:22.665,1790826322665268412,1544065219203039,Full Data,8,886685,350.70,40,09:15:22,,,416.29,462200,89580,5123660,1793000,"[{""bid_quantity"":200,""ask_quantity"":220,""bid_orders"":2,""ask_orders"":2,""bid_price"":""351.10"",""ask_price"":""352.15""},{""bid_quantity"":60,""ask_quantity"":160,""bid_orders"":1,""ask_orders"":2,""bid_price"":""351.05"",""ask_price"":""352.25""},{""bid_quantity"":280,""ask_quantity"":80,""bid_orders"":2,""ask_orders"":3,""bid_price"":""351.00"",""ask_price"":""352.30""},{""bid_quantity"":60,""ask_quantity"":100,""bid_orders"":1,""ask_orders"":2,""bid_price"":""350.95"",""ask_price"":""353.05""},{""bid_quantity"":100,""ask_quantity"":60,""bid_orders"":2,""ask_orders"":2,""bid_price"":""350.85"",""ask_price"":""353.15""}]"
09:15:22.826,1790826322826094021,1544065380028248,Full Data,8,887216,187.20,20,09:15:22,,,230.47,967380,69440,4124680,716360,"[{""bid_quantity"":180,""ask_quantity"":120,""bid_orders"":2,""ask_orders"":6,""bid_price"":""186.60"",""ask_price"":""187.20""},{""bid_quantity"":320,""ask_quantity"":200,""bid_orders"":4,""ask_orders"":1,""bid_price"":""186.55"",""ask_price"":""187.55""},{""bid_quantity"":320,""ask_quantity"":120,""bid_orders"":1,""ask_orders"":1,""bid_price"":""186.45"",""ask_price"":""187.60""},{""bid_quantity"":60,""ask_quantity"":140,""bid_orders"":1,""ask_orders"":1,""bid_price"":""186.40"",""ask_price"":""187.90""},{""bid_quantity"":120,""ask_quantity"":320,""bid_orders"":1,""ask_orders"":1,""bid_price"":""186.30"",""ask_price"":""188.00""}]"
09:15:23.128,1790826323128942360,1544065682876507,Full Data,8,887253,346.10,60,09:15:23,,,287.16,242900,23600,5300060,55040,"[{""bid_quantity"":60,""ask_quantity"":40,""bid_orders"":2,""ask_orders"":1,""bid_price"":""343.90"",""ask_price"":""345.80""},{""bid_quantity"":80,""ask_quantity"":200,""bid_orders"":3,""ask_orders"":1,""bid_price"":""343.80"",""ask_price"":""345.85""},{""bid_quantity"":60,""ask_quantity"":260,""bid_orders"":2,""ask_orders"":2,""bid_price"":""343.70"",""ask_price"":""345.90""},{""bid_quantity"":180,""ask_quantity"":340,""bid_orders"":2,""ask_orders"":3,""bid_price"":""343.65"",""ask_price"":""345.95""},{""bid_quantity"":40,""ask_quantity"":40,""bid_orders"":2,""ask_orders"":1,""bid_price"":""343.60"",""ask_price"":""346.15""}]"
09:15:23.199,1790826323199350961,1544065753285148,Full Data,8,887253,347.60,20,09:15:23,,,287.20,243080,23720,5300160,55040,"[{""bid_quantity"":40,""ask_quantity"":40,""bid_orders"":1,""ask_orders"":2,""bid_price"":""346.25"",""ask_price"":""347.85""},{""bid_quantity"":40,""ask_quantity"":120,""bid_orders"":1,""ask_orders"":2,""bid_price"":""346.20"",""ask_price"":""347.90""},{""bid_quantity"":20,""ask_quantity"":20,""bid_orders"":1,""ask_orders"":1,""bid_price"":""346.15"",""ask_price"":""347.95""},{""bid_quantity"":80,""ask_quantity"":120,""bid_orders"":1,""ask_orders"":3,""bid_price"":""346.10"",""ask_price"":""348.00""},{""bid_quantity"":40,""ask_quantity"":80,""bid_orders"":1,""ask_orders"":1,""bid_price"":""346.05"",""ask_price"":""348.50""}]"
09:15:23.249,1790826323249643676,1544065803577583,Ticker Data,0,51,72303.57,,09:15:23,,,,,,,,
09:15:23.289,1790826323289659527,1544065843593714,Full Data,8,886961,490.55,20,09:15:23,,,418.75,33340,14680,3491980,36440,"[{""bid_quantity"":20,""ask_quantity"":100,""bid_orders"":1,""ask_orders"":2,""bid_price"":""488.10"",""ask_price"":""491.95""},{""bid_quantity"":20,""ask_quantity"":40,""bid_orders"":1,""ask_orders"":1,""bid_price"":""487.85"",""ask_price"":""492.00""},{""bid_quantity"":40,""ask_quantity"":20,""bid_orders"":1,""ask_orders"":1,""bid_price"":""487.65"",""ask_price"":""492.05""},{""bid_quantity"":20,""ask_quantity"":100,""bid_orders"":1,""ask_orders"":1,""bid_price"":""487.60"",""ask_price"":""492.20""},{""bid_quantity"":80,""ask_quantity"":160,""bid_orders"":1,""ask_orders"":2,""bid_price"":""487.40"",""ask_price"":""492.45""}]"
09:15:23.298,1790826323298202741,1544065852136608,Full Data,8,886461,145.00,120,09:15:23,,,120.12,937700,81520,7053240,1682940,"[{""bid_quantity"":20,""ask_quantity"":60,""bid_orders"":1,""ask_orders"":2,""bid_price"":""144.80"",""ask_price"":""145.50""},{""bid_quantity"":120,""ask_quantity"":120,""bid_orders"":1,""ask_orders"":3,""bid_price"":""144.75"",""ask_price"":""145.55""},{""bid_quantity"":20,""ask_quantity"":140,""bid_orders"":1,""ask_orders"":1,""bid_price"":""144.50"",""ask_price"":""145.60""},{""bid_quantity"":40,""ask_quantity"":160,""bid_orders"":1,""ask_orders"":1,""bid_price"":""144.30"",""ask_price"":""145.65""},{""bid_quantity"":120,""ask_quantity"":160,""bid_orders"":1,""ask_orders"":1,""bid_price"":""144.25"",""ask_price"":""145.70""}]"
09:15:23.377,1790826323377351437,1544065931285464,Full Data,8,886540,149.30,20,09:15:23,,,183.83,669260,66820,3325320,632060,"[{""bid_quantity"":180,""ask_quantity"":20,""bid_orders"":2,""ask_orders"":1,""bid_price"":""148.55"",""ask_price"":""148.70""},{""bid_quantity"":40,""ask_quantity"":140,""bid_orders"":2,""ask_orders"":1,""bid_price"":""148.50"",""ask_price"":""149.25""},{""bid_quantity"":20,""ask_quantity"":240,""bid_orders"":1,""ask_orders"":5,""bid_price"":""148.45"",""ask_price"":""149.30""},{""bid_quantity"":320,""ask_quantity"":60,""bid_orders"":2,""ask_orders"":2,""bid_price"":""148.40"",""ask_price"":""149.35""},{""bid_quantity"":140,""ask_quantity"":80,""bid_orders"":1,""ask_orders"":4,""bid_price"":""148.35"",""ask_price"":""149.55""}]"
09:15:23.534,1790826323534782344,1544066088716491,Full Data,8,886589,403.65,20,09:15:23,,,343.78,344000,23240,6416200,194360,"[{""bid_quantity"":40,""ask_quantity"":360,""bid_orders"":1,""ask_orders"":6,""bid_price"":""401.65"",""ask_price"":""407.35""},{""bid_quantity"":20,""ask_quantity"":260,""bid_orders"":1,""ask_orders"":7,""bid_price"":""401.60"",""ask_price"":""407.40""},{""bid_quantity"":100,""ask_quantity"":80,""bid_orders"":1,""ask_orders"":4,""bid_price"":""400.80"",""ask_price"":""407.45""},{""bid_quantity"":40,""ask_quantity"":260,""bid_orders"":1,""ask_orders"":6,""bid_price"":""400.75"",""ask_price"":""407.50""},{""bid_quantity"":100,""ask_quantity"":80,""bid_orders"":1,""ask_orders"":4,""bid_price"":""400.70"",""ask_price"":""407.55""}]"
09:15:23.570,1790826323570558369,1544066124492436,Full Data,8,887080,177.30,40,09:15:23,,,149.53,538320,43160,4727200,530840,"[{""bid_quantity"":40,""ask_quantity"":60,""bid_orders"":1,""ask_orders"":3,""bid_price"":""176.80"",""ask_price"":""177.30""},{""bid_quantity"":20,""ask_quantity"":80,""bid_orders"":1,""ask_orders"":3,""bid_price"":""176.65"",""ask_price"":""177.35""},{""bid_quantity"":80,""ask_quantity"":80,""bid_orders"":1,""ask_orders"":3,""bid_price"":""176.50"",""ask_price"":""177.40""},{""bid_quantity"":20,""ask_quantity"":80,""bid_orders"":1,""ask_orders"":3,""bid_price"":""176.45"",""ask_price"":""177.45""},{""bid_quantity"":80,""ask_quantity"":20,""bid_orders"":1,""ask_orders"":1,""bid_price"":""176.30"",""ask_price"":""177.50""}]"
09:15:23.597,1790826323597167416,1544066151101443,Full Data,8,886589,403.00,20,09:15:23,,,343.97,345140,23840,6420140,194360,"[{""bid_quantity"":100,""ask_quantity"":60,""bid_orders"":1,""ask_orders"":2,""bid_price"":""402.00"",""ask_price"":""404.80""},{""bid_quantity"":100,""ask_quantity"":20,""bid_orders"":1,""ask_orders"":1,""bid_price"":""401.95"",""ask_price"":""404.85""},{""bid_quantity"":20,""ask_quantity"":60,""bid_orders"":1,""ask_orders"":2,""bid_price"":""401.90"",""ask_price"":""404.90""},{""bid_quantity"":80,""ask_quantity"":40,""bid_orders"":1,""ask_orders"":1,""bid_price"":""401.80"",""ask_price"":""404.95""},{""bid_quantity"":100,""ask_quantity"":40,""bid_orders"":1,""ask_orders"":2,""bid_price"":""401.75"",""ask_price"":""405.00""}]"
09:15:23.628,1790826323628232410,1544066182166477,Full Data,8,887080,178.95,40,09:15:23,,,149.63,540340,42400,4728460,530840,"[{""bid_quantity"":40,""ask_quantity"":20,""bid_orders"":1,""ask_orders"":1,""bid_price"":""178.55"",""ask_price"":""179.00""},{""bid_quantity"":80,""ask_quantity"":40,""bid_orders"":1,""ask_orders"":2,""bid_price"":""178.50"",""ask_price"":""179.35""},{""bid_quantity"":20,""ask_quantity"":60,""bid_orders"":1,""ask_orders"":2,""bid_price"":""178.45"",""ask_price"":""179.45""},{""bid_quantity"":20,""ask_quantity"":220,""bid_orders"":1,""ask_orders"":2,""bid_price"":""178.35"",""ask_price"":""179.55""},{""bid_quantity"":140,""ask_quantity"":100,""bid_orders"":1,""ask_orders"":2,""bid_price"":""178.20"",""ask_price"":""179.70""}]"
09:15:23.700,1790826323700033821,1544066253967768,Full Data,8,886620,240.00,20,09:15:23,,,278.46,609300,58560,3884660,731020,"[{""bid_quantity"":180,""ask_quantity"":20,""bid_orders"":3,""ask_orders"":1,""bid_price"":""239.25"",""ask_price"":""241.50""},{""bid_quantity"":40,""ask_quantity"":160,""bid_orders"":1,""ask_orders"":1,""bid_price"":""239.20"",""ask_price"":""241.95""},{""bid_quantity"":180,""ask_quantity"":120,""bid_orders"":3,""ask_orders"":3,""bid_price"":""239.15"",""ask_price"":""242.00""},{""bid_quantity"":160,""ask_quantity"":100,""bid_orders"":4,""ask_orders"":1,""bid_price"":""239.10"",""ask_price"":""242.15""},{""bid_quantity"":280,""ask_quantity"":40,""bid_orders"":2,""ask_orders"":2,""bid_price"":""239.05"",""ask_price"":""242.25""}]"
09:15:23.883,1790826323883584691,1544066437518838,Full Data,8,887216,196.45,40,09:15:23,,,229.19,999620,66140,4229200,716360,"[{""bid_quantity"":180,""ask_quantity"":40,""bid_orders"":5,""ask_orders"":1,""bid_price"":""196.55"",""ask_price"":""197.65""},{""bid_quantity"":40,""ask_quantity"":40,""bid_orders"":1,""ask_orders"":1,""bid_price"":""196.50"",""ask_price"":""197.70""},{""bid_quantity"":20,""ask_quantity"":100,""bid_orders"":1,""ask_orders"":1,""bid_price"":""196.45"",""ask_price"":""197.85""},{""bid_quantity"":60,""ask_quantity"":560,""bid_orders"":1,""ask_orders"":3,""bid_price"":""196.35"",""ask_price"":""198.00""},{""bid_quantity"":40,""ask_quantity"":220,""bid_orders"":1,""ask_orders"":1,""bid_price"":""196.30"",""ask_price"":""198.05""}]"
09:15:24.124,1790826324124042559,1544066677976746,Full Data,8,886659,271.30,20,09:15:24,,,242.79,687980,42260,5836660,138720,"[{""bid_quantity"":40,""ask_quantity"":220,""bid_orders"":2,""ask_orders"":3,""bid_price"":""270.45"",""ask_price"":""271.30""},{""bid_quantity"":340,""ask_quantity"":20,""bid_orders"":2,""ask_orders"":1,""bid_price"":""270.30"",""ask_price"":""271.40""},{""bid_quantity"":40,""ask_quantity"":20,""bid_orders"":2,""ask_orders"":1,""bid_price"":""270.25"",""ask_price"":""271.55""},{""bid_quantity"":340,""ask_quantity"":40,""bid_orders"":2,""ask_orders"":2,""bid_price"":""270.10"",""ask_price"":""271.65""},{""bid_quantity"":20,""ask_quantity"":260,""bid_orders"":1,""ask_orders"":3,""bid_price"":""270.05"",""ask_price"":""271.70""}]"
09:15:24.227,1790826324227218246,1544066781152513,Full Data,8,887253,333.40,100,09:15:24,,,289.35,254100,20460,5677140,55040,"[{""bid_quantity"":120,""ask_quantity"":40,""bid_orders"":3,""ask_orders"":1,""bid_price"":""333.75"",""ask_price"":""336.65""},{""bid_quantity"":160,""ask_quantity"":40,""bid_orders"":1,""ask_orders"":1,""bid_price"":""333.70"",""ask_price"":""336.70""},{""bid_quantity"":160,""ask_quantity"":40,""bid_orders"":2,""ask_orders"":1,""bid_price"":""333.65"",""ask_price"":""336.80""},{""bid_quantity"":160,""ask_quantity"":100,""bid_orders"":4,""ask_orders"":3,""bid_price"":""333.55"",""ask_price"":""336.85""},{""bid_quantity"":80,""ask_quantity"":80,""bid_orders"":2,""ask_orders"":2,""bid_price"":""333.50"",""ask_price"":""336.90""}]"
09:15:24.249,1790826324249329225,1544066803263132,Ticker Data,0,51,72293.47,,09:15:24,,,,,,,,
09:15:24.281,1790826324281459186,1544066835393013,Full Data,8,887253,334.95,20,09:15:24,,,289.67,255860,21080,5675460,55040,"[{""bid_quantity"":60,""ask_quantity"":80,""bid_orders"":2,""ask_orders"":1,""bid_price"":""335.10"",""ask_price"":""337.20""},{""bid_quantity"":20,""ask_quantity"":20,""bid_orders"":1,""ask_orders"":1,""bid_price"":""335.05"",""ask_price"":""337.25""},{""bid_quantity"":400,""ask_quantity"":40,""bid_orders"":2,""ask_orders"":1,""bid_price"":""335.00"",""ask_price"":""337.30""},{""bid_quantity"":20,""ask_quantity"":40,""bid_orders"":1,""ask_orders"":1,""bid_price"":""334.70"",""ask_price"":""337.40""},{""bid_quantity"":20,""ask_quantity"":20,""bid_orders"":1,""ask_orders"":1,""bid_price"":""334.65"",""ask_price"":""337.60""}]"
09:15:24.404,1790826324404735559,1544066958669586,Full Data,8,886961,478.95,20,09:15:24,,,421.58,35080,14100,3537560,36440,"[{""bid_quantity"":80,""ask_quantity"":40,""bid_orders"":3,""ask_orders"":1,""bid_price"":""480.25"",""ask_price"":""486.15""},{""bid_quantity"":40,""ask_quantity"":40,""bid_orders"":1,""ask_orders"":1,""bid_price"":""480.20"",""ask_price"":""486.20""},{""bid_quantity"":60,""ask_quantity"":20,""bid_orders"":2,""ask_orders"":1,""bid_price"":""480.15"",""ask_price"":""486.30""},{""bid_quantity"":20,""ask_quantity"":80,""bid_orders"":1,""ask_orders"":2,""bid_price"":""480.10"",""ask_price"":""486.45""},{""bid_quantity"":160,""ask_quantity"":200,""bid_orders"":2,""ask_orders"":3,""bid_price"":""480.05"",""ask_price"":""486.70""}]"
09:15:24.436,1790826324436114436,1544066990048903,Full Data,8,886461,143.10,20,09:15:24,,,120.85,973700,78220,7214020,1682940,"[{""bid_quantity"":60,""ask_quantity"":20,""bid_orders"":2,""ask_orders"":1,""bid_price"":""142.90"",""ask_price"":""143.40""},{""bid_quantity"":200,""ask_quantity"":160,""bid_orders"":3,""ask_orders"":1,""bid_price"":""142.80"",""ask_price"":""143.50""},{""bid_quantity"":60,""ask_quantity"":40,""bid_orders"":2,""ask_orders"":1,""bid_price"":""142.75"",""ask_price"":""143.55""},{""bid_quantity"":20,""ask_quantity"":20,""bid_orders"":1,""ask_orders"":1,""bid_price"":""142.70"",""ask_price"":""143.60""},{""bid_quantity"":80,""ask_quantity"":40,""bid_orders"":2,""ask_orders"":1,""bid_price"":""142.65"",""ask_price"":""143.65""}]"
09:15:24.680,1790826324680883451,1544067234817678,Full Data,8,886671,88.30,40,09:15:24,,,110.69,609420,48140,2793540,570580,"[{""bid_quantity"":40,""ask_quantity"":20,""bid_orders"":2,""ask_orders"":1,""bid_price"":""87.85"",""ask_price"":""88.00""},{""bid_quantity"":60,""ask_quantity"":40,""bid_orders"":3,""ask_orders"":1,""bid_price"":""87.75"",""ask_price"":""88.15""},{""bid_quantity"":100,""ask_quantity"":60,""bid_orders"":2,""ask_orders"":3,""bid_price"":""87.70"",""ask_price"":""88.40""},{""bid_quantity"":40,""ask_quantity"":20,""bid_orders"":2,""ask_orders"":1,""bid_price"":""87.65"",""ask_price"":""88.50""},{""bid_quantity"":20,""ask_quantity"":80,""bid_orders"":1,""ask_orders"":2,""bid_price"":""87.55"",""ask_price"":""88.60""}]"
09:15:24.703,1790826324703037350,1544067256971377,Full Data,8,886589,413.45,20,09:15:24,,,344.90,350740,20580,6532860,194360,"[{""bid_quantity"":60,""ask_quantity"":120,""bid_orders"":2,""ask_orders"":2,""bid_price"":""411.30"",""ask_price"":""413.75""},{""bid_quantity"":100,""ask_quantity"":80,""bid_orders"":1,""ask_orders"":1,""bid_price"":""411.25"",""ask_price"":""413.85""},{""bid_quantity"":60,""ask_quantity"":40,""bid_orders"":2,""ask_orders"":2,""bid_price"":""411.20"",""ask_price"":""414.00""},{""bid_quantity"":20,""ask_quantity"":20,""bid_orders"":1,""ask_orders"":1,""bid_price"":""411.15"",""ask_price"":""414.05""},{""bid_quantity"":60,""ask_quantity"":100,""bid_orders"":2,""ask_orders"":2,""bid_price"":""411.10"",""ask_price"":""414.40""}]"
09:15:24.759,1790826324759012341,1544067312946288,Full Data,8,886620,228.90,20,09:15:24,,,276.44,642460,58440,4176340,731020,"[{""bid_quantity"":320,""ask_quantity"":140,""bid_orders"":2,""ask_orders"":1,""bid_price"":""229.25"",""ask_price"":""230.50""},{""bid_quantity"":340,""ask_quantity"":160,""bid_orders"":3,""ask_orders"":1,""bid_price"":""229.20"",""ask_price"":""230.90""},{""bid_quantity"":20,""ask_quantity"":100,""bid_orders"":1,""ask_orders"":1,""bid_price"":""229.15"",""ask_price"":""231.15""},{""bid_quantity"":160,""ask_quantity"":100,""bid_orders"":1,""ask_orders"":1,""bid_price"":""229.10"",""ask_price"":""231.30""},{""bid_quantity"":200,""ask_quantity"":120,""bid_orders"":4,""ask_orders"":2,""bid_price"":""228.95"",""ask_price"":""231.45""}]"
09:15:24.949,1790826324949586056,1544067503520363,Full Data,8,887216,187.70,20,09:15:24,,,227.61,1040420,67920,4225680,716360,"[{""bid_quantity"":100,""ask_quantity"":80,""bid_orders"":3,""ask_orders"":2,""bid_price"":""186.45"",""ask_price"":""187.30""},{""bid_quantity"":100,""ask_quantity"":320,""bid_orders"":1,""ask_orders"":1,""bid_price"":""186.30"",""ask_price"":""187.35""},{""bid_quantity"":60,""ask_quantity"":320,""bid_orders"":1,""ask_orders"":1,""bid_price"":""186.20"",""ask_price"":""187.45""},{""bid_quantity"":100,""ask_quantity"":200,""bid_orders"":1,""ask_orders"":2,""bid_price"":""186.15"",""ask_price"":""187.65""},{""bid_quantity"":60,""ask_quantity"":120,""bid_orders"":1,""ask_orders"":1,""bid_price"":""186.05"",""ask_price"":""188.00""}]"
09:15:25.020,1790826325020054978,1544067573989085,Full Data,8,886790,115.55,40,09:15:25,,,143.01,1561140,146880,5211480,2100780,"[{""bid_quantity"":40,""ask_quantity"":160,""bid_orders"":1,""ask_orders"":4,""bid_price"":""115.85"",""ask_price"":""116.20""},{""bid_quantity"":160,""ask_quantity"":100,""bid_orders"":1,""ask_orders"":2,""bid_price"":""115.80"",""ask_price"":""116.25""},{""bid_quantity"":40,""ask_quantity"":120,""bid_orders"":1,""ask_orders"":3,""bid_price"":""115.75"",""ask_price"":""116.45""},{""bid_quantity"":160,""ask_quantity"":560,""bid_orders"":1,""ask_orders"":5,""bid_price"":""115.70"",""ask_price"":""116.60""},{""bid_quantity"":40,""ask_quantity"":180,""bid_orders"":1,""ask_orders"":3,""bid_price"":""115.65"",""ask_price"":""116.65""}]"
09:15:25.029,1790826325029766559,1544067583700506,Full Data,8,886790,116.00,20,09:15:25,,,143.00,1561840,147860,5212220,2100780,"[{""bid_quantity"":300,""ask_quantity"":220,""bid_orders"":7,""ask_orders"":2,""bid_price"":""116.05"",""ask_price"":""117.05""},{""bid_quantity"":380,""ask_quantity"":100,""bid_orders"":4,""ask_orders"":1,""bid_price"":""116.00"",""ask_price"":""117.10""},{""bid_quantity"":500,""ask_quantity"":260,""bid_orders"":10,""ask_orders"":3,""bid_price"":""115.95"",""ask_price"":""117.15""},{""bid_quantity"":40,""ask_quantity"":260,""bid_orders"":1,""ask_orders"":3,""bid_price"":""115.90"",""ask_price"":""117.20""},{""bid_quantity"":100,""ask_quantity"":20,""bid_orders"":4,""ask_orders"":1,""bid_price"":""115.85"",""ask_price"":""117.35""}]"
09:15:25.273,1790826325273494087,1544067827428274,Ticker Data,0,51,72302.96,,09:15:25,,,,,,,,
09:15:25.454,1790826325454091659,1544068008025806,Full Data,8,886961,477.75,60,09:15:25,,,423.25,36020,13540,3586720,36440,"[{""bid_quantity"":40,""ask_quantity"":40,""bid_orders"":1,""ask_orders"":2,""bid_price"":""471.15"",""ask_price"":""475.90""},{""bid_quantity"":40,""ask_quantity"":40,""bid_orders"":1,""ask_orders"":2,""bid_price"":""470.50"",""ask_price"":""476.00""},{""bid_quantity"":60,""ask_quantity"":60,""bid_orders"":1,""ask_orders"":3,""bid_price"":""470.45"",""ask_price"":""476.05""},{""bid_quantity"":40,""ask_quantity"":40,""bid_orders"":1,""ask_orders"":2,""bid_price"":""470.25"",""ask_price"":""476.20""},{""bid_quantity"":40,""ask_quantity"":40,""bid_orders"":1,""ask_orders"":2,""bid_price"":""470.20"",""ask_price"":""476.25""}]"
09:15:25.472,1790826325472220293,1544068026154360,Full Data,8,886461,139.25,20,09:15:25,,,121.64,1007100,81680,7314280,1682940,"[{""bid_quantity"":20,""ask_quantity"":180,""bid_orders"":1,""ask_orders"":6,""bid_price"":""138.05"",""ask_price"":""139.25""},{""bid_quantity"":20,""ask_quantity"":100,""bid_orders"":1,""ask_orders"":5,""bid_price"":""137.85"",""ask_price"":""139.30""},{""bid_quantity"":300,""ask_quantity"":140,""bid_orders"":4,""ask_orders"":3,""bid_price"":""137.20"",""ask_price"":""139.35""},{""bid_quantity"":180,""ask_quantity"":80,""bid_orders"":5,""ask_orders"":1,""bid_price"":""137.15"",""ask_price"":""139.40""},{""bid_quantity"":20,""ask_quantity"":240,""bid_orders"":1,""ask_orders"":5,""bid_price"":""137.10"",""ask_price"":""139.45""}]"
09:15:25.645,1790826325645413659,1544068199347806,Full Data,8,886671,92.45,20,09:15:25,,,110.20,624580,42860,2814080,570580,"[{""bid_quantity"":20,""ask_quantity"":20,""bid_orders"":1,""ask_orders"":1,""bid_price"":""91.85"",""ask_price"":""92.60""},{""bid_quantity"":60,""ask_quantity"":20,""bid_orders"":1,""ask_orders"":1,""bid_price"":""91.55"",""ask_price"":""92.65""},{""bid_quantity"":40,""ask_quantity"":20,""bid_orders"":2,""ask_orders"":1,""bid_price"":""91.50"",""ask_price"":""92.70""},{""bid_quantity"":220,""ask_quantity"":60,""bid_orders"":5,""ask_orders"":2,""bid_price"":""91.45"",""ask_price"":""92.75""},{""bid_quantity"":140,""ask_quantity"":100,""bid_orders"":5,""ask_orders"":2,""bid_price"":""91.40"",""ask_price"":""92.80""}]"
09:15:25.653,1790826325653885032,1544068207819019,Full Data,8,886671,92.45,20,09:15:25,,,110.20,624580,42100,2813900,570580,"[{""bid_quantity"":20,""ask_quantity"":40,""bid_orders"":1,""ask_orders"":2,""bid_price"":""92.35"",""ask_price"":""92.75""},{""bid_quantity"":20,""ask_quantity"":40,""bid_orders"":1,""ask_orders"":2,""bid_price"":""92.25"",""ask_price"":""92.80""},{""bid_quantity"":100,""ask_quantity"":60,""bid_orders"":2,""ask_orders"":3,""bid_price"":""92.20"",""ask_price"":""92.90""},{""bid_quantity"":100,""ask_quantity"":120,""bid_orders"":3,""ask_orders"":6,""bid_price"":""92.15"",""ask_price"":""92.95""},{""bid_quantity"":180,""ask_quantity"":80,""bid_orders"":3,""ask_orders"":1,""bid_price"":""92.00"",""ask_price"":""93.30""}]"
09:15:26.004,1790826326004813633,1544068558747820,Full Data,8,887216,194.30,40,09:15:25,,,226.32,1080180,60860,4241520,716360,"[{""bid_quantity"":480,""ask_quantity"":320,""bid_orders"":3,""ask_orders"":1,""bid_price"":""194.60"",""ask_price"":""196.25""},{""bid_quantity"":200,""ask_quantity"":40,""bid_orders"":2,""ask_orders"":1,""bid_price"":""194.55"",""ask_price"":""196.30""},{""bid_quantity"":40,""ask_quantity"":20,""bid_orders"":1,""ask_orders"":1,""bid_price"":""194.45"",""ask_price"":""196.35""},{""bid_quantity"":80,""ask_quantity"":40,""bid_orders"":2,""ask_orders"":1,""bid_price"":""194.40"",""ask_price"":""196.40""},{""bid_quantity"":40,""ask_quantity"":20,""bid_orders"":1,""ask_orders"":1,""bid_price"":""194.35"",""ask_price"":""196.45""}]"
09:15:26.026,1790826326026571689,1544068580505836,Full Data,8,886790,122.45,40,09:15:26,,,142.19,1616540,144280,5250940,2100780,"[{""bid_quantity"":160,""ask_quantity"":20,""bid_orders"":1,""ask_orders"":1,""bid_price"":""122.20"",""ask_price"":""122.55""},{""bid_quantity"":80,""ask_quantity"":40,""bid_orders"":2,""ask_orders"":1,""bid_price"":""122.15"",""ask_price"":""123.00""},{""bid_quantity"":160,""ask_quantity"":360,""bid_orders"":1,""ask_orders"":2,""bid_price"":""122.10"",""ask_price"":""123.30""},{""bid_quantity"":60,""ask_quantity"":1480,""bid_orders"":2,""ask_orders"":4,""bid_price"":""122.05"",""ask_price"":""123.45""},{""bid_quantity"":160,""ask_quantity"":40,""bid_orders"":1,""ask_orders"":1,""bid_price"":""122.00"",""ask_price"":""123.85""}]"
09:15:26.190,1790826326190380196,1544068744314583,Full Data,8,887306,225.00,20,09:15:26,,,199.36,615240,32260,5402680,240500,"[{""bid_quantity"":100,""ask_quantity"":40,""bid_orders"":1,""ask_orders"":1,""bid_price"":""224.30"",""ask_price"":""225.15""},{""bid_quantity"":40,""ask_quantity"":140,""bid_orders"":2,""ask_orders"":2,""bid_price"":""224.25"",""ask_price"":""225.20""},{""bid_quantity"":80,""ask_quantity"":140,""bid_orders"":1,""ask_orders"":1,""bid_price"":""223.70"",""ask_price"":""225.35""},{""bid_quantity"":100,""ask_quantity"":60,""bid_orders"":1,""ask_orders"":1,""bid_price"":""223.65"",""ask_price"":""225.40""},{""bid_quantity"":60,""ask_quantity"":60,""bid_orders"":2,""ask_orders"":1,""bid_price"":""223.55"",""ask_price"":""225.45""}]"
09:15:26.261,1790826326261429242,1544068815363269,Ticker Data,0,51,72303.76,,09:15:26,,,,,,,,
09:15:26.386,1790826326386967229,1544068940901456,Full Data,8,887253,346.40,40,09:15:26,,,292.35,270140,22820,5723520,55040,"[{""bid_quantity"":40,""ask_quantity"":20,""bid_orders"":1,""ask_orders"":1,""bid_price"":""344.45"",""ask_price"":""346.25""},{""bid_quantity"":80,""ask_quantity"":80,""bid_orders"":1,""ask_orders"":1,""bid_price"":""344.10"",""ask_price"":""346.45""},{""bid_quantity"":280,""ask_quantity"":60,""bid_orders"":3,""ask_orders"":2,""bid_price"":""344.05"",""ask_price"":""346.50""},{""bid_quantity"":360,""ask_quantity"":20,""bid_orders"":3,""ask_orders"":1,""bid_price"":""344.00"",""ask_price"":""347.10""},{""bid_quantity"":120,""ask_quantity"":80,""bid_orders"":4,""ask_orders"":1,""bid_price"":""343.95"",""ask_price"":""347.20""}]"
09:15:26.474,1790826326474336057,1544069028270044,Full Data,8,886961,483.80,20,09:15:26,,,424.35,36740,18140,3846640,36440,"[{""bid_quantity"":40,""ask_quantity"":180,""bid_orders"":1,""ask_orders"":2,""bid_price"":""481.10"",""ask_price"":""485.35""},{""bid_quantity"":40,""ask_quantity"":80,""bid_orders"":1,""ask_orders"":1,""bid_price"":""481.05"",""ask_price"":""485.85""},{""bid_quantity"":80,""ask_quantity"":40,""bid_orders"":2,""ask_orders"":1,""bid_price"":""481.00"",""ask_price"":""485.90""},{""bid_quantity"":40,""ask_quantity"":20,""bid_orders"":1,""ask_orders"":1,""bid_price"":""480.95"",""ask_price"":""485.95""},{""bid_quantity"":140,""ask_quantity"":40,""bid_orders"":1,""ask_orders"":1,""bid_price"":""480.90"",""ask_price"":""486.05""}]"
09:15:26.550,1790826326550414654,1544069104348961,Full Data,8,886540,151.80,280,09:15:26,,,181.01,733460,70080,3407660,632060,"[{""bid_quantity"":280,""ask_quantity"":40,""bid_orders"":5,""ask_orders"":2,""bid_price"":""150.90"",""ask_price"":""151.55""},{""bid_quantity"":20,""ask_quantity"":40,""bid_orders"":1,""ask_orders"":2,""bid_price"":""150.85"",""ask_price"":""151.65""},{""bid_quantity"":320,""ask_quantity"":160,""bid_orders"":2,""ask_orders"":1,""bid_price"":""150.80"",""ask_price"":""151.90""},{""bid_quantity"":80,""ask_quantity"":20,""bid_orders"":1,""ask_orders"":1,""bid_price"":""150.75"",""ask_price"":""151.95""},{""bid_quantity"":100,""ask_quantity"":60,""bid_orders"":1,""ask_orders"":1,""bid_price"":""150.70"",""ask_price"":""152.15""}]"
09:15:26.648,1790826326648206107,1544069202140254,Full Data,8,886671,92.20,20,09:15:26,,,109.73,641040,45820,2899380,570580,"[{""bid_quantity"":60,""ask_quantity"":20,""bid_orders"":2,""ask_orders"":1,""bid_price"":""92.10"",""ask_price"":""92.45""},{""bid_quantity"":60,""ask_quantity"":40,""bid_orders"":2,""ask_orders"":1,""bid_price"":""92.05"",""ask_price"":""92.65""},{""bid_quantity"":80,""ask_quantity"":40,""bid_orders"":2,""ask_orders"":1,""bid_price"":""92.00"",""ask_price"":""92.70""},{""bid_quantity"":140,""ask_quantity"":160,""bid_orders"":1,""ask_orders"":1,""bid_price"":""91.95"",""ask_price"":""92.90""},{""bid_quantity"":20,""ask_quantity"":40,""bid_orders"":1,""ask_orders"":2,""bid_price"":""91.85"",""ask_price"":""92.95""}]"
09:15:26.658,1790826326658224450,1544069212158397,Full Data,8,886671,93.15,60,09:15:26,,,109.73,641220,45520,2899720,570580,"[{""bid_quantity"":80,""ask_quantity"":60,""bid_orders"":2,""ask_orders"":2,""bid_price"":""92.70"",""ask_price"":""93.20""},{""bid_quantity"":80,""ask_quantity"":400,""bid_orders"":1,""ask_orders"":2,""bid_price"":""92.65"",""ask_price"":""93.50""},{""bid_quantity"":60,""ask_quantity"":120,""bid_orders"":1,""ask_orders"":1,""bid_price"":""92.60"",""ask_price"":""93.55""},{""bid_quantity"":40,""ask_quantity"":100,""bid_orders"":2,""ask_orders"":1,""bid_price"":""92.55"",""ask_price"":""93.60""},{""bid_quantity"":80,""ask_quantity"":160,""bid_orders"":2,""ask_orders"":1,""bid_price"":""92.50"",""ask_price"":""93.90""}]"
09:15:26.862,1790826326862940734,1544069416875041,Full Data,8,887080,175.90,40,09:15:26,,,153.20,615700,40900,4920420,530840,"[{""bid_quantity"":80,""ask_quantity"":20,""bid_orders"":2,""ask_orders"":1,""bid_price"":""175.70"",""ask_price"":""176.05""},{""bid_quantity"":40,""ask_quantity"":140,""bid_orders"":1,""ask_orders"":1,""bid_price"":""175.65"",""ask_price"":""176.55""},{""bid_quantity"":40,""ask_quantity"":60,""bid_orders"":1,""ask_orders"":3,""bid_price"":""175.60"",""ask_price"":""176.60""},{""bid_quantity"":40,""ask_quantity"":100,""bid_orders"":1,""ask_orders"":1,""bid_price"":""175.50"",""ask_price"":""176.65""},{""bid_quantity"":140,""ask_quantity"":20,""bid_orders"":1,""ask_orders"":1,""bid_price"":""175.40"",""ask_price"":""176.75""}]"
09:15:27.076,1790826327076140671,1544069630075098,Full Data,8,887216,194.20,20,09:15:27,,,225.36,1111660,68840,4294820,716360,"[{""bid_quantity"":20,""ask_quantity"":180,""bid_orders"":1,""ask_orders"":4,""bid_price"":""194.20"",""ask_price"":""195.00""},{""bid_quantity"":40,""ask_quantity"":40,""bid_orders"":1,""ask_orders"":1,""bid_price"":""194.10"",""ask_price"":""195.05""},{""bid_quantity"":60,""ask_quantity"":100,""bid_orders"":2,""ask_orders"":3,""bid_price"":""194.05"",""ask_price"":""195.10""},{""bid_quantity"":140,""ask_quantity"":500,""bid_orders"":2,""ask_orders"":1,""bid_price"":""194.00"",""ask_price"":""195.20""},{""bid_quantity"":60,""ask_quantity"":120,""bid_orders"":1,""ask_orders"":2,""bid_price"":""193.90"",""ask_price"":""195.30""}]"
09:15:27.193,1790826327193997450,1544069747931837,Full Data,8,887306,217.10,20,09:15:27,,,200.44,644760,34580,5430920,240500,"[{""bid_quantity"":40,""ask_quantity"":20,""bid_orders"":1,""ask_orders"":1,""bid_price"":""216.05"",""ask_price"":""217.10""},{""bid_quantity"":400,""ask_quantity"":80,""bid_orders"":2,""ask_orders"":1,""bid_price"":""216.00"",""ask_price"":""217.30""},{""bid_quantity"":60,""ask_quantity"":60,""bid_orders"":2,""ask_orders"":1,""bid_price"":""215.95"",""ask_price"":""217.35""},{""bid_quantity"":80,""ask_quantity"":100,""bid_orders"":2,""ask_orders"":2,""bid_price"":""215.90"",""ask_price"":""217.45""},{""bid_quantity"":60,""ask_quantity"":40,""bid_orders"":2,""ask_orders"":2,""bid_price"":""215.85"",""ask_price"":""217.55""}]"
09:15:27.232,1790826327232140449,1544069786074476,Full Data,8,887306,215.90,20,09:15:27,,,200.48,646180,35080,5431920,240500,"[{""bid_quantity"":60,""ask_quantity"":40,""bid_orders"":1,""ask_orders"":1,""bid_price"":""215.20"",""ask_price"":""215.90""},{""bid_quantity"":240,""ask_quantity"":500,""bid_orders"":3,""ask_orders"":3,""bid_price"":""215.15"",""ask_price"":""216.05""},{""bid_quantity"":100,""ask_quantity"":260,""bid_orders"":3,""ask_orders"":3,""bid_price"":""215.10"",""ask_price"":""217.05""},{""bid_quantity"":100,""ask_quantity"":20,""bid_orders"":3,""ask_orders"":1,""bid_price"":""215.05"",""ask_price"":""217.45""},{""bid_quantity"":120,""ask_quantity"":100,""bid_orders"":3,""ask_orders"":1,""bid_price"":""215.00"",""ask_price"":""217.60""}]"
09:15:27.260,1790826327260086784,1544069814020771,Ticker Data,0,51,72314.47,,09:15:27,,,,,,,,
09:15:27.532,1790826327532524413,1544070086458840,Full Data,8,886961,466.15,20,09:15:27,,,426.58,38580,18840,3938560,36440,"[{""bid_quantity"":40,""ask_quantity"":160,""bid_orders"":1,""ask_orders"":2,""bid_price"":""462.90"",""ask_price"":""467.75""},{""bid_quantity"":40,""ask_quantity"":120,""bid_orders"":1,""ask_orders"":3,""bid_price"":""461.80"",""ask_price"":""467.90""},{""bid_quantity"":60,""ask_quantity"":20,""bid_orders"":2,""ask_orders"":1,""bid_price"":""461.70"",""ask_price"":""467.95""},{""bid_quantity"":200,""ask_quantity"":40,""bid_orders"":1,""ask_orders"":2,""bid_price"":""461.15"",""ask_price"":""468.15""},{""bid_quantity"":280,""ask_quantity"":40,""bid_orders"":1,""ask_orders"":1,""bid_price"":""460.05"",""ask_price"":""468.20""}]"
09:15:27.564,1790826327564898296,1544070118832523,Full Data,8,886540,154.60,20,09:15:27,,,179.97,761700,73200,3551320,632060,"[{""bid_quantity"":80,""ask_quantity"":40,""bid_orders"":1,""ask_orders"":1,""bid_price"":""154.55"",""ask_price"":""155.35""},{""bid_quantity"":20,""ask_quantity"":40,""bid_orders"":1,""ask_orders"":2,""bid_price"":""154.50"",""ask_price"":""155.40""},{""bid_quantity"":40,""ask_quantity"":20,""bid_orders"":1,""ask_orders"":1,""bid_price"":""154.45"",""ask_price"":""155.45""},{""bid_quantity"":60,""ask_quantity"":20,""bid_orders"":1,""ask_orders"":1,""bid_price"":""154.40"",""ask_price"":""155.65""},{""bid_quantity"":40,""ask_quantity"":160,""bid_orders"":2,""ask_orders"":1,""bid_price"":""154.35"",""ask_price"":""155.70""}]"
09:15:27.566,1790826327566539466,1544070120473773,Full Data,8,886461,134.15,60,09:15:27,,,122.40,1051580,89960,7314560,1682940,"[{""bid_quantity"":20,""ask_quantity"":160,""bid_orders"":1,""ask_orders"":1,""bid_price"":""133.50"",""ask_price"":""134.15""},{""bid_quantity"":80,""ask_quantity"":80,""bid_orders"":2,""ask_orders"":2,""bid_price"":""133.45"",""ask_price"":""134.20""},{""bid_quantity"":1760,""ask_quantity"":60,""bid_orders"":7,""ask_orders"":1,""bid_price"":""133.30"",""ask_price"":""134.30""},{""bid_quantity"":440,""ask_quantity"":160,""bid_orders"":13,""ask_orders"":1,""bid_price"":""133.25"",""ask_price"":""134.35""},{""bid_quantity"":100,""ask_quantity"":60,""bid_orders"":1,""ask_orders"":1,""bid_price"":""133.20"",""ask_price"":""134.40""}]"
09:15:27.606,1790826327606507517,1544070160441704,Full Data,8,887253,324.65,20,09:15:27,,,293.59,278820,23700,5720300,55040,"[{""bid_quantity"":20,""ask_quantity"":20,""bid_orders"":1,""ask_orders"":1,""bid_price"":""325.35"",""ask_price"":""326.70""},{""bid_quantity"":40,""ask_quantity"":40,""bid_orders"":2,""ask_orders"":1,""bid_price"":""325.20"",""ask_price"":""327.50""},{""bid_quantity"":40,""ask_quantity"":200,""bid_orders"":1,""ask_orders"":2,""bid_price"":""325.05"",""ask_price"":""327.60""},{""bid_quantity"":40,""ask_quantity"":20,""bid_orders"":1,""ask_orders"":1,""bid_price"":""324.95"",""ask_price"":""327.95""},{""bid_quantity"":160,""ask_quantity"":40,""bid_orders"":1,""ask_orders"":1,""bid_price"":""324.75"",""ask_price"":""328.40""}]"
09:15:27.609,1790826327609320814,1544070163254721,Full Data,8,886540,156.10,20,09:15:27,,,179.91,763460,72460,3577020,632060,"[{""bid_quantity"":40,""ask_quantity"":40,""bid_orders"":2,""ask_orders"":1,""bid_price"":""156.05"",""ask_price"":""156.70""},{""bid_quantity"":40,""ask_quantity"":20,""bid_orders"":2,""ask_orders"":1,""bid_price"":""156.00"",""ask_price"":""156.75""},{""bid_quantity"":120,""ask_quantity"":60,""bid_orders"":2,""ask_orders"":3,""bid_price"":""155.90"",""ask_price"":""156.80""},{""bid_quantity"":100,""ask_quantity"":20,""bid_orders"":2,""ask_orders"":1,""bid_price"":""155.85"",""ask_price"":""157.00""},{""bid_quantity"":20,""ask_quantity"":20,""bid_orders"":1,""ask_orders"":1,""bid_price"":""155.80"",""ask_price"":""157.20""}]"
09:15:27.625,1790826327625574196,1544070179508103,Full Data,8,886961,466.15,20,09:15:27,,,426.58,38580,19260,3938980,36440,"[{""bid_quantity"":40,""ask_quantity"":40,""bid_orders"":1,""ask_orders"":1,""bid_price"":""460.05"",""ask_price"":""467.00""},{""bid_quantity"":40,""ask_quantity"":60,""bid_orders"":2,""ask_orders"":3,""bid_price"":""459.95"",""ask_price"":""467.05""},{""bid_quantity"":60,""ask_quantity"":200,""bid_orders"":2,""ask_orders"":3,""bid_price"":""459.80"",""ask_price"":""467.15""},{""bid_quantity"":20,""ask_quantity"":200,""bid_orders"":1,""ask_orders"":4,""bid_price"":""459.75"",""ask_price"":""467.20""},{""bid_quantity"":120,""ask_quantity"":220,""bid_orders"":2,""ask_orders"":2,""bid_price"":""458.90"",""ask_price"":""467.25""}]"
09:15:27.625,1790826327625688437,1544070179622144,Full Data,8,886461,134.30,40,09:15:27,,,122.44,1055400,85400,7312420,1682940,"[{""bid_quantity"":20,""ask_quantity"":20,""bid_orders"":1,""ask_orders"":1,""bid_price"":""134.60"",""ask_price"":""135.05""},{""bid_quantity"":160,""ask_quantity"":20,""bid_orders"":1,""ask_orders"":1,""bid_price"":""134.50"",""ask_price"":""135.25""},{""bid_quantity"":100,""ask_quantity"":140,""bid_orders"":3,""ask_orders"":2,""bid_price"":""134.45"",""ask_price"":""135.30""},{""bid_quantity"":100,""ask_quantity"":100,""bid_orders"":3,""ask_orders"":1,""bid_price"":""134.35"",""ask_price"":""135.60""},{""bid_quantity"":20,""ask_quantity"":100,""bid_orders"":1,""ask_orders"":1,""bid_price"":""134.25"",""ask_price"":""136.00""}]"
09:15:27.658,1790826327658512843,1544070212446670,Full Data,8,886671,94.35,20,09:15:27,,,109.10,664920,46200,2903380,570580,"[{""bid_quantity"":40,""ask_quantity"":20,""bid_orders"":1,""ask_orders"":1,""bid_price"":""94.05"",""ask_price"":""94.15""},{""bid_quantity"":60,""ask_quantity"":40,""bid_orders"":2,""ask_orders"":1,""bid_price"":""93.95"",""ask_price"":""94.20""},{""bid_quantity"":240,""ask_quantity"":80,""bid_orders"":4,""ask_orders"":1,""bid_price"":""93.90"",""ask_price"":""94.25""},{""bid_quantity"":100,""ask_quantity"":40,""bid_orders"":4,""ask_orders"":1,""bid_price"":""93.80"",""ask_price"":""94.30""},{""bid_quantity"":20,""ask_quantity"":120,""bid_orders"":1,""ask_orders"":2,""bid_price"":""93.70"",""ask_price"":""94.35""}]"
09:15:27.662,1790826327662589509,1544070216523296,Full Data,8,886671,93.95,20,09:15:27,,,109.10,664940,46280,2903120,570580,"[{""bid_quantity"":120,""ask_quantity"":40,""bid_orders"":3,""ask_orders"":1,""bid_price"":""93.90"",""ask_price"":""94.00""},{""bid_quantity"":80,""ask_quantity"":40,""bid_orders"":3,""ask_orders"":1,""bid_price"":""93.80"",""ask_price"":""94.15""},{""bid_quantity"":60,""ask_quantity"":40,""bid_orders"":2,""ask_orders"":1,""bid_price"":""93.65"",""ask_price"":""94.20""},{""bid_quantity"":120,""ask_quantity"":100,""bid_orders"":1,""ask_orders"":2,""bid_price"":""93.60"",""ask_price"":""94.25""},{""bid_quantity"":80,""ask_quantity"":40,""bid_orders"":2,""ask_orders"":1,""bid_price"":""93.55"",""ask_price"":""94.30""}]"
09:15:27.663,1790826327663178352,1544070217112139,Full Data,8,886685,362.70,20,09:15:27,,,406.82,546460,82660,5362040,1793000,"[{""bid_quantity"":40,""ask_quantity"":160,""bid_orders"":2,""ask_orders"":1,""bid_price"":""362.60"",""ask_price"":""363.80""},{""bid_quantity"":120,""ask_quantity"":200,""bid_orders"":2,""ask_orders"":2,""bid_price"":""362.05"",""ask_price"":""363.85""},{""bid_quantity"":100,""ask_quantity"":160,""bid_orders"":1,""ask_orders"":1,""bid_price"":""362.00"",""ask_price"":""363.90""},{""bid_quantity"":40,""ask_quantity"":120,""bid_orders"":1,""ask_orders"":1,""bid_price"":""361.90"",""ask_price"":""363.95""},{""bid_quantity"":40,""ask_quantity"":60,""bid_orders"":1,""ask_orders"":2,""bid_price"":""361.65"",""ask_price"":""364.10""}]"
09:15:27.743,1790826327743598097,1544070297532004,Full Data,8,886620,247.35,180,09:15:27,,,271.91,732500,59680,4260420,731020,"[{""bid_quantity"":60,""ask_quantity"":280,""bid_orders"":1,""ask_orders"":3,""bid_price"":""246.80"",""ask_price"":""247.75""},{""bid_quantity"":40,""ask_quantity"":140,""bid_orders"":2,""ask_orders"":1,""bid_price"":""246.75"",""ask_price"":""247.80""},{""bid_quantity"":40,""ask_quantity"":40,""bid_orders"":1,""ask_orders"":1,""bid_price"":""246.70"",""ask_price"":""247.90""},{""bid_quantity"":80,""ask_quantity"":60,""bid_orders"":2,""ask_orders"":2,""bid_price"":""246.60"",""ask_price"":""247.95""},{""bid_quantity"":60,""ask_quantity"":40,""bid_orders"":1,""ask_orders"":2,""bid_price"":""246.50"",""ask_price"":""248.05""}]"
09:15:27.769,1790826327769585819,1544070323519927,Full Data,8,886620,246.95,40,09:15:27,,,271.91,732560,60720,4259360,731020,"[{""bid_quantity"":40,""ask_quantity"":80,""bid_orders"":1,""ask_orders"":2,""bid_price"":""245.10"",""ask_price"":""246.45""},{""bid_quantity"":80,""ask_quantity"":240,""bid_orders"":1,""ask_orders"":6,""bid_price"":""245.00"",""ask_price"":""246.50""},{""bid_quantity"":100,""ask_quantity"":20,""bid_orders"":1,""ask_orders"":1,""bid_price"":""244.80"",""ask_price"":""246.55""},{""bid_quantity"":160,""ask_quantity"":80,""bid_orders"":2,""ask_orders"":2,""bid_price"":""244.65"",""ask_price"":""246.60""},{""bid_quantity"":100,""ask_quantity"":200,""bid_orders"":1,""ask_orders"":1,""bid_price"":""244.55"",""ask_price"":""246.65""}]"
09:15:27.807,1790826327807674618,1544070361608965,Full Data,8,886589,390.25,20,09:15:27,,,348.95,376820,21140,6578880,194360,"[{""bid_quantity"":300,""ask_quantity"":60,""bid_orders"":6,""ask_orders"":3,""bid_price"":""389.30"",""ask_price"":""391.80""},{""bid_quantity"":140,""ask_quantity"":20,""bid_orders"":2,""ask_orders"":1,""bid_price"":""389.25"",""ask_price"":""391.85""},{""bid_quantity"":100,""ask_quantity"":80,""bid_orders"":1,""ask_orders"":2,""bid_price"":""389.20"",""ask_price"":""391.90""},{""bid_quantity"":40,""ask_quantity"":20,""bid_orders"":1,""ask_orders"":1,""bid_price"":""389.10"",""ask_price"":""391.95""},{""bid_quantity"":100,""ask_quantity"":700,""bid_orders"":2,""ask_orders"":3,""bid_price"":""389.05"",""ask_price"":""392.00""}]"
09:15:27.871,1790826327871011536,1544070424946003,Full Data,8,887080,167.70,20,09:15:27,,,153.87,639140,46300,4909360,530840,"[{""bid_quantity"":80,""ask_quantity"":120,""bid_orders"":1,""ask_orders"":1,""bid_price"":""167.65"",""ask_price"":""168.30""},{""bid_quantity"":120,""ask_quantity"":40,""bid_orders"":3,""ask_orders"":2,""bid_price"":""167.60"",""ask_price"":""168.35""},{""bid_quantity"":80,""ask_quantity"":20,""bid_orders"":1,""ask_orders"":1,""bid_price"":""167.55"",""ask_price"":""168.40""},{""bid_quantity"":20,""ask_quantity"":20,""bid_orders"":1,""ask_orders"":1,""bid_price"":""167.50"",""ask_price"":""168.45""},{""bid_quantity"":260,""ask_quantity"":40,""bid_orders"":3,""ask_orders"":2,""bid_price"":""167.40"",""ask_price"":""168.50""}]"
09:15:27.933,1790826327933192246,1544070487126313,Full Data,8,887080,167.45,80,09:15:27,,,153.89,640220,47980,4908600,530840,"[{""bid_quantity"":80,""ask_quantity"":40,""bid_orders"":1,""ask_orders"":1,""bid_price"":""166.60"",""ask_price"":""167.30""},{""bid_quantity"":20,""ask_quantity"":260,""bid_orders"":1,""ask_orders"":2,""bid_price"":""166.55"",""ask_price"":""167.35""},{""bid_quantity"":60,""ask_quantity"":320,""bid_orders"":1,""ask_orders"":2,""bid_price"":""166.50"",""ask_price"":""167.40""},{""bid_quantity"":120,""ask_quantity"":60,""bid_orders"":2,""ask_orders"":2,""bid_price"":""166.35"",""ask_price"":""167.45""},{""bid_quantity"":180,""ask_quantity"":40,""bid_orders"":2,""ask_orders"":1,""bid_price"":""166.20"",""ask_price"":""167.50""}]"
09:15:28.031,1790826328031910545,1544070585844692,Full Data,8,886790,122.00,60,09:15:28,,,141.05,1707100,143180,5448160,2100780,"[{""bid_quantity"":60,""ask_quantity"":120,""bid_orders"":2,""ask_orders"":1,""bid_price"":""121.80"",""ask_price"":""122.15""},{""bid_quantity"":40,""ask_quantity"":20,""bid_orders"":2,""ask_orders"":1,""bid_price"":""121.75"",""ask_price"":""122.20""},{""bid_quantity"":20,""ask_quantity"":80,""bid_orders"":1,""ask_orders"":2,""bid_price"":""121.70"",""ask_price"":""122.25""},{""bid_quantity"":40,""ask_quantity"":60,""bid_orders"":2,""ask_orders"":2,""bid_price"":""121.65"",""ask_price"":""122.30""},{""bid_quantity"":40,""ask_quantity"":40,""bid_orders"":2,""ask_orders"":2,""bid_price"":""121.60"",""ask_price"":""122.35""}]"
09:15:28.075,1790826328075059495,1544070628993602,Full Data,8,887216,195.60,80,09:15:28,,,224.38,1149860,64140,4402920,716360,"[{""bid_quantity"":80,""ask_quantity"":500,""bid_orders"":1,""ask_orders"":1,""bid_price"":""195.00"",""ask_price"":""195.90""},{""bid_quantity"":100,""ask_quantity"":80,""bid_orders"":2,""ask_orders"":1,""bid_price"":""194.95"",""ask_price"":""196.40""},{""bid_quantity"":60,""ask_quantity"":160,""bid_orders"":2,""ask_orders"":1,""bid_price"":""194.90"",""ask_price"":""196.60""},{""bid_quantity"":280,""ask_quantity"":100,""bid_orders"":3,""ask_orders"":1,""bid_price"":""194.85"",""ask_price"":""196.65""},{""bid_quantity"":220,""ask_quantity"":80,""bid_orders"":5,""ask_orders"":1,""bid_price"":""194.80"",""ask_price"":""196.70""}]"
09:15:28.134,1790826328134546788,1544070688480695,Full Data,8,887216,194.20,40,09:15:28,,,224.29,1153460,67840,4401660,716360,"[{""bid_quantity"":120,""ask_quantity"":180,""bid_orders"":2,""ask_orders"":2,""bid_price"":""193.90"",""ask_price"":""194.35""},{""bid_quantity"":120,""ask_quantity"":120,""bid_orders"":1,""ask_orders"":1,""bid_price"":""193.80"",""ask_price"":""194.40""},{""bid_quantity"":40,""ask_quantity"":20,""bid_orders"":1,""ask_orders"":1,""bid_price"":""193.70"",""ask_price"":""194.45""},{""bid_quantity"":40,""ask_quantity"":340,""bid_orders"":1,""ask_orders"":2,""bid_price"":""193.60"",""ask_price"":""194.50""},{""bid_quantity"":120,""ask_quantity"":20,""bid_orders"":1,""ask_orders"":1,""bid_price"":""193.50"",""ask_price"":""194.55""}]"
09:15:28.246,1790826328246571691,1544070800506158,Full Data,8,887306,215.60,100,09:15:28,,,201.11,675740,36900,5433940,240500,"[{""bid_quantity"":160,""ask_quantity"":60,""bid_orders"":1,""ask_orders"":1,""bid_price"":""215.40"",""ask_price"":""216.60""},{""bid_quantity"":40,""ask_quantity"":300,""bid_orders"":1,""ask_orders"":3,""bid_price"":""215.30"",""ask_price"":""216.65""},{""bid_quantity"":100,""ask_quantity"":60,""bid_orders"":1,""ask_orders"":1,""bid_price"":""215.25"",""ask_price"":""216.70""},{""bid_quantity"":40,""ask_quantity"":140,""bid_orders"":1,""ask_orders"":2,""bid_price"":""215.20"",""ask_price"":""216.75""},{""bid_quantity"":80,""ask_quantity"":60,""bid_orders"":2,""ask_orders"":1,""bid_price"":""215.15"",""ask_price"":""216.80""}]"
09:15:28.269,1790826328269225153,1544070823159180,Ticker Data,0,51,72308.38,,09:15:28,,,,,,,,
09:15:28.275,1790826328275438992,1544070829372899,Full Data,8,887279,294.35,40,09:15:28,,,342.96,450440,61600,4030020,793060,"[{""bid_quantity"":40,""ask_quantity"":40,""bid_orders"":2,""ask_orders"":2,""bid_price"":""292.95"",""ask_price"":""294.05""},{""bid_quantity"":60,""ask_quantity"":220,""bid_orders"":2,""ask_orders"":2,""bid_price"":""292.70"",""ask_price"":""294.20""},{""bid_quantity"":160,""ask_quantity"":500,""bid_orders"":1,""ask_orders"":1,""bid_price"":""292.65"",""ask_price"":""294.25""},{""bid_quantity"":60,""ask_quantity"":200,""bid_orders"":2,""ask_orders"":2,""bid_price"":""292.60"",""ask_price"":""294.50""},{""bid_quantity"":20,""ask_quantity"":100,""bid_orders"":1,""ask_orders"":1,""bid_price"":""292.55"",""ask_price"":""294.60""}]"
09:15:28.300,1790826328300380108,1544070854313975,Full Data,8,887306,215.75,20,09:15:28,,,201.16,677920,34240,5435380,240500,"[{""bid_quantity"":40,""ask_quantity"":60,""bid_orders"":2,""ask_orders"":2,""bid_price"":""215.75"",""ask_price"":""216.50""},{""bid_quantity"":100,""ask_quantity"":200,""bid_orders"":3,""ask_orders"":2,""bid_price"":""215.70"",""ask_price"":""216.70""},{""bid_quantity"":60,""ask_quantity"":100,""bid_orders"":2,""ask_orders"":2,""bid_price"":""215.65"",""ask_price"":""216.75""},{""bid_quantity"":180,""ask_quantity"":80,""bid_orders"":2,""ask_orders"":1,""bid_price"":""215.60"",""ask_price"":""216.95""},{""bid_quantity"":80,""ask_quantity"":540,""bid_orders"":2,""ask_orders"":3,""bid_price"":""215.55"",""ask_price"":""217.00""}]"
09:15:28.398,1790826328398514764,1544070952449151,Full Data,8,886659,271.65,100,09:15:28,,,247.85,813220,38800,6041900,138720,"[{""bid_quantity"":80,""ask_quantity"":320,""bid_orders"":1,""ask_orders"":1,""bid_price"":""270.70"",""ask_price"":""271.65""},{""bid_quantity"":20,""ask_quantity"":80,""bid_orders"":1,""ask_orders"":3,""bid_price"":""270.35"",""ask_price"":""271.70""},{""bid_quantity"":20,""ask_quantity"":80,""bid_orders"":1,""ask_orders"":2,""bid_price"":""270.20"",""ask_price"":""271.80""},{""bid_quantity"":140,""ask_quantity"":140,""bid_orders"":3,""ask_orders"":1,""bid_price"":""270.15"",""ask_price"":""271.90""},{""bid_quantity"":40,""ask_quantity"":40,""bid_orders"":1,""ask_orders"":1,""bid_price"":""270.10"",""ask_price"":""271.95""}]"
09:15:28.470,1790826328470782617,1544071024716844,Full Data,8,886659,268.20,20,09:15:28,,,247.94,816800,39640,6043720,138720,"[{""bid_quantity"":80,""ask_quantity"":100,""bid_orders"":1,""ask_orders"":2,""bid_price"":""267.50"",""ask_price"":""270.35""},{""bid_quantity"":80,""ask_quantity"":100,""bid_orders"":1,""ask_orders"":2,""bid_price"":""267.15"",""ask_price"":""270.40""},{""bid_quantity"":20,""ask_quantity"":240,""bid_orders"":1,""ask_orders"":6,""bid_price"":""267.00"",""ask_price"":""270.45""},{""bid_quantity"":80,""ask_quantity"":140,""bid_orders"":1,""ask_orders"":4,""bid_price"":""266.80"",""ask_price"":""270.50""},{""bid_quantity"":140,""ask_quantity"":300,""bid_orders"":1,""ask_orders"":3,""bid_price"":""266.65"",""ask_price"":""270.55""}]"
09:15:28.577,1790826328577221804,1544071131155791,Full Data,8,887253,326.25,20,09:15:28,,,294.54,287240,22620,5748400,55040,"[{""bid_quantity"":40,""ask_quantity"":80,""bid_orders"":1,""ask_orders"":2,""bid_price"":""326.35"",""ask_price"":""328.55""},{""bid_quantity"":80,""ask_quantity"":200,""bid_orders"":1,""ask_orders"":2,""bid_price"":""326.30"",""ask_price"":""328.60""},{""bid_quantity"":180,""ask_quantity"":80,""bid_orders"":2,""ask_orders"":1,""bid_price"":""326.25"",""ask_price"":""328.65""},{""bid_quantity"":80,""ask_quantity"":120,""bid_orders"":1,""ask_orders"":1,""bid_price"":""326.20"",""ask_price"":""328.75""},{""bid_quantity"":40,""ask_quantity"":40,""bid_orders"":1,""ask_orders"":1,""bid_price"":""326.15"",""ask_price"":""328.90""}]"
09:15:28.608,1790826328608229479,1544071162163866,Full Data,8,886540,153.00,20,09:15:28,,,179.32,780960,71560,3574080,632060,"[{""bid_quantity"":40,""ask_quantity"":160,""bid_orders"":1,""ask_orders"":1,""bid_price"":""152.40"",""ask_price"":""153.15""},{""bid_quantity"":20,""ask_quantity"":80,""bid_orders"":1,""ask_orders"":2,""bid_price"":""152.35"",""ask_price"":""153.20""},{""bid_quantity"":40,""ask_quantity"":40,""bid_orders"":1,""ask_orders"":2,""bid_price"":""152.30"",""ask_price"":""153.25""},{""bid_quantity"":400,""ask_quantity"":60,""bid_orders"":1,""ask_orders"":2,""bid_price"":""152.10"",""ask_price"":""153.50""},{""bid_quantity"":60,""ask_quantity"":120,""bid_orders"":1,""ask_orders"":1,""bid_price"":""151.95"",""ask_price"":""153.55""}]"
09:15:28.618,1790826328618287942,1544071172221929,Full Data,8,886961,464.40,20,09:15:28,,,427.42,39420,17040,3938600,36440,"[{""bid_quantity"":60,""ask_quantity"":120,""bid_orders"":1,""ask_orders"":2,""bid_price"":""464.35"",""ask_price"":""469.30""},{""bid_quantity"":60,""ask_quantity"":100,""bid_orders"":2,""ask_orders"":3,""bid_price"":""464.30"",""ask_price"":""471.45""},{""bid_quantity"":540,""ask_quantity"":200,""bid_orders"":5,""ask_orders"":1,""bid_price"":""464.20"",""ask_price"":""471.50""},{""bid_quantity"":160,""ask_quantity"":160,""bid_orders"":2,""ask_orders"":2,""bid_price"":""464.15"",""ask_price"":""472.20""},{""bid_quantity"":120,""ask_quantity"":60,""bid_orders"":3,""ask_orders"":1,""bid_price"":""464.10"",""ask_price"":""472.25""}]"
09:15:28.639,1790826328639432394,1544071193366301,Full Data,8,886461,135.00,20,09:15:28,,,122.80,1090280,87200,7497860,1682940,"[{""bid_quantity"":160,""ask_quantity"":260,""bid_orders"":1,""ask_orders"":3,""bid_price"":""134.85"",""ask_price"":""135.90""},{""bid_quantity"":160,""ask_quantity"":260,""bid_orders"":1,""ask_orders"":3,""bid_price"":""134.80"",""ask_price"":""135.95""},{""bid_quantity"":140,""ask_quantity"":40,""bid_orders"":2,""ask_orders"":1,""bid_price"":""134.75"",""ask_price"":""136.00""},{""bid_quantity"":20,""ask_quantity"":260,""bid_orders"":1,""ask_orders"":5,""bid_price"":""134.55"",""ask_price"":""136.05""},{""bid_quantity"":140,""ask_quantity"":40,""bid_orders"":2,""ask_orders"":1,""bid_price"":""134.50"",""ask_price"":""136.10""}]"
09:15:28.651,1790826328651124588,1544071205058495,Full Data,8,886540,153.80,20,09:15:28,,,179.25,782880,70280,3571840,632060,"[{""bid_quantity"":660,""ask_quantity"":160,""bid_orders"":2,""ask_orders"":1,""bid_price"":""152.60"",""ask_price"":""153.65""},{""bid_quantity"":20,""ask_quantity"":60,""bid_orders"":1,""ask_orders"":2,""bid_price"":""152.40"",""ask_price"":""153.70""},{""bid_quantity"":80,""ask_quantity"":200,""bid_orders"":1,""ask_orders"":1,""bid_price"":""152.25"",""ask_price"":""153.80""},{""bid_quantity"":120,""ask_quantity"":200,""bid_orders"":1,""ask_orders"":1,""bid_price"":""151.35"",""ask_price"":""153.85""},{""bid_quantity"":160,""ask_quantity"":200,""bid_orders"":1,""ask_orders"":1,""bid_price"":""151.30"",""ask_price"":""153.90""}]"
09:15:28.680,1790826328680942215,1544071234876162,Full Data,8,886961,466.35,60,09:15:28,,,427.48,39480,14980,3935440,36440,"[{""bid_quantity"":20,""ask_quantity"":160,""bid_orders"":1,""ask_orders"":3,""bid_price"":""466.15"",""ask_price"":""469.60""},{""bid_quantity"":20,""ask_quantity"":20,""bid_orders"":1,""ask_orders"":1,""bid_price"":""465.95"",""ask_price"":""469.65""},{""bid_quantity"":20,""ask_quantity"":20,""bid_orders"":1,""ask_orders"":1,""bid_price"":""465.90"",""ask_price"":""469.90""},{""bid_quantity"":20,""ask_quantity"":40,""bid_orders"":1,""ask_orders"":1,""bid_price"":""465.65"",""ask_price"":""470.05""},{""bid_quantity"":20,""ask_quantity"":100,""bid_orders"":1,""ask_orders"":1,""bid_price"":""462.35"",""ask_price"":""470.25""}]"
09:15:28.683,1790826328683144469,1544071237078256,Full Data,8,887253,326.05,20,09:15:28,,,294.61,287960,20520,5747620,55040,"[{""bid_quantity"":100,""ask_quantity"":60,""bid_orders"":3,""ask_orders"":2,""bid_price"":""327.20"",""ask_price"":""329.20""},{""bid_quantity"":80,""ask_quantity"":60,""bid_orders"":2,""ask_orders"":2,""bid_price"":""327.15"",""ask_price"":""329.45""},{""bid_quantity"":40,""ask_quantity"":120,""bid_orders"":1,""ask_orders"":2,""bid_price"":""327.05"",""ask_price"":""329.65""},{""bid_quantity"":60,""ask_quantity"":60,""bid_orders"":2,""ask_orders"":1,""bid_price"":""326.95"",""ask_price"":""329.70""},{""bid_quantity"":60,""ask_quantity"":20,""bid_orders"":2,""ask_orders"":1,""bid_price"":""326.85"",""ask_price"":""329.75""}]"
09:15:28.684,1790826328684481157,1544071238414984,Full Data,8,886461,134.85,40,09:15:28,,,122.82,1092080,86440,7498940,1682940,"[{""bid_quantity"":420,""ask_quantity"":20,""bid_orders"":4,""ask_orders"":1,""bid_price"":""134.85"",""ask_price"":""135.55""},{""bid_quantity"":20,""ask_quantity"":180,""bid_orders"":1,""ask_orders"":2,""bid_price"":""134.80"",""ask_price"":""135.70""},{""bid_quantity"":260,""ask_quantity"":180,""bid_orders"":4,""ask_orders"":2,""bid_price"":""134.70"",""ask_price"":""135.80""},{""bid_quantity"":60,""ask_quantity"":80,""bid_orders"":1,""ask_orders"":1,""bid_price"":""134.65"",""ask_price"":""135.85""},{""bid_quantity"":100,""ask_quantity"":40,""bid_orders"":3,""ask_orders"":1,""bid_price"":""134.60"",""ask_price"":""136.05""}]"
09:15:28.718,1790826328718049047,1544071271983074,Full Data,8,886671,92.10,40,09:15:28,,,108.24,701940,45180,2913760,570580,"[{""bid_quantity"":40,""ask_quantity"":20,""bid_orders"":1,""ask_orders"":1,""bid_price"":""91.80"",""ask_price"":""92.15""},{""bid_quantity"":20,""ask_quantity"":60,""bid_orders"":1,""ask_orders"":2,""bid_price"":""91.75"",""ask_price"":""92.20""},{""bid_quantity"":100,""ask_quantity"":40,""bid_orders"":2,""ask_orders"":2,""bid_price"":""91.65"",""ask_price"":""92.30""},{""bid_quantity"":20,""ask_quantity"":100,""bid_orders"":1,""ask_orders"":2,""bid_price"":""91.55"",""ask_price"":""92.40""},{""bid_quantity"":140,""ask_quantity"":40,""bid_orders"":2,""ask_orders"":1,""bid_price"":""91.50"",""ask_price"":""92.45""}]"
09:15:28.720,1790826328720576943,1544071274510770,Full Data,8,886671,91.90,20,09:15:28,,,108.23,702240,45380,2914220,570580,"[{""bid_quantity"":40,""ask_quantity"":80,""bid_orders"":1,""ask_orders"":1,""bid_price"":""91.95"",""ask_price"":""92.30""},{""bid_quantity"":60,""ask_quantity"":40,""bid_orders"":3,""ask_orders"":1,""bid_price"":""91.90"",""ask_price"":""92.35""},{""bid_quantity"":80,""ask_quantity"":120,""bid_orders"":1,""ask_orders"":3,""bid_price"":""91.85"",""ask_price"":""92.40""},{""bid_quantity"":20,""ask_quantity"":40,""bid_orders"":1,""ask_orders"":1,""bid_price"":""91.80"",""ask_price"":""92.45""},{""bid_quantity"":60,""ask_quantity"":560,""bid_orders"":2,""ask_orders"":2,""bid_price"":""91.75"",""ask_price"":""92.50""}]"
09:15:28.720,1790826328721002186,1544071274935933,Full Data,8,886685,360.15,20,09:15:28,,,406.03,555900,82480,5464800,1793000,"[{""bid_quantity"":80,""ask_quantity"":40,""bid_orders"":2,""ask_orders"":1,""bid_price"":""357.20"",""ask_price"":""359.20""},{""bid_quantity"":180,""ask_quantity"":140,""bid_orders"":2,""ask_orders"":2,""bid_price"":""357.00"",""ask_price"":""359.25""},{""bid_quantity"":40,""ask_quantity"":40,""bid_orders"":1,""ask_orders"":1,""bid_price"":""356.95"",""ask_price"":""359.30""},{""bid_quantity"":120,""ask_quantity"":40,""bid_orders"":1,""ask_orders"":1,""bid_price"":""356.80"",""ask_price"":""359.35""},{""bid_quantity"":40,""ask_quantity"":40,""bid_orders"":1,""ask_orders"":1,""bid_price"":""356.70"",""ask_price"":""359.40""}]"
09:15:28.788,1790826328788963332,1544071342897439,Full Data,8,886620,240.50,40,09:15:28,,,271.10,752840,61860,4333740,731020,"[{""bid_quantity"":120,""ask_quantity"":160,""bid_orders"":1,""ask_orders"":1,""bid_price"":""240.50"",""ask_price"":""241.55""},{""bid_quantity"":40,""ask_quantity"":20,""bid_orders"":1,""ask_orders"":1,""bid_price"":""240.45"",""ask_price"":""241.60""},{""bid_quantity"":60,""ask_quantity"":160,""bid_orders"":1,""ask_orders"":1,""bid_price"":""240.35"",""ask_price"":""241.70""},{""bid_quantity"":60,""ask_quantity"":60,""bid_orders"":1,""ask_orders"":2,""bid_price"":""240.25"",""ask_price"":""241.85""},{""bid_quantity"":140,""ask_quantity"":100,""bid_orders"":1,""ask_orders"":1,""bid_price"":""240.00"",""ask_price"":""242.00""}]"
09:15:28.869,1790826328869173395,1544071423107622,Full Data,8,886589,395.10,20,09:15:28,,,349.89,385340,22120,6658140,194360,"[{""bid_quantity"":20,""ask_quantity"":40,""bid_orders"":1,""ask_orders"":1,""bid_price"":""392.45"",""ask_price"":""394.75""},{""bid_quantity"":40,""ask_quantity"":60,""bid_orders"":1,""ask_orders"":1,""bid_price"":""392.25"",""ask_price"":""394.80""},{""bid_quantity"":40,""ask_quantity"":60,""bid_orders"":2,""ask_orders"":3,""bid_price"":""392.20"",""ask_price"":""395.20""},{""bid_quantity"":40,""ask_quantity"":160,""bid_orders"":1,""ask_orders"":2,""bid_price"":""392.10"",""ask_price"":""395.30""},{""bid_quantity"":40,""ask_quantity"":20,""bid_orders"":2,""ask_orders"":1,""bid_price"":""392.05"",""ask_price"":""395.35""}]"
09:15:28.954,1790826328954791412,1544071508725519,Full Data,8,886589,392.60,20,09:15:28,,,349.92,385580,21480,6660560,194360,"[{""bid_quantity"":160,""ask_quantity"":40,""bid_orders"":5,""ask_orders"":2,""bid_price"":""392.85"",""ask_price"":""395.30""},{""bid_quantity"":40,""ask_quantity"":20,""bid_orders"":2,""ask_orders"":1,""bid_price"":""392.80"",""ask_price"":""395.35""},{""bid_quantity"":100,""ask_quantity"":100,""bid_orders"":2,""ask_orders"":2,""bid_price"":""392.65"",""ask_price"":""395.40""},{""bid_quantity"":20,""ask_quantity"":100,""bid_orders"":1,""ask_orders"":1,""bid_price"":""392.45"",""ask_price"":""395.50""},{""bid_quantity"":20,""ask_quantity"":100,""bid_orders"":1,""ask_orders"":1,""bid_price"":""392.20"",""ask_price"":""395.75""}]"
09:15:28.955,1790826328955946379,1544071509880366,Full Data,8,887080,171.50,140,09:15:28,,,154.49,663760,45000,4913420,530840,"[{""bid_quantity"":20,""ask_quantity"":20,""bid_orders"":1,""ask_orders"":1,""bid_price"":""171.15"",""ask_price"":""171.50""},{""bid_quantity"":140,""ask_quantity"":40,""bid_orders"":1,""ask_orders"":2,""bid_price"":""171.00"",""ask_price"":""171.60""},{""bid_quantity"":60,""ask_quantity"":40,""bid_orders"":3,""ask_orders"":1,""bid_price"":""170.95"",""ask_price"":""171.70""},{""bid_quantity"":80,""ask_quantity"":160,""bid_orders"":3,""ask_orders"":2,""bid_price"":""170.80"",""ask_price"":""171.85""},{""bid_quantity"":40,""ask_quantity"":80,""bid_orders"":2,""ask_orders"":1,""bid_price"":""170.75"",""ask_price"":""172.05""}]"
09:15:29.016,1790826329016097357,1544071570031784,Full Data,8,887080,172.15,20,09:15:29,,,154.54,665820,45820,4909440,530840,"[{""bid_quantity"":20,""ask_quantity"":100,""bid_orders"":1,""ask_orders"":3,""bid_price"":""172.20"",""ask_price"":""172.70""},{""bid_quantity"":80,""ask_quantity"":60,""bid_orders"":1,""ask_orders"":2,""bid_price"":""172.15"",""ask_price"":""172.75""},{""bid_quantity"":100,""ask_quantity"":80,""bid_orders"":2,""ask_orders"":3,""bid_price"":""172.05"",""ask_price"":""172.80""},{""bid_quantity"":140,""ask_quantity"":220,""bid_orders"":2,""ask_orders"":3,""bid_price"":""172.00"",""ask_price"":""172.85""},{""bid_quantity"":100,""ask_quantity"":80,""bid_orders"":1,""ask_orders"":2,""bid_price"":""171.90"",""ask_price"":""172.90""}]"
09:15:29.044,1790826329044705696,1544071598639843,Full Data,8,886790,118.30,60,09:15:29,,,140.41,1760760,155560,5479160,2100780,"[{""bid_quantity"":40,""ask_quantity"":140,""bid_orders"":1,""ask_orders"":5,""bid_price"":""117.80"",""ask_price"":""118.20""},{""bid_quantity"":100,""ask_quantity"":40,""bid_orders"":3,""ask_orders"":1,""bid_price"":""117.75"",""ask_price"":""118.40""},{""bid_quantity"":40,""ask_quantity"":60,""bid_orders"":1,""ask_orders"":2,""bid_price"":""117.70"",""ask_price"":""118.45""},{""bid_quantity"":7220,""ask_quantity"":500,""bid_orders"":19,""ask_orders"":7,""bid_price"":""117.60"",""ask_price"":""118.50""},{""bid_quantity"":160,""ask_quantity"":1280,""bid_orders"":1,""ask_orders"":4,""bid_price"":""117.55"",""ask_price"":""118.55""}]"
09:15:29.064,1790826329064258459,1544071618192446,Full Data,8,886790,118.30,60,09:15:29,,,140.41,1760760,153720,5478080,2100780,"[{""bid_quantity"":20,""ask_quantity"":1020,""bid_orders"":1,""ask_orders"":2,""bid_price"":""117.80"",""ask_price"":""118.05""},{""bid_quantity"":180,""ask_quantity"":100,""bid_orders"":2,""ask_orders"":2,""bid_price"":""117.65"",""ask_price"":""118.15""},{""bid_quantity"":7460,""ask_quantity"":80,""bid_orders"":20,""ask_orders"":3,""bid_price"":""117.60"",""ask_price"":""118.20""},{""bid_quantity"":320,""ask_quantity"":40,""bid_orders"":2,""ask_orders"":1,""bid_price"":""117.55"",""ask_price"":""118.40""},{""bid_quantity"":120,""ask_quantity"":60,""bid_orders"":2,""ask_orders"":2,""bid_price"":""117.50"",""ask_price"":""118.45""}]"
09:15:29.161,1790826329161276507,1544071715210654,Full Data,8,887216,189.15,20,09:15:29,,,223.50,1182280,70760,4396880,716360,"[{""bid_quantity"":120,""ask_quantity"":80,""bid_orders"":3,""ask_orders"":2,""bid_price"":""188.25"",""ask_price"":""189.15""},{""bid_quantity"":440,""ask_quantity"":400,""bid_orders"":3,""ask_orders"":4,""bid_price"":""188.20"",""ask_price"":""189.20""},{""bid_quantity"":80,""ask_quantity"":100,""bid_orders"":2,""ask_orders"":4,""bid_price"":""188.15"",""ask_price"":""189.25""},{""bid_quantity"":340,""ask_quantity"":300,""bid_orders"":2,""ask_orders"":2,""bid_price"":""188.10"",""ask_price"":""189.30""},{""bid_quantity"":20,""ask_quantity"":360,""bid_orders"":1,""ask_orders"":2,""bid_price"":""188.05"",""ask_price"":""189.35""}]"
09:15:29.272,1790826329272902727,1544071826837074,Ticker Data,0,51,72303.17,,09:15:29,,,,,,,,
09:15:29.306,1790826329306010815,1544071859944842,Full Data,8,887306,217.00,140,09:15:29,,,201.69,701860,34780,5436000,240500,"[{""bid_quantity"":40,""ask_quantity"":40,""bid_orders"":2,""ask_orders"":1,""bid_price"":""216.65"",""ask_price"":""217.30""},{""bid_quantity"":100,""ask_quantity"":280,""bid_orders"":2,""ask_orders"":3,""bid_price"":""216.60"",""ask_price"":""217.35""},{""bid_quantity"":60,""ask_quantity"":40,""bid_orders"":2,""ask_orders"":1,""bid_price"":""216.40"",""ask_price"":""217.55""},{""bid_quantity"":240,""ask_quantity"":80,""bid_orders"":3,""ask_orders"":3,""bid_price"":""216.30"",""ask_price"":""217.60""},{""bid_quantity"":100,""ask_quantity"":40,""bid_orders"":1,""ask_orders"":1,""bid_price"":""216.15"",""ask_price"":""217.65""}]"
09:15:29.329,1790826329329807004,1544071883740991,Full Data,8,887306,216.80,80,09:15:29,,,201.72,703120,39580,5435920,240500,"[{""bid_quantity"":160,""ask_quantity"":120,""bid_orders"":2,""ask_orders"":4,""bid_price"":""216.75"",""ask_price"":""218.00""},{""bid_quantity"":80,""ask_quantity"":100,""bid_orders"":2,""ask_orders"":4,""bid_price"":""216.70"",""ask_price"":""218.05""},{""bid_quantity"":1140,""ask_quantity"":200,""bid_orders"":8,""ask_orders"":1,""bid_price"":""216.65"",""ask_price"":""218.10""},{""bid_quantity"":120,""ask_quantity"":160,""bid_orders"":3,""ask_orders"":1,""bid_price"":""216.60"",""ask_price"":""218.35""},{""bid_quantity"":20,""ask_quantity"":40,""bid_orders"":1,""ask_orders"":1,""bid_price"":""216.55"",""ask_price"":""218.40""}]"
09:15:29.475,1790826329475486518,1544072029420825,Full Data,8,886659,271.30,20,09:15:29,,,248.32,831780,37660,6041580,138720,"[{""bid_quantity"":40,""ask_quantity"":20,""bid_orders"":2,""ask_orders"":1,""bid_price"":""270.65"",""ask_price"":""271.30""},{""bid_quantity"":40,""ask_quantity"":140,""bid_orders"":1,""ask_orders"":1,""bid_price"":""270.50"",""ask_price"":""271.45""},{""bid_quantity"":120,""ask_quantity"":80,""bid_orders"":2,""ask_orders"":2,""bid_price"":""270.40"",""ask_price"":""271.50""},{""bid_quantity"":20,""ask_quantity"":40,""bid_orders"":1,""ask_orders"":1,""bid_price"":""270.35"",""ask_price"":""271.65""},{""bid_quantity"":100,""ask_quantity"":20,""bid_orders"":1,""ask_orders"":1,""bid_price"":""270.20"",""ask_price"":""271.70""}]"
09:15:29.558,1790826329558822840,1544072112756787,Full Data,8,886659,274.50,20,09:15:29,,,248.36,833040,40640,6040820,138720,"[{""bid_quantity"":140,""ask_quantity"":100,""bid_orders"":1,""ask_orders"":1,""bid_price"":""273.40"",""ask_price"":""274.50""},{""bid_quantity"":400,""ask_quantity"":60,""bid_orders"":4,""ask_orders"":2,""bid_price"":""273.30"",""ask_price"":""274.55""},{""bid_quantity"":40,""ask_quantity"":40,""bid_orders"":1,""ask_orders"":2,""bid_price"":""273.25"",""ask_price"":""274.65""},{""bid_quantity"":340,""ask_quantity"":220,""bid_orders"":2,""ask_orders"":2,""bid_price"":""273.20"",""ask_price"":""275.00""},{""bid_quantity"":20,""ask_quantity"":140,""bid_orders"":1,""ask_orders"":1,""bid_price"":""273.10"",""ask_price"":""275.05""}]"
09:15:29.634,1790826329634447234,1544072188381741,Full Data,8,886540,144.30,20,09:15:29,,,178.44,805360,72920,3569500,632060,"[{""bid_quantity"":200,""ask_quantity"":60,""bid_orders"":2,""ask_orders"":2,""bid_price"":""144.35"",""ask_price"":""144.85""},{""bid_quantity"":60,""ask_quantity"":20,""bid_orders"":1,""ask_orders"":1,""bid_price"":""144.30"",""ask_price"":""145.15""},{""bid_quantity"":60,""ask_quantity"":60,""bid_orders"":1,""ask_orders"":1,""bid_price"":""144.25"",""ask_price"":""145.40""},{""bid_quantity"":40,""ask_quantity"":80,""bid_orders"":1,""ask_orders"":2,""bid_price"":""144.00"",""ask_price"":""145.45""},{""bid_quantity"":340,""ask_quantity"":100,""bid_orders"":5,""ask_orders"":1,""bid_price"":""143.90"",""ask_price"":""145.50""}]"
09:15:29.678,1790826329678284549,1544072232218536,Full Data,8,886961,472.25,20,09:15:29,,,427.80,39780,14420,4016300,36440,"[{""bid_quantity"":40,""ask_quantity"":40,""bid_orders"":1,""ask_orders"":1,""bid_price"":""475.45"",""ask_price"":""479.35""},{""bid_quantity"":60,""ask_quantity"":40,""bid_orders"":1,""ask_orders"":1,""bid_price"":""475.40"",""ask_price"":""480.00""},{""bid_quantity"":60,""ask_quantity"":20,""bid_orders"":2,""ask_orders"":1,""bid_price"":""475.35"",""ask_price"":""480.05""},{""bid_quantity"":140,""ask_quantity"":20,""bid_orders"":1,""ask_orders"":1,""bid_price"":""475.30"",""ask_price"":""480.30""},{""bid_quantity"":40,""ask_quantity"":20,""bid_orders"":1,""ask_orders"":1,""bid_price"":""475.25"",""ask_price"":""480.55""}]"
09:15:29.694,1790826329694243689,1544072248177516,Full Data,8,886461,137.65,20,09:15:29,,,123.12,1118660,85060,7520620,1682940,"[{""bid_quantity"":100,""ask_quantity"":80,""bid_orders"":1,""ask_orders"":1,""bid_price"":""137.85"",""ask_price"":""138.35""},{""bid_quantity"":100,""ask_quantity"":20,""bid_orders"":1,""ask_orders"":1,""bid_price"":""137.75"",""ask_price"":""138.55""},{""bid_quantity"":40,""ask_quantity"":840,""bid_orders"":1,""ask_orders"":4,""bid_price"":""137.70"",""ask_price"":""138.60""},{""bid_quantity"":100,""ask_quantity"":280,""bid_orders"":3,""ask_orders"":3,""bid_price"":""137.65"",""ask_price"":""138.80""},{""bid_quantity"":80,""ask_quantity"":80,""bid_orders"":2,""ask_orders"":1,""bid_price"":""137.55"",""ask_price"":""138.85""}]"
09:15:29.704,1790826329704640275,1544072258574102,Full Data,8,887253,335.75,20,09:15:29,,,295.06,291500,20200,5765640,55040,"[{""bid_quantity"":60,""ask_quantity"":20,""bid_orders"":2,""ask_orders"":1,""bid_price"":""336.15"",""ask_price"":""337.70""},{""bid_quantity"":200,""ask_quantity"":80,""bid_orders"":1,""ask_orders"":1,""bid_price"":""336.10"",""ask_price"":""337.75""},{""bid_quantity"":20,""ask_quantity"":20,""bid_orders"":1,""ask_orders"":1,""bid_price"":""336.05"",""ask_price"":""337.90""},{""bid_quantity"":40,""ask_quantity"":40,""bid_orders"":1,""ask_orders"":1,""bid_price"":""335.95"",""ask_price"":""338.00""},{""bid_quantity"":40,""ask_quantity"":40,""bid_orders"":1,""ask_orders"":1,""bid_price"":""335.85"",""ask_price"":""338.35""}]"
09:15:29.725,1790826329725193484,1544072279127471,Full Data,8,886671,86.10,40,09:15:29,,,107.75,720360,49060,2931180,570580,"[{""bid_quantity"":80,""ask_quantity"":220,""bid_orders"":1,""ask_orders"":4,""bid_price"":""86.00"",""ask_price"":""86.40""},{""bid_quantity"":120,""ask_quantity"":100,""bid_orders"":3,""ask_orders"":3,""bid_price"":""85.95"",""ask_price"":""86.45""},{""bid_quantity"":60,""ask_quantity"":60,""bid_orders"":1,""ask_orders"":2,""bid_price"":""85.90"",""ask_price"":""86.50""},{""bid_quantity"":120,""ask_quantity"":260,""bid_orders"":3,""ask_orders"":2,""bid_price"":""85.85"",""ask_price"":""86.55""},{""bid_quantity"":120,""ask_quantity"":200,""bid_orders"":2,""ask_orders"":4,""bid_price"":""85.80"",""ask_price"":""86.60""}]"
09:15:29.741,1790826329741104023,1544072295038370,Full Data,8,886671,86.10,40,09:15:29,,,107.75,720360,48620,2931000,570580,"[{""bid_quantity"":120,""ask_quantity"":140,""bid_orders"":2,""ask_orders"":3,""bid_price"":""86.00"",""ask_price"":""86.40""},{""bid_quantity"":120,""ask_quantity"":40,""bid_orders"":3,""ask_orders"":2,""bid_price"":""85.95"",""ask_price"":""86.45""},{""bid_quantity"":80,""ask_quantity"":60,""bid_orders"":2,""ask_orders"":2,""bid_price"":""85.90"",""ask_price"":""86.50""},{""bid_quantity"":120,""ask_quantity"":260,""bid_orders"":3,""ask_orders"":2,""bid_price"":""85.85"",""ask_price"":""86.55""},{""bid_quantity"":280,""ask_quantity"":20,""bid_orders"":3,""ask_orders"":1,""bid_price"":""85.80"",""ask_price"":""86.60""}]"
09:15:29.741,1790826329741637827,1544072295571574,Full Data,8,886685,345.10,20,09:15:29,,,405.15,565220,62480,5499040,1793000,"[{""bid_quantity"":60,""ask_quantity"":780,""bid_orders"":1,""ask_orders"":3,""bid_price"":""343.55"",""ask_price"":""345.10""},{""bid_quantity"":60,""ask_quantity"":60,""bid_orders"":1,""ask_orders"":1,""bid_price"":""343.40"",""ask_price"":""345.15""},{""bid_quantity"":20,""ask_quantity"":100,""bid_orders"":1,""ask_orders"":1,""bid_price"":""343.30"",""ask_price"":""345.20""},{""bid_quantity"":140,""ask_quantity"":80,""bid_orders"":2,""ask_orders"":1,""bid_price"":""343.25"",""ask_price"":""345.25""},{""bid_quantity"":40,""ask_quantity"":20,""bid_orders"":1,""ask_orders"":1,""bid_price"":""343.20"",""ask_price"":""345.50""}]"
09:15:29.756,1790826329756295879,1544072310229906,Full Data,8,886540,145.20,20,09:15:29,,,178.36,807180,71580,3570120,632060,"[{""bid_quantity"":100,""ask_quantity"":40,""bid_orders"":1,""ask_orders"":2,""bid_price"":""144.90"",""ask_price"":""145.20""},{""bid_quantity"":200,""ask_quantity"":60,""bid_orders"":2,""ask_orders"":1,""bid_price"":""144.85"",""ask_price"":""145.85""},{""bid_quantity"":60,""ask_quantity"":220,""bid_orders"":2,""ask_orders"":2,""bid_price"":""144.80"",""ask_price"":""146.05""},{""bid_quantity"":420,""ask_quantity"":100,""bid_orders"":4,""ask_orders"":1,""bid_price"":""144.70"",""ask_price"":""146.10""},{""bid_quantity"":60,""ask_quantity"":260,""bid_orders"":2,""ask_orders"":2,""bid_price"":""144.65"",""ask_price"":""146.20""}]"
09:15:29.785,1790826329785722143,1544072339656050,Full Data,8,886961,472.25,20,09:15:29,,,427.80,39780,14400,4016740,36440,"[{""bid_quantity"":100,""ask_quantity"":40,""bid_orders"":1,""ask_orders"":1,""bid_price"":""475.25"",""ask_price"":""479.50""},{""bid_quantity"":80,""ask_quantity"":220,""bid_orders"":2,""ask_orders"":2,""bid_price"":""475.20"",""ask_price"":""479.55""},{""bid_quantity"":180,""ask_quantity"":40,""bid_orders"":3,""ask_orders"":1,""bid_price"":""475.10"",""ask_price"":""479.65""},{""bid_quantity"":40,""ask_quantity"":40,""bid_orders"":2,""ask_orders"":1,""bid_price"":""475.05"",""ask_price"":""479.75""},{""bid_quantity"":40,""ask_quantity"":20,""bid_orders"":1,""ask_orders"":1,""bid_price"":""475.00"",""ask_price"":""480.05""}]"
09:15:29.786,1790826329786290427,1544072340224294,Full Data,8,886461,137.85,20,09:15:29,,,123.14,1120700,90100,7533060,1682940,"[{""bid_quantity"":100,""ask_quantity"":420,""bid_orders"":4,""ask_orders"":1,""bid_price"":""137.60"",""ask_price"":""137.85""},{""bid_quantity"":440,""ask_quantity"":80,""bid_orders"":4,""ask_orders"":1,""bid_price"":""137.45"",""ask_price"":""138.50""},{""bid_quantity"":60,""ask_quantity"":180,""bid_orders"":3,""ask_orders"":3,""bid_price"":""137.40"",""ask_price"":""138.55""},{""bid_quantity"":140,""ask_quantity"":800,""bid_orders"":5,""ask_orders"":5,""bid_price"":""137.20"",""ask_price"":""138.60""},{""bid_quantity"":80,""ask_quantity"":40,""bid_orders"":2,""ask_orders"":1,""bid_price"":""137.15"",""ask_price"":""138.70""}]"
09:15:29.797,1790826329797671938,1544072351605765,Full Data,8,887253,339.60,20,09:15:29,,,295.08,291680,22640,5767760,55040,"[{""bid_quantity"":120,""ask_quantity"":240,""bid_orders"":2,""ask_orders"":2,""bid_price"":""337.30"",""ask_price"":""339.25""},{""bid_quantity"":80,""ask_quantity"":140,""bid_orders"":1,""ask_orders"":2,""bid_price"":""337.10"",""ask_price"":""339.30""},{""bid_quantity"":20,""ask_quantity"":440,""bid_orders"":1,""ask_orders"":3,""bid_price"":""337.00"",""ask_price"":""339.35""},{""bid_quantity"":80,""ask_quantity"":120,""bid_orders"":1,""ask_orders"":3,""bid_price"":""336.85"",""ask_price"":""339.60""},{""bid_quantity"":220,""ask_quantity"":80,""bid_orders"":2,""ask_orders"":2,""bid_price"":""336.80"",""ask_price"":""339.70""}]"
09:15:29.825,1790826329825663634,1544072379597821,Full Data,8,886620,227.75,80,09:15:29,,,269.82,780200,69140,4325740,731020,"[{""bid_quantity"":380,""ask_quantity"":40,""bid_orders"":4,""ask_orders"":2,""bid_price"":""226.65"",""ask_price"":""227.90""},{""bid_quantity"":380,""ask_quantity"":120,""bid_orders"":3,""ask_orders"":2,""bid_price"":""226.60"",""ask_price"":""228.15""},{""bid_quantity"":60,""ask_quantity"":40,""bid_orders"":2,""ask_orders"":2,""bid_price"":""226.55"",""ask_price"":""228.20""},{""bid_quantity"":80,""ask_quantity"":220,""bid_orders"":2,""ask_orders"":3,""bid_price"":""226.40"",""ask_price"":""228.30""},{""bid_quantity"":100,""ask_quantity"":40,""bid_orders"":2,""ask_orders"":1,""bid_price"":""226.30"",""ask_price"":""228.35""}]"
09:15:29.845,1790826329845115076,1544072399049303,Full Data,8,886620,227.10,40,09:15:29,,,269.78,780860,66980,4325540,731020,"[{""bid_quantity"":20,""ask_quantity"":460,""bid_orders"":1,""ask_orders"":7,""bid_price"":""227.10"",""ask_price"":""228.20""},{""bid_quantity"":100,""ask_quantity"":60,""bid_orders"":2,""ask_orders"":2,""bid_price"":""226.60"",""ask_price"":""228.25""},{""bid_quantity"":60,""ask_quantity"":60,""bid_orders"":2,""ask_orders"":2,""bid_price"":""226.55"",""ask_price"":""228.30""},{""bid_quantity"":20,""ask_quantity"":80,""bid_orders"":1,""ask_orders"":1,""bid_price"":""226.45"",""ask_price"":""228.35""},{""bid_quantity"":80,""ask_quantity"":40,""bid_orders"":2,""ask_orders"":2,""bid_price"":""226.40"",""ask_price"":""228.40""}]"
09:15:29.935,1790826329935483722,1544072489417709,Full Data,8,886589,398.55,60,09:15:29,,,351.30,396600,21960,6739380,194360,"[{""bid_quantity"":40,""ask_quantity"":160,""bid_orders"":2,""ask_orders"":3,""bid_price"":""396.35"",""ask_price"":""398.45""},{""bid_quantity"":40,""ask_quantity"":100,""bid_orders"":2,""ask_orders"":4,""bid_price"":""395.90"",""ask_price"":""398.50""},{""bid_quantity"":40,""ask_quantity"":260,""bid_orders"":2,""ask_orders"":3,""bid_price"":""395.55"",""ask_price"":""398.55""},{""bid_quantity"":100,""ask_quantity"":220,""bid_orders"":1,""ask_orders"":1,""bid_price"":""395.50"",""ask_price"":""399.00""},{""bid_quantity"":100,""ask_quantity"":80,""bid_orders"":1,""ask_orders"":1,""bid_price"":""395.25"",""ask_price"":""399.05""}]"
09:15:29.999,1790826329999166482,1544072553100629,Full Data,8,886589,396.20,60,09:15:29,,,351.32,396760,22240,6736540,194360,"[{""bid_quantity"":20,""ask_quantity"":80,""bid_orders"":1,""ask_orders"":1,""bid_price"":""394.05"",""ask_price"":""396.20""},{""bid_quantity"":80,""ask_quantity"":40,""bid_orders"":1,""ask_orders"":1,""bid_price"":""394.00"",""ask_price"":""396.25""},{""bid_quantity"":40,""ask_quantity"":500,""bid_orders"":2,""ask_orders"":1,""bid_price"":""393.95"",""ask_price"":""396.55""},{""bid_quantity"":80,""ask_quantity"":520,""bid_orders"":1,""ask_orders"":2,""bid_price"":""393.85"",""ask_price"":""396.90""},{""bid_quantity"":20,""ask_quantity"":160,""bid_orders"":1,""ask_orders"":2,""bid_price"":""393.80"",""ask_price"":""396.95""}]"
09:15:30.026,1790826330026875536,1544072580809563,Full Data,8,887080,170.80,20,09:15:30,,,155.20,690260,43200,4903080,530840,"[{""bid_quantity"":100,""ask_quantity"":160,""bid_orders"":2,""ask_orders"":2,""bid_price"":""170.25"",""ask_price"":""171.40""},{""bid_quantity"":60,""ask_quantity"":20,""bid_orders"":1,""ask_orders"":1,""bid_price"":""170.20"",""ask_price"":""171.45""},{""bid_quantity"":80,""ask_quantity"":200,""bid_orders"":1,""ask_orders"":1,""bid_price"":""169.65"",""ask_price"":""171.50""},{""bid_quantity"":280,""ask_quantity"":80,""bid_orders"":7,""ask_orders"":1,""bid_price"":""169.60"",""ask_price"":""171.85""},{""bid_quantity"":260,""ask_quantity"":120,""bid_orders"":3,""ask_orders"":1,""bid_price"":""169.55"",""ask_price"":""171.90""}]"
09:15:30.048,1790826330048963754,1544072602897861,Full Data,8,886790,115.40,20,09:15:30,,,139.44,1831460,157860,5478800,2100780,"[{""bid_quantity"":80,""ask_quantity"":20,""bid_orders"":2,""ask_orders"":1,""bid_price"":""115.05"",""ask_price"":""115.45""},{""bid_quantity"":80,""ask_quantity"":40,""bid_orders"":3,""ask_orders"":2,""bid_price"":""115.00"",""ask_price"":""115.55""},{""bid_quantity"":60,""ask_quantity"":520,""bid_orders"":3,""ask_orders"":2,""bid_price"":""114.95"",""ask_price"":""115.60""},{""bid_quantity"":100,""ask_quantity"":20,""bid_orders"":4,""ask_orders"":1,""bid_price"":""114.90"",""ask_price"":""115.65""},{""bid_quantity"":60,""ask_quantity"":60,""bid_orders"":3,""ask_orders"":2,""bid_price"":""114.85"",""ask_price"":""115.80""}]"
09:15:30.062,1790826330062401758,1544072616335665,Full Data,8,886790,115.60,120,09:15:30,,,139.44,1831620,158320,5479780,2100780,"[{""bid_quantity"":80,""ask_quantity"":500,""bid_orders"":3,""ask_orders"":6,""bid_price"":""115.20"",""ask_price"":""115.70""},{""bid_quantity"":160,""ask_quantity"":20,""bid_orders"":5,""ask_orders"":1,""bid_price"":""115.15"",""ask_price"":""115.75""},{""bid_quantity"":120,""ask_quantity"":160,""bid_orders"":4,""ask_orders"":4,""bid_price"":""115.10"",""ask_price"":""115.85""},{""bid_quantity"":140,""ask_quantity"":120,""bid_orders"":5,""ask_orders"":2,""bid_price"":""115.05"",""ask_price"":""115.90""},{""bid_quantity"":100,""ask_quantity"":100,""bid_orders"":4,""ask_orders"":4,""bid_price"":""115.00"",""ask_price"":""115.95""}]"
09:15:30.088,1790826330088921725,1544072642855872,Full Data,8,887080,171.60,60,09:15:30,,,155.28,694040,42400,4904700,530840,"[{""bid_quantity"":100,""ask_quantity"":40,""bid_orders"":1,""ask_orders"":1,""bid_price"":""171.75"",""ask_price"":""172.30""},{""bid_quantity"":40,""ask_quantity"":20,""bid_orders"":1,""ask_orders"":1,""bid_price"":""171.70"",""ask_price"":""172.35""},{""bid_quantity"":120,""ask_quantity"":20,""bid_orders"":2,""ask_orders"":1,""bid_price"":""171.15"",""ask_price"":""172.45""},{""bid_quantity"":20,""ask_quantity"":260,""bid_orders"":1,""ask_orders"":4,""bid_price"":""171.10"",""ask_price"":""172.55""},{""bid_quantity"":160,""ask_quantity"":100,""bid_orders"":5,""ask_orders"":1,""bid_price"":""171.05"",""ask_price"":""172.65""}]"
09:15:30.196,1790826330196327158,1544072750261305,Full Data,8,887216,186.50,40,09:15:30,,,222.37,1219760,69320,4394240,716360,"[{""bid_quantity"":60,""ask_quantity"":40,""bid_orders"":2,""ask_orders"":1,""bid_price"":""186.40"",""ask_price"":""187.80""},{""bid_quantity"":160,""ask_quantity"":180,""bid_orders"":2,""ask_orders"":2,""bid_price"":""186.35"",""ask_price"":""187.85""},{""bid_quantity"":40,""ask_quantity"":20,""bid_orders"":1,""ask_orders"":1,""bid_price"":""186.25"",""ask_price"":""188.00""},{""bid_quantity"":60,""ask_quantity"":20,""bid_orders"":2,""ask_orders"":1,""bid_price"":""186.05"",""ask_price"":""188.30""},{""bid_quantity"":180,""ask_quantity"":40,""bid_orders"":2,""ask_orders"":2,""bid_price"":""185.90"",""ask_price"":""188.35""}]"
09:15:30.247,1790826330247243998,1544072801178345,Full Data,8,887216,187.65,40,09:15:30,,,222.34,1221020,67480,4393280,716360,"[{""bid_quantity"":160,""ask_quantity"":40,""bid_orders"":1,""ask_orders"":1,""bid_price"":""187.45"",""ask_price"":""187.65""},{""bid_quantity"":140,""ask_quantity"":160,""bid_orders"":2,""ask_orders"":1,""bid_price"":""187.40"",""ask_price"":""187.70""},{""bid_quantity"":340,""ask_quantity"":20,""bid_orders"":2,""ask_orders"":1,""bid_price"":""187.30"",""ask_price"":""187.90""},{""bid_quantity"":120,""ask_quantity"":20,""bid_orders"":3,""ask_orders"":1,""bid_price"":""187.25"",""ask_price"":""188.00""},{""bid_quantity"":320,""ask_quantity"":80,""bid_orders"":1,""ask_orders"":2,""bid_price"":""187.20"",""ask_price"":""188.30""}]"
09:15:30.269,1790826330269878060,1544072823812047,Ticker Data,0,51,72297.82,,09:15:30,,,,,,,,
09:15:30.299,1790826330299374524,1544072853308391,Full Data,8,887279,289.45,20,09:15:30,,,341.10,466620,59580,4100360,793060,"[{""bid_quantity"":80,""ask_quantity"":40,""bid_orders"":2,""ask_orders"":2,""bid_price"":""289.30"",""ask_price"":""290.25""},{""bid_quantity"":40,""ask_quantity"":40,""bid_orders"":2,""ask_orders"":2,""bid_price"":""289.20"",""ask_price"":""290.35""},{""bid_quantity"":80,""ask_quantity"":160,""bid_orders"":1,""ask_orders"":2,""bid_price"":""289.10"",""ask_price"":""290.45""},{""bid_quantity"":40,""ask_quantity"":40,""bid_orders"":2,""ask_orders"":2,""bid_price"":""289.05"",""ask_price"":""290.50""},{""bid_quantity"":60,""ask_quantity"":60,""bid_orders"":3,""ask_orders"":2,""bid_price"":""289.00"",""ask_price"":""290.60""}]"
09:15:30.335,1790826330335398470,1544072889332657,Full Data,8,887306,212.05,100,09:15:30,,,202.38,734600,36260,5445280,240500,"[{""bid_quantity"":60,""ask_quantity"":20,""bid_orders"":1,""ask_orders"":1,""bid_price"":""211.60"",""ask_price"":""212.05""},{""bid_quantity"":20,""ask_quantity"":60,""bid_orders"":1,""ask_orders"":1,""bid_price"":""211.45"",""ask_price"":""212.15""},{""bid_quantity"":120,""ask_quantity"":80,""bid_orders"":4,""ask_orders"":2,""bid_price"":""211.05"",""ask_price"":""212.20""},{""bid_quantity"":120,""ask_quantity"":60,""bid_orders"":3,""ask_orders"":2,""bid_price"":""211.00"",""ask_price"":""212.25""},{""bid_quantity"":80,""ask_quantity"":80,""bid_orders"":1,""ask_orders"":2,""bid_price"":""210.95"",""ask_price"":""212.30""}]"
09:15:30.368,1790826330368761480,1544072922695427,Full Data,8,887306,210.55,40,09:15:30,,,202.40,736000,37000,5446520,240500,"[{""bid_quantity"":80,""ask_quantity"":160,""bid_orders"":3,""ask_orders"":1,""bid_price"":""210.55"",""ask_price"":""211.05""},{""bid_quantity"":60,""ask_quantity"":160,""bid_orders"":2,""ask_orders"":2,""bid_price"":""210.30"",""ask_price"":""211.10""},{""bid_quantity"":1340,""ask_quantity"":160,""bid_orders"":12,""ask_orders"":1,""bid_price"":""210.20"",""ask_price"":""211.15""},{""bid_quantity"":80,""ask_quantity"":40,""bid_orders"":3,""ask_orders"":1,""bid_price"":""210.05"",""ask_price"":""211.20""},{""bid_quantity"":3380,""ask_quantity"":20,""bid_orders"":20,""ask_orders"":1,""bid_price"":""210.00"",""ask_price"":""211.25""}]"
09:15:30.582,1790826330582683621,1544073136618048,Full Data,8,886659,264.05,40,09:15:30,,,248.84,852220,37640,6050360,138720,"[{""bid_quantity"":320,""ask_quantity"":80,""bid_orders"":1,""ask_orders"":2,""bid_price"":""262.85"",""ask_price"":""263.95""},{""bid_quantity"":520,""ask_quantity"":160,""bid_orders"":2,""ask_orders"":2,""bid_price"":""262.75"",""ask_price"":""264.00""},{""bid_quantity"":60,""ask_quantity"":160,""bid_orders"":2,""ask_orders"":1,""bid_price"":""262.70"",""ask_price"":""264.05""},{""bid_quantity"":40,""ask_quantity"":60,""bid_orders"":2,""ask_orders"":2,""bid_price"":""262.65"",""ask_price"":""264.10""},{""bid_quantity"":40,""ask_quantity"":20,""bid_orders"":2,""ask_orders"":1,""bid_price"":""262.60"",""ask_price"":""264.35""}]"
09:15:30.651,1790826330651582373,1544073205516640,Full Data,8,886659,261.65,40,09:15:30,,,248.86,853640,41400,6049720,138720,"[{""bid_quantity"":120,""ask_quantity"":80,""bid_orders"":2,""ask_orders"":1,""bid_price"":""260.55"",""ask_price"":""260.80""},{""bid_quantity"":20,""ask_quantity"":60,""bid_orders"":1,""ask_orders"":2,""bid_price"":""260.50"",""ask_price"":""261.20""},{""bid_quantity"":20,""ask_quantity"":60,""bid_orders"":1,""ask_orders"":1,""bid_price"":""260.40"",""ask_price"":""261.30""},{""bid_quantity"":120,""ask_quantity"":40,""bid_orders"":2,""ask_orders"":1,""bid_price"":""260.35"",""ask_price"":""261.35""},{""bid_quantity"":20,""ask_quantity"":120,""bid_orders"":1,""ask_orders"":3,""bid_price"":""260.30"",""ask_price"":""261.45""}]"
09:15:30.688,1790826330688739046,1544073242673313,Full Data,8,886671,87.95,60,09:15:30,,,106.99,748880,53160,2975260,570580,"[{""bid_quantity"":40,""ask_quantity"":160,""bid_orders"":2,""ask_orders"":6,""bid_price"":""88.05"",""ask_price"":""88.40""},{""bid_quantity"":20,""ask_quantity"":160,""bid_orders"":1,""ask_orders"":5,""bid_price"":""88.00"",""ask_price"":""88.45""},{""bid_quantity"":80,""ask_quantity"":100,""bid_orders"":3,""ask_orders"":2,""bid_price"":""87.95"",""ask_price"":""88.50""},{""bid_quantity"":80,""ask_quantity"":20,""bid_orders"":3,""ask_orders"":1,""bid_price"":""87.90"",""ask_price"":""88.55""},{""bid_quantity"":100,""ask_quantity"":20,""bid_orders"":3,""ask_orders"":1,""bid_price"":""87.85"",""ask_price"":""88.60""}]"
09:15:30.690,1790826330690015094,1544073243949001,Full Data,8,886685,355.00,20,09:15:30,,,404.01,577100,64640,5499760,1793000,"[{""bid_quantity"":120,""ask_quantity"":160,""bid_orders"":3,""ask_orders"":1,""bid_price"":""354.85"",""ask_price"":""356.35""},{""bid_quantity"":100,""ask_quantity"":140,""bid_orders"":1,""ask_orders"":1,""bid_price"":""354.75"",""ask_price"":""356.40""},{""bid_quantity"":80,""ask_quantity"":120,""bid_orders"":1,""ask_orders"":2,""bid_price"":""354.55"",""ask_price"":""356.50""},{""bid_quantity"":140,""ask_quantity"":80,""bid_orders"":2,""ask_orders"":4,""bid_price"":""354.50"",""ask_price"":""356.60""},{""bid_quantity"":180,""ask_quantity"":580,""bid_orders"":2,""ask_orders"":2,""bid_price"":""354.45"",""ask_price"":""356.70""}]"
09:15:30.713,1790826330713958125,1544073267892312,Full Data,8,886540,148.25,40,09:15:30,,,177.50,830300,76020,3566680,632060,"[{""bid_quantity"":160,""ask_quantity"":60,""bid_orders"":2,""ask_orders"":2,""bid_price"":""148.20"",""ask_price"":""148.70""},{""bid_quantity"":280,""ask_quantity"":40,""bid_orders"":3,""ask_orders"":2,""bid_price"":""148.00"",""ask_price"":""148.90""},{""bid_quantity"":360,""ask_quantity"":60,""bid_orders"":6,""ask_orders"":3,""bid_price"":""147.90"",""ask_price"":""148.95""},{""bid_quantity"":20,""ask_quantity"":20,""bid_orders"":1,""ask_orders"":1,""bid_price"":""147.85"",""ask_price"":""149.00""},{""bid_quantity"":120,""ask_quantity"":40,""bid_orders"":2,""ask_orders"":2,""bid_price"":""147.80"",""ask_price"":""149.05""}]"
09:15:30.730,1790826330730117546,1544073284051573,Full Data,8,886961,458.55,20,09:15:30,,,429.87,42080,16980,4124140,36440,"[{""bid_quantity"":60,""ask_quantity"":220,""bid_orders"":2,""ask_orders"":4,""bid_price"":""457.60"",""ask_price"":""461.35""},{""bid_quantity"":40,""ask_quantity"":100,""bid_orders"":2,""ask_orders"":2,""bid_price"":""457.55"",""ask_price"":""461.40""},{""bid_quantity"":120,""ask_quantity"":40,""bid_orders"":2,""ask_orders"":2,""bid_price"":""457.40"",""ask_price"":""461.45""},{""bid_quantity"":20,""ask_quantity"":40,""bid_orders"":1,""ask_orders"":1,""bid_price"":""457.30"",""ask_price"":""461.65""},{""bid_quantity"":20,""ask_quantity"":20,""bid_orders"":1,""ask_orders"":1,""bid_price"":""456.70"",""ask_price"":""461.70""}]"
09:15:30.732,1790826330732456881,1544073286390828,Full Data,8,886461,127.70,60,09:15:30,,,123.47,1160040,91120,7527440,1682940,"[{""bid_quantity"":20,""ask_quantity"":60,""bid_orders"":1,""ask_orders"":1,""bid_price"":""127.65"",""ask_price"":""128.35""},{""bid_quantity"":320,""ask_quantity"":80,""bid_orders"":3,""ask_orders"":2,""bid_price"":""127.55"",""ask_price"":""128.40""},{""bid_quantity"":20,""ask_quantity"":200,""bid_orders"":1,""ask_orders"":3,""bid_price"":""127.50"",""ask_price"":""128.45""},{""bid_quantity"":80,""ask_quantity"":320,""bid_orders"":2,""ask_orders"":2,""bid_price"":""127.45"",""ask_price"":""128.50""},{""bid_quantity"":60,""ask_quantity"":20,""bid_orders"":2,""ask_orders"":1,""bid_price"":""127.40"",""ask_price"":""128.55""}]"
09:15:30.784,1790826330784255725,1544073338190112,Full Data,8,886540,149.85,20,09:15:30,,,177.43,832300,72800,3566600,632060,"[{""bid_quantity"":140,""ask_quantity"":100,""bid_orders"":1,""ask_orders"":5,""bid_price"":""149.30"",""ask_price"":""149.85""},{""bid_quantity"":480,""ask_quantity"":60,""bid_orders"":3,""ask_orders"":3,""bid_price"":""149.25"",""ask_price"":""150.15""},{""bid_quantity"":80,""ask_quantity"":60,""bid_orders"":3,""ask_orders"":3,""bid_price"":""149.15"",""ask_price"":""150.20""},{""bid_quantity"":140,""ask_quantity"":380,""bid_orders"":3,""ask_orders"":4,""bid_price"":""148.90"",""ask_price"":""150.25""},{""bid_quantity"":260,""ask_quantity"":320,""bid_orders"":5,""ask_orders"":4,""bid_price"":""148.85"",""ask_price"":""150.30""}]"
09:15:30.790,1790826330790128682,1544073344062909,Full Data,8,887253,319.30,20,09:15:30,,,296.07,300820,22480,5784440,55040,"[{""bid_quantity"":100,""ask_quantity"":60,""bid_orders"":3,""ask_orders"":2,""bid_price"":""317.35"",""ask_price"":""318.85""},{""bid_quantity"":240,""ask_quantity"":80,""bid_orders"":5,""ask_orders"":3,""bid_price"":""317.20"",""ask_price"":""318.90""},{""bid_quantity"":80,""ask_quantity"":180,""bid_orders"":3,""ask_orders"":3,""bid_price"":""317.15"",""ask_price"":""319.00""},{""bid_quantity"":140,""ask_quantity"":160,""bid_orders"":3,""ask_orders"":3,""bid_price"":""316.60"",""ask_price"":""319.20""},{""bid_quantity"":40,""ask_quantity"":180,""bid_orders"":2,""ask_orders"":3,""bid_price"":""316.45"",""ask_price"":""319.25""}]"
09:15:30.811,1790826330811863139,1544073365797206,Full Data,8,886961,457.70,20,09:15:30,,,429.89,42100,17600,4124740,36440,"[{""bid_quantity"":100,""ask_quantity"":40,""bid_orders"":3,""ask_orders"":1,""bid_price"":""455.70"",""ask_price"":""459.65""},{""bid_quantity"":100,""ask_quantity"":100,""bid_orders"":2,""ask_orders"":2,""bid_price"":""455.30"",""ask_price"":""459.75""},{""bid_quantity"":60,""ask_quantity"":40,""bid_orders"":2,""ask_orders"":1,""bid_price"":""455.05"",""ask_price"":""459.80""},{""bid_quantity"":320,""ask_quantity"":100,""bid_orders"":2,""ask_orders"":2,""bid_price"":""455.00"",""ask_price"":""459.85""},{""bid_quantity"":100,""ask_quantity"":20,""bid_orders"":1,""ask_orders"":1,""bid_price"":""454.85"",""ask_price"":""459.95""}]"
09:15:30.812,1790826330812910905,1544073366844812,Full Data,8,886461,127.20,20,09:15:30,,,123.47,1162120,92540,7526620,1682940,"[{""bid_quantity"":100,""ask_quantity"":180,""bid_orders"":3,""ask_orders"":4,""bid_price"":""127.00"",""ask_price"":""127.45""},{""bid_quantity"":20,""ask_quantity"":20,""bid_orders"":1,""ask_orders"":1,""bid_price"":""126.90"",""ask_price"":""127.50""},{""bid_quantity"":60,""ask_quantity"":40,""bid_orders"":2,""ask_orders"":1,""bid_price"":""126.75"",""ask_price"":""127.55""},{""bid_quantity"":80,""ask_quantity"":20,""bid_orders"":1,""ask_orders"":1,""bid_price"":""126.70"",""ask_price"":""127.60""},{""bid_quantity"":40,""ask_quantity"":60,""bid_orders"":1,""ask_orders"":2,""bid_price"":""126.50"",""ask_price"":""127.70""}]"
09:15:30.853,1790826330853823482,1544073407757469,Full Data,8,886620,238.40,20,09:15:30,,,268.22,816880,65960,4366560,731020,"[{""bid_quantity"":120,""ask_quantity"":1000,""bid_orders"":2,""ask_orders"":3,""bid_price"":""238.40"",""ask_price"":""238.70""},{""bid_quantity"":240,""ask_quantity"":40,""bid_orders"":1,""ask_orders"":1,""bid_price"":""238.20"",""ask_price"":""238.80""},{""bid_quantity"":40,""ask_quantity"":160,""bid_orders"":2,""ask_orders"":1,""bid_price"":""238.15"",""ask_price"":""239.10""},{""bid_quantity"":40,""ask_quantity"":200,""bid_orders"":1,""ask_orders"":1,""bid_price"":""237.95"",""ask_price"":""239.15""},{""bid_quantity"":20,""ask_quantity"":100,""bid_orders"":1,""ask_orders"":1,""bid_price"":""237.85"",""ask_price"":""239.55""}]"
09:15:30.880,1790826330880348608,1544073434282755,Full Data,8,887253,318.50,100,09:15:30,,,296.19,302400,23880,5784300,55040,"[{""bid_quantity"":60,""ask_quantity"":20,""bid_orders"":3,""ask_orders"":1,""bid_price"":""316.05"",""ask_price"":""317.75""},{""bid_quantity"":200,""ask_quantity"":20,""bid_orders"":5,""ask_orders"":1,""bid_price"":""316.00"",""ask_price"":""317.85""},{""bid_quantity"":20,""ask_quantity"":20,""bid_orders"":1,""ask_orders"":1,""bid_price"":""315.90"",""ask_price"":""317.90""},{""bid_quantity"":120,""ask_quantity"":60,""bid_orders"":3,""ask_orders"":2,""bid_price"":""315.85"",""ask_price"":""317.95""},{""bid_quantity"":20,""ask_quantity"":100,""bid_orders"":1,""ask_orders"":1,""bid_price"":""315.80"",""ask_price"":""318.00""}]"
09:15:30.884,1790826330884504914,1544073438438941,Full Data,8,886620,239.10,40,09:15:30,,,268.17,818260,65200,4365840,731020,"[{""bid_quantity"":20,""ask_quantity"":320,""bid_orders"":1,""ask_orders"":4,""bid_price"":""238.25"",""ask_price"":""239.15""},{""bid_quantity"":40,""ask_quantity"":20,""bid_orders"":1,""ask_orders"":1,""bid_price"":""238.15"",""ask_price"":""239.50""},{""bid_quantity"":1180,""ask_quantity"":100,""bid_orders"":9,""ask_orders"":1,""bid_price"":""238.10"",""ask_price"":""239.55""},{""bid_quantity"":160,""ask_quantity"":100,""bid_orders"":2,""ask_orders"":1,""bid_price"":""238.05"",""ask_price"":""239.85""},{""bid_quantity"":320,""ask_quantity"":400,""bid_orders"":3,""ask_orders"":2,""bid_price"":""238.00"",""ask_price"":""240.00""}]"
09:15:31.001,1790826331001568808,1544073555502955,Full Data,8,886589,383.40,20,09:15:30,,,352.14,404980,23720,6759300,194360,"[{""bid_quantity"":120,""ask_quantity"":20,""bid_orders"":2,""ask_orders"":1,""bid_price"":""382.70"",""ask_price"":""383.90""},{""bid_quantity"":40,""ask_quantity"":20,""bid_orders"":1,""ask_orders"":1,""bid_price"":""382.65"",""ask_price"":""384.00""},{""bid_quantity"":80,""ask_quantity"":100,""bid_orders"":1,""ask_orders"":1,""bid_price"":""382.60"",""ask_price"":""384.25""},{""bid_quantity"":40,""ask_quantity"":100,""bid_orders"":1,""ask_orders"":1,""bid_price"":""382.55"",""ask_price"":""384.50""},{""bid_quantity"":60,""ask_quantity"":100,""bid_orders"":2,""ask_orders"":1,""bid_price"":""382.45"",""ask_price"":""384.75""}]"
09:15:31.063,1790826331063755718,1544073617689665,Full Data,8,886790,116.60,20,09:15:31,,,138.72,1888860,160860,5474980,2100780,"[{""bid_quantity"":40,""ask_quantity"":160,""bid_orders"":1,""ask_orders"":1,""bid_price"":""116.25"",""ask_price"":""116.65""},{""bid_quantity"":40,""ask_quantity"":60,""bid_orders"":2,""ask_orders"":2,""bid_price"":""116.20"",""ask_price"":""116.70""},{""bid_quantity"":60,""ask_quantity"":140,""bid_orders"":2,""ask_orders"":1,""bid_price"":""116.15"",""ask_price"":""116.75""},{""bid_quantity"":40,""ask_quantity"":160,""bid_orders"":2,""ask_orders"":1,""bid_price"":""116.05"",""ask_price"":""116.85""},{""bid_quantity"":300,""ask_quantity"":120,""bid_orders"":3,""ask_orders"":3,""bid_price"":""116.00"",""ask_price"":""117.00""}]"
09:15:31.065,1790826331065094967,1544073619028794,Full Data,8,886790,116.60,20,09:15:31,,,138.72,1888860,160840,5475260,2100780,"[{""bid_quantity"":40,""ask_quantity"":20,""bid_orders"":1,""ask_orders"":1,""bid_price"":""116.30"",""ask_price"":""116.70""},{""bid_quantity"":220,""ask_quantity"":140,""bid_orders"":3,""ask_orders"":1,""bid_price"":""116.25"",""ask_price"":""116.75""},{""bid_quantity"":80,""ask_quantity"":160,""bid_orders"":3,""ask_orders"":1,""bid_price"":""116.20"",""ask_price"":""116.85""},{""bid_quantity"":240,""ask_quantity"":40,""bid_orders"":4,""ask_orders"":1,""bid_price"":""116.00"",""ask_price"":""116.95""},{""bid_quantity"":100,""ask_quantity"":340,""bid_orders"":1,""ask_orders"":4,""bid_price"":""115.90"",""ask_price"":""117.00""}]"
09:15:31.105,1790826331105446340,1544073659380727,Full Data,8,886589,382.00,100,09:15:31,,,352.20,405740,25380,6764700,194360,"[{""bid_quantity"":20,""ask_quantity"":40,""bid_orders"":1,""ask_orders"":1,""bid_price"":""382.65"",""ask_price"":""384.90""},{""bid_quantity"":260,""ask_quantity"":140,""bid_orders"":4,""ask_orders"":1,""bid_price"":""382.55"",""ask_price"":""385.05""},{""bid_quantity"":60,""ask_quantity"":60,""bid_orders"":3,""ask_orders"":2,""bid_price"":""382.50"",""ask_price"":""385.10""},{""bid_quantity"":80,""ask_quantity"":20,""bid_orders"":3,""ask_orders"":1,""bid_price"":""382.45"",""ask_price"":""385.35""},{""bid_quantity"":20,""ask_quantity"":80,""bid_orders"":1,""ask_orders"":1,""bid_price"":""382.40"",""ask_price"":""385.50""}]"
09:15:31.126,1790826331126479792,1544073680413819,Full Data,8,887080,161.95,60,09:15:31,,,155.59,715260,50840,4902020,530840,"[{""bid_quantity"":120,""ask_quantity"":40,""bid_orders"":1,""ask_orders"":2,""bid_price"":""161.35"",""ask_price"":""161.85""},{""bid_quantity"":100,""ask_quantity"":120,""bid_orders"":4,""ask_orders"":3,""bid_price"":""161.25"",""ask_price"":""162.00""},{""bid_quantity"":120,""ask_quantity"":60,""bid_orders"":4,""ask_orders"":2,""bid_price"":""161.05"",""ask_price"":""162.05""},{""bid_quantity"":100,""ask_quantity"":20,""bid_orders"":2,""ask_orders"":1,""bid_price"":""161.00"",""ask_price"":""162.15""},{""bid_quantity"":60,""ask_quantity"":60,""bid_orders"":1,""ask_orders"":3,""bid_price"":""160.95"",""ask_price"":""162.20""}]"
09:15:31.167,1790826331167207207,1544073721141274,Full Data,8,887080,161.85,20,09:15:31,,,155.61,718000,49140,4904100,530840,"[{""bid_quantity"":260,""ask_quantity"":20,""bid_orders"":3,""ask_orders"":1,""bid_price"":""161.80"",""ask_price"":""162.15""},{""bid_quantity"":60,""ask_quantity"":40,""bid_orders"":3,""ask_orders"":2,""bid_price"":""161.70"",""ask_price"":""162.20""},{""bid_quantity"":80,""ask_quantity"":40,""bid_orders"":3,""ask_orders"":1,""bid_price"":""161.45"",""ask_price"":""162.30""},{""bid_quantity"":620,""ask_quantity"":280,""bid_orders"":3,""ask_orders"":4,""bid_price"":""161.40"",""ask_price"":""162.75""},{""bid_quantity"":60,""ask_quantity"":60,""bid_orders"":1,""ask_orders"":2,""bid_price"":""161.35"",""ask_price"":""162.80""}]"
09:15:31.264,1790826331264555538,1544073818489565,Full Data,8,887216,190.50,60,09:15:31,,,221.71,1245200,73180,4399420,716360,"[{""bid_quantity"":60,""ask_quantity"":40,""bid_orders"":2,""ask_orders"":1,""bid_price"":""190.10"",""ask_price"":""190.65""},{""bid_quantity"":440,""ask_quantity"":40,""bid_orders"":5,""ask_orders"":2,""bid_price"":""190.00"",""ask_price"":""190.75""},{""bid_quantity"":360,""ask_quantity"":400,""bid_orders"":4,""ask_orders"":3,""bid_price"":""189.95"",""ask_price"":""190.80""},{""bid_quantity"":120,""ask_quantity"":20,""bid_orders"":4,""ask_orders"":1,""bid_price"":""189.90"",""ask_price"":""190.85""},{""bid_quantity"":60,""ask_quantity"":220,""bid_orders"":2,""ask_orders"":3,""bid_price"":""189.85"",""ask_price"":""190.90""}]"
09:15:31.283,1790826331283765858,1544073837700085,Ticker Data,0,51,72298.53,,09:15:31,,,,,,,,
09:15:31.315,1790826331315356296,1544073869290763,Full Data,8,887216,191.90,20,09:15:31,,,221.69,1246020,72080,4399900,716360,"[{""bid_quantity"":80,""ask_quantity"":20,""bid_orders"":3,""ask_orders"":1,""bid_price"":""191.40"",""ask_price"":""191.90""},{""bid_quantity"":20,""ask_quantity"":120,""bid_orders"":1,""ask_orders"":1,""bid_price"":""191.35"",""ask_price"":""191.95""},{""bid_quantity"":120,""ask_quantity"":20,""bid_orders"":4,""ask_orders"":1,""bid_price"":""191.30"",""ask_price"":""192.00""},{""bid_quantity"":60,""ask_quantity"":60,""bid_orders"":2,""ask_orders"":3,""bid_price"":""191.25"",""ask_price"":""192.15""},{""bid_quantity"":320,""ask_quantity"":60,""bid_orders"":1,""ask_orders"":1,""bid_price"":""191.15"",""ask_price"":""192.20""}]"
09:15:31.329,1790826331329061302,1544073882995289,Full Data,8,887279,294.80,20,09:15:31,,,339.46,482560,60600,4103240,793060,"[{""bid_quantity"":60,""ask_quantity"":80,""bid_orders"":2,""ask_orders"":4,""bid_price"":""294.60"",""ask_price"":""295.30""},{""bid_quantity"":80,""ask_quantity"":200,""bid_orders"":3,""ask_orders"":2,""bid_price"":""294.55"",""ask_price"":""295.50""},{""bid_quantity"":80,""ask_quantity"":80,""bid_orders"":1,""ask_orders"":1,""bid_price"":""294.50"",""ask_price"":""295.65""},{""bid_quantity"":20,""ask_quantity"":100,""bid_orders"":1,""ask_orders"":2,""bid_price"":""294.45"",""ask_price"":""296.95""},{""bid_quantity"":60,""ask_quantity"":100,""bid_orders"":2,""ask_orders"":1,""bid_price"":""294.40"",""ask_price"":""297.00""}]"
09:15:31.386,1790826331386669424,1544073940603451,Full Data,8,887306,201.95,60,09:15:31,,,202.60,762300,46920,5475800,240500,"[{""bid_quantity"":260,""ask_quantity"":80,""bid_orders"":2,""ask_orders"":3,""bid_price"":""201.10"",""ask_price"":""201.95""},{""bid_quantity"":320,""ask_quantity"":100,""bid_orders"":5,""ask_orders"":2,""bid_price"":""201.00"",""ask_price"":""202.05""},{""bid_quantity"":40,""ask_quantity"":160,""bid_orders"":2,""ask_orders"":3,""bid_price"":""200.80"",""ask_price"":""202.10""},{""bid_quantity"":1200,""ask_quantity"":60,""bid_orders"":16,""ask_orders"":2,""bid_price"":""200.75"",""ask_price"":""202.15""},{""bid_quantity"":60,""ask_quantity"":20,""bid_orders"":2,""ask_orders"":1,""bid_price"":""200.65"",""ask_price"":""202.20""}]"
09:15:31.433,1790826331433287116,1544073987221103,Full Data,8,887306,200.00,20,09:15:31,,,202.58,768160,43920,5473200,240500,"[{""bid_quantity"":11340,""ask_quantity"":160,""bid_orders"":36,""ask_orders"":5,""bid_price"":""200.00"",""ask_price"":""200.50""},{""bid_quantity"":20,""ask_quantity"":260,""bid_orders"":1,""ask_orders"":7,""bid_price"":""199.10"",""ask_price"":""200.55""},{""bid_quantity"":100,""ask_quantity"":240,""bid_orders"":1,""ask_orders"":4,""bid_price"":""199.05"",""ask_price"":""200.60""},{""bid_quantity"":120,""ask_quantity"":100,""bid_orders"":2,""ask_orders"":3,""bid_price"":""199.00"",""ask_price"":""200.65""},{""bid_quantity"":440,""ask_quantity"":180,""bid_orders"":4,""ask_orders"":2,""bid_price"":""198.75"",""ask_price"":""200.70""}]"
09:15:31.657,1790826331657482402,1544074211416709,Full Data,8,886659,250.65,60,09:15:31,,,249.02,877520,44100,6073980,138720,"[{""bid_quantity"":40,""ask_quantity"":80,""bid_orders"":1,""ask_orders"":1,""bid_price"":""250.05"",""ask_price"":""251.00""},{""bid_quantity"":20,""ask_quantity"":80,""bid_orders"":1,""ask_orders"":1,""bid_price"":""248.45"",""ask_price"":""251.10""},{""bid_quantity"":460,""ask_quantity"":80,""bid_orders"":6,""ask_orders"":1,""bid_price"":""248.35"",""ask_price"":""251.30""},{""bid_quantity"":100,""ask_quantity"":80,""bid_orders"":3,""ask_orders"":1,""bid_price"":""248.30"",""ask_price"":""251.45""},{""bid_quantity"":360,""ask_quantity"":160,""bid_orders"":4,""ask_orders"":1,""bid_price"":""248.20"",""ask_price"":""251.55""}]"
09:15:31.685,1790826331685946461,1544074239880648,Full Data,8,886671,92.40,20,09:15:31,,,106.42,775480,49040,2984040,570580,"[{""bid_quantity"":20,""ask_quantity"":20,""bid_orders"":1,""ask_orders"":1,""bid_price"":""91.70"",""ask_price"":""92.45""},{""bid_quantity"":80,""ask_quantity"":80,""bid_orders"":3,""ask_orders"":4,""bid_price"":""91.65"",""ask_price"":""92.50""},{""bid_quantity"":260,""ask_quantity"":80,""bid_orders"":7,""ask_orders"":3,""bid_price"":""91.60"",""ask_price"":""92.55""},{""bid_quantity"":160,""ask_quantity"":60,""bid_orders"":6,""ask_orders"":3,""bid_price"":""91.55"",""ask_price"":""92.65""},{""bid_quantity"":60,""ask_quantity"":120,""bid_orders"":3,""ask_orders"":1,""bid_price"":""91.50"",""ask_price"":""92.95""}]"
09:15:31.692,1790826331692665103,1544074246599010,Full Data,8,886671,92.40,20,09:15:31,,,106.42,775480,47380,2984920,570580,"[{""bid_quantity"":80,""ask_quantity"":140,""bid_orders"":2,""ask_orders"":1,""bid_price"":""92.05"",""ask_price"":""92.80""},{""bid_quantity"":160,""ask_quantity"":20,""bid_orders"":1,""ask_orders"":1,""bid_price"":""92.00"",""ask_price"":""92.85""},{""bid_quantity"":100,""ask_quantity"":60,""bid_orders"":4,""ask_orders"":3,""bid_price"":""91.95"",""ask_price"":""93.15""},{""bid_quantity"":40,""ask_quantity"":80,""bid_orders"":2,""ask_orders"":2,""bid_price"":""91.90"",""ask_price"":""93.35""},{""bid_quantity"":420,""ask_quantity"":20,""bid_orders"":4,""ask_orders"":1,""bid_price"":""91.85"",""ask_price"":""93.45""}]"
09:15:31.695,1790826331695272799,1544074249206666,Full Data,8,886685,368.20,20,09:15:31,,,402.95,591720,61900,5501700,1793000,"[{""bid_quantity"":140,""ask_quantity"":20,""bid_orders"":4,""ask_orders"":1,""bid_price"":""365.90"",""ask_price"":""370.20""},{""bid_quantity"":80,""ask_quantity"":200,""bid_orders"":2,""ask_orders"":4,""bid_price"":""365.85"",""ask_price"":""370.35""},{""bid_quantity"":60,""ask_quantity"":240,""bid_orders"":1,""ask_orders"":3,""bid_price"":""365.80"",""ask_price"":""370.40""},{""bid_quantity"":40,""ask_quantity"":200,""bid_orders"":1,""ask_orders"":4,""bid_price"":""365.75"",""ask_price"":""370.45""},{""bid_quantity"":20,""ask_quantity"":60,""bid_orders"":1,""ask_orders"":1,""bid_price"":""365.70"",""ask_price"":""370.50""}]"
09:15:31.723,1790826331723948019,1544074277882446,Full Data,8,886659,247.20,20,09:15:31,,,249.02,880800,46000,6075380,138720,"[{""bid_quantity"":40,""ask_quantity"":360,""bid_orders"":2,""ask_orders"":2,""bid_price"":""247.15"",""ask_price"":""248.05""},{""bid_quantity"":80,""ask_quantity"":320,""bid_orders"":1,""ask_orders"":3,""bid_price"":""247.10"",""ask_price"":""248.10""},{""bid_quantity"":80,""ask_quantity"":20,""bid_orders"":3,""ask_orders"":1,""bid_price"":""247.05"",""ask_price"":""248.15""},{""bid_quantity"":20,""ask_quantity"":140,""bid_orders"":1,""ask_orders"":1,""bid_price"":""247.00"",""ask_price"":""248.30""},{""bid_quantity"":160,""ask_quantity"":200,""bid_orders"":2,""ask_orders"":3,""bid_price"":""246.90"",""ask_price"":""248.50""}]"
09:15:31.762,1790826331762837183,1544074316771170,Full Data,8,886540,155.50,20,09:15:31,,,176.80,853100,72820,3728600,632060,"[{""bid_quantity"":40,""ask_quantity"":20,""bid_orders"":1,""ask_orders"":1,""bid_price"":""154.45"",""ask_price"":""155.50""},{""bid_quantity"":80,""ask_quantity"":140,""bid_orders"":3,""ask_orders"":3,""bid_price"":""154.40"",""ask_price"":""155.55""},{""bid_quantity"":200,""ask_quantity"":120,""bid_orders"":3,""ask_orders"":3,""bid_price"":""154.30"",""ask_price"":""155.60""},{""bid_quantity"":340,""ask_quantity"":80,""bid_orders"":7,""ask_orders"":3,""bid_price"":""154.25"",""ask_price"":""155.65""},{""bid_quantity"":220,""ask_quantity"":60,""bid_orders"":8,""ask_orders"":2,""bid_price"":""154.20"",""ask_price"":""155.80""}]"
09:15:31.777,1790826331777177753,1544074331111620,Full Data,8,886961,445.65,40,09:15:31,,,430.51,43520,16640,4204680,36440,"[{""bid_quantity"":40,""ask_quantity"":60,""bid_orders"":1,""ask_orders"":3,""bid_price"":""442.80"",""ask_price"":""445.65""},{""bid_quantity"":60,""ask_quantity"":60,""bid_orders"":3,""ask_orders"":3,""bid_price"":""442.75"",""ask_price"":""446.00""},{""bid_quantity"":60,""ask_quantity"":60,""bid_orders"":3,""ask_orders"":3,""bid_price"":""442.50"",""ask_price"":""446.05""},{""bid_quantity"":20,""ask_quantity"":40,""bid_orders"":1,""ask_orders"":2,""bid_price"":""442.40"",""ask_price"":""446.10""},{""bid_quantity"":40,""ask_quantity"":20,""bid_orders"":1,""ask_orders"":1,""bid_price"":""442.35"",""ask_price"":""446.15""}]"
09:15:31.812,1790826331812108332,1544074366042319,Full Data,8,886461,120.75,80,09:15:31,,,123.49,1192560,93580,7519680,1682940,"[{""bid_quantity"":140,""ask_quantity"":40,""bid_orders"":3,""ask_orders"":1,""bid_price"":""120.30"",""ask_price"":""120.75""},{""bid_quantity"":240,""ask_quantity"":40,""bid_orders"":3,""ask_orders"":1,""bid_price"":""120.25"",""ask_price"":""120.80""},{""bid_quantity"":100,""ask_quantity"":40,""bid_orders"":1,""ask_orders"":1,""bid_price"":""120.20"",""ask_price"":""120.85""},{""bid_quantity"":140,""ask_quantity"":100,""bid_orders"":1,""ask_orders"":3,""bid_price"":""120.15"",""ask_price"":""120.95""},{""bid_quantity"":40,""ask_quantity"":240,""bid_orders"":2,""ask_orders"":2,""bid_price"":""120.10"",""ask_price"":""121.00""}]"
09:15:31.817,1790826331817958649,1544074371892716,Full Data,8,886540,155.30,20,09:15:31,,,176.77,854440,75140,3728620,632060,"[{""bid_quantity"":80,""ask_quantity"":60,""bid_orders"":1,""ask_orders"":1,""bid_price"":""154.55"",""ask_price"":""155.45""},{""bid_quantity"":40,""ask_quantity"":60,""bid_orders"":1,""ask_orders"":1,""bid_price"":""154.50"",""ask_price"":""155.50""},{""bid_quantity"":80,""ask_quantity"":700,""bid_orders"":1,""ask_orders"":6,""bid_price"":""154.25"",""ask_price"":""155.55""},{""bid_quantity"":520,""ask_quantity"":1320,""bid_orders"":9,""ask_orders"":11,""bid_price"":""154.20"",""ask_price"":""155.60""},{""bid_quantity"":120,""ask_quantity"":40,""bid_orders"":2,""ask_orders"":2,""bid_price"":""154.10"",""ask_price"":""155.70""}]"
09:15:31.818,1790826331818097169,1544074372030876,Full Data,8,886961,445.65,40,09:15:31,,,430.51,43520,16800,4205260,36440,"[{""bid_quantity"":80,""ask_quantity"":100,""bid_orders"":2,""ask_orders"":2,""bid_price"":""444.65"",""ask_price"":""447.25""},{""bid_quantity"":20,""ask_quantity"":60,""bid_orders"":1,""ask_orders"":2,""bid_price"":""444.60"",""ask_price"":""447.30""},{""bid_quantity"":80,""ask_quantity"":60,""bid_orders"":3,""ask_orders"":3,""bid_price"":""444.55"",""ask_price"":""447.50""},{""bid_quantity"":60,""ask_quantity"":40,""bid_orders"":2,""ask_orders"":1,""bid_price"":""444.50"",""ask_price"":""447.75""},{""bid_quantity"":20,""ask_quantity"":60,""bid_orders"":1,""ask_orders"":1,""bid_price"":""444.45"",""ask_price"":""448.00""}]"
09:15:31.855,1790826331855999607,1544074409933674,Full Data,8,886461,121.20,20,09:15:31,,,123.49,1194060,95980,7520680,1682940,"[{""bid_quantity"":260,""ask_quantity"":280,""bid_orders"":2,""ask_orders"":5,""bid_price"":""121.00"",""ask_price"":""121.35""},{""bid_quantity"":220,""ask_quantity"":40,""bid_orders"":3,""ask_orders"":1,""bid_price"":""120.90"",""ask_price"":""121.60""},{""bid_quantity"":40,""ask_quantity"":180,""bid_orders"":1,""ask_orders"":3,""bid_price"":""120.80"",""ask_price"":""121.80""},{""bid_quantity"":60,""ask_quantity"":100,""bid_orders"":1,""ask_orders"":2,""bid_price"":""120.75"",""ask_price"":""121.90""},{""bid_quantity"":100,""ask_quantity"":340,""bid_orders"":1,""ask_orders"":3,""bid_price"":""120.70"",""ask_price"":""122.00""}]"
09:15:31.873,1790826331873973560,1544074427907547,Full Data,8,886620,243.35,160,09:15:31,,,267.01,855460,63900,4350380,731020,"[{""bid_quantity"":140,""ask_quantity"":40,""bid_orders"":1,""ask_orders"":1,""bid_price"":""242.95"",""ask_price"":""243.70""},{""bid_quantity"":40,""ask_quantity"":220,""bid_orders"":1,""ask_orders"":2,""bid_price"":""242.60"",""ask_price"":""243.75""},{""bid_quantity"":40,""ask_quantity"":580,""bid_orders"":1,""ask_orders"":4,""bid_price"":""242.50"",""ask_price"":""243.80""},{""bid_quantity"":80,""ask_quantity"":160,""bid_orders"":1,""ask_orders"":1,""bid_price"":""242.40"",""ask_price"":""243.85""},{""bid_quantity"":100,""ask_quantity"":40,""bid_orders"":1,""ask_orders"":1,""bid_price"":""241.65"",""ask_price"":""243.90""}]"
09:15:31.908,1790826331908104814,1544074462038761,Full Data,8,887253,309.75,60,09:15:31,,,296.71,312300,26280,5789040,55040,"[{""bid_quantity"":80,""ask_quantity"":140,""bid_orders"":1,""ask_orders"":1,""bid_price"":""308.85"",""ask_price"":""310.40""},{""bid_quantity"":280,""ask_quantity"":80,""bid_orders"":4,""ask_orders"":1,""bid_price"":""308.80"",""ask_price"":""310.45""},{""bid_quantity"":200,""ask_quantity"":100,""bid_orders"":3,""ask_orders"":2,""bid_price"":""308.75"",""ask_price"":""310.80""},{""bid_quantity"":20,""ask_quantity"":100,""bid_orders"":1,""ask_orders"":1,""bid_price"":""308.60"",""ask_price"":""311.00""},{""bid_quantity"":140,""ask_quantity"":400,""bid_orders"":5,""ask_orders"":2,""bid_price"":""308.50"",""ask_price"":""312.05""}]"
09:15:31.916,1790826331916229025,1544074470162972,Full Data,8,886620,246.40,20,09:15:31,,,266.95,857760,64120,4354980,731020,"[{""bid_quantity"":280,""ask_quantity"":260,""bid_orders"":3,""ask_orders"":3,""bid_price"":""243.60"",""ask_price"":""246.40""},{""bid_quantity"":740,""ask_quantity"":260,""bid_orders"":5,""ask_orders"":3,""bid_price"":""243.55"",""ask_price"":""246.55""},{""bid_quantity"":660,""ask_quantity"":180,""bid_orders"":8,""ask_orders"":3,""bid_price"":""243.50"",""ask_price"":""246.60""},{""bid_quantity"":200,""ask_quantity"":120,""bid_orders"":2,""ask_orders"":3,""bid_price"":""243.45"",""ask_price"":""246.65""},{""bid_quantity"":40,""ask_quantity"":240,""bid_orders"":1,""ask_orders"":4,""bid_price"":""243.40"",""ask_price"":""246.75""}]"
09:15:32.058,1790826332058981360,1544074612915427,Full Data,8,886790,120.05,60,09:15:32,,,138.14,1947100,155640,5477140,2100780,"[{""bid_quantity"":20,""ask_quantity"":60,""bid_orders"":1,""ask_orders"":2,""bid_price"":""119.65"",""ask_price"":""120.05""},{""bid_quantity"":120,""ask_quantity"":40,""bid_orders"":2,""ask_orders"":2,""bid_price"":""119.60"",""ask_price"":""120.20""},{""bid_quantity"":20,""ask_quantity"":40,""bid_orders"":1,""ask_orders"":1,""bid_price"":""119.55"",""ask_price"":""120.25""},{""bid_quantity"":20,""ask_quantity"":40,""bid_orders"":1,""ask_orders"":1,""bid_price"":""119.45"",""ask_price"":""120.30""},{""bid_quantity"":100,""ask_quantity"":40,""bid_orders"":3,""ask_orders"":1,""bid_price"":""119.40"",""ask_price"":""120.45""}]"
09:15:32.068,1790826332068023297,1544074621957284,Full Data,8,886790,119.60,20,09:15:32,,,138.14,1947160,155860,5477220,2100780,"[{""bid_quantity"":320,""ask_quantity"":20,""bid_orders"":3,""ask_orders"":1,""bid_price"":""119.60"",""ask_price"":""119.95""},{""bid_quantity"":140,""ask_quantity"":40,""bid_orders"":1,""ask_orders"":2,""bid_price"":""119.55"",""ask_price"":""120.00""},{""bid_quantity"":20,""ask_quantity"":120,""bid_orders"":1,""ask_orders"":4,""bid_price"":""119.45"",""ask_price"":""120.05""},{""bid_quantity"":60,""ask_quantity"":200,""bid_orders"":2,""ask_orders"":2,""bid_price"":""119.40"",""ask_price"":""120.15""},{""bid_quantity"":60,""ask_quantity"":40,""bid_orders"":2,""ask_orders"":2,""bid_price"":""119.35"",""ask_price"":""120.20""}]"
09:15:32.112,1790826332112623817,1544074666557804,Full Data,8,886589,375.75,100,09:15:32,,,353.32,427760,26340,6838520,194360,"[{""bid_quantity"":200,""ask_quantity"":80,""bid_orders"":2,""ask_orders"":1,""bid_price"":""374.25"",""ask_price"":""378.05""},{""bid_quantity"":220,""ask_quantity"":40,""bid_orders"":7,""ask_orders"":2,""bid_price"":""374.20"",""ask_price"":""378.10""},{""bid_quantity"":180,""ask_quantity"":160,""bid_orders"":6,""ask_orders"":2,""bid_price"":""374.15"",""ask_price"":""378.15""},{""bid_quantity"":60,""ask_quantity"":40,""bid_orders"":3,""ask_orders"":2,""bid_price"":""374.10"",""ask_price"":""378.25""},{""bid_quantity"":40,""ask_quantity"":40,""bid_orders"":2,""ask_orders"":2,""bid_price"":""374.05"",""ask_price"":""378.35""}]"
09:15:32.157,1790826332157130336,1544074711064523,Full Data,8,886589,380.55,20,09:15:32,,,353.36,428560,23940,6839420,194360,"[{""bid_quantity"":140,""ask_quantity"":40,""bid_orders"":2,""ask_orders"":2,""bid_price"":""374.75"",""ask_price"":""380.55""},{""bid_quantity"":240,""ask_quantity"":20,""bid_orders"":8,""ask_orders"":1,""bid_price"":""374.70"",""ask_price"":""380.65""},{""bid_quantity"":120,""ask_quantity"":80,""bid_orders"":5,""ask_orders"":1,""bid_price"":""374.65"",""ask_price"":""381.35""},{""bid_quantity"":100,""ask_quantity"":20,""bid_orders"":5,""ask_orders"":1,""bid_price"":""374.60"",""ask_price"":""381.70""},{""bid_quantity"":100,""ask_quantity"":400,""bid_orders"":5,""ask_orders"":1,""bid_price"":""374.55"",""ask_price"":""383.55""}]"
09:15:32.201,1790826332201885816,1544074755819803,Full Data,8,887080,159.30,20,09:15:32,,,155.69,749560,55240,4899940,530840,"[{""bid_quantity"":320,""ask_quantity"":60,""bid_orders"":2,""ask_orders"":3,""bid_price"":""159.25"",""ask_price"":""160.15""},{""bid_quantity"":340,""ask_quantity"":200,""bid_orders"":2,""ask_orders"":1,""bid_price"":""159.20"",""ask_price"":""160.55""},{""bid_quantity"":220,""ask_quantity"":40,""bid_orders"":2,""ask_orders"":2,""bid_price"":""159.15"",""ask_price"":""160.65""},{""bid_quantity"":40,""ask_quantity"":80,""bid_orders"":2,""ask_orders"":1,""bid_price"":""159.05"",""ask_price"":""161.05""},{""bid_quantity"":40,""ask_quantity"":100,""bid_orders"":2,""ask_orders"":1,""bid_price"":""159.00"",""ask_price"":""161.25""}]"
09:15:32.245,1790826332245674651,1544074799608678,Full Data,8,887080,159.95,400,09:15:32,,,155.71,752860,54520,4897880,530840,"[{""bid_quantity"":400,""ask_quantity"":440,""bid_orders"":1,""ask_orders"":3,""bid_price"":""159.50"",""ask_price"":""161.00""},{""bid_quantity"":160,""ask_quantity"":60,""bid_orders"":1,""ask_orders"":2,""bid_price"":""159.40"",""ask_price"":""161.05""},{""bid_quantity"":80,""ask_quantity"":140,""bid_orders"":1,""ask_orders"":3,""bid_price"":""159.25"",""ask_price"":""161.10""},{""bid_quantity"":100,""ask_quantity"":80,""bid_orders"":1,""ask_orders"":3,""bid_price"":""159.20"",""ask_price"":""161.15""},{""bid_quantity"":20,""ask_quantity"":120,""bid_orders"":1,""ask_orders"":3,""bid_price"":""159.05"",""ask_price"":""161.65""}]"
09:15:32.274,1790826332274211190,1544074828145217,Ticker Data,0,51,72311.93,,09:15:32,,,,,,,,
09:15:32.345,1790826332345267556,1544074899201743,Full Data,8,887216,194.10,20,09:15:32,,,220.85,1289800,70740,4407120,716360,"[{""bid_quantity"":520,""ask_quantity"":20,""bid_orders"":7,""ask_orders"":1,""bid_price"":""193.25"",""ask_price"":""194.10""},{""bid_quantity"":240,""ask_quantity"":920,""bid_orders"":4,""ask_orders"":5,""bid_price"":""193.20"",""ask_price"":""194.20""},{""bid_quantity"":120,""ask_quantity"":340,""bid_orders"":3,""ask_orders"":16,""bid_price"":""193.15"",""ask_price"":""194.25""},{""bid_quantity"":40,""ask_quantity"":40,""bid_orders"":1,""ask_orders"":2,""bid_price"":""193.10"",""ask_price"":""194.30""},{""bid_quantity"":160,""ask_quantity"":80,""bid_orders"":2,""ask_orders"":2,""bid_price"":""193.05"",""ask_price"":""194.40""}]"
09:15:32.350,1790826332350465348,1544074904399455,Full Data,8,887279,297.15,20,09:15:32,,,338.69,492180,54540,4099340,793060,"[{""bid_quantity"":80,""ask_quantity"":220,""bid_orders"":1,""ask_orders"":4,""bid_price"":""295.80"",""ask_price"":""296.95""},{""bid_quantity"":80,""ask_quantity"":60,""bid_orders"":2,""ask_orders"":2,""bid_price"":""295.75"",""ask_price"":""297.00""},{""bid_quantity"":60,""ask_quantity"":160,""bid_orders"":2,""ask_orders"":1,""bid_price"":""295.70"",""ask_price"":""297.30""},{""bid_quantity"":280,""ask_quantity"":40,""bid_orders"":5,""ask_orders"":1,""bid_price"":""295.35"",""ask_price"":""297.35""},{""bid_quantity"":140,""ask_quantity"":100,""bid_orders"":1,""ask_orders"":3,""bid_price"":""295.30"",""ask_price"":""297.40""}]"
09:15:32.375,1790826332375844148,1544074929778175,Full Data,8,887216,195.30,60,09:15:32,,,220.69,1297360,70480,4415140,716360,"[{""bid_quantity"":120,""ask_quantity"":60,""bid_orders"":1,""ask_orders"":1,""bid_price"":""193.65"",""ask_price"":""195.30""},{""bid_quantity"":60,""ask_quantity"":40,""bid_orders"":1,""ask_orders"":1,""bid_price"":""193.60"",""ask_price"":""195.35""},{""bid_quantity"":80,""ask_quantity"":60,""bid_orders"":2,""ask_orders"":1,""bid_price"":""193.55"",""ask_price"":""195.80""},{""bid_quantity"":100,""ask_quantity"":80,""bid_orders"":2,""ask_orders"":1,""bid_price"":""193.50"",""ask_price"":""195.90""},{""bid_quantity"":200,""ask_quantity"":40,""bid_orders"":1,""ask_orders"":1,""bid_price"":""193.45"",""ask_price"":""196.15""}]"
09:15:32.438,1790826332438397260,1544074992331487,Full Data,8,887306,203.40,20,09:15:32,,,202.49,811420,38660,5483480,240500,"[{""bid_quantity"":60,""ask_quantity"":80,""bid_orders"":2,""ask_orders"":2,""bid_price"":""202.30"",""ask_price"":""203.35""},{""bid_quantity"":200,""ask_quantity"":60,""bid_orders"":2,""ask_orders"":2,""bid_price"":""202.25"",""ask_price"":""204.35""},{""bid_quantity"":40,""ask_quantity"":180,""bid_orders"":1,""ask_orders"":4,""bid_price"":""202.20"",""ask_price"":""204.45""},{""bid_quantity"":180,""ask_quantity"":120,""bid_orders"":2,""ask_orders"":2,""bid_price"":""202.15"",""ask_price"":""204.50""},{""bid_quantity"":100,""ask_quantity"":100,""bid_orders"":3,""ask_orders"":1,""bid_price"":""202.05"",""ask_price"":""204.60""}]"
09:15:32.681,1790826332681456744,1544075235391051,Full Data,8,886671,89.20,40,09:15:32,,,105.91,803280,47760,2988620,570580,"[{""bid_quantity"":180,""ask_quantity"":20,""bid_orders"":2,""ask_orders"":1,""bid_price"":""88.95"",""ask_price"":""89.65""},{""bid_quantity"":60,""ask_quantity"":100,""bid_orders"":2,""ask_orders"":3,""bid_price"":""88.90"",""ask_price"":""89.70""},{""bid_quantity"":160,""ask_quantity"":180,""bid_orders"":4,""ask_orders"":3,""bid_price"":""88.85"",""ask_price"":""89.90""},{""bid_quantity"":380,""ask_quantity"":40,""bid_orders"":4,""ask_orders"":2,""bid_price"":""88.80"",""ask_price"":""89.95""},{""bid_quantity"":60,""ask_quantity"":80,""bid_orders"":1,""ask_orders"":1,""bid_price"":""88.60"",""ask_price"":""90.05""}]"
09:15:32.702,1790826332702606317,1544075256540304,Full Data,8,886671,89.60,20,09:15:32,,,105.91,803300,47620,2989180,570580,"[{""bid_quantity"":120,""ask_quantity"":60,""bid_orders"":3,""ask_orders"":2,""bid_price"":""89.20"",""ask_price"":""89.65""},{""bid_quantity"":80,""ask_quantity"":60,""bid_orders"":3,""ask_orders"":3,""bid_price"":""89.15"",""ask_price"":""89.90""},{""bid_quantity"":80,""ask_quantity"":40,""bid_orders"":3,""ask_orders"":2,""bid_price"":""89.10"",""ask_price"":""89.95""},{""bid_quantity"":160,""ask_quantity"":80,""bid_orders"":4,""ask_orders"":1,""bid_price"":""89.05"",""ask_price"":""90.05""},{""bid_quantity"":80,""ask_quantity"":20,""bid_orders"":3,""ask_orders"":1,""bid_price"":""89.00"",""ask_price"":""90.10""}]"
09:15:32.734,1790826332734961760,1544075288896027,Full Data,8,886659,255.60,40,09:15:32,,,249.13,898720,41160,6093020,138720,"[{""bid_quantity"":60,""ask_quantity"":180,""bid_orders"":2,""ask_orders"":2,""bid_price"":""254.40"",""ask_price"":""255.80""},{""bid_quantity"":100,""ask_quantity"":80,""bid_orders"":1,""ask_orders"":2,""bid_price"":""254.20"",""ask_price"":""255.85""},{""bid_quantity"":140,""ask_quantity"":180,""bid_orders"":2,""ask_orders"":2,""bid_price"":""254.15"",""ask_price"":""255.90""},{""bid_quantity"":20,""ask_quantity"":40,""bid_orders"":1,""ask_orders"":1,""bid_price"":""254.10"",""ask_price"":""255.95""},{""bid_quantity"":140,""ask_quantity"":40,""bid_orders"":1,""ask_orders"":1,""bid_price"":""254.05"",""ask_price"":""256.00""}]"
09:15:32.823,1790826332823058952,1544075376993099,Full Data,8,886540,153.25,40,09:15:32,,,176.36,869520,72920,3735120,632060,"[{""bid_quantity"":100,""ask_quantity"":20,""bid_orders"":2,""ask_orders"":1,""bid_price"":""153.05"",""ask_price"":""153.95""},{""bid_quantity"":80,""ask_quantity"":40,""bid_orders"":3,""ask_orders"":2,""bid_price"":""153.00"",""ask_price"":""154.00""},{""bid_quantity"":80,""ask_quantity"":80,""bid_orders"":2,""ask_orders"":3,""bid_price"":""152.90"",""ask_price"":""154.10""},{""bid_quantity"":40,""ask_quantity"":180,""bid_orders"":1,""ask_orders"":3,""bid_price"":""152.85"",""ask_price"":""154.55""},{""bid_quantity"":40,""ask_quantity"":240,""bid_orders"":2,""ask_orders"":3,""bid_price"":""152.80"",""ask_price"":""154.70""}]"
09:15:32.842,1790826332842058472,1544075395992659,Full Data,8,886659,255.80,20,09:15:32,,,249.13,899360,43360,6093760,138720,"[{""bid_quantity"":60,""ask_quantity"":320,""bid_orders"":2,""ask_orders"":1,""bid_price"":""253.60"",""ask_price"":""255.25""},{""bid_quantity"":120,""ask_quantity"":100,""bid_orders"":1,""ask_orders"":1,""bid_price"":""253.55"",""ask_price"":""255.40""},{""bid_quantity"":80,""ask_quantity"":20,""bid_orders"":2,""ask_orders"":1,""bid_price"":""253.50"",""ask_price"":""255.50""},{""bid_quantity"":160,""ask_quantity"":140,""bid_orders"":4,""ask_orders"":2,""bid_price"":""253.45"",""ask_price"":""255.60""},{""bid_quantity"":200,""ask_quantity"":40,""bid_orders"":3,""ask_orders"":1,""bid_price"":""253.40"",""ask_price"":""255.70""}]"
09:15:32.853,1790826332853357502,1544075407291649,Full Data,8,886961,452.15,20,09:15:32,,,430.84,44220,17800,4204300,36440,"[{""bid_quantity"":60,""ask_quantity"":360,""bid_orders"":2,""ask_orders"":5,""bid_price"":""446.60"",""ask_price"":""452.45""},{""bid_quantity"":100,""ask_quantity"":80,""bid_orders"":1,""ask_orders"":3,""bid_price"":""446.55"",""ask_price"":""452.50""},{""bid_quantity"":80,""ask_quantity"":60,""bid_orders"":1,""ask_orders"":2,""bid_price"":""446.40"",""ask_price"":""452.55""},{""bid_quantity"":20,""ask_quantity"":60,""bid_orders"":1,""ask_orders"":3,""bid_price"":""443.25"",""ask_price"":""452.60""},{""bid_quantity"":40,""ask_quantity"":60,""bid_orders"":1,""ask_orders"":1,""bid_price"":""443.20"",""ask_price"":""452.85""}]"
09:15:32.863,1790826332863977329,1544075417911196,Full Data,8,886461,123.05,40,09:15:32,,,123.51,1219960,97840,7520320,1682940,"[{""bid_quantity"":20,""ask_quantity"":60,""bid_orders"":1,""ask_orders"":2,""bid_price"":""122.95"",""ask_price"":""123.20""},{""bid_quantity"":100,""ask_quantity"":240,""bid_orders"":1,""ask_orders"":3,""bid_price"":""122.45"",""ask_price"":""123.25""},{""bid_quantity"":100,""ask_quantity"":140,""bid_orders"":1,""ask_orders"":1,""bid_price"":""122.35"",""ask_price"":""123.30""},{""bid_quantity"":20,""ask_quantity"":120,""bid_orders"":1,""ask_orders"":1,""bid_price"":""122.25"",""ask_price"":""123.35""},{""bid_quantity"":20,""ask_quantity"":180,""bid_orders"":1,""ask_orders"":2,""bid_price"":""122.20"",""ask_price"":""123.50""}]"
09:15:32.894,1790826332894147718,1544075448081825,Full Data,8,886540,155.45,20,09:15:32,,,176.34,870320,71820,3739040,632060,"[{""bid_quantity"":40,""ask_quantity"":20,""bid_orders"":1,""ask_orders"":1,""bid_price"":""155.60"",""ask_price"":""156.55""},{""bid_quantity"":220,""ask_quantity"":20,""bid_orders"":2,""ask_orders"":1,""bid_price"":""155.55"",""ask_price"":""156.60""},{""bid_quantity"":300,""ask_quantity"":840,""bid_orders"":4,""ask_orders"":1,""bid_price"":""155.50"",""ask_price"":""156.65""},{""bid_quantity"":420,""ask_quantity"":40,""bid_orders"":3,""ask_orders"":2,""bid_price"":""155.45"",""ask_price"":""157.05""},{""bid_quantity"":60,""ask_quantity"":180,""bid_orders"":2,""ask_orders"":2,""bid_price"":""155.40"",""ask_price"":""157.20""}]"
09:15:32.918,1790826332918937434,1544075472871381,Full Data,8,886620,245.60,40,09:15:32,,,266.13,886140,64640,4397760,731020,"[{""bid_quantity"":20,""ask_quantity"":40,""bid_orders"":1,""ask_orders"":1,""bid_price"":""245.60"",""ask_price"":""246.80""},{""bid_quantity"":100,""ask_quantity"":120,""bid_orders"":1,""ask_orders"":3,""bid_price"":""245.55"",""ask_price"":""246.85""},{""bid_quantity"":100,""ask_quantity"":40,""bid_orders"":1,""ask_orders"":1,""bid_price"":""245.40"",""ask_price"":""246.95""},{""bid_quantity"":40,""ask_quantity"":100,""bid_orders"":1,""ask_orders"":1,""bid_price"":""245.30"",""ask_price"":""247.20""},{""bid_quantity"":160,""ask_quantity"":140,""bid_orders"":2,""ask_orders"":2,""bid_price"":""245.25"",""ask_price"":""247.25""}]"
09:15:32.940,1790826332940469529,1544075494403876,Full Data,8,886961,452.15,20,09:15:32,,,430.84,44220,16940,4206140,36440,"[{""bid_quantity"":80,""ask_quantity"":40,""bid_orders"":2,""ask_orders"":2,""bid_price"":""444.30"",""ask_price"":""448.80""},{""bid_quantity"":160,""ask_quantity"":60,""bid_orders"":4,""ask_orders"":2,""bid_price"":""444.25"",""ask_price"":""448.85""},{""bid_quantity"":80,""ask_quantity"":40,""bid_orders"":4,""ask_orders"":2,""bid_price"":""444.20"",""ask_price"":""449.10""},{""bid_quantity"":20,""ask_quantity"":100,""bid_orders"":1,""ask_orders"":1,""bid_price"":""444.15"",""ask_price"":""449.15""},{""bid_quantity"":40,""ask_quantity"":80,""bid_orders"":2,""ask_orders"":1,""bid_price"":""444.10"",""ask_price"":""449.20""}]"
09:15:32.947,1790826332947379412,1544075501313359,Full Data,8,886620,246.00,60,09:15:32,,,266.13,886220,62320,4395580,731020,"[{""bid_quantity"":160,""ask_quantity"":140,""bid_orders"":1,""ask_orders"":4,""bid_price"":""245.90"",""ask_price"":""246.90""},{""bid_quantity"":40,""ask_quantity"":100,""bid_orders"":1,""ask_orders"":3,""bid_price"":""245.85"",""ask_price"":""246.95""},{""bid_quantity"":240,""ask_quantity"":100,""bid_orders"":3,""ask_orders"":1,""bid_price"":""245.80"",""ask_price"":""247.20""},{""bid_quantity"":40,""ask_quantity"":120,""bid_orders"":1,""ask_orders"":2,""bid_price"":""245.65"",""ask_price"":""247.35""},{""bid_quantity"":200,""ask_quantity"":40,""bid_orders"":5,""ask_orders"":2,""bid_price"":""245.55"",""ask_price"":""247.75""}]"
09:15:32.953,1790826332953254769,1544075507188756,Full Data,8,886461,122.60,100,09:15:32,,,123.51,1222640,96500,7520720,1682940,"[{""bid_quantity"":80,""ask_quantity"":60,""bid_orders"":1,""ask_orders"":1,""bid_price"":""121.45"",""ask_price"":""122.30""},{""bid_quantity"":60,""ask_quantity"":180,""bid_orders"":1,""ask_orders"":3,""bid_price"":""121.40"",""ask_price"":""122.35""},{""bid_quantity"":100,""ask_quantity"":160,""bid_orders"":1,""ask_orders"":1,""bid_price"":""121.35"",""ask_price"":""122.40""},{""bid_quantity"":160,""ask_quantity"":180,""bid_orders"":1,""ask_orders"":2,""bid_price"":""121.25"",""ask_price"":""122.45""},{""bid_quantity"":320,""ask_quantity"":40,""bid_orders"":2,""ask_orders"":1,""bid_price"":""121.20"",""ask_price"":""122.50""}]"
09:15:32.992,1790826332992148493,1544075546082480,Full Data,8,887253,310.10,20,09:15:32,,,297.15,320680,23620,5785180,55040,"[{""bid_quantity"":20,""ask_quantity"":120,""bid_orders"":1,""ask_orders"":1,""bid_price"":""307.45"",""ask_price"":""310.85""},{""bid_quantity"":20,""ask_quantity"":20,""bid_orders"":1,""ask_orders"":1,""bid_price"":""307.20"",""ask_price"":""310.90""},{""bid_quantity"":80,""ask_quantity"":20,""bid_orders"":1,""ask_orders"":1,""bid_price"":""306.55"",""ask_price"":""310.95""},{""bid_quantity"":120,""ask_quantity"":20,""bid_orders"":1,""ask_orders"":1,""bid_price"":""306.50"",""ask_price"":""311.05""},{""bid_quantity"":160,""ask_quantity"":20,""bid_orders"":1,""ask_orders"":1,""bid_price"":""305.95"",""ask_price"":""311.15""}]"
09:15:33.013,1790826333013736108,1544075567670055,Full Data,8,887253,310.25,120,09:15:33,,,297.17,321040,25440,5787880,55040,"[{""bid_quantity"":20,""ask_quantity"":40,""bid_orders"":1,""ask_orders"":1,""bid_price"":""310.55"",""ask_price"":""312.65""},{""bid_quantity"":20,""ask_quantity"":160,""bid_orders"":1,""ask_orders"":2,""bid_price"":""310.50"",""ask_price"":""312.70""},{""bid_quantity"":20,""ask_quantity"":120,""bid_orders"":1,""ask_orders"":4,""bid_price"":""310.40"",""ask_price"":""312.75""},{""bid_quantity"":80,""ask_quantity"":220,""bid_orders"":1,""ask_orders"":3,""bid_price"":""310.10"",""ask_price"":""312.90""},{""bid_quantity"":80,""ask_quantity"":140,""bid_orders"":1,""ask_orders"":5,""bid_price"":""310.05"",""ask_price"":""312.95""}]"
09:15:33.064,1790826333064580587,1544075618514574,Full Data,8,886790,122.35,20,09:15:33,,,137.58,2006740,154280,5483860,2100780,"[{""bid_quantity"":20,""ask_quantity"":20,""bid_orders"":1,""ask_orders"":1,""bid_price"":""122.10"",""ask_price"":""122.35""},{""bid_quantity"":80,""ask_quantity"":40,""bid_orders"":1,""ask_orders"":1,""bid_price"":""122.05"",""ask_price"":""122.55""},{""bid_quantity"":140,""ask_quantity"":40,""bid_orders"":2,""ask_orders"":1,""bid_price"":""122.00"",""ask_price"":""122.60""},{""bid_quantity"":80,""ask_quantity"":180,""bid_orders"":2,""ask_orders"":1,""bid_price"":""121.95"",""ask_price"":""122.75""},{""bid_quantity"":20,""ask_quantity"":20,""bid_orders"":1,""ask_orders"":1,""bid_price"":""121.85"",""ask_price"":""122.85""}]"
09:15:33.073,1790826333073758325,1544075627692312,Full Data,8,886790,121.95,120,09:15:33,,,137.57,2007080,154520,5482520,2100780,"[{""bid_quantity"":100,""ask_quantity"":40,""bid_orders"":2,""ask_orders"":1,""bid_price"":""121.75"",""ask_price"":""122.25""},{""bid_quantity"":20,""ask_quantity"":40,""bid_orders"":1,""ask_orders"":1,""bid_price"":""121.70"",""ask_price"":""122.30""},{""bid_quantity"":20,""ask_quantity"":20,""bid_orders"":1,""ask_orders"":1,""bid_price"":""121.60"",""ask_price"":""122.35""},{""bid_quantity"":500,""ask_quantity"":40,""bid_orders"":1,""ask_orders"":1,""bid_price"":""121.50"",""ask_price"":""122.55""},{""bid_quantity"":60,""ask_quantity"":40,""bid_orders"":1,""ask_orders"":1,""bid_price"":""121.25"",""ask_price"":""122.70""}]"
09:15:33.140,1790826333140418703,1544075694352730,Full Data,8,886589,374.75,20,09:15:33,,,353.57,431960,26300,6837180,194360,"[{""bid_quantity"":40,""ask_quantity"":20,""bid_orders"":1,""ask_orders"":1,""bid_price"":""372.00"",""ask_price"":""373.55""},{""bid_quantity"":40,""ask_quantity"":80,""bid_orders"":1,""ask_orders"":3,""bid_price"":""371.90"",""ask_price"":""373.60""},{""bid_quantity"":40,""ask_quantity"":100,""bid_orders"":1,""ask_orders"":2,""bid_price"":""371.80"",""ask_price"":""373.70""},{""bid_quantity"":100,""ask_quantity"":140,""bid_orders"":1,""ask_orders"":1,""bid_price"":""371.75"",""ask_price"":""373.75""},{""bid_quantity"":40,""ask_quantity"":80,""bid_orders"":1,""ask_orders"":1,""bid_price"":""371.70"",""ask_price"":""373.95""}]"
09:15:33.211,1790826333211044626,1544075764978773,Full Data,8,886589,378.60,40,09:15:33,,,353.60,432500,22980,6838740,194360,"[{""bid_quantity"":300,""ask_quantity"":80,""bid_orders"":8,""ask_orders"":1,""bid_price"":""375.30"",""ask_price"":""378.80""},{""bid_quantity"":100,""ask_quantity"":20,""bid_orders"":2,""ask_orders"":1,""bid_price"":""375.25"",""ask_price"":""378.85""},{""bid_quantity"":100,""ask_quantity"":40,""bid_orders"":5,""ask_orders"":1,""bid_price"":""375.20"",""ask_price"":""378.95""},{""bid_quantity"":100,""ask_quantity"":220,""bid_orders"":4,""ask_orders"":2,""bid_price"":""375.15"",""ask_price"":""379.00""},{""bid_quantity"":80,""ask_quantity"":80,""bid_orders"":4,""ask_orders"":1,""bid_price"":""375.10"",""ask_price"":""379.70""}]"
09:15:33.280,1790826333280010738,1544075833944725,Ticker Data,0,51,72305.51,,09:15:33,,,,,,,,
09:15:33.345,1790826333345367148,1544075899301095,Full Data,8,887080,153.10,60,09:15:33,,,155.82,775400,54700,4899720,530840,"[{""bid_quantity"":80,""ask_quantity"":40,""bid_orders"":1,""ask_orders"":1,""bid_price"":""152.55"",""ask_price"":""153.25""},{""bid_quantity"":20,""ask_quantity"":60,""bid_orders"":1,""ask_orders"":3,""bid_price"":""152.50"",""ask_price"":""153.45""},{""bid_quantity"":40,""ask_quantity"":40,""bid_orders"":1,""ask_orders"":1,""bid_price"":""152.45"",""ask_price"":""153.55""},{""bid_quantity"":60,""ask_quantity"":20,""bid_orders"":3,""ask_orders"":1,""bid_price"":""152.40"",""ask_price"":""153.60""},{""bid_quantity"":40,""ask_quantity"":120,""bid_orders"":2,""ask_orders"":2,""bid_price"":""152.35"",""ask_price"":""153.75""}]"
09:15:33.357,1790826333357684226,1544075911618133,Full Data,8,887279,309.10,40,09:15:33,,,337.66,506680,53900,4104160,793060,"[{""bid_quantity"":240,""ask_quantity"":100,""bid_orders"":4,""ask_orders"":2,""bid_price"":""308.15"",""ask_price"":""309.80""},{""bid_quantity"":340,""ask_quantity"":200,""bid_orders"":5,""ask_orders"":3,""bid_price"":""308.10"",""ask_price"":""309.85""},{""bid_quantity"":220,""ask_quantity"":40,""bid_orders"":4,""ask_orders"":2,""bid_price"":""308.05"",""ask_price"":""309.90""},{""bid_quantity"":80,""ask_quantity"":100,""bid_orders"":3,""ask_orders"":1,""bid_price"":""308.00"",""ask_price"":""310.00""},{""bid_quantity"":140,""ask_quantity"":100,""bid_orders"":4,""ask_orders"":1,""bid_price"":""307.95"",""ask_price"":""310.80""}]"
09:15:33.386,1790826333387001049,1544075940935196,Full Data,8,887216,202.90,40,09:15:33,,,219.98,1340160,77660,4470980,716360,"[{""bid_quantity"":320,""ask_quantity"":100,""bid_orders"":1,""ask_orders"":2,""bid_price"":""202.70"",""ask_price"":""203.70""},{""bid_quantity"":180,""ask_quantity"":200,""bid_orders"":3,""ask_orders"":1,""bid_price"":""202.65"",""ask_price"":""203.75""},{""bid_quantity"":320,""ask_quantity"":520,""bid_orders"":1,""ask_orders"":3,""bid_price"":""202.55"",""ask_price"":""203.85""},{""bid_quantity"":120,""ask_quantity"":40,""bid_orders"":2,""ask_orders"":1,""bid_price"":""202.50"",""ask_price"":""203.95""},{""bid_quantity"":160,""ask_quantity"":60,""bid_orders"":1,""ask_orders"":2,""bid_price"":""202.45"",""ask_price"":""204.15""}]"
09:15:33.436,1790826333436670441,1544075990604468,Full Data,8,887216,200.75,20,09:15:33,,,219.97,1340860,74740,4471120,716360,"[{""bid_quantity"":320,""ask_quantity"":60,""bid_orders"":3,""ask_orders"":2,""bid_price"":""200.15"",""ask_price"":""200.65""},{""bid_quantity"":340,""ask_quantity"":140,""bid_orders"":2,""ask_orders"":1,""bid_price"":""199.85"",""ask_price"":""200.70""},{""bid_quantity"":200,""ask_quantity"":60,""bid_orders"":3,""ask_orders"":3,""bid_price"":""199.80"",""ask_price"":""200.75""},{""bid_quantity"":20,""ask_quantity"":80,""bid_orders"":1,""ask_orders"":2,""bid_price"":""199.75"",""ask_price"":""200.80""},{""bid_quantity"":120,""ask_quantity"":140,""bid_orders"":2,""ask_orders"":2,""bid_price"":""199.65"",""ask_price"":""200.90""}]"
09:15:33.500,1790826333500671722,1544076054605909,Full Data,8,887306,199.00,200,09:15:33,,,202.46,853920,42040,5532840,240500,"[{""bid_quantity"":120,""ask_quantity"":20,""bid_orders"":3,""ask_orders"":1,""bid_price"":""198.85"",""ask_price"":""199.40""},{""bid_quantity"":60,""ask_quantity"":80,""bid_orders"":2,""ask_orders"":2,""bid_price"":""198.45"",""ask_price"":""199.45""},{""bid_quantity"":40,""ask_quantity"":60,""bid_orders"":1,""ask_orders"":2,""bid_price"":""198.40"",""ask_price"":""199.50""},{""bid_quantity"":100,""ask_quantity"":40,""bid_orders"":1,""ask_orders"":1,""bid_price"":""198.30"",""ask_price"":""199.55""},{""bid_quantity"":100,""ask_quantity"":80,""bid_orders"":1,""ask_orders"":2,""bid_price"":""198.15"",""ask_price"":""199.60""}]"
09:15:33.531,1790826333531178194,1544076085112461,Full Data,8,887306,198.55,20,09:15:33,,,202.45,856700,41680,5534220,240500,"[{""bid_quantity"":40,""ask_quantity"":200,""bid_orders"":1,""ask_orders"":3,""bid_price"":""198.45"",""ask_price"":""199.30""},{""bid_quantity"":120,""ask_quantity"":60,""bid_orders"":6,""ask_orders"":2,""bid_price"":""198.40"",""ask_price"":""199.35""},{""bid_quantity"":40,""ask_quantity"":180,""bid_orders"":2,""ask_orders"":2,""bid_price"":""198.20"",""ask_price"":""199.45""},{""bid_quantity"":100,""ask_quantity"":60,""bid_orders"":1,""ask_orders"":3,""bid_price"":""198.15"",""ask_price"":""199.50""},{""bid_quantity"":60,""ask_quantity"":140,""bid_orders"":1,""ask_orders"":2,""bid_price"":""198.05"",""ask_price"":""199.60""}]"
09:15:33.685,1790826333685684923,1544076239619150,Full Data,8,886671,91.80,60,09:15:33,,,105.64,821100,48920,2991000,570580,"[{""bid_quantity"":60,""ask_quantity"":40,""bid_orders"":2,""ask_orders"":2,""bid_price"":""91.90"",""ask_price"":""92.35""},{""bid_quantity"":80,""ask_quantity"":40,""bid_orders"":3,""ask_orders"":2,""bid_price"":""91.85"",""ask_price"":""92.50""},{""bid_quantity"":120,""ask_quantity"":40,""bid_orders"":2,""ask_orders"":2,""bid_price"":""91.80"",""ask_price"":""92.60""},{""bid_quantity"":40,""ask_quantity"":20,""bid_orders"":2,""ask_orders"":1,""bid_price"":""91.60"",""ask_price"":""92.70""},{""bid_quantity"":40,""ask_quantity"":20,""bid_orders"":2,""ask_orders"":1,""bid_price"":""91.55"",""ask_price"":""92.75""}]"
09:15:33.698,1790826333698557324,1544076252491231,Full Data,8,886671,94.15,60,09:15:33,,,105.62,822100,54060,2991940,570580,"[{""bid_quantity"":80,""ask_quantity"":40,""bid_orders"":1,""ask_orders"":1,""bid_price"":""92.40"",""ask_price"":""92.95""},{""bid_quantity"":160,""ask_quantity"":80,""bid_orders"":3,""ask_orders"":2,""bid_price"":""92.35"",""ask_price"":""93.00""},{""bid_quantity"":140,""ask_quantity"":100,""bid_orders"":4,""ask_orders"":2,""bid_price"":""92.30"",""ask_price"":""93.20""},{""bid_quantity"":220,""ask_quantity"":80,""bid_orders"":4,""ask_orders"":2,""bid_price"":""92.25"",""ask_price"":""93.25""},{""bid_quantity"":160,""ask_quantity"":80,""bid_orders"":3,""ask_orders"":1,""bid_price"":""92.20"",""ask_price"":""93.30""}]"
09:15:33.701,1790826333701108540,1544076255042367,Full Data,8,886685,363.70,20,09:15:33,,,401.41,616460,62440,5653520,1793000,"[{""bid_quantity"":120,""ask_quantity"":80,""bid_orders"":1,""ask_orders"":2,""bid_price"":""361.80"",""ask_price"":""363.95""},{""bid_quantity"":180,""ask_quantity"":40,""bid_orders"":2,""ask_orders"":2,""bid_price"":""361.75"",""ask_price"":""364.00""},{""bid_quantity"":260,""ask_quantity"":120,""bid_orders"":5,""ask_orders"":2,""bid_price"":""361.70"",""ask_price"":""364.65""},{""bid_quantity"":160,""ask_quantity"":120,""bid_orders"":1,""ask_orders"":2,""bid_price"":""361.65"",""ask_price"":""365.70""},{""bid_quantity"":40,""ask_quantity"":40,""bid_orders"":1,""ask_orders"":1,""bid_price"":""361.60"",""ask_price"":""365.75""}]"
09:15:33.818,1790826333818476036,1544076372410383,Full Data,8,886659,260.05,20,09:15:33,,,249.20,919760,39820,6089840,138720,"[{""bid_quantity"":20,""ask_quantity"":20,""bid_orders"":1,""ask_orders"":1,""bid_price"":""257.95"",""ask_price"":""259.10""},{""bid_quantity"":140,""ask_quantity"":120,""bid_orders"":1,""ask_orders"":1,""bid_price"":""257.60"",""ask_price"":""259.15""},{""bid_quantity"":80,""ask_quantity"":440,""bid_orders"":1,""ask_orders"":3,""bid_price"":""257.50"",""ask_price"":""259.20""},{""bid_quantity"":160,""ask_quantity"":360,""bid_orders"":1,""ask_orders"":3,""bid_price"":""256.50"",""ask_price"":""259.25""},{""bid_quantity"":60,""ask_quantity"":240,""bid_orders"":1,""ask_orders"":4,""bid_price"":""256.30"",""ask_price"":""259.30""}]"
09:15:33.859,1790826333859173131,1544076413107158,Full Data,8,886540,153.90,40,09:15:33,,,175.88,890940,71680,3767580,632060,"[{""bid_quantity"":40,""ask_quantity"":60,""bid_orders"":2,""ask_orders"":3,""bid_price"":""153.70"",""ask_price"":""154.15""},{""bid_quantity"":80,""ask_quantity"":180,""bid_orders"":2,""ask_orders"":2,""bid_price"":""153.65"",""ask_price"":""154.20""},{""bid_quantity"":180,""ask_quantity"":80,""bid_orders"":2,""ask_orders"":4,""bid_price"":""153.50"",""ask_price"":""154.25""},{""bid_quantity"":60,""ask_quantity"":220,""bid_orders"":3,""ask_orders"":5,""bid_price"":""153.45"",""ask_price"":""154.30""},{""bid_quantity"":20,""ask_quantity"":40,""bid_orders"":1,""ask_orders"":2,""bid_price"":""153.35"",""ask_price"":""154.35""}]"
09:15:33.898,1790826333898415377,1544076452349404,Full Data,8,886961,459.70,20,09:15:33,,,431.13,45160,15080,4206040,36440,"[{""bid_quantity"":40,""ask_quantity"":20,""bid_orders"":1,""ask_orders"":1,""bid_price"":""455.95"",""ask_price"":""458.60""},{""bid_quantity"":60,""ask_quantity"":160,""bid_orders"":3,""ask_orders"":2,""bid_price"":""455.90"",""ask_price"":""458.65""},{""bid_quantity"":20,""ask_quantity"":40,""bid_orders"":1,""ask_orders"":2,""bid_price"":""455.85"",""ask_price"":""458.80""},{""bid_quantity"":180,""ask_quantity"":60,""bid_orders"":3,""ask_orders"":3,""bid_price"":""455.75"",""ask_price"":""458.85""},{""bid_quantity"":80,""ask_quantity"":40,""bid_orders"":4,""ask_orders"":2,""bid_price"":""455.70"",""ask_price"":""458.95""}]"
09:15:33.929,1790826333929655093,1544076483589080,Full Data,8,886620,242.70,20,09:15:33,,,265.34,922460,66160,4400960,731020,"[{""bid_quantity"":40,""ask_quantity"":60,""bid_orders"":1,""ask_orders"":2,""bid_price"":""241.60"",""ask_price"":""242.50""},{""bid_quantity"":220,""ask_quantity"":120,""bid_orders"":2,""ask_orders"":4,""bid_price"":""241.55"",""ask_price"":""242.55""},{""bid_quantity"":320,""ask_quantity"":60,""bid_orders"":3,""ask_orders"":3,""bid_price"":""241.50"",""ask_price"":""242.60""},{""bid_quantity"":80,""ask_quantity"":20,""bid_orders"":1,""ask_orders"":1,""bid_price"":""241.45"",""ask_price"":""242.65""},{""bid_quantity"":160,""ask_quantity"":20,""bid_orders"":1,""ask_orders"":1,""bid_price"":""241.40"",""ask_price"":""242.70""}]"
09:15:33.953,1790826333953765084,1544076507698951,Full Data,8,886659,260.45,40,09:15:33,,,249.21,921100,39200,6091000,138720,"[{""bid_quantity"":320,""ask_quantity"":100,""bid_orders"":1,""ask_orders"":1,""bid_price"":""259.60"",""ask_price"":""260.45""},{""bid_quantity"":40,""ask_quantity"":120,""bid_orders"":1,""ask_orders"":2,""bid_price"":""259.55"",""ask_price"":""260.70""},{""bid_quantity"":380,""ask_quantity"":100,""bid_orders"":3,""ask_orders"":1,""bid_price"":""259.50"",""ask_price"":""260.75""},{""bid_quantity"":20,""ask_quantity"":20,""bid_orders"":1,""ask_orders"":1,""bid_price"":""259.45"",""ask_price"":""260.80""},{""bid_quantity"":160,""ask_quantity"":20,""bid_orders"":1,""ask_orders"":1,""bid_price"":""259.35"",""ask_price"":""261.05""}]"
09:15:33.959,1790826333959291719,1544076513225706,Full Data,8,886461,128.45,20,09:15:33,,,123.51,1252320,88280,7527480,1682940,"[{""bid_quantity"":220,""ask_quantity"":100,""bid_orders"":2,""ask_orders"":1,""bid_price"":""128.00"",""ask_price"":""128.70""},{""bid_quantity"":180,""ask_quantity"":280,""bid_orders"":2,""ask_orders"":4,""bid_price"":""127.95"",""ask_price"":""128.90""},{""bid_quantity"":200,""ask_quantity"":100,""bid_orders"":3,""ask_orders"":2,""bid_price"":""127.80"",""ask_price"":""128.95""},{""bid_quantity"":140,""ask_quantity"":60,""bid_orders"":1,""ask_orders"":1,""bid_price"":""127.65"",""ask_price"":""129.05""},{""bid_quantity"":40,""ask_quantity"":160,""bid_orders"":1,""ask_orders"":1,""bid_price"":""127.60"",""ask_price"":""129.15""}]"
09:15:33.989,1790826333989992031,1544076543925978,Full Data,8,886620,240.55,80,09:15:33,,,265.31,923420,65540,4402600,731020,"[{""bid_quantity"":140,""ask_quantity"":100,""bid_orders"":3,""ask_orders"":1,""bid_price"":""240.50"",""ask_price"":""241.30""},{""bid_quantity"":120,""ask_quantity"":40,""bid_orders"":2,""ask_orders"":1,""bid_price"":""240.30"",""ask_price"":""241.35""},{""bid_quantity"":80,""ask_quantity"":180,""bid_orders"":1,""ask_orders"":2,""bid_price"":""240.20"",""ask_price"":""241.40""},{""bid_quantity"":60,""ask_quantity"":40,""bid_orders"":1,""ask_orders"":2,""bid_price"":""240.05"",""ask_price"":""241.45""},{""bid_quantity"":120,""ask_quantity"":20,""bid_orders"":3,""ask_orders"":1,""bid_price"":""240.00"",""ask_price"":""241.50""}]"
09:15:33.991,1790826333991682762,1544076545616669,Full Data,8,886540,152.35,100,09:15:33,,,175.86,891780,72700,3766340,632060,"[{""bid_quantity"":60,""ask_quantity"":120,""bid_orders"":1,""ask_orders"":2,""bid_price"":""152.10"",""ask_price"":""152.85""},{""bid_quantity"":100,""ask_quantity"":420,""bid_orders"":3,""ask_orders"":3,""bid_price"":""152.05"",""ask_price"":""152.90""},{""bid_quantity"":80,""ask_quantity"":260,""bid_orders"":1,""ask_orders"":3,""bid_price"":""152.00"",""ask_price"":""152.95""},{""bid_quantity"":100,""ask_quantity"":300,""bid_orders"":1,""ask_orders"":4,""bid_price"":""151.60"",""ask_price"":""153.00""},{""bid_quantity"":400,""ask_quantity"":20,""bid_orders"":2,""ask_orders"":1,""bid_price"":""151.45"",""ask_price"":""153.05""}]"
09:15:34.018,1790826334018136408,1544076572070355,Full Data,8,886961,458.50,60,09:15:33,,,431.16,45220,13920,4206080,36440,"[{""bid_quantity"":40,""ask_quantity"":60,""bid_orders"":2,""ask_orders"":1,""bid_price"":""459.25"",""ask_price"":""463.60""},{""bid_quantity"":60,""ask_quantity"":20,""bid_orders"":3,""ask_orders"":1,""bid_price"":""459.20"",""ask_price"":""464.50""},{""bid_quantity"":180,""ask_quantity"":80,""bid_orders"":5,""ask_orders"":1,""bid_price"":""459.15"",""ask_price"":""464.55""},{""bid_quantity"":60,""ask_quantity"":40,""bid_orders"":3,""ask_orders"":1,""bid_price"":""459.05"",""ask_price"":""465.35""},{""bid_quantity"":40,""ask_quantity"":200,""bid_orders"":2,""ask_orders"":1,""bid_price"":""459.00"",""ask_price"":""465.75""}]"
09:15:34.018,1790826334018247849,1544076572181476,Full Data,8,886461,129.75,20,09:15:33,,,123.52,1254200,88660,7527140,1682940,"[{""bid_quantity"":140,""ask_quantity"":40,""bid_orders"":1,""ask_orders"":1,""bid_price"":""129.60"",""ask_price"":""130.25""},{""bid_quantity"":20,""ask_quantity"":160,""bid_orders"":1,""ask_orders"":1,""bid_price"":""129.55"",""ask_price"":""130.30""},{""bid_quantity"":40,""ask_quantity"":40,""bid_orders"":1,""ask_orders"":1,""bid_price"":""129.50"",""ask_price"":""130.35""},{""bid_quantity"":60,""ask_quantity"":40,""bid_orders"":2,""ask_orders"":1,""bid_price"":""129.45"",""ask_price"":""130.45""},{""bid_quantity"":40,""ask_quantity"":140,""bid_orders"":1,""ask_orders"":3,""bid_price"":""129.35"",""ask_price"":""130.50""}]"
09:15:34.050,1790826334050822293,1544076604756320,Full Data,8,887253,319.80,20,09:15:34,,,297.39,326180,20800,5787000,55040,"[{""bid_quantity"":40,""ask_quantity"":40,""bid_orders"":2,""ask_orders"":1,""bid_price"":""319.20"",""ask_price"":""320.35""},{""bid_quantity"":120,""ask_quantity"":120,""bid_orders"":3,""ask_orders"":2,""bid_price"":""318.95"",""ask_price"":""320.40""},{""bid_quantity"":120,""ask_quantity"":60,""bid_orders"":2,""ask_orders"":2,""bid_price"":""318.80"",""ask_price"":""320.45""},{""bid_quantity"":100,""ask_quantity"":120,""bid_orders"":1,""ask_orders"":3,""bid_price"":""318.60"",""ask_price"":""320.55""},{""bid_quantity"":60,""ask_quantity"":80,""bid_orders"":2,""ask_orders"":2,""bid_price"":""318.55"",""ask_price"":""320.60""}]"
09:15:34.088,1790826334088115207,1544076642049314,Full Data,8,886790,120.50,100,09:15:34,,,137.22,2052920,152740,5541460,2100780,"[{""bid_quantity"":80,""ask_quantity"":80,""bid_orders"":2,""ask_orders"":1,""bid_price"":""120.30"",""ask_price"":""120.50""},{""bid_quantity"":280,""ask_quantity"":60,""bid_orders"":3,""ask_orders"":2,""bid_price"":""120.25"",""ask_price"":""120.55""},{""bid_quantity"":20,""ask_quantity"":100,""bid_orders"":1,""ask_orders"":4,""bid_price"":""120.20"",""ask_price"":""120.65""},{""bid_quantity"":240,""ask_quantity"":340,""bid_orders"":3,""ask_orders"":2,""bid_price"":""120.10"",""ask_price"":""120.80""},{""bid_quantity"":60,""ask_quantity"":140,""bid_orders"":3,""ask_orders"":2,""bid_price"":""120.05"",""ask_price"":""120.90""}]"
09:15:34.089,1790826334089161693,1544076643095600,Full Data,8,886790,120.55,20,09:15:34,,,137.22,2052940,152720,5541200,2100780,"[{""bid_quantity"":60,""ask_quantity"":20,""bid_orders"":1,""ask_orders"":1,""bid_price"":""120.45"",""ask_price"":""120.55""},{""bid_quantity"":80,""ask_quantity"":100,""bid_orders"":2,""ask_orders"":4,""bid_price"":""120.40"",""ask_price"":""120.65""},{""bid_quantity"":300,""ask_quantity"":20,""bid_orders"":4,""ask_orders"":1,""bid_price"":""120.30"",""ask_price"":""120.70""},{""bid_quantity"":60,""ask_quantity"":80,""bid_orders"":1,""ask_orders"":1,""bid_price"":""120.25"",""ask_price"":""120.75""},{""bid_quantity"":60,""ask_quantity"":200,""bid_orders"":2,""ask_orders"":1,""bid_price"":""120.20"",""ask_price"":""120.80""}]"
09:15:34.111,1790826334111423393,1544076665357340,Full Data,8,887253,320.15,20,09:15:34,,,297.44,326840,21260,5786120,55040,"[{""bid_quantity"":60,""ask_quantity"":720,""bid_orders"":3,""ask_orders"":8,""bid_price"":""319.20"",""ask_price"":""321.20""},{""bid_quantity"":80,""ask_quantity"":80,""bid_orders"":1,""ask_orders"":2,""bid_price"":""318.00"",""ask_price"":""321.25""},{""bid_quantity"":80,""ask_quantity"":20,""bid_orders"":1,""ask_orders"":1,""bid_price"":""317.40"",""ask_price"":""321.30""},{""bid_quantity"":60,""ask_quantity"":40,""bid_orders"":1,""ask_orders"":1,""bid_price"":""317.35"",""ask_price"":""321.40""},{""bid_quantity"":20,""ask_quantity"":40,""bid_orders"":1,""ask_orders"":1,""bid_price"":""317.30"",""ask_price"":""321.50""}]"
09:15:34.213,1790826334213060111,1544076766994378,Full Data,8,886589,385.05,100,09:15:34,,,354.03,440240,23060,6852080,194360,"[{""bid_quantity"":40,""ask_quantity"":140,""bid_orders"":1,""ask_orders"":1,""bid_price"":""385.05"",""ask_price"":""386.55""},{""bid_quantity"":100,""ask_quantity"":40,""bid_orders"":2,""ask_orders"":2,""bid_price"":""385.00"",""ask_price"":""386.65""},{""bid_quantity"":60,""ask_quantity"":40,""bid_orders"":2,""ask_orders"":1,""bid_price"":""384.95"",""ask_price"":""387.10""},{""bid_quantity"":100,""ask_quantity"":40,""bid_orders"":2,""ask_orders"":2,""bid_price"":""384.90"",""ask_price"":""387.15""},{""bid_quantity"":40,""ask_quantity"":80,""bid_orders"":1,""ask_orders"":1,""bid_price"":""384.85"",""ask_price"":""387.40""}]"
09:15:34.272,1790826334272823245,1544076826757632,Ticker Data,0,51,72300.35,,09:15:34,,,,,,,,
09:15:34.355,1790826334355907567,1544076909841634,Full Data,8,887080,163.85,60,09:15:34,,,155.96,794060,50920,4963000,530840,"[{""bid_quantity"":320,""ask_quantity"":60,""bid_orders"":2,""ask_orders"":3,""bid_price"":""163.50"",""ask_price"":""164.35""},{""bid_quantity"":80,""ask_quantity"":40,""bid_orders"":3,""ask_orders"":2,""bid_price"":""163.45"",""ask_price"":""164.50""},{""bid_quantity"":60,""ask_quantity"":40,""bid_orders"":2,""ask_orders"":2,""bid_price"":""163.40"",""ask_price"":""164.65""},{""bid_quantity"":60,""ask_quantity"":80,""bid_orders"":2,""ask_orders"":1,""bid_price"":""163.35"",""ask_price"":""164.75""},{""bid_quantity"":200,""ask_quantity"":60,""bid_orders"":3,""ask_orders"":3,""bid_price"":""163.30"",""ask_price"":""164.80""}]"
09:15:34.420,1790826334420198410,1544076974132637,Full Data,8,887279,298.55,20,09:15:34,,,337.08,514480,54640,4105220,793060,"[{""bid_quantity"":20,""ask_quantity"":160,""bid_orders"":1,""ask_orders"":4,""bid_price"":""296.80"",""ask_price"":""298.35""},{""bid_quantity"":140,""ask_quantity"":140,""bid_orders"":3,""ask_orders"":4,""bid_price"":""296.70"",""ask_price"":""298.40""},{""bid_quantity"":100,""ask_quantity"":20,""bid_orders"":2,""ask_orders"":1,""bid_price"":""296.65"",""ask_price"":""298.45""},{""bid_quantity"":60,""ask_quantity"":120,""bid_orders"":2,""ask_orders"":1,""bid_price"":""296.55"",""ask_price"":""298.55""},{""bid_quantity"":20,""ask_quantity"":80,""bid_orders"":1,""ask_orders"":1,""bid_price"":""296.50"",""ask_price"":""298.65""}]"
09:15:34.421,1790826334421058575,1544076974992602,Full Data,8,887080,164.65,20,09:15:34,,,155.97,795380,51000,4973120,530840,"[{""bid_quantity"":20,""ask_quantity"":80,""bid_orders"":1,""ask_orders"":3,""bid_price"":""164.10"",""ask_price"":""164.70""},{""bid_quantity"":40,""ask_quantity"":100,""bid_orders"":2,""ask_orders"":2,""bid_price"":""164.05"",""ask_price"":""164.75""},{""bid_quantity"":40,""ask_quantity"":60,""bid_orders"":2,""ask_orders"":3,""bid_price"":""163.85"",""ask_price"":""164.80""},{""bid_quantity"":120,""ask_quantity"":20,""bid_orders"":2,""ask_orders"":1,""bid_price"":""163.60"",""ask_price"":""164.85""},{""bid_quantity"":100,""ask_quantity"":100,""bid_orders"":2,""ask_orders"":1,""bid_price"":""163.55"",""ask_price"":""164.90""}]"
09:15:34.480,1790826334480571988,1544077034506095,Full Data,8,887216,197.25,40,09:15:34,,,219.52,1366440,69060,4494520,716360,"[{""bid_quantity"":20,""ask_quantity"":320,""bid_orders"":1,""ask_orders"":3,""bid_price"":""195.30"",""ask_price"":""197.30""},{""bid_quantity"":360,""ask_quantity"":80,""bid_orders"":2,""ask_orders"":2,""bid_price"":""194.85"",""ask_price"":""197.35""},{""bid_quantity"":80,""ask_quantity"":80,""bid_orders"":3,""ask_orders"":1,""bid_price"":""194.80"",""ask_price"":""198.00""},{""bid_quantity"":180,""ask_quantity"":40,""bid_orders"":4,""ask_orders"":1,""bid_price"":""194.75"",""ask_price"":""198.10""},{""bid_quantity"":20,""ask_quantity"":40,""bid_orders"":1,""ask_orders"":1,""bid_price"":""194.70"",""ask_price"":""198.20""}]"
09:15:34.496,1790826334496527449,1544077050461636,Full Data,8,887216,196.60,40,09:15:34,,,219.49,1368120,71140,4493400,716360,"[{""bid_quantity"":60,""ask_quantity"":40,""bid_orders"":1,""ask_orders"":1,""bid_price"":""196.60"",""ask_price"":""197.55""},{""bid_quantity"":440,""ask_quantity"":60,""bid_orders"":4,""ask_orders"":2,""bid_price"":""196.55"",""ask_price"":""197.60""},{""bid_quantity"":140,""ask_quantity"":20,""bid_orders"":3,""ask_orders"":1,""bid_price"":""196.50"",""ask_price"":""197.65""},{""bid_quantity"":160,""ask_quantity"":20,""bid_orders"":2,""ask_orders"":1,""bid_price"":""196.45"",""ask_price"":""197.75""},{""bid_quantity"":40,""ask_quantity"":20,""bid_orders"":1,""ask_orders"":1,""bid_price"":""196.40"",""ask_price"":""197.80""}]"
09:15:34.564,1790826334564433714,1544077118367821,Full Data,8,887306,207.50,20,09:15:34,,,202.58,883680,36700,5540660,240500,"[{""bid_quantity"":80,""ask_quantity"":20,""bid_orders"":3,""ask_orders"":1,""bid_price"":""205.50"",""ask_price"":""207.20""},{""bid_quantity"":360,""ask_quantity"":60,""bid_orders"":5,""ask_orders"":2,""bid_price"":""205.35"",""ask_price"":""207.35""},{""bid_quantity"":100,""ask_quantity"":140,""bid_orders"":3,""ask_orders"":3,""bid_price"":""205.30"",""ask_price"":""207.40""},{""bid_quantity"":460,""ask_quantity"":240,""bid_orders"":4,""ask_orders"":4,""bid_price"":""205.25"",""ask_price"":""207.45""},{""bid_quantity"":60,""ask_quantity"":40,""bid_orders"":2,""ask_orders"":1,""bid_price"":""205.20"",""ask_price"":""207.55""}]"
09:15:34.575,1790826334575244142,1544077129178169,Full Data,8,887306,205.30,80,09:15:34,,,202.58,884380,35600,5539540,240500,"[{""bid_quantity"":80,""ask_quantity"":640,""bid_orders"":4,""ask_orders"":1,""bid_price"":""205.20"",""ask_price"":""205.50""},{""bid_quantity"":20,""ask_quantity"":20,""bid_orders"":1,""ask_orders"":1,""bid_price"":""205.15"",""ask_price"":""205.75""},{""bid_quantity"":20,""ask_quantity"":20,""bid_orders"":1,""ask_orders"":1,""bid_price"":""205.10"",""ask_price"":""205.80""},{""bid_quantity"":100,""ask_quantity"":40,""bid_orders"":4,""ask_orders"":1,""bid_price"":""205.05"",""ask_price"":""205.85""},{""bid_quantity"":240,""ask_quantity"":40,""bid_orders"":4,""ask_orders"":1,""bid_price"":""204.90"",""ask_price"":""205.95""}]"
09:15:34.687,1790826334687888329,1544077241822716,Full Data,8,886671,92.10,20,09:15:34,,,105.34,840240,53200,3069120,570580,"[{""bid_quantity"":40,""ask_quantity"":20,""bid_orders"":1,""ask_orders"":1,""bid_price"":""91.60"",""ask_price"":""91.90""},{""bid_quantity"":60,""ask_quantity"":160,""bid_orders"":3,""ask_orders"":1,""bid_price"":""91.55"",""ask_price"":""91.95""},{""bid_quantity"":80,""ask_quantity"":80,""bid_orders"":3,""ask_orders"":1,""bid_price"":""91.50"",""ask_price"":""92.25""},{""bid_quantity"":40,""ask_quantity"":80,""bid_orders"":2,""ask_orders"":1,""bid_price"":""91.40"",""ask_price"":""92.35""},{""bid_quantity"":160,""ask_quantity"":260,""bid_orders"":1,""ask_orders"":3,""bid_price"":""91.35"",""ask_price"":""92.40""}]"
09:15:34.702,1790826334702714742,1544077256648649,Full Data,8,886671,91.85,40,09:15:34,,,105.34,840280,53080,3069260,570580,"[{""bid_quantity"":40,""ask_quantity"":20,""bid_orders"":1,""ask_orders"":1,""bid_price"":""91.70"",""ask_price"":""92.10""},{""bid_quantity"":40,""ask_quantity"":20,""bid_orders"":2,""ask_orders"":1,""bid_price"":""91.65"",""ask_price"":""92.15""},{""bid_quantity"":60,""ask_quantity"":100,""bid_orders"":3,""ask_orders"":2,""bid_price"":""91.60"",""ask_price"":""92.20""},{""bid_quantity"":120,""ask_quantity"":120,""bid_orders"":5,""ask_orders"":3,""bid_price"":""91.50"",""ask_price"":""92.25""},{""bid_quantity"":40,""ask_quantity"":320,""bid_orders"":2,""ask_orders"":2,""bid_price"":""91.40"",""ask_price"":""92.40""}]"
09:15:34.703,1790826334703212625,1544077257146572,Full Data,8,886685,362.10,20,09:15:34,,,400.90,624620,64320,5721100,1793000,"[{""bid_quantity"":320,""ask_quantity"":60,""bid_orders"":4,""ask_orders"":1,""bid_price"":""360.20"",""ask_price"":""362.00""},{""bid_quantity"":160,""ask_quantity"":100,""bid_orders"":1,""ask_orders"":2,""bid_price"":""360.15"",""ask_price"":""362.20""},{""bid_quantity"":100,""ask_quantity"":160,""bid_orders"":3,""ask_orders"":3,""bid_price"":""360.10"",""ask_price"":""362.25""},{""bid_quantity"":180,""ask_quantity"":100,""bid_orders"":4,""ask_orders"":1,""bid_price"":""360.05"",""ask_price"":""362.50""},{""bid_quantity"":440,""ask_quantity"":80,""bid_orders"":3,""ask_orders"":2,""bid_price"":""360.00"",""ask_price"":""362.70""}]"
09:15:34.912,1790826334912309176,1544077466243523,Full Data,8,886659,257.10,20,09:15:34,,,249.40,937880,42340,6091180,138720,"[{""bid_quantity"":20,""ask_quantity"":20,""bid_orders"":1,""ask_orders"":1,""bid_price"":""257.10"",""ask_price"":""257.75""},{""bid_quantity"":320,""ask_quantity"":80,""bid_orders"":1,""ask_orders"":1,""bid_price"":""257.05"",""ask_price"":""258.35""},{""bid_quantity"":160,""ask_quantity"":200,""bid_orders"":1,""ask_orders"":2,""bid_price"":""257.00"",""ask_price"":""258.40""},{""bid_quantity"":380,""ask_quantity"":180,""bid_orders"":4,""ask_orders"":2,""bid_price"":""256.95"",""ask_price"":""258.45""},{""bid_quantity"":20,""ask_quantity"":420,""bid_orders"":1,""ask_orders"":2,""bid_price"":""256.90"",""ask_price"":""258.50""}]"
09:15:34.951,1790826334951514062,1544077505448089,Full Data,8,886620,243.55,120,09:15:34,,,264.55,956200,63360,4402660,731020,"[{""bid_quantity"":240,""ask_quantity"":20,""bid_orders"":2,""ask_orders"":1,""bid_price"":""243.50"",""ask_price"":""244.20""},{""bid_quantity"":120,""ask_quantity"":60,""bid_orders"":4,""ask_orders"":2,""bid_price"":""243.45"",""ask_price"":""244.80""},{""bid_quantity"":120,""ask_quantity"":220,""bid_orders"":4,""ask_orders"":11,""bid_price"":""243.35"",""ask_price"":""244.85""},{""bid_quantity"":180,""ask_quantity"":40,""bid_orders"":4,""ask_orders"":2,""bid_price"":""243.30"",""ask_price"":""244.90""},{""bid_quantity"":260,""ask_quantity"":20,""bid_orders"":5,""ask_orders"":1,""bid_price"":""243.25"",""ask_price"":""245.00""}]"
09:15:34.965,1790826334965378109,1544077519312176,Full Data,8,886540,155.10,80,09:15:34,,,175.51,906540,75500,3771760,632060,"[{""bid_quantity"":160,""ask_quantity"":100,""bid_orders"":1,""ask_orders"":4,""bid_price"":""154.90"",""ask_price"":""155.50""},{""bid_quantity"":420,""ask_quantity"":60,""bid_orders"":5,""ask_orders"":1,""bid_price"":""154.85"",""ask_price"":""155.75""},{""bid_quantity"":280,""ask_quantity"":200,""bid_orders"":2,""ask_orders"":10,""bid_price"":""154.80"",""ask_price"":""155.80""},{""bid_quantity"":240,""ask_quantity"":180,""bid_orders"":2,""ask_orders"":2,""bid_price"":""154.75"",""ask_price"":""155.85""},{""bid_quantity"":400,""ask_quantity"":20,""bid_orders"":9,""ask_orders"":1,""bid_price"":""154.70"",""ask_price"":""155.90""}]"
09:15:34.998,1790826334998297396,1544077552231543,Full Data,8,886620,244.35,20,09:15:34,,,264.52,957520,64800,4403940,731020,"[{""bid_quantity"":140,""ask_quantity"":80,""bid_orders"":4,""ask_orders"":2,""bid_price"":""244.40"",""ask_price"":""245.60""},{""bid_quantity"":440,""ask_quantity"":80,""bid_orders"":6,""ask_orders"":3,""bid_price"":""244.35"",""ask_price"":""245.65""},{""bid_quantity"":460,""ask_quantity"":60,""bid_orders"":3,""ask_orders"":2,""bid_price"":""244.30"",""ask_price"":""245.70""},{""bid_quantity"":200,""ask_quantity"":120,""bid_orders"":2,""ask_orders"":4,""bid_price"":""244.25"",""ask_price"":""245.75""},{""bid_quantity"":360,""ask_quantity"":60,""bid_orders"":5,""ask_orders"":2,""bid_price"":""244.20"",""ask_price"":""245.85""}]"
09:15:35.004,1790826335004766876,1544077558700783,Full Data,8,886961,455.25,40,09:15:34,,,431.72,46200,17880,4206580,36440,"[{""bid_quantity"":20,""ask_quantity"":60,""bid_orders"":1,""ask_orders"":3,""bid_price"":""452.40"",""ask_price"":""454.15""},{""bid_quantity"":20,""ask_quantity"":40,""bid_orders"":1,""ask_orders"":2,""bid_price"":""452.35"",""ask_price"":""454.35""},{""bid_quantity"":40,""ask_quantity"":20,""bid_orders"":2,""ask_orders"":1,""bid_price"":""452.30"",""ask_price"":""454.45""},{""bid_quantity"":20,""ask_quantity"":40,""bid_orders"":1,""ask_orders"":2,""bid_price"":""452.25"",""ask_price"":""454.60""},{""bid_quantity"":20,""ask_quantity"":20,""bid_orders"":1,""ask_orders"":1,""bid_price"":""452.15"",""ask_price"":""454.70""}]"
09:15:35.008,1790826335008354619,1544077562288446,Full Data,8,886461,126.25,60,09:15:34,,,123.60,1283100,96040,7527840,1682940,"[{""bid_quantity"":160,""ask_quantity"":200,""bid_orders"":1,""ask_orders"":5,""bid_price"":""125.55"",""ask_price"":""126.25""},{""bid_quantity"":200,""ask_quantity"":220,""bid_orders"":2,""ask_orders"":3,""bid_price"":""125.50"",""ask_price"":""126.30""},{""bid_quantity"":20,""ask_quantity"":160,""bid_orders"":1,""ask_orders"":1,""bid_price"":""125.45"",""ask_price"":""126.35""},{""bid_quantity"":80,""ask_quantity"":120,""bid_orders"":2,""ask_orders"":2,""bid_price"":""125.40"",""ask_price"":""126.40""},{""bid_quantity"":140,""ask_quantity"":80,""bid_orders"":4,""ask_orders"":1,""bid_price"":""125.30"",""ask_price"":""126.45""}]"
09:15:35.055,1790826335055182353,1544077609116420,Full Data,8,886540,155.45,20,09:15:34,,,175.51,906700,75420,3772020,632060,"[{""bid_quantity"":160,""ask_quantity"":180,""bid_orders"":2,""ask_orders"":9,""bid_price"":""155.50"",""ask_price"":""155.80""},{""bid_quantity"":1000,""ask_quantity"":20,""bid_orders"":2,""ask_orders"":1,""bid_price"":""155.45"",""ask_price"":""155.90""},{""bid_quantity"":260,""ask_quantity"":40,""bid_orders"":4,""ask_orders"":2,""bid_price"":""155.40"",""ask_price"":""156.15""},{""bid_quantity"":20,""ask_quantity"":200,""bid_orders"":1,""ask_orders"":2,""bid_price"":""155.35"",""ask_price"":""156.25""},{""bid_quantity"":260,""ask_quantity"":20,""bid_orders"":3,""ask_orders"":1,""bid_price"":""155.30"",""ask_price"":""156.30""}]"
09:15:35.058,1790826335058138251,1544077612072238,Full Data,8,886659,255.95,20,09:15:34,,,249.41,938820,42740,6091900,138720,"[{""bid_quantity"":180,""ask_quantity"":20,""bid_orders"":2,""ask_orders"":1,""bid_price"":""255.85"",""ask_price"":""256.95""},{""bid_quantity"":120,""ask_quantity"":60,""bid_orders"":2,""ask_orders"":2,""bid_price"":""255.80"",""ask_price"":""257.00""},{""bid_quantity"":60,""ask_quantity"":80,""bid_orders"":2,""ask_orders"":2,""bid_price"":""255.70"",""ask_price"":""257.05""},{""bid_quantity"":160,""ask_quantity"":340,""bid_orders"":3,""ask_orders"":1,""bid_price"":""255.60"",""ask_price"":""257.10""},{""bid_quantity"":120,""ask_quantity"":20,""bid_orders"":3,""ask_orders"":1,""bid_price"":""255.45"",""ask_price"":""257.30""}]"
09:15:35.088,1790826335088637602,1544077642571509,Full Data,8,886961,455.25,40,09:15:34,,,431.72,46200,20040,4206660,36440,"[{""bid_quantity"":40,""ask_quantity"":20,""bid_orders"":2,""ask_orders"":1,""bid_price"":""450.45"",""ask_price"":""453.90""},{""bid_quantity"":20,""ask_quantity"":120,""bid_orders"":1,""ask_orders"":5,""bid_price"":""450.40"",""ask_price"":""453.95""},{""bid_quantity"":40,""ask_quantity"":20,""bid_orders"":2,""ask_orders"":1,""bid_price"":""450.15"",""ask_price"":""454.00""},{""bid_quantity"":20,""ask_quantity"":160,""bid_orders"":1,""ask_orders"":2,""bid_price"":""450.05"",""ask_price"":""454.20""},{""bid_quantity"":40,""ask_quantity"":20,""bid_orders"":1,""ask_orders"":1,""bid_price"":""449.95"",""ask_price"":""454.40""}]"
09:15:35.089,1790826335089169686,1544077643103513,Full Data,8,886461,126.25,20,09:15:35,,,123.60,1284160,97240,7529720,1682940,"[{""bid_quantity"":160,""ask_quantity"":40,""bid_orders"":1,""ask_orders"":1,""bid_price"":""125.70"",""ask_price"":""126.45""},{""bid_quantity"":300,""ask_quantity"":460,""bid_orders"":2,""ask_orders"":3,""bid_price"":""125.60"",""ask_price"":""126.50""},{""bid_quantity"":120,""ask_quantity"":180,""bid_orders"":3,""ask_orders"":3,""bid_price"":""125.45"",""ask_price"":""126.55""},{""bid_quantity"":120,""ask_quantity"":140,""bid_orders"":2,""ask_orders"":3,""bid_price"":""125.30"",""ask_price"":""126.60""},{""bid_quantity"":20,""ask_quantity"":100,""bid_orders"":1,""ask_orders"":2,""bid_price"":""125.25"",""ask_price"":""126.65""}]"
09:15:35.115,1790826335115957734,1544077669891841,Full Data,8,886790,121.60,20,09:15:35,,,136.94,2089160,160260,5584540,2100780,"[{""bid_quantity"":40,""ask_quantity"":80,""bid_orders"":1,""ask_orders"":2,""bid_price"":""121.20"",""ask_price"":""121.55""},{""bid_quantity"":300,""ask_quantity"":40,""bid_orders"":2,""ask_orders"":2,""bid_price"":""121.00"",""ask_price"":""121.60""},{""bid_quantity"":20,""ask_quantity"":200,""bid_orders"":1,""ask_orders"":2,""bid_price"":""120.95"",""ask_price"":""121.75""},{""bid_quantity"":20,""ask_quantity"":140,""bid_orders"":1,""ask_orders"":1,""bid_price"":""120.90"",""ask_price"":""121.80""},{""bid_quantity"":20,""ask_quantity"":140,""bid_orders"":1,""ask_orders"":2,""bid_price"":""120.85"",""ask_price"":""121.90""}]"
09:15:35.118,1790826335118051547,1544077671985494,Full Data,8,886790,121.60,20,09:15:35,,,136.94,2089160,159820,5584460,2100780,"[{""bid_quantity"":60,""ask_quantity"":40,""bid_orders"":2,""ask_orders"":1,""bid_price"":""121.15"",""ask_price"":""121.50""},{""bid_quantity"":80,""ask_quantity"":40,""bid_orders"":3,""ask_orders"":2,""bid_price"":""121.10"",""ask_price"":""121.55""},{""bid_quantity"":80,""ask_quantity"":160,""bid_orders"":3,""ask_orders"":1,""bid_price"":""121.05"",""ask_price"":""121.60""},{""bid_quantity"":120,""ask_quantity"":40,""bid_orders"":2,""ask_orders"":1,""bid_price"":""121.00"",""ask_price"":""121.65""},{""bid_quantity"":20,""ask_quantity"":200,""bid_orders"":1,""ask_orders"":2,""bid_price"":""120.95"",""ask_price"":""121.75""}]"
09:15:35.157,1790826335157359273,1544077711293460,Full Data,8,887253,318.80,20,09:15:35,,,297.84,333480,22060,5976200,55040,"[{""bid_quantity"":100,""ask_quantity"":140,""bid_orders"":2,""ask_orders"":4,""bid_price"":""319.15"",""ask_price"":""320.25""},{""bid_quantity"":40,""ask_quantity"":40,""bid_orders"":1,""ask_orders"":1,""bid_price"":""319.10"",""ask_price"":""320.95""},{""bid_quantity"":120,""ask_quantity"":60,""bid_orders"":2,""ask_orders"":2,""bid_price"":""319.05"",""ask_price"":""321.20""},{""bid_quantity"":40,""ask_quantity"":120,""bid_orders"":1,""ask_orders"":3,""bid_price"":""319.00"",""ask_price"":""321.25""},{""bid_quantity"":20,""ask_quantity"":120,""bid_orders"":1,""ask_orders"":2,""bid_price"":""318.95"",""ask_price"":""321.30""}]"
09:15:35.204,1790826335204124047,1544077758057994,Full Data,8,887253,322.90,20,09:15:35,,,297.87,333820,21480,5983620,55040,"[{""bid_quantity"":60,""ask_quantity"":100,""bid_orders"":2,""ask_orders"":3,""bid_price"":""323.30"",""ask_price"":""324.95""},{""bid_quantity"":60,""ask_quantity"":40,""bid_orders"":2,""ask_orders"":1,""bid_price"":""323.20"",""ask_price"":""325.00""},{""bid_quantity"":100,""ask_quantity"":40,""bid_orders"":2,""ask_orders"":1,""bid_price"":""323.05"",""ask_price"":""325.05""},{""bid_quantity"":20,""ask_quantity"":40,""bid_orders"":1,""ask_orders"":1,""bid_price"":""323.00"",""ask_price"":""325.10""},{""bid_quantity"":80,""ask_quantity"":40,""bid_orders"":3,""ask_orders"":1,""bid_price"":""322.95"",""ask_price"":""325.15""}]"
09:15:35.272,1790826335272211834,1544077826145981,Ticker Data,0,51,72303.63,,09:15:35,,,,,,,,
09:15:35.276,1790826335276687822,1544077830621649,Full Data,8,886589,389.60,20,09:15:35,,,354.59,448000,25980,6932300,194360,"[{""bid_quantity"":340,""ask_quantity"":80,""bid_orders"":2,""ask_orders"":1,""bid_price"":""386.45"",""ask_price"":""389.35""},{""bid_quantity"":120,""ask_quantity"":160,""bid_orders"":2,""ask_orders"":6,""bid_price"":""386.25"",""ask_price"":""389.40""},{""bid_quantity"":80,""ask_quantity"":100,""bid_orders"":1,""ask_orders"":1,""bid_price"":""386.05"",""ask_price"":""389.45""},{""bid_quantity"":100,""ask_quantity"":120,""bid_orders"":1,""ask_orders"":3,""bid_price"":""386.00"",""ask_price"":""389.50""},{""bid_quantity"":140,""ask_quantity"":40,""bid_orders"":1,""ask_orders"":2,""bid_price"":""385.90"",""ask_price"":""389.55""}]"
09:15:35.342,1790826335342351954,1544077896285981,Full Data,8,886589,389.70,20,09:15:35,,,354.59,448100,23080,6935500,194360,"[{""bid_quantity"":40,""ask_quantity"":60,""bid_orders"":1,""ask_orders"":2,""bid_price"":""388.90"",""ask_price"":""390.00""},{""bid_quantity"":40,""ask_quantity"":300,""bid_orders"":1,""ask_orders"":3,""bid_price"":""388.85"",""ask_price"":""392.70""},{""bid_quantity"":20,""ask_quantity"":80,""bid_orders"":1,""ask_orders"":2,""bid_price"":""388.80"",""ask_price"":""393.60""},{""bid_quantity"":240,""ask_quantity"":60,""bid_orders"":6,""ask_orders"":2,""bid_price"":""388.65"",""ask_price"":""393.65""},{""bid_quantity"":180,""ask_quantity"":20,""bid_orders"":3,""ask_orders"":1,""bid_price"":""388.60"",""ask_price"":""393.70""}]"
09:15:35.415,1790826335415813015,1544077969747042,Full Data,8,887279,296.45,60,09:15:35,,,336.42,523320,56360,4104420,793060,"[{""bid_quantity"":20,""ask_quantity"":120,""bid_orders"":1,""ask_orders"":1,""bid_price"":""293.75"",""ask_price"":""295.30""},{""bid_quantity"":120,""ask_quantity"":120,""bid_orders"":2,""ask_orders"":3,""bid_price"":""293.60"",""ask_price"":""295.35""},{""bid_quantity"":100,""ask_quantity"":120,""bid_orders"":2,""ask_orders"":2,""bid_price"":""293.45"",""ask_price"":""295.40""},{""bid_quantity"":160,""ask_quantity"":660,""bid_orders"":2,""ask_orders"":7,""bid_price"":""293.40"",""ask_price"":""295.45""},{""bid_quantity"":240,""ask_quantity"":220,""bid_orders"":1,""ask_orders"":5,""bid_price"":""293.25"",""ask_price"":""295.50""}]"
09:15:35.418,1790826335418954714,1544077972888541,Full Data,8,887080,166.35,140,09:15:35,,,156.17,817660,53060,5024100,530840,"[{""bid_quantity"":20,""ask_quantity"":80,""bid_orders"":1,""ask_orders"":3,""bid_price"":""166.05"",""ask_price"":""166.40""},{""bid_quantity"":40,""ask_quantity"":60,""bid_orders"":2,""ask_orders"":2,""bid_price"":""166.00"",""ask_price"":""166.75""},{""bid_quantity"":160,""ask_quantity"":60,""bid_orders"":1,""ask_orders"":3,""bid_price"":""165.95"",""ask_price"":""166.80""},{""bid_quantity"":320,""ask_quantity"":20,""bid_orders"":4,""ask_orders"":1,""bid_price"":""165.85"",""ask_price"":""166.85""},{""bid_quantity"":40,""ask_quantity"":40,""bid_orders"":2,""ask_orders"":2,""bid_price"":""165.80"",""ask_price"":""166.90""}]"
09:15:35.494,1790826335494368227,1544078048302294,Full Data,8,887080,165.65,60,09:15:35,,,156.19,819680,53400,5023620,530840,"[{""bid_quantity"":20,""ask_quantity"":280,""bid_orders"":1,""ask_orders"":1,""bid_price"":""165.60"",""ask_price"":""166.05""},{""bid_quantity"":40,""ask_quantity"":40,""bid_orders"":2,""ask_orders"":1,""bid_price"":""165.45"",""ask_price"":""166.10""},{""bid_quantity"":60,""ask_quantity"":60,""bid_orders"":3,""ask_orders"":2,""bid_price"":""165.40"",""ask_price"":""166.15""},{""bid_quantity"":160,""ask_quantity"":40,""bid_orders"":1,""ask_orders"":2,""bid_price"":""165.35"",""ask_price"":""166.45""},{""bid_quantity"":60,""ask_quantity"":160,""bid_orders"":2,""ask_orders"":3,""bid_price"":""165.30"",""ask_price"":""166.50""}]"
09:15:35.499,1790826335499511740,1544078053445687,Full Data,8,887216,192.95,40,09:15:35,,,218.94,1400740,76920,4508720,716360,"[{""bid_quantity"":120,""ask_quantity"":60,""bid_orders"":1,""ask_orders"":2,""bid_price"":""192.25"",""ask_price"":""193.10""},{""bid_quantity"":240,""ask_quantity"":160,""bid_orders"":2,""ask_orders"":2,""bid_price"":""192.20"",""ask_price"":""193.15""},{""bid_quantity"":80,""ask_quantity"":200,""bid_orders"":1,""ask_orders"":3,""bid_price"":""192.05"",""ask_price"":""193.20""},{""bid_quantity"":240,""ask_quantity"":120,""bid_orders"":2,""ask_orders"":3,""bid_price"":""192.00"",""ask_price"":""193.25""},{""bid_quantity"":80,""ask_quantity"":320,""bid_orders"":2,""ask_orders"":1,""bid_price"":""191.95"",""ask_price"":""193.40""}]"
09:15:35.548,1790826335548823689,1544078102757636,Full Data,8,887216,191.95,20,09:15:35,,,218.92,1401360,76900,4507340,716360,"[{""bid_quantity"":1120,""ask_quantity"":80,""bid_orders"":10,""ask_orders"":4,""bid_price"":""191.90"",""ask_price"":""192.45""},{""bid_quantity"":340,""ask_quantity"":140,""bid_orders"":2,""ask_orders"":2,""bid_price"":""191.70"",""ask_price"":""192.50""},{""bid_quantity"":100,""ask_quantity"":100,""bid_orders"":3,""ask_orders"":2,""bid_price"":""191.65"",""ask_price"":""192.60""},{""bid_quantity"":20,""ask_quantity"":80,""bid_orders"":1,""ask_orders"":2,""bid_price"":""191.50"",""ask_price"":""192.65""},{""bid_quantity"":180,""ask_quantity"":120,""bid_orders"":2,""ask_orders"":5,""bid_price"":""191.45"",""ask_price"":""192.70""}]"
09:15:35.597,1790826335597670075,1544078151604222,Full Data,8,887306,210.95,20,09:15:35,,,202.71,906720,36700,5541840,240500,"[{""bid_quantity"":80,""ask_quantity"":240,""bid_orders"":3,""ask_orders"":4,""bid_price"":""210.80"",""ask_price"":""211.40""},{""bid_quantity"":80,""ask_quantity"":80,""bid_orders"":3,""ask_orders"":3,""bid_price"":""210.65"",""ask_price"":""211.45""},{""bid_quantity"":80,""ask_quantity"":20,""bid_orders"":3,""ask_orders"":1,""bid_price"":""210.55"",""ask_price"":""211.50""},{""bid_quantity"":100,""ask_quantity"":20,""bid_orders"":3,""ask_orders"":1,""bid_price"":""210.50"",""ask_price"":""211.55""},{""bid_quantity"":120,""ask_quantity"":100,""bid_orders"":2,""ask_orders"":5,""bid_price"":""210.45"",""ask_price"":""211.60""}]"
09:15:35.629,1790826335629705636,1544078183639703,Full Data,8,887306,210.25,40,09:15:35,,,202.72,907680,36700,5541560,240500,"[{""bid_quantity"":60,""ask_quantity"":60,""bid_orders"":2,""ask_orders"":2,""bid_price"":""209.50"",""ask_price"":""210.20""},{""bid_quantity"":240,""ask_quantity"":100,""bid_orders"":4,""ask_orders"":4,""bid_price"":""209.10"",""ask_price"":""210.25""},{""bid_quantity"":200,""ask_quantity"":60,""bid_orders"":3,""ask_orders"":2,""bid_price"":""209.05"",""ask_price"":""210.35""},{""bid_quantity"":100,""ask_quantity"":120,""bid_orders"":1,""ask_orders"":2,""bid_price"":""209.00"",""ask_price"":""210.40""},{""bid_quantity"":180,""ask_quantity"":20,""bid_orders"":3,""ask_orders"":1,""bid_price"":""208.80"",""ask_price"":""210.50""}]"
09:15:35.698,1790826335698308347,1544078252242454,Full Data,8,886671,90.90,60,09:15:35,,,105.07,857660,53600,3073620,570580,"[{""bid_quantity"":100,""ask_quantity"":60,""bid_orders"":3,""ask_orders"":2,""bid_price"":""90.55"",""ask_price"":""90.85""},{""bid_quantity"":60,""ask_quantity"":40,""bid_orders"":3,""ask_orders"":2,""bid_price"":""90.50"",""ask_price"":""90.95""},{""bid_quantity"":120,""ask_quantity"":180,""bid_orders"":4,""ask_orders"":3,""bid_price"":""90.45"",""ask_price"":""91.00""},{""bid_quantity"":280,""ask_quantity"":180,""bid_orders"":5,""ask_orders"":2,""bid_price"":""90.40"",""ask_price"":""91.05""},{""bid_quantity"":120,""ask_quantity"":60,""bid_orders"":4,""ask_orders"":3,""bid_price"":""90.35"",""ask_price"":""91.15""}]"
09:15:35.712,1790826335712973359,1544078266907386,Full Data,8,886671,90.90,60,09:15:35,,,105.07,857660,53580,3073700,570580,"[{""bid_quantity"":60,""ask_quantity"":40,""bid_orders"":2,""ask_orders"":1,""bid_price"":""90.60"",""ask_price"":""90.85""},{""bid_quantity"":120,""ask_quantity"":100,""bid_orders"":4,""ask_orders"":2,""bid_price"":""90.55"",""ask_price"":""90.90""},{""bid_quantity"":60,""ask_quantity"":40,""bid_orders"":3,""ask_orders"":2,""bid_price"":""90.50"",""ask_price"":""90.95""},{""bid_quantity"":120,""ask_quantity"":180,""bid_orders"":4,""ask_orders"":3,""bid_price"":""90.45"",""ask_price"":""91.00""},{""bid_quantity"":280,""ask_quantity"":140,""bid_orders"":5,""ask_orders"":1,""bid_price"":""90.40"",""ask_price"":""91.05""}]"
09:15:35.713,1790826335713463602,1544078267397429,Full Data,8,886685,356.55,20,09:15:35,,,399.89,640360,66180,5719060,1793000,"[{""bid_quantity"":20,""ask_quantity"":160,""bid_orders"":1,""ask_orders"":1,""bid_price"":""356.70"",""ask_price"":""357.95""},{""bid_quantity"":200,""ask_quantity"":240,""bid_orders"":4,""ask_orders"":3,""bid_price"":""356.50"",""ask_price"":""358.00""},{""bid_quantity"":80,""ask_quantity"":140,""bid_orders"":1,""ask_orders"":1,""bid_price"":""356.35"",""ask_price"":""358.05""},{""bid_quantity"":180,""ask_quantity"":60,""bid_orders"":2,""ask_orders"":2,""bid_price"":""356.30"",""ask_price"":""358.10""},{""bid_quantity"":180,""ask_quantity"":40,""bid_orders"":4,""ask_orders"":1,""bid_price"":""356.25"",""ask_price"":""358.15""}]"
09:15:35.945,1790826335945428377,1544078499362524,Full Data,8,886620,238.75,80,09:15:35,,,263.86,984820,65000,4479640,731020,"[{""bid_quantity"":120,""ask_quantity"":220,""bid_orders"":3,""ask_orders"":11,""bid_price"":""238.40"",""ask_price"":""238.90""},{""bid_quantity"":80,""ask_quantity"":80,""bid_orders"":3,""ask_orders"":3,""bid_price"":""238.35"",""ask_price"":""239.25""},{""bid_quantity"":200,""ask_quantity"":160,""bid_orders"":3,""ask_orders"":1,""bid_price"":""238.25"",""ask_price"":""239.65""},{""bid_quantity"":20,""ask_quantity"":280,""bid_orders"":1,""ask_orders"":3,""bid_price"":""238.20"",""ask_price"":""239.70""},{""bid_quantity"":140,""ask_quantity"":40,""bid_orders"":5,""ask_orders"":1,""bid_price"":""238.15"",""ask_price"":""239.85""}]"
09:15:35.967,1790826335967481515,1544078521415462,Full Data,8,886620,238.50,100,09:15:35,,,263.86,985020,65120,4479580,731020,"[{""bid_quantity"":60,""ask_quantity"":240,""bid_orders"":2,""ask_orders"":4,""bid_price"":""238.05"",""ask_price"":""238.85""},{""bid_quantity"":120,""ask_quantity"":320,""bid_orders"":3,""ask_orders"":14,""bid_price"":""238.00"",""ask_price"":""238.90""},{""bid_quantity"":80,""ask_quantity"":260,""bid_orders"":2,""ask_orders"":4,""bid_price"":""237.70"",""ask_price"":""239.20""},{""bid_quantity"":80,""ask_quantity"":140,""bid_orders"":1,""ask_orders"":5,""bid_price"":""237.65"",""ask_price"":""239.25""},{""bid_quantity"":580,""ask_quantity"":180,""bid_orders"":5,""ask_orders"":2,""bid_price"":""237.60"",""ask_price"":""239.65""}]"
09:15:35.981,1790826335981671524,1544078535605471,Full Data,8,886540,151.75,100,09:15:35,,,175.12,922400,77640,3853780,632060,"[{""bid_quantity"":60,""ask_quantity"":220,""bid_orders"":1,""ask_orders"":3,""bid_price"":""151.25"",""ask_price"":""151.80""},{""bid_quantity"":160,""ask_quantity"":160,""bid_orders"":1,""ask_orders"":3,""bid_price"":""151.20"",""ask_price"":""151.90""},{""bid_quantity"":260,""ask_quantity"":40,""bid_orders"":2,""ask_orders"":2,""bid_price"":""151.10"",""ask_price"":""152.00""},{""bid_quantity"":40,""ask_quantity"":40,""bid_orders"":2,""ask_orders"":1,""bid_price"":""151.05"",""ask_price"":""152.05""},{""bid_quantity"":260,""ask_quantity"":20,""bid_orders"":4,""ask_orders"":1,""bid_price"":""151.00"",""ask_price"":""152.10""}]"
09:15:36.038,1790826336038065198,1544078591999505,Full Data,8,886659,261.35,20,09:15:35,,,249.55,949420,43700,6291360,138720,"[{""bid_quantity"":260,""ask_quantity"":60,""bid_orders"":1,""ask_orders"":2,""bid_price"":""261.05"",""ask_price"":""261.90""},{""bid_quantity"":20,""ask_quantity"":200,""bid_orders"":1,""ask_orders"":1,""bid_price"":""260.70"",""ask_price"":""262.05""},{""bid_quantity"":600,""ask_quantity"":40,""bid_orders"":1,""ask_orders"":2,""bid_price"":""260.00"",""ask_price"":""262.10""},{""bid_quantity"":320,""ask_quantity"":220,""bid_orders"":1,""ask_orders"":2,""bid_price"":""259.55"",""ask_price"":""262.20""},{""bid_quantity"":40,""ask_quantity"":520,""bid_orders"":1,""ask_orders"":3,""bid_price"":""259.50"",""ask_price"":""262.25""}]"
09:15:36.068,1790826336068244747,1544078622178854,Full Data,8,886961,460.05,20,09:15:35,,,432.03,46700,17260,4203960,36440,"[{""bid_quantity"":20,""ask_quantity"":120,""bid_orders"":1,""ask_orders"":2,""bid_price"":""457.25"",""ask_price"":""460.75""},{""bid_quantity"":20,""ask_quantity"":320,""bid_orders"":1,""ask_orders"":5,""bid_price"":""457.20"",""ask_price"":""460.80""},{""bid_quantity"":40,""ask_quantity"":120,""bid_orders"":1,""ask_orders"":2,""bid_price"":""457.15"",""ask_price"":""460.85""},{""bid_quantity"":20,""ask_quantity"":120,""bid_orders"":1,""ask_orders"":6,""bid_price"":""457.10"",""ask_price"":""460.90""},{""bid_quantity"":20,""ask_quantity"":40,""bid_orders"":1,""ask_orders"":2,""bid_price"":""457.00"",""ask_price"":""460.95""}]"
09:15:36.071,1790826336071049005,1544078624982992,Full Data,8,886461,126.10,40,09:15:36,,,123.73,1318740,96540,7652060,1682940,"[{""bid_quantity"":40,""ask_quantity"":20,""bid_orders"":1,""ask_orders"":1,""bid_price"":""125.95"",""ask_price"":""126.35""},{""bid_quantity"":200,""ask_quantity"":300,""bid_orders"":3,""ask_orders"":3,""bid_price"":""125.85"",""ask_price"":""126.60""},{""bid_quantity"":140,""ask_quantity"":120,""bid_orders"":4,""ask_orders"":2,""bid_price"":""125.75"",""ask_price"":""126.65""},{""bid_quantity"":120,""ask_quantity"":220,""bid_orders"":3,""ask_orders"":3,""bid_price"":""125.60"",""ask_price"":""126.85""},{""bid_quantity"":80,""ask_quantity"":40,""bid_orders"":1,""ask_orders"":1,""bid_price"":""125.55"",""ask_price"":""126.90""}]"
09:15:36.098,1790826336098033174,1544078651967281,Full Data,8,886540,153.65,80,09:15:36,,,175.04,925660,78540,3852380,632060,"[{""bid_quantity"":100,""ask_quantity"":200,""bid_orders"":1,""ask_orders"":1,""bid_price"":""153.60"",""ask_price"":""154.70""},{""bid_quantity"":60,""ask_quantity"":140,""bid_orders"":1,""ask_orders"":4,""bid_price"":""152.85"",""ask_price"":""154.75""},{""bid_quantity"":40,""ask_quantity"":240,""bid_orders"":1,""ask_orders"":2,""bid_price"":""152.70"",""ask_price"":""154.80""},{""bid_quantity"":140,""ask_quantity"":180,""bid_orders"":2,""ask_orders"":6,""bid_price"":""152.55"",""ask_price"":""154.85""},{""bid_quantity"":20,""ask_quantity"":480,""bid_orders"":1,""ask_orders"":6,""bid_price"":""152.50"",""ask_price"":""154.90""}]"
09:15:36.137,1790826336137583062,1544078691516929,Full Data,8,886659,259.90,40,09:15:36,,,249.59,953160,45620,6291280,138720,"[{""bid_quantity"":20,""ask_quantity"":160,""bid_orders"":1,""ask_orders"":4,""bid_price"":""257.60"",""ask_price"":""259.40""},{""bid_quantity"":60,""ask_quantity"":640,""bid_orders"":3,""ask_orders"":4,""bid_price"":""256.25"",""ask_price"":""259.45""},{""bid_quantity"":20,""ask_quantity"":320,""bid_orders"":1,""ask_orders"":4,""bid_price"":""255.85"",""ask_price"":""259.50""},{""bid_quantity"":80,""ask_quantity"":180,""bid_orders"":1,""ask_orders"":3,""bid_price"":""255.80"",""ask_price"":""259.55""},{""bid_quantity"":20,""ask_quantity"":120,""bid_orders"":1,""ask_orders"":3,""bid_price"":""255.45"",""ask_price"":""259.60""}]"
09:15:36.144,1790826336144532785,1544078698466932,Full Data,8,886961,455.20,20,09:15:36,,,432.08,46800,17120,4203800,36440,"[{""bid_quantity"":140,""ask_quantity"":40,""bid_orders"":1,""ask_orders"":2,""bid_price"":""453.60"",""ask_price"":""458.60""},{""bid_quantity"":80,""ask_quantity"":80,""bid_orders"":1,""ask_orders"":4,""bid_price"":""453.15"",""ask_price"":""458.65""},{""bid_quantity"":20,""ask_quantity"":160,""bid_orders"":1,""ask_orders"":4,""bid_price"":""452.20"",""ask_price"":""458.70""},{""bid_quantity"":20,""ask_quantity"":260,""bid_orders"":1,""ask_orders"":4,""bid_price"":""452.15"",""ask_price"":""458.75""},{""bid_quantity"":20,""ask_quantity"":40,""bid_orders"":1,""ask_orders"":2,""bid_price"":""450.60"",""ask_price"":""458.80""}]"
09:15:36.144,1790826336144664106,1544078698597733,Full Data,8,886461,126.30,20,09:15:36,,,123.74,1320780,95880,7655040,1682940,"[{""bid_quantity"":80,""ask_quantity"":40,""bid_orders"":3,""ask_orders"":2,""bid_price"":""125.70"",""ask_price"":""126.30""},{""bid_quantity"":80,""ask_quantity"":20,""bid_orders"":2,""ask_orders"":1,""bid_price"":""125.65"",""ask_price"":""126.35""},{""bid_quantity"":160,""ask_quantity"":60,""bid_orders"":4,""ask_orders"":2,""bid_price"":""125.60"",""ask_price"":""126.45""},{""bid_quantity"":100,""ask_quantity"":280,""bid_orders"":3,""ask_orders"":4,""bid_price"":""125.55"",""ask_price"":""126.60""},{""bid_quantity"":40,""ask_quantity"":40,""bid_orders"":1,""ask_orders"":1,""bid_price"":""125.50"",""ask_price"":""126.65""}]"
09:15:36.152,1790826336152826717,1544078706760624,Full Data,8,886790,121.25,20,09:15:36,,,136.62,2126920,159520,5597260,2100780,"[{""bid_quantity"":260,""ask_quantity"":40,""bid_orders"":3,""ask_orders"":1,""bid_price"":""120.30"",""ask_price"":""121.10""},{""bid_quantity"":260,""ask_quantity"":40,""bid_orders"":3,""ask_orders"":1,""bid_price"":""120.25"",""ask_price"":""121.15""},{""bid_quantity"":240,""ask_quantity"":40,""bid_orders"":5,""ask_orders"":1,""bid_price"":""120.20"",""ask_price"":""121.20""},{""bid_quantity"":120,""ask_quantity"":140,""bid_orders"":1,""ask_orders"":4,""bid_price"":""120.15"",""ask_price"":""121.25""},{""bid_quantity"":500,""ask_quantity"":120,""bid_orders"":4,""ask_orders"":3,""bid_price"":""120.10"",""ask_price"":""121.30""}]"
09:15:36.184,1790826336184490636,1544078738424703,Full Data,8,886790,121.25,20,09:15:36,,,136.62,2126920,159200,5597140,2100780,"[{""bid_quantity"":20,""ask_quantity"":40,""bid_orders"":1,""ask_orders"":1,""bid_price"":""120.80"",""ask_price"":""121.20""},{""bid_quantity"":160,""ask_quantity"":60,""bid_orders"":1,""ask_orders"":2,""bid_price"":""120.75"",""ask_price"":""121.25""},{""bid_quantity"":100,""ask_quantity"":140,""bid_orders"":3,""ask_orders"":3,""bid_price"":""120.70"",""ask_price"":""121.30""},{""bid_quantity"":100,""ask_quantity"":120,""bid_orders"":1,""ask_orders"":3,""bid_price"":""120.65"",""ask_price"":""121.35""},{""bid_quantity"":60,""ask_quantity"":260,""bid_orders"":2,""ask_orders"":5,""bid_price"":""120.60"",""ask_price"":""121.40""}]"
09:15:36.279,1790826336279465832,1544078833399739,Ticker Data,0,51,72301.17,,09:15:36,,,,,,,,
09:15:36.343,1790826336343273472,1544078897207739,Full Data,8,886589,383.40,20,09:15:36,,,354.86,451820,26200,6954880,194360,"[{""bid_quantity"":60,""ask_quantity"":140,""bid_orders"":1,""ask_orders"":6,""bid_price"":""380.60"",""ask_price"":""382.20""},{""bid_quantity"":60,""ask_quantity"":60,""bid_orders"":2,""ask_orders"":3,""bid_price"":""380.55"",""ask_price"":""382.30""},{""bid_quantity"":40,""ask_quantity"":60,""bid_orders"":2,""ask_orders"":3,""bid_price"":""380.20"",""ask_price"":""382.35""},{""bid_quantity"":80,""ask_quantity"":40,""bid_orders"":1,""ask_orders"":2,""bid_price"":""380.05"",""ask_price"":""382.50""},{""bid_quantity"":380,""ask_quantity"":20,""bid_orders"":4,""ask_orders"":1,""bid_price"":""380.00"",""ask_price"":""382.55""}]"
09:15:36.427,1790826336427705402,1544078981639509,Full Data,8,886589,378.60,40,09:15:36,,,354.90,452560,26160,6953780,194360,"[{""bid_quantity"":200,""ask_quantity"":220,""bid_orders"":1,""ask_orders"":8,""bid_price"":""376.60"",""ask_price"":""378.80""},{""bid_quantity"":20,""ask_quantity"":200,""bid_orders"":1,""ask_orders"":3,""bid_price"":""376.10"",""ask_price"":""378.85""},{""bid_quantity"":200,""ask_quantity"":280,""bid_orders"":1,""ask_orders"":1,""bid_price"":""375.90"",""ask_price"":""379.05""},{""bid_quantity"":80,""ask_quantity"":20,""bid_orders"":1,""ask_orders"":1,""bid_price"":""375.80"",""ask_price"":""380.15""},{""bid_quantity"":100,""ask_quantity"":20,""bid_orders"":1,""ask_orders"":1,""bid_price"":""375.75"",""ask_price"":""380.20""}]"
09:15:36.433,1790826336433711079,1544078987645026,Full Data,8,887279,301.90,20,09:15:36,,,335.53,535040,56980,4143580,793060,"[{""bid_quantity"":60,""ask_quantity"":160,""bid_orders"":1,""ask_orders"":2,""bid_price"":""302.75"",""ask_price"":""303.85""},{""bid_quantity"":40,""ask_quantity"":80,""bid_orders"":1,""ask_orders"":1,""bid_price"":""302.70"",""ask_price"":""304.05""},{""bid_quantity"":60,""ask_quantity"":60,""bid_orders"":1,""ask_orders"":3,""bid_price"":""302.65"",""ask_price"":""304.10""},{""bid_quantity"":80,""ask_quantity"":140,""bid_orders"":2,""ask_orders"":2,""bid_price"":""302.55"",""ask_price"":""304.30""},{""bid_quantity"":220,""ask_quantity"":40,""bid_orders"":2,""ask_orders"":1,""bid_price"":""302.35"",""ask_price"":""304.35""}]"
09:15:36.591,1790826336591620750,1544079145554897,Full Data,8,887216,198.35,20,09:15:36,,,218.61,1420440,76780,4536880,716360,"[{""bid_quantity"":100,""ask_quantity"":100,""bid_orders"":1,""ask_orders"":3,""bid_price"":""197.90"",""ask_price"":""198.45""},{""bid_quantity"":60,""ask_quantity"":60,""bid_orders"":2,""ask_orders"":2,""bid_price"":""197.70"",""ask_price"":""198.60""},{""bid_quantity"":40,""ask_quantity"":60,""bid_orders"":2,""ask_orders"":3,""bid_price"":""197.65"",""ask_price"":""198.65""},{""bid_quantity"":80,""ask_quantity"":340,""bid_orders"":2,""ask_orders"":2,""bid_price"":""197.50"",""ask_price"":""198.70""},{""bid_quantity"":20,""ask_quantity"":80,""bid_orders"":1,""ask_orders"":2,""bid_price"":""197.45"",""ask_price"":""198.75""}]"
09:15:36.593,1790826336593131719,1544079147065506,Full Data,8,887080,158.20,20,09:15:36,,,156.35,839620,52580,5071960,530840,"[{""bid_quantity"":20,""ask_quantity"":100,""bid_orders"":1,""ask_orders"":4,""bid_price"":""157.60"",""ask_price"":""158.20""},{""bid_quantity"":120,""ask_quantity"":200,""bid_orders"":2,""ask_orders"":4,""bid_price"":""157.40"",""ask_price"":""158.25""},{""bid_quantity"":60,""ask_quantity"":60,""bid_orders"":3,""ask_orders"":2,""bid_price"":""157.30"",""ask_price"":""158.30""},{""bid_quantity"":20,""ask_quantity"":40,""bid_orders"":1,""ask_orders"":2,""bid_price"":""157.25"",""ask_price"":""158.40""},{""bid_quantity"":120,""ask_quantity"":40,""bid_orders"":2,""ask_orders"":2,""bid_price"":""157.15"",""ask_price"":""158.45""}]"
09:15:36.650,1790826336650092117,1544079204026224,Full Data,8,887306,201.25,40,09:15:36,,,202.82,936760,40200,5744520,240500,"[{""bid_quantity"":80,""ask_quantity"":40,""bid_orders"":2,""ask_orders"":2,""bid_price"":""201.20"",""ask_price"":""201.75""},{""bid_quantity"":40,""ask_quantity"":200,""bid_orders"":1,""ask_orders"":3,""bid_price"":""201.15"",""ask_price"":""201.90""},{""bid_quantity"":20,""ask_quantity"":80,""bid_orders"":1,""ask_orders"":3,""bid_price"":""201.10"",""ask_price"":""201.95""},{""bid_quantity"":80,""ask_quantity"":220,""bid_orders"":3,""ask_orders"":2,""bid_price"":""201.05"",""ask_price"":""202.20""},{""bid_quantity"":60,""ask_quantity"":160,""bid_orders"":1,""ask_orders"":4,""bid_price"":""201.00"",""ask_price"":""202.35""}]"
09:15:36.691,1790826336691689538,1544079245623605,Full Data,8,887306,200.95,20,09:15:36,,,202.82,938060,41220,5744640,240500,"[{""bid_quantity"":60,""ask_quantity"":100,""bid_orders"":2,""ask_orders"":2,""bid_price"":""200.50"",""ask_price"":""201.00""},{""bid_quantity"":40,""ask_quantity"":60,""bid_orders"":2,""ask_orders"":2,""bid_price"":""200.45"",""ask_price"":""201.15""},{""bid_quantity"":120,""ask_quantity"":760,""bid_orders"":4,""ask_orders"":2,""bid_price"":""200.40"",""ask_price"":""201.20""},{""bid_quantity"":40,""ask_quantity"":160,""bid_orders"":2,""ask_orders"":2,""bid_price"":""200.25"",""ask_price"":""201.25""},{""bid_quantity"":60,""ask_quantity"":20,""bid_orders"":2,""ask_orders"":1,""bid_price"":""200.20"",""ask_price"":""201.40""}]"
09:15:36.706,1790826336706061508,1544079259995735,Full Data,8,886671,94.05,20,09:15:36,,,104.92,867700,54860,3114260,570580,"[{""bid_quantity"":20,""ask_quantity"":40,""bid_orders"":1,""ask_orders"":1,""bid_price"":""93.65"",""ask_price"":""93.90""},{""bid_quantity"":20,""ask_quantity"":120,""bid_orders"":1,""ask_orders"":4,""bid_price"":""93.50"",""ask_price"":""93.95""},{""bid_quantity"":100,""ask_quantity"":180,""bid_orders"":2,""ask_orders"":4,""bid_price"":""93.35"",""ask_price"":""94.00""},{""bid_quantity"":140,""ask_quantity"":80,""bid_orders"":3,""ask_orders"":3,""bid_price"":""93.30"",""ask_price"":""94.05""},{""bid_quantity"":20,""ask_quantity"":140,""bid_orders"":1,""ask_orders"":3,""bid_price"":""93.25"",""ask_price"":""94.10""}]"
09:15:36.745,1790826336745302794,1544079299236741,Full Data,8,886671,93.65,20,09:15:36,,,104.92,867720,55400,3114120,570580,"[{""bid_quantity"":20,""ask_quantity"":40,""bid_orders"":1,""ask_orders"":1,""bid_price"":""93.20"",""ask_price"":""93.60""},{""bid_quantity"":100,""ask_quantity"":260,""bid_orders"":3,""ask_orders"":4,""bid_price"":""93.15"",""ask_price"":""93.65""},{""bid_quantity"":60,""ask_quantity"":60,""bid_orders"":3,""ask_orders"":2,""bid_price"":""92.95"",""ask_price"":""93.70""},{""bid_quantity"":80,""ask_quantity"":200,""bid_orders"":2,""ask_orders"":3,""bid_price"":""92.90"",""ask_price"":""93.75""},{""bid_quantity"":180,""ask_quantity"":100,""bid_orders"":2,""ask_orders"":2,""bid_price"":""92.85"",""ask_price"":""93.80""}]"
09:15:36.745,1790826336745422715,1544079299356382,Full Data,8,886685,367.65,80,09:15:36,,,399.31,650460,55420,5743280,1793000,"[{""bid_quantity"":40,""ask_quantity"":160,""bid_orders"":2,""ask_orders"":1,""bid_price"":""365.70"",""ask_price"":""367.25""},{""bid_quantity"":60,""ask_quantity"":100,""bid_orders"":1,""ask_orders"":1,""bid_price"":""365.65"",""ask_price"":""367.30""},{""bid_quantity"":60,""ask_quantity"":160,""bid_orders"":1,""ask_orders"":1,""bid_price"":""365.60"",""ask_price"":""367.35""},{""bid_quantity"":40,""ask_quantity"":120,""bid_orders"":1,""ask_orders"":1,""bid_price"":""365.50"",""ask_price"":""367.45""},{""bid_quantity"":20,""ask_quantity"":40,""bid_orders"":1,""ask_orders"":1,""bid_price"":""365.45"",""ask_price"":""367.60""}]"
09:15:36.966,1790826336966051339,1544079519985526,Full Data,8,886620,243.40,160,09:15:36,,,263.42,1007300,63620,4487260,731020,"[{""bid_quantity"":60,""ask_quantity"":180,""bid_orders"":1,""ask_orders"":2,""bid_price"":""241.95"",""ask_price"":""243.15""},{""bid_quantity"":360,""ask_quantity"":20,""bid_orders"":4,""ask_orders"":1,""bid_price"":""241.90"",""ask_price"":""243.20""},{""bid_quantity"":760,""ask_quantity"":20,""bid_orders"":9,""ask_orders"":1,""bid_price"":""241.85"",""ask_price"":""243.25""},{""bid_quantity"":220,""ask_quantity"":60,""bid_orders"":3,""ask_orders"":2,""bid_price"":""241.80"",""ask_price"":""243.30""},{""bid_quantity"":120,""ask_quantity"":20,""bid_orders"":3,""ask_orders"":1,""bid_price"":""241.75"",""ask_price"":""243.35""}]"
09:15:36.995,1790826336995236242,1544079549170349,Full Data,8,886620,242.45,20,09:15:36,,,263.42,1007340,63520,4486360,731020,"[{""bid_quantity"":60,""ask_quantity"":100,""bid_orders"":1,""ask_orders"":3,""bid_price"":""242.45"",""ask_price"":""243.35""},{""bid_quantity"":180,""ask_quantity"":80,""bid_orders"":3,""ask_orders"":3,""bid_price"":""242.10"",""ask_price"":""243.40""},{""bid_quantity"":60,""ask_quantity"":120,""bid_orders"":2,""ask_orders"":4,""bid_price"":""242.05"",""ask_price"":""243.55""},{""bid_quantity"":160,""ask_quantity"":80,""bid_orders"":1,""ask_orders"":4,""bid_price"":""242.00"",""ask_price"":""243.60""},{""bid_quantity"":120,""ask_quantity"":80,""bid_orders"":2,""ask_orders"":3,""bid_price"":""241.95"",""ask_price"":""243.65""}]"
09:15:37.037,1790826337037650868,1544079591584895,Full Data,8,886540,153.70,200,09:15:37,,,174.72,941040,76880,3857980,632060,"[{""bid_quantity"":160,""ask_quantity"":40,""bid_orders"":1,""ask_orders"":2,""bid_price"":""153.55"",""ask_price"":""154.10""},{""bid_quantity"":40,""ask_quantity"":20,""bid_orders"":1,""ask_orders"":1,""bid_price"":""153.50"",""ask_price"":""154.20""},{""bid_quantity"":140,""ask_quantity"":120,""bid_orders"":4,""ask_orders"":4,""bid_price"":""153.30"",""ask_price"":""154.30""},{""bid_quantity"":240,""ask_quantity"":180,""bid_orders"":3,""ask_orders"":3,""bid_price"":""153.25"",""ask_price"":""154.35""},{""bid_quantity"":260,""ask_quantity"":60,""bid_orders"":3,""ask_orders"":3,""bid_price"":""153.20"",""ask_price"":""154.45""}]"
09:15:37.081,1790826337081523983,1544079635457970,Full Data,8,886659,252.45,20,09:15:37,,,249.69,969400,43600,6325080,138720,"[{""bid_quantity"":380,""ask_quantity"":120,""bid_orders"":1,""ask_orders"":1,""bid_price"":""252.45"",""ask_price"":""253.30""},{""bid_quantity"":20,""ask_quantity"":20,""bid_orders"":1,""ask_orders"":1,""bid_price"":""252.15"",""ask_price"":""253.35""},{""bid_quantity"":320,""ask_quantity"":320,""bid_orders"":3,""ask_orders"":2,""bid_price"":""252.00"",""ask_price"":""253.55""},{""bid_quantity"":320,""ask_quantity"":80,""bid_orders"":1,""ask_orders"":1,""bid_price"":""251.85"",""ask_price"":""253.70""},{""bid_quantity"":100,""ask_quantity"":340,""bid_orders"":1,""ask_orders"":2,""bid_price"":""251.60"",""ask_price"":""253.75""}]"
09:15:37.130,1790826337130945733,1544079684880000,Full Data,8,886961,453.10,40,09:15:37,,,432.31,47320,18460,4207900,36440,"[{""bid_quantity"":20,""ask_quantity"":60,""bid_orders"":1,""ask_orders"":1,""bid_price"":""449.45"",""ask_price"":""451.80""},{""bid_quantity"":20,""ask_quantity"":140,""bid_orders"":1,""ask_orders"":3,""bid_price"":""447.55"",""ask_price"":""451.85""},{""bid_quantity"":40,""ask_quantity"":40,""bid_orders"":2,""ask_orders"":2,""bid_price"":""447.40"",""ask_price"":""451.90""},{""bid_quantity"":400,""ask_quantity"":80,""bid_orders"":2,""ask_orders"":1,""bid_price"":""447.35"",""ask_price"":""452.05""},{""bid_quantity"":80,""ask_quantity"":180,""bid_orders"":1,""ask_orders"":3,""bid_price"":""447.30"",""ask_price"":""452.10""}]"
09:15:37.135,1790826337135532722,1544079689466989,Full Data,8,886461,122.30,20,09:15:37,,,123.75,1352440,98680,7793060,1682940,"[{""bid_quantity"":20,""ask_quantity"":80,""bid_orders"":1,""ask_orders"":2,""bid_price"":""122.05"",""ask_price"":""122.65""},{""bid_quantity"":20,""ask_quantity"":320,""bid_orders"":1,""ask_orders"":3,""bid_price"":""121.95"",""ask_price"":""122.70""},{""bid_quantity"":300,""ask_quantity"":280,""bid_orders"":1,""ask_orders"":6,""bid_price"":""121.80"",""ask_price"":""122.75""},{""bid_quantity"":80,""ask_quantity"":260,""bid_orders"":1,""ask_orders"":5,""bid_price"":""121.65"",""ask_price"":""122.85""},{""bid_quantity"":20,""ask_quantity"":260,""bid_orders"":1,""ask_orders"":3,""bid_price"":""121.55"",""ask_price"":""122.95""}]"
09:15:37.146,1790826337146815872,1544079700749779,Full Data,8,886540,156.75,20,09:15:37,,,174.65,944340,77980,3860440,632060,"[{""bid_quantity"":260,""ask_quantity"":60,""bid_orders"":5,""ask_orders"":1,""bid_price"":""155.25"",""ask_price"":""156.50""},{""bid_quantity"":180,""ask_quantity"":340,""bid_orders"":6,""ask_orders"":3,""bid_price"":""155.20"",""ask_price"":""156.55""},{""bid_quantity"":200,""ask_quantity"":40,""bid_orders"":2,""ask_orders"":2,""bid_price"":""155.10"",""ask_price"":""156.60""},{""bid_quantity"":260,""ask_quantity"":300,""bid_orders"":5,""ask_orders"":3,""bid_price"":""155.05"",""ask_price"":""156.65""},{""bid_quantity"":140,""ask_quantity"":380,""bid_orders"":3,""ask_orders"":3,""bid_price"":""155.00"",""ask_price"":""156.70""}]"
09:15:37.178,1790826337178264510,1544079732198697,Full Data,8,886790,121.85,40,09:15:37,,,136.38,2160340,158420,5630860,2100780,"[{""bid_quantity"":60,""ask_quantity"":20,""bid_orders"":1,""ask_orders"":1,""bid_price"":""121.90"",""ask_price"":""122.20""},{""bid_quantity"":20,""ask_quantity"":200,""bid_orders"":1,""ask_orders"":3,""bid_price"":""121.85"",""ask_price"":""122.35""},{""bid_quantity"":20,""ask_quantity"":140,""bid_orders"":1,""ask_orders"":2,""bid_price"":""121.75"",""ask_price"":""122.40""},{""bid_quantity"":100,""ask_quantity"":160,""bid_orders"":2,""ask_orders"":1,""bid_price"":""121.65"",""ask_price"":""122.55""},{""bid_quantity"":60,""ask_quantity"":140,""bid_orders"":2,""ask_orders"":2,""bid_price"":""121.55"",""ask_price"":""122.60""}]"
09:15:37.181,1790826337181809372,1544079735743199,Full Data,8,886790,122.30,120,09:15:37,,,136.38,2160960,156920,5631220,2100780,"[{""bid_quantity"":20,""ask_quantity"":20,""bid_orders"":1,""ask_orders"":1,""bid_price"":""122.10"",""ask_price"":""122.55""},{""bid_quantity"":420,""ask_quantity"":40,""bid_orders"":9,""ask_orders"":2,""bid_price"":""122.00"",""ask_price"":""122.65""},{""bid_quantity"":20,""ask_quantity"":20,""bid_orders"":1,""ask_orders"":1,""bid_price"":""121.90"",""ask_price"":""122.75""},{""bid_quantity"":20,""ask_quantity"":100,""bid_orders"":1,""ask_orders"":1,""bid_price"":""121.85"",""ask_price"":""122.90""},{""bid_quantity"":20,""ask_quantity"":40,""bid_orders"":1,""ask_orders"":1,""bid_price"":""121.75"",""ask_price"":""122.95""}]"
09:15:37.193,1790826337193233884,1544079747167751,Full Data,8,886961,453.10,40,09:15:37,,,432.31,47320,18700,4205960,36440,"[{""bid_quantity"":180,""ask_quantity"":140,""bid_orders"":3,""ask_orders"":3,""bid_price"":""443.70"",""ask_price"":""447.75""},{""bid_quantity"":40,""ask_quantity"":160,""bid_orders"":1,""ask_orders"":3,""bid_price"":""442.80"",""ask_price"":""447.80""},{""bid_quantity"":60,""ask_quantity"":120,""bid_orders"":1,""ask_orders"":4,""bid_price"":""442.00"",""ask_price"":""447.85""},{""bid_quantity"":200,""ask_quantity"":120,""bid_orders"":1,""ask_orders"":3,""bid_price"":""441.60"",""ask_price"":""447.90""},{""bid_quantity"":200,""ask_quantity"":260,""bid_orders"":1,""ask_orders"":4,""bid_price"":""440.45"",""ask_price"":""447.95""}]"
09:15:37.223,1790826337223216192,1544079777150019,Full Data,8,886461,121.10,40,09:15:37,,,123.74,1356860,98220,7803000,1682940,"[{""bid_quantity"":40,""ask_quantity"":120,""bid_orders"":1,""ask_orders"":1,""bid_price"":""120.65"",""ask_price"":""121.10""},{""bid_quantity"":40,""ask_quantity"":80,""bid_orders"":1,""ask_orders"":4,""bid_price"":""120.60"",""ask_price"":""121.15""},{""bid_quantity"":20,""ask_quantity"":160,""bid_orders"":1,""ask_orders"":1,""bid_price"":""120.45"",""ask_price"":""121.30""},{""bid_quantity"":60,""ask_quantity"":80,""bid_orders"":1,""ask_orders"":2,""bid_price"":""120.20"",""ask_price"":""121.35""},{""bid_quantity"":180,""ask_quantity"":340,""bid_orders"":4,""ask_orders"":4,""bid_price"":""120.15"",""ask_price"":""121.40""}]"
09:15:37.232,1790826337232149968,1544079786083875,Full Data,8,886659,250.05,20,09:15:37,,,249.69,970800,42120,6326940,138720,"[{""bid_quantity"":660,""ask_quantity"":40,""bid_orders"":4,""ask_orders"":1,""bid_price"":""249.15"",""ask_price"":""250.60""},{""bid_quantity"":300,""ask_quantity"":140,""bid_orders"":4,""ask_orders"":2,""bid_price"":""249.10"",""ask_price"":""250.80""},{""bid_quantity"":340,""ask_quantity"":180,""bid_orders"":5,""ask_orders"":1,""bid_price"":""249.05"",""ask_price"":""250.90""},{""bid_quantity"":140,""ask_quantity"":100,""bid_orders"":3,""ask_orders"":1,""bid_price"":""249.00"",""ask_price"":""250.95""},{""bid_quantity"":120,""ask_quantity"":160,""bid_orders"":2,""ask_orders"":6,""bid_price"":""248.95"",""ask_price"":""251.00""}]"
09:15:37.275,1790826337275215718,1544079829149585,Ticker Data,0,51,72300.25,,09:15:37,,,,,,,,
09:15:37.308,1790826337308159444,1544079862093391,Full Data,8,887253,307.80,20,09:15:37,,,298.84,350260,24280,5986700,55040,"[{""bid_quantity"":20,""ask_quantity"":60,""bid_orders"":1,""ask_orders"":2,""bid_price"":""307.95"",""ask_price"":""308.70""},{""bid_quantity"":20,""ask_quantity"":260,""bid_orders"":1,""ask_orders"":3,""bid_price"":""307.75"",""ask_price"":""308.75""},{""bid_quantity"":100,""ask_quantity"":40,""bid_orders"":4,""ask_orders"":1,""bid_price"":""307.70"",""ask_price"":""309.00""},{""bid_quantity"":40,""ask_quantity"":100,""bid_orders"":2,""ask_orders"":3,""bid_price"":""307.65"",""ask_price"":""309.05""},{""bid_quantity"":40,""ask_quantity"":160,""bid_orders"":1,""ask_orders"":2,""bid_price"":""307.60"",""ask_price"":""309.10""}]"
09:15:37.394,1790826337394808428,1544079948742935,Full Data,8,887253,308.75,160,09:15:37,,,298.85,350600,26360,5990600,55040,"[{""bid_quantity"":40,""ask_quantity"":200,""bid_orders"":1,""ask_orders"":4,""bid_price"":""309.15"",""ask_price"":""310.40""},{""bid_quantity"":220,""ask_quantity"":100,""bid_orders"":4,""ask_orders"":3,""bid_price"":""309.10"",""ask_price"":""310.50""},{""bid_quantity"":100,""ask_quantity"":140,""bid_orders"":3,""ask_orders"":2,""bid_price"":""309.05"",""ask_price"":""310.60""},{""bid_quantity"":120,""ask_quantity"":20,""bid_orders"":3,""ask_orders"":1,""bid_price"":""309.00"",""ask_price"":""310.65""},{""bid_quantity"":80,""ask_quantity"":20,""bid_orders"":3,""ask_orders"":1,""bid_price"":""308.95"",""ask_price"":""310.70""}]"
09:15:37.429,1790826337429522286,1544079983456433,Full Data,8,886589,374.60,20,09:15:37,,,355.16,457660,29160,6957880,194360,"[{""bid_quantity"":80,""ask_quantity"":580,""bid_orders"":4,""ask_orders"":4,""bid_price"":""373.35"",""ask_price"":""374.95""},{""bid_quantity"":100,""ask_quantity"":160,""bid_orders"":2,""ask_orders"":4,""bid_price"":""373.30"",""ask_price"":""375.00""},{""bid_quantity"":20,""ask_quantity"":40,""bid_orders"":1,""ask_orders"":2,""bid_price"":""373.25"",""ask_price"":""375.15""},{""bid_quantity"":100,""ask_quantity"":60,""bid_orders"":2,""ask_orders"":3,""bid_price"":""373.20"",""ask_price"":""375.20""},{""bid_quantity"":80,""ask_quantity"":180,""bid_orders"":3,""ask_orders"":5,""bid_price"":""373.15"",""ask_price"":""375.25""}]"
09:15:37.470,1790826337470190381,1544080024124728,Full Data,8,887279,307.45,20,09:15:37,,,334.88,546300,58920,4195240,793060,"[{""bid_quantity"":120,""ask_quantity"":20,""bid_orders"":1,""ask_orders"":1,""bid_price"":""306.45"",""ask_price"":""307.45""},{""bid_quantity"":160,""ask_quantity"":100,""bid_orders"":2,""ask_orders"":1,""bid_price"":""306.40"",""ask_price"":""307.50""},{""bid_quantity"":100,""ask_quantity"":20,""bid_orders"":2,""ask_orders"":1,""bid_price"":""306.35"",""ask_price"":""307.95""},{""bid_quantity"":60,""ask_quantity"":140,""bid_orders"":2,""ask_orders"":2,""bid_price"":""306.30"",""ask_price"":""308.00""},{""bid_quantity"":100,""ask_quantity"":100,""bid_orders"":2,""ask_orders"":1,""bid_price"":""306.25"",""ask_price"":""308.20""}]"
09:15:37.487,1790826337487331848,1544080041265875,Full Data,8,886589,373.05,20,09:15:37,,,355.17,457920,27740,6959240,194360,"[{""bid_quantity"":40,""ask_quantity"":60,""bid_orders"":1,""ask_orders"":3,""bid_price"":""372.40"",""ask_price"":""374.75""},{""bid_quantity"":40,""ask_quantity"":100,""bid_orders"":1,""ask_orders"":2,""bid_price"":""372.35"",""ask_price"":""374.80""},{""bid_quantity"":240,""ask_quantity"":420,""bid_orders"":3,""ask_orders"":3,""bid_price"":""372.30"",""ask_price"":""374.85""},{""bid_quantity"":180,""ask_quantity"":100,""bid_orders"":3,""ask_orders"":1,""bid_price"":""372.25"",""ask_price"":""375.50""},{""bid_quantity"":80,""ask_quantity"":40,""bid_orders"":3,""ask_orders"":2,""bid_price"":""372.20"",""ask_price"":""375.55""}]"
09:15:37.564,1790826337564596813,1544080118531000,Full Data,8,887080,156.55,20,09:15:37,,,156.42,870080,58000,5227060,530840,"[{""bid_quantity"":40,""ask_quantity"":40,""bid_orders"":1,""ask_orders"":2,""bid_price"":""156.20"",""ask_price"":""156.60""},{""bid_quantity"":200,""ask_quantity"":20,""bid_orders"":3,""ask_orders"":1,""bid_price"":""156.15"",""ask_price"":""156.75""},{""bid_quantity"":60,""ask_quantity"":20,""bid_orders"":2,""ask_orders"":1,""bid_price"":""156.10"",""ask_price"":""156.90""},{""bid_quantity"":180,""ask_quantity"":60,""bid_orders"":2,""ask_orders"":1,""bid_price"":""156.05"",""ask_price"":""157.00""},{""bid_quantity"":160,""ask_quantity"":280,""bid_orders"":1,""ask_orders"":5,""bid_price"":""155.95"",""ask_price"":""157.10""}]"
09:15:37.623,1790826337623877225,1544080177811292,Full Data,8,887216,200.45,20,09:15:37,,,218.24,1446480,74920,4538080,716360,"[{""bid_quantity"":160,""ask_quantity"":60,""bid_orders"":1,""ask_orders"":2,""bid_price"":""200.35"",""ask_price"":""201.35""},{""bid_quantity"":340,""ask_quantity"":40,""bid_orders"":2,""ask_orders"":2,""bid_price"":""200.30"",""ask_price"":""201.40""},{""bid_quantity"":160,""ask_quantity"":40,""bid_orders"":1,""ask_orders"":2,""bid_price"":""200.25"",""ask_price"":""201.45""},{""bid_quantity"":140,""ask_quantity"":100,""bid_orders"":2,""ask_orders"":3,""bid_price"":""200.20"",""ask_price"":""201.50""},{""bid_quantity"":100,""ask_quantity"":20,""bid_orders"":1,""ask_orders"":1,""bid_price"":""200.10"",""ask_price"":""201.55""}]"
09:15:37.651,1790826337651055635,1544080204989542,Full Data,8,887080,156.60,140,09:15:37,,,156.42,872020,53080,5224060,530840,"[{""bid_quantity"":260,""ask_quantity"":220,""bid_orders"":1,""ask_orders"":6,""bid_price"":""156.60"",""ask_price"":""157.10""},{""bid_quantity"":60,""ask_quantity"":40,""bid_orders"":2,""ask_orders"":2,""bid_price"":""156.55"",""ask_price"":""157.25""},{""bid_quantity"":60,""ask_quantity"":40,""bid_orders"":2,""ask_orders"":2,""bid_price"":""156.50"",""ask_price"":""157.35""},{""bid_quantity"":100,""ask_quantity"":260,""bid_orders"":3,""ask_orders"":3,""bid_price"":""156.45"",""ask_price"":""157.90""},{""bid_quantity"":100,""ask_quantity"":100,""bid_orders"":4,""ask_orders"":1,""bid_price"":""156.35"",""ask_price"":""158.15""}]"
09:15:37.669,1790826337669954874,1544080223888781,Full Data,8,887216,199.20,120,09:15:37,,,218.23,1447500,77700,4538900,716360,"[{""bid_quantity"":40,""ask_quantity"":20,""bid_orders"":1,""ask_orders"":1,""bid_price"":""199.05"",""ask_price"":""200.00""},{""bid_quantity"":480,""ask_quantity"":160,""bid_orders"":4,""ask_orders"":4,""bid_price"":""198.85"",""ask_price"":""200.05""},{""bid_quantity"":340,""ask_quantity"":280,""bid_orders"":2,""ask_orders"":2,""bid_price"":""198.80"",""ask_price"":""200.10""},{""bid_quantity"":220,""ask_quantity"":40,""bid_orders"":3,""ask_orders"":1,""bid_price"":""198.70"",""ask_price"":""200.15""},{""bid_quantity"":20,""ask_quantity"":200,""bid_orders"":1,""ask_orders"":3,""bid_price"":""198.60"",""ask_price"":""200.20""}]"
09:15:37.701,1790826337701321391,1544080255255258,Full Data,8,887306,200.60,160,09:15:37,,,202.75,970460,38560,5740840,240500,"[{""bid_quantity"":60,""ask_quantity"":20,""bid_orders"":3,""ask_orders"":1,""bid_price"":""200.60"",""ask_price"":""201.00""},{""bid_quantity"":20,""ask_quantity"":320,""bid_orders"":1,""ask_orders"":3,""bid_price"":""200.55"",""ask_price"":""201.75""},{""bid_quantity"":200,""ask_quantity"":100,""bid_orders"":3,""ask_orders"":1,""bid_price"":""200.50"",""ask_price"":""201.90""},{""bid_quantity"":180,""ask_quantity"":80,""bid_orders"":3,""ask_orders"":1,""bid_price"":""200.45"",""ask_price"":""201.95""},{""bid_quantity"":40,""ask_quantity"":20,""bid_orders"":2,""ask_orders"":1,""bid_price"":""200.40"",""ask_price"":""202.00""}]"
09:15:37.735,1790826337735197683,1544080289131750,Full Data,8,886671,94.45,20,09:15:37,,,104.79,878280,52880,3121500,570580,"[{""bid_quantity"":20,""ask_quantity"":160,""bid_orders"":1,""ask_orders"":2,""bid_price"":""94.55"",""ask_price"":""94.75""},{""bid_quantity"":40,""ask_quantity"":220,""bid_orders"":1,""ask_orders"":4,""bid_price"":""94.50"",""ask_price"":""94.85""},{""bid_quantity"":140,""ask_quantity"":120,""bid_orders"":3,""ask_orders"":4,""bid_price"":""94.45"",""ask_price"":""94.90""},{""bid_quantity"":60,""ask_quantity"":200,""bid_orders"":2,""ask_orders"":6,""bid_price"":""94.40"",""ask_price"":""94.95""},{""bid_quantity"":140,""ask_quantity"":240,""bid_orders"":3,""ask_orders"":2,""bid_price"":""94.35"",""ask_price"":""95.00""}]"
09:15:37.740,1790826337740131354,1544080294065621,Full Data,8,886671,94.45,20,09:15:37,,,104.79,878280,52700,3122720,570580,"[{""bid_quantity"":60,""ask_quantity"":100,""bid_orders"":2,""ask_orders"":5,""bid_price"":""94.60"",""ask_price"":""94.95""},{""bid_quantity"":40,""ask_quantity"":480,""bid_orders"":2,""ask_orders"":6,""bid_price"":""94.55"",""ask_price"":""95.00""},{""bid_quantity"":60,""ask_quantity"":80,""bid_orders"":2,""ask_orders"":4,""bid_price"":""94.50"",""ask_price"":""95.05""},{""bid_quantity"":140,""ask_quantity"":60,""bid_orders"":3,""ask_orders"":3,""bid_price"":""94.45"",""ask_price"":""95.10""},{""bid_quantity"":180,""ask_quantity"":20,""bid_orders"":2,""ask_orders"":1,""bid_price"":""94.40"",""ask_price"":""95.15""}]"
09:15:37.740,1790826337740673958,1544080294607745,Full Data,8,886685,368.25,20,09:15:37,,,398.86,660060,55640,5804220,1793000,"[{""bid_quantity"":220,""ask_quantity"":100,""bid_orders"":2,""ask_orders"":3,""bid_price"":""368.35"",""ask_price"":""369.80""},{""bid_quantity"":100,""ask_quantity"":160,""bid_orders"":4,""ask_orders"":1,""bid_price"":""368.30"",""ask_price"":""369.90""},{""bid_quantity"":220,""ask_quantity"":60,""bid_orders"":3,""ask_orders"":2,""bid_price"":""368.25"",""ask_price"":""369.95""},{""bid_quantity"":220,""ask_quantity"":160,""bid_orders"":3,""ask_orders"":1,""bid_price"":""368.20"",""ask_price"":""370.10""},{""bid_quantity"":240,""ask_quantity"":140,""bid_orders"":3,""ask_orders"":3,""bid_price"":""368.15"",""ask_price"":""370.25""}]"
09:15:37.774,1790826337774818652,1544080328752519,Full Data,8,887306,200.95,20,09:15:37,,,202.75,971960,40100,5741480,240500,"[{""bid_quantity"":60,""ask_quantity"":100,""bid_orders"":3,""ask_orders"":5,""bid_price"":""200.30"",""ask_price"":""200.95""},{""bid_quantity"":60,""ask_quantity"":40,""bid_orders"":3,""ask_orders"":2,""bid_price"":""200.25"",""ask_price"":""201.70""},{""bid_quantity"":80,""ask_quantity"":140,""bid_orders"":3,""ask_orders"":1,""bid_price"":""200.20"",""ask_price"":""201.90""},{""bid_quantity"":180,""ask_quantity"":40,""bid_orders"":2,""ask_orders"":2,""bid_price"":""200.10"",""ask_price"":""201.95""},{""bid_quantity"":60,""ask_quantity"":240,""bid_orders"":1,""ask_orders"":3,""bid_price"":""200.05"",""ask_price"":""202.00""}]"
09:15:37.983,1790826337983676802,1544080537611149,Full Data,8,886620,248.85,120,09:15:37,,,263.14,1024460,66540,4491860,731020,"[{""bid_quantity"":80,""ask_quantity"":80,""bid_orders"":2,""ask_orders"":2,""bid_price"":""246.55"",""ask_price"":""247.90""},{""bid_quantity"":100,""ask_quantity"":380,""bid_orders"":4,""ask_orders"":4,""bid_price"":""246.40"",""ask_price"":""247.95""},{""bid_quantity"":100,""ask_quantity"":220,""bid_orders"":1,""ask_orders"":5,""bid_price"":""246.35"",""ask_price"":""248.00""},{""bid_quantity"":60,""ask_quantity"":160,""bid_orders"":1,""ask_orders"":1,""bid_price"":""246.20"",""ask_price"":""248.05""},{""bid_quantity"":40,""ask_quantity"":100,""bid_orders"":1,""ask_orders"":2,""bid_price"":""246.15"",""ask_price"":""248.10""}]"
09:15:38.017,1790826338017279413,1544080571213560,Full Data,8,886620,247.85,40,09:15:37,,,263.14,1024520,64700,4491800,731020,"[{""bid_quantity"":140,""ask_quantity"":20,""bid_orders"":2,""ask_orders"":1,""bid_price"":""247.00"",""ask_price"":""247.95""},{""bid_quantity"":40,""ask_quantity"":40,""bid_orders"":2,""ask_orders"":2,""bid_price"":""246.95"",""ask_price"":""248.10""},{""bid_quantity"":20,""ask_quantity"":60,""bid_orders"":1,""ask_orders"":2,""bid_price"":""246.85"",""ask_price"":""248.25""},{""bid_quantity"":100,""ask_quantity"":40,""bid_orders"":2,""ask_orders"":2,""bid_price"":""246.80"",""ask_price"":""248.35""},{""bid_quantity"":80,""ask_quantity"":140,""bid_orders"":2,""ask_orders"":2,""bid_price"":""246.75"",""ask_price"":""248.40""}]"
09:15:38.083,1790826338083468308,1544080637402335,Full Data,8,886540,155.45,100,09:15:38,,,174.43,957260,82500,3868240,632060,"[{""bid_quantity"":20,""ask_quantity"":160,""bid_orders"":1,""ask_orders"":2,""bid_price"":""155.40"",""ask_price"":""155.75""},{""bid_quantity"":20,""ask_quantity"":80,""bid_orders"":1,""ask_orders"":1,""bid_price"":""155.20"",""ask_price"":""155.85""},{""bid_quantity"":300,""ask_quantity"":40,""bid_orders"":1,""ask_orders"":1,""bid_price"":""155.10"",""ask_price"":""155.90""},{""bid_quantity"":40,""ask_quantity"":40,""bid_orders"":1,""ask_orders"":2,""bid_price"":""155.05"",""ask_price"":""155.95""},{""bid_quantity"":80,""ask_quantity"":360,""bid_orders"":1,""ask_orders"":3,""bid_price"":""154.90"",""ask_price"":""156.10""}]"
09:15:38.094,1790826338094943900,1544080648877767,Full Data,8,886790,120.70,280,09:15:38,,,136.12,2204620,157080,5628440,2100780,"[{""bid_quantity"":40,""ask_quantity"":20,""bid_orders"":1,""ask_orders"":1,""bid_price"":""120.85"",""ask_price"":""121.00""},{""bid_quantity"":20,""ask_quantity"":40,""bid_orders"":1,""ask_orders"":1,""bid_price"":""120.80"",""ask_price"":""121.50""},{""bid_quantity"":220,""ask_quantity"":180,""bid_orders"":4,""ask_orders"":2,""bid_price"":""120.70"",""ask_price"":""121.55""},{""bid_quantity"":140,""ask_quantity"":40,""bid_orders"":4,""ask_orders"":1,""bid_price"":""120.65"",""ask_price"":""121.60""},{""bid_quantity"":200,""ask_quantity"":20,""bid_orders"":4,""ask_orders"":1,""bid_price"":""120.60"",""ask_price"":""121.65""}]"
09:15:38.116,1790826338116377834,1544080670311781,Full Data,8,886790,121.00,20,09:15:38,,,136.12,2204660,157100,5629260,2100780,"[{""bid_quantity"":20,""ask_quantity"":20,""bid_orders"":1,""ask_orders"":1,""bid_price"":""120.95"",""ask_price"":""121.40""},{""bid_quantity"":240,""ask_quantity"":20,""bid_orders"":4,""ask_orders"":1,""bid_price"":""120.90"",""ask_price"":""121.55""},{""bid_quantity"":60,""ask_quantity"":40,""bid_orders"":1,""ask_orders"":1,""bid_price"":""120.85"",""ask_price"":""121.60""},{""bid_quantity"":280,""ask_quantity"":20,""bid_orders"":3,""ask_orders"":1,""bid_price"":""120.70"",""ask_price"":""121.65""},{""bid_quantity"":20,""ask_quantity"":80,""bid_orders"":1,""ask_orders"":1,""bid_price"":""120.65"",""ask_price"":""121.70""}]"
09:15:38.142,1790826338142574439,1544080696508506,Full Data,8,886961,451.35,20,09:15:38,,,432.38,47580,19720,4206800,36440,"[{""bid_quantity"":180,""ask_quantity"":20,""bid_orders"":3,""ask_orders"":1,""bid_price"":""450.75"",""ask_price"":""453.75""},{""bid_quantity"":100,""ask_quantity"":20,""bid_orders"":2,""ask_orders"":1,""bid_price"":""450.70"",""ask_price"":""453.80""},{""bid_quantity"":20,""ask_quantity"":60,""bid_orders"":1,""ask_orders"":3,""bid_price"":""450.65"",""ask_price"":""453.90""},{""bid_quantity"":40,""ask_quantity"":160,""bid_orders"":2,""ask_orders"":2,""bid_price"":""450.55"",""ask_price"":""453.95""},{""bid_quantity"":40,""ask_quantity"":100,""bid_orders"":2,""ask_orders"":2,""bid_price"":""450.45"",""ask_price"":""454.00""}]"
09:15:38.168,1790826338168610322,1544080722544909,Full Data,8,886540,155.40,60,09:15:38,,,174.38,959780,85560,3868900,632060,"[{""bid_quantity"":60,""ask_quantity"":20,""bid_orders"":3,""ask_orders"":1,""bid_price"":""154.85"",""ask_price"":""155.00""},{""bid_quantity"":180,""ask_quantity"":40,""bid_orders"":4,""ask_orders"":1,""bid_price"":""154.80"",""ask_price"":""155.35""},{""bid_quantity"":80,""ask_quantity"":120,""bid_orders"":2,""ask_orders"":1,""bid_price"":""154.60"",""ask_price"":""155.40""},{""bid_quantity"":100,""ask_quantity"":100,""bid_orders"":4,""ask_orders"":1,""bid_price"":""154.55"",""ask_price"":""155.50""},{""bid_quantity"":80,""ask_quantity"":60,""bid_orders"":2,""ask_orders"":2,""bid_price"":""154.50"",""ask_price"":""155.55""}]"
09:15:38.187,1790826338187566721,1544080741500748,Full Data,8,886461,124.40,20,09:15:38,,,123.73,1379400,98480,7806220,1682940,"[{""bid_quantity"":180,""ask_quantity"":80,""bid_orders"":3,""ask_orders"":3,""bid_price"":""123.85"",""ask_price"":""124.45""},{""bid_quantity"":20,""ask_quantity"":160,""bid_orders"":1,""ask_orders"":8,""bid_price"":""123.80"",""ask_price"":""124.50""},{""bid_quantity"":180,""ask_quantity"":60,""bid_orders"":4,""ask_orders"":2,""bid_price"":""123.70"",""ask_price"":""124.55""},{""bid_quantity"":40,""ask_quantity"":160,""bid_orders"":1,""ask_orders"":2,""bid_price"":""123.65"",""ask_price"":""124.60""},{""bid_quantity"":440,""ask_quantity"":140,""bid_orders"":3,""ask_orders"":3,""bid_price"":""123.60"",""ask_price"":""124.70""}]"
09:15:38.217,1790826338217807031,1544080771741018,Full Data,8,886659,254.65,20,09:15:38,,,249.72,980620,43680,6346360,138720,"[{""bid_quantity"":20,""ask_quantity"":100,""bid_orders"":1,""ask_orders"":3,""bid_price"":""254.80"",""ask_price"":""255.25""},{""bid_quantity"":20,""ask_quantity"":80,""bid_orders"":1,""ask_orders"":3,""bid_price"":""254.65"",""ask_price"":""255.45""},{""bid_quantity"":40,""ask_quantity"":40,""bid_orders"":1,""ask_orders"":1,""bid_price"":""254.05"",""ask_price"":""255.55""},{""bid_quantity"":60,""ask_quantity"":60,""bid_orders"":2,""ask_orders"":2,""bid_price"":""253.95"",""ask_price"":""255.80""},{""bid_quantity"":100,""ask_quantity"":60,""bid_orders"":1,""ask_orders"":1,""bid_price"":""253.60"",""ask_price"":""256.25""}]"
09:15:38.223,1790826338223780788,1544080777714695,Full Data,8,886961,451.35,20,09:15:38,,,432.38,47580,18080,4206580,36440,"[{""bid_quantity"":20,""ask_quantity"":40,""bid_orders"":1,""ask_orders"":2,""bid_price"":""449.75"",""ask_price"":""452.20""},{""bid_quantity"":40,""ask_quantity"":40,""bid_orders"":2,""ask_orders"":2,""bid_price"":""449.65"",""ask_price"":""452.40""},{""bid_quantity"":20,""ask_quantity"":120,""bid_orders"":1,""ask_orders"":3,""bid_price"":""449.60"",""ask_price"":""452.45""},{""bid_quantity"":60,""ask_quantity"":20,""bid_orders"":3,""ask_orders"":1,""bid_price"":""449.55"",""ask_price"":""452.55""},{""bid_quantity"":120,""ask_quantity"":20,""bid_orders"":3,""ask_orders"":1,""bid_price"":""449.50"",""ask_price"":""452.65""}]"
09:15:38.233,1790826338233270528,1544080787204595,Full Data,8,886461,124.20,40,09:15:38,,,123.73,1380900,96860,7803340,1682940,"[{""bid_quantity"":140,""ask_quantity"":80,""bid_orders"":2,""ask_orders"":1,""bid_price"":""123.70"",""ask_price"":""124.10""},{""bid_quantity"":60,""ask_quantity"":180,""bid_orders"":2,""ask_orders"":3,""bid_price"":""123.65"",""ask_price"":""124.25""},{""bid_quantity"":480,""ask_quantity"":80,""bid_orders"":3,""ask_orders"":3,""bid_price"":""123.60"",""ask_price"":""124.30""},{""bid_quantity"":40,""ask_quantity"":40,""bid_orders"":1,""ask_orders"":2,""bid_price"":""123.55"",""ask_price"":""124.35""},{""bid_quantity"":320,""ask_quantity"":80,""bid_orders"":4,""ask_orders"":2,""bid_price"":""123.50"",""ask_price"":""124.40""}]"
09:15:38.252,1790826338252468968,1544080806402955,Full Data,8,886659,254.45,100,09:15:38,,,249.72,981100,42580,6346200,138720,"[{""bid_quantity"":60,""ask_quantity"":40,""bid_orders"":3,""ask_orders"":1,""bid_price"":""253.75"",""ask_price"":""254.45""},{""bid_quantity"":60,""ask_quantity"":240,""bid_orders"":3,""ask_orders"":3,""bid_price"":""253.40"",""ask_price"":""254.50""},{""bid_quantity"":40,""ask_quantity"":40,""bid_orders"":2,""ask_orders"":1,""bid_price"":""253.10"",""ask_price"":""254.55""},{""bid_quantity"":20,""ask_quantity"":160,""bid_orders"":1,""ask_orders"":5,""bid_price"":""253.05"",""ask_price"":""254.60""},{""bid_quantity"":380,""ask_quantity"":180,""bid_orders"":2,""ask_orders"":4,""bid_price"":""252.85"",""ask_price"":""254.65""}]"
09:15:38.275,1790826338275452952,1544080829386819,Ticker Data,0,51,72302.77,,09:15:38,,,,,,,,
09:15:38.391,1790826338391809162,1544080945743389,Full Data,8,887253,315.00,100,09:15:38,,,299.14,358640,23100,5985880,55040,"[{""bid_quantity"":20,""ask_quantity"":20,""bid_orders"":1,""ask_orders"":1,""bid_price"":""315.05"",""ask_price"":""315.35""},{""bid_quantity"":300,""ask_quantity"":40,""bid_orders"":1,""ask_orders"":2,""bid_price"":""315.00"",""ask_price"":""315.80""},{""bid_quantity"":160,""ask_quantity"":220,""bid_orders"":1,""ask_orders"":4,""bid_price"":""314.70"",""ask_price"":""315.90""},{""bid_quantity"":120,""ask_quantity"":20,""bid_orders"":3,""ask_orders"":1,""bid_price"":""314.65"",""ask_price"":""315.95""},{""bid_quantity"":40,""ask_quantity"":20,""bid_orders"":2,""ask_orders"":1,""bid_price"":""314.60"",""ask_price"":""316.05""}]"
09:15:38.468,1790826338468092841,1544081022026868,Full Data,8,887279,300.15,20,09:15:38,,,334.50,552940,58180,4193260,793060,"[{""bid_quantity"":460,""ask_quantity"":120,""bid_orders"":3,""ask_orders"":2,""bid_price"":""298.55"",""ask_price"":""299.55""},{""bid_quantity"":80,""ask_quantity"":120,""bid_orders"":1,""ask_orders"":1,""bid_price"":""298.35"",""ask_price"":""299.60""},{""bid_quantity"":160,""ask_quantity"":20,""bid_orders"":1,""ask_orders"":1,""bid_price"":""298.25"",""ask_price"":""299.65""},{""bid_quantity"":280,""ask_quantity"":300,""bid_orders"":5,""ask_orders"":1,""bid_price"":""298.20"",""ask_price"":""299.70""},{""bid_quantity"":40,""ask_quantity"":80,""bid_orders"":1,""ask_orders"":1,""bid_price"":""298.15"",""ask_price"":""299.75""}]"
09:15:38.485,1790826338485204548,1544081039138455,Full Data,8,887253,314.60,20,09:15:38,,,299.16,359160,23760,5985500,55040,"[{""bid_quantity"":60,""ask_quantity"":20,""bid_orders"":3,""ask_orders"":1,""bid_price"":""313.80"",""ask_price"":""314.70""},{""bid_quantity"":20,""ask_quantity"":140,""bid_orders"":1,""ask_orders"":5,""bid_price"":""313.75"",""ask_price"":""314.90""},{""bid_quantity"":80,""ask_quantity"":40,""bid_orders"":3,""ask_orders"":1,""bid_price"":""313.65"",""ask_price"":""314.95""},{""bid_quantity"":220,""ask_quantity"":20,""bid_orders"":2,""ask_orders"":1,""bid_price"":""313.60"",""ask_price"":""315.15""},{""bid_quantity"":20,""ask_quantity"":180,""bid_orders"":1,""ask_orders"":3,""bid_price"":""313.50"",""ask_price"":""315.20""}]"
09:15:38.498,1790826338498435631,1544081052369538,Full Data,8,886589,379.55,20,09:15:38,,,355.44,463380,27440,6993300,194360,"[{""bid_quantity"":200,""ask_quantity"":60,""bid_orders"":1,""ask_orders"":2,""bid_price"":""378.60"",""ask_price"":""379.95""},{""bid_quantity"":100,""ask_quantity"":100,""bid_orders"":2,""ask_orders"":4,""bid_price"":""377.50"",""ask_price"":""380.00""},{""bid_quantity"":100,""ask_quantity"":180,""bid_orders"":2,""ask_orders"":4,""bid_price"":""377.45"",""ask_price"":""380.05""},{""bid_quantity"":100,""ask_quantity"":140,""bid_orders"":2,""ask_orders"":6,""bid_price"":""377.40"",""ask_price"":""380.10""},{""bid_quantity"":20,""ask_quantity"":160,""bid_orders"":1,""ask_orders"":2,""bid_price"":""377.30"",""ask_price"":""380.15""}]"
09:15:38.541,1790826338541584102,1544081095518049,Full Data,8,886589,378.70,20,09:15:38,,,355.45,463600,28420,6993340,194360,"[{""bid_quantity"":40,""ask_quantity"":60,""bid_orders"":1,""ask_orders"":2,""bid_price"":""377.05"",""ask_price"":""378.65""},{""bid_quantity"":100,""ask_quantity"":140,""bid_orders"":1,""ask_orders"":3,""bid_price"":""377.00"",""ask_price"":""378.75""},{""bid_quantity"":100,""ask_quantity"":60,""bid_orders"":1,""ask_orders"":2,""bid_price"":""376.75"",""ask_price"":""378.80""},{""bid_quantity"":20,""ask_quantity"":20,""bid_orders"":1,""ask_orders"":1,""bid_price"":""376.70"",""ask_price"":""379.05""},{""bid_quantity"":120,""ask_quantity"":20,""bid_orders"":2,""ask_orders"":1,""bid_price"":""376.50"",""ask_price"":""379.10""}]"
09:15:38.654,1790826338654302129,1544081208236476,Full Data,8,887080,159.80,140,09:15:38,,,156.48,891040,53740,5225360,530840,"[{""bid_quantity"":40,""ask_quantity"":120,""bid_orders"":1,""ask_orders"":3,""bid_price"":""159.50"",""ask_price"":""160.15""},{""bid_quantity"":160,""ask_quantity"":80,""bid_orders"":1,""ask_orders"":3,""bid_price"":""159.40"",""ask_price"":""160.20""},{""bid_quantity"":220,""ask_quantity"":60,""bid_orders"":3,""ask_orders"":2,""bid_price"":""159.35"",""ask_price"":""160.25""},{""bid_quantity"":160,""ask_quantity"":120,""bid_orders"":1,""ask_orders"":2,""bid_price"":""159.30"",""ask_price"":""160.50""},{""bid_quantity"":20,""ask_quantity"":40,""bid_orders"":1,""ask_orders"":1,""bid_price"":""159.25"",""ask_price"":""160.55""}]"
09:15:38.702,1790826338702293990,1544081256227937,Full Data,8,887216,196.50,100,09:15:38,,,217.91,1469720,78360,4540360,716360,"[{""bid_quantity"":20,""ask_quantity"":360,""bid_orders"":1,""ask_orders"":2,""bid_price"":""195.85"",""ask_price"":""196.55""},{""bid_quantity"":40,""ask_quantity"":40,""bid_orders"":1,""ask_orders"":1,""bid_price"":""195.80"",""ask_price"":""196.60""},{""bid_quantity"":320,""ask_quantity"":80,""bid_orders"":1,""ask_orders"":1,""bid_price"":""195.65"",""ask_price"":""196.65""},{""bid_quantity"":260,""ask_quantity"":60,""bid_orders"":2,""ask_orders"":2,""bid_price"":""195.60"",""ask_price"":""196.70""},{""bid_quantity"":40,""ask_quantity"":60,""bid_orders"":1,""ask_orders"":1,""bid_price"":""195.55"",""ask_price"":""196.75""}]"
09:15:38.716,1790826338716437718,1544081270371785,Full Data,8,886671,92.45,40,09:15:38,,,104.67,887560,56260,3125820,570580,"[{""bid_quantity"":220,""ask_quantity"":80,""bid_orders"":4,""ask_orders"":3,""bid_price"":""92.40"",""ask_price"":""92.85""},{""bid_quantity"":120,""ask_quantity"":120,""bid_orders"":3,""ask_orders"":3,""bid_price"":""92.30"",""ask_price"":""92.90""},{""bid_quantity"":240,""ask_quantity"":340,""bid_orders"":6,""ask_orders"":5,""bid_price"":""92.25"",""ask_price"":""92.95""},{""bid_quantity"":20,""ask_quantity"":380,""bid_orders"":1,""ask_orders"":5,""bid_price"":""92.20"",""ask_price"":""93.00""},{""bid_quantity"":20,""ask_quantity"":120,""bid_orders"":1,""ask_orders"":4,""bid_price"":""92.15"",""ask_price"":""93.05""}]"
09:15:38.729,1790826338729981323,1544081283915350,Full Data,8,886671,92.25,40,09:15:38,,,104.67,887600,56300,3125840,570580,"[{""bid_quantity"":40,""ask_quantity"":100,""bid_orders"":2,""ask_orders"":2,""bid_price"":""92.30"",""ask_price"":""92.65""},{""bid_quantity"":120,""ask_quantity"":60,""bid_orders"":3,""ask_orders"":2,""bid_price"":""92.25"",""ask_price"":""92.70""},{""bid_quantity"":340,""ask_quantity"":80,""bid_orders"":4,""ask_orders"":3,""bid_price"":""92.20"",""ask_price"":""92.75""},{""bid_quantity"":40,""ask_quantity"":100,""bid_orders"":2,""ask_orders"":2,""bid_price"":""92.15"",""ask_price"":""92.80""},{""bid_quantity"":80,""ask_quantity"":80,""bid_orders"":1,""ask_orders"":3,""bid_price"":""92.10"",""ask_price"":""92.85""}]"
09:15:38.730,1790826338730113684,1544081284047391,Full Data,8,887080,159.90,40,09:15:38,,,156.49,892480,53920,5225400,530840,"[{""bid_quantity"":20,""ask_quantity"":720,""bid_orders"":1,""ask_orders"":4,""bid_price"":""159.80"",""ask_price"":""160.55""},{""bid_quantity"":160,""ask_quantity"":40,""bid_orders"":2,""ask_orders"":1,""bid_price"":""159.75"",""ask_price"":""160.60""},{""bid_quantity"":160,""ask_quantity"":40,""bid_orders"":1,""ask_orders"":2,""bid_price"":""159.65"",""ask_price"":""160.65""},{""bid_quantity"":40,""ask_quantity"":40,""bid_orders"":2,""ask_orders"":2,""bid_price"":""159.60"",""ask_price"":""160.75""},{""bid_quantity"":20,""ask_quantity"":20,""bid_orders"":1,""ask_orders"":1,""bid_price"":""159.55"",""ask_price"":""160.90""}]"
09:15:38.735,1790826338735329477,1544081289263384,Full Data,8,886685,366.65,20,09:15:38,,,398.41,668900,56480,5803620,1793000,"[{""bid_quantity"":100,""ask_quantity"":80,""bid_orders"":5,""ask_orders"":1,""bid_price"":""363.15"",""ask_price"":""364.70""},{""bid_quantity"":220,""ask_quantity"":180,""bid_orders"":2,""ask_orders"":2,""bid_price"":""363.05"",""ask_price"":""364.85""},{""bid_quantity"":120,""ask_quantity"":120,""bid_orders"":3,""ask_orders"":2,""bid_price"":""363.00"",""ask_price"":""364.90""},{""bid_quantity"":160,""ask_quantity"":20,""bid_orders"":3,""ask_orders"":1,""bid_price"":""362.95"",""ask_price"":""365.00""},{""bid_quantity"":180,""ask_quantity"":20,""bid_orders"":2,""ask_orders"":1,""bid_price"":""362.90"",""ask_price"":""365.25""}]"
09:15:38.766,1790826338766491032,1544081320425099,Full Data,8,887216,196.30,20,09:15:38,,,217.89,1471600,78240,4542880,716360,"[{""bid_quantity"":60,""ask_quantity"":320,""bid_orders"":2,""ask_orders"":1,""bid_price"":""195.70"",""ask_price"":""196.45""},{""bid_quantity"":220,""ask_quantity"":140,""bid_orders"":2,""ask_orders"":3,""bid_price"":""195.55"",""ask_price"":""196.50""},{""bid_quantity"":100,""ask_quantity"":500,""bid_orders"":1,""ask_orders"":3,""bid_price"":""195.45"",""ask_price"":""196.55""},{""bid_quantity"":180,""ask_quantity"":160,""bid_orders"":2,""ask_orders"":2,""bid_price"":""195.40"",""ask_price"":""196.60""},{""bid_quantity"":80,""ask_quantity"":40,""bid_orders"":1,""ask_orders"":1,""bid_price"":""195.35"",""ask_price"":""196.75""}]"
09:15:38.792,1790826338792094593,1544081346028580,Full Data,8,887306,203.65,40,09:15:38,,,202.76,989680,42920,5743460,240500,"[{""bid_quantity"":160,""ask_quantity"":60,""bid_orders"":1,""ask_orders"":2,""bid_price"":""203.55"",""ask_price"":""204.25""},{""bid_quantity"":80,""ask_quantity"":60,""bid_orders"":1,""ask_orders"":3,""bid_price"":""203.45"",""ask_price"":""204.30""},{""bid_quantity"":160,""ask_quantity"":20,""bid_orders"":1,""ask_orders"":1,""bid_price"":""203.40"",""ask_price"":""204.45""},{""bid_quantity"":60,""ask_quantity"":200,""bid_orders"":2,""ask_orders"":3,""bid_price"":""203.35"",""ask_price"":""204.50""},{""bid_quantity"":20,""ask_quantity"":120,""bid_orders"":1,""ask_orders"":1,""bid_price"":""203.30"",""ask_price"":""204.60""}]"
09:15:38.807,1790826338807887772,1544081361821639,Full Data,8,887306,205.15,60,09:15:38,,,202.76,990340,40660,5744480,240500,"[{""bid_quantity"":40,""ask_quantity"":100,""bid_orders"":1,""ask_orders"":2,""bid_price"":""204.25"",""ask_price"":""205.10""},{""bid_quantity"":40,""ask_quantity"":240,""bid_orders"":2,""ask_orders"":5,""bid_price"":""204.20"",""ask_price"":""205.20""},{""bid_quantity"":60,""ask_quantity"":160,""bid_orders"":2,""ask_orders"":1,""bid_price"":""204.00"",""ask_price"":""205.25""},{""bid_quantity"":20,""ask_quantity"":100,""bid_orders"":1,""ask_orders"":3,""bid_price"":""203.95"",""ask_price"":""205.30""},{""bid_quantity"":160,""ask_quantity"":160,""bid_orders"":4,""ask_orders"":2,""bid_price"":""203.80"",""ask_price"":""205.35""}]"
09:15:39.014,1790826339014910071,1544081568844458,Full Data,8,886620,244.65,80,09:15:38,,,262.83,1041760,66120,4497460,731020,"[{""bid_quantity"":200,""ask_quantity"":20,""bid_orders"":3,""ask_orders"":1,""bid_price"":""243.85"",""ask_price"":""244.65""},{""bid_quantity"":20,""ask_quantity"":40,""bid_orders"":1,""ask_orders"":1,""bid_price"":""243.80"",""ask_price"":""244.70""},{""bid_quantity"":80,""ask_quantity"":120,""bid_orders"":3,""ask_orders"":3,""bid_price"":""243.75"",""ask_price"":""244.80""},{""bid_quantity"":40,""ask_quantity"":60,""bid_orders"":2,""ask_orders"":2,""bid_price"":""243.70"",""ask_price"":""245.00""},{""bid_quantity"":300,""ask_quantity"":20,""bid_orders"":4,""ask_orders"":1,""bid_price"":""243.65"",""ask_price"":""245.05""}]"
09:15:39.027,1790826339027172268,1544081581106575,Full Data,8,886620,243.00,40,09:15:39,,,262.82,1042300,66200,4496720,731020,"[{""bid_quantity"":120,""ask_quantity"":60,""bid_orders"":1,""ask_orders"":1,""bid_price"":""243.10"",""ask_price"":""244.55""},{""bid_quantity"":60,""ask_quantity"":40,""bid_orders"":1,""ask_orders"":2,""bid_price"":""243.05"",""ask_price"":""244.60""},{""bid_quantity"":320,""ask_quantity"":80,""bid_orders"":5,""ask_orders"":3,""bid_price"":""242.95"",""ask_price"":""244.85""},{""bid_quantity"":60,""ask_quantity"":100,""bid_orders"":2,""ask_orders"":1,""bid_price"":""242.90"",""ask_price"":""244.95""},{""bid_quantity"":100,""ask_quantity"":20,""bid_orders"":2,""ask_orders"":1,""bid_price"":""242.75"",""ask_price"":""245.05""}]"
09:15:39.098,1790826339098856477,1544081652790544,Full Data,8,886790,120.60,20,09:15:39,,,135.84,2245520,161640,5623120,2100780,"[{""bid_quantity"":280,""ask_quantity"":60,""bid_orders"":4,""ask_orders"":1,""bid_price"":""120.25"",""ask_price"":""120.65""},{""bid_quantity"":80,""ask_quantity"":120,""bid_orders"":2,""ask_orders"":3,""bid_price"":""120.20"",""ask_price"":""120.70""},{""bid_quantity"":260,""ask_quantity"":120,""bid_orders"":4,""ask_orders"":1,""bid_price"":""120.15"",""ask_price"":""120.75""},{""bid_quantity"":140,""ask_quantity"":80,""bid_orders"":3,""ask_orders"":2,""bid_price"":""120.10"",""ask_price"":""120.80""},{""bid_quantity"":80,""ask_quantity"":80,""bid_orders"":2,""ask_orders"":2,""bid_price"":""120.05"",""ask_price"":""120.90""}]"
09:15:39.109,1790826339109407663,1544081663341650,Full Data,8,886790,120.65,40,09:15:39,,,135.84,2245560,161560,5623380,2100780,"[{""bid_quantity"":100,""ask_quantity"":20,""bid_orders"":2,""ask_orders"":1,""bid_price"":""120.35"",""ask_price"":""120.65""},{""bid_quantity"":120,""ask_quantity"":80,""bid_orders"":3,""ask_orders"":3,""bid_price"":""120.30"",""ask_price"":""120.70""},{""bid_quantity"":300,""ask_quantity"":80,""bid_orders"":5,""ask_orders"":2,""bid_price"":""120.25"",""ask_price"":""120.80""},{""bid_quantity"":240,""ask_quantity"":60,""bid_orders"":3,""ask_orders"":1,""bid_price"":""120.20"",""ask_price"":""120.90""},{""bid_quantity"":100,""ask_quantity"":340,""bid_orders"":3,""ask_orders"":4,""bid_price"":""120.15"",""ask_price"":""121.00""}]"
09:15:39.139,1790826339139812814,1544081693746761,Full Data,8,886540,154.60,20,09:15:39,,,174.07,974920,95400,3876080,632060,"[{""bid_quantity"":160,""ask_quantity"":180,""bid_orders"":4,""ask_orders"":2,""bid_price"":""154.05"",""ask_price"":""154.55""},{""bid_quantity"":140,""ask_quantity"":80,""bid_orders"":3,""ask_orders"":4,""bid_price"":""154.00"",""ask_price"":""154.60""},{""bid_quantity"":240,""ask_quantity"":40,""bid_orders"":4,""ask_orders"":2,""bid_price"":""153.95"",""ask_price"":""154.65""},{""bid_quantity"":20,""ask_quantity"":440,""bid_orders"":1,""ask_orders"":3,""bid_price"":""153.90"",""ask_price"":""154.70""},{""bid_quantity"":240,""ask_quantity"":40,""bid_orders"":4,""ask_orders"":1,""bid_price"":""153.85"",""ask_price"":""154.90""}]"
09:15:39.188,1790826339188031397,1544081741965424,Full Data,8,886961,450.40,60,09:15:39,,,432.73,48380,17800,4207300,36440,"[{""bid_quantity"":20,""ask_quantity"":40,""bid_orders"":1,""ask_orders"":2,""bid_price"":""451.45"",""ask_price"":""453.10""},{""bid_quantity"":40,""ask_quantity"":60,""bid_orders"":1,""ask_orders"":3,""bid_price"":""451.40"",""ask_price"":""453.35""},{""bid_quantity"":60,""ask_quantity"":40,""bid_orders"":3,""ask_orders"":2,""bid_price"":""451.35"",""ask_price"":""453.55""},{""bid_quantity"":20,""ask_quantity"":40,""bid_orders"":1,""ask_orders"":2,""bid_price"":""451.30"",""ask_price"":""453.60""},{""bid_quantity"":20,""ask_quantity"":80,""bid_orders"":1,""ask_orders"":1,""bid_price"":""451.25"",""ask_price"":""453.65""}]"
09:15:39.200,1790826339200701796,1544081754636303,Full Data,8,886540,153.55,40,09:15:39,,,174.06,975660,92500,3871800,632060,"[{""bid_quantity"":80,""ask_quantity"":60,""bid_orders"":2,""ask_orders"":3,""bid_price"":""153.60"",""ask_price"":""154.15""},{""bid_quantity"":40,""ask_quantity"":120,""bid_orders"":2,""ask_orders"":5,""bid_price"":""153.50"",""ask_price"":""154.20""},{""bid_quantity"":60,""ask_quantity"":80,""bid_orders"":3,""ask_orders"":1,""bid_price"":""153.40"",""ask_price"":""154.25""},{""bid_quantity"":320,""ask_quantity"":60,""bid_orders"":3,""ask_orders"":3,""bid_price"":""153.30"",""ask_price"":""154.30""},{""bid_quantity"":100,""ask_quantity"":60,""bid_orders"":3,""ask_orders"":2,""bid_price"":""153.25"",""ask_price"":""154.35""}]"
09:15:39.235,1790826339235780016,1544081789714043,Full Data,8,886461,124.70,20,09:15:39,,,123.73,1395000,96060,7826280,1682940,"[{""bid_quantity"":40,""ask_quantity"":20,""bid_orders"":1,""ask_orders"":1,""bid_price"":""124.30"",""ask_price"":""124.70""},{""bid_quantity"":140,""ask_quantity"":120,""bid_orders"":4,""ask_orders"":4,""bid_price"":""124.25"",""ask_price"":""124.75""},{""bid_quantity"":160,""ask_quantity"":40,""bid_orders"":2,""ask_orders"":1,""bid_price"":""124.20"",""ask_price"":""124.85""},{""bid_quantity"":20,""ask_quantity"":180,""bid_orders"":1,""ask_orders"":5,""bid_price"":""124.15"",""ask_price"":""124.95""},{""bid_quantity"":280,""ask_quantity"":200,""bid_orders"":4,""ask_orders"":3,""bid_price"":""124.10"",""ask_price"":""125.00""}]"
09:15:39.248,1790826339248853018,1544081802787125,Full Data,8,886659,252.80,60,09:15:39,,,249.79,994140,41040,6344860,138720,"[{""bid_quantity"":140,""ask_quantity"":320,""bid_orders"":3,""ask_orders"":1,""bid_price"":""252.85"",""ask_price"":""254.20""},{""bid_quantity"":140,""ask_quantity"":100,""bid_orders"":2,""ask_orders"":1,""bid_price"":""252.80"",""ask_price"":""254.25""},{""bid_quantity"":100,""ask_quantity"":700,""bid_orders"":1,""ask_orders"":7,""bid_price"":""252.60"",""ask_price"":""254.35""},{""bid_quantity"":20,""ask_quantity"":340,""bid_orders"":1,""ask_orders"":2,""bid_price"":""252.55"",""ask_price"":""254.40""},{""bid_quantity"":20,""ask_quantity"":100,""bid_orders"":1,""ask_orders"":2,""bid_price"":""252.50"",""ask_price"":""254.45""}]"
09:15:39.280,1790826339280839939,1544081834773806,Full Data,8,886961,450.40,60,09:15:39,,,432.73,48380,17480,4207180,36440,"[{""bid_quantity"":20,""ask_quantity"":20,""bid_orders"":1,""ask_orders"":1,""bid_price"":""450.10"",""ask_price"":""452.25""},{""bid_quantity"":40,""ask_quantity"":20,""bid_orders"":2,""ask_orders"":1,""bid_price"":""450.05"",""ask_price"":""452.30""},{""bid_quantity"":20,""ask_quantity"":20,""bid_orders"":1,""ask_orders"":1,""bid_price"":""450.00"",""ask_price"":""452.35""},{""bid_quantity"":20,""ask_quantity"":20,""bid_orders"":1,""ask_orders"":1,""bid_price"":""449.90"",""ask_price"":""452.40""},{""bid_quantity"":20,""ask_quantity"":20,""bid_orders"":1,""ask_orders"":1,""bid_price"":""449.70"",""ask_price"":""452.45""}]"
09:15:39.280,1790826339280949820,1544081834883447,Full Data,8,886461,123.95,20,09:15:39,,,123.73,1396020,97020,7826300,1682940,"[{""bid_quantity"":60,""ask_quantity"":20,""bid_orders"":1,""ask_orders"":1,""bid_price"":""123.40"",""ask_price"":""123.80""},{""bid_quantity"":160,""ask_quantity"":60,""bid_orders"":4,""ask_orders"":2,""bid_price"":""123.35"",""ask_price"":""124.00""},{""bid_quantity"":100,""ask_quantity"":180,""bid_orders"":2,""ask_orders"":2,""bid_price"":""123.30"",""ask_price"":""124.10""},{""bid_quantity"":160,""ask_quantity"":180,""bid_orders"":2,""ask_orders"":2,""bid_price"":""123.25"",""ask_price"":""124.15""},{""bid_quantity"":160,""ask_quantity"":40,""bid_orders"":4,""ask_orders"":1,""bid_price"":""123.15"",""ask_price"":""124.20""}]"
09:15:39.286,1790826339286915177,1544081840849004,Ticker Data,0,51,72294.65,,09:15:39,,,,,,,,
09:15:39.325,1790826339325543259,1544081879477286,Full Data,8,886659,254.35,40,09:15:39,,,249.79,995040,39980,6383740,138720,"[{""bid_quantity"":220,""ask_quantity"":20,""bid_orders"":1,""ask_orders"":1,""bid_price"":""253.95"",""ask_price"":""254.50""},{""bid_quantity"":40,""ask_quantity"":160,""bid_orders"":2,""ask_orders"":1,""bid_price"":""253.90"",""ask_price"":""254.55""},{""bid_quantity"":20,""ask_quantity"":320,""bid_orders"":1,""ask_orders"":1,""bid_price"":""253.70"",""ask_price"":""254.60""},{""bid_quantity"":40,""ask_quantity"":40,""bid_orders"":1,""ask_orders"":2,""bid_price"":""253.65"",""ask_price"":""254.65""},{""bid_quantity"":20,""ask_quantity"":340,""bid_orders"":1,""ask_orders"":2,""bid_price"":""253.55"",""ask_price"":""254.85""}]"
09:15:39.495,1790826339495268844,1544082049203151,Full Data,8,887253,313.95,20,09:15:39,,,299.27,361880,24460,6065300,55040,"[{""bid_quantity"":100,""ask_quantity"":380,""bid_orders"":1,""ask_orders"":4,""bid_price"":""313.00"",""ask_price"":""314.80""},{""bid_quantity"":20,""ask_quantity"":520,""bid_orders"":1,""ask_orders"":5,""bid_price"":""312.65"",""ask_price"":""314.85""},{""bid_quantity"":100,""ask_quantity"":220,""bid_orders"":1,""ask_orders"":4,""bid_price"":""312.60"",""ask_price"":""314.90""},{""bid_quantity"":40,""ask_quantity"":140,""bid_orders"":2,""ask_orders"":4,""bid_price"":""311.70"",""ask_price"":""314.95""},{""bid_quantity"":80,""ask_quantity"":40,""bid_orders"":1,""ask_orders"":1,""bid_price"":""311.15"",""ask_price"":""315.00""}]"
09:15:39.521,1790826339521383928,1544082075317915,Full Data,8,887279,298.25,40,09:15:39,,,333.73,565640,57680,4194440,793060,"[{""bid_quantity"":80,""ask_quantity"":60,""bid_orders"":1,""ask_orders"":3,""bid_price"":""298.00"",""ask_price"":""298.80""},{""bid_quantity"":40,""ask_quantity"":20,""bid_orders"":1,""ask_orders"":1,""bid_price"":""297.95"",""ask_price"":""298.90""},{""bid_quantity"":160,""ask_quantity"":40,""bid_orders"":4,""ask_orders"":1,""bid_price"":""297.90"",""ask_price"":""298.95""},{""bid_quantity"":80,""ask_quantity"":100,""bid_orders"":2,""ask_orders"":1,""bid_price"":""297.85"",""ask_price"":""299.60""},{""bid_quantity"":120,""ask_quantity"":80,""bid_orders"":3,""ask_orders"":1,""bid_price"":""297.80"",""ask_price"":""299.65""}]"
09:15:39.561,1790826339561225058,1544082115159205,Full Data,8,886589,385.65,40,09:15:39,,,355.93,472220,27340,6991660,194360,"[{""bid_quantity"":60,""ask_quantity"":80,""bid_orders"":2,""ask_orders"":3,""bid_price"":""383.10"",""ask_price"":""385.60""},{""bid_quantity"":100,""ask_quantity"":20,""bid_orders"":2,""ask_orders"":1,""bid_price"":""383.05"",""ask_price"":""385.65""},{""bid_quantity"":220,""ask_quantity"":40,""bid_orders"":3,""ask_orders"":2,""bid_price"":""383.00"",""ask_price"":""385.85""},{""bid_quantity"":200,""ask_quantity"":80,""bid_orders"":3,""ask_orders"":1,""bid_price"":""382.95"",""ask_price"":""386.05""},{""bid_quantity"":80,""ask_quantity"":160,""bid_orders"":4,""ask_orders"":1,""bid_price"":""382.90"",""ask_price"":""386.10""}]"
09:15:39.591,1790826339591717129,1544082145651236,Full Data,8,887253,316.85,20,09:15:39,,,299.29,362340,22880,6067180,55040,"[{""bid_quantity"":20,""ask_quantity"":160,""bid_orders"":1,""ask_orders"":5,""bid_price"":""317.90"",""ask_price"":""318.95""},{""bid_quantity"":20,""ask_quantity"":40,""bid_orders"":1,""ask_orders"":1,""bid_price"":""317.85"",""ask_price"":""319.15""},{""bid_quantity"":40,""ask_quantity"":200,""bid_orders"":2,""ask_orders"":3,""bid_price"":""317.80"",""ask_price"":""319.20""},{""bid_quantity"":500,""ask_quantity"":40,""bid_orders"":3,""ask_orders"":1,""bid_price"":""317.75"",""ask_price"":""319.35""},{""bid_quantity"":120,""ask_quantity"":80,""bid_orders"":3,""ask_orders"":3,""bid_price"":""317.70"",""ask_price"":""319.40""}]"
09:15:39.610,1790826339610552167,1544082164486674,Full Data,8,886589,384.10,60,09:15:39,,,356.01,473520,27640,6990640,194360,"[{""bid_quantity"":140,""ask_quantity"":40,""bid_orders"":2,""ask_orders"":2,""bid_price"":""382.50"",""ask_price"":""384.20""},{""bid_quantity"":20,""ask_quantity"":100,""bid_orders"":1,""ask_orders"":5,""bid_price"":""382.40"",""ask_price"":""384.25""},{""bid_quantity"":100,""ask_quantity"":40,""bid_orders"":2,""ask_orders"":2,""bid_price"":""382.30"",""ask_price"":""384.35""},{""bid_quantity"":100,""ask_quantity"":80,""bid_orders"":1,""ask_orders"":3,""bid_price"":""382.25"",""ask_price"":""384.40""},{""bid_quantity"":100,""ask_quantity"":60,""bid_orders"":1,""ask_orders"":3,""bid_price"":""382.00"",""ask_price"":""384.45""}]"
09:15:39.731,1790826339731983289,1544082285917396,Full Data,8,886671,91.30,100,09:15:39,,,104.48,900900,59980,3130360,570580,"[{""bid_quantity"":60,""ask_quantity"":100,""bid_orders"":2,""ask_orders"":1,""bid_price"":""90.95"",""ask_price"":""91.55""},{""bid_quantity"":80,""ask_quantity"":60,""bid_orders"":3,""ask_orders"":2,""bid_price"":""90.90"",""ask_price"":""91.60""},{""bid_quantity"":280,""ask_quantity"":280,""bid_orders"":6,""ask_orders"":1,""bid_price"":""90.85"",""ask_price"":""91.65""},{""bid_quantity"":180,""ask_quantity"":280,""bid_orders"":2,""ask_orders"":4,""bid_price"":""90.80"",""ask_price"":""91.70""},{""bid_quantity"":60,""ask_quantity"":160,""bid_orders"":1,""ask_orders"":3,""bid_price"":""90.70"",""ask_price"":""91.80""}]"
09:15:39.758,1790826339758789897,1544082312724004,Full Data,8,887080,163.45,20,09:15:39,,,156.56,910820,54440,5228480,530840,"[{""bid_quantity"":160,""ask_quantity"":40,""bid_orders"":1,""ask_orders"":1,""bid_price"":""162.90"",""ask_price"":""163.50""},{""bid_quantity"":160,""ask_quantity"":120,""bid_orders"":1,""ask_orders"":3,""bid_price"":""162.80"",""ask_price"":""163.55""},{""bid_quantity"":20,""ask_quantity"":80,""bid_orders"":1,""ask_orders"":4,""bid_price"":""162.75"",""ask_price"":""163.60""},{""bid_quantity"":20,""ask_quantity"":60,""bid_orders"":1,""ask_orders"":1,""bid_price"":""162.70"",""ask_price"":""163.70""},{""bid_quantity"":240,""ask_quantity"":40,""bid_orders"":2,""ask_orders"":1,""bid_price"":""162.60"",""ask_price"":""163.75""}]"
09:15:39.758,1790826339758938418,1544082312872045,Full Data,8,886671,92.30,180,09:15:39,,,104.46,902460,59940,3130480,570580,"[{""bid_quantity"":40,""ask_quantity"":260,""bid_orders"":1,""ask_orders"":1,""bid_price"":""91.10"",""ask_price"":""91.75""},{""bid_quantity"":160,""ask_quantity"":80,""bid_orders"":4,""ask_orders"":1,""bid_price"":""91.05"",""ask_price"":""92.30""},{""bid_quantity"":60,""ask_quantity"":40,""bid_orders"":2,""ask_orders"":1,""bid_price"":""91.00"",""ask_price"":""92.40""},{""bid_quantity"":180,""ask_quantity"":240,""bid_orders"":5,""ask_orders"":2,""bid_price"":""90.95"",""ask_price"":""92.45""},{""bid_quantity"":120,""ask_quantity"":120,""bid_orders"":5,""ask_orders"":2,""bid_price"":""90.90"",""ask_price"":""92.50""}]"
09:15:39.766,1790826339766405465,1544082320339492,Full Data,8,886685,360.20,20,09:15:39,,,397.98,677060,58780,5805400,1793000,"[{""bid_quantity"":100,""ask_quantity"":120,""bid_orders"":3,""ask_orders"":2,""bid_price"":""359.05"",""ask_price"":""360.65""},{""bid_quantity"":40,""ask_quantity"":40,""bid_orders"":1,""ask_orders"":1,""bid_price"":""359.00"",""ask_price"":""360.70""},{""bid_quantity"":80,""ask_quantity"":20,""bid_orders"":1,""ask_orders"":1,""bid_price"":""358.95"",""ask_price"":""360.80""},{""bid_quantity"":80,""ask_quantity"":20,""bid_orders"":2,""ask_orders"":1,""bid_price"":""358.90"",""ask_price"":""360.95""},{""bid_quantity"":160,""ask_quantity"":40,""bid_orders"":2,""ask_orders"":1,""bid_price"":""358.85"",""ask_price"":""361.00""}]"
09:15:39.792,1790826339792882631,1544082346816738,Full Data,8,887216,193.75,40,09:15:39,,,217.56,1492700,77040,4544120,716360,"[{""bid_quantity"":60,""ask_quantity"":140,""bid_orders"":1,""ask_orders"":1,""bid_price"":""193.80"",""ask_price"":""194.55""},{""bid_quantity"":420,""ask_quantity"":40,""bid_orders"":3,""ask_orders"":1,""bid_price"":""193.65"",""ask_price"":""194.90""},{""bid_quantity"":200,""ask_quantity"":320,""bid_orders"":2,""ask_orders"":1,""bid_price"":""193.60"",""ask_price"":""194.95""},{""bid_quantity"":80,""ask_quantity"":40,""bid_orders"":2,""ask_orders"":1,""bid_price"":""193.55"",""ask_price"":""195.15""},{""bid_quantity"":140,""ask_quantity"":200,""bid_orders"":3,""ask_orders"":3,""bid_price"":""193.50"",""ask_price"":""195.20""}]"
09:15:39.857,1790826339857972839,1544082411906986,Full Data,8,887216,193.80,40,09:15:39,,,217.55,1493820,77880,4543280,716360,"[{""bid_quantity"":20,""ask_quantity"":340,""bid_orders"":1,""ask_orders"":2,""bid_price"":""193.35"",""ask_price"":""194.00""},{""bid_quantity"":120,""ask_quantity"":20,""bid_orders"":3,""ask_orders"":1,""bid_price"":""193.25"",""ask_price"":""194.05""},{""bid_quantity"":100,""ask_quantity"":320,""bid_orders"":1,""ask_orders"":1,""bid_price"":""193.20"",""ask_price"":""194.25""},{""bid_quantity"":200,""ask_quantity"":40,""bid_orders"":2,""ask_orders"":1,""bid_price"":""193.15"",""ask_price"":""194.30""},{""bid_quantity"":100,""ask_quantity"":40,""bid_orders"":1,""ask_orders"":1,""bid_price"":""193.05"",""ask_price"":""194.55""}]"
09:15:39.862,1790826339862183786,1544082416117733,Full Data,8,887306,207.40,60,09:15:39,,,202.80,1019360,40060,5809920,240500,"[{""bid_quantity"":60,""ask_quantity"":100,""bid_orders"":2,""ask_orders"":3,""bid_price"":""207.25"",""ask_price"":""208.00""},{""bid_quantity"":40,""ask_quantity"":140,""bid_orders"":1,""ask_orders"":2,""bid_price"":""207.15"",""ask_price"":""208.20""},{""bid_quantity"":20,""ask_quantity"":20,""bid_orders"":1,""ask_orders"":1,""bid_price"":""207.10"",""ask_price"":""208.25""},{""bid_quantity"":40,""ask_quantity"":80,""bid_orders"":1,""ask_orders"":2,""bid_price"":""207.05"",""ask_price"":""208.55""},{""bid_quantity"":20,""ask_quantity"":100,""bid_orders"":1,""ask_orders"":1,""bid_price"":""207.00"",""ask_price"":""208.60""}]"
09:15:39.863,1790826339863860076,1544082417793983,Full Data,8,887080,163.60,20,09:15:39,,,156.57,911800,54160,5229140,530840,"[{""bid_quantity"":340,""ask_quantity"":140,""bid_orders"":2,""ask_orders"":1,""bid_price"":""162.40"",""ask_price"":""163.10""},{""bid_quantity"":440,""ask_quantity"":80,""bid_orders"":4,""ask_orders"":2,""bid_price"":""162.35"",""ask_price"":""163.25""},{""bid_quantity"":20,""ask_quantity"":160,""bid_orders"":1,""ask_orders"":1,""bid_price"":""162.30"",""ask_price"":""163.35""},{""bid_quantity"":120,""ask_quantity"":100,""bid_orders"":1,""ask_orders"":2,""bid_price"":""162.25"",""ask_price"":""163.40""},{""bid_quantity"":160,""ask_quantity"":80,""bid_orders"":1,""ask_orders"":3,""bid_price"":""162.20"",""ask_price"":""163.45""}]"
09:15:39.904,1790826339904694532,1544082458628479,Full Data,8,887306,205.05,80,09:15:39,,,202.80,1020180,41240,5814420,240500,"[{""bid_quantity"":80,""ask_quantity"":20,""bid_orders"":2,""ask_orders"":1,""bid_price"":""205.15"",""ask_price"":""206.50""},{""bid_quantity"":1120,""ask_quantity"":280,""bid_orders"":7,""ask_orders"":2,""bid_price"":""205.10"",""ask_price"":""206.55""},{""bid_quantity"":100,""ask_quantity"":120,""bid_orders"":1,""ask_orders"":3,""bid_price"":""205.05"",""ask_price"":""206.60""},{""bid_quantity"":500,""ask_quantity"":100,""bid_orders"":1,""ask_orders"":2,""bid_price"":""205.00"",""ask_price"":""206.65""},{""bid_quantity"":80,""ask_quantity"":60,""bid_orders"":1,""ask_orders"":2,""bid_price"":""204.80"",""ask_price"":""206.70""}]"
09:15:40.048,1790826340048495554,1544082602429941,Full Data,8,886620,238.00,20,09:15:40,,,262.19,1075300,59980,4486640,731020,"[{""bid_quantity"":200,""ask_quantity"":80,""bid_orders"":1,""ask_orders"":2,""bid_price"":""237.00"",""ask_price"":""239.20""},{""bid_quantity"":100,""ask_quantity"":120,""bid_orders"":1,""ask_orders"":3,""bid_price"":""236.85"",""ask_price"":""240.30""},{""bid_quantity"":60,""ask_quantity"":20,""bid_orders"":2,""ask_orders"":1,""bid_price"":""235.85"",""ask_price"":""240.35""},{""bid_quantity"":180,""ask_quantity"":40,""bid_orders"":2,""ask_orders"":1,""bid_price"":""235.25"",""ask_price"":""240.40""},{""bid_quantity"":160,""ask_quantity"":200,""bid_orders"":2,""ask_orders"":6,""bid_price"":""235.00"",""ask_price"":""240.45""}]"
09:15:40.053,1790826340053930789,1544082607864696,Full Data,8,886620,236.35,40,09:15:40,,,262.14,1077340,62540,4482560,731020,"[{""bid_quantity"":20,""ask_quantity"":80,""bid_orders"":1,""ask_orders"":2,""bid_price"":""236.35"",""ask_price"":""238.20""},{""bid_quantity"":80,""ask_quantity"":200,""bid_orders"":2,""ask_orders"":2,""bid_price"":""235.85"",""ask_price"":""238.35""},{""bid_quantity"":180,""ask_quantity"":120,""bid_orders"":2,""ask_orders"":1,""bid_price"":""235.25"",""ask_price"":""238.40""},{""bid_quantity"":160,""ask_quantity"":80,""bid_orders"":2,""ask_orders"":2,""bid_price"":""235.00"",""ask_price"":""238.45""},{""bid_quantity"":120,""ask_quantity"":60,""bid_orders"":1,""ask_orders"":1,""bid_price"":""234.75"",""ask_price"":""238.60""}]"
09:15:40.108,1790826340108263529,1544082662197596,Full Data,8,886790,116.90,20,09:15:40,,,135.60,2278800,162220,5614460,2100780,"[{""bid_quantity"":60,""ask_quantity"":140,""bid_orders"":2,""ask_orders"":3,""bid_price"":""116.25"",""ask_price"":""116.90""},{""bid_quantity"":60,""ask_quantity"":200,""bid_orders"":2,""ask_orders"":2,""bid_price"":""116.20"",""ask_price"":""116.95""},{""bid_quantity"":40,""ask_quantity"":260,""bid_orders"":1,""ask_orders"":5,""bid_price"":""116.15"",""ask_price"":""117.00""},{""bid_quantity"":4120,""ask_quantity"":160,""bid_orders"":17,""ask_orders"":2,""bid_price"":""116.00"",""ask_price"":""117.05""},{""bid_quantity"":200,""ask_quantity"":260,""bid_orders"":4,""ask_orders"":6,""bid_price"":""115.80"",""ask_price"":""117.10""}]"
09:15:40.118,1790826340118968677,1544082672902704,Full Data,8,886790,116.90,20,09:15:40,,,135.60,2278800,162400,5613900,2100780,"[{""bid_quantity"":80,""ask_quantity"":100,""bid_orders"":2,""ask_orders"":2,""bid_price"":""116.35"",""ask_price"":""116.90""},{""bid_quantity"":160,""ask_quantity"":40,""bid_orders"":2,""ask_orders"":1,""bid_price"":""116.30"",""ask_price"":""116.95""},{""bid_quantity"":60,""ask_quantity"":220,""bid_orders"":2,""ask_orders"":4,""bid_price"":""116.25"",""ask_price"":""117.00""},{""bid_quantity"":80,""ask_quantity"":160,""bid_orders"":3,""ask_orders"":2,""bid_price"":""116.20"",""ask_price"":""117.05""},{""bid_quantity"":40,""ask_quantity"":260,""bid_orders"":1,""ask_orders"":6,""bid_price"":""116.15"",""ask_price"":""117.10""}]"
09:15:40.195,1790826340195062834,1544082748996941,Full Data,8,886540,148.85,520,09:15:40,,,173.32,1010140,92720,3863700,632060,"[{""bid_quantity"":200,""ask_quantity"":200,""bid_orders"":1,""ask_orders"":5,""bid_price"":""147.45"",""ask_price"":""148.90""},{""bid_quantity"":180,""ask_quantity"":120,""bid_orders"":3,""ask_orders"":3,""bid_price"":""147.40"",""ask_price"":""148.95""},{""bid_quantity"":440,""ask_quantity"":60,""bid_orders"":8,""ask_orders"":1,""bid_price"":""147.30"",""ask_price"":""149.00""},{""bid_quantity"":300,""ask_quantity"":20,""bid_orders"":5,""ask_orders"":1,""bid_price"":""147.25"",""ask_price"":""149.05""},{""bid_quantity"":500,""ask_quantity"":40,""bid_orders"":5,""ask_orders"":1,""bid_price"":""147.20"",""ask_price"":""149.10""}]"
09:15:40.256,1790826340256024816,1544082809959163,Full Data,8,886961,466.40,20,09:15:40,,,434.40,51560,18900,4208940,36440,"[{""bid_quantity"":40,""ask_quantity"":120,""bid_orders"":2,""ask_orders"":3,""bid_price"":""469.20"",""ask_price"":""472.90""},{""bid_quantity"":40,""ask_quantity"":20,""bid_orders"":2,""ask_orders"":1,""bid_price"":""469.15"",""ask_price"":""472.95""},{""bid_quantity"":40,""ask_quantity"":60,""bid_orders"":2,""ask_orders"":3,""bid_price"":""469.05"",""ask_price"":""473.00""},{""bid_quantity"":20,""ask_quantity"":60,""bid_orders"":1,""ask_orders"":3,""bid_price"":""468.90"",""ask_price"":""473.05""},{""bid_quantity"":140,""ask_quantity"":60,""bid_orders"":1,""ask_orders"":3,""bid_price"":""468.80"",""ask_price"":""473.10""}]"
09:15:40.265,1790826340265731117,1544082819665024,Full Data,8,886540,148.65,100,09:15:40,,,173.27,1012380,97040,3862460,632060,"[{""bid_quantity"":20,""ask_quantity"":20,""bid_orders"":1,""ask_orders"":1,""bid_price"":""147.45"",""ask_price"":""148.40""},{""bid_quantity"":20,""ask_quantity"":140,""bid_orders"":1,""ask_orders"":3,""bid_price"":""147.40"",""ask_price"":""148.50""},{""bid_quantity"":20,""ask_quantity"":220,""bid_orders"":1,""ask_orders"":3,""bid_price"":""147.35"",""ask_price"":""148.55""},{""bid_quantity"":120,""ask_quantity"":140,""bid_orders"":2,""ask_orders"":4,""bid_price"":""147.30"",""ask_price"":""148.60""},{""bid_quantity"":20,""ask_quantity"":20,""bid_orders"":1,""ask_orders"":1,""bid_price"":""147.25"",""ask_price"":""148.65""}]"
09:15:40.292,1790826340293000248,1544082846934195,Full Data,8,886461,132.50,20,09:15:40,,,123.85,1429600,92660,7847900,1682940,"[{""bid_quantity"":160,""ask_quantity"":120,""bid_orders"":4,""ask_orders"":3,""bid_price"":""132.50"",""ask_price"":""133.25""},{""bid_quantity"":40,""ask_quantity"":100,""bid_orders"":1,""ask_orders"":5,""bid_price"":""132.45"",""ask_price"":""133.35""},{""bid_quantity"":120,""ask_quantity"":120,""bid_orders"":1,""ask_orders"":2,""bid_price"":""132.40"",""ask_price"":""133.40""},{""bid_quantity"":260,""ask_quantity"":20,""bid_orders"":4,""ask_orders"":1,""bid_price"":""132.35"",""ask_price"":""133.45""},{""bid_quantity"":120,""ask_quantity"":100,""bid_orders"":2,""ask_orders"":1,""bid_price"":""132.30"",""ask_price"":""133.50""}]"
09:15:40.296,1790826340296980473,1544082850914260,Full Data,8,886961,469.75,20,09:15:40,,,434.41,51580,17260,4208780,36440,"[{""bid_quantity"":40,""ask_quantity"":20,""bid_orders"":2,""ask_orders"":1,""bid_price"":""470.50"",""ask_price"":""474.20""},{""bid_quantity"":40,""ask_quantity"":40,""bid_orders"":2,""ask_orders"":2,""bid_price"":""470.45"",""ask_price"":""474.25""},{""bid_quantity"":60,""ask_quantity"":120,""bid_orders"":3,""ask_orders"":3,""bid_price"":""470.35"",""ask_price"":""474.30""},{""bid_quantity"":160,""ask_quantity"":160,""bid_orders"":2,""ask_orders"":2,""bid_price"":""470.30"",""ask_price"":""474.35""},{""bid_quantity"":40,""ask_quantity"":20,""bid_orders"":2,""ask_orders"":1,""bid_price"":""470.20"",""ask_price"":""474.40""}]"
09:15:40.324,1790826340324119604,1544082878053591,Ticker Data,0,51,72294.77,,09:15:40,,,,,,,,
09:15:40.343,1790826340343264524,1544082897198551,Full Data,8,886659,270.45,80,09:15:40,,,250.02,1016040,37820,6426820,138720,"[{""bid_quantity"":360,""ask_quantity"":120,""bid_orders"":3,""ask_orders"":3,""bid_price"":""269.35"",""ask_price"":""270.40""},{""bid_quantity"":60,""ask_quantity"":240,""bid_orders"":3,""ask_orders"":3,""bid_price"":""269.30"",""ask_price"":""270.50""},{""bid_quantity"":180,""ask_quantity"":120,""bid_orders"":3,""ask_orders"":3,""bid_price"":""269.25"",""ask_price"":""270.55""},{""bid_quantity"":80,""ask_quantity"":100,""bid_orders"":3,""ask_orders"":3,""bid_price"":""269.20"",""ask_price"":""270.60""},{""bid_quantity"":40,""ask_quantity"":100,""bid_orders"":2,""ask_orders"":1,""bid_price"":""269.10"",""ask_price"":""271.00""}]"
09:15:40.345,1790826340345590898,1544082899524685,Full Data,8,886461,133.00,40,09:15:40,,,123.88,1433700,94720,7849960,1682940,"[{""bid_quantity"":140,""ask_quantity"":80,""bid_orders"":3,""ask_orders"":2,""bid_price"":""133.00"",""ask_price"":""133.50""},{""bid_quantity"":360,""ask_quantity"":60,""bid_orders"":3,""ask_orders"":1,""bid_price"":""132.95"",""ask_price"":""133.55""},{""bid_quantity"":80,""ask_quantity"":120,""bid_orders"":3,""ask_orders"":3,""bid_price"":""132.90"",""ask_price"":""133.60""},{""bid_quantity"":20,""ask_quantity"":100,""bid_orders"":1,""ask_orders"":2,""bid_price"":""132.65"",""ask_price"":""133.65""},{""bid_quantity"":140,""ask_quantity"":60,""bid_orders"":2,""ask_orders"":2,""bid_price"":""132.55"",""ask_price"":""133.70""}]"
09:15:40.379,1790826340379876953,1544082933811100,Full Data,8,886659,268.40,20,09:15:40,,,250.04,1017420,37220,6425800,138720,"[{""bid_quantity"":300,""ask_quantity"":20,""bid_orders"":1,""ask_orders"":1,""bid_price"":""268.40"",""ask_price"":""269.15""},{""bid_quantity"":140,""ask_quantity"":20,""bid_orders"":2,""ask_orders"":1,""bid_price"":""268.35"",""ask_price"":""269.20""},{""bid_quantity"":360,""ask_quantity"":60,""bid_orders"":3,""ask_orders"":2,""bid_price"":""268.30"",""ask_price"":""269.25""},{""bid_quantity"":60,""ask_quantity"":600,""bid_orders"":2,""ask_orders"":1,""bid_price"":""268.25"",""ask_price"":""269.35""},{""bid_quantity"":20,""ask_quantity"":80,""bid_orders"":1,""ask_orders"":1,""bid_price"":""268.15"",""ask_price"":""269.50""}]"
09:15:40.506,1790826340506177506,1544083060111773,Full Data,8,887279,285.00,40,09:15:40,,,332.35,585560,60580,4184500,793060,"[{""bid_quantity"":120,""ask_quantity"":80,""bid_orders"":1,""ask_orders"":2,""bid_price"":""285.00"",""ask_price"":""285.60""},{""bid_quantity"":80,""ask_quantity"":60,""bid_orders"":2,""ask_orders"":2,""bid_price"":""284.35"",""ask_price"":""285.65""},{""bid_quantity"":20,""ask_quantity"":120,""bid_orders"":1,""ask_orders"":3,""bid_price"":""284.05"",""ask_price"":""285.70""},{""bid_quantity"":260,""ask_quantity"":60,""bid_orders"":5,""ask_orders"":2,""bid_price"":""284.00"",""ask_price"":""285.75""},{""bid_quantity"":80,""ask_quantity"":100,""bid_orders"":2,""ask_orders"":2,""bid_price"":""283.80"",""ask_price"":""285.80""}]"
09:15:40.617,1790826340617284683,1544083171218990,Full Data,8,886589,403.00,20,09:15:40,,,356.89,485220,23800,6991680,194360,"[{""bid_quantity"":20,""ask_quantity"":40,""bid_orders"":1,""ask_orders"":1,""bid_price"":""402.95"",""ask_price"":""404.95""},{""bid_quantity"":60,""ask_quantity"":40,""bid_orders"":2,""ask_orders"":2,""bid_price"":""402.85"",""ask_price"":""405.00""},{""bid_quantity"":40,""ask_quantity"":40,""bid_orders"":2,""ask_orders"":1,""bid_price"":""402.80"",""ask_price"":""405.10""},{""bid_quantity"":20,""ask_quantity"":40,""bid_orders"":1,""ask_orders"":1,""bid_price"":""402.75"",""ask_price"":""405.20""},{""bid_quantity"":80,""ask_quantity"":40,""bid_orders"":1,""ask_orders"":2,""bid_price"":""402.70"",""ask_price"":""405.25""}]"
09:15:40.658,1790826340658179059,1544083212113406,Full Data,8,887253,336.75,40,09:15:40,,,299.93,372320,22980,6103500,55040,"[{""bid_quantity"":60,""ask_quantity"":200,""bid_orders"":1,""ask_orders"":6,""bid_price"":""336.15"",""ask_price"":""337.10""},{""bid_quantity"":60,""ask_quantity"":40,""bid_orders"":2,""ask_orders"":1,""bid_price"":""336.10"",""ask_price"":""337.25""},{""bid_quantity"":240,""ask_quantity"":80,""bid_orders"":3,""ask_orders"":2,""bid_price"":""336.00"",""ask_price"":""337.30""},{""bid_quantity"":20,""ask_quantity"":100,""bid_orders"":1,""ask_orders"":3,""bid_price"":""335.95"",""ask_price"":""337.45""},{""bid_quantity"":20,""ask_quantity"":60,""bid_orders"":1,""ask_orders"":2,""bid_price"":""335.90"",""ask_price"":""337.50""}]"
09:15:40.713,1790826340713310525,1544083267244552,Full Data,8,886589,405.25,40,09:15:40,,,356.92,485540,24140,6992240,194360,"[{""bid_quantity"":100,""ask_quantity"":60,""bid_orders"":2,""ask_orders"":2,""bid_price"":""403.90"",""ask_price"":""405.60""},{""bid_quantity"":40,""ask_quantity"":40,""bid_orders"":1,""ask_orders"":2,""bid_price"":""403.85"",""ask_price"":""405.65""},{""bid_quantity"":20,""ask_quantity"":60,""bid_orders"":1,""ask_orders"":2,""bid_price"":""403.80"",""ask_price"":""405.70""},{""bid_quantity"":100,""ask_quantity"":80,""bid_orders"":1,""ask_orders"":4,""bid_price"":""403.75"",""ask_price"":""405.75""},{""bid_quantity"":80,""ask_quantity"":100,""bid_orders"":1,""ask_orders"":2,""bid_price"":""403.65"",""ask_price"":""405.80""}]"
09:15:40.736,1790826340736609511,1544083290543658,Full Data,8,886671,85.70,20,09:15:40,,,103.93,935860,59600,3122700,570580,"[{""bid_quantity"":40,""ask_quantity"":120,""bid_orders"":2,""ask_orders"":4,""bid_price"":""85.25"",""ask_price"":""85.55""},{""bid_quantity"":40,""ask_quantity"":60,""bid_orders"":1,""ask_orders"":2,""bid_price"":""85.20"",""ask_price"":""85.65""},{""bid_quantity"":140,""ask_quantity"":140,""bid_orders"":2,""ask_orders"":6,""bid_price"":""85.10"",""ask_price"":""85.70""},{""bid_quantity"":120,""ask_quantity"":340,""bid_orders"":3,""ask_orders"":6,""bid_price"":""85.05"",""ask_price"":""85.75""},{""bid_quantity"":3620,""ask_quantity"":220,""bid_orders"":25,""ask_orders"":4,""bid_price"":""85.00"",""ask_price"":""85.80""}]"
09:15:40.739,1790826340739103447,1544083293037274,Full Data,8,886671,85.55,120,09:15:40,,,103.93,935980,59320,3122740,570580,"[{""bid_quantity"":120,""ask_quantity"":60,""bid_orders"":3,""ask_orders"":2,""bid_price"":""85.25"",""ask_price"":""85.65""},{""bid_quantity"":40,""ask_quantity"":240,""bid_orders"":1,""ask_orders"":11,""bid_price"":""85.20"",""ask_price"":""85.70""},{""bid_quantity"":100,""ask_quantity"":280,""bid_orders"":2,""ask_orders"":4,""bid_price"":""85.15"",""ask_price"":""85.75""},{""bid_quantity"":160,""ask_quantity"":220,""bid_orders"":2,""ask_orders"":4,""bid_price"":""85.10"",""ask_price"":""85.80""},{""bid_quantity"":40,""ask_quantity"":20,""bid_orders"":2,""ask_orders"":1,""bid_price"":""85.05"",""ask_price"":""85.85""}]"
09:15:40.747,1790826340747388659,1544083301322646,Full Data,8,886685,342.35,20,09:15:40,,,396.19,704400,57680,5795060,1793000,"[{""bid_quantity"":160,""ask_quantity"":100,""bid_orders"":1,""ask_orders"":1,""bid_price"":""340.75"",""ask_price"":""342.50""},{""bid_quantity"":380,""ask_quantity"":60,""bid_orders"":6,""ask_orders"":1,""bid_price"":""340.70"",""ask_price"":""342.60""},{""bid_quantity"":520,""ask_quantity"":500,""bid_orders"":6,""ask_orders"":1,""bid_price"":""340.65"",""ask_price"":""342.65""},{""bid_quantity"":320,""ask_quantity"":100,""bid_orders"":4,""ask_orders"":1,""bid_price"":""340.60"",""ask_price"":""342.75""},{""bid_quantity"":100,""ask_quantity"":60,""bid_orders"":3,""ask_orders"":1,""bid_price"":""340.55"",""ask_price"":""342.95""}]"
09:15:40.838,1790826340838763072,1544083392697139,Full Data,8,887216,181.45,40,09:15:40,,,216.55,1547360,78120,4517840,716360,"[{""bid_quantity"":840,""ask_quantity"":60,""bid_orders"":2,""ask_orders"":2,""bid_price"":""181.25"",""ask_price"":""181.65""},{""bid_quantity"":60,""ask_quantity"":20,""bid_orders"":1,""ask_orders"":1,""bid_price"":""181.20"",""ask_price"":""181.70""},{""bid_quantity"":320,""ask_quantity"":100,""bid_orders"":1,""ask_orders"":4,""bid_price"":""181.15"",""ask_price"":""181.75""},{""bid_quantity"":1740,""ask_quantity"":80,""bid_orders"":10,""ask_orders"":3,""bid_price"":""181.00"",""ask_price"":""182.00""},{""bid_quantity"":60,""ask_quantity"":40,""bid_orders"":1,""ask_orders"":1,""bid_price"":""180.85"",""ask_price"":""182.15""}]"
09:15:40.841,1790826340841216767,1544083395150874,Full Data,8,887080,174.60,60,09:15:40,,,156.96,942360,50360,5314040,530840,"[{""bid_quantity"":40,""ask_quantity"":20,""bid_orders"":1,""ask_orders"":1,""bid_price"":""174.50"",""ask_price"":""175.20""},{""bid_quantity"":140,""ask_quantity"":160,""bid_orders"":3,""ask_orders"":1,""bid_price"":""174.45"",""ask_price"":""175.25""},{""bid_quantity"":40,""ask_quantity"":40,""bid_orders"":1,""ask_orders"":1,""bid_price"":""174.40"",""ask_price"":""175.30""},{""bid_quantity"":40,""ask_quantity"":180,""bid_orders"":2,""ask_orders"":2,""bid_price"":""174.35"",""ask_price"":""175.35""},{""bid_quantity"":120,""ask_quantity"":80,""bid_orders"":2,""ask_orders"":2,""bid_price"":""174.30"",""ask_price"":""175.65""}]"
09:15:40.898,1790826340898049604,1544083451983831,Full Data,8,887306,221.75,140,09:15:40,,,203.23,1057800,38280,5827080,240500,"[{""bid_quantity"":140,""ask_quantity"":60,""bid_orders"":2,""ask_orders"":3,""bid_price"":""220.45"",""ask_price"":""221.05""},{""bid_quantity"":160,""ask_quantity"":120,""bid_orders"":2,""ask_orders"":4,""bid_price"":""220.40"",""ask_price"":""221.35""},{""bid_quantity"":100,""ask_quantity"":260,""bid_orders"":5,""ask_orders"":4,""bid_price"":""220.35"",""ask_price"":""221.40""},{""bid_quantity"":20,""ask_quantity"":40,""bid_orders"":1,""ask_orders"":1,""bid_price"":""220.20"",""ask_price"":""221.45""},{""bid_quantity"":60,""ask_quantity"":140,""bid_orders"":3,""ask_orders"":3,""bid_price"":""220.15"",""ask_price"":""221.50""}]"
09:15:40.927,1790826340927808231,1544083481742178,Full Data,8,887216,181.25,20,09:15:40,,,216.51,1548860,80800,4520400,716360,"[{""bid_quantity"":340,""ask_quantity"":200,""bid_orders"":3,""ask_orders"":1,""bid_price"":""181.25"",""ask_price"":""182.15""},{""bid_quantity"":240,""ask_quantity"":200,""bid_orders"":5,""ask_orders"":2,""bid_price"":""181.20"",""ask_price"":""182.20""},{""bid_quantity"":80,""ask_quantity"":80,""bid_orders"":2,""ask_orders"":4,""bid_price"":""181.10"",""ask_price"":""182.25""},{""bid_quantity"":200,""ask_quantity"":240,""bid_orders"":4,""ask_orders"":1,""bid_price"":""181.05"",""ask_price"":""182.30""},{""bid_quantity"":1600,""ask_quantity"":80,""bid_orders"":9,""ask_orders"":3,""bid_price"":""181.00"",""ask_price"":""182.35""}]"
09:15:40.930,1790826340930928570,1544083484862397,Full Data,8,887080,173.25,100,09:15:40,,,156.99,944040,52360,5314040,530840,"[{""bid_quantity"":160,""ask_quantity"":120,""bid_orders"":2,""ask_orders"":3,""bid_price"":""173.00"",""ask_price"":""174.00""},{""bid_quantity"":280,""ask_quantity"":220,""bid_orders"":3,""ask_orders"":3,""bid_price"":""172.95"",""ask_price"":""174.05""},{""bid_quantity"":100,""ask_quantity"":20,""bid_orders"":1,""ask_orders"":1,""bid_price"":""172.80"",""ask_price"":""174.10""},{""bid_quantity"":160,""ask_quantity"":60,""bid_orders"":1,""ask_orders"":2,""bid_price"":""172.60"",""ask_price"":""174.15""},{""bid_quantity"":60,""ask_quantity"":60,""bid_orders"":1,""ask_orders"":2,""bid_price"":""172.55"",""ask_price"":""174.20""}]"
09:15:40.955,1790826340955373444,1544083509307631,Full Data,8,887306,219.45,60,09:15:40,,,203.27,1060740,36820,5827380,240500,"[{""bid_quantity"":20,""ask_quantity"":40,""bid_orders"":1,""ask_orders"":1,""bid_price"":""219.35"",""ask_price"":""220.35""},{""bid_quantity"":160,""ask_quantity"":40,""bid_orders"":3,""ask_orders"":2,""bid_price"":""219.30"",""ask_price"":""220.40""},{""bid_quantity"":160,""ask_quantity"":20,""bid_orders"":3,""ask_orders"":1,""bid_price"":""219.15"",""ask_price"":""220.50""},{""bid_quantity"":100,""ask_quantity"":40,""bid_orders"":3,""ask_orders"":1,""bid_price"":""219.05"",""ask_price"":""220.60""},{""bid_quantity"":140,""ask_quantity"":20,""bid_orders"":2,""ask_orders"":1,""bid_price"":""219.00"",""ask_price"":""220.65""}]"
09:15:41.059,1790826341059451257,1544083613385244,Full Data,8,886620,226.45,80,09:15:41,,,260.88,1122700,72140,4457180,731020,"[{""bid_quantity"":40,""ask_quantity"":60,""bid_orders"":1,""ask_orders"":1,""bid_price"":""225.30"",""ask_price"":""226.05""},{""bid_quantity"":160,""ask_quantity"":160,""bid_orders"":1,""ask_orders"":1,""bid_price"":""225.25"",""ask_price"":""226.40""},{""bid_quantity"":20,""ask_quantity"":40,""bid_orders"":1,""ask_orders"":1,""bid_price"":""225.10"",""ask_price"":""226.45""},{""bid_quantity"":5120,""ask_quantity"":60,""bid_orders"":13,""ask_orders"":1,""bid_price"":""225.00"",""ask_price"":""226.50""},{""bid_quantity"":220,""ask_quantity"":40,""bid_orders"":2,""ask_orders"":1,""bid_price"":""224.55"",""ask_price"":""226.55""}]"
09:15:41.087,1790826341087739434,1544083641673781,Full Data,8,886620,226.75,20,09:15:41,,,260.87,1123160,72160,4457940,731020,"[{""bid_quantity"":500,""ask_quantity"":160,""bid_orders"":7,""ask_orders"":2,""bid_price"":""225.25"",""ask_price"":""226.95""},{""bid_quantity"":160,""ask_quantity"":600,""bid_orders"":1,""ask_orders"":4,""bid_price"":""225.20"",""ask_price"":""227.00""},{""bid_quantity"":40,""ask_quantity"":40,""bid_orders"":1,""ask_orders"":2,""bid_price"":""225.15"",""ask_price"":""227.05""},{""bid_quantity"":60,""ask_quantity"":40,""bid_orders"":1,""ask_orders"":2,""bid_price"":""225.10"",""ask_price"":""227.15""},{""bid_quantity"":160,""ask_quantity"":160,""bid_orders"":1,""ask_orders"":1,""bid_price"":""225.05"",""ask_price"":""227.30""}]"
09:15:41.120,1790826341120714201,1544083674648148,Full Data,8,886790,110.30,20,09:15:41,,,134.66,2377400,174780,5593920,2100780,"[{""bid_quantity"":160,""ask_quantity"":60,""bid_orders"":1,""ask_orders"":1,""bid_price"":""110.20"",""ask_price"":""110.50""},{""bid_quantity"":320,""ask_quantity"":100,""bid_orders"":3,""ask_orders"":2,""bid_price"":""110.10"",""ask_price"":""110.55""},{""bid_quantity"":60,""ask_quantity"":100,""bid_orders"":2,""ask_orders"":3,""bid_price"":""110.05"",""ask_price"":""110.60""},{""bid_quantity"":13880,""ask_quantity"":220,""bid_orders"":82,""ask_orders"":7,""bid_price"":""110.00"",""ask_price"":""110.65""},{""bid_quantity"":200,""ask_quantity"":540,""bid_orders"":5,""ask_orders"":3,""bid_price"":""109.90"",""ask_price"":""110.70""}]"
09:15:41.121,1790826341121593286,1544083675527113,Full Data,8,886790,110.30,40,09:15:41,,,134.65,2377580,174900,5592640,2100780,"[{""bid_quantity"":13880,""ask_quantity"":60,""bid_orders"":82,""ask_orders"":1,""bid_price"":""110.00"",""ask_price"":""110.25""},{""bid_quantity"":200,""ask_quantity"":20,""bid_orders"":5,""ask_orders"":1,""bid_price"":""109.90"",""ask_price"":""110.30""},{""bid_quantity"":340,""ask_quantity"":60,""bid_orders"":3,""ask_orders"":1,""bid_price"":""109.80"",""ask_price"":""110.40""},{""bid_quantity"":60,""ask_quantity"":100,""bid_orders"":1,""ask_orders"":2,""bid_price"":""109.75"",""ask_price"":""110.45""},{""bid_quantity"":100,""ask_quantity"":100,""bid_orders"":1,""ask_orders"":2,""bid_price"":""109.70"",""ask_price"":""110.50""}]"
09:15:41.252,1790826341252181186,1544083806115413,Full Data,8,886540,141.70,20,09:15:41,,,172.46,1041560,96220,3851660,632060,"[{""bid_quantity"":40,""ask_quantity"":40,""bid_orders"":1,""ask_orders"":1,""bid_price"":""141.70"",""ask_price"":""142.05""},{""bid_quantity"":20,""ask_quantity"":80,""bid_orders"":1,""ask_orders"":1,""bid_price"":""141.00"",""ask_price"":""142.25""},{""bid_quantity"":80,""ask_quantity"":160,""bid_orders"":1,""ask_orders"":2,""bid_price"":""140.95"",""ask_price"":""142.30""},{""bid_quantity"":100,""ask_quantity"":240,""bid_orders"":1,""ask_orders"":2,""bid_price"":""140.80"",""ask_price"":""142.35""},{""bid_quantity"":40,""ask_quantity"":60,""bid_orders"":1,""ask_orders"":3,""bid_price"":""140.75"",""ask_price"":""142.40""}]"
09:15:41.274,1790826341274676087,1544083828610194,Ticker Data,0,51,72317.62,,09:15:41,,,,,,,,
09:15:41.293,1790826341293449725,1544083847383552,Full Data,8,886540,140.45,40,09:15:41,,,172.42,1042700,96600,3850400,632060,"[{""bid_quantity"":7600,""ask_quantity"":500,""bid_orders"":60,""ask_orders"":7,""bid_price"":""140.00"",""ask_price"":""140.45""},{""bid_quantity"":620,""ask_quantity"":160,""bid_orders"":4,""ask_orders"":5,""bid_price"":""139.85"",""ask_price"":""140.50""},{""bid_quantity"":160,""ask_quantity"":80,""bid_orders"":1,""ask_orders"":4,""bid_price"":""139.65"",""ask_price"":""140.60""},{""bid_quantity"":40,""ask_quantity"":20,""bid_orders"":2,""ask_orders"":1,""bid_price"":""139.60"",""ask_price"":""140.70""},{""bid_quantity"":80,""ask_quantity"":140,""bid_orders"":3,""ask_orders"":5,""bid_price"":""139.55"",""ask_price"":""140.75""}]"
09:15:41.315,1790826341315860345,1544083869794412,Full Data,8,886961,482.60,20,09:15:41,,,434.91,52220,18100,4207960,36440,"[{""bid_quantity"":40,""ask_quantity"":40,""bid_orders"":1,""ask_orders"":2,""bid_price"":""483.35"",""ask_price"":""487.80""},{""bid_quantity"":60,""ask_quantity"":20,""bid_orders"":3,""ask_orders"":1,""bid_price"":""483.30"",""ask_price"":""487.85""},{""bid_quantity"":40,""ask_quantity"":60,""bid_orders"":2,""ask_orders"":3,""bid_price"":""483.20"",""ask_price"":""487.90""},{""bid_quantity"":120,""ask_quantity"":60,""bid_orders"":3,""ask_orders"":3,""bid_price"":""483.15"",""ask_price"":""487.95""},{""bid_quantity"":20,""ask_quantity"":20,""bid_orders"":1,""ask_orders"":1,""bid_price"":""483.10"",""ask_price"":""488.00""}]"
09:15:41.321,1790826341321597981,1544083875531968,Full Data,8,886461,138.60,60,09:15:41,,,124.11,1462960,92280,7939000,1682940,"[{""bid_quantity"":40,""ask_quantity"":160,""bid_orders"":2,""ask_orders"":1,""bid_price"":""138.60"",""ask_price"":""139.30""},{""bid_quantity"":380,""ask_quantity"":200,""bid_orders"":3,""ask_orders"":3,""bid_price"":""138.55"",""ask_price"":""139.40""},{""bid_quantity"":60,""ask_quantity"":80,""bid_orders"":3,""ask_orders"":3,""bid_price"":""138.50"",""ask_price"":""139.45""},{""bid_quantity"":240,""ask_quantity"":380,""bid_orders"":3,""ask_orders"":4,""bid_price"":""138.45"",""ask_price"":""139.60""},{""bid_quantity"":60,""ask_quantity"":80,""bid_orders"":2,""ask_orders"":3,""bid_price"":""138.40"",""ask_price"":""139.65""}]"
09:15:41.353,1790826341353181219,1544083907115286,Full Data,8,886961,484.95,40,09:15:41,,,435.98,53200,19740,4208080,36440,"[{""bid_quantity"":60,""ask_quantity"":80,""bid_orders"":3,""ask_orders"":3,""bid_price"":""486.50"",""ask_price"":""489.55""},{""bid_quantity"":80,""ask_quantity"":20,""bid_orders"":2,""ask_orders"":1,""bid_price"":""486.45"",""ask_price"":""489.60""},{""bid_quantity"":180,""ask_quantity"":120,""bid_orders"":3,""ask_orders"":3,""bid_price"":""486.35"",""ask_price"":""489.65""},{""bid_quantity"":60,""ask_quantity"":40,""bid_orders"":2,""ask_orders"":2,""bid_price"":""485.35"",""ask_price"":""490.00""},{""bid_quantity"":40,""ask_quantity"":120,""bid_orders"":2,""ask_orders"":3,""bid_price"":""485.25"",""ask_price"":""490.05""}]"
09:15:41.372,1790826341372127458,1544083926061405,Full Data,8,886461,140.15,20,09:15:41,,,124.14,1465900,90440,7939380,1682940,"[{""bid_quantity"":120,""ask_quantity"":120,""bid_orders"":6,""ask_orders"":3,""bid_price"":""140.00"",""ask_price"":""140.65""},{""bid_quantity"":120,""ask_quantity"":140,""bid_orders"":1,""ask_orders"":4,""bid_price"":""139.95"",""ask_price"":""140.70""},{""bid_quantity"":120,""ask_quantity"":80,""bid_orders"":1,""ask_orders"":2,""bid_price"":""139.85"",""ask_price"":""140.85""},{""bid_quantity"":540,""ask_quantity"":20,""bid_orders"":1,""ask_orders"":1,""bid_price"":""139.80"",""ask_price"":""140.90""},{""bid_quantity"":100,""ask_quantity"":80,""bid_orders"":3,""ask_orders"":2,""bid_price"":""139.65"",""ask_price"":""140.95""}]"
09:15:41.407,1790826341407788642,1544083961722669,Full Data,8,886659,282.90,20,09:15:41,,,250.50,1036560,39500,6442120,138720,"[{""bid_quantity"":320,""ask_quantity"":120,""bid_orders"":1,""ask_orders"":1,""bid_price"":""281.45"",""ask_price"":""282.65""},{""bid_quantity"":200,""ask_quantity"":520,""bid_orders"":3,""ask_orders"":5,""bid_price"":""281.40"",""ask_price"":""282.70""},{""bid_quantity"":160,""ask_quantity"":80,""bid_orders"":1,""ask_orders"":2,""bid_price"":""281.25"",""ask_price"":""282.75""},{""bid_quantity"":100,""ask_quantity"":400,""bid_orders"":1,""ask_orders"":7,""bid_price"":""281.20"",""ask_price"":""282.80""},{""bid_quantity"":20,""ask_quantity"":220,""bid_orders"":1,""ask_orders"":4,""bid_price"":""281.10"",""ask_price"":""282.85""}]"
09:15:41.465,1790826341465578764,1544084019512951,Full Data,8,886659,280.00,60,09:15:41,,,250.58,1039280,38540,6442160,138720,"[{""bid_quantity"":660,""ask_quantity"":40,""bid_orders"":8,""ask_orders"":1,""bid_price"":""279.10"",""ask_price"":""280.45""},{""bid_quantity"":600,""ask_quantity"":80,""bid_orders"":3,""ask_orders"":1,""bid_price"":""279.05"",""ask_price"":""280.50""},{""bid_quantity"":200,""ask_quantity"":100,""bid_orders"":1,""ask_orders"":1,""bid_price"":""279.00"",""ask_price"":""281.00""},{""bid_quantity"":160,""ask_quantity"":80,""bid_orders"":2,""ask_orders"":1,""bid_price"":""278.95"",""ask_price"":""281.40""},{""bid_quantity"":80,""ask_quantity"":40,""bid_orders"":2,""ask_orders"":1,""bid_price"":""278.90"",""ask_price"":""281.55""}]"
09:15:41.536,1790826341536215048,1544084090149235,Full Data,8,887279,273.60,40,09:15:41,,,330.70,604420,66120,4177220,793060,"[{""bid_quantity"":80,""ask_quantity"":20,""bid_orders"":1,""ask_orders"":1,""bid_price"":""272.75"",""ask_price"":""273.40""},{""bid_quantity"":80,""ask_quantity"":60,""bid_orders"":1,""ask_orders"":2,""bid_price"":""272.65"",""ask_price"":""273.60""},{""bid_quantity"":40,""ask_quantity"":60,""bid_orders"":1,""ask_orders"":2,""bid_price"":""272.55"",""ask_price"":""273.85""},{""bid_quantity"":80,""ask_quantity"":80,""bid_orders"":2,""ask_orders"":2,""bid_price"":""272.50"",""ask_price"":""273.90""},{""bid_quantity"":40,""ask_quantity"":40,""bid_orders"":1,""ask_orders"":1,""bid_price"":""272.35"",""ask_price"":""274.00""}]"
09:15:41.670,1790826341670887412,1544084224821439,Full Data,8,887253,345.10,40,09:15:41,,,300.56,378240,24200,6106280,55040,"[{""bid_quantity"":60,""ask_quantity"":120,""bid_orders"":3,""ask_orders"":3,""bid_price"":""343.65"",""ask_price"":""345.10""},{""bid_quantity"":200,""ask_quantity"":140,""bid_orders"":4,""ask_orders"":4,""bid_price"":""343.60"",""ask_price"":""345.15""},{""bid_quantity"":120,""ask_quantity"":40,""bid_orders"":2,""ask_orders"":1,""bid_price"":""343.50"",""ask_price"":""345.25""},{""bid_quantity"":140,""ask_quantity"":40,""bid_orders"":3,""ask_orders"":1,""bid_price"":""343.25"",""ask_price"":""345.30""},{""bid_quantity"":180,""ask_quantity"":40,""bid_orders"":2,""ask_orders"":1,""bid_price"":""343.10"",""ask_price"":""345.35""}]"
09:15:41.684,1790826341684971741,1544084238905648,Full Data,8,886589,412.15,20,09:15:41,,,357.73,493160,24800,6993820,194360,"[{""bid_quantity"":20,""ask_quantity"":40,""bid_orders"":1,""ask_orders"":1,""bid_price"":""413.50"",""ask_price"":""413.70""},{""bid_quantity"":140,""ask_quantity"":40,""bid_orders"":3,""ask_orders"":1,""bid_price"":""412.50"",""ask_price"":""413.80""},{""bid_quantity"":100,""ask_quantity"":140,""bid_orders"":2,""ask_orders"":1,""bid_price"":""412.45"",""ask_price"":""414.10""},{""bid_quantity"":120,""ask_quantity"":80,""bid_orders"":2,""ask_orders"":1,""bid_price"":""412.25"",""ask_price"":""414.40""},{""bid_quantity"":120,""ask_quantity"":80,""bid_orders"":2,""ask_orders"":2,""bid_price"":""412.15"",""ask_price"":""414.45""}]"
09:15:41.735,1790826341735623419,1544084289557766,Full Data,8,886671,81.90,20,09:15:41,,,103.37,962680,62760,3116900,570580,"[{""bid_quantity"":180,""ask_quantity"":140,""bid_orders"":4,""ask_orders"":4,""bid_price"":""81.90"",""ask_price"":""82.20""},{""bid_quantity"":200,""ask_quantity"":80,""bid_orders"":3,""ask_orders"":3,""bid_price"":""81.85"",""ask_price"":""82.25""},{""bid_quantity"":240,""ask_quantity"":1060,""bid_orders"":3,""ask_orders"":15,""bid_price"":""81.80"",""ask_price"":""82.30""},{""bid_quantity"":1220,""ask_quantity"":660,""bid_orders"":6,""ask_orders"":3,""bid_price"":""81.75"",""ask_price"":""82.35""},{""bid_quantity"":200,""ask_quantity"":60,""bid_orders"":4,""ask_orders"":2,""bid_price"":""81.70"",""ask_price"":""82.40""}]"
09:15:41.763,1790826341763621514,1544084317555541,Full Data,8,886671,82.30,320,09:15:41,,,103.34,964100,63660,3116360,570580,"[{""bid_quantity"":220,""ask_quantity"":80,""bid_orders"":2,""ask_orders"":3,""bid_price"":""81.85"",""ask_price"":""82.25""},{""bid_quantity"":60,""ask_quantity"":200,""bid_orders"":3,""ask_orders"":9,""bid_price"":""81.80"",""ask_price"":""82.30""},{""bid_quantity"":1120,""ask_quantity"":1260,""bid_orders"":4,""ask_orders"":4,""bid_price"":""81.75"",""ask_price"":""82.35""},{""bid_quantity"":40,""ask_quantity"":60,""bid_orders"":2,""ask_orders"":2,""bid_price"":""81.70"",""ask_price"":""82.45""},{""bid_quantity"":480,""ask_quantity"":280,""bid_orders"":5,""ask_orders"":3,""bid_price"":""81.60"",""ask_price"":""82.50""}]"
09:15:41.763,1790826341763922476,1544084317856263,Full Data,8,886685,333.20,20,09:15:41,,,394.88,720960,61940,5792780,1793000,"[{""bid_quantity"":40,""ask_quantity"":20,""bid_orders"":1,""ask_orders"":1,""bid_price"":""332.05"",""ask_price"":""333.30""},{""bid_quantity"":200,""ask_quantity"":160,""bid_orders"":3,""ask_orders"":3,""bid_price"":""332.00"",""ask_price"":""333.40""},{""bid_quantity"":60,""ask_quantity"":140,""bid_orders"":2,""ask_orders"":2,""bid_price"":""331.50"",""ask_price"":""333.60""},{""bid_quantity"":100,""ask_quantity"":40,""bid_orders"":1,""ask_orders"":1,""bid_price"":""331.40"",""ask_price"":""333.70""},{""bid_quantity"":60,""ask_quantity"":20,""bid_orders"":1,""ask_orders"":1,""bid_price"":""331.30"",""ask_price"":""333.75""}]"
09:15:41.789,1790826341789990320,1544084343924267,Full Data,8,887253,346.25,20,09:15:41,,,300.62,378740,25820,6106460,55040,"[{""bid_quantity"":300,""ask_quantity"":40,""bid_orders"":6,""ask_orders"":1,""bid_price"":""344.60"",""ask_price"":""345.90""},{""bid_quantity"":20,""ask_quantity"":80,""bid_orders"":1,""ask_orders"":3,""bid_price"":""344.55"",""ask_price"":""346.05""},{""bid_quantity"":140,""ask_quantity"":40,""bid_orders"":3,""ask_orders"":1,""bid_price"":""344.50"",""ask_price"":""346.10""},{""bid_quantity"":20,""ask_quantity"":40,""bid_orders"":1,""ask_orders"":1,""bid_price"":""344.45"",""ask_price"":""346.20""},{""bid_quantity"":20,""ask_quantity"":160,""bid_orders"":1,""ask_orders"":3,""bid_price"":""344.40"",""ask_price"":""346.40""}]"
09:15:41.793,1790826341793402581,1544084347336368,Full Data,8,886589,414.20,40,09:15:41,,,357.79,493720,25380,6993900,194360,"[{""bid_quantity"":60,""ask_quantity"":20,""bid_orders"":3,""ask_orders"":1,""bid_price"":""413.25"",""ask_price"":""414.20""},{""bid_quantity"":60,""ask_quantity"":60,""bid_orders"":3,""ask_orders"":2,""bid_price"":""413.20"",""ask_price"":""415.30""},{""bid_quantity"":40,""ask_quantity"":40,""bid_orders"":2,""ask_orders"":1,""bid_price"":""413.05"",""ask_price"":""415.40""},{""bid_quantity"":120,""ask_quantity"":20,""bid_orders"":2,""ask_orders"":1,""bid_price"":""413.00"",""ask_price"":""415.65""},{""bid_quantity"":40,""ask_quantity"":40,""bid_orders"":2,""ask_orders"":1,""bid_price"":""412.95"",""ask_price"":""415.70""}]"
09:15:41.868,1790826341868771054,1544084422705121,Full Data,8,887216,175.70,20,09:15:41,,,215.41,1595320,82700,4492940,716360,"[{""bid_quantity"":380,""ask_quantity"":380,""bid_orders"":2,""ask_orders"":2,""bid_price"":""174.50"",""ask_price"":""175.30""},{""bid_quantity"":280,""ask_quantity"":160,""bid_orders"":4,""ask_orders"":3,""bid_price"":""174.45"",""ask_price"":""175.40""},{""bid_quantity"":60,""ask_quantity"":40,""bid_orders"":1,""ask_orders"":1,""bid_price"":""174.40"",""ask_price"":""175.45""},{""bid_quantity"":380,""ask_quantity"":200,""bid_orders"":2,""ask_orders"":4,""bid_price"":""174.35"",""ask_price"":""175.65""},{""bid_quantity"":160,""ask_quantity"":160,""bid_orders"":2,""ask_orders"":3,""bid_price"":""174.30"",""ask_price"":""175.70""}]"
09:15:41.909,1790826341909255188,1544084463189415,Full Data,8,887080,181.90,40,09:15:41,,,157.42,964360,50780,5359840,530840,"[{""bid_quantity"":180,""ask_quantity"":160,""bid_orders"":2,""ask_orders"":2,""bid_price"":""180.30"",""ask_price"":""181.15""},{""bid_quantity"":120,""ask_quantity"":140,""bid_orders"":3,""ask_orders"":1,""bid_price"":""180.15"",""ask_price"":""181.20""},{""bid_quantity"":320,""ask_quantity"":440,""bid_orders"":2,""ask_orders"":3,""bid_price"":""180.00"",""ask_price"":""181.25""},{""bid_quantity"":240,""ask_quantity"":120,""bid_orders"":1,""ask_orders"":2,""bid_price"":""179.90"",""ask_price"":""181.30""},{""bid_quantity"":120,""ask_quantity"":160,""bid_orders"":1,""ask_orders"":2,""bid_price"":""179.85"",""ask_price"":""181.85""}]"
09:15:41.947,1790826341947736349,1544084501670696,Full Data,8,887306,228.40,60,09:15:41,,,203.71,1083920,36660,5832000,240500,"[{""bid_quantity"":20,""ask_quantity"":60,""bid_orders"":1,""ask_orders"":2,""bid_price"":""227.50"",""ask_price"":""227.90""},{""bid_quantity"":60,""ask_quantity"":380,""bid_orders"":3,""ask_orders"":4,""bid_price"":""227.45"",""ask_price"":""227.95""},{""bid_quantity"":520,""ask_quantity"":40,""bid_orders"":2,""ask_orders"":1,""bid_price"":""227.00"",""ask_price"":""228.00""},{""bid_quantity"":20,""ask_quantity"":60,""bid_orders"":1,""ask_orders"":2,""bid_price"":""226.95"",""ask_price"":""228.05""},{""bid_quantity"":80,""ask_quantity"":260,""bid_orders"":2,""ask_orders"":4,""bid_price"":""226.75"",""ask_price"":""228.10""}]"
09:15:41.965,1790826341965966344,1544084519900291,Full Data,8,887216,176.20,20,09:15:41,,,215.34,1597960,81840,4492380,716360,"[{""bid_quantity"":200,""ask_quantity"":80,""bid_orders"":1,""ask_orders"":2,""bid_price"":""176.20"",""ask_price"":""177.05""},{""bid_quantity"":40,""ask_quantity"":80,""bid_orders"":2,""ask_orders"":2,""bid_price"":""176.15"",""ask_price"":""177.30""},{""bid_quantity"":260,""ask_quantity"":160,""bid_orders"":5,""ask_orders"":2,""bid_price"":""176.10"",""ask_price"":""177.45""},{""bid_quantity"":140,""ask_quantity"":80,""bid_orders"":2,""ask_orders"":1,""bid_price"":""176.05"",""ask_price"":""177.50""},{""bid_quantity"":60,""ask_quantity"":80,""bid_orders"":1,""ask_orders"":2,""bid_price"":""175.85"",""ask_price"":""177.55""}]"
09:15:41.998,1790826341998619748,1544084552553815,Full Data,8,887306,228.65,40,09:15:41,,,203.82,1088880,37000,5831200,240500,"[{""bid_quantity"":20,""ask_quantity"":80,""bid_orders"":1,""ask_orders"":2,""bid_price"":""227.65"",""ask_price"":""228.10""},{""bid_quantity"":60,""ask_quantity"":40,""bid_orders"":3,""ask_orders"":1,""bid_price"":""227.60"",""ask_price"":""228.65""},{""bid_quantity"":40,""ask_quantity"":120,""bid_orders"":2,""ask_orders"":1,""bid_price"":""227.55"",""ask_price"":""228.75""},{""bid_quantity"":100,""ask_quantity"":120,""bid_orders"":1,""ask_orders"":4,""bid_price"":""227.40"",""ask_price"":""228.80""},{""bid_quantity"":20,""ask_quantity"":60,""bid_orders"":1,""ask_orders"":2,""bid_price"":""227.30"",""ask_price"":""228.85""}]"
09:15:41.999,1790826341999198872,1544084553132659,Full Data,8,887080,180.30,20,09:15:41,,,157.45,965500,48000,5358880,530840,"[{""bid_quantity"":120,""ask_quantity"":140,""bid_orders"":1,""ask_orders"":2,""bid_price"":""179.85"",""ask_price"":""180.30""},{""bid_quantity"":60,""ask_quantity"":320,""bid_orders"":2,""ask_orders"":2,""bid_price"":""179.75"",""ask_price"":""180.80""},{""bid_quantity"":20,""ask_quantity"":140,""bid_orders"":1,""ask_orders"":1,""bid_price"":""179.70"",""ask_price"":""180.95""},{""bid_quantity"":120,""ask_quantity"":40,""bid_orders"":2,""ask_orders"":1,""bid_price"":""179.55"",""ask_price"":""181.00""},{""bid_quantity"":160,""ask_quantity"":20,""bid_orders"":5,""ask_orders"":1,""bid_price"":""179.50"",""ask_price"":""181.05""}]"
09:15:42.089,1790826342089273077,1544084643207064,Full Data,8,886620,219.15,20,09:15:42,,,259.45,1164540,71500,4443920,731020,"[{""bid_quantity"":140,""ask_quantity"":140,""bid_orders"":3,""ask_orders"":1,""bid_price"":""218.10"",""ask_price"":""219.15""},{""bid_quantity"":240,""ask_quantity"":40,""bid_orders"":3,""ask_orders"":1,""bid_price"":""218.05"",""ask_price"":""219.25""},{""bid_quantity"":160,""ask_quantity"":20,""bid_orders"":3,""ask_orders"":1,""bid_price"":""218.00"",""ask_price"":""219.40""},{""bid_quantity"":20,""ask_quantity"":140,""bid_orders"":1,""ask_orders"":1,""bid_price"":""217.95"",""ask_price"":""219.45""},{""bid_quantity"":100,""ask_quantity"":60,""bid_orders"":1,""ask_orders"":2,""bid_price"":""217.90"",""ask_price"":""220.00""}]"
09:15:42.120,1790826342120239671,1544084674174018,Full Data,8,886620,219.00,160,09:15:42,,,259.42,1165520,72900,4446900,731020,"[{""bid_quantity"":100,""ask_quantity"":100,""bid_orders"":2,""ask_orders"":2,""bid_price"":""219.05"",""ask_price"":""219.65""},{""bid_quantity"":140,""ask_quantity"":40,""bid_orders"":3,""ask_orders"":1,""bid_price"":""219.00"",""ask_price"":""219.80""},{""bid_quantity"":60,""ask_quantity"":40,""bid_orders"":1,""ask_orders"":2,""bid_price"":""218.90"",""ask_price"":""219.85""},{""bid_quantity"":200,""ask_quantity"":40,""bid_orders"":2,""ask_orders"":1,""bid_price"":""218.85"",""ask_price"":""220.50""},{""bid_quantity"":40,""ask_quantity"":40,""bid_orders"":1,""ask_orders"":1,""bid_price"":""218.80"",""ask_price"":""220.55""}]"
09:15:42.126,1790826342126713752,1544084680647699,Full Data,8,886790,108.35,20,09:15:42,,,134.03,2435680,180080,5576420,2100780,"[{""bid_quantity"":220,""ask_quantity"":120,""bid_orders"":3,""ask_orders"":4,""bid_price"":""107.60"",""ask_price"":""108.35""},{""bid_quantity"":100,""ask_quantity"":40,""bid_orders"":2,""ask_orders"":2,""bid_price"":""107.55"",""ask_price"":""108.50""},{""bid_quantity"":40,""ask_quantity"":20,""bid_orders"":1,""ask_orders"":1,""bid_price"":""107.25"",""ask_price"":""108.55""},{""bid_quantity"":320,""ask_quantity"":160,""bid_orders"":5,""ask_orders"":1,""bid_price"":""107.20"",""ask_price"":""108.70""},{""bid_quantity"":220,""ask_quantity"":40,""bid_orders"":4,""ask_orders"":1,""bid_price"":""107.15"",""ask_price"":""108.75""}]"
09:15:42.136,1790826342136402533,1544084690336520,Full Data,8,886790,107.60,20,09:15:42,,,134.03,2436020,180480,5576400,2100780,"[{""bid_quantity"":220,""ask_quantity"":20,""bid_orders"":2,""ask_orders"":1,""bid_price"":""107.70"",""ask_price"":""108.10""},{""bid_quantity"":80,""ask_quantity"":120,""bid_orders"":2,""ask_orders"":4,""bid_price"":""107.60"",""ask_price"":""108.35""},{""bid_quantity"":140,""ask_quantity"":60,""bid_orders"":3,""ask_orders"":1,""bid_price"":""107.55"",""ask_price"":""108.40""},{""bid_quantity"":200,""ask_quantity"":80,""bid_orders"":2,""ask_orders"":1,""bid_price"":""107.40"",""ask_price"":""108.45""},{""bid_quantity"":100,""ask_quantity"":20,""bid_orders"":2,""ask_orders"":1,""bid_price"":""107.25"",""ask_price"":""108.55""}]"
09:15:42.282,1790826342282936332,1544084836870359,Ticker Data,0,51,72312.73,,09:15:42,,,,,,,,
09:15:42.310,1790826342310175023,1544084864108930,Full Data,8,886540,136.50,20,09:15:42,,,171.48,1072480,105360,3839100,632060,"[{""bid_quantity"":180,""ask_quantity"":100,""bid_orders"":2,""ask_orders"":1,""bid_price"":""135.75"",""ask_price"":""136.70""},{""bid_quantity"":80,""ask_quantity"":60,""bid_orders"":2,""ask_orders"":1,""bid_price"":""135.70"",""ask_price"":""136.75""},{""bid_quantity"":60,""ask_quantity"":120,""bid_orders"":2,""ask_orders"":2,""bid_price"":""135.65"",""ask_price"":""136.80""},{""bid_quantity"":140,""ask_quantity"":100,""bid_orders"":3,""ask_orders"":1,""bid_price"":""135.60"",""ask_price"":""136.90""},{""bid_quantity"":60,""ask_quantity"":40,""bid_orders"":3,""ask_orders"":1,""bid_price"":""135.55"",""ask_price"":""137.05""}]"
09:15:42.365,1790826342365800412,1544084919734559,Full Data,8,886540,136.15,40,09:15:42,,,171.43,1073860,107140,3841260,632060,"[{""bid_quantity"":200,""ask_quantity"":80,""bid_orders"":3,""ask_orders"":3,""bid_price"":""135.60"",""ask_price"":""136.20""},{""bid_quantity"":80,""ask_quantity"":120,""bid_orders"":4,""ask_orders"":4,""bid_price"":""135.55"",""ask_price"":""136.25""},{""bid_quantity"":40,""ask_quantity"":120,""bid_orders"":2,""ask_orders"":4,""bid_price"":""135.40"",""ask_price"":""136.35""},{""bid_quantity"":120,""ask_quantity"":220,""bid_orders"":3,""ask_orders"":4,""bid_price"":""135.30"",""ask_price"":""136.40""},{""bid_quantity"":20,""ask_quantity"":20,""bid_orders"":1,""ask_orders"":1,""bid_price"":""135.25"",""ask_price"":""136.45""}]"
09:15:42.406,1790826342406389947,1544084960324134,Full Data,8,886961,492.85,20,09:15:42,,,438.36,55800,17660,4206940,36440,"[{""bid_quantity"":20,""ask_quantity"":20,""bid_orders"":1,""ask_orders"":1,""bid_price"":""492.00"",""ask_price"":""494.65""},{""bid_quantity"":40,""ask_quantity"":60,""bid_orders"":2,""ask_orders"":3,""bid_price"":""491.75"",""ask_price"":""494.70""},{""bid_quantity"":160,""ask_quantity"":40,""bid_orders"":5,""ask_orders"":2,""bid_price"":""491.70"",""ask_price"":""494.75""},{""bid_quantity"":20,""ask_quantity"":20,""bid_orders"":1,""ask_orders"":1,""bid_price"":""491.65"",""ask_price"":""494.85""},{""bid_quantity"":60,""ask_quantity"":40,""bid_orders"":2,""ask_orders"":2,""bid_price"":""491.45"",""ask_price"":""494.90""}]"
09:15:42.406,1790826342406993150,1544084960927057,Full Data,8,886461,141.85,80,09:15:42,,,124.43,1491860,86280,7946780,1682940,"[{""bid_quantity"":40,""ask_quantity"":120,""bid_orders"":1,""ask_orders"":2,""bid_price"":""141.40"",""ask_price"":""141.85""},{""bid_quantity"":20,""ask_quantity"":100,""bid_orders"":1,""ask_orders"":3,""bid_price"":""141.35"",""ask_price"":""141.90""},{""bid_quantity"":20,""ask_quantity"":140,""bid_orders"":1,""ask_orders"":2,""bid_price"":""141.10"",""ask_price"":""142.00""},{""bid_quantity"":400,""ask_quantity"":40,""bid_orders"":1,""ask_orders"":2,""bid_price"":""141.05"",""ask_price"":""142.05""},{""bid_quantity"":160,""ask_quantity"":160,""bid_orders"":2,""ask_orders"":3,""bid_price"":""140.50"",""ask_price"":""142.15""}]"
09:15:42.414,1790826342414175075,1544084968109022,Full Data,8,886961,492.85,20,09:15:42,,,438.36,55800,17580,4206960,36440,"[{""bid_quantity"":20,""ask_quantity"":20,""bid_orders"":1,""ask_orders"":1,""bid_price"":""493.85"",""ask_price"":""497.45""},{""bid_quantity"":60,""ask_quantity"":20,""bid_orders"":3,""ask_orders"":1,""bid_price"":""493.45"",""ask_price"":""497.50""},{""bid_quantity"":40,""ask_quantity"":60,""bid_orders"":2,""ask_orders"":3,""bid_price"":""493.40"",""ask_price"":""497.55""},{""bid_quantity"":20,""ask_quantity"":20,""bid_orders"":1,""ask_orders"":1,""bid_price"":""493.25"",""ask_price"":""497.60""},{""bid_quantity"":20,""ask_quantity"":120,""bid_orders"":1,""ask_orders"":3,""bid_price"":""493.15"",""ask_price"":""497.65""}]"
09:15:42.462,1790826342462523699,1544085016457846,Full Data,8,886461,143.25,20,09:15:42,,,124.45,1493680,85880,7948840,1682940,"[{""bid_quantity"":560,""ask_quantity"":20,""bid_orders"":1,""ask_orders"":1,""bid_price"":""143.25"",""ask_price"":""143.45""},{""bid_quantity"":280,""ask_quantity"":120,""bid_orders"":2,""ask_orders"":4,""bid_price"":""143.00"",""ask_price"":""143.85""},{""bid_quantity"":60,""ask_quantity"":600,""bid_orders"":2,""ask_orders"":9,""bid_price"":""142.95"",""ask_price"":""144.00""},{""bid_quantity"":40,""ask_quantity"":60,""bid_orders"":2,""ask_orders"":3,""bid_price"":""142.90"",""ask_price"":""144.05""},{""bid_quantity"":40,""ask_quantity"":160,""bid_orders"":2,""ask_orders"":3,""bid_price"":""142.85"",""ask_price"":""144.10""}]"
09:15:42.478,1790826342478375318,1544085032309305,Full Data,8,886659,286.80,20,09:15:42,,,251.54,1070880,31680,6462900,138720,"[{""bid_quantity"":80,""ask_quantity"":260,""bid_orders"":2,""ask_orders"":4,""bid_price"":""287.00"",""ask_price"":""288.10""},{""bid_quantity"":360,""ask_quantity"":140,""bid_orders"":2,""ask_orders"":2,""bid_price"":""286.95"",""ask_price"":""288.15""},{""bid_quantity"":40,""ask_quantity"":220,""bid_orders"":2,""ask_orders"":3,""bid_price"":""286.90"",""ask_price"":""288.20""},{""bid_quantity"":20,""ask_quantity"":140,""bid_orders"":1,""ask_orders"":2,""bid_price"":""286.80"",""ask_price"":""288.40""},{""bid_quantity"":340,""ask_quantity"":140,""bid_orders"":2,""ask_orders"":2,""bid_price"":""286.75"",""ask_price"":""288.60""}]"
09:15:42.552,1790826342552544183,1544085106478330,Full Data,8,886659,287.80,20,09:15:42,,,251.63,1073420,31120,6460600,138720,"[{""bid_quantity"":20,""ask_quantity"":20,""bid_orders"":1,""ask_orders"":1,""bid_price"":""286.85"",""ask_price"":""287.60""},{""bid_quantity"":60,""ask_quantity"":100,""bid_orders"":3,""ask_orders"":2,""bid_price"":""286.60"",""ask_price"":""287.65""},{""bid_quantity"":40,""ask_quantity"":20,""bid_orders"":2,""ask_orders"":1,""bid_price"":""286.55"",""ask_price"":""287.75""},{""bid_quantity"":280,""ask_quantity"":120,""bid_orders"":1,""ask_orders"":1,""bid_price"":""286.25"",""ask_price"":""287.80""},{""bid_quantity"":140,""ask_quantity"":80,""bid_orders"":2,""ask_orders"":3,""bid_price"":""286.20"",""ask_price"":""287.85""}]"
09:15:42.558,1790826342558579741,1544085112513528,Full Data,8,887279,266.75,20,09:15:42,,,328.92,622800,60880,4170780,793060,"[{""bid_quantity"":160,""ask_quantity"":40,""bid_orders"":1,""ask_orders"":2,""bid_price"":""266.60"",""ask_price"":""267.35""},{""bid_quantity"":40,""ask_quantity"":40,""bid_orders"":1,""ask_orders"":2,""bid_price"":""266.40"",""ask_price"":""267.45""},{""bid_quantity"":20,""ask_quantity"":100,""bid_orders"":1,""ask_orders"":2,""bid_price"":""266.25"",""ask_price"":""267.75""},{""bid_quantity"":40,""ask_quantity"":80,""bid_orders"":2,""ask_orders"":3,""bid_price"":""266.15"",""ask_price"":""267.85""},{""bid_quantity"":40,""ask_quantity"":20,""bid_orders"":1,""ask_orders"":1,""bid_price"":""266.10"",""ask_price"":""267.95""}]"
09:15:42.749,1790826342749369858,1544085303304325,Full Data,8,886671,79.25,20,09:15:42,,,102.25,1013820,61180,3094380,570580,"[{""bid_quantity"":100,""ask_quantity"":80,""bid_orders"":3,""ask_orders"":4,""bid_price"":""79.55"",""ask_price"":""79.80""},{""bid_quantity"":220,""ask_quantity"":100,""bid_orders"":4,""ask_orders"":2,""bid_price"":""79.50"",""ask_price"":""79.95""},{""bid_quantity"":360,""ask_quantity"":20,""bid_orders"":4,""ask_orders"":1,""bid_price"":""79.45"",""ask_price"":""80.05""},{""bid_quantity"":120,""ask_quantity"":340,""bid_orders"":2,""ask_orders"":4,""bid_price"":""79.40"",""ask_price"":""80.10""},{""bid_quantity"":200,""ask_quantity"":220,""bid_orders"":3,""ask_orders"":5,""bid_price"":""79.35"",""ask_price"":""80.15""}]"
09:15:42.775,1790826342775487182,1544085329421089,Full Data,8,886671,79.25,20,09:15:42,,,102.25,1013820,61880,3096040,570580,"[{""bid_quantity"":420,""ask_quantity"":40,""bid_orders"":6,""ask_orders"":1,""bid_price"":""79.60"",""ask_price"":""79.75""},{""bid_quantity"":100,""ask_quantity"":80,""bid_orders"":2,""ask_orders"":4,""bid_price"":""79.55"",""ask_price"":""79.80""},{""bid_quantity"":240,""ask_quantity"":100,""bid_orders"":3,""ask_orders"":2,""bid_price"":""79.50"",""ask_price"":""79.95""},{""bid_quantity"":300,""ask_quantity"":280,""bid_orders"":4,""ask_orders"":4,""bid_price"":""79.45"",""ask_price"":""80.10""},{""bid_quantity"":120,""ask_quantity"":340,""bid_orders"":2,""ask_orders"":5,""bid_price"":""79.40"",""ask_price"":""80.15""}]"
09:15:42.775,1790826342775608263,1544085329541890,Full Data,8,886685,325.50,100,09:15:42,,,393.51,737000,58280,5786900,1793000,"[{""bid_quantity"":40,""ask_quantity"":60,""bid_orders"":1,""ask_orders"":2,""bid_price"":""325.60"",""ask_price"":""327.45""},{""bid_quantity"":20,""ask_quantity"":260,""bid_orders"":1,""ask_orders"":7,""bid_price"":""325.55"",""ask_price"":""327.50""},{""bid_quantity"":20,""ask_quantity"":360,""bid_orders"":1,""ask_orders"":5,""bid_price"":""325.50"",""ask_price"":""327.55""},{""bid_quantity"":40,""ask_quantity"":40,""bid_orders"":1,""ask_orders"":1,""bid_price"":""325.45"",""ask_price"":""327.60""},{""bid_quantity"":100,""ask_quantity"":100,""bid_orders"":1,""ask_orders"":2,""bid_price"":""325.20"",""ask_price"":""327.65""}]"
09:15:42.804,1790826342804989087,1544085358922954,Full Data,8,887253,351.65,60,09:15:42,,,302.07,391100,21960,6103900,55040,"[{""bid_quantity"":60,""ask_quantity"":80,""bid_orders"":2,""ask_orders"":2,""bid_price"":""350.15"",""ask_price"":""351.50""},{""bid_quantity"":180,""ask_quantity"":100,""bid_orders"":5,""ask_orders"":3,""bid_price"":""350.05"",""ask_price"":""351.55""},{""bid_quantity"":200,""ask_quantity"":40,""bid_orders"":5,""ask_orders"":1,""bid_price"":""350.00"",""ask_price"":""351.60""},{""bid_quantity"":160,""ask_quantity"":120,""bid_orders"":2,""ask_orders"":3,""bid_price"":""349.90"",""ask_price"":""351.65""},{""bid_quantity"":100,""ask_quantity"":40,""bid_orders"":1,""ask_orders"":1,""bid_price"":""349.75"",""ask_price"":""351.70""}]"
09:15:42.811,1790826342811166766,1544085365100633,Full Data,8,886589,419.90,40,09:15:42,,,358.85,502940,23760,6996380,194360,"[{""bid_quantity"":80,""ask_quantity"":100,""bid_orders"":1,""ask_orders"":3,""bid_price"":""419.30"",""ask_price"":""420.90""},{""bid_quantity"":40,""ask_quantity"":140,""bid_orders"":1,""ask_orders"":3,""bid_price"":""419.25"",""ask_price"":""420.95""},{""bid_quantity"":100,""ask_quantity"":100,""bid_orders"":2,""ask_orders"":2,""bid_price"":""419.20"",""ask_price"":""421.25""},{""bid_quantity"":100,""ask_quantity"":80,""bid_orders"":1,""ask_orders"":2,""bid_price"":""419.10"",""ask_price"":""421.30""},{""bid_quantity"":40,""ask_quantity"":120,""bid_orders"":1,""ask_orders"":2,""bid_price"":""419.00"",""ask_price"":""421.80""}]"
09:15:42.840,1790826342840693671,1544085394627658,Full Data,8,886589,420.75,20,09:15:42,,,358.88,503220,24160,6995860,194360,"[{""bid_quantity"":40,""ask_quantity"":240,""bid_orders"":1,""ask_orders"":3,""bid_price"":""418.70"",""ask_price"":""420.20""},{""bid_quantity"":20,""ask_quantity"":80,""bid_orders"":1,""ask_orders"":2,""bid_price"":""418.60"",""ask_price"":""420.30""},{""bid_quantity"":100,""ask_quantity"":60,""bid_orders"":1,""ask_orders"":2,""bid_price"":""418.50"",""ask_price"":""420.55""},{""bid_quantity"":40,""ask_quantity"":20,""bid_orders"":2,""ask_orders"":1,""bid_price"":""418.40"",""ask_price"":""420.60""},{""bid_quantity"":40,""ask_quantity"":40,""bid_orders"":2,""ask_orders"":1,""bid_price"":""418.30"",""ask_price"":""420.70""}]"
09:15:42.872,1790826342872948954,1544085426882901,Full Data,8,887253,349.70,20,09:15:42,,,302.13,391540,21960,6102880,55040,"[{""bid_quantity"":20,""ask_quantity"":20,""bid_orders"":1,""ask_orders"":1,""bid_price"":""349.25"",""ask_price"":""350.90""},{""bid_quantity"":80,""ask_quantity"":40,""bid_orders"":3,""ask_orders"":1,""bid_price"":""349.15"",""ask_price"":""351.05""},{""bid_quantity"":20,""ask_quantity"":20,""bid_orders"":1,""ask_orders"":1,""bid_price"":""349.05"",""ask_price"":""351.30""},{""bid_quantity"":100,""ask_quantity"":460,""bid_orders"":1,""ask_orders"":1,""bid_price"":""349.00"",""ask_price"":""351.50""},{""bid_quantity"":20,""ask_quantity"":100,""bid_orders"":1,""ask_orders"":2,""bid_price"":""348.90"",""ask_price"":""351.60""}]"
09:15:42.925,1790826342926008526,1544085479942633,Full Data,8,887216,171.95,20,09:15:42,,,214.42,1634220,85540,4488880,716360,"[{""bid_quantity"":40,""ask_quantity"":40,""bid_orders"":2,""ask_orders"":1,""bid_price"":""171.40"",""ask_price"":""171.90""},{""bid_quantity"":320,""ask_quantity"":60,""bid_orders"":1,""ask_orders"":2,""bid_price"":""171.10"",""ask_price"":""171.95""},{""bid_quantity"":160,""ask_quantity"":60,""bid_orders"":3,""ask_orders"":3,""bid_price"":""171.05"",""ask_price"":""172.00""},{""bid_quantity"":340,""ask_quantity"":80,""bid_orders"":4,""ask_orders"":3,""bid_price"":""171.00"",""ask_price"":""172.10""},{""bid_quantity"":160,""ask_quantity"":180,""bid_orders"":1,""ask_orders"":4,""bid_price"":""170.95"",""ask_price"":""172.20""}]"
09:15:42.986,1790826342986171584,1544085540105811,Full Data,8,887306,228.20,20,09:15:42,,,204.66,1127620,36580,5875340,240500,"[{""bid_quantity"":40,""ask_quantity"":100,""bid_orders"":1,""ask_orders"":2,""bid_price"":""228.10"",""ask_price"":""228.35""},{""bid_quantity"":20,""ask_quantity"":60,""bid_orders"":1,""ask_orders"":2,""bid_price"":""227.80"",""ask_price"":""228.95""},{""bid_quantity"":80,""ask_quantity"":140,""bid_orders"":1,""ask_orders"":2,""bid_price"":""227.60"",""ask_price"":""229.00""},{""bid_quantity"":40,""ask_quantity"":140,""bid_orders"":1,""ask_orders"":2,""bid_price"":""227.45"",""ask_price"":""229.05""},{""bid_quantity"":180,""ask_quantity"":100,""bid_orders"":2,""ask_orders"":1,""bid_price"":""227.25"",""ask_price"":""229.20""}]"
09:15:42.991,1790826342991596618,1544085545530525,Full Data,8,887080,180.20,60,09:15:42,,,158.23,999400,52080,5363380,530840,"[{""bid_quantity"":40,""ask_quantity"":180,""bid_orders"":1,""ask_orders"":2,""bid_price"":""180.45"",""ask_price"":""181.55""},{""bid_quantity"":120,""ask_quantity"":40,""bid_orders"":3,""ask_orders"":1,""bid_price"":""180.40"",""ask_price"":""181.60""},{""bid_quantity"":20,""ask_quantity"":140,""bid_orders"":1,""ask_orders"":2,""bid_price"":""180.35"",""ask_price"":""181.65""},{""bid_quantity"":160,""ask_quantity"":100,""bid_orders"":1,""ask_orders"":3,""bid_price"":""180.25"",""ask_price"":""181.70""},{""bid_quantity"":60,""ask_quantity"":60,""bid_orders"":2,""ask_orders"":1,""bid_price"":""180.20"",""ask_price"":""181.80""}]"
09:15:43.021,1790826343021423205,1544085575357152,Full Data,8,887306,228.05,40,09:15:42,,,204.68,1128740,36020,5875420,240500,"[{""bid_quantity"":40,""ask_quantity"":100,""bid_orders"":2,""ask_orders"":2,""bid_price"":""227.65"",""ask_price"":""228.05""},{""bid_quantity"":180,""ask_quantity"":980,""bid_orders"":2,""ask_orders"":1,""bid_price"":""227.50"",""ask_price"":""228.10""},{""bid_quantity"":60,""ask_quantity"":40,""bid_orders"":3,""ask_orders"":1,""bid_price"":""227.45"",""ask_price"":""228.20""},{""bid_quantity"":40,""ask_quantity"":40,""bid_orders"":2,""ask_orders"":1,""bid_price"":""227.40"",""ask_price"":""228.25""},{""bid_quantity"":60,""ask_quantity"":160,""bid_orders"":2,""ask_orders"":1,""bid_price"":""227.35"",""ask_price"":""228.45""}]"
09:15:43.048,1790826343048376574,1544085602310641,Full Data,8,887080,180.95,20,09:15:43,,,158.34,1004460,47280,5371200,530840,"[{""bid_quantity"":80,""ask_quantity"":40,""bid_orders"":3,""ask_orders"":2,""bid_price"":""180.30"",""ask_price"":""181.20""},{""bid_quantity"":20,""ask_quantity"":120,""bid_orders"":1,""ask_orders"":1,""bid_price"":""180.10"",""ask_price"":""181.50""},{""bid_quantity"":40,""ask_quantity"":60,""bid_orders"":1,""ask_orders"":1,""bid_price"":""179.50"",""ask_price"":""181.60""},{""bid_quantity"":40,""ask_quantity"":20,""bid_orders"":2,""ask_orders"":1,""bid_price"":""179.45"",""ask_price"":""181.65""},{""bid_quantity"":240,""ask_quantity"":100,""bid_orders"":2,""ask_orders"":1,""bid_price"":""179.15"",""ask_price"":""181.80""}]"
09:15:43.105,1790826343105571133,1544085659505560,Full Data,8,886620,216.35,20,09:15:43,,,258.03,1204380,76060,4442580,731020,"[{""bid_quantity"":160,""ask_quantity"":40,""bid_orders"":8,""ask_orders"":1,""bid_price"":""215.55"",""ask_price"":""216.35""},{""bid_quantity"":120,""ask_quantity"":20,""bid_orders"":1,""ask_orders"":1,""bid_price"":""215.05"",""ask_price"":""216.40""},{""bid_quantity"":100,""ask_quantity"":40,""bid_orders"":3,""ask_orders"":2,""bid_price"":""215.00"",""ask_price"":""216.45""},{""bid_quantity"":120,""ask_quantity"":100,""bid_orders"":2,""ask_orders"":4,""bid_price"":""214.95"",""ask_price"":""216.50""},{""bid_quantity"":60,""ask_quantity"":120,""bid_orders"":1,""ask_orders"":2,""bid_price"":""214.85"",""ask_price"":""216.60""}]"
09:15:43.152,1790826343152365507,1544085706299654,Full Data,8,886620,216.30,40,09:15:43,,,258.01,1205020,74240,4442500,731020,"[{""bid_quantity"":140,""ask_quantity"":60,""bid_orders"":3,""ask_orders"":2,""bid_price"":""216.30"",""ask_price"":""216.55""},{""bid_quantity"":220,""ask_quantity"":80,""bid_orders"":2,""ask_orders"":1,""bid_price"":""216.00"",""ask_price"":""216.60""},{""bid_quantity"":120,""ask_quantity"":80,""bid_orders"":3,""ask_orders"":1,""bid_price"":""215.95"",""ask_price"":""216.70""},{""bid_quantity"":160,""ask_quantity"":100,""bid_orders"":1,""ask_orders"":1,""bid_price"":""215.75"",""ask_price"":""216.75""},{""bid_quantity"":100,""ask_quantity"":100,""bid_orders"":2,""ask_orders"":1,""bid_price"":""215.70"",""ask_price"":""216.90""}]"
09:15:43.153,1790826343153354313,1544085707288100,Full Data,8,886790,106.05,20,09:15:43,,,133.46,2485940,188000,5559420,2100780,"[{""bid_quantity"":80,""ask_quantity"":20,""bid_orders"":2,""ask_orders"":1,""bid_price"":""105.70"",""ask_price"":""106.00""},{""bid_quantity"":100,""ask_quantity"":120,""bid_orders"":3,""ask_orders"":1,""bid_price"":""105.65"",""ask_price"":""106.25""},{""bid_quantity"":120,""ask_quantity"":120,""bid_orders"":3,""ask_orders"":2,""bid_price"":""105.60"",""ask_price"":""106.30""},{""bid_quantity"":100,""ask_quantity"":200,""bid_orders"":2,""ask_orders"":2,""bid_price"":""105.55"",""ask_price"":""106.35""},{""bid_quantity"":60,""ask_quantity"":100,""bid_orders"":2,""ask_orders"":1,""bid_price"":""105.50"",""ask_price"":""106.40""}]"
09:15:43.154,1790826343154620601,1544085708554428,Full Data,8,886790,106.60,100,09:15:43,,,133.45,2486240,185740,5557140,2100780,"[{""bid_quantity"":40,""ask_quantity"":140,""bid_orders"":1,""ask_orders"":3,""bid_price"":""106.20"",""ask_price"":""106.55""},{""bid_quantity"":40,""ask_quantity"":100,""bid_orders"":1,""ask_orders"":2,""bid_price"":""106.15"",""ask_price"":""106.60""},{""bid_quantity"":180,""ask_quantity"":60,""bid_orders"":3,""ask_orders"":2,""bid_price"":""106.10"",""ask_price"":""106.65""},{""bid_quantity"":160,""ask_quantity"":120,""bid_orders"":2,""ask_orders"":2,""bid_price"":""105.80"",""ask_price"":""106.70""},{""bid_quantity"":80,""ask_quantity"":60,""bid_orders"":3,""ask_orders"":2,""bid_price"":""105.75"",""ask_price"":""106.75""}]"
09:15:43.280,1790826343280941833,1544085834875820,Ticker Data,0,51,72320.42,,09:15:43,,,,,,,,
09:15:43.373,1790826343373186692,1544085927120719,Full Data,8,886540,138.85,60,09:15:43,,,170.59,1100380,106960,3840620,632060,"[{""bid_quantity"":80,""ask_quantity"":100,""bid_orders"":2,""ask_orders"":5,""bid_price"":""138.45"",""ask_price"":""138.90""},{""bid_quantity"":140,""ask_quantity"":80,""bid_orders"":5,""ask_orders"":1,""bid_price"":""138.40"",""ask_price"":""139.00""},{""bid_quantity"":100,""ask_quantity"":80,""bid_orders"":4,""ask_orders"":1,""bid_price"":""138.35"",""ask_price"":""139.05""},{""bid_quantity"":180,""ask_quantity"":160,""bid_orders"":2,""ask_orders"":1,""bid_price"":""138.25"",""ask_price"":""139.10""},{""bid_quantity"":40,""ask_quantity"":60,""bid_orders"":2,""ask_orders"":3,""bid_price"":""138.20"",""ask_price"":""139.15""}]"
09:15:43.405,1790826343405348854,1544085959282841,Full Data,8,886540,138.05,40,09:15:43,,,170.53,1102160,113480,3840440,632060,"[{""bid_quantity"":40,""ask_quantity"":20,""bid_orders"":2,""ask_orders"":1,""bid_price"":""137.85"",""ask_price"":""138.30""},{""bid_quantity"":20,""ask_quantity"":20,""bid_orders"":1,""ask_orders"":1,""bid_price"":""137.80"",""ask_price"":""138.35""},{""bid_quantity"":60,""ask_quantity"":20,""bid_orders"":3,""ask_orders"":1,""bid_price"":""137.75"",""ask_price"":""138.40""},{""bid_quantity"":60,""ask_quantity"":80,""bid_orders"":3,""ask_orders"":2,""bid_price"":""137.70"",""ask_price"":""138.50""},{""bid_quantity"":40,""ask_quantity"":80,""bid_orders"":2,""ask_orders"":1,""bid_price"":""137.65"",""ask_price"":""138.55""}]"
09:15:43.437,1790826343437368135,1544085991302002,Full Data,8,886961,487.15,20,09:15:43,,,439.84,57340,18720,4207240,36440,"[{""bid_quantity"":60,""ask_quantity"":60,""bid_orders"":3,""ask_orders"":3,""bid_price"":""487.50"",""ask_price"":""490.05""},{""bid_quantity"":80,""ask_quantity"":100,""bid_orders"":4,""ask_orders"":5,""bid_price"":""487.35"",""ask_price"":""490.10""},{""bid_quantity"":80,""ask_quantity"":60,""bid_orders"":3,""ask_orders"":3,""bid_price"":""487.20"",""ask_price"":""490.20""},{""bid_quantity"":20,""ask_quantity"":20,""bid_orders"":1,""ask_orders"":1,""bid_price"":""487.10"",""ask_price"":""490.25""},{""bid_quantity"":20,""ask_quantity"":120,""bid_orders"":1,""ask_orders"":3,""bid_price"":""487.05"",""ask_price"":""490.30""}]"
09:15:43.438,1790826343438255700,1544085992189527,Full Data,8,886461,140.35,20,09:15:43,,,124.80,1523460,89640,7952840,1682940,"[{""bid_quantity"":40,""ask_quantity"":60,""bid_orders"":2,""ask_orders"":3,""bid_price"":""139.80"",""ask_price"":""140.25""},{""bid_quantity"":220,""ask_quantity"":220,""bid_orders"":3,""ask_orders"":3,""bid_price"":""139.70"",""ask_price"":""140.30""},{""bid_quantity"":200,""ask_quantity"":200,""bid_orders"":3,""ask_orders"":4,""bid_price"":""139.60"",""ask_price"":""140.35""},{""bid_quantity"":20,""ask_quantity"":80,""bid_orders"":1,""ask_orders"":3,""bid_price"":""139.55"",""ask_price"":""140.40""},{""bid_quantity"":180,""ask_quantity"":180,""bid_orders"":2,""ask_orders"":2,""bid_price"":""139.50"",""ask_price"":""140.50""}]"
09:15:43.485,1790826343485365316,1544086039299383,Full Data,8,886961,487.15,20,09:15:43,,,439.85,57360,18540,4207600,36440,"[{""bid_quantity"":20,""ask_quantity"":80,""bid_orders"":1,""ask_orders"":1,""bid_price"":""486.60"",""ask_price"":""489.50""},{""bid_quantity"":140,""ask_quantity"":80,""bid_orders"":3,""ask_orders"":1,""bid_price"":""486.55"",""ask_price"":""489.55""},{""bid_quantity"":220,""ask_quantity"":20,""bid_orders"":3,""ask_orders"":1,""bid_price"":""486.50"",""ask_price"":""489.60""},{""bid_quantity"":40,""ask_quantity"":40,""bid_orders"":2,""ask_orders"":1,""bid_price"":""486.45"",""ask_price"":""491.55""},{""bid_quantity"":20,""ask_quantity"":60,""bid_orders"":1,""ask_orders"":1,""bid_price"":""486.40"",""ask_price"":""492.10""}]"
09:15:43.485,1790826343485811639,1544086039745666,Full Data,8,886461,139.65,40,09:15:43,,,124.81,1524620,88720,7954560,1682940,"[{""bid_quantity"":180,""ask_quantity"":20,""bid_orders"":2,""ask_orders"":1,""bid_price"":""139.60"",""ask_price"":""140.30""},{""bid_quantity"":220,""ask_quantity"":40,""bid_orders"":6,""ask_orders"":2,""bid_price"":""139.55"",""ask_price"":""140.35""},{""bid_quantity"":80,""ask_quantity"":160,""bid_orders"":3,""ask_orders"":2,""bid_price"":""139.50"",""ask_price"":""140.45""},{""bid_quantity"":60,""ask_quantity"":260,""bid_orders"":1,""ask_orders"":3,""bid_price"":""139.45"",""ask_price"":""140.50""},{""bid_quantity"":240,""ask_quantity"":180,""bid_orders"":5,""ask_orders"":2,""bid_price"":""139.40"",""ask_price"":""140.55""}]"
09:15:43.565,1790826343565333337,1544086119267404,Full Data,8,886659,281.15,20,09:15:43,,,252.40,1099460,35740,6499900,138720,"[{""bid_quantity"":300,""ask_quantity"":20,""bid_orders"":4,""ask_orders"":1,""bid_price"":""281.25"",""ask_price"":""281.90""},{""bid_quantity"":320,""ask_quantity"":20,""bid_orders"":1,""ask_orders"":1,""bid_price"":""281.20"",""ask_price"":""281.95""},{""bid_quantity"":200,""ask_quantity"":1000,""bid_orders"":5,""ask_orders"":1,""bid_price"":""281.15"",""ask_price"":""282.00""},{""bid_quantity"":360,""ask_quantity"":20,""bid_orders"":2,""ask_orders"":1,""bid_price"":""281.10"",""ask_price"":""282.20""},{""bid_quantity"":80,""ask_quantity"":160,""bid_orders"":2,""ask_orders"":1,""bid_price"":""281.05"",""ask_price"":""282.30""}]"
09:15:43.599,1790826343600008395,1544086153942462,Full Data,8,887279,270.40,20,09:15:43,,,327.21,641220,60820,4172440,793060,"[{""bid_quantity"":60,""ask_quantity"":120,""bid_orders"":1,""ask_orders"":2,""bid_price"":""269.05"",""ask_price"":""270.15""},{""bid_quantity"":100,""ask_quantity"":160,""bid_orders"":3,""ask_orders"":2,""bid_price"":""268.95"",""ask_price"":""270.20""},{""bid_quantity"":60,""ask_quantity"":280,""bid_orders"":2,""ask_orders"":2,""bid_price"":""268.90"",""ask_price"":""270.25""},{""bid_quantity"":60,""ask_quantity"":220,""bid_orders"":1,""ask_orders"":2,""bid_price"":""268.85"",""ask_price"":""270.30""},{""bid_quantity"":80,""ask_quantity"":20,""bid_orders"":2,""ask_orders"":1,""bid_price"":""268.75"",""ask_price"":""270.35""}]"
09:15:43.625,1790826343625185833,1544086179119860,Full Data,8,886659,283.30,60,09:15:43,,,252.59,1106200,40840,6503440,138720,"[{""bid_quantity"":40,""ask_quantity"":60,""bid_orders"":1,""ask_orders"":1,""bid_price"":""280.55"",""ask_price"":""281.00""},{""bid_quantity"":40,""ask_quantity"":80,""bid_orders"":1,""ask_orders"":1,""bid_price"":""280.45"",""ask_price"":""283.00""},{""bid_quantity"":340,""ask_quantity"":40,""bid_orders"":2,""ask_orders"":2,""bid_price"":""280.40"",""ask_price"":""283.30""},{""bid_quantity"":60,""ask_quantity"":80,""bid_orders"":2,""ask_orders"":1,""bid_price"":""280.35"",""ask_price"":""283.40""},{""bid_quantity"":480,""ask_quantity"":120,""bid_orders"":4,""ask_orders"":1,""bid_price"":""280.30"",""ask_price"":""283.60""}]"
09:15:43.745,1790826343745477988,1544086299411975,Full Data,8,886671,80.20,200,09:15:43,,,101.71,1040260,58140,3093420,570580,"[{""bid_quantity"":20,""ask_quantity"":200,""bid_orders"":1,""ask_orders"":10,""bid_price"":""80.25"",""ask_price"":""80.45""},{""bid_quantity"":160,""ask_quantity"":280,""bid_orders"":1,""ask_orders"":4,""bid_price"":""80.20"",""ask_price"":""80.70""},{""bid_quantity"":40,""ask_quantity"":100,""bid_orders"":1,""ask_orders"":2,""bid_price"":""80.15"",""ask_price"":""80.75""},{""bid_quantity"":40,""ask_quantity"":60,""bid_orders"":1,""ask_orders"":1,""bid_price"":""80.10"",""ask_price"":""80.95""},{""bid_quantity"":80,""ask_quantity"":20,""bid_orders"":3,""ask_orders"":1,""bid_price"":""80.05"",""ask_price"":""81.00""}]"
09:15:43.771,1790826343771042948,1544086324977175,Full Data,8,886671,80.45,20,09:15:43,,,101.71,1040280,58320,3096640,570580,"[{""bid_quantity"":220,""ask_quantity"":180,""bid_orders"":4,""ask_orders"":9,""bid_price"":""80.20"",""ask_price"":""80.45""},{""bid_quantity"":80,""ask_quantity"":280,""bid_orders"":3,""ask_orders"":4,""bid_price"":""80.15"",""ask_price"":""80.70""},{""bid_quantity"":40,""ask_quantity"":140,""bid_orders"":1,""ask_orders"":3,""bid_price"":""80.10"",""ask_price"":""80.75""},{""bid_quantity"":80,""ask_quantity"":20,""bid_orders"":3,""ask_orders"":1,""bid_price"":""80.05"",""ask_price"":""81.00""},{""bid_quantity"":180,""ask_quantity"":60,""bid_orders"":2,""ask_orders"":2,""bid_price"":""80.00"",""ask_price"":""81.05""}]"
09:15:43.771,1790826343771212469,1544086325146136,Full Data,8,886685,327.60,20,09:15:43,,,391.42,761000,57580,5785720,1793000,"[{""bid_quantity"":160,""ask_quantity"":60,""bid_orders"":2,""ask_orders"":2,""bid_price"":""327.60"",""ask_price"":""329.00""},{""bid_quantity"":80,""ask_quantity"":80,""bid_orders"":2,""ask_orders"":3,""bid_price"":""327.55"",""ask_price"":""329.05""},{""bid_quantity"":180,""ask_quantity"":80,""bid_orders"":2,""ask_orders"":2,""bid_price"":""327.50"",""ask_price"":""329.20""},{""bid_quantity"":80,""ask_quantity"":60,""bid_orders"":2,""ask_orders"":2,""bid_price"":""327.45"",""ask_price"":""329.30""},{""bid_quantity"":100,""ask_quantity"":20,""bid_orders"":3,""ask_orders"":1,""bid_price"":""327.35"",""ask_price"":""329.35""}]"
09:15:43.821,1790826343821302143,1544086375236210,Full Data,8,886589,424.45,20,09:15:43,,,360.88,521440,24740,7072380,194360,"[{""bid_quantity"":80,""ask_quantity"":20,""bid_orders"":1,""ask_orders"":1,""bid_price"":""419.30"",""ask_price"":""421.45""},{""bid_quantity"":20,""ask_quantity"":140,""bid_orders"":1,""ask_orders"":4,""bid_price"":""419.25"",""ask_price"":""421.50""},{""bid_quantity"":20,""ask_quantity"":40,""bid_orders"":1,""ask_orders"":2,""bid_price"":""419.00"",""ask_price"":""421.55""},{""bid_quantity"":20,""ask_quantity"":80,""bid_orders"":1,""ask_orders"":4,""bid_price"":""418.75"",""ask_price"":""421.60""},{""bid_quantity"":20,""ask_quantity"":40,""bid_orders"":1,""ask_orders"":2,""bid_price"":""418.50"",""ask_price"":""421.70""}]"
09:15:43.857,1790826343857757892,1544086411691879,Full Data,8,887253,348.45,20,09:15:43,,,303.22,401340,23740,6101880,55040,"[{""bid_quantity"":40,""ask_quantity"":80,""bid_orders"":2,""ask_orders"":1,""bid_price"":""347.15"",""ask_price"":""348.60""},{""bid_quantity"":140,""ask_quantity"":40,""bid_orders"":5,""ask_orders"":1,""bid_price"":""347.10"",""ask_price"":""348.65""},{""bid_quantity"":140,""ask_quantity"":180,""bid_orders"":4,""ask_orders"":3,""bid_price"":""347.05"",""ask_price"":""348.70""},{""bid_quantity"":20,""ask_quantity"":120,""bid_orders"":1,""ask_orders"":2,""bid_price"":""347.00"",""ask_price"":""348.75""},{""bid_quantity"":20,""ask_quantity"":40,""bid_orders"":1,""ask_orders"":1,""bid_price"":""346.90"",""ask_price"":""348.80""}]"
09:15:43.906,1790826343906553238,1544086460487265,Full Data,8,886589,420.35,40,09:15:43,,,360.97,522240,24480,7081320,194360,"[{""bid_quantity"":60,""ask_quantity"":60,""bid_orders"":2,""ask_orders"":2,""bid_price"":""419.00"",""ask_price"":""420.80""},{""bid_quantity"":40,""ask_quantity"":100,""bid_orders"":2,""ask_orders"":2,""bid_price"":""418.95"",""ask_price"":""420.85""},{""bid_quantity"":100,""ask_quantity"":40,""bid_orders"":2,""ask_orders"":2,""bid_price"":""418.75"",""ask_price"":""421.45""},{""bid_quantity"":100,""ask_quantity"":20,""bid_orders"":1,""ask_orders"":1,""bid_price"":""418.50"",""ask_price"":""421.65""},{""bid_quantity"":60,""ask_quantity"":20,""bid_orders"":2,""ask_orders"":1,""bid_price"":""418.30"",""ask_price"":""421.70""}]"
09:15:43.940,1790826343940423171,1544086494357118,Full Data,8,887253,348.00,60,09:15:43,,,303.24,401520,25680,6103540,55040,"[{""bid_quantity"":60,""ask_quantity"":40,""bid_orders"":2,""ask_orders"":1,""bid_price"":""346.40"",""ask_price"":""347.05""},{""bid_quantity"":40,""ask_quantity"":100,""bid_orders"":2,""ask_orders"":2,""bid_price"":""346.25"",""ask_price"":""347.10""},{""bid_quantity"":20,""ask_quantity"":60,""bid_orders"":1,""ask_orders"":2,""bid_price"":""346.20"",""ask_price"":""348.00""},{""bid_quantity"":100,""ask_quantity"":40,""bid_orders"":4,""ask_orders"":1,""bid_price"":""346.15"",""ask_price"":""348.05""},{""bid_quantity"":120,""ask_quantity"":120,""bid_orders"":4,""ask_orders"":2,""bid_price"":""346.05"",""ask_price"":""348.35""}]"
09:15:43.979,1790826343979636177,1544086533570244,Full Data,8,887216,173.10,20,09:15:43,,,213.23,1683920,86720,4490960,716360,"[{""bid_quantity"":40,""ask_quantity"":120,""bid_orders"":1,""ask_orders"":1,""bid_price"":""173.30"",""ask_price"":""174.00""},{""bid_quantity"":440,""ask_quantity"":20,""bid_orders"":2,""ask_orders"":1,""bid_price"":""173.20"",""ask_price"":""174.05""},{""bid_quantity"":300,""ask_quantity"":40,""bid_orders"":1,""ask_orders"":1,""bid_price"":""173.10"",""ask_price"":""174.20""},{""bid_quantity"":60,""ask_quantity"":80,""bid_orders"":2,""ask_orders"":2,""bid_price"":""173.05"",""ask_price"":""174.50""},{""bid_quantity"":120,""ask_quantity"":80,""bid_orders"":2,""ask_orders"":2,""bid_price"":""172.95"",""ask_price"":""174.65""}]"
09:15:44.038,1790826344039006669,1544086592940696,Full Data,8,887306,228.60,20,09:15:43,,,205.60,1177140,34860,5878300,240500,"[{""bid_quantity"":200,""ask_quantity"":20,""bid_orders"":4,""ask_orders"":1,""bid_price"":""228.10"",""ask_price"":""228.80""},{""bid_quantity"":20,""ask_quantity"":100,""bid_orders"":1,""ask_orders"":3,""bid_price"":""228.00"",""ask_price"":""228.95""},{""bid_quantity"":260,""ask_quantity"":60,""bid_orders"":2,""ask_orders"":1,""bid_price"":""227.95"",""ask_price"":""229.30""},{""bid_quantity"":200,""ask_quantity"":180,""bid_orders"":3,""ask_orders"":3,""bid_price"":""227.85"",""ask_price"":""229.35""},{""bid_quantity"":80,""ask_quantity"":120,""bid_orders"":4,""ask_orders"":1,""bid_price"":""227.80"",""ask_price"":""229.40""}]"
09:15:44.077,1790826344077141148,1544086631075295,Full Data,8,887216,174.70,100,09:15:44,,,213.19,1685740,87240,4490900,716360,"[{""bid_quantity"":360,""ask_quantity"":40,""bid_orders"":3,""ask_orders"":1,""bid_price"":""173.70"",""ask_price"":""174.20""},{""bid_quantity"":200,""ask_quantity"":160,""bid_orders"":4,""ask_orders"":4,""bid_price"":""173.60"",""ask_price"":""174.65""},{""bid_quantity"":360,""ask_quantity"":220,""bid_orders"":3,""ask_orders"":8,""bid_price"":""173.50"",""ask_price"":""174.75""},{""bid_quantity"":480,""ask_quantity"":100,""bid_orders"":4,""ask_orders"":1,""bid_price"":""173.45"",""ask_price"":""174.90""},{""bid_quantity"":120,""ask_quantity"":160,""bid_orders"":2,""ask_orders"":3,""bid_price"":""173.40"",""ask_price"":""175.00""}]"
09:15:44.080,1790826344080832852,1544086634766719,Full Data,8,887080,179.80,40,09:15:44,,,158.73,1023360,50480,5390900,530840,"[{""bid_quantity"":20,""ask_quantity"":180,""bid_orders"":1,""ask_orders"":8,""bid_price"":""179.40"",""ask_price"":""179.95""},{""bid_quantity"":160,""ask_quantity"":200,""bid_orders"":1,""ask_orders"":4,""bid_price"":""179.10"",""ask_price"":""180.05""},{""bid_quantity"":20,""ask_quantity"":100,""bid_orders"":1,""ask_orders"":3,""bid_price"":""179.05"",""ask_price"":""180.10""},{""bid_quantity"":100,""ask_quantity"":220,""bid_orders"":1,""ask_orders"":3,""bid_price"":""178.95"",""ask_price"":""180.25""},{""bid_quantity"":240,""ask_quantity"":200,""bid_orders"":2,""ask_orders"":4,""bid_price"":""178.85"",""ask_price"":""180.30""}]"
09:15:44.102,1790826344102989151,1544086656923018,Full Data,8,887306,227.70,20,09:15:44,,,205.64,1179140,38480,5880460,240500,"[{""bid_quantity"":160,""ask_quantity"":80,""bid_orders"":1,""ask_orders"":2,""bid_price"":""227.00"",""ask_price"":""227.55""},{""bid_quantity"":100,""ask_quantity"":40,""bid_orders"":3,""ask_orders"":1,""bid_price"":""226.95"",""ask_price"":""227.70""},{""bid_quantity"":200,""ask_quantity"":40,""bid_orders"":2,""ask_orders"":1,""bid_price"":""226.90"",""ask_price"":""227.90""},{""bid_quantity"":20,""ask_quantity"":200,""bid_orders"":1,""ask_orders"":7,""bid_price"":""226.70"",""ask_price"":""228.00""},{""bid_quantity"":100,""ask_quantity"":60,""bid_orders"":1,""ask_orders"":1,""bid_price"":""226.65"",""ask_price"":""228.05""}]"
09:15:44.126,1790826344126358497,1544086680292404,Full Data,8,887080,180.60,20,09:15:44,,,158.76,1024520,47400,5391820,530840,"[{""bid_quantity"":480,""ask_quantity"":60,""bid_orders"":1,""ask_orders"":3,""bid_price"":""180.60"",""ask_price"":""181.35""},{""bid_quantity"":240,""ask_quantity"":40,""bid_orders"":3,""ask_orders"":2,""bid_price"":""180.55"",""ask_price"":""181.55""},{""bid_quantity"":160,""ask_quantity"":20,""bid_orders"":1,""ask_orders"":1,""bid_price"":""180.50"",""ask_price"":""181.75""},{""bid_quantity"":20,""ask_quantity"":80,""bid_orders"":1,""ask_orders"":1,""bid_price"":""180.45"",""ask_price"":""181.80""},{""bid_quantity"":160,""ask_quantity"":100,""bid_orders"":1,""ask_orders"":1,""bid_price"":""180.35"",""ask_price"":""181.95""}]"
09:15:44.168,1790826344168114799,1544086722048786,Full Data,8,886620,215.55,40,09:15:44,,,257.14,1232040,76500,4445360,731020,"[{""bid_quantity"":160,""ask_quantity"":40,""bid_orders"":1,""ask_orders"":1,""bid_price"":""214.70"",""ask_price"":""215.65""},{""bid_quantity"":80,""ask_quantity"":20,""bid_orders"":1,""ask_orders"":1,""bid_price"":""214.65"",""ask_price"":""215.80""},{""bid_quantity"":160,""ask_quantity"":20,""bid_orders"":1,""ask_orders"":1,""bid_price"":""214.55"",""ask_price"":""216.50""},{""bid_quantity"":20,""ask_quantity"":60,""bid_orders"":1,""ask_orders"":1,""bid_price"":""214.50"",""ask_price"":""216.55""},{""bid_quantity"":20,""ask_quantity"":100,""bid_orders"":1,""ask_orders"":1,""bid_price"":""214.35"",""ask_price"":""216.60""}]"
09:15:44.180,1790826344180153395,1544086734087262,Full Data,8,886790,104.30,20,09:15:44,,,132.92,2535880,210860,5558380,2100780,"[{""bid_quantity"":60,""ask_quantity"":60,""bid_orders"":1,""ask_orders"":1,""bid_price"":""104.15"",""ask_price"":""104.30""},{""bid_quantity"":140,""ask_quantity"":40,""bid_orders"":1,""ask_orders"":2,""bid_price"":""104.10"",""ask_price"":""104.35""},{""bid_quantity"":40,""ask_quantity"":40,""bid_orders"":2,""ask_orders"":2,""bid_price"":""104.05"",""ask_price"":""104.40""},{""bid_quantity"":40,""ask_quantity"":60,""bid_orders"":2,""ask_orders"":2,""bid_price"":""103.95"",""ask_price"":""104.50""},{""bid_quantity"":140,""ask_quantity"":120,""bid_orders"":2,""ask_orders"":3,""bid_price"":""103.90"",""ask_price"":""104.55""}]"
09:15:44.220,1790826344220832210,1544086774766437,Full Data,8,886620,215.55,60,09:15:44,,,257.13,1232220,76380,4445340,731020,"[{""bid_quantity"":180,""ask_quantity"":20,""bid_orders"":2,""ask_orders"":1,""bid_price"":""214.90"",""ask_price"":""215.55""},{""bid_quantity"":180,""ask_quantity"":20,""bid_orders"":2,""ask_orders"":1,""bid_price"":""214.85"",""ask_price"":""215.65""},{""bid_quantity"":20,""ask_quantity"":80,""bid_orders"":1,""ask_orders"":1,""bid_price"":""214.80"",""ask_price"":""215.85""},{""bid_quantity"":180,""ask_quantity"":100,""bid_orders"":2,""ask_orders"":1,""bid_price"":""214.75"",""ask_price"":""216.00""},{""bid_quantity"":60,""ask_quantity"":180,""bid_orders"":2,""ask_orders"":3,""bid_price"":""214.70"",""ask_price"":""216.30""}]"
09:15:44.292,1790826344292271058,1544086846205005,Ticker Data,0,51,72328.44,,09:15:44,,,,,,,,
09:15:44.419,1790826344419559137,1544086973493244,Full Data,8,886540,135.25,20,09:15:44,,,169.87,1123620,107980,3841680,632060,"[{""bid_quantity"":60,""ask_quantity"":120,""bid_orders"":1,""ask_orders"":5,""bid_price"":""134.85"",""ask_price"":""135.15""},{""bid_quantity"":20,""ask_quantity"":280,""bid_orders"":1,""ask_orders"":4,""bid_price"":""134.75"",""ask_price"":""135.70""},{""bid_quantity"":80,""ask_quantity"":140,""bid_orders"":2,""ask_orders"":3,""bid_price"":""134.70"",""ask_price"":""135.75""},{""bid_quantity"":180,""ask_quantity"":80,""bid_orders"":3,""ask_orders"":1,""bid_price"":""134.65"",""ask_price"":""135.85""},{""bid_quantity"":120,""ask_quantity"":60,""bid_orders"":4,""ask_orders"":2,""bid_price"":""134.60"",""ask_price"":""135.90""}]"
09:15:44.506,1790826344506586283,1544087060520350,Full Data,8,886461,140.50,20,09:15:44,,,125.02,1544880,94620,7953880,1682940,"[{""bid_quantity"":160,""ask_quantity"":60,""bid_orders"":2,""ask_orders"":1,""bid_price"":""140.55"",""ask_price"":""140.85""},{""bid_quantity"":160,""ask_quantity"":260,""bid_orders"":6,""ask_orders"":4,""bid_price"":""140.50"",""ask_price"":""141.00""},{""bid_quantity"":20,""ask_quantity"":80,""bid_orders"":1,""ask_orders"":3,""bid_price"":""140.45"",""ask_price"":""141.05""},{""bid_quantity"":80,""ask_quantity"":160,""bid_orders"":3,""ask_orders"":1,""bid_price"":""140.40"",""ask_price"":""141.10""},{""bid_quantity"":20,""ask_quantity"":20,""bid_orders"":1,""ask_orders"":1,""bid_price"":""140.35"",""ask_price"":""141.15""}]"
09:15:44.535,1790826344535423064,1544087089357171,Full Data,8,886961,490.40,100,09:15:44,,,440.92,58560,18740,4248700,36440,"[{""bid_quantity"":40,""ask_quantity"":40,""bid_orders"":2,""ask_orders"":1,""bid_price"":""490.75"",""ask_price"":""492.50""},{""bid_quantity"":120,""ask_quantity"":20,""bid_orders"":3,""ask_orders"":1,""bid_price"":""490.70"",""ask_price"":""492.55""},{""bid_quantity"":40,""ask_quantity"":40,""bid_orders"":1,""ask_orders"":2,""bid_price"":""490.60"",""ask_price"":""492.65""},{""bid_quantity"":60,""ask_quantity"":20,""bid_orders"":3,""ask_orders"":1,""bid_price"":""490.55"",""ask_price"":""492.75""},{""bid_quantity"":60,""ask_quantity"":20,""bid_orders"":3,""ask_orders"":1,""bid_price"":""490.30"",""ask_price"":""493.15""}]"
09:15:44.545,1790826344545390406,1544087099324393,Full Data,8,886461,140.35,20,09:15:44,,,125.02,1545180,93520,7953780,1682940,"[{""bid_quantity"":220,""ask_quantity"":320,""bid_orders"":4,""ask_orders"":2,""bid_price"":""140.15"",""ask_price"":""140.50""},{""bid_quantity"":240,""ask_quantity"":520,""bid_orders"":4,""ask_orders"":6,""bid_price"":""140.00"",""ask_price"":""140.55""},{""bid_quantity"":160,""ask_quantity"":80,""bid_orders"":1,""ask_orders"":3,""bid_price"":""139.95"",""ask_price"":""140.65""},{""bid_quantity"":80,""ask_quantity"":40,""bid_orders"":3,""ask_orders"":1,""bid_price"":""139.90"",""ask_price"":""140.80""},{""bid_quantity"":40,""ask_quantity"":80,""bid_orders"":2,""ask_orders"":3,""bid_price"":""139.85"",""ask_price"":""140.85""}]"
09:15:44.599,1790826344599226304,1544087153160451,Full Data,8,887279,268.30,40,09:15:44,,,326.01,654540,58500,4171800,793060,"[{""bid_quantity"":20,""ask_quantity"":100,""bid_orders"":1,""ask_orders"":1,""bid_price"":""267.65"",""ask_price"":""268.60""},{""bid_quantity"":160,""ask_quantity"":260,""bid_orders"":1,""ask_orders"":4,""bid_price"":""267.55"",""ask_price"":""268.80""},{""bid_quantity"":100,""ask_quantity"":100,""bid_orders"":3,""ask_orders"":1,""bid_price"":""267.50"",""ask_price"":""269.00""},{""bid_quantity"":40,""ask_quantity"":20,""bid_orders"":2,""ask_orders"":1,""bid_price"":""267.35"",""ask_price"":""269.25""},{""bid_quantity"":60,""ask_quantity"":40,""bid_orders"":3,""ask_orders"":1,""bid_price"":""267.30"",""ask_price"":""269.40""}]"
09:15:44.651,1790826344651105109,1544087205039416,Full Data,8,886659,281.95,20,09:15:44,,,253.26,1130320,36700,6513960,138720,"[{""bid_quantity"":40,""ask_quantity"":60,""bid_orders"":1,""ask_orders"":2,""bid_price"":""282.05"",""ask_price"":""282.75""},{""bid_quantity"":60,""ask_quantity"":40,""bid_orders"":3,""ask_orders"":1,""bid_price"":""281.65"",""ask_price"":""282.80""},{""bid_quantity"":80,""ask_quantity"":180,""bid_orders"":3,""ask_orders"":4,""bid_price"":""281.50"",""ask_price"":""282.85""},{""bid_quantity"":40,""ask_quantity"":100,""bid_orders"":2,""ask_orders"":3,""bid_price"":""281.45"",""ask_price"":""282.90""},{""bid_quantity"":80,""ask_quantity"":20,""bid_orders"":2,""ask_orders"":1,""bid_price"":""281.35"",""ask_price"":""282.95""}]"
09:15:44.713,1790826344713643902,1544087267578049,Full Data,8,886659,283.85,140,09:15:44,,,253.33,1133040,36920,6512320,138720,"[{""bid_quantity"":60,""ask_quantity"":120,""bid_orders"":2,""ask_orders"":1,""bid_price"":""282.75"",""ask_price"":""283.65""},{""bid_quantity"":60,""ask_quantity"":260,""bid_orders"":3,""ask_orders"":3,""bid_price"":""282.65"",""ask_price"":""283.70""},{""bid_quantity"":160,""ask_quantity"":220,""bid_orders"":2,""ask_orders"":2,""bid_price"":""282.45"",""ask_price"":""283.75""},{""bid_quantity"":100,""ask_quantity"":120,""bid_orders"":2,""ask_orders"":3,""bid_price"":""282.30"",""ask_price"":""283.80""},{""bid_quantity"":20,""ask_quantity"":140,""bid_orders"":1,""ask_orders"":4,""bid_price"":""282.25"",""ask_price"":""283.85""}]"
09:15:44.761,1790826344761242360,1544087315176387,Full Data,8,886671,79.60,20,09:15:44,,,101.06,1074040,59400,3100460,570580,"[{""bid_quantity"":80,""ask_quantity"":60,""bid_orders"":2,""ask_orders"":2,""bid_price"":""79.45"",""ask_price"":""79.80""},{""bid_quantity"":80,""ask_quantity"":120,""bid_orders"":3,""ask_orders"":5,""bid_price"":""79.40"",""ask_price"":""79.85""},{""bid_quantity"":180,""ask_quantity"":80,""bid_orders"":3,""ask_orders"":3,""bid_price"":""79.35"",""ask_price"":""79.95""},{""bid_quantity"":80,""ask_quantity"":60,""bid_orders"":1,""ask_orders"":3,""bid_price"":""79.30"",""ask_price"":""80.05""},{""bid_quantity"":180,""ask_quantity"":160,""bid_orders"":5,""ask_orders"":1,""bid_price"":""79.25"",""ask_price"":""80.15""}]"
09:15:44.762,1790826344762848131,1544087316782038,Full Data,8,886671,79.60,20,09:15:44,,,101.06,1074040,59480,3100600,570580,"[{""bid_quantity"":180,""ask_quantity"":100,""bid_orders"":2,""ask_orders"":4,""bid_price"":""79.60"",""ask_price"":""79.85""},{""bid_quantity"":40,""ask_quantity"":100,""bid_orders"":2,""ask_orders"":4,""bid_price"":""79.55"",""ask_price"":""79.95""},{""bid_quantity"":260,""ask_quantity"":60,""bid_orders"":4,""ask_orders"":3,""bid_price"":""79.50"",""ask_price"":""80.05""},{""bid_quantity"":180,""ask_quantity"":160,""bid_orders"":4,""ask_orders"":1,""bid_price"":""79.45"",""ask_price"":""80.15""},{""bid_quantity"":220,""ask_quantity"":240,""bid_orders"":4,""ask_orders"":3,""bid_price"":""79.40"",""ask_price"":""80.20""}]"
09:15:44.784,1790826344784707188,1544087338641215,Full Data,8,886685,328.25,20,09:15:44,,,390.39,773520,57960,5787420,1793000,"[{""bid_quantity"":160,""ask_quantity"":60,""bid_orders"":1,""ask_orders"":2,""bid_price"":""326.90"",""ask_price"":""328.25""},{""bid_quantity"":80,""ask_quantity"":100,""bid_orders"":2,""ask_orders"":3,""bid_price"":""326.85"",""ask_price"":""328.35""},{""bid_quantity"":160,""ask_quantity"":80,""bid_orders"":3,""ask_orders"":3,""bid_price"":""326.80"",""ask_price"":""328.45""},{""bid_quantity"":80,""ask_quantity"":40,""bid_orders"":2,""ask_orders"":2,""bid_price"":""326.75"",""ask_price"":""328.55""},{""bid_quantity"":120,""ask_quantity"":160,""bid_orders"":2,""ask_orders"":3,""bid_price"":""326.40"",""ask_price"":""328.60""}]"
09:15:44.890,1790826344890727813,1544087444662080,Full Data,8,886589,412.25,40,09:15:44,,,362.09,532880,23620,7115180,194360,"[{""bid_quantity"":180,""ask_quantity"":100,""bid_orders"":6,""ask_orders"":2,""bid_price"":""412.40"",""ask_price"":""414.45""},{""bid_quantity"":20,""ask_quantity"":40,""bid_orders"":1,""ask_orders"":2,""bid_price"":""412.35"",""ask_price"":""414.65""},{""bid_quantity"":40,""ask_quantity"":40,""bid_orders"":2,""ask_orders"":1,""bid_price"":""412.30"",""ask_price"":""415.55""},{""bid_quantity"":420,""ask_quantity"":80,""bid_orders"":5,""ask_orders"":1,""bid_price"":""412.25"",""ask_price"":""415.60""},{""bid_quantity"":60,""ask_quantity"":100,""bid_orders"":1,""ask_orders"":1,""bid_price"":""412.20"",""ask_price"":""415.65""}]"
09:15:44.942,1790826344942553578,1544087496487605,Full Data,8,887253,345.90,20,09:15:44,,,304.12,409880,25480,6100940,55040,"[{""bid_quantity"":20,""ask_quantity"":140,""bid_orders"":1,""ask_orders"":3,""bid_price"":""345.55"",""ask_price"":""347.10""},{""bid_quantity"":140,""ask_quantity"":140,""bid_orders"":3,""ask_orders"":3,""bid_price"":""345.50"",""ask_price"":""347.15""},{""bid_quantity"":100,""ask_quantity"":220,""bid_orders"":2,""ask_orders"":4,""bid_price"":""345.40"",""ask_price"":""347.20""},{""bid_quantity"":100,""ask_quantity"":120,""bid_orders"":2,""ask_orders"":3,""bid_price"":""345.35"",""ask_price"":""347.25""},{""bid_quantity"":240,""ask_quantity"":40,""bid_orders"":3,""ask_orders"":1,""bid_price"":""345.30"",""ask_price"":""347.30""}]"
09:15:44.952,1790826344952812882,1544087506746909,Full Data,8,886589,414.55,20,09:15:44,,,362.19,533960,24680,7114260,194360,"[{""bid_quantity"":40,""ask_quantity"":60,""bid_orders"":2,""ask_orders"":2,""bid_price"":""414.65"",""ask_price"":""417.10""},{""bid_quantity"":80,""ask_quantity"":140,""bid_orders"":2,""ask_orders"":3,""bid_price"":""414.60"",""ask_price"":""417.20""},{""bid_quantity"":40,""ask_quantity"":120,""bid_orders"":2,""ask_orders"":2,""bid_price"":""414.50"",""ask_price"":""417.25""},{""bid_quantity"":180,""ask_quantity"":60,""bid_orders"":4,""ask_orders"":2,""bid_price"":""414.25"",""ask_price"":""417.30""},{""bid_quantity"":100,""ask_quantity"":60,""bid_orders"":2,""ask_orders"":2,""bid_price"":""414.15"",""ask_price"":""417.40""}]"
09:15:45.020,1790826345020931910,1544087574866057,Full Data,8,887253,348.20,40,09:15:45,,,304.17,410320,26240,6100720,55040,"[{""bid_quantity"":40,""ask_quantity"":160,""bid_orders"":1,""ask_orders"":3,""bid_price"":""348.25"",""ask_price"":""349.50""},{""bid_quantity"":40,""ask_quantity"":140,""bid_orders"":2,""ask_orders"":5,""bid_price"":""348.20"",""ask_price"":""349.55""},{""bid_quantity"":60,""ask_quantity"":120,""bid_orders"":2,""ask_orders"":2,""bid_price"":""348.15"",""ask_price"":""349.60""},{""bid_quantity"":60,""ask_quantity"":40,""bid_orders"":2,""ask_orders"":1,""bid_price"":""348.10"",""ask_price"":""349.65""},{""bid_quantity"":20,""ask_quantity"":40,""bid_orders"":1,""ask_orders"":1,""bid_price"":""348.00"",""ask_price"":""349.75""}]"
09:15:45.052,1790826345052360547,1544087606294534,Full Data,8,887216,171.60,20,09:15:45,,,212.60,1710420,93060,4488740,716360,"[{""bid_quantity"":20,""ask_quantity"":60,""bid_orders"":1,""ask_orders"":2,""bid_price"":""171.10"",""ask_price"":""171.65""},{""bid_quantity"":20,""ask_quantity"":100,""bid_orders"":1,""ask_orders"":3,""bid_price"":""171.00"",""ask_price"":""171.80""},{""bid_quantity"":100,""ask_quantity"":160,""bid_orders"":2,""ask_orders"":3,""bid_price"":""170.80"",""ask_price"":""171.85""},{""bid_quantity"":120,""ask_quantity"":100,""bid_orders"":4,""ask_orders"":4,""bid_price"":""170.75"",""ask_price"":""171.95""},{""bid_quantity"":160,""ask_quantity"":140,""bid_orders"":1,""ask_orders"":3,""bid_price"":""170.65"",""ask_price"":""172.05""}]"
09:15:45.093,1790826345093022282,1544087646956189,Full Data,8,887306,228.30,40,09:15:45,,,206.14,1207060,35520,5877320,240500,"[{""bid_quantity"":60,""ask_quantity"":200,""bid_orders"":3,""ask_orders"":1,""bid_price"":""227.55"",""ask_price"":""228.40""},{""bid_quantity"":120,""ask_quantity"":80,""bid_orders"":3,""ask_orders"":3,""bid_price"":""227.50"",""ask_price"":""228.45""},{""bid_quantity"":20,""ask_quantity"":200,""bid_orders"":1,""ask_orders"":2,""bid_price"":""227.35"",""ask_price"":""228.50""},{""bid_quantity"":20,""ask_quantity"":700,""bid_orders"":1,""ask_orders"":8,""bid_price"":""227.05"",""ask_price"":""228.55""},{""bid_quantity"":160,""ask_quantity"":180,""bid_orders"":1,""ask_orders"":3,""bid_price"":""226.45"",""ask_price"":""228.60""}]"
09:15:45.123,1790826345123197791,1544087677131618,Full Data,8,887216,172.35,60,09:15:45,,,212.56,1712280,92740,4489340,716360,"[{""bid_quantity"":60,""ask_quantity"":180,""bid_orders"":2,""ask_orders"":7,""bid_price"":""171.20"",""ask_price"":""171.65""},{""bid_quantity"":40,""ask_quantity"":100,""bid_orders"":2,""ask_orders"":3,""bid_price"":""171.00"",""ask_price"":""171.75""},{""bid_quantity"":80,""ask_quantity"":60,""bid_orders"":2,""ask_orders"":2,""bid_price"":""170.95"",""ask_price"":""171.95""},{""bid_quantity"":20,""ask_quantity"":60,""bid_orders"":1,""ask_orders"":2,""bid_price"":""170.90"",""ask_price"":""172.10""},{""bid_quantity"":160,""ask_quantity"":40,""bid_orders"":2,""ask_orders"":1,""bid_price"":""170.80"",""ask_price"":""172.20""}]"
09:15:45.125,1790826345125375005,1544087679308792,Full Data,8,887306,229.10,120,09:15:45,,,206.17,1208840,33800,5877560,240500,"[{""bid_quantity"":100,""ask_quantity"":60,""bid_orders"":3,""ask_orders"":3,""bid_price"":""229.10"",""ask_price"":""229.70""},{""bid_quantity"":240,""ask_quantity"":80,""bid_orders"":7,""ask_orders"":1,""bid_price"":""229.05"",""ask_price"":""229.80""},{""bid_quantity"":180,""ask_quantity"":20,""bid_orders"":2,""ask_orders"":1,""bid_price"":""229.00"",""ask_price"":""229.85""},{""bid_quantity"":20,""ask_quantity"":100,""bid_orders"":1,""ask_orders"":1,""bid_price"":""228.95"",""ask_price"":""229.95""},{""bid_quantity"":180,""ask_quantity"":120,""bid_orders"":2,""ask_orders"":2,""bid_price"":""228.90"",""ask_price"":""230.00""}]"
09:15:45.173,1790826345173114345,1544087727048492,Full Data,8,887080,181.05,20,09:15:45,,,159.29,1051400,48140,5394160,530840,"[{""bid_quantity"":100,""ask_quantity"":100,""bid_orders"":1,""ask_orders"":5,""bid_price"":""180.80"",""ask_price"":""181.05""},{""bid_quantity"":500,""ask_quantity"":140,""bid_orders"":1,""ask_orders"":3,""bid_price"":""180.75"",""ask_price"":""181.60""},{""bid_quantity"":80,""ask_quantity"":260,""bid_orders"":1,""ask_orders"":3,""bid_price"":""180.70"",""ask_price"":""181.80""},{""bid_quantity"":40,""ask_quantity"":100,""bid_orders"":2,""ask_orders"":1,""bid_price"":""180.65"",""ask_price"":""181.95""},{""bid_quantity"":260,""ask_quantity"":200,""bid_orders"":8,""ask_orders"":1,""bid_price"":""180.60"",""ask_price"":""182.00""}]"
09:15:45.186,1790826345186931191,1544087740865138,Full Data,8,886790,103.75,20,09:15:45,,,132.32,2589860,204640,5558260,2100780,"[{""bid_quantity"":140,""ask_quantity"":20,""bid_orders"":2,""ask_orders"":1,""bid_price"":""103.65"",""ask_price"":""103.95""},{""bid_quantity"":20,""ask_quantity"":60,""bid_orders"":1,""ask_orders"":2,""bid_price"":""103.55"",""ask_price"":""104.05""},{""bid_quantity"":180,""ask_quantity"":160,""bid_orders"":2,""ask_orders"":5,""bid_price"":""103.50"",""ask_price"":""104.15""},{""bid_quantity"":100,""ask_quantity"":280,""bid_orders"":3,""ask_orders"":2,""bid_price"":""103.45"",""ask_price"":""104.25""},{""bid_quantity"":160,""ask_quantity"":140,""bid_orders"":1,""ask_orders"":4,""bid_price"":""103.40"",""ask_price"":""104.30""}]"
09:15:45.214,1790826345214407364,1544087768341351,Full Data,8,886790,104.15,20,09:15:45,,,132.32,2589980,203440,5556860,2100780,"[{""bid_quantity"":160,""ask_quantity"":20,""bid_orders"":4,""ask_orders"":1,""bid_price"":""103.55"",""ask_price"":""103.95""},{""bid_quantity"":100,""ask_quantity"":160,""bid_orders"":3,""ask_orders"":4,""bid_price"":""103.45"",""ask_price"":""104.00""},{""bid_quantity"":160,""ask_quantity"":100,""bid_orders"":1,""ask_orders"":3,""bid_price"":""103.40"",""ask_price"":""104.05""},{""bid_quantity"":220,""ask_quantity"":140,""bid_orders"":3,""ask_orders"":4,""bid_price"":""103.35"",""ask_price"":""104.15""},{""bid_quantity"":80,""ask_quantity"":260,""bid_orders"":2,""ask_orders"":3,""bid_price"":""103.30"",""ask_price"":""104.25""}]"
09:15:45.250,1790826345250893073,1544087804827100,Full Data,8,886620,214.00,20,09:15:45,,,256.38,1254880,99380,4442760,731020,"[{""bid_quantity"":40,""ask_quantity"":40,""bid_orders"":1,""ask_orders"":2,""bid_price"":""213.45"",""ask_price"":""214.05""},{""bid_quantity"":40,""ask_quantity"":160,""bid_orders"":1,""ask_orders"":7,""bid_price"":""213.40"",""ask_price"":""214.10""},{""bid_quantity"":40,""ask_quantity"":60,""bid_orders"":1,""ask_orders"":3,""bid_price"":""213.35"",""ask_price"":""214.15""},{""bid_quantity"":220,""ask_quantity"":100,""bid_orders"":3,""ask_orders"":4,""bid_price"":""213.10"",""ask_price"":""214.20""},{""bid_quantity"":160,""ask_quantity"":300,""bid_orders"":1,""ask_orders"":15,""bid_price"":""213.05"",""ask_price"":""214.25""}]"
09:15:45.254,1790826345254349574,1544087808283441,Full Data,8,886620,214.30,40,09:15:45,,,256.34,1255800,99300,4443240,731020,"[{""bid_quantity"":200,""ask_quantity"":20,""bid_orders"":1,""ask_orders"":1,""bid_price"":""213.45"",""ask_price"":""214.20""},{""bid_quantity"":160,""ask_quantity"":60,""bid_orders"":2,""ask_orders"":2,""bid_price"":""213.40"",""ask_price"":""214.25""},{""bid_quantity"":40,""ask_quantity"":180,""bid_orders"":1,""ask_orders"":3,""bid_price"":""213.35"",""ask_price"":""214.30""},{""bid_quantity"":340,""ask_quantity"":40,""bid_orders"":3,""ask_orders"":2,""bid_price"":""213.30"",""ask_price"":""214.35""},{""bid_quantity"":40,""ask_quantity"":60,""bid_orders"":1,""ask_orders"":3,""bid_price"":""213.25"",""ask_price"":""214.40""}]"
09:15:45.278,1790826345278829808,1544087832763795,Ticker Data,0,51,72320.93,,09:15:45,,,,,,,,
09:15:45.489,1790826345489661771,1544088043595878,Full Data,8,886540,132.25,20,09:15:45,,,169.02,1150740,109760,3840560,632060,"[{""bid_quantity"":80,""ask_quantity"":40,""bid_orders"":3,""ask_orders"":2,""bid_price"":""131.95"",""ask_price"":""132.25""},{""bid_quantity"":20,""ask_quantity"":160,""bid_orders"":1,""ask_orders"":1,""bid_price"":""131.90"",""ask_price"":""132.35""},{""bid_quantity"":80,""ask_quantity"":140,""bid_orders"":3,""ask_orders"":2,""bid_price"":""131.85"",""ask_price"":""132.40""},{""bid_quantity"":40,""ask_quantity"":20,""bid_orders"":2,""ask_orders"":1,""bid_price"":""131.80"",""ask_price"":""132.45""},{""bid_quantity"":40,""ask_quantity"":160,""bid_orders"":2,""ask_orders"":2,""bid_price"":""131.70"",""ask_price"":""132.50""}]"
09:15:45.516,1790826345516563699,1544088070497966,Full Data,8,886540,130.85,20,09:15:45,,,169.01,1151280,108640,3837000,632060,"[{""bid_quantity"":20,""ask_quantity"":120,""bid_orders"":1,""ask_orders"":5,""bid_price"":""130.70"",""ask_price"":""131.20""},{""bid_quantity"":20,""ask_quantity"":320,""bid_orders"":1,""ask_orders"":4,""bid_price"":""130.60"",""ask_price"":""131.30""},{""bid_quantity"":60,""ask_quantity"":220,""bid_orders"":2,""ask_orders"":4,""bid_price"":""130.55"",""ask_price"":""131.35""},{""bid_quantity"":40,""ask_quantity"":200,""bid_orders"":2,""ask_orders"":4,""bid_price"":""130.50"",""ask_price"":""131.40""},{""bid_quantity"":100,""ask_quantity"":20,""bid_orders"":1,""ask_orders"":1,""bid_price"":""130.40"",""ask_price"":""131.45""}]"
09:15:45.561,1790826345561615102,1544088115548969,Full Data,8,886461,143.55,220,09:15:45,,,125.33,1574740,91200,7964920,1682940,"[{""bid_quantity"":100,""ask_quantity"":20,""bid_orders"":2,""ask_orders"":1,""bid_price"":""143.60"",""ask_price"":""143.95""},{""bid_quantity"":320,""ask_quantity"":160,""bid_orders"":4,""ask_orders"":1,""bid_price"":""143.55"",""ask_price"":""144.00""},{""bid_quantity"":140,""ask_quantity"":80,""bid_orders"":4,""ask_orders"":2,""bid_price"":""143.50"",""ask_price"":""144.15""},{""bid_quantity"":80,""ask_quantity"":60,""bid_orders"":4,""ask_orders"":2,""bid_price"":""143.45"",""ask_price"":""144.20""},{""bid_quantity"":80,""ask_quantity"":160,""bid_orders"":3,""ask_orders"":1,""bid_price"":""143.35"",""ask_price"":""144.35""}]"
09:15:45.616,1790826345616645887,1544088170580154,Full Data,8,886961,500.00,20,09:15:45,,,441.34,59040,17720,4287760,36440,"[{""bid_quantity"":40,""ask_quantity"":20,""bid_orders"":2,""ask_orders"":1,""bid_price"":""500.10"",""ask_price"":""502.65""},{""bid_quantity"":40,""ask_quantity"":20,""bid_orders"":2,""ask_orders"":1,""bid_price"":""500.05"",""ask_price"":""502.75""},{""bid_quantity"":60,""ask_quantity"":120,""bid_orders"":3,""ask_orders"":3,""bid_price"":""499.90"",""ask_price"":""503.20""},{""bid_quantity"":100,""ask_quantity"":20,""bid_orders"":5,""ask_orders"":1,""bid_price"":""499.85"",""ask_price"":""503.30""},{""bid_quantity"":40,""ask_quantity"":20,""bid_orders"":2,""ask_orders"":1,""bid_price"":""499.80"",""ask_price"":""503.85""}]"
09:15:45.618,1790826345618605540,1544088172539367,Full Data,8,886461,144.50,20,09:15:45,,,125.36,1577660,94380,7964980,1682940,"[{""bid_quantity"":80,""ask_quantity"":200,""bid_orders"":3,""ask_orders"":2,""bid_price"":""144.45"",""ask_price"":""144.85""},{""bid_quantity"":80,""ask_quantity"":120,""bid_orders"":3,""ask_orders"":3,""bid_price"":""144.40"",""ask_price"":""144.90""},{""bid_quantity"":100,""ask_quantity"":6360,""bid_orders"":3,""ask_orders"":10,""bid_price"":""144.35"",""ask_price"":""145.00""},{""bid_quantity"":260,""ask_quantity"":220,""bid_orders"":5,""ask_orders"":3,""bid_price"":""144.30"",""ask_price"":""145.25""},{""bid_quantity"":80,""ask_quantity"":120,""bid_orders"":2,""ask_orders"":3,""bid_price"":""144.20"",""ask_price"":""145.30""}]"
09:15:45.641,1790826345641339322,1544088195273589,Full Data,8,887279,260.65,20,09:15:45,,,324.61,670140,63760,4170880,793060,"[{""bid_quantity"":220,""ask_quantity"":20,""bid_orders"":4,""ask_orders"":1,""bid_price"":""259.65"",""ask_price"":""260.55""},{""bid_quantity"":180,""ask_quantity"":40,""bid_orders"":4,""ask_orders"":1,""bid_price"":""259.60"",""ask_price"":""260.60""},{""bid_quantity"":20,""ask_quantity"":60,""bid_orders"":1,""ask_orders"":3,""bid_price"":""259.55"",""ask_price"":""260.65""},{""bid_quantity"":180,""ask_quantity"":140,""bid_orders"":2,""ask_orders"":6,""bid_price"":""259.50"",""ask_price"":""260.70""},{""bid_quantity"":40,""ask_quantity"":80,""bid_orders"":2,""ask_orders"":3,""bid_price"":""259.45"",""ask_price"":""260.75""}]"
09:15:45.739,1790826345739960181,1544088293894288,Full Data,8,886659,291.60,100,09:15:45,,,253.91,1152580,38160,6512980,138720,"[{""bid_quantity"":20,""ask_quantity"":160,""bid_orders"":1,""ask_orders"":2,""bid_price"":""291.65"",""ask_price"":""292.60""},{""bid_quantity"":40,""ask_quantity"":380,""bid_orders"":2,""ask_orders"":3,""bid_price"":""291.60"",""ask_price"":""292.65""},{""bid_quantity"":60,""ask_quantity"":80,""bid_orders"":2,""ask_orders"":2,""bid_price"":""291.55"",""ask_price"":""292.70""},{""bid_quantity"":120,""ask_quantity"":20,""bid_orders"":2,""ask_orders"":1,""bid_price"":""291.40"",""ask_price"":""292.75""},{""bid_quantity"":20,""ask_quantity"":80,""bid_orders"":1,""ask_orders"":2,""bid_price"":""291.30"",""ask_price"":""292.80""}]"
09:15:45.764,1790826345764982338,1544088318916285,Full Data,8,886671,76.80,140,09:15:45,,,100.69,1092500,64880,3094760,570580,"[{""bid_quantity"":20,""ask_quantity"":40,""bid_orders"":1,""ask_orders"":2,""bid_price"":""76.65"",""ask_price"":""76.85""},{""bid_quantity"":40,""ask_quantity"":80,""bid_orders"":2,""ask_orders"":2,""bid_price"":""76.55"",""ask_price"":""76.90""},{""bid_quantity"":40,""ask_quantity"":40,""bid_orders"":2,""ask_orders"":1,""bid_price"":""76.45"",""ask_price"":""76.95""},{""bid_quantity"":280,""ask_quantity"":220,""bid_orders"":4,""ask_orders"":3,""bid_price"":""76.40"",""ask_price"":""77.00""},{""bid_quantity"":320,""ask_quantity"":200,""bid_orders"":3,""ask_orders"":6,""bid_price"":""76.30"",""ask_price"":""77.05""}]"
09:15:45.767,1790826345767689515,1544088321623462,Full Data,8,886671,76.80,140,09:15:45,,,100.69,1092500,63400,3095500,570580,"[{""bid_quantity"":40,""ask_quantity"":80,""bid_orders"":2,""ask_orders"":2,""bid_price"":""76.65"",""ask_price"":""76.90""},{""bid_quantity"":60,""ask_quantity"":60,""bid_orders"":3,""ask_orders"":2,""bid_price"":""76.55"",""ask_price"":""76.95""},{""bid_quantity"":60,""ask_quantity"":100,""bid_orders"":3,""ask_orders"":2,""bid_price"":""76.45"",""ask_price"":""77.00""},{""bid_quantity"":280,""ask_quantity"":180,""bid_orders"":4,""ask_orders"":5,""bid_price"":""76.40"",""ask_price"":""77.05""},{""bid_quantity"":480,""ask_quantity"":100,""bid_orders"":4,""ask_orders"":4,""bid_price"":""76.30"",""ask_price"":""77.10""}]"
09:15:45.770,1790826345770091690,1544088324025557,Full Data,8,886685,317.00,80,09:15:45,,,389.62,782620,63880,5864520,1793000,"[{""bid_quantity"":60,""ask_quantity"":40,""bid_orders"":2,""ask_orders"":1,""bid_price"":""317.20"",""ask_price"":""318.05""},{""bid_quantity"":160,""ask_quantity"":20,""bid_orders"":5,""ask_orders"":1,""bid_price"":""317.15"",""ask_price"":""318.10""},{""bid_quantity"":40,""ask_quantity"":60,""bid_orders"":1,""ask_orders"":2,""bid_price"":""317.10"",""ask_price"":""318.15""},{""bid_quantity"":20,""ask_quantity"":80,""bid_orders"":1,""ask_orders"":2,""bid_price"":""317.05"",""ask_price"":""318.20""},{""bid_quantity"":20,""ask_quantity"":100,""bid_orders"":1,""ask_orders"":3,""bid_price"":""317.00"",""ask_price"":""318.35""}]"
09:15:45.810,1790826345810708065,1544088364642172,Full Data,8,886659,292.65,20,09:15:45,,,253.96,1154240,35220,6511660,138720,"[{""bid_quantity"":140,""ask_quantity"":60,""bid_orders"":3,""ask_orders"":1,""bid_price"":""291.80"",""ask_price"":""292.15""},{""bid_quantity"":160,""ask_quantity"":20,""bid_orders"":4,""ask_orders"":1,""bid_price"":""291.75"",""ask_price"":""292.55""},{""bid_quantity"":120,""ask_quantity"":220,""bid_orders"":2,""ask_orders"":1,""bid_price"":""291.60"",""ask_price"":""292.85""},{""bid_quantity"":60,""ask_quantity"":140,""bid_orders"":3,""ask_orders"":6,""bid_price"":""291.50"",""ask_price"":""292.90""},{""bid_quantity"":240,""ask_quantity"":80,""bid_orders"":3,""ask_orders"":1,""bid_price"":""291.40"",""ask_price"":""293.15""}]"
09:15:45.958,1790826345958149830,1544088512084137,Full Data,8,886589,430.75,40,09:15:45,,,363.08,541760,24200,7114460,194360,"[{""bid_quantity"":40,""ask_quantity"":80,""bid_orders"":2,""ask_orders"":2,""bid_price"":""427.60"",""ask_price"":""429.55""},{""bid_quantity"":40,""ask_quantity"":140,""bid_orders"":2,""ask_orders"":3,""bid_price"":""427.55"",""ask_price"":""429.60""},{""bid_quantity"":40,""ask_quantity"":200,""bid_orders"":2,""ask_orders"":2,""bid_price"":""427.50"",""ask_price"":""429.65""},{""bid_quantity"":80,""ask_quantity"":80,""bid_orders"":3,""ask_orders"":3,""bid_price"":""426.75"",""ask_price"":""429.70""},{""bid_quantity"":120,""ask_quantity"":60,""bid_orders"":2,""ask_orders"":2,""bid_price"":""426.60"",""ask_price"":""429.75""}]"
09:15:46.018,1790826346018496049,1544088572430396,Full Data,8,886589,429.10,20,09:15:46,,,363.36,544160,26420,7117920,194360,"[{""bid_quantity"":120,""ask_quantity"":60,""bid_orders"":2,""ask_orders"":3,""bid_price"":""425.85"",""ask_price"":""428.10""},{""bid_quantity"":480,""ask_quantity"":80,""bid_orders"":5,""ask_orders"":4,""bid_price"":""425.80"",""ask_price"":""428.15""},{""bid_quantity"":200,""ask_quantity"":420,""bid_orders"":3,""ask_orders"":3,""bid_price"":""425.75"",""ask_price"":""429.05""},{""bid_quantity"":320,""ask_quantity"":300,""bid_orders"":6,""ask_orders"":1,""bid_price"":""425.70"",""ask_price"":""429.10""},{""bid_quantity"":20,""ask_quantity"":80,""bid_orders"":1,""ask_orders"":1,""bid_price"":""425.60"",""ask_price"":""429.15""}]"
09:15:46.059,1790826346059453426,1544088613387973,Full Data,8,887253,356.75,20,09:15:46,,,304.81,415720,22080,6128900,55040,"[{""bid_quantity"":120,""ask_quantity"":40,""bid_orders"":1,""ask_orders"":2,""bid_price"":""356.15"",""ask_price"":""356.90""},{""bid_quantity"":20,""ask_quantity"":200,""bid_orders"":1,""ask_orders"":1,""bid_price"":""356.05"",""ask_price"":""356.95""},{""bid_quantity"":40,""ask_quantity"":20,""bid_orders"":2,""ask_orders"":1,""bid_price"":""355.80"",""ask_price"":""357.05""},{""bid_quantity"":100,""ask_quantity"":100,""bid_orders"":2,""ask_orders"":1,""bid_price"":""355.70"",""ask_price"":""358.50""},{""bid_quantity"":40,""ask_quantity"":40,""bid_orders"":2,""ask_orders"":1,""bid_price"":""355.65"",""ask_price"":""358.60""}]"
09:15:46.108,1790826346108812895,1544088662747002,Full Data,8,887216,168.40,20,09:15:46,,,211.41,1756880,96160,4475540,716360,"[{""bid_quantity"":320,""ask_quantity"":60,""bid_orders"":1,""ask_orders"":2,""bid_price"":""168.50"",""ask_price"":""168.95""},{""bid_quantity"":100,""ask_quantity"":360,""bid_orders"":3,""ask_orders"":6,""bid_price"":""168.45"",""ask_price"":""169.00""},{""bid_quantity"":60,""ask_quantity"":80,""bid_orders"":2,""ask_orders"":2,""bid_price"":""168.40"",""ask_price"":""169.05""},{""bid_quantity"":320,""ask_quantity"":100,""bid_orders"":1,""ask_orders"":3,""bid_price"":""168.30"",""ask_price"":""169.10""},{""bid_quantity"":40,""ask_quantity"":160,""bid_orders"":1,""ask_orders"":3,""bid_price"":""168.25"",""ask_price"":""169.15""}]"
09:15:46.158,1790826346158051644,1544088711986031,Full Data,8,887306,231.80,20,09:15:46,,,206.81,1239360,34820,5876860,240500,"[{""bid_quantity"":60,""ask_quantity"":160,""bid_orders"":3,""ask_orders"":2,""bid_price"":""231.25"",""ask_price"":""231.80""},{""bid_quantity"":20,""ask_quantity"":40,""bid_orders"":1,""ask_orders"":1,""bid_price"":""231.10"",""ask_price"":""231.90""},{""bid_quantity"":60,""ask_quantity"":20,""bid_orders"":3,""ask_orders"":1,""bid_price"":""231.05"",""ask_price"":""232.15""},{""bid_quantity"":40,""ask_quantity"":20,""bid_orders"":2,""ask_orders"":1,""bid_price"":""230.95"",""ask_price"":""233.10""},{""bid_quantity"":60,""ask_quantity"":60,""bid_orders"":3,""ask_orders"":2,""bid_price"":""230.90"",""ask_price"":""233.55""}]"
09:15:46.170,1790826346170512282,1544088724446189,Full Data,8,887253,353.25,20,09:15:46,,,304.86,416120,24040,6128020,55040,"[{""bid_quantity"":20,""ask_quantity"":80,""bid_orders"":1,""ask_orders"":3,""bid_price"":""352.80"",""ask_price"":""354.05""},{""bid_quantity"":40,""ask_quantity"":60,""bid_orders"":2,""ask_orders"":2,""bid_price"":""351.55"",""ask_price"":""354.10""},{""bid_quantity"":40,""ask_quantity"":40,""bid_orders"":1,""ask_orders"":1,""bid_price"":""351.20"",""ask_price"":""354.15""},{""bid_quantity"":40,""ask_quantity"":380,""bid_orders"":1,""ask_orders"":3,""bid_price"":""351.10"",""ask_price"":""354.20""},{""bid_quantity"":80,""ask_quantity"":460,""bid_orders"":3,""ask_orders"":3,""bid_price"":""350.95"",""ask_price"":""354.25""}]"
09:15:46.196,1790826346196387245,1544088750321152,Full Data,8,886790,102.40,20,09:15:46,,,131.37,2671560,209420,5507600,2100780,"[{""bid_quantity"":180,""ask_quantity"":40,""bid_orders"":5,""ask_orders"":1,""bid_price"":""102.05"",""ask_price"":""102.35""},{""bid_quantity"":220,""ask_quantity"":40,""bid_orders"":3,""ask_orders"":1,""bid_price"":""102.00"",""ask_price"":""102.45""},{""bid_quantity"":60,""ask_quantity"":240,""bid_orders"":2,""ask_orders"":3,""bid_price"":""101.95"",""ask_price"":""102.55""},{""bid_quantity"":40,""ask_quantity"":280,""bid_orders"":1,""ask_orders"":4,""bid_price"":""101.85"",""ask_price"":""102.60""},{""bid_quantity"":160,""ask_quantity"":40,""bid_orders"":1,""ask_orders"":2,""bid_price"":""101.80"",""ask_price"":""102.65""}]"
09:15:46.219,1790826346219655751,1544088773589778,Full Data,8,886790,102.40,20,09:15:46,,,131.37,2671560,209060,5507600,2100780,"[{""bid_quantity"":260,""ask_quantity"":40,""bid_orders"":3,""ask_orders"":1,""bid_price"":""102.10"",""ask_price"":""102.35""},{""bid_quantity"":280,""ask_quantity"":60,""bid_orders"":4,""ask_orders"":2,""bid_price"":""102.05"",""ask_price"":""102.45""},{""bid_quantity"":40,""ask_quantity"":100,""bid_orders"":1,""ask_orders"":2,""bid_price"":""102.00"",""ask_price"":""102.55""},{""bid_quantity"":20,""ask_quantity"":80,""bid_orders"":1,""ask_orders"":2,""bid_price"":""101.95"",""ask_price"":""102.60""},{""bid_quantity"":220,""ask_quantity"":40,""bid_orders"":2,""ask_orders"":2,""bid_price"":""101.90"",""ask_price"":""102.65""}]"
09:15:46.252,1790826346252430316,1544088806364503,Full Data,8,887216,167.80,20,09:15:46,,,211.34,1759380,92880,4472960,716360,"[{""bid_quantity"":100,""ask_quantity"":60,""bid_orders"":3,""ask_orders"":2,""bid_price"":""167.80"",""ask_price"":""168.30""},{""bid_quantity"":20,""ask_quantity"":180,""bid_orders"":1,""ask_orders"":5,""bid_price"":""167.75"",""ask_price"":""168.35""},{""bid_quantity"":440,""ask_quantity"":60,""bid_orders"":5,""ask_orders"":2,""bid_price"":""167.70"",""ask_price"":""168.40""},{""bid_quantity"":20,""ask_quantity"":80,""bid_orders"":1,""ask_orders"":2,""bid_price"":""167.65"",""ask_price"":""168.65""},{""bid_quantity"":100,""ask_quantity"":380,""bid_orders"":3,""ask_orders"":3,""bid_price"":""167.60"",""ask_price"":""168.70""}]"
09:15:46.259,1790826346259649282,1544088813583189,Full Data,8,887306,231.00,20,09:15:46,,,206.85,1241080,36960,5877400,240500,"[{""bid_quantity"":40,""ask_quantity"":60,""bid_orders"":2,""ask_orders"":1,""bid_price"":""231.00"",""ask_price"":""231.50""},{""bid_quantity"":40,""ask_quantity"":40,""bid_orders"":2,""ask_orders"":1,""bid_price"":""230.75"",""ask_price"":""231.70""},{""bid_quantity"":120,""ask_quantity"":80,""bid_orders"":2,""ask_orders"":2,""bid_price"":""230.70"",""ask_price"":""231.85""},{""bid_quantity"":60,""ask_quantity"":40,""bid_orders"":2,""ask_orders"":2,""bid_price"":""230.65"",""ask_price"":""232.00""},{""bid_quantity"":240,""ask_quantity"":40,""bid_orders"":5,""ask_orders"":2,""bid_price"":""230.60"",""ask_price"":""232.05""}]"
09:15:46.291,1790826346291465641,1544088845400028,Full Data,8,886620,209.95,60,09:15:46,,,255.23,1286680,97180,4433720,731020,"[{""bid_quantity"":40,""ask_quantity"":20,""bid_orders"":2,""ask_orders"":1,""bid_price"":""209.50"",""ask_price"":""209.95""},{""bid_quantity"":540,""ask_quantity"":60,""bid_orders"":3,""ask_orders"":2,""bid_price"":""209.25"",""ask_price"":""210.05""},{""bid_quantity"":100,""ask_quantity"":20,""bid_orders"":2,""ask_orders"":1,""bid_price"":""209.15"",""ask_price"":""210.20""},{""bid_quantity"":40,""ask_quantity"":80,""bid_orders"":1,""ask_orders"":2,""bid_price"":""209.10"",""ask_price"":""210.35""},{""bid_quantity"":160,""ask_quantity"":60,""bid_orders"":1,""ask_orders"":1,""bid_price"":""209.05"",""ask_price"":""210.50""}]"
09:15:46.304,1790826346304050160,1544088857984347,Ticker Data,0,51,72337.34,,09:15:46,,,,,,,,
09:15:46.342,1790826346342861164,1544088896795151,Full Data,8,886620,210.20,20,09:15:46,,,255.22,1286960,97020,4435000,731020,"[{""bid_quantity"":1060,""ask_quantity"":100,""bid_orders"":8,""ask_orders"":3,""bid_price"":""209.40"",""ask_price"":""210.35""},{""bid_quantity"":120,""ask_quantity"":60,""bid_orders"":3,""ask_orders"":1,""bid_price"":""209.35"",""ask_price"":""210.40""},{""bid_quantity"":360,""ask_quantity"":100,""bid_orders"":7,""ask_orders"":1,""bid_price"":""209.30"",""ask_price"":""210.45""},{""bid_quantity"":400,""ask_quantity"":60,""bid_orders"":5,""ask_orders"":1,""bid_price"":""209.25"",""ask_price"":""210.50""},{""bid_quantity"":180,""ask_quantity"":140,""bid_orders"":2,""ask_orders"":3,""bid_price"":""209.20"",""ask_price"":""210.60""}]"
09:15:46.350,1790826346350226610,1544088904160557,Full Data,8,887080,182.85,20,09:15:46,,,159.98,1081300,46440,5394800,530840,"[{""bid_quantity"":20,""ask_quantity"":60,""bid_orders"":1,""ask_orders"":1,""bid_price"":""183.05"",""ask_price"":""183.40""},{""bid_quantity"":100,""ask_quantity"":120,""bid_orders"":4,""ask_orders"":1,""bid_price"":""182.90"",""ask_price"":""183.45""},{""bid_quantity"":120,""ask_quantity"":20,""bid_orders"":2,""ask_orders"":1,""bid_price"":""182.40"",""ask_price"":""183.50""},{""bid_quantity"":160,""ask_quantity"":60,""bid_orders"":1,""ask_orders"":1,""bid_price"":""182.30"",""ask_price"":""183.55""},{""bid_quantity"":100,""ask_quantity"":60,""bid_orders"":1,""ask_orders"":1,""bid_price"":""182.25"",""ask_price"":""183.60""}]"
09:15:46.379,1790826346379360673,1544088933294540,Full Data,8,887080,183.85,20,09:15:46,,,160.02,1083140,48480,5394800,530840,"[{""bid_quantity"":40,""ask_quantity"":40,""bid_orders"":1,""ask_orders"":1,""bid_price"":""183.90"",""ask_price"":""184.50""},{""bid_quantity"":40,""ask_quantity"":280,""bid_orders"":2,""ask_orders"":5,""bid_price"":""183.85"",""ask_price"":""184.55""},{""bid_quantity"":80,""ask_quantity"":40,""bid_orders"":3,""ask_orders"":2,""bid_price"":""183.80"",""ask_price"":""184.65""},{""bid_quantity"":180,""ask_quantity"":20,""bid_orders"":2,""ask_orders"":1,""bid_price"":""183.75"",""ask_price"":""184.70""},{""bid_quantity"":40,""ask_quantity"":160,""bid_orders"":1,""ask_orders"":4,""bid_price"":""183.60"",""ask_price"":""184.80""}]"
09:15:46.555,1790826346555221496,1544089109155883,Full Data,8,886540,134.95,40,09:15:46,,,167.99,1182660,105400,3831540,632060,"[{""bid_quantity"":60,""ask_quantity"":20,""bid_orders"":3,""ask_orders"":1,""bid_price"":""134.75"",""ask_price"":""135.00""},{""bid_quantity"":160,""ask_quantity"":80,""bid_orders"":4,""ask_orders"":3,""bid_price"":""134.70"",""ask_price"":""135.25""},{""bid_quantity"":60,""ask_quantity"":60,""bid_orders"":3,""ask_orders"":3,""bid_price"":""134.65"",""ask_price"":""135.30""},{""bid_quantity"":140,""ask_quantity"":20,""bid_orders"":3,""ask_orders"":1,""bid_price"":""134.60"",""ask_price"":""135.45""},{""bid_quantity"":340,""ask_quantity"":120,""bid_orders"":4,""ask_orders"":4,""bid_price"":""134.50"",""ask_price"":""135.60""}]"
09:15:46.579,1790826346579700850,1544089133634837,Full Data,8,886540,135.90,20,09:15:46,,,167.93,1184880,104900,3829660,632060,"[{""bid_quantity"":20,""ask_quantity"":140,""bid_orders"":1,""ask_orders"":5,""bid_price"":""136.00"",""ask_price"":""136.40""},{""bid_quantity"":40,""ask_quantity"":80,""bid_orders"":1,""ask_orders"":3,""bid_price"":""135.95"",""ask_price"":""136.50""},{""bid_quantity"":120,""ask_quantity"":60,""bid_orders"":1,""ask_orders"":3,""bid_price"":""135.90"",""ask_price"":""136.90""},{""bid_quantity"":120,""ask_quantity"":100,""bid_orders"":2,""ask_orders"":1,""bid_price"":""135.85"",""ask_price"":""137.00""},{""bid_quantity"":140,""ask_quantity"":40,""bid_orders"":2,""ask_orders"":1,""bid_price"":""135.80"",""ask_price"":""137.15""}]"
09:15:46.609,1790826346609899959,1544089163834386,Full Data,8,886961,487.65,140,09:15:46,,,441.85,59580,17600,4286580,36440,"[{""bid_quantity"":120,""ask_quantity"":60,""bid_orders"":4,""ask_orders"":3,""bid_price"":""489.15"",""ask_price"":""491.55""},{""bid_quantity"":60,""ask_quantity"":120,""bid_orders"":3,""ask_orders"":3,""bid_price"":""489.10"",""ask_price"":""491.85""},{""bid_quantity"":120,""ask_quantity"":120,""bid_orders"":3,""ask_orders"":3,""bid_price"":""488.80"",""ask_price"":""492.30""},{""bid_quantity"":60,""ask_quantity"":40,""bid_orders"":3,""ask_orders"":1,""bid_price"":""488.55"",""ask_price"":""492.35""},{""bid_quantity"":40,""ask_quantity"":100,""bid_orders"":2,""ask_orders"":2,""bid_price"":""488.40"",""ask_price"":""492.40""}]"
09:15:46.654,1790826346654933202,1544089208867149,Full Data,8,886461,139.65,20,09:15:46,,,125.69,1606760,87860,7956540,1682940,"[{""bid_quantity"":60,""ask_quantity"":100,""bid_orders"":2,""ask_orders"":2,""bid_price"":""139.20"",""ask_price"":""139.65""},{""bid_quantity"":60,""ask_quantity"":200,""bid_orders"":2,""ask_orders"":1,""bid_price"":""139.15"",""ask_price"":""139.70""},{""bid_quantity"":240,""ask_quantity"":120,""bid_orders"":5,""ask_orders"":1,""bid_price"":""139.05"",""ask_price"":""139.80""},{""bid_quantity"":60,""ask_quantity"":540,""bid_orders"":2,""ask_orders"":7,""bid_price"":""138.95"",""ask_price"":""140.00""},{""bid_quantity"":160,""ask_quantity"":280,""bid_orders"":1,""ask_orders"":4,""bid_price"":""138.90"",""ask_price"":""140.05""}]"
09:15:46.662,1790826346662011006,1544089215945033,Full Data,8,887279,268.50,60,09:15:46,,,323.38,683460,56440,4168180,793060,"[{""bid_quantity"":60,""ask_quantity"":40,""bid_orders"":1,""ask_orders"":2,""bid_price"":""267.90"",""ask_price"":""268.50""},{""bid_quantity"":200,""ask_quantity"":60,""bid_orders"":4,""ask_orders"":2,""bid_price"":""267.35"",""ask_price"":""268.60""},{""bid_quantity"":60,""ask_quantity"":40,""bid_orders"":3,""ask_orders"":2,""bid_price"":""267.20"",""ask_price"":""268.85""},{""bid_quantity"":220,""ask_quantity"":60,""bid_orders"":4,""ask_orders"":1,""bid_price"":""267.15"",""ask_price"":""269.00""},{""bid_quantity"":40,""ask_quantity"":640,""bid_orders"":1,""ask_orders"":1,""bid_price"":""267.10"",""ask_price"":""269.05""}]"
09:15:46.688,1790826346688224091,1544089242158318,Full Data,8,886461,138.85,40,09:15:46,,,125.71,1609000,90580,7958080,1682940,"[{""bid_quantity"":80,""ask_quantity"":140,""bid_orders"":3,""ask_orders"":2,""bid_price"":""138.75"",""ask_price"":""139.30""},{""bid_quantity"":80,""ask_quantity"":80,""bid_orders"":3,""ask_orders"":2,""bid_price"":""138.70"",""ask_price"":""139.35""},{""bid_quantity"":140,""ask_quantity"":240,""bid_orders"":4,""ask_orders"":3,""bid_price"":""138.65"",""ask_price"":""139.40""},{""bid_quantity"":60,""ask_quantity"":140,""bid_orders"":1,""ask_orders"":4,""bid_price"":""138.40"",""ask_price"":""139.45""},{""bid_quantity"":60,""ask_quantity"":200,""bid_orders"":1,""ask_orders"":5,""bid_price"":""138.35"",""ask_price"":""139.50""}]"
09:15:46.762,1790826346762991280,1544089316925307,Full Data,8,886671,80.10,60,09:15:46,,,100.28,1113440,59520,3099260,570580,"[{""bid_quantity"":40,""ask_quantity"":60,""bid_orders"":1,""ask_orders"":1,""bid_price"":""80.10"",""ask_price"":""80.40""},{""bid_quantity"":120,""ask_quantity"":100,""bid_orders"":3,""ask_orders"":2,""bid_price"":""80.00"",""ask_price"":""80.45""},{""bid_quantity"":120,""ask_quantity"":240,""bid_orders"":3,""ask_orders"":3,""bid_price"":""79.90"",""ask_price"":""80.50""},{""bid_quantity"":360,""ask_quantity"":20,""bid_orders"":3,""ask_orders"":1,""bid_price"":""79.85"",""ask_price"":""80.55""},{""bid_quantity"":60,""ask_quantity"":240,""bid_orders"":1,""ask_orders"":3,""bid_price"":""79.75"",""ask_price"":""80.60""}]"
09:15:46.773,1790826346773341025,1544089327275132,Full Data,8,886671,80.10,60,09:15:46,,,100.28,1113440,64140,3100180,570580,"[{""bid_quantity"":300,""ask_quantity"":60,""bid_orders"":8,""ask_orders"":1,""bid_price"":""80.20"",""ask_price"":""80.50""},{""bid_quantity"":120,""ask_quantity"":20,""bid_orders"":4,""ask_orders"":1,""bid_price"":""80.15"",""ask_price"":""80.55""},{""bid_quantity"":580,""ask_quantity"":80,""bid_orders"":4,""ask_orders"":2,""bid_price"":""80.10"",""ask_price"":""80.60""},{""bid_quantity"":520,""ask_quantity"":40,""bid_orders"":4,""ask_orders"":2,""bid_price"":""79.85"",""ask_price"":""80.65""},{""bid_quantity"":120,""ask_quantity"":120,""bid_orders"":3,""ask_orders"":3,""bid_price"":""79.80"",""ask_price"":""80.70""}]"
09:15:46.834,1790826346834825331,1544089388759558,Full Data,8,886659,280.35,100,09:15:46,,,254.46,1172220,34080,6509760,138720,"[{""bid_quantity"":80,""ask_quantity"":300,""bid_orders"":1,""ask_orders"":3,""bid_price"":""280.10"",""ask_price"":""281.20""},{""bid_quantity"":20,""ask_quantity"":200,""bid_orders"":1,""ask_orders"":3,""bid_price"":""280.05"",""ask_price"":""281.25""},{""bid_quantity"":240,""ask_quantity"":120,""bid_orders"":3,""ask_orders"":4,""bid_price"":""280.00"",""ask_price"":""281.30""},{""bid_quantity"":120,""ask_quantity"":80,""bid_orders"":2,""ask_orders"":2,""bid_price"":""279.95"",""ask_price"":""281.40""},{""bid_quantity"":20,""ask_quantity"":40,""bid_orders"":1,""ask_orders"":1,""bid_price"":""279.90"",""ask_price"":""281.55""}]"
09:15:47.024,1790826347024365960,1544089578300187,Full Data,8,886589,406.65,20,09:15:47,,,363.98,550200,25380,7113120,194360,"[{""bid_quantity"":500,""ask_quantity"":120,""bid_orders"":2,""ask_orders"":2,""bid_price"":""405.60"",""ask_price"":""406.95""},{""bid_quantity"":20,""ask_quantity"":820,""bid_orders"":1,""ask_orders"":7,""bid_price"":""405.25"",""ask_price"":""407.00""},{""bid_quantity"":40,""ask_quantity"":120,""bid_orders"":2,""ask_orders"":2,""bid_price"":""404.40"",""ask_price"":""407.50""},{""bid_quantity"":20,""ask_quantity"":60,""bid_orders"":1,""ask_orders"":2,""bid_price"":""403.25"",""ask_price"":""407.55""},{""bid_quantity"":160,""ask_quantity"":80,""bid_orders"":3,""ask_orders"":1,""bid_price"":""403.20"",""ask_price"":""407.70""}]"
09:15:47.086,1790826347086035987,1544089639970054,Full Data,8,886589,405.35,20,09:15:47,,,364.08,551420,24600,7114380,194360,"[{""bid_quantity"":80,""ask_quantity"":100,""bid_orders"":2,""ask_orders"":2,""bid_price"":""405.45"",""ask_price"":""407.05""},{""bid_quantity"":80,""ask_quantity"":140,""bid_orders"":4,""ask_orders"":2,""bid_price"":""405.40"",""ask_price"":""407.25""},{""bid_quantity"":100,""ask_quantity"":100,""bid_orders"":5,""ask_orders"":1,""bid_price"":""405.35"",""ask_price"":""407.75""},{""bid_quantity"":80,""ask_quantity"":40,""bid_orders"":3,""ask_orders"":1,""bid_price"":""405.30"",""ask_price"":""408.00""},{""bid_quantity"":40,""ask_quantity"":80,""bid_orders"":2,""ask_orders"":1,""bid_price"":""405.25"",""ask_price"":""408.05""}]"
09:15:47.137,1790826347137641991,1544089691576138,Full Data,8,887253,338.35,20,09:15:47,,,305.62,424200,23240,6138960,55040,"[{""bid_quantity"":100,""ask_quantity"":180,""bid_orders"":3,""ask_orders"":3,""bid_price"":""337.15"",""ask_price"":""338.40""},{""bid_quantity"":20,""ask_quantity"":40,""bid_orders"":1,""ask_orders"":1,""bid_price"":""337.10"",""ask_price"":""338.65""},{""bid_quantity"":20,""ask_quantity"":100,""bid_orders"":1,""ask_orders"":2,""bid_price"":""337.05"",""ask_price"":""339.00""},{""bid_quantity"":100,""ask_quantity"":20,""bid_orders"":2,""ask_orders"":1,""bid_price"":""337.00"",""ask_price"":""339.05""},{""bid_quantity"":60,""ask_quantity"":420,""bid_orders"":2,""ask_orders"":2,""bid_price"":""336.95"",""ask_price"":""339.15""}]"
09:15:47.154,1790826347154764978,1544089708698965,Full Data,8,886790,107.95,40,09:15:47,,,130.90,2720760,207400,5520640,2100780,"[{""bid_quantity"":140,""ask_quantity"":60,""bid_orders"":2,""ask_orders"":1,""bid_price"":""107.60"",""ask_price"":""108.15""},{""bid_quantity"":80,""ask_quantity"":160,""bid_orders"":2,""ask_orders"":1,""bid_price"":""107.55"",""ask_price"":""108.20""},{""bid_quantity"":200,""ask_quantity"":60,""bid_orders"":2,""ask_orders"":1,""bid_price"":""107.50"",""ask_price"":""108.35""},{""bid_quantity"":80,""ask_quantity"":60,""bid_orders"":2,""ask_orders"":1,""bid_price"":""107.45"",""ask_price"":""108.40""},{""bid_quantity"":160,""ask_quantity"":100,""bid_orders"":1,""ask_orders"":2,""bid_price"":""107.40"",""ask_price"":""108.45""}]"
09:15:47.235,1790826347235984048,1544089789918155,Full Data,8,886790,107.95,40,09:15:47,,,130.90,2720760,204360,5517560,2100780,"[{""bid_quantity"":320,""ask_quantity"":200,""bid_orders"":5,""ask_orders"":2,""bid_price"":""107.80"",""ask_price"":""108.20""},{""bid_quantity"":520,""ask_quantity"":60,""bid_orders"":4,""ask_orders"":1,""bid_price"":""107.75"",""ask_price"":""108.35""},{""bid_quantity"":180,""ask_quantity"":60,""bid_orders"":3,""ask_orders"":1,""bid_price"":""107.70"",""ask_price"":""108.40""},{""bid_quantity"":80,""ask_quantity"":60,""bid_orders"":2,""ask_orders"":1,""bid_price"":""107.65"",""ask_price"":""108.45""},{""bid_quantity"":20,""ask_quantity"":40,""bid_orders"":1,""ask_orders"":1,""bid_price"":""107.60"",""ask_price"":""108.50""}]"
09:15:47.238,1790826347238142701,1544089792076488,Full Data,8,887216,176.50,20,09:15:47,,,210.82,1784200,89080,4476840,716360,"[{""bid_quantity"":40,""ask_quantity"":120,""bid_orders"":1,""ask_orders"":3,""bid_price"":""176.95"",""ask_price"":""177.70""},{""bid_quantity"":40,""ask_quantity"":80,""bid_orders"":1,""ask_orders"":1,""bid_price"":""176.90"",""ask_price"":""178.20""},{""bid_quantity"":300,""ask_quantity"":20,""bid_orders"":5,""ask_orders"":1,""bid_price"":""176.85"",""ask_price"":""178.25""},{""bid_quantity"":220,""ask_quantity"":20,""bid_orders"":6,""ask_orders"":1,""bid_price"":""176.80"",""ask_price"":""178.40""},{""bid_quantity"":200,""ask_quantity"":320,""bid_orders"":4,""ask_orders"":1,""bid_price"":""176.75"",""ask_price"":""178.50""}]"
09:15:47.239,1790826347239059267,1544089792993054,Full Data,8,887306,219.35,20,09:15:47,,,207.29,1270640,46140,5911420,240500,"[{""bid_quantity"":100,""ask_quantity"":140,""bid_orders"":1,""ask_orders"":4,""bid_price"":""217.80"",""ask_price"":""219.25""},{""bid_quantity"":160,""ask_quantity"":40,""bid_orders"":1,""ask_orders"":1,""bid_price"":""217.75"",""ask_price"":""219.30""},{""bid_quantity"":360,""ask_quantity"":160,""bid_orders"":2,""ask_orders"":4,""bid_price"":""217.70"",""ask_price"":""219.35""},{""bid_quantity"":100,""ask_quantity"":300,""bid_orders"":1,""ask_orders"":5,""bid_price"":""217.10"",""ask_price"":""219.40""},{""bid_quantity"":60,""ask_quantity"":200,""bid_orders"":1,""ask_orders"":4,""bid_price"":""216.85"",""ask_price"":""219.45""}]"
09:15:47.290,1790826347290620910,1544089844554857,Full Data,8,886620,222.20,100,09:15:47,,,253.78,1338980,70560,4436580,731020,"[{""bid_quantity"":20,""ask_quantity"":40,""bid_orders"":1,""ask_orders"":2,""bid_price"":""222.20"",""ask_price"":""222.90""},{""bid_quantity"":40,""ask_quantity"":40,""bid_orders"":1,""ask_orders"":2,""bid_price"":""222.15"",""ask_price"":""223.20""},{""bid_quantity"":80,""ask_quantity"":20,""bid_orders"":2,""ask_orders"":1,""bid_price"":""222.10"",""ask_price"":""223.25""},{""bid_quantity"":40,""ask_quantity"":40,""bid_orders"":1,""ask_orders"":1,""bid_price"":""222.05"",""ask_price"":""223.30""},{""bid_quantity"":220,""ask_quantity"":20,""bid_orders"":4,""ask_orders"":1,""bid_price"":""221.95"",""ask_price"":""223.65""}]"
09:15:47.297,1790826347297441753,1544089851375660,Ticker Data,0,51,72322.47,,09:15:47,,,,,,,,
09:15:47.329,1790826347329970117,1544089883904184,Full Data,8,887306,216.75,20,09:15:47,,,207.30,1271840,43120,5911540,240500,"[{""bid_quantity"":120,""ask_quantity"":80,""bid_orders"":1,""ask_orders"":3,""bid_price"":""217.00"",""ask_price"":""217.45""},{""bid_quantity"":60,""ask_quantity"":80,""bid_orders"":2,""ask_orders"":1,""bid_price"":""216.95"",""ask_price"":""217.90""},{""bid_quantity"":220,""ask_quantity"":40,""bid_orders"":3,""ask_orders"":1,""bid_price"":""216.90"",""ask_price"":""218.10""},{""bid_quantity"":60,""ask_quantity"":120,""bid_orders"":2,""ask_orders"":2,""bid_price"":""216.85"",""ask_price"":""218.30""},{""bid_quantity"":100,""ask_quantity"":80,""bid_orders"":3,""ask_orders"":1,""bid_price"":""216.80"",""ask_price"":""218.45""}]"
09:15:47.340,1790826347340039581,1544089893973528,Full Data,8,887253,335.60,20,09:15:47,,,305.67,424800,22600,6137040,55040,"[{""bid_quantity"":200,""ask_quantity"":20,""bid_orders"":1,""ask_orders"":1,""bid_price"":""334.15"",""ask_price"":""335.70""},{""bid_quantity"":220,""ask_quantity"":40,""bid_orders"":5,""ask_orders"":2,""bid_price"":""334.10"",""ask_price"":""335.85""},{""bid_quantity"":80,""ask_quantity"":80,""bid_orders"":3,""ask_orders"":1,""bid_price"":""334.05"",""ask_price"":""336.00""},{""bid_quantity"":300,""ask_quantity"":40,""bid_orders"":5,""ask_orders"":2,""bid_price"":""334.00"",""ask_price"":""336.15""},{""bid_quantity"":200,""ask_quantity"":80,""bid_orders"":3,""ask_orders"":1,""bid_price"":""333.95"",""ask_price"":""336.65""}]"
09:15:47.376,1790826347376607570,1544089930541517,Full Data,8,887216,177.50,20,09:15:47,,,210.78,1786320,89040,4474880,716360,"[{""bid_quantity"":120,""ask_quantity"":320,""bid_orders"":1,""ask_orders"":1,""bid_price"":""176.95"",""ask_price"":""177.50""},{""bid_quantity"":20,""ask_quantity"":40,""bid_orders"":1,""ask_orders"":1,""bid_price"":""176.75"",""ask_price"":""177.55""},{""bid_quantity"":180,""ask_quantity"":320,""bid_orders"":1,""ask_orders"":1,""bid_price"":""176.45"",""ask_price"":""177.60""},{""bid_quantity"":400,""ask_quantity"":100,""bid_orders"":4,""ask_orders"":4,""bid_price"":""176.40"",""ask_price"":""177.65""},{""bid_quantity"":80,""ask_quantity"":60,""bid_orders"":1,""ask_orders"":1,""bid_price"":""176.25"",""ask_price"":""177.75""}]"
09:15:47.378,1790826347378203940,1544089932137687,Full Data,8,886620,220.85,20,09:15:47,,,253.78,1339240,74000,4437140,731020,"[{""bid_quantity"":40,""ask_quantity"":40,""bid_orders"":1,""ask_orders"":1,""bid_price"":""220.80"",""ask_price"":""221.60""},{""bid_quantity"":120,""ask_quantity"":40,""bid_orders"":5,""ask_orders"":1,""bid_price"":""220.75"",""ask_price"":""221.65""},{""bid_quantity"":200,""ask_quantity"":40,""bid_orders"":2,""ask_orders"":1,""bid_price"":""220.55"",""ask_price"":""221.75""},{""bid_quantity"":500,""ask_quantity"":40,""bid_orders"":6,""ask_orders"":1,""bid_price"":""220.50"",""ask_price"":""221.80""},{""bid_quantity"":40,""ask_quantity"":40,""bid_orders"":1,""ask_orders"":1,""bid_price"":""220.45"",""ask_price"":""221.85""}]"
09:15:47.389,1790826347389356570,1544089943290477,Full Data,8,887080,170.35,20,09:15:47,,,160.37,1108100,49580,5391400,530840,"[{""bid_quantity"":60,""ask_quantity"":160,""bid_orders"":2,""ask_orders"":1,""bid_price"":""169.65"",""ask_price"":""170.30""},{""bid_quantity"":160,""ask_quantity"":140,""bid_orders"":1,""ask_orders"":1,""bid_price"":""169.45"",""ask_price"":""170.35""},{""bid_quantity"":300,""ask_quantity"":80,""bid_orders"":1,""ask_orders"":3,""bid_price"":""169.40"",""ask_price"":""170.40""},{""bid_quantity"":340,""ask_quantity"":160,""bid_orders"":3,""ask_orders"":1,""bid_price"":""169.20"",""ask_price"":""170.45""},{""bid_quantity"":160,""ask_quantity"":120,""bid_orders"":1,""ask_orders"":2,""bid_price"":""169.10"",""ask_price"":""170.50""}]"
09:15:47.426,1790826347426367522,1544089980301349,Full Data,8,887080,170.20,20,09:15:47,,,160.39,1110540,48380,5391240,530840,"[{""bid_quantity"":40,""ask_quantity"":100,""bid_orders"":1,""ask_orders"":3,""bid_price"":""170.20"",""ask_price"":""170.55""},{""bid_quantity"":40,""ask_quantity"":160,""bid_orders"":2,""ask_orders"":1,""bid_price"":""169.80"",""ask_price"":""170.60""},{""bid_quantity"":60,""ask_quantity"":20,""bid_orders"":2,""ask_orders"":1,""bid_price"":""169.75"",""ask_price"":""170.65""},{""bid_quantity"":40,""ask_quantity"":360,""bid_orders"":2,""ask_orders"":7,""bid_price"":""169.70"",""ask_price"":""170.70""},{""bid_quantity"":20,""ask_quantity"":80,""bid_orders"":1,""ask_orders"":4,""bid_price"":""169.65"",""ask_price"":""170.75""}]"
09:15:47.587,1790826347587598294,1544090141532441,Full Data,8,886540,135.90,200,09:15:47,,,167.42,1205120,108720,3830460,632060,"[{""bid_quantity"":200,""ask_quantity"":40,""bid_orders"":4,""ask_orders"":1,""bid_price"":""135.35"",""ask_price"":""135.85""},{""bid_quantity"":80,""ask_quantity"":100,""bid_orders"":3,""ask_orders"":1,""bid_price"":""135.30"",""ask_price"":""136.05""},{""bid_quantity"":140,""ask_quantity"":80,""bid_orders"":5,""ask_orders"":1,""bid_price"":""135.25"",""ask_price"":""136.15""},{""bid_quantity"":240,""ask_quantity"":20,""bid_orders"":5,""ask_orders"":1,""bid_price"":""135.20"",""ask_price"":""136.20""},{""bid_quantity"":300,""ask_quantity"":20,""bid_orders"":7,""ask_orders"":1,""bid_price"":""135.15"",""ask_price"":""136.25""}]"
09:15:47.648,1790826347648459076,1544090202393263,Full Data,8,886540,135.90,120,09:15:47,,,167.38,1206760,108220,3830140,632060,"[{""bid_quantity"":20,""ask_quantity"":40,""bid_orders"":1,""ask_orders"":1,""bid_price"":""135.45"",""ask_price"":""136.00""},{""bid_quantity"":20,""ask_quantity"":120,""bid_orders"":1,""ask_orders"":2,""bid_price"":""135.15"",""ask_price"":""136.05""},{""bid_quantity"":40,""ask_quantity"":40,""bid_orders"":1,""ask_orders"":1,""bid_price"":""135.05"",""ask_price"":""136.10""},{""bid_quantity"":20,""ask_quantity"":160,""bid_orders"":1,""ask_orders"":3,""bid_price"":""135.00"",""ask_price"":""136.50""},{""bid_quantity"":160,""ask_quantity"":20,""bid_orders"":1,""ask_orders"":1,""bid_price"":""134.95"",""ask_price"":""136.55""}]"
09:15:47.672,1790826347672334665,1544090226268652,Full Data,8,887279,269.75,60,09:15:47,,,321.96,703240,58360,4170660,793060,"[{""bid_quantity"":200,""ask_quantity"":60,""bid_orders"":4,""ask_orders"":2,""bid_price"":""268.40"",""ask_price"":""269.75""},{""bid_quantity"":40,""ask_quantity"":80,""bid_orders"":2,""ask_orders"":1,""bid_price"":""268.30"",""ask_price"":""269.85""},{""bid_quantity"":120,""ask_quantity"":20,""bid_orders"":1,""ask_orders"":1,""bid_price"":""267.95"",""ask_price"":""270.00""},{""bid_quantity"":40,""ask_quantity"":160,""bid_orders"":1,""ask_orders"":2,""bid_price"":""267.55"",""ask_price"":""270.10""},{""bid_quantity"":120,""ask_quantity"":20,""bid_orders"":1,""ask_orders"":1,""bid_price"":""267.50"",""ask_price"":""270.30""}]"
09:15:47.711,1790826347711977474,1544090265911421,Full Data,8,886461,134.80,20,09:15:47,,,125.89,1639620,90820,7957820,1682940,"[{""bid_quantity"":260,""ask_quantity"":40,""bid_orders"":4,""ask_orders"":1,""bid_price"":""134.55"",""ask_price"":""135.20""},{""bid_quantity"":80,""ask_quantity"":40,""bid_orders"":2,""ask_orders"":1,""bid_price"":""134.50"",""ask_price"":""135.25""},{""bid_quantity"":320,""ask_quantity"":120,""bid_orders"":5,""ask_orders"":2,""bid_price"":""134.45"",""ask_price"":""135.30""},{""bid_quantity"":80,""ask_quantity"":100,""bid_orders"":3,""ask_orders"":2,""bid_price"":""134.40"",""ask_price"":""135.35""},{""bid_quantity"":60,""ask_quantity"":100,""bid_orders"":1,""ask_orders"":4,""bid_price"":""134.20"",""ask_price"":""135.40""}]"
09:15:47.748,1790826347748268982,1544090302203089,Full Data,8,886961,484.15,20,09:15:47,,,443.01,61180,17320,4291020,36440,"[{""bid_quantity"":20,""ask_quantity"":220,""bid_orders"":1,""ask_orders"":3,""bid_price"":""480.55"",""ask_price"":""484.20""},{""bid_quantity"":40,""ask_quantity"":120,""bid_orders"":2,""ask_orders"":1,""bid_price"":""480.50"",""ask_price"":""485.25""},{""bid_quantity"":40,""ask_quantity"":60,""bid_orders"":2,""ask_orders"":1,""bid_price"":""480.40"",""ask_price"":""485.90""},{""bid_quantity"":80,""ask_quantity"":20,""bid_orders"":3,""ask_orders"":1,""bid_price"":""480.35"",""ask_price"":""487.80""},{""bid_quantity"":160,""ask_quantity"":40,""bid_orders"":2,""ask_orders"":1,""bid_price"":""480.30"",""ask_price"":""487.85""}]"
09:15:47.748,1790826347748410783,1544090302344410,Full Data,8,886461,135.15,20,09:15:47,,,125.89,1640700,92160,7955180,1682940,"[{""bid_quantity"":80,""ask_quantity"":220,""bid_orders"":2,""ask_orders"":3,""bid_price"":""134.50"",""ask_price"":""135.05""},{""bid_quantity"":80,""ask_quantity"":80,""bid_orders"":2,""ask_orders"":3,""bid_price"":""134.45"",""ask_price"":""135.10""},{""bid_quantity"":180,""ask_quantity"":80,""bid_orders"":2,""ask_orders"":3,""bid_price"":""134.35"",""ask_price"":""135.15""},{""bid_quantity"":140,""ask_quantity"":80,""bid_orders"":4,""ask_orders"":1,""bid_price"":""134.25"",""ask_price"":""135.30""},{""bid_quantity"":20,""ask_quantity"":220,""bid_orders"":1,""ask_orders"":4,""bid_price"":""134.20"",""ask_price"":""135.35""}]"
09:15:47.787,1790826347787479188,1544090341413375,Full Data,8,886671,80.35,40,09:15:47,,,99.92,1135080,58640,3105580,570580,"[{""bid_quantity"":140,""ask_quantity"":60,""bid_orders"":4,""ask_orders"":1,""bid_price"":""80.25"",""ask_price"":""80.60""},{""bid_quantity"":140,""ask_quantity"":80,""bid_orders"":4,""ask_orders"":2,""bid_price"":""80.20"",""ask_price"":""80.65""},{""bid_quantity"":160,""ask_quantity"":80,""bid_orders"":2,""ask_orders"":2,""bid_price"":""80.15"",""ask_price"":""80.70""},{""bid_quantity"":160,""ask_quantity"":80,""bid_orders"":1,""ask_orders"":2,""bid_price"":""80.10"",""ask_price"":""80.75""},{""bid_quantity"":380,""ask_quantity"":20,""bid_orders"":5,""ask_orders"":1,""bid_price"":""80.05"",""ask_price"":""80.80""}]"
09:15:47.789,1790826347789984604,1544090343918431,Full Data,8,886671,80.35,40,09:15:47,,,99.92,1135080,58720,3105680,570580,"[{""bid_quantity"":100,""ask_quantity"":80,""bid_orders"":3,""ask_orders"":2,""bid_price"":""80.30"",""ask_price"":""80.60""},{""bid_quantity"":300,""ask_quantity"":100,""bid_orders"":5,""ask_orders"":3,""bid_price"":""80.25"",""ask_price"":""80.65""},{""bid_quantity"":60,""ask_quantity"":80,""bid_orders"":3,""ask_orders"":2,""bid_price"":""80.20"",""ask_price"":""80.70""},{""bid_quantity"":420,""ask_quantity"":80,""bid_orders"":4,""ask_orders"":2,""bid_price"":""80.15"",""ask_price"":""80.75""},{""bid_quantity"":160,""ask_quantity"":20,""bid_orders"":1,""ask_orders"":1,""bid_price"":""80.10"",""ask_price"":""80.80""}]"
09:15:47.790,1790826347790564487,1544090344498234,Full Data,8,886685,332.00,20,09:15:47,,,387.45,810400,58940,5861920,1793000,"[{""bid_quantity"":160,""ask_quantity"":120,""bid_orders"":1,""ask_orders"":2,""bid_price"":""330.55"",""ask_price"":""332.20""},{""bid_quantity"":180,""ask_quantity"":20,""bid_orders"":4,""ask_orders"":1,""bid_price"":""330.50"",""ask_price"":""332.30""},{""bid_quantity"":180,""ask_quantity"":160,""bid_orders"":2,""ask_orders"":3,""bid_price"":""330.45"",""ask_price"":""332.40""},{""bid_quantity"":180,""ask_quantity"":100,""bid_orders"":3,""ask_orders"":4,""bid_price"":""330.40"",""ask_price"":""332.45""},{""bid_quantity"":80,""ask_quantity"":40,""bid_orders"":2,""ask_orders"":1,""bid_price"":""330.15"",""ask_price"":""332.55""}]"
09:15:47.890,1790826347890159032,1544090444093019,Full Data,8,886659,276.00,40,09:15:47,,,254.90,1197720,41320,6509420,138720,"[{""bid_quantity"":180,""ask_quantity"":40,""bid_orders"":3,""ask_orders"":2,""bid_price"":""275.10"",""ask_price"":""275.90""},{""bid_quantity"":20,""ask_quantity"":120,""bid_orders"":1,""ask_orders"":4,""bid_price"":""275.05"",""ask_price"":""276.00""},{""bid_quantity"":280,""ask_quantity"":180,""bid_orders"":6,""ask_orders"":4,""bid_price"":""275.00"",""ask_price"":""276.25""},{""bid_quantity"":160,""ask_quantity"":140,""bid_orders"":1,""ask_orders"":1,""bid_price"":""274.85"",""ask_price"":""276.35""},{""bid_quantity"":500,""ask_quantity"":160,""bid_orders"":1,""ask_orders"":3,""bid_price"":""274.80"",""ask_price"":""276.40""}]"
09:15:47.961,1790826347961683201,1544090515617468,Full Data,8,886659,276.80,60,09:15:47,,,254.92,1199240,41960,6506520,138720,"[{""bid_quantity"":40,""ask_quantity"":160,""bid_orders"":1,""ask_orders"":2,""bid_price"":""275.50"",""ask_price"":""276.75""},{""bid_quantity"":20,""ask_quantity"":340,""bid_orders"":1,""ask_orders"":5,""bid_price"":""275.45"",""ask_price"":""276.80""},{""bid_quantity"":20,""ask_quantity"":120,""bid_orders"":1,""ask_orders"":3,""bid_price"":""275.40"",""ask_price"":""276.85""},{""bid_quantity"":60,""ask_quantity"":40,""bid_orders"":2,""ask_orders"":2,""bid_price"":""275.30"",""ask_price"":""277.10""},{""bid_quantity"":40,""ask_quantity"":640,""bid_orders"":1,""ask_orders"":6,""bid_price"":""275.15"",""ask_price"":""277.20""}]"
09:15:48.094,1790826348094023231,1544090647957258,Full Data,8,886589,409.50,20,09:15:48,,,364.51,557260,23980,7432900,194360,"[{""bid_quantity"":20,""ask_quantity"":20,""bid_orders"":1,""ask_orders"":1,""bid_price"":""407.45"",""ask_price"":""409.05""},{""bid_quantity"":40,""ask_quantity"":80,""bid_orders"":2,""ask_orders"":1,""bid_price"":""407.40"",""ask_price"":""409.10""},{""bid_quantity"":20,""ask_quantity"":40,""bid_orders"":1,""ask_orders"":2,""bid_price"":""407.35"",""ask_price"":""409.15""},{""bid_quantity"":120,""ask_quantity"":40,""bid_orders"":2,""ask_orders"":2,""bid_price"":""407.25"",""ask_price"":""409.25""},{""bid_quantity"":40,""ask_quantity"":20,""bid_orders"":2,""ask_orders"":1,""bid_price"":""407.15"",""ask_price"":""409.30""}]"
09:15:48.175,1790826348175898945,1544090729833372,Full Data,8,886790,108.15,140,09:15:48,,,130.45,2772560,202240,5525840,2100780,"[{""bid_quantity"":40,""ask_quantity"":400,""bid_orders"":1,""ask_orders"":2,""bid_price"":""107.75"",""ask_price"":""108.15""},{""bid_quantity"":80,""ask_quantity"":60,""bid_orders"":2,""ask_orders"":1,""bid_price"":""107.70"",""ask_price"":""108.40""},{""bid_quantity"":100,""ask_quantity"":160,""bid_orders"":3,""ask_orders"":2,""bid_price"":""107.65"",""ask_price"":""108.70""},{""bid_quantity"":40,""ask_quantity"":160,""bid_orders"":1,""ask_orders"":1,""bid_price"":""107.60"",""ask_price"":""108.80""},{""bid_quantity"":80,""ask_quantity"":80,""bid_orders"":2,""ask_orders"":3,""bid_price"":""107.55"",""ask_price"":""108.85""}]"
09:15:48.207,1790826348207335782,1544090761269649,Full Data,8,886589,406.80,100,09:15:48,,,364.53,557460,25980,7434020,194360,"[{""bid_quantity"":80,""ask_quantity"":60,""bid_orders"":3,""ask_orders"":1,""bid_price"":""402.70"",""ask_price"":""405.60""},{""bid_quantity"":60,""ask_quantity"":60,""bid_orders"":3,""ask_orders"":3,""bid_price"":""402.65"",""ask_price"":""405.65""},{""bid_quantity"":60,""ask_quantity"":20,""bid_orders"":3,""ask_orders"":1,""bid_price"":""402.60"",""ask_price"":""405.70""},{""bid_quantity"":240,""ask_quantity"":80,""bid_orders"":4,""ask_orders"":3,""bid_price"":""402.50"",""ask_price"":""405.75""},{""bid_quantity"":100,""ask_quantity"":20,""bid_orders"":2,""ask_orders"":1,""bid_price"":""402.45"",""ask_price"":""405.85""}]"
09:15:48.265,1790826348265460027,1544090819394054,Full Data,8,887306,217.35,100,09:15:48,,,207.65,1311180,46240,5916960,240500,"[{""bid_quantity"":60,""ask_quantity"":200,""bid_orders"":2,""ask_orders"":1,""bid_price"":""216.00"",""ask_price"":""217.30""},{""bid_quantity"":60,""ask_quantity"":260,""bid_orders"":2,""ask_orders"":3,""bid_price"":""215.80"",""ask_price"":""217.35""},{""bid_quantity"":100,""ask_quantity"":120,""bid_orders"":2,""ask_orders"":1,""bid_price"":""215.75"",""ask_price"":""217.40""},{""bid_quantity"":2000,""ask_quantity"":180,""bid_orders"":3,""ask_orders"":3,""bid_price"":""215.65"",""ask_price"":""217.45""},{""bid_quantity"":80,""ask_quantity"":40,""bid_orders"":1,""ask_orders"":1,""bid_price"":""215.60"",""ask_price"":""217.50""}]"
09:15:48.288,1790826348288796333,1544090842730280,Ticker Data,0,51,72320.74,,09:15:48,,,,,,,,
09:15:48.305,1790826348305013035,1544090858946942,Full Data,8,887216,177.80,20,09:15:48,,,210.22,1814520,92340,4489640,716360,"[{""bid_quantity"":400,""ask_quantity"":40,""bid_orders"":1,""ask_orders"":1,""bid_price"":""177.70"",""ask_price"":""178.45""},{""bid_quantity"":80,""ask_quantity"":160,""bid_orders"":1,""ask_orders"":2,""bid_price"":""177.65"",""ask_price"":""178.50""},{""bid_quantity"":100,""ask_quantity"":40,""bid_orders"":1,""ask_orders"":1,""bid_price"":""177.60"",""ask_price"":""178.55""},{""bid_quantity"":60,""ask_quantity"":120,""bid_orders"":1,""ask_orders"":3,""bid_price"":""177.55"",""ask_price"":""178.60""},{""bid_quantity"":20,""ask_quantity"":80,""bid_orders"":1,""ask_orders"":2,""bid_price"":""177.15"",""ask_price"":""178.65""}]"
09:15:48.307,1790826348307199289,1544090861133116,Full Data,8,887253,336.00,40,09:15:48,,,306.13,430940,25160,6140040,55040,"[{""bid_quantity"":140,""ask_quantity"":60,""bid_orders"":3,""ask_orders"":2,""bid_price"":""333.20"",""ask_price"":""334.50""},{""bid_quantity"":280,""ask_quantity"":40,""bid_orders"":5,""ask_orders"":1,""bid_price"":""333.15"",""ask_price"":""334.75""},{""bid_quantity"":220,""ask_quantity"":40,""bid_orders"":3,""ask_orders"":1,""bid_price"":""333.10"",""ask_price"":""334.80""},{""bid_quantity"":20,""ask_quantity"":40,""bid_orders"":1,""ask_orders"":1,""bid_price"":""333.05"",""ask_price"":""334.85""},{""bid_quantity"":260,""ask_quantity"":20,""bid_orders"":3,""ask_orders"":1,""bid_price"":""333.00"",""ask_price"":""335.00""}]"
09:15:48.332,1790826348332702369,1544090886636316,Full Data,8,886620,222.25,100,09:15:48,,,253.10,1365720,73460,4444760,731020,"[{""bid_quantity"":60,""ask_quantity"":20,""bid_orders"":2,""ask_orders"":1,""bid_price"":""222.25"",""ask_price"":""223.00""},{""bid_quantity"":20,""ask_quantity"":60,""bid_orders"":1,""ask_orders"":1,""bid_price"":""222.20"",""ask_price"":""223.05""},{""bid_quantity"":320,""ask_quantity"":40,""bid_orders"":2,""ask_orders"":1,""bid_price"":""222.10"",""ask_price"":""223.25""},{""bid_quantity"":40,""ask_quantity"":60,""bid_orders"":1,""ask_orders"":1,""bid_price"":""222.05"",""ask_price"":""223.35""},{""bid_quantity"":100,""ask_quantity"":540,""bid_orders"":2,""ask_orders"":2,""bid_price"":""222.00"",""ask_price"":""223.45""}]"
09:15:48.355,1790826348355196910,1544090909130897,Full Data,8,886620,222.95,60,09:15:48,,,253.08,1366580,74940,4442480,731020,"[{""bid_quantity"":40,""ask_quantity"":60,""bid_orders"":2,""ask_orders"":1,""bid_price"":""222.65"",""ask_price"":""222.85""},{""bid_quantity"":20,""ask_quantity"":20,""bid_orders"":1,""ask_orders"":1,""bid_price"":""222.60"",""ask_price"":""223.00""},{""bid_quantity"":120,""ask_quantity"":20,""bid_orders"":1,""ask_orders"":1,""bid_price"":""222.45"",""ask_price"":""223.75""},{""bid_quantity"":20,""ask_quantity"":80,""bid_orders"":1,""ask_orders"":3,""bid_price"":""222.35"",""ask_price"":""223.80""},{""bid_quantity"":60,""ask_quantity"":100,""bid_orders"":1,""ask_orders"":1,""bid_price"":""222.30"",""ask_price"":""223.95""}]"
09:15:48.373,1790826348373293504,1544090927227531,Full Data,8,887306,216.30,20,09:15:48,,,207.69,1317800,45180,5920340,240500,"[{""bid_quantity"":60,""ask_quantity"":20,""bid_orders"":1,""ask_orders"":1,""bid_price"":""216.70"",""ask_price"":""216.85""},{""bid_quantity"":20,""ask_quantity"":160,""bid_orders"":1,""ask_orders"":2,""bid_price"":""216.35"",""ask_price"":""216.90""},{""bid_quantity"":40,""ask_quantity"":80,""bid_orders"":2,""ask_orders"":2,""bid_price"":""216.25"",""ask_price"":""216.95""},{""bid_quantity"":180,""ask_quantity"":80,""bid_orders"":2,""ask_orders"":2,""bid_price"":""216.20"",""ask_price"":""217.05""},{""bid_quantity"":40,""ask_quantity"":40,""bid_orders"":2,""ask_orders"":1,""bid_price"":""216.15"",""ask_price"":""217.15""}]"
09:15:48.412,1790826348412465869,1544090966399817,Full Data,8,887216,178.50,40,09:15:48,,,210.18,1816800,88800,4488520,716360,"[{""bid_quantity"":160,""ask_quantity"":40,""bid_orders"":4,""ask_orders"":2,""bid_price"":""178.60"",""ask_price"":""179.30""},{""bid_quantity"":540,""ask_quantity"":320,""bid_orders"":7,""ask_orders"":1,""bid_price"":""178.55"",""ask_price"":""179.90""},{""bid_quantity"":120,""ask_quantity"":20,""bid_orders"":2,""ask_orders"":1,""bid_price"":""178.50"",""ask_price"":""179.95""},{""bid_quantity"":160,""ask_quantity"":60,""bid_orders"":3,""ask_orders"":1,""bid_price"":""178.45"",""ask_price"":""180.00""},{""bid_quantity"":200,""ask_quantity"":100,""bid_orders"":4,""ask_orders"":1,""bid_price"":""178.40"",""ask_price"":""180.15""}]"
09:15:48.435,1790826348435254292,1544090989188439,Full Data,8,887253,322.05,80,09:15:48,,,306.30,434340,22900,6139620,55040,"[{""bid_quantity"":100,""ask_quantity"":540,""bid_orders"":2,""ask_orders"":8,""bid_price"":""330.90"",""ask_price"":""332.90""},{""bid_quantity"":40,""ask_quantity"":260,""bid_orders"":1,""ask_orders"":8,""bid_price"":""330.85"",""ask_price"":""332.95""},{""bid_quantity"":80,""ask_quantity"":140,""bid_orders"":2,""ask_orders"":3,""bid_price"":""330.50"",""ask_price"":""333.00""},{""bid_quantity"":80,""ask_quantity"":200,""bid_orders"":1,""ask_orders"":6,""bid_price"":""330.45"",""ask_price"":""333.05""},{""bid_quantity"":80,""ask_quantity"":60,""bid_orders"":1,""ask_orders"":2,""bid_price"":""330.05"",""ask_price"":""333.10""}]"
09:15:48.470,1790826348470691155,1544091024625142,Full Data,8,887080,170.45,60,09:15:48,,,160.70,1139440,61500,5392920,530840,"[{""bid_quantity"":20,""ask_quantity"":100,""bid_orders"":1,""ask_orders"":5,""bid_price"":""170.00"",""ask_price"":""170.70""},{""bid_quantity"":40,""ask_quantity"":160,""bid_orders"":2,""ask_orders"":2,""bid_price"":""169.95"",""ask_price"":""170.75""},{""bid_quantity"":160,""ask_quantity"":160,""bid_orders"":1,""ask_orders"":1,""bid_price"":""169.75"",""ask_price"":""170.90""},{""bid_quantity"":60,""ask_quantity"":60,""bid_orders"":2,""ask_orders"":2,""bid_price"":""169.70"",""ask_price"":""170.95""},{""bid_quantity"":160,""ask_quantity"":100,""bid_orders"":1,""ask_orders"":1,""bid_price"":""169.60"",""ask_price"":""171.00""}]"
09:15:48.485,1790826348485037885,1544091038971792,Full Data,8,887080,171.50,20,09:15:48,,,160.71,1141280,57220,5392300,530840,"[{""bid_quantity"":20,""ask_quantity"":60,""bid_orders"":1,""ask_orders"":2,""bid_price"":""171.20"",""ask_price"":""171.65""},{""bid_quantity"":80,""ask_quantity"":220,""bid_orders"":3,""ask_orders"":3,""bid_price"":""171.15"",""ask_price"":""171.75""},{""bid_quantity"":160,""ask_quantity"":160,""bid_orders"":1,""ask_orders"":1,""bid_price"":""170.85"",""ask_price"":""171.95""},{""bid_quantity"":300,""ask_quantity"":120,""bid_orders"":1,""ask_orders"":2,""bid_price"":""170.80"",""ask_price"":""172.00""},{""bid_quantity"":100,""ask_quantity"":100,""bid_orders"":1,""ask_orders"":1,""bid_price"":""170.70"",""ask_price"":""172.05""}]"
09:15:48.634,1790826348634458062,1544091188392409,Full Data,8,886540,138.90,20,09:15:48,,,166.89,1227200,103180,3833740,632060,"[{""bid_quantity"":140,""ask_quantity"":40,""bid_orders"":2,""ask_orders"":2,""bid_price"":""138.40"",""ask_price"":""138.95""},{""bid_quantity"":200,""ask_quantity"":60,""bid_orders"":4,""ask_orders"":1,""bid_price"":""138.35"",""ask_price"":""139.00""},{""bid_quantity"":640,""ask_quantity"":20,""bid_orders"":5,""ask_orders"":1,""bid_price"":""138.30"",""ask_price"":""139.10""},{""bid_quantity"":180,""ask_quantity"":80,""bid_orders"":2,""ask_orders"":2,""bid_price"":""138.20"",""ask_price"":""139.15""},{""bid_quantity"":40,""ask_quantity"":160,""bid_orders"":2,""ask_orders"":3,""bid_price"":""138.15"",""ask_price"":""139.20""}]"
09:15:48.702,1790826348702726931,1544091256660958,Full Data,8,887279,275.40,200,09:15:48,,,321.12,715820,56460,4171900,793060,"[{""bid_quantity"":80,""ask_quantity"":300,""bid_orders"":1,""ask_orders"":3,""bid_price"":""275.15"",""ask_price"":""276.55""},{""bid_quantity"":20,""ask_quantity"":320,""bid_orders"":1,""ask_orders"":4,""bid_price"":""275.10"",""ask_price"":""276.60""},{""bid_quantity"":80,""ask_quantity"":440,""bid_orders"":1,""ask_orders"":3,""bid_price"":""274.85"",""ask_price"":""276.65""},{""bid_quantity"":100,""ask_quantity"":100,""bid_orders"":2,""ask_orders"":3,""bid_price"":""274.80"",""ask_price"":""276.70""},{""bid_quantity"":20,""ask_quantity"":20,""bid_orders"":1,""ask_orders"":1,""bid_price"":""274.35"",""ask_price"":""276.75""}]"
09:15:48.707,1790826348707178319,1544091261112266,Full Data,8,886540,139.35,20,09:15:48,,,166.87,1228060,103520,3833100,632060,"[{""bid_quantity"":20,""ask_quantity"":20,""bid_orders"":1,""ask_orders"":1,""bid_price"":""138.55"",""ask_price"":""138.90""},{""bid_quantity"":20,""ask_quantity"":320,""bid_orders"":1,""ask_orders"":3,""bid_price"":""138.50"",""ask_price"":""139.50""},{""bid_quantity"":80,""ask_quantity"":240,""bid_orders"":2,""ask_orders"":3,""bid_price"":""138.40"",""ask_price"":""139.60""},{""bid_quantity"":40,""ask_quantity"":80,""bid_orders"":2,""ask_orders"":2,""bid_price"":""138.35"",""ask_price"":""139.65""},{""bid_quantity"":20,""ask_quantity"":160,""bid_orders"":1,""ask_orders"":2,""bid_price"":""138.30"",""ask_price"":""139.70""}]"
09:15:48.750,1790826348750147628,1544091304081695,Full Data,8,886961,477.00,20,09:15:48,,,443.16,61440,15380,4287140,36440,"[{""bid_quantity"":140,""ask_quantity"":40,""bid_orders"":4,""ask_orders"":2,""bid_price"":""477.85"",""ask_price"":""480.55""},{""bid_quantity"":60,""ask_quantity"":200,""bid_orders"":3,""ask_orders"":4,""bid_price"":""477.80"",""ask_price"":""480.60""},{""bid_quantity"":60,""ask_quantity"":40,""bid_orders"":3,""ask_orders"":2,""bid_price"":""477.70"",""ask_price"":""481.20""},{""bid_quantity"":20,""ask_quantity"":100,""bid_orders"":1,""ask_orders"":2,""bid_price"":""477.60"",""ask_price"":""481.25""},{""bid_quantity"":40,""ask_quantity"":80,""bid_orders"":2,""ask_orders"":3,""bid_price"":""477.30"",""ask_price"":""481.55""}]"
09:15:48.753,1790826348753337768,1544091307271715,Full Data,8,886461,133.20,20,09:15:48,,,125.97,1656780,90260,7959260,1682940,"[{""bid_quantity"":80,""ask_quantity"":160,""bid_orders"":3,""ask_orders"":1,""bid_price"":""133.10"",""ask_price"":""133.65""},{""bid_quantity"":280,""ask_quantity"":200,""bid_orders"":4,""ask_orders"":2,""bid_price"":""132.85"",""ask_price"":""133.70""},{""bid_quantity"":500,""ask_quantity"":340,""bid_orders"":7,""ask_orders"":4,""bid_price"":""132.80"",""ask_price"":""133.75""},{""bid_quantity"":180,""ask_quantity"":140,""bid_orders"":3,""ask_orders"":4,""bid_price"":""132.75"",""ask_price"":""133.80""},{""bid_quantity"":160,""ask_quantity"":40,""bid_orders"":3,""ask_orders"":1,""bid_price"":""132.70"",""ask_price"":""133.95""}]"
09:15:48.788,1790826348789010192,1544091342944499,Full Data,8,886671,83.20,60,09:15:48,,,99.69,1150620,56580,3105780,570580,"[{""bid_quantity"":100,""ask_quantity"":60,""bid_orders"":3,""ask_orders"":1,""bid_price"":""82.75"",""ask_price"":""83.05""},{""bid_quantity"":160,""ask_quantity"":60,""bid_orders"":1,""ask_orders"":1,""bid_price"":""82.70"",""ask_price"":""83.10""},{""bid_quantity"":200,""ask_quantity"":80,""bid_orders"":3,""ask_orders"":2,""bid_price"":""82.65"",""ask_price"":""83.15""},{""bid_quantity"":20,""ask_quantity"":80,""bid_orders"":1,""ask_orders"":2,""bid_price"":""82.60"",""ask_price"":""83.20""},{""bid_quantity"":220,""ask_quantity"":40,""bid_orders"":3,""ask_orders"":2,""bid_price"":""82.55"",""ask_price"":""83.25""}]"
09:15:48.794,1790826348794612867,1544091348546774,Full Data,8,886961,475.45,20,09:15:48,,,443.17,61460,17420,4286000,36440,"[{""bid_quantity"":20,""ask_quantity"":40,""bid_orders"":1,""ask_orders"":1,""bid_price"":""475.45"",""ask_price"":""478.70""},{""bid_quantity"":20,""ask_quantity"":40,""bid_orders"":1,""ask_orders"":2,""bid_price"":""475.40"",""ask_price"":""478.75""},{""bid_quantity"":40,""ask_quantity"":40,""bid_orders"":2,""ask_orders"":2,""bid_price"":""475.35"",""ask_price"":""478.80""},{""bid_quantity"":20,""ask_quantity"":20,""bid_orders"":1,""ask_orders"":1,""bid_price"":""475.30"",""ask_price"":""478.85""},{""bid_quantity"":20,""ask_quantity"":20,""bid_orders"":1,""ask_orders"":1,""bid_price"":""475.25"",""ask_price"":""478.90""}]"
09:15:48.794,1790826348794723068,1544091348656695,Full Data,8,886671,83.20,60,09:15:48,,,99.69,1150620,57380,3105320,570580,"[{""bid_quantity"":20,""ask_quantity"":100,""bid_orders"":1,""ask_orders"":2,""bid_price"":""82.65"",""ask_price"":""82.95""},{""bid_quantity"":40,""ask_quantity"":160,""bid_orders"":2,""ask_orders"":1,""bid_price"":""82.60"",""ask_price"":""83.00""},{""bid_quantity"":200,""ask_quantity"":100,""bid_orders"":3,""ask_orders"":2,""bid_price"":""82.55"",""ask_price"":""83.05""},{""bid_quantity"":40,""ask_quantity"":260,""bid_orders"":2,""ask_orders"":4,""bid_price"":""82.45"",""ask_price"":""83.10""},{""bid_quantity"":40,""ask_quantity"":100,""bid_orders"":2,""ask_orders"":3,""bid_price"":""82.40"",""ask_price"":""83.15""}]"
09:15:48.808,1790826348808552235,1544091362486182,Full Data,8,886685,337.90,20,09:15:48,,,386.85,819760,57080,5860920,1793000,"[{""bid_quantity"":160,""ask_quantity"":120,""bid_orders"":1,""ask_orders"":2,""bid_price"":""336.55"",""ask_price"":""337.70""},{""bid_quantity"":120,""ask_quantity"":40,""bid_orders"":2,""ask_orders"":2,""bid_price"":""336.50"",""ask_price"":""337.75""},{""bid_quantity"":40,""ask_quantity"":200,""bid_orders"":2,""ask_orders"":3,""bid_price"":""336.45"",""ask_price"":""337.80""},{""bid_quantity"":20,""ask_quantity"":100,""bid_orders"":1,""ask_orders"":4,""bid_price"":""336.40"",""ask_price"":""337.85""},{""bid_quantity"":60,""ask_quantity"":200,""bid_orders"":3,""ask_orders"":5,""bid_price"":""336.30"",""ask_price"":""337.95""}]"
09:15:48.835,1790826348835637085,1544091389571032,Full Data,8,886461,132.65,20,09:15:48,,,125.97,1657240,90100,7957960,1682940,"[{""bid_quantity"":100,""ask_quantity"":480,""bid_orders"":3,""ask_orders"":5,""bid_price"":""132.65"",""ask_price"":""133.35""},{""bid_quantity"":300,""ask_quantity"":120,""bid_orders"":5,""ask_orders"":3,""bid_price"":""132.50"",""ask_price"":""133.40""},{""bid_quantity"":140,""ask_quantity"":400,""bid_orders"":2,""ask_orders"":5,""bid_price"":""132.45"",""ask_price"":""133.50""},{""bid_quantity"":100,""ask_quantity"":40,""bid_orders"":1,""ask_orders"":1,""bid_price"":""132.40"",""ask_price"":""133.60""},{""bid_quantity"":200,""ask_quantity"":100,""bid_orders"":4,""ask_orders"":2,""bid_price"":""132.35"",""ask_price"":""133.70""}]"
09:15:48.976,1790826348976660730,1544091530594837,Full Data,8,886659,273.95,40,09:15:48,,,255.15,1214040,41540,6507460,138720,"[{""bid_quantity"":520,""ask_quantity"":120,""bid_orders"":2,""ask_orders"":4,""bid_price"":""273.85"",""ask_price"":""274.65""},{""bid_quantity"":40,""ask_quantity"":120,""bid_orders"":2,""ask_orders"":4,""bid_price"":""273.70"",""ask_price"":""274.70""},{""bid_quantity"":120,""ask_quantity"":160,""bid_orders"":4,""ask_orders"":5,""bid_price"":""273.65"",""ask_price"":""274.75""},{""bid_quantity"":60,""ask_quantity"":120,""bid_orders"":2,""ask_orders"":4,""bid_price"":""273.55"",""ask_price"":""274.80""},{""bid_quantity"":40,""ask_quantity"":360,""bid_orders"":1,""ask_orders"":6,""bid_price"":""273.30"",""ask_price"":""275.00""}]"
09:15:49.039,1790826349039995287,1544091593929274,Full Data,8,886659,272.85,20,09:15:49,,,255.15,1214280,38660,6507560,138720,"[{""bid_quantity"":40,""ask_quantity"":100,""bid_orders"":1,""ask_orders"":1,""bid_price"":""272.60"",""ask_price"":""273.45""},{""bid_quantity"":80,""ask_quantity"":240,""bid_orders"":2,""ask_orders"":9,""bid_price"":""272.55"",""ask_price"":""273.50""},{""bid_quantity"":40,""ask_quantity"":60,""bid_orders"":2,""ask_orders"":2,""bid_price"":""272.50"",""ask_price"":""273.70""},{""bid_quantity"":500,""ask_quantity"":160,""bid_orders"":3,""ask_orders"":3,""bid_price"":""272.40"",""ask_price"":""273.75""},{""bid_quantity"":120,""ask_quantity"":400,""bid_orders"":4,""ask_orders"":3,""bid_price"":""272.35"",""ask_price"":""273.85""}]"
09:15:49.172,1790826349172521719,1544091726455866,Full Data,8,886790,106.50,20,09:15:49,,,130.16,2809340,196900,5522640,2100780,"[{""bid_quantity"":60,""ask_quantity"":60,""bid_orders"":1,""ask_orders"":2,""bid_price"":""106.35"",""ask_price"":""106.75""},{""bid_quantity"":220,""ask_quantity"":140,""bid_orders"":3,""ask_orders"":3,""bid_price"":""106.30"",""ask_price"":""106.80""},{""bid_quantity"":60,""ask_quantity"":120,""bid_orders"":2,""ask_orders"":4,""bid_price"":""106.25"",""ask_price"":""106.85""},{""bid_quantity"":180,""ask_quantity"":40,""bid_orders"":2,""ask_orders"":1,""bid_price"":""106.20"",""ask_price"":""106.90""},{""bid_quantity"":20,""ask_quantity"":100,""bid_orders"":1,""ask_orders"":1,""bid_price"":""106.15"",""ask_price"":""107.00""}]"
09:15:49.176,1790826349176866426,1544091730800533,Full Data,8,886790,106.10,200,09:15:49,,,130.16,2809540,198200,5522580,2100780,"[{""bid_quantity"":100,""ask_quantity"":240,""bid_orders"":2,""ask_orders"":4,""bid_price"":""106.10"",""ask_price"":""106.45""},{""bid_quantity"":100,""ask_quantity"":60,""bid_orders"":1,""ask_orders"":2,""bid_price"":""106.00"",""ask_price"":""106.50""},{""bid_quantity"":280,""ask_quantity"":80,""bid_orders"":3,""ask_orders"":2,""bid_price"":""105.90"",""ask_price"":""106.55""},{""bid_quantity"":120,""ask_quantity"":80,""bid_orders"":2,""ask_orders"":2,""bid_price"":""105.85"",""ask_price"":""106.60""},{""bid_quantity"":120,""ask_quantity"":200,""bid_orders"":2,""ask_orders"":4,""bid_price"":""105.80"",""ask_price"":""106.65""}]"
09:15:49.186,1790826349186257325,1544091740191272,Full Data,8,886589,405.50,80,09:15:49,,,364.85,562040,22200,7432840,194360,"[{""bid_quantity"":120,""ask_quantity"":160,""bid_orders"":2,""ask_orders"":2,""bid_price"":""407.00"",""ask_price"":""408.60""},{""bid_quantity"":20,""ask_quantity"":520,""bid_orders"":1,""ask_orders"":1,""bid_price"":""406.95"",""ask_price"":""408.65""},{""bid_quantity"":120,""ask_quantity"":120,""bid_orders"":3,""ask_orders"":2,""bid_price"":""406.90"",""ask_price"":""408.75""},{""bid_quantity"":140,""ask_quantity"":120,""bid_orders"":2,""ask_orders"":2,""bid_price"":""406.85"",""ask_price"":""409.00""},{""bid_quantity"":140,""ask_quantity"":40,""bid_orders"":2,""ask_orders"":2,""bid_price"":""406.80"",""ask_price"":""409.05""}]"
09:15:49.245,1790826349245308495,1544091799242802,Full Data,8,886589,407.05,20,09:15:49,,,364.85,562080,23880,7434320,194360,"[{""bid_quantity"":100,""ask_quantity"":120,""bid_orders"":1,""ask_orders"":2,""bid_price"":""408.05"",""ask_price"":""409.75""},{""bid_quantity"":180,""ask_quantity"":100,""bid_orders"":2,""ask_orders"":1,""bid_price"":""408.00"",""ask_price"":""410.00""},{""bid_quantity"":40,""ask_quantity"":120,""bid_orders"":2,""ask_orders"":1,""bid_price"":""407.95"",""ask_price"":""410.10""},{""bid_quantity"":120,""ask_quantity"":100,""bid_orders"":3,""ask_orders"":1,""bid_price"":""407.90"",""ask_price"":""410.25""},{""bid_quantity"":80,""ask_quantity"":400,""bid_orders"":3,""ask_orders"":1,""bid_price"":""407.80"",""ask_price"":""410.30""}]"
09:15:49.257,1790826349257594772,1544091811528799,Full Data,8,886620,218.05,20,09:15:49,,,252.53,1391300,80520,4446200,731020,"[{""bid_quantity"":100,""ask_quantity"":120,""bid_orders"":2,""ask_orders"":2,""bid_price"":""216.75"",""ask_price"":""217.55""},{""bid_quantity"":20,""ask_quantity"":320,""bid_orders"":1,""ask_orders"":5,""bid_price"":""216.70"",""ask_price"":""217.60""},{""bid_quantity"":20,""ask_quantity"":60,""bid_orders"":1,""ask_orders"":2,""bid_price"":""216.65"",""ask_price"":""217.65""},{""bid_quantity"":120,""ask_quantity"":100,""bid_orders"":3,""ask_orders"":3,""bid_price"":""216.60"",""ask_price"":""217.70""},{""bid_quantity"":20,""ask_quantity"":20,""bid_orders"":1,""ask_orders"":1,""bid_price"":""216.55"",""ask_price"":""217.75""}]"
09:15:49.311,1790826349311438190,1544091865372177,Ticker Data,0,51,72313.34,,09:15:49,,,,,,,,
09:15:49.321,1790826349321185891,1544091875119918,Full Data,8,887306,221.40,20,09:15:49,,,207.92,1348960,43740,5917100,240500,"[{""bid_quantity"":20,""ask_quantity"":20,""bid_orders"":1,""ask_orders"":1,""bid_price"":""221.30"",""ask_price"":""221.85""},{""bid_quantity"":20,""ask_quantity"":20,""bid_orders"":1,""ask_orders"":1,""bid_price"":""221.25"",""ask_price"":""222.00""},{""bid_quantity"":20,""ask_quantity"":40,""bid_orders"":1,""ask_orders"":1,""bid_price"":""221.20"",""ask_price"":""222.40""},{""bid_quantity"":20,""ask_quantity"":60,""bid_orders"":1,""ask_orders"":1,""bid_price"":""221.10"",""ask_price"":""222.85""},{""bid_quantity"":40,""ask_quantity"":100,""bid_orders"":2,""ask_orders"":1,""bid_price"":""221.05"",""ask_price"":""222.90""}]"
09:15:49.325,1790826349325337318,1544091879271305,Full Data,8,886620,216.35,20,09:15:49,,,252.51,1391900,80140,4447460,731020,"[{""bid_quantity"":60,""ask_quantity"":20,""bid_orders"":2,""ask_orders"":1,""bid_price"":""216.40"",""ask_price"":""217.05""},{""bid_quantity"":220,""ask_quantity"":140,""bid_orders"":3,""ask_orders"":3,""bid_price"":""216.35"",""ask_price"":""217.15""},{""bid_quantity"":880,""ask_quantity"":180,""bid_orders"":5,""ask_orders"":3,""bid_price"":""216.30"",""ask_price"":""217.25""},{""bid_quantity"":160,""ask_quantity"":20,""bid_orders"":1,""ask_orders"":1,""bid_price"":""216.20"",""ask_price"":""217.30""},{""bid_quantity"":20,""ask_quantity"":80,""bid_orders"":1,""ask_orders"":3,""bid_price"":""216.15"",""ask_price"":""217.35""}]"
09:15:49.363,1790826349363148795,1544091917082782,Full Data,8,887216,173.65,20,09:15:49,,,209.68,1844740,92960,4492780,716360,"[{""bid_quantity"":40,""ask_quantity"":60,""bid_orders"":1,""ask_orders"":2,""bid_price"":""173.00"",""ask_price"":""173.65""},{""bid_quantity"":340,""ask_quantity"":100,""bid_orders"":2,""ask_orders"":2,""bid_price"":""172.95"",""ask_price"":""173.70""},{""bid_quantity"":20,""ask_quantity"":200,""bid_orders"":1,""ask_orders"":1,""bid_price"":""172.90"",""ask_price"":""173.75""},{""bid_quantity"":320,""ask_quantity"":140,""bid_orders"":1,""ask_orders"":3,""bid_price"":""172.85"",""ask_price"":""173.85""},{""bid_quantity"":160,""ask_quantity"":20,""bid_orders"":1,""ask_orders"":1,""bid_price"":""172.80"",""ask_price"":""173.95""}]"
09:15:49.399,1790826349399485623,1544091953419810,Full Data,8,887306,222.40,100,09:15:49,,,207.93,1349440,46500,5918300,240500,"[{""bid_quantity"":120,""ask_quantity"":40,""bid_orders"":1,""ask_orders"":2,""bid_price"":""222.15"",""ask_price"":""222.65""},{""bid_quantity"":40,""ask_quantity"":20,""bid_orders"":1,""ask_orders"":1,""bid_price"":""222.10"",""ask_price"":""222.75""},{""bid_quantity"":120,""ask_quantity"":40,""bid_orders"":5,""ask_orders"":1,""bid_price"":""221.85"",""ask_price"":""222.95""},{""bid_quantity"":100,""ask_quantity"":40,""bid_orders"":3,""ask_orders"":1,""bid_price"":""221.75"",""ask_price"":""223.25""},{""bid_quantity"":240,""ask_quantity"":80,""bid_orders"":2,""ask_orders"":2,""bid_price"":""221.70"",""ask_price"":""223.30""}]"
09:15:49.422,1790826349422837089,1544091976770956,Full Data,8,887216,173.55,40,09:15:49,,,209.62,1848180,95500,4495020,716360,"[{""bid_quantity"":120,""ask_quantity"":80,""bid_orders"":1,""ask_orders"":1,""bid_price"":""173.05"",""ask_price"":""174.15""},{""bid_quantity"":400,""ask_quantity"":100,""bid_orders"":3,""ask_orders"":1,""bid_price"":""173.00"",""ask_price"":""174.30""},{""bid_quantity"":280,""ask_quantity"":240,""bid_orders"":3,""ask_orders"":2,""bid_price"":""172.95"",""ask_price"":""174.40""},{""bid_quantity"":400,""ask_quantity"":20,""bid_orders"":3,""ask_orders"":1,""bid_price"":""172.90"",""ask_price"":""174.45""},{""bid_quantity"":20,""ask_quantity"":20,""bid_orders"":1,""ask_orders"":1,""bid_price"":""172.85"",""ask_price"":""174.50""}]"
09:15:49.454,1790826349454203326,1544092008137353,Full Data,8,887253,339.60,60,09:15:49,,,306.63,439140,22960,6137760,55040,"[{""bid_quantity"":380,""ask_quantity"":40,""bid_orders"":3,""ask_orders"":1,""bid_price"":""340.70"",""ask_price"":""342.00""},{""bid_quantity"":120,""ask_quantity"":40,""bid_orders"":2,""ask_orders"":1,""bid_price"":""340.65"",""ask_price"":""342.20""},{""bid_quantity"":100,""ask_quantity"":120,""bid_orders"":3,""ask_orders"":2,""bid_price"":""340.60"",""ask_price"":""342.50""},{""bid_quantity"":180,""ask_quantity"":100,""bid_orders"":5,""ask_orders"":1,""bid_price"":""340.55"",""ask_price"":""342.75""},{""bid_quantity"":20,""ask_quantity"":140,""bid_orders"":1,""ask_orders"":2,""bid_price"":""340.35"",""ask_price"":""343.00""}]"
09:15:49.496,1790826349496164829,1544092050098816,Full Data,8,887080,176.00,40,09:15:49,,,160.96,1164540,51120,5396600,530840,"[{""bid_quantity"":220,""ask_quantity"":80,""bid_orders"":3,""ask_orders"":2,""bid_price"":""175.45"",""ask_price"":""175.95""},{""bid_quantity"":60,""ask_quantity"":220,""bid_orders"":3,""ask_orders"":7,""bid_price"":""175.40"",""ask_price"":""176.00""},{""bid_quantity"":80,""ask_quantity"":40,""bid_orders"":3,""ask_orders"":1,""bid_price"":""175.20"",""ask_price"":""176.10""},{""bid_quantity"":100,""ask_quantity"":180,""bid_orders"":3,""ask_orders"":2,""bid_price"":""175.15"",""ask_price"":""176.15""},{""bid_quantity"":120,""ask_quantity"":220,""bid_orders"":4,""ask_orders"":6,""bid_price"":""175.10"",""ask_price"":""176.25""}]"
09:15:49.500,1790826349500243815,1544092054177762,Full Data,8,887080,172.40,180,09:15:49,,,160.97,1165620,51780,5394720,530840,"[{""bid_quantity"":180,""ask_quantity"":40,""bid_orders"":2,""ask_orders"":1,""bid_price"":""171.05"",""ask_price"":""171.75""},{""bid_quantity"":100,""ask_quantity"":100,""bid_orders"":3,""ask_orders"":3,""bid_price"":""171.00"",""ask_price"":""171.80""},{""bid_quantity"":60,""ask_quantity"":40,""bid_orders"":2,""ask_orders"":1,""bid_price"":""170.95"",""ask_price"":""172.00""},{""bid_quantity"":120,""ask_quantity"":100,""bid_orders"":4,""ask_orders"":3,""bid_price"":""170.90"",""ask_price"":""172.05""},{""bid_quantity"":180,""ask_quantity"":80,""bid_orders"":3,""ask_orders"":2,""bid_price"":""170.85"",""ask_price"":""172.10""}]"
09:15:49.718,1790826349718584345,1544092272518412,Full Data,8,886540,138.40,20,09:15:49,,,166.55,1241960,105880,3837060,632060,"[{""bid_quantity"":20,""ask_quantity"":40,""bid_orders"":1,""ask_orders"":2,""bid_price"":""138.35"",""ask_price"":""138.90""},{""bid_quantity"":380,""ask_quantity"":80,""bid_orders"":5,""ask_orders"":3,""bid_price"":""138.30"",""ask_price"":""138.95""},{""bid_quantity"":20,""ask_quantity"":80,""bid_orders"":1,""ask_orders"":3,""bid_price"":""138.25"",""ask_price"":""139.00""},{""bid_quantity"":140,""ask_quantity"":20,""bid_orders"":3,""ask_orders"":1,""bid_price"":""138.20"",""ask_price"":""139.05""},{""bid_quantity"":120,""ask_quantity"":20,""bid_orders"":4,""ask_orders"":1,""bid_price"":""138.15"",""ask_price"":""139.10""}]"
09:15:49.722,1790826349722885292,1544092276819319,Full Data,8,887279,275.90,20,09:15:49,,,320.77,720980,58740,4176280,793060,"[{""bid_quantity"":100,""ask_quantity"":100,""bid_orders"":1,""ask_orders"":2,""bid_price"":""274.20"",""ask_price"":""275.20""},{""bid_quantity"":100,""ask_quantity"":60,""bid_orders"":2,""ask_orders"":2,""bid_price"":""274.05"",""ask_price"":""275.35""},{""bid_quantity"":100,""ask_quantity"":40,""bid_orders"":1,""ask_orders"":1,""bid_price"":""274.00"",""ask_price"":""275.45""},{""bid_quantity"":180,""ask_quantity"":200,""bid_orders"":2,""ask_orders"":2,""bid_price"":""273.90"",""ask_price"":""275.55""},{""bid_quantity"":100,""ask_quantity"":100,""bid_orders"":1,""ask_orders"":3,""bid_price"":""273.80"",""ask_price"":""275.60""}]"
09:15:49.757,1790826349757810231,1544092311744178,Full Data,8,886540,139.30,20,09:15:49,,,166.51,1243400,104900,3839340,632060,"[{""bid_quantity"":120,""ask_quantity"":100,""bid_orders"":2,""ask_orders"":4,""bid_price"":""139.55"",""ask_price"":""140.00""},{""bid_quantity"":40,""ask_quantity"":20,""bid_orders"":1,""ask_orders"":1,""bid_price"":""139.50"",""ask_price"":""140.05""},{""bid_quantity"":140,""ask_quantity"":80,""bid_orders"":3,""ask_orders"":3,""bid_price"":""139.45"",""ask_price"":""140.10""},{""bid_quantity"":20,""ask_quantity"":60,""bid_orders"":1,""ask_orders"":2,""bid_price"":""139.40"",""ask_price"":""140.15""},{""bid_quantity"":100,""ask_quantity"":20,""bid_orders"":4,""ask_orders"":1,""bid_price"":""139.35"",""ask_price"":""140.20""}]"
09:15:49.789,1790826349789200348,1544092343134215,Full Data,8,886671,82.85,100,09:15:49,,,99.53,1160720,58160,3108980,570580,"[{""bid_quantity"":80,""ask_quantity"":120,""bid_orders"":2,""ask_orders"":1,""bid_price"":""83.15"",""ask_price"":""83.50""},{""bid_quantity"":60,""ask_quantity"":40,""bid_orders"":1,""ask_orders"":1,""bid_price"":""83.05"",""ask_price"":""83.55""},{""bid_quantity"":420,""ask_quantity"":120,""bid_orders"":5,""ask_orders"":3,""bid_price"":""83.00"",""ask_price"":""83.60""},{""bid_quantity"":20,""ask_quantity"":220,""bid_orders"":1,""ask_orders"":3,""bid_price"":""82.95"",""ask_price"":""83.65""},{""bid_quantity"":80,""ask_quantity"":20,""bid_orders"":1,""ask_orders"":1,""bid_price"":""82.85"",""ask_price"":""83.70""}]"
09:15:49.802,1790826349802369071,1544092356303138,Full Data,8,886961,476.40,20,09:15:49,,,443.38,61820,18140,4507500,36440,"[{""bid_quantity"":40,""ask_quantity"":40,""bid_orders"":2,""ask_orders"":2,""bid_price"":""472.35"",""ask_price"":""476.45""},{""bid_quantity"":40,""ask_quantity"":100,""bid_orders"":2,""ask_orders"":1,""bid_price"":""472.30"",""ask_price"":""476.50""},{""bid_quantity"":60,""ask_quantity"":120,""bid_orders"":3,""ask_orders"":2,""bid_price"":""472.20"",""ask_price"":""476.55""},{""bid_quantity"":20,""ask_quantity"":200,""bid_orders"":1,""ask_orders"":3,""bid_price"":""472.15"",""ask_price"":""476.60""},{""bid_quantity"":20,""ask_quantity"":20,""bid_orders"":1,""ask_orders"":1,""bid_price"":""472.00"",""ask_price"":""476.70""}]"
09:15:49.832,1790826349832748061,1544092386682008,Full Data,8,886671,82.85,100,09:15:49,,,99.53,1160720,58180,3108200,570580,"[{""bid_quantity"":60,""ask_quantity"":40,""bid_orders"":1,""ask_orders"":1,""bid_price"":""83.25"",""ask_price"":""83.55""},{""bid_quantity"":180,""ask_quantity"":100,""bid_orders"":2,""ask_orders"":2,""bid_price"":""83.20"",""ask_price"":""83.60""},{""bid_quantity"":80,""ask_quantity"":200,""bid_orders"":2,""ask_orders"":4,""bid_price"":""83.15"",""ask_price"":""83.65""},{""bid_quantity"":180,""ask_quantity"":20,""bid_orders"":2,""ask_orders"":1,""bid_price"":""83.10"",""ask_price"":""83.70""},{""bid_quantity"":80,""ask_quantity"":80,""bid_orders"":2,""ask_orders"":3,""bid_price"":""83.05"",""ask_price"":""83.75""}]"
09:15:49.833,1790826349833126344,1544092387060251,Full Data,8,886685,341.10,20,09:15:49,,,386.45,826020,58100,5863960,1793000,"[{""bid_quantity"":160,""ask_quantity"":40,""bid_orders"":1,""ask_orders"":1,""bid_price"":""339.60"",""ask_price"":""340.95""},{""bid_quantity"":120,""ask_quantity"":40,""bid_orders"":3,""ask_orders"":1,""bid_price"":""339.55"",""ask_price"":""341.00""},{""bid_quantity"":160,""ask_quantity"":80,""bid_orders"":1,""ask_orders"":2,""bid_price"":""339.50"",""ask_price"":""341.05""},{""bid_quantity"":80,""ask_quantity"":80,""bid_orders"":2,""ask_orders"":2,""bid_price"":""339.45"",""ask_price"":""341.15""},{""bid_quantity"":80,""ask_quantity"":40,""bid_orders"":2,""ask_orders"":1,""bid_price"":""339.35"",""ask_price"":""341.20""}]"
09:15:49.836,1790826349836866767,1544092390800634,Full Data,8,886461,131.45,40,09:15:49,,,126.03,1670020,93840,7959540,1682940,"[{""bid_quantity"":60,""ask_quantity"":120,""bid_orders"":1,""ask_orders"":3,""bid_price"":""130.95"",""ask_price"":""131.55""},{""bid_quantity"":240,""ask_quantity"":240,""bid_orders"":3,""ask_orders"":3,""bid_price"":""130.90"",""ask_price"":""131.60""},{""bid_quantity"":120,""ask_quantity"":240,""bid_orders"":3,""ask_orders"":3,""bid_price"":""130.85"",""ask_price"":""131.65""},{""bid_quantity"":80,""ask_quantity"":40,""bid_orders"":3,""ask_orders"":1,""bid_price"":""130.75"",""ask_price"":""131.70""},{""bid_quantity"":100,""ask_quantity"":140,""bid_orders"":4,""ask_orders"":1,""bid_price"":""130.70"",""ask_price"":""131.75""}]"
09:15:49.842,1790826349842186441,1544092396120308,Full Data,8,886961,476.40,20,09:15:49,,,443.38,61820,16960,4509600,36440,"[{""bid_quantity"":160,""ask_quantity"":40,""bid_orders"":2,""ask_orders"":2,""bid_price"":""472.55"",""ask_price"":""476.80""},{""bid_quantity"":160,""ask_quantity"":20,""bid_orders"":4,""ask_orders"":1,""bid_price"":""472.50"",""ask_price"":""478.15""},{""bid_quantity"":120,""ask_quantity"":40,""bid_orders"":5,""ask_orders"":1,""bid_price"":""472.45"",""ask_price"":""478.50""},{""bid_quantity"":40,""ask_quantity"":100,""bid_orders"":2,""ask_orders"":1,""bid_price"":""472.40"",""ask_price"":""478.80""},{""bid_quantity"":20,""ask_quantity"":20,""bid_orders"":1,""ask_orders"":1,""bid_price"":""472.30"",""ask_price"":""479.20""}]"
09:15:49.860,1790826349860383875,1544092414317822,Full Data,8,886461,132.20,260,09:15:49,,,126.04,1672220,94860,7964240,1682940,"[{""bid_quantity"":340,""ask_quantity"":200,""bid_orders"":3,""ask_orders"":3,""bid_price"":""132.40"",""ask_price"":""133.00""},{""bid_quantity"":260,""ask_quantity"":160,""bid_orders"":4,""ask_orders"":1,""bid_price"":""132.35"",""ask_price"":""133.25""},{""bid_quantity"":200,""ask_quantity"":40,""bid_orders"":4,""ask_orders"":1,""bid_price"":""132.30"",""ask_price"":""133.40""},{""bid_quantity"":100,""ask_quantity"":100,""bid_orders"":2,""ask_orders"":1,""bid_price"":""132.25"",""ask_price"":""133.45""},{""bid_quantity"":180,""ask_quantity"":140,""bid_orders"":3,""ask_orders"":2,""bid_price"":""132.20"",""ask_price"":""133.50""}]"
09:15:50.067,1790826350067414174,1544092621348241,Full Data,8,886659,272.05,40,09:15:50,,,255.32,1225060,39020,6507540,138720,"[{""bid_quantity"":380,""ask_quantity"":160,""bid_orders"":2,""ask_orders"":7,""bid_price"":""272.50"",""ask_price"":""273.30""},{""bid_quantity"":60,""ask_quantity"":100,""bid_orders"":2,""ask_orders"":3,""bid_price"":""272.45"",""ask_price"":""273.55""},{""bid_quantity"":20,""ask_quantity"":160,""bid_orders"":1,""ask_orders"":3,""bid_price"":""272.40"",""ask_price"":""273.60""},{""bid_quantity"":60,""ask_quantity"":140,""bid_orders"":2,""ask_orders"":2,""bid_price"":""272.35"",""ask_price"":""273.80""},{""bid_quantity"":20,""ask_quantity"":160,""bid_orders"":1,""ask_orders"":1,""bid_price"":""272.30"",""ask_price"":""273.95""}]"
09:15:50.124,1790826350124159970,1544092678094117,Full Data,8,886659,272.25,20,09:15:50,,,255.34,1226940,41160,6507980,138720,"[{""bid_quantity"":340,""ask_quantity"":320,""bid_orders"":2,""ask_orders"":1,""bid_price"":""272.00"",""ask_price"":""273.20""},{""bid_quantity"":140,""ask_quantity"":200,""bid_orders"":3,""ask_orders"":4,""bid_price"":""271.95"",""ask_price"":""273.25""},{""bid_quantity"":60,""ask_quantity"":160,""bid_orders"":2,""ask_orders"":7,""bid_price"":""271.70"",""ask_price"":""273.30""},{""bid_quantity"":320,""ask_quantity"":160,""bid_orders"":1,""ask_orders"":1,""bid_price"":""271.65"",""ask_price"":""273.55""},{""bid_quantity"":740,""ask_quantity"":100,""bid_orders"":4,""ask_orders"":2,""bid_price"":""271.60"",""ask_price"":""273.70""}]"
09:15:50.170,1790826350170639022,1544092724573089,Full Data,8,886790,106.50,60,09:15:50,,,129.91,2840060,200440,5528420,2100780,"[{""bid_quantity"":100,""ask_quantity"":180,""bid_orders"":3,""ask_orders"":3,""bid_price"":""106.50"",""ask_price"":""106.90""},{""bid_quantity"":60,""ask_quantity"":320,""bid_orders"":1,""ask_orders"":5,""bid_price"":""106.45"",""ask_price"":""106.95""},{""bid_quantity"":60,""ask_quantity"":340,""bid_orders"":1,""ask_orders"":2,""bid_price"":""106.40"",""ask_price"":""107.00""},{""bid_quantity"":80,""ask_quantity"":40,""bid_orders"":2,""ask_orders"":2,""bid_price"":""106.30"",""ask_price"":""107.05""},{""bid_quantity"":100,""ask_quantity"":640,""bid_orders"":1,""ask_orders"":6,""bid_price"":""106.20"",""ask_price"":""107.10""}]"
09:15:50.175,1790826350175477132,1544092729411119,Full Data,8,886790,106.50,60,09:15:50,,,129.91,2840060,199800,5528660,2100780,"[{""bid_quantity"":100,""ask_quantity"":80,""bid_orders"":3,""ask_orders"":2,""bid_price"":""106.55"",""ask_price"":""107.00""},{""bid_quantity"":300,""ask_quantity"":60,""bid_orders"":3,""ask_orders"":1,""bid_price"":""106.50"",""ask_price"":""107.05""},{""bid_quantity"":80,""ask_quantity"":160,""bid_orders"":2,""ask_orders"":2,""bid_price"":""106.45"",""ask_price"":""107.10""},{""bid_quantity"":80,""ask_quantity"":160,""bid_orders"":2,""ask_orders"":1,""bid_price"":""106.40"",""ask_price"":""107.15""},{""bid_quantity"":100,""ask_quantity"":300,""bid_orders"":3,""ask_orders"":4,""bid_price"":""106.30"",""ask_price"":""107.20""}]"
09:15:50.227,1790826350227300177,1544092781234564,Full Data,8,886589,406.05,20,09:15:50,,,364.99,564060,24440,7430040,194360,"[{""bid_quantity"":20,""ask_quantity"":40,""bid_orders"":1,""ask_orders"":2,""bid_price"":""407.05"",""ask_price"":""409.15""},{""bid_quantity"":20,""ask_quantity"":80,""bid_orders"":1,""ask_orders"":4,""bid_price"":""406.75"",""ask_price"":""409.20""},{""bid_quantity"":20,""ask_quantity"":180,""bid_orders"":1,""ask_orders"":8,""bid_price"":""406.65"",""ask_price"":""409.75""},{""bid_quantity"":20,""ask_quantity"":140,""bid_orders"":1,""ask_orders"":5,""bid_price"":""406.60"",""ask_price"":""409.80""},{""bid_quantity"":100,""ask_quantity"":40,""bid_orders"":1,""ask_orders"":2,""bid_price"":""406.50"",""ask_price"":""409.85""}]"
09:15:50.278,1790826350278801260,1544092832735447,Full Data,8,886620,217.70,100,09:15:50,,,251.99,1415360,82120,4451500,731020,"[{""bid_quantity"":40,""ask_quantity"":100,""bid_orders"":1,""ask_orders"":3,""bid_price"":""217.10"",""ask_price"":""217.60""},{""bid_quantity"":60,""ask_quantity"":120,""bid_orders"":2,""ask_orders"":4,""bid_price"":""217.00"",""ask_price"":""217.65""},{""bid_quantity"":540,""ask_quantity"":20,""bid_orders"":3,""ask_orders"":1,""bid_price"":""216.75"",""ask_price"":""217.70""},{""bid_quantity"":40,""ask_quantity"":100,""bid_orders"":1,""ask_orders"":3,""bid_price"":""216.65"",""ask_price"":""217.75""},{""bid_quantity"":100,""ask_quantity"":340,""bid_orders"":1,""ask_orders"":5,""bid_price"":""216.60"",""ask_price"":""217.80""}]"
09:15:50.292,1790826350292539827,1544092846473814,Full Data,8,886620,217.00,60,09:15:50,,,251.98,1415540,77760,4449440,731020,"[{""bid_quantity"":40,""ask_quantity"":80,""bid_orders"":1,""ask_orders"":2,""bid_price"":""216.35"",""ask_price"":""217.10""},{""bid_quantity"":880,""ask_quantity"":300,""bid_orders"":5,""ask_orders"":5,""bid_price"":""216.30"",""ask_price"":""217.15""},{""bid_quantity"":60,""ask_quantity"":120,""bid_orders"":2,""ask_orders"":2,""bid_price"":""216.10"",""ask_price"":""217.20""},{""bid_quantity"":180,""ask_quantity"":220,""bid_orders"":2,""ask_orders"":2,""bid_price"":""216.05"",""ask_price"":""217.35""},{""bid_quantity"":660,""ask_quantity"":20,""bid_orders"":3,""ask_orders"":1,""bid_price"":""216.00"",""ask_price"":""217.45""}]"
09:15:50.319,1790826350319731957,1544092873665904,Ticker Data,0,51,72313.60,,09:15:50,,,,,,,,
09:15:50.324,1790826350324175185,1544092878109012,Full Data,8,886589,413.05,20,09:15:50,,,365.02,564460,21100,7431540,194360,"[{""bid_quantity"":180,""ask_quantity"":60,""bid_orders"":4,""ask_orders"":3,""bid_price"":""409.95"",""ask_price"":""413.05""},{""bid_quantity"":200,""ask_quantity"":160,""bid_orders"":3,""ask_orders"":3,""bid_price"":""409.90"",""ask_price"":""413.10""},{""bid_quantity"":120,""ask_quantity"":20,""bid_orders"":4,""ask_orders"":1,""bid_price"":""409.85"",""ask_price"":""413.15""},{""bid_quantity"":80,""ask_quantity"":200,""bid_orders"":1,""ask_orders"":1,""bid_price"":""409.80"",""ask_price"":""413.60""},{""bid_quantity"":80,""ask_quantity"":20,""bid_orders"":4,""ask_orders"":1,""bid_price"":""409.75"",""ask_price"":""413.65""}]"
09:15:50.369,1790826350369108507,1544092923043014,Full Data,8,887306,224.80,260,09:15:50,,,208.11,1372520,41620,5914340,240500,"[{""bid_quantity"":40,""ask_quantity"":40,""bid_orders"":1,""ask_orders"":1,""bid_price"":""222.25"",""ask_price"":""223.25""},{""bid_quantity"":40,""ask_quantity"":20,""bid_orders"":1,""ask_orders"":1,""bid_price"":""222.20"",""ask_price"":""223.30""},{""bid_quantity"":40,""ask_quantity"":20,""bid_orders"":1,""ask_orders"":1,""bid_price"":""222.15"",""ask_price"":""223.35""},{""bid_quantity"":60,""ask_quantity"":20,""bid_orders"":1,""ask_orders"":1,""bid_price"":""222.05"",""ask_price"":""223.40""},{""bid_quantity"":220,""ask_quantity"":20,""bid_orders"":3,""ask_orders"":1,""bid_price"":""222.00"",""ask_price"":""223.50""}]"
09:15:50.399,1790826350399505138,1544092953439165,Full Data,8,887216,172.50,40,09:15:50,,,209.20,1871780,95960,4493720,716360,"[{""bid_quantity"":320,""ask_quantity"":40,""bid_orders"":1,""ask_orders"":1,""bid_price"":""172.40"",""ask_price"":""172.90""},{""bid_quantity"":800,""ask_quantity"":60,""bid_orders"":5,""ask_orders"":2,""bid_price"":""172.35"",""ask_price"":""172.95""},{""bid_quantity"":340,""ask_quantity"":160,""bid_orders"":2,""ask_orders"":4,""bid_price"":""172.25"",""ask_price"":""173.00""},{""bid_quantity"":140,""ask_quantity"":340,""bid_orders"":3,""ask_orders"":4,""bid_price"":""172.20"",""ask_price"":""173.05""},{""bid_quantity"":180,""ask_quantity"":100,""bid_orders"":3,""ask_orders"":4,""bid_price"":""172.05"",""ask_price"":""173.10""}]"
09:15:50.414,1790826350414415311,1544092968349298,Full Data,8,887306,221.45,180,09:15:50,,,208.12,1373620,40480,5914340,240500,"[{""bid_quantity"":60,""ask_quantity"":40,""bid_orders"":2,""ask_orders"":1,""bid_price"":""221.55"",""ask_price"":""222.35""},{""bid_quantity"":20,""ask_quantity"":40,""bid_orders"":1,""ask_orders"":2,""bid_price"":""221.50"",""ask_price"":""222.45""},{""bid_quantity"":60,""ask_quantity"":40,""bid_orders"":2,""ask_orders"":2,""bid_price"":""221.45"",""ask_price"":""222.55""},{""bid_quantity"":40,""ask_quantity"":100,""bid_orders"":2,""ask_orders"":1,""bid_price"":""221.40"",""ask_price"":""222.90""},{""bid_quantity"":20,""ask_quantity"":40,""bid_orders"":1,""ask_orders"":1,""bid_price"":""221.35"",""ask_price"":""222.95""}]"
09:15:50.443,1790826350443716055,1544092997650482,Full Data,8,887216,173.25,400,09:15:50,,,209.18,1872760,96540,4494120,716360,"[{""bid_quantity"":320,""ask_quantity"":320,""bid_orders"":1,""ask_orders"":5,""bid_price"":""172.70"",""ask_price"":""173.25""},{""bid_quantity"":60,""ask_quantity"":200,""bid_orders"":2,""ask_orders"":8,""bid_price"":""172.65"",""ask_price"":""173.30""},{""bid_quantity"":380,""ask_quantity"":200,""bid_orders"":3,""ask_orders"":2,""bid_price"":""172.60"",""ask_price"":""173.35""},{""bid_quantity"":20,""ask_quantity"":160,""bid_orders"":1,""ask_orders"":1,""bid_price"":""172.50"",""ask_price"":""173.50""},{""bid_quantity"":20,""ask_quantity"":220,""bid_orders"":1,""ask_orders"":3,""bid_price"":""172.45"",""ask_price"":""173.55""}]"
09:15:50.477,1790826350477302346,1544093031236213,Full Data,8,887253,340.20,20,09:15:50,,,306.84,442240,23240,6137660,55040,"[{""bid_quantity"":40,""ask_quantity"":80,""bid_orders"":2,""ask_orders"":1,""bid_price"":""339.95"",""ask_price"":""340.80""},{""bid_quantity"":80,""ask_quantity"":80,""bid_orders"":4,""ask_orders"":2,""bid_price"":""339.90"",""ask_price"":""340.85""},{""bid_quantity"":100,""ask_quantity"":220,""bid_orders"":1,""ask_orders"":2,""bid_price"":""339.30"",""ask_price"":""340.90""},{""bid_quantity"":140,""ask_quantity"":200,""bid_orders"":4,""ask_orders"":2,""bid_price"":""339.25"",""ask_price"":""340.95""},{""bid_quantity"":120,""ask_quantity"":60,""bid_orders"":3,""ask_orders"":2,""bid_price"":""339.20"",""ask_price"":""341.00""}]"
09:15:50.483,1790826350483844747,1544093037778614,Full Data,8,887253,341.90,80,09:15:50,,,306.89,442900,19600,6138300,55040,"[{""bid_quantity"":20,""ask_quantity"":40,""bid_orders"":1,""ask_orders"":1,""bid_price"":""341.35"",""ask_price"":""343.65""},{""bid_quantity"":100,""ask_quantity"":120,""bid_orders"":3,""ask_orders"":3,""bid_price"":""341.30"",""ask_price"":""343.70""},{""bid_quantity"":200,""ask_quantity"":100,""bid_orders"":4,""ask_orders"":1,""bid_price"":""341.25"",""ask_price"":""343.75""},{""bid_quantity"":180,""ask_quantity"":20,""bid_orders"":2,""ask_orders"":1,""bid_price"":""341.20"",""ask_price"":""343.90""},{""bid_quantity"":560,""ask_quantity"":40,""bid_orders"":6,""ask_orders"":1,""bid_price"":""341.15"",""ask_price"":""343.95""}]"
09:15:50.573,1790826350573875392,1544093127809739,Full Data,8,887080,173.95,60,09:15:50,,,161.19,1187700,47240,5397120,530840,"[{""bid_quantity"":60,""ask_quantity"":20,""bid_orders"":3,""ask_orders"":1,""bid_price"":""173.60"",""ask_price"":""174.05""},{""bid_quantity"":100,""ask_quantity"":180,""bid_orders"":2,""ask_orders"":2,""bid_price"":""173.50"",""ask_price"":""174.10""},{""bid_quantity"":140,""ask_quantity"":40,""bid_orders"":2,""ask_orders"":1,""bid_price"":""173.25"",""ask_price"":""174.15""},{""bid_quantity"":80,""ask_quantity"":180,""bid_orders"":2,""ask_orders"":2,""bid_price"":""173.15"",""ask_price"":""174.20""},{""bid_quantity"":120,""ask_quantity"":40,""bid_orders"":3,""ask_orders"":1,""bid_price"":""173.00"",""ask_price"":""174.35""}]"
09:15:50.740,1790826350740503958,1544093294438345,Full Data,8,887279,267.00,80,09:15:50,,,319.86,734480,58760,4176820,793060,"[{""bid_quantity"":40,""ask_quantity"":20,""bid_orders"":2,""ask_orders"":1,""bid_price"":""267.25"",""ask_price"":""267.95""},{""bid_quantity"":80,""ask_quantity"":20,""bid_orders"":2,""ask_orders"":1,""bid_price"":""267.20"",""ask_price"":""268.05""},{""bid_quantity"":120,""ask_quantity"":120,""bid_orders"":4,""ask_orders"":2,""bid_price"":""267.15"",""ask_price"":""268.40""},{""bid_quantity"":100,""ask_quantity"":100,""bid_orders"":3,""ask_orders"":1,""bid_price"":""267.10"",""ask_price"":""268.60""},{""bid_quantity"":40,""ask_quantity"":20,""bid_orders"":1,""ask_orders"":1,""bid_price"":""267.05"",""ask_price"":""268.75""}]"
09:15:50.745,1790826350745579229,1544093299513216,Full Data,8,886540,134.15,100,09:15:50,,,166.12,1259700,106600,3840300,632060,"[{""bid_quantity"":320,""ask_quantity"":60,""bid_orders"":5,""ask_orders"":3,""bid_price"":""133.90"",""ask_price"":""134.25""},{""bid_quantity"":40,""ask_quantity"":20,""bid_orders"":1,""ask_orders"":1,""bid_price"":""133.85"",""ask_price"":""134.30""},{""bid_quantity"":280,""ask_quantity"":320,""bid_orders"":4,""ask_orders"":5,""bid_price"":""133.80"",""ask_price"":""134.50""},{""bid_quantity"":40,""ask_quantity"":20,""bid_orders"":1,""ask_orders"":1,""bid_price"":""133.75"",""ask_price"":""134.55""},{""bid_quantity"":60,""ask_quantity"":220,""bid_orders"":2,""ask_orders"":4,""bid_price"":""133.65"",""ask_price"":""134.60""}]"
09:15:50.804,1790826350804499639,1544093358433706,Full Data,8,886671,79.05,100,09:15:50,,,99.27,1176760,64300,3105540,570580,"[{""bid_quantity"":120,""ask_quantity"":80,""bid_orders"":3,""ask_orders"":2,""bid_price"":""78.50"",""ask_price"":""78.85""},{""bid_quantity"":200,""ask_quantity"":80,""bid_orders"":3,""ask_orders"":4,""bid_price"":""78.45"",""ask_price"":""78.90""},{""bid_quantity"":420,""ask_quantity"":80,""bid_orders"":5,""ask_orders"":3,""bid_price"":""78.40"",""ask_price"":""78.95""},{""bid_quantity"":180,""ask_quantity"":260,""bid_orders"":2,""ask_orders"":3,""bid_price"":""78.30"",""ask_price"":""79.10""},{""bid_quantity"":60,""ask_quantity"":60,""bid_orders"":1,""ask_orders"":3,""bid_price"":""78.25"",""ask_price"":""79.15""}]"
09:15:50.807,1790826350807062975,1544093360996802,Full Data,8,886671,78.80,20,09:15:50,,,99.27,1176780,64220,3105580,570580,"[{""bid_quantity"":120,""ask_quantity"":80,""bid_orders"":3,""ask_orders"":3,""bid_price"":""78.50"",""ask_price"":""78.80""},{""bid_quantity"":420,""ask_quantity"":60,""bid_orders"":5,""ask_orders"":3,""bid_price"":""78.40"",""ask_price"":""78.85""},{""bid_quantity"":180,""ask_quantity"":280,""bid_orders"":2,""ask_orders"":4,""bid_price"":""78.30"",""ask_price"":""79.10""},{""bid_quantity"":60,""ask_quantity"":200,""bid_orders"":1,""ask_orders"":4,""bid_price"":""78.25"",""ask_price"":""79.15""},{""bid_quantity"":220,""ask_quantity"":160,""bid_orders"":2,""ask_orders"":3,""bid_price"":""78.20"",""ask_price"":""79.20""}]"
09:15:50.807,1790826350807213696,1544093361147363,Full Data,8,886685,327.75,20,09:15:50,,,385.93,834060,60680,5862380,1793000,"[{""bid_quantity"":20,""ask_quantity"":40,""bid_orders"":1,""ask_orders"":1,""bid_price"":""326.55"",""ask_price"":""327.65""},{""bid_quantity"":320,""ask_quantity"":200,""bid_orders"":4,""ask_orders"":2,""bid_price"":""326.50"",""ask_price"":""327.70""},{""bid_quantity"":40,""ask_quantity"":140,""bid_orders"":1,""ask_orders"":4,""bid_price"":""326.40"",""ask_price"":""327.75""},{""bid_quantity"":80,""ask_quantity"":100,""bid_orders"":2,""ask_orders"":4,""bid_price"":""326.30"",""ask_price"":""327.80""},{""bid_quantity"":40,""ask_quantity"":60,""bid_orders"":1,""ask_orders"":3,""bid_price"":""326.15"",""ask_price"":""327.85""}]"
09:15:50.831,1790826350831955292,1544093385889359,Full Data,8,886540,133.55,140,09:15:50,,,166.10,1260100,108000,3838600,632060,"[{""bid_quantity"":20,""ask_quantity"":260,""bid_orders"":1,""ask_orders"":3,""bid_price"":""133.00"",""ask_price"":""133.45""},{""bid_quantity"":160,""ask_quantity"":40,""bid_orders"":3,""ask_orders"":2,""bid_price"":""132.90"",""ask_price"":""133.50""},{""bid_quantity"":140,""ask_quantity"":80,""bid_orders"":2,""ask_orders"":2,""bid_price"":""132.80"",""ask_price"":""133.65""},{""bid_quantity"":280,""ask_quantity"":300,""bid_orders"":4,""ask_orders"":4,""bid_price"":""132.70"",""ask_price"":""133.70""},{""bid_quantity"":20,""ask_quantity"":320,""bid_orders"":1,""ask_orders"":4,""bid_price"":""132.65"",""ask_price"":""133.75""}]"
09:15:50.855,1790826350855479519,1544093409413706,Full Data,8,886961,487.00,20,09:15:50,,,443.48,61960,17360,4607120,36440,"[{""bid_quantity"":80,""ask_quantity"":20,""bid_orders"":4,""ask_orders"":1,""bid_price"":""484.75"",""ask_price"":""487.90""},{""bid_quantity"":80,""ask_quantity"":60,""bid_orders"":4,""ask_orders"":2,""bid_price"":""484.70"",""ask_price"":""487.95""},{""bid_quantity"":20,""ask_quantity"":20,""bid_orders"":1,""ask_orders"":1,""bid_price"":""484.65"",""ask_price"":""488.00""},{""bid_quantity"":20,""ask_quantity"":20,""bid_orders"":1,""ask_orders"":1,""bid_price"":""484.55"",""ask_price"":""488.10""},{""bid_quantity"":20,""ask_quantity"":20,""bid_orders"":1,""ask_orders"":1,""bid_price"":""484.50"",""ask_price"":""488.15""}]"
09:15:50.861,1790826350861018554,1544093414952461,Full Data,8,886461,135.75,20,09:15:50,,,126.16,1694240,93100,7960180,1682940,"[{""bid_quantity"":80,""ask_quantity"":60,""bid_orders"":3,""ask_orders"":2,""bid_price"":""135.65"",""ask_price"":""136.05""},{""bid_quantity"":680,""ask_quantity"":260,""bid_orders"":7,""ask_orders"":4,""bid_price"":""135.50"",""ask_price"":""136.10""},{""bid_quantity"":60,""ask_quantity"":220,""bid_orders"":2,""ask_orders"":4,""bid_price"":""135.45"",""ask_price"":""136.15""},{""bid_quantity"":80,""ask_quantity"":120,""bid_orders"":1,""ask_orders"":3,""bid_price"":""135.30"",""ask_price"":""136.20""},{""bid_quantity"":160,""ask_quantity"":40,""bid_orders"":1,""ask_orders"":1,""bid_price"":""135.20"",""ask_price"":""136.25""}]"
09:15:50.890,1790826350890862221,1544093444796648,Full Data,8,886961,484.40,20,09:15:50,,,443.49,61980,17300,4606860,36440,"[{""bid_quantity"":20,""ask_quantity"":20,""bid_orders"":1,""ask_orders"":1,""bid_price"":""483.75"",""ask_price"":""486.90""},{""bid_quantity"":40,""ask_quantity"":120,""bid_orders"":2,""ask_orders"":3,""bid_price"":""481.75"",""ask_price"":""486.95""},{""bid_quantity"":40,""ask_quantity"":20,""bid_orders"":2,""ask_orders"":1,""bid_price"":""481.35"",""ask_price"":""487.30""},{""bid_quantity"":20,""ask_quantity"":20,""bid_orders"":1,""ask_orders"":1,""bid_price"":""481.30"",""ask_price"":""487.35""},{""bid_quantity"":20,""ask_quantity"":20,""bid_orders"":1,""ask_orders"":1,""bid_price"":""481.25"",""ask_price"":""487.60""}]"
09:15:50.905,1790826350905909276,1544093459843263,Full Data,8,886461,135.65,40,09:15:50,,,126.17,1695200,92020,7959900,1682940,"[{""bid_quantity"":60,""ask_quantity"":160,""bid_orders"":1,""ask_orders"":1,""bid_price"":""134.95"",""ask_price"":""135.50""},{""bid_quantity"":180,""ask_quantity"":100,""bid_orders"":2,""ask_orders"":1,""bid_price"":""134.90"",""ask_price"":""135.55""},{""bid_quantity"":20,""ask_quantity"":220,""bid_orders"":1,""ask_orders"":2,""bid_price"":""134.85"",""ask_price"":""135.60""},{""bid_quantity"":100,""ask_quantity"":400,""bid_orders"":1,""ask_orders"":2,""bid_price"":""134.70"",""ask_price"":""135.65""},{""bid_quantity"":180,""ask_quantity"":20,""bid_orders"":2,""ask_orders"":1,""bid_price"":""134.65"",""ask_price"":""135.70""}]"
09:15:51.153,1790826351153508349,1544093707442416,Full Data,8,886659,278.65,20,09:15:51,,,255.58,1240400,39800,6508280,138720,"[{""bid_quantity"":140,""ask_quantity"":320,""bid_orders"":3,""ask_orders"":2,""bid_price"":""278.20"",""ask_price"":""278.95""},{""bid_quantity"":140,""ask_quantity"":360,""bid_orders"":3,""ask_orders"":2,""bid_price"":""278.00"",""ask_price"":""279.05""},{""bid_quantity"":120,""ask_quantity"":100,""bid_orders"":3,""ask_orders"":3,""bid_price"":""277.90"",""ask_price"":""279.15""},{""bid_quantity"":60,""ask_quantity"":240,""bid_orders"":2,""ask_orders"":7,""bid_price"":""277.85"",""ask_price"":""279.40""},{""bid_quantity"":100,""ask_quantity"":360,""bid_orders"":1,""ask_orders"":5,""bid_price"":""277.80"",""ask_price"":""279.45""}]"
09:15:51.170,1790826351170992059,1544093724926126,Full Data,8,886790,104.60,100,09:15:51,,,129.46,2891860,204180,5519560,2100780,"[{""bid_quantity"":80,""ask_quantity"":180,""bid_orders"":2,""ask_orders"":2,""bid_price"":""104.05"",""ask_price"":""104.35""},{""bid_quantity"":80,""ask_quantity"":80,""bid_orders"":2,""ask_orders"":2,""bid_price"":""104.00"",""ask_price"":""104.40""},{""bid_quantity"":300,""ask_quantity"":120,""bid_orders"":3,""ask_orders"":2,""bid_price"":""103.80"",""ask_price"":""104.45""},{""bid_quantity"":140,""ask_quantity"":500,""bid_orders"":3,""ask_orders"":3,""bid_price"":""103.75"",""ask_price"":""104.50""},{""bid_quantity"":100,""ask_quantity"":660,""bid_orders"":1,""ask_orders"":4,""bid_price"":""103.70"",""ask_price"":""104.55""}]"
09:15:51.198,1790826351198617792,1544093752551899,Full Data,8,886790,104.10,40,09:15:51,,,129.46,2891900,203880,5519960,2100780,"[{""bid_quantity"":80,""ask_quantity"":20,""bid_orders"":2,""ask_orders"":1,""bid_price"":""104.05"",""ask_price"":""104.15""},{""bid_quantity"":320,""ask_quantity"":160,""bid_orders"":3,""ask_orders"":1,""bid_price"":""103.80"",""ask_price"":""104.35""},{""bid_quantity"":180,""ask_quantity"":120,""bid_orders"":4,""ask_orders"":2,""bid_price"":""103.75"",""ask_price"":""104.45""},{""bid_quantity"":100,""ask_quantity"":340,""bid_orders"":1,""ask_orders"":2,""bid_price"":""103.70"",""ask_price"":""104.50""},{""bid_quantity"":20,""ask_quantity"":540,""bid_orders"":1,""ask_orders"":3,""bid_price"":""103.60"",""ask_price"":""104.55""}]"
09:15:51.217,1790826351217661792,1544093771595779,Full Data,8,886659,277.70,80,09:15:51,,,255.59,1241340,39520,6508540,138720,"[{""bid_quantity"":20,""ask_quantity"":200,""bid_orders"":1,""ask_orders"":2,""bid_price"":""278.25"",""ask_price"":""278.85""},{""bid_quantity"":20,""ask_quantity"":80,""bid_orders"":1,""ask_orders"":2,""bid_price"":""278.15"",""ask_price"":""279.00""},{""bid_quantity"":60,""ask_quantity"":100,""bid_orders"":3,""ask_orders"":3,""bid_price"":""278.10"",""ask_price"":""279.10""},{""bid_quantity"":40,""ask_quantity"":200,""bid_orders"":2,""ask_orders"":4,""bid_price"":""277.95"",""ask_price"":""279.20""},{""bid_quantity"":40,""ask_quantity"":140,""bid_orders"":2,""ask_orders"":3,""bid_price"":""277.85"",""ask_price"":""279.25""}]"
09:15:51.296,1790826351296355006,1544093850289353,Ticker Data,0,51,72324.01,,09:15:51,,,,,,,,
09:15:51.299,1790826351299766347,1544093853700214,Full Data,8,886620,216.40,20,09:15:51,,,251.41,1438660,79200,4450720,731020,"[{""bid_quantity"":200,""ask_quantity"":60,""bid_orders"":1,""ask_orders"":2,""bid_price"":""216.35"",""ask_price"":""217.15""},{""bid_quantity"":80,""ask_quantity"":20,""bid_orders"":1,""ask_orders"":1,""bid_price"":""216.30"",""ask_price"":""217.20""},{""bid_quantity"":20,""ask_quantity"":40,""bid_orders"":1,""ask_orders"":1,""bid_price"":""216.10"",""ask_price"":""217.40""},{""bid_quantity"":280,""ask_quantity"":20,""bid_orders"":4,""ask_orders"":1,""bid_price"":""216.00"",""ask_price"":""217.50""},{""bid_quantity"":60,""ask_quantity"":20,""bid_orders"":1,""ask_orders"":1,""bid_price"":""215.95"",""ask_price"":""217.55""}]"
09:15:51.348,1790826351348389892,1544093902323959,Full Data,8,886589,409.35,20,09:15:51,,,365.38,568900,25260,7429720,194360,"[{""bid_quantity"":100,""ask_quantity"":60,""bid_orders"":2,""ask_orders"":3,""bid_price"":""407.60"",""ask_price"":""409.30""},{""bid_quantity"":100,""ask_quantity"":80,""bid_orders"":2,""ask_orders"":4,""bid_price"":""407.55"",""ask_price"":""409.35""},{""bid_quantity"":80,""ask_quantity"":40,""bid_orders"":2,""ask_orders"":2,""bid_price"":""407.35"",""ask_price"":""409.55""},{""bid_quantity"":100,""ask_quantity"":80,""bid_orders"":1,""ask_orders"":2,""bid_price"":""407.25"",""ask_price"":""409.60""},{""bid_quantity"":80,""ask_quantity"":40,""bid_orders"":1,""ask_orders"":2,""bid_price"":""407.20"",""ask_price"":""409.65""}]"
09:15:51.355,1790826351355252815,1544093909186762,Full Data,8,886620,216.50,100,09:15:51,,,251.38,1439540,79860,4451080,731020,"[{""bid_quantity"":500,""ask_quantity"":100,""bid_orders"":1,""ask_orders"":3,""bid_price"":""216.70"",""ask_price"":""217.25""},{""bid_quantity"":40,""ask_quantity"":120,""bid_orders"":1,""ask_orders"":6,""bid_price"":""216.65"",""ask_price"":""217.30""},{""bid_quantity"":40,""ask_quantity"":40,""bid_orders"":1,""ask_orders"":2,""bid_price"":""216.60"",""ask_price"":""217.40""},{""bid_quantity"":80,""ask_quantity"":40,""bid_orders"":1,""ask_orders"":2,""bid_price"":""216.50"",""ask_price"":""217.55""},{""bid_quantity"":160,""ask_quantity"":40,""bid_orders"":2,""ask_orders"":1,""bid_price"":""216.45"",""ask_price"":""217.60""}]"
09:15:51.400,1790826351400778861,1544093954713048,Full Data,8,887306,222.05,20,09:15:51,,,208.37,1397860,43680,5915760,240500,"[{""bid_quantity"":160,""ask_quantity"":20,""bid_orders"":2,""ask_orders"":1,""bid_price"":""221.25"",""ask_price"":""222.10""},{""bid_quantity"":100,""ask_quantity"":40,""bid_orders"":3,""ask_orders"":1,""bid_price"":""221.20"",""ask_price"":""222.15""},{""bid_quantity"":200,""ask_quantity"":40,""bid_orders"":1,""ask_orders"":1,""bid_price"":""221.00"",""ask_price"":""222.20""},{""bid_quantity"":120,""ask_quantity"":220,""bid_orders"":2,""ask_orders"":2,""bid_price"":""220.95"",""ask_price"":""222.30""},{""bid_quantity"":100,""ask_quantity"":80,""bid_orders"":1,""ask_orders"":1,""bid_price"":""220.80"",""ask_price"":""222.50""}]"
09:15:51.400,1790826351400901302,1544093954834969,Full Data,8,886589,409.20,60,09:15:51,,,365.42,569500,24340,7430660,194360,"[{""bid_quantity"":460,""ask_quantity"":100,""bid_orders"":5,""ask_orders"":2,""bid_price"":""409.00"",""ask_price"":""410.55""},{""bid_quantity"":80,""ask_quantity"":80,""bid_orders"":2,""ask_orders"":2,""bid_price"":""408.80"",""ask_price"":""410.70""},{""bid_quantity"":120,""ask_quantity"":60,""bid_orders"":2,""ask_orders"":2,""bid_price"":""408.75"",""ask_price"":""410.75""},{""bid_quantity"":60,""ask_quantity"":20,""bid_orders"":1,""ask_orders"":1,""bid_price"":""408.65"",""ask_price"":""410.80""},{""bid_quantity"":40,""ask_quantity"":60,""bid_orders"":1,""ask_orders"":2,""bid_price"":""408.55"",""ask_price"":""410.85""}]"
09:15:51.451,1790826351451425019,1544094005359086,Full Data,8,887216,171.95,20,09:15:51,,,208.66,1899420,94300,4491080,716360,"[{""bid_quantity"":320,""ask_quantity"":20,""bid_orders"":1,""ask_orders"":1,""bid_price"":""171.80"",""ask_price"":""172.10""},{""bid_quantity"":40,""ask_quantity"":60,""bid_orders"":1,""ask_orders"":2,""bid_price"":""171.75"",""ask_price"":""172.20""},{""bid_quantity"":20,""ask_quantity"":140,""bid_orders"":1,""ask_orders"":2,""bid_price"":""171.70"",""ask_price"":""172.65""},{""bid_quantity"":60,""ask_quantity"":160,""bid_orders"":2,""ask_orders"":1,""bid_price"":""171.65"",""ask_price"":""172.70""},{""bid_quantity"":20,""ask_quantity"":60,""bid_orders"":1,""ask_orders"":1,""bid_price"":""171.60"",""ask_price"":""172.75""}]"
09:15:51.482,1790826351482854536,1544094036788683,Full Data,8,887306,221.25,400,09:15:51,,,208.38,1398720,45480,5916320,240500,"[{""bid_quantity"":160,""ask_quantity"":80,""bid_orders"":1,""ask_orders"":3,""bid_price"":""221.55"",""ask_price"":""222.30""},{""bid_quantity"":20,""ask_quantity"":200,""bid_orders"":1,""ask_orders"":1,""bid_price"":""221.45"",""ask_price"":""222.35""},{""bid_quantity"":180,""ask_quantity"":160,""bid_orders"":2,""ask_orders"":3,""bid_price"":""221.35"",""ask_price"":""222.50""},{""bid_quantity"":80,""ask_quantity"":200,""bid_orders"":3,""ask_orders"":3,""bid_price"":""221.10"",""ask_price"":""222.60""},{""bid_quantity"":80,""ask_quantity"":100,""bid_orders"":1,""ask_orders"":1,""bid_price"":""221.05"",""ask_price"":""222.75""}]"
09:15:51.485,1790826351485886595,1544094039820422,Full Data,8,887216,172.15,20,09:15:51,,,208.66,1899580,94500,4492400,716360,"[{""bid_quantity"":180,""ask_quantity"":80,""bid_orders"":7,""ask_orders"":3,""bid_price"":""172.10"",""ask_price"":""172.75""},{""bid_quantity"":1300,""ask_quantity"":160,""bid_orders"":3,""ask_orders"":4,""bid_price"":""172.00"",""ask_price"":""172.80""},{""bid_quantity"":80,""ask_quantity"":240,""bid_orders"":2,""ask_orders"":4,""bid_price"":""171.95"",""ask_price"":""172.85""},{""bid_quantity"":280,""ask_quantity"":100,""bid_orders"":3,""ask_orders"":3,""bid_price"":""171.90"",""ask_price"":""172.90""},{""bid_quantity"":80,""ask_quantity"":80,""bid_orders"":3,""ask_orders"":2,""bid_price"":""171.80"",""ask_price"":""172.95""}]"
09:15:51.527,1790826351527269495,1544094081203482,Full Data,8,887253,338.40,20,09:15:51,,,307.11,445760,25620,6137920,55040,"[{""bid_quantity"":80,""ask_quantity"":160,""bid_orders"":3,""ask_orders"":5,""bid_price"":""338.50"",""ask_price"":""339.60""},{""bid_quantity"":80,""ask_quantity"":320,""bid_orders"":3,""ask_orders"":5,""bid_price"":""338.45"",""ask_price"":""339.65""},{""bid_quantity"":140,""ask_quantity"":120,""bid_orders"":4,""ask_orders"":4,""bid_price"":""338.40"",""ask_price"":""339.70""},{""bid_quantity"":60,""ask_quantity"":160,""bid_orders"":3,""ask_orders"":4,""bid_price"":""338.35"",""ask_price"":""339.95""},{""bid_quantity"":80,""ask_quantity"":240,""bid_orders"":1,""ask_orders"":4,""bid_price"":""338.30"",""ask_price"":""340.00""}]"
09:15:51.583,1790826351583280086,1544094137213953,Full Data,8,887253,338.35,20,09:15:51,,,307.11,445780,23940,6135420,55040,"[{""bid_quantity"":80,""ask_quantity"":120,""bid_orders"":4,""ask_orders"":2,""bid_price"":""336.90"",""ask_price"":""337.95""},{""bid_quantity"":140,""ask_quantity"":140,""bid_orders"":3,""ask_orders"":2,""bid_price"":""336.75"",""ask_price"":""338.00""},{""bid_quantity"":80,""ask_quantity"":120,""bid_orders"":1,""ask_orders"":1,""bid_price"":""336.40"",""ask_price"":""338.05""},{""bid_quantity"":140,""ask_quantity"":120,""bid_orders"":1,""ask_orders"":4,""bid_price"":""336.30"",""ask_price"":""338.10""},{""bid_quantity"":100,""ask_quantity"":40,""bid_orders"":2,""ask_orders"":1,""bid_price"":""336.15"",""ask_price"":""338.15""}]"
09:15:51.591,1790826351591522138,1544094145456005,Full Data,8,887080,172.40,100,09:15:51,,,161.37,1204020,48220,5398780,530840,"[{""bid_quantity"":120,""ask_quantity"":140,""bid_orders"":2,""ask_orders"":1,""bid_price"":""171.85"",""ask_price"":""172.60""},{""bid_quantity"":420,""ask_quantity"":60,""bid_orders"":5,""ask_orders"":2,""bid_price"":""171.80"",""ask_price"":""172.70""},{""bid_quantity"":80,""ask_quantity"":60,""bid_orders"":2,""ask_orders"":1,""bid_price"":""171.75"",""ask_price"":""172.75""},{""bid_quantity"":220,""ask_quantity"":160,""bid_orders"":2,""ask_orders"":3,""bid_price"":""171.70"",""ask_price"":""172.80""},{""bid_quantity"":20,""ask_quantity"":160,""bid_orders"":1,""ask_orders"":1,""bid_price"":""171.65"",""ask_price"":""172.85""}]"
09:15:51.662,1790826351662679344,1544094216613371,Full Data,8,887080,171.30,100,09:15:51,,,161.38,1205060,51720,5400180,530840,"[{""bid_quantity"":40,""ask_quantity"":20,""bid_orders"":1,""ask_orders"":1,""bid_price"":""170.75"",""ask_price"":""171.25""},{""bid_quantity"":40,""ask_quantity"":120,""bid_orders"":1,""ask_orders"":4,""bid_price"":""170.65"",""ask_price"":""171.30""},{""bid_quantity"":20,""ask_quantity"":80,""bid_orders"":1,""ask_orders"":3,""bid_price"":""170.50"",""ask_price"":""171.35""},{""bid_quantity"":260,""ask_quantity"":160,""bid_orders"":2,""ask_orders"":3,""bid_price"":""170.40"",""ask_price"":""171.50""},{""bid_quantity"":180,""ask_quantity"":200,""bid_orders"":2,""ask_orders"":2,""bid_price"":""170.30"",""ask_price"":""171.55""}]"
09:15:51.739,1790826351739331225,1544094293265492,Full Data,8,887279,271.80,60,09:15:51,,,319.21,743780,60460,4178060,793060,"[{""bid_quantity"":120,""ask_quantity"":20,""bid_orders"":2,""ask_orders"":1,""bid_price"":""271.00"",""ask_price"":""271.90""},{""bid_quantity"":220,""ask_quantity"":80,""bid_orders"":7,""ask_orders"":3,""bid_price"":""270.95"",""ask_price"":""271.95""},{""bid_quantity"":60,""ask_quantity"":80,""bid_orders"":2,""ask_orders"":3,""bid_price"":""270.90"",""ask_price"":""272.25""},{""bid_quantity"":260,""ask_quantity"":260,""bid_orders"":3,""ask_orders"":5,""bid_price"":""270.80"",""ask_price"":""272.35""},{""bid_quantity"":100,""ask_quantity"":220,""bid_orders"":3,""ask_orders"":4,""bid_price"":""270.75"",""ask_price"":""272.40""}]"
09:15:51.793,1790826351793213803,1544094347148030,Full Data,8,886671,79.65,20,09:15:51,,,99.10,1187040,63480,3188040,570580,"[{""bid_quantity"":80,""ask_quantity"":100,""bid_orders"":2,""ask_orders"":3,""bid_price"":""79.75"",""ask_price"":""80.05""},{""bid_quantity"":240,""ask_quantity"":80,""bid_orders"":4,""ask_orders"":3,""bid_price"":""79.70"",""ask_price"":""80.10""},{""bid_quantity"":80,""ask_quantity"":300,""bid_orders"":3,""ask_orders"":5,""bid_price"":""79.65"",""ask_price"":""80.15""},{""bid_quantity"":260,""ask_quantity"":80,""bid_orders"":5,""ask_orders"":4,""bid_price"":""79.60"",""ask_price"":""80.20""},{""bid_quantity"":180,""ask_quantity"":160,""bid_orders"":4,""ask_orders"":1,""bid_price"":""79.55"",""ask_price"":""80.35""}]"
09:15:51.812,1790826351812868287,1544094366802154,Full Data,8,886671,79.65,20,09:15:51,,,99.10,1187040,63500,3188160,570580,"[{""bid_quantity"":140,""ask_quantity"":80,""bid_orders"":5,""ask_orders"":3,""bid_price"":""79.75"",""ask_price"":""80.10""},{""bid_quantity"":240,""ask_quantity"":300,""bid_orders"":4,""ask_orders"":5,""bid_price"":""79.70"",""ask_price"":""80.15""},{""bid_quantity"":100,""ask_quantity"":80,""bid_orders"":4,""ask_orders"":4,""bid_price"":""79.65"",""ask_price"":""80.20""},{""bid_quantity"":400,""ask_quantity"":160,""bid_orders"":6,""ask_orders"":1,""bid_price"":""79.60"",""ask_price"":""80.35""},{""bid_quantity"":180,""ask_quantity"":260,""bid_orders"":4,""ask_orders"":4,""bid_price"":""79.55"",""ask_price"":""80.40""}]"
09:15:51.821,1790826351821934624,1544094375868571,Full Data,8,886685,331.25,20,09:15:51,,,385.35,842920,64520,5867100,1793000,"[{""bid_quantity"":140,""ask_quantity"":60,""bid_orders"":4,""ask_orders"":2,""bid_price"":""331.30"",""ask_price"":""332.40""},{""bid_quantity"":100,""ask_quantity"":80,""bid_orders"":3,""ask_orders"":2,""bid_price"":""331.25"",""ask_price"":""332.50""},{""bid_quantity"":100,""ask_quantity"":160,""bid_orders"":3,""ask_orders"":1,""bid_price"":""331.20"",""ask_price"":""332.70""},{""bid_quantity"":120,""ask_quantity"":160,""bid_orders"":4,""ask_orders"":1,""bid_price"":""331.15"",""ask_price"":""332.75""},{""bid_quantity"":120,""ask_quantity"":100,""bid_orders"":3,""ask_orders"":1,""bid_price"":""331.10"",""ask_price"":""332.80""}]"
09:15:51.841,1790826351841824389,1544094395758336,Full Data,8,886540,135.95,20,09:15:51,,,165.75,1274440,108760,3845280,632060,"[{""bid_quantity"":420,""ask_quantity"":120,""bid_orders"":5,""ask_orders"":3,""bid_price"":""135.40"",""ask_price"":""136.10""},{""bid_quantity"":460,""ask_quantity"":80,""bid_orders"":5,""ask_orders"":3,""bid_price"":""135.35"",""ask_price"":""136.15""},{""bid_quantity"":140,""ask_quantity"":340,""bid_orders"":5,""ask_orders"":3,""bid_price"":""135.30"",""ask_price"":""136.20""},{""bid_quantity"":120,""ask_quantity"":240,""bid_orders"":4,""ask_orders"":5,""bid_price"":""135.20"",""ask_price"":""136.30""},{""bid_quantity"":500,""ask_quantity"":100,""bid_orders"":7,""ask_orders"":1,""bid_price"":""135.15"",""ask_price"":""136.40""}]"
09:15:51.865,1790826351865037934,1544094418971921,Full Data,8,886540,138.20,80,09:15:51,,,165.73,1275600,109060,3845060,632060,"[{""bid_quantity"":40,""ask_quantity"":20,""bid_orders"":1,""ask_orders"":1,""bid_price"":""137.55"",""ask_price"":""137.95""},{""bid_quantity"":60,""ask_quantity"":40,""bid_orders"":1,""ask_orders"":2,""bid_price"":""137.45"",""ask_price"":""138.20""},{""bid_quantity"":260,""ask_quantity"":20,""bid_orders"":4,""ask_orders"":1,""bid_price"":""137.40"",""ask_price"":""138.45""},{""bid_quantity"":140,""ask_quantity"":240,""bid_orders"":3,""ask_orders"":6,""bid_price"":""137.35"",""ask_price"":""138.50""},{""bid_quantity"":60,""ask_quantity"":140,""bid_orders"":2,""ask_orders"":1,""bid_price"":""137.30"",""ask_price"":""138.55""}]"
09:15:51.905,1790826351905560029,1544094459494216,Full Data,8,886961,481.15,20,09:15:51,,,443.52,62020,17520,4607000,36440,"[{""bid_quantity"":40,""ask_quantity"":20,""bid_orders"":2,""ask_orders"":1,""bid_price"":""475.45"",""ask_price"":""477.95""},{""bid_quantity"":60,""ask_quantity"":20,""bid_orders"":2,""ask_orders"":1,""bid_price"":""473.95"",""ask_price"":""478.00""},{""bid_quantity"":40,""ask_quantity"":60,""bid_orders"":1,""ask_orders"":2,""bid_price"":""473.90"",""ask_price"":""478.05""},{""bid_quantity"":400,""ask_quantity"":20,""bid_orders"":2,""ask_orders"":1,""bid_price"":""473.80"",""ask_price"":""478.10""},{""bid_quantity"":20,""ask_quantity"":20,""bid_orders"":1,""ask_orders"":1,""bid_price"":""473.20"",""ask_price"":""478.15""}]"
09:15:51.921,1790826351921263527,1544094475197514,Full Data,8,886461,131.80,20,09:15:51,,,126.26,1713860,95080,7959540,1682940,"[{""bid_quantity"":60,""ask_quantity"":160,""bid_orders"":3,""ask_orders"":1,""bid_price"":""131.45"",""ask_price"":""132.00""},{""bid_quantity"":40,""ask_quantity"":160,""bid_orders"":1,""ask_orders"":1,""bid_price"":""131.05"",""ask_price"":""132.10""},{""bid_quantity"":100,""ask_quantity"":220,""bid_orders"":2,""ask_orders"":5,""bid_price"":""131.00"",""ask_price"":""132.15""},{""bid_quantity"":420,""ask_quantity"":60,""bid_orders"":3,""ask_orders"":1,""bid_price"":""130.80"",""ask_price"":""132.20""},{""bid_quantity"":160,""ask_quantity"":280,""bid_orders"":1,""ask_orders"":8,""bid_price"":""130.75"",""ask_price"":""132.25""}]"
09:15:51.951,1790826351951844399,1544094505778346,Full Data,8,886961,477.50,20,09:15:51,,,443.64,62240,17740,4607220,36440,"[{""bid_quantity"":40,""ask_quantity"":20,""bid_orders"":2,""ask_orders"":1,""bid_price"":""474.60"",""ask_price"":""477.65""},{""bid_quantity"":20,""ask_quantity"":60,""bid_orders"":1,""ask_orders"":3,""bid_price"":""474.55"",""ask_price"":""477.70""},{""bid_quantity"":60,""ask_quantity"":40,""bid_orders"":3,""ask_orders"":2,""bid_price"":""474.50"",""ask_price"":""477.85""},{""bid_quantity"":20,""ask_quantity"":40,""bid_orders"":1,""ask_orders"":2,""bid_price"":""474.35"",""ask_price"":""477.95""},{""bid_quantity"":20,""ask_quantity"":20,""bid_orders"":1,""ask_orders"":1,""bid_price"":""473.85"",""ask_price"":""478.00""}]"
09:15:51.964,1790826351964094436,1544094518028383,Full Data,8,886461,132.00,120,09:15:51,,,126.27,1715100,96000,7961240,1682940,"[{""bid_quantity"":20,""ask_quantity"":80,""bid_orders"":1,""ask_orders"":3,""bid_price"":""131.00"",""ask_price"":""132.00""},{""bid_quantity"":160,""ask_quantity"":660,""bid_orders"":1,""ask_orders"":8,""bid_price"":""130.90"",""ask_price"":""132.05""},{""bid_quantity"":120,""ask_quantity"":120,""bid_orders"":1,""ask_orders"":3,""bid_price"":""130.80"",""ask_price"":""132.10""},{""bid_quantity"":40,""ask_quantity"":180,""bid_orders"":2,""ask_orders"":3,""bid_price"":""130.70"",""ask_price"":""132.15""},{""bid_quantity"":220,""ask_quantity"":120,""bid_orders"":2,""ask_orders"":3,""bid_price"":""130.50"",""ask_price"":""132.20""}]"
09:15:52.174,1790826352174215834,1544094728149981,Full Data,8,886790,106.70,40,09:15:52,,,129.16,2929780,203100,5538940,2100780,"[{""bid_quantity"":60,""ask_quantity"":20,""bid_orders"":1,""ask_orders"":1,""bid_price"":""106.75"",""ask_price"":""107.05""},{""bid_quantity"":2460,""ask_quantity"":60,""bid_orders"":10,""ask_orders"":1,""bid_price"":""106.70"",""ask_price"":""107.10""},{""bid_quantity"":220,""ask_quantity"":140,""bid_orders"":3,""ask_orders"":5,""bid_price"":""106.50"",""ask_price"":""107.15""},{""bid_quantity"":160,""ask_quantity"":340,""bid_orders"":1,""ask_orders"":3,""bid_price"":""106.45"",""ask_price"":""107.20""},{""bid_quantity"":60,""ask_quantity"":280,""bid_orders"":1,""ask_orders"":2,""bid_price"":""106.40"",""ask_price"":""107.25""}]"
09:15:52.183,1790826352183926855,1544094737860762,Full Data,8,886790,107.15,40,09:15:52,,,129.16,2929900,203160,5539540,2100780,"[{""bid_quantity"":60,""ask_quantity"":40,""bid_orders"":1,""ask_orders"":2,""bid_price"":""106.90"",""ask_price"":""107.15""},{""bid_quantity"":220,""ask_quantity"":280,""bid_orders"":2,""ask_orders"":2,""bid_price"":""106.85"",""ask_price"":""107.25""},{""bid_quantity"":80,""ask_quantity"":160,""bid_orders"":2,""ask_orders"":1,""bid_price"":""106.80"",""ask_price"":""107.30""},{""bid_quantity"":220,""ask_quantity"":160,""bid_orders"":3,""ask_orders"":1,""bid_price"":""106.75"",""ask_price"":""107.35""},{""bid_quantity"":2460,""ask_quantity"":120,""bid_orders"":10,""ask_orders"":3,""bid_price"":""106.70"",""ask_price"":""107.40""}]"
09:15:52.225,1790826352225108674,1544094779042981,Full Data,8,886659,272.20,60,09:15:52,,,255.74,1251000,43940,6507960,138720,"[{""bid_quantity"":40,""ask_quantity"":340,""bid_orders"":2,""ask_orders"":3,""bid_price"":""270.95"",""ask_price"":""271.45""},{""bid_quantity"":160,""ask_quantity"":240,""bid_orders"":1,""ask_orders"":3,""bid_price"":""270.35"",""ask_price"":""271.55""},{""bid_quantity"":20,""ask_quantity"":220,""bid_orders"":1,""ask_orders"":3,""bid_price"":""270.05"",""ask_price"":""271.60""},{""bid_quantity"":140,""ask_quantity"":140,""bid_orders"":3,""ask_orders"":1,""bid_price"":""270.00"",""ask_price"":""271.70""},{""bid_quantity"":120,""ask_quantity"":20,""bid_orders"":2,""ask_orders"":1,""bid_price"":""269.80"",""ask_price"":""271.85""}]"
09:15:52.285,1790826352285458492,1544094839392519,Ticker Data,0,51,72323.67,,09:15:52,,,,,,,,
09:15:52.287,1790826352287808667,1544094841742454,Full Data,8,886659,270.50,120,09:15:52,,,255.75,1251900,43920,6508980,138720,"[{""bid_quantity"":260,""ask_quantity"":40,""bid_orders"":3,""ask_orders"":2,""bid_price"":""269.40"",""ask_price"":""270.55""},{""bid_quantity"":520,""ask_quantity"":240,""bid_orders"":4,""ask_orders"":5,""bid_price"":""269.30"",""ask_price"":""270.60""},{""bid_quantity"":20,""ask_quantity"":60,""bid_orders"":1,""ask_orders"":2,""bid_price"":""269.25"",""ask_price"":""270.70""},{""bid_quantity"":80,""ask_quantity"":140,""bid_orders"":1,""ask_orders"":2,""bid_price"":""269.15"",""ask_price"":""270.80""},{""bid_quantity"":80,""ask_quantity"":80,""bid_orders"":2,""ask_orders"":1,""bid_price"":""269.10"",""ask_price"":""270.90""}]"
09:15:52.325,1790826352325674225,1544094879608692,Full Data,8,886620,221.65,20,09:15:52,,,250.93,1460420,81440,4458020,731020,"[{""bid_quantity"":20,""ask_quantity"":40,""bid_orders"":1,""ask_orders"":2,""bid_price"":""221.20"",""ask_price"":""221.60""},{""bid_quantity"":120,""ask_quantity"":40,""bid_orders"":3,""ask_orders"":1,""bid_price"":""221.15"",""ask_price"":""221.95""},{""bid_quantity"":200,""ask_quantity"":40,""bid_orders"":3,""ask_orders"":1,""bid_price"":""221.10"",""ask_price"":""222.10""},{""bid_quantity"":40,""ask_quantity"":140,""bid_orders"":2,""ask_orders"":4,""bid_price"":""221.00"",""ask_price"":""222.15""},{""bid_quantity"":80,""ask_quantity"":160,""bid_orders"":1,""ask_orders"":1,""bid_price"":""220.95"",""ask_price"":""222.20""}]"
09:15:52.353,1790826352353592600,1544094907526747,Full Data,8,886620,222.15,220,09:15:52,,,250.91,1461700,78820,4456900,731020,"[{""bid_quantity"":440,""ask_quantity"":40,""bid_orders"":1,""ask_orders"":1,""bid_price"":""221.00"",""ask_price"":""222.15""},{""bid_quantity"":60,""ask_quantity"":180,""bid_orders"":2,""ask_orders"":3,""bid_price"":""220.95"",""ask_price"":""222.35""},{""bid_quantity"":160,""ask_quantity"":360,""bid_orders"":3,""ask_orders"":2,""bid_price"":""220.80"",""ask_price"":""222.40""},{""bid_quantity"":40,""ask_quantity"":100,""bid_orders"":1,""ask_orders"":1,""bid_price"":""220.75"",""ask_price"":""222.45""},{""bid_quantity"":40,""ask_quantity"":220,""bid_orders"":1,""ask_orders"":2,""bid_price"":""220.60"",""ask_price"":""222.60""}]"
09:15:52.370,1790826352370998469,1544094924932456,Full Data,8,886589,399.00,20,09:15:52,,,366.08,579540,25880,7430820,194360,"[{""bid_quantity"":40,""ask_quantity"":60,""bid_orders"":2,""ask_orders"":2,""bid_price"":""399.10"",""ask_price"":""400.50""},{""bid_quantity"":20,""ask_quantity"":100,""bid_orders"":1,""ask_orders"":4,""bid_price"":""399.05"",""ask_price"":""400.55""},{""bid_quantity"":360,""ask_quantity"":60,""bid_orders"":2,""ask_orders"":2,""bid_price"":""398.95"",""ask_price"":""400.75""},{""bid_quantity"":120,""ask_quantity"":100,""bid_orders"":2,""ask_orders"":2,""bid_price"":""398.75"",""ask_price"":""400.80""},{""bid_quantity"":80,""ask_quantity"":140,""bid_orders"":3,""ask_orders"":3,""bid_price"":""398.70"",""ask_price"":""400.85""}]"
09:15:52.416,1790826352416650116,1544094970584063,Full Data,8,887306,215.60,20,09:15:52,,,208.49,1417240,44300,5917060,240500,"[{""bid_quantity"":560,""ask_quantity"":100,""bid_orders"":4,""ask_orders"":5,""bid_price"":""215.10"",""ask_price"":""215.60""},{""bid_quantity"":100,""ask_quantity"":140,""bid_orders"":3,""ask_orders"":2,""bid_price"":""215.05"",""ask_price"":""215.75""},{""bid_quantity"":360,""ask_quantity"":40,""bid_orders"":2,""ask_orders"":1,""bid_price"":""215.00"",""ask_price"":""215.80""},{""bid_quantity"":40,""ask_quantity"":20,""bid_orders"":2,""ask_orders"":1,""bid_price"":""214.90"",""ask_price"":""215.90""},{""bid_quantity"":40,""ask_quantity"":60,""bid_orders"":1,""ask_orders"":1,""bid_price"":""214.80"",""ask_price"":""215.95""}]"
09:15:52.436,1790826352436673441,1544094990607388,Full Data,8,886589,400.55,20,09:15:52,,,366.09,579660,25540,7428980,194360,"[{""bid_quantity"":100,""ask_quantity"":80,""bid_orders"":2,""ask_orders"":3,""bid_price"":""399.55"",""ask_price"":""400.55""},{""bid_quantity"":60,""ask_quantity"":80,""bid_orders"":3,""ask_orders"":3,""bid_price"":""399.50"",""ask_price"":""400.85""},{""bid_quantity"":120,""ask_quantity"":80,""bid_orders"":3,""ask_orders"":4,""bid_price"":""399.45"",""ask_price"":""400.90""},{""bid_quantity"":60,""ask_quantity"":600,""bid_orders"":3,""ask_orders"":4,""bid_price"":""399.40"",""ask_price"":""401.05""},{""bid_quantity"":260,""ask_quantity"":20,""bid_orders"":3,""ask_orders"":1,""bid_price"":""399.35"",""ask_price"":""401.45""}]"
09:15:52.472,1790826352472050383,1544095025984370,Full Data,8,887216,177.50,40,09:15:52,,,208.36,1916860,95180,4495360,716360,"[{""bid_quantity"":40,""ask_quantity"":120,""bid_orders"":2,""ask_orders"":3,""bid_price"":""176.70"",""ask_price"":""177.30""},{""bid_quantity"":40,""ask_quantity"":420,""bid_orders"":2,""ask_orders"":4,""bid_price"":""176.65"",""ask_price"":""177.35""},{""bid_quantity"":360,""ask_quantity"":80,""bid_orders"":4,""ask_orders"":2,""bid_price"":""176.50"",""ask_price"":""177.40""},{""bid_quantity"":320,""ask_quantity"":520,""bid_orders"":8,""ask_orders"":4,""bid_price"":""176.45"",""ask_price"":""177.50""},{""bid_quantity"":120,""ask_quantity"":60,""bid_orders"":2,""ask_orders"":2,""bid_price"":""176.40"",""ask_price"":""177.55""}]"
09:15:52.499,1790826352499934678,1544095053868705,Full Data,8,887306,215.75,60,09:15:52,,,208.49,1417780,44360,5915040,240500,"[{""bid_quantity"":20,""ask_quantity"":140,""bid_orders"":1,""ask_orders"":5,""bid_price"":""215.25"",""ask_price"":""215.70""},{""bid_quantity"":60,""ask_quantity"":100,""bid_orders"":2,""ask_orders"":3,""bid_price"":""214.95"",""ask_price"":""215.75""},{""bid_quantity"":40,""ask_quantity"":60,""bid_orders"":2,""ask_orders"":2,""bid_price"":""214.90"",""ask_price"":""215.80""},{""bid_quantity"":500,""ask_quantity"":200,""bid_orders"":1,""ask_orders"":3,""bid_price"":""214.75"",""ask_price"":""215.90""},{""bid_quantity"":200,""ask_quantity"":200,""bid_orders"":3,""ask_orders"":3,""bid_price"":""214.70"",""ask_price"":""216.00""}]"
09:15:52.529,1790826352529642505,1544095083576572,Full Data,8,887216,177.60,60,09:15:52,,,208.35,1917660,94140,4495800,716360,"[{""bid_quantity"":500,""ask_quantity"":100,""bid_orders"":4,""ask_orders"":2,""bid_price"":""177.45"",""ask_price"":""178.00""},{""bid_quantity"":380,""ask_quantity"":100,""bid_orders"":2,""ask_orders"":1,""bid_price"":""177.40"",""ask_price"":""178.20""},{""bid_quantity"":140,""ask_quantity"":60,""bid_orders"":2,""ask_orders"":2,""bid_price"":""177.35"",""ask_price"":""178.40""},{""bid_quantity"":320,""ask_quantity"":300,""bid_orders"":1,""ask_orders"":5,""bid_price"":""177.30"",""ask_price"":""178.50""},{""bid_quantity"":20,""ask_quantity"":560,""bid_orders"":1,""ask_orders"":4,""bid_price"":""177.25"",""ask_price"":""178.55""}]"
09:15:52.593,1790826352593244984,1544095147179411,Full Data,8,887253,329.70,100,09:15:52,,,307.29,448800,26400,6138840,55040,"[{""bid_quantity"":80,""ask_quantity"":20,""bid_orders"":3,""ask_orders"":1,""bid_price"":""329.80"",""ask_price"":""330.70""},{""bid_quantity"":80,""ask_quantity"":100,""bid_orders"":3,""ask_orders"":2,""bid_price"":""329.75"",""ask_price"":""331.15""},{""bid_quantity"":60,""ask_quantity"":80,""bid_orders"":3,""ask_orders"":3,""bid_price"":""329.70"",""ask_price"":""331.20""},{""bid_quantity"":20,""ask_quantity"":140,""bid_orders"":1,""ask_orders"":3,""bid_price"":""329.65"",""ask_price"":""331.40""},{""bid_quantity"":140,""ask_quantity"":260,""bid_orders"":3,""ask_orders"":3,""bid_price"":""329.60"",""ask_price"":""331.60""}]"
09:15:52.666,1790826352666570044,1544095220504031,Full Data,8,887080,167.05,60,09:15:52,,,161.49,1221120,49880,5396740,530840,"[{""bid_quantity"":180,""ask_quantity"":200,""bid_orders"":3,""ask_orders"":3,""bid_price"":""166.80"",""ask_price"":""167.60""},{""bid_quantity"":40,""ask_quantity"":240,""bid_orders"":1,""ask_orders"":2,""bid_price"":""166.75"",""ask_price"":""167.65""},{""bid_quantity"":280,""ask_quantity"":200,""bid_orders"":3,""ask_orders"":1,""bid_price"":""166.65"",""ask_price"":""167.70""},{""bid_quantity"":560,""ask_quantity"":140,""bid_orders"":2,""ask_orders"":2,""bid_price"":""166.60"",""ask_price"":""167.75""},{""bid_quantity"":40,""ask_quantity"":40,""bid_orders"":1,""ask_orders"":2,""bid_price"":""166.55"",""ask_price"":""167.80""}]"
09:15:52.684,1790826352684753158,1544095238687065,Full Data,8,887253,329.70,20,09:15:52,,,307.29,448840,27040,6138760,55040,"[{""bid_quantity"":100,""ask_quantity"":40,""bid_orders"":2,""ask_orders"":2,""bid_price"":""328.65"",""ask_price"":""329.70""},{""bid_quantity"":60,""ask_quantity"":40,""bid_orders"":2,""ask_orders"":1,""bid_price"":""328.60"",""ask_price"":""329.85""},{""bid_quantity"":100,""ask_quantity"":160,""bid_orders"":2,""ask_orders"":2,""bid_price"":""328.55"",""ask_price"":""330.10""},{""bid_quantity"":40,""ask_quantity"":60,""bid_orders"":1,""ask_orders"":2,""bid_price"":""328.50"",""ask_price"":""330.15""},{""bid_quantity"":20,""ask_quantity"":120,""bid_orders"":1,""ask_orders"":2,""bid_price"":""328.45"",""ask_price"":""330.20""}]"
09:15:52.752,1790826352752596464,1544095306530691,Full Data,8,887080,167.75,20,09:15:52,,,161.49,1222020,53960,5396060,530840,"[{""bid_quantity"":40,""ask_quantity"":40,""bid_orders"":1,""ask_orders"":1,""bid_price"":""166.95"",""ask_price"":""167.55""},{""bid_quantity"":80,""ask_quantity"":60,""bid_orders"":3,""ask_orders"":2,""bid_price"":""166.90"",""ask_price"":""167.60""},{""bid_quantity"":80,""ask_quantity"":380,""bid_orders"":2,""ask_orders"":5,""bid_price"":""166.85"",""ask_price"":""167.70""},{""bid_quantity"":80,""ask_quantity"":240,""bid_orders"":2,""ask_orders"":3,""bid_price"":""166.80"",""ask_price"":""167.85""},{""bid_quantity"":60,""ask_quantity"":300,""bid_orders"":1,""ask_orders"":2,""bid_price"":""166.75"",""ask_price"":""167.95""}]"
09:15:52.778,1790826352778158504,1544095332092851,Full Data,8,887279,276.85,40,09:15:52,,,318.68,752920,60240,4182480,793060,"[{""bid_quantity"":40,""ask_quantity"":20,""bid_orders"":2,""ask_orders"":1,""bid_price"":""276.55"",""ask_price"":""277.10""},{""bid_quantity"":120,""ask_quantity"":20,""bid_orders"":3,""ask_orders"":1,""bid_price"":""276.50"",""ask_price"":""277.20""},{""bid_quantity"":80,""ask_quantity"":20,""bid_orders"":3,""ask_orders"":1,""bid_price"":""276.45"",""ask_price"":""277.30""},{""bid_quantity"":60,""ask_quantity"":40,""bid_orders"":3,""ask_orders"":1,""bid_price"":""276.35"",""ask_price"":""277.40""},{""bid_quantity"":220,""ask_quantity"":160,""bid_orders"":5,""ask_orders"":1,""bid_price"":""276.25"",""ask_price"":""277.45""}]"
09:15:52.811,1790826352811908596,1544095365842743,Full Data,8,886671,82.95,20,09:15:52,,,98.83,1206400,61140,3192240,570580,"[{""bid_quantity"":20,""ask_quantity"":40,""bid_orders"":1,""ask_orders"":2,""bid_price"":""83.10"",""ask_price"":""83.25""},{""bid_quantity"":40,""ask_quantity"":200,""bid_orders"":2,""ask_orders"":3,""bid_price"":""83.05"",""ask_price"":""83.45""},{""bid_quantity"":60,""ask_quantity"":160,""bid_orders"":2,""ask_orders"":2,""bid_price"":""82.95"",""ask_price"":""83.55""},{""bid_quantity"":100,""ask_quantity"":140,""bid_orders"":4,""ask_orders"":2,""bid_price"":""82.90"",""ask_price"":""83.60""},{""bid_quantity"":120,""ask_quantity"":80,""bid_orders"":3,""ask_orders"":1,""bid_price"":""82.85"",""ask_price"":""83.65""}]"
09:15:52.816,1790826352816485585,1544095370419452,Full Data,8,886671,82.95,20,09:15:52,,,98.82,1206580,61160,3192140,570580,"[{""bid_quantity"":100,""ask_quantity"":160,""bid_orders"":1,""ask_orders"":4,""bid_price"":""82.95"",""ask_price"":""83.20""},{""bid_quantity"":80,""ask_quantity"":40,""bid_orders"":3,""ask_orders"":2,""bid_price"":""82.90"",""ask_price"":""83.25""},{""bid_quantity"":120,""ask_quantity"":200,""bid_orders"":3,""ask_orders"":3,""bid_price"":""82.85"",""ask_price"":""83.45""},{""bid_quantity"":840,""ask_quantity"":60,""bid_orders"":4,""ask_orders"":1,""bid_price"":""82.80"",""ask_price"":""83.55""},{""bid_quantity"":300,""ask_quantity"":160,""bid_orders"":5,""ask_orders"":3,""bid_price"":""82.75"",""ask_price"":""83.60""}]"
09:15:52.816,1790826352816596186,1544095370529813,Full Data,8,886685,340.50,60,09:15:52,,,384.98,849620,59200,5868040,1793000,"[{""bid_quantity"":100,""ask_quantity"":20,""bid_orders"":3,""ask_orders"":1,""bid_price"":""340.85"",""ask_price"":""341.95""},{""bid_quantity"":20,""ask_quantity"":300,""bid_orders"":1,""ask_orders"":3,""bid_price"":""340.80"",""ask_price"":""342.00""},{""bid_quantity"":100,""ask_quantity"":40,""bid_orders"":3,""ask_orders"":1,""bid_price"":""340.75"",""ask_price"":""342.10""},{""bid_quantity"":120,""ask_quantity"":60,""bid_orders"":4,""ask_orders"":2,""bid_price"":""340.70"",""ask_price"":""342.35""},{""bid_quantity"":20,""ask_quantity"":160,""bid_orders"":1,""ask_orders"":2,""bid_price"":""340.55"",""ask_price"":""342.40""}]"
09:15:52.868,1790826352868603952,1544095422538019,Full Data,8,886540,141.00,20,09:15:52,,,165.47,1288080,105660,3847660,632060,"[{""bid_quantity"":80,""ask_quantity"":20,""bid_orders"":3,""ask_orders"":1,""bid_price"":""140.70"",""ask_price"":""141.50""},{""bid_quantity"":20,""ask_quantity"":100,""bid_orders"":1,""ask_orders"":1,""bid_price"":""140.65"",""ask_price"":""141.60""},{""bid_quantity"":120,""ask_quantity"":100,""bid_orders"":4,""ask_orders"":1,""bid_price"":""140.60"",""ask_price"":""141.90""},{""bid_quantity"":120,""ask_quantity"":200,""bid_orders"":3,""ask_orders"":2,""bid_price"":""140.55"",""ask_price"":""142.40""},{""bid_quantity"":180,""ask_quantity"":80,""bid_orders"":6,""ask_orders"":2,""bid_price"":""140.50"",""ask_price"":""142.45""}]"
09:15:52.908,1790826352908151880,1544095462085947,Full Data,8,886540,142.25,20,09:15:52,,,165.47,1288180,107740,3848460,632060,"[{""bid_quantity"":60,""ask_quantity"":200,""bid_orders"":3,""ask_orders"":3,""bid_price"":""141.75"",""ask_price"":""142.25""},{""bid_quantity"":60,""ask_quantity"":160,""bid_orders"":2,""ask_orders"":2,""bid_price"":""141.55"",""ask_price"":""142.30""},{""bid_quantity"":80,""ask_quantity"":60,""bid_orders"":3,""ask_orders"":3,""bid_price"":""141.45"",""ask_price"":""142.35""},{""bid_quantity"":120,""ask_quantity"":140,""bid_orders"":3,""ask_orders"":3,""bid_price"":""141.40"",""ask_price"":""142.50""},{""bid_quantity"":260,""ask_quantity"":140,""bid_orders"":4,""ask_orders"":3,""bid_price"":""141.35"",""ask_price"":""142.55""}]"
09:15:52.967,1790826352967341372,1544095521275639,Full Data,8,886961,473.60,40,09:15:52,,,443.74,62440,19260,4610700,36440,"[{""bid_quantity"":40,""ask_quantity"":100,""bid_orders"":2,""ask_orders"":2,""bid_price"":""467.45"",""ask_price"":""469.60""},{""bid_quantity"":60,""ask_quantity"":40,""bid_orders"":2,""ask_orders"":2,""bid_price"":""467.40"",""ask_price"":""469.65""},{""bid_quantity"":40,""ask_quantity"":40,""bid_orders"":2,""ask_orders"":2,""bid_price"":""467.35"",""ask_price"":""469.75""},{""bid_quantity"":20,""ask_quantity"":20,""bid_orders"":1,""ask_orders"":1,""bid_price"":""467.25"",""ask_price"":""470.40""},{""bid_quantity"":80,""ask_quantity"":20,""bid_orders"":1,""ask_orders"":1,""bid_price"":""466.80"",""ask_price"":""471.40""}]"
09:15:52.969,1790826352969509025,1544095523442852,Full Data,8,886461,127.50,100,09:15:52,,,126.36,1748400,95880,7958580,1682940,"[{""bid_quantity"":120,""ask_quantity"":60,""bid_orders"":2,""ask_orders"":3,""bid_price"":""127.50"",""ask_price"":""128.10""},{""bid_quantity"":300,""ask_quantity"":240,""bid_orders"":5,""ask_orders"":4,""bid_price"":""127.45"",""ask_price"":""128.20""},{""bid_quantity"":240,""ask_quantity"":140,""bid_orders"":5,""ask_orders"":3,""bid_price"":""127.40"",""ask_price"":""128.25""},{""bid_quantity"":40,""ask_quantity"":140,""bid_orders"":2,""ask_orders"":2,""bid_price"":""127.30"",""ask_price"":""128.30""},{""bid_quantity"":80,""ask_quantity"":400,""bid_orders"":2,""ask_orders"":7,""bid_price"":""127.25"",""ask_price"":""128.40""}]"
09:15:53.011,1790826353011163647,1544095565097754,Full Data,8,886961,473.60,40,09:15:52,,,443.74,62440,21100,4610480,36440,"[{""bid_quantity"":20,""ask_quantity"":120,""bid_orders"":1,""ask_orders"":2,""bid_price"":""467.50"",""ask_price"":""469.50""},{""bid_quantity"":20,""ask_quantity"":40,""bid_orders"":1,""ask_orders"":2,""bid_price"":""467.45"",""ask_price"":""469.55""},{""bid_quantity"":20,""ask_quantity"":100,""bid_orders"":1,""ask_orders"":2,""bid_price"":""467.40"",""ask_price"":""469.60""},{""bid_quantity"":20,""ask_quantity"":80,""bid_orders"":1,""ask_orders"":1,""bid_price"":""467.15"",""ask_price"":""469.70""},{""bid_quantity"":20,""ask_quantity"":20,""bid_orders"":1,""ask_orders"":1,""bid_price"":""467.10"",""ask_price"":""470.20""}]"
09:15:53.025,1790826353025163534,1544095579097401,Full Data,8,886461,127.80,20,09:15:53,,,126.36,1749420,95260,7959120,1682940,"[{""bid_quantity"":40,""ask_quantity"":20,""bid_orders"":1,""ask_orders"":1,""bid_price"":""127.40"",""ask_price"":""127.85""},{""bid_quantity"":180,""ask_quantity"":140,""bid_orders"":2,""ask_orders"":4,""bid_price"":""127.35"",""ask_price"":""127.90""},{""bid_quantity"":200,""ask_quantity"":140,""bid_orders"":5,""ask_orders"":2,""bid_price"":""127.30"",""ask_price"":""128.00""},{""bid_quantity"":200,""ask_quantity"":320,""bid_orders"":3,""ask_orders"":10,""bid_price"":""127.25"",""ask_price"":""128.10""},{""bid_quantity"":440,""ask_quantity"":40,""bid_orders"":3,""ask_orders"":1,""bid_price"":""127.20"",""ask_price"":""128.15""}]"
09:15:53.180,1790826353180151627,1544095734085814,Full Data,8,886790,109.75,40,09:15:53,,,128.89,2968600,199040,5543840,2100780,"[{""bid_quantity"":20,""ask_quantity"":80,""bid_orders"":1,""ask_orders"":2,""bid_price"":""109.65"",""ask_price"":""110.15""},{""bid_quantity"":160,""ask_quantity"":100,""bid_orders"":1,""ask_orders"":3,""bid_price"":""109.60"",""ask_price"":""110.20""},{""bid_quantity"":60,""ask_quantity"":80,""bid_orders"":1,""ask_orders"":2,""bid_price"":""109.50"",""ask_price"":""110.25""},{""bid_quantity"":140,""ask_quantity"":120,""bid_orders"":3,""ask_orders"":2,""bid_price"":""109.45"",""ask_price"":""110.40""},{""bid_quantity"":220,""ask_quantity"":140,""bid_orders"":2,""ask_orders"":4,""bid_price"":""109.40"",""ask_price"":""110.45""}]"
09:15:53.198,1790826353198725344,1544095752659371,Full Data,8,886790,110.20,40,09:15:53,,,128.89,2968720,198400,5543740,2100780,"[{""bid_quantity"":160,""ask_quantity"":200,""bid_orders"":1,""ask_orders"":4,""bid_price"":""109.90"",""ask_price"":""110.40""},{""bid_quantity"":60,""ask_quantity"":100,""bid_orders"":1,""ask_orders"":4,""bid_price"":""109.85"",""ask_price"":""110.45""},{""bid_quantity"":160,""ask_quantity"":200,""bid_orders"":1,""ask_orders"":1,""bid_price"":""109.80"",""ask_price"":""110.50""},{""bid_quantity"":40,""ask_quantity"":80,""bid_orders"":2,""ask_orders"":2,""bid_price"":""109.65"",""ask_price"":""110.55""},{""bid_quantity"":60,""ask_quantity"":60,""bid_orders"":1,""ask_orders"":1,""bid_price"":""109.60"",""ask_price"":""110.70""}]"
09:15:53.299,1790826353299799138,1544095853733165,Ticker Data,0,51,72326.76,,09:15:53,,,,,,,,
09:15:53.307,1790826353307327185,1544095861261052,Full Data,8,886659,268.10,20,09:15:53,,,255.87,1264640,45240,6507020,138720,"[{""bid_quantity"":140,""ask_quantity"":20,""bid_orders"":3,""ask_orders"":1,""bid_price"":""266.00"",""ask_price"":""266.85""},{""bid_quantity"":80,""ask_quantity"":320,""bid_orders"":1,""ask_orders"":1,""bid_price"":""265.90"",""ask_price"":""267.35""},{""bid_quantity"":300,""ask_quantity"":60,""bid_orders"":2,""ask_orders"":2,""bid_price"":""265.85"",""ask_price"":""267.40""},{""bid_quantity"":80,""ask_quantity"":60,""bid_orders"":1,""ask_orders"":2,""bid_price"":""265.30"",""ask_price"":""267.55""},{""bid_quantity"":240,""ask_quantity"":100,""bid_orders"":1,""ask_orders"":1,""bid_price"":""265.05"",""ask_price"":""267.60""}]"
09:15:53.341,1790826353341943082,1544095895877349,Full Data,8,886620,225.05,20,09:15:53,,,250.53,1483320,78160,4461260,731020,"[{""bid_quantity"":20,""ask_quantity"":40,""bid_orders"":1,""ask_orders"":1,""bid_price"":""224.85"",""ask_price"":""225.55""},{""bid_quantity"":100,""ask_quantity"":160,""bid_orders"":1,""ask_orders"":5,""bid_price"":""224.70"",""ask_price"":""225.60""},{""bid_quantity"":40,""ask_quantity"":280,""bid_orders"":1,""ask_orders"":4,""bid_price"":""224.65"",""ask_price"":""225.65""},{""bid_quantity"":100,""ask_quantity"":20,""bid_orders"":1,""ask_orders"":1,""bid_price"":""224.55"",""ask_price"":""225.70""},{""bid_quantity"":140,""ask_quantity"":160,""bid_orders"":2,""ask_orders"":1,""bid_price"":""224.40"",""ask_price"":""225.85""}]"
09:15:53.435,1790826353435594470,1544095989528737,Full Data,8,886589,392.85,20,09:15:53,,,366.30,583840,25980,7426540,194360,"[{""bid_quantity"":100,""ask_quantity"":40,""bid_orders"":5,""ask_orders"":1,""bid_price"":""392.90"",""ask_price"":""394.40""},{""bid_quantity"":60,""ask_quantity"":80,""bid_orders"":1,""ask_orders"":3,""bid_price"":""392.85"",""ask_price"":""395.15""},{""bid_quantity"":60,""ask_quantity"":40,""bid_orders"":3,""ask_orders"":1,""bid_price"":""392.80"",""ask_price"":""395.25""},{""bid_quantity"":220,""ask_quantity"":40,""bid_orders"":1,""ask_orders"":1,""bid_price"":""392.60"",""ask_price"":""395.40""},{""bid_quantity"":140,""ask_quantity"":20,""bid_orders"":3,""ask_orders"":1,""bid_price"":""392.50"",""ask_price"":""395.50""}]"
09:15:53.483,1790826353483190329,1544096037124356,Full Data,8,887306,210.70,160,09:15:53,,,208.56,1442140,46400,5910820,240500,"[{""bid_quantity"":40,""ask_quantity"":180,""bid_orders"":2,""ask_orders"":2,""bid_price"":""210.00"",""ask_price"":""211.00""},{""bid_quantity"":140,""ask_quantity"":220,""bid_orders"":1,""ask_orders"":2,""bid_price"":""209.40"",""ask_price"":""211.05""},{""bid_quantity"":380,""ask_quantity"":180,""bid_orders"":3,""ask_orders"":2,""bid_price"":""209.25"",""ask_price"":""211.10""},{""bid_quantity"":120,""ask_quantity"":220,""bid_orders"":1,""ask_orders"":2,""bid_price"":""209.20"",""ask_price"":""211.15""},{""bid_quantity"":60,""ask_quantity"":220,""bid_orders"":1,""ask_orders"":2,""bid_price"":""209.15"",""ask_price"":""211.20""}]"
09:15:53.494,1790826353494330999,1544096048265266,Full Data,8,886589,393.00,40,09:15:53,,,366.33,584340,24840,7426660,194360,"[{""bid_quantity"":20,""ask_quantity"":100,""bid_orders"":1,""ask_orders"":3,""bid_price"":""392.20"",""ask_price"":""395.40""},{""bid_quantity"":240,""ask_quantity"":40,""bid_orders"":3,""ask_orders"":1,""bid_price"":""392.15"",""ask_price"":""395.50""},{""bid_quantity"":140,""ask_quantity"":80,""bid_orders"":3,""ask_orders"":4,""bid_price"":""392.10"",""ask_price"":""395.55""},{""bid_quantity"":100,""ask_quantity"":100,""bid_orders"":1,""ask_orders"":1,""bid_price"":""392.05"",""ask_price"":""396.00""},{""bid_quantity"":120,""ask_quantity"":40,""bid_orders"":6,""ask_orders"":1,""bid_price"":""392.00"",""ask_price"":""396.10""}]"
09:15:53.554,1790826353554386016,1544096108320163,Full Data,8,887216,181.40,100,09:15:53,,,208.07,1936600,93980,4499800,716360,"[{""bid_quantity"":100,""ask_quantity"":60,""bid_orders"":5,""ask_orders"":1,""bid_price"":""180.80"",""ask_price"":""181.00""},{""bid_quantity"":60,""ask_quantity"":180,""bid_orders"":1,""ask_orders"":3,""bid_price"":""180.65"",""ask_price"":""181.15""},{""bid_quantity"":240,""ask_quantity"":320,""bid_orders"":3,""ask_orders"":1,""bid_price"":""180.60"",""ask_price"":""181.35""},{""bid_quantity"":340,""ask_quantity"":160,""bid_orders"":2,""ask_orders"":1,""bid_price"":""180.20"",""ask_price"":""181.55""},{""bid_quantity"":120,""ask_quantity"":60,""bid_orders"":4,""ask_orders"":1,""bid_price"":""180.15"",""ask_price"":""181.60""}]"
09:15:53.571,1790826353571780325,1544096125714512,Full Data,8,887306,211.40,80,09:15:53,,,208.56,1444220,46900,5911620,240500,"[{""bid_quantity"":100,""ask_quantity"":20,""bid_orders"":1,""ask_orders"":1,""bid_price"":""211.20"",""ask_price"":""211.40""},{""bid_quantity"":120,""ask_quantity"":200,""bid_orders"":1,""ask_orders"":7,""bid_price"":""211.10"",""ask_price"":""211.45""},{""bid_quantity"":40,""ask_quantity"":40,""bid_orders"":1,""ask_orders"":2,""bid_price"":""211.05"",""ask_price"":""211.55""},{""bid_quantity"":100,""ask_quantity"":40,""bid_orders"":1,""ask_orders"":1,""bid_price"":""210.90"",""ask_price"":""211.80""},{""bid_quantity"":40,""ask_quantity"":220,""bid_orders"":1,""ask_orders"":3,""bid_price"":""210.80"",""ask_price"":""211.95""}]"
09:15:53.582,1790826353582271231,1544096136205258,Full Data,8,887216,180.85,100,09:15:53,,,208.06,1937680,93420,4502020,716360,"[{""bid_quantity"":460,""ask_quantity"":20,""bid_orders"":2,""ask_orders"":1,""bid_price"":""180.95"",""ask_price"":""181.35""},{""bid_quantity"":60,""ask_quantity"":80,""bid_orders"":3,""ask_orders"":3,""bid_price"":""180.90"",""ask_price"":""181.45""},{""bid_quantity"":140,""ask_quantity"":60,""bid_orders"":2,""ask_orders"":1,""bid_price"":""180.80"",""ask_price"":""181.95""},{""bid_quantity"":300,""ask_quantity"":480,""bid_orders"":5,""ask_orders"":4,""bid_price"":""180.75"",""ask_price"":""182.00""},{""bid_quantity"":40,""ask_quantity"":160,""bid_orders"":2,""ask_orders"":1,""bid_price"":""180.70"",""ask_price"":""182.05""}]"
09:15:53.678,1790826353678790876,1544096232724943,Full Data,8,887253,324.00,20,09:15:53,,,307.53,454360,24740,6135520,55040,"[{""bid_quantity"":60,""ask_quantity"":140,""bid_orders"":2,""ask_orders"":3,""bid_price"":""322.35"",""ask_price"":""325.85""},{""bid_quantity"":400,""ask_quantity"":20,""bid_orders"":2,""ask_orders"":1,""bid_price"":""322.30"",""ask_price"":""325.90""},{""bid_quantity"":400,""ask_quantity"":180,""bid_orders"":5,""ask_orders"":5,""bid_price"":""322.25"",""ask_price"":""325.95""},{""bid_quantity"":60,""ask_quantity"":80,""bid_orders"":1,""ask_orders"":3,""bid_price"":""322.20"",""ask_price"":""326.05""},{""bid_quantity"":220,""ask_quantity"":20,""bid_orders"":6,""ask_orders"":1,""bid_price"":""322.15"",""ask_price"":""326.10""}]"
09:15:53.743,1790826353743573803,1544096297507830,Full Data,8,887080,165.95,120,09:15:53,,,161.58,1245500,48260,5397960,530840,"[{""bid_quantity"":100,""ask_quantity"":80,""bid_orders"":2,""ask_orders"":3,""bid_price"":""165.35"",""ask_price"":""166.00""},{""bid_quantity"":100,""ask_quantity"":40,""bid_orders"":2,""ask_orders"":1,""bid_price"":""165.30"",""ask_price"":""166.15""},{""bid_quantity"":80,""ask_quantity"":300,""bid_orders"":3,""ask_orders"":2,""bid_price"":""165.25"",""ask_price"":""166.20""},{""bid_quantity"":60,""ask_quantity"":40,""bid_orders"":2,""ask_orders"":2,""bid_price"":""165.20"",""ask_price"":""166.25""},{""bid_quantity"":40,""ask_quantity"":180,""bid_orders"":1,""ask_orders"":3,""bid_price"":""165.10"",""ask_price"":""166.30""}]"
09:15:53.784,1790826353784496780,1544096338431127,Full Data,8,887253,327.15,20,09:15:53,,,307.58,455600,23660,6138560,55040,"[{""bid_quantity"":40,""ask_quantity"":80,""bid_orders"":1,""ask_orders"":2,""bid_price"":""327.05"",""ask_price"":""328.80""},{""bid_quantity"":140,""ask_quantity"":60,""bid_orders"":3,""ask_orders"":1,""bid_price"":""327.00"",""ask_price"":""328.90""},{""bid_quantity"":260,""ask_quantity"":40,""bid_orders"":3,""ask_orders"":2,""bid_price"":""326.95"",""ask_price"":""328.95""},{""bid_quantity"":100,""ask_quantity"":60,""bid_orders"":2,""ask_orders"":2,""bid_price"":""326.90"",""ask_price"":""329.05""},{""bid_quantity"":180,""ask_quantity"":40,""bid_orders"":5,""ask_orders"":1,""bid_price"":""326.85"",""ask_price"":""329.15""}]"
09:15:53.817,1790826353817340706,1544096371274733,Full Data,8,887279,279.05,20,09:15:53,,,318.14,763560,60100,4182080,793060,"[{""bid_quantity"":160,""ask_quantity"":120,""bid_orders"":1,""ask_orders"":1,""bid_price"":""279.70"",""ask_price"":""280.65""},{""bid_quantity"":40,""ask_quantity"":140,""bid_orders"":1,""ask_orders"":3,""bid_price"":""279.65"",""ask_price"":""280.70""},{""bid_quantity"":20,""ask_quantity"":20,""bid_orders"":1,""ask_orders"":1,""bid_price"":""279.60"",""ask_price"":""280.75""},{""bid_quantity"":40,""ask_quantity"":40,""bid_orders"":1,""ask_orders"":1,""bid_price"":""279.55"",""ask_price"":""280.95""},{""bid_quantity"":80,""ask_quantity"":140,""bid_orders"":1,""ask_orders"":1,""bid_price"":""279.50"",""ask_price"":""281.05""}]"
09:15:53.840,1790826353840482251,1544096394416358,Full Data,8,886671,84.25,20,09:15:53,,,98.60,1225700,60900,3194300,570580,"[{""bid_quantity"":60,""ask_quantity"":180,""bid_orders"":1,""ask_orders"":2,""bid_price"":""83.90"",""ask_price"":""84.20""},{""bid_quantity"":440,""ask_quantity"":360,""bid_orders"":4,""ask_orders"":4,""bid_price"":""83.85"",""ask_price"":""84.30""},{""bid_quantity"":200,""ask_quantity"":80,""bid_orders"":3,""ask_orders"":2,""bid_price"":""83.80"",""ask_price"":""84.35""},{""bid_quantity"":180,""ask_quantity"":180,""bid_orders"":3,""ask_orders"":3,""bid_price"":""83.75"",""ask_price"":""84.40""},{""bid_quantity"":360,""ask_quantity"":140,""bid_orders"":4,""ask_orders"":4,""bid_price"":""83.70"",""ask_price"":""84.45""}]"
09:15:53.853,1790826353853411332,1544096407345199,Full Data,8,886671,84.25,20,09:15:53,,,98.60,1225700,60300,3194500,570580,"[{""bid_quantity"":220,""ask_quantity"":80,""bid_orders"":2,""ask_orders"":3,""bid_price"":""84.10"",""ask_price"":""84.45""},{""bid_quantity"":20,""ask_quantity"":60,""bid_orders"":1,""ask_orders"":2,""bid_price"":""84.05"",""ask_price"":""84.50""},{""bid_quantity"":100,""ask_quantity"":100,""bid_orders"":3,""ask_orders"":3,""bid_price"":""84.00"",""ask_price"":""84.55""},{""bid_quantity"":160,""ask_quantity"":160,""bid_orders"":1,""ask_orders"":1,""bid_price"":""83.90"",""ask_price"":""84.60""},{""bid_quantity"":440,""ask_quantity"":40,""bid_orders"":4,""ask_orders"":1,""bid_price"":""83.85"",""ask_price"":""84.65""}]"
09:15:53.857,1790826353857327517,1544096411261344,Full Data,8,886685,342.75,60,09:15:53,,,384.55,858240,60280,5875560,1793000,"[{""bid_quantity"":180,""ask_quantity"":20,""bid_orders"":2,""ask_orders"":1,""bid_price"":""342.60"",""ask_price"":""344.10""},{""bid_quantity"":20,""ask_quantity"":200,""bid_orders"":1,""ask_orders"":3,""bid_price"":""342.40"",""ask_price"":""344.25""},{""bid_quantity"":20,""ask_quantity"":160,""bid_orders"":1,""ask_orders"":2,""bid_price"":""342.35"",""ask_price"":""344.50""},{""bid_quantity"":120,""ask_quantity"":20,""bid_orders"":2,""ask_orders"":1,""bid_price"":""342.25"",""ask_price"":""344.60""},{""bid_quantity"":40,""ask_quantity"":120,""bid_orders"":1,""ask_orders"":3,""bid_price"":""342.20"",""ask_price"":""344.65""}]"
09:15:53.874,1790826353874473104,1544096428407011,Full Data,8,887080,165.60,20,09:15:53,,,161.58,1246720,50740,5395920,530840,"[{""bid_quantity"":20,""ask_quantity"":180,""bid_orders"":1,""ask_orders"":2,""bid_price"":""165.50"",""ask_price"":""165.95""},{""bid_quantity"":100,""ask_quantity"":60,""bid_orders"":1,""ask_orders"":3,""bid_price"":""165.40"",""ask_price"":""166.00""},{""bid_quantity"":40,""ask_quantity"":360,""bid_orders"":1,""ask_orders"":3,""bid_price"":""165.35"",""ask_price"":""166.20""},{""bid_quantity"":220,""ask_quantity"":120,""bid_orders"":2,""ask_orders"":2,""bid_price"":""165.20"",""ask_price"":""166.25""},{""bid_quantity"":100,""ask_quantity"":80,""bid_orders"":1,""ask_orders"":2,""bid_price"":""165.10"",""ask_price"":""166.45""}]"
09:15:53.914,1790826353914788037,1544096468722144,Full Data,8,886540,143.30,20,09:15:53,,,165.14,1306140,106300,3855020,632060,"[{""bid_quantity"":260,""ask_quantity"":20,""bid_orders"":3,""ask_orders"":1,""bid_price"":""142.80"",""ask_price"":""142.90""},{""bid_quantity"":100,""ask_quantity"":20,""bid_orders"":2,""ask_orders"":1,""bid_price"":""142.60"",""ask_price"":""143.35""},{""bid_quantity"":20,""ask_quantity"":160,""bid_orders"":1,""ask_orders"":1,""bid_price"":""142.55"",""ask_price"":""143.40""},{""bid_quantity"":80,""ask_quantity"":20,""bid_orders"":2,""ask_orders"":1,""bid_price"":""142.50"",""ask_price"":""143.45""},{""bid_quantity"":240,""ask_quantity"":260,""bid_orders"":3,""ask_orders"":4,""bid_price"":""142.40"",""ask_price"":""143.50""}]"
09:15:53.959,1790826353959252876,1544096513187103,Full Data,8,886540,144.10,60,09:15:53,,,165.12,1307100,105380,3847140,632060,"[{""bid_quantity"":100,""ask_quantity"":20,""bid_orders"":3,""ask_orders"":1,""bid_price"":""142.85"",""ask_price"":""143.50""},{""bid_quantity"":80,""ask_quantity"":80,""bid_orders"":2,""ask_orders"":2,""bid_price"":""142.75"",""ask_price"":""143.60""},{""bid_quantity"":20,""ask_quantity"":240,""bid_orders"":1,""ask_orders"":2,""bid_price"":""142.70"",""ask_price"":""143.65""},{""bid_quantity"":20,""ask_quantity"":40,""bid_orders"":1,""ask_orders"":1,""bid_price"":""142.60"",""ask_price"":""143.70""},{""bid_quantity"":40,""ask_quantity"":120,""bid_orders"":1,""ask_orders"":2,""bid_price"":""142.55"",""ask_price"":""143.75""}]"
09:15:54.031,1790826354031727291,1544096585661358,Full Data,8,886961,462.85,20,09:15:53,,,444.15,63520,20020,4608260,36440,"[{""bid_quantity"":320,""ask_quantity"":20,""bid_orders"":1,""ask_orders"":1,""bid_price"":""462.15"",""ask_price"":""465.90""},{""bid_quantity"":380,""ask_quantity"":20,""bid_orders"":4,""ask_orders"":1,""bid_price"":""462.05"",""ask_price"":""465.95""},{""bid_quantity"":60,""ask_quantity"":20,""bid_orders"":2,""ask_orders"":1,""bid_price"":""462.00"",""ask_price"":""466.00""},{""bid_quantity"":20,""ask_quantity"":20,""bid_orders"":1,""ask_orders"":1,""bid_price"":""461.95"",""ask_price"":""466.05""},{""bid_quantity"":260,""ask_quantity"":20,""bid_orders"":4,""ask_orders"":1,""bid_price"":""461.90"",""ask_price"":""466.10""}]"
09:15:54.033,1790826354033417022,1544096587350849,Full Data,8,886461,126.25,160,09:15:54,,,126.39,1775420,99080,7958420,1682940,"[{""bid_quantity"":20,""ask_quantity"":280,""bid_orders"":1,""ask_orders"":4,""bid_price"":""126.10"",""ask_price"":""126.70""},{""bid_quantity"":20,""ask_quantity"":180,""bid_orders"":1,""ask_orders"":4,""bid_price"":""126.00"",""ask_price"":""126.75""},{""bid_quantity"":120,""ask_quantity"":200,""bid_orders"":2,""ask_orders"":4,""bid_price"":""125.90"",""ask_price"":""126.80""},{""bid_quantity"":20,""ask_quantity"":200,""bid_orders"":1,""ask_orders"":4,""bid_price"":""125.80"",""ask_price"":""126.85""},{""bid_quantity"":80,""ask_quantity"":160,""bid_orders"":1,""ask_orders"":2,""bid_price"":""125.70"",""ask_price"":""126.90""}]"
09:15:54.079,1790826354079897633,1544096633831620,Full Data,8,886961,466.15,20,09:15:54,,,444.16,63540,20140,4608120,36440,"[{""bid_quantity"":40,""ask_quantity"":20,""bid_orders"":2,""ask_orders"":1,""bid_price"":""463.45"",""ask_price"":""468.10""},{""bid_quantity"":100,""ask_quantity"":80,""bid_orders"":1,""ask_orders"":3,""bid_price"":""463.40"",""ask_price"":""468.15""},{""bid_quantity"":60,""ask_quantity"":40,""bid_orders"":3,""ask_orders"":2,""bid_price"":""463.30"",""ask_price"":""468.20""},{""bid_quantity"":40,""ask_quantity"":60,""bid_orders"":2,""ask_orders"":2,""bid_price"":""463.25"",""ask_price"":""468.25""},{""bid_quantity"":80,""ask_quantity"":40,""bid_orders"":2,""ask_orders"":2,""bid_price"":""463.20"",""ask_price"":""468.30""}]"
09:15:54.083,1790826354083910099,1544096637844046,Full Data,8,886461,127.65,120,09:15:54,,,126.39,1779260,99460,7958840,1682940,"[{""bid_quantity"":180,""ask_quantity"":40,""bid_orders"":2,""ask_orders"":1,""bid_price"":""126.85"",""ask_price"":""127.50""},{""bid_quantity"":80,""ask_quantity"":20,""bid_orders"":2,""ask_orders"":1,""bid_price"":""126.55"",""ask_price"":""127.55""},{""bid_quantity"":80,""ask_quantity"":80,""bid_orders"":2,""ask_orders"":2,""bid_price"":""126.50"",""ask_price"":""127.60""},{""bid_quantity"":120,""ask_quantity"":40,""bid_orders"":4,""ask_orders"":2,""bid_price"":""126.40"",""ask_price"":""127.65""},{""bid_quantity"":220,""ask_quantity"":40,""bid_orders"":2,""ask_orders"":2,""bid_price"":""126.35"",""ask_price"":""127.70""}]"
09:15:54.186,1790826354186122340,1544096740056687,Full Data,8,886790,109.70,20,09:15:54,,,128.66,3006740,204900,5708020,2100780,"[{""bid_quantity"":120,""ask_quantity"":60,""bid_orders"":2,""ask_orders"":2,""bid_price"":""109.80"",""ask_price"":""110.60""},{""bid_quantity"":100,""ask_quantity"":160,""bid_orders"":2,""ask_orders"":4,""bid_price"":""109.75"",""ask_price"":""110.70""},{""bid_quantity"":140,""ask_quantity"":260,""bid_orders"":3,""ask_orders"":5,""bid_price"":""109.70"",""ask_price"":""110.75""},{""bid_quantity"":40,""ask_quantity"":380,""bid_orders"":1,""ask_orders"":6,""bid_price"":""109.45"",""ask_price"":""110.80""},{""bid_quantity"":380,""ask_quantity"":280,""bid_orders"":7,""ask_orders"":5,""bid_price"":""109.35"",""ask_price"":""110.85""}]"
09:15:54.195,1790826354195179437,1544096749113424,Full Data,8,886790,110.00,40,09:15:54,,,128.66,3006820,205020,5707440,2100780,"[{""bid_quantity"":180,""ask_quantity"":80,""bid_orders"":2,""ask_orders"":3,""bid_price"":""110.00"",""ask_price"":""110.60""},{""bid_quantity"":60,""ask_quantity"":120,""bid_orders"":1,""ask_orders"":3,""bid_price"":""109.95"",""ask_price"":""110.70""},{""bid_quantity"":160,""ask_quantity"":260,""bid_orders"":3,""ask_orders"":5,""bid_price"":""109.90"",""ask_price"":""110.75""},{""bid_quantity"":120,""ask_quantity"":160,""bid_orders"":3,""ask_orders"":3,""bid_price"":""109.85"",""ask_price"":""110.80""},{""bid_quantity"":120,""ask_quantity"":280,""bid_orders"":2,""ask_orders"":5,""bid_price"":""109.80"",""ask_price"":""110.85""}]"
09:15:54.313,1790826354313375339,1544096867309366,Ticker Data,0,51,72330.93,,09:15:54,,,,,,,,
09:15:54.366,1790826354366924275,1544096920858622,Full Data,8,886620,224.00,80,09:15:54,,,250.14,1508120,78840,4462560,731020,"[{""bid_quantity"":80,""ask_quantity"":60,""bid_orders"":1,""ask_orders"":1,""bid_price"":""223.45"",""ask_price"":""224.70""},{""bid_quantity"":200,""ask_quantity"":200,""bid_orders"":1,""ask_orders"":3,""bid_price"":""223.20"",""ask_price"":""225.00""},{""bid_quantity"":100,""ask_quantity"":100,""bid_orders"":1,""ask_orders"":1,""bid_price"":""223.15"",""ask_price"":""225.05""},{""bid_quantity"":160,""ask_quantity"":280,""bid_orders"":2,""ask_orders"":2,""bid_price"":""223.10"",""ask_price"":""225.10""},{""bid_quantity"":120,""ask_quantity"":160,""bid_orders"":2,""ask_orders"":1,""bid_price"":""222.95"",""ask_price"":""225.15""}]"
09:15:54.425,1790826354425962525,1544096979896672,Full Data,8,886620,224.85,60,09:15:54,,,250.13,1508340,76840,4464200,731020,"[{""bid_quantity"":80,""ask_quantity"":100,""bid_orders"":2,""ask_orders"":2,""bid_price"":""224.10"",""ask_price"":""226.15""},{""bid_quantity"":180,""ask_quantity"":160,""bid_orders"":3,""ask_orders"":1,""bid_price"":""224.05"",""ask_price"":""226.80""},{""bid_quantity"":160,""ask_quantity"":20,""bid_orders"":4,""ask_orders"":1,""bid_price"":""224.00"",""ask_price"":""226.85""},{""bid_quantity"":60,""ask_quantity"":40,""bid_orders"":2,""ask_orders"":1,""bid_price"":""223.95"",""ask_price"":""227.05""},{""bid_quantity"":340,""ask_quantity"":100,""bid_orders"":6,""ask_orders"":1,""bid_price"":""223.90"",""ask_price"":""227.10""}]"
09:15:54.456,1790826354456868559,1544097010802666,Full Data,8,886659,265.60,100,09:15:54,,,256.00,1283900,47880,6505300,138720,"[{""bid_quantity"":40,""ask_quantity"":420,""bid_orders"":2,""ask_orders"":3,""bid_price"":""263.80"",""ask_price"":""265.20""},{""bid_quantity"":40,""ask_quantity"":140,""bid_orders"":2,""ask_orders"":2,""bid_price"":""263.30"",""ask_price"":""265.25""},{""bid_quantity"":320,""ask_quantity"":80,""bid_orders"":1,""ask_orders"":2,""bid_price"":""262.70"",""ask_price"":""265.30""},{""bid_quantity"":160,""ask_quantity"":380,""bid_orders"":1,""ask_orders"":5,""bid_price"":""262.45"",""ask_price"":""265.35""},{""bid_quantity"":280,""ask_quantity"":240,""bid_orders"":1,""ask_orders"":4,""bid_price"":""262.40"",""ask_price"":""265.40""}]"
09:15:54.607,1790826354607200143,1544097161134570,Full Data,8,886589,394.55,60,09:15:54,,,366.70,592720,25660,7425820,194360,"[{""bid_quantity"":60,""ask_quantity"":40,""bid_orders"":2,""ask_orders"":2,""bid_price"":""393.80"",""ask_price"":""395.45""},{""bid_quantity"":140,""ask_quantity"":20,""bid_orders"":3,""ask_orders"":1,""bid_price"":""393.75"",""ask_price"":""395.50""},{""bid_quantity"":200,""ask_quantity"":40,""bid_orders"":3,""ask_orders"":2,""bid_price"":""393.55"",""ask_price"":""395.55""},{""bid_quantity"":20,""ask_quantity"":20,""bid_orders"":1,""ask_orders"":1,""bid_price"":""393.50"",""ask_price"":""395.65""},{""bid_quantity"":40,""ask_quantity"":160,""bid_orders"":2,""ask_orders"":2,""bid_price"":""393.35"",""ask_price"":""395.70""}]"
09:15:54.642,1790826354642800886,1544097196734833,Full Data,8,887216,180.30,60,09:15:54,,,207.51,1978420,96560,4506340,716360,"[{""bid_quantity"":40,""ask_quantity"":40,""bid_orders"":1,""ask_orders"":1,""bid_price"":""179.25"",""ask_price"":""180.05""},{""bid_quantity"":220,""ask_quantity"":80,""bid_orders"":3,""ask_orders"":2,""bid_price"":""179.20"",""ask_price"":""180.10""},{""bid_quantity"":100,""ask_quantity"":120,""bid_orders"":1,""ask_orders"":4,""bid_price"":""179.10"",""ask_price"":""180.15""},{""bid_quantity"":320,""ask_quantity"":20,""bid_orders"":1,""ask_orders"":1,""bid_price"":""179.00"",""ask_price"":""180.20""},{""bid_quantity"":160,""ask_quantity"":200,""bid_orders"":4,""ask_orders"":3,""bid_price"":""178.95"",""ask_price"":""180.25""}]"
09:15:54.666,1790826354666978678,1544097220912625,Full Data,8,887216,179.00,20,09:15:54,,,207.50,1979320,97580,4506560,716360,"[{""bid_quantity"":100,""ask_quantity"":40,""bid_orders"":5,""ask_orders"":1,""bid_price"":""179.00"",""ask_price"":""179.60""},{""bid_quantity"":140,""ask_quantity"":120,""bid_orders"":3,""ask_orders"":3,""bid_price"":""178.80"",""ask_price"":""179.65""},{""bid_quantity"":80,""ask_quantity"":240,""bid_orders"":3,""ask_orders"":4,""bid_price"":""178.75"",""ask_price"":""179.90""},{""bid_quantity"":220,""ask_quantity"":560,""bid_orders"":3,""ask_orders"":3,""bid_price"":""178.70"",""ask_price"":""180.00""},{""bid_quantity"":100,""ask_quantity"":140,""bid_orders"":1,""ask_orders"":2,""bid_price"":""178.65"",""ask_price"":""180.15""}]"
09:15:54.761,1790826354761024548,1544097314958695,Full Data,8,887253,328.75,40,09:15:54,,,307.80,461400,24440,6139040,55040,"[{""bid_quantity"":120,""ask_quantity"":40,""bid_orders"":1,""ask_orders"":1,""bid_price"":""328.80"",""ask_price"":""330.00""},{""bid_quantity"":180,""ask_quantity"":40,""bid_orders"":2,""ask_orders"":1,""bid_price"":""328.75"",""ask_price"":""330.05""},{""bid_quantity"":320,""ask_quantity"":40,""bid_orders"":7,""ask_orders"":1,""bid_price"":""328.70"",""ask_price"":""330.10""},{""bid_quantity"":160,""ask_quantity"":120,""bid_orders"":4,""ask_orders"":2,""bid_price"":""328.65"",""ask_price"":""330.15""},{""bid_quantity"":100,""ask_quantity"":100,""bid_orders"":4,""ask_orders"":3,""bid_price"":""328.60"",""ask_price"":""330.20""}]"
09:15:54.845,1790826354845039315,1544097398973742,Full Data,8,886671,82.00,20,09:15:54,,,98.37,1245160,62820,3274500,570580,"[{""bid_quantity"":160,""ask_quantity"":180,""bid_orders"":3,""ask_orders"":2,""bid_price"":""82.15"",""ask_price"":""82.40""},{""bid_quantity"":280,""ask_quantity"":460,""bid_orders"":5,""ask_orders"":6,""bid_price"":""82.10"",""ask_price"":""82.60""},{""bid_quantity"":80,""ask_quantity"":200,""bid_orders"":2,""ask_orders"":4,""bid_price"":""82.05"",""ask_price"":""82.65""},{""bid_quantity"":560,""ask_quantity"":60,""bid_orders"":2,""ask_orders"":2,""bid_price"":""82.00"",""ask_price"":""82.70""},{""bid_quantity"":400,""ask_quantity"":100,""bid_orders"":4,""ask_orders"":1,""bid_price"":""81.95"",""ask_price"":""82.75""}]"
09:15:54.873,1790826354873032011,1544097426965918,Full Data,8,887279,276.35,20,09:15:54,,,317.50,776680,60460,4181680,793060,"[{""bid_quantity"":20,""ask_quantity"":40,""bid_orders"":1,""ask_orders"":1,""bid_price"":""275.75"",""ask_price"":""276.60""},{""bid_quantity"":20,""ask_quantity"":40,""bid_orders"":1,""ask_orders"":2,""bid_price"":""275.70"",""ask_price"":""276.70""},{""bid_quantity"":60,""ask_quantity"":180,""bid_orders"":2,""ask_orders"":4,""bid_price"":""275.65"",""ask_price"":""276.75""},{""bid_quantity"":60,""ask_quantity"":160,""bid_orders"":2,""ask_orders"":2,""bid_price"":""275.60"",""ask_price"":""276.80""},{""bid_quantity"":100,""ask_quantity"":160,""bid_orders"":2,""ask_orders"":2,""bid_price"":""275.55"",""ask_price"":""276.85""}]"
09:15:54.874,1790826354874488300,1544097428422167,Full Data,8,886671,82.00,20,09:15:54,,,98.37,1245160,63120,3274120,570580,"[{""bid_quantity"":60,""ask_quantity"":200,""bid_orders"":1,""ask_orders"":4,""bid_price"":""82.05"",""ask_price"":""82.35""},{""bid_quantity"":500,""ask_quantity"":440,""bid_orders"":4,""ask_orders"":8,""bid_price"":""82.00"",""ask_price"":""82.40""},{""bid_quantity"":180,""ask_quantity"":300,""bid_orders"":2,""ask_orders"":5,""bid_price"":""81.95"",""ask_price"":""82.60""},{""bid_quantity"":180,""ask_quantity"":200,""bid_orders"":2,""ask_orders"":4,""bid_price"":""81.90"",""ask_price"":""82.65""},{""bid_quantity"":240,""ask_quantity"":60,""bid_orders"":2,""ask_orders"":2,""bid_price"":""81.80"",""ask_price"":""82.70""}]"
09:15:54.876,1790826354876111070,1544097430044937,Full Data,8,886685,336.40,20,09:15:54,,,384.13,866960,65060,5890060,1793000,"[{""bid_quantity"":140,""ask_quantity"":60,""bid_orders"":4,""ask_orders"":1,""bid_price"":""336.40"",""ask_price"":""338.10""},{""bid_quantity"":40,""ask_quantity"":300,""bid_orders"":1,""ask_orders"":5,""bid_price"":""336.35"",""ask_price"":""338.15""},{""bid_quantity"":40,""ask_quantity"":20,""bid_orders"":1,""ask_orders"":1,""bid_price"":""336.30"",""ask_price"":""338.20""},{""bid_quantity"":60,""ask_quantity"":160,""bid_orders"":2,""ask_orders"":5,""bid_price"":""336.10"",""ask_price"":""338.25""},{""bid_quantity"":40,""ask_quantity"":40,""bid_orders"":1,""ask_orders"":1,""bid_price"":""336.05"",""ask_price"":""338.30""}]"
09:15:54.913,1790826354913518025,1544097467451972,Full Data,8,887080,168.10,20,09:15:54,,,161.63,1266040,50300,5393740,530840,"[{""bid_quantity"":40,""ask_quantity"":40,""bid_orders"":1,""ask_orders"":2,""bid_price"":""167.55"",""ask_price"":""168.10""},{""bid_quantity"":140,""ask_quantity"":120,""bid_orders"":3,""ask_orders"":3,""bid_price"":""167.50"",""ask_price"":""168.50""},{""bid_quantity"":100,""ask_quantity"":160,""bid_orders"":5,""ask_orders"":3,""bid_price"":""167.45"",""ask_price"":""168.55""},{""bid_quantity"":160,""ask_quantity"":80,""bid_orders"":1,""ask_orders"":2,""bid_price"":""167.30"",""ask_price"":""168.60""},{""bid_quantity"":100,""ask_quantity"":60,""bid_orders"":1,""ask_orders"":1,""bid_price"":""167.25"",""ask_price"":""168.65""}]"
09:15:54.916,1790826354916199682,1544097470133509,Full Data,8,887253,331.10,60,09:15:54,,,307.82,461700,26640,6138480,55040,"[{""bid_quantity"":40,""ask_quantity"":100,""bid_orders"":1,""ask_orders"":1,""bid_price"":""331.10"",""ask_price"":""332.60""},{""bid_quantity"":180,""ask_quantity"":40,""bid_orders"":5,""ask_orders"":1,""bid_price"":""331.05"",""ask_price"":""332.65""},{""bid_quantity"":80,""ask_quantity"":100,""bid_orders"":2,""ask_orders"":3,""bid_price"":""331.00"",""ask_price"":""332.70""},{""bid_quantity"":80,""ask_quantity"":420,""bid_orders"":2,""ask_orders"":2,""bid_price"":""330.95"",""ask_price"":""332.75""},{""bid_quantity"":80,""ask_quantity"":140,""bid_orders"":3,""ask_orders"":2,""bid_price"":""330.75"",""ask_price"":""332.80""}]"
09:15:54.932,1790826354932061461,1544097485995368,Full Data,8,887080,168.90,20,09:15:54,,,161.64,1266380,48740,5394020,530840,"[{""bid_quantity"":80,""ask_quantity"":20,""bid_orders"":2,""ask_orders"":1,""bid_price"":""168.60"",""ask_price"":""168.85""},{""bid_quantity"":80,""ask_quantity"":20,""bid_orders"":2,""ask_orders"":1,""bid_price"":""168.55"",""ask_price"":""168.90""},{""bid_quantity"":60,""ask_quantity"":20,""bid_orders"":2,""ask_orders"":1,""bid_price"":""168.50"",""ask_price"":""168.95""},{""bid_quantity"":60,""ask_quantity"":100,""bid_orders"":2,""ask_orders"":1,""bid_price"":""168.45"",""ask_price"":""169.05""},{""bid_quantity"":80,""ask_quantity"":100,""bid_orders"":3,""ask_orders"":1,""bid_price"":""168.40"",""ask_price"":""169.20""}]"
09:15:54.970,1790826354970575783,1544097524509730,Full Data,8,886540,138.30,200,09:15:54,,,164.79,1325200,111000,3850860,632060,"[{""bid_quantity"":120,""ask_quantity"":140,""bid_orders"":1,""ask_orders"":4,""bid_price"":""138.40"",""ask_price"":""138.85""},{""bid_quantity"":160,""ask_quantity"":120,""bid_orders"":1,""ask_orders"":6,""bid_price"":""138.35"",""ask_price"":""138.90""},{""bid_quantity"":160,""ask_quantity"":140,""bid_orders"":1,""ask_orders"":3,""bid_price"":""138.25"",""ask_price"":""138.95""},{""bid_quantity"":620,""ask_quantity"":140,""bid_orders"":3,""ask_orders"":2,""bid_price"":""138.15"",""ask_price"":""139.00""},{""bid_quantity"":80,""ask_quantity"":80,""bid_orders"":2,""ask_orders"":2,""bid_price"":""138.10"",""ask_price"":""139.15""}]"
09:15:55.012,1790826355012367165,1544097566301632,Full Data,8,886540,138.10,20,09:15:55,,,164.77,1326460,111780,3848900,632060,"[{""bid_quantity"":100,""ask_quantity"":20,""bid_orders"":1,""ask_orders"":1,""bid_price"":""137.70"",""ask_price"":""138.20""},{""bid_quantity"":140,""ask_quantity"":160,""bid_orders"":2,""ask_orders"":3,""bid_price"":""137.60"",""ask_price"":""138.25""},{""bid_quantity"":120,""ask_quantity"":520,""bid_orders"":1,""ask_orders"":2,""bid_price"":""137.40"",""ask_price"":""138.30""},{""bid_quantity"":100,""ask_quantity"":80,""bid_orders"":1,""ask_orders"":4,""bid_price"":""137.20"",""ask_price"":""138.35""},{""bid_quantity"":80,""ask_quantity"":180,""bid_orders"":1,""ask_orders"":5,""bid_price"":""137.15"",""ask_price"":""138.40""}]"
09:15:55.087,1790826355087376396,1544097641310663,Full Data,8,886961,478.25,20,09:15:55,,,444.62,64700,17960,4607980,36440,"[{""bid_quantity"":200,""ask_quantity"":280,""bid_orders"":4,""ask_orders"":2,""bid_price"":""477.50"",""ask_price"":""480.85""},{""bid_quantity"":40,""ask_quantity"":140,""bid_orders"":2,""ask_orders"":1,""bid_price"":""477.45"",""ask_price"":""480.90""},{""bid_quantity"":40,""ask_quantity"":20,""bid_orders"":2,""ask_orders"":1,""bid_price"":""477.35"",""ask_price"":""480.95""},{""bid_quantity"":20,""ask_quantity"":20,""bid_orders"":1,""ask_orders"":1,""bid_price"":""477.30"",""ask_price"":""481.00""},{""bid_quantity"":40,""ask_quantity"":20,""bid_orders"":1,""ask_orders"":1,""bid_price"":""477.20"",""ask_price"":""481.05""}]"
09:15:55.091,1790826355091236380,1544097645170327,Full Data,8,886461,133.70,140,09:15:55,,,126.42,1799500,99620,8013880,1682940,"[{""bid_quantity"":80,""ask_quantity"":60,""bid_orders"":2,""ask_orders"":1,""bid_price"":""133.30"",""ask_price"":""133.75""},{""bid_quantity"":200,""ask_quantity"":80,""bid_orders"":3,""ask_orders"":2,""bid_price"":""133.25"",""ask_price"":""133.80""},{""bid_quantity"":60,""ask_quantity"":80,""bid_orders"":2,""ask_orders"":1,""bid_price"":""133.15"",""ask_price"":""134.20""},{""bid_quantity"":260,""ask_quantity"":440,""bid_orders"":4,""ask_orders"":3,""bid_price"":""133.10"",""ask_price"":""134.40""},{""bid_quantity"":140,""ask_quantity"":100,""bid_orders"":4,""ask_orders"":2,""bid_price"":""133.05"",""ask_price"":""134.90""}]"
09:15:55.130,1790826355130611347,1544097684545854,Full Data,8,886961,481.55,40,09:15:55,,,444.73,64900,17580,4607940,36440,"[{""bid_quantity"":80,""ask_quantity"":320,""bid_orders"":4,""ask_orders"":2,""bid_price"":""479.05"",""ask_price"":""482.80""},{""bid_quantity"":40,""ask_quantity"":100,""bid_orders"":2,""ask_orders"":2,""bid_price"":""479.00"",""ask_price"":""482.85""},{""bid_quantity"":140,""ask_quantity"":60,""bid_orders"":4,""ask_orders"":2,""bid_price"":""478.95"",""ask_price"":""482.95""},{""bid_quantity"":40,""ask_quantity"":120,""bid_orders"":2,""ask_orders"":2,""bid_price"":""478.85"",""ask_price"":""483.00""},{""bid_quantity"":40,""ask_quantity"":20,""bid_orders"":2,""ask_orders"":1,""bid_price"":""478.75"",""ask_price"":""483.20""}]"
09:15:55.161,1790826355161298580,1544097715232727,Full Data,8,886461,133.35,20,09:15:55,,,126.42,1801160,102060,8012500,1682940,"[{""bid_quantity"":160,""ask_quantity"":180,""bid_orders"":1,""ask_orders"":3,""bid_price"":""133.55"",""ask_price"":""134.00""},{""bid_quantity"":40,""ask_quantity"":100,""bid_orders"":2,""ask_orders"":5,""bid_price"":""133.50"",""ask_price"":""134.05""},{""bid_quantity"":20,""ask_quantity"":120,""bid_orders"":1,""ask_orders"":3,""bid_price"":""133.45"",""ask_price"":""134.10""},{""bid_quantity"":160,""ask_quantity"":140,""bid_orders"":1,""ask_orders"":4,""bid_price"":""133.40"",""ask_price"":""134.20""},{""bid_quantity"":180,""ask_quantity"":140,""bid_orders"":2,""ask_orders"":3,""bid_price"":""133.35"",""ask_price"":""134.30""}]"
09:15:55.192,1790826355192687937,1544097746621884,Full Data,8,886790,107.25,200,09:15:55,,,128.35,3053800,207440,5709300,2100780,"[{""bid_quantity"":60,""ask_quantity"":120,""bid_orders"":1,""ask_orders"":1,""bid_price"":""106.80"",""ask_price"":""107.20""},{""bid_quantity"":60,""ask_quantity"":60,""bid_orders"":1,""ask_orders"":2,""bid_price"":""106.75"",""ask_price"":""107.25""},{""bid_quantity"":420,""ask_quantity"":140,""bid_orders"":4,""ask_orders"":4,""bid_price"":""106.70"",""ask_price"":""107.35""},{""bid_quantity"":80,""ask_quantity"":80,""bid_orders"":2,""ask_orders"":4,""bid_price"":""106.65"",""ask_price"":""107.40""},{""bid_quantity"":240,""ask_quantity"":160,""bid_orders"":3,""ask_orders"":2,""bid_price"":""106.60"",""ask_price"":""107.45""}]"
09:15:55.218,1790826355218579179,1544097772513446,Full Data,8,886790,106.70,160,09:15:55,,,128.35,3054360,207680,5709360,2100780,"[{""bid_quantity"":80,""ask_quantity"":120,""bid_orders"":2,""ask_orders"":2,""bid_price"":""106.65"",""ask_price"":""107.15""},{""bid_quantity"":160,""ask_quantity"":200,""bid_orders"":1,""ask_orders"":3,""bid_price"":""106.55"",""ask_price"":""107.20""},{""bid_quantity"":260,""ask_quantity"":60,""bid_orders"":4,""ask_orders"":2,""bid_price"":""106.50"",""ask_price"":""107.25""},{""bid_quantity"":340,""ask_quantity"":140,""bid_orders"":4,""ask_orders"":4,""bid_price"":""106.40"",""ask_price"":""107.35""},{""bid_quantity"":300,""ask_quantity"":80,""bid_orders"":4,""ask_orders"":4,""bid_price"":""106.35"",""ask_price"":""107.40""}]"
09:15:55.287,1790826355287315011,1544097841248998,Ticker Data,0,51,72305.00,,09:15:55,,,,,,,,
09:15:55.392,1790826355392712152,1544097946646259,Full Data,8,886620,218.60,20,09:15:55,,,249.80,1526120,82820,4464500,731020,"[{""bid_quantity"":60,""ask_quantity"":220,""bid_orders"":3,""ask_orders"":3,""bid_price"":""218.15"",""ask_price"":""218.90""},{""bid_quantity"":20,""ask_quantity"":40,""bid_orders"":1,""ask_orders"":1,""bid_price"":""218.10"",""ask_price"":""218.95""},{""bid_quantity"":20,""ask_quantity"":100,""bid_orders"":1,""ask_orders"":4,""bid_price"":""218.05"",""ask_price"":""219.00""},{""bid_quantity"":20,""ask_quantity"":40,""bid_orders"":1,""ask_orders"":1,""bid_price"":""218.00"",""ask_price"":""219.05""},{""bid_quantity"":200,""ask_quantity"":100,""bid_orders"":4,""ask_orders"":3,""bid_price"":""217.95"",""ask_price"":""219.10""}]"
09:15:55.405,1790826355405096550,1544097959030577,Full Data,8,886620,217.75,20,09:15:55,,,249.80,1526160,82800,4464320,731020,"[{""bid_quantity"":200,""ask_quantity"":60,""bid_orders"":3,""ask_orders"":2,""bid_price"":""218.05"",""ask_price"":""218.70""},{""bid_quantity"":20,""ask_quantity"":40,""bid_orders"":1,""ask_orders"":1,""bid_price"":""218.00"",""ask_price"":""218.75""},{""bid_quantity"":360,""ask_quantity"":40,""bid_orders"":4,""ask_orders"":1,""bid_price"":""217.95"",""ask_price"":""218.80""},{""bid_quantity"":80,""ask_quantity"":40,""bid_orders"":3,""ask_orders"":1,""bid_price"":""217.90"",""ask_price"":""218.85""},{""bid_quantity"":80,""ask_quantity"":100,""bid_orders"":3,""ask_orders"":3,""bid_price"":""217.80"",""ask_price"":""218.90""}]"
09:15:55.483,1790826355483329121,1544098037263388,Full Data,8,886659,275.75,60,09:15:55,,,256.10,1293660,41000,6505120,138720,"[{""bid_quantity"":160,""ask_quantity"":60,""bid_orders"":4,""ask_orders"":3,""bid_price"":""275.40"",""ask_price"":""277.15""},{""bid_quantity"":140,""ask_quantity"":60,""bid_orders"":4,""ask_orders"":2,""bid_price"":""275.35"",""ask_price"":""277.50""},{""bid_quantity"":120,""ask_quantity"":320,""bid_orders"":4,""ask_orders"":1,""bid_price"":""275.30"",""ask_price"":""277.65""},{""bid_quantity"":940,""ask_quantity"":40,""bid_orders"":8,""ask_orders"":1,""bid_price"":""275.25"",""ask_price"":""278.10""},{""bid_quantity"":400,""ask_quantity"":200,""bid_orders"":2,""ask_orders"":1,""bid_price"":""275.20"",""ask_price"":""279.00""}]"
09:15:55.537,1790826355537807183,1544098091741250,Full Data,8,886659,275.00,20,09:15:55,,,256.11,1294340,46200,6506540,138720,"[{""bid_quantity"":60,""ask_quantity"":120,""bid_orders"":1,""ask_orders"":6,""bid_price"":""275.00"",""ask_price"":""275.55""},{""bid_quantity"":120,""ask_quantity"":100,""bid_orders"":1,""ask_orders"":5,""bid_price"":""274.55"",""ask_price"":""275.70""},{""bid_quantity"":120,""ask_quantity"":320,""bid_orders"":2,""ask_orders"":1,""bid_price"":""274.50"",""ask_price"":""276.15""},{""bid_quantity"":100,""ask_quantity"":120,""bid_orders"":1,""ask_orders"":2,""bid_price"":""274.40"",""ask_price"":""276.20""},{""bid_quantity"":40,""ask_quantity"":260,""bid_orders"":1,""ask_orders"":4,""bid_price"":""274.35"",""ask_price"":""276.35""}]"
09:15:55.605,1790826355605531168,1544098159465595,Full Data,8,887306,219.00,100,09:15:55,,,208.72,1500720,50840,5915160,240500,"[{""bid_quantity"":60,""ask_quantity"":80,""bid_orders"":2,""ask_orders"":3,""bid_price"":""219.30"",""ask_price"":""219.95""},{""bid_quantity"":40,""ask_quantity"":160,""bid_orders"":1,""ask_orders"":5,""bid_price"":""219.20"",""ask_price"":""220.00""},{""bid_quantity"":40,""ask_quantity"":120,""bid_orders"":1,""ask_orders"":4,""bid_price"":""219.15"",""ask_price"":""220.05""},{""bid_quantity"":40,""ask_quantity"":80,""bid_orders"":1,""ask_orders"":3,""bid_price"":""219.05"",""ask_price"":""220.15""},{""bid_quantity"":120,""ask_quantity"":280,""bid_orders"":4,""ask_orders"":5,""bid_price"":""219.00"",""ask_price"":""220.20""}]"
09:15:55.605,1790826355605687129,1544098159620756,Full Data,8,886589,406.00,20,09:15:55,,,366.87,595520,30220,7426900,194360,"[{""bid_quantity"":60,""ask_quantity"":200,""bid_orders"":2,""ask_orders"":1,""bid_price"":""406.50"",""ask_price"":""408.15""},{""bid_quantity"":80,""ask_quantity"":60,""bid_orders"":1,""ask_orders"":2,""bid_price"":""406.45"",""ask_price"":""408.20""},{""bid_quantity"":140,""ask_quantity"":40,""bid_orders"":5,""ask_orders"":2,""bid_price"":""406.35"",""ask_price"":""408.40""},{""bid_quantity"":160,""ask_quantity"":100,""bid_orders"":4,""ask_orders"":1,""bid_price"":""406.25"",""ask_price"":""408.50""},{""bid_quantity"":20,""ask_quantity"":80,""bid_orders"":1,""ask_orders"":1,""bid_price"":""406.20"",""ask_price"":""408.70""}]"
09:15:55.653,1790826355653890071,1544098207824218,Full Data,8,887306,218.35,60,09:15:55,,,208.73,1502340,51660,5918460,240500,"[{""bid_quantity"":40,""ask_quantity"":120,""bid_orders"":1,""ask_orders"":6,""bid_price"":""218.40"",""ask_price"":""219.00""},{""bid_quantity"":120,""ask_quantity"":20,""bid_orders"":4,""ask_orders"":1,""bid_price"":""218.35"",""ask_price"":""219.10""},{""bid_quantity"":160,""ask_quantity"":40,""bid_orders"":1,""ask_orders"":1,""bid_price"":""218.20"",""ask_price"":""219.20""},{""bid_quantity"":40,""ask_quantity"":720,""bid_orders"":1,""ask_orders"":3,""bid_price"":""218.15"",""ask_price"":""219.30""},{""bid_quantity"":120,""ask_quantity"":60,""bid_orders"":4,""ask_orders"":2,""bid_price"":""218.05"",""ask_price"":""219.35""}]"
09:15:55.687,1790826355687663123,1544098241597150,Full Data,8,887216,174.25,20,09:15:55,,,207.19,1999200,94400,4526260,716360,"[{""bid_quantity"":100,""ask_quantity"":360,""bid_orders"":5,""ask_orders"":2,""bid_price"":""173.70"",""ask_price"":""174.30""},{""bid_quantity"":380,""ask_quantity"":100,""bid_orders"":3,""ask_orders"":3,""bid_price"":""173.55"",""ask_price"":""174.35""},{""bid_quantity"":60,""ask_quantity"":320,""bid_orders"":3,""ask_orders"":1,""bid_price"":""173.45"",""ask_price"":""174.40""},{""bid_quantity"":140,""ask_quantity"":220,""bid_orders"":1,""ask_orders"":3,""bid_price"":""173.35"",""ask_price"":""174.45""},{""bid_quantity"":60,""ask_quantity"":620,""bid_orders"":1,""ask_orders"":6,""bid_price"":""173.30"",""ask_price"":""174.50""}]"
09:15:55.825,1790826355825993231,1544098379927378,Full Data,8,886671,81.40,80,09:15:55,,,98.18,1259060,63420,3274860,570580,"[{""bid_quantity"":200,""ask_quantity"":20,""bid_orders"":3,""ask_orders"":1,""bid_price"":""80.90"",""ask_price"":""81.15""},{""bid_quantity"":80,""ask_quantity"":140,""bid_orders"":3,""ask_orders"":5,""bid_price"":""80.85"",""ask_price"":""81.20""},{""bid_quantity"":160,""ask_quantity"":160,""bid_orders"":4,""ask_orders"":2,""bid_price"":""80.80"",""ask_price"":""81.25""},{""bid_quantity"":160,""ask_quantity"":80,""bid_orders"":6,""ask_orders"":2,""bid_price"":""80.75"",""ask_price"":""81.30""},{""bid_quantity"":800,""ask_quantity"":120,""bid_orders"":6,""ask_orders"":1,""bid_price"":""80.70"",""ask_price"":""81.35""}]"
09:15:55.835,1790826355835801653,1544098389735960,Full Data,8,886671,80.75,20,09:15:55,,,98.18,1259080,63700,3273680,570580,"[{""bid_quantity"":40,""ask_quantity"":40,""bid_orders"":1,""ask_orders"":1,""bid_price"":""80.70"",""ask_price"":""80.75""},{""bid_quantity"":100,""ask_quantity"":260,""bid_orders"":3,""ask_orders"":4,""bid_price"":""80.65"",""ask_price"":""81.05""},{""bid_quantity"":40,""ask_quantity"":100,""bid_orders"":1,""ask_orders"":3,""bid_price"":""80.60"",""ask_price"":""81.10""},{""bid_quantity"":80,""ask_quantity"":140,""bid_orders"":1,""ask_orders"":2,""bid_price"":""80.55"",""ask_price"":""81.15""},{""bid_quantity"":60,""ask_quantity"":140,""bid_orders"":1,""ask_orders"":6,""bid_price"":""80.50"",""ask_price"":""81.20""}]"
09:15:55.850,1790826355850771107,1544098404705254,Full Data,8,886685,334.65,20,09:15:55,,,382.57,894100,64180,5869600,1793000,"[{""bid_quantity"":240,""ask_quantity"":180,""bid_orders"":2,""ask_orders"":3,""bid_price"":""333.60"",""ask_price"":""335.10""},{""bid_quantity"":20,""ask_quantity"":180,""bid_orders"":1,""ask_orders"":3,""bid_price"":""333.40"",""ask_price"":""335.15""},{""bid_quantity"":160,""ask_quantity"":20,""bid_orders"":2,""ask_orders"":1,""bid_price"":""333.15"",""ask_price"":""335.20""},{""bid_quantity"":100,""ask_quantity"":180,""bid_orders"":1,""ask_orders"":4,""bid_price"":""333.00"",""ask_price"":""335.25""},{""bid_quantity"":20,""ask_quantity"":60,""bid_orders"":1,""ask_orders"":2,""bid_price"":""332.90"",""ask_price"":""335.70""}]"
09:15:55.865,1790826355865029076,1544098418963263,Full Data,8,887279,272.35,20,09:15:55,,,317.10,783600,64180,4181480,793060,"[{""bid_quantity"":80,""ask_quantity"":40,""bid_orders"":1,""ask_orders"":1,""bid_price"":""271.15"",""ask_price"":""272.40""},{""bid_quantity"":80,""ask_quantity"":160,""bid_orders"":2,""ask_orders"":2,""bid_price"":""271.10"",""ask_price"":""272.45""},{""bid_quantity"":80,""ask_quantity"":240,""bid_orders"":2,""ask_orders"":3,""bid_price"":""271.05"",""ask_price"":""272.50""},{""bid_quantity"":100,""ask_quantity"":20,""bid_orders"":2,""ask_orders"":1,""bid_price"":""270.95"",""ask_price"":""272.55""},{""bid_quantity"":80,""ask_quantity"":560,""bid_orders"":2,""ask_orders"":5,""bid_price"":""270.90"",""ask_price"":""272.60""}]"
09:15:55.948,1790826355948926603,1544098502860670,Full Data,8,887080,170.85,20,09:15:55,,,161.77,1283700,51020,5393800,530840,"[{""bid_quantity"":20,""ask_quantity"":20,""bid_orders"":1,""ask_orders"":1,""bid_price"":""170.55"",""ask_price"":""170.90""},{""bid_quantity"":240,""ask_quantity"":160,""bid_orders"":4,""ask_orders"":1,""bid_price"":""170.25"",""ask_price"":""171.00""},{""bid_quantity"":580,""ask_quantity"":200,""bid_orders"":4,""ask_orders"":3,""bid_price"":""170.10"",""ask_price"":""171.10""},{""bid_quantity"":100,""ask_quantity"":40,""bid_orders"":1,""ask_orders"":1,""bid_price"":""169.95"",""ask_price"":""171.15""},{""bid_quantity"":60,""ask_quantity"":140,""bid_orders"":1,""ask_orders"":1,""bid_price"":""169.85"",""ask_price"":""171.25""}]"
09:15:55.957,1790826355957585057,1544098511519124,Full Data,8,887253,334.70,60,09:15:55,,,308.22,468580,26760,6138300,55040,"[{""bid_quantity"":120,""ask_quantity"":160,""bid_orders"":3,""ask_orders"":2,""bid_price"":""334.95"",""ask_price"":""336.20""},{""bid_quantity"":40,""ask_quantity"":160,""bid_orders"":1,""ask_orders"":4,""bid_price"":""334.90"",""ask_price"":""336.25""},{""bid_quantity"":80,""ask_quantity"":100,""bid_orders"":2,""ask_orders"":2,""bid_price"":""334.75"",""ask_price"":""336.45""},{""bid_quantity"":100,""ask_quantity"":100,""bid_orders"":4,""ask_orders"":1,""bid_price"":""334.65"",""ask_price"":""336.50""},{""bid_quantity"":140,""ask_quantity"":40,""bid_orders"":4,""ask_orders"":1,""bid_price"":""334.60"",""ask_price"":""336.65""}]"
09:15:55.983,1790826355983104297,1544098537038324,Full Data,8,887080,171.85,80,09:15:55,,,161.78,1285120,50660,5395400,530840,"[{""bid_quantity"":200,""ask_quantity"":20,""bid_orders"":2,""ask_orders"":1,""bid_price"":""171.15"",""ask_price"":""171.95""},{""bid_quantity"":160,""ask_quantity"":120,""bid_orders"":4,""ask_orders"":2,""bid_price"":""171.10"",""ask_price"":""172.20""},{""bid_quantity"":600,""ask_quantity"":120,""bid_orders"":4,""ask_orders"":1,""bid_price"":""171.05"",""ask_price"":""172.25""},{""bid_quantity"":80,""ask_quantity"":140,""bid_orders"":2,""ask_orders"":3,""bid_price"":""171.00"",""ask_price"":""172.35""},{""bid_quantity"":40,""ask_quantity"":100,""bid_orders"":2,""ask_orders"":1,""bid_price"":""170.95"",""ask_price"":""172.55""}]"
09:15:56.028,1790826356028484902,1544098582419129,Full Data,8,886540,137.10,20,09:15:55,,,164.48,1340180,111500,3853780,632060,"[{""bid_quantity"":80,""ask_quantity"":200,""bid_orders"":1,""ask_orders"":2,""bid_price"":""136.15"",""ask_price"":""136.65""},{""bid_quantity"":120,""ask_quantity"":140,""bid_orders"":2,""ask_orders"":4,""bid_price"":""136.05"",""ask_price"":""136.70""},{""bid_quantity"":140,""ask_quantity"":40,""bid_orders"":2,""ask_orders"":1,""bid_price"":""136.00"",""ask_price"":""136.75""},{""bid_quantity"":120,""ask_quantity"":120,""bid_orders"":2,""ask_orders"":3,""bid_price"":""135.90"",""ask_price"":""136.80""},{""bid_quantity"":100,""ask_quantity"":20,""bid_orders"":1,""ask_orders"":1,""bid_price"":""135.80"",""ask_price"":""136.85""}]"
09:15:56.066,1790826356066988344,1544098620922451,Full Data,8,886540,135.55,40,09:15:56,,,164.46,1341160,111540,3854520,632060,"[{""bid_quantity"":140,""ask_quantity"":20,""bid_orders"":2,""ask_orders"":1,""bid_price"":""135.60"",""ask_price"":""136.00""},{""bid_quantity"":240,""ask_quantity"":60,""bid_orders"":4,""ask_orders"":2,""bid_price"":""135.55"",""ask_price"":""136.05""},{""bid_quantity"":280,""ask_quantity"":400,""bid_orders"":6,""ask_orders"":4,""bid_price"":""135.50"",""ask_price"":""136.15""},{""bid_quantity"":100,""ask_quantity"":40,""bid_orders"":4,""ask_orders"":1,""bid_price"":""135.45"",""ask_price"":""136.25""},{""bid_quantity"":380,""ask_quantity"":180,""bid_orders"":5,""ask_orders"":2,""bid_price"":""135.40"",""ask_price"":""136.45""}]"
09:15:56.138,1790826356138210711,1544098692144818,Full Data,8,886961,480.15,80,09:15:55,,,444.86,65140,18680,4608680,36440,"[{""bid_quantity"":40,""ask_quantity"":40,""bid_orders"":2,""ask_orders"":1,""bid_price"":""482.40"",""ask_price"":""487.15""},{""bid_quantity"":40,""ask_quantity"":40,""bid_orders"":2,""ask_orders"":2,""bid_price"":""482.30"",""ask_price"":""487.20""},{""bid_quantity"":40,""ask_quantity"":60,""bid_orders"":2,""ask_orders"":3,""bid_price"":""482.25"",""ask_price"":""487.25""},{""bid_quantity"":40,""ask_quantity"":100,""bid_orders"":1,""ask_orders"":2,""bid_price"":""482.20"",""ask_price"":""487.30""},{""bid_quantity"":40,""ask_quantity"":60,""bid_orders"":2,""ask_orders"":2,""bid_price"":""482.15"",""ask_price"":""487.35""}]"
09:15:56.155,1790826356155588140,1544098709522167,Full Data,8,886461,135.80,20,09:15:56,,,126.51,1822060,107060,8023460,1682940,"[{""bid_quantity"":60,""ask_quantity"":100,""bid_orders"":1,""ask_orders"":1,""bid_price"":""135.10"",""ask_price"":""135.85""},{""bid_quantity"":420,""ask_quantity"":120,""bid_orders"":5,""ask_orders"":3,""bid_price"":""135.05"",""ask_price"":""135.90""},{""bid_quantity"":60,""ask_quantity"":100,""bid_orders"":2,""ask_orders"":3,""bid_price"":""135.00"",""ask_price"":""135.95""},{""bid_quantity"":80,""ask_quantity"":80,""bid_orders"":3,""ask_orders"":2,""bid_price"":""134.95"",""ask_price"":""136.05""},{""bid_quantity"":20,""ask_quantity"":80,""bid_orders"":1,""ask_orders"":2,""bid_price"":""134.85"",""ask_price"":""136.10""}]"
09:15:56.189,1790826356189688034,1544098743621981,Full Data,8,886961,480.15,80,09:15:55,,,444.86,65140,18140,4609580,36440,"[{""bid_quantity"":60,""ask_quantity"":60,""bid_orders"":3,""ask_orders"":2,""bid_price"":""484.10"",""ask_price"":""489.00""},{""bid_quantity"":260,""ask_quantity"":40,""bid_orders"":5,""ask_orders"":2,""bid_price"":""484.05"",""ask_price"":""489.05""},{""bid_quantity"":60,""ask_quantity"":40,""bid_orders"":3,""ask_orders"":2,""bid_price"":""484.00"",""ask_price"":""489.10""},{""bid_quantity"":60,""ask_quantity"":40,""bid_orders"":2,""ask_orders"":2,""bid_price"":""483.95"",""ask_price"":""489.15""},{""bid_quantity"":40,""ask_quantity"":120,""bid_orders"":2,""ask_orders"":2,""bid_price"":""483.90"",""ask_price"":""489.20""}]"
09:15:56.212,1790826356212627138,1544098766561205,Full Data,8,886790,105.15,60,09:15:56,,,128.10,3089240,207380,5729900,2100780,"[{""bid_quantity"":40,""ask_quantity"":160,""bid_orders"":1,""ask_orders"":4,""bid_price"":""105.20"",""ask_price"":""105.60""},{""bid_quantity"":260,""ask_quantity"":120,""bid_orders"":4,""ask_orders"":4,""bid_price"":""105.10"",""ask_price"":""105.65""},{""bid_quantity"":120,""ask_quantity"":300,""bid_orders"":4,""ask_orders"":3,""bid_price"":""105.05"",""ask_price"":""105.70""},{""bid_quantity"":240,""ask_quantity"":140,""bid_orders"":3,""ask_orders"":1,""bid_price"":""105.00"",""ask_price"":""105.75""},{""bid_quantity"":260,""ask_quantity"":180,""bid_orders"":5,""ask_orders"":2,""bid_price"":""104.85"",""ask_price"":""105.80""}]"
09:15:56.217,1790826356217763050,1544098771696957,Full Data,8,886790,105.95,80,09:15:56,,,128.09,3090280,206160,5729740,2100780,"[{""bid_quantity"":60,""ask_quantity"":20,""bid_orders"":1,""ask_orders"":1,""bid_price"":""105.25"",""ask_price"":""105.95""},{""bid_quantity"":80,""ask_quantity"":240,""bid_orders"":2,""ask_orders"":2,""bid_price"":""105.20"",""ask_price"":""106.00""},{""bid_quantity"":100,""ask_quantity"":140,""bid_orders"":2,""ask_orders"":1,""bid_price"":""105.15"",""ask_price"":""106.05""},{""bid_quantity"":80,""ask_quantity"":120,""bid_orders"":2,""ask_orders"":2,""bid_price"":""105.10"",""ask_price"":""106.20""},{""bid_quantity"":80,""ask_quantity"":60,""bid_orders"":2,""ask_orders"":1,""bid_price"":""105.05"",""ask_price"":""106.30""}]"
09:15:56.251,1790826356251876824,1544098805810811,Full Data,8,886461,136.80,100,09:15:56,,,126.52,1823400,104620,8022260,1682940,"[{""bid_quantity"":40,""ask_quantity"":240,""bid_orders"":2,""ask_orders"":3,""bid_price"":""136.10"",""ask_price"":""136.75""},{""bid_quantity"":240,""ask_quantity"":60,""bid_orders"":3,""ask_orders"":2,""bid_price"":""135.95"",""ask_price"":""136.80""},{""bid_quantity"":40,""ask_quantity"":460,""bid_orders"":1,""ask_orders"":4,""bid_price"":""135.90"",""ask_price"":""136.90""},{""bid_quantity"":120,""ask_quantity"":200,""bid_orders"":3,""ask_orders"":2,""bid_price"":""135.80"",""ask_price"":""136.95""},{""bid_quantity"":40,""ask_quantity"":80,""bid_orders"":1,""ask_orders"":1,""bid_price"":""135.75"",""ask_price"":""137.00""}]"
09:15:56.305,1790826356305137759,1544098859071706,Ticker Data,0,51,72316.65,,09:15:56,,,,,,,,
09:15:56.418,1790826356418565470,1544098972499457,Full Data,8,886620,216.60,20,09:15:56,,,249.41,1545120,80540,4465940,731020,"[{""bid_quantity"":60,""ask_quantity"":20,""bid_orders"":2,""ask_orders"":1,""bid_price"":""216.70"",""ask_price"":""217.30""},{""bid_quantity"":80,""ask_quantity"":60,""bid_orders"":3,""ask_orders"":3,""bid_price"":""216.65"",""ask_price"":""217.40""},{""bid_quantity"":240,""ask_quantity"":100,""bid_orders"":3,""ask_orders"":1,""bid_price"":""216.60"",""ask_price"":""217.50""},{""bid_quantity"":260,""ask_quantity"":20,""bid_orders"":3,""ask_orders"":1,""bid_price"":""216.55"",""ask_price"":""217.60""},{""bid_quantity"":160,""ask_quantity"":100,""bid_orders"":4,""ask_orders"":1,""bid_price"":""216.50"",""ask_price"":""217.65""}]"
09:15:56.438,1790826356438278554,1544098992212541,Full Data,8,886620,217.20,60,09:15:56,,,249.41,1545200,83020,4467960,731020,"[{""bid_quantity"":100,""ask_quantity"":20,""bid_orders"":3,""ask_orders"":1,""bid_price"":""216.65"",""ask_price"":""217.15""},{""bid_quantity"":20,""ask_quantity"":100,""bid_orders"":1,""ask_orders"":5,""bid_price"":""216.60"",""ask_price"":""217.30""},{""bid_quantity"":40,""ask_quantity"":20,""bid_orders"":2,""ask_orders"":1,""bid_price"":""216.55"",""ask_price"":""217.35""},{""bid_quantity"":160,""ask_quantity"":60,""bid_orders"":4,""ask_orders"":3,""bid_price"":""216.50"",""ask_price"":""217.40""},{""bid_quantity"":220,""ask_quantity"":120,""bid_orders"":5,""ask_orders"":2,""bid_price"":""216.45"",""ask_price"":""217.50""}]"
09:15:56.549,1790826356549826574,1544099103760961,Full Data,8,886659,278.45,20,09:15:56,,,256.37,1311880,45500,6506580,138720,"[{""bid_quantity"":40,""ask_quantity"":460,""bid_orders"":2,""ask_orders"":4,""bid_price"":""277.60"",""ask_price"":""278.45""},{""bid_quantity"":40,""ask_quantity"":180,""bid_orders"":2,""ask_orders"":8,""bid_price"":""277.55"",""ask_price"":""278.50""},{""bid_quantity"":80,""ask_quantity"":320,""bid_orders"":4,""ask_orders"":1,""bid_price"":""277.50"",""ask_price"":""278.65""},{""bid_quantity"":40,""ask_quantity"":40,""bid_orders"":2,""ask_orders"":1,""bid_price"":""277.40"",""ask_price"":""278.70""},{""bid_quantity"":80,""ask_quantity"":140,""bid_orders"":1,""ask_orders"":2,""bid_price"":""277.20"",""ask_price"":""279.00""}]"
09:15:56.642,1790826356642378275,1544099196312582,Full Data,8,887306,222.45,40,09:15:56,,,208.90,1525100,47180,5913980,240500,"[{""bid_quantity"":100,""ask_quantity"":80,""bid_orders"":1,""ask_orders"":4,""bid_price"":""222.30"",""ask_price"":""222.85""},{""bid_quantity"":20,""ask_quantity"":80,""bid_orders"":1,""ask_orders"":3,""bid_price"":""222.25"",""ask_price"":""223.40""},{""bid_quantity"":40,""ask_quantity"":40,""bid_orders"":2,""ask_orders"":1,""bid_price"":""222.20"",""ask_price"":""223.45""},{""bid_quantity"":100,""ask_quantity"":140,""bid_orders"":1,""ask_orders"":3,""bid_price"":""222.15"",""ask_price"":""223.55""},{""bid_quantity"":120,""ask_quantity"":140,""bid_orders"":3,""ask_orders"":2,""bid_price"":""222.10"",""ask_price"":""223.60""}]"
09:15:56.673,1790826356673797472,1544099227731619,Full Data,8,886659,279.30,40,09:15:56,,,256.37,1312240,47820,6510000,138720,"[{""bid_quantity"":40,""ask_quantity"":40,""bid_orders"":2,""ask_orders"":2,""bid_price"":""278.75"",""ask_price"":""279.20""},{""bid_quantity"":100,""ask_quantity"":60,""bid_orders"":5,""ask_orders"":3,""bid_price"":""278.60"",""ask_price"":""279.25""},{""bid_quantity"":40,""ask_quantity"":380,""bid_orders"":2,""ask_orders"":3,""bid_price"":""278.40"",""ask_price"":""279.75""},{""bid_quantity"":60,""ask_quantity"":300,""bid_orders"":2,""ask_orders"":3,""bid_price"":""278.15"",""ask_price"":""279.80""},{""bid_quantity"":20,""ask_quantity"":40,""bid_orders"":1,""ask_orders"":1,""bid_price"":""278.10"",""ask_price"":""279.85""}]"
09:15:56.677,1790826356677581296,1544099231515123,Full Data,8,886589,412.10,40,09:15:56,,,367.19,600220,26500,7426740,194360,"[{""bid_quantity"":100,""ask_quantity"":60,""bid_orders"":2,""ask_orders"":3,""bid_price"":""410.40"",""ask_price"":""412.00""},{""bid_quantity"":40,""ask_quantity"":80,""bid_orders"":2,""ask_orders"":4,""bid_price"":""410.20"",""ask_price"":""412.05""},{""bid_quantity"":40,""ask_quantity"":140,""bid_orders"":2,""ask_orders"":3,""bid_price"":""410.05"",""ask_price"":""412.10""},{""bid_quantity"":120,""ask_quantity"":120,""bid_orders"":2,""ask_orders"":3,""bid_price"":""410.00"",""ask_price"":""412.20""},{""bid_quantity"":60,""ask_quantity"":240,""bid_orders"":3,""ask_orders"":3,""bid_price"":""409.95"",""ask_price"":""412.25""}]"
09:15:56.709,1790826356709596057,1544099263530004,Full Data,8,887306,221.70,300,09:15:56,,,208.93,1528840,47540,5918200,240500,"[{""bid_quantity"":240,""ask_quantity"":120,""bid_orders"":7,""ask_orders"":4,""bid_price"":""222.10"",""ask_price"":""222.85""},{""bid_quantity"":60,""ask_quantity"":200,""bid_orders"":2,""ask_orders"":2,""bid_price"":""222.05"",""ask_price"":""223.15""},{""bid_quantity"":100,""ask_quantity"":320,""bid_orders"":3,""ask_orders"":5,""bid_price"":""222.00"",""ask_price"":""223.20""},{""bid_quantity"":100,""ask_quantity"":140,""bid_orders"":3,""ask_orders"":5,""bid_price"":""221.95"",""ask_price"":""223.25""},{""bid_quantity"":20,""ask_quantity"":160,""bid_orders"":1,""ask_orders"":1,""bid_price"":""221.90"",""ask_price"":""223.40""}]"
09:15:56.740,1790826356740735372,1544099294669319,Full Data,8,887216,173.05,40,09:15:56,,,206.69,2030060,97480,4527800,716360,"[{""bid_quantity"":40,""ask_quantity"":60,""bid_orders"":1,""ask_orders"":2,""bid_price"":""172.65"",""ask_price"":""173.15""},{""bid_quantity"":400,""ask_quantity"":80,""bid_orders"":3,""ask_orders"":2,""bid_price"":""172.60"",""ask_price"":""173.40""},{""bid_quantity"":140,""ask_quantity"":100,""bid_orders"":6,""ask_orders"":1,""bid_price"":""172.55"",""ask_price"":""173.45""},{""bid_quantity"":380,""ask_quantity"":540,""bid_orders"":4,""ask_orders"":4,""bid_price"":""172.45"",""ask_price"":""173.50""},{""bid_quantity"":100,""ask_quantity"":140,""bid_orders"":3,""ask_orders"":3,""bid_price"":""172.40"",""ask_price"":""173.55""}]"
09:15:56.760,1790826356760839499,1544099314773846,Full Data,8,886589,411.60,20,09:15:56,,,367.21,600480,26280,7426600,194360,"[{""bid_quantity"":140,""ask_quantity"":60,""bid_orders"":3,""ask_orders"":1,""bid_price"":""410.00"",""ask_price"":""411.65""},{""bid_quantity"":100,""ask_quantity"":80,""bid_orders"":3,""ask_orders"":3,""bid_price"":""409.95"",""ask_price"":""411.90""},{""bid_quantity"":40,""ask_quantity"":120,""bid_orders"":2,""ask_orders"":2,""bid_price"":""409.90"",""ask_price"":""412.10""},{""bid_quantity"":100,""ask_quantity"":20,""bid_orders"":1,""ask_orders"":1,""bid_price"":""409.75"",""ask_price"":""412.15""},{""bid_quantity"":20,""ask_quantity"":120,""bid_orders"":1,""ask_orders"":2,""bid_price"":""409.55"",""ask_price"":""412.20""}]"
09:15:56.772,1790826356772894814,1544099326829121,Full Data,8,887216,173.95,20,09:15:56,,,206.68,2030640,96640,4530140,716360,"[{""bid_quantity"":20,""ask_quantity"":20,""bid_orders"":1,""ask_orders"":1,""bid_price"":""173.80"",""ask_price"":""174.20""},{""bid_quantity"":140,""ask_quantity"":400,""bid_orders"":1,""ask_orders"":3,""bid_price"":""173.40"",""ask_price"":""174.25""},{""bid_quantity"":40,""ask_quantity"":100,""bid_orders"":1,""ask_orders"":1,""bid_price"":""173.35"",""ask_price"":""174.75""},{""bid_quantity"":80,""ask_quantity"":180,""bid_orders"":2,""ask_orders"":2,""bid_price"":""173.30"",""ask_price"":""175.15""},{""bid_quantity"":140,""ask_quantity"":40,""bid_orders"":2,""ask_orders"":1,""bid_price"":""173.25"",""ask_price"":""175.20""}]"
09:15:56.852,1790826356852366593,1544099406300540,Full Data,8,886671,80.40,100,09:15:56,,,97.93,1276680,68460,3274320,570580,"[{""bid_quantity"":60,""ask_quantity"":60,""bid_orders"":1,""ask_orders"":1,""bid_price"":""79.95"",""ask_price"":""80.25""},{""bid_quantity"":80,""ask_quantity"":60,""bid_orders"":2,""ask_orders"":2,""bid_price"":""79.85"",""ask_price"":""80.30""},{""bid_quantity"":340,""ask_quantity"":240,""bid_orders"":3,""ask_orders"":3,""bid_price"":""79.80"",""ask_price"":""80.35""},{""bid_quantity"":20,""ask_quantity"":100,""bid_orders"":1,""ask_orders"":3,""bid_price"":""79.75"",""ask_price"":""80.40""},{""bid_quantity"":380,""ask_quantity"":160,""bid_orders"":5,""ask_orders"":1,""bid_price"":""79.65"",""ask_price"":""80.45""}]"
09:15:56.856,1790826356856776181,1544099410710128,Full Data,8,886671,80.40,100,09:15:56,,,97.93,1276680,68540,3275120,570580,"[{""bid_quantity"":20,""ask_quantity"":60,""bid_orders"":1,""ask_orders"":1,""bid_price"":""80.05"",""ask_price"":""80.30""},{""bid_quantity"":80,""ask_quantity"":140,""bid_orders"":2,""ask_orders"":3,""bid_price"":""80.00"",""ask_price"":""80.35""},{""bid_quantity"":160,""ask_quantity"":100,""bid_orders"":4,""ask_orders"":3,""bid_price"":""79.95"",""ask_price"":""80.40""},{""bid_quantity"":260,""ask_quantity"":180,""bid_orders"":7,""ask_orders"":2,""bid_price"":""79.85"",""ask_price"":""80.45""},{""bid_quantity"":200,""ask_quantity"":140,""bid_orders"":3,""ask_orders"":2,""bid_price"":""79.80"",""ask_price"":""80.50""}]"
09:15:56.865,1790826356865870238,1544099419804105,Full Data,8,886685,329.10,20,09:15:56,,,382.29,899040,67120,5870360,1793000,"[{""bid_quantity"":40,""ask_quantity"":20,""bid_orders"":1,""ask_orders"":1,""bid_price"":""329.10"",""ask_price"":""329.65""},{""bid_quantity"":60,""ask_quantity"":80,""bid_orders"":1,""ask_orders"":1,""bid_price"":""329.00"",""ask_price"":""330.85""},{""bid_quantity"":20,""ask_quantity"":80,""bid_orders"":1,""ask_orders"":3,""bid_price"":""328.95"",""ask_price"":""330.90""},{""bid_quantity"":80,""ask_quantity"":80,""bid_orders"":2,""ask_orders"":3,""bid_price"":""328.90"",""ask_price"":""331.00""},{""bid_quantity"":200,""ask_quantity"":100,""bid_orders"":4,""ask_orders"":3,""bid_price"":""328.80"",""ask_price"":""331.05""}]"
09:15:56.900,1790826356900142013,1544099454076200,Full Data,8,887279,267.00,160,09:15:56,,,316.72,789820,66280,4181800,793060,"[{""bid_quantity"":20,""ask_quantity"":60,""bid_orders"":1,""ask_orders"":1,""bid_price"":""266.75"",""ask_price"":""268.15""},{""bid_quantity"":180,""ask_quantity"":20,""bid_orders"":3,""ask_orders"":1,""bid_price"":""266.70"",""ask_price"":""268.20""},{""bid_quantity"":200,""ask_quantity"":40,""bid_orders"":1,""ask_orders"":2,""bid_price"":""266.05"",""ask_price"":""268.55""},{""bid_quantity"":1040,""ask_quantity"":160,""bid_orders"":6,""ask_orders"":2,""bid_price"":""266.00"",""ask_price"":""268.60""},{""bid_quantity"":80,""ask_quantity"":100,""bid_orders"":1,""ask_orders"":1,""bid_price"":""265.50"",""ask_price"":""268.80""}]"
09:15:56.992,1790826356992420592,1544099546354859,Full Data,8,887080,178.90,20,09:15:56,,,162.01,1307340,51700,5416920,530840,"[{""bid_quantity"":60,""ask_quantity"":40,""bid_orders"":1,""ask_orders"":2,""bid_price"":""178.60"",""ask_price"":""179.10""},{""bid_quantity"":60,""ask_quantity"":20,""bid_orders"":2,""ask_orders"":1,""bid_price"":""178.55"",""ask_price"":""179.15""},{""bid_quantity"":340,""ask_quantity"":200,""bid_orders"":1,""ask_orders"":2,""bid_price"":""178.50"",""ask_price"":""179.55""},{""bid_quantity"":120,""ask_quantity"":100,""bid_orders"":1,""ask_orders"":1,""bid_price"":""178.45"",""ask_price"":""179.60""},{""bid_quantity"":40,""ask_quantity"":160,""bid_orders"":1,""ask_orders"":1,""bid_price"":""178.35"",""ask_price"":""179.65""}]"
09:15:57.036,1790826357036559389,1544099590493496,Full Data,8,887253,346.55,40,09:15:57,,,308.70,475320,27560,6143660,55040,"[{""bid_quantity"":120,""ask_quantity"":200,""bid_orders"":3,""ask_orders"":6,""bid_price"":""346.80"",""ask_price"":""347.90""},{""bid_quantity"":20,""ask_quantity"":40,""bid_orders"":1,""ask_orders"":1,""bid_price"":""346.75"",""ask_price"":""348.00""},{""bid_quantity"":220,""ask_quantity"":160,""bid_orders"":7,""ask_orders"":4,""bid_price"":""346.70"",""ask_price"":""348.05""},{""bid_quantity"":20,""ask_quantity"":140,""bid_orders"":1,""ask_orders"":1,""bid_price"":""346.65"",""ask_price"":""348.10""},{""bid_quantity"":20,""ask_quantity"":160,""bid_orders"":1,""ask_orders"":4,""bid_price"":""346.60"",""ask_price"":""348.15""}]"
09:15:57.043,1790826357043438952,1544099597372819,Full Data,8,887080,179.25,20,09:15:57,,,162.06,1310700,48780,5417380,530840,"[{""bid_quantity"":60,""ask_quantity"":400,""bid_orders"":1,""ask_orders"":1,""bid_price"":""178.55"",""ask_price"":""179.90""},{""bid_quantity"":140,""ask_quantity"":420,""bid_orders"":2,""ask_orders"":5,""bid_price"":""178.50"",""ask_price"":""180.00""},{""bid_quantity"":40,""ask_quantity"":200,""bid_orders"":1,""ask_orders"":1,""bid_price"":""178.45"",""ask_price"":""180.15""},{""bid_quantity"":80,""ask_quantity"":220,""bid_orders"":1,""ask_orders"":3,""bid_price"":""178.10"",""ask_price"":""180.30""},{""bid_quantity"":220,""ask_quantity"":220,""bid_orders"":3,""ask_orders"":2,""bid_price"":""178.00"",""ask_price"":""180.60""}]"
09:15:57.082,1790826357082371957,1544099636306064,Full Data,8,886540,131.95,20,09:15:57,,,164.12,1356980,110100,3849560,632060,"[{""bid_quantity"":100,""ask_quantity"":160,""bid_orders"":1,""ask_orders"":1,""bid_price"":""131.30"",""ask_price"":""131.75""},{""bid_quantity"":60,""ask_quantity"":40,""bid_orders"":2,""ask_orders"":2,""bid_price"":""131.25"",""ask_price"":""131.80""},{""bid_quantity"":1040,""ask_quantity"":200,""bid_orders"":3,""ask_orders"":3,""bid_price"":""131.20"",""ask_price"":""131.85""},{""bid_quantity"":20,""ask_quantity"":20,""bid_orders"":1,""ask_orders"":1,""bid_price"":""130.90"",""ask_price"":""131.90""},{""bid_quantity"":760,""ask_quantity"":20,""bid_orders"":11,""ask_orders"":1,""bid_price"":""130.85"",""ask_price"":""131.95""}]"
09:15:57.125,1790826357125378986,1544099679313293,Full Data,8,886540,130.85,520,09:15:57,,,164.08,1358760,111580,3848400,632060,"[{""bid_quantity"":140,""ask_quantity"":140,""bid_orders"":1,""ask_orders"":3,""bid_price"":""130.80"",""ask_price"":""131.10""},{""bid_quantity"":140,""ask_quantity"":200,""bid_orders"":1,""ask_orders"":3,""bid_price"":""130.65"",""ask_price"":""131.15""},{""bid_quantity"":40,""ask_quantity"":140,""bid_orders"":1,""ask_orders"":3,""bid_price"":""130.60"",""ask_price"":""131.20""},{""bid_quantity"":380,""ask_quantity"":140,""bid_orders"":1,""ask_orders"":7,""bid_price"":""130.55"",""ask_price"":""131.25""},{""bid_quantity"":120,""ask_quantity"":600,""bid_orders"":2,""ask_orders"":6,""bid_price"":""130.50"",""ask_price"":""131.30""}]"
09:15:57.196,1790826357196867075,1544099750801062,Full Data,8,886961,499.00,20,09:15:57,,,445.13,65520,18460,4609640,36440,"[{""bid_quantity"":20,""ask_quantity"":40,""bid_orders"":1,""ask_orders"":2,""bid_price"":""495.30"",""ask_price"":""501.90""},{""bid_quantity"":40,""ask_quantity"":120,""bid_orders"":2,""ask_orders"":2,""bid_price"":""495.25"",""ask_price"":""501.95""},{""bid_quantity"":40,""ask_quantity"":260,""bid_orders"":2,""ask_orders"":3,""bid_price"":""495.20"",""ask_price"":""502.00""},{""bid_quantity"":60,""ask_quantity"":60,""bid_orders"":3,""ask_orders"":2,""bid_price"":""495.15"",""ask_price"":""502.05""},{""bid_quantity"":60,""ask_quantity"":60,""bid_orders"":3,""ask_orders"":3,""bid_price"":""495.10"",""ask_price"":""502.10""}]"
09:15:57.214,1790826357214501866,1544099768435813,Full Data,8,886790,102.50,20,09:15:57,,,127.72,3138420,215000,5719020,2100780,"[{""bid_quantity"":120,""ask_quantity"":160,""bid_orders"":2,""ask_orders"":4,""bid_price"":""102.40"",""ask_price"":""103.00""},{""bid_quantity"":120,""ask_quantity"":220,""bid_orders"":2,""ask_orders"":4,""bid_price"":""102.30"",""ask_price"":""103.05""},{""bid_quantity"":60,""ask_quantity"":40,""bid_orders"":1,""ask_orders"":1,""bid_price"":""102.25"",""ask_price"":""103.25""},{""bid_quantity"":60,""ask_quantity"":140,""bid_orders"":1,""ask_orders"":3,""bid_price"":""102.20"",""ask_price"":""103.35""},{""bid_quantity"":180,""ask_quantity"":160,""bid_orders"":3,""ask_orders"":4,""bid_price"":""102.15"",""ask_price"":""103.40""}]"
09:15:57.224,1790826357224198687,1544099778132554,Full Data,8,886790,102.80,20,09:15:57,,,127.72,3138460,215340,5718760,2100780,"[{""bid_quantity"":60,""ask_quantity"":120,""bid_orders"":1,""ask_orders"":3,""bid_price"":""102.20"",""ask_price"":""102.55""},{""bid_quantity"":60,""ask_quantity"":40,""bid_orders"":1,""ask_orders"":1,""bid_price"":""102.15"",""ask_price"":""102.60""},{""bid_quantity"":80,""ask_quantity"":100,""bid_orders"":2,""ask_orders"":2,""bid_price"":""102.10"",""ask_price"":""102.65""},{""bid_quantity"":220,""ask_quantity"":100,""bid_orders"":2,""ask_orders"":3,""bid_price"":""102.05"",""ask_price"":""102.70""},{""bid_quantity"":7940,""ask_quantity"":60,""bid_orders"":22,""ask_orders"":1,""bid_price"":""102.00"",""ask_price"":""102.75""}]"
09:15:57.245,1790826357245939623,1544099799873530,Full Data,8,886461,144.15,20,09:15:57,,,126.74,1856380,96160,8031180,1682940,"[{""bid_quantity"":100,""ask_quantity"":40,""bid_orders"":2,""ask_orders"":1,""bid_price"":""143.00"",""ask_price"":""143.90""},{""bid_quantity"":80,""ask_quantity"":180,""bid_orders"":2,""ask_orders"":2,""bid_price"":""142.95"",""ask_price"":""143.95""},{""bid_quantity"":540,""ask_quantity"":460,""bid_orders"":3,""ask_orders"":4,""bid_price"":""142.90"",""ask_price"":""144.00""},{""bid_quantity"":360,""ask_quantity"":180,""bid_orders"":5,""ask_orders"":2,""bid_price"":""142.80"",""ask_price"":""144.05""},{""bid_quantity"":80,""ask_quantity"":260,""bid_orders"":2,""ask_orders"":3,""bid_price"":""142.75"",""ask_price"":""144.10""}]"
09:15:57.263,1790826357263039130,1544099816973077,Full Data,8,886961,497.45,140,09:15:57,,,445.24,65660,17680,4609600,36440,"[{""bid_quantity"":40,""ask_quantity"":40,""bid_orders"":2,""ask_orders"":2,""bid_price"":""499.50"",""ask_price"":""502.85""},{""bid_quantity"":40,""ask_quantity"":40,""bid_orders"":2,""ask_orders"":2,""bid_price"":""499.45"",""ask_price"":""502.90""},{""bid_quantity"":40,""ask_quantity"":40,""bid_orders"":2,""ask_orders"":2,""bid_price"":""499.40"",""ask_price"":""502.95""},{""bid_quantity"":20,""ask_quantity"":20,""bid_orders"":1,""ask_orders"":1,""bid_price"":""499.30"",""ask_price"":""503.00""},{""bid_quantity"":20,""ask_quantity"":40,""bid_orders"":1,""ask_orders"":2,""bid_price"":""499.10"",""ask_price"":""503.20""}]"
09:15:57.272,1790826357272793552,1544099826727459,Full Data,8,886461,144.15,80,09:15:57,,,126.76,1858040,94160,8030800,1682940,"[{""bid_quantity"":440,""ask_quantity"":20,""bid_orders"":6,""ask_orders"":1,""bid_price"":""143.75"",""ask_price"":""144.45""},{""bid_quantity"":140,""ask_quantity"":2020,""bid_orders"":4,""ask_orders"":4,""bid_price"":""143.70"",""ask_price"":""144.50""},{""bid_quantity"":140,""ask_quantity"":120,""bid_orders"":5,""ask_orders"":1,""bid_price"":""143.65"",""ask_price"":""144.60""},{""bid_quantity"":40,""ask_quantity"":60,""bid_orders"":2,""ask_orders"":1,""bid_price"":""143.60"",""ask_price"":""144.65""},{""bid_quantity"":40,""ask_quantity"":20,""bid_orders"":2,""ask_orders"":1,""bid_price"":""143.55"",""ask_price"":""144.75""}]"
09:15:57.290,1790826357290459863,1544099844393650,Ticker Data,0,51,72323.77,,09:15:57,,,,,,,,
09:15:57.445,1790826357445377275,1544099999311382,Full Data,8,886620,211.45,40,09:15:57,,,248.42,1588600,83120,4453500,731020,"[{""bid_quantity"":180,""ask_quantity"":100,""bid_orders"":2,""ask_orders"":3,""bid_price"":""209.60"",""ask_price"":""211.05""},{""bid_quantity"":500,""ask_quantity"":60,""bid_orders"":3,""ask_orders"":1,""bid_price"":""209.55"",""ask_price"":""211.30""},{""bid_quantity"":60,""ask_quantity"":120,""bid_orders"":1,""ask_orders"":3,""bid_price"":""209.50"",""ask_price"":""211.35""},{""bid_quantity"":300,""ask_quantity"":180,""bid_orders"":1,""ask_orders"":2,""bid_price"":""209.40"",""ask_price"":""211.40""},{""bid_quantity"":40,""ask_quantity"":120,""bid_orders"":1,""ask_orders"":1,""bid_price"":""209.30"",""ask_price"":""211.45""}]"
09:15:57.456,1790826357456470064,1544100010404091,Full Data,8,886620,210.20,40,09:15:57,,,248.42,1588660,85400,4453540,731020,"[{""bid_quantity"":80,""ask_quantity"":180,""bid_orders"":4,""ask_orders"":3,""bid_price"":""209.70"",""ask_price"":""210.25""},{""bid_quantity"":40,""ask_quantity"":20,""bid_orders"":1,""ask_orders"":1,""bid_price"":""209.65"",""ask_price"":""210.30""},{""bid_quantity"":20,""ask_quantity"":20,""bid_orders"":1,""ask_orders"":1,""bid_price"":""209.15"",""ask_price"":""210.35""},{""bid_quantity"":60,""ask_quantity"":60,""bid_orders"":1,""ask_orders"":2,""bid_price"":""209.10"",""ask_price"":""210.45""},{""bid_quantity"":280,""ask_quantity"":80,""bid_orders"":3,""ask_orders"":4,""bid_price"":""209.00"",""ask_price"":""210.50""}]"
09:15:57.635,1790826357635258986,1544100189193613,Full Data,8,886659,285.30,40,09:15:57,,,256.80,1332640,42700,6512960,138720,"[{""bid_quantity"":60,""ask_quantity"":120,""bid_orders"":2,""ask_orders"":4,""bid_price"":""285.85"",""ask_price"":""287.20""},{""bid_quantity"":320,""ask_quantity"":80,""bid_orders"":1,""ask_orders"":2,""bid_price"":""285.75"",""ask_price"":""287.25""},{""bid_quantity"":440,""ask_quantity"":100,""bid_orders"":6,""ask_orders"":4,""bid_price"":""285.70"",""ask_price"":""287.30""},{""bid_quantity"":100,""ask_quantity"":160,""bid_orders"":3,""ask_orders"":6,""bid_price"":""285.65"",""ask_price"":""287.35""},{""bid_quantity"":120,""ask_quantity"":60,""bid_orders"":2,""ask_orders"":2,""bid_price"":""285.60"",""ask_price"":""287.40""}]"
09:15:57.684,1790826357684932338,1544100238866285,Full Data,8,887306,228.40,20,09:15:57,,,209.34,1562160,45600,5918960,240500,"[{""bid_quantity"":40,""ask_quantity"":40,""bid_orders"":1,""ask_orders"":2,""bid_price"":""228.45"",""ask_price"":""229.25""},{""bid_quantity"":40,""ask_quantity"":40,""bid_orders"":1,""ask_orders"":1,""bid_price"":""228.40"",""ask_price"":""229.35""},{""bid_quantity"":180,""ask_quantity"":20,""bid_orders"":2,""ask_orders"":1,""bid_price"":""228.35"",""ask_price"":""229.40""},{""bid_quantity"":180,""ask_quantity"":60,""bid_orders"":3,""ask_orders"":3,""bid_price"":""228.30"",""ask_price"":""229.70""},{""bid_quantity"":120,""ask_quantity"":240,""bid_orders"":2,""ask_orders"":4,""bid_price"":""228.15"",""ask_price"":""229.80""}]"
09:15:57.730,1790826357730063301,1544100283997728,Full Data,8,886659,283.85,20,09:15:57,,,256.83,1334000,42860,6512480,138720,"[{""bid_quantity"":320,""ask_quantity"":160,""bid_orders"":1,""ask_orders"":1,""bid_price"":""283.95"",""ask_price"":""284.85""},{""bid_quantity"":80,""ask_quantity"":40,""bid_orders"":2,""ask_orders"":1,""bid_price"":""283.90"",""ask_price"":""284.90""},{""bid_quantity"":160,""ask_quantity"":40,""bid_orders"":5,""ask_orders"":1,""bid_price"":""283.85"",""ask_price"":""285.10""},{""bid_quantity"":60,""ask_quantity"":40,""bid_orders"":3,""ask_orders"":1,""bid_price"":""283.80"",""ask_price"":""285.15""},{""bid_quantity"":80,""ask_quantity"":300,""bid_orders"":1,""ask_orders"":1,""bid_price"":""283.70"",""ask_price"":""285.25""}]"
09:15:57.730,1790826357730507024,1544100284440931,Full Data,8,886589,418.10,20,09:15:57,,,367.89,608520,24780,7427420,194360,"[{""bid_quantity"":80,""ask_quantity"":20,""bid_orders"":1,""ask_orders"":1,""bid_price"":""417.20"",""ask_price"":""419.10""},{""bid_quantity"":80,""ask_quantity"":60,""bid_orders"":3,""ask_orders"":3,""bid_price"":""417.15"",""ask_price"":""419.50""},{""bid_quantity"":100,""ask_quantity"":20,""bid_orders"":2,""ask_orders"":1,""bid_price"":""417.10"",""ask_price"":""419.55""},{""bid_quantity"":80,""ask_quantity"":40,""bid_orders"":3,""ask_orders"":2,""bid_price"":""417.05"",""ask_price"":""419.70""},{""bid_quantity"":40,""ask_quantity"":40,""bid_orders"":2,""ask_orders"":2,""bid_price"":""417.00"",""ask_price"":""419.75""}]"
09:15:57.759,1790826357759995529,1544100313929716,Full Data,8,887306,229.60,20,09:15:57,,,209.37,1564260,43500,5920960,240500,"[{""bid_quantity"":40,""ask_quantity"":20,""bid_orders"":1,""ask_orders"":1,""bid_price"":""229.20"",""ask_price"":""229.70""},{""bid_quantity"":160,""ask_quantity"":40,""bid_orders"":1,""ask_orders"":2,""bid_price"":""229.15"",""ask_price"":""229.80""},{""bid_quantity"":20,""ask_quantity"":20,""bid_orders"":1,""ask_orders"":1,""bid_price"":""229.10"",""ask_price"":""229.85""},{""bid_quantity"":180,""ask_quantity"":20,""bid_orders"":2,""ask_orders"":1,""bid_price"":""229.05"",""ask_price"":""229.90""},{""bid_quantity"":80,""ask_quantity"":20,""bid_orders"":2,""ask_orders"":1,""bid_price"":""229.00"",""ask_price"":""230.10""}]"
09:15:57.814,1790826357814158829,1544100368092736,Full Data,8,887216,167.75,20,09:15:57,,,205.97,2070200,97840,4511240,716360,"[{""bid_quantity"":100,""ask_quantity"":220,""bid_orders"":2,""ask_orders"":1,""bid_price"":""166.85"",""ask_price"":""167.65""},{""bid_quantity"":100,""ask_quantity"":60,""bid_orders"":3,""ask_orders"":1,""bid_price"":""166.80"",""ask_price"":""167.70""},{""bid_quantity"":80,""ask_quantity"":340,""bid_orders"":2,""ask_orders"":2,""bid_price"":""166.75"",""ask_price"":""167.75""},{""bid_quantity"":80,""ask_quantity"":120,""bid_orders"":2,""ask_orders"":2,""bid_price"":""166.70"",""ask_price"":""167.80""},{""bid_quantity"":120,""ask_quantity"":120,""bid_orders"":2,""ask_orders"":2,""bid_price"":""166.65"",""ask_price"":""167.85""}]"
09:15:57.816,1790826357816331483,1544100370265390,Full Data,8,886589,422.45,60,09:15:57,,,367.91,608760,24420,7427660,194360,"[{""bid_quantity"":40,""ask_quantity"":60,""bid_orders"":1,""ask_orders"":2,""bid_price"":""420.30"",""ask_price"":""421.95""},{""bid_quantity"":40,""ask_quantity"":140,""bid_orders"":2,""ask_orders"":1,""bid_price"":""420.25"",""ask_price"":""422.00""},{""bid_quantity"":20,""ask_quantity"":100,""bid_orders"":1,""ask_orders"":4,""bid_price"":""420.20"",""ask_price"":""422.30""},{""bid_quantity"":60,""ask_quantity"":20,""bid_orders"":2,""ask_orders"":1,""bid_price"":""420.15"",""ask_price"":""422.40""},{""bid_quantity"":140,""ask_quantity"":20,""bid_orders"":3,""ask_orders"":1,""bid_price"":""420.00"",""ask_price"":""422.45""}]"
09:15:57.836,1790826357836884172,1544100390818119,Full Data,8,887216,166.85,40,09:15:57,,,205.95,2071540,97480,4510600,716360,"[{""bid_quantity"":140,""ask_quantity"":80,""bid_orders"":2,""ask_orders"":1,""bid_price"":""166.80"",""ask_price"":""166.85""},{""bid_quantity"":320,""ask_quantity"":280,""bid_orders"":1,""ask_orders"":2,""bid_price"":""166.75"",""ask_price"":""167.85""},{""bid_quantity"":180,""ask_quantity"":360,""bid_orders"":4,""ask_orders"":2,""bid_price"":""166.70"",""ask_price"":""167.95""},{""bid_quantity"":20,""ask_quantity"":80,""bid_orders"":1,""ask_orders"":3,""bid_price"":""166.65"",""ask_price"":""168.00""},{""bid_quantity"":1000,""ask_quantity"":160,""bid_orders"":1,""ask_orders"":1,""bid_price"":""166.55"",""ask_price"":""168.05""}]"
09:15:57.854,1790826357854066560,1544100408018747,Full Data,8,886671,77.70,20,09:15:57,,,97.71,1290880,67180,3272960,570580,"[{""bid_quantity"":60,""ask_quantity"":60,""bid_orders"":1,""ask_orders"":3,""bid_price"":""77.35"",""ask_price"":""77.55""},{""bid_quantity"":240,""ask_quantity"":100,""bid_orders"":3,""ask_orders"":2,""bid_price"":""77.25"",""ask_price"":""77.65""},{""bid_quantity"":160,""ask_quantity"":20,""bid_orders"":2,""ask_orders"":1,""bid_price"":""77.20"",""ask_price"":""77.70""},{""bid_quantity"":140,""ask_quantity"":300,""bid_orders"":3,""ask_orders"":3,""bid_price"":""77.15"",""ask_price"":""77.75""},{""bid_quantity"":180,""ask_quantity"":200,""bid_orders"":5,""ask_orders"":4,""bid_price"":""77.10"",""ask_price"":""77.80""}]"
09:15:57.874,1790826357874545448,1544100428479435,Full Data,8,886671,77.70,20,09:15:57,,,97.71,1290880,67300,3273060,570580,"[{""bid_quantity"":40,""ask_quantity"":60,""bid_orders"":1,""ask_orders"":3,""bid_price"":""77.40"",""ask_price"":""77.55""},{""bid_quantity"":60,""ask_quantity"":140,""bid_orders"":1,""ask_orders"":4,""bid_price"":""77.35"",""ask_price"":""77.70""},{""bid_quantity"":240,""ask_quantity"":180,""bid_orders"":3,""ask_orders"":4,""bid_price"":""77.25"",""ask_price"":""77.75""},{""bid_quantity"":240,""ask_quantity"":120,""bid_orders"":3,""ask_orders"":2,""bid_price"":""77.20"",""ask_price"":""77.80""},{""bid_quantity"":140,""ask_quantity"":340,""bid_orders"":3,""ask_orders"":5,""bid_price"":""77.15"",""ask_price"":""77.85""}]"
09:15:57.874,1790826357874936331,1544100428870398,Full Data,8,886685,321.50,20,09:15:57,,,381.34,913920,65240,5866080,1793000,"[{""bid_quantity"":60,""ask_quantity"":40,""bid_orders"":1,""ask_orders"":1,""bid_price"":""320.55"",""ask_price"":""321.50""},{""bid_quantity"":80,""ask_quantity"":80,""bid_orders"":2,""ask_orders"":2,""bid_price"":""320.45"",""ask_price"":""321.55""},{""bid_quantity"":60,""ask_quantity"":140,""bid_orders"":1,""ask_orders"":2,""bid_price"":""320.35"",""ask_price"":""321.60""},{""bid_quantity"":160,""ask_quantity"":40,""bid_orders"":1,""ask_orders"":1,""bid_price"":""320.30"",""ask_price"":""321.65""},{""bid_quantity"":100,""ask_quantity"":60,""bid_orders"":3,""ask_orders"":2,""bid_price"":""320.25"",""ask_price"":""321.75""}]"
09:15:57.925,1790826357925893411,1544100479827718,Full Data,8,887279,260.15,60,09:15:57,,,315.82,803280,72780,4178760,793060,"[{""bid_quantity"":60,""ask_quantity"":80,""bid_orders"":1,""ask_orders"":1,""bid_price"":""260.05"",""ask_price"":""260.85""},{""bid_quantity"":6520,""ask_quantity"":200,""bid_orders"":23,""ask_orders"":1,""bid_price"":""260.00"",""ask_price"":""260.90""},{""bid_quantity"":140,""ask_quantity"":40,""bid_orders"":1,""ask_orders"":1,""bid_price"":""259.90"",""ask_price"":""260.95""},{""bid_quantity"":40,""ask_quantity"":200,""bid_orders"":1,""ask_orders"":2,""bid_price"":""259.65"",""ask_price"":""261.00""},{""bid_quantity"":100,""ask_quantity"":60,""bid_orders"":1,""ask_orders"":2,""bid_price"":""259.40"",""ask_price"":""261.10""}]"
09:15:58.052,1790826358052579686,1544100606513953,Full Data,8,887253,352.00,40,09:15:58,,,309.27,481800,26820,6145920,55040,"[{""bid_quantity"":80,""ask_quantity"":180,""bid_orders"":4,""ask_orders"":2,""bid_price"":""351.50"",""ask_price"":""352.95""},{""bid_quantity"":40,""ask_quantity"":160,""bid_orders"":1,""ask_orders"":2,""bid_price"":""350.65"",""ask_price"":""353.00""},{""bid_quantity"":100,""ask_quantity"":40,""bid_orders"":1,""ask_orders"":1,""bid_price"":""350.50"",""ask_price"":""353.05""},{""bid_quantity"":500,""ask_quantity"":640,""bid_orders"":1,""ask_orders"":4,""bid_price"":""350.40"",""ask_price"":""353.10""},{""bid_quantity"":100,""ask_quantity"":80,""bid_orders"":1,""ask_orders"":2,""bid_price"":""350.25"",""ask_price"":""353.15""}]"
09:15:58.078,1790826358078683370,1544100632617477,Full Data,8,887080,182.50,20,09:15:58,,,162.39,1333240,48980,5451540,530840,"[{""bid_quantity"":60,""ask_quantity"":40,""bid_orders"":1,""ask_orders"":2,""bid_price"":""182.55"",""ask_price"":""183.05""},{""bid_quantity"":40,""ask_quantity"":160,""bid_orders"":1,""ask_orders"":1,""bid_price"":""182.50"",""ask_price"":""183.55""},{""bid_quantity"":120,""ask_quantity"":180,""bid_orders"":2,""ask_orders"":5,""bid_price"":""182.45"",""ask_price"":""183.60""},{""bid_quantity"":60,""ask_quantity"":100,""bid_orders"":3,""ask_orders"":1,""bid_price"":""182.20"",""ask_price"":""184.05""},{""bid_quantity"":140,""ask_quantity"":160,""bid_orders"":1,""ask_orders"":1,""bid_price"":""181.85"",""ask_price"":""184.45""}]"
09:15:58.119,1790826358119679187,1544100673613694,Full Data,8,887253,354.50,20,09:15:58,,,309.31,482160,28260,6148820,55040,"[{""bid_quantity"":100,""ask_quantity"":260,""bid_orders"":2,""ask_orders"":4,""bid_price"":""352.90"",""ask_price"":""354.45""},{""bid_quantity"":20,""ask_quantity"":180,""bid_orders"":1,""ask_orders"":5,""bid_price"":""352.85"",""ask_price"":""354.50""},{""bid_quantity"":100,""ask_quantity"":20,""bid_orders"":2,""ask_orders"":1,""bid_price"":""352.80"",""ask_price"":""354.55""},{""bid_quantity"":140,""ask_quantity"":340,""bid_orders"":3,""ask_orders"":6,""bid_price"":""352.75"",""ask_price"":""354.60""},{""bid_quantity"":40,""ask_quantity"":140,""bid_orders"":2,""ask_orders"":2,""bid_price"":""352.70"",""ask_price"":""354.75""}]"
09:15:58.139,1790826358139012708,1544100692946655,Full Data,8,887080,183.85,20,09:15:58,,,162.42,1334840,49200,5452040,530840,"[{""bid_quantity"":80,""ask_quantity"":40,""bid_orders"":2,""ask_orders"":2,""bid_price"":""183.20"",""ask_price"":""183.85""},{""bid_quantity"":80,""ask_quantity"":120,""bid_orders"":2,""ask_orders"":5,""bid_price"":""183.15"",""ask_price"":""183.90""},{""bid_quantity"":80,""ask_quantity"":300,""bid_orders"":3,""ask_orders"":5,""bid_price"":""183.10"",""ask_price"":""183.95""},{""bid_quantity"":60,""ask_quantity"":140,""bid_orders"":2,""ask_orders"":1,""bid_price"":""183.05"",""ask_price"":""184.10""},{""bid_quantity"":320,""ask_quantity"":40,""bid_orders"":2,""ask_orders"":1,""bid_price"":""183.00"",""ask_price"":""184.15""}]"
09:15:58.170,1790826358170577426,1544100724511813,Full Data,8,886540,130.20,20,09:15:58,,,163.56,1380740,113640,3850920,632060,"[{""bid_quantity"":380,""ask_quantity"":240,""bid_orders"":1,""ask_orders"":4,""bid_price"":""130.15"",""ask_price"":""130.55""},{""bid_quantity"":580,""ask_quantity"":20,""bid_orders"":2,""ask_orders"":1,""bid_price"":""130.05"",""ask_price"":""130.60""},{""bid_quantity"":12140,""ask_quantity"":340,""bid_orders"":58,""ask_orders"":6,""bid_price"":""130.00"",""ask_price"":""130.65""},{""bid_quantity"":180,""ask_quantity"":80,""bid_orders"":1,""ask_orders"":3,""bid_price"":""129.95"",""ask_price"":""130.70""},{""bid_quantity"":140,""ask_quantity"":40,""bid_orders"":3,""ask_orders"":2,""bid_price"":""129.80"",""ask_price"":""130.75""}]"
09:15:58.178,1790826358178519836,1544100732453863,Full Data,8,886540,130.15,20,09:15:58,,,163.55,1381300,115440,3852260,632060,"[{""bid_quantity"":200,""ask_quantity"":20,""bid_orders"":3,""ask_orders"":1,""bid_price"":""130.20"",""ask_price"":""130.35""},{""bid_quantity"":280,""ask_quantity"":40,""bid_orders"":3,""ask_orders"":1,""bid_price"":""130.15"",""ask_price"":""130.50""},{""bid_quantity"":240,""ask_quantity"":20,""bid_orders"":4,""ask_orders"":1,""bid_price"":""130.10"",""ask_price"":""130.75""},{""bid_quantity"":580,""ask_quantity"":20,""bid_orders"":2,""ask_orders"":1,""bid_price"":""130.05"",""ask_price"":""130.80""},{""bid_quantity"":12180,""ask_quantity"":260,""bid_orders"":60,""ask_orders"":10,""bid_price"":""130.00"",""ask_price"":""130.85""}]"
09:15:58.209,1790826358209199549,1544100763133576,Full Data,8,886790,101.70,20,09:15:58,,,127.28,3193140,208740,5713940,2100780,"[{""bid_quantity"":160,""ask_quantity"":100,""bid_orders"":3,""ask_orders"":1,""bid_price"":""101.50"",""ask_price"":""102.10""},{""bid_quantity"":120,""ask_quantity"":180,""bid_orders"":2,""ask_orders"":3,""bid_price"":""101.45"",""ask_price"":""102.20""},{""bid_quantity"":100,""ask_quantity"":60,""bid_orders"":1,""ask_orders"":1,""bid_price"":""101.40"",""ask_price"":""102.25""},{""bid_quantity"":100,""ask_quantity"":100,""bid_orders"":2,""ask_orders"":1,""bid_price"":""101.35"",""ask_price"":""102.30""},{""bid_quantity"":240,""ask_quantity"":80,""bid_orders"":3,""ask_orders"":3,""bid_price"":""101.30"",""ask_price"":""102.65""}]"
09:15:58.228,1790826358228979393,1544100782913420,Full Data,8,886790,102.35,40,09:15:58,,,127.28,3193560,209940,5714180,2100780,"[{""bid_quantity"":240,""ask_quantity"":40,""bid_orders"":2,""ask_orders"":2,""bid_price"":""101.75"",""ask_price"":""102.10""},{""bid_quantity"":180,""ask_quantity"":60,""bid_orders"":4,""ask_orders"":1,""bid_price"":""101.70"",""ask_price"":""102.30""},{""bid_quantity"":220,""ask_quantity"":100,""bid_orders"":2,""ask_orders"":2,""bid_price"":""101.65"",""ask_price"":""102.35""},{""bid_quantity"":80,""ask_quantity"":80,""bid_orders"":2,""ask_orders"":3,""bid_price"":""101.60"",""ask_price"":""102.65""},{""bid_quantity"":400,""ask_quantity"":100,""bid_orders"":3,""ask_orders"":1,""bid_price"":""101.55"",""ask_price"":""102.80""}]"
09:15:58.265,1790826358265191460,1544100819125567,Full Data,8,886961,501.15,20,09:15:58,,,445.68,66220,22120,4611660,36440,"[{""bid_quantity"":40,""ask_quantity"":100,""bid_orders"":2,""ask_orders"":2,""bid_price"":""497.55"",""ask_price"":""499.95""},{""bid_quantity"":40,""ask_quantity"":40,""bid_orders"":2,""ask_orders"":2,""bid_price"":""497.50"",""ask_price"":""500.15""},{""bid_quantity"":40,""ask_quantity"":40,""bid_orders"":2,""ask_orders"":1,""bid_price"":""496.50"",""ask_price"":""500.25""},{""bid_quantity"":20,""ask_quantity"":20,""bid_orders"":1,""ask_orders"":1,""bid_price"":""496.40"",""ask_price"":""500.30""},{""bid_quantity"":40,""ask_quantity"":120,""bid_orders"":2,""ask_orders"":2,""bid_price"":""496.35"",""ask_price"":""500.35""}]"
09:15:58.268,1790826358268860883,1544100822794750,Full Data,8,886461,142.35,100,09:15:58,,,126.97,1884080,100260,8038800,1682940,"[{""bid_quantity"":60,""ask_quantity"":80,""bid_orders"":1,""ask_orders"":2,""bid_price"":""141.50"",""ask_price"":""142.35""},{""bid_quantity"":220,""ask_quantity"":140,""bid_orders"":1,""ask_orders"":2,""bid_price"":""141.45"",""ask_price"":""142.40""},{""bid_quantity"":160,""ask_quantity"":120,""bid_orders"":3,""ask_orders"":3,""bid_price"":""141.40"",""ask_price"":""142.45""},{""bid_quantity"":80,""ask_quantity"":800,""bid_orders"":2,""ask_orders"":5,""bid_price"":""141.35"",""ask_price"":""142.50""},{""bid_quantity"":160,""ask_quantity"":280,""bid_orders"":2,""ask_orders"":2,""bid_price"":""141.30"",""ask_price"":""142.55""}]"
09:15:58.312,1790826358312899920,1544100866834187,Ticker Data,0,51,72331.97,,09:15:58,,,,,,,,
09:15:58.317,1790826358317137346,1544100871071133,Full Data,8,886961,497.50,20,09:15:58,,,445.70,66240,19860,4610340,36440,"[{""bid_quantity"":40,""ask_quantity"":20,""bid_orders"":2,""ask_orders"":1,""bid_price"":""495.10"",""ask_price"":""499.70""},{""bid_quantity"":240,""ask_quantity"":40,""bid_orders"":2,""ask_orders"":1,""bid_price"":""495.05"",""ask_price"":""499.75""},{""bid_quantity"":60,""ask_quantity"":20,""bid_orders"":1,""ask_orders"":1,""bid_price"":""494.95"",""ask_price"":""499.80""},{""bid_quantity"":200,""ask_quantity"":260,""bid_orders"":1,""ask_orders"":1,""bid_price"":""494.40"",""ask_price"":""499.95""},{""bid_quantity"":100,""ask_quantity"":120,""bid_orders"":1,""ask_orders"":2,""bid_price"":""493.95"",""ask_price"":""500.00""}]"
09:15:58.323,1790826358323418746,1544100877353053,Full Data,8,886461,141.00,20,09:15:58,,,127.02,1890080,99100,8036120,1682940,"[{""bid_quantity"":160,""ask_quantity"":20,""bid_orders"":1,""ask_orders"":1,""bid_price"":""141.05"",""ask_price"":""142.10""},{""bid_quantity"":80,""ask_quantity"":20,""bid_orders"":2,""ask_orders"":1,""bid_price"":""141.00"",""ask_price"":""142.20""},{""bid_quantity"":80,""ask_quantity"":80,""bid_orders"":3,""ask_orders"":1,""bid_price"":""140.70"",""ask_price"":""142.25""},{""bid_quantity"":20,""ask_quantity"":20,""bid_orders"":1,""ask_orders"":1,""bid_price"":""140.60"",""ask_price"":""142.30""},{""bid_quantity"":100,""ask_quantity"":820,""bid_orders"":2,""ask_orders"":8,""bid_price"":""140.55"",""ask_price"":""142.35""}]"
09:15:58.733,1790826358733385319,1544101287319426,Full Data,8,886659,283.00,20,09:15:58,,,257.28,1354180,44840,6513240,138720,"[{""bid_quantity"":20,""ask_quantity"":80,""bid_orders"":1,""ask_orders"":2,""bid_price"":""282.05"",""ask_price"":""283.00""},{""bid_quantity"":20,""ask_quantity"":80,""bid_orders"":1,""ask_orders"":2,""bid_price"":""282.00"",""ask_price"":""283.05""},{""bid_quantity"":320,""ask_quantity"":100,""bid_orders"":1,""ask_orders"":3,""bid_price"":""281.95"",""ask_price"":""283.10""},{""bid_quantity"":60,""ask_quantity"":80,""bid_orders"":3,""ask_orders"":2,""bid_price"":""281.85"",""ask_price"":""283.15""},{""bid_quantity"":40,""ask_quantity"":160,""bid_orders"":1,""ask_orders"":2,""bid_price"":""281.80"",""ask_price"":""283.30""}]"
09:15:58.762,1790826358762566702,1544101316501089,Full Data,8,887306,227.50,60,09:15:58,,,209.77,1596900,45060,5959720,240500,"[{""bid_quantity"":60,""ask_quantity"":20,""bid_orders"":1,""ask_orders"":1,""bid_price"":""227.25"",""ask_price"":""227.50""},{""bid_quantity"":20,""ask_quantity"":80,""bid_orders"":1,""ask_orders"":1,""bid_price"":""227.20"",""ask_price"":""228.10""},{""bid_quantity"":40,""ask_quantity"":40,""bid_orders"":1,""ask_orders"":1,""bid_price"":""226.60"",""ask_price"":""228.70""},{""bid_quantity"":40,""ask_quantity"":160,""bid_orders"":1,""ask_orders"":1,""bid_price"":""226.25"",""ask_price"":""228.80""},{""bid_quantity"":20,""ask_quantity"":80,""bid_orders"":1,""ask_orders"":1,""bid_price"":""225.95"",""ask_price"":""229.00""}]"
09:15:58.795,1790826358795050226,1544101348984173,Full Data,8,887306,225.40,40,09:15:58,,,209.79,1598880,44400,5958580,240500,"[{""bid_quantity"":80,""ask_quantity"":20,""bid_orders"":2,""ask_orders"":1,""bid_price"":""225.40"",""ask_price"":""226.30""},{""bid_quantity"":160,""ask_quantity"":20,""bid_orders"":1,""ask_orders"":1,""bid_price"":""225.35"",""ask_price"":""226.35""},{""bid_quantity"":160,""ask_quantity"":20,""bid_orders"":2,""ask_orders"":1,""bid_price"":""225.30"",""ask_price"":""226.40""},{""bid_quantity"":160,""ask_quantity"":200,""bid_orders"":1,""ask_orders"":3,""bid_price"":""225.25"",""ask_price"":""226.55""},{""bid_quantity"":20,""ask_quantity"":120,""bid_orders"":1,""ask_orders"":3,""bid_price"":""225.20"",""ask_price"":""226.60""}]"
09:15:58.801,1790826358801736468,1544101355670335,Full Data,8,886589,416.60,40,09:15:58,,,368.35,613880,26340,7429280,194360,"[{""bid_quantity"":120,""ask_quantity"":160,""bid_orders"":2,""ask_orders"":4,""bid_price"":""415.25"",""ask_price"":""416.90""},{""bid_quantity"":80,""ask_quantity"":140,""bid_orders"":1,""ask_orders"":1,""bid_price"":""415.20"",""ask_price"":""417.00""},{""bid_quantity"":60,""ask_quantity"":100,""bid_orders"":2,""ask_orders"":2,""bid_price"":""415.15"",""ask_price"":""418.05""},{""bid_quantity"":140,""ask_quantity"":120,""bid_orders"":3,""ask_orders"":2,""bid_price"":""415.10"",""ask_price"":""418.10""},{""bid_quantity"":40,""ask_quantity"":20,""bid_orders"":1,""ask_orders"":1,""bid_price"":""415.00"",""ask_price"":""418.55""}]"
09:15:58.833,1790826358833414067,1544101387348214,Full Data,8,886659,281.95,20,09:15:58,,,257.30,1355420,43000,6513320,138720,"[{""bid_quantity"":160,""ask_quantity"":60,""bid_orders"":1,""ask_orders"":2,""bid_price"":""281.95"",""ask_price"":""283.00""},{""bid_quantity"":320,""ask_quantity"":40,""bid_orders"":1,""ask_orders"":1,""bid_price"":""281.90"",""ask_price"":""283.05""},{""bid_quantity"":120,""ask_quantity"":80,""bid_orders"":1,""ask_orders"":2,""bid_price"":""281.85"",""ask_price"":""283.15""},{""bid_quantity"":320,""ask_quantity"":80,""bid_orders"":1,""ask_orders"":2,""bid_price"":""281.60"",""ask_price"":""283.20""},{""bid_quantity"":40,""ask_quantity"":60,""bid_orders"":1,""ask_orders"":2,""bid_price"":""281.55"",""ask_price"":""283.25""}]"
09:15:58.893,1790826358893281082,1544101447214909,Full Data,8,887216,171.60,20,09:15:58,,,205.48,2097680,95860,4514580,716360,"[{""bid_quantity"":20,""ask_quantity"":40,""bid_orders"":1,""ask_orders"":1,""bid_price"":""171.65"",""ask_price"":""172.00""},{""bid_quantity"":200,""ask_quantity"":60,""bid_orders"":2,""ask_orders"":1,""bid_price"":""171.50"",""ask_price"":""172.30""},{""bid_quantity"":200,""ask_quantity"":80,""bid_orders"":4,""ask_orders"":1,""bid_price"":""171.05"",""ask_price"":""172.35""},{""bid_quantity"":320,""ask_quantity"":200,""bid_orders"":3,""ask_orders"":2,""bid_price"":""171.00"",""ask_price"":""172.60""},{""bid_quantity"":240,""ask_quantity"":120,""bid_orders"":5,""ask_orders"":2,""bid_price"":""170.95"",""ask_price"":""172.65""}]"
09:15:58.903,1790826358903337706,1544101457271653,Full Data,8,886671,80.10,80,09:15:58,,,97.34,1316780,66220,3278760,570580,"[{""bid_quantity"":20,""ask_quantity"":40,""bid_orders"":1,""ask_orders"":1,""bid_price"":""80.10"",""ask_price"":""80.20""},{""bid_quantity"":40,""ask_quantity"":140,""bid_orders"":1,""ask_orders"":3,""bid_price"":""80.05"",""ask_price"":""80.75""},{""bid_quantity"":20,""ask_quantity"":180,""bid_orders"":1,""ask_orders"":4,""bid_price"":""80.00"",""ask_price"":""80.80""},{""bid_quantity"":180,""ask_quantity"":100,""bid_orders"":3,""ask_orders"":2,""bid_price"":""79.85"",""ask_price"":""80.85""},{""bid_quantity"":60,""ask_quantity"":120,""bid_orders"":2,""ask_orders"":3,""bid_price"":""79.80"",""ask_price"":""80.90""}]"
09:15:58.922,1790826358922630947,1544101476564854,Full Data,8,886671,79.85,20,09:15:58,,,97.33,1316960,67220,3278520,570580,"[{""bid_quantity"":140,""ask_quantity"":20,""bid_orders"":1,""ask_orders"":1,""bid_price"":""79.90"",""ask_price"":""80.40""},{""bid_quantity"":160,""ask_quantity"":160,""bid_orders"":4,""ask_orders"":1,""bid_price"":""79.85"",""ask_price"":""80.45""},{""bid_quantity"":80,""ask_quantity"":200,""bid_orders"":3,""ask_orders"":6,""bid_price"":""79.80"",""ask_price"":""80.50""},{""bid_quantity"":120,""ask_quantity"":120,""bid_orders"":3,""ask_orders"":4,""bid_price"":""79.75"",""ask_price"":""80.55""},{""bid_quantity"":200,""ask_quantity"":340,""bid_orders"":1,""ask_orders"":6,""bid_price"":""79.60"",""ask_price"":""80.65""}]"
09:15:58.923,1790826358923196550,1544101477130337,Full Data,8,886685,328.05,20,09:15:58,,,380.99,919520,64480,5867560,1793000,"[{""bid_quantity"":160,""ask_quantity"":100,""bid_orders"":4,""ask_orders"":2,""bid_price"":""328.10"",""ask_price"":""329.70""},{""bid_quantity"":20,""ask_quantity"":400,""bid_orders"":1,""ask_orders"":3,""bid_price"":""328.00"",""ask_price"":""329.75""},{""bid_quantity"":160,""ask_quantity"":220,""bid_orders"":5,""ask_orders"":3,""bid_price"":""327.95"",""ask_price"":""329.80""},{""bid_quantity"":140,""ask_quantity"":100,""bid_orders"":3,""ask_orders"":3,""bid_price"":""327.85"",""ask_price"":""329.85""},{""bid_quantity"":100,""ask_quantity"":120,""bid_orders"":1,""ask_orders"":3,""bid_price"":""327.80"",""ask_price"":""329.90""}]"
09:15:58.933,1790826358933257093,1544101487190920,Full Data,8,886589,413.85,60,09:15:58,,,368.47,615520,26860,7428440,194360,"[{""bid_quantity"":20,""ask_quantity"":40,""bid_orders"":1,""ask_orders"":1,""bid_price"":""412.15"",""ask_price"":""413.80""},{""bid_quantity"":20,""ask_quantity"":60,""bid_orders"":1,""ask_orders"":2,""bid_price"":""412.10"",""ask_price"":""413.85""},{""bid_quantity"":20,""ask_quantity"":60,""bid_orders"":1,""ask_orders"":2,""bid_price"":""411.90"",""ask_price"":""413.90""},{""bid_quantity"":100,""ask_quantity"":80,""bid_orders"":4,""ask_orders"":1,""bid_price"":""411.85"",""ask_price"":""413.95""},{""bid_quantity"":60,""ask_quantity"":100,""bid_orders"":2,""ask_orders"":1,""bid_price"":""411.80"",""ask_price"":""414.00""}]"
09:15:58.992,1790826358992966508,1544101546900735,Full Data,8,887216,172.30,40,09:15:58,,,205.46,2098960,97220,4512860,716360,"[{""bid_quantity"":240,""ask_quantity"":320,""bid_orders"":1,""ask_orders"":1,""bid_price"":""172.10"",""ask_price"":""172.70""},{""bid_quantity"":40,""ask_quantity"":160,""bid_orders"":2,""ask_orders"":4,""bid_price"":""171.90"",""ask_price"":""172.75""},{""bid_quantity"":160,""ask_quantity"":320,""bid_orders"":3,""ask_orders"":1,""bid_price"":""171.75"",""ask_price"":""172.80""},{""bid_quantity"":60,""ask_quantity"":140,""bid_orders"":2,""ask_orders"":2,""bid_price"":""171.70"",""ask_price"":""172.85""},{""bid_quantity"":40,""ask_quantity"":40,""bid_orders"":1,""ask_orders"":2,""bid_price"":""171.65"",""ask_price"":""172.90""}]"
09:15:59.019,1790826359019721076,1544101573655143,Full Data,8,887279,266.80,60,09:15:58,,,314.99,816320,69940,4183260,793060,"[{""bid_quantity"":80,""ask_quantity"":80,""bid_orders"":1,""ask_orders"":2,""bid_price"":""267.65"",""ask_price"":""269.20""},{""bid_quantity"":120,""ask_quantity"":240,""bid_orders"":2,""ask_orders"":2,""bid_price"":""267.60"",""ask_price"":""269.25""},{""bid_quantity"":60,""ask_quantity"":480,""bid_orders"":2,""ask_orders"":4,""bid_price"":""267.55"",""ask_price"":""269.30""},{""bid_quantity"":160,""ask_quantity"":240,""bid_orders"":1,""ask_orders"":3,""bid_price"":""267.35"",""ask_price"":""269.35""},{""bid_quantity"":140,""ask_quantity"":100,""bid_orders"":2,""ask_orders"":1,""bid_price"":""267.30"",""ask_price"":""269.40""}]"
09:15:59.152,1790826359152317828,1544101706251815,Full Data,8,887253,338.40,40,09:15:59,,,309.69,487180,25600,6143100,55040,"[{""bid_quantity"":60,""ask_quantity"":80,""bid_orders"":2,""ask_orders"":1,""bid_price"":""338.60"",""ask_price"":""339.95""},{""bid_quantity"":160,""ask_quantity"":120,""bid_orders"":4,""ask_orders"":3,""bid_price"":""338.55"",""ask_price"":""340.00""},{""bid_quantity"":60,""ask_quantity"":40,""bid_orders"":2,""ask_orders"":2,""bid_price"":""338.50"",""ask_price"":""340.05""},{""bid_quantity"":80,""ask_quantity"":80,""bid_orders"":3,""ask_orders"":1,""bid_price"":""338.45"",""ask_price"":""340.15""},{""bid_quantity"":20,""ask_quantity"":40,""bid_orders"":1,""ask_orders"":2,""bid_price"":""338.40"",""ask_price"":""340.20""}]"
09:15:59.155,1790826359155822210,1544101709755997,Full Data,8,887080,173.65,40,09:15:59,,,162.66,1355220,54740,5450320,530840,"[{""bid_quantity"":60,""ask_quantity"":120,""bid_orders"":3,""ask_orders"":1,""bid_price"":""173.65"",""ask_price"":""174.50""},{""bid_quantity"":160,""ask_quantity"":240,""bid_orders"":1,""ask_orders"":4,""bid_price"":""173.60"",""ask_price"":""174.55""},{""bid_quantity"":20,""ask_quantity"":80,""bid_orders"":1,""ask_orders"":2,""bid_price"":""173.55"",""ask_price"":""174.60""},{""bid_quantity"":180,""ask_quantity"":100,""bid_orders"":2,""ask_orders"":1,""bid_price"":""173.50"",""ask_price"":""174.65""},{""bid_quantity"":60,""ask_quantity"":120,""bid_orders"":2,""ask_orders"":2,""bid_price"":""173.45"",""ask_price"":""174.75""}]"
09:15:59.207,1790826359207371894,1544101761306041,Full Data,8,886540,136.90,40,09:15:59,,,163.16,1399380,111260,3852100,632060,"[{""bid_quantity"":220,""ask_quantity"":280,""bid_orders"":6,""ask_orders"":2,""bid_price"":""136.40"",""ask_price"":""136.90""},{""bid_quantity"":40,""ask_quantity"":60,""bid_orders"":2,""ask_orders"":2,""bid_price"":""136.35"",""ask_price"":""136.95""},{""bid_quantity"":80,""ask_quantity"":200,""bid_orders"":3,""ask_orders"":3,""bid_price"":""136.30"",""ask_price"":""137.00""},{""bid_quantity"":20,""ask_quantity"":20,""bid_orders"":1,""ask_orders"":1,""bid_price"":""136.25"",""ask_price"":""137.05""},{""bid_quantity"":320,""ask_quantity"":200,""bid_orders"":6,""ask_orders"":2,""bid_price"":""136.20"",""ask_price"":""137.15""}]"
09:15:59.244,1790826359244606567,1544101798540474,Full Data,8,887080,173.65,40,09:15:59,,,162.67,1356580,54280,5450800,530840,"[{""bid_quantity"":120,""ask_quantity"":320,""bid_orders"":1,""ask_orders"":1,""bid_price"":""173.10"",""ask_price"":""173.65""},{""bid_quantity"":460,""ask_quantity"":160,""bid_orders"":2,""ask_orders"":5,""bid_price"":""172.90"",""ask_price"":""174.00""},{""bid_quantity"":120,""ask_quantity"":200,""bid_orders"":2,""ask_orders"":3,""bid_price"":""172.85"",""ask_price"":""174.25""},{""bid_quantity"":20,""ask_quantity"":100,""bid_orders"":1,""ask_orders"":1,""bid_price"":""172.80"",""ask_price"":""174.30""},{""bid_quantity"":240,""ask_quantity"":180,""bid_orders"":4,""ask_orders"":2,""bid_price"":""172.65"",""ask_price"":""174.40""}]"
09:15:59.255,1790826359255131993,1544101809065900,Full Data,8,887253,338.45,20,09:15:59,,,309.71,487500,25360,6145860,55040,"[{""bid_quantity"":20,""ask_quantity"":20,""bid_orders"":1,""ask_orders"":1,""bid_price"":""338.15"",""ask_price"":""339.20""},{""bid_quantity"":120,""ask_quantity"":60,""bid_orders"":1,""ask_orders"":2,""bid_price"":""338.10"",""ask_price"":""339.60""},{""bid_quantity"":100,""ask_quantity"":140,""bid_orders"":2,""ask_orders"":1,""bid_price"":""338.05"",""ask_price"":""339.90""},{""bid_quantity"":60,""ask_quantity"":200,""bid_orders"":2,""ask_orders"":5,""bid_price"":""338.00"",""ask_price"":""340.00""},{""bid_quantity"":100,""ask_quantity"":500,""bid_orders"":2,""ask_orders"":1,""bid_price"":""337.95"",""ask_price"":""340.20""}]"
09:15:59.291,1790826359291642143,1544101845576250,Full Data,8,886790,105.60,40,09:15:59,,,127.01,3231400,208100,5714640,2100780,"[{""bid_quantity"":40,""ask_quantity"":40,""bid_orders"":2,""ask_orders"":1,""bid_price"":""105.55"",""ask_price"":""105.65""},{""bid_quantity"":40,""ask_quantity"":60,""bid_orders"":2,""ask_orders"":1,""bid_price"":""105.50"",""ask_price"":""105.90""},{""bid_quantity"":80,""ask_quantity"":120,""bid_orders"":3,""ask_orders"":4,""bid_price"":""105.45"",""ask_price"":""105.95""},{""bid_quantity"":160,""ask_quantity"":20,""bid_orders"":2,""ask_orders"":1,""bid_price"":""105.40"",""ask_price"":""106.20""},{""bid_quantity"":120,""ask_quantity"":120,""bid_orders"":2,""ask_orders"":4,""bid_price"":""105.30"",""ask_price"":""106.25""}]"
09:15:59.295,1790826359295199765,1544101849133672,Full Data,8,886790,105.45,20,09:15:59,,,127.01,3231520,207820,5714000,2100780,"[{""bid_quantity"":120,""ask_quantity"":60,""bid_orders"":1,""ask_orders"":1,""bid_price"":""105.20"",""ask_price"":""105.50""},{""bid_quantity"":80,""ask_quantity"":220,""bid_orders"":2,""ask_orders"":4,""bid_price"":""105.05"",""ask_price"":""105.55""},{""bid_quantity"":180,""ask_quantity"":40,""bid_orders"":2,""ask_orders"":2,""bid_price"":""105.00"",""ask_price"":""105.60""},{""bid_quantity"":280,""ask_quantity"":160,""bid_orders"":2,""ask_orders"":1,""bid_price"":""104.90"",""ask_price"":""105.85""},{""bid_quantity"":100,""ask_quantity"":60,""bid_orders"":1,""ask_orders"":1,""bid_price"":""104.85"",""ask_price"":""105.90""}]"
09:15:59.306,1790826359306317835,1544101860251942,Ticker Data,0,51,72338.22,,09:15:59,,,,,,,,
09:15:59.312,1790826359312767595,1544101866701942,Full Data,8,886540,134.80,40,09:15:59,,,163.13,1401060,115440,3852300,632060,"[{""bid_quantity"":80,""ask_quantity"":280,""bid_orders"":3,""ask_orders"":4,""bid_price"":""135.05"",""ask_price"":""135.60""},{""bid_quantity"":120,""ask_quantity"":20,""bid_orders"":3,""ask_orders"":1,""bid_price"":""134.95"",""ask_price"":""135.65""},{""bid_quantity"":140,""ask_quantity"":20,""bid_orders"":3,""ask_orders"":1,""bid_price"":""134.90"",""ask_price"":""135.70""},{""bid_quantity"":40,""ask_quantity"":180,""bid_orders"":1,""ask_orders"":2,""bid_price"":""134.85"",""ask_price"":""135.75""},{""bid_quantity"":140,""ask_quantity"":120,""bid_orders"":2,""ask_orders"":5,""bid_price"":""134.80"",""ask_price"":""135.80""}]"
09:15:59.347,1790826359347840695,1544101901774762,Full Data,8,886961,486.55,20,09:15:59,,,446.14,66900,19800,4609460,36440,"[{""bid_quantity"":40,""ask_quantity"":40,""bid_orders"":2,""ask_orders"":1,""bid_price"":""484.35"",""ask_price"":""488.10""},{""bid_quantity"":40,""ask_quantity"":20,""bid_orders"":2,""ask_orders"":1,""bid_price"":""484.30"",""ask_price"":""488.15""},{""bid_quantity"":60,""ask_quantity"":40,""bid_orders"":3,""ask_orders"":2,""bid_price"":""484.25"",""ask_price"":""488.25""},{""bid_quantity"":20,""ask_quantity"":20,""bid_orders"":1,""ask_orders"":1,""bid_price"":""484.15"",""ask_price"":""488.35""},{""bid_quantity"":20,""ask_quantity"":60,""bid_orders"":1,""ask_orders"":3,""bid_price"":""484.10"",""ask_price"":""488.40""}]"
09:15:59.348,1790826359348389059,1544101902322886,Full Data,8,886461,136.80,20,09:15:59,,,127.22,1921440,97760,8038460,1682940,"[{""bid_quantity"":80,""ask_quantity"":120,""bid_orders"":2,""ask_orders"":1,""bid_price"":""136.60"",""ask_price"":""137.25""},{""bid_quantity"":240,""ask_quantity"":240,""bid_orders"":3,""ask_orders"":4,""bid_price"":""136.45"",""ask_price"":""137.30""},{""bid_quantity"":120,""ask_quantity"":260,""bid_orders"":2,""ask_orders"":1,""bid_price"":""136.40"",""ask_price"":""137.35""},{""bid_quantity"":300,""ask_quantity"":100,""bid_orders"":5,""ask_orders"":1,""bid_price"":""136.30"",""ask_price"":""137.40""},{""bid_quantity"":140,""ask_quantity"":60,""bid_orders"":3,""ask_orders"":2,""bid_price"":""136.25"",""ask_price"":""137.45""}]"
09:15:59.386,1790826359386155536,1544101940089763,Full Data,8,886961,486.55,20,09:15:59,,,446.14,66900,18900,4611640,36440,"[{""bid_quantity"":240,""ask_quantity"":40,""bid_orders"":4,""ask_orders"":1,""bid_price"":""485.45"",""ask_price"":""490.70""},{""bid_quantity"":240,""ask_quantity"":20,""bid_orders"":6,""ask_orders"":1,""bid_price"":""485.40"",""ask_price"":""490.80""},{""bid_quantity"":180,""ask_quantity"":40,""bid_orders"":5,""ask_orders"":1,""bid_price"":""485.35"",""ask_price"":""493.00""},{""bid_quantity"":400,""ask_quantity"":40,""bid_orders"":4,""ask_orders"":1,""bid_price"":""485.30"",""ask_price"":""493.35""},{""bid_quantity"":60,""ask_quantity"":40,""bid_orders"":3,""ask_orders"":1,""bid_price"":""485.25"",""ask_price"":""494.65""}]"
09:15:59.386,1790826359386557618,1544101940491445,Full Data,8,886461,136.20,40,09:15:59,,,127.23,1924080,98960,8035620,1682940,"[{""bid_quantity"":280,""ask_quantity"":180,""bid_orders"":3,""ask_orders"":2,""bid_price"":""135.75"",""ask_price"":""136.75""},{""bid_quantity"":260,""ask_quantity"":600,""bid_orders"":4,""ask_orders"":2,""bid_price"":""135.70"",""ask_price"":""136.80""},{""bid_quantity"":180,""ask_quantity"":200,""bid_orders"":3,""ask_orders"":4,""bid_price"":""135.65"",""ask_price"":""137.05""},{""bid_quantity"":420,""ask_quantity"":80,""bid_orders"":3,""ask_orders"":2,""bid_price"":""135.60"",""ask_price"":""137.10""},{""bid_quantity"":160,""ask_quantity"":120,""bid_orders"":1,""ask_orders"":2,""bid_price"":""135.20"",""ask_price"":""137.15""}]"
09:15:59.486,1790826359486423605,1544102040357552,Full Data,8,886620,216.20,20,09:15:59,,,247.47,1632760,82860,4465840,731020,"[{""bid_quantity"":160,""ask_quantity"":40,""bid_orders"":1,""ask_orders"":1,""bid_price"":""216.30"",""ask_price"":""216.95""},{""bid_quantity"":60,""ask_quantity"":60,""bid_orders"":2,""ask_orders"":1,""bid_price"":""216.25"",""ask_price"":""217.00""},{""bid_quantity"":120,""ask_quantity"":40,""bid_orders"":2,""ask_orders"":1,""bid_price"":""216.20"",""ask_price"":""217.05""},{""bid_quantity"":20,""ask_quantity"":100,""bid_orders"":1,""ask_orders"":4,""bid_price"":""216.10"",""ask_price"":""217.10""},{""bid_quantity"":160,""ask_quantity"":40,""bid_orders"":2,""ask_orders"":1,""bid_price"":""216.00"",""ask_price"":""217.55""}]"
09:15:59.514,1790826359514045019,1544102067978846,Full Data,8,886620,215.85,20,09:15:59,,,247.46,1633380,83740,4467140,731020,"[{""bid_quantity"":620,""ask_quantity"":180,""bid_orders"":4,""ask_orders"":3,""bid_price"":""215.90"",""ask_price"":""217.20""},{""bid_quantity"":80,""ask_quantity"":160,""bid_orders"":1,""ask_orders"":1,""bid_price"":""215.85"",""ask_price"":""217.25""},{""bid_quantity"":40,""ask_quantity"":60,""bid_orders"":2,""ask_orders"":1,""bid_price"":""215.80"",""ask_price"":""217.35""},{""bid_quantity"":80,""ask_quantity"":60,""bid_orders"":2,""ask_orders"":1,""bid_price"":""215.75"",""ask_price"":""217.45""},{""bid_quantity"":140,""ask_quantity"":80,""bid_orders"":2,""ask_orders"":1,""bid_price"":""215.70"",""ask_price"":""217.50""}]"
09:15:59.789,1790826359789153625,1544102343087772,Full Data,8,887306,221.65,40,09:15:59,,,210.16,1648800,50160,6000640,240500,"[{""bid_quantity"":40,""ask_quantity"":220,""bid_orders"":1,""ask_orders"":2,""bid_price"":""219.90"",""ask_price"":""221.30""},{""bid_quantity"":40,""ask_quantity"":140,""bid_orders"":1,""ask_orders"":3,""bid_price"":""219.55"",""ask_price"":""221.35""},{""bid_quantity"":620,""ask_quantity"":160,""bid_orders"":3,""ask_orders"":1,""bid_price"":""219.50"",""ask_price"":""221.40""},{""bid_quantity"":60,""ask_quantity"":60,""bid_orders"":2,""ask_orders"":1,""bid_price"":""219.45"",""ask_price"":""221.45""},{""bid_quantity"":80,""ask_quantity"":160,""bid_orders"":2,""ask_orders"":4,""bid_price"":""219.40"",""ask_price"":""221.50""}]"
09:15:59.821,1790826359821875031,1544102375809018,Full Data,8,886659,277.30,100,09:15:59,,,257.63,1376560,44000,6514560,138720,"[{""bid_quantity"":40,""ask_quantity"":100,""bid_orders"":1,""ask_orders"":3,""bid_price"":""276.10"",""ask_price"":""277.60""},{""bid_quantity"":580,""ask_quantity"":240,""bid_orders"":4,""ask_orders"":3,""bid_price"":""276.05"",""ask_price"":""277.65""},{""bid_quantity"":120,""ask_quantity"":40,""bid_orders"":3,""ask_orders"":2,""bid_price"":""276.00"",""ask_price"":""278.45""},{""bid_quantity"":460,""ask_quantity"":20,""bid_orders"":5,""ask_orders"":1,""bid_price"":""275.95"",""ask_price"":""278.55""},{""bid_quantity"":200,""ask_quantity"":60,""bid_orders"":3,""ask_orders"":1,""bid_price"":""275.90"",""ask_price"":""278.65""}]"
09:15:59.840,1790826359840141905,1544102394076132,Full Data,8,887306,218.35,120,09:15:59,,,210.19,1654100,51000,5998660,240500,"[{""bid_quantity"":140,""ask_quantity"":160,""bid_orders"":2,""ask_orders"":1,""bid_price"":""218.20"",""ask_price"":""219.50""},{""bid_quantity"":120,""ask_quantity"":160,""bid_orders"":2,""ask_orders"":3,""bid_price"":""217.95"",""ask_price"":""219.55""},{""bid_quantity"":80,""ask_quantity"":260,""bid_orders"":2,""ask_orders"":3,""bid_price"":""217.80"",""ask_price"":""219.60""},{""bid_quantity"":60,""ask_quantity"":140,""bid_orders"":1,""ask_orders"":2,""bid_price"":""217.65"",""ask_price"":""219.65""},{""bid_quantity"":400,""ask_quantity"":100,""bid_orders"":1,""ask_orders"":2,""bid_price"":""217.60"",""ask_price"":""219.70""}]"
09:15:59.858,1790826359858223739,1544102412157726,Full Data,8,886671,78.75,20,09:15:59,,,97.21,1326300,67440,3276600,570580,"[{""bid_quantity"":20,""ask_quantity"":40,""bid_orders"":1,""ask_orders"":1,""bid_price"":""78.75"",""ask_price"":""78.95""},{""bid_quantity"":360,""ask_quantity"":60,""bid_orders"":2,""ask_orders"":2,""bid_price"":""78.60"",""ask_price"":""79.00""},{""bid_quantity"":100,""ask_quantity"":60,""bid_orders"":2,""ask_orders"":2,""bid_price"":""78.55"",""ask_price"":""79.05""},{""bid_quantity"":280,""ask_quantity"":100,""bid_orders"":3,""ask_orders"":3,""bid_price"":""78.50"",""ask_price"":""79.10""},{""bid_quantity"":120,""ask_quantity"":120,""bid_orders"":3,""ask_orders"":4,""bid_price"":""78.45"",""ask_price"":""79.15""}]"
09:15:59.887,1790826359887170840,1544102441104747,Full Data,8,886671,78.70,20,09:15:59,,,97.21,1326320,67900,3275220,570580,"[{""bid_quantity"":80,""ask_quantity"":80,""bid_orders"":2,""ask_orders"":2,""bid_price"":""78.40"",""ask_price"":""78.75""},{""bid_quantity"":80,""ask_quantity"":100,""bid_orders"":2,""ask_orders"":2,""bid_price"":""78.30"",""ask_price"":""78.80""},{""bid_quantity"":80,""ask_quantity"":60,""bid_orders"":2,""ask_orders"":2,""bid_price"":""78.25"",""ask_price"":""78.85""},{""bid_quantity"":180,""ask_quantity"":60,""bid_orders"":2,""ask_orders"":2,""bid_price"":""78.20"",""ask_price"":""78.90""},{""bid_quantity"":40,""ask_quantity"":60,""bid_orders"":1,""ask_orders"":2,""bid_price"":""78.15"",""ask_price"":""78.95""}]"
09:15:59.888,1790826359888887771,1544102442821638,Full Data,8,886589,410.75,20,09:15:59,,,368.88,621520,26680,7428200,194360,"[{""bid_quantity"":80,""ask_quantity"":140,""bid_orders"":1,""ask_orders"":3,""bid_price"":""407.45"",""ask_price"":""409.25""},{""bid_quantity"":40,""ask_quantity"":60,""bid_orders"":2,""ask_orders"":3,""bid_price"":""407.35"",""ask_price"":""409.30""},{""bid_quantity"":80,""ask_quantity"":120,""bid_orders"":1,""ask_orders"":3,""bid_price"":""407.30"",""ask_price"":""409.40""},{""bid_quantity"":40,""ask_quantity"":20,""bid_orders"":1,""ask_orders"":1,""bid_price"":""407.25"",""ask_price"":""409.45""},{""bid_quantity"":40,""ask_quantity"":120,""bid_orders"":1,""ask_orders"":2,""bid_price"":""407.20"",""ask_price"":""409.50""}]"
09:15:59.899,1790826359899183476,1544102453117343,Full Data,8,886685,326.90,20,09:15:59,,,380.57,927360,65180,5865500,1793000,"[{""bid_quantity"":80,""ask_quantity"":140,""bid_orders"":2,""ask_orders"":2,""bid_price"":""326.05"",""ask_price"":""327.90""},{""bid_quantity"":80,""ask_quantity"":100,""bid_orders"":1,""ask_orders"":3,""bid_price"":""326.00"",""ask_price"":""327.95""},{""bid_quantity"":60,""ask_quantity"":240,""bid_orders"":1,""ask_orders"":3,""bid_price"":""325.90"",""ask_price"":""328.00""},{""bid_quantity"":160,""ask_quantity"":80,""bid_orders"":1,""ask_orders"":2,""bid_price"":""325.75"",""ask_price"":""328.05""},{""bid_quantity"":140,""ask_quantity"":80,""bid_orders"":1,""ask_orders"":2,""bid_price"":""325.70"",""ask_price"":""328.10""}]"
09:15:59.949,1790826359949769873,1544102503704020,Full Data,8,887216,170.65,60,09:15:59,,,204.86,2137080,97880,4506960,716360,"[{""bid_quantity"":60,""ask_quantity"":80,""bid_orders"":2,""ask_orders"":1,""bid_price"":""170.65"",""ask_price"":""171.60""},{""bid_quantity"":140,""ask_quantity"":360,""bid_orders"":4,""ask_orders"":3,""bid_price"":""170.60"",""ask_price"":""171.65""},{""bid_quantity"":260,""ask_quantity"":80,""bid_orders"":5,""ask_orders"":3,""bid_price"":""170.55"",""ask_price"":""171.70""},{""bid_quantity"":100,""ask_quantity"":80,""bid_orders"":3,""ask_orders"":3,""bid_price"":""170.45"",""ask_price"":""171.75""},{""bid_quantity"":400,""ask_quantity"":340,""bid_orders"":4,""ask_orders"":2,""bid_price"":""170.40"",""ask_price"":""171.80""}]"
09:15:59.978,1790826359979008577,1544102532942484,Full Data,8,886659,272.05,40,09:15:59,,,257.66,1379800,46760,6511160,138720,"[{""bid_quantity"":280,""ask_quantity"":520,""bid_orders"":1,""ask_orders"":2,""bid_price"":""272.05"",""ask_price"":""273.15""},{""bid_quantity"":20,""ask_quantity"":240,""bid_orders"":1,""ask_orders"":2,""bid_price"":""272.00"",""ask_price"":""273.20""},{""bid_quantity"":120,""ask_quantity"":120,""bid_orders"":2,""ask_orders"":2,""bid_price"":""271.60"",""ask_price"":""273.25""},{""bid_quantity"":80,""ask_quantity"":160,""bid_orders"":1,""ask_orders"":3,""bid_price"":""271.45"",""ask_price"":""273.30""},{""bid_quantity"":120,""ask_quantity"":60,""bid_orders"":1,""ask_orders"":3,""bid_price"":""271.15"",""ask_price"":""273.35""}]"
